opd_date,line_name,vehicle_name,day_of_week,schedule,direction,trip_id,trip_nom_dep_time,trip_nom_dep_time_hhmmss,trip_act_dep_time,trip_act_dep_time_hhmmss,pattern_idx,point_code,point_name,psngr_in,psngr_out,psngr_load,nom_arr_time,nom_arr_time_hhmmss,act_arr_time,act_arr_time_hhmmss,nom_dep_time,nom_dep_time_hhmmss,act_dep_time,act_dep_time_hhmmss,act_dwelltime,act_dwelltime_hhmmss,doors
07/14/2025,12,1903,Monday,Weekday,West,15649248,32400,09:00:00,32399,08:59:59,27,7175,Crossgates Mall Station (07175),0,5,0,34920.0,09:42:00,34865,09:41:05,34920.0,09:42:00,34865,09:41:05,0,00:00:00,doors opened
07/14/2025,12,1903,Monday,Weekday,West,15649248,32400,09:00:00,32399,08:59:59,26,12828,Crossgates Commons Station (12828),0,7,5,34500.0,09:35:00,34617,09:36:57,34500.0,09:35:00,34637,09:37:17,20,00:00:20,doors opened
07/14/2025,12,1903,Monday,Weekday,West,15649248,32400,09:00:00,32399,08:59:59,25,12891,1475 Washington Ave (12891),0,0,12,,,34443,09:34:03,,,34443,09:34:03,0,00:00:00,door not opened
07/14/2025,12,1903,Monday,Weekday,West,15649248,32400,09:00:00,32399,08:59:59,24,7216,SUNY Collins Circle (07216),0,3,12,34140.0,09:29:00,34279,09:31:19,34140.0,09:29:00,34295,09:31:35,16,00:00:16,doors opened
07/14/2025,12,1903,Monday,Weekday,West,15649248,32400,09:00:00,32399,08:59:59,23,3262,1383 Washington Ave (Fairfield Inn) (03262),0,6,15,,,34176,09:29:36,,,34194,09:29:54,18,00:00:18,doors opened
07/14/2025,12,1903,Monday,Weekday,West,15649248,32400,09:00:00,32399,08:59:59,22,976,Washington Ave & Brevator St (00976),1,0,21,,,33998,09:26:38,,,34012,09:26:52,14,00:00:14,doors opened
07/14/2025,12,1903,Monday,Weekday,West,15649248,32400,09:00:00,32399,08:59:59,21,1959,Washington Ave & Colvin Ave (01959),0,0,20,,,33972,09:26:12,,,33972,09:26:12,0,00:00:00,door not opened
07/14/2025,12,1903,Monday,Weekday,West,15649248,32400,09:00:00,32399,08:59:59,20,3399,Washington Ave & Danker Ave (03399),0,0,20,,,33914,09:25:14,,,33914,09:25:14,0,00:00:00,door not opened
07/14/2025,12,1903,Monday,Weekday,West,15649248,32400,09:00:00,32399,08:59:59,19,1849,Washington Ave & Homestead Ave (01849),2,0,20,,,33869,09:24:29,,,33888,09:24:48,19,00:00:19,doors opened
07/14/2025,12,1903,Monday,Weekday,West,15649248,32400,09:00:00,32399,08:59:59,18,1846,Washington Ave & Manning Blvd (01846),1,0,18,,,33822,09:23:42,,,33842,09:24:02,20,00:00:20,doors opened
07/14/2025,12,1903,Monday,Weekday,West,15649248,32400,09:00:00,32399,08:59:59,17,3287,Washington Ave & N. Allen St (03287),2,0,17,33660.0,09:21:00,33768,09:22:48,33660.0,09:21:00,33786,09:23:06,18,00:00:18,doors opened
07/14/2025,12,1903,Monday,Weekday,West,15649248,32400,09:00:00,32399,08:59:59,16,3264,Washington Ave & N. Main Ave (03264),2,0,15,,,33715,09:21:55,,,33733,09:22:13,18,00:00:18,doors opened
07/14/2025,12,1903,Monday,Weekday,West,15649248,32400,09:00:00,32399,08:59:59,15,1839,Washington Ave & Partridge St (01839),0,13,13,,,33604,09:20:04,,,33641,09:20:41,37,00:00:37,doors opened
07/14/2025,12,1903,Monday,Weekday,West,15649248,32400,09:00:00,32399,08:59:59,14,1841,Washington Ave & Ontario St (01841),2,0,26,33420.0,09:17:00,33549,09:19:09,33420.0,09:17:00,33579,09:19:39,30,00:00:30,doors opened
07/14/2025,12,1903,Monday,Weekday,West,15649248,32400,09:00:00,32399,08:59:59,13,1842,Washington Ave & Quail St (01842),5,3,24,,,33494,09:18:14,,,33524,09:18:44,30,00:00:30,doors opened
07/14/2025,12,1903,Monday,Weekday,West,15649248,32400,09:00:00,32399,08:59:59,12,1837,Washington Ave & N. Lake Ave (01837),1,0,22,,,33451,09:17:31,,,33464,09:17:44,13,00:00:13,doors opened
07/14/2025,12,1903,Monday,Weekday,West,15649248,32400,09:00:00,32399,08:59:59,11,1843,Washington Ave & Robin St (01843),1,0,21,,,33408,09:16:48,,,33419,09:16:59,11,00:00:11,doors opened
07/14/2025,12,1903,Monday,Weekday,West,15649248,32400,09:00:00,32399,08:59:59,10,12943,Washington Ave & Lexington Ave (12943),0,1,20,,,33329,09:15:29,,,33376,09:16:16,47,00:00:47,doors opened
07/14/2025,12,1903,Monday,Weekday,West,15649248,32400,09:00:00,32399,08:59:59,9,12942,Washington Ave & Henry Johnson Blvd (12942),3,1,21,,,33244,09:14:04,,,33275,09:14:35,31,00:00:31,doors opened
07/14/2025,12,1903,Monday,Weekday,West,15649248,32400,09:00:00,32399,08:59:59,8,3239,Lark/Library Station - Washington Ave & Lark St (03239),7,2,19,33000.0,09:10:00,33147,09:12:27,33000.0,09:10:00,33194,09:13:14,47,00:00:47,doors opened
07/14/2025,12,1903,Monday,Weekday,West,15649248,32400,09:00:00,32399,08:59:59,7,3301,Washington Ave & S. Swan St (03301),1,1,14,,,33087,09:11:27,,,33107,09:11:47,20,00:00:20,doors opened
07/14/2025,12,1903,Monday,Weekday,West,15649248,32400,09:00:00,32399,08:59:59,6,3250,Hawk/Capitol Station - Washington Ave & Hawk St (03250),1,0,14,,,33028,09:10:28,,,33062,09:11:02,34,00:00:34,doors opened
07/14/2025,12,1903,Monday,Weekday,West,15649248,32400,09:00:00,32399,08:59:59,5,10087,State St & Eagle St (10087),0,0,13,,,32994,09:09:54,,,32994,09:09:54,0,00:00:00,door not opened
07/14/2025,12,1903,Monday,Weekday,West,15649248,32400,09:00:00,32399,08:59:59,4,2665,State/Downtown Station - State St & Lodge St (02665),5,0,13,32700.0,09:05:00,32786,09:06:26,32700.0,09:05:00,32875,09:07:55,89,00:01:29,doors opened
07/14/2025,12,1903,Monday,Weekday,West,15649248,32400,09:00:00,32399,08:59:59,3,3221,State Station - N. Pearl St & Ten Eyck Plaza (03221),7,0,8,,,32585,09:03:05,,,32742,09:05:42,157,00:02:37,doors opened
07/14/2025,12,1903,Monday,Weekday,West,15649248,32400,09:00:00,32399,08:59:59,2,3233,N. Pearl St & Sheridan Ave (03233),0,0,1,,,32531,09:02:11,,,32531,09:02:11,0,00:00:00,door not opened
07/14/2025,12,1903,Monday,Weekday,West,15649248,32400,09:00:00,32399,08:59:59,1,2168,Clinton Square Station - N. Pearl St & Clinton Ave (02168),0,0,1,,,32498,09:01:38,,,32498,09:01:38,0,00:00:00,door not opened
07/14/2025,12,1903,Monday,Weekday,West,15649248,32400,09:00:00,32399,08:59:59,0,9018,Broadway & Orange St (09018),1,0,1,32400.0,09:00:00,32399,08:59:59,32400.0,09:00:00,32399,08:59:59,0,00:00:00,doors opened
07/14/2025,12,1903,Monday,Weekday,West,15649252,38400,10:40:00,38403,10:40:03,27,7175,Crossgates Mall Station (07175),0,2,1,40800.0,11:20:00,40735,11:18:55,40800.0,11:20:00,40735,11:18:55,0,00:00:00,doors opened
07/14/2025,12,1903,Monday,Weekday,West,15649252,38400,10:40:00,38403,10:40:03,26,12828,Crossgates Commons Station (12828),0,5,3,40380.0,11:13:00,40459,11:14:19,40380.0,11:13:00,40486,11:14:46,27,00:00:27,doors opened
07/14/2025,12,1903,Monday,Weekday,West,15649252,38400,10:40:00,38403,10:40:03,25,12891,1475 Washington Ave (12891),0,0,8,,,40260,11:11:00,,,40260,11:11:00,0,00:00:00,door not opened
07/14/2025,12,1903,Monday,Weekday,West,15649252,38400,10:40:00,38403,10:40:03,24,7216,SUNY Collins Circle (07216),0,6,8,40020.0,11:07:00,40086,11:08:06,40020.0,11:07:00,40106,11:08:26,20,00:00:20,doors opened
07/14/2025,12,1903,Monday,Weekday,West,15649252,38400,10:40:00,38403,10:40:03,23,3262,1383 Washington Ave (Fairfield Inn) (03262),0,1,14,,,39965,11:06:05,,,39981,11:06:21,16,00:00:16,doors opened
07/14/2025,12,1903,Monday,Weekday,West,15649252,38400,10:40:00,38403,10:40:03,22,976,Washington Ave & Brevator St (00976),0,0,15,,,39842,11:04:02,,,39842,11:04:02,0,00:00:00,door not opened
07/14/2025,12,1903,Monday,Weekday,West,15649252,38400,10:40:00,38403,10:40:03,21,1959,Washington Ave & Colvin Ave (01959),1,0,15,,,39789,11:03:09,,,39815,11:03:35,26,00:00:26,doors opened
07/14/2025,12,1903,Monday,Weekday,West,15649252,38400,10:40:00,38403,10:40:03,20,3399,Washington Ave & Danker Ave (03399),0,2,14,,,39745,11:02:25,,,39761,11:02:41,16,00:00:16,doors opened
07/14/2025,12,1903,Monday,Weekday,West,15649252,38400,10:40:00,38403,10:40:03,19,1849,Washington Ave & Homestead Ave (01849),3,0,16,,,39692,11:01:32,,,39713,11:01:53,21,00:00:21,doors opened
07/14/2025,12,1903,Monday,Weekday,West,15649252,38400,10:40:00,38403,10:40:03,18,1846,Washington Ave & Manning Blvd (01846),0,0,13,,,39666,11:01:06,,,39666,11:01:06,0,00:00:00,door not opened
07/14/2025,12,1903,Monday,Weekday,West,15649252,38400,10:40:00,38403,10:40:03,17,3287,Washington Ave & N. Allen St (03287),4,1,13,39600.0,11:00:00,39529,10:58:49,39600.0,11:00:00,39574,10:59:34,45,00:00:45,doors opened
07/14/2025,12,1903,Monday,Weekday,West,15649252,38400,10:40:00,38403,10:40:03,16,3264,Washington Ave & N. Main Ave (03264),2,0,10,,,39444,10:57:24,,,39485,10:58:05,41,00:00:41,doors opened
07/14/2025,12,1903,Monday,Weekday,West,15649252,38400,10:40:00,38403,10:40:03,15,1839,Washington Ave & Partridge St (01839),0,1,8,,,39358,10:55:58,,,39376,10:56:16,18,00:00:18,doors opened
07/14/2025,12,1903,Monday,Weekday,West,15649252,38400,10:40:00,38403,10:40:03,14,1841,Washington Ave & Ontario St (01841),2,0,9,39360.0,10:56:00,39300,10:55:00,39360.0,10:56:00,39330,10:55:30,30,00:00:30,doors opened
07/14/2025,12,1903,Monday,Weekday,West,15649252,38400,10:40:00,38403,10:40:03,13,1842,Washington Ave & Quail St (01842),4,1,7,,,39233,10:53:53,,,39272,10:54:32,39,00:00:39,doors opened
07/14/2025,12,1903,Monday,Weekday,West,15649252,38400,10:40:00,38403,10:40:03,12,1837,Washington Ave & N. Lake Ave (01837),0,0,4,,,39206,10:53:26,,,39206,10:53:26,0,00:00:00,door not opened
07/14/2025,12,1903,Monday,Weekday,West,15649252,38400,10:40:00,38403,10:40:03,11,1843,Washington Ave & Robin St (01843),0,0,4,,,39136,10:52:16,,,39136,10:52:16,0,00:00:00,door not opened
07/14/2025,12,1903,Monday,Weekday,West,15649252,38400,10:40:00,38403,10:40:03,10,12943,Washington Ave & Lexington Ave (12943),0,0,4,,,39092,10:51:32,,,39092,10:51:32,0,00:00:00,door not opened
07/14/2025,12,1903,Monday,Weekday,West,15649252,38400,10:40:00,38403,10:40:03,9,12942,Washington Ave & Henry Johnson Blvd (12942),0,0,4,,,39013,10:50:13,,,39013,10:50:13,0,00:00:00,door not opened
07/14/2025,12,1903,Monday,Weekday,West,15649252,38400,10:40:00,38403,10:40:03,8,3239,Lark/Library Station - Washington Ave & Lark St (03239),0,1,4,38940.0,10:49:00,38948,10:49:08,38940.0,10:49:00,38967,10:49:27,19,00:00:19,doors opened
07/14/2025,12,1903,Monday,Weekday,West,15649252,38400,10:40:00,38403,10:40:03,7,3301,Washington Ave & S. Swan St (03301),1,0,5,,,38815,10:46:55,,,38888,10:48:08,73,00:01:13,doors opened
07/14/2025,12,1903,Monday,Weekday,West,15649252,38400,10:40:00,38403,10:40:03,6,3250,Hawk/Capitol Station - Washington Ave & Hawk St (03250),0,0,4,,,38788,10:46:28,,,38788,10:46:28,0,00:00:00,door not opened
07/14/2025,12,1903,Monday,Weekday,West,15649252,38400,10:40:00,38403,10:40:03,5,10087,State St & Eagle St (10087),0,0,4,,,38744,10:45:44,,,38744,10:45:44,0,00:00:00,door not opened
07/14/2025,12,1903,Monday,Weekday,West,15649252,38400,10:40:00,38403,10:40:03,4,2665,State/Downtown Station - State St & Lodge St (02665),0,0,4,38640.0,10:44:00,38671,10:44:31,38640.0,10:44:00,38687,10:44:47,16,00:00:16,doors opened
07/14/2025,12,1903,Monday,Weekday,West,15649252,38400,10:40:00,38403,10:40:03,3,3221,State Station - N. Pearl St & Ten Eyck Plaza (03221),3,0,4,,,38596,10:43:16,,,38615,10:43:35,19,00:00:19,doors opened
07/14/2025,12,1903,Monday,Weekday,West,15649252,38400,10:40:00,38403,10:40:03,2,3233,N. Pearl St & Sheridan Ave (03233),0,0,1,,,38554,10:42:34,,,38554,10:42:34,0,00:00:00,door not opened
07/14/2025,12,1903,Monday,Weekday,West,15649252,38400,10:40:00,38403,10:40:03,1,2168,Clinton Square Station - N. Pearl St & Clinton Ave (02168),0,0,1,,,38509,10:41:49,,,38509,10:41:49,0,00:00:00,door not opened
07/14/2025,12,1903,Monday,Weekday,West,15649252,38400,10:40:00,38403,10:40:03,0,9018,Broadway & Orange St (09018),1,0,1,38400.0,10:40:00,38403,10:40:03,38400.0,10:40:00,38403,10:40:03,0,00:00:00,doors opened
07/14/2025,12,1905,Monday,Weekday,East,15648691,48900,13:35:00,49272,13:41:12,24,3940,Broadway & Steuben St (03940),0,0,0,51060.0,14:11:00,51571,14:19:31,51060.0,14:11:00,51571,14:19:31,0,00:00:00,door not opened
07/14/2025,12,1905,Monday,Weekday,East,15648691,48900,13:35:00,49272,13:41:12,23,2509,State/Downtown Station - State St & S. Pearl St (02509),0,10,0,50880.0,14:08:00,51266,14:14:26,50880.0,14:08:00,51335,14:15:35,69,00:01:09,doors opened
07/14/2025,12,1905,Monday,Weekday,East,15648691,48900,13:35:00,49272,13:41:12,22,1787,State St & Eagle St (01787),0,0,10,,,51248,14:14:08,,,51248,14:14:08,0,00:00:00,door not opened
07/14/2025,12,1905,Monday,Weekday,East,15648691,48900,13:35:00,49272,13:41:12,21,2706,Hawk/Capitol Station - Washington Ave & Hawk St (02706),0,0,10,,,51122,14:12:02,,,51122,14:12:02,0,00:00:00,door not opened
07/14/2025,12,1905,Monday,Weekday,East,15648691,48900,13:35:00,49272,13:41:12,7,2180,Washington Ave & Homestead Ave (02180),0,2,15,,,50348,13:59:08,,,50367,13:59:27,19,00:00:19,doors opened
07/14/2025,12,1905,Monday,Weekday,East,15648691,48900,13:35:00,49272,13:41:12,6,2182,Washington Ave & Hawthorne St (02182),0,0,17,,,50326,13:58:46,,,50326,13:58:46,0,00:00:00,door not opened
07/14/2025,12,1905,Monday,Weekday,East,15648691,48900,13:35:00,49272,13:41:12,5,3304,Washington Ave & Clermont St (03304),0,0,17,,,50312,13:58:32,,,50312,13:58:32,0,00:00:00,door not opened
07/14/2025,12,1905,Monday,Weekday,East,15648691,48900,13:35:00,49272,13:41:12,4,3348,Washington Ave & Brevator St (03348),0,0,17,,,50283,13:58:03,,,50283,13:58:03,0,00:00:00,door not opened
07/14/2025,12,1905,Monday,Weekday,East,15648691,48900,13:35:00,49272,13:41:12,3,10134,Washington Ave & SUNY Exit Rd (10134),2,0,17,,,50119,13:55:19,,,50142,13:55:42,23,00:00:23,doors opened
07/14/2025,12,1905,Monday,Weekday,East,15648691,48900,13:35:00,49272,13:41:12,2,7216,SUNY Collins Circle (07216),2,0,15,49500.0,13:45:00,49977,13:52:57,49500.0,13:45:00,49994,13:53:14,17,00:00:17,doors opened
07/14/2025,12,1905,Monday,Weekday,East,15648691,48900,13:35:00,49272,13:41:12,1,12827,Crossgates Commons Station (12827),6,1,13,49200.0,13:40:00,49682,13:48:02,49200.0,13:40:00,49682,13:48:02,0,00:00:00,door not opened
07/14/2025,12,1905,Monday,Weekday,East,15648691,48900,13:35:00,49272,13:41:12,0,7175,Crossgates Mall Station (07175),8,0,8,48900.0,13:35:00,49272,13:41:12,48900.0,13:35:00,49272,13:41:12,0,00:00:00,doors opened
07/14/2025,12,1905,Monday,Weekday,East,15648691,48900,13:35:00,49272,13:41:12,20,1789,Washington Ave & S. Swan St (01789),0,3,10,,,51083,14:11:23,,,51098,14:11:38,15,00:00:15,doors opened
07/14/2025,12,1905,Monday,Weekday,East,15648691,48900,13:35:00,49272,13:41:12,19,1788,Washington Ave & Dove St (01788),1,0,13,,,51025,14:10:25,,,51054,14:10:54,29,00:00:29,doors opened
07/14/2025,12,1905,Monday,Weekday,East,15648691,48900,13:35:00,49272,13:41:12,18,2663,Lark/Library Station - Washington Ave & Lark St (02663),2,3,12,50580.0,14:03:00,50943,14:09:03,50580.0,14:03:00,50996,14:09:56,53,00:00:53,doors opened
07/14/2025,12,1905,Monday,Weekday,East,15648691,48900,13:35:00,49272,13:41:12,17,263,Washington Ave & Henry Johnson Blvd (00263),0,1,13,,,50900,14:08:20,,,50916,14:08:36,16,00:00:16,doors opened
07/14/2025,12,1905,Monday,Weekday,East,15648691,48900,13:35:00,49272,13:41:12,16,2096,Washington Ave & Lexington Ave (02096),0,0,14,,,50797,14:06:37,,,50797,14:06:37,0,00:00:00,door not opened
07/14/2025,12,1905,Monday,Weekday,East,15648691,48900,13:35:00,49272,13:41:12,15,3253,Washington Ave & Robin St (Draper Hall) (03253),1,2,14,,,50747,14:05:47,,,50781,14:06:21,34,00:00:34,doors opened
07/14/2025,12,1905,Monday,Weekday,East,15648691,48900,13:35:00,49272,13:41:12,14,2109,Washington Ave & N. Lake Ave (02109),0,0,15,,,50728,14:05:28,,,50728,14:05:28,0,00:00:00,door not opened
07/14/2025,12,1905,Monday,Weekday,East,15648691,48900,13:35:00,49272,13:41:12,13,3255,Washington Ave & Quail St (03255),1,1,15,,,50639,14:03:59,,,50671,14:04:31,32,00:00:32,doors opened
07/14/2025,12,1905,Monday,Weekday,East,15648691,48900,13:35:00,49272,13:41:12,12,3256,Washington Ave & Ontario St (03256),1,0,15,50160.0,13:56:00,50603,14:03:23,50160.0,13:56:00,50618,14:03:38,15,00:00:15,doors opened
07/14/2025,12,1905,Monday,Weekday,East,15648691,48900,13:35:00,49272,13:41:12,11,2107,Washington Ave & Partridge St (02107),0,0,14,,,50586,14:03:06,,,50586,14:03:06,0,00:00:00,door not opened
07/14/2025,12,1905,Monday,Weekday,East,15648691,48900,13:35:00,49272,13:41:12,10,3257,Washington Ave & N. Main Ave (03257),1,0,14,,,50503,14:01:43,,,50524,14:02:04,21,00:00:21,doors opened
07/14/2025,12,1905,Monday,Weekday,East,15648691,48900,13:35:00,49272,13:41:12,9,1796,Washington Ave & N. Allen St (01796),4,2,13,49980.0,13:53:00,50446,14:00:46,49980.0,13:53:00,50472,14:01:12,26,00:00:26,doors opened
07/14/2025,12,1905,Monday,Weekday,East,15648691,48900,13:35:00,49272,13:41:12,8,11581,Washington Ave & Manning Blvd (11581),0,4,11,,,50392,13:59:52,,,50410,14:00:10,18,00:00:18,doors opened
07/14/2025,12,1905,Monday,Weekday,West,15648694,51600,14:20:00,51622,14:20:22,27,7175,Crossgates Mall Station (07175),0,7,0,54060.0,15:01:00,53973,14:59:33,54060.0,15:01:00,53973,14:59:33,0,00:00:00,doors opened
07/14/2025,12,1905,Monday,Weekday,West,15648694,51600,14:20:00,51622,14:20:22,26,12828,Crossgates Commons Station (12828),0,6,7,53640.0,14:54:00,53711,14:55:11,53640.0,14:54:00,53735,14:55:35,24,00:00:24,doors opened
07/14/2025,12,1905,Monday,Weekday,West,15648694,51600,14:20:00,51622,14:20:22,25,12891,1475 Washington Ave (12891),0,0,13,,,53420,14:50:20,,,53420,14:50:20,0,00:00:00,door not opened
07/14/2025,12,1905,Monday,Weekday,West,15648694,51600,14:20:00,51622,14:20:22,24,7216,SUNY Collins Circle (07216),0,1,13,53280.0,14:48:00,53288,14:48:08,53280.0,14:48:00,53306,14:48:26,18,00:00:18,doors opened
07/14/2025,12,1905,Monday,Weekday,West,15648694,51600,14:20:00,51622,14:20:22,23,3262,1383 Washington Ave (Fairfield Inn) (03262),0,0,14,,,53184,14:46:24,,,53184,14:46:24,0,00:00:00,door not opened
07/14/2025,12,1905,Monday,Weekday,West,15648694,51600,14:20:00,51622,14:20:22,22,976,Washington Ave & Brevator St (00976),1,0,14,,,53044,14:44:04,,,53059,14:44:19,15,00:00:15,doors opened
07/14/2025,12,1905,Monday,Weekday,West,15648694,51600,14:20:00,51622,14:20:22,21,1959,Washington Ave & Colvin Ave (01959),1,1,13,,,52962,14:42:42,,,53016,14:43:36,54,00:00:54,doors opened
07/14/2025,12,1905,Monday,Weekday,West,15648694,51600,14:20:00,51622,14:20:22,20,3399,Washington Ave & Danker Ave (03399),1,1,13,,,52913,14:41:53,,,52929,14:42:09,16,00:00:16,doors opened
07/14/2025,12,1905,Monday,Weekday,West,15648694,51600,14:20:00,51622,14:20:22,19,1849,Washington Ave & Homestead Ave (01849),0,0,13,,,52890,14:41:30,,,52890,14:41:30,0,00:00:00,door not opened
07/14/2025,12,1905,Monday,Weekday,West,15648694,51600,14:20:00,51622,14:20:22,18,1846,Washington Ave & Manning Blvd (01846),0,0,13,,,52873,14:41:13,,,52873,14:41:13,0,00:00:00,door not opened
07/14/2025,12,1905,Monday,Weekday,West,15648694,51600,14:20:00,51622,14:20:22,4,2665,State/Downtown Station - State St & Lodge St (02665),7,0,11,51840.0,14:24:00,51872,14:24:32,51840.0,14:24:00,51921,14:25:21,49,00:00:49,doors opened
07/14/2025,12,1905,Monday,Weekday,West,15648694,51600,14:20:00,51622,14:20:22,3,3221,State Station - N. Pearl St & Ten Eyck Plaza (03221),3,0,4,,,51787,14:23:07,,,51845,14:24:05,58,00:00:58,doors opened
07/14/2025,12,1905,Monday,Weekday,West,15648694,51600,14:20:00,51622,14:20:22,2,3233,N. Pearl St & Sheridan Ave (03233),1,0,1,,,51715,14:21:55,,,51733,14:22:13,18,00:00:18,doors opened
07/14/2025,12,1905,Monday,Weekday,West,15648694,51600,14:20:00,51622,14:20:22,1,2168,Clinton Square Station - N. Pearl St & Clinton Ave (02168),0,0,0,,,51695,14:21:35,,,51695,14:21:35,0,00:00:00,door not opened
07/14/2025,12,1905,Monday,Weekday,West,15648694,51600,14:20:00,51622,14:20:22,0,9018,Broadway & Orange St (09018),0,0,0,51600.0,14:20:00,51622,14:20:22,51600.0,14:20:00,51622,14:20:22,0,00:00:00,door not opened
07/14/2025,12,1905,Monday,Weekday,West,15648694,51600,14:20:00,51622,14:20:22,17,3287,Washington Ave & N. Allen St (03287),0,0,13,52860.0,14:41:00,52796,14:39:56,52860.0,14:41:00,52796,14:39:56,0,00:00:00,door not opened
07/14/2025,12,1905,Monday,Weekday,West,15648694,51600,14:20:00,51622,14:20:22,16,3264,Washington Ave & N. Main Ave (03264),2,0,13,,,52713,14:38:33,,,52749,14:39:09,36,00:00:36,doors opened
07/14/2025,12,1905,Monday,Weekday,West,15648694,51600,14:20:00,51622,14:20:22,15,1839,Washington Ave & Partridge St (01839),1,3,11,,,52621,14:37:01,,,52640,14:37:20,19,00:00:19,doors opened
07/14/2025,12,1905,Monday,Weekday,West,15648694,51600,14:20:00,51622,14:20:22,14,1841,Washington Ave & Ontario St (01841),1,7,13,52560.0,14:36:00,52554,14:35:54,52560.0,14:36:00,52598,14:36:38,44,00:00:44,doors opened
07/14/2025,12,1905,Monday,Weekday,West,15648694,51600,14:20:00,51622,14:20:22,13,1842,Washington Ave & Quail St (01842),5,0,19,,,52501,14:35:01,,,52531,14:35:31,30,00:00:30,doors opened
07/14/2025,12,1905,Monday,Weekday,West,15648694,51600,14:20:00,51622,14:20:22,12,1837,Washington Ave & N. Lake Ave (01837),1,2,14,,,52457,14:34:17,,,52475,14:34:35,18,00:00:18,doors opened
07/14/2025,12,1905,Monday,Weekday,West,15648694,51600,14:20:00,51622,14:20:22,11,1843,Washington Ave & Robin St (01843),1,0,15,,,52398,14:33:18,,,52434,14:33:54,36,00:00:36,doors opened
07/14/2025,12,1905,Monday,Weekday,West,15648694,51600,14:20:00,51622,14:20:22,10,12943,Washington Ave & Lexington Ave (12943),0,0,14,,,52378,14:32:58,,,52378,14:32:58,0,00:00:00,door not opened
07/14/2025,12,1905,Monday,Weekday,West,15648694,51600,14:20:00,51622,14:20:22,9,12942,Washington Ave & Henry Johnson Blvd (12942),0,0,14,,,52337,14:32:17,,,52337,14:32:17,0,00:00:00,door not opened
07/14/2025,12,1905,Monday,Weekday,West,15648694,51600,14:20:00,51622,14:20:22,8,3239,Lark/Library Station - Washington Ave & Lark St (03239),3,1,14,52140.0,14:29:00,52150,14:29:10,52140.0,14:29:00,52302,14:31:42,152,00:02:32,doors opened
07/14/2025,12,1905,Monday,Weekday,West,15648694,51600,14:20:00,51622,14:20:22,7,3301,Washington Ave & S. Swan St (03301),0,0,12,,,52089,14:28:09,,,52089,14:28:09,0,00:00:00,door not opened
07/14/2025,12,1905,Monday,Weekday,West,15648694,51600,14:20:00,51622,14:20:22,6,3250,Hawk/Capitol Station - Washington Ave & Hawk St (03250),1,0,12,,,52049,14:27:29,,,52066,14:27:46,17,00:00:17,doors opened
07/14/2025,12,1905,Monday,Weekday,West,15648694,51600,14:20:00,51622,14:20:22,5,10087,State St & Eagle St (10087),0,0,11,,,52023,14:27:03,,,52023,14:27:03,0,00:00:00,door not opened
07/14/2025,12,3309,Monday,Weekday,West,15651274,68400,19:00:00,68463,19:01:03,5,10087,State St & Eagle St (10087),0,0,1,,,68704,19:05:04,,,68704,19:05:04,0,00:00:00,door not opened
07/14/2025,12,3309,Monday,Weekday,West,15651274,68400,19:00:00,68463,19:01:03,4,2665,State/Downtown Station - State St & Lodge St (02665),0,0,1,68640.0,19:04:00,68596,19:03:16,68640.0,19:04:00,68596,19:03:16,0,00:00:00,door not opened
07/14/2025,12,3309,Monday,Weekday,West,15651274,68400,19:00:00,68463,19:01:03,3,3221,State Station - N. Pearl St & Ten Eyck Plaza (03221),0,0,1,,,68568,19:02:48,,,68568,19:02:48,0,00:00:00,door not opened
07/14/2025,12,3309,Monday,Weekday,West,15651274,68400,19:00:00,68463,19:01:03,2,3233,N. Pearl St & Sheridan Ave (03233),0,0,1,,,68527,19:02:07,,,68527,19:02:07,0,00:00:00,door not opened
07/14/2025,12,3309,Monday,Weekday,West,15651274,68400,19:00:00,68463,19:01:03,1,2168,Clinton Square Station - N. Pearl St & Clinton Ave (02168),1,0,1,,,68501,19:01:41,,,68516,19:01:56,15,00:00:15,doors opened
07/14/2025,12,3309,Monday,Weekday,West,15651274,68400,19:00:00,68463,19:01:03,0,9018,Broadway & Orange St (09018),0,0,0,68400.0,19:00:00,68463,19:01:03,68400.0,19:00:00,68463,19:01:03,0,00:00:00,door not opened
07/14/2025,12,3309,Monday,Weekday,West,15651274,68400,19:00:00,68463,19:01:03,26,12828,Crossgates Commons Station (12828),1,4,0,70260.0,19:31:00,70232,19:30:32,70260.0,19:31:00,70255,19:30:55,23,00:00:23,doors opened
07/14/2025,12,3309,Monday,Weekday,West,15651274,68400,19:00:00,68463,19:01:03,25,12891,1475 Washington Ave (12891),0,0,3,,,70027,19:27:07,,,70027,19:27:07,0,00:00:00,door not opened
07/14/2025,12,3309,Monday,Weekday,West,15651274,68400,19:00:00,68463,19:01:03,24,7216,SUNY Collins Circle (07216),0,0,3,69900.0,19:25:00,69866,19:24:26,69900.0,19:25:00,69866,19:24:26,0,00:00:00,door not opened
07/14/2025,12,3309,Monday,Weekday,West,15651274,68400,19:00:00,68463,19:01:03,23,3262,1383 Washington Ave (Fairfield Inn) (03262),0,0,3,,,69752,19:22:32,,,69752,19:22:32,0,00:00:00,door not opened
07/14/2025,12,3309,Monday,Weekday,West,15651274,68400,19:00:00,68463,19:01:03,22,976,Washington Ave & Brevator St (00976),0,2,3,,,69618,19:20:18,,,69635,19:20:35,17,00:00:17,doors opened
07/14/2025,12,3309,Monday,Weekday,West,15651274,68400,19:00:00,68463,19:01:03,21,1959,Washington Ave & Colvin Ave (01959),0,0,5,,,69600,19:20:00,,,69600,19:20:00,0,00:00:00,door not opened
07/14/2025,12,3309,Monday,Weekday,West,15651274,68400,19:00:00,68463,19:01:03,20,3399,Washington Ave & Danker Ave (03399),0,1,5,,,69529,19:18:49,,,69546,19:19:06,17,00:00:17,doors opened
07/14/2025,12,3309,Monday,Weekday,West,15651274,68400,19:00:00,68463,19:01:03,19,1849,Washington Ave & Homestead Ave (01849),0,0,6,,,69509,19:18:29,,,69509,19:18:29,0,00:00:00,door not opened
07/14/2025,12,3309,Monday,Weekday,West,15651274,68400,19:00:00,68463,19:01:03,18,1846,Washington Ave & Manning Blvd (01846),0,0,6,,,69489,19:18:09,,,69489,19:18:09,0,00:00:00,door not opened
07/14/2025,12,3309,Monday,Weekday,West,15651274,68400,19:00:00,68463,19:01:03,17,3287,Washington Ave & N. Allen St (03287),0,1,6,69480.0,19:18:00,69395,19:16:35,69480.0,19:18:00,69412,19:16:52,17,00:00:17,doors opened
07/14/2025,12,3309,Monday,Weekday,West,15651274,68400,19:00:00,68463,19:01:03,16,3264,Washington Ave & N. Main Ave (03264),0,2,7,,,69234,19:13:54,,,69360,19:16:00,126,00:02:06,doors opened
07/14/2025,12,3309,Monday,Weekday,West,15651274,68400,19:00:00,68463,19:01:03,15,1839,Washington Ave & Partridge St (01839),0,0,9,,,69179,19:12:59,,,69179,19:12:59,0,00:00:00,door not opened
07/14/2025,12,3309,Monday,Weekday,West,15651274,68400,19:00:00,68463,19:01:03,14,1841,Washington Ave & Ontario St (01841),3,0,9,69300.0,19:15:00,69120,19:12:00,69300.0,19:15:00,69145,19:12:25,25,00:00:25,doors opened
07/14/2025,12,3309,Monday,Weekday,West,15651274,68400,19:00:00,68463,19:01:03,13,1842,Washington Ave & Quail St (01842),2,1,6,,,69053,19:10:53,,,69085,19:11:25,32,00:00:32,doors opened
07/14/2025,12,3309,Monday,Weekday,West,15651274,68400,19:00:00,68463,19:01:03,12,1837,Washington Ave & N. Lake Ave (01837),0,0,5,,,69026,19:10:26,,,69026,19:10:26,0,00:00:00,door not opened
07/14/2025,12,3309,Monday,Weekday,West,15651274,68400,19:00:00,68463,19:01:03,11,1843,Washington Ave & Robin St (01843),0,0,5,,,69000,19:10:00,,,69000,19:10:00,0,00:00:00,door not opened
07/14/2025,12,3309,Monday,Weekday,West,15651274,68400,19:00:00,68463,19:01:03,10,12943,Washington Ave & Lexington Ave (12943),2,0,5,,,68936,19:08:56,,,68961,19:09:21,25,00:00:25,doors opened
07/14/2025,12,3309,Monday,Weekday,West,15651274,68400,19:00:00,68463,19:01:03,9,12942,Washington Ave & Henry Johnson Blvd (12942),2,0,3,,,68884,19:08:04,,,68899,19:08:19,15,00:00:15,doors opened
07/14/2025,12,3309,Monday,Weekday,West,15651274,68400,19:00:00,68463,19:01:03,8,3239,Lark/Library Station - Washington Ave & Lark St (03239),0,0,1,68880.0,19:08:00,68792,19:06:32,68880.0,19:08:00,68792,19:06:32,0,00:00:00,door not opened
07/14/2025,12,3309,Monday,Weekday,West,15651274,68400,19:00:00,68463,19:01:03,7,3301,Washington Ave & S. Swan St (03301),0,0,1,,,68746,19:05:46,,,68746,19:05:46,0,00:00:00,door not opened
07/14/2025,12,3309,Monday,Weekday,West,15651274,68400,19:00:00,68463,19:01:03,6,3250,Hawk/Capitol Station - Washington Ave & Hawk St (03250),0,0,1,,,68727,19:05:27,,,68727,19:05:27,0,00:00:00,door not opened
07/14/2025,12,4197,Monday,Weekday,East,15651906,65700,18:15:00,65826,18:17:06,24,3940,Broadway & Steuben St (03940),0,0,0,67800.0,18:50:00,67777,18:49:37,67800.0,18:50:00,67777,18:49:37,0,00:00:00,door not opened
07/14/2025,12,4197,Monday,Weekday,East,15651906,65700,18:15:00,65826,18:17:06,23,2509,State/Downtown Station - State St & S. Pearl St (02509),0,5,0,67620.0,18:47:00,67676,18:47:56,67620.0,18:47:00,67699,18:48:19,23,00:00:23,doors opened
07/14/2025,12,4197,Monday,Weekday,East,15651906,65700,18:15:00,65826,18:17:06,22,1787,State St & Eagle St (01787),0,0,5,,,67661,18:47:41,,,67661,18:47:41,0,00:00:00,door not opened
07/14/2025,12,4197,Monday,Weekday,East,15651906,65700,18:15:00,65826,18:17:06,21,2706,Hawk/Capitol Station - Washington Ave & Hawk St (02706),0,0,5,,,67622,18:47:02,,,67622,18:47:02,0,00:00:00,door not opened
07/14/2025,12,4197,Monday,Weekday,East,15651906,65700,18:15:00,65826,18:17:06,20,1789,Washington Ave & S. Swan St (01789),0,3,5,,,67579,18:46:19,,,67596,18:46:36,17,00:00:17,doors opened
07/14/2025,12,4197,Monday,Weekday,East,15651906,65700,18:15:00,65826,18:17:06,19,1788,Washington Ave & Dove St (01788),0,1,8,,,67542,18:45:42,,,67557,18:45:57,15,00:00:15,doors opened
07/14/2025,12,4197,Monday,Weekday,East,15651906,65700,18:15:00,65826,18:17:06,18,2663,Lark/Library Station - Washington Ave & Lark St (02663),0,2,9,67320.0,18:42:00,67497,18:44:57,67320.0,18:42:00,67521,18:45:21,24,00:00:24,doors opened
07/14/2025,12,4197,Monday,Weekday,East,15651906,65700,18:15:00,65826,18:17:06,17,263,Washington Ave & Henry Johnson Blvd (00263),0,1,11,,,67462,18:44:22,,,67477,18:44:37,15,00:00:15,doors opened
07/14/2025,12,4197,Monday,Weekday,East,15651906,65700,18:15:00,65826,18:17:06,16,2096,Washington Ave & Lexington Ave (02096),0,0,12,,,67436,18:43:56,,,67436,18:43:56,0,00:00:00,door not opened
07/14/2025,12,4197,Monday,Weekday,East,15651906,65700,18:15:00,65826,18:17:06,15,3253,Washington Ave & Robin St (Draper Hall) (03253),0,0,12,,,67393,18:43:13,,,67393,18:43:13,0,00:00:00,door not opened
07/14/2025,12,4197,Monday,Weekday,East,15651906,65700,18:15:00,65826,18:17:06,14,2109,Washington Ave & N. Lake Ave (02109),0,1,12,,,67355,18:42:35,,,67368,18:42:48,13,00:00:13,doors opened
07/14/2025,12,4197,Monday,Weekday,East,15651906,65700,18:15:00,65826,18:17:06,13,3255,Washington Ave & Quail St (03255),0,2,13,,,67297,18:41:37,,,67328,18:42:08,31,00:00:31,doors opened
07/14/2025,12,4197,Monday,Weekday,East,15651906,65700,18:15:00,65826,18:17:06,12,3256,Washington Ave & Ontario St (03256),0,0,15,66960.0,18:36:00,67279,18:41:19,66960.0,18:36:00,67279,18:41:19,0,00:00:00,door not opened
07/14/2025,12,4197,Monday,Weekday,East,15651906,65700,18:15:00,65826,18:17:06,11,2107,Washington Ave & Partridge St (02107),0,1,15,,,67222,18:40:22,,,67255,18:40:55,33,00:00:33,doors opened
07/14/2025,12,4197,Monday,Weekday,East,15651906,65700,18:15:00,65826,18:17:06,10,3257,Washington Ave & N. Main Ave (03257),0,0,16,,,67138,18:38:58,,,67138,18:38:58,0,00:00:00,door not opened
07/14/2025,12,4197,Monday,Weekday,East,15651906,65700,18:15:00,65826,18:17:06,9,1796,Washington Ave & N. Allen St (01796),2,1,16,66780.0,18:33:00,67060,18:37:40,66780.0,18:33:00,67108,18:38:28,48,00:00:48,doors opened
07/14/2025,12,4197,Monday,Weekday,East,15651906,65700,18:15:00,65826,18:17:06,8,11581,Washington Ave & Manning Blvd (11581),1,1,15,,,67016,18:36:56,,,67031,18:37:11,15,00:00:15,doors opened
07/14/2025,12,4197,Monday,Weekday,East,15651906,65700,18:15:00,65826,18:17:06,7,2180,Washington Ave & Homestead Ave (02180),3,3,15,,,66939,18:35:39,,,66993,18:36:33,54,00:00:54,doors opened
07/14/2025,12,4197,Monday,Weekday,East,15651906,65700,18:15:00,65826,18:17:06,6,2182,Washington Ave & Hawthorne St (02182),0,0,15,,,66909,18:35:09,,,66909,18:35:09,0,00:00:00,door not opened
07/14/2025,12,4197,Monday,Weekday,East,15651906,65700,18:15:00,65826,18:17:06,5,3304,Washington Ave & Clermont St (03304),0,0,15,,,66895,18:34:55,,,66895,18:34:55,0,00:00:00,door not opened
07/14/2025,12,4197,Monday,Weekday,East,15651906,65700,18:15:00,65826,18:17:06,4,3348,Washington Ave & Brevator St (03348),0,0,15,,,66875,18:34:35,,,66875,18:34:35,0,00:00:00,door not opened
07/14/2025,12,4197,Monday,Weekday,East,15651906,65700,18:15:00,65826,18:17:06,3,10134,Washington Ave & SUNY Exit Rd (10134),2,0,15,,,66694,18:31:34,,,66759,18:32:39,65,00:01:05,doors opened
07/14/2025,12,4197,Monday,Weekday,East,15651906,65700,18:15:00,65826,18:17:06,2,7216,SUNY Collins Circle (07216),4,0,13,66300.0,18:25:00,66514,18:28:34,66300.0,18:25:00,66541,18:29:01,27,00:00:27,doors opened
07/14/2025,12,4197,Monday,Weekday,East,15651906,65700,18:15:00,65826,18:17:06,1,12827,Crossgates Commons Station (12827),2,0,9,66000.0,18:20:00,66171,18:22:51,66000.0,18:20:00,66241,18:24:01,70,00:01:10,doors opened
07/14/2025,12,4197,Monday,Weekday,East,15651906,65700,18:15:00,65826,18:17:06,0,7175,Crossgates Mall Station (07175),5,0,7,65700.0,18:15:00,65826,18:17:06,65700.0,18:15:00,65826,18:17:06,0,00:00:00,doors opened
07/14/2025,12,4197,Monday,Weekday,East,15651912,71700,19:55:00,71784,19:56:24,24,3940,Broadway & Steuben St (03940),0,0,0,73740.0,20:29:00,73805,20:30:05,73740.0,20:29:00,73805,20:30:05,0,00:00:00,door not opened
07/14/2025,12,4197,Monday,Weekday,East,15651912,71700,19:55:00,71784,19:56:24,23,2509,State/Downtown Station - State St & S. Pearl St (02509),0,5,0,73560.0,20:26:00,73675,20:27:55,73560.0,20:26:00,73741,20:29:01,66,00:01:06,doors opened
07/14/2025,12,4197,Monday,Weekday,East,15651912,71700,19:55:00,71784,19:56:24,22,1787,State St & Eagle St (01787),0,0,5,,,73659,20:27:39,,,73659,20:27:39,0,00:00:00,door not opened
07/14/2025,12,4197,Monday,Weekday,East,15651912,71700,19:55:00,71784,19:56:24,21,2706,Hawk/Capitol Station - Washington Ave & Hawk St (02706),0,0,5,,,73615,20:26:55,,,73615,20:26:55,0,00:00:00,door not opened
07/14/2025,12,4197,Monday,Weekday,East,15651912,71700,19:55:00,71784,19:56:24,20,1789,Washington Ave & S. Swan St (01789),0,2,5,,,73576,20:26:16,,,73588,20:26:28,12,00:00:12,doors opened
07/14/2025,12,4197,Monday,Weekday,East,15651912,71700,19:55:00,71784,19:56:24,19,1788,Washington Ave & Dove St (01788),0,0,7,,,73550,20:25:50,,,73550,20:25:50,0,00:00:00,door not opened
07/14/2025,12,4197,Monday,Weekday,East,15651912,71700,19:55:00,71784,19:56:24,18,2663,Lark/Library Station - Washington Ave & Lark St (02663),0,1,7,73320.0,20:22:00,73506,20:25:06,73320.0,20:22:00,73515,20:25:15,9,00:00:09,doors opened
07/14/2025,12,4197,Monday,Weekday,East,15651912,71700,19:55:00,71784,19:56:24,17,263,Washington Ave & Henry Johnson Blvd (00263),0,2,8,,,73469,20:24:29,,,73479,20:24:39,10,00:00:10,doors opened
07/14/2025,12,4197,Monday,Weekday,East,15651912,71700,19:55:00,71784,19:56:24,16,2096,Washington Ave & Lexington Ave (02096),0,0,10,,,73355,20:22:35,,,73355,20:22:35,0,00:00:00,door not opened
07/14/2025,12,4197,Monday,Weekday,East,15651912,71700,19:55:00,71784,19:56:24,15,3253,Washington Ave & Robin St (Draper Hall) (03253),0,1,10,,,73315,20:21:55,,,73335,20:22:15,20,00:00:20,doors opened
07/14/2025,12,4197,Monday,Weekday,East,15651912,71700,19:55:00,71784,19:56:24,14,2109,Washington Ave & N. Lake Ave (02109),0,2,11,,,73266,20:21:06,,,73286,20:21:26,20,00:00:20,doors opened
07/14/2025,12,4197,Monday,Weekday,East,15651912,71700,19:55:00,71784,19:56:24,13,3255,Washington Ave & Quail St (03255),3,2,13,,,73189,20:19:49,,,73232,20:20:32,43,00:00:43,doors opened
07/14/2025,12,4197,Monday,Weekday,East,15651912,71700,19:55:00,71784,19:56:24,12,3256,Washington Ave & Ontario St (03256),2,3,12,72960.0,20:16:00,73120,20:18:40,72960.0,20:16:00,73163,20:19:23,43,00:00:43,doors opened
07/14/2025,12,4197,Monday,Weekday,East,15651912,71700,19:55:00,71784,19:56:24,11,2107,Washington Ave & Partridge St (02107),0,1,13,,,73083,20:18:03,,,73095,20:18:15,12,00:00:12,doors opened
07/14/2025,12,4197,Monday,Weekday,East,15651912,71700,19:55:00,71784,19:56:24,10,3257,Washington Ave & N. Main Ave (03257),0,5,14,,,72995,20:16:35,,,73024,20:17:04,29,00:00:29,doors opened
07/14/2025,12,4197,Monday,Weekday,East,15651912,71700,19:55:00,71784,19:56:24,9,1796,Washington Ave & N. Allen St (01796),0,6,19,72780.0,20:13:00,72936,20:15:36,72780.0,20:13:00,72956,20:15:56,20,00:00:20,doors opened
07/14/2025,12,4197,Monday,Weekday,East,15651912,71700,19:55:00,71784,19:56:24,8,11581,Washington Ave & Manning Blvd (11581),0,0,25,,,72899,20:14:59,,,72899,20:14:59,0,00:00:00,door not opened
07/14/2025,12,4197,Monday,Weekday,East,15651912,71700,19:55:00,71784,19:56:24,7,2180,Washington Ave & Homestead Ave (02180),1,1,25,,,72829,20:13:49,,,72844,20:14:04,15,00:00:15,doors opened
07/14/2025,12,4197,Monday,Weekday,East,15651912,71700,19:55:00,71784,19:56:24,6,2182,Washington Ave & Hawthorne St (02182),0,1,25,,,72784,20:13:04,,,72799,20:13:19,15,00:00:15,doors opened
07/14/2025,12,4197,Monday,Weekday,East,15651912,71700,19:55:00,71784,19:56:24,5,3304,Washington Ave & Clermont St (03304),0,1,26,,,72741,20:12:21,,,72753,20:12:33,12,00:00:12,doors opened
07/14/2025,12,4197,Monday,Weekday,East,15651912,71700,19:55:00,71784,19:56:24,4,3348,Washington Ave & Brevator St (03348),0,1,27,,,72698,20:11:38,,,72716,20:11:56,18,00:00:18,doors opened
07/14/2025,12,4197,Monday,Weekday,East,15651912,71700,19:55:00,71784,19:56:24,3,10134,Washington Ave & SUNY Exit Rd (10134),3,2,28,,,72543,20:09:03,,,72570,20:09:30,27,00:00:27,doors opened
07/14/2025,12,4197,Monday,Weekday,East,15651912,71700,19:55:00,71784,19:56:24,2,7216,SUNY Collins Circle (07216),0,0,27,72300.0,20:05:00,72442,20:07:22,72300.0,20:05:00,72442,20:07:22,0,00:00:00,door not opened
07/14/2025,12,4197,Monday,Weekday,East,15651912,71700,19:55:00,71784,19:56:24,1,12827,Crossgates Commons Station (12827),18,2,27,72000.0,20:00:00,72026,20:00:26,72000.0,20:00:00,72119,20:01:59,93,00:01:33,doors opened
07/14/2025,12,4197,Monday,Weekday,East,15651912,71700,19:55:00,71784,19:56:24,0,7175,Crossgates Mall Station (07175),11,0,11,71700.0,19:55:00,71784,19:56:24,71700.0,19:55:00,71784,19:56:24,0,00:00:00,doors opened
07/14/2025,12,4197,Monday,Weekday,East,15651916,77100,21:25:00,77284,21:28:04,24,3940,Broadway & Steuben St (03940),0,0,0,79080.0,21:58:00,79256,22:00:56,79080.0,21:58:00,79256,22:00:56,0,00:00:00,door not opened
07/14/2025,12,4197,Monday,Weekday,East,15651916,77100,21:25:00,77284,21:28:04,23,2509,State/Downtown Station - State St & S. Pearl St (02509),0,0,0,78960.0,21:56:00,79186,21:59:46,78960.0,21:56:00,79186,21:59:46,0,00:00:00,door not opened
07/14/2025,12,4197,Monday,Weekday,East,15651916,77100,21:25:00,77284,21:28:04,22,1787,State St & Eagle St (01787),0,2,0,,,79147,21:59:07,,,79170,21:59:30,23,00:00:23,doors opened
07/14/2025,12,4197,Monday,Weekday,East,15651916,77100,21:25:00,77284,21:28:04,21,2706,Hawk/Capitol Station - Washington Ave & Hawk St (02706),0,1,2,,,79029,21:57:09,,,79039,21:57:19,10,00:00:10,doors opened
07/14/2025,12,4197,Monday,Weekday,East,15651916,77100,21:25:00,77284,21:28:04,20,1789,Washington Ave & S. Swan St (01789),0,1,3,,,78977,21:56:17,,,79005,21:56:45,28,00:00:28,doors opened
07/14/2025,12,4197,Monday,Weekday,East,15651916,77100,21:25:00,77284,21:28:04,19,1788,Washington Ave & Dove St (01788),0,1,4,,,78934,21:55:34,,,78947,21:55:47,13,00:00:13,doors opened
07/14/2025,12,4197,Monday,Weekday,East,15651916,77100,21:25:00,77284,21:28:04,18,2663,Lark/Library Station - Washington Ave & Lark St (02663),0,0,5,78720.0,21:52:00,78909,21:55:09,78720.0,21:52:00,78909,21:55:09,0,00:00:00,door not opened
07/14/2025,12,4197,Monday,Weekday,East,15651916,77100,21:25:00,77284,21:28:04,17,263,Washington Ave & Henry Johnson Blvd (00263),0,0,5,,,78843,21:54:03,,,78843,21:54:03,0,00:00:00,door not opened
07/14/2025,12,4197,Monday,Weekday,East,15651916,77100,21:25:00,77284,21:28:04,16,2096,Washington Ave & Lexington Ave (02096),0,1,5,,,78778,21:52:58,,,78815,21:53:35,37,00:00:37,doors opened
07/14/2025,12,4197,Monday,Weekday,East,15651916,77100,21:25:00,77284,21:28:04,15,3253,Washington Ave & Robin St (Draper Hall) (03253),0,0,6,,,78762,21:52:42,,,78762,21:52:42,0,00:00:00,door not opened
07/14/2025,12,4197,Monday,Weekday,East,15651916,77100,21:25:00,77284,21:28:04,14,2109,Washington Ave & N. Lake Ave (02109),0,0,6,,,78737,21:52:17,,,78737,21:52:17,0,00:00:00,door not opened
07/14/2025,12,4197,Monday,Weekday,East,15651916,77100,21:25:00,77284,21:28:04,13,3255,Washington Ave & Quail St (03255),0,5,6,,,78664,21:51:04,,,78682,21:51:22,18,00:00:18,doors opened
07/14/2025,12,4197,Monday,Weekday,East,15651916,77100,21:25:00,77284,21:28:04,12,3256,Washington Ave & Ontario St (03256),0,0,11,78360.0,21:46:00,78645,21:50:45,78360.0,21:46:00,78645,21:50:45,0,00:00:00,door not opened
07/14/2025,12,4197,Monday,Weekday,East,15651916,77100,21:25:00,77284,21:28:04,11,2107,Washington Ave & Partridge St (02107),0,1,11,,,78604,21:50:04,,,78628,21:50:28,24,00:00:24,doors opened
07/14/2025,12,4197,Monday,Weekday,East,15651916,77100,21:25:00,77284,21:28:04,10,3257,Washington Ave & N. Main Ave (03257),0,3,12,,,78495,21:48:15,,,78546,21:49:06,51,00:00:51,doors opened
07/14/2025,12,4197,Monday,Weekday,East,15651916,77100,21:25:00,77284,21:28:04,9,1796,Washington Ave & N. Allen St (01796),0,0,15,78180.0,21:43:00,78464,21:47:44,78180.0,21:43:00,78464,21:47:44,0,00:00:00,door not opened
07/14/2025,12,4197,Monday,Weekday,East,15651916,77100,21:25:00,77284,21:28:04,8,11581,Washington Ave & Manning Blvd (11581),0,0,15,,,78418,21:46:58,,,78418,21:46:58,0,00:00:00,door not opened
07/14/2025,12,4197,Monday,Weekday,East,15651916,77100,21:25:00,77284,21:28:04,7,2180,Washington Ave & Homestead Ave (02180),0,0,15,,,78395,21:46:35,,,78395,21:46:35,0,00:00:00,door not opened
07/14/2025,12,4197,Monday,Weekday,East,15651916,77100,21:25:00,77284,21:28:04,6,2182,Washington Ave & Hawthorne St (02182),0,0,15,,,78371,21:46:11,,,78371,21:46:11,0,00:00:00,door not opened
07/14/2025,12,4197,Monday,Weekday,East,15651916,77100,21:25:00,77284,21:28:04,5,3304,Washington Ave & Clermont St (03304),1,0,15,,,78324,21:45:24,,,78342,21:45:42,18,00:00:18,doors opened
07/14/2025,12,4197,Monday,Weekday,East,15651916,77100,21:25:00,77284,21:28:04,4,3348,Washington Ave & Brevator St (03348),0,1,14,,,78286,21:44:46,,,78302,21:45:02,16,00:00:16,doors opened
07/14/2025,12,4197,Monday,Weekday,East,15651916,77100,21:25:00,77284,21:28:04,3,10134,Washington Ave & SUNY Exit Rd (10134),1,6,15,,,78142,21:42:22,,,78163,21:42:43,21,00:00:21,doors opened
07/14/2025,12,4197,Monday,Weekday,East,15651916,77100,21:25:00,77284,21:28:04,2,7216,SUNY Collins Circle (07216),3,1,20,77700.0,21:35:00,77998,21:39:58,77700.0,21:35:00,78031,21:40:31,33,00:00:33,doors opened
07/14/2025,12,4197,Monday,Weekday,East,15651916,77100,21:25:00,77284,21:28:04,1,12827,Crossgates Commons Station (12827),13,0,18,77400.0,21:30:00,77668,21:34:28,77400.0,21:30:00,77749,21:35:49,81,00:01:21,doors opened
07/14/2025,12,4197,Monday,Weekday,East,15651916,77100,21:25:00,77284,21:28:04,0,7175,Crossgates Mall Station (07175),4,0,5,77100.0,21:25:00,77284,21:28:04,77100.0,21:25:00,77284,21:28:04,0,00:00:00,doors opened
07/14/2025,12,4197,Monday,Weekday,East,15651794,53700,14:55:00,53816,14:56:56,24,3940,Broadway & Steuben St (03940),0,1,0,56040.0,15:34:00,56195,15:36:35,56040.0,15:34:00,56195,15:36:35,0,00:00:00,doors opened
07/14/2025,12,4197,Monday,Weekday,East,15651794,53700,14:55:00,53816,14:56:56,23,2509,State/Downtown Station - State St & S. Pearl St (02509),0,7,1,55860.0,15:31:00,56089,15:34:49,55860.0,15:31:00,56109,15:35:09,20,00:00:20,doors opened
07/14/2025,12,4197,Monday,Weekday,East,15651794,53700,14:55:00,53816,14:56:56,22,1787,State St & Eagle St (01787),0,0,8,,,56058,15:34:18,,,56058,15:34:18,0,00:00:00,door not opened
07/14/2025,12,4197,Monday,Weekday,East,15651794,53700,14:55:00,53816,14:56:56,21,2706,Hawk/Capitol Station - Washington Ave & Hawk St (02706),0,1,8,,,55874,15:31:14,,,55936,15:32:16,62,00:01:02,doors opened
07/14/2025,12,4197,Monday,Weekday,East,15651794,53700,14:55:00,53816,14:56:56,20,1789,Washington Ave & S. Swan St (01789),1,3,9,,,55815,15:30:15,,,55850,15:30:50,35,00:00:35,doors opened
07/14/2025,12,4197,Monday,Weekday,East,15651794,53700,14:55:00,53816,14:56:56,19,1788,Washington Ave & Dove St (01788),0,3,11,,,55778,15:29:38,,,55789,15:29:49,11,00:00:11,doors opened
07/14/2025,12,4197,Monday,Weekday,East,15651794,53700,14:55:00,53816,14:56:56,18,2663,Lark/Library Station - Washington Ave & Lark St (02663),2,2,14,55560.0,15:26:00,55713,15:28:33,55560.0,15:26:00,55748,15:29:08,35,00:00:35,doors opened
07/14/2025,12,4197,Monday,Weekday,East,15651794,53700,14:55:00,53816,14:56:56,17,263,Washington Ave & Henry Johnson Blvd (00263),0,0,14,,,55672,15:27:52,,,55672,15:27:52,0,00:00:00,door not opened
07/14/2025,12,4197,Monday,Weekday,East,15651794,53700,14:55:00,53816,14:56:56,16,2096,Washington Ave & Lexington Ave (02096),0,2,14,,,55540,15:25:40,,,55628,15:27:08,88,00:01:28,doors opened
07/14/2025,12,4197,Monday,Weekday,East,15651794,53700,14:55:00,53816,14:56:56,15,3253,Washington Ave & Robin St (Draper Hall) (03253),0,2,16,,,55483,15:24:43,,,55508,15:25:08,25,00:00:25,doors opened
07/14/2025,12,4197,Monday,Weekday,East,15651794,53700,14:55:00,53816,14:56:56,14,2109,Washington Ave & N. Lake Ave (02109),0,0,18,,,55467,15:24:27,,,55467,15:24:27,0,00:00:00,door not opened
07/14/2025,12,4197,Monday,Weekday,East,15651794,53700,14:55:00,53816,14:56:56,13,3255,Washington Ave & Quail St (03255),4,3,18,,,55414,15:23:34,,,55444,15:24:04,30,00:00:30,doors opened
07/14/2025,12,4197,Monday,Weekday,East,15651794,53700,14:55:00,53816,14:56:56,12,3256,Washington Ave & Ontario St (03256),2,1,17,55140.0,15:19:00,55373,15:22:53,55140.0,15:19:00,55393,15:23:13,20,00:00:20,doors opened
07/14/2025,12,4197,Monday,Weekday,East,15651794,53700,14:55:00,53816,14:56:56,11,2107,Washington Ave & Partridge St (02107),3,2,16,,,55315,15:21:55,,,55351,15:22:31,36,00:00:36,doors opened
07/14/2025,12,4197,Monday,Weekday,East,15651794,53700,14:55:00,53816,14:56:56,10,3257,Washington Ave & N. Main Ave (03257),1,1,15,,,55204,15:20:04,,,55251,15:20:51,47,00:00:47,doors opened
07/14/2025,12,4197,Monday,Weekday,East,15651794,53700,14:55:00,53816,14:56:56,9,1796,Washington Ave & N. Allen St (01796),0,2,15,54900.0,15:15:00,55157,15:19:17,54900.0,15:15:00,55176,15:19:36,19,00:00:19,doors opened
07/14/2025,12,4197,Monday,Weekday,East,15651794,53700,14:55:00,53816,14:56:56,8,11581,Washington Ave & Manning Blvd (11581),0,0,17,,,55131,15:18:51,,,55131,15:18:51,0,00:00:00,door not opened
07/14/2025,12,4197,Monday,Weekday,East,15651794,53700,14:55:00,53816,14:56:56,7,2180,Washington Ave & Homestead Ave (02180),0,2,17,,,55075,15:17:55,,,55092,15:18:12,17,00:00:17,doors opened
07/14/2025,12,4197,Monday,Weekday,East,15651794,53700,14:55:00,53816,14:56:56,6,2182,Washington Ave & Hawthorne St (02182),0,0,19,,,55051,15:17:31,,,55051,15:17:31,0,00:00:00,door not opened
07/14/2025,12,4197,Monday,Weekday,East,15651794,53700,14:55:00,53816,14:56:56,5,3304,Washington Ave & Clermont St (03304),0,0,19,,,55037,15:17:17,,,55037,15:17:17,0,00:00:00,door not opened
07/14/2025,12,4197,Monday,Weekday,East,15651794,53700,14:55:00,53816,14:56:56,4,3348,Washington Ave & Brevator St (03348),0,0,19,,,54992,15:16:32,,,54992,15:16:32,0,00:00:00,door not opened
07/14/2025,12,4197,Monday,Weekday,East,15651794,53700,14:55:00,53816,14:56:56,3,10134,Washington Ave & SUNY Exit Rd (10134),2,0,19,,,54807,15:13:27,,,54857,15:14:17,50,00:00:50,doors opened
07/14/2025,12,4197,Monday,Weekday,East,15651794,53700,14:55:00,53816,14:56:56,2,7216,SUNY Collins Circle (07216),2,0,17,54360.0,15:06:00,54634,15:10:34,54360.0,15:06:00,54660,15:11:00,26,00:00:26,doors opened
07/14/2025,12,4197,Monday,Weekday,East,15651794,53700,14:55:00,53816,14:56:56,1,12827,Crossgates Commons Station (12827),10,1,15,54060.0,15:01:00,54208,15:03:28,54060.0,15:01:00,54406,15:06:46,198,00:03:18,doors opened
07/14/2025,12,4197,Monday,Weekday,East,15651794,53700,14:55:00,53816,14:56:56,0,7175,Crossgates Mall Station (07175),6,0,6,53700.0,14:55:00,53816,14:56:56,53700.0,14:55:00,53816,14:56:56,0,00:00:00,doors opened
07/14/2025,12,4197,Monday,Weekday,West,15651796,56400,15:40:00,56490,15:41:30,3,3221,State Station - N. Pearl St & Ten Eyck Plaza (03221),6,0,7,,,56768,15:46:08,,,56875,15:47:55,107,00:01:47,doors opened
07/14/2025,12,4197,Monday,Weekday,West,15651796,56400,15:40:00,56490,15:41:30,2,3233,N. Pearl St & Sheridan Ave (03233),0,0,1,,,56688,15:44:48,,,56688,15:44:48,0,00:00:00,door not opened
07/14/2025,12,4197,Monday,Weekday,West,15651796,56400,15:40:00,56490,15:41:30,1,2168,Clinton Square Station - N. Pearl St & Clinton Ave (02168),1,0,1,,,56594,15:43:14,,,56651,15:44:11,57,00:00:57,doors opened
07/14/2025,12,4197,Monday,Weekday,West,15651796,56400,15:40:00,56490,15:41:30,0,9018,Broadway & Orange St (09018),0,0,0,56400.0,15:40:00,56490,15:41:30,56400.0,15:40:00,56490,15:41:30,0,00:00:00,door not opened
07/14/2025,12,4197,Monday,Weekday,West,15651796,56400,15:40:00,56490,15:41:30,26,7175,Crossgates Mall Station (07175),0,9,0,59040.0,16:24:00,58987,16:23:07,59040.0,16:24:00,58987,16:23:07,0,00:00:00,doors opened
07/14/2025,12,4197,Monday,Weekday,West,15651796,56400,15:40:00,56490,15:41:30,25,12828,Crossgates Commons Station (12828),0,14,9,58620.0,16:17:00,58777,16:19:37,58620.0,16:17:00,58806,16:20:06,29,00:00:29,doors opened
07/14/2025,12,4197,Monday,Weekday,West,15651796,56400,15:40:00,56490,15:41:30,24,12891,1475 Washington Ave (12891),0,1,23,,,58515,16:15:15,,,58529,16:15:29,14,00:00:14,doors opened
07/14/2025,12,4197,Monday,Weekday,West,15651796,56400,15:40:00,56490,15:41:30,23,7216,SUNY Collins Circle (07216),3,0,24,58260.0,16:11:00,58351,16:12:31,58260.0,16:11:00,58375,16:12:55,24,00:00:24,doors opened
07/14/2025,12,4197,Monday,Weekday,West,15651796,56400,15:40:00,56490,15:41:30,22,3262,1383 Washington Ave (Fairfield Inn) (03262),1,4,21,,,58221,16:10:21,,,58245,16:10:45,24,00:00:24,doors opened
07/14/2025,12,4197,Monday,Weekday,West,15651796,56400,15:40:00,56490,15:41:30,21,976,Washington Ave & Brevator St (00976),0,2,24,,,58069,16:07:49,,,58104,16:08:24,35,00:00:35,doors opened
07/14/2025,12,4197,Monday,Weekday,West,15651796,56400,15:40:00,56490,15:41:30,20,1959,Washington Ave & Colvin Ave (01959),1,2,26,,,58009,16:06:49,,,58044,16:07:24,35,00:00:35,doors opened
07/14/2025,12,4197,Monday,Weekday,West,15651796,56400,15:40:00,56490,15:41:30,19,3399,Washington Ave & Danker Ave (03399),0,2,27,,,57969,16:06:09,,,57985,16:06:25,16,00:00:16,doors opened
07/14/2025,12,4197,Monday,Weekday,West,15651796,56400,15:40:00,56490,15:41:30,18,1849,Washington Ave & Homestead Ave (01849),0,2,29,,,57926,16:05:26,,,57945,16:05:45,19,00:00:19,doors opened
07/14/2025,12,4197,Monday,Weekday,West,15651796,56400,15:40:00,56490,15:41:30,17,1846,Washington Ave & Manning Blvd (01846),1,2,31,,,57848,16:04:08,,,57902,16:05:02,54,00:00:54,doors opened
07/14/2025,12,4197,Monday,Weekday,West,15651796,56400,15:40:00,56490,15:41:30,16,3287,Washington Ave & N. Allen St (03287),7,2,32,57780.0,16:03:00,57765,16:02:45,57780.0,16:03:00,57812,16:03:32,47,00:00:47,doors opened
07/14/2025,12,4197,Monday,Weekday,West,15651796,56400,15:40:00,56490,15:41:30,15,3264,Washington Ave & N. Main Ave (03264),6,0,27,,,57684,16:01:24,,,57734,16:02:14,50,00:00:50,doors opened
07/14/2025,12,4197,Monday,Weekday,West,15651796,56400,15:40:00,56490,15:41:30,14,1839,Washington Ave & Partridge St (01839),0,0,21,,,57619,16:00:19,,,57619,16:00:19,0,00:00:00,door not opened
07/14/2025,12,4197,Monday,Weekday,West,15651796,56400,15:40:00,56490,15:41:30,13,1841,Washington Ave & Ontario St (01841),2,1,21,57480.0,15:58:00,57567,15:59:27,57480.0,15:58:00,57596,15:59:56,29,00:00:29,doors opened
07/14/2025,12,4197,Monday,Weekday,West,15651796,56400,15:40:00,56490,15:41:30,12,1837,Washington Ave & N. Lake Ave (01837),8,1,20,,,57440,15:57:20,,,57465,15:57:45,25,00:00:25,doors opened
07/14/2025,12,4197,Monday,Weekday,West,15651796,56400,15:40:00,56490,15:41:30,11,1843,Washington Ave & Robin St (01843),1,1,13,,,57402,15:56:42,,,57416,15:56:56,14,00:00:14,doors opened
07/14/2025,12,4197,Monday,Weekday,West,15651796,56400,15:40:00,56490,15:41:30,10,12943,Washington Ave & Lexington Ave (12943),1,2,13,,,57337,15:55:37,,,57374,15:56:14,37,00:00:37,doors opened
07/14/2025,12,4197,Monday,Weekday,West,15651796,56400,15:40:00,56490,15:41:30,9,12942,Washington Ave & Henry Johnson Blvd (12942),2,1,14,,,57292,15:54:52,,,57305,15:55:05,13,00:00:13,doors opened
07/14/2025,12,4197,Monday,Weekday,West,15651796,56400,15:40:00,56490,15:41:30,8,3239,Lark/Library Station - Washington Ave & Lark St (03239),2,3,13,57060.0,15:51:00,57186,15:53:06,57060.0,15:51:00,57229,15:53:49,43,00:00:43,doors opened
07/14/2025,12,4197,Monday,Weekday,West,15651796,56400,15:40:00,56490,15:41:30,7,3301,Washington Ave & S. Swan St (03301),2,0,14,,,57087,15:51:27,,,57114,15:51:54,27,00:00:27,doors opened
07/14/2025,12,4197,Monday,Weekday,West,15651796,56400,15:40:00,56490,15:41:30,6,3250,Hawk/Capitol Station - Washington Ave & Hawk St (03250),1,0,12,,,57029,15:50:29,,,57062,15:51:02,33,00:00:33,doors opened
07/14/2025,12,4197,Monday,Weekday,West,15651796,56400,15:40:00,56490,15:41:30,5,10087,State St & Eagle St (10087),2,0,11,,,56971,15:49:31,,,56999,15:49:59,28,00:00:28,doors opened
07/14/2025,12,4197,Monday,Weekday,West,15651796,56400,15:40:00,56490,15:41:30,4,2665,State/Downtown Station - State St & Lodge St (02665),2,0,9,56700.0,15:45:00,56909,15:48:29,56700.0,15:45:00,56927,15:48:47,18,00:00:18,doors opened
07/14/2025,12,4197,Monday,Weekday,East,15651902,59700,16:35:00,59765,16:36:05,15,3253,Washington Ave & Robin St (Draper Hall) (03253),0,2,10,,,61250,17:00:50,,,61271,17:01:11,21,00:00:21,doors opened
07/14/2025,12,4197,Monday,Weekday,East,15651902,59700,16:35:00,59765,16:36:05,14,2109,Washington Ave & N. Lake Ave (02109),0,0,12,,,61232,17:00:32,,,61232,17:00:32,0,00:00:00,door not opened
07/14/2025,12,4197,Monday,Weekday,East,15651902,59700,16:35:00,59765,16:36:05,13,3255,Washington Ave & Quail St (03255),0,3,12,,,61175,16:59:35,,,61202,17:00:02,27,00:00:27,doors opened
07/14/2025,12,4197,Monday,Weekday,East,15651902,59700,16:35:00,59765,16:36:05,12,3256,Washington Ave & Ontario St (03256),0,1,15,61140.0,16:59:00,61141,16:59:01,61140.0,16:59:00,61155,16:59:15,14,00:00:14,doors opened
07/14/2025,12,4197,Monday,Weekday,East,15651902,59700,16:35:00,59765,16:36:05,11,2107,Washington Ave & Partridge St (02107),2,0,16,,,61090,16:58:10,,,61121,16:58:41,31,00:00:31,doors opened
07/14/2025,12,4197,Monday,Weekday,East,15651902,59700,16:35:00,59765,16:36:05,10,3257,Washington Ave & N. Main Ave (03257),0,2,14,,,60987,16:56:27,,,61012,16:56:52,25,00:00:25,doors opened
07/14/2025,12,4197,Monday,Weekday,East,15651902,59700,16:35:00,59765,16:36:05,9,1796,Washington Ave & N. Allen St (01796),1,2,16,60900.0,16:55:00,60941,16:55:41,60900.0,16:55:00,60955,16:55:55,14,00:00:14,doors opened
07/14/2025,12,4197,Monday,Weekday,East,15651902,59700,16:35:00,59765,16:36:05,8,11581,Washington Ave & Manning Blvd (11581),2,2,17,,,60887,16:54:47,,,60909,16:55:09,22,00:00:22,doors opened
07/14/2025,12,4197,Monday,Weekday,East,15651902,59700,16:35:00,59765,16:36:05,7,2180,Washington Ave & Homestead Ave (02180),0,3,17,,,60845,16:54:05,,,60862,16:54:22,17,00:00:17,doors opened
07/14/2025,12,4197,Monday,Weekday,East,15651902,59700,16:35:00,59765,16:36:05,6,2182,Washington Ave & Hawthorne St (02182),1,0,20,,,60795,16:53:15,,,60813,16:53:33,18,00:00:18,doors opened
07/14/2025,12,4197,Monday,Weekday,East,15651902,59700,16:35:00,59765,16:36:05,5,3304,Washington Ave & Clermont St (03304),0,0,19,,,60779,16:52:59,,,60779,16:52:59,0,00:00:00,door not opened
07/14/2025,12,4197,Monday,Weekday,East,15651902,59700,16:35:00,59765,16:36:05,4,3348,Washington Ave & Brevator St (03348),0,0,19,,,60760,16:52:40,,,60760,16:52:40,0,00:00:00,door not opened
07/14/2025,12,4197,Monday,Weekday,East,15651902,59700,16:35:00,59765,16:36:05,3,10134,Washington Ave & SUNY Exit Rd (10134),3,0,19,,,60585,16:49:45,,,60614,16:50:14,29,00:00:29,doors opened
07/14/2025,12,4197,Monday,Weekday,East,15651902,59700,16:35:00,59765,16:36:05,24,3940,Broadway & Steuben St (03940),0,1,0,62040.0,17:14:00,61939,17:12:19,62040.0,17:14:00,61939,17:12:19,0,00:00:00,doors opened
07/14/2025,12,4197,Monday,Weekday,East,15651902,59700,16:35:00,59765,16:36:05,23,2509,State/Downtown Station - State St & S. Pearl St (02509),0,1,1,61860.0,17:11:00,61861,17:11:01,61860.0,17:11:00,61883,17:11:23,22,00:00:22,doors opened
07/14/2025,12,4197,Monday,Weekday,East,15651902,59700,16:35:00,59765,16:36:05,22,1787,State St & Eagle St (01787),0,1,2,,,61828,17:10:28,,,61841,17:10:41,13,00:00:13,doors opened
07/14/2025,12,4197,Monday,Weekday,East,15651902,59700,16:35:00,59765,16:36:05,21,2706,Hawk/Capitol Station - Washington Ave & Hawk St (02706),0,0,3,,,61782,17:09:42,,,61782,17:09:42,0,00:00:00,door not opened
07/14/2025,12,4197,Monday,Weekday,East,15651902,59700,16:35:00,59765,16:36:05,20,1789,Washington Ave & S. Swan St (01789),0,0,3,,,61702,17:08:22,,,61702,17:08:22,0,00:00:00,door not opened
07/14/2025,12,4197,Monday,Weekday,East,15651902,59700,16:35:00,59765,16:36:05,19,1788,Washington Ave & Dove St (01788),0,2,3,,,61636,17:07:16,,,61648,17:07:28,12,00:00:12,doors opened
07/14/2025,12,4197,Monday,Weekday,East,15651902,59700,16:35:00,59765,16:36:05,18,2663,Lark/Library Station - Washington Ave & Lark St (02663),0,2,5,61560.0,17:06:00,61600,17:06:40,61560.0,17:06:00,61610,17:06:50,10,00:00:10,doors opened
07/14/2025,12,4197,Monday,Weekday,East,15651902,59700,16:35:00,59765,16:36:05,17,263,Washington Ave & Henry Johnson Blvd (00263),1,5,7,,,61475,17:04:35,,,61553,17:05:53,78,00:01:18,doors opened
07/14/2025,12,4197,Monday,Weekday,East,15651902,59700,16:35:00,59765,16:36:05,16,2096,Washington Ave & Lexington Ave (02096),1,0,11,,,61291,17:01:31,,,61431,17:03:51,140,00:02:20,doors opened
07/14/2025,12,4197,Monday,Weekday,East,15651902,59700,16:35:00,59765,16:36:05,2,7216,SUNY Collins Circle (07216),6,0,16,60360.0,16:46:00,60419,16:46:59,60360.0,16:46:00,60464,16:47:44,45,00:00:45,doors opened
07/14/2025,12,4197,Monday,Weekday,East,15651902,59700,16:35:00,59765,16:36:05,1,12827,Crossgates Commons Station (12827),9,1,10,60060.0,16:41:00,60022,16:40:22,60060.0,16:41:00,60148,16:42:28,126,00:02:06,doors opened
07/14/2025,12,4197,Monday,Weekday,East,15651902,59700,16:35:00,59765,16:36:05,0,7175,Crossgates Mall Station (07175),2,0,2,59700.0,16:35:00,59765,16:36:05,59700.0,16:35:00,59765,16:36:05,0,00:00:00,doors opened
07/14/2025,12,4200,Monday,Weekday,East,15651571,68100,18:55:00,68099,18:54:59,21,2706,Hawk/Capitol Station - Washington Ave & Hawk St (02706),0,0,3,,,69776,19:22:56,,,69776,19:22:56,0,00:00:00,door not opened
07/14/2025,12,4200,Monday,Weekday,East,15651571,68100,18:55:00,68099,18:54:59,20,1789,Washington Ave & S. Swan St (01789),0,0,3,,,69760,19:22:40,,,69760,19:22:40,0,00:00:00,door not opened
07/14/2025,12,4200,Monday,Weekday,East,15651571,68100,18:55:00,68099,18:54:59,19,1788,Washington Ave & Dove St (01788),0,0,3,,,69740,19:22:20,,,69740,19:22:20,0,00:00:00,door not opened
07/14/2025,12,4200,Monday,Weekday,East,15651571,68100,18:55:00,68099,18:54:59,18,2663,Lark/Library Station - Washington Ave & Lark St (02663),0,0,3,69720.0,19:22:00,69723,19:22:03,69720.0,19:22:00,69723,19:22:03,0,00:00:00,door not opened
07/14/2025,12,4200,Monday,Weekday,East,15651571,68100,18:55:00,68099,18:54:59,17,263,Washington Ave & Henry Johnson Blvd (00263),0,2,3,,,69648,19:20:48,,,69648,19:20:48,0,00:00:00,door not opened
07/14/2025,12,4200,Monday,Weekday,East,15651571,68100,18:55:00,68099,18:54:59,16,2096,Washington Ave & Lexington Ave (02096),0,0,5,,,69619,19:20:19,,,69619,19:20:19,0,00:00:00,door not opened
07/14/2025,12,4200,Monday,Weekday,East,15651571,68100,18:55:00,68099,18:54:59,15,3253,Washington Ave & Robin St (Draper Hall) (03253),0,1,5,,,69535,19:18:55,,,69535,19:18:55,0,00:00:00,door not opened
07/14/2025,12,4200,Monday,Weekday,East,15651571,68100,18:55:00,68099,18:54:59,14,2109,Washington Ave & N. Lake Ave (02109),1,0,6,,,69512,19:18:32,,,69512,19:18:32,0,00:00:00,door not opened
07/14/2025,12,4200,Monday,Weekday,East,15651571,68100,18:55:00,68099,18:54:59,13,3255,Washington Ave & Quail St (03255),1,5,5,,,69407,19:16:47,,,69454,19:17:34,47,00:00:47,doors opened
07/14/2025,12,4200,Monday,Weekday,East,15651571,68100,18:55:00,68099,18:54:59,12,3256,Washington Ave & Ontario St (03256),0,0,9,69360.0,19:16:00,69389,19:16:29,69360.0,19:16:00,69389,19:16:29,0,00:00:00,door not opened
07/14/2025,12,4200,Monday,Weekday,East,15651571,68100,18:55:00,68099,18:54:59,11,2107,Washington Ave & Partridge St (02107),0,3,9,,,69344,19:15:44,,,69365,19:16:05,21,00:00:21,doors opened
07/14/2025,12,4200,Monday,Weekday,East,15651571,68100,18:55:00,68099,18:54:59,10,3257,Washington Ave & N. Main Ave (03257),0,1,12,,,69249,19:14:09,,,69301,19:15:01,52,00:00:52,doors opened
07/14/2025,12,4200,Monday,Weekday,East,15651571,68100,18:55:00,68099,18:54:59,9,1796,Washington Ave & N. Allen St (01796),0,2,13,69180.0,19:13:00,69201,19:13:21,69180.0,19:13:00,69216,19:13:36,15,00:00:15,doors opened
07/14/2025,12,4200,Monday,Weekday,East,15651571,68100,18:55:00,68099,18:54:59,8,11581,Washington Ave & Manning Blvd (11581),3,0,15,,,69110,19:11:50,,,69169,19:12:49,59,00:00:59,doors opened
07/14/2025,12,4200,Monday,Weekday,East,15651571,68100,18:55:00,68099,18:54:59,7,2180,Washington Ave & Homestead Ave (02180),0,1,12,,,69066,19:11:06,,,69084,19:11:24,18,00:00:18,doors opened
07/14/2025,12,4200,Monday,Weekday,East,15651571,68100,18:55:00,68099,18:54:59,6,2182,Washington Ave & Hawthorne St (02182),0,1,13,,,69004,19:10:04,,,69037,19:10:37,33,00:00:33,doors opened
07/14/2025,12,4200,Monday,Weekday,East,15651571,68100,18:55:00,68099,18:54:59,5,3304,Washington Ave & Clermont St (03304),0,0,14,,,68987,19:09:47,,,68987,19:09:47,0,00:00:00,door not opened
07/14/2025,12,4200,Monday,Weekday,East,15651571,68100,18:55:00,68099,18:54:59,4,3348,Washington Ave & Brevator St (03348),1,0,14,,,68971,19:09:31,,,68971,19:09:31,0,00:00:00,door not opened
07/14/2025,12,4200,Monday,Weekday,East,15651571,68100,18:55:00,68099,18:54:59,3,10134,Washington Ave & SUNY Exit Rd (10134),2,0,13,,,68859,19:07:39,,,68859,19:07:39,0,00:00:00,door not opened
07/14/2025,12,4200,Monday,Weekday,East,15651571,68100,18:55:00,68099,18:54:59,2,7216,SUNY Collins Circle (07216),7,7,11,68700.0,19:05:00,68675,19:04:35,68700.0,19:05:00,68691,19:04:51,16,00:00:16,doors opened
07/14/2025,12,4200,Monday,Weekday,East,15651571,68100,18:55:00,68099,18:54:59,0,7175,Crossgates Mall Station (07175),9,0,11,68100.0,18:55:00,68099,18:54:59,68100.0,18:55:00,68099,18:54:59,0,00:00:00,doors opened
07/14/2025,12,4200,Monday,Weekday,East,15651571,68100,18:55:00,68099,18:54:59,24,3940,Broadway & Steuben St (03940),0,0,0,70200.0,19:30:00,70059,19:27:39,70200.0,19:30:00,70059,19:27:39,0,00:00:00,door not opened
07/14/2025,12,4200,Monday,Weekday,East,15651571,68100,18:55:00,68099,18:54:59,23,2509,State/Downtown Station - State St & S. Pearl St (02509),0,0,0,70020.0,19:27:00,69972,19:26:12,70020.0,19:27:00,69972,19:26:12,0,00:00:00,door not opened
07/14/2025,12,4200,Monday,Weekday,East,15651571,68100,18:55:00,68099,18:54:59,22,1787,State St & Eagle St (01787),0,3,0,,,69937,19:25:37,,,69958,19:25:58,21,00:00:21,doors opened
07/14/2025,12,4200,Monday,Weekday,West,15651574,70800,19:40:00,70974,19:42:54,27,7175,Crossgates Mall Station (07175),0,2,0,73020.0,20:17:00,72643,20:10:43,73020.0,20:17:00,72643,20:10:43,0,00:00:00,doors opened
07/14/2025,12,4200,Monday,Weekday,West,15651574,70800,19:40:00,70974,19:42:54,26,12828,Crossgates Commons Station (12828),0,1,2,72600.0,20:10:00,72399,20:06:39,72600.0,20:10:00,72420,20:07:00,21,00:00:21,doors opened
07/14/2025,12,4200,Monday,Weekday,West,15651574,70800,19:40:00,70974,19:42:54,22,976,Washington Ave & Brevator St (00976),0,0,3,,,71939,19:58:59,,,71939,19:58:59,0,00:00:00,door not opened
07/14/2025,12,4200,Monday,Weekday,West,15651574,70800,19:40:00,70974,19:42:54,21,1959,Washington Ave & Colvin Ave (01959),0,2,3,,,71892,19:58:12,,,71918,19:58:38,26,00:00:26,doors opened
07/14/2025,12,4200,Monday,Weekday,West,15651574,70800,19:40:00,70974,19:42:54,20,3399,Washington Ave & Danker Ave (03399),0,0,5,,,71869,19:57:49,,,71869,19:57:49,0,00:00:00,door not opened
07/14/2025,12,4200,Monday,Weekday,West,15651574,70800,19:40:00,70974,19:42:54,19,1849,Washington Ave & Homestead Ave (01849),0,0,5,,,71846,19:57:26,,,71846,19:57:26,0,00:00:00,door not opened
07/14/2025,12,4200,Monday,Weekday,West,15651574,70800,19:40:00,70974,19:42:54,18,1846,Washington Ave & Manning Blvd (01846),0,1,5,,,71782,19:56:22,,,71821,19:57:01,39,00:00:39,doors opened
07/14/2025,12,4200,Monday,Weekday,West,15651574,70800,19:40:00,70974,19:42:54,17,3287,Washington Ave & N. Allen St (03287),1,0,6,71820.0,19:57:00,71737,19:55:37,71820.0,19:57:00,71751,19:55:51,14,00:00:14,doors opened
07/14/2025,12,4200,Monday,Weekday,West,15651574,70800,19:40:00,70974,19:42:54,16,3264,Washington Ave & N. Main Ave (03264),0,0,5,,,71708,19:55:08,,,71708,19:55:08,0,00:00:00,door not opened
07/14/2025,12,4200,Monday,Weekday,West,15651574,70800,19:40:00,70974,19:42:54,15,1839,Washington Ave & Partridge St (01839),1,0,5,,,71595,19:53:15,,,71636,19:53:56,41,00:00:41,doors opened
07/14/2025,12,4200,Monday,Weekday,West,15651574,70800,19:40:00,70974,19:42:54,14,1841,Washington Ave & Ontario St (01841),0,0,4,71640.0,19:54:00,71575,19:52:55,71640.0,19:54:00,71575,19:52:55,0,00:00:00,door not opened
07/14/2025,12,4200,Monday,Weekday,West,15651574,70800,19:40:00,70974,19:42:54,13,1842,Washington Ave & Quail St (01842),1,0,4,,,71528,19:52:08,,,71550,19:52:30,22,00:00:22,doors opened
07/14/2025,12,4200,Monday,Weekday,West,15651574,70800,19:40:00,70974,19:42:54,12,1837,Washington Ave & N. Lake Ave (01837),0,0,3,,,71499,19:51:39,,,71499,19:51:39,0,00:00:00,door not opened
07/14/2025,12,4200,Monday,Weekday,West,15651574,70800,19:40:00,70974,19:42:54,11,1843,Washington Ave & Robin St (01843),0,0,3,,,71477,19:51:17,,,71477,19:51:17,0,00:00:00,door not opened
07/14/2025,12,4200,Monday,Weekday,West,15651574,70800,19:40:00,70974,19:42:54,10,12943,Washington Ave & Lexington Ave (12943),0,1,3,,,71423,19:50:23,,,71438,19:50:38,15,00:00:15,doors opened
07/14/2025,12,4200,Monday,Weekday,West,15651574,70800,19:40:00,70974,19:42:54,9,12942,Washington Ave & Henry Johnson Blvd (12942),0,0,4,,,71392,19:49:52,,,71392,19:49:52,0,00:00:00,door not opened
07/14/2025,12,4200,Monday,Weekday,West,15651574,70800,19:40:00,70974,19:42:54,8,3239,Lark/Library Station - Washington Ave & Lark St (03239),1,0,4,71280.0,19:48:00,71288,19:48:08,71280.0,19:48:00,71318,19:48:38,30,00:00:30,doors opened
07/14/2025,12,4200,Monday,Weekday,West,15651574,70800,19:40:00,70974,19:42:54,7,3301,Washington Ave & S. Swan St (03301),0,0,3,,,71247,19:47:27,,,71247,19:47:27,0,00:00:00,door not opened
07/14/2025,12,4200,Monday,Weekday,West,15651574,70800,19:40:00,70974,19:42:54,6,3250,Hawk/Capitol Station - Washington Ave & Hawk St (03250),0,0,3,,,71228,19:47:08,,,71228,19:47:08,0,00:00:00,door not opened
07/14/2025,12,4200,Monday,Weekday,West,15651574,70800,19:40:00,70974,19:42:54,5,10087,State St & Eagle St (10087),0,0,3,,,71196,19:46:36,,,71196,19:46:36,0,00:00:00,door not opened
07/14/2025,12,4200,Monday,Weekday,West,15651574,70800,19:40:00,70974,19:42:54,4,2665,State/Downtown Station - State St & Lodge St (02665),0,0,3,71040.0,19:44:00,71159,19:45:59,71040.0,19:44:00,71159,19:45:59,0,00:00:00,door not opened
07/14/2025,12,4200,Monday,Weekday,West,15651574,70800,19:40:00,70974,19:42:54,3,3221,State Station - N. Pearl St & Ten Eyck Plaza (03221),2,0,3,,,71055,19:44:15,,,71126,19:45:26,71,00:01:11,doors opened
07/14/2025,12,4200,Monday,Weekday,West,15651574,70800,19:40:00,70974,19:42:54,2,3233,N. Pearl St & Sheridan Ave (03233),0,0,1,,,71020,19:43:40,,,71020,19:43:40,0,00:00:00,door not opened
07/14/2025,12,4200,Monday,Weekday,West,15651574,70800,19:40:00,70974,19:42:54,1,2168,Clinton Square Station - N. Pearl St & Clinton Ave (02168),0,0,1,,,71007,19:43:27,,,71007,19:43:27,0,00:00:00,door not opened
07/14/2025,12,4200,Monday,Weekday,West,15651574,70800,19:40:00,70974,19:42:54,0,9018,Broadway & Orange St (09018),0,0,1,70800.0,19:40:00,70974,19:42:54,70800.0,19:40:00,70974,19:42:54,0,00:00:00,door not opened
07/14/2025,12,4201,Monday,Weekday,East,15649073,41700,11:35:00,41840,11:37:20,24,3940,Broadway & Steuben St (03940),0,0,0,43800.0,12:10:00,43798,12:09:58,43800.0,12:10:00,43798,12:09:58,0,00:00:00,doors opened
07/14/2025,12,4201,Monday,Weekday,East,15649073,41700,11:35:00,41840,11:37:20,23,2509,State/Downtown Station - State St & S. Pearl St (02509),0,2,0,43620.0,12:07:00,43729,12:08:49,43620.0,12:07:00,43744,12:09:04,15,00:00:15,doors opened
07/14/2025,12,4201,Monday,Weekday,East,15649073,41700,11:35:00,41840,11:37:20,22,1787,State St & Eagle St (01787),0,1,2,,,43682,12:08:02,,,43696,12:08:16,14,00:00:14,doors opened
07/14/2025,12,4201,Monday,Weekday,East,15649073,41700,11:35:00,41840,11:37:20,21,2706,Hawk/Capitol Station - Washington Ave & Hawk St (02706),0,1,3,,,43538,12:05:38,,,43583,12:06:23,45,00:00:45,doors opened
07/14/2025,12,4201,Monday,Weekday,East,15649073,41700,11:35:00,41840,11:37:20,20,1789,Washington Ave & S. Swan St (01789),0,0,4,,,43513,12:05:13,,,43513,12:05:13,0,00:00:00,door not opened
07/14/2025,12,4201,Monday,Weekday,East,15649073,41700,11:35:00,41840,11:37:20,19,1788,Washington Ave & Dove St (01788),0,0,4,,,43440,12:04:00,,,43440,12:04:00,0,00:00:00,door not opened
07/14/2025,12,4201,Monday,Weekday,East,15649073,41700,11:35:00,41840,11:37:20,18,2663,Lark/Library Station - Washington Ave & Lark St (02663),0,3,4,43320.0,12:02:00,43394,12:03:14,43320.0,12:02:00,43411,12:03:31,17,00:00:17,doors opened
07/14/2025,12,4201,Monday,Weekday,East,15649073,41700,11:35:00,41840,11:37:20,17,263,Washington Ave & Henry Johnson Blvd (00263),0,1,7,,,43345,12:02:25,,,43355,12:02:35,10,00:00:10,doors opened
07/14/2025,12,4201,Monday,Weekday,East,15649073,41700,11:35:00,41840,11:37:20,16,2096,Washington Ave & Lexington Ave (02096),0,1,8,,,43232,12:00:32,,,43313,12:01:53,81,00:01:21,doors opened
07/14/2025,12,4201,Monday,Weekday,East,15649073,41700,11:35:00,41840,11:37:20,15,3253,Washington Ave & Robin St (Draper Hall) (03253),1,0,9,,,43183,11:59:43,,,43208,12:00:08,25,00:00:25,doors opened
07/14/2025,12,4201,Monday,Weekday,East,15649073,41700,11:35:00,41840,11:37:20,14,2109,Washington Ave & N. Lake Ave (02109),0,0,8,,,43162,11:59:22,,,43162,11:59:22,0,00:00:00,door not opened
07/14/2025,12,4201,Monday,Weekday,East,15649073,41700,11:35:00,41840,11:37:20,13,3255,Washington Ave & Quail St (03255),0,1,8,,,43073,11:57:53,,,43108,11:58:28,35,00:00:35,doors opened
07/14/2025,12,4201,Monday,Weekday,East,15649073,41700,11:35:00,41840,11:37:20,12,3256,Washington Ave & Ontario St (03256),2,1,9,42960.0,11:56:00,43000,11:56:40,42960.0,11:56:00,43047,11:57:27,47,00:00:47,doors opened
07/14/2025,12,4201,Monday,Weekday,East,15649073,41700,11:35:00,41840,11:37:20,11,2107,Washington Ave & Partridge St (02107),0,0,8,,,42981,11:56:21,,,42981,11:56:21,0,00:00:00,door not opened
07/14/2025,12,4201,Monday,Weekday,East,15649073,41700,11:35:00,41840,11:37:20,10,3257,Washington Ave & N. Main Ave (03257),0,0,8,,,42916,11:55:16,,,42916,11:55:16,0,00:00:00,door not opened
07/14/2025,12,4201,Monday,Weekday,East,15649073,41700,11:35:00,41840,11:37:20,9,1796,Washington Ave & N. Allen St (01796),0,0,8,42780.0,11:53:00,42883,11:54:43,42780.0,11:53:00,42883,11:54:43,0,00:00:00,door not opened
07/14/2025,12,4201,Monday,Weekday,East,15649073,41700,11:35:00,41840,11:37:20,8,11581,Washington Ave & Manning Blvd (11581),1,0,8,,,42829,11:53:49,,,42843,11:54:03,14,00:00:14,doors opened
07/14/2025,12,4201,Monday,Weekday,East,15649073,41700,11:35:00,41840,11:37:20,7,2180,Washington Ave & Homestead Ave (02180),0,0,7,,,42809,11:53:29,,,42809,11:53:29,0,00:00:00,door not opened
07/14/2025,12,4201,Monday,Weekday,East,15649073,41700,11:35:00,41840,11:37:20,6,2182,Washington Ave & Hawthorne St (02182),1,0,7,,,42749,11:52:29,,,42775,11:52:55,26,00:00:26,doors opened
07/14/2025,12,4201,Monday,Weekday,East,15649073,41700,11:35:00,41840,11:37:20,5,3304,Washington Ave & Clermont St (03304),1,0,6,,,42682,11:51:22,,,42721,11:52:01,39,00:00:39,doors opened
07/14/2025,12,4201,Monday,Weekday,East,15649073,41700,11:35:00,41840,11:37:20,4,3348,Washington Ave & Brevator St (03348),0,0,5,,,42670,11:51:10,,,42670,11:51:10,0,00:00:00,door not opened
07/14/2025,12,4201,Monday,Weekday,East,15649073,41700,11:35:00,41840,11:37:20,3,10134,Washington Ave & SUNY Exit Rd (10134),0,0,5,,,42576,11:49:36,,,42576,11:49:36,0,00:00:00,door not opened
07/14/2025,12,4201,Monday,Weekday,East,15649073,41700,11:35:00,41840,11:37:20,2,7216,SUNY Collins Circle (07216),1,0,5,42300.0,11:45:00,42448,11:47:28,42300.0,11:45:00,42477,11:47:57,29,00:00:29,doors opened
07/14/2025,12,4201,Monday,Weekday,East,15649073,41700,11:35:00,41840,11:37:20,1,12827,Crossgates Commons Station (12827),3,0,4,42000.0,11:40:00,42127,11:42:07,42000.0,11:40:00,42255,11:44:15,128,00:02:08,doors opened
07/14/2025,12,4201,Monday,Weekday,East,15649073,41700,11:35:00,41840,11:37:20,0,7175,Crossgates Mall Station (07175),1,0,1,41700.0,11:35:00,41840,11:37:20,41700.0,11:35:00,41840,11:37:20,0,00:00:00,doors opened
07/14/2025,12,4201,Monday,Weekday,West,15649068,33600,09:20:00,33606,09:20:06,16,3264,Washington Ave & N. Main Ave (03264),3,0,11,,,34609,09:36:49,,,34744,09:39:04,135,00:02:15,doors opened
07/14/2025,12,4201,Monday,Weekday,West,15649068,33600,09:20:00,33606,09:20:06,15,1839,Washington Ave & Partridge St (01839),0,5,8,,,34522,09:35:22,,,34548,09:35:48,26,00:00:26,doors opened
07/14/2025,12,4201,Monday,Weekday,West,15649068,33600,09:20:00,33606,09:20:06,14,1841,Washington Ave & Ontario St (01841),0,1,13,34620.0,09:37:00,34485,09:34:45,34620.0,09:37:00,34496,09:34:56,11,00:00:11,doors opened
07/14/2025,12,4201,Monday,Weekday,West,15649068,33600,09:20:00,33606,09:20:06,13,1842,Washington Ave & Quail St (01842),1,1,14,,,34442,09:34:02,,,34460,09:34:20,18,00:00:18,doors opened
07/14/2025,12,4201,Monday,Weekday,West,15649068,33600,09:20:00,33606,09:20:06,12,1837,Washington Ave & N. Lake Ave (01837),1,0,14,,,34394,09:33:14,,,34413,09:33:33,19,00:00:19,doors opened
07/14/2025,12,4201,Monday,Weekday,West,15649068,33600,09:20:00,33606,09:20:06,11,1843,Washington Ave & Robin St (01843),0,0,13,,,34373,09:32:53,,,34373,09:32:53,0,00:00:00,door not opened
07/14/2025,12,4201,Monday,Weekday,West,15649068,33600,09:20:00,33606,09:20:06,10,12943,Washington Ave & Lexington Ave (12943),0,2,13,,,34329,09:32:09,,,34346,09:32:26,17,00:00:17,doors opened
07/14/2025,12,4201,Monday,Weekday,West,15649068,33600,09:20:00,33606,09:20:06,9,12942,Washington Ave & Henry Johnson Blvd (12942),1,0,15,,,34239,09:30:39,,,34251,09:30:51,12,00:00:12,doors opened
07/14/2025,12,4201,Monday,Weekday,West,15649068,33600,09:20:00,33606,09:20:06,8,3239,Lark/Library Station - Washington Ave & Lark St (03239),4,0,14,34200.0,09:30:00,34152,09:29:12,34200.0,09:30:00,34192,09:29:52,40,00:00:40,doors opened
07/14/2025,12,4201,Monday,Weekday,West,15649068,33600,09:20:00,33606,09:20:06,7,3301,Washington Ave & S. Swan St (03301),0,0,10,,,34113,09:28:33,,,34113,09:28:33,0,00:00:00,door not opened
07/14/2025,12,4201,Monday,Weekday,West,15649068,33600,09:20:00,33606,09:20:06,6,3250,Hawk/Capitol Station - Washington Ave & Hawk St (03250),0,1,10,,,34071,09:27:51,,,34086,09:28:06,15,00:00:15,doors opened
07/14/2025,12,4201,Monday,Weekday,West,15649068,33600,09:20:00,33606,09:20:06,5,10087,State St & Eagle St (10087),0,0,11,,,34045,09:27:25,,,34045,09:27:25,0,00:00:00,door not opened
07/14/2025,12,4201,Monday,Weekday,West,15649068,33600,09:20:00,33606,09:20:06,4,2665,State/Downtown Station - State St & Lodge St (02665),1,0,11,33900.0,09:25:00,33954,09:25:54,33900.0,09:25:00,33983,09:26:23,29,00:00:29,doors opened
07/14/2025,12,4201,Monday,Weekday,West,15649068,33600,09:20:00,33606,09:20:06,27,7175,Crossgates Mall Station (07175),0,7,0,36120.0,10:02:00,36172,10:02:52,36120.0,10:02:00,36172,10:02:52,0,00:00:00,doors opened
07/14/2025,12,4201,Monday,Weekday,West,15649068,33600,09:20:00,33606,09:20:06,26,12828,Crossgates Commons Station (12828),1,5,7,35700.0,09:55:00,35881,09:58:01,35700.0,09:55:00,35913,09:58:33,32,00:00:32,doors opened
07/14/2025,12,4201,Monday,Weekday,West,15649068,33600,09:20:00,33606,09:20:06,25,12891,1475 Washington Ave (12891),0,0,11,,,35654,09:54:14,,,35654,09:54:14,0,00:00:00,door not opened
07/14/2025,12,4201,Monday,Weekday,West,15649068,33600,09:20:00,33606,09:20:06,24,7216,SUNY Collins Circle (07216),0,4,11,35340.0,09:49:00,35499,09:51:39,35340.0,09:49:00,35515,09:51:55,16,00:00:16,doors opened
07/14/2025,12,4201,Monday,Weekday,West,15649068,33600,09:20:00,33606,09:20:06,23,3262,1383 Washington Ave (Fairfield Inn) (03262),3,3,15,,,35256,09:47:36,,,35350,09:49:10,94,00:01:34,doors opened
07/14/2025,12,4201,Monday,Weekday,West,15649068,33600,09:20:00,33606,09:20:06,22,976,Washington Ave & Brevator St (00976),0,0,15,,,35112,09:45:12,,,35112,09:45:12,0,00:00:00,door not opened
07/14/2025,12,4201,Monday,Weekday,West,15649068,33600,09:20:00,33606,09:20:06,21,1959,Washington Ave & Colvin Ave (01959),1,1,15,,,35036,09:43:56,,,35092,09:44:52,56,00:00:56,doors opened
07/14/2025,12,4201,Monday,Weekday,West,15649068,33600,09:20:00,33606,09:20:06,20,3399,Washington Ave & Danker Ave (03399),0,0,15,,,34999,09:43:19,,,34999,09:43:19,0,00:00:00,door not opened
07/14/2025,12,4201,Monday,Weekday,West,15649068,33600,09:20:00,33606,09:20:06,19,1849,Washington Ave & Homestead Ave (01849),3,0,15,,,34951,09:42:31,,,34976,09:42:56,25,00:00:25,doors opened
07/14/2025,12,4201,Monday,Weekday,West,15649068,33600,09:20:00,33606,09:20:06,18,1846,Washington Ave & Manning Blvd (01846),0,0,12,,,34927,09:42:07,,,34927,09:42:07,0,00:00:00,door not opened
07/14/2025,12,4201,Monday,Weekday,West,15649068,33600,09:20:00,33606,09:20:06,17,3287,Washington Ave & N. Allen St (03287),2,1,12,34860.0,09:41:00,34785,09:39:45,34860.0,09:41:00,34861,09:41:01,76,00:01:16,doors opened
07/14/2025,12,4201,Monday,Weekday,West,15649068,33600,09:20:00,33606,09:20:06,3,3221,State Station - N. Pearl St & Ten Eyck Plaza (03221),8,0,10,,,33832,09:23:52,,,33883,09:24:43,51,00:00:51,doors opened
07/14/2025,12,4201,Monday,Weekday,West,15649068,33600,09:20:00,33606,09:20:06,2,3233,N. Pearl St & Sheridan Ave (03233),1,0,2,,,33774,09:22:54,,,33787,09:23:07,13,00:00:13,doors opened
07/14/2025,12,4201,Monday,Weekday,West,15649068,33600,09:20:00,33606,09:20:06,1,2168,Clinton Square Station - N. Pearl St & Clinton Ave (02168),1,0,1,,,33728,09:22:08,,,33757,09:22:37,29,00:00:29,doors opened
07/14/2025,12,4201,Monday,Weekday,West,15649068,33600,09:20:00,33606,09:20:06,0,9018,Broadway & Orange St (09018),1,1,0,33600.0,09:20:00,33606,09:20:06,33600.0,09:20:00,33606,09:20:06,0,00:00:00,doors opened
07/14/2025,12,4205,Monday,Weekday,East,15652737,52500,14:35:00,52555,14:35:55,24,3940,Broadway & Steuben St (03940),0,1,0,54780.0,15:13:00,54550,15:09:10,54780.0,15:13:00,54550,15:09:10,0,00:00:00,doors opened
07/14/2025,12,4205,Monday,Weekday,East,15652737,52500,14:35:00,52555,14:35:55,23,2509,State/Downtown Station - State St & S. Pearl St (02509),0,9,1,54600.0,15:10:00,54398,15:06:38,54600.0,15:10:00,54466,15:07:46,68,00:01:08,doors opened
07/14/2025,12,4205,Monday,Weekday,East,15652737,52500,14:35:00,52555,14:35:55,22,1787,State St & Eagle St (01787),0,0,10,,,54382,15:06:22,,,54382,15:06:22,0,00:00:00,door not opened
07/14/2025,12,4205,Monday,Weekday,East,15652737,52500,14:35:00,52555,14:35:55,21,2706,Hawk/Capitol Station - Washington Ave & Hawk St (02706),0,0,10,,,54298,15:04:58,,,54298,15:04:58,0,00:00:00,door not opened
07/14/2025,12,4205,Monday,Weekday,East,15652737,52500,14:35:00,52555,14:35:55,20,1789,Washington Ave & S. Swan St (01789),0,3,10,,,54245,15:04:05,,,54273,15:04:33,28,00:00:28,doors opened
07/14/2025,12,4205,Monday,Weekday,East,15652737,52500,14:35:00,52555,14:35:55,19,1788,Washington Ave & Dove St (01788),0,0,13,,,54224,15:03:44,,,54224,15:03:44,0,00:00:00,door not opened
07/14/2025,12,4205,Monday,Weekday,East,15652737,52500,14:35:00,52555,14:35:55,18,2663,Lark/Library Station - Washington Ave & Lark St (02663),1,6,13,54300.0,15:05:00,54166,15:02:46,54300.0,15:05:00,54203,15:03:23,37,00:00:37,doors opened
07/14/2025,12,4205,Monday,Weekday,East,15652737,52500,14:35:00,52555,14:35:55,17,263,Washington Ave & Henry Johnson Blvd (00263),0,4,18,,,54107,15:01:47,,,54135,15:02:15,28,00:00:28,doors opened
07/14/2025,12,4205,Monday,Weekday,East,15652737,52500,14:35:00,52555,14:35:55,16,2096,Washington Ave & Lexington Ave (02096),0,0,22,,,53980,14:59:40,,,54080,15:01:20,100,00:01:40,doors opened
07/14/2025,12,4205,Monday,Weekday,East,15652737,52500,14:35:00,52555,14:35:55,15,3253,Washington Ave & Robin St (Draper Hall) (03253),1,0,22,,,53940,14:59:00,,,53961,14:59:21,21,00:00:21,doors opened
07/14/2025,12,4205,Monday,Weekday,East,15652737,52500,14:35:00,52555,14:35:55,14,2109,Washington Ave & N. Lake Ave (02109),7,0,21,,,53876,14:57:56,,,53921,14:58:41,45,00:00:45,doors opened
07/14/2025,12,4205,Monday,Weekday,East,15652737,52500,14:35:00,52555,14:35:55,13,3255,Washington Ave & Quail St (03255),0,7,14,,,53818,14:56:58,,,53853,14:57:33,35,00:00:35,doors opened
07/14/2025,12,4205,Monday,Weekday,East,15652737,52500,14:35:00,52555,14:35:55,12,3256,Washington Ave & Ontario St (03256),0,0,21,53880.0,14:58:00,53802,14:56:42,53880.0,14:58:00,53802,14:56:42,0,00:00:00,door not opened
07/14/2025,12,4205,Monday,Weekday,East,15652737,52500,14:35:00,52555,14:35:55,11,2107,Washington Ave & Partridge St (02107),0,0,21,,,53786,14:56:26,,,53786,14:56:26,0,00:00:00,door not opened
07/14/2025,12,4205,Monday,Weekday,East,15652737,52500,14:35:00,52555,14:35:55,10,3257,Washington Ave & N. Main Ave (03257),1,5,21,,,53666,14:54:26,,,53704,14:55:04,38,00:00:38,doors opened
07/14/2025,12,4205,Monday,Weekday,East,15652737,52500,14:35:00,52555,14:35:55,9,1796,Washington Ave & N. Allen St (01796),0,1,25,53700.0,14:55:00,53620,14:53:40,53700.0,14:55:00,53636,14:53:56,16,00:00:16,doors opened
07/14/2025,12,4205,Monday,Weekday,East,15652737,52500,14:35:00,52555,14:35:55,8,11581,Washington Ave & Manning Blvd (11581),2,1,26,,,53574,14:52:54,,,53592,14:53:12,18,00:00:18,doors opened
07/14/2025,12,4205,Monday,Weekday,East,15652737,52500,14:35:00,52555,14:35:55,7,2180,Washington Ave & Homestead Ave (02180),1,3,25,,,53534,14:52:14,,,53550,14:52:30,16,00:00:16,doors opened
07/14/2025,12,4205,Monday,Weekday,East,15652737,52500,14:35:00,52555,14:35:55,6,2182,Washington Ave & Hawthorne St (02182),4,0,27,,,53489,14:51:29,,,53509,14:51:49,20,00:00:20,doors opened
07/14/2025,12,4205,Monday,Weekday,East,15652737,52500,14:35:00,52555,14:35:55,5,3304,Washington Ave & Clermont St (03304),0,0,23,,,53467,14:51:07,,,53467,14:51:07,0,00:00:00,door not opened
07/14/2025,12,4205,Monday,Weekday,East,15652737,52500,14:35:00,52555,14:35:55,4,3348,Washington Ave & Brevator St (03348),0,2,23,,,53412,14:50:12,,,53448,14:50:48,36,00:00:36,doors opened
07/14/2025,12,4205,Monday,Weekday,East,15652737,52500,14:35:00,52555,14:35:55,3,10134,Washington Ave & SUNY Exit Rd (10134),2,0,25,,,53281,14:48:01,,,53302,14:48:22,21,00:00:21,doors opened
07/14/2025,12,4205,Monday,Weekday,East,15652737,52500,14:35:00,52555,14:35:55,2,7216,SUNY Collins Circle (07216),11,0,23,53160.0,14:46:00,53146,14:45:46,53160.0,14:46:00,53192,14:46:32,46,00:00:46,doors opened
07/14/2025,12,4205,Monday,Weekday,East,15652737,52500,14:35:00,52555,14:35:55,1,12827,Crossgates Commons Station (12827),9,1,12,52860.0,14:41:00,52833,14:40:33,52860.0,14:41:00,52910,14:41:50,77,00:01:17,doors opened
07/14/2025,12,4205,Monday,Weekday,East,15652737,52500,14:35:00,52555,14:35:55,0,7175,Crossgates Mall Station (07175),4,0,4,52500.0,14:35:00,52555,14:35:55,52500.0,14:35:00,52555,14:35:55,0,00:00:00,doors opened
07/14/2025,12,4205,Monday,Weekday,West,15652742,61200,17:00:00,61243,17:00:43,4,2665,State/Downtown Station - State St & Lodge St (02665),1,0,8,61500.0,17:05:00,61568,17:06:08,61500.0,17:05:00,61590,17:06:30,22,00:00:22,doors opened
07/14/2025,12,4205,Monday,Weekday,West,15652742,61200,17:00:00,61243,17:00:43,3,3221,State Station - N. Pearl St & Ten Eyck Plaza (03221),2,0,7,,,61525,17:05:25,,,61539,17:05:39,14,00:00:14,doors opened
07/14/2025,12,4205,Monday,Weekday,West,15652742,61200,17:00:00,61243,17:00:43,2,3233,N. Pearl St & Sheridan Ave (03233),1,0,5,,,61427,17:03:47,,,61443,17:04:03,16,00:00:16,doors opened
07/14/2025,12,4205,Monday,Weekday,West,15652742,61200,17:00:00,61243,17:00:43,1,2168,Clinton Square Station - N. Pearl St & Clinton Ave (02168),2,0,4,,,61349,17:02:29,,,61410,17:03:30,61,00:01:01,doors opened
07/14/2025,12,4205,Monday,Weekday,West,15652742,61200,17:00:00,61243,17:00:43,0,9018,Broadway & Orange St (09018),1,0,2,61200.0,17:00:00,61243,17:00:43,61200.0,17:00:00,61243,17:00:43,0,00:00:00,doors opened
07/14/2025,12,4205,Monday,Weekday,West,15652742,61200,17:00:00,61243,17:00:43,27,7175,Crossgates Mall Station (07175),0,5,0,63840.0,17:44:00,63618,17:40:18,63840.0,17:44:00,63618,17:40:18,0,00:00:00,doors opened
07/14/2025,12,4205,Monday,Weekday,West,15652742,61200,17:00:00,61243,17:00:43,26,12828,Crossgates Commons Station (12828),0,8,5,63420.0,17:37:00,63397,17:36:37,63420.0,17:37:00,63423,17:37:03,26,00:00:26,doors opened
07/14/2025,12,4205,Monday,Weekday,West,15652742,61200,17:00:00,61243,17:00:43,25,12891,1475 Washington Ave (12891),1,3,13,,,63132,17:32:12,,,63158,17:32:38,26,00:00:26,doors opened
07/14/2025,12,4205,Monday,Weekday,West,15652742,61200,17:00:00,61243,17:00:43,24,7216,SUNY Collins Circle (07216),1,1,15,63000.0,17:30:00,62960,17:29:20,63000.0,17:30:00,62979,17:29:39,19,00:00:19,doors opened
07/14/2025,12,4205,Monday,Weekday,West,15652742,61200,17:00:00,61243,17:00:43,23,3262,1383 Washington Ave (Fairfield Inn) (03262),0,7,15,,,62837,17:27:17,,,62862,17:27:42,25,00:00:25,doors opened
07/14/2025,12,4205,Monday,Weekday,West,15652742,61200,17:00:00,61243,17:00:43,22,976,Washington Ave & Brevator St (00976),0,0,22,,,62727,17:25:27,,,62727,17:25:27,0,00:00:00,door not opened
07/14/2025,12,4205,Monday,Weekday,West,15652742,61200,17:00:00,61243,17:00:43,21,1959,Washington Ave & Colvin Ave (01959),0,3,22,,,62684,17:24:44,,,62703,17:25:03,19,00:00:19,doors opened
07/14/2025,12,4205,Monday,Weekday,West,15652742,61200,17:00:00,61243,17:00:43,20,3399,Washington Ave & Danker Ave (03399),0,1,25,,,62650,17:24:10,,,62662,17:24:22,12,00:00:12,doors opened
07/14/2025,12,4205,Monday,Weekday,West,15652742,61200,17:00:00,61243,17:00:43,19,1849,Washington Ave & Homestead Ave (01849),3,1,26,,,62606,17:23:26,,,62626,17:23:46,20,00:00:20,doors opened
07/14/2025,12,4205,Monday,Weekday,West,15652742,61200,17:00:00,61243,17:00:43,18,1846,Washington Ave & Manning Blvd (01846),0,1,24,,,62545,17:22:25,,,62586,17:23:06,41,00:00:41,doors opened
07/14/2025,12,4205,Monday,Weekday,West,15652742,61200,17:00:00,61243,17:00:43,17,3287,Washington Ave & N. Allen St (03287),1,6,25,62520.0,17:22:00,62497,17:21:37,62520.0,17:22:00,62517,17:21:57,20,00:00:20,doors opened
07/14/2025,12,4205,Monday,Weekday,West,15652742,61200,17:00:00,61243,17:00:43,16,3264,Washington Ave & N. Main Ave (03264),1,1,30,,,62452,17:20:52,,,62468,17:21:08,16,00:00:16,doors opened
07/14/2025,12,4205,Monday,Weekday,West,15652742,61200,17:00:00,61243,17:00:43,15,1839,Washington Ave & Partridge St (01839),0,0,30,,,62352,17:19:12,,,62352,17:19:12,0,00:00:00,door not opened
07/14/2025,12,4205,Monday,Weekday,West,15652742,61200,17:00:00,61243,17:00:43,14,1841,Washington Ave & Ontario St (01841),5,1,30,62280.0,17:18:00,62304,17:18:24,62280.0,17:18:00,62331,17:18:51,27,00:00:27,doors opened
07/14/2025,12,4205,Monday,Weekday,West,15652742,61200,17:00:00,61243,17:00:43,13,1842,Washington Ave & Quail St (01842),7,2,26,,,62221,17:17:01,,,62284,17:18:04,63,00:01:03,doors opened
07/14/2025,12,4205,Monday,Weekday,West,15652742,61200,17:00:00,61243,17:00:43,12,1837,Washington Ave & N. Lake Ave (01837),4,1,21,,,62177,17:16:17,,,62197,17:16:37,20,00:00:20,doors opened
07/14/2025,12,4205,Monday,Weekday,West,15652742,61200,17:00:00,61243,17:00:43,11,1843,Washington Ave & Robin St (01843),1,1,18,,,62139,17:15:39,,,62155,17:15:55,16,00:00:16,doors opened
07/14/2025,12,4205,Monday,Weekday,West,15652742,61200,17:00:00,61243,17:00:43,10,12943,Washington Ave & Lexington Ave (12943),0,0,18,,,62105,17:15:05,,,62105,17:15:05,0,00:00:00,door not opened
07/14/2025,12,4205,Monday,Weekday,West,15652742,61200,17:00:00,61243,17:00:43,9,12942,Washington Ave & Henry Johnson Blvd (12942),1,0,18,,,62048,17:14:08,,,62062,17:14:22,14,00:00:14,doors opened
07/14/2025,12,4205,Monday,Weekday,West,15652742,61200,17:00:00,61243,17:00:43,8,3239,Lark/Library Station - Washington Ave & Lark St (03239),2,0,17,61860.0,17:11:00,61911,17:11:51,61860.0,17:11:00,61950,17:12:30,39,00:00:39,doors opened
07/14/2025,12,4205,Monday,Weekday,West,15652742,61200,17:00:00,61243,17:00:43,7,3301,Washington Ave & S. Swan St (03301),7,1,15,,,61816,17:10:16,,,61876,17:11:16,60,00:01:00,doors opened
07/14/2025,12,4205,Monday,Weekday,West,15652742,61200,17:00:00,61243,17:00:43,6,3250,Hawk/Capitol Station - Washington Ave & Hawk St (03250),1,0,9,,,61776,17:09:36,,,61791,17:09:51,15,00:00:15,doors opened
07/14/2025,12,4205,Monday,Weekday,West,15652742,61200,17:00:00,61243,17:00:43,5,10087,State St & Eagle St (10087),0,0,8,,,61669,17:07:49,,,61669,17:07:49,0,00:00:00,door not opened
07/14/2025,12,4205,Monday,Weekday,West,15652739,55200,15:20:00,55271,15:21:11,26,7175,Crossgates Mall Station (07175),0,7,0,57780.0,16:03:00,57394,15:56:34,57780.0,16:03:00,57394,15:56:34,0,00:00:00,doors opened
07/14/2025,12,4205,Monday,Weekday,West,15652739,55200,15:20:00,55271,15:21:11,25,12828,Crossgates Commons Station (12828),0,9,7,57360.0,15:56:00,57182,15:53:02,57360.0,15:56:00,57201,15:53:21,19,00:00:19,doors opened
07/14/2025,12,4205,Monday,Weekday,West,15652739,55200,15:20:00,55271,15:21:11,24,12891,1475 Washington Ave (12891),1,0,16,,,56973,15:49:33,,,56986,15:49:46,13,00:00:13,doors opened
07/14/2025,12,4205,Monday,Weekday,West,15652739,55200,15:20:00,55271,15:21:11,23,7216,SUNY Collins Circle (07216),2,1,15,57000.0,15:50:00,56791,15:46:31,57000.0,15:50:00,56806,15:46:46,15,00:00:15,doors opened
07/14/2025,12,4205,Monday,Weekday,West,15652739,55200,15:20:00,55271,15:21:11,22,3262,1383 Washington Ave (Fairfield Inn) (03262),0,1,14,,,56665,15:44:25,,,56678,15:44:38,13,00:00:13,doors opened
07/14/2025,12,4205,Monday,Weekday,West,15652739,55200,15:20:00,55271,15:21:11,21,976,Washington Ave & Brevator St (00976),0,1,15,,,56497,15:41:37,,,56514,15:41:54,17,00:00:17,doors opened
07/14/2025,12,4205,Monday,Weekday,West,15652739,55200,15:20:00,55271,15:21:11,20,1959,Washington Ave & Colvin Ave (01959),0,0,16,,,56477,15:41:17,,,56477,15:41:17,0,00:00:00,door not opened
07/14/2025,12,4205,Monday,Weekday,West,15652739,55200,15:20:00,55271,15:21:11,19,3399,Washington Ave & Danker Ave (03399),0,2,16,,,56405,15:40:05,,,56421,15:40:21,16,00:00:16,doors opened
07/14/2025,12,4205,Monday,Weekday,West,15652739,55200,15:20:00,55271,15:21:11,18,1849,Washington Ave & Homestead Ave (01849),0,2,18,,,56368,15:39:28,,,56383,15:39:43,15,00:00:15,doors opened
07/14/2025,12,4205,Monday,Weekday,West,15652739,55200,15:20:00,55271,15:21:11,17,1846,Washington Ave & Manning Blvd (01846),0,0,20,,,56348,15:39:08,,,56348,15:39:08,0,00:00:00,door not opened
07/14/2025,12,4205,Monday,Weekday,West,15652739,55200,15:20:00,55271,15:21:11,16,3287,Washington Ave & N. Allen St (03287),3,2,20,56520.0,15:42:00,56257,15:37:37,56520.0,15:42:00,56281,15:38:01,24,00:00:24,doors opened
07/14/2025,12,4205,Monday,Weekday,West,15652739,55200,15:20:00,55271,15:21:11,15,3264,Washington Ave & N. Main Ave (03264),0,0,19,,,56225,15:37:05,,,56225,15:37:05,0,00:00:00,door not opened
07/14/2025,12,4205,Monday,Weekday,West,15652739,55200,15:20:00,55271,15:21:11,14,1839,Washington Ave & Partridge St (01839),1,0,19,,,56103,15:35:03,,,56118,15:35:18,15,00:00:15,doors opened
07/14/2025,12,4205,Monday,Weekday,West,15652739,55200,15:20:00,55271,15:21:11,13,1841,Washington Ave & Ontario St (01841),1,0,18,56220.0,15:37:00,56063,15:34:23,56220.0,15:37:00,56081,15:34:41,18,00:00:18,doors opened
07/14/2025,12,4205,Monday,Weekday,West,15652739,55200,15:20:00,55271,15:21:11,12,1837,Washington Ave & N. Lake Ave (01837),6,1,17,,,55909,15:31:49,,,55952,15:32:32,43,00:00:43,doors opened
07/14/2025,12,4205,Monday,Weekday,West,15652739,55200,15:20:00,55271,15:21:11,11,1843,Washington Ave & Robin St (01843),0,0,12,,,55892,15:31:32,,,55892,15:31:32,0,00:00:00,door not opened
07/14/2025,12,4205,Monday,Weekday,West,15652739,55200,15:20:00,55271,15:21:11,10,12943,Washington Ave & Lexington Ave (12943),0,0,12,,,55860,15:31:00,,,55860,15:31:00,0,00:00:00,door not opened
07/14/2025,12,4205,Monday,Weekday,West,15652739,55200,15:20:00,55271,15:21:11,9,12942,Washington Ave & Henry Johnson Blvd (12942),0,0,12,,,55817,15:30:17,,,55817,15:30:17,0,00:00:00,door not opened
07/14/2025,12,4205,Monday,Weekday,West,15652739,55200,15:20:00,55271,15:21:11,8,3239,Lark/Library Station - Washington Ave & Lark St (03239),0,1,12,55800.0,15:30:00,55749,15:29:09,55800.0,15:30:00,55769,15:29:29,20,00:00:20,doors opened
07/14/2025,12,4205,Monday,Weekday,West,15652739,55200,15:20:00,55271,15:21:11,7,3301,Washington Ave & S. Swan St (03301),2,0,13,,,55609,15:26:49,,,55689,15:28:09,80,00:01:20,doors opened
07/14/2025,12,4205,Monday,Weekday,West,15652739,55200,15:20:00,55271,15:21:11,6,3250,Hawk/Capitol Station - Washington Ave & Hawk St (03250),0,0,11,,,55588,15:26:28,,,55588,15:26:28,0,00:00:00,door not opened
07/14/2025,12,4205,Monday,Weekday,West,15652739,55200,15:20:00,55271,15:21:11,5,10087,State St & Eagle St (10087),0,0,11,,,55550,15:25:50,,,55550,15:25:50,0,00:00:00,door not opened
07/14/2025,12,4205,Monday,Weekday,West,15652739,55200,15:20:00,55271,15:21:11,4,2665,State/Downtown Station - State St & Lodge St (02665),3,0,11,55500.0,15:25:00,55495,15:24:55,55500.0,15:25:00,55519,15:25:19,24,00:00:24,doors opened
07/14/2025,12,4205,Monday,Weekday,West,15652739,55200,15:20:00,55271,15:21:11,3,3221,State Station - N. Pearl St & Ten Eyck Plaza (03221),4,0,8,,,55411,15:23:31,,,55456,15:24:16,45,00:00:45,doors opened
07/14/2025,12,4205,Monday,Weekday,West,15652739,55200,15:20:00,55271,15:21:11,2,3233,N. Pearl St & Sheridan Ave (03233),0,0,4,,,55378,15:22:58,,,55378,15:22:58,0,00:00:00,door not opened
07/14/2025,12,4205,Monday,Weekday,West,15652739,55200,15:20:00,55271,15:21:11,1,2168,Clinton Square Station - N. Pearl St & Clinton Ave (02168),2,0,4,,,55342,15:22:22,,,55363,15:22:43,21,00:00:21,doors opened
07/14/2025,12,4205,Monday,Weekday,West,15652739,55200,15:20:00,55271,15:21:11,0,9018,Broadway & Orange St (09018),2,0,2,55200.0,15:20:00,55271,15:21:11,55200.0,15:20:00,55271,15:21:11,0,00:00:00,doors opened
07/14/2025,12,4205,Monday,Weekday,East,15652740,58500,16:15:00,58631,16:17:11,24,3940,Broadway & Steuben St (03940),0,4,0,60840.0,16:54:00,60895,16:54:55,60840.0,16:54:00,60895,16:54:55,0,00:00:00,doors opened
07/14/2025,12,4205,Monday,Weekday,East,15652740,58500,16:15:00,58631,16:17:11,23,2509,State/Downtown Station - State St & S. Pearl St (02509),0,11,4,60660.0,16:51:00,60764,16:52:44,60660.0,16:51:00,60830,16:53:50,66,00:01:06,doors opened
07/14/2025,12,4205,Monday,Weekday,East,15652740,58500,16:15:00,58631,16:17:11,22,1787,State St & Eagle St (01787),0,0,15,,,60749,16:52:29,,,60749,16:52:29,0,00:00:00,door not opened
07/14/2025,12,4205,Monday,Weekday,East,15652740,58500,16:15:00,58631,16:17:11,21,2706,Hawk/Capitol Station - Washington Ave & Hawk St (02706),0,0,15,,,60624,16:50:24,,,60624,16:50:24,0,00:00:00,door not opened
07/14/2025,12,4205,Monday,Weekday,East,15652740,58500,16:15:00,58631,16:17:11,20,1789,Washington Ave & S. Swan St (01789),0,0,15,,,60607,16:50:07,,,60607,16:50:07,0,00:00:00,door not opened
07/14/2025,12,4205,Monday,Weekday,East,15652740,58500,16:15:00,58631,16:17:11,19,1788,Washington Ave & Dove St (01788),0,0,15,,,60498,16:48:18,,,60523,16:48:43,25,00:00:25,doors opened
07/14/2025,12,4205,Monday,Weekday,East,15652740,58500,16:15:00,58631,16:17:11,18,2663,Lark/Library Station - Washington Ave & Lark St (02663),1,8,15,60360.0,16:46:00,60404,16:46:44,60360.0,16:46:00,60472,16:47:52,68,00:01:08,doors opened
07/14/2025,12,4205,Monday,Weekday,East,15652740,58500,16:15:00,58631,16:17:11,17,263,Washington Ave & Henry Johnson Blvd (00263),1,1,22,,,60323,16:45:23,,,60364,16:46:04,41,00:00:41,doors opened
07/14/2025,12,4205,Monday,Weekday,East,15652740,58500,16:15:00,58631,16:17:11,16,2096,Washington Ave & Lexington Ave (02096),0,0,22,,,60295,16:44:55,,,60295,16:44:55,0,00:00:00,door not opened
07/14/2025,12,4205,Monday,Weekday,East,15652740,58500,16:15:00,58631,16:17:11,15,3253,Washington Ave & Robin St (Draper Hall) (03253),2,1,22,,,60243,16:44:03,,,60278,16:44:38,35,00:00:35,doors opened
07/14/2025,12,4205,Monday,Weekday,East,15652740,58500,16:15:00,58631,16:17:11,14,2109,Washington Ave & N. Lake Ave (02109),0,2,21,,,60206,16:43:26,,,60222,16:43:42,16,00:00:16,doors opened
07/14/2025,12,4205,Monday,Weekday,East,15652740,58500,16:15:00,58631,16:17:11,13,3255,Washington Ave & Quail St (03255),3,4,23,,,60114,16:41:54,,,60181,16:43:01,67,00:01:07,doors opened
07/14/2025,12,4205,Monday,Weekday,East,15652740,58500,16:15:00,58631,16:17:11,12,3256,Washington Ave & Ontario St (03256),0,7,24,59940.0,16:39:00,60074,16:41:14,59940.0,16:39:00,60093,16:41:33,19,00:00:19,doors opened
07/14/2025,12,4205,Monday,Weekday,East,15652740,58500,16:15:00,58631,16:17:11,11,2107,Washington Ave & Partridge St (02107),0,0,31,,,60055,16:40:55,,,60055,16:40:55,0,00:00:00,door not opened
07/14/2025,12,4205,Monday,Weekday,East,15652740,58500,16:15:00,58631,16:17:11,10,3257,Washington Ave & N. Main Ave (03257),0,1,31,,,59909,16:38:29,,,59937,16:38:57,28,00:00:28,doors opened
07/14/2025,12,4205,Monday,Weekday,East,15652740,58500,16:15:00,58631,16:17:11,9,1796,Washington Ave & N. Allen St (01796),3,3,32,59700.0,16:35:00,59849,16:37:29,59700.0,16:35:00,59880,16:38:00,31,00:00:31,doors opened
07/14/2025,12,4205,Monday,Weekday,East,15652740,58500,16:15:00,58631,16:17:11,8,11581,Washington Ave & Manning Blvd (11581),2,0,32,,,59797,16:36:37,,,59820,16:37:00,23,00:00:23,doors opened
07/14/2025,12,4205,Monday,Weekday,East,15652740,58500,16:15:00,58631,16:17:11,7,2180,Washington Ave & Homestead Ave (02180),0,0,30,,,59777,16:36:17,,,59777,16:36:17,0,00:00:00,door not opened
07/14/2025,12,4205,Monday,Weekday,East,15652740,58500,16:15:00,58631,16:17:11,6,2182,Washington Ave & Hawthorne St (02182),4,0,30,,,59707,16:35:07,,,59734,16:35:34,27,00:00:27,doors opened
07/14/2025,12,4205,Monday,Weekday,East,15652740,58500,16:15:00,58631,16:17:11,5,3304,Washington Ave & Clermont St (03304),0,1,26,,,59649,16:34:09,,,59678,16:34:38,29,00:00:29,doors opened
07/14/2025,12,4205,Monday,Weekday,East,15652740,58500,16:15:00,58631,16:17:11,4,3348,Washington Ave & Brevator St (03348),0,0,27,,,59636,16:33:56,,,59636,16:33:56,0,00:00:00,door not opened
07/14/2025,12,4205,Monday,Weekday,East,15652740,58500,16:15:00,58631,16:17:11,3,10134,Washington Ave & SUNY Exit Rd (10134),5,0,27,,,59476,16:31:16,,,59510,16:31:50,34,00:00:34,doors opened
07/14/2025,12,4205,Monday,Weekday,East,15652740,58500,16:15:00,58631,16:17:11,2,7216,SUNY Collins Circle (07216),5,1,22,59160.0,16:26:00,59326,16:28:46,59160.0,16:26:00,59381,16:29:41,55,00:00:55,doors opened
07/14/2025,12,4205,Monday,Weekday,East,15652740,58500,16:15:00,58631,16:17:11,1,12827,Crossgates Commons Station (12827),15,1,18,58860.0,16:21:00,58916,16:21:56,58860.0,16:21:00,59087,16:24:47,171,00:02:51,doors opened
07/14/2025,12,4205,Monday,Weekday,East,15652740,58500,16:15:00,58631,16:17:11,0,7175,Crossgates Mall Station (07175),4,0,4,58500.0,16:15:00,58631,16:17:11,58500.0,16:15:00,58631,16:17:11,0,00:00:00,doors opened
07/14/2025,12,4205,Monday,Weekday,West,15650114,28800,08:00:00,28852,08:00:52,27,7175,Crossgates Mall Station (07175),0,4,0,31320.0,08:42:00,31555,08:45:55,31320.0,08:42:00,31555,08:45:55,0,00:00:00,doors opened
07/14/2025,12,4205,Monday,Weekday,West,15650114,28800,08:00:00,28852,08:00:52,26,12828,Crossgates Commons Station (12828),0,11,4,30900.0,08:35:00,31179,08:39:39,30900.0,08:35:00,31300,08:41:40,121,00:02:01,doors opened
07/14/2025,12,4205,Monday,Weekday,West,15650114,28800,08:00:00,28852,08:00:52,25,12891,1475 Washington Ave (12891),1,1,15,,,30944,08:35:44,,,30971,08:36:11,27,00:00:27,doors opened
07/14/2025,12,4205,Monday,Weekday,West,15650114,28800,08:00:00,28852,08:00:52,24,7216,SUNY Collins Circle (07216),0,2,15,30540.0,08:29:00,30761,08:32:41,30540.0,08:29:00,30761,08:32:41,0,00:00:00,door not opened
07/14/2025,12,4205,Monday,Weekday,West,15650114,28800,08:00:00,28852,08:00:52,23,3262,1383 Washington Ave (Fairfield Inn) (03262),0,3,17,,,30571,08:29:31,,,30605,08:30:05,34,00:00:34,doors opened
07/14/2025,12,4205,Monday,Weekday,West,15650114,28800,08:00:00,28852,08:00:52,22,976,Washington Ave & Brevator St (00976),0,1,20,,,30390,08:26:30,,,30405,08:26:45,15,00:00:15,doors opened
07/14/2025,12,4205,Monday,Weekday,West,15650114,28800,08:00:00,28852,08:00:52,21,1959,Washington Ave & Colvin Ave (01959),2,0,21,,,30302,08:25:02,,,30368,08:26:08,66,00:01:06,doors opened
07/14/2025,12,4205,Monday,Weekday,West,15650114,28800,08:00:00,28852,08:00:52,20,3399,Washington Ave & Danker Ave (03399),0,0,19,,,30259,08:24:19,,,30259,08:24:19,0,00:00:00,door not opened
07/14/2025,12,4205,Monday,Weekday,West,15650114,28800,08:00:00,28852,08:00:52,19,1849,Washington Ave & Homestead Ave (01849),2,0,19,,,30212,08:23:32,,,30238,08:23:58,26,00:00:26,doors opened
07/14/2025,12,4205,Monday,Weekday,West,15650114,28800,08:00:00,28852,08:00:52,18,1846,Washington Ave & Manning Blvd (01846),1,0,17,,,30152,08:22:32,,,30184,08:23:04,32,00:00:32,doors opened
07/14/2025,12,4205,Monday,Weekday,West,15650114,28800,08:00:00,28852,08:00:52,17,3287,Washington Ave & N. Allen St (03287),2,0,16,30060.0,08:21:00,30092,08:21:32,30060.0,08:21:00,30121,08:22:01,29,00:00:29,doors opened
07/14/2025,12,4205,Monday,Weekday,West,15650114,28800,08:00:00,28852,08:00:52,16,3264,Washington Ave & N. Main Ave (03264),3,0,14,,,30009,08:20:09,,,30060,08:21:00,51,00:00:51,doors opened
07/14/2025,12,4205,Monday,Weekday,West,15650114,28800,08:00:00,28852,08:00:52,15,1839,Washington Ave & Partridge St (01839),1,8,11,,,29903,08:18:23,,,29929,08:18:49,26,00:00:26,doors opened
07/14/2025,12,4205,Monday,Weekday,West,15650114,28800,08:00:00,28852,08:00:52,14,1841,Washington Ave & Ontario St (01841),1,0,18,29820.0,08:17:00,29862,08:17:42,29820.0,08:17:00,29876,08:17:56,14,00:00:14,doors opened
07/14/2025,12,4205,Monday,Weekday,West,15650114,28800,08:00:00,28852,08:00:52,13,1842,Washington Ave & Quail St (01842),3,2,17,,,29810,08:16:50,,,29837,08:17:17,27,00:00:27,doors opened
07/14/2025,12,4205,Monday,Weekday,West,15650114,28800,08:00:00,28852,08:00:52,12,1837,Washington Ave & N. Lake Ave (01837),0,0,16,,,29784,08:16:24,,,29784,08:16:24,0,00:00:00,door not opened
07/14/2025,12,4205,Monday,Weekday,West,15650114,28800,08:00:00,28852,08:00:52,11,1843,Washington Ave & Robin St (01843),2,0,16,,,29718,08:15:18,,,29739,08:15:39,21,00:00:21,doors opened
07/14/2025,12,4205,Monday,Weekday,West,15650114,28800,08:00:00,28852,08:00:52,10,12943,Washington Ave & Lexington Ave (12943),1,0,14,,,29676,08:14:36,,,29690,08:14:50,14,00:00:14,doors opened
07/14/2025,12,4205,Monday,Weekday,West,15650114,28800,08:00:00,28852,08:00:52,9,12942,Washington Ave & Henry Johnson Blvd (12942),0,0,13,,,29638,08:13:58,,,29638,08:13:58,0,00:00:00,door not opened
07/14/2025,12,4205,Monday,Weekday,West,15650114,28800,08:00:00,28852,08:00:52,8,3239,Lark/Library Station - Washington Ave & Lark St (03239),1,4,13,29400.0,08:10:00,29364,08:09:24,29400.0,08:10:00,29582,08:13:02,218,00:03:38,doors opened
07/14/2025,12,4205,Monday,Weekday,West,15650114,28800,08:00:00,28852,08:00:52,7,3301,Washington Ave & S. Swan St (03301),0,3,16,,,29303,08:08:23,,,29322,08:08:42,19,00:00:19,doors opened
07/14/2025,12,4205,Monday,Weekday,West,15650114,28800,08:00:00,28852,08:00:52,6,3250,Hawk/Capitol Station - Washington Ave & Hawk St (03250),0,0,19,,,29275,08:07:55,,,29275,08:07:55,0,00:00:00,door not opened
07/14/2025,12,4205,Monday,Weekday,West,15650114,28800,08:00:00,28852,08:00:52,5,10087,State St & Eagle St (10087),0,0,19,,,29224,08:07:04,,,29224,08:07:04,0,00:00:00,door not opened
07/14/2025,12,4205,Monday,Weekday,West,15650114,28800,08:00:00,28852,08:00:52,4,2665,State/Downtown Station - State St & Lodge St (02665),9,0,19,29100.0,08:05:00,29071,08:04:31,29100.0,08:05:00,29118,08:05:18,47,00:00:47,doors opened
07/14/2025,12,4205,Monday,Weekday,West,15650114,28800,08:00:00,28852,08:00:52,3,3221,State Station - N. Pearl St & Ten Eyck Plaza (03221),7,0,10,,,28994,08:03:14,,,29027,08:03:47,33,00:00:33,doors opened
07/14/2025,12,4205,Monday,Weekday,West,15650114,28800,08:00:00,28852,08:00:52,2,3233,N. Pearl St & Sheridan Ave (03233),0,0,3,,,28937,08:02:17,,,28937,08:02:17,0,00:00:00,door not opened
07/14/2025,12,4205,Monday,Weekday,West,15650114,28800,08:00:00,28852,08:00:52,1,2168,Clinton Square Station - N. Pearl St & Clinton Ave (02168),2,0,3,,,28891,08:01:31,,,28912,08:01:52,21,00:00:21,doors opened
07/14/2025,12,4205,Monday,Weekday,West,15650114,28800,08:00:00,28852,08:00:52,0,9018,Broadway & Orange St (09018),1,0,1,28800.0,08:00:00,28852,08:00:52,28800.0,08:00:00,28852,08:00:52,0,00:00:00,doors opened
07/14/2025,12,4223,Monday,Weekday,West,15651260,62400,17:20:00,62426,17:20:26,21,1959,Washington Ave & Colvin Ave (01959),2,1,16,,,63735,17:42:15,,,63768,17:42:48,33,00:00:33,doors opened
07/14/2025,12,4223,Monday,Weekday,West,15651260,62400,17:20:00,62426,17:20:26,20,3399,Washington Ave & Danker Ave (03399),0,3,15,,,63697,17:41:37,,,63714,17:41:54,17,00:00:17,doors opened
07/14/2025,12,4223,Monday,Weekday,West,15651260,62400,17:20:00,62426,17:20:26,19,1849,Washington Ave & Homestead Ave (01849),3,5,18,,,63566,17:39:26,,,63674,17:41:14,108,00:01:48,doors opened
07/14/2025,12,4223,Monday,Weekday,West,15651260,62400,17:20:00,62426,17:20:26,18,1846,Washington Ave & Manning Blvd (01846),0,1,20,,,63489,17:38:09,,,63544,17:39:04,55,00:00:55,doors opened
07/14/2025,12,4223,Monday,Weekday,West,15651260,62400,17:20:00,62426,17:20:26,17,3287,Washington Ave & N. Allen St (03287),0,1,21,63660.0,17:41:00,63445,17:37:25,63660.0,17:41:00,63463,17:37:43,18,00:00:18,doors opened
07/14/2025,12,4223,Monday,Weekday,West,15651260,62400,17:20:00,62426,17:20:26,16,3264,Washington Ave & N. Main Ave (03264),1,5,22,,,63387,17:36:27,,,63414,17:36:54,27,00:00:27,doors opened
07/14/2025,12,4223,Monday,Weekday,West,15651260,62400,17:20:00,62426,17:20:26,15,1839,Washington Ave & Partridge St (01839),0,0,26,,,63308,17:35:08,,,63308,17:35:08,0,00:00:00,door not opened
07/14/2025,12,4223,Monday,Weekday,West,15651260,62400,17:20:00,62426,17:20:26,14,1841,Washington Ave & Ontario St (01841),1,0,26,63420.0,17:37:00,63261,17:34:21,63420.0,17:37:00,63288,17:34:48,27,00:00:27,doors opened
07/14/2025,12,4223,Monday,Weekday,West,15651260,62400,17:20:00,62426,17:20:26,13,1842,Washington Ave & Quail St (01842),4,0,25,,,63172,17:32:52,,,63239,17:33:59,67,00:01:07,doors opened
07/14/2025,12,4223,Monday,Weekday,West,15651260,62400,17:20:00,62426,17:20:26,12,1837,Washington Ave & N. Lake Ave (01837),0,1,21,,,63110,17:31:50,,,63148,17:32:28,38,00:00:38,doors opened
07/14/2025,12,4223,Monday,Weekday,West,15651260,62400,17:20:00,62426,17:20:26,11,1843,Washington Ave & Robin St (01843),0,0,22,,,63090,17:31:30,,,63090,17:31:30,0,00:00:00,door not opened
07/14/2025,12,4223,Monday,Weekday,West,15651260,62400,17:20:00,62426,17:20:26,10,12943,Washington Ave & Lexington Ave (12943),1,0,22,,,63027,17:30:27,,,63041,17:30:41,14,00:00:14,doors opened
07/14/2025,12,4223,Monday,Weekday,West,15651260,62400,17:20:00,62426,17:20:26,9,12942,Washington Ave & Henry Johnson Blvd (12942),0,0,21,,,63001,17:30:01,,,63001,17:30:01,0,00:00:00,door not opened
07/14/2025,12,4223,Monday,Weekday,West,15651260,62400,17:20:00,62426,17:20:26,27,7175,Crossgates Mall Station (07175),0,7,0,64920.0,18:02:00,64657,17:57:37,64920.0,18:02:00,64657,17:57:37,0,00:00:00,doors opened
07/14/2025,12,4223,Monday,Weekday,West,15651260,62400,17:20:00,62426,17:20:26,26,12828,Crossgates Commons Station (12828),1,3,7,64500.0,17:55:00,64388,17:53:08,64500.0,17:55:00,64406,17:53:26,18,00:00:18,doors opened
07/14/2025,12,4223,Monday,Weekday,West,15651260,62400,17:20:00,62426,17:20:26,25,12891,1475 Washington Ave (12891),0,0,9,,,64214,17:50:14,,,64214,17:50:14,0,00:00:00,door not opened
07/14/2025,12,4223,Monday,Weekday,West,15651260,62400,17:20:00,62426,17:20:26,24,7216,SUNY Collins Circle (07216),0,3,9,64140.0,17:49:00,64036,17:47:16,64140.0,17:49:00,64051,17:47:31,15,00:00:15,doors opened
07/14/2025,12,4223,Monday,Weekday,West,15651260,62400,17:20:00,62426,17:20:26,23,3262,1383 Washington Ave (Fairfield Inn) (03262),0,4,12,,,63908,17:45:08,,,63927,17:45:27,19,00:00:19,doors opened
07/14/2025,12,4223,Monday,Weekday,West,15651260,62400,17:20:00,62426,17:20:26,22,976,Washington Ave & Brevator St (00976),0,0,16,,,63805,17:43:25,,,63805,17:43:25,0,00:00:00,door not opened
07/14/2025,12,4223,Monday,Weekday,West,15651260,62400,17:20:00,62426,17:20:26,8,3239,Lark/Library Station - Washington Ave & Lark St (03239),10,1,21,63000.0,17:30:00,62825,17:27:05,63000.0,17:30:00,62959,17:29:19,134,00:02:14,doors opened
07/14/2025,12,4223,Monday,Weekday,West,15651260,62400,17:20:00,62426,17:20:26,7,3301,Washington Ave & S. Swan St (03301),1,0,12,,,62755,17:25:55,,,62775,17:26:15,20,00:00:20,doors opened
07/14/2025,12,4223,Monday,Weekday,West,15651260,62400,17:20:00,62426,17:20:26,6,3250,Hawk/Capitol Station - Washington Ave & Hawk St (03250),0,0,11,,,62733,17:25:33,,,62733,17:25:33,0,00:00:00,door not opened
07/14/2025,12,4223,Monday,Weekday,West,15651260,62400,17:20:00,62426,17:20:26,5,10087,State St & Eagle St (10087),0,0,11,,,62702,17:25:02,,,62702,17:25:02,0,00:00:00,door not opened
07/14/2025,12,4223,Monday,Weekday,West,15651260,62400,17:20:00,62426,17:20:26,4,2665,State/Downtown Station - State St & Lodge St (02665),6,0,11,62700.0,17:25:00,62605,17:23:25,62700.0,17:25:00,62657,17:24:17,52,00:00:52,doors opened
07/14/2025,12,4223,Monday,Weekday,West,15651260,62400,17:20:00,62426,17:20:26,3,3221,State Station - N. Pearl St & Ten Eyck Plaza (03221),1,0,5,,,62560,17:22:40,,,62577,17:22:57,17,00:00:17,doors opened
07/14/2025,12,4223,Monday,Weekday,West,15651260,62400,17:20:00,62426,17:20:26,2,3233,N. Pearl St & Sheridan Ave (03233),0,0,4,,,62521,17:22:01,,,62521,17:22:01,0,00:00:00,door not opened
07/14/2025,12,4223,Monday,Weekday,West,15651260,62400,17:20:00,62426,17:20:26,1,2168,Clinton Square Station - N. Pearl St & Clinton Ave (02168),1,0,4,,,62464,17:21:04,,,62491,17:21:31,27,00:00:27,doors opened
07/14/2025,12,4223,Monday,Weekday,West,15651260,62400,17:20:00,62426,17:20:26,0,9018,Broadway & Orange St (09018),1,0,3,62400.0,17:20:00,62426,17:20:26,62400.0,17:20:00,62426,17:20:26,0,00:00:00,doors opened
07/14/2025,12,4228,Monday,Weekday,West,15650655,25800,07:10:00,26015,07:13:35,25,12891,1475 Washington Ave (12891),0,0,7,,,27536,07:38:56,,,27536,07:38:56,0,00:00:00,door not opened
07/14/2025,12,4228,Monday,Weekday,West,15650655,25800,07:10:00,26015,07:13:35,24,7216,SUNY Collins Circle (07216),0,0,7,27420.0,07:37:00,27457,07:37:37,27420.0,07:37:00,27457,07:37:37,0,00:00:00,door not opened
07/14/2025,12,4228,Monday,Weekday,West,15650655,25800,07:10:00,26015,07:13:35,23,3262,1383 Washington Ave (Fairfield Inn) (03262),0,4,7,,,27309,07:35:09,,,27327,07:35:27,18,00:00:18,doors opened
07/14/2025,12,4228,Monday,Weekday,West,15650655,25800,07:10:00,26015,07:13:35,22,976,Washington Ave & Brevator St (00976),0,0,11,,,27194,07:33:14,,,27194,07:33:14,0,00:00:00,door not opened
07/14/2025,12,4228,Monday,Weekday,West,15650655,25800,07:10:00,26015,07:13:35,21,1959,Washington Ave & Colvin Ave (01959),0,0,11,,,27170,07:32:50,,,27170,07:32:50,0,00:00:00,door not opened
07/14/2025,12,4228,Monday,Weekday,West,15650655,25800,07:10:00,26015,07:13:35,20,3399,Washington Ave & Danker Ave (03399),0,0,11,,,27146,07:32:26,,,27146,07:32:26,0,00:00:00,door not opened
07/14/2025,12,4228,Monday,Weekday,West,15650655,25800,07:10:00,26015,07:13:35,19,1849,Washington Ave & Homestead Ave (01849),2,1,11,,,27104,07:31:44,,,27123,07:32:03,19,00:00:19,doors opened
07/14/2025,12,4228,Monday,Weekday,West,15650655,25800,07:10:00,26015,07:13:35,18,1846,Washington Ave & Manning Blvd (01846),1,0,10,,,27059,07:30:59,,,27080,07:31:20,21,00:00:21,doors opened
07/14/2025,12,4228,Monday,Weekday,West,15650655,25800,07:10:00,26015,07:13:35,17,3287,Washington Ave & N. Allen St (03287),2,0,9,27000.0,07:30:00,26986,07:29:46,27000.0,07:30:00,27011,07:30:11,25,00:00:25,doors opened
07/14/2025,12,4228,Monday,Weekday,West,15650655,25800,07:10:00,26015,07:13:35,16,3264,Washington Ave & N. Main Ave (03264),1,1,7,,,26932,07:28:52,,,26951,07:29:11,19,00:00:19,doors opened
07/14/2025,12,4228,Monday,Weekday,West,15650655,25800,07:10:00,26015,07:13:35,15,1839,Washington Ave & Partridge St (01839),0,3,7,,,26836,07:27:16,,,26863,07:27:43,27,00:00:27,doors opened
07/14/2025,12,4228,Monday,Weekday,West,15650655,25800,07:10:00,26015,07:13:35,14,1841,Washington Ave & Ontario St (01841),0,0,10,26760.0,07:26:00,26815,07:26:55,26760.0,07:26:00,26815,07:26:55,0,00:00:00,door not opened
07/14/2025,12,4228,Monday,Weekday,West,15650655,25800,07:10:00,26015,07:13:35,13,1842,Washington Ave & Quail St (01842),0,0,10,,,26758,07:25:58,,,26770,07:26:10,12,00:00:12,doors opened
07/14/2025,12,4228,Monday,Weekday,West,15650655,25800,07:10:00,26015,07:13:35,12,1837,Washington Ave & N. Lake Ave (01837),0,1,10,,,26717,07:25:17,,,26731,07:25:31,14,00:00:14,doors opened
07/14/2025,12,4228,Monday,Weekday,West,15650655,25800,07:10:00,26015,07:13:35,11,1843,Washington Ave & Robin St (01843),1,0,11,,,26676,07:24:36,,,26690,07:24:50,14,00:00:14,doors opened
07/14/2025,12,4228,Monday,Weekday,West,15650655,25800,07:10:00,26015,07:13:35,10,12943,Washington Ave & Lexington Ave (12943),0,0,10,,,26653,07:24:13,,,26653,07:24:13,0,00:00:00,door not opened
07/14/2025,12,4228,Monday,Weekday,West,15650655,25800,07:10:00,26015,07:13:35,9,12942,Washington Ave & Henry Johnson Blvd (12942),2,0,10,,,26546,07:22:26,,,26565,07:22:45,19,00:00:19,doors opened
07/14/2025,12,4228,Monday,Weekday,West,15650655,25800,07:10:00,26015,07:13:35,8,3239,Lark/Library Station - Washington Ave & Lark St (03239),1,0,8,26400.0,07:20:00,26462,07:21:02,26400.0,07:20:00,26484,07:21:24,22,00:00:22,doors opened
07/14/2025,12,4228,Monday,Weekday,West,15650655,25800,07:10:00,26015,07:13:35,7,3301,Washington Ave & S. Swan St (03301),1,0,7,,,26406,07:20:06,,,26426,07:20:26,20,00:00:20,doors opened
07/14/2025,12,4228,Monday,Weekday,West,15650655,25800,07:10:00,26015,07:13:35,6,3250,Hawk/Capitol Station - Washington Ave & Hawk St (03250),0,0,6,,,26385,07:19:45,,,26385,07:19:45,0,00:00:00,door not opened
07/14/2025,12,4228,Monday,Weekday,West,15650655,25800,07:10:00,26015,07:13:35,5,10087,State St & Eagle St (10087),0,0,6,,,26357,07:19:17,,,26357,07:19:17,0,00:00:00,door not opened
07/14/2025,12,4228,Monday,Weekday,West,15650655,25800,07:10:00,26015,07:13:35,4,2665,State/Downtown Station - State St & Lodge St (02665),5,0,6,26100.0,07:15:00,26220,07:17:00,26100.0,07:15:00,26256,07:17:36,36,00:00:36,doors opened
07/14/2025,12,4228,Monday,Weekday,West,15650655,25800,07:10:00,26015,07:13:35,3,3221,State Station - N. Pearl St & Ten Eyck Plaza (03221),0,0,1,,,26147,07:15:47,,,26195,07:16:35,48,00:00:48,doors opened
07/14/2025,12,4228,Monday,Weekday,West,15650655,25800,07:10:00,26015,07:13:35,2,3233,N. Pearl St & Sheridan Ave (03233),0,0,1,,,26070,07:14:30,,,26070,07:14:30,0,00:00:00,door not opened
07/14/2025,12,4228,Monday,Weekday,West,15650655,25800,07:10:00,26015,07:13:35,1,2168,Clinton Square Station - N. Pearl St & Clinton Ave (02168),1,0,1,,,26032,07:13:52,,,26054,07:14:14,22,00:00:22,doors opened
07/14/2025,12,4228,Monday,Weekday,West,15650655,25800,07:10:00,26015,07:13:35,0,9018,Broadway & Orange St (09018),0,0,0,25800.0,07:10:00,26015,07:13:35,25800.0,07:10:00,26015,07:13:35,0,00:00:00,door not opened
07/14/2025,12,4228,Monday,Weekday,West,15650655,25800,07:10:00,26015,07:13:35,27,7175,Crossgates Mall Station (07175),0,1,0,28200.0,07:50:00,28004,07:46:44,28200.0,07:50:00,28004,07:46:44,0,00:00:00,doors opened
07/14/2025,12,4228,Monday,Weekday,West,15650655,25800,07:10:00,26015,07:13:35,26,12828,Crossgates Commons Station (12828),0,6,1,27780.0,07:43:00,27702,07:41:42,27780.0,07:43:00,27725,07:42:05,23,00:00:23,doors opened
07/14/2025,12,4229,Monday,Weekday,East,15649685,33300,09:15:00,33400,09:16:40,24,3940,Broadway & Steuben St (03940),0,4,0,35340.0,09:49:00,35549,09:52:29,35340.0,09:49:00,35549,09:52:29,0,00:00:00,doors opened
07/14/2025,12,4229,Monday,Weekday,East,15649685,33300,09:15:00,33400,09:16:40,23,2509,State/Downtown Station - State St & S. Pearl St (02509),0,5,4,35160.0,09:46:00,35388,09:49:48,35160.0,09:46:00,35460,09:51:00,72,00:01:12,doors opened
07/14/2025,12,4229,Monday,Weekday,East,15649685,33300,09:15:00,33400,09:16:40,22,1787,State St & Eagle St (01787),0,2,9,,,35352,09:49:12,,,35367,09:49:27,15,00:00:15,doors opened
07/14/2025,12,4229,Monday,Weekday,East,15649685,33300,09:15:00,33400,09:16:40,21,2706,Hawk/Capitol Station - Washington Ave & Hawk St (02706),0,0,11,,,35277,09:47:57,,,35277,09:47:57,0,00:00:00,door not opened
07/14/2025,12,4229,Monday,Weekday,East,15649685,33300,09:15:00,33400,09:16:40,20,1789,Washington Ave & S. Swan St (01789),0,2,11,,,35240,09:47:20,,,35253,09:47:33,13,00:00:13,doors opened
07/14/2025,12,4229,Monday,Weekday,East,15649685,33300,09:15:00,33400,09:16:40,19,1788,Washington Ave & Dove St (01788),0,0,13,,,35212,09:46:52,,,35212,09:46:52,0,00:00:00,door not opened
07/14/2025,12,4229,Monday,Weekday,East,15649685,33300,09:15:00,33400,09:16:40,18,2663,Lark/Library Station - Washington Ave & Lark St (02663),2,2,13,34860.0,09:41:00,35102,09:45:02,34860.0,09:41:00,35181,09:46:21,79,00:01:19,doors opened
07/14/2025,12,4229,Monday,Weekday,East,15649685,33300,09:15:00,33400,09:16:40,17,263,Washington Ave & Henry Johnson Blvd (00263),0,2,13,,,35065,09:44:25,,,35076,09:44:36,11,00:00:11,doors opened
07/14/2025,12,4229,Monday,Weekday,East,15649685,33300,09:15:00,33400,09:16:40,16,2096,Washington Ave & Lexington Ave (02096),0,0,15,,,34967,09:42:47,,,34967,09:42:47,0,00:00:00,door not opened
07/14/2025,12,4229,Monday,Weekday,East,15649685,33300,09:15:00,33400,09:16:40,15,3253,Washington Ave & Robin St (Draper Hall) (03253),0,2,15,,,34910,09:41:50,,,34945,09:42:25,35,00:00:35,doors opened
07/14/2025,12,4229,Monday,Weekday,East,15649685,33300,09:15:00,33400,09:16:40,14,2109,Washington Ave & N. Lake Ave (02109),0,0,17,,,34890,09:41:30,,,34890,09:41:30,0,00:00:00,door not opened
07/14/2025,12,4229,Monday,Weekday,East,15649685,33300,09:15:00,33400,09:16:40,13,3255,Washington Ave & Quail St (03255),0,1,17,,,34820,09:40:20,,,34835,09:40:35,15,00:00:15,doors opened
07/14/2025,12,4229,Monday,Weekday,East,15649685,33300,09:15:00,33400,09:16:40,12,3256,Washington Ave & Ontario St (03256),2,0,18,34500.0,09:35:00,34769,09:39:29,34500.0,09:35:00,34797,09:39:57,28,00:00:28,doors opened
07/14/2025,12,4229,Monday,Weekday,East,15649685,33300,09:15:00,33400,09:16:40,11,2107,Washington Ave & Partridge St (02107),7,0,16,,,34670,09:37:50,,,34745,09:39:05,75,00:01:15,doors opened
07/14/2025,12,4229,Monday,Weekday,East,15649685,33300,09:15:00,33400,09:16:40,10,3257,Washington Ave & N. Main Ave (03257),2,0,9,,,34600,09:36:40,,,34620,09:37:00,20,00:00:20,doors opened
07/14/2025,12,4229,Monday,Weekday,East,15649685,33300,09:15:00,33400,09:16:40,9,1796,Washington Ave & N. Allen St (01796),1,0,7,34380.0,09:33:00,34527,09:35:27,34380.0,09:33:00,34566,09:36:06,39,00:00:39,doors opened
07/14/2025,12,4229,Monday,Weekday,East,15649685,33300,09:15:00,33400,09:16:40,8,11581,Washington Ave & Manning Blvd (11581),1,0,6,,,34438,09:33:58,,,34494,09:34:54,56,00:00:56,doors opened
07/14/2025,12,4229,Monday,Weekday,East,15649685,33300,09:15:00,33400,09:16:40,7,2180,Washington Ave & Homestead Ave (02180),0,0,5,,,34417,09:33:37,,,34417,09:33:37,0,00:00:00,door not opened
07/14/2025,12,4229,Monday,Weekday,East,15649685,33300,09:15:00,33400,09:16:40,6,2182,Washington Ave & Hawthorne St (02182),1,0,5,,,34361,09:32:41,,,34379,09:32:59,18,00:00:18,doors opened
07/14/2025,12,4229,Monday,Weekday,East,15649685,33300,09:15:00,33400,09:16:40,5,3304,Washington Ave & Clermont St (03304),0,0,4,,,34338,09:32:18,,,34338,09:32:18,0,00:00:00,door not opened
07/14/2025,12,4229,Monday,Weekday,East,15649685,33300,09:15:00,33400,09:16:40,4,3348,Washington Ave & Brevator St (03348),1,1,4,,,34299,09:31:39,,,34315,09:31:55,16,00:00:16,doors opened
07/14/2025,12,4229,Monday,Weekday,East,15649685,33300,09:15:00,33400,09:16:40,3,10134,Washington Ave & SUNY Exit Rd (10134),1,0,4,,,34165,09:29:25,,,34182,09:29:42,17,00:00:17,doors opened
07/14/2025,12,4229,Monday,Weekday,East,15649685,33300,09:15:00,33400,09:16:40,2,7216,SUNY Collins Circle (07216),1,0,3,33900.0,09:25:00,34032,09:27:12,33900.0,09:25:00,34045,09:27:25,13,00:00:13,doors opened
07/14/2025,12,4229,Monday,Weekday,East,15649685,33300,09:15:00,33400,09:16:40,1,12827,Crossgates Commons Station (12827),1,0,2,33600.0,09:20:00,33707,09:21:47,33600.0,09:20:00,33731,09:22:11,24,00:00:24,doors opened
07/14/2025,12,4229,Monday,Weekday,East,15649685,33300,09:15:00,33400,09:16:40,0,7175,Crossgates Mall Station (07175),0,0,1,33300.0,09:15:00,33400,09:16:40,33300.0,09:15:00,33400,09:16:40,0,00:00:00,doors opened
07/14/2025,12,4229,Monday,Weekday,East,15649689,39300,10:55:00,39310,10:55:10,24,3940,Broadway & Steuben St (03940),0,1,0,41340.0,11:29:00,41623,11:33:43,41340.0,11:29:00,41623,11:33:43,0,00:00:00,doors opened
07/14/2025,12,4229,Monday,Weekday,East,15649689,39300,10:55:00,39310,10:55:10,23,2509,State/Downtown Station - State St & S. Pearl St (02509),0,5,1,41160.0,11:26:00,41495,11:31:35,41160.0,11:26:00,41561,11:32:41,66,00:01:06,doors opened
07/14/2025,12,4229,Monday,Weekday,East,15649689,39300,10:55:00,39310,10:55:10,22,1787,State St & Eagle St (01787),0,0,6,,,41475,11:31:15,,,41475,11:31:15,0,00:00:00,door not opened
07/14/2025,12,4229,Monday,Weekday,East,15649689,39300,10:55:00,39310,10:55:10,21,2706,Hawk/Capitol Station - Washington Ave & Hawk St (02706),0,0,6,,,41349,11:29:09,,,41349,11:29:09,0,00:00:00,door not opened
07/14/2025,12,4229,Monday,Weekday,East,15649689,39300,10:55:00,39310,10:55:10,20,1789,Washington Ave & S. Swan St (01789),0,0,6,,,41302,11:28:22,,,41302,11:28:22,0,00:00:00,door not opened
07/14/2025,12,4229,Monday,Weekday,East,15649689,39300,10:55:00,39310,10:55:10,19,1788,Washington Ave & Dove St (01788),0,3,6,,,41220,11:27:00,,,41272,11:27:52,52,00:00:52,doors opened
07/14/2025,12,4229,Monday,Weekday,East,15649689,39300,10:55:00,39310,10:55:10,18,2663,Lark/Library Station - Washington Ave & Lark St (02663),0,4,9,40860.0,11:21:00,41074,11:24:34,40860.0,11:21:00,41172,11:26:12,98,00:01:38,doors opened
07/14/2025,12,4229,Monday,Weekday,East,15649689,39300,10:55:00,39310,10:55:10,17,263,Washington Ave & Henry Johnson Blvd (00263),0,2,13,,,40971,11:22:51,,,41033,11:23:53,62,00:01:02,doors opened
07/14/2025,12,4229,Monday,Weekday,East,15649689,39300,10:55:00,39310,10:55:10,16,2096,Washington Ave & Lexington Ave (02096),0,0,15,,,40891,11:21:31,,,40891,11:21:31,0,00:00:00,door not opened
07/14/2025,12,4229,Monday,Weekday,East,15649689,39300,10:55:00,39310,10:55:10,15,3253,Washington Ave & Robin St (Draper Hall) (03253),0,3,15,,,40843,11:20:43,,,40870,11:21:10,27,00:00:27,doors opened
07/14/2025,12,4229,Monday,Weekday,East,15649689,39300,10:55:00,39310,10:55:10,14,2109,Washington Ave & N. Lake Ave (02109),0,0,18,,,40823,11:20:23,,,40823,11:20:23,0,00:00:00,door not opened
07/14/2025,12,4229,Monday,Weekday,East,15649689,39300,10:55:00,39310,10:55:10,13,3255,Washington Ave & Quail St (03255),1,7,18,,,40696,11:18:16,,,40770,11:19:30,74,00:01:14,doors opened
07/14/2025,12,4229,Monday,Weekday,East,15649689,39300,10:55:00,39310,10:55:10,12,3256,Washington Ave & Ontario St (03256),4,0,24,40500.0,11:15:00,40645,11:17:25,40500.0,11:15:00,40672,11:17:52,27,00:00:27,doors opened
07/14/2025,12,4229,Monday,Weekday,East,15649689,39300,10:55:00,39310,10:55:10,11,2107,Washington Ave & Partridge St (02107),11,0,20,,,40560,11:16:00,,,40619,11:16:59,59,00:00:59,doors opened
07/14/2025,12,4229,Monday,Weekday,East,15649689,39300,10:55:00,39310,10:55:10,10,3257,Washington Ave & N. Main Ave (03257),1,3,9,,,40464,11:14:24,,,40504,11:15:04,40,00:00:40,doors opened
07/14/2025,12,4229,Monday,Weekday,East,15649689,39300,10:55:00,39310,10:55:10,9,1796,Washington Ave & N. Allen St (01796),0,0,11,40380.0,11:13:00,40435,11:13:55,40380.0,11:13:00,40435,11:13:55,0,00:00:00,door not opened
07/14/2025,12,4229,Monday,Weekday,East,15649689,39300,10:55:00,39310,10:55:10,8,11581,Washington Ave & Manning Blvd (11581),0,0,11,,,40372,11:12:52,,,40372,11:12:52,0,00:00:00,door not opened
07/14/2025,12,4229,Monday,Weekday,East,15649689,39300,10:55:00,39310,10:55:10,7,2180,Washington Ave & Homestead Ave (02180),0,2,11,,,40304,11:11:44,,,40315,11:11:55,11,00:00:11,doors opened
07/14/2025,12,4229,Monday,Weekday,East,15649689,39300,10:55:00,39310,10:55:10,6,2182,Washington Ave & Hawthorne St (02182),0,0,13,,,40278,11:11:18,,,40278,11:11:18,0,00:00:00,door not opened
07/14/2025,12,4229,Monday,Weekday,East,15649689,39300,10:55:00,39310,10:55:10,5,3304,Washington Ave & Clermont St (03304),0,1,13,,,40214,11:10:14,,,40249,11:10:49,35,00:00:35,doors opened
07/14/2025,12,4229,Monday,Weekday,East,15649689,39300,10:55:00,39310,10:55:10,4,3348,Washington Ave & Brevator St (03348),3,0,14,,,40173,11:09:33,,,40191,11:09:51,18,00:00:18,doors opened
07/14/2025,12,4229,Monday,Weekday,East,15649689,39300,10:55:00,39310,10:55:10,3,10134,Washington Ave & SUNY Exit Rd (10134),2,0,11,,,40024,11:07:04,,,40048,11:07:28,24,00:00:24,doors opened
07/14/2025,12,4229,Monday,Weekday,East,15649689,39300,10:55:00,39310,10:55:10,2,7216,SUNY Collins Circle (07216),0,0,9,39900.0,11:05:00,39905,11:05:05,39900.0,11:05:00,39917,11:05:17,12,00:00:12,doors opened
07/14/2025,12,4229,Monday,Weekday,East,15649689,39300,10:55:00,39310,10:55:10,1,12827,Crossgates Commons Station (12827),8,2,9,39600.0,11:00:00,39635,11:00:35,39600.0,11:00:00,39682,11:01:22,47,00:00:47,doors opened
07/14/2025,12,4229,Monday,Weekday,East,15649689,39300,10:55:00,39310,10:55:10,0,7175,Crossgates Mall Station (07175),3,0,3,39300.0,10:55:00,39310,10:55:10,39300.0,10:55:00,39310,10:55:10,0,00:00:00,doors opened
07/14/2025,12,4229,Monday,Weekday,West,15649792,42000,11:40:00,42322,11:45:22,27,7175,Crossgates Mall Station (07175),0,3,2,44400.0,12:20:00,44941,12:29:01,44400.0,12:20:00,44941,12:29:01,0,00:00:00,doors opened
07/14/2025,12,4229,Monday,Weekday,West,15649792,42000,11:40:00,42322,11:45:22,26,12828,Crossgates Commons Station (12828),1,2,5,43980.0,12:13:00,44652,12:24:12,43980.0,12:13:00,44682,12:24:42,30,00:00:30,doors opened
07/14/2025,12,4229,Monday,Weekday,West,15649792,42000,11:40:00,42322,11:45:22,25,12891,1475 Washington Ave (12891),0,0,6,,,44402,12:20:02,,,44402,12:20:02,0,00:00:00,door not opened
07/14/2025,12,4229,Monday,Weekday,West,15649792,42000,11:40:00,42322,11:45:22,24,7216,SUNY Collins Circle (07216),0,3,6,43620.0,12:07:00,44203,12:16:43,43620.0,12:07:00,44222,12:17:02,19,00:00:19,doors opened
07/14/2025,12,4229,Monday,Weekday,West,15649792,42000,11:40:00,42322,11:45:22,23,3262,1383 Washington Ave (Fairfield Inn) (03262),0,1,9,,,44074,12:14:34,,,44092,12:14:52,18,00:00:18,doors opened
07/14/2025,12,4229,Monday,Weekday,West,15649792,42000,11:40:00,42322,11:45:22,22,976,Washington Ave & Brevator St (00976),0,0,10,,,43964,12:12:44,,,43964,12:12:44,0,00:00:00,door not opened
07/14/2025,12,4229,Monday,Weekday,West,15649792,42000,11:40:00,42322,11:45:22,21,1959,Washington Ave & Colvin Ave (01959),0,0,10,,,43941,12:12:21,,,43941,12:12:21,0,00:00:00,door not opened
07/14/2025,12,4229,Monday,Weekday,West,15649792,42000,11:40:00,42322,11:45:22,20,3399,Washington Ave & Danker Ave (03399),0,0,10,,,43876,12:11:16,,,43876,12:11:16,0,00:00:00,door not opened
07/14/2025,12,4229,Monday,Weekday,West,15649792,42000,11:40:00,42322,11:45:22,19,1849,Washington Ave & Homestead Ave (01849),1,1,10,,,43827,12:10:27,,,43859,12:10:59,32,00:00:32,doors opened
07/14/2025,12,4229,Monday,Weekday,West,15649792,42000,11:40:00,42322,11:45:22,18,1846,Washington Ave & Manning Blvd (01846),0,0,10,,,43807,12:10:07,,,43807,12:10:07,0,00:00:00,door not opened
07/14/2025,12,4229,Monday,Weekday,West,15649792,42000,11:40:00,42322,11:45:22,17,3287,Washington Ave & N. Allen St (03287),2,0,10,43200.0,12:00:00,43713,12:08:33,43200.0,12:00:00,43740,12:09:00,27,00:00:27,doors opened
07/14/2025,12,4229,Monday,Weekday,West,15649792,42000,11:40:00,42322,11:45:22,16,3264,Washington Ave & N. Main Ave (03264),1,1,8,,,43634,12:07:14,,,43680,12:08:00,46,00:00:46,doors opened
07/14/2025,12,4229,Monday,Weekday,West,15649792,42000,11:40:00,42322,11:45:22,15,1839,Washington Ave & Partridge St (01839),0,0,8,,,43553,12:05:53,,,43553,12:05:53,0,00:00:00,door not opened
07/14/2025,12,4229,Monday,Weekday,West,15649792,42000,11:40:00,42322,11:45:22,14,1841,Washington Ave & Ontario St (01841),0,1,8,42960.0,11:56:00,43491,12:04:51,42960.0,11:56:00,43526,12:05:26,35,00:00:35,doors opened
07/14/2025,12,4229,Monday,Weekday,West,15649792,42000,11:40:00,42322,11:45:22,13,1842,Washington Ave & Quail St (01842),0,3,9,,,43428,12:03:48,,,43467,12:04:27,39,00:00:39,doors opened
07/14/2025,12,4229,Monday,Weekday,West,15649792,42000,11:40:00,42322,11:45:22,12,1837,Washington Ave & N. Lake Ave (01837),1,1,12,,,43354,12:02:34,,,43398,12:03:18,44,00:00:44,doors opened
07/14/2025,12,4229,Monday,Weekday,West,15649792,42000,11:40:00,42322,11:45:22,11,1843,Washington Ave & Robin St (01843),1,2,12,,,43306,12:01:46,,,43328,12:02:08,22,00:00:22,doors opened
07/14/2025,12,4229,Monday,Weekday,West,15649792,42000,11:40:00,42322,11:45:22,10,12943,Washington Ave & Lexington Ave (12943),1,0,13,,,43260,12:01:00,,,43278,12:01:18,18,00:00:18,doors opened
07/14/2025,12,4229,Monday,Weekday,West,15649792,42000,11:40:00,42322,11:45:22,9,12942,Washington Ave & Henry Johnson Blvd (12942),0,2,12,,,43209,12:00:09,,,43219,12:00:19,10,00:00:10,doors opened
07/14/2025,12,4229,Monday,Weekday,West,15649792,42000,11:40:00,42322,11:45:22,8,3239,Lark/Library Station - Washington Ave & Lark St (03239),6,4,14,42540.0,11:49:00,43088,11:58:08,42540.0,11:49:00,43167,11:59:27,79,00:01:19,doors opened
07/14/2025,12,4229,Monday,Weekday,West,15649792,42000,11:40:00,42322,11:45:22,7,3301,Washington Ave & S. Swan St (03301),1,0,12,,,42968,11:56:08,,,43014,11:56:54,46,00:00:46,doors opened
07/14/2025,12,4229,Monday,Weekday,West,15649792,42000,11:40:00,42322,11:45:22,6,3250,Hawk/Capitol Station - Washington Ave & Hawk St (03250),0,1,11,,,42926,11:55:26,,,42944,11:55:44,18,00:00:18,doors opened
07/14/2025,12,4229,Monday,Weekday,West,15649792,42000,11:40:00,42322,11:45:22,5,10087,State St & Eagle St (10087),0,0,12,,,42900,11:55:00,,,42900,11:55:00,0,00:00:00,door not opened
07/14/2025,12,4229,Monday,Weekday,West,15649792,42000,11:40:00,42322,11:45:22,4,2665,State/Downtown Station - State St & Lodge St (02665),12,3,12,42240.0,11:44:00,42653,11:50:53,42240.0,11:44:00,42868,11:54:28,215,00:03:35,doors opened
07/14/2025,12,4229,Monday,Weekday,West,15649792,42000,11:40:00,42322,11:45:22,3,3221,State Station - N. Pearl St & Ten Eyck Plaza (03221),0,1,3,,,42540,11:49:00,,,42628,11:50:28,88,00:01:28,doors opened
07/14/2025,12,4229,Monday,Weekday,West,15649792,42000,11:40:00,42322,11:45:22,2,3233,N. Pearl St & Sheridan Ave (03233),0,0,4,,,42502,11:48:22,,,42502,11:48:22,0,00:00:00,door not opened
07/14/2025,12,4229,Monday,Weekday,West,15649792,42000,11:40:00,42322,11:45:22,1,2168,Clinton Square Station - N. Pearl St & Clinton Ave (02168),5,1,4,,,42330,11:45:30,,,42487,11:48:07,157,00:02:37,doors opened
07/14/2025,12,4229,Monday,Weekday,West,15649792,42000,11:40:00,42322,11:45:22,0,9018,Broadway & Orange St (09018),0,0,0,42000.0,11:40:00,42322,11:45:22,42000.0,11:40:00,42322,11:45:22,0,00:00:00,door not opened
07/14/2025,12,4229,Monday,Weekday,West,15651819,67200,18:40:00,67200,18:40:00,27,7175,Crossgates Mall Station (07175),0,8,0,69480.0,19:18:00,69326,19:15:26,69480.0,19:18:00,69326,19:15:26,0,00:00:00,doors opened
07/14/2025,12,4229,Monday,Weekday,West,15651819,67200,18:40:00,67200,18:40:00,26,12828,Crossgates Commons Station (12828),0,9,8,69060.0,19:11:00,69039,19:10:39,69060.0,19:11:00,69067,19:11:07,28,00:00:28,doors opened
07/14/2025,12,4229,Monday,Weekday,West,15651819,67200,18:40:00,67200,18:40:00,25,12891,1475 Washington Ave (12891),0,0,17,,,68903,19:08:23,,,68903,19:08:23,0,00:00:00,door not opened
07/14/2025,12,4229,Monday,Weekday,West,15651819,67200,18:40:00,67200,18:40:00,24,7216,SUNY Collins Circle (07216),2,0,17,68700.0,19:05:00,68748,19:05:48,68700.0,19:05:00,68770,19:06:10,22,00:00:22,doors opened
07/14/2025,12,4229,Monday,Weekday,West,15651819,67200,18:40:00,67200,18:40:00,23,3262,1383 Washington Ave (Fairfield Inn) (03262),0,4,15,,,68653,19:04:13,,,68670,19:04:30,17,00:00:17,doors opened
07/14/2025,12,4229,Monday,Weekday,West,15651819,67200,18:40:00,67200,18:40:00,22,976,Washington Ave & Brevator St (00976),0,0,19,,,68567,19:02:47,,,68567,19:02:47,0,00:00:00,door not opened
07/14/2025,12,4229,Monday,Weekday,West,15651819,67200,18:40:00,67200,18:40:00,21,1959,Washington Ave & Colvin Ave (01959),2,0,19,,,68514,19:01:54,,,68544,19:02:24,30,00:00:30,doors opened
07/14/2025,12,4229,Monday,Weekday,West,15651819,67200,18:40:00,67200,18:40:00,20,3399,Washington Ave & Danker Ave (03399),0,0,17,,,68494,19:01:34,,,68494,19:01:34,0,00:00:00,door not opened
07/14/2025,12,4229,Monday,Weekday,West,15651819,67200,18:40:00,67200,18:40:00,19,1849,Washington Ave & Homestead Ave (01849),1,0,17,,,68429,19:00:29,,,68475,19:01:15,46,00:00:46,doors opened
07/14/2025,12,4229,Monday,Weekday,West,15651819,67200,18:40:00,67200,18:40:00,18,1846,Washington Ave & Manning Blvd (01846),0,0,16,,,68408,19:00:08,,,68408,19:00:08,0,00:00:00,door not opened
07/14/2025,12,4229,Monday,Weekday,West,15651819,67200,18:40:00,67200,18:40:00,17,3287,Washington Ave & N. Allen St (03287),1,1,16,68280.0,18:58:00,68360,18:59:20,68280.0,18:58:00,68383,18:59:43,23,00:00:23,doors opened
07/14/2025,12,4229,Monday,Weekday,West,15651819,67200,18:40:00,67200,18:40:00,16,3264,Washington Ave & N. Main Ave (03264),1,0,16,,,68286,18:58:06,,,68333,18:58:53,47,00:00:47,doors opened
07/14/2025,12,4229,Monday,Weekday,West,15651819,67200,18:40:00,67200,18:40:00,15,1839,Washington Ave & Partridge St (01839),1,0,15,,,68169,18:56:09,,,68202,18:56:42,33,00:00:33,doors opened
07/14/2025,12,4229,Monday,Weekday,West,15651819,67200,18:40:00,67200,18:40:00,14,1841,Washington Ave & Ontario St (01841),0,0,14,68100.0,18:55:00,68145,18:55:45,68100.0,18:55:00,68145,18:55:45,0,00:00:00,door not opened
07/14/2025,12,4229,Monday,Weekday,West,15651819,67200,18:40:00,67200,18:40:00,13,1842,Washington Ave & Quail St (01842),7,2,14,,,68056,18:54:16,,,68108,18:55:08,52,00:00:52,doors opened
07/14/2025,12,4229,Monday,Weekday,West,15651819,67200,18:40:00,67200,18:40:00,12,1837,Washington Ave & N. Lake Ave (01837),0,0,9,,,68030,18:53:50,,,68030,18:53:50,0,00:00:00,door not opened
07/14/2025,12,4229,Monday,Weekday,West,15651819,67200,18:40:00,67200,18:40:00,11,1843,Washington Ave & Robin St (01843),1,0,9,,,67973,18:52:53,,,68004,18:53:24,31,00:00:31,doors opened
07/14/2025,12,4229,Monday,Weekday,West,15651819,67200,18:40:00,67200,18:40:00,10,12943,Washington Ave & Lexington Ave (12943),0,0,8,,,67943,18:52:23,,,67943,18:52:23,0,00:00:00,door not opened
07/14/2025,12,4229,Monday,Weekday,West,15651819,67200,18:40:00,67200,18:40:00,9,12942,Washington Ave & Henry Johnson Blvd (12942),3,1,8,,,67840,18:50:40,,,67874,18:51:14,34,00:00:34,doors opened
07/14/2025,12,4229,Monday,Weekday,West,15651819,67200,18:40:00,67200,18:40:00,8,3239,Lark/Library Station - Washington Ave & Lark St (03239),0,1,6,67680.0,18:48:00,67750,18:49:10,67680.0,18:48:00,67802,18:50:02,52,00:00:52,doors opened
07/14/2025,12,4229,Monday,Weekday,West,15651819,67200,18:40:00,67200,18:40:00,7,3301,Washington Ave & S. Swan St (03301),0,0,7,,,67713,18:48:33,,,67713,18:48:33,0,00:00:00,door not opened
07/14/2025,12,4229,Monday,Weekday,West,15651819,67200,18:40:00,67200,18:40:00,6,3250,Hawk/Capitol Station - Washington Ave & Hawk St (03250),0,0,7,,,67626,18:47:06,,,67626,18:47:06,0,00:00:00,door not opened
07/14/2025,12,4229,Monday,Weekday,West,15651819,67200,18:40:00,67200,18:40:00,5,10087,State St & Eagle St (10087),1,0,7,,,67558,18:45:58,,,67576,18:46:16,18,00:00:18,doors opened
07/14/2025,12,4229,Monday,Weekday,West,15651819,67200,18:40:00,67200,18:40:00,4,2665,State/Downtown Station - State St & Lodge St (02665),3,0,6,67440.0,18:44:00,67454,18:44:14,67440.0,18:44:00,67517,18:45:17,63,00:01:03,doors opened
07/14/2025,12,4229,Monday,Weekday,West,15651819,67200,18:40:00,67200,18:40:00,3,3221,State Station - N. Pearl St & Ten Eyck Plaza (03221),1,0,3,,,67317,18:41:57,,,67406,18:43:26,89,00:01:29,doors opened
07/14/2025,12,4229,Monday,Weekday,West,15651819,67200,18:40:00,67200,18:40:00,2,3233,N. Pearl St & Sheridan Ave (03233),0,0,2,,,67265,18:41:05,,,67265,18:41:05,0,00:00:00,door not opened
07/14/2025,12,4229,Monday,Weekday,West,15651819,67200,18:40:00,67200,18:40:00,1,2168,Clinton Square Station - N. Pearl St & Clinton Ave (02168),0,0,2,,,67246,18:40:46,,,67246,18:40:46,0,00:00:00,door not opened
07/14/2025,12,4229,Monday,Weekday,West,15651819,67200,18:40:00,67200,18:40:00,0,9018,Broadway & Orange St (09018),0,0,2,67200.0,18:40:00,67200,18:40:00,67200.0,18:40:00,67200,18:40:00,0,00:00:00,door not opened
07/14/2025,12,4229,Monday,Weekday,East,15651822,70500,19:35:00,70503,19:35:03,24,3940,Broadway & Steuben St (03940),0,0,0,72540.0,20:09:00,72432,20:07:12,72540.0,20:09:00,72432,20:07:12,0,00:00:00,door not opened
07/14/2025,12,4229,Monday,Weekday,East,15651822,70500,19:35:00,70503,19:35:03,23,2509,State/Downtown Station - State St & S. Pearl St (02509),0,0,0,72360.0,20:06:00,72317,20:05:17,72360.0,20:06:00,72317,20:05:17,0,00:00:00,door not opened
07/14/2025,12,4229,Monday,Weekday,East,15651822,70500,19:35:00,70503,19:35:03,22,1787,State St & Eagle St (01787),0,0,0,,,72248,20:04:08,,,72248,20:04:08,0,00:00:00,door not opened
07/14/2025,12,4229,Monday,Weekday,East,15651822,70500,19:35:00,70503,19:35:03,21,2706,Hawk/Capitol Station - Washington Ave & Hawk St (02706),0,0,0,,,72210,20:03:30,,,72210,20:03:30,0,00:00:00,door not opened
07/14/2025,12,4229,Monday,Weekday,East,15651822,70500,19:35:00,70503,19:35:03,20,1789,Washington Ave & S. Swan St (01789),0,0,0,,,72187,20:03:07,,,72187,20:03:07,0,00:00:00,door not opened
07/14/2025,12,4229,Monday,Weekday,East,15651822,70500,19:35:00,70503,19:35:03,19,1788,Washington Ave & Dove St (01788),0,0,0,,,72168,20:02:48,,,72168,20:02:48,0,00:00:00,door not opened
07/14/2025,12,4229,Monday,Weekday,East,15651822,70500,19:35:00,70503,19:35:03,18,2663,Lark/Library Station - Washington Ave & Lark St (02663),0,1,0,72120.0,20:02:00,72052,20:00:52,72120.0,20:02:00,72111,20:01:51,59,00:00:59,doors opened
07/14/2025,12,4229,Monday,Weekday,East,15651822,70500,19:35:00,70503,19:35:03,17,263,Washington Ave & Henry Johnson Blvd (00263),0,0,1,,,72017,20:00:17,,,72017,20:00:17,0,00:00:00,door not opened
07/14/2025,12,4229,Monday,Weekday,East,15651822,70500,19:35:00,70503,19:35:03,16,2096,Washington Ave & Lexington Ave (02096),0,1,1,,,71949,19:59:09,,,71985,19:59:45,36,00:00:36,doors opened
07/14/2025,12,4229,Monday,Weekday,East,15651822,70500,19:35:00,70503,19:35:03,15,3253,Washington Ave & Robin St (Draper Hall) (03253),0,0,2,,,71927,19:58:47,,,71927,19:58:47,0,00:00:00,door not opened
07/14/2025,12,4229,Monday,Weekday,East,15651822,70500,19:35:00,70503,19:35:03,14,2109,Washington Ave & N. Lake Ave (02109),0,0,2,,,71903,19:58:23,,,71903,19:58:23,0,00:00:00,door not opened
07/14/2025,12,4229,Monday,Weekday,East,15651822,70500,19:35:00,70503,19:35:03,13,3255,Washington Ave & Quail St (03255),0,1,2,,,71827,19:57:07,,,71851,19:57:31,24,00:00:24,doors opened
07/14/2025,12,4229,Monday,Weekday,East,15651822,70500,19:35:00,70503,19:35:03,12,3256,Washington Ave & Ontario St (03256),0,2,3,71760.0,19:56:00,71790,19:56:30,71760.0,19:56:00,71802,19:56:42,12,00:00:12,doors opened
07/14/2025,12,4229,Monday,Weekday,East,15651822,70500,19:35:00,70503,19:35:03,11,2107,Washington Ave & Partridge St (02107),0,0,5,,,71766,19:56:06,,,71766,19:56:06,0,00:00:00,door not opened
07/14/2025,12,4229,Monday,Weekday,East,15651822,70500,19:35:00,70503,19:35:03,10,3257,Washington Ave & N. Main Ave (03257),0,2,5,,,71684,19:54:44,,,71703,19:55:03,19,00:00:19,doors opened
07/14/2025,12,4229,Monday,Weekday,East,15651822,70500,19:35:00,70503,19:35:03,9,1796,Washington Ave & N. Allen St (01796),0,2,7,71580.0,19:53:00,71632,19:53:52,71580.0,19:53:00,71650,19:54:10,18,00:00:18,doors opened
07/14/2025,12,4229,Monday,Weekday,East,15651822,70500,19:35:00,70503,19:35:03,8,11581,Washington Ave & Manning Blvd (11581),0,1,9,,,71583,19:53:03,,,71598,19:53:18,15,00:00:15,doors opened
07/14/2025,12,4229,Monday,Weekday,East,15651822,70500,19:35:00,70503,19:35:03,7,2180,Washington Ave & Homestead Ave (02180),0,2,10,,,71541,19:52:21,,,71555,19:52:35,14,00:00:14,doors opened
07/14/2025,12,4229,Monday,Weekday,East,15651822,70500,19:35:00,70503,19:35:03,6,2182,Washington Ave & Hawthorne St (02182),0,0,12,,,71512,19:51:52,,,71512,19:51:52,0,00:00:00,door not opened
07/14/2025,12,4229,Monday,Weekday,East,15651822,70500,19:35:00,70503,19:35:03,5,3304,Washington Ave & Clermont St (03304),0,1,12,,,71467,19:51:07,,,71481,19:51:21,14,00:00:14,doors opened
07/14/2025,12,4229,Monday,Weekday,East,15651822,70500,19:35:00,70503,19:35:03,4,3348,Washington Ave & Brevator St (03348),0,0,13,,,71449,19:50:49,,,71449,19:50:49,0,00:00:00,door not opened
07/14/2025,12,4229,Monday,Weekday,East,15651822,70500,19:35:00,70503,19:35:03,3,10134,Washington Ave & SUNY Exit Rd (10134),2,3,13,,,71292,19:48:12,,,71323,19:48:43,31,00:00:31,doors opened
07/14/2025,12,4229,Monday,Weekday,East,15651822,70500,19:35:00,70503,19:35:03,2,7216,SUNY Collins Circle (07216),0,1,14,71100.0,19:45:00,71162,19:46:02,71100.0,19:45:00,71181,19:46:21,19,00:00:19,doors opened
07/14/2025,12,4229,Monday,Weekday,East,15651822,70500,19:35:00,70503,19:35:03,1,12827,Crossgates Commons Station (12827),12,1,15,70800.0,19:40:00,70795,19:39:55,70800.0,19:40:00,70920,19:42:00,125,00:02:05,doors opened
07/14/2025,12,4229,Monday,Weekday,East,15651822,70500,19:35:00,70503,19:35:03,0,7175,Crossgates Mall Station (07175),4,0,4,70500.0,19:35:00,70503,19:35:03,70500.0,19:35:00,70503,19:35:03,0,00:00:00,doors opened
07/14/2025,12,4229,Monday,Weekday,East,15651825,75300,20:55:00,75322,20:55:22,24,3940,Broadway & Steuben St (03940),0,0,0,77280.0,21:28:00,77406,21:30:06,77280.0,21:28:00,77406,21:30:06,0,00:00:00,door not opened
07/14/2025,12,4229,Monday,Weekday,East,15651825,75300,20:55:00,75322,20:55:22,23,2509,State/Downtown Station - State St & S. Pearl St (02509),0,0,0,77160.0,21:26:00,77361,21:29:21,77160.0,21:26:00,77361,21:29:21,0,00:00:00,door not opened
07/14/2025,12,4229,Monday,Weekday,East,15651825,75300,20:55:00,75322,20:55:22,22,1787,State St & Eagle St (01787),0,0,0,,,77318,21:28:38,,,77318,21:28:38,0,00:00:00,door not opened
07/14/2025,12,4229,Monday,Weekday,East,15651825,75300,20:55:00,75322,20:55:22,21,2706,Hawk/Capitol Station - Washington Ave & Hawk St (02706),0,0,0,,,77197,21:26:37,,,77197,21:26:37,0,00:00:00,door not opened
07/14/2025,12,4229,Monday,Weekday,East,15651825,75300,20:55:00,75322,20:55:22,20,1789,Washington Ave & S. Swan St (01789),0,0,0,,,77184,21:26:24,,,77184,21:26:24,0,00:00:00,door not opened
07/14/2025,12,4229,Monday,Weekday,East,15651825,75300,20:55:00,75322,20:55:22,19,1788,Washington Ave & Dove St (01788),0,0,0,,,77154,21:25:54,,,77154,21:25:54,0,00:00:00,door not opened
07/14/2025,12,4229,Monday,Weekday,East,15651825,75300,20:55:00,75322,20:55:22,18,2663,Lark/Library Station - Washington Ave & Lark St (02663),0,2,0,76920.0,21:22:00,77080,21:24:40,76920.0,21:22:00,77129,21:25:29,49,00:00:49,doors opened
07/14/2025,12,4229,Monday,Weekday,East,15651825,75300,20:55:00,75322,20:55:22,17,263,Washington Ave & Henry Johnson Blvd (00263),0,0,2,,,77041,21:24:01,,,77041,21:24:01,0,00:00:00,door not opened
07/14/2025,12,4229,Monday,Weekday,East,15651825,75300,20:55:00,75322,20:55:22,16,2096,Washington Ave & Lexington Ave (02096),0,0,2,,,76957,21:22:37,,,76957,21:22:37,0,00:00:00,door not opened
07/14/2025,12,4229,Monday,Weekday,East,15651825,75300,20:55:00,75322,20:55:22,15,3253,Washington Ave & Robin St (Draper Hall) (03253),0,0,2,,,76917,21:21:57,,,76917,21:21:57,0,00:00:00,door not opened
07/14/2025,12,4229,Monday,Weekday,East,15651825,75300,20:55:00,75322,20:55:22,14,2109,Washington Ave & N. Lake Ave (02109),1,1,2,,,76849,21:20:49,,,76879,21:21:19,30,00:00:30,doors opened
07/14/2025,12,4229,Monday,Weekday,East,15651825,75300,20:55:00,75322,20:55:22,13,3255,Washington Ave & Quail St (03255),0,4,2,,,76793,21:19:53,,,76827,21:20:27,34,00:00:34,doors opened
07/14/2025,12,4229,Monday,Weekday,East,15651825,75300,20:55:00,75322,20:55:22,12,3256,Washington Ave & Ontario St (03256),0,1,6,76560.0,21:16:00,76758,21:19:18,76560.0,21:16:00,76772,21:19:32,14,00:00:14,doors opened
07/14/2025,12,4229,Monday,Weekday,East,15651825,75300,20:55:00,75322,20:55:22,11,2107,Washington Ave & Partridge St (02107),0,0,7,,,76737,21:18:57,,,76737,21:18:57,0,00:00:00,door not opened
07/14/2025,12,4229,Monday,Weekday,East,15651825,75300,20:55:00,75322,20:55:22,10,3257,Washington Ave & N. Main Ave (03257),1,2,7,,,76637,21:17:17,,,76682,21:18:02,45,00:00:45,doors opened
07/14/2025,12,4229,Monday,Weekday,East,15651825,75300,20:55:00,75322,20:55:22,9,1796,Washington Ave & N. Allen St (01796),1,2,8,76380.0,21:13:00,76544,21:15:44,76380.0,21:13:00,76611,21:16:51,67,00:01:07,doors opened
07/14/2025,12,4229,Monday,Weekday,East,15651825,75300,20:55:00,75322,20:55:22,8,11581,Washington Ave & Manning Blvd (11581),0,1,9,,,76491,21:14:51,,,76508,21:15:08,17,00:00:17,doors opened
07/14/2025,12,4229,Monday,Weekday,East,15651825,75300,20:55:00,75322,20:55:22,7,2180,Washington Ave & Homestead Ave (02180),0,0,10,,,76469,21:14:29,,,76469,21:14:29,0,00:00:00,door not opened
07/14/2025,12,4229,Monday,Weekday,East,15651825,75300,20:55:00,75322,20:55:22,6,2182,Washington Ave & Hawthorne St (02182),0,0,10,,,76427,21:13:47,,,76427,21:13:47,0,00:00:00,door not opened
07/14/2025,12,4229,Monday,Weekday,East,15651825,75300,20:55:00,75322,20:55:22,5,3304,Washington Ave & Clermont St (03304),0,0,10,,,76409,21:13:29,,,76409,21:13:29,0,00:00:00,door not opened
07/14/2025,12,4229,Monday,Weekday,East,15651825,75300,20:55:00,75322,20:55:22,4,3348,Washington Ave & Brevator St (03348),0,0,10,,,76364,21:12:44,,,76364,21:12:44,0,00:00:00,door not opened
07/14/2025,12,4229,Monday,Weekday,East,15651825,75300,20:55:00,75322,20:55:22,3,10134,Washington Ave & SUNY Exit Rd (10134),1,0,10,,,76220,21:10:20,,,76237,21:10:37,17,00:00:17,doors opened
07/14/2025,12,4229,Monday,Weekday,East,15651825,75300,20:55:00,75322,20:55:22,2,7216,SUNY Collins Circle (07216),3,0,9,75900.0,21:05:00,76043,21:07:23,75900.0,21:05:00,76103,21:08:23,60,00:01:00,doors opened
07/14/2025,12,4229,Monday,Weekday,East,15651825,75300,20:55:00,75322,20:55:22,1,12827,Crossgates Commons Station (12827),3,7,6,75600.0,21:00:00,75653,21:00:53,75600.0,21:00:00,75757,21:02:37,104,00:01:44,doors opened
07/14/2025,12,4229,Monday,Weekday,East,15651825,75300,20:55:00,75322,20:55:22,0,7175,Crossgates Mall Station (07175),10,0,10,75300.0,20:55:00,75322,20:55:22,75300.0,20:55:00,75322,20:55:22,0,00:00:00,doors opened
07/14/2025,12,4233,Monday,Weekday,West,15652233,73200,20:20:00,73479,20:24:39,27,7175,Crossgates Mall Station (07175),0,0,0,75300.0,20:55:00,75250,20:54:10,75300.0,20:55:00,75250,20:54:10,0,00:00:00,door not opened
07/14/2025,12,4233,Monday,Weekday,West,15652233,73200,20:20:00,73479,20:24:39,26,12828,Crossgates Commons Station (12828),1,2,0,74880.0,20:48:00,74971,20:49:31,74880.0,20:48:00,75007,20:50:07,36,00:00:36,doors opened
07/14/2025,12,4233,Monday,Weekday,West,15652233,73200,20:20:00,73479,20:24:39,25,12891,1475 Washington Ave (12891),0,0,1,,,74820,20:47:00,,,74820,20:47:00,0,00:00:00,door not opened
07/14/2025,12,4233,Monday,Weekday,West,15652233,73200,20:20:00,73479,20:24:39,24,7216,SUNY Collins Circle (07216),0,0,1,74580.0,20:43:00,74669,20:44:29,74580.0,20:43:00,74669,20:44:29,0,00:00:00,door not opened
07/14/2025,12,4233,Monday,Weekday,West,15652233,73200,20:20:00,73479,20:24:39,23,3262,1383 Washington Ave (Fairfield Inn) (03262),0,1,1,,,74554,20:42:34,,,74584,20:43:04,30,00:00:30,doors opened
07/14/2025,12,4233,Monday,Weekday,West,15652233,73200,20:20:00,73479,20:24:39,22,976,Washington Ave & Brevator St (00976),0,0,2,,,74437,20:40:37,,,74437,20:40:37,0,00:00:00,door not opened
07/14/2025,12,4233,Monday,Weekday,West,15652233,73200,20:20:00,73479,20:24:39,21,1959,Washington Ave & Colvin Ave (01959),1,0,2,,,74381,20:39:41,,,74407,20:40:07,26,00:00:26,doors opened
07/14/2025,12,4233,Monday,Weekday,West,15652233,73200,20:20:00,73479,20:24:39,20,3399,Washington Ave & Danker Ave (03399),0,0,1,,,74339,20:38:59,,,74339,20:38:59,0,00:00:00,door not opened
07/14/2025,12,4233,Monday,Weekday,West,15652233,73200,20:20:00,73479,20:24:39,19,1849,Washington Ave & Homestead Ave (01849),0,0,1,,,74319,20:38:39,,,74319,20:38:39,0,00:00:00,door not opened
07/14/2025,12,4233,Monday,Weekday,West,15652233,73200,20:20:00,73479,20:24:39,18,1846,Washington Ave & Manning Blvd (01846),0,0,1,,,74292,20:38:12,,,74292,20:38:12,0,00:00:00,door not opened
07/14/2025,12,4233,Monday,Weekday,West,15652233,73200,20:20:00,73479,20:24:39,17,3287,Washington Ave & N. Allen St (03287),0,0,1,74220.0,20:37:00,74218,20:36:58,74220.0,20:37:00,74218,20:36:58,0,00:00:00,door not opened
07/14/2025,12,4233,Monday,Weekday,West,15652233,73200,20:20:00,73479,20:24:39,16,3264,Washington Ave & N. Main Ave (03264),0,0,1,,,74169,20:36:09,,,74169,20:36:09,0,00:00:00,door not opened
07/14/2025,12,4233,Monday,Weekday,West,15652233,73200,20:20:00,73479,20:24:39,15,1839,Washington Ave & Partridge St (01839),0,1,1,,,74053,20:34:13,,,74066,20:34:26,13,00:00:13,doors opened
07/14/2025,12,4233,Monday,Weekday,West,15652233,73200,20:20:00,73479,20:24:39,14,1841,Washington Ave & Ontario St (01841),0,0,2,74040.0,20:34:00,74031,20:33:51,74040.0,20:34:00,74031,20:33:51,0,00:00:00,door not opened
07/14/2025,12,4233,Monday,Weekday,West,15652233,73200,20:20:00,73479,20:24:39,13,1842,Washington Ave & Quail St (01842),0,0,2,,,74012,20:33:32,,,74012,20:33:32,0,00:00:00,door not opened
07/14/2025,12,4233,Monday,Weekday,West,15652233,73200,20:20:00,73479,20:24:39,12,1837,Washington Ave & N. Lake Ave (01837),0,0,2,,,73947,20:32:27,,,73947,20:32:27,0,00:00:00,door not opened
07/14/2025,12,4233,Monday,Weekday,West,15652233,73200,20:20:00,73479,20:24:39,11,1843,Washington Ave & Robin St (01843),0,0,2,,,73912,20:31:52,,,73912,20:31:52,0,00:00:00,door not opened
07/14/2025,12,4233,Monday,Weekday,West,15652233,73200,20:20:00,73479,20:24:39,10,12943,Washington Ave & Lexington Ave (12943),0,3,2,,,73873,20:31:13,,,73886,20:31:26,13,00:00:13,doors opened
07/14/2025,12,4233,Monday,Weekday,West,15652233,73200,20:20:00,73479,20:24:39,9,12942,Washington Ave & Henry Johnson Blvd (12942),2,0,5,,,73804,20:30:04,,,73822,20:30:22,18,00:00:18,doors opened
07/14/2025,12,4233,Monday,Weekday,West,15652233,73200,20:20:00,73479,20:24:39,8,3239,Lark/Library Station - Washington Ave & Lark St (03239),0,0,3,73680.0,20:28:00,73763,20:29:23,73680.0,20:28:00,73763,20:29:23,0,00:00:00,door not opened
07/14/2025,12,4233,Monday,Weekday,West,15652233,73200,20:20:00,73479,20:24:39,7,3301,Washington Ave & S. Swan St (03301),0,0,3,,,73713,20:28:33,,,73713,20:28:33,0,00:00:00,door not opened
07/14/2025,12,4233,Monday,Weekday,West,15652233,73200,20:20:00,73479,20:24:39,6,3250,Hawk/Capitol Station - Washington Ave & Hawk St (03250),0,0,3,,,73689,20:28:09,,,73689,20:28:09,0,00:00:00,door not opened
07/14/2025,12,4233,Monday,Weekday,West,15652233,73200,20:20:00,73479,20:24:39,5,10087,State St & Eagle St (10087),0,0,3,,,73666,20:27:46,,,73666,20:27:46,0,00:00:00,door not opened
07/14/2025,12,4233,Monday,Weekday,West,15652233,73200,20:20:00,73479,20:24:39,4,2665,State/Downtown Station - State St & Lodge St (02665),1,0,3,73440.0,20:24:00,73623,20:27:03,73440.0,20:24:00,73636,20:27:16,13,00:00:13,doors opened
07/14/2025,12,4233,Monday,Weekday,West,15652233,73200,20:20:00,73479,20:24:39,3,3221,State Station - N. Pearl St & Ten Eyck Plaza (03221),1,0,2,,,73550,20:25:50,,,73591,20:26:31,41,00:00:41,doors opened
07/14/2025,12,4233,Monday,Weekday,West,15652233,73200,20:20:00,73479,20:24:39,2,3233,N. Pearl St & Sheridan Ave (03233),0,0,1,,,73523,20:25:23,,,73523,20:25:23,0,00:00:00,door not opened
07/14/2025,12,4233,Monday,Weekday,West,15652233,73200,20:20:00,73479,20:24:39,1,2168,Clinton Square Station - N. Pearl St & Clinton Ave (02168),0,0,1,,,73512,20:25:12,,,73512,20:25:12,0,00:00:00,door not opened
07/14/2025,12,4233,Monday,Weekday,West,15652233,73200,20:20:00,73479,20:24:39,0,9018,Broadway & Orange St (09018),0,0,1,73200.0,20:20:00,73479,20:24:39,73200.0,20:20:00,73479,20:24:39,0,00:00:00,door not opened
07/14/2025,12,4233,Monday,Weekday,West,15652236,77700,21:35:00,78135,21:42:15,27,7175,Crossgates Mall Station (07175),0,0,0,79800.0,22:10:00,79970,22:12:50,79800.0,22:10:00,79970,22:12:50,0,00:00:00,door not opened
07/14/2025,12,4233,Monday,Weekday,West,15652236,77700,21:35:00,78135,21:42:15,26,12828,Crossgates Commons Station (12828),0,4,0,79380.0,22:03:00,79674,22:07:54,79380.0,22:03:00,79693,22:08:13,19,00:00:19,doors opened
07/14/2025,12,4233,Monday,Weekday,West,15652236,77700,21:35:00,78135,21:42:15,25,12891,1475 Washington Ave (12891),0,1,4,,,79483,22:04:43,,,79483,22:04:43,0,00:00:00,door not opened
07/14/2025,12,4233,Monday,Weekday,West,15652236,77700,21:35:00,78135,21:42:15,24,7216,SUNY Collins Circle (07216),0,3,5,79080.0,21:58:00,79349,22:02:29,79080.0,21:58:00,79371,22:02:51,22,00:00:22,doors opened
07/14/2025,12,4233,Monday,Weekday,West,15652236,77700,21:35:00,78135,21:42:15,23,3262,1383 Washington Ave (Fairfield Inn) (03262),1,0,8,,,79255,22:00:55,,,79269,22:01:09,14,00:00:14,doors opened
07/14/2025,12,4233,Monday,Weekday,West,15652236,77700,21:35:00,78135,21:42:15,22,976,Washington Ave & Brevator St (00976),1,0,7,,,79142,21:59:02,,,79156,21:59:16,14,00:00:14,doors opened
07/14/2025,12,4233,Monday,Weekday,West,15652236,77700,21:35:00,78135,21:42:15,21,1959,Washington Ave & Colvin Ave (01959),0,0,6,,,79124,21:58:44,,,79124,21:58:44,0,00:00:00,door not opened
07/14/2025,12,4233,Monday,Weekday,West,15652236,77700,21:35:00,78135,21:42:15,20,3399,Washington Ave & Danker Ave (03399),0,1,6,,,79086,21:58:06,,,79102,21:58:22,16,00:00:16,doors opened
07/14/2025,12,4233,Monday,Weekday,West,15652236,77700,21:35:00,78135,21:42:15,19,1849,Washington Ave & Homestead Ave (01849),1,0,7,,,79047,21:57:27,,,79063,21:57:43,16,00:00:16,doors opened
07/14/2025,12,4233,Monday,Weekday,West,15652236,77700,21:35:00,78135,21:42:15,18,1846,Washington Ave & Manning Blvd (01846),0,0,6,,,79026,21:57:06,,,79026,21:57:06,0,00:00:00,door not opened
07/14/2025,12,4233,Monday,Weekday,West,15652236,77700,21:35:00,78135,21:42:15,17,3287,Washington Ave & N. Allen St (03287),1,1,6,78720.0,21:52:00,78932,21:55:32,78720.0,21:52:00,78958,21:55:58,26,00:00:26,doors opened
07/14/2025,12,4233,Monday,Weekday,West,15652236,77700,21:35:00,78135,21:42:15,16,3264,Washington Ave & N. Main Ave (03264),0,0,6,,,78907,21:55:07,,,78907,21:55:07,0,00:00:00,door not opened
07/14/2025,12,4233,Monday,Weekday,West,15652236,77700,21:35:00,78135,21:42:15,15,1839,Washington Ave & Partridge St (01839),0,0,6,,,78861,21:54:21,,,78861,21:54:21,0,00:00:00,door not opened
07/14/2025,12,4233,Monday,Weekday,West,15652236,77700,21:35:00,78135,21:42:15,14,1841,Washington Ave & Ontario St (01841),0,1,6,78540.0,21:49:00,78829,21:53:49,78540.0,21:49:00,78841,21:54:01,12,00:00:12,doors opened
07/14/2025,12,4233,Monday,Weekday,West,15652236,77700,21:35:00,78135,21:42:15,13,1842,Washington Ave & Quail St (01842),2,1,7,,,78766,21:52:46,,,78807,21:53:27,41,00:00:41,doors opened
07/14/2025,12,4233,Monday,Weekday,West,15652236,77700,21:35:00,78135,21:42:15,12,1837,Washington Ave & N. Lake Ave (01837),0,1,6,,,78693,21:51:33,,,78740,21:52:20,47,00:00:47,doors opened
07/14/2025,12,4233,Monday,Weekday,West,15652236,77700,21:35:00,78135,21:42:15,11,1843,Washington Ave & Robin St (01843),0,0,7,,,78673,21:51:13,,,78673,21:51:13,0,00:00:00,door not opened
07/14/2025,12,4233,Monday,Weekday,West,15652236,77700,21:35:00,78135,21:42:15,10,12943,Washington Ave & Lexington Ave (12943),0,0,7,,,78635,21:50:35,,,78635,21:50:35,0,00:00:00,door not opened
07/14/2025,12,4233,Monday,Weekday,West,15652236,77700,21:35:00,78135,21:42:15,9,12942,Washington Ave & Henry Johnson Blvd (12942),0,0,7,,,78611,21:50:11,,,78611,21:50:11,0,00:00:00,door not opened
07/14/2025,12,4233,Monday,Weekday,West,15652236,77700,21:35:00,78135,21:42:15,8,3239,Lark/Library Station - Washington Ave & Lark St (03239),2,0,7,78180.0,21:43:00,78491,21:48:11,78180.0,21:43:00,78530,21:48:50,39,00:00:39,doors opened
07/14/2025,12,4233,Monday,Weekday,West,15652236,77700,21:35:00,78135,21:42:15,7,3301,Washington Ave & S. Swan St (03301),0,0,5,,,78445,21:47:25,,,78445,21:47:25,0,00:00:00,door not opened
07/14/2025,12,4233,Monday,Weekday,West,15652236,77700,21:35:00,78135,21:42:15,6,3250,Hawk/Capitol Station - Washington Ave & Hawk St (03250),0,0,5,,,78394,21:46:34,,,78394,21:46:34,0,00:00:00,door not opened
07/14/2025,12,4233,Monday,Weekday,West,15652236,77700,21:35:00,78135,21:42:15,5,10087,State St & Eagle St (10087),0,0,5,,,78363,21:46:03,,,78363,21:46:03,0,00:00:00,door not opened
07/14/2025,12,4233,Monday,Weekday,West,15652236,77700,21:35:00,78135,21:42:15,4,2665,State/Downtown Station - State St & Lodge St (02665),5,0,5,77940.0,21:39:00,78279,21:44:39,77940.0,21:39:00,78318,21:45:18,39,00:00:39,doors opened
07/14/2025,12,4233,Monday,Weekday,West,15652236,77700,21:35:00,78135,21:42:15,3,3221,State Station - N. Pearl St & Ten Eyck Plaza (03221),0,0,0,,,78223,21:43:43,,,78223,21:43:43,0,00:00:00,door not opened
07/14/2025,12,4233,Monday,Weekday,West,15652236,77700,21:35:00,78135,21:42:15,2,3233,N. Pearl St & Sheridan Ave (03233),0,0,0,,,78187,21:43:07,,,78187,21:43:07,0,00:00:00,door not opened
07/14/2025,12,4233,Monday,Weekday,West,15652236,77700,21:35:00,78135,21:42:15,1,2168,Clinton Square Station - N. Pearl St & Clinton Ave (02168),0,0,0,,,78143,21:42:23,,,78157,21:42:37,14,00:00:14,door not opened
07/14/2025,12,4233,Monday,Weekday,West,15652236,77700,21:35:00,78135,21:42:15,0,9018,Broadway & Orange St (09018),0,0,0,77700.0,21:35:00,78135,21:42:15,77700.0,21:35:00,78135,21:42:15,0,00:00:00,door not opened
07/14/2025,12,4233,Monday,Weekday,East,15652239,80700,22:25:00,80813,22:26:53,24,3940,Broadway & Steuben St (03940),0,0,0,82500.0,22:55:00,82650,22:57:30,82500.0,22:55:00,82650,22:57:30,0,00:00:00,door not opened
07/14/2025,12,4233,Monday,Weekday,East,15652239,80700,22:25:00,80813,22:26:53,23,2509,State/Downtown Station - State St & S. Pearl St (02509),0,2,0,82380.0,22:53:00,82548,22:55:48,82380.0,22:53:00,82594,22:56:34,46,00:00:46,doors opened
07/14/2025,12,4233,Monday,Weekday,East,15652239,80700,22:25:00,80813,22:26:53,22,1787,State St & Eagle St (01787),0,0,2,,,82533,22:55:33,,,82533,22:55:33,0,00:00:00,door not opened
07/14/2025,12,4233,Monday,Weekday,East,15652239,80700,22:25:00,80813,22:26:53,21,2706,Hawk/Capitol Station - Washington Ave & Hawk St (02706),0,0,2,,,82415,22:53:35,,,82415,22:53:35,0,00:00:00,door not opened
07/14/2025,12,4233,Monday,Weekday,East,15652239,80700,22:25:00,80813,22:26:53,20,1789,Washington Ave & S. Swan St (01789),0,0,2,,,82402,22:53:22,,,82402,22:53:22,0,00:00:00,door not opened
07/14/2025,12,4233,Monday,Weekday,East,15652239,80700,22:25:00,80813,22:26:53,19,1788,Washington Ave & Dove St (01788),0,0,2,,,82386,22:53:06,,,82386,22:53:06,0,00:00:00,door not opened
07/14/2025,12,4233,Monday,Weekday,East,15652239,80700,22:25:00,80813,22:26:53,18,2663,Lark/Library Station - Washington Ave & Lark St (02663),0,1,2,82140.0,22:49:00,82309,22:51:49,82140.0,22:49:00,82369,22:52:49,60,00:01:00,doors opened
07/14/2025,12,4233,Monday,Weekday,East,15652239,80700,22:25:00,80813,22:26:53,17,263,Washington Ave & Henry Johnson Blvd (00263),0,0,3,,,82269,22:51:09,,,82269,22:51:09,0,00:00:00,door not opened
07/14/2025,12,4233,Monday,Weekday,East,15652239,80700,22:25:00,80813,22:26:53,16,2096,Washington Ave & Lexington Ave (02096),0,0,3,,,82238,22:50:38,,,82238,22:50:38,0,00:00:00,door not opened
07/14/2025,12,4233,Monday,Weekday,East,15652239,80700,22:25:00,80813,22:26:53,15,3253,Washington Ave & Robin St (Draper Hall) (03253),0,0,3,,,82190,22:49:50,,,82190,22:49:50,0,00:00:00,door not opened
07/14/2025,12,4233,Monday,Weekday,East,15652239,80700,22:25:00,80813,22:26:53,14,2109,Washington Ave & N. Lake Ave (02109),0,2,3,,,82135,22:48:55,,,82162,22:49:22,27,00:00:27,doors opened
07/14/2025,12,4233,Monday,Weekday,East,15652239,80700,22:25:00,80813,22:26:53,13,3255,Washington Ave & Quail St (03255),0,2,5,,,82081,22:48:01,,,82108,22:48:28,27,00:00:27,doors opened
07/14/2025,12,4233,Monday,Weekday,East,15652239,80700,22:25:00,80813,22:26:53,12,3256,Washington Ave & Ontario St (03256),0,0,7,81840.0,22:44:00,82062,22:47:42,81840.0,22:44:00,82062,22:47:42,0,00:00:00,door not opened
07/14/2025,12,4233,Monday,Weekday,East,15652239,80700,22:25:00,80813,22:26:53,11,2107,Washington Ave & Partridge St (02107),0,2,7,,,82024,22:47:04,,,82042,22:47:22,18,00:00:18,doors opened
07/14/2025,12,4233,Monday,Weekday,East,15652239,80700,22:25:00,80813,22:26:53,10,3257,Washington Ave & N. Main Ave (03257),0,0,9,,,81974,22:46:14,,,81974,22:46:14,0,00:00:00,door not opened
07/14/2025,12,4233,Monday,Weekday,East,15652239,80700,22:25:00,80813,22:26:53,9,1796,Washington Ave & N. Allen St (01796),0,2,9,81660.0,22:41:00,81920,22:45:20,81660.0,22:41:00,81947,22:45:47,27,00:00:27,doors opened
07/14/2025,12,4233,Monday,Weekday,East,15652239,80700,22:25:00,80813,22:26:53,8,11581,Washington Ave & Manning Blvd (11581),0,1,11,,,81851,22:44:11,,,81889,22:44:49,38,00:00:38,doors opened
07/14/2025,12,4233,Monday,Weekday,East,15652239,80700,22:25:00,80813,22:26:53,7,2180,Washington Ave & Homestead Ave (02180),0,1,12,,,81800,22:43:20,,,81829,22:43:49,29,00:00:29,doors opened
07/14/2025,12,4233,Monday,Weekday,East,15652239,80700,22:25:00,80813,22:26:53,6,2182,Washington Ave & Hawthorne St (02182),0,0,13,,,81778,22:42:58,,,81778,22:42:58,0,00:00:00,door not opened
07/14/2025,12,4233,Monday,Weekday,East,15652239,80700,22:25:00,80813,22:26:53,5,3304,Washington Ave & Clermont St (03304),0,0,13,,,81767,22:42:47,,,81767,22:42:47,0,00:00:00,door not opened
07/14/2025,12,4233,Monday,Weekday,East,15652239,80700,22:25:00,80813,22:26:53,4,3348,Washington Ave & Brevator St (03348),0,0,13,,,81751,22:42:31,,,81751,22:42:31,0,00:00:00,door not opened
07/14/2025,12,4233,Monday,Weekday,East,15652239,80700,22:25:00,80813,22:26:53,3,10134,Washington Ave & SUNY Exit Rd (10134),1,0,13,,,81626,22:40:26,,,81646,22:40:46,20,00:00:20,doors opened
07/14/2025,12,4233,Monday,Weekday,East,15652239,80700,22:25:00,80813,22:26:53,2,7216,SUNY Collins Circle (07216),1,0,12,81240.0,22:34:00,81507,22:38:27,81240.0,22:34:00,81524,22:38:44,17,00:00:17,doors opened
07/14/2025,12,4233,Monday,Weekday,East,15652239,80700,22:25:00,80813,22:26:53,1,12827,Crossgates Commons Station (12827),8,1,11,80940.0,22:29:00,81115,22:31:55,80940.0,22:29:00,81233,22:33:53,118,00:01:58,doors opened
07/14/2025,12,4233,Monday,Weekday,East,15652239,80700,22:25:00,80813,22:26:53,0,7175,Crossgates Mall Station (07175),4,0,4,80700.0,22:25:00,80813,22:26:53,80700.0,22:25:00,80813,22:26:53,0,00:00:00,doors opened
07/14/2025,12,4233,Monday,Weekday,West,15652344,83100,23:05:00,83361,23:09:21,27,7175,Crossgates Mall Station (07175),0,0,0,84900.0,23:35:00,85135,23:38:55,84900.0,23:35:00,85135,23:38:55,0,00:00:00,door not opened
07/14/2025,12,4233,Monday,Weekday,West,15652344,83100,23:05:00,83361,23:09:21,26,12828,Crossgates Commons Station (12828),0,2,0,84600.0,23:30:00,84881,23:34:41,84600.0,23:30:00,84898,23:34:58,17,00:00:17,doors opened
07/14/2025,12,4233,Monday,Weekday,West,15652344,83100,23:05:00,83361,23:09:21,25,12891,1475 Washington Ave (12891),0,3,2,,,84703,23:31:43,,,84714,23:31:54,11,00:00:11,doors opened
07/14/2025,12,4233,Monday,Weekday,West,15652344,83100,23:05:00,83361,23:09:21,24,7216,SUNY Collins Circle (07216),0,0,5,84300.0,23:25:00,84377,23:26:17,84300.0,23:25:00,84377,23:26:17,0,00:00:00,door not opened
07/14/2025,12,4233,Monday,Weekday,West,15652344,83100,23:05:00,83361,23:09:21,23,3262,1383 Washington Ave (Fairfield Inn) (03262),0,0,5,,,84273,23:24:33,,,84273,23:24:33,0,00:00:00,door not opened
07/14/2025,12,4233,Monday,Weekday,West,15652344,83100,23:05:00,83361,23:09:21,22,976,Washington Ave & Brevator St (00976),0,0,5,,,84173,23:22:53,,,84173,23:22:53,0,00:00:00,door not opened
07/14/2025,12,4233,Monday,Weekday,West,15652344,83100,23:05:00,83361,23:09:21,21,1959,Washington Ave & Colvin Ave (01959),0,0,5,,,84156,23:22:36,,,84156,23:22:36,0,00:00:00,door not opened
07/14/2025,12,4233,Monday,Weekday,West,15652344,83100,23:05:00,83361,23:09:21,20,3399,Washington Ave & Danker Ave (03399),0,0,5,,,84137,23:22:17,,,84137,23:22:17,0,00:00:00,door not opened
07/14/2025,12,4233,Monday,Weekday,West,15652344,83100,23:05:00,83361,23:09:21,19,1849,Washington Ave & Homestead Ave (01849),2,0,5,,,84094,23:21:34,,,84115,23:21:55,21,00:00:21,doors opened
07/14/2025,12,4233,Monday,Weekday,West,15652344,83100,23:05:00,83361,23:09:21,18,1846,Washington Ave & Manning Blvd (01846),0,0,3,,,84075,23:21:15,,,84075,23:21:15,0,00:00:00,door not opened
07/14/2025,12,4233,Monday,Weekday,West,15652344,83100,23:05:00,83361,23:09:21,17,3287,Washington Ave & N. Allen St (03287),0,1,3,83940.0,23:19:00,84031,23:20:31,83940.0,23:19:00,84047,23:20:47,16,00:00:16,doors opened
07/14/2025,12,4233,Monday,Weekday,West,15652344,83100,23:05:00,83361,23:09:21,16,3264,Washington Ave & N. Main Ave (03264),0,0,4,,,84003,23:20:03,,,84003,23:20:03,0,00:00:00,door not opened
07/14/2025,12,4233,Monday,Weekday,West,15652344,83100,23:05:00,83361,23:09:21,15,1839,Washington Ave & Partridge St (01839),0,0,4,,,83886,23:18:06,,,83896,23:18:16,10,00:00:10,doors opened
07/14/2025,12,4233,Monday,Weekday,West,15652344,83100,23:05:00,83361,23:09:21,14,1841,Washington Ave & Ontario St (01841),0,0,4,83760.0,23:16:00,83866,23:17:46,83760.0,23:16:00,83866,23:17:46,0,00:00:00,door not opened
07/14/2025,12,4233,Monday,Weekday,West,15652344,83100,23:05:00,83361,23:09:21,13,1842,Washington Ave & Quail St (01842),1,0,4,,,83810,23:16:50,,,83844,23:17:24,34,00:00:34,doors opened
07/14/2025,12,4233,Monday,Weekday,West,15652344,83100,23:05:00,83361,23:09:21,12,1837,Washington Ave & N. Lake Ave (01837),0,1,3,,,83771,23:16:11,,,83781,23:16:21,10,00:00:10,doors opened
07/14/2025,12,4233,Monday,Weekday,West,15652344,83100,23:05:00,83361,23:09:21,11,1843,Washington Ave & Robin St (01843),0,0,4,,,83749,23:15:49,,,83749,23:15:49,0,00:00:00,door not opened
07/14/2025,12,4233,Monday,Weekday,West,15652344,83100,23:05:00,83361,23:09:21,10,12943,Washington Ave & Lexington Ave (12943),0,0,4,,,83729,23:15:29,,,83729,23:15:29,0,00:00:00,door not opened
07/14/2025,12,4233,Monday,Weekday,West,15652344,83100,23:05:00,83361,23:09:21,9,12942,Washington Ave & Henry Johnson Blvd (12942),0,0,4,,,83692,23:14:52,,,83692,23:14:52,0,00:00:00,door not opened
07/14/2025,12,4233,Monday,Weekday,West,15652344,83100,23:05:00,83361,23:09:21,8,3239,Lark/Library Station - Washington Ave & Lark St (03239),0,0,4,83460.0,23:11:00,83646,23:14:06,83460.0,23:11:00,83646,23:14:06,0,00:00:00,door not opened
07/14/2025,12,4233,Monday,Weekday,West,15652344,83100,23:05:00,83361,23:09:21,7,3301,Washington Ave & S. Swan St (03301),0,0,4,,,83613,23:13:33,,,83613,23:13:33,0,00:00:00,door not opened
07/14/2025,12,4233,Monday,Weekday,West,15652344,83100,23:05:00,83361,23:09:21,6,3250,Hawk/Capitol Station - Washington Ave & Hawk St (03250),0,0,4,,,83597,23:13:17,,,83597,23:13:17,0,00:00:00,door not opened
07/14/2025,12,4233,Monday,Weekday,West,15652344,83100,23:05:00,83361,23:09:21,5,10087,State St & Eagle St (10087),0,0,4,,,83574,23:12:54,,,83574,23:12:54,0,00:00:00,door not opened
07/14/2025,12,4233,Monday,Weekday,West,15652344,83100,23:05:00,83361,23:09:21,4,2665,State/Downtown Station - State St & Lodge St (02665),1,0,4,83280.0,23:08:00,83531,23:12:11,83280.0,23:08:00,83540,23:12:20,9,00:00:09,doors opened
07/14/2025,12,4233,Monday,Weekday,West,15652344,83100,23:05:00,83361,23:09:21,3,3221,State Station - N. Pearl St & Ten Eyck Plaza (03221),1,0,3,,,83444,23:10:44,,,83502,23:11:42,58,00:00:58,doors opened
07/14/2025,12,4233,Monday,Weekday,West,15652344,83100,23:05:00,83361,23:09:21,2,3233,N. Pearl St & Sheridan Ave (03233),1,0,2,,,83402,23:10:02,,,83415,23:10:15,13,00:00:13,doors opened
07/14/2025,12,4233,Monday,Weekday,West,15652344,83100,23:05:00,83361,23:09:21,1,2168,Clinton Square Station - N. Pearl St & Clinton Ave (02168),0,0,1,,,83391,23:09:51,,,83391,23:09:51,0,00:00:00,door not opened
07/14/2025,12,4233,Monday,Weekday,West,15652344,83100,23:05:00,83361,23:09:21,0,9018,Broadway & Orange St (09018),0,0,1,83100.0,23:05:00,83361,23:09:21,83100.0,23:05:00,83361,23:09:21,0,00:00:00,door not opened
07/14/2025,12,4233,Monday,Weekday,East,15652347,86100,23:55:00,86297,23:58:17,8,11581,Washington Ave & Manning Blvd (11581),1,0,8,,,87227,24:13:47,,,87243,24:14:03,16,00:00:16,doors opened
07/14/2025,12,4233,Monday,Weekday,East,15652347,86100,23:55:00,86297,23:58:17,7,2180,Washington Ave & Homestead Ave (02180),0,2,7,,,87184,24:13:04,,,87202,24:13:22,18,00:00:18,doors opened
07/14/2025,12,4233,Monday,Weekday,East,15652347,86100,23:55:00,86297,23:58:17,6,2182,Washington Ave & Hawthorne St (02182),0,0,9,,,87163,24:12:43,,,87163,24:12:43,0,00:00:00,door not opened
07/14/2025,12,4233,Monday,Weekday,East,15652347,86100,23:55:00,86297,23:58:17,5,3304,Washington Ave & Clermont St (03304),0,0,9,,,87149,24:12:29,,,87149,24:12:29,0,00:00:00,door not opened
07/14/2025,12,4233,Monday,Weekday,East,15652347,86100,23:55:00,86297,23:58:17,4,3348,Washington Ave & Brevator St (03348),0,0,9,,,87133,24:12:13,,,87133,24:12:13,0,00:00:00,door not opened
07/14/2025,12,4233,Monday,Weekday,East,15652347,86100,23:55:00,86297,23:58:17,3,10134,Washington Ave & SUNY Exit Rd (10134),0,0,9,,,87016,24:10:16,,,87029,24:10:29,13,00:00:13,doors opened
07/14/2025,12,4233,Monday,Weekday,East,15652347,86100,23:55:00,86297,23:58:17,2,7216,SUNY Collins Circle (07216),2,0,9,86640.0,24:04:00,86892,24:08:12,86640.0,24:04:00,86916,24:08:36,24,00:00:24,doors opened
07/14/2025,12,4233,Monday,Weekday,East,15652347,86100,23:55:00,86297,23:58:17,1,12827,Crossgates Commons Station (12827),2,0,7,86340.0,23:59:00,86619,24:03:39,86340.0,23:59:00,86654,24:04:14,35,00:00:35,doors opened
07/14/2025,12,4233,Monday,Weekday,East,15652347,86100,23:55:00,86297,23:58:17,0,7175,Crossgates Mall Station (07175),5,0,5,86100.0,23:55:00,86297,23:58:17,86100.0,23:55:00,86297,23:58:17,0,00:00:00,doors opened
07/14/2025,12,4233,Monday,Weekday,East,15652347,86100,23:55:00,86297,23:58:17,24,3940,Broadway & Steuben St (03940),0,0,0,87840.0,24:24:00,87879,24:24:39,87840.0,24:24:00,87879,24:24:39,0,00:00:00,door not opened
07/14/2025,12,4233,Monday,Weekday,East,15652347,86100,23:55:00,86297,23:58:17,23,2509,State/Downtown Station - State St & S. Pearl St (02509),0,1,0,87720.0,24:22:00,87763,24:22:43,87720.0,24:22:00,87777,24:22:57,14,00:00:14,doors opened
07/14/2025,12,4233,Monday,Weekday,East,15652347,86100,23:55:00,86297,23:58:17,22,1787,State St & Eagle St (01787),0,0,1,,,87747,24:22:27,,,87747,24:22:27,0,00:00:00,door not opened
07/14/2025,12,4233,Monday,Weekday,East,15652347,86100,23:55:00,86297,23:58:17,21,2706,Hawk/Capitol Station - Washington Ave & Hawk St (02706),0,1,1,,,87640,24:20:40,,,87653,24:20:53,13,00:00:13,doors opened
07/14/2025,12,4233,Monday,Weekday,East,15652347,86100,23:55:00,86297,23:58:17,20,1789,Washington Ave & S. Swan St (01789),0,0,2,,,87617,24:20:17,,,87617,24:20:17,0,00:00:00,door not opened
07/14/2025,12,4233,Monday,Weekday,East,15652347,86100,23:55:00,86297,23:58:17,19,1788,Washington Ave & Dove St (01788),0,0,2,,,87601,24:20:01,,,87601,24:20:01,0,00:00:00,door not opened
07/14/2025,12,4233,Monday,Weekday,East,15652347,86100,23:55:00,86297,23:58:17,18,2663,Lark/Library Station - Washington Ave & Lark St (02663),0,0,2,87480.0,24:18:00,87584,24:19:44,87480.0,24:18:00,87584,24:19:44,0,00:00:00,door not opened
07/14/2025,12,4233,Monday,Weekday,East,15652347,86100,23:55:00,86297,23:58:17,17,263,Washington Ave & Henry Johnson Blvd (00263),0,0,2,,,87535,24:18:55,,,87535,24:18:55,0,00:00:00,door not opened
07/14/2025,12,4233,Monday,Weekday,East,15652347,86100,23:55:00,86297,23:58:17,16,2096,Washington Ave & Lexington Ave (02096),0,0,2,,,87497,24:18:17,,,87497,24:18:17,0,00:00:00,door not opened
07/14/2025,12,4233,Monday,Weekday,East,15652347,86100,23:55:00,86297,23:58:17,15,3253,Washington Ave & Robin St (Draper Hall) (03253),0,2,2,,,87460,24:17:40,,,87481,24:18:01,21,00:00:21,doors opened
07/14/2025,12,4233,Monday,Weekday,East,15652347,86100,23:55:00,86297,23:58:17,14,2109,Washington Ave & N. Lake Ave (02109),0,1,4,,,87417,24:16:57,,,87439,24:17:19,22,00:00:22,doors opened
07/14/2025,12,4233,Monday,Weekday,East,15652347,86100,23:55:00,86297,23:58:17,13,3255,Washington Ave & Quail St (03255),0,3,5,,,87372,24:16:12,,,87392,24:16:32,20,00:00:20,doors opened
07/14/2025,12,4233,Monday,Weekday,East,15652347,86100,23:55:00,86297,23:58:17,12,3256,Washington Ave & Ontario St (03256),0,0,8,87180.0,24:13:00,87355,24:15:55,87180.0,24:13:00,87355,24:15:55,0,00:00:00,door not opened
07/14/2025,12,4233,Monday,Weekday,East,15652347,86100,23:55:00,86297,23:58:17,11,2107,Washington Ave & Partridge St (02107),0,0,8,,,87337,24:15:37,,,87337,24:15:37,0,00:00:00,door not opened
07/14/2025,12,4233,Monday,Weekday,East,15652347,86100,23:55:00,86297,23:58:17,10,3257,Washington Ave & N. Main Ave (03257),0,0,8,,,87303,24:15:03,,,87303,24:15:03,0,00:00:00,door not opened
07/14/2025,12,4233,Monday,Weekday,East,15652347,86100,23:55:00,86297,23:58:17,9,1796,Washington Ave & N. Allen St (01796),0,0,8,87060.0,24:11:00,87274,24:14:34,87060.0,24:11:00,87274,24:14:34,0,00:00:00,door not opened
07/14/2025,12,4235,Monday,Weekday,East,15649522,19800,05:30:00,20093,05:34:53,24,3940,Broadway & Steuben St (03940),0,0,0,21540.0,05:59:00,21748,06:02:28,21540.0,05:59:00,21748,06:02:28,0,00:00:00,door not opened
07/14/2025,12,4235,Monday,Weekday,East,15649522,19800,05:30:00,20093,05:34:53,23,2509,State/Downtown Station - State St & S. Pearl St (02509),0,2,0,21420.0,05:57:00,21576,05:59:36,21420.0,05:57:00,21634,06:00:34,58,00:00:58,doors opened
07/14/2025,12,4235,Monday,Weekday,East,15649522,19800,05:30:00,20093,05:34:53,22,1787,State St & Eagle St (01787),0,0,2,,,21555,05:59:15,,,21555,05:59:15,0,00:00:00,door not opened
07/14/2025,12,4235,Monday,Weekday,East,15649522,19800,05:30:00,20093,05:34:53,21,2706,Hawk/Capitol Station - Washington Ave & Hawk St (02706),0,0,2,,,21515,05:58:35,,,21515,05:58:35,0,00:00:00,door not opened
07/14/2025,12,4235,Monday,Weekday,East,15649522,19800,05:30:00,20093,05:34:53,20,1789,Washington Ave & S. Swan St (01789),0,0,2,,,21494,05:58:14,,,21494,05:58:14,0,00:00:00,door not opened
07/14/2025,12,4235,Monday,Weekday,East,15649522,19800,05:30:00,20093,05:34:53,19,1788,Washington Ave & Dove St (01788),0,0,2,,,21468,05:57:48,,,21468,05:57:48,0,00:00:00,door not opened
07/14/2025,12,4235,Monday,Weekday,East,15649522,19800,05:30:00,20093,05:34:53,18,2663,Lark/Library Station - Washington Ave & Lark St (02663),1,0,2,21180.0,05:53:00,21424,05:57:04,21180.0,05:53:00,21433,05:57:13,9,00:00:09,doors opened
07/14/2025,12,4235,Monday,Weekday,East,15649522,19800,05:30:00,20093,05:34:53,17,263,Washington Ave & Henry Johnson Blvd (00263),0,0,1,,,21403,05:56:43,,,21403,05:56:43,0,00:00:00,door not opened
07/14/2025,12,4235,Monday,Weekday,East,15649522,19800,05:30:00,20093,05:34:53,16,2096,Washington Ave & Lexington Ave (02096),0,0,1,,,21313,05:55:13,,,21313,05:55:13,0,00:00:00,door not opened
07/14/2025,12,4235,Monday,Weekday,East,15649522,19800,05:30:00,20093,05:34:53,15,3253,Washington Ave & Robin St (Draper Hall) (03253),0,0,1,,,21295,05:54:55,,,21295,05:54:55,0,00:00:00,door not opened
07/14/2025,12,4235,Monday,Weekday,East,15649522,19800,05:30:00,20093,05:34:53,14,2109,Washington Ave & N. Lake Ave (02109),0,0,1,,,21268,05:54:28,,,21268,05:54:28,0,00:00:00,door not opened
07/14/2025,12,4235,Monday,Weekday,East,15649522,19800,05:30:00,20093,05:34:53,13,3255,Washington Ave & Quail St (03255),0,0,1,,,21218,05:53:38,,,21218,05:53:38,0,00:00:00,door not opened
07/14/2025,12,4235,Monday,Weekday,East,15649522,19800,05:30:00,20093,05:34:53,12,3256,Washington Ave & Ontario St (03256),0,0,1,20880.0,05:48:00,21179,05:52:59,20880.0,05:48:00,21179,05:52:59,0,00:00:00,door not opened
07/14/2025,12,4235,Monday,Weekday,East,15649522,19800,05:30:00,20093,05:34:53,11,2107,Washington Ave & Partridge St (02107),0,0,1,,,21151,05:52:31,,,21151,05:52:31,0,00:00:00,door not opened
07/14/2025,12,4235,Monday,Weekday,East,15649522,19800,05:30:00,20093,05:34:53,10,3257,Washington Ave & N. Main Ave (03257),0,0,1,,,21079,05:51:19,,,21079,05:51:19,0,00:00:00,door not opened
07/14/2025,12,4235,Monday,Weekday,East,15649522,19800,05:30:00,20093,05:34:53,9,1796,Washington Ave & N. Allen St (01796),0,0,1,20760.0,05:46:00,21039,05:50:39,20760.0,05:46:00,21039,05:50:39,0,00:00:00,door not opened
07/14/2025,12,4235,Monday,Weekday,East,15649522,19800,05:30:00,20093,05:34:53,8,11581,Washington Ave & Manning Blvd (11581),1,0,1,,,20956,05:49:16,,,20991,05:49:51,35,00:00:35,doors opened
07/14/2025,12,4235,Monday,Weekday,East,15649522,19800,05:30:00,20093,05:34:53,7,2180,Washington Ave & Homestead Ave (02180),0,1,0,,,20918,05:48:38,,,20930,05:48:50,12,00:00:12,doors opened
07/14/2025,12,4235,Monday,Weekday,East,15649522,19800,05:30:00,20093,05:34:53,6,2182,Washington Ave & Hawthorne St (02182),0,0,1,,,20889,05:48:09,,,20889,05:48:09,0,00:00:00,door not opened
07/14/2025,12,4235,Monday,Weekday,East,15649522,19800,05:30:00,20093,05:34:53,5,3304,Washington Ave & Clermont St (03304),0,0,1,,,20870,05:47:50,,,20870,05:47:50,0,00:00:00,door not opened
07/14/2025,12,4235,Monday,Weekday,East,15649522,19800,05:30:00,20093,05:34:53,4,3348,Washington Ave & Brevator St (03348),0,0,1,,,20850,05:47:30,,,20850,05:47:30,0,00:00:00,door not opened
07/14/2025,12,4235,Monday,Weekday,East,15649522,19800,05:30:00,20093,05:34:53,3,10134,Washington Ave & SUNY Exit Rd (10134),0,0,1,,,20717,05:45:17,,,20717,05:45:17,0,00:00:00,door not opened
07/14/2025,12,4235,Monday,Weekday,East,15649522,19800,05:30:00,20093,05:34:53,2,7216,SUNY Collins Circle (07216),1,0,1,20340.0,05:39:00,20583,05:43:03,20340.0,05:39:00,20600,05:43:20,17,00:00:17,doors opened
07/14/2025,12,4235,Monday,Weekday,East,15649522,19800,05:30:00,20093,05:34:53,1,12827,Crossgates Commons Station (12827),0,0,0,20040.0,05:34:00,20367,05:39:27,20040.0,05:34:00,20367,05:39:27,0,00:00:00,door not opened
07/14/2025,12,4235,Monday,Weekday,East,15649522,19800,05:30:00,20093,05:34:53,0,7175,Crossgates Mall Station (07175),0,0,0,19800.0,05:30:00,20093,05:34:53,19800.0,05:30:00,20093,05:34:53,0,00:00:00,doors opened
07/14/2025,12,4235,Monday,Weekday,East,15649525,24300,06:45:00,24515,06:48:35,24,3940,Broadway & Steuben St (03940),0,0,0,26280.0,07:18:00,26458,07:20:58,26280.0,07:18:00,26458,07:20:58,0,00:00:00,door not opened
07/14/2025,12,4235,Monday,Weekday,East,15649525,24300,06:45:00,24515,06:48:35,23,2509,State/Downtown Station - State St & S. Pearl St (02509),0,0,0,26100.0,07:15:00,26374,07:19:34,26100.0,07:15:00,26374,07:19:34,0,00:00:00,door not opened
07/14/2025,12,4235,Monday,Weekday,East,15649525,24300,06:45:00,24515,06:48:35,22,1787,State St & Eagle St (01787),0,0,0,,,26358,07:19:18,,,26358,07:19:18,0,00:00:00,door not opened
07/14/2025,12,4235,Monday,Weekday,East,15649525,24300,06:45:00,24515,06:48:35,21,2706,Hawk/Capitol Station - Washington Ave & Hawk St (02706),0,3,0,,,26251,07:17:31,,,26264,07:17:44,13,00:00:13,doors opened
07/14/2025,12,4235,Monday,Weekday,East,15649525,24300,06:45:00,24515,06:48:35,20,1789,Washington Ave & S. Swan St (01789),0,2,3,,,26185,07:16:25,,,26222,07:17:02,37,00:00:37,doors opened
07/14/2025,12,4235,Monday,Weekday,East,15649525,24300,06:45:00,24515,06:48:35,19,1788,Washington Ave & Dove St (01788),0,0,5,,,26160,07:16:00,,,26160,07:16:00,0,00:00:00,door not opened
07/14/2025,12,4235,Monday,Weekday,East,15649525,24300,06:45:00,24515,06:48:35,18,2663,Lark/Library Station - Washington Ave & Lark St (02663),0,0,5,25800.0,07:10:00,26099,07:14:59,25800.0,07:10:00,26129,07:15:29,30,00:00:30,doors opened
07/14/2025,12,4235,Monday,Weekday,East,15649525,24300,06:45:00,24515,06:48:35,17,263,Washington Ave & Henry Johnson Blvd (00263),0,4,5,,,26061,07:14:21,,,26075,07:14:35,14,00:00:14,doors opened
07/14/2025,12,4235,Monday,Weekday,East,15649525,24300,06:45:00,24515,06:48:35,16,2096,Washington Ave & Lexington Ave (02096),0,1,9,,,25939,07:12:19,,,26031,07:13:51,92,00:01:32,doors opened
07/14/2025,12,4235,Monday,Weekday,East,15649525,24300,06:45:00,24515,06:48:35,15,3253,Washington Ave & Robin St (Draper Hall) (03253),0,0,10,,,25915,07:11:55,,,25915,07:11:55,0,00:00:00,door not opened
07/14/2025,12,4235,Monday,Weekday,East,15649525,24300,06:45:00,24515,06:48:35,14,2109,Washington Ave & N. Lake Ave (02109),1,1,10,,,25838,07:10:38,,,25884,07:11:24,46,00:00:46,doors opened
07/14/2025,12,4235,Monday,Weekday,East,15649525,24300,06:45:00,24515,06:48:35,13,3255,Washington Ave & Quail St (03255),0,0,10,,,25814,07:10:14,,,25814,07:10:14,0,00:00:00,door not opened
07/14/2025,12,4235,Monday,Weekday,East,15649525,24300,06:45:00,24515,06:48:35,12,3256,Washington Ave & Ontario St (03256),2,0,10,25500.0,07:05:00,25771,07:09:31,25500.0,07:05:00,25790,07:09:50,19,00:00:19,doors opened
07/14/2025,12,4235,Monday,Weekday,East,15649525,24300,06:45:00,24515,06:48:35,11,2107,Washington Ave & Partridge St (02107),0,0,8,,,25749,07:09:09,,,25749,07:09:09,0,00:00:00,door not opened
07/14/2025,12,4235,Monday,Weekday,East,15649525,24300,06:45:00,24515,06:48:35,10,3257,Washington Ave & N. Main Ave (03257),1,0,8,,,25650,07:07:30,,,25682,07:08:02,32,00:00:32,doors opened
07/14/2025,12,4235,Monday,Weekday,East,15649525,24300,06:45:00,24515,06:48:35,9,1796,Washington Ave & N. Allen St (01796),0,0,7,25320.0,07:02:00,25612,07:06:52,25320.0,07:02:00,25612,07:06:52,0,00:00:00,door not opened
07/14/2025,12,4235,Monday,Weekday,East,15649525,24300,06:45:00,24515,06:48:35,8,11581,Washington Ave & Manning Blvd (11581),1,0,7,,,25507,07:05:07,,,25551,07:05:51,44,00:00:44,doors opened
07/14/2025,12,4235,Monday,Weekday,East,15649525,24300,06:45:00,24515,06:48:35,7,2180,Washington Ave & Homestead Ave (02180),0,0,6,,,25485,07:04:45,,,25485,07:04:45,0,00:00:00,door not opened
07/14/2025,12,4235,Monday,Weekday,East,15649525,24300,06:45:00,24515,06:48:35,6,2182,Washington Ave & Hawthorne St (02182),0,0,6,,,25461,07:04:21,,,25461,07:04:21,0,00:00:00,door not opened
07/14/2025,12,4235,Monday,Weekday,East,15649525,24300,06:45:00,24515,06:48:35,5,3304,Washington Ave & Clermont St (03304),0,0,6,,,25445,07:04:05,,,25445,07:04:05,0,00:00:00,door not opened
07/14/2025,12,4235,Monday,Weekday,East,15649525,24300,06:45:00,24515,06:48:35,4,3348,Washington Ave & Brevator St (03348),0,0,6,,,25428,07:03:48,,,25428,07:03:48,0,00:00:00,door not opened
07/14/2025,12,4235,Monday,Weekday,East,15649525,24300,06:45:00,24515,06:48:35,3,10134,Washington Ave & SUNY Exit Rd (10134),2,0,6,,,25272,07:01:12,,,25290,07:01:30,18,00:00:18,doors opened
07/14/2025,12,4235,Monday,Weekday,East,15649525,24300,06:45:00,24515,06:48:35,2,7216,SUNY Collins Circle (07216),0,0,4,24840.0,06:54:00,25179,06:59:39,24840.0,06:54:00,25179,06:59:39,0,00:00:00,door not opened
07/14/2025,12,4235,Monday,Weekday,East,15649525,24300,06:45:00,24515,06:48:35,1,12827,Crossgates Commons Station (12827),2,0,4,24540.0,06:49:00,24802,06:53:22,24540.0,06:49:00,24890,06:54:50,88,00:01:28,doors opened
07/14/2025,12,4235,Monday,Weekday,East,15649525,24300,06:45:00,24515,06:48:35,0,7175,Crossgates Mall Station (07175),2,0,2,24300.0,06:45:00,24515,06:48:35,24300.0,06:45:00,24515,06:48:35,0,00:00:00,doors opened
07/14/2025,12,4235,Monday,Weekday,East,15649529,29700,08:15:00,29715,08:15:15,24,3940,Broadway & Steuben St (03940),0,0,0,32040.0,08:54:00,31970,08:52:50,32040.0,08:54:00,31970,08:52:50,0,00:00:00,doors opened
07/14/2025,12,4235,Monday,Weekday,East,15649529,29700,08:15:00,29715,08:15:15,23,2509,State/Downtown Station - State St & S. Pearl St (02509),0,8,0,31860.0,08:51:00,31856,08:50:56,31860.0,08:51:00,31875,08:51:15,19,00:00:19,doors opened
07/14/2025,12,4235,Monday,Weekday,East,15649529,29700,08:15:00,29715,08:15:15,22,1787,State St & Eagle St (01787),0,1,8,,,31823,08:50:23,,,31838,08:50:38,15,00:00:15,doors opened
07/14/2025,12,4235,Monday,Weekday,East,15649529,29700,08:15:00,29715,08:15:15,21,2706,Hawk/Capitol Station - Washington Ave & Hawk St (02706),0,3,9,,,31721,08:48:41,,,31748,08:49:08,27,00:00:27,doors opened
07/14/2025,12,4235,Monday,Weekday,East,15649529,29700,08:15:00,29715,08:15:15,20,1789,Washington Ave & S. Swan St (01789),0,8,12,,,31620,08:47:00,,,31693,08:48:13,73,00:01:13,doors opened
07/14/2025,12,4235,Monday,Weekday,East,15649529,29700,08:15:00,29715,08:15:15,19,1788,Washington Ave & Dove St (01788),0,1,20,,,31579,08:46:19,,,31590,08:46:30,11,00:00:11,doors opened
07/14/2025,12,4235,Monday,Weekday,East,15649529,29700,08:15:00,29715,08:15:15,18,2663,Lark/Library Station - Washington Ave & Lark St (02663),2,1,21,31440.0,08:44:00,31504,08:45:04,31440.0,08:44:00,31538,08:45:38,34,00:00:34,doors opened
07/14/2025,12,4235,Monday,Weekday,East,15649529,29700,08:15:00,29715,08:15:15,17,263,Washington Ave & Henry Johnson Blvd (00263),1,2,20,,,31452,08:44:12,,,31476,08:44:36,24,00:00:24,doors opened
07/14/2025,12,4235,Monday,Weekday,East,15649529,29700,08:15:00,29715,08:15:15,16,2096,Washington Ave & Lexington Ave (02096),0,1,21,,,31377,08:42:57,,,31415,08:43:35,38,00:00:38,doors opened
07/14/2025,12,4235,Monday,Weekday,East,15649529,29700,08:15:00,29715,08:15:15,15,3253,Washington Ave & Robin St (Draper Hall) (03253),1,0,22,,,31322,08:42:02,,,31357,08:42:37,35,00:00:35,doors opened
07/14/2025,12,4235,Monday,Weekday,East,15649529,29700,08:15:00,29715,08:15:15,14,2109,Washington Ave & N. Lake Ave (02109),3,2,21,,,31259,08:40:59,,,31299,08:41:39,40,00:00:40,doors opened
07/14/2025,12,4235,Monday,Weekday,East,15649529,29700,08:15:00,29715,08:15:15,13,3255,Washington Ave & Quail St (03255),1,3,20,,,31206,08:40:06,,,31228,08:40:28,22,00:00:22,doors opened
07/14/2025,12,4235,Monday,Weekday,East,15649529,29700,08:15:00,29715,08:15:15,12,3256,Washington Ave & Ontario St (03256),0,0,22,31020.0,08:37:00,31185,08:39:45,31020.0,08:37:00,31185,08:39:45,0,00:00:00,door not opened
07/14/2025,12,4235,Monday,Weekday,East,15649529,29700,08:15:00,29715,08:15:15,11,2107,Washington Ave & Partridge St (02107),2,1,22,,,31116,08:38:36,,,31138,08:38:58,22,00:00:22,doors opened
07/14/2025,12,4235,Monday,Weekday,East,15649529,29700,08:15:00,29715,08:15:15,10,3257,Washington Ave & N. Main Ave (03257),3,0,21,,,30999,08:36:39,,,31022,08:37:02,23,00:00:23,doors opened
07/14/2025,12,4235,Monday,Weekday,East,15649529,29700,08:15:00,29715,08:15:15,9,1796,Washington Ave & N. Allen St (01796),1,4,18,30840.0,08:34:00,30926,08:35:26,30840.0,08:34:00,30961,08:36:01,35,00:00:35,doors opened
07/14/2025,12,4235,Monday,Weekday,East,15649529,29700,08:15:00,29715,08:15:15,8,11581,Washington Ave & Manning Blvd (11581),3,1,21,,,30845,08:34:05,,,30894,08:34:54,49,00:00:49,doors opened
07/14/2025,12,4235,Monday,Weekday,East,15649529,29700,08:15:00,29715,08:15:15,7,2180,Washington Ave & Homestead Ave (02180),3,0,19,,,30798,08:33:18,,,30821,08:33:41,23,00:00:23,doors opened
07/14/2025,12,4235,Monday,Weekday,East,15649529,29700,08:15:00,29715,08:15:15,6,2182,Washington Ave & Hawthorne St (02182),1,0,16,,,30750,08:32:30,,,30767,08:32:47,17,00:00:17,doors opened
07/14/2025,12,4235,Monday,Weekday,East,15649529,29700,08:15:00,29715,08:15:15,5,3304,Washington Ave & Clermont St (03304),1,0,15,,,30680,08:31:20,,,30721,08:32:01,41,00:00:41,doors opened
07/14/2025,12,4235,Monday,Weekday,East,15649529,29700,08:15:00,29715,08:15:15,4,3348,Washington Ave & Brevator St (03348),1,0,14,,,30638,08:30:38,,,30659,08:30:59,21,00:00:21,doors opened
07/14/2025,12,4235,Monday,Weekday,East,15649529,29700,08:15:00,29715,08:15:15,3,10134,Washington Ave & SUNY Exit Rd (10134),5,1,13,,,30486,08:28:06,,,30528,08:28:48,42,00:00:42,doors opened
07/14/2025,12,4235,Monday,Weekday,East,15649529,29700,08:15:00,29715,08:15:15,2,7216,SUNY Collins Circle (07216),1,0,9,30300.0,08:25:00,30362,08:26:02,30300.0,08:25:00,30374,08:26:14,12,00:00:12,doors opened
07/14/2025,12,4235,Monday,Weekday,East,15649529,29700,08:15:00,29715,08:15:15,1,12827,Crossgates Commons Station (12827),3,2,8,30000.0,08:20:00,30043,08:20:43,30000.0,08:20:00,30098,08:21:38,55,00:00:55,doors opened
07/14/2025,12,4235,Monday,Weekday,East,15649529,29700,08:15:00,29715,08:15:15,0,7175,Crossgates Mall Station (07175),4,0,7,29700.0,08:15:00,29715,08:15:15,29700.0,08:15:00,29715,08:15:15,0,00:00:00,doors opened
07/14/2025,12,4240,Monday,Weekday,West,15648606,21300,05:55:00,21526,05:58:46,27,7175,Crossgates Mall Station (07175),0,5,0,23400.0,06:30:00,23426,06:30:26,23400.0,06:30:00,23426,06:30:26,0,00:00:00,doors opened
07/14/2025,12,4240,Monday,Weekday,West,15648606,21300,05:55:00,21526,05:58:46,26,12828,Crossgates Commons Station (12828),1,11,5,23040.0,06:24:00,23180,06:26:20,23040.0,06:24:00,23220,06:27:00,40,00:00:40,doors opened
07/14/2025,12,4240,Monday,Weekday,West,15648606,21300,05:55:00,21526,05:58:46,25,12891,1475 Washington Ave (12891),1,0,15,,,22947,06:22:27,,,22958,06:22:38,11,00:00:11,doors opened
07/14/2025,12,4240,Monday,Weekday,West,15648606,21300,05:55:00,21526,05:58:46,24,7216,SUNY Collins Circle (07216),0,3,14,22680.0,06:18:00,22769,06:19:29,22680.0,06:18:00,22783,06:19:43,14,00:00:14,doors opened
07/14/2025,12,4240,Monday,Weekday,West,15648606,21300,05:55:00,21526,05:58:46,23,3262,1383 Washington Ave (Fairfield Inn) (03262),0,0,17,,,22661,06:17:41,,,22661,06:17:41,0,00:00:00,door not opened
07/14/2025,12,4240,Monday,Weekday,West,15648606,21300,05:55:00,21526,05:58:46,22,976,Washington Ave & Brevator St (00976),0,0,17,,,22528,06:15:28,,,22528,06:15:28,0,00:00:00,door not opened
07/14/2025,12,4240,Monday,Weekday,West,15648606,21300,05:55:00,21526,05:58:46,21,1959,Washington Ave & Colvin Ave (01959),0,0,17,,,22502,06:15:02,,,22502,06:15:02,0,00:00:00,door not opened
07/14/2025,12,4240,Monday,Weekday,West,15648606,21300,05:55:00,21526,05:58:46,20,3399,Washington Ave & Danker Ave (03399),0,0,17,,,22467,06:14:27,,,22467,06:14:27,0,00:00:00,door not opened
07/14/2025,12,4240,Monday,Weekday,West,15648606,21300,05:55:00,21526,05:58:46,19,1849,Washington Ave & Homestead Ave (01849),1,0,17,,,22420,06:13:40,,,22437,06:13:57,17,00:00:17,doors opened
07/14/2025,12,4240,Monday,Weekday,West,15648606,21300,05:55:00,21526,05:58:46,18,1846,Washington Ave & Manning Blvd (01846),1,0,16,,,22367,06:12:47,,,22386,06:13:06,19,00:00:19,doors opened
07/14/2025,12,4240,Monday,Weekday,West,15648606,21300,05:55:00,21526,05:58:46,17,3287,Washington Ave & N. Allen St (03287),2,1,15,22320.0,06:12:00,22306,06:11:46,22320.0,06:12:00,22328,06:12:08,22,00:00:22,doors opened
07/14/2025,12,4240,Monday,Weekday,West,15648606,21300,05:55:00,21526,05:58:46,16,3264,Washington Ave & N. Main Ave (03264),0,0,14,,,22274,06:11:14,,,22274,06:11:14,0,00:00:00,door not opened
07/14/2025,12,4240,Monday,Weekday,West,15648606,21300,05:55:00,21526,05:58:46,15,1839,Washington Ave & Partridge St (01839),1,0,14,,,22196,06:09:56,,,22210,06:10:10,14,00:00:14,doors opened
07/14/2025,12,4240,Monday,Weekday,West,15648606,21300,05:55:00,21526,05:58:46,14,1841,Washington Ave & Ontario St (01841),1,0,13,22080.0,06:08:00,22139,06:08:59,22080.0,06:08:00,22167,06:09:27,28,00:00:28,doors opened
07/14/2025,12,4240,Monday,Weekday,West,15648606,21300,05:55:00,21526,05:58:46,13,1842,Washington Ave & Quail St (01842),2,0,12,,,22079,06:07:59,,,22109,06:08:29,30,00:00:30,doors opened
07/14/2025,12,4240,Monday,Weekday,West,15648606,21300,05:55:00,21526,05:58:46,12,1837,Washington Ave & N. Lake Ave (01837),0,0,10,,,22049,06:07:29,,,22049,06:07:29,0,00:00:00,door not opened
07/14/2025,12,4240,Monday,Weekday,West,15648606,21300,05:55:00,21526,05:58:46,11,1843,Washington Ave & Robin St (01843),0,0,10,,,21989,06:06:29,,,21989,06:06:29,0,00:00:00,door not opened
07/14/2025,12,4240,Monday,Weekday,West,15648606,21300,05:55:00,21526,05:58:46,10,12943,Washington Ave & Lexington Ave (12943),0,1,10,,,21947,06:05:47,,,21966,06:06:06,19,00:00:19,doors opened
07/14/2025,12,4240,Monday,Weekday,West,15648606,21300,05:55:00,21526,05:58:46,9,12942,Washington Ave & Henry Johnson Blvd (12942),1,0,11,,,21886,06:04:46,,,21903,06:05:03,17,00:00:17,doors opened
07/14/2025,12,4240,Monday,Weekday,West,15648606,21300,05:55:00,21526,05:58:46,8,3239,Lark/Library Station - Washington Ave & Lark St (03239),0,0,10,21720.0,06:02:00,21801,06:03:21,21720.0,06:02:00,21801,06:03:21,0,00:00:00,door not opened
07/14/2025,12,4240,Monday,Weekday,West,15648606,21300,05:55:00,21526,05:58:46,7,3301,Washington Ave & S. Swan St (03301),0,1,10,,,21743,06:02:23,,,21753,06:02:33,10,00:00:10,doors opened
07/14/2025,12,4240,Monday,Weekday,West,15648606,21300,05:55:00,21526,05:58:46,6,3250,Hawk/Capitol Station - Washington Ave & Hawk St (03250),1,0,11,,,21702,06:01:42,,,21716,06:01:56,14,00:00:14,doors opened
07/14/2025,12,4240,Monday,Weekday,West,15648606,21300,05:55:00,21526,05:58:46,5,10087,State St & Eagle St (10087),0,0,10,,,21674,06:01:14,,,21674,06:01:14,0,00:00:00,door not opened
07/14/2025,12,4240,Monday,Weekday,West,15648606,21300,05:55:00,21526,05:58:46,4,2665,State/Downtown Station - State St & Lodge St (02665),6,0,10,21480.0,05:58:00,21621,06:00:21,21480.0,05:58:00,21642,06:00:42,21,00:00:21,doors opened
07/14/2025,12,4240,Monday,Weekday,West,15648606,21300,05:55:00,21526,05:58:46,3,3221,State Station - N. Pearl St & Ten Eyck Plaza (03221),3,0,4,,,21534,05:58:54,,,21593,05:59:53,59,00:00:59,doors opened
07/14/2025,12,4240,Monday,Weekday,West,15648606,21300,05:55:00,21526,05:58:46,0,9018,Broadway & Orange St (09018),0,0,1,21300.0,05:55:00,21526,05:58:46,21300.0,05:55:00,21526,05:58:46,0,00:00:00,door not opened
07/14/2025,12,4240,Monday,Weekday,West,15648612,27300,07:35:00,27792,07:43:12,27,7175,Crossgates Mall Station (07175),0,3,0,29760.0,08:16:00,29988,08:19:48,29760.0,08:16:00,29988,08:19:48,0,00:00:00,doors opened
07/14/2025,12,4240,Monday,Weekday,West,15648612,27300,07:35:00,27792,07:43:12,26,12828,Crossgates Commons Station (12828),0,8,3,29340.0,08:09:00,29726,08:15:26,29340.0,08:09:00,29751,08:15:51,25,00:00:25,doors opened
07/14/2025,12,4240,Monday,Weekday,West,15648612,27300,07:35:00,27792,07:43:12,25,12891,1475 Washington Ave (12891),1,0,11,,,29474,08:11:14,,,29486,08:11:26,12,00:00:12,doors opened
07/14/2025,12,4240,Monday,Weekday,West,15648612,27300,07:35:00,27792,07:43:12,24,7216,SUNY Collins Circle (07216),0,4,10,28980.0,08:03:00,29332,08:08:52,28980.0,08:03:00,29349,08:09:09,17,00:00:17,doors opened
07/14/2025,12,4240,Monday,Weekday,West,15648612,27300,07:35:00,27792,07:43:12,23,3262,1383 Washington Ave (Fairfield Inn) (03262),0,4,14,,,29179,08:06:19,,,29211,08:06:51,32,00:00:32,doors opened
07/14/2025,12,4240,Monday,Weekday,West,15648612,27300,07:35:00,27792,07:43:12,22,976,Washington Ave & Brevator St (00976),0,2,18,,,29052,08:04:12,,,29075,08:04:35,23,00:00:23,doors opened
07/14/2025,12,4240,Monday,Weekday,West,15648612,27300,07:35:00,27792,07:43:12,21,1959,Washington Ave & Colvin Ave (01959),0,0,20,,,29033,08:03:53,,,29033,08:03:53,0,00:00:00,door not opened
07/14/2025,12,4240,Monday,Weekday,West,15648612,27300,07:35:00,27792,07:43:12,20,3399,Washington Ave & Danker Ave (03399),0,0,20,,,29006,08:03:26,,,29006,08:03:26,0,00:00:00,door not opened
07/14/2025,12,4240,Monday,Weekday,West,15648612,27300,07:35:00,27792,07:43:12,19,1849,Washington Ave & Homestead Ave (01849),2,0,20,,,28970,08:02:50,,,28983,08:03:03,13,00:00:13,doors opened
07/14/2025,12,4240,Monday,Weekday,West,15648612,27300,07:35:00,27792,07:43:12,18,1846,Washington Ave & Manning Blvd (01846),0,0,18,,,28945,08:02:25,,,28945,08:02:25,0,00:00:00,door not opened
07/14/2025,12,4240,Monday,Weekday,West,15648612,27300,07:35:00,27792,07:43:12,17,3287,Washington Ave & N. Allen St (03287),2,1,18,28560.0,07:56:00,28840,08:00:40,28560.0,07:56:00,28863,08:01:03,23,00:00:23,doors opened
07/14/2025,12,4240,Monday,Weekday,West,15648612,27300,07:35:00,27792,07:43:12,16,3264,Washington Ave & N. Main Ave (03264),4,2,17,,,28759,07:59:19,,,28800,08:00:00,41,00:00:41,doors opened
07/14/2025,12,4240,Monday,Weekday,West,15648612,27300,07:35:00,27792,07:43:12,15,1839,Washington Ave & Partridge St (01839),0,8,15,,,28673,07:57:53,,,28690,07:58:10,17,00:00:17,doors opened
07/14/2025,12,4240,Monday,Weekday,West,15648612,27300,07:35:00,27792,07:43:12,14,1841,Washington Ave & Ontario St (01841),1,3,23,28320.0,07:52:00,28627,07:57:07,28320.0,07:52:00,28645,07:57:25,18,00:00:18,doors opened
07/14/2025,12,4240,Monday,Weekday,West,15648612,27300,07:35:00,27792,07:43:12,13,1842,Washington Ave & Quail St (01842),4,2,25,,,28575,07:56:15,,,28601,07:56:41,26,00:00:26,doors opened
07/14/2025,12,4240,Monday,Weekday,West,15648612,27300,07:35:00,27792,07:43:12,12,1837,Washington Ave & N. Lake Ave (01837),0,0,23,,,28529,07:55:29,,,28529,07:55:29,0,00:00:00,door not opened
07/14/2025,12,4240,Monday,Weekday,West,15648612,27300,07:35:00,27792,07:43:12,11,1843,Washington Ave & Robin St (01843),1,0,23,,,28475,07:54:35,,,28491,07:54:51,16,00:00:16,doors opened
07/14/2025,12,4240,Monday,Weekday,West,15648612,27300,07:35:00,27792,07:43:12,10,12943,Washington Ave & Lexington Ave (12943),5,0,22,,,28379,07:52:59,,,28446,07:54:06,67,00:01:07,doors opened
07/14/2025,12,4240,Monday,Weekday,West,15648612,27300,07:35:00,27792,07:43:12,9,12942,Washington Ave & Henry Johnson Blvd (12942),4,0,17,,,28320,07:52:00,,,28346,07:52:26,26,00:00:26,doors opened
07/14/2025,12,4240,Monday,Weekday,West,15648612,27300,07:35:00,27792,07:43:12,8,3239,Lark/Library Station - Washington Ave & Lark St (03239),0,0,13,27900.0,07:45:00,28216,07:50:16,27900.0,07:45:00,28281,07:51:21,65,00:01:05,doors opened
07/14/2025,12,4240,Monday,Weekday,West,15648612,27300,07:35:00,27792,07:43:12,7,3301,Washington Ave & S. Swan St (03301),2,0,13,,,28111,07:48:31,,,28151,07:49:11,40,00:00:40,doors opened
07/14/2025,12,4240,Monday,Weekday,West,15648612,27300,07:35:00,27792,07:43:12,6,3250,Hawk/Capitol Station - Washington Ave & Hawk St (03250),0,0,11,,,28088,07:48:08,,,28088,07:48:08,0,00:00:00,door not opened
07/14/2025,12,4240,Monday,Weekday,West,15648612,27300,07:35:00,27792,07:43:12,5,10087,State St & Eagle St (10087),1,0,11,,,28047,07:47:27,,,28057,07:47:37,10,00:00:10,doors opened
07/14/2025,12,4240,Monday,Weekday,West,15648612,27300,07:35:00,27792,07:43:12,4,2665,State/Downtown Station - State St & Lodge St (02665),5,1,10,27600.0,07:40:00,27936,07:45:36,27600.0,07:40:00,27957,07:45:57,21,00:00:21,doors opened
07/14/2025,12,4240,Monday,Weekday,West,15648612,27300,07:35:00,27792,07:43:12,3,3221,State Station - N. Pearl St & Ten Eyck Plaza (03221),3,0,6,,,27883,07:44:43,,,27903,07:45:03,20,00:00:20,doors opened
07/14/2025,12,4240,Monday,Weekday,West,15648612,27300,07:35:00,27792,07:43:12,2,3233,N. Pearl St & Sheridan Ave (03233),0,0,3,,,27848,07:44:08,,,27848,07:44:08,0,00:00:00,door not opened
07/14/2025,12,4240,Monday,Weekday,West,15648612,27300,07:35:00,27792,07:43:12,1,2168,Clinton Square Station - N. Pearl St & Clinton Ave (02168),3,0,3,,,27795,07:43:15,,,27832,07:43:52,37,00:00:37,doors opened
07/14/2025,12,4240,Monday,Weekday,West,15648612,27300,07:35:00,27792,07:43:12,0,9018,Broadway & Orange St (09018),0,0,0,27300.0,07:35:00,27792,07:43:12,27300.0,07:35:00,27792,07:43:12,0,00:00:00,door not opened
07/14/2025,12,4240,Monday,Weekday,East,15648616,35700,09:55:00,35757,09:55:57,17,263,Washington Ave & Henry Johnson Blvd (00263),0,1,6,,,37238,10:20:38,,,37312,10:21:52,74,00:01:14,doors opened
07/14/2025,12,4240,Monday,Weekday,East,15648616,35700,09:55:00,35757,09:55:57,16,2096,Washington Ave & Lexington Ave (02096),0,1,7,,,37099,10:18:19,,,37209,10:20:09,110,00:01:50,doors opened
07/14/2025,12,4240,Monday,Weekday,East,15648616,35700,09:55:00,35757,09:55:57,15,3253,Washington Ave & Robin St (Draper Hall) (03253),0,0,8,,,37078,10:17:58,,,37078,10:17:58,0,00:00:00,door not opened
07/14/2025,12,4240,Monday,Weekday,East,15648616,35700,09:55:00,35757,09:55:57,14,2109,Washington Ave & N. Lake Ave (02109),0,0,8,,,37044,10:17:24,,,37044,10:17:24,0,00:00:00,door not opened
07/14/2025,12,4240,Monday,Weekday,East,15648616,35700,09:55:00,35757,09:55:57,13,3255,Washington Ave & Quail St (03255),0,1,8,,,36969,10:16:09,,,36988,10:16:28,19,00:00:19,doors opened
07/14/2025,12,4240,Monday,Weekday,East,15648616,35700,09:55:00,35757,09:55:57,12,3256,Washington Ave & Ontario St (03256),0,0,9,36900.0,10:15:00,36946,10:15:46,36900.0,10:15:00,36946,10:15:46,0,00:00:00,door not opened
07/14/2025,12,4240,Monday,Weekday,East,15648616,35700,09:55:00,35757,09:55:57,11,2107,Washington Ave & Partridge St (02107),1,0,9,,,36906,10:15:06,,,36923,10:15:23,17,00:00:17,doors opened
07/14/2025,12,4240,Monday,Weekday,East,15648616,35700,09:55:00,35757,09:55:57,10,3257,Washington Ave & N. Main Ave (03257),0,2,8,,,36810,10:13:30,,,36845,10:14:05,35,00:00:35,doors opened
07/14/2025,12,4240,Monday,Weekday,East,15648616,35700,09:55:00,35757,09:55:57,9,1796,Washington Ave & N. Allen St (01796),2,0,10,36780.0,10:13:00,36741,10:12:21,36780.0,10:13:00,36771,10:12:51,30,00:00:30,doors opened
07/14/2025,12,4240,Monday,Weekday,East,15648616,35700,09:55:00,35757,09:55:57,8,11581,Washington Ave & Manning Blvd (11581),0,0,8,,,36714,10:11:54,,,36714,10:11:54,0,00:00:00,door not opened
07/14/2025,12,4240,Monday,Weekday,East,15648616,35700,09:55:00,35757,09:55:57,7,2180,Washington Ave & Homestead Ave (02180),0,0,8,,,36656,10:10:56,,,36663,10:11:03,7,00:00:07,doors opened
07/14/2025,12,4240,Monday,Weekday,East,15648616,35700,09:55:00,35757,09:55:57,6,2182,Washington Ave & Hawthorne St (02182),0,0,8,,,36633,10:10:33,,,36633,10:10:33,0,00:00:00,door not opened
07/14/2025,12,4240,Monday,Weekday,East,15648616,35700,09:55:00,35757,09:55:57,5,3304,Washington Ave & Clermont St (03304),0,0,8,,,36612,10:10:12,,,36612,10:10:12,0,00:00:00,door not opened
07/14/2025,12,4240,Monday,Weekday,East,15648616,35700,09:55:00,35757,09:55:57,24,3940,Broadway & Steuben St (03940),0,0,0,37740.0,10:29:00,37715,10:28:35,37740.0,10:29:00,37715,10:28:35,0,00:00:00,door not opened
07/14/2025,12,4240,Monday,Weekday,East,15648616,35700,09:55:00,35757,09:55:57,23,2509,State/Downtown Station - State St & S. Pearl St (02509),0,8,0,37560.0,10:26:00,37612,10:26:52,37560.0,10:26:00,37645,10:27:25,33,00:00:33,doors opened
07/14/2025,12,4240,Monday,Weekday,East,15648616,35700,09:55:00,35757,09:55:57,22,1787,State St & Eagle St (01787),0,0,8,,,37595,10:26:35,,,37595,10:26:35,0,00:00:00,door not opened
07/14/2025,12,4240,Monday,Weekday,East,15648616,35700,09:55:00,35757,09:55:57,21,2706,Hawk/Capitol Station - Washington Ave & Hawk St (02706),0,0,8,,,37496,10:24:56,,,37496,10:24:56,0,00:00:00,door not opened
07/14/2025,12,4240,Monday,Weekday,East,15648616,35700,09:55:00,35757,09:55:57,20,1789,Washington Ave & S. Swan St (01789),0,0,8,,,37455,10:24:15,,,37455,10:24:15,0,00:00:00,door not opened
07/14/2025,12,4240,Monday,Weekday,East,15648616,35700,09:55:00,35757,09:55:57,19,1788,Washington Ave & Dove St (01788),0,1,8,,,37419,10:23:39,,,37426,10:23:46,7,00:00:07,doors opened
07/14/2025,12,4240,Monday,Weekday,East,15648616,35700,09:55:00,35757,09:55:57,18,2663,Lark/Library Station - Washington Ave & Lark St (02663),3,0,9,37260.0,10:21:00,37348,10:22:28,37260.0,10:21:00,37387,10:23:07,39,00:00:39,doors opened
07/14/2025,12,4240,Monday,Weekday,East,15648616,35700,09:55:00,35757,09:55:57,4,3348,Washington Ave & Brevator St (03348),1,0,8,,,36559,10:09:19,,,36587,10:09:47,28,00:00:28,doors opened
07/14/2025,12,4240,Monday,Weekday,East,15648616,35700,09:55:00,35757,09:55:57,3,10134,Washington Ave & SUNY Exit Rd (10134),3,0,7,,,36386,10:06:26,,,36440,10:07:20,54,00:00:54,doors opened
07/14/2025,12,4240,Monday,Weekday,East,15648616,35700,09:55:00,35757,09:55:57,2,7216,SUNY Collins Circle (07216),0,0,4,36300.0,10:05:00,36290,10:04:50,36300.0,10:05:00,36290,10:04:50,0,00:00:00,door not opened
07/14/2025,12,4240,Monday,Weekday,East,15648616,35700,09:55:00,35757,09:55:57,1,12827,Crossgates Commons Station (12827),3,0,4,36000.0,10:00:00,36016,10:00:16,36000.0,10:00:00,36072,10:01:12,56,00:00:56,doors opened
07/14/2025,12,4240,Monday,Weekday,East,15648616,35700,09:55:00,35757,09:55:57,0,7175,Crossgates Mall Station (07175),1,0,1,35700.0,09:55:00,35757,09:55:57,35700.0,09:55:00,35757,09:55:57,0,00:00:00,doors opened
07/14/2025,12,4240,Monday,Weekday,West,15650702,44400,12:20:00,44439,12:20:39,27,7175,Crossgates Mall Station (07175),0,9,0,46800.0,13:00:00,46947,13:02:27,46800.0,13:00:00,46947,13:02:27,0,00:00:00,doors opened
07/14/2025,12,4240,Monday,Weekday,West,15650702,44400,12:20:00,44439,12:20:39,26,12828,Crossgates Commons Station (12828),0,5,9,46380.0,12:53:00,46718,12:58:38,46380.0,12:53:00,46733,12:58:53,15,00:00:15,doors opened
07/14/2025,12,4240,Monday,Weekday,West,15650702,44400,12:20:00,44439,12:20:39,25,12891,1475 Washington Ave (12891),1,0,14,,,46493,12:54:53,,,46502,12:55:02,9,00:00:09,doors opened
07/14/2025,12,4240,Monday,Weekday,West,15650702,44400,12:20:00,44439,12:20:39,24,7216,SUNY Collins Circle (07216),1,2,13,46020.0,12:47:00,46288,12:51:28,46020.0,12:47:00,46307,12:51:47,19,00:00:19,doors opened
07/14/2025,12,4240,Monday,Weekday,West,15650702,44400,12:20:00,44439,12:20:39,23,3262,1383 Washington Ave (Fairfield Inn) (03262),0,1,14,,,46083,12:48:03,,,46139,12:48:59,56,00:00:56,doors opened
07/14/2025,12,4240,Monday,Weekday,West,15650702,44400,12:20:00,44439,12:20:39,22,976,Washington Ave & Brevator St (00976),0,0,15,,,45939,12:45:39,,,45939,12:45:39,0,00:00:00,door not opened
07/14/2025,12,4240,Monday,Weekday,West,15650702,44400,12:20:00,44439,12:20:39,21,1959,Washington Ave & Colvin Ave (01959),2,0,15,,,45860,12:44:20,,,45890,12:44:50,30,00:00:30,doors opened
07/14/2025,12,4240,Monday,Weekday,West,15650702,44400,12:20:00,44439,12:20:39,20,3399,Washington Ave & Danker Ave (03399),0,0,13,,,45837,12:43:57,,,45837,12:43:57,0,00:00:00,door not opened
07/14/2025,12,4240,Monday,Weekday,West,15650702,44400,12:20:00,44439,12:20:39,19,1849,Washington Ave & Homestead Ave (01849),0,0,13,,,45812,12:43:32,,,45812,12:43:32,0,00:00:00,door not opened
07/14/2025,12,4240,Monday,Weekday,West,15650702,44400,12:20:00,44439,12:20:39,18,1846,Washington Ave & Manning Blvd (01846),0,1,13,,,45765,12:42:45,,,45786,12:43:06,21,00:00:21,doors opened
07/14/2025,12,4240,Monday,Weekday,West,15650702,44400,12:20:00,44439,12:20:39,4,2665,State/Downtown Station - State St & Lodge St (02665),0,0,4,44640.0,12:24:00,44752,12:25:52,44640.0,12:24:00,44752,12:25:52,0,00:00:00,door not opened
07/14/2025,12,4240,Monday,Weekday,West,15650702,44400,12:20:00,44439,12:20:39,3,3221,State Station - N. Pearl St & Ten Eyck Plaza (03221),1,0,4,,,44680,12:24:40,,,44721,12:25:21,41,00:00:41,doors opened
07/14/2025,12,4240,Monday,Weekday,West,15650702,44400,12:20:00,44439,12:20:39,2,3233,N. Pearl St & Sheridan Ave (03233),0,0,3,,,44610,12:23:30,,,44610,12:23:30,0,00:00:00,door not opened
07/14/2025,12,4240,Monday,Weekday,West,15650702,44400,12:20:00,44439,12:20:39,1,2168,Clinton Square Station - N. Pearl St & Clinton Ave (02168),3,0,3,,,44541,12:22:21,,,44590,12:23:10,49,00:00:49,doors opened
07/14/2025,12,4240,Monday,Weekday,West,15650702,44400,12:20:00,44439,12:20:39,0,9018,Broadway & Orange St (09018),0,0,0,44400.0,12:20:00,44439,12:20:39,44400.0,12:20:00,44439,12:20:39,0,00:00:00,door not opened
07/14/2025,12,4240,Monday,Weekday,West,15650702,44400,12:20:00,44439,12:20:39,17,3287,Washington Ave & N. Allen St (03287),3,0,14,45600.0,12:40:00,45707,12:41:47,45600.0,12:40:00,45730,12:42:10,23,00:00:23,doors opened
07/14/2025,12,4240,Monday,Weekday,West,15650702,44400,12:20:00,44439,12:20:39,16,3264,Washington Ave & N. Main Ave (03264),0,0,11,,,45667,12:41:07,,,45667,12:41:07,0,00:00:00,door not opened
07/14/2025,12,4240,Monday,Weekday,West,15650702,44400,12:20:00,44439,12:20:39,15,1839,Washington Ave & Partridge St (01839),3,0,11,,,45503,12:38:23,,,45544,12:39:04,41,00:00:41,doors opened
07/14/2025,12,4240,Monday,Weekday,West,15650702,44400,12:20:00,44439,12:20:39,14,1841,Washington Ave & Ontario St (01841),0,0,8,45360.0,12:36:00,45473,12:37:53,45360.0,12:36:00,45473,12:37:53,0,00:00:00,door not opened
07/14/2025,12,4240,Monday,Weekday,West,15650702,44400,12:20:00,44439,12:20:39,13,1842,Washington Ave & Quail St (01842),4,0,8,,,45409,12:36:49,,,45446,12:37:26,37,00:00:37,doors opened
07/14/2025,12,4240,Monday,Weekday,West,15650702,44400,12:20:00,44439,12:20:39,12,1837,Washington Ave & N. Lake Ave (01837),1,1,4,,,45335,12:35:35,,,45377,12:36:17,42,00:00:42,doors opened
07/14/2025,12,4240,Monday,Weekday,West,15650702,44400,12:20:00,44439,12:20:39,11,1843,Washington Ave & Robin St (01843),1,1,4,,,45281,12:34:41,,,45309,12:35:09,28,00:00:28,doors opened
07/14/2025,12,4240,Monday,Weekday,West,15650702,44400,12:20:00,44439,12:20:39,10,12943,Washington Ave & Lexington Ave (12943),1,0,4,,,45197,12:33:17,,,45252,12:34:12,55,00:00:55,doors opened
07/14/2025,12,4240,Monday,Weekday,West,15650702,44400,12:20:00,44439,12:20:39,9,12942,Washington Ave & Henry Johnson Blvd (12942),1,0,3,,,45125,12:32:05,,,45136,12:32:16,11,00:00:11,doors opened
07/14/2025,12,4240,Monday,Weekday,West,15650702,44400,12:20:00,44439,12:20:39,8,3239,Lark/Library Station - Washington Ave & Lark St (03239),0,1,2,44940.0,12:29:00,45011,12:30:11,44940.0,12:29:00,45074,12:31:14,63,00:01:03,doors opened
07/14/2025,12,4240,Monday,Weekday,West,15650702,44400,12:20:00,44439,12:20:39,7,3301,Washington Ave & S. Swan St (03301),0,1,3,,,44919,12:28:39,,,44946,12:29:06,27,00:00:27,doors opened
07/14/2025,12,4240,Monday,Weekday,West,15650702,44400,12:20:00,44439,12:20:39,6,3250,Hawk/Capitol Station - Washington Ave & Hawk St (03250),0,0,4,,,44877,12:27:57,,,44885,12:28:05,8,00:00:08,doors opened
07/14/2025,12,4240,Monday,Weekday,West,15650702,44400,12:20:00,44439,12:20:39,5,10087,State St & Eagle St (10087),0,0,4,,,44850,12:27:30,,,44850,12:27:30,0,00:00:00,door not opened
07/14/2025,12,4243,Monday,Weekday,East,15648682,51300,14:15:00,51402,14:16:42,24,3940,Broadway & Steuben St (03940),0,0,0,53520.0,14:52:00,53532,14:52:12,53520.0,14:52:00,53532,14:52:12,0,00:00:00,doors opened
07/14/2025,12,4243,Monday,Weekday,East,15648682,51300,14:15:00,51402,14:16:42,23,2509,State/Downtown Station - State St & S. Pearl St (02509),0,0,0,53340.0,14:49:00,53494,14:51:34,53340.0,14:49:00,53532,14:52:12,38,00:00:38,door not opened
07/14/2025,12,4243,Monday,Weekday,East,15648682,51300,14:15:00,51402,14:16:42,22,1787,State St & Eagle St (01787),0,0,0,,,53473,14:51:13,,,53473,14:51:13,0,00:00:00,door not opened
07/14/2025,12,4243,Monday,Weekday,East,15648682,51300,14:15:00,51402,14:16:42,21,2706,Hawk/Capitol Station - Washington Ave & Hawk St (02706),0,0,0,,,53357,14:49:17,,,53357,14:49:17,0,00:00:00,door not opened
07/14/2025,12,4243,Monday,Weekday,East,15648682,51300,14:15:00,51402,14:16:42,20,1789,Washington Ave & S. Swan St (01789),0,0,0,,,53298,14:48:18,,,53328,14:48:48,30,00:00:30,doors opened
07/14/2025,12,4243,Monday,Weekday,East,15648682,51300,14:15:00,51402,14:16:42,19,1788,Washington Ave & Dove St (01788),0,0,0,,,53247,14:47:27,,,53271,14:47:51,24,00:00:24,door not opened
07/14/2025,12,4243,Monday,Weekday,East,15648682,51300,14:15:00,51402,14:16:42,18,2663,Lark/Library Station - Washington Ave & Lark St (02663),0,0,0,53040.0,14:44:00,53194,14:46:34,53040.0,14:44:00,53215,14:46:55,21,00:00:21,doors opened
07/14/2025,12,4243,Monday,Weekday,East,15648682,51300,14:15:00,51402,14:16:42,17,263,Washington Ave & Henry Johnson Blvd (00263),0,0,0,,,53077,14:44:37,,,53152,14:45:52,75,00:01:15,doors opened
07/14/2025,12,4243,Monday,Weekday,East,15648682,51300,14:15:00,51402,14:16:42,16,2096,Washington Ave & Lexington Ave (02096),0,0,0,,,52948,14:42:28,,,53050,14:44:10,102,00:01:42,doors opened
07/14/2025,12,4243,Monday,Weekday,East,15648682,51300,14:15:00,51402,14:16:42,15,3253,Washington Ave & Robin St (Draper Hall) (03253),0,0,0,,,52907,14:41:47,,,52928,14:42:08,21,00:00:21,doors opened
07/14/2025,12,4243,Monday,Weekday,East,15648682,51300,14:15:00,51402,14:16:42,14,2109,Washington Ave & N. Lake Ave (02109),0,0,0,,,52867,14:41:07,,,52881,14:41:21,14,00:00:14,door not opened
07/14/2025,12,4243,Monday,Weekday,East,15648682,51300,14:15:00,51402,14:16:42,13,3255,Washington Ave & Quail St (03255),0,0,0,,,52781,14:39:41,,,52831,14:40:31,50,00:00:50,doors opened
07/14/2025,12,4243,Monday,Weekday,East,15648682,51300,14:15:00,51402,14:16:42,12,3256,Washington Ave & Ontario St (03256),0,0,0,52620.0,14:37:00,52760,14:39:20,52620.0,14:37:00,52760,14:39:20,0,00:00:00,door not opened
07/14/2025,12,4243,Monday,Weekday,East,15648682,51300,14:15:00,51402,14:16:42,11,2107,Washington Ave & Partridge St (02107),0,0,0,,,52711,14:38:31,,,52734,14:38:54,23,00:00:23,doors opened
07/14/2025,12,4243,Monday,Weekday,East,15648682,51300,14:15:00,51402,14:16:42,10,3257,Washington Ave & N. Main Ave (03257),0,0,0,,,52600,14:36:40,,,52624,14:37:04,24,00:00:24,doors opened
07/14/2025,12,4243,Monday,Weekday,East,15648682,51300,14:15:00,51402,14:16:42,9,1796,Washington Ave & N. Allen St (01796),0,0,0,52440.0,14:34:00,52550,14:35:50,52440.0,14:34:00,52563,14:36:03,13,00:00:13,doors opened
07/14/2025,12,4243,Monday,Weekday,East,15648682,51300,14:15:00,51402,14:16:42,8,11581,Washington Ave & Manning Blvd (11581),0,0,0,,,52492,14:34:52,,,52516,14:35:16,24,00:00:24,doors opened
07/14/2025,12,4243,Monday,Weekday,East,15648682,51300,14:15:00,51402,14:16:42,7,2180,Washington Ave & Homestead Ave (02180),0,0,0,,,52457,14:34:17,,,52469,14:34:29,12,00:00:12,door not opened
07/14/2025,12,4243,Monday,Weekday,East,15648682,51300,14:15:00,51402,14:16:42,6,2182,Washington Ave & Hawthorne St (02182),0,0,0,,,52428,14:33:48,,,52428,14:33:48,0,00:00:00,door not opened
07/14/2025,12,4243,Monday,Weekday,East,15648682,51300,14:15:00,51402,14:16:42,5,3304,Washington Ave & Clermont St (03304),0,0,0,,,52347,14:32:27,,,52401,14:33:21,54,00:00:54,doors opened
07/14/2025,12,4243,Monday,Weekday,East,15648682,51300,14:15:00,51402,14:16:42,4,3348,Washington Ave & Brevator St (03348),0,0,0,,,52307,14:31:47,,,52324,14:32:04,17,00:00:17,doors opened
07/14/2025,12,4243,Monday,Weekday,East,15648682,51300,14:15:00,51402,14:16:42,3,10134,Washington Ave & SUNY Exit Rd (10134),0,0,0,,,52175,14:29:35,,,52190,14:29:50,15,00:00:15,doors opened
07/14/2025,12,4243,Monday,Weekday,East,15648682,51300,14:15:00,51402,14:16:42,2,7216,SUNY Collins Circle (07216),0,0,0,51960.0,14:26:00,52041,14:27:21,51960.0,14:26:00,52055,14:27:35,14,00:00:14,doors opened
07/14/2025,12,4243,Monday,Weekday,East,15648682,51300,14:15:00,51402,14:16:42,1,12827,Crossgates Commons Station (12827),0,0,0,51660.0,14:21:00,51728,14:22:08,51660.0,14:21:00,51812,14:23:32,84,00:01:24,doors opened
07/14/2025,12,4243,Monday,Weekday,East,15648682,51300,14:15:00,51402,14:16:42,0,7175,Crossgates Mall Station (07175),0,0,0,51300.0,14:15:00,51402,14:16:42,51300.0,14:15:00,51402,14:16:42,0,00:00:00,doors opened
07/14/2025,12,4245,Monday,Weekday,East,15649748,34500,09:35:00,34573,09:36:13,24,3940,Broadway & Steuben St (03940),0,0,0,36540.0,10:09:00,36694,10:11:34,36540.0,10:09:00,36694,10:11:34,0,00:00:00,door not opened
07/14/2025,12,4245,Monday,Weekday,East,15649748,34500,09:35:00,34573,09:36:13,23,2509,State/Downtown Station - State St & S. Pearl St (02509),0,0,0,36360.0,10:06:00,36547,10:09:07,36360.0,10:06:00,36600,10:10:00,53,00:00:53,door not opened
07/14/2025,12,4245,Monday,Weekday,East,15649748,34500,09:35:00,34573,09:36:13,22,1787,State St & Eagle St (01787),0,0,0,,,36522,10:08:42,,,36522,10:08:42,0,00:00:00,door not opened
07/14/2025,12,4245,Monday,Weekday,East,15649748,34500,09:35:00,34573,09:36:13,21,2706,Hawk/Capitol Station - Washington Ave & Hawk St (02706),0,0,0,,,36427,10:07:07,,,36427,10:07:07,0,00:00:00,door not opened
07/14/2025,12,4245,Monday,Weekday,East,15649748,34500,09:35:00,34573,09:36:13,20,1789,Washington Ave & S. Swan St (01789),0,0,0,,,36383,10:06:23,,,36393,10:06:33,10,00:00:10,door not opened
07/14/2025,12,4245,Monday,Weekday,East,15649748,34500,09:35:00,34573,09:36:13,19,1788,Washington Ave & Dove St (01788),0,0,0,,,36338,10:05:38,,,36356,10:05:56,18,00:00:18,door not opened
07/14/2025,12,4245,Monday,Weekday,East,15649748,34500,09:35:00,34573,09:36:13,18,2663,Lark/Library Station - Washington Ave & Lark St (02663),0,0,0,36060.0,10:01:00,36278,10:04:38,36060.0,10:01:00,36306,10:05:06,28,00:00:28,door not opened
07/14/2025,12,4245,Monday,Weekday,East,15649748,34500,09:35:00,34573,09:36:13,17,263,Washington Ave & Henry Johnson Blvd (00263),0,0,0,,,36208,10:03:28,,,36237,10:03:57,29,00:00:29,door not opened
07/14/2025,12,4245,Monday,Weekday,East,15649748,34500,09:35:00,34573,09:36:13,16,2096,Washington Ave & Lexington Ave (02096),0,0,0,,,36143,10:02:23,,,36143,10:02:23,0,00:00:00,door not opened
07/14/2025,12,4245,Monday,Weekday,East,15649748,34500,09:35:00,34573,09:36:13,15,3253,Washington Ave & Robin St (Draper Hall) (03253),0,0,0,,,36122,10:02:02,,,36122,10:02:02,0,00:00:00,door not opened
07/14/2025,12,4245,Monday,Weekday,East,15649748,34500,09:35:00,34573,09:36:13,14,2109,Washington Ave & N. Lake Ave (02109),0,0,0,,,36058,10:00:58,,,36082,10:01:22,24,00:00:24,door not opened
07/14/2025,12,4245,Monday,Weekday,East,15649748,34500,09:35:00,34573,09:36:13,13,3255,Washington Ave & Quail St (03255),0,0,0,,,36034,10:00:34,,,36034,10:00:34,0,00:00:00,door not opened
07/14/2025,12,4245,Monday,Weekday,East,15649748,34500,09:35:00,34573,09:36:13,12,3256,Washington Ave & Ontario St (03256),2,10,0,35700.0,09:55:00,35987,09:59:47,35700.0,09:55:00,36004,10:00:04,17,00:00:17,doors opened
07/14/2025,12,4245,Monday,Weekday,East,15649748,34500,09:35:00,34573,09:36:13,11,2107,Washington Ave & Partridge St (02107),0,0,8,,,35959,09:59:19,,,35959,09:59:19,0,00:00:00,door not opened
07/14/2025,12,4245,Monday,Weekday,East,15649748,34500,09:35:00,34573,09:36:13,10,3257,Washington Ave & N. Main Ave (03257),0,0,8,,,35867,09:57:47,,,35881,09:58:01,14,00:00:14,door not opened
07/14/2025,12,4245,Monday,Weekday,East,15649748,34500,09:35:00,34573,09:36:13,9,1796,Washington Ave & N. Allen St (01796),0,0,8,35580.0,09:53:00,35810,09:56:50,35580.0,09:53:00,35827,09:57:07,17,00:00:17,door not opened
07/14/2025,12,4245,Monday,Weekday,East,15649748,34500,09:35:00,34573,09:36:13,8,11581,Washington Ave & Manning Blvd (11581),0,0,8,,,35773,09:56:13,,,35773,09:56:13,0,00:00:00,door not opened
07/14/2025,12,4245,Monday,Weekday,East,15649748,34500,09:35:00,34573,09:36:13,7,2180,Washington Ave & Homestead Ave (02180),0,0,8,,,35753,09:55:53,,,35753,09:55:53,0,00:00:00,door not opened
07/14/2025,12,4245,Monday,Weekday,East,15649748,34500,09:35:00,34573,09:36:13,6,2182,Washington Ave & Hawthorne St (02182),0,0,8,,,35708,09:55:08,,,35724,09:55:24,16,00:00:16,door not opened
07/14/2025,12,4245,Monday,Weekday,East,15649748,34500,09:35:00,34573,09:36:13,5,3304,Washington Ave & Clermont St (03304),0,0,8,,,35644,09:54:04,,,35681,09:54:41,37,00:00:37,door not opened
07/14/2025,12,4245,Monday,Weekday,East,15649748,34500,09:35:00,34573,09:36:13,4,3348,Washington Ave & Brevator St (03348),0,0,8,,,35598,09:53:18,,,35621,09:53:41,23,00:00:23,door not opened
07/14/2025,12,4245,Monday,Weekday,East,15649748,34500,09:35:00,34573,09:36:13,3,10134,Washington Ave & SUNY Exit Rd (10134),6,2,8,,,35466,09:51:06,,,35485,09:51:25,19,00:00:19,doors opened
07/14/2025,12,4245,Monday,Weekday,East,15649748,34500,09:35:00,34573,09:36:13,2,7216,SUNY Collins Circle (07216),0,0,4,35100.0,09:45:00,35267,09:47:47,35100.0,09:45:00,35278,09:47:58,11,00:00:11,door not opened
07/14/2025,12,4245,Monday,Weekday,East,15649748,34500,09:35:00,34573,09:36:13,1,12827,Crossgates Commons Station (12827),0,0,4,34800.0,09:40:00,34907,09:41:47,34800.0,09:40:00,35003,09:43:23,96,00:01:36,door not opened
07/14/2025,12,4245,Monday,Weekday,East,15649748,34500,09:35:00,34573,09:36:13,0,7175,Crossgates Mall Station (07175),4,0,4,34500.0,09:35:00,34573,09:36:13,34500.0,09:35:00,34573,09:36:13,0,00:00:00,doors opened
07/14/2025,12,4245,Monday,Weekday,East,15649752,40500,11:15:00,40604,11:16:44,24,3940,Broadway & Steuben St (03940),0,0,0,42600.0,11:50:00,43116,11:58:36,42600.0,11:50:00,43116,11:58:36,0,00:00:00,door not opened
07/14/2025,12,4245,Monday,Weekday,East,15649752,40500,11:15:00,40604,11:16:44,23,2509,State/Downtown Station - State St & S. Pearl St (02509),0,0,0,42420.0,11:47:00,42936,11:55:36,42420.0,11:47:00,42992,11:56:32,56,00:00:56,door not opened
07/14/2025,12,4245,Monday,Weekday,East,15649752,40500,11:15:00,40604,11:16:44,22,1787,State St & Eagle St (01787),0,0,0,,,42918,11:55:18,,,42918,11:55:18,0,00:00:00,door not opened
07/14/2025,12,4245,Monday,Weekday,East,15649752,40500,11:15:00,40604,11:16:44,21,2706,Hawk/Capitol Station - Washington Ave & Hawk St (02706),0,0,0,,,42821,11:53:41,,,42877,11:54:37,56,00:00:56,door not opened
07/14/2025,12,4245,Monday,Weekday,East,15649752,40500,11:15:00,40604,11:16:44,20,1789,Washington Ave & S. Swan St (01789),0,0,0,,,42766,11:52:46,,,42794,11:53:14,28,00:00:28,door not opened
07/14/2025,12,4245,Monday,Weekday,East,15649752,40500,11:15:00,40604,11:16:44,19,1788,Washington Ave & Dove St (01788),0,0,0,,,42721,11:52:01,,,42721,11:52:01,0,00:00:00,door not opened
07/14/2025,12,4245,Monday,Weekday,East,15649752,40500,11:15:00,40604,11:16:44,18,2663,Lark/Library Station - Washington Ave & Lark St (02663),1,7,0,42120.0,11:42:00,42642,11:50:42,42120.0,11:42:00,42693,11:51:33,51,00:00:51,doors opened
07/14/2025,12,4245,Monday,Weekday,East,15649752,40500,11:15:00,40604,11:16:44,17,263,Washington Ave & Henry Johnson Blvd (00263),0,5,6,,,42521,11:48:41,,,42593,11:49:53,72,00:01:12,doors opened
07/14/2025,12,4245,Monday,Weekday,East,15649752,40500,11:15:00,40604,11:16:44,16,2096,Washington Ave & Lexington Ave (02096),0,3,11,,,42376,11:46:16,,,42492,11:48:12,116,00:01:56,doors opened
07/14/2025,12,4245,Monday,Weekday,East,15649752,40500,11:15:00,40604,11:16:44,15,3253,Washington Ave & Robin St (Draper Hall) (03253),0,0,14,,,42355,11:45:55,,,42355,11:45:55,0,00:00:00,door not opened
07/14/2025,12,4245,Monday,Weekday,East,15649752,40500,11:15:00,40604,11:16:44,14,2109,Washington Ave & N. Lake Ave (02109),0,0,14,,,42306,11:45:06,,,42320,11:45:20,14,00:00:14,door not opened
07/14/2025,12,4245,Monday,Weekday,East,15649752,40500,11:15:00,40604,11:16:44,13,3255,Washington Ave & Quail St (03255),0,0,14,,,42241,11:44:01,,,42269,11:44:29,28,00:00:28,door not opened
07/14/2025,12,4245,Monday,Weekday,East,15649752,40500,11:15:00,40604,11:16:44,12,3256,Washington Ave & Ontario St (03256),0,0,14,41760.0,11:36:00,42171,11:42:51,41760.0,11:36:00,42216,11:43:36,45,00:00:45,door not opened
07/14/2025,12,4245,Monday,Weekday,East,15649752,40500,11:15:00,40604,11:16:44,11,2107,Washington Ave & Partridge St (02107),0,0,14,,,42096,11:41:36,,,42137,11:42:17,41,00:00:41,door not opened
07/14/2025,12,4245,Monday,Weekday,East,15649752,40500,11:15:00,40604,11:16:44,10,3257,Washington Ave & N. Main Ave (03257),11,4,14,,,41959,11:39:19,,,42004,11:40:04,45,00:00:45,doors opened
07/14/2025,12,4245,Monday,Weekday,East,15649752,40500,11:15:00,40604,11:16:44,9,1796,Washington Ave & N. Allen St (01796),1,3,7,41580.0,11:33:00,41906,11:38:26,41580.0,11:33:00,41925,11:38:45,19,00:00:19,doors opened
07/14/2025,12,4245,Monday,Weekday,East,15649752,40500,11:15:00,40604,11:16:44,8,11581,Washington Ave & Manning Blvd (11581),0,0,9,,,41832,11:37:12,,,41871,11:37:51,39,00:00:39,door not opened
07/14/2025,12,4245,Monday,Weekday,East,15649752,40500,11:15:00,40604,11:16:44,7,2180,Washington Ave & Homestead Ave (02180),0,0,9,,,41812,11:36:52,,,41812,11:36:52,0,00:00:00,door not opened
07/14/2025,12,4245,Monday,Weekday,East,15649752,40500,11:15:00,40604,11:16:44,6,2182,Washington Ave & Hawthorne St (02182),0,0,9,,,41789,11:36:29,,,41789,11:36:29,0,00:00:00,door not opened
07/14/2025,12,4245,Monday,Weekday,East,15649752,40500,11:15:00,40604,11:16:44,5,3304,Washington Ave & Clermont St (03304),0,0,9,,,41752,11:35:52,,,41766,11:36:06,14,00:00:14,door not opened
07/14/2025,12,4245,Monday,Weekday,East,15649752,40500,11:15:00,40604,11:16:44,4,3348,Washington Ave & Brevator St (03348),3,1,9,,,41701,11:35:01,,,41727,11:35:27,26,00:00:26,doors opened
07/14/2025,12,4245,Monday,Weekday,East,15649752,40500,11:15:00,40604,11:16:44,3,10134,Washington Ave & SUNY Exit Rd (10134),0,0,7,,,41537,11:32:17,,,41548,11:32:28,11,00:00:11,door not opened
07/14/2025,12,4245,Monday,Weekday,East,15649752,40500,11:15:00,40604,11:16:44,2,7216,SUNY Collins Circle (07216),0,0,7,41100.0,11:25:00,41365,11:29:25,41100.0,11:25:00,41365,11:29:25,0,00:00:00,door not opened
07/14/2025,12,4245,Monday,Weekday,East,15649752,40500,11:15:00,40604,11:16:44,1,12827,Crossgates Commons Station (12827),0,0,7,40800.0,11:20:00,40932,11:22:12,40800.0,11:20:00,41073,11:24:33,141,00:02:21,door not opened
07/14/2025,12,4245,Monday,Weekday,East,15649752,40500,11:15:00,40604,11:16:44,0,7175,Crossgates Mall Station (07175),7,0,7,40500.0,11:15:00,40604,11:16:44,40500.0,11:15:00,40604,11:16:44,0,00:00:00,doors opened
07/14/2025,12,4245,Monday,Weekday,West,15649755,43200,12:00:00,43433,12:03:53,27,7175,Crossgates Mall Station (07175),0,7,0,45600.0,12:40:00,45825,12:43:45,45600.0,12:40:00,45825,12:43:45,0,00:00:00,doors opened
07/14/2025,12,4245,Monday,Weekday,West,15649755,43200,12:00:00,43433,12:03:53,26,12828,Crossgates Commons Station (12828),0,0,7,45180.0,12:33:00,45574,12:39:34,45180.0,12:33:00,45614,12:40:14,40,00:00:40,door not opened
07/14/2025,12,4245,Monday,Weekday,West,15649755,43200,12:00:00,43433,12:03:53,25,12891,1475 Washington Ave (12891),0,0,7,,,45390,12:36:30,,,45390,12:36:30,0,00:00:00,door not opened
07/14/2025,12,4245,Monday,Weekday,West,15649755,43200,12:00:00,43433,12:03:53,24,7216,SUNY Collins Circle (07216),0,0,7,44820.0,12:27:00,45266,12:34:26,44820.0,12:27:00,45299,12:34:59,33,00:00:33,door not opened
07/14/2025,12,4245,Monday,Weekday,West,15649755,43200,12:00:00,43433,12:03:53,23,3262,1383 Washington Ave (Fairfield Inn) (03262),0,0,7,,,45151,12:32:31,,,45184,12:33:04,33,00:00:33,door not opened
07/14/2025,12,4245,Monday,Weekday,West,15649755,43200,12:00:00,43433,12:03:53,22,976,Washington Ave & Brevator St (00976),0,0,7,,,45049,12:30:49,,,45049,12:30:49,0,00:00:00,door not opened
07/14/2025,12,4245,Monday,Weekday,West,15649755,43200,12:00:00,43433,12:03:53,21,1959,Washington Ave & Colvin Ave (01959),0,0,7,,,45010,12:30:10,,,45010,12:30:10,0,00:00:00,door not opened
07/14/2025,12,4245,Monday,Weekday,West,15649755,43200,12:00:00,43433,12:03:53,20,3399,Washington Ave & Danker Ave (03399),5,18,7,,,44949,12:29:09,,,44961,12:29:21,12,00:00:12,doors opened
07/14/2025,12,4245,Monday,Weekday,West,15649755,43200,12:00:00,43433,12:03:53,19,1849,Washington Ave & Homestead Ave (01849),0,0,20,,,44911,12:28:31,,,44923,12:28:43,12,00:00:12,door not opened
07/14/2025,12,4245,Monday,Weekday,West,15649755,43200,12:00:00,43433,12:03:53,18,1846,Washington Ave & Manning Blvd (01846),0,0,20,,,44831,12:27:11,,,44884,12:28:04,53,00:00:53,door not opened
07/14/2025,12,4245,Monday,Weekday,West,15649755,43200,12:00:00,43433,12:03:53,17,3287,Washington Ave & N. Allen St (03287),4,6,20,44400.0,12:20:00,44751,12:25:51,44400.0,12:20:00,44798,12:26:38,47,00:00:47,doors opened
07/14/2025,12,4245,Monday,Weekday,West,15649755,43200,12:00:00,43433,12:03:53,16,3264,Washington Ave & N. Main Ave (03264),0,0,22,,,44636,12:23:56,,,44700,12:25:00,64,00:01:04,door not opened
07/14/2025,12,4245,Monday,Weekday,West,15649755,43200,12:00:00,43433,12:03:53,15,1839,Washington Ave & Partridge St (01839),0,0,22,,,44521,12:22:01,,,44538,12:22:18,17,00:00:17,door not opened
07/14/2025,12,4245,Monday,Weekday,West,15649755,43200,12:00:00,43433,12:03:53,14,1841,Washington Ave & Ontario St (01841),10,3,22,44160.0,12:16:00,44471,12:21:11,44160.0,12:16:00,44491,12:21:31,20,00:00:20,doors opened
07/14/2025,12,4245,Monday,Weekday,West,15649755,43200,12:00:00,43433,12:03:53,13,1842,Washington Ave & Quail St (01842),6,0,15,,,44326,12:18:46,,,44427,12:20:27,101,00:01:41,doors opened
07/14/2025,12,4245,Monday,Weekday,West,15649755,43200,12:00:00,43433,12:03:53,12,1837,Washington Ave & N. Lake Ave (01837),0,0,9,,,44276,12:17:56,,,44299,12:18:19,23,00:00:23,door not opened
07/14/2025,12,4245,Monday,Weekday,West,15649755,43200,12:00:00,43433,12:03:53,11,1843,Washington Ave & Robin St (01843),0,0,9,,,44236,12:17:16,,,44250,12:17:30,14,00:00:14,door not opened
07/14/2025,12,4245,Monday,Weekday,West,15649755,43200,12:00:00,43433,12:03:53,10,12943,Washington Ave & Lexington Ave (12943),0,0,9,,,44213,12:16:53,,,44213,12:16:53,0,00:00:00,door not opened
07/14/2025,12,4245,Monday,Weekday,West,15649755,43200,12:00:00,43433,12:03:53,9,12942,Washington Ave & Henry Johnson Blvd (12942),1,0,9,,,44168,12:16:08,,,44185,12:16:25,17,00:00:17,doors opened
07/14/2025,12,4245,Monday,Weekday,West,15649755,43200,12:00:00,43433,12:03:53,8,3239,Lark/Library Station - Washington Ave & Lark St (03239),5,2,8,43740.0,12:09:00,44045,12:14:05,43740.0,12:09:00,44119,12:15:19,74,00:01:14,doors opened
07/14/2025,12,4245,Monday,Weekday,West,15649755,43200,12:00:00,43433,12:03:53,7,3301,Washington Ave & S. Swan St (03301),0,0,5,,,43881,12:11:21,,,43970,12:12:50,89,00:01:29,door not opened
07/14/2025,12,4245,Monday,Weekday,West,15649755,43200,12:00:00,43433,12:03:53,6,3250,Hawk/Capitol Station - Washington Ave & Hawk St (03250),0,0,5,,,43858,12:10:58,,,43858,12:10:58,0,00:00:00,door not opened
07/14/2025,12,4245,Monday,Weekday,West,15649755,43200,12:00:00,43433,12:03:53,5,10087,State St & Eagle St (10087),0,0,5,,,43818,12:10:18,,,43818,12:10:18,0,00:00:00,door not opened
07/14/2025,12,4245,Monday,Weekday,West,15649755,43200,12:00:00,43433,12:03:53,4,2665,State/Downtown Station - State St & Lodge St (02665),0,0,5,43440.0,12:04:00,43701,12:08:21,43440.0,12:04:00,43727,12:08:47,26,00:00:26,door not opened
07/14/2025,12,4245,Monday,Weekday,West,15649755,43200,12:00:00,43433,12:03:53,3,3221,State Station - N. Pearl St & Ten Eyck Plaza (03221),0,0,5,,,43586,12:06:26,,,43682,12:08:02,96,00:01:36,door not opened
07/14/2025,12,4245,Monday,Weekday,West,15649755,43200,12:00:00,43433,12:03:53,2,3233,N. Pearl St & Sheridan Ave (03233),0,0,5,,,43501,12:05:01,,,43529,12:05:29,28,00:00:28,door not opened
07/14/2025,12,4245,Monday,Weekday,West,15649755,43200,12:00:00,43433,12:03:53,1,2168,Clinton Square Station - N. Pearl St & Clinton Ave (02168),0,0,5,,,43466,12:04:26,,,43484,12:04:44,18,00:00:18,door not opened
07/14/2025,12,4245,Monday,Weekday,West,15649755,43200,12:00:00,43433,12:03:53,0,9018,Broadway & Orange St (09018),8,3,5,43200.0,12:00:00,43433,12:03:53,43200.0,12:00:00,43433,12:03:53,0,00:00:00,doors opened
07/14/2025,12,4245,Monday,Weekday,East,15649758,46500,12:55:00,46530,12:55:30,24,3940,Broadway & Steuben St (03940),0,1,0,48660.0,13:31:00,48555,13:29:15,48660.0,13:31:00,48555,13:29:15,0,00:00:00,doors opened
07/14/2025,12,4245,Monday,Weekday,East,15649758,46500,12:55:00,46530,12:55:30,23,2509,State/Downtown Station - State St & S. Pearl St (02509),0,0,1,48480.0,13:28:00,48418,13:26:58,48480.0,13:28:00,48476,13:27:56,58,00:00:58,door not opened
07/14/2025,12,4245,Monday,Weekday,East,15649758,46500,12:55:00,46530,12:55:30,22,1787,State St & Eagle St (01787),0,0,1,,,48389,13:26:29,,,48389,13:26:29,0,00:00:00,door not opened
07/14/2025,12,4245,Monday,Weekday,East,15649758,46500,12:55:00,46530,12:55:30,21,2706,Hawk/Capitol Station - Washington Ave & Hawk St (02706),0,0,1,,,48348,13:25:48,,,48348,13:25:48,0,00:00:00,door not opened
07/14/2025,12,4245,Monday,Weekday,East,15649758,46500,12:55:00,46530,12:55:30,20,1789,Washington Ave & S. Swan St (01789),0,0,1,,,48319,13:25:19,,,48319,13:25:19,0,00:00:00,door not opened
07/14/2025,12,4245,Monday,Weekday,East,15649758,46500,12:55:00,46530,12:55:30,19,1788,Washington Ave & Dove St (01788),0,0,1,,,48268,13:24:28,,,48289,13:24:49,21,00:00:21,door not opened
07/14/2025,12,4245,Monday,Weekday,East,15649758,46500,12:55:00,46530,12:55:30,18,2663,Lark/Library Station - Washington Ave & Lark St (02663),0,0,1,48180.0,13:23:00,48158,13:22:38,48180.0,13:23:00,48181,13:23:01,23,00:00:23,door not opened
07/14/2025,12,4245,Monday,Weekday,East,15649758,46500,12:55:00,46530,12:55:30,17,263,Washington Ave & Henry Johnson Blvd (00263),0,0,1,,,48118,13:21:58,,,48130,13:22:10,12,00:00:12,door not opened
07/14/2025,12,4245,Monday,Weekday,East,15649758,46500,12:55:00,46530,12:55:30,16,2096,Washington Ave & Lexington Ave (02096),0,0,1,,,48072,13:21:12,,,48072,13:21:12,0,00:00:00,door not opened
07/14/2025,12,4245,Monday,Weekday,East,15649758,46500,12:55:00,46530,12:55:30,15,3253,Washington Ave & Robin St (Draper Hall) (03253),0,0,1,,,48050,13:20:50,,,48050,13:20:50,0,00:00:00,door not opened
07/14/2025,12,4245,Monday,Weekday,East,15649758,46500,12:55:00,46530,12:55:30,14,2109,Washington Ave & N. Lake Ave (02109),0,0,1,,,48008,13:20:08,,,48018,13:20:18,10,00:00:10,door not opened
07/14/2025,12,4245,Monday,Weekday,East,15649758,46500,12:55:00,46530,12:55:30,13,3255,Washington Ave & Quail St (03255),0,0,1,,,47963,13:19:23,,,47975,13:19:35,12,00:00:12,door not opened
07/14/2025,12,4245,Monday,Weekday,East,15649758,46500,12:55:00,46530,12:55:30,12,3256,Washington Ave & Ontario St (03256),0,0,1,47760.0,13:16:00,47923,13:18:43,47760.0,13:16:00,47934,13:18:54,11,00:00:11,door not opened
07/14/2025,12,4245,Monday,Weekday,East,15649758,46500,12:55:00,46530,12:55:30,11,2107,Washington Ave & Partridge St (02107),0,0,1,,,47889,13:18:09,,,47889,13:18:09,0,00:00:00,door not opened
07/14/2025,12,4245,Monday,Weekday,East,15649758,46500,12:55:00,46530,12:55:30,10,3257,Washington Ave & N. Main Ave (03257),0,0,1,,,47783,13:16:23,,,47821,13:17:01,38,00:00:38,door not opened
07/14/2025,12,4245,Monday,Weekday,East,15649758,46500,12:55:00,46530,12:55:30,9,1796,Washington Ave & N. Allen St (01796),1,11,1,47580.0,13:13:00,47720,13:15:20,47580.0,13:13:00,47744,13:15:44,24,00:00:24,doors opened
07/14/2025,12,4245,Monday,Weekday,East,15649758,46500,12:55:00,46530,12:55:30,8,11581,Washington Ave & Manning Blvd (11581),0,0,11,,,47663,13:14:23,,,47691,13:14:51,28,00:00:28,door not opened
07/14/2025,12,4245,Monday,Weekday,East,15649758,46500,12:55:00,46530,12:55:30,7,2180,Washington Ave & Homestead Ave (02180),0,0,11,,,47623,13:13:43,,,47635,13:13:55,12,00:00:12,door not opened
07/14/2025,12,4245,Monday,Weekday,East,15649758,46500,12:55:00,46530,12:55:30,6,2182,Washington Ave & Hawthorne St (02182),0,0,11,,,47578,13:12:58,,,47594,13:13:14,16,00:00:16,door not opened
07/14/2025,12,4245,Monday,Weekday,East,15649758,46500,12:55:00,46530,12:55:30,5,3304,Washington Ave & Clermont St (03304),0,0,11,,,47538,13:12:18,,,47547,13:12:27,9,00:00:09,door not opened
07/14/2025,12,4245,Monday,Weekday,East,15649758,46500,12:55:00,46530,12:55:30,4,3348,Washington Ave & Brevator St (03348),0,0,11,,,47478,13:11:18,,,47508,13:11:48,30,00:00:30,door not opened
07/14/2025,12,4245,Monday,Weekday,East,15649758,46500,12:55:00,46530,12:55:30,3,10134,Washington Ave & SUNY Exit Rd (10134),0,0,11,,,47333,13:08:53,,,47353,13:09:13,20,00:00:20,door not opened
07/14/2025,12,4245,Monday,Weekday,East,15649758,46500,12:55:00,46530,12:55:30,2,7216,SUNY Collins Circle (07216),0,0,11,47100.0,13:05:00,47193,13:06:33,47100.0,13:05:00,47205,13:06:45,12,00:00:12,door not opened
07/14/2025,12,4245,Monday,Weekday,East,15649758,46500,12:55:00,46530,12:55:30,1,12827,Crossgates Commons Station (12827),16,5,11,46800.0,13:00:00,46819,13:00:19,46800.0,13:00:00,46916,13:01:56,97,00:01:37,doors opened
07/14/2025,12,4245,Monday,Weekday,East,15649758,46500,12:55:00,46530,12:55:30,0,7175,Crossgates Mall Station (07175),0,0,0,46500.0,12:55:00,46530,12:55:30,46500.0,12:55:00,46530,12:55:30,0,00:00:00,door not opened
07/14/2025,12,4245,Monday,Weekday,West,15649863,49200,13:40:00,49368,13:42:48,27,7175,Crossgates Mall Station (07175),0,9,0,51660.0,14:21:00,51574,14:19:34,51660.0,14:21:00,51574,14:19:34,0,00:00:00,doors opened
07/14/2025,12,4245,Monday,Weekday,West,15649863,49200,13:40:00,49368,13:42:48,26,12828,Crossgates Commons Station (12828),0,0,9,51240.0,14:14:00,51333,14:15:33,51240.0,14:14:00,51373,14:16:13,40,00:00:40,door not opened
07/14/2025,12,4245,Monday,Weekday,West,15649863,49200,13:40:00,49368,13:42:48,25,12891,1475 Washington Ave (12891),0,0,9,,,51059,14:10:59,,,51159,14:12:39,100,00:01:40,door not opened
07/14/2025,12,4245,Monday,Weekday,West,15649863,49200,13:40:00,49368,13:42:48,24,7216,SUNY Collins Circle (07216),0,0,9,50880.0,14:08:00,50887,14:08:07,50880.0,14:08:00,50897,14:08:17,10,00:00:10,door not opened
07/14/2025,12,4245,Monday,Weekday,West,15649863,49200,13:40:00,49368,13:42:48,23,3262,1383 Washington Ave (Fairfield Inn) (03262),0,0,9,,,50761,14:06:01,,,50777,14:06:17,16,00:00:16,door not opened
07/14/2025,12,4245,Monday,Weekday,West,15649863,49200,13:40:00,49368,13:42:48,22,976,Washington Ave & Brevator St (00976),0,0,9,,,50569,14:02:49,,,50581,14:03:01,12,00:00:12,door not opened
07/14/2025,12,4245,Monday,Weekday,West,15649863,49200,13:40:00,49368,13:42:48,21,1959,Washington Ave & Colvin Ave (01959),0,0,9,,,50549,14:02:29,,,50549,14:02:29,0,00:00:00,door not opened
07/14/2025,12,4245,Monday,Weekday,West,15649863,49200,13:40:00,49368,13:42:48,20,3399,Washington Ave & Danker Ave (03399),0,0,9,,,50521,14:02:01,,,50521,14:02:01,0,00:00:00,door not opened
07/14/2025,12,4245,Monday,Weekday,West,15649863,49200,13:40:00,49368,13:42:48,19,1849,Washington Ave & Homestead Ave (01849),0,0,9,,,50498,14:01:38,,,50498,14:01:38,0,00:00:00,door not opened
07/14/2025,12,4245,Monday,Weekday,West,15649863,49200,13:40:00,49368,13:42:48,18,1846,Washington Ave & Manning Blvd (01846),0,0,9,,,50433,14:00:33,,,50464,14:01:04,31,00:00:31,door not opened
07/14/2025,12,4245,Monday,Weekday,West,15649863,49200,13:40:00,49368,13:42:48,17,3287,Washington Ave & N. Allen St (03287),0,0,9,50460.0,14:01:00,50388,13:59:48,50460.0,14:01:00,50398,13:59:58,10,00:00:10,door not opened
07/14/2025,12,4245,Monday,Weekday,West,15649863,49200,13:40:00,49368,13:42:48,16,3264,Washington Ave & N. Main Ave (03264),0,0,9,,,50303,13:58:23,,,50341,13:59:01,38,00:00:38,door not opened
07/14/2025,12,4245,Monday,Weekday,West,15649863,49200,13:40:00,49368,13:42:48,15,1839,Washington Ave & Partridge St (01839),0,0,9,,,50170,13:56:10,,,50170,13:56:10,0,00:00:00,door not opened
07/14/2025,12,4245,Monday,Weekday,West,15649863,49200,13:40:00,49368,13:42:48,14,1841,Washington Ave & Ontario St (01841),0,0,9,50160.0,13:56:00,50149,13:55:49,50160.0,13:56:00,50149,13:55:49,0,00:00:00,door not opened
07/14/2025,12,4245,Monday,Weekday,West,15649863,49200,13:40:00,49368,13:42:48,13,1842,Washington Ave & Quail St (01842),0,0,9,,,50088,13:54:48,,,50128,13:55:28,40,00:00:40,door not opened
07/14/2025,12,4245,Monday,Weekday,West,15649863,49200,13:40:00,49368,13:42:48,12,1837,Washington Ave & N. Lake Ave (01837),0,0,9,,,50048,13:54:08,,,50061,13:54:21,13,00:00:13,door not opened
07/14/2025,12,4245,Monday,Weekday,West,15649863,49200,13:40:00,49368,13:42:48,11,1843,Washington Ave & Robin St (01843),0,0,9,,,50013,13:53:33,,,50022,13:53:42,9,00:00:09,door not opened
07/14/2025,12,4245,Monday,Weekday,West,15649863,49200,13:40:00,49368,13:42:48,10,12943,Washington Ave & Lexington Ave (12943),0,0,9,,,49986,13:53:06,,,49986,13:53:06,0,00:00:00,door not opened
07/14/2025,12,4245,Monday,Weekday,West,15649863,49200,13:40:00,49368,13:42:48,9,12942,Washington Ave & Henry Johnson Blvd (12942),0,0,9,,,49868,13:51:08,,,49950,13:52:30,82,00:01:22,door not opened
07/14/2025,12,4245,Monday,Weekday,West,15649863,49200,13:40:00,49368,13:42:48,8,3239,Lark/Library Station - Washington Ave & Lark St (03239),0,0,9,49740.0,13:49:00,49808,13:50:08,49740.0,13:49:00,49836,13:50:36,28,00:00:28,door not opened
07/14/2025,12,4245,Monday,Weekday,West,15649863,49200,13:40:00,49368,13:42:48,7,3301,Washington Ave & S. Swan St (03301),0,0,9,,,49723,13:48:43,,,49750,13:49:10,27,00:00:27,door not opened
07/14/2025,12,4245,Monday,Weekday,West,15649863,49200,13:40:00,49368,13:42:48,6,3250,Hawk/Capitol Station - Washington Ave & Hawk St (03250),0,0,9,,,49703,13:48:23,,,49703,13:48:23,0,00:00:00,door not opened
07/14/2025,12,4245,Monday,Weekday,West,15649863,49200,13:40:00,49368,13:42:48,5,10087,State St & Eagle St (10087),0,0,9,,,49675,13:47:55,,,49675,13:47:55,0,00:00:00,door not opened
07/14/2025,12,4245,Monday,Weekday,West,15649863,49200,13:40:00,49368,13:42:48,4,2665,State/Downtown Station - State St & Lodge St (02665),10,1,9,49440.0,13:44:00,49588,13:46:28,49440.0,13:44:00,49661,13:47:41,73,00:01:13,doors opened
07/14/2025,12,4245,Monday,Weekday,West,15649863,49200,13:40:00,49368,13:42:48,3,3221,State Station - N. Pearl St & Ten Eyck Plaza (03221),0,0,0,,,49508,13:45:08,,,49565,13:46:05,57,00:00:57,door not opened
07/14/2025,12,4245,Monday,Weekday,West,15649863,49200,13:40:00,49368,13:42:48,2,3233,N. Pearl St & Sheridan Ave (03233),0,0,0,,,49452,13:44:12,,,49452,13:44:12,0,00:00:00,door not opened
07/14/2025,12,4245,Monday,Weekday,West,15649863,49200,13:40:00,49368,13:42:48,1,2168,Clinton Square Station - N. Pearl St & Clinton Ave (02168),0,0,0,,,49406,13:43:26,,,49406,13:43:26,0,00:00:00,door not opened
07/14/2025,12,4245,Monday,Weekday,West,15649863,49200,13:40:00,49368,13:42:48,0,9018,Broadway & Orange St (09018),0,0,0,49200.0,13:40:00,49368,13:42:48,49200.0,13:40:00,49368,13:42:48,0,00:00:00,door not opened
07/14/2025,12,4246,Monday,Weekday,West,15651392,84900,23:35:00,84930,23:35:30,22,976,Washington Ave & Brevator St (00976),0,0,5,,,85973,23:52:53,,,85973,23:52:53,0,00:00:00,door not opened
07/14/2025,12,4246,Monday,Weekday,West,15651392,84900,23:35:00,84930,23:35:30,21,1959,Washington Ave & Colvin Ave (01959),1,0,5,,,85881,23:51:21,,,85949,23:52:29,68,00:01:08,doors opened
07/14/2025,12,4246,Monday,Weekday,West,15651392,84900,23:35:00,84930,23:35:30,20,3399,Washington Ave & Danker Ave (03399),0,0,4,,,85859,23:50:59,,,85859,23:50:59,0,00:00:00,door not opened
07/14/2025,12,4246,Monday,Weekday,West,15651392,84900,23:35:00,84930,23:35:30,19,1849,Washington Ave & Homestead Ave (01849),0,0,4,,,85838,23:50:38,,,85838,23:50:38,0,00:00:00,door not opened
07/14/2025,12,4246,Monday,Weekday,West,15651392,84900,23:35:00,84930,23:35:30,18,1846,Washington Ave & Manning Blvd (01846),0,0,4,,,85813,23:50:13,,,85813,23:50:13,0,00:00:00,door not opened
07/14/2025,12,4246,Monday,Weekday,West,15651392,84900,23:35:00,84930,23:35:30,17,3287,Washington Ave & N. Allen St (03287),1,0,4,85740.0,23:49:00,85729,23:48:49,85740.0,23:49:00,85774,23:49:34,45,00:00:45,doors opened
07/14/2025,12,4246,Monday,Weekday,West,15651392,84900,23:35:00,84930,23:35:30,16,3264,Washington Ave & N. Main Ave (03264),0,0,3,,,85691,23:48:11,,,85691,23:48:11,0,00:00:00,door not opened
07/14/2025,12,4246,Monday,Weekday,West,15651392,84900,23:35:00,84930,23:35:30,15,1839,Washington Ave & Partridge St (01839),0,0,3,,,85603,23:46:43,,,85603,23:46:43,0,00:00:00,door not opened
07/14/2025,12,4246,Monday,Weekday,West,15651392,84900,23:35:00,84930,23:35:30,14,1841,Washington Ave & Ontario St (01841),0,1,3,85560.0,23:46:00,85555,23:45:55,85560.0,23:46:00,85579,23:46:19,24,00:00:24,doors opened
07/14/2025,12,4246,Monday,Weekday,West,15651392,84900,23:35:00,84930,23:35:30,13,1842,Washington Ave & Quail St (01842),0,0,4,,,85496,23:44:56,,,85529,23:45:29,33,00:00:33,door not opened
07/14/2025,12,4246,Monday,Weekday,West,15651392,84900,23:35:00,84930,23:35:30,12,1837,Washington Ave & N. Lake Ave (01837),0,0,4,,,85446,23:44:06,,,85461,23:44:21,15,00:00:15,door not opened
07/14/2025,12,4246,Monday,Weekday,West,15651392,84900,23:35:00,84930,23:35:30,11,1843,Washington Ave & Robin St (01843),0,0,4,,,85414,23:43:34,,,85414,23:43:34,0,00:00:00,door not opened
07/14/2025,12,4246,Monday,Weekday,West,15651392,84900,23:35:00,84930,23:35:30,10,12943,Washington Ave & Lexington Ave (12943),0,0,4,,,85388,23:43:08,,,85388,23:43:08,0,00:00:00,door not opened
07/14/2025,12,4246,Monday,Weekday,West,15651392,84900,23:35:00,84930,23:35:30,9,12942,Washington Ave & Henry Johnson Blvd (12942),0,0,4,,,85336,23:42:16,,,85351,23:42:31,15,00:00:15,door not opened
07/14/2025,12,4246,Monday,Weekday,West,15651392,84900,23:35:00,84930,23:35:30,8,3239,Lark/Library Station - Washington Ave & Lark St (03239),1,0,4,85260.0,23:41:00,85276,23:41:16,85260.0,23:41:00,85297,23:41:37,21,00:00:21,doors opened
07/14/2025,12,4246,Monday,Weekday,West,15651392,84900,23:35:00,84930,23:35:30,7,3301,Washington Ave & S. Swan St (03301),0,0,3,,,85242,23:40:42,,,85242,23:40:42,0,00:00:00,door not opened
07/14/2025,12,4246,Monday,Weekday,West,15651392,84900,23:35:00,84930,23:35:30,6,3250,Hawk/Capitol Station - Washington Ave & Hawk St (03250),2,0,3,,,85183,23:39:43,,,85215,23:40:15,32,00:00:32,doors opened
07/14/2025,12,4246,Monday,Weekday,West,15651392,84900,23:35:00,84930,23:35:30,5,10087,State St & Eagle St (10087),0,0,1,,,85155,23:39:15,,,85155,23:39:15,0,00:00:00,door not opened
07/14/2025,12,4246,Monday,Weekday,West,15651392,84900,23:35:00,84930,23:35:30,4,2665,State/Downtown Station - State St & Lodge St (02665),0,0,1,85080.0,23:38:00,85126,23:38:46,85080.0,23:38:00,85126,23:38:46,0,00:00:00,door not opened
07/14/2025,12,4246,Monday,Weekday,West,15651392,84900,23:35:00,84930,23:35:30,3,3221,State Station - N. Pearl St & Ten Eyck Plaza (03221),1,0,1,,,85005,23:36:45,,,85100,23:38:20,95,00:01:35,doors opened
07/14/2025,12,4246,Monday,Weekday,West,15651392,84900,23:35:00,84930,23:35:30,2,3233,N. Pearl St & Sheridan Ave (03233),0,0,0,,,84977,23:36:17,,,84977,23:36:17,0,00:00:00,door not opened
07/14/2025,12,4246,Monday,Weekday,West,15651392,84900,23:35:00,84930,23:35:30,1,2168,Clinton Square Station - N. Pearl St & Clinton Ave (02168),0,0,0,,,84968,23:36:08,,,84968,23:36:08,0,00:00:00,door not opened
07/14/2025,12,4246,Monday,Weekday,West,15651392,84900,23:35:00,84930,23:35:30,0,9018,Broadway & Orange St (09018),0,0,0,84900.0,23:35:00,84930,23:35:30,84900.0,23:35:00,84930,23:35:30,0,00:00:00,door not opened
07/14/2025,12,4246,Monday,Weekday,West,15651392,84900,23:35:00,84930,23:35:30,27,7175,Crossgates Mall Station (07175),0,1,0,86700.0,24:05:00,86885,24:08:05,86700.0,24:05:00,86885,24:08:05,0,00:00:00,doors opened
07/14/2025,12,4246,Monday,Weekday,West,15651392,84900,23:35:00,84930,23:35:30,26,12828,Crossgates Commons Station (12828),0,0,1,86400.0,24:00:00,86654,24:04:14,86400.0,24:00:00,86654,24:04:14,0,00:00:00,door not opened
07/14/2025,12,4246,Monday,Weekday,West,15651392,84900,23:35:00,84930,23:35:30,25,12891,1475 Washington Ave (12891),0,3,1,,,86435,24:00:35,,,86469,24:01:09,34,00:00:34,doors opened
07/14/2025,12,4246,Monday,Weekday,West,15651392,84900,23:35:00,84930,23:35:30,24,7216,SUNY Collins Circle (07216),0,0,4,86100.0,23:55:00,86276,23:57:56,86100.0,23:55:00,86309,23:58:29,33,00:00:33,doors opened
07/14/2025,12,4246,Monday,Weekday,West,15651392,84900,23:35:00,84930,23:35:30,23,3262,1383 Washington Ave (Fairfield Inn) (03262),0,1,4,,,86093,23:54:53,,,86134,23:55:34,41,00:00:41,doors opened
07/14/2025,12,4246,Monday,Weekday,West,15651386,79500,22:05:00,79498,22:04:58,27,7175,Crossgates Mall Station (07175),0,3,0,81540.0,22:39:00,81541,22:39:01,81540.0,22:39:00,81541,22:39:01,0,00:00:00,doors opened
07/14/2025,12,4246,Monday,Weekday,West,15651386,79500,22:05:00,79498,22:04:58,26,12828,Crossgates Commons Station (12828),0,4,3,81180.0,22:33:00,81285,22:34:45,81180.0,22:33:00,81316,22:35:16,31,00:00:31,doors opened
07/14/2025,12,4246,Monday,Weekday,West,15651386,79500,22:05:00,79498,22:04:58,25,12891,1475 Washington Ave (12891),0,0,7,,,81121,22:32:01,,,81121,22:32:01,0,00:00:00,door not opened
07/14/2025,12,4246,Monday,Weekday,West,15651386,79500,22:05:00,79498,22:04:58,24,7216,SUNY Collins Circle (07216),0,0,7,80880.0,22:28:00,80982,22:29:42,80880.0,22:28:00,80982,22:29:42,0,00:00:00,door not opened
07/14/2025,12,4246,Monday,Weekday,West,15651386,79500,22:05:00,79498,22:04:58,23,3262,1383 Washington Ave (Fairfield Inn) (03262),0,1,7,,,80857,22:27:37,,,80878,22:27:58,21,00:00:21,doors opened
07/14/2025,12,4246,Monday,Weekday,West,15651386,79500,22:05:00,79498,22:04:58,22,976,Washington Ave & Brevator St (00976),0,0,8,,,80716,22:25:16,,,80716,22:25:16,0,00:00:00,door not opened
07/14/2025,12,4246,Monday,Weekday,West,15651386,79500,22:05:00,79498,22:04:58,21,1959,Washington Ave & Colvin Ave (01959),1,0,8,,,80661,22:24:21,,,80696,22:24:56,35,00:00:35,doors opened
07/14/2025,12,4246,Monday,Weekday,West,15651386,79500,22:05:00,79498,22:04:58,20,3399,Washington Ave & Danker Ave (03399),0,0,7,,,80636,22:23:56,,,80636,22:23:56,0,00:00:00,door not opened
07/14/2025,12,4246,Monday,Weekday,West,15651386,79500,22:05:00,79498,22:04:58,19,1849,Washington Ave & Homestead Ave (01849),0,0,7,,,80614,22:23:34,,,80614,22:23:34,0,00:00:00,door not opened
07/14/2025,12,4246,Monday,Weekday,West,15651386,79500,22:05:00,79498,22:04:58,18,1846,Washington Ave & Manning Blvd (01846),0,0,7,,,80556,22:22:36,,,80586,22:23:06,30,00:00:30,door not opened
07/14/2025,12,4246,Monday,Weekday,West,15651386,79500,22:05:00,79498,22:04:58,17,3287,Washington Ave & N. Allen St (03287),0,0,7,80520.0,22:22:00,80456,22:20:56,80520.0,22:22:00,80513,22:21:53,57,00:00:57,door not opened
07/14/2025,12,4246,Monday,Weekday,West,15651386,79500,22:05:00,79498,22:04:58,16,3264,Washington Ave & N. Main Ave (03264),0,0,7,,,80396,22:19:56,,,80403,22:20:03,7,00:00:07,door not opened
07/14/2025,12,4246,Monday,Weekday,West,15651386,79500,22:05:00,79498,22:04:58,15,1839,Washington Ave & Partridge St (01839),0,0,7,,,80336,22:18:56,,,80336,22:18:56,0,00:00:00,door not opened
07/14/2025,12,4246,Monday,Weekday,West,15651386,79500,22:05:00,79498,22:04:58,14,1841,Washington Ave & Ontario St (01841),0,1,7,80340.0,22:19:00,80284,22:18:04,80340.0,22:19:00,80309,22:18:29,25,00:00:25,doors opened
07/14/2025,12,4246,Monday,Weekday,West,15651386,79500,22:05:00,79498,22:04:58,13,1842,Washington Ave & Quail St (01842),4,2,8,,,80213,22:16:53,,,80259,22:17:39,46,00:00:46,doors opened
07/14/2025,12,4246,Monday,Weekday,West,15651386,79500,22:05:00,79498,22:04:58,12,1837,Washington Ave & N. Lake Ave (01837),0,0,6,,,80151,22:15:51,,,80182,22:16:22,31,00:00:31,door not opened
07/14/2025,12,4246,Monday,Weekday,West,15651386,79500,22:05:00,79498,22:04:58,11,1843,Washington Ave & Robin St (01843),0,0,6,,,80119,22:15:19,,,80119,22:15:19,0,00:00:00,door not opened
07/14/2025,12,4246,Monday,Weekday,West,15651386,79500,22:05:00,79498,22:04:58,10,12943,Washington Ave & Lexington Ave (12943),1,0,6,,,80023,22:13:43,,,80076,22:14:36,53,00:00:53,doors opened
07/14/2025,12,4246,Monday,Weekday,West,15651386,79500,22:05:00,79498,22:04:58,9,12942,Washington Ave & Henry Johnson Blvd (12942),0,0,5,,,79993,22:13:13,,,79993,22:13:13,0,00:00:00,door not opened
07/14/2025,12,4246,Monday,Weekday,West,15651386,79500,22:05:00,79498,22:04:58,8,3239,Lark/Library Station - Washington Ave & Lark St (03239),0,2,5,79980.0,22:13:00,79942,22:12:22,79980.0,22:13:00,79960,22:12:40,18,00:00:18,doors opened
07/14/2025,12,4246,Monday,Weekday,West,15651386,79500,22:05:00,79498,22:04:58,7,3301,Washington Ave & S. Swan St (03301),0,1,7,,,79882,22:11:22,,,79901,22:11:41,19,00:00:19,doors opened
07/14/2025,12,4246,Monday,Weekday,West,15651386,79500,22:05:00,79498,22:04:58,6,3250,Hawk/Capitol Station - Washington Ave & Hawk St (03250),0,0,8,,,79857,22:10:57,,,79857,22:10:57,0,00:00:00,door not opened
07/14/2025,12,4246,Monday,Weekday,West,15651386,79500,22:05:00,79498,22:04:58,5,10087,State St & Eagle St (10087),0,0,8,,,79820,22:10:20,,,79820,22:10:20,0,00:00:00,door not opened
07/14/2025,12,4246,Monday,Weekday,West,15651386,79500,22:05:00,79498,22:04:58,4,2665,State/Downtown Station - State St & Lodge St (02665),8,0,8,79740.0,22:09:00,79736,22:08:56,79740.0,22:09:00,79789,22:09:49,53,00:00:53,doors opened
07/14/2025,12,4246,Monday,Weekday,West,15651386,79500,22:05:00,79498,22:04:58,3,3221,State Station - N. Pearl St & Ten Eyck Plaza (03221),0,0,0,,,79598,22:06:38,,,79717,22:08:37,119,00:01:59,doors opened
07/14/2025,12,4246,Monday,Weekday,West,15651386,79500,22:05:00,79498,22:04:58,2,3233,N. Pearl St & Sheridan Ave (03233),0,0,0,,,79564,22:06:04,,,79564,22:06:04,0,00:00:00,door not opened
07/14/2025,12,4246,Monday,Weekday,West,15651386,79500,22:05:00,79498,22:04:58,1,2168,Clinton Square Station - N. Pearl St & Clinton Ave (02168),0,0,0,,,79549,22:05:49,,,79549,22:05:49,0,00:00:00,door not opened
07/14/2025,12,4246,Monday,Weekday,West,15651386,79500,22:05:00,79498,22:04:58,0,9018,Broadway & Orange St (09018),1,1,0,79500.0,22:05:00,79498,22:04:58,79500.0,22:05:00,79498,22:04:58,0,00:00:00,doors opened
07/14/2025,12,4246,Monday,Weekday,East,15651389,82500,22:55:00,82500,22:55:00,24,3940,Broadway & Steuben St (03940),0,0,0,84300.0,23:25:00,84068,23:21:08,84300.0,23:25:00,84068,23:21:08,0,00:00:00,door not opened
07/14/2025,12,4246,Monday,Weekday,East,15651389,82500,22:55:00,82500,22:55:00,23,2509,State/Downtown Station - State St & S. Pearl St (02509),0,0,0,84180.0,23:23:00,84011,23:20:11,84180.0,23:23:00,84011,23:20:11,0,00:00:00,door not opened
07/14/2025,12,4246,Monday,Weekday,East,15651389,82500,22:55:00,82500,22:55:00,22,1787,State St & Eagle St (01787),0,0,0,,,83972,23:19:32,,,83972,23:19:32,0,00:00:00,door not opened
07/14/2025,12,4246,Monday,Weekday,East,15651389,82500,22:55:00,82500,22:55:00,21,2706,Hawk/Capitol Station - Washington Ave & Hawk St (02706),0,0,0,,,83922,23:18:42,,,83922,23:18:42,0,00:00:00,door not opened
07/14/2025,12,4246,Monday,Weekday,East,15651389,82500,22:55:00,82500,22:55:00,20,1789,Washington Ave & S. Swan St (01789),0,0,0,,,83905,23:18:25,,,83905,23:18:25,0,00:00:00,door not opened
07/14/2025,12,4246,Monday,Weekday,East,15651389,82500,22:55:00,82500,22:55:00,19,1788,Washington Ave & Dove St (01788),0,0,0,,,83888,23:18:08,,,83888,23:18:08,0,00:00:00,door not opened
07/14/2025,12,4246,Monday,Weekday,East,15651389,82500,22:55:00,82500,22:55:00,18,2663,Lark/Library Station - Washington Ave & Lark St (02663),0,0,0,83940.0,23:19:00,83873,23:17:53,83940.0,23:19:00,83873,23:17:53,0,00:00:00,door not opened
07/14/2025,12,4246,Monday,Weekday,East,15651389,82500,22:55:00,82500,22:55:00,17,263,Washington Ave & Henry Johnson Blvd (00263),0,0,0,,,83821,23:17:01,,,83821,23:17:01,0,00:00:00,door not opened
07/14/2025,12,4246,Monday,Weekday,East,15651389,82500,22:55:00,82500,22:55:00,16,2096,Washington Ave & Lexington Ave (02096),0,0,0,,,83787,23:16:27,,,83787,23:16:27,0,00:00:00,door not opened
07/14/2025,12,4246,Monday,Weekday,East,15651389,82500,22:55:00,82500,22:55:00,15,3253,Washington Ave & Robin St (Draper Hall) (03253),0,2,0,,,83744,23:15:44,,,83770,23:16:10,26,00:00:26,doors opened
07/14/2025,12,4246,Monday,Weekday,East,15651389,82500,22:55:00,82500,22:55:00,14,2109,Washington Ave & N. Lake Ave (02109),0,0,2,,,83701,23:15:01,,,83720,23:15:20,19,00:00:19,door not opened
07/14/2025,12,4246,Monday,Weekday,East,15651389,82500,22:55:00,82500,22:55:00,13,3255,Washington Ave & Quail St (03255),0,0,2,,,83631,23:13:51,,,83670,23:14:30,39,00:00:39,door not opened
07/14/2025,12,4246,Monday,Weekday,East,15651389,82500,22:55:00,82500,22:55:00,12,3256,Washington Ave & Ontario St (03256),0,0,2,83640.0,23:14:00,83607,23:13:27,83640.0,23:14:00,83607,23:13:27,0,00:00:00,door not opened
07/14/2025,12,4246,Monday,Weekday,East,15651389,82500,22:55:00,82500,22:55:00,11,2107,Washington Ave & Partridge St (02107),0,1,2,,,83561,23:12:41,,,83580,23:13:00,19,00:00:19,doors opened
07/14/2025,12,4246,Monday,Weekday,East,15651389,82500,22:55:00,82500,22:55:00,10,3257,Washington Ave & N. Main Ave (03257),0,0,3,,,83480,23:11:20,,,83480,23:11:20,0,00:00:00,door not opened
07/14/2025,12,4246,Monday,Weekday,East,15651389,82500,22:55:00,82500,22:55:00,9,1796,Washington Ave & N. Allen St (01796),0,0,3,83460.0,23:11:00,83449,23:10:49,83460.0,23:11:00,83449,23:10:49,0,00:00:00,door not opened
07/14/2025,12,4246,Monday,Weekday,East,15651389,82500,22:55:00,82500,22:55:00,8,11581,Washington Ave & Manning Blvd (11581),0,0,3,,,83417,23:10:17,,,83417,23:10:17,0,00:00:00,door not opened
07/14/2025,12,4246,Monday,Weekday,East,15651389,82500,22:55:00,82500,22:55:00,7,2180,Washington Ave & Homestead Ave (02180),0,1,3,,,83377,23:09:37,,,83391,23:09:51,14,00:00:14,doors opened
07/14/2025,12,4246,Monday,Weekday,East,15651389,82500,22:55:00,82500,22:55:00,6,2182,Washington Ave & Hawthorne St (02182),0,0,4,,,83349,23:09:09,,,83349,23:09:09,0,00:00:00,door not opened
07/14/2025,12,4246,Monday,Weekday,East,15651389,82500,22:55:00,82500,22:55:00,5,3304,Washington Ave & Clermont St (03304),0,0,4,,,83335,23:08:55,,,83335,23:08:55,0,00:00:00,door not opened
07/14/2025,12,4246,Monday,Weekday,East,15651389,82500,22:55:00,82500,22:55:00,4,3348,Washington Ave & Brevator St (03348),0,0,4,,,83319,23:08:39,,,83319,23:08:39,0,00:00:00,door not opened
07/14/2025,12,4246,Monday,Weekday,East,15651389,82500,22:55:00,82500,22:55:00,3,10134,Washington Ave & SUNY Exit Rd (10134),0,2,4,,,83185,23:06:25,,,83205,23:06:45,20,00:00:20,doors opened
07/14/2025,12,4246,Monday,Weekday,East,15651389,82500,22:55:00,82500,22:55:00,2,7216,SUNY Collins Circle (07216),0,0,6,83040.0,23:04:00,83080,23:04:40,83040.0,23:04:00,83080,23:04:40,0,00:00:00,door not opened
07/14/2025,12,4246,Monday,Weekday,East,15651389,82500,22:55:00,82500,22:55:00,1,12827,Crossgates Commons Station (12827),5,0,6,82740.0,22:59:00,82726,22:58:46,82740.0,22:59:00,82790,22:59:50,64,00:01:04,doors opened
07/14/2025,12,4246,Monday,Weekday,East,15651389,82500,22:55:00,82500,22:55:00,0,7175,Crossgates Mall Station (07175),1,0,1,82500.0,22:55:00,82500,22:55:00,82500.0,22:55:00,82500,22:55:00,0,00:00:00,doors opened
07/14/2025,12,4250,Monday,Weekday,West,15650629,24300,06:45:00,24315,06:45:15,27,7175,Crossgates Mall Station (07175),0,2,1,26580.0,07:23:00,26299,07:18:19,26580.0,07:23:00,26299,07:18:19,0,00:00:00,doors opened
07/14/2025,12,4250,Monday,Weekday,West,15650629,24300,06:45:00,24315,06:45:15,26,12828,Crossgates Commons Station (12828),0,2,3,26220.0,07:17:00,26084,07:14:44,26220.0,07:17:00,26105,07:15:05,21,00:00:21,doors opened
07/14/2025,12,4250,Monday,Weekday,West,15650629,24300,06:45:00,24315,06:45:15,25,12891,1475 Washington Ave (12891),0,1,5,,,25900,07:11:40,,,25910,07:11:50,10,00:00:10,doors opened
07/14/2025,12,4250,Monday,Weekday,West,15650629,24300,06:45:00,24315,06:45:15,24,7216,SUNY Collins Circle (07216),1,2,6,25860.0,07:11:00,25771,07:09:31,25860.0,07:11:00,25789,07:09:49,18,00:00:18,doors opened
07/14/2025,12,4250,Monday,Weekday,West,15650629,24300,06:45:00,24315,06:45:15,23,3262,1383 Washington Ave (Fairfield Inn) (03262),1,2,7,,,25645,07:07:25,,,25683,07:08:03,38,00:00:38,doors opened
07/14/2025,12,4250,Monday,Weekday,West,15650629,24300,06:45:00,24315,06:45:15,22,976,Washington Ave & Brevator St (00976),0,0,8,,,25519,07:05:19,,,25532,07:05:32,13,00:00:13,door not opened
07/14/2025,12,4250,Monday,Weekday,West,15650629,24300,06:45:00,24315,06:45:15,21,1959,Washington Ave & Colvin Ave (01959),0,1,8,,,25461,07:04:21,,,25491,07:04:51,30,00:00:30,doors opened
07/14/2025,12,4250,Monday,Weekday,West,15650629,24300,06:45:00,24315,06:45:15,20,3399,Washington Ave & Danker Ave (03399),0,0,9,,,25440,07:04:00,,,25440,07:04:00,0,00:00:00,door not opened
07/14/2025,12,4250,Monday,Weekday,West,15650629,24300,06:45:00,24315,06:45:15,19,1849,Washington Ave & Homestead Ave (01849),0,0,9,,,25419,07:03:39,,,25419,07:03:39,0,00:00:00,door not opened
07/14/2025,12,4250,Monday,Weekday,West,15650629,24300,06:45:00,24315,06:45:15,18,1846,Washington Ave & Manning Blvd (01846),0,0,9,,,25395,07:03:15,,,25395,07:03:15,0,00:00:00,door not opened
07/14/2025,12,4250,Monday,Weekday,West,15650629,24300,06:45:00,24315,06:45:15,17,3287,Washington Ave & N. Allen St (03287),1,0,9,25440.0,07:04:00,25349,07:02:29,25440.0,07:04:00,25364,07:02:44,15,00:00:15,doors opened
07/14/2025,12,4250,Monday,Weekday,West,15650629,24300,06:45:00,24315,06:45:15,16,3264,Washington Ave & N. Main Ave (03264),0,0,8,,,25224,07:00:24,,,25316,07:01:56,92,00:01:32,door not opened
07/14/2025,12,4250,Monday,Weekday,West,15650629,24300,06:45:00,24315,06:45:15,15,1839,Washington Ave & Partridge St (01839),0,0,8,,,25174,06:59:34,,,25174,06:59:34,0,00:00:00,door not opened
07/14/2025,12,4250,Monday,Weekday,West,15650629,24300,06:45:00,24315,06:45:15,14,1841,Washington Ave & Ontario St (01841),1,1,8,25200.0,07:00:00,25129,06:58:49,25200.0,07:00:00,25149,06:59:09,20,00:00:20,doors opened
07/14/2025,12,4250,Monday,Weekday,West,15650629,24300,06:45:00,24315,06:45:15,13,1842,Washington Ave & Quail St (01842),1,3,8,,,25063,06:57:43,,,25105,06:58:25,42,00:00:42,doors opened
07/14/2025,12,4250,Monday,Weekday,West,15650629,24300,06:45:00,24315,06:45:15,12,1837,Washington Ave & N. Lake Ave (01837),1,0,10,,,25006,06:56:46,,,25038,06:57:18,32,00:00:32,doors opened
07/14/2025,12,4250,Monday,Weekday,West,15650629,24300,06:45:00,24315,06:45:15,11,1843,Washington Ave & Robin St (01843),0,0,9,,,24988,06:56:28,,,24988,06:56:28,0,00:00:00,door not opened
07/14/2025,12,4250,Monday,Weekday,West,15650629,24300,06:45:00,24315,06:45:15,10,12943,Washington Ave & Lexington Ave (12943),0,0,9,,,24939,06:55:39,,,24962,06:56:02,23,00:00:23,door not opened
07/14/2025,12,4250,Monday,Weekday,West,15650629,24300,06:45:00,24315,06:45:15,9,12942,Washington Ave & Henry Johnson Blvd (12942),1,0,9,,,24892,06:54:52,,,24911,06:55:11,19,00:00:19,doors opened
07/14/2025,12,4250,Monday,Weekday,West,15650629,24300,06:45:00,24315,06:45:15,8,3239,Lark/Library Station - Washington Ave & Lark St (03239),1,1,8,24840.0,06:54:00,24783,06:53:03,24840.0,06:54:00,24842,06:54:02,59,00:00:59,doors opened
07/14/2025,12,4250,Monday,Weekday,West,15650629,24300,06:45:00,24315,06:45:15,7,3301,Washington Ave & S. Swan St (03301),1,1,8,,,24721,06:52:01,,,24741,06:52:21,20,00:00:20,doors opened
07/14/2025,12,4250,Monday,Weekday,West,15650629,24300,06:45:00,24315,06:45:15,6,3250,Hawk/Capitol Station - Washington Ave & Hawk St (03250),0,0,8,,,24669,06:51:09,,,24698,06:51:38,29,00:00:29,door not opened
07/14/2025,12,4250,Monday,Weekday,West,15650629,24300,06:45:00,24315,06:45:15,5,10087,State St & Eagle St (10087),0,0,8,,,24642,06:50:42,,,24642,06:50:42,0,00:00:00,door not opened
07/14/2025,12,4250,Monday,Weekday,West,15650629,24300,06:45:00,24315,06:45:15,4,2665,State/Downtown Station - State St & Lodge St (02665),0,0,8,24540.0,06:49:00,24561,06:49:21,24540.0,06:49:00,24561,06:49:21,0,00:00:00,door not opened
07/14/2025,12,4250,Monday,Weekday,West,15650629,24300,06:45:00,24315,06:45:15,3,3221,State Station - N. Pearl St & Ten Eyck Plaza (03221),6,0,8,,,24429,06:47:09,,,24541,06:49:01,112,00:01:52,doors opened
07/14/2025,12,4250,Monday,Weekday,West,15650629,24300,06:45:00,24315,06:45:15,2,3233,N. Pearl St & Sheridan Ave (03233),0,0,2,,,24388,06:46:28,,,24388,06:46:28,0,00:00:00,door not opened
07/14/2025,12,4250,Monday,Weekday,West,15650629,24300,06:45:00,24315,06:45:15,1,2168,Clinton Square Station - N. Pearl St & Clinton Ave (02168),1,0,2,,,24341,06:45:41,,,24371,06:46:11,30,00:00:30,doors opened
07/14/2025,12,4250,Monday,Weekday,West,15650629,24300,06:45:00,24315,06:45:15,0,9018,Broadway & Orange St (09018),0,0,1,24300.0,06:45:00,24315,06:45:15,24300.0,06:45:00,24315,06:45:15,0,00:00:00,door not opened
07/14/2025,12,4250,Monday,Weekday,East,15650639,38100,10:35:00,38149,10:35:49,23,2509,State/Downtown Station - State St & S. Pearl St (02509),0,2,0,39960.0,11:06:00,39931,11:05:31,39960.0,11:06:00,39950,11:05:50,19,00:00:19,doors opened
07/14/2025,12,4250,Monday,Weekday,East,15650639,38100,10:35:00,38149,10:35:49,22,1787,State St & Eagle St (01787),0,0,2,,,39916,11:05:16,,,39916,11:05:16,0,00:00:00,door not opened
07/14/2025,12,4250,Monday,Weekday,East,15650639,38100,10:35:00,38149,10:35:49,21,2706,Hawk/Capitol Station - Washington Ave & Hawk St (02706),0,0,2,,,39880,11:04:40,,,39880,11:04:40,0,00:00:00,door not opened
07/14/2025,12,4250,Monday,Weekday,East,15650639,38100,10:35:00,38149,10:35:49,20,1789,Washington Ave & S. Swan St (01789),0,0,2,,,39859,11:04:19,,,39859,11:04:19,0,00:00:00,door not opened
07/14/2025,12,4250,Monday,Weekday,East,15650639,38100,10:35:00,38149,10:35:49,19,1788,Washington Ave & Dove St (01788),0,3,2,,,39767,11:02:47,,,39827,11:03:47,60,00:01:00,doors opened
07/14/2025,12,4250,Monday,Weekday,East,15650639,38100,10:35:00,38149,10:35:49,18,2663,Lark/Library Station - Washington Ave & Lark St (02663),0,0,5,39660.0,11:01:00,39749,11:02:29,39660.0,11:01:00,39749,11:02:29,0,00:00:00,door not opened
07/14/2025,12,4250,Monday,Weekday,East,15650639,38100,10:35:00,38149,10:35:49,17,263,Washington Ave & Henry Johnson Blvd (00263),0,0,5,,,39718,11:01:58,,,39718,11:01:58,0,00:00:00,door not opened
07/14/2025,12,4250,Monday,Weekday,East,15650639,38100,10:35:00,38149,10:35:49,16,2096,Washington Ave & Lexington Ave (02096),0,1,5,,,39618,11:00:18,,,39694,11:01:34,76,00:01:16,doors opened
07/14/2025,12,4250,Monday,Weekday,East,15650639,38100,10:35:00,38149,10:35:49,15,3253,Washington Ave & Robin St (Draper Hall) (03253),0,0,6,,,39584,10:59:44,,,39597,10:59:57,13,00:00:13,door not opened
07/14/2025,12,4250,Monday,Weekday,East,15650639,38100,10:35:00,38149,10:35:49,14,2109,Washington Ave & N. Lake Ave (02109),0,0,6,,,39534,10:58:54,,,39557,10:59:17,23,00:00:23,door not opened
07/14/2025,12,4250,Monday,Weekday,East,15650639,38100,10:35:00,38149,10:35:49,13,3255,Washington Ave & Quail St (03255),0,1,6,,,39468,10:57:48,,,39505,10:58:25,37,00:00:37,doors opened
07/14/2025,12,4250,Monday,Weekday,East,15650639,38100,10:35:00,38149,10:35:49,12,3256,Washington Ave & Ontario St (03256),0,0,7,39300.0,10:55:00,39450,10:57:30,39300.0,10:55:00,39450,10:57:30,0,00:00:00,door not opened
07/14/2025,12,4250,Monday,Weekday,East,15650639,38100,10:35:00,38149,10:35:49,11,2107,Washington Ave & Partridge St (02107),0,0,7,,,39432,10:57:12,,,39432,10:57:12,0,00:00:00,door not opened
07/14/2025,12,4250,Monday,Weekday,East,15650639,38100,10:35:00,38149,10:35:49,10,3257,Washington Ave & N. Main Ave (03257),1,0,7,,,39315,10:55:15,,,39363,10:56:03,48,00:00:48,doors opened
07/14/2025,12,4250,Monday,Weekday,East,15650639,38100,10:35:00,38149,10:35:49,9,1796,Washington Ave & N. Allen St (01796),3,4,6,39180.0,10:53:00,39198,10:53:18,39180.0,10:53:00,39285,10:54:45,87,00:01:27,doors opened
07/14/2025,12,4250,Monday,Weekday,East,15650639,38100,10:35:00,38149,10:35:49,8,11581,Washington Ave & Manning Blvd (11581),0,0,7,,,39169,10:52:49,,,39169,10:52:49,0,00:00:00,door not opened
07/14/2025,12,4250,Monday,Weekday,East,15650639,38100,10:35:00,38149,10:35:49,7,2180,Washington Ave & Homestead Ave (02180),0,1,7,,,39110,10:51:50,,,39145,10:52:25,35,00:00:35,doors opened
07/14/2025,12,4250,Monday,Weekday,East,15650639,38100,10:35:00,38149,10:35:49,6,2182,Washington Ave & Hawthorne St (02182),0,1,8,,,39071,10:51:11,,,39086,10:51:26,15,00:00:15,doors opened
07/14/2025,12,4250,Monday,Weekday,East,15650639,38100,10:35:00,38149,10:35:49,5,3304,Washington Ave & Clermont St (03304),0,0,9,,,39043,10:50:43,,,39043,10:50:43,0,00:00:00,door not opened
07/14/2025,12,4250,Monday,Weekday,East,15650639,38100,10:35:00,38149,10:35:49,4,3348,Washington Ave & Brevator St (03348),0,3,9,,,38981,10:49:41,,,38998,10:49:58,17,00:00:17,doors opened
07/14/2025,12,4250,Monday,Weekday,East,15650639,38100,10:35:00,38149,10:35:49,3,10134,Washington Ave & SUNY Exit Rd (10134),2,0,12,,,38823,10:47:03,,,38878,10:47:58,55,00:00:55,doors opened
07/14/2025,12,4250,Monday,Weekday,East,15650639,38100,10:35:00,38149,10:35:49,2,7216,SUNY Collins Circle (07216),1,1,10,38700.0,10:45:00,38693,10:44:53,38700.0,10:45:00,38712,10:45:12,19,00:00:19,doors opened
07/14/2025,12,4250,Monday,Weekday,East,15650639,38100,10:35:00,38149,10:35:49,1,12827,Crossgates Commons Station (12827),10,0,10,38400.0,10:40:00,38414,10:40:14,38400.0,10:40:00,38455,10:40:55,41,00:00:41,doors opened
07/14/2025,12,4250,Monday,Weekday,East,15650639,38100,10:35:00,38149,10:35:49,0,7175,Crossgates Mall Station (07175),0,0,0,38100.0,10:35:00,38149,10:35:49,38100.0,10:35:00,38149,10:35:49,0,00:00:00,doors opened
07/14/2025,12,4250,Monday,Weekday,East,15650639,38100,10:35:00,38149,10:35:49,24,3940,Broadway & Steuben St (03940),0,0,0,40140.0,11:09:00,40029,11:07:09,40140.0,11:09:00,40029,11:07:09,0,00:00:00,door not opened
07/14/2025,12,4250,Monday,Weekday,West,15650642,40800,11:20:00,41052,11:24:12,27,7175,Crossgates Mall Station (07175),0,3,1,43200.0,12:00:00,42910,11:55:10,43200.0,12:00:00,42910,11:55:10,0,00:00:00,doors opened
07/14/2025,12,4250,Monday,Weekday,West,15650642,40800,11:20:00,41052,11:24:12,26,12828,Crossgates Commons Station (12828),0,3,4,42780.0,11:53:00,42649,11:50:49,42780.0,11:53:00,42669,11:51:09,20,00:00:20,doors opened
07/14/2025,12,4250,Monday,Weekday,West,15650642,40800,11:20:00,41052,11:24:12,25,12891,1475 Washington Ave (12891),0,0,7,,,42482,11:48:02,,,42482,11:48:02,0,00:00:00,door not opened
07/14/2025,12,4250,Monday,Weekday,West,15650642,40800,11:20:00,41052,11:24:12,24,7216,SUNY Collins Circle (07216),0,0,7,42420.0,11:47:00,42335,11:45:35,42420.0,11:47:00,42335,11:45:35,0,00:00:00,door not opened
07/14/2025,12,4250,Monday,Weekday,West,15650642,40800,11:20:00,41052,11:24:12,23,3262,1383 Washington Ave (Fairfield Inn) (03262),0,3,7,,,42227,11:43:47,,,42245,11:44:05,18,00:00:18,doors opened
07/14/2025,12,4250,Monday,Weekday,West,15650642,40800,11:20:00,41052,11:24:12,22,976,Washington Ave & Brevator St (00976),0,0,10,,,42108,11:41:48,,,42108,11:41:48,0,00:00:00,door not opened
07/14/2025,12,4250,Monday,Weekday,West,15650642,40800,11:20:00,41052,11:24:12,21,1959,Washington Ave & Colvin Ave (01959),2,1,10,,,42019,11:40:19,,,42079,11:41:19,60,00:01:00,doors opened
07/14/2025,12,4250,Monday,Weekday,West,15650642,40800,11:20:00,41052,11:24:12,20,3399,Washington Ave & Danker Ave (03399),0,0,9,,,41997,11:39:57,,,41997,11:39:57,0,00:00:00,door not opened
07/14/2025,12,4250,Monday,Weekday,West,15650642,40800,11:20:00,41052,11:24:12,19,1849,Washington Ave & Homestead Ave (01849),0,0,9,,,41971,11:39:31,,,41971,11:39:31,0,00:00:00,door not opened
07/14/2025,12,4250,Monday,Weekday,West,15650642,40800,11:20:00,41052,11:24:12,18,1846,Washington Ave & Manning Blvd (01846),0,0,9,,,41948,11:39:08,,,41948,11:39:08,0,00:00:00,door not opened
07/14/2025,12,4250,Monday,Weekday,West,15650642,40800,11:20:00,41052,11:24:12,17,3287,Washington Ave & N. Allen St (03287),0,0,9,42000.0,11:40:00,41916,11:38:36,42000.0,11:40:00,41916,11:38:36,0,00:00:00,door not opened
07/14/2025,12,4250,Monday,Weekday,West,15650642,40800,11:20:00,41052,11:24:12,16,3264,Washington Ave & N. Main Ave (03264),1,0,9,,,41852,11:37:32,,,41880,11:38:00,28,00:00:28,doors opened
07/14/2025,12,4250,Monday,Weekday,West,15650642,40800,11:20:00,41052,11:24:12,15,1839,Washington Ave & Partridge St (01839),0,0,8,,,41770,11:36:10,,,41770,11:36:10,0,00:00:00,door not opened
07/14/2025,12,4250,Monday,Weekday,West,15650642,40800,11:20:00,41052,11:24:12,14,1841,Washington Ave & Ontario St (01841),0,0,8,41760.0,11:36:00,41750,11:35:50,41760.0,11:36:00,41750,11:35:50,0,00:00:00,door not opened
07/14/2025,12,4250,Monday,Weekday,West,15650642,40800,11:20:00,41052,11:24:12,13,1842,Washington Ave & Quail St (01842),2,0,8,,,41681,11:34:41,,,41726,11:35:26,45,00:00:45,doors opened
07/14/2025,12,4250,Monday,Weekday,West,15650642,40800,11:20:00,41052,11:24:12,12,1837,Washington Ave & N. Lake Ave (01837),0,0,6,,,41649,11:34:09,,,41657,11:34:17,8,00:00:08,door not opened
07/14/2025,12,4250,Monday,Weekday,West,15650642,40800,11:20:00,41052,11:24:12,11,1843,Washington Ave & Robin St (01843),0,0,6,,,41624,11:33:44,,,41624,11:33:44,0,00:00:00,door not opened
07/14/2025,12,4250,Monday,Weekday,West,15650642,40800,11:20:00,41052,11:24:12,10,12943,Washington Ave & Lexington Ave (12943),0,0,6,,,41602,11:33:22,,,41602,11:33:22,0,00:00:00,door not opened
07/14/2025,12,4250,Monday,Weekday,West,15650642,40800,11:20:00,41052,11:24:12,9,12942,Washington Ave & Henry Johnson Blvd (12942),2,0,6,,,41534,11:32:14,,,41559,11:32:39,25,00:00:25,doors opened
07/14/2025,12,4250,Monday,Weekday,West,15650642,40800,11:20:00,41052,11:24:12,8,3239,Lark/Library Station - Washington Ave & Lark St (03239),0,1,4,41340.0,11:29:00,41466,11:31:06,41340.0,11:29:00,41496,11:31:36,30,00:00:30,doors opened
07/14/2025,12,4250,Monday,Weekday,West,15650642,40800,11:20:00,41052,11:24:12,7,3301,Washington Ave & S. Swan St (03301),0,0,5,,,41391,11:29:51,,,41391,11:29:51,0,00:00:00,door not opened
07/14/2025,12,4250,Monday,Weekday,West,15650642,40800,11:20:00,41052,11:24:12,6,3250,Hawk/Capitol Station - Washington Ave & Hawk St (03250),0,0,5,,,41362,11:29:22,,,41362,11:29:22,0,00:00:00,door not opened
07/14/2025,12,4250,Monday,Weekday,West,15650642,40800,11:20:00,41052,11:24:12,5,10087,State St & Eagle St (10087),0,0,5,,,41343,11:29:03,,,41343,11:29:03,0,00:00:00,door not opened
07/14/2025,12,4250,Monday,Weekday,West,15650642,40800,11:20:00,41052,11:24:12,4,2665,State/Downtown Station - State St & Lodge St (02665),1,0,5,41040.0,11:24:00,41224,11:27:04,41040.0,11:24:00,41273,11:27:53,49,00:00:49,doors opened
07/14/2025,12,4250,Monday,Weekday,West,15650642,40800,11:20:00,41052,11:24:12,3,3221,State Station - N. Pearl St & Ten Eyck Plaza (03221),0,1,4,,,41188,11:26:28,,,41200,11:26:40,12,00:00:12,doors opened
07/14/2025,12,4250,Monday,Weekday,West,15650642,40800,11:20:00,41052,11:24:12,2,3233,N. Pearl St & Sheridan Ave (03233),0,0,5,,,41122,11:25:22,,,41122,11:25:22,0,00:00:00,door not opened
07/14/2025,12,4250,Monday,Weekday,West,15650642,40800,11:20:00,41052,11:24:12,1,2168,Clinton Square Station - N. Pearl St & Clinton Ave (02168),3,0,5,,,41081,11:24:41,,,41108,11:25:08,27,00:00:27,doors opened
07/14/2025,12,4250,Monday,Weekday,West,15650642,40800,11:20:00,41052,11:24:12,0,9018,Broadway & Orange St (09018),1,0,2,40800.0,11:20:00,41052,11:24:12,40800.0,11:20:00,41052,11:24:12,0,00:00:00,doors opened
07/14/2025,12,4250,Monday,Weekday,West,15650646,46800,13:00:00,47043,13:04:03,27,7175,Crossgates Mall Station (07175),0,8,0,49200.0,13:40:00,49444,13:44:04,49200.0,13:40:00,49444,13:44:04,0,00:00:00,doors opened
07/14/2025,12,4250,Monday,Weekday,West,15650646,46800,13:00:00,47043,13:04:03,26,12828,Crossgates Commons Station (12828),2,18,8,48780.0,13:33:00,49185,13:39:45,48780.0,13:33:00,49225,13:40:25,40,00:00:40,doors opened
07/14/2025,12,4250,Monday,Weekday,West,15650646,46800,13:00:00,47043,13:04:03,25,12891,1475 Washington Ave (12891),1,0,24,,,48985,13:36:25,,,49011,13:36:51,26,00:00:26,doors opened
07/14/2025,12,4250,Monday,Weekday,West,15650646,46800,13:00:00,47043,13:04:03,24,7216,SUNY Collins Circle (07216),0,3,23,48420.0,13:27:00,48868,13:34:28,48420.0,13:27:00,48886,13:34:46,18,00:00:18,doors opened
07/14/2025,12,4250,Monday,Weekday,West,15650646,46800,13:00:00,47043,13:04:03,23,3262,1383 Washington Ave (Fairfield Inn) (03262),1,4,26,,,48720,13:32:00,,,48745,13:32:25,25,00:00:25,doors opened
07/14/2025,12,4250,Monday,Weekday,West,15650646,46800,13:00:00,47043,13:04:03,22,976,Washington Ave & Brevator St (00976),1,0,29,,,48536,13:28:56,,,48579,13:29:39,43,00:00:43,doors opened
07/14/2025,12,4250,Monday,Weekday,West,15650646,46800,13:00:00,47043,13:04:03,21,1959,Washington Ave & Colvin Ave (01959),0,0,28,,,48479,13:27:59,,,48514,13:28:34,35,00:00:35,door not opened
07/14/2025,12,4250,Monday,Weekday,West,15650646,46800,13:00:00,47043,13:04:03,20,3399,Washington Ave & Danker Ave (03399),0,1,28,,,48433,13:27:13,,,48451,13:27:31,18,00:00:18,doors opened
07/14/2025,12,4250,Monday,Weekday,West,15650646,46800,13:00:00,47043,13:04:03,19,1849,Washington Ave & Homestead Ave (01849),3,0,29,,,48382,13:26:22,,,48409,13:26:49,27,00:00:27,doors opened
07/14/2025,12,4250,Monday,Weekday,West,15650646,46800,13:00:00,47043,13:04:03,18,1846,Washington Ave & Manning Blvd (01846),0,0,26,,,48324,13:25:24,,,48360,13:26:00,36,00:00:36,door not opened
07/14/2025,12,4250,Monday,Weekday,West,15650646,46800,13:00:00,47043,13:04:03,17,3287,Washington Ave & N. Allen St (03287),2,1,26,48000.0,13:20:00,48270,13:24:30,48000.0,13:20:00,48292,13:24:52,22,00:00:22,doors opened
07/14/2025,12,4250,Monday,Weekday,West,15650646,46800,13:00:00,47043,13:04:03,16,3264,Washington Ave & N. Main Ave (03264),1,0,25,,,48221,13:23:41,,,48239,13:23:59,18,00:00:18,doors opened
07/14/2025,12,4250,Monday,Weekday,West,15650646,46800,13:00:00,47043,13:04:03,15,1839,Washington Ave & Partridge St (01839),1,2,24,,,48102,13:21:42,,,48125,13:22:05,23,00:00:23,doors opened
07/14/2025,12,4250,Monday,Weekday,West,15650646,46800,13:00:00,47043,13:04:03,14,1841,Washington Ave & Ontario St (01841),4,0,25,47760.0,13:16:00,48051,13:20:51,47760.0,13:16:00,48081,13:21:21,30,00:00:30,doors opened
07/14/2025,12,4250,Monday,Weekday,West,15650646,46800,13:00:00,47043,13:04:03,13,1842,Washington Ave & Quail St (01842),3,0,21,,,47983,13:19:43,,,48028,13:20:28,45,00:00:45,doors opened
07/14/2025,12,4250,Monday,Weekday,West,15650646,46800,13:00:00,47043,13:04:03,12,1837,Washington Ave & N. Lake Ave (01837),0,0,18,,,47924,13:18:44,,,47959,13:19:19,35,00:00:35,door not opened
07/14/2025,12,4250,Monday,Weekday,West,15650646,46800,13:00:00,47043,13:04:03,11,1843,Washington Ave & Robin St (01843),4,4,18,,,47867,13:17:47,,,47899,13:18:19,32,00:00:32,doors opened
07/14/2025,12,4250,Monday,Weekday,West,15650646,46800,13:00:00,47043,13:04:03,10,12943,Washington Ave & Lexington Ave (12943),1,1,18,,,47821,13:17:01,,,47842,13:17:22,21,00:00:21,doors opened
07/14/2025,12,4250,Monday,Weekday,West,15650646,46800,13:00:00,47043,13:04:03,9,12942,Washington Ave & Henry Johnson Blvd (12942),1,2,18,,,47704,13:15:04,,,47793,13:16:33,89,00:01:29,doors opened
07/14/2025,12,4250,Monday,Weekday,West,15650646,46800,13:00:00,47043,13:04:03,8,3239,Lark/Library Station - Washington Ave & Lark St (03239),4,1,19,47340.0,13:09:00,47583,13:13:03,47340.0,13:09:00,47623,13:13:43,40,00:00:40,doors opened
07/14/2025,12,4250,Monday,Weekday,West,15650646,46800,13:00:00,47043,13:04:03,7,3301,Washington Ave & S. Swan St (03301),5,0,16,,,47452,13:10:52,,,47533,13:12:13,81,00:01:21,doors opened
07/14/2025,12,4250,Monday,Weekday,West,15650646,46800,13:00:00,47043,13:04:03,6,3250,Hawk/Capitol Station - Washington Ave & Hawk St (03250),0,0,11,,,47360,13:09:20,,,47360,13:09:20,0,00:00:00,door not opened
07/14/2025,12,4250,Monday,Weekday,West,15650646,46800,13:00:00,47043,13:04:03,5,10087,State St & Eagle St (10087),0,0,11,,,47329,13:08:49,,,47329,13:08:49,0,00:00:00,door not opened
07/14/2025,12,4250,Monday,Weekday,West,15650646,46800,13:00:00,47043,13:04:03,4,2665,State/Downtown Station - State St & Lodge St (02665),4,0,11,47040.0,13:04:00,47215,13:06:55,47040.0,13:04:00,47248,13:07:28,33,00:00:33,doors opened
07/14/2025,12,4250,Monday,Weekday,West,15650646,46800,13:00:00,47043,13:04:03,3,3221,State Station - N. Pearl St & Ten Eyck Plaza (03221),6,0,7,,,47150,13:05:50,,,47191,13:06:31,41,00:00:41,doors opened
07/14/2025,12,4250,Monday,Weekday,West,15650646,46800,13:00:00,47043,13:04:03,2,3233,N. Pearl St & Sheridan Ave (03233),0,0,1,,,47114,13:05:14,,,47114,13:05:14,0,00:00:00,door not opened
07/14/2025,12,4250,Monday,Weekday,West,15650646,46800,13:00:00,47043,13:04:03,1,2168,Clinton Square Station - N. Pearl St & Clinton Ave (02168),0,0,1,,,47069,13:04:29,,,47096,13:04:56,27,00:00:27,door not opened
07/14/2025,12,4250,Monday,Weekday,West,15650646,46800,13:00:00,47043,13:04:03,0,9018,Broadway & Orange St (09018),1,0,1,46800.0,13:00:00,47043,13:04:03,46800.0,13:00:00,47043,13:04:03,0,00:00:00,doors opened
07/14/2025,12,6009,Monday,Weekday,West,15649672,19800,05:30:00,20080,05:34:40,27,7175,Crossgates Mall Station (07175),0,3,0,21840.0,06:04:00,21961,06:06:01,21840.0,06:04:00,21961,06:06:01,0,00:00:00,doors opened
07/14/2025,12,6009,Monday,Weekday,West,15649672,19800,05:30:00,20080,05:34:40,26,12828,Crossgates Commons Station (12828),0,9,3,21480.0,05:58:00,21693,06:01:33,21480.0,05:58:00,21719,06:01:59,26,00:00:26,doors opened
07/14/2025,12,6009,Monday,Weekday,West,15649672,19800,05:30:00,20080,05:34:40,25,12891,1475 Washington Ave (12891),2,0,12,,,21493,05:58:13,,,21526,05:58:46,33,00:00:33,doors opened
07/14/2025,12,6009,Monday,Weekday,West,15649672,19800,05:30:00,20080,05:34:40,24,7216,SUNY Collins Circle (07216),0,2,10,21120.0,05:52:00,21359,05:55:59,21120.0,05:52:00,21378,05:56:18,19,00:00:19,doors opened
07/14/2025,12,6009,Monday,Weekday,West,15649672,19800,05:30:00,20080,05:34:40,23,3262,1383 Washington Ave (Fairfield Inn) (03262),0,0,12,,,21285,05:54:45,,,21285,05:54:45,0,00:00:00,door not opened
07/14/2025,12,6009,Monday,Weekday,West,15649672,19800,05:30:00,20080,05:34:40,22,976,Washington Ave & Brevator St (00976),1,0,12,,,21168,05:52:48,,,21188,05:53:08,20,00:00:20,doors opened
07/14/2025,12,6009,Monday,Weekday,West,15649672,19800,05:30:00,20080,05:34:40,21,1959,Washington Ave & Colvin Ave (01959),1,0,11,,,21082,05:51:22,,,21142,05:52:22,60,00:01:00,doors opened
07/14/2025,12,6009,Monday,Weekday,West,15649672,19800,05:30:00,20080,05:34:40,20,3399,Washington Ave & Danker Ave (03399),0,0,10,,,21058,05:50:58,,,21058,05:50:58,0,00:00:00,door not opened
07/14/2025,12,6009,Monday,Weekday,West,15649672,19800,05:30:00,20080,05:34:40,19,1849,Washington Ave & Homestead Ave (01849),0,0,10,,,21034,05:50:34,,,21034,05:50:34,0,00:00:00,door not opened
07/14/2025,12,6009,Monday,Weekday,West,15649672,19800,05:30:00,20080,05:34:40,18,1846,Washington Ave & Manning Blvd (01846),0,0,10,,,21011,05:50:11,,,21011,05:50:11,0,00:00:00,door not opened
07/14/2025,12,6009,Monday,Weekday,West,15649672,19800,05:30:00,20080,05:34:40,17,3287,Washington Ave & N. Allen St (03287),4,0,10,20760.0,05:46:00,20922,05:48:42,20760.0,05:46:00,20974,05:49:34,52,00:00:52,doors opened
07/14/2025,12,6009,Monday,Weekday,West,15649672,19800,05:30:00,20080,05:34:40,16,3264,Washington Ave & N. Main Ave (03264),0,0,6,,,20889,05:48:09,,,20889,05:48:09,0,00:00:00,door not opened
07/14/2025,12,6009,Monday,Weekday,West,15649672,19800,05:30:00,20080,05:34:40,15,1839,Washington Ave & Partridge St (01839),0,0,6,,,20771,05:46:11,,,20771,05:46:11,0,00:00:00,door not opened
07/14/2025,12,6009,Monday,Weekday,West,15649672,19800,05:30:00,20080,05:34:40,14,1841,Washington Ave & Ontario St (01841),0,0,6,20520.0,05:42:00,20750,05:45:50,20520.0,05:42:00,20750,05:45:50,0,00:00:00,door not opened
07/14/2025,12,6009,Monday,Weekday,West,15649672,19800,05:30:00,20080,05:34:40,13,1842,Washington Ave & Quail St (01842),0,0,6,,,20735,05:45:35,,,20735,05:45:35,0,00:00:00,door not opened
07/14/2025,12,6009,Monday,Weekday,West,15649672,19800,05:30:00,20080,05:34:40,12,1837,Washington Ave & N. Lake Ave (01837),0,0,6,,,20667,05:44:27,,,20667,05:44:27,0,00:00:00,door not opened
07/14/2025,12,6009,Monday,Weekday,West,15649672,19800,05:30:00,20080,05:34:40,11,1843,Washington Ave & Robin St (01843),3,0,6,,,20568,05:42:48,,,20607,05:43:27,39,00:00:39,doors opened
07/14/2025,12,6009,Monday,Weekday,West,15649672,19800,05:30:00,20080,05:34:40,10,12943,Washington Ave & Lexington Ave (12943),0,0,3,,,20543,05:42:23,,,20543,05:42:23,0,00:00:00,door not opened
07/14/2025,12,6009,Monday,Weekday,West,15649672,19800,05:30:00,20080,05:34:40,9,12942,Washington Ave & Henry Johnson Blvd (12942),1,0,3,,,20459,05:40:59,,,20478,05:41:18,19,00:00:19,doors opened
07/14/2025,12,6009,Monday,Weekday,West,15649672,19800,05:30:00,20080,05:34:40,8,3239,Lark/Library Station - Washington Ave & Lark St (03239),0,0,2,20220.0,05:37:00,20357,05:39:17,20220.0,05:37:00,20418,05:40:18,61,00:01:01,doors opened
07/14/2025,12,6009,Monday,Weekday,West,15649672,19800,05:30:00,20080,05:34:40,7,3301,Washington Ave & S. Swan St (03301),0,0,2,,,20305,05:38:25,,,20305,05:38:25,0,00:00:00,door not opened
07/14/2025,12,6009,Monday,Weekday,West,15649672,19800,05:30:00,20080,05:34:40,6,3250,Hawk/Capitol Station - Washington Ave & Hawk St (03250),0,0,2,,,20285,05:38:05,,,20285,05:38:05,0,00:00:00,door not opened
07/14/2025,12,6009,Monday,Weekday,West,15649672,19800,05:30:00,20080,05:34:40,5,10087,State St & Eagle St (10087),0,0,2,,,20261,05:37:41,,,20261,05:37:41,0,00:00:00,door not opened
07/14/2025,12,6009,Monday,Weekday,West,15649672,19800,05:30:00,20080,05:34:40,4,2665,State/Downtown Station - State St & Lodge St (02665),1,0,2,19980.0,05:33:00,20212,05:36:52,19980.0,05:33:00,20229,05:37:09,17,00:00:17,doors opened
07/14/2025,12,6009,Monday,Weekday,West,15649672,19800,05:30:00,20080,05:34:40,3,3221,State Station - N. Pearl St & Ten Eyck Plaza (03221),0,0,1,,,20152,05:35:52,,,20185,05:36:25,33,00:00:33,doors opened
07/14/2025,12,6009,Monday,Weekday,West,15649672,19800,05:30:00,20080,05:34:40,2,3233,N. Pearl St & Sheridan Ave (03233),0,0,1,,,20122,05:35:22,,,20122,05:35:22,0,00:00:00,door not opened
07/14/2025,12,6009,Monday,Weekday,West,15649672,19800,05:30:00,20080,05:34:40,1,2168,Clinton Square Station - N. Pearl St & Clinton Ave (02168),0,0,1,,,20110,05:35:10,,,20110,05:35:10,0,00:00:00,door not opened
07/14/2025,12,6009,Monday,Weekday,West,15649672,19800,05:30:00,20080,05:34:40,0,9018,Broadway & Orange St (09018),1,0,1,19800.0,05:30:00,20080,05:34:40,19800.0,05:30:00,20080,05:34:40,0,00:00:00,doors opened
07/14/2025,12,6010,Monday,Weekday,East,15651765,57300,15:55:00,57389,15:56:29,22,3940,Broadway & Steuben St (03940),0,0,0,59640.0,16:34:00,59755,16:35:55,59640.0,16:34:00,59755,16:35:55,0,00:00:00,door not opened
07/14/2025,12,6010,Monday,Weekday,East,15651765,57300,15:55:00,57389,15:56:29,21,2509,State/Downtown Station - State St & S. Pearl St (02509),0,3,0,59460.0,16:31:00,59606,16:33:26,59460.0,16:31:00,59627,16:33:47,21,00:00:21,doors opened
07/14/2025,12,6010,Monday,Weekday,East,15651765,57300,15:55:00,57389,15:56:29,20,1787,State St & Eagle St (01787),0,0,3,,,59590,16:33:10,,,59590,16:33:10,0,00:00:00,door not opened
07/14/2025,12,6010,Monday,Weekday,East,15651765,57300,15:55:00,57389,15:56:29,19,2706,Hawk/Capitol Station - Washington Ave & Hawk St (02706),0,0,3,,,59472,16:31:12,,,59472,16:31:12,0,00:00:00,door not opened
07/14/2025,12,6010,Monday,Weekday,East,15651765,57300,15:55:00,57389,15:56:29,18,1789,Washington Ave & S. Swan St (01789),0,0,3,,,59420,16:30:20,,,59420,16:30:20,0,00:00:00,door not opened
07/14/2025,12,6010,Monday,Weekday,East,15651765,57300,15:55:00,57389,15:56:29,17,1788,Washington Ave & Dove St (01788),0,0,3,,,59341,16:29:01,,,59341,16:29:01,0,00:00:00,door not opened
07/14/2025,12,6010,Monday,Weekday,East,15651765,57300,15:55:00,57389,15:56:29,16,2663,Lark/Library Station - Washington Ave & Lark St (02663),0,8,3,59160.0,16:26:00,59227,16:27:07,59160.0,16:26:00,59292,16:28:12,65,00:01:05,doors opened
07/14/2025,12,6010,Monday,Weekday,East,15651765,57300,15:55:00,57389,15:56:29,15,263,Washington Ave & Henry Johnson Blvd (00263),0,7,11,,,59187,16:26:27,,,59201,16:26:41,14,00:00:14,doors opened
07/14/2025,12,6010,Monday,Weekday,East,15651765,57300,15:55:00,57389,15:56:29,14,2096,Washington Ave & Lexington Ave (02096),2,1,18,,,59077,16:24:37,,,59154,16:25:54,77,00:01:17,doors opened
07/14/2025,12,6010,Monday,Weekday,East,15651765,57300,15:55:00,57389,15:56:29,13,3253,Washington Ave & Robin St (Draper Hall) (03253),0,0,17,,,59059,16:24:19,,,59059,16:24:19,0,00:00:00,door not opened
07/14/2025,12,6010,Monday,Weekday,East,15651765,57300,15:55:00,57389,15:56:29,12,2109,Washington Ave & N. Lake Ave (02109),2,1,17,,,58955,16:22:35,,,59013,16:23:33,58,00:00:58,doors opened
07/14/2025,12,6010,Monday,Weekday,East,15651765,57300,15:55:00,57389,15:56:29,11,3256,Washington Ave & Ontario St (03256),0,5,16,58740.0,16:19:00,58849,16:20:49,58740.0,16:19:00,58849,16:20:49,0,00:00:00,door not opened
07/14/2025,12,6010,Monday,Weekday,East,15651765,57300,15:55:00,57389,15:56:29,10,3257,Washington Ave & N. Main Ave (03257),0,1,21,,,58720,16:18:40,,,58735,16:18:55,15,00:00:15,doors opened
07/14/2025,12,6010,Monday,Weekday,East,15651765,57300,15:55:00,57389,15:56:29,9,1796,Washington Ave & N. Allen St (01796),0,6,22,58500.0,16:15:00,58669,16:17:49,58500.0,16:15:00,58687,16:18:07,18,00:00:18,doors opened
07/14/2025,12,6010,Monday,Weekday,East,15651765,57300,15:55:00,57389,15:56:29,8,11581,Washington Ave & Manning Blvd (11581),0,1,28,,,58623,16:17:03,,,58637,16:17:17,14,00:00:14,doors opened
07/14/2025,12,6010,Monday,Weekday,East,15651765,57300,15:55:00,57389,15:56:29,7,2180,Washington Ave & Homestead Ave (02180),0,1,29,,,58574,16:16:14,,,58590,16:16:30,16,00:00:16,doors opened
07/14/2025,12,6010,Monday,Weekday,East,15651765,57300,15:55:00,57389,15:56:29,6,2182,Washington Ave & Hawthorne St (02182),2,0,30,,,58528,16:15:28,,,58545,16:15:45,17,00:00:17,doors opened
07/14/2025,12,6010,Monday,Weekday,East,15651765,57300,15:55:00,57389,15:56:29,5,3304,Washington Ave & Clermont St (03304),1,0,28,,,58491,16:14:51,,,58502,16:15:02,11,00:00:11,doors opened
07/14/2025,12,6010,Monday,Weekday,East,15651765,57300,15:55:00,57389,15:56:29,4,3348,Washington Ave & Brevator St (03348),0,0,27,,,58479,16:14:39,,,58479,16:14:39,0,00:00:00,door not opened
07/14/2025,12,6010,Monday,Weekday,East,15651765,57300,15:55:00,57389,15:56:29,3,10134,Washington Ave & SUNY Exit Rd (10134),11,2,27,,,58275,16:11:15,,,58339,16:12:19,64,00:01:04,doors opened
07/14/2025,12,6010,Monday,Weekday,East,15651765,57300,15:55:00,57389,15:56:29,2,7216,SUNY Collins Circle (07216),2,2,18,57960.0,16:06:00,58091,16:08:11,57960.0,16:06:00,58112,16:08:32,21,00:00:21,doors opened
07/14/2025,12,6010,Monday,Weekday,East,15651765,57300,15:55:00,57389,15:56:29,1,12827,Crossgates Commons Station (12827),12,1,18,57660.0,16:01:00,57726,16:02:06,57660.0,16:01:00,57856,16:04:16,130,00:02:10,doors opened
07/14/2025,12,6010,Monday,Weekday,East,15651765,57300,15:55:00,57389,15:56:29,0,7175,Crossgates Mall Station (07175),7,0,7,57300.0,15:55:00,57389,15:56:29,57300.0,15:55:00,57389,15:56:29,0,00:00:00,doors opened
07/14/2025,12,6015,Monday,Weekday,East,15650979,56100,15:35:00,56128,15:35:28,22,3940,Broadway & Steuben St (03940),0,0,0,58440.0,16:14:00,58113,16:08:33,58440.0,16:14:00,58113,16:08:33,0,00:00:00,door not opened
07/14/2025,12,6015,Monday,Weekday,East,15650979,56100,15:35:00,56128,15:35:28,21,2509,State/Downtown Station - State St & S. Pearl St (02509),0,6,0,58260.0,16:11:00,57954,16:05:54,58260.0,16:11:00,58001,16:06:41,47,00:00:47,doors opened
07/14/2025,12,6015,Monday,Weekday,East,15650979,56100,15:35:00,56128,15:35:28,20,1787,State St & Eagle St (01787),0,0,6,,,57921,16:05:21,,,57921,16:05:21,0,00:00:00,door not opened
07/14/2025,12,6015,Monday,Weekday,East,15650979,56100,15:35:00,56128,15:35:28,19,2706,Hawk/Capitol Station - Washington Ave & Hawk St (02706),0,0,6,,,57878,16:04:38,,,57878,16:04:38,0,00:00:00,door not opened
07/14/2025,12,6015,Monday,Weekday,East,15650979,56100,15:35:00,56128,15:35:28,18,1789,Washington Ave & S. Swan St (01789),0,0,6,,,57844,16:04:04,,,57844,16:04:04,0,00:00:00,door not opened
07/14/2025,12,6015,Monday,Weekday,East,15650979,56100,15:35:00,56128,15:35:28,17,1788,Washington Ave & Dove St (01788),0,0,6,,,57816,16:03:36,,,57816,16:03:36,0,00:00:00,door not opened
07/14/2025,12,6015,Monday,Weekday,East,15650979,56100,15:35:00,56128,15:35:28,16,2663,Lark/Library Station - Washington Ave & Lark St (02663),0,0,6,57960.0,16:06:00,57792,16:03:12,57960.0,16:06:00,57792,16:03:12,0,00:00:00,door not opened
07/14/2025,12,6015,Monday,Weekday,East,15650979,56100,15:35:00,56128,15:35:28,15,263,Washington Ave & Henry Johnson Blvd (00263),0,0,6,,,57752,16:02:32,,,57752,16:02:32,0,00:00:00,door not opened
07/14/2025,12,6015,Monday,Weekday,East,15650979,56100,15:35:00,56128,15:35:28,14,2096,Washington Ave & Lexington Ave (02096),0,0,6,,,57656,16:00:56,,,57656,16:00:56,0,00:00:00,door not opened
07/14/2025,12,6015,Monday,Weekday,East,15650979,56100,15:35:00,56128,15:35:28,13,3253,Washington Ave & Robin St (Draper Hall) (03253),0,1,6,,,57605,16:00:05,,,57636,16:00:36,31,00:00:31,doors opened
07/14/2025,12,6015,Monday,Weekday,East,15650979,56100,15:35:00,56128,15:35:28,12,2109,Washington Ave & N. Lake Ave (02109),0,0,7,,,57587,15:59:47,,,57587,15:59:47,0,00:00:00,door not opened
07/14/2025,12,6015,Monday,Weekday,East,15650979,56100,15:35:00,56128,15:35:28,11,3256,Washington Ave & Ontario St (03256),3,3,7,57540.0,15:59:00,57437,15:57:17,57540.0,15:59:00,57472,15:57:52,35,00:00:35,doors opened
07/14/2025,12,6015,Monday,Weekday,East,15650979,56100,15:35:00,56128,15:35:28,10,3257,Washington Ave & N. Main Ave (03257),0,2,7,,,57251,15:54:11,,,57296,15:54:56,45,00:00:45,doors opened
07/14/2025,12,6015,Monday,Weekday,East,15650979,56100,15:35:00,56128,15:35:28,9,1796,Washington Ave & N. Allen St (01796),0,5,9,57300.0,15:55:00,57174,15:52:54,57300.0,15:55:00,57222,15:53:42,48,00:00:48,doors opened
07/14/2025,12,6015,Monday,Weekday,East,15650979,56100,15:35:00,56128,15:35:28,8,11581,Washington Ave & Manning Blvd (11581),0,2,14,,,57119,15:51:59,,,57135,15:52:15,16,00:00:16,doors opened
07/14/2025,12,6015,Monday,Weekday,East,15650979,56100,15:35:00,56128,15:35:28,7,2180,Washington Ave & Homestead Ave (02180),0,1,16,,,57072,15:51:12,,,57090,15:51:30,18,00:00:18,doors opened
07/14/2025,12,6015,Monday,Weekday,East,15650979,56100,15:35:00,56128,15:35:28,6,2182,Washington Ave & Hawthorne St (02182),0,1,17,,,57022,15:50:22,,,57044,15:50:44,22,00:00:22,doors opened
07/14/2025,12,6015,Monday,Weekday,East,15650979,56100,15:35:00,56128,15:35:28,5,3304,Washington Ave & Clermont St (03304),0,0,18,,,57002,15:50:02,,,57002,15:50:02,0,00:00:00,door not opened
07/14/2025,12,6015,Monday,Weekday,East,15650979,56100,15:35:00,56128,15:35:28,4,3348,Washington Ave & Brevator St (03348),0,0,18,,,56949,15:49:09,,,56949,15:49:09,0,00:00:00,door not opened
07/14/2025,12,6015,Monday,Weekday,East,15650979,56100,15:35:00,56128,15:35:28,3,10134,Washington Ave & SUNY Exit Rd (10134),2,0,18,,,56789,15:46:29,,,56809,15:46:49,20,00:00:20,doors opened
07/14/2025,12,6015,Monday,Weekday,East,15650979,56100,15:35:00,56128,15:35:28,2,7216,SUNY Collins Circle (07216),4,0,16,56760.0,15:46:00,56673,15:44:33,56760.0,15:46:00,56696,15:44:56,23,00:00:23,doors opened
07/14/2025,12,6015,Monday,Weekday,East,15650979,56100,15:35:00,56128,15:35:28,1,12827,Crossgates Commons Station (12827),7,1,12,56460.0,15:41:00,56379,15:39:39,56460.0,15:41:00,56419,15:40:19,40,00:00:40,doors opened
07/14/2025,12,6015,Monday,Weekday,East,15650979,56100,15:35:00,56128,15:35:28,0,7175,Crossgates Mall Station (07175),6,0,6,56100.0,15:35:00,56128,15:35:28,56100.0,15:35:00,56128,15:35:28,0,00:00:00,doors opened
07/14/2025,12,6015,Monday,Weekday,West,15650981,58800,16:20:00,58896,16:21:36,27,7175,Crossgates Mall Station (07175),0,5,0,61500.0,17:05:00,61186,16:59:46,61500.0,17:05:00,61186,16:59:46,0,00:00:00,doors opened
07/14/2025,12,6015,Monday,Weekday,West,15650981,58800,16:20:00,58896,16:21:36,26,12828,Crossgates Commons Station (12828),0,6,5,61080.0,16:58:00,60918,16:55:18,61080.0,16:58:00,60935,16:55:35,17,00:00:17,doors opened
07/14/2025,12,6015,Monday,Weekday,West,15650981,58800,16:20:00,58896,16:21:36,25,12891,1475 Washington Ave (12891),0,0,11,,,60711,16:51:51,,,60711,16:51:51,0,00:00:00,door not opened
07/14/2025,12,6015,Monday,Weekday,West,15650981,58800,16:20:00,58896,16:21:36,24,7216,SUNY Collins Circle (07216),1,3,11,60660.0,16:51:00,60579,16:49:39,60660.0,16:51:00,60596,16:49:56,17,00:00:17,doors opened
07/14/2025,12,6015,Monday,Weekday,West,15650981,58800,16:20:00,58896,16:21:36,23,3262,1383 Washington Ave (Fairfield Inn) (03262),0,4,13,,,60477,16:47:57,,,60493,16:48:13,16,00:00:16,doors opened
07/14/2025,12,6015,Monday,Weekday,West,15650981,58800,16:20:00,58896,16:21:36,22,976,Washington Ave & Brevator St (00976),2,1,17,,,60323,16:45:23,,,60340,16:45:40,17,00:00:17,doors opened
07/14/2025,12,6015,Monday,Weekday,West,15650981,58800,16:20:00,58896,16:21:36,21,1959,Washington Ave & Colvin Ave (01959),0,1,16,,,60241,16:44:01,,,60300,16:45:00,59,00:00:59,doors opened
07/14/2025,12,6015,Monday,Weekday,West,15650981,58800,16:20:00,58896,16:21:36,20,3399,Washington Ave & Danker Ave (03399),0,1,17,,,60194,16:43:14,,,60207,16:43:27,13,00:00:13,doors opened
07/14/2025,12,6015,Monday,Weekday,West,15650981,58800,16:20:00,58896,16:21:36,19,1849,Washington Ave & Homestead Ave (01849),0,3,18,,,60154,16:42:34,,,60168,16:42:48,14,00:00:14,doors opened
07/14/2025,12,6015,Monday,Weekday,West,15650981,58800,16:20:00,58896,16:21:36,18,1846,Washington Ave & Manning Blvd (01846),0,0,21,,,60129,16:42:09,,,60129,16:42:09,0,00:00:00,door not opened
07/14/2025,12,6015,Monday,Weekday,West,15650981,58800,16:20:00,58896,16:21:36,17,3287,Washington Ave & N. Allen St (03287),0,0,21,60180.0,16:43:00,59938,16:38:58,60180.0,16:43:00,60038,16:40:38,100,00:01:40,doors opened
07/14/2025,12,6015,Monday,Weekday,West,15650981,58800,16:20:00,58896,16:21:36,16,3264,Washington Ave & N. Main Ave (03264),0,3,21,,,59860,16:37:40,,,59885,16:38:05,25,00:00:25,doors opened
07/14/2025,12,6015,Monday,Weekday,West,15650981,58800,16:20:00,58896,16:21:36,15,1839,Washington Ave & Partridge St (01839),0,0,24,,,59802,16:36:42,,,59802,16:36:42,0,00:00:00,door not opened
07/14/2025,12,6015,Monday,Weekday,West,15650981,58800,16:20:00,58896,16:21:36,14,1841,Washington Ave & Ontario St (01841),3,1,24,59880.0,16:38:00,59733,16:35:33,59880.0,16:38:00,59757,16:35:57,24,00:00:24,doors opened
07/14/2025,12,6015,Monday,Weekday,West,15650981,58800,16:20:00,58896,16:21:36,13,1842,Washington Ave & Quail St (01842),1,1,22,,,59643,16:34:03,,,59704,16:35:04,61,00:01:01,doors opened
07/14/2025,12,6015,Monday,Weekday,West,15650981,58800,16:20:00,58896,16:21:36,12,1837,Washington Ave & N. Lake Ave (01837),0,0,22,,,59615,16:33:35,,,59615,16:33:35,0,00:00:00,door not opened
07/14/2025,12,6015,Monday,Weekday,West,15650981,58800,16:20:00,58896,16:21:36,11,1843,Washington Ave & Robin St (01843),0,0,22,,,59569,16:32:49,,,59569,16:32:49,0,00:00:00,door not opened
07/14/2025,12,6015,Monday,Weekday,West,15650981,58800,16:20:00,58896,16:21:36,10,12943,Washington Ave & Lexington Ave (12943),0,2,22,,,59515,16:31:55,,,59542,16:32:22,27,00:00:27,doors opened
07/14/2025,12,6015,Monday,Weekday,West,15650981,58800,16:20:00,58896,16:21:36,9,12942,Washington Ave & Henry Johnson Blvd (12942),2,3,24,,,59458,16:30:58,,,59473,16:31:13,15,00:00:15,doors opened
07/14/2025,12,6015,Monday,Weekday,West,15650981,58800,16:20:00,58896,16:21:36,8,3239,Lark/Library Station - Washington Ave & Lark St (03239),0,1,25,59460.0,16:31:00,59360,16:29:20,59460.0,16:31:00,59374,16:29:34,14,00:00:14,doors opened
07/14/2025,12,6015,Monday,Weekday,West,15650981,58800,16:20:00,58896,16:21:36,7,3301,Washington Ave & S. Swan St (03301),2,2,26,,,59254,16:27:34,,,59321,16:28:41,67,00:01:07,doors opened
07/14/2025,12,6015,Monday,Weekday,West,15650981,58800,16:20:00,58896,16:21:36,6,3250,Hawk/Capitol Station - Washington Ave & Hawk St (03250),0,0,26,,,59232,16:27:12,,,59232,16:27:12,0,00:00:00,door not opened
07/14/2025,12,6015,Monday,Weekday,West,15650981,58800,16:20:00,58896,16:21:36,5,10087,State St & Eagle St (10087),0,0,26,,,59209,16:26:49,,,59209,16:26:49,0,00:00:00,door not opened
07/14/2025,12,6015,Monday,Weekday,West,15650981,58800,16:20:00,58896,16:21:36,4,2665,State/Downtown Station - State St & Lodge St (02665),13,0,26,59100.0,16:25:00,59094,16:24:54,59100.0,16:25:00,59182,16:26:22,88,00:01:28,doors opened
07/14/2025,12,6015,Monday,Weekday,West,15650981,58800,16:20:00,58896,16:21:36,3,3221,State Station - N. Pearl St & Ten Eyck Plaza (03221),3,0,13,,,59015,16:23:35,,,59073,16:24:33,58,00:00:58,doors opened
07/14/2025,12,6015,Monday,Weekday,West,15650981,58800,16:20:00,58896,16:21:36,2,3233,N. Pearl St & Sheridan Ave (03233),0,0,10,,,58986,16:23:06,,,58986,16:23:06,0,00:00:00,door not opened
07/14/2025,12,6015,Monday,Weekday,West,15650981,58800,16:20:00,58896,16:21:36,1,2168,Clinton Square Station - N. Pearl St & Clinton Ave (02168),1,0,10,,,58949,16:22:29,,,58971,16:22:51,22,00:00:22,doors opened
07/14/2025,12,6015,Monday,Weekday,West,15650981,58800,16:20:00,58896,16:21:36,0,9018,Broadway & Orange St (09018),9,0,9,58800.0,16:20:00,58896,16:21:36,58800.0,16:20:00,58896,16:21:36,0,00:00:00,doors opened
07/14/2025,12,6015,Monday,Weekday,East,15650982,62100,17:15:00,62107,17:15:07,24,3940,Broadway & Steuben St (03940),0,0,0,64440.0,17:54:00,64121,17:48:41,64440.0,17:54:00,64121,17:48:41,0,00:00:00,door not opened
07/14/2025,12,6015,Monday,Weekday,East,15650982,62100,17:15:00,62107,17:15:07,23,2509,State/Downtown Station - State St & S. Pearl St (02509),0,0,0,64260.0,17:51:00,64063,17:47:43,64260.0,17:51:00,64063,17:47:43,0,00:00:00,door not opened
07/14/2025,12,6015,Monday,Weekday,East,15650982,62100,17:15:00,62107,17:15:07,22,1787,State St & Eagle St (01787),0,1,0,,,64004,17:46:44,,,64016,17:46:56,12,00:00:12,doors opened
07/14/2025,12,6015,Monday,Weekday,East,15650982,62100,17:15:00,62107,17:15:07,21,2706,Hawk/Capitol Station - Washington Ave & Hawk St (02706),0,0,1,,,63916,17:45:16,,,63916,17:45:16,0,00:00:00,door not opened
07/14/2025,12,6015,Monday,Weekday,East,15650982,62100,17:15:00,62107,17:15:07,20,1789,Washington Ave & S. Swan St (01789),0,0,1,,,63865,17:44:25,,,63865,17:44:25,0,00:00:00,door not opened
07/14/2025,12,6015,Monday,Weekday,East,15650982,62100,17:15:00,62107,17:15:07,19,1788,Washington Ave & Dove St (01788),0,0,1,,,63837,17:43:57,,,63837,17:43:57,0,00:00:00,door not opened
07/14/2025,12,6015,Monday,Weekday,East,15650982,62100,17:15:00,62107,17:15:07,18,2663,Lark/Library Station - Washington Ave & Lark St (02663),0,2,1,63960.0,17:46:00,63777,17:42:57,63960.0,17:46:00,63811,17:43:31,34,00:00:34,doors opened
07/14/2025,12,6015,Monday,Weekday,East,15650982,62100,17:15:00,62107,17:15:07,17,263,Washington Ave & Henry Johnson Blvd (00263),0,1,3,,,63738,17:42:18,,,63748,17:42:28,10,00:00:10,doors opened
07/14/2025,12,6015,Monday,Weekday,East,15650982,62100,17:15:00,62107,17:15:07,16,2096,Washington Ave & Lexington Ave (02096),0,1,4,,,63640,17:40:40,,,63706,17:41:46,66,00:01:06,doors opened
07/14/2025,12,6015,Monday,Weekday,East,15650982,62100,17:15:00,62107,17:15:07,15,3253,Washington Ave & Robin St (Draper Hall) (03253),0,1,5,,,63591,17:39:51,,,63615,17:40:15,24,00:00:24,doors opened
07/14/2025,12,6015,Monday,Weekday,East,15650982,62100,17:15:00,62107,17:15:07,14,2109,Washington Ave & N. Lake Ave (02109),0,0,6,,,63574,17:39:34,,,63574,17:39:34,0,00:00:00,door not opened
07/14/2025,12,6015,Monday,Weekday,East,15650982,62100,17:15:00,62107,17:15:07,13,3255,Washington Ave & Quail St (03255),1,4,6,,,63521,17:38:41,,,63544,17:39:04,23,00:00:23,doors opened
07/14/2025,12,6015,Monday,Weekday,East,15650982,62100,17:15:00,62107,17:15:07,12,3256,Washington Ave & Ontario St (03256),0,2,9,63540.0,17:39:00,63484,17:38:04,63540.0,17:39:00,63500,17:38:20,16,00:00:16,doors opened
07/14/2025,12,6015,Monday,Weekday,East,15650982,62100,17:15:00,62107,17:15:07,11,2107,Washington Ave & Partridge St (02107),0,1,11,,,63444,17:37:24,,,63461,17:37:41,17,00:00:17,doors opened
07/14/2025,12,6015,Monday,Weekday,East,15650982,62100,17:15:00,62107,17:15:07,10,3257,Washington Ave & N. Main Ave (03257),0,2,12,,,63310,17:35:10,,,63353,17:35:53,43,00:00:43,doors opened
07/14/2025,12,6015,Monday,Weekday,East,15650982,62100,17:15:00,62107,17:15:07,9,1796,Washington Ave & N. Allen St (01796),1,1,14,63300.0,17:35:00,63259,17:34:19,63300.0,17:35:00,63279,17:34:39,20,00:00:20,doors opened
07/14/2025,12,6015,Monday,Weekday,East,15650982,62100,17:15:00,62107,17:15:07,8,11581,Washington Ave & Manning Blvd (11581),0,0,14,,,63235,17:33:55,,,63235,17:33:55,0,00:00:00,door not opened
07/14/2025,12,6015,Monday,Weekday,East,15650982,62100,17:15:00,62107,17:15:07,7,2180,Washington Ave & Homestead Ave (02180),0,1,14,,,63198,17:33:18,,,63213,17:33:33,15,00:00:15,doors opened
07/14/2025,12,6015,Monday,Weekday,East,15650982,62100,17:15:00,62107,17:15:07,6,2182,Washington Ave & Hawthorne St (02182),0,0,15,,,63178,17:32:58,,,63178,17:32:58,0,00:00:00,door not opened
07/14/2025,12,6015,Monday,Weekday,East,15650982,62100,17:15:00,62107,17:15:07,5,3304,Washington Ave & Clermont St (03304),0,1,15,,,63143,17:32:23,,,63155,17:32:35,12,00:00:12,doors opened
07/14/2025,12,6015,Monday,Weekday,East,15650982,62100,17:15:00,62107,17:15:07,4,3348,Washington Ave & Brevator St (03348),0,0,16,,,63108,17:31:48,,,63120,17:32:00,12,00:00:12,doors opened
07/14/2025,12,6015,Monday,Weekday,East,15650982,62100,17:15:00,62107,17:15:07,3,10134,Washington Ave & SUNY Exit Rd (10134),2,3,16,,,62952,17:29:12,,,62976,17:29:36,24,00:00:24,doors opened
07/14/2025,12,6015,Monday,Weekday,East,15650982,62100,17:15:00,62107,17:15:07,2,7216,SUNY Collins Circle (07216),2,1,17,62760.0,17:26:00,62820,17:27:00,62760.0,17:26:00,62839,17:27:19,19,00:00:19,doors opened
07/14/2025,12,6015,Monday,Weekday,East,15650982,62100,17:15:00,62107,17:15:07,1,12827,Crossgates Commons Station (12827),10,1,16,62460.0,17:21:00,62436,17:20:36,62460.0,17:21:00,62564,17:22:44,128,00:02:08,doors opened
07/14/2025,12,6015,Monday,Weekday,East,15650982,62100,17:15:00,62107,17:15:07,0,7175,Crossgates Mall Station (07175),7,0,7,62100.0,17:15:00,62107,17:15:07,62100.0,17:15:00,62107,17:15:07,0,00:00:00,doors opened
07/14/2025,12,6015,Monday,Weekday,West,15650984,64800,18:00:00,64801,18:00:01,19,1849,Washington Ave & Homestead Ave (01849),0,0,6,,,65982,18:19:42,,,65982,18:19:42,0,00:00:00,door not opened
07/14/2025,12,6015,Monday,Weekday,West,15650984,64800,18:00:00,64801,18:00:01,18,1846,Washington Ave & Manning Blvd (01846),0,0,6,,,65944,18:19:04,,,65958,18:19:18,14,00:00:14,doors opened
07/14/2025,12,6015,Monday,Weekday,West,15650984,64800,18:00:00,64801,18:00:01,17,3287,Washington Ave & N. Allen St (03287),1,7,6,66000.0,18:20:00,65847,18:17:27,66000.0,18:20:00,65910,18:18:30,63,00:01:03,doors opened
07/14/2025,12,6015,Monday,Weekday,West,15650984,64800,18:00:00,64801,18:00:01,16,3264,Washington Ave & N. Main Ave (03264),0,5,12,,,65758,18:15:58,,,65813,18:16:53,55,00:00:55,doors opened
07/14/2025,12,6015,Monday,Weekday,West,15650984,64800,18:00:00,64801,18:00:01,15,1839,Washington Ave & Partridge St (01839),0,0,17,,,65667,18:14:27,,,65667,18:14:27,0,00:00:00,door not opened
07/14/2025,12,6015,Monday,Weekday,West,15650984,64800,18:00:00,64801,18:00:01,14,1841,Washington Ave & Ontario St (01841),0,0,17,65820.0,18:17:00,65629,18:13:49,65820.0,18:17:00,65629,18:13:49,0,00:00:00,door not opened
07/14/2025,12,6015,Monday,Weekday,West,15650984,64800,18:00:00,64801,18:00:01,13,1842,Washington Ave & Quail St (01842),1,1,17,,,65528,18:12:08,,,65590,18:13:10,62,00:01:02,doors opened
07/14/2025,12,6015,Monday,Weekday,West,15650984,64800,18:00:00,64801,18:00:01,12,1837,Washington Ave & N. Lake Ave (01837),0,1,17,,,65476,18:11:16,,,65492,18:11:32,16,00:00:16,doors opened
07/14/2025,12,6015,Monday,Weekday,West,15650984,64800,18:00:00,64801,18:00:01,11,1843,Washington Ave & Robin St (01843),0,0,18,,,65449,18:10:49,,,65449,18:10:49,0,00:00:00,door not opened
07/14/2025,12,6015,Monday,Weekday,West,15650984,64800,18:00:00,64801,18:00:01,10,12943,Washington Ave & Lexington Ave (12943),0,1,18,,,65381,18:09:41,,,65418,18:10:18,37,00:00:37,doors opened
07/14/2025,12,6015,Monday,Weekday,West,15650984,64800,18:00:00,64801,18:00:01,9,12942,Washington Ave & Henry Johnson Blvd (12942),2,0,19,,,65303,18:08:23,,,65321,18:08:41,18,00:00:18,doors opened
07/14/2025,12,6015,Monday,Weekday,West,15650984,64800,18:00:00,64801,18:00:01,8,3239,Lark/Library Station - Washington Ave & Lark St (03239),6,1,17,65400.0,18:10:00,65193,18:06:33,65400.0,18:10:00,65242,18:07:22,49,00:00:49,doors opened
07/14/2025,12,6015,Monday,Weekday,West,15650984,64800,18:00:00,64801,18:00:01,7,3301,Washington Ave & S. Swan St (03301),0,0,12,,,65141,18:05:41,,,65141,18:05:41,0,00:00:00,door not opened
07/14/2025,12,6015,Monday,Weekday,West,15650984,64800,18:00:00,64801,18:00:01,6,3250,Hawk/Capitol Station - Washington Ave & Hawk St (03250),1,0,12,,,65098,18:04:58,,,65117,18:05:17,19,00:00:19,doors opened
07/14/2025,12,6015,Monday,Weekday,West,15650984,64800,18:00:00,64801,18:00:01,5,10087,State St & Eagle St (10087),1,0,11,,,65050,18:04:10,,,65062,18:04:22,12,00:00:12,doors opened
07/14/2025,12,6015,Monday,Weekday,West,15650984,64800,18:00:00,64801,18:00:01,4,2665,State/Downtown Station - State St & Lodge St (02665),1,0,10,65100.0,18:05:00,64979,18:02:59,65100.0,18:05:00,64990,18:03:10,11,00:00:11,doors opened
07/14/2025,12,6015,Monday,Weekday,West,15650984,64800,18:00:00,64801,18:00:01,3,3221,State Station - N. Pearl St & Ten Eyck Plaza (03221),2,0,9,,,64907,18:01:47,,,64954,18:02:34,47,00:00:47,doors opened
07/14/2025,12,6015,Monday,Weekday,West,15650984,64800,18:00:00,64801,18:00:01,2,3233,N. Pearl St & Sheridan Ave (03233),0,0,7,,,64860,18:01:00,,,64860,18:01:00,0,00:00:00,door not opened
07/14/2025,12,6015,Monday,Weekday,West,15650984,64800,18:00:00,64801,18:00:01,1,2168,Clinton Square Station - N. Pearl St & Clinton Ave (02168),3,0,7,,,64814,18:00:14,,,64847,18:00:47,33,00:00:33,doors opened
07/14/2025,12,6015,Monday,Weekday,West,15650984,64800,18:00:00,64801,18:00:01,0,9018,Broadway & Orange St (09018),4,0,4,64800.0,18:00:00,64801,18:00:01,64800.0,18:00:00,64801,18:00:01,0,00:00:00,doors opened
07/14/2025,12,6015,Monday,Weekday,West,15650984,64800,18:00:00,64801,18:00:01,27,7175,Crossgates Mall Station (07175),0,1,0,67200.0,18:40:00,66892,18:34:52,67200.0,18:40:00,66892,18:34:52,0,00:00:00,doors opened
07/14/2025,12,6015,Monday,Weekday,West,15650984,64800,18:00:00,64801,18:00:01,26,12828,Crossgates Commons Station (12828),0,3,1,66780.0,18:33:00,66580,18:29:40,66780.0,18:33:00,66622,18:30:22,42,00:00:42,doors opened
07/14/2025,12,6015,Monday,Weekday,West,15650984,64800,18:00:00,64801,18:00:01,25,12891,1475 Washington Ave (12891),0,0,4,,,66397,18:26:37,,,66397,18:26:37,0,00:00:00,door not opened
07/14/2025,12,6015,Monday,Weekday,West,15650984,64800,18:00:00,64801,18:00:01,24,7216,SUNY Collins Circle (07216),0,1,4,66420.0,18:27:00,66269,18:24:29,66420.0,18:27:00,66302,18:25:02,33,00:00:33,doors opened
07/14/2025,12,6015,Monday,Weekday,West,15650984,64800,18:00:00,64801,18:00:01,23,3262,1383 Washington Ave (Fairfield Inn) (03262),0,0,5,,,66187,18:23:07,,,66187,18:23:07,0,00:00:00,door not opened
07/14/2025,12,6015,Monday,Weekday,West,15650984,64800,18:00:00,64801,18:00:01,22,976,Washington Ave & Brevator St (00976),0,1,5,,,66041,18:20:41,,,66058,18:20:58,17,00:00:17,doors opened
07/14/2025,12,6015,Monday,Weekday,West,15650984,64800,18:00:00,64801,18:00:01,21,1959,Washington Ave & Colvin Ave (01959),0,0,6,,,66020,18:20:20,,,66020,18:20:20,0,00:00:00,door not opened
07/14/2025,12,6015,Monday,Weekday,West,15650984,64800,18:00:00,64801,18:00:01,20,3399,Washington Ave & Danker Ave (03399),0,0,6,,,66002,18:20:02,,,66002,18:20:02,0,00:00:00,door not opened
07/14/2025,12,6017,Monday,Weekday,East,15652354,64500,17:55:00,64766,17:59:26,24,3940,Broadway & Steuben St (03940),0,0,0,66660.0,18:31:00,67445,18:44:05,66660.0,18:31:00,67445,18:44:05,0,00:00:00,door not opened
07/14/2025,12,6017,Monday,Weekday,East,15652354,64500,17:55:00,64766,17:59:26,23,2509,State/Downtown Station - State St & S. Pearl St (02509),1,4,0,66480.0,18:28:00,66943,18:35:43,66480.0,18:28:00,66995,18:36:35,52,00:00:52,doors opened
07/14/2025,12,6017,Monday,Weekday,East,15652354,64500,17:55:00,64766,17:59:26,22,1787,State St & Eagle St (01787),0,0,3,,,66933,18:35:33,,,66933,18:35:33,0,00:00:00,door not opened
07/14/2025,12,6017,Monday,Weekday,East,15652354,64500,17:55:00,64766,17:59:26,21,2706,Hawk/Capitol Station - Washington Ave & Hawk St (02706),0,0,3,,,66831,18:33:51,,,66831,18:33:51,0,00:00:00,door not opened
07/14/2025,12,6017,Monday,Weekday,East,15652354,64500,17:55:00,64766,17:59:26,20,1789,Washington Ave & S. Swan St (01789),0,1,3,,,66795,18:33:15,,,66810,18:33:30,15,00:00:15,doors opened
07/14/2025,12,6017,Monday,Weekday,East,15652354,64500,17:55:00,64766,17:59:26,19,1788,Washington Ave & Dove St (01788),0,0,4,,,66771,18:32:51,,,66771,18:32:51,0,00:00:00,door not opened
07/14/2025,12,6017,Monday,Weekday,East,15652354,64500,17:55:00,64766,17:59:26,18,2663,Lark/Library Station - Washington Ave & Lark St (02663),0,3,4,66180.0,18:23:00,66639,18:30:39,66180.0,18:23:00,66710,18:31:50,71,00:01:11,doors opened
07/14/2025,12,6017,Monday,Weekday,East,15652354,64500,17:55:00,64766,17:59:26,17,263,Washington Ave & Henry Johnson Blvd (00263),0,0,7,,,66594,18:29:54,,,66594,18:29:54,0,00:00:00,door not opened
07/14/2025,12,6017,Monday,Weekday,East,15652354,64500,17:55:00,64766,17:59:26,16,2096,Washington Ave & Lexington Ave (02096),0,3,7,,,66450,18:27:30,,,66494,18:28:14,44,00:00:44,doors opened
07/14/2025,12,6017,Monday,Weekday,East,15652354,64500,17:55:00,64766,17:59:26,15,3253,Washington Ave & Robin St (Draper Hall) (03253),0,0,10,,,66430,18:27:10,,,66430,18:27:10,0,00:00:00,door not opened
07/14/2025,12,6017,Monday,Weekday,East,15652354,64500,17:55:00,64766,17:59:26,14,2109,Washington Ave & N. Lake Ave (02109),0,3,10,,,66383,18:26:23,,,66400,18:26:40,17,00:00:17,doors opened
07/14/2025,12,6017,Monday,Weekday,East,15652354,64500,17:55:00,64766,17:59:26,13,3255,Washington Ave & Quail St (03255),2,0,13,,,66310,18:25:10,,,66359,18:25:59,49,00:00:49,doors opened
07/14/2025,12,6017,Monday,Weekday,East,15652354,64500,17:55:00,64766,17:59:26,12,3256,Washington Ave & Ontario St (03256),0,0,11,65760.0,18:16:00,66257,18:24:17,65760.0,18:16:00,66291,18:24:51,34,00:00:34,doors opened
07/14/2025,12,6017,Monday,Weekday,East,15652354,64500,17:55:00,64766,17:59:26,11,2107,Washington Ave & Partridge St (02107),0,0,11,,,66218,18:23:38,,,66233,18:23:53,15,00:00:15,doors opened
07/14/2025,12,6017,Monday,Weekday,East,15652354,64500,17:55:00,64766,17:59:26,10,3257,Washington Ave & N. Main Ave (03257),0,3,11,,,66147,18:22:27,,,66173,18:22:53,26,00:00:26,doors opened
07/14/2025,12,6017,Monday,Weekday,East,15652354,64500,17:55:00,64766,17:59:26,9,1796,Washington Ave & N. Allen St (01796),0,4,14,65580.0,18:13:00,66098,18:21:38,65580.0,18:13:00,66117,18:21:57,19,00:00:19,doors opened
07/14/2025,12,6017,Monday,Weekday,East,15652354,64500,17:55:00,64766,17:59:26,8,11581,Washington Ave & Manning Blvd (11581),2,5,18,,,66016,18:20:16,,,66067,18:21:07,51,00:00:51,doors opened
07/14/2025,12,6017,Monday,Weekday,East,15652354,64500,17:55:00,64766,17:59:26,7,2180,Washington Ave & Homestead Ave (02180),1,1,21,,,65975,18:19:35,,,65991,18:19:51,16,00:00:16,doors opened
07/14/2025,12,6017,Monday,Weekday,East,15652354,64500,17:55:00,64766,17:59:26,6,2182,Washington Ave & Hawthorne St (02182),0,1,21,,,65936,18:18:56,,,65952,18:19:12,16,00:00:16,doors opened
07/14/2025,12,6017,Monday,Weekday,East,15652354,64500,17:55:00,64766,17:59:26,5,3304,Washington Ave & Clermont St (03304),2,0,22,,,65887,18:18:07,,,65912,18:18:32,25,00:00:25,doors opened
07/14/2025,12,6017,Monday,Weekday,East,15652354,64500,17:55:00,64766,17:59:26,4,3348,Washington Ave & Brevator St (03348),0,1,20,,,65849,18:17:29,,,65866,18:17:46,17,00:00:17,doors opened
07/14/2025,12,6017,Monday,Weekday,East,15652354,64500,17:55:00,64766,17:59:26,3,10134,Washington Ave & SUNY Exit Rd (10134),3,0,21,,,65663,18:14:23,,,65731,18:15:31,68,00:01:08,doors opened
07/14/2025,12,6017,Monday,Weekday,East,15652354,64500,17:55:00,64766,17:59:26,2,7216,SUNY Collins Circle (07216),5,3,18,65100.0,18:05:00,65492,18:11:32,65100.0,18:05:00,65534,18:12:14,42,00:00:42,doors opened
07/14/2025,12,6017,Monday,Weekday,East,15652354,64500,17:55:00,64766,17:59:26,1,12827,Crossgates Commons Station (12827),13,0,16,64800.0,18:00:00,65080,18:04:40,64800.0,18:00:00,65216,18:06:56,136,00:02:16,doors opened
07/14/2025,12,6017,Monday,Weekday,East,15652354,64500,17:55:00,64766,17:59:26,0,7175,Crossgates Mall Station (07175),1,0,3,64500.0,17:55:00,64766,17:59:26,64500.0,17:55:00,64766,17:59:26,0,00:00:00,doors opened
07/14/2025,12,6017,Monday,Weekday,East,15652357,69300,19:15:00,69458,19:17:38,24,3940,Broadway & Steuben St (03940),0,0,0,71400.0,19:50:00,71752,19:55:52,71400.0,19:50:00,71752,19:55:52,0,00:00:00,door not opened
07/14/2025,12,6017,Monday,Weekday,East,15652357,69300,19:15:00,69458,19:17:38,23,2509,State/Downtown Station - State St & S. Pearl St (02509),0,3,0,71220.0,19:47:00,71581,19:53:01,71220.0,19:47:00,71658,19:54:18,77,00:01:17,doors opened
07/14/2025,12,6017,Monday,Weekday,East,15652357,69300,19:15:00,69458,19:17:38,22,1787,State St & Eagle St (01787),0,0,3,,,71565,19:52:45,,,71565,19:52:45,0,00:00:00,door not opened
07/14/2025,12,6017,Monday,Weekday,East,15652357,69300,19:15:00,69458,19:17:38,21,2706,Hawk/Capitol Station - Washington Ave & Hawk St (02706),0,0,3,,,71461,19:51:01,,,71472,19:51:12,11,00:00:11,doors opened
07/14/2025,12,6017,Monday,Weekday,East,15652357,69300,19:15:00,69458,19:17:38,20,1789,Washington Ave & S. Swan St (01789),0,0,3,,,71438,19:50:38,,,71438,19:50:38,0,00:00:00,door not opened
07/14/2025,12,6017,Monday,Weekday,East,15652357,69300,19:15:00,69458,19:17:38,19,1788,Washington Ave & Dove St (01788),0,0,3,,,71407,19:50:07,,,71407,19:50:07,0,00:00:00,door not opened
07/14/2025,12,6017,Monday,Weekday,East,15652357,69300,19:15:00,69458,19:17:38,18,2663,Lark/Library Station - Washington Ave & Lark St (02663),1,1,3,70920.0,19:42:00,71323,19:48:43,70920.0,19:42:00,71383,19:49:43,60,00:01:00,doors opened
07/14/2025,12,6017,Monday,Weekday,East,15652357,69300,19:15:00,69458,19:17:38,17,263,Washington Ave & Henry Johnson Blvd (00263),0,1,3,,,71189,19:46:29,,,71268,19:47:48,79,00:01:19,doors opened
07/14/2025,12,6017,Monday,Weekday,East,15652357,69300,19:15:00,69458,19:17:38,16,2096,Washington Ave & Lexington Ave (02096),0,0,4,,,71103,19:45:03,,,71103,19:45:03,0,00:00:00,door not opened
07/14/2025,12,6017,Monday,Weekday,East,15652357,69300,19:15:00,69458,19:17:38,15,3253,Washington Ave & Robin St (Draper Hall) (03253),0,0,4,,,71087,19:44:47,,,71087,19:44:47,0,00:00:00,door not opened
07/14/2025,12,6017,Monday,Weekday,East,15652357,69300,19:15:00,69458,19:17:38,14,2109,Washington Ave & N. Lake Ave (02109),0,1,4,,,71033,19:43:53,,,71061,19:44:21,28,00:00:28,doors opened
07/14/2025,12,6017,Monday,Weekday,East,15652357,69300,19:15:00,69458,19:17:38,13,3255,Washington Ave & Quail St (03255),0,3,5,,,70990,19:43:10,,,71009,19:43:29,19,00:00:19,doors opened
07/14/2025,12,6017,Monday,Weekday,East,15652357,69300,19:15:00,69458,19:17:38,12,3256,Washington Ave & Ontario St (03256),0,0,8,70560.0,19:36:00,70971,19:42:51,70560.0,19:36:00,70971,19:42:51,0,00:00:00,door not opened
07/14/2025,12,6017,Monday,Weekday,East,15652357,69300,19:15:00,69458,19:17:38,11,2107,Washington Ave & Partridge St (02107),1,1,8,,,70932,19:42:12,,,70950,19:42:30,18,00:00:18,doors opened
07/14/2025,12,6017,Monday,Weekday,East,15652357,69300,19:15:00,69458,19:17:38,10,3257,Washington Ave & N. Main Ave (03257),2,1,8,,,70832,19:40:32,,,70862,19:41:02,30,00:00:30,doors opened
07/14/2025,12,6017,Monday,Weekday,East,15652357,69300,19:15:00,69458,19:17:38,9,1796,Washington Ave & N. Allen St (01796),0,1,7,70380.0,19:33:00,70784,19:39:44,70380.0,19:33:00,70799,19:39:59,15,00:00:15,doors opened
07/14/2025,12,6017,Monday,Weekday,East,15652357,69300,19:15:00,69458,19:17:38,8,11581,Washington Ave & Manning Blvd (11581),2,0,8,,,70730,19:38:50,,,70750,19:39:10,20,00:00:20,doors opened
07/14/2025,12,6017,Monday,Weekday,East,15652357,69300,19:15:00,69458,19:17:38,7,2180,Washington Ave & Homestead Ave (02180),0,4,6,,,70671,19:37:51,,,70706,19:38:26,35,00:00:35,doors opened
07/14/2025,12,6017,Monday,Weekday,East,15652357,69300,19:15:00,69458,19:17:38,6,2182,Washington Ave & Hawthorne St (02182),0,0,10,,,70649,19:37:29,,,70649,19:37:29,0,00:00:00,door not opened
07/14/2025,12,6017,Monday,Weekday,East,15652357,69300,19:15:00,69458,19:17:38,5,3304,Washington Ave & Clermont St (03304),0,1,10,,,70571,19:36:11,,,70621,19:37:01,50,00:00:50,doors opened
07/14/2025,12,6017,Monday,Weekday,East,15652357,69300,19:15:00,69458,19:17:38,4,3348,Washington Ave & Brevator St (03348),0,0,11,,,70511,19:35:11,,,70550,19:35:50,39,00:00:39,doors opened
07/14/2025,12,6017,Monday,Weekday,East,15652357,69300,19:15:00,69458,19:17:38,3,10134,Washington Ave & SUNY Exit Rd (10134),1,0,11,,,70339,19:32:19,,,70397,19:33:17,58,00:00:58,doors opened
07/14/2025,12,6017,Monday,Weekday,East,15652357,69300,19:15:00,69458,19:17:38,2,7216,SUNY Collins Circle (07216),3,0,10,69900.0,19:25:00,70153,19:29:13,69900.0,19:25:00,70217,19:30:17,64,00:01:04,doors opened
07/14/2025,12,6017,Monday,Weekday,East,15652357,69300,19:15:00,69458,19:17:38,1,12827,Crossgates Commons Station (12827),7,3,7,69600.0,19:20:00,69762,19:22:42,69600.0,19:20:00,69854,19:24:14,92,00:01:32,doors opened
07/14/2025,12,6017,Monday,Weekday,East,15652357,69300,19:15:00,69458,19:17:38,0,7175,Crossgates Mall Station (07175),3,0,3,69300.0,19:15:00,69458,19:17:38,69300.0,19:15:00,69458,19:17:38,0,00:00:00,doors opened
07/14/2025,12,6017,Monday,Weekday,West,15652360,72000,20:00:00,72641,20:10:41,27,7175,Crossgates Mall Station (07175),0,2,0,74220.0,20:37:00,74886,20:48:06,74220.0,20:37:00,74886,20:48:06,0,00:00:00,doors opened
07/14/2025,12,6017,Monday,Weekday,West,15652360,72000,20:00:00,72641,20:10:41,26,12828,Crossgates Commons Station (12828),0,9,2,73800.0,20:30:00,74599,20:43:19,73800.0,20:30:00,74628,20:43:48,29,00:00:29,doors opened
07/14/2025,12,6017,Monday,Weekday,West,15652360,72000,20:00:00,72641,20:10:41,25,12891,1475 Washington Ave (12891),0,2,11,,,74342,20:39:02,,,74352,20:39:12,10,00:00:10,doors opened
07/14/2025,12,6017,Monday,Weekday,West,15652360,72000,20:00:00,72641,20:10:41,24,7216,SUNY Collins Circle (07216),0,0,13,73440.0,20:24:00,74204,20:36:44,73440.0,20:24:00,74204,20:36:44,0,00:00:00,door not opened
07/14/2025,12,6017,Monday,Weekday,West,15652360,72000,20:00:00,72641,20:10:41,23,3262,1383 Washington Ave (Fairfield Inn) (03262),2,2,13,,,74073,20:34:33,,,74096,20:34:56,23,00:00:23,doors opened
07/14/2025,12,6017,Monday,Weekday,West,15652360,72000,20:00:00,72641,20:10:41,22,976,Washington Ave & Brevator St (00976),0,0,13,,,73966,20:32:46,,,73966,20:32:46,0,00:00:00,door not opened
07/14/2025,12,6017,Monday,Weekday,West,15652360,72000,20:00:00,72641,20:10:41,21,1959,Washington Ave & Colvin Ave (01959),2,0,13,,,73894,20:31:34,,,73942,20:32:22,48,00:00:48,doors opened
07/14/2025,12,6017,Monday,Weekday,West,15652360,72000,20:00:00,72641,20:10:41,20,3399,Washington Ave & Danker Ave (03399),0,0,11,,,73874,20:31:14,,,73874,20:31:14,0,00:00:00,door not opened
07/14/2025,12,6017,Monday,Weekday,West,15652360,72000,20:00:00,72641,20:10:41,19,1849,Washington Ave & Homestead Ave (01849),0,4,11,,,73831,20:30:31,,,73851,20:30:51,20,00:00:20,doors opened
07/14/2025,12,6017,Monday,Weekday,West,15652360,72000,20:00:00,72641,20:10:41,18,1846,Washington Ave & Manning Blvd (01846),2,0,15,,,73751,20:29:11,,,73806,20:30:06,55,00:00:55,doors opened
07/14/2025,12,6017,Monday,Weekday,West,15652360,72000,20:00:00,72641,20:10:41,17,3287,Washington Ave & N. Allen St (03287),4,1,13,73020.0,20:17:00,73659,20:27:39,73020.0,20:17:00,73718,20:28:38,59,00:00:59,doors opened
07/14/2025,12,6017,Monday,Weekday,West,15652360,72000,20:00:00,72641,20:10:41,3,3221,State Station - N. Pearl St & Ten Eyck Plaza (03221),1,0,3,,,72747,20:12:27,,,72837,20:13:57,90,00:01:30,doors opened
07/14/2025,12,6017,Monday,Weekday,West,15652360,72000,20:00:00,72641,20:10:41,2,3233,N. Pearl St & Sheridan Ave (03233),0,0,2,,,72695,20:11:35,,,72695,20:11:35,0,00:00:00,door not opened
07/14/2025,12,6017,Monday,Weekday,West,15652360,72000,20:00:00,72641,20:10:41,1,2168,Clinton Square Station - N. Pearl St & Clinton Ave (02168),2,0,2,,,72654,20:10:54,,,72680,20:11:20,26,00:00:26,doors opened
07/14/2025,12,6017,Monday,Weekday,West,15652360,72000,20:00:00,72641,20:10:41,0,9018,Broadway & Orange St (09018),0,0,0,72000.0,20:00:00,72641,20:10:41,72000.0,20:00:00,72641,20:10:41,0,00:00:00,door not opened
07/14/2025,12,6017,Monday,Weekday,West,15652360,72000,20:00:00,72641,20:10:41,16,3264,Washington Ave & N. Main Ave (03264),1,0,10,,,73589,20:26:29,,,73622,20:27:02,33,00:00:33,doors opened
07/14/2025,12,6017,Monday,Weekday,West,15652360,72000,20:00:00,72641,20:10:41,15,1839,Washington Ave & Partridge St (01839),2,0,9,,,73511,20:25:11,,,73528,20:25:28,17,00:00:17,doors opened
07/14/2025,12,6017,Monday,Weekday,West,15652360,72000,20:00:00,72641,20:10:41,14,1841,Washington Ave & Ontario St (01841),0,0,7,72840.0,20:14:00,73489,20:24:49,72840.0,20:14:00,73489,20:24:49,0,00:00:00,door not opened
07/14/2025,12,6017,Monday,Weekday,West,15652360,72000,20:00:00,72641,20:10:41,13,1842,Washington Ave & Quail St (01842),0,0,7,,,73424,20:23:44,,,73464,20:24:24,40,00:00:40,doors opened
07/14/2025,12,6017,Monday,Weekday,West,15652360,72000,20:00:00,72641,20:10:41,12,1837,Washington Ave & N. Lake Ave (01837),0,0,7,,,73398,20:23:18,,,73398,20:23:18,0,00:00:00,door not opened
07/14/2025,12,6017,Monday,Weekday,West,15652360,72000,20:00:00,72641,20:10:41,11,1843,Washington Ave & Robin St (01843),0,0,7,,,73378,20:22:58,,,73378,20:22:58,0,00:00:00,door not opened
07/14/2025,12,6017,Monday,Weekday,West,15652360,72000,20:00:00,72641,20:10:41,10,12943,Washington Ave & Lexington Ave (12943),0,0,7,,,73359,20:22:39,,,73359,20:22:39,0,00:00:00,door not opened
07/14/2025,12,6017,Monday,Weekday,West,15652360,72000,20:00:00,72641,20:10:41,9,12942,Washington Ave & Henry Johnson Blvd (12942),0,0,7,,,73318,20:21:58,,,73318,20:21:58,0,00:00:00,door not opened
07/14/2025,12,6017,Monday,Weekday,West,15652360,72000,20:00:00,72641,20:10:41,8,3239,Lark/Library Station - Washington Ave & Lark St (03239),2,4,7,72480.0,20:08:00,73160,20:19:20,72480.0,20:08:00,73244,20:20:44,84,00:01:24,doors opened
07/14/2025,12,6017,Monday,Weekday,West,15652360,72000,20:00:00,72641,20:10:41,7,3301,Washington Ave & S. Swan St (03301),2,0,9,,,73054,20:17:34,,,73123,20:18:43,69,00:01:09,doors opened
07/14/2025,12,6017,Monday,Weekday,West,15652360,72000,20:00:00,72641,20:10:41,6,3250,Hawk/Capitol Station - Washington Ave & Hawk St (03250),0,0,7,,,73031,20:17:11,,,73031,20:17:11,0,00:00:00,door not opened
07/14/2025,12,6017,Monday,Weekday,West,15652360,72000,20:00:00,72641,20:10:41,5,10087,State St & Eagle St (10087),0,0,7,,,73002,20:16:42,,,73002,20:16:42,0,00:00:00,door not opened
07/14/2025,12,6017,Monday,Weekday,West,15652360,72000,20:00:00,72641,20:10:41,4,2665,State/Downtown Station - State St & Lodge St (02665),4,0,7,72240.0,20:04:00,72860,20:14:20,72240.0,20:04:00,72898,20:14:58,38,00:00:38,doors opened
07/14/2025,12,4102,Monday,Weekday,West,15651278,74400,20:40:00,74390,20:39:50,25,12891,1475 Washington Ave (12891),0,1,6,,,75979,21:06:19,,,75997,21:06:37,18,00:00:18,doors opened
07/14/2025,12,4102,Monday,Weekday,West,15651278,74400,20:40:00,74390,20:39:50,24,7216,SUNY Collins Circle (07216),0,0,7,75780.0,21:03:00,75876,21:04:36,75780.0,21:03:00,75876,21:04:36,0,00:00:00,door not opened
07/14/2025,12,4102,Monday,Weekday,West,15651278,74400,20:40:00,74390,20:39:50,23,3262,1383 Washington Ave (Fairfield Inn) (03262),0,4,7,,,75748,21:02:28,,,75767,21:02:47,19,00:00:19,doors opened
07/14/2025,12,4102,Monday,Weekday,West,15651278,74400,20:40:00,74390,20:39:50,22,976,Washington Ave & Brevator St (00976),1,0,11,,,75614,21:00:14,,,75628,21:00:28,14,00:00:14,doors opened
07/14/2025,12,4102,Monday,Weekday,West,15651278,74400,20:40:00,74390,20:39:50,21,1959,Washington Ave & Colvin Ave (01959),1,0,10,,,75521,20:58:41,,,75589,20:59:49,68,00:01:08,doors opened
07/14/2025,12,4102,Monday,Weekday,West,15651278,74400,20:40:00,74390,20:39:50,20,3399,Washington Ave & Danker Ave (03399),0,0,9,,,75494,20:58:14,,,75494,20:58:14,0,00:00:00,door not opened
07/14/2025,12,4102,Monday,Weekday,West,15651278,74400,20:40:00,74390,20:39:50,19,1849,Washington Ave & Homestead Ave (01849),0,4,9,,,75454,20:57:34,,,75472,20:57:52,18,00:00:18,doors opened
07/14/2025,12,4102,Monday,Weekday,West,15651278,74400,20:40:00,74390,20:39:50,18,1846,Washington Ave & Manning Blvd (01846),0,0,13,,,75429,20:57:09,,,75429,20:57:09,0,00:00:00,door not opened
07/14/2025,12,4102,Monday,Weekday,West,15651278,74400,20:40:00,74390,20:39:50,17,3287,Washington Ave & N. Allen St (03287),4,0,13,75420.0,20:57:00,75348,20:55:48,75420.0,20:57:00,75396,20:56:36,48,00:00:48,doors opened
07/14/2025,12,4102,Monday,Weekday,West,15651278,74400,20:40:00,74390,20:39:50,16,3264,Washington Ave & N. Main Ave (03264),0,0,9,,,75309,20:55:09,,,75309,20:55:09,0,00:00:00,door not opened
07/14/2025,12,4102,Monday,Weekday,West,15651278,74400,20:40:00,74390,20:39:50,15,1839,Washington Ave & Partridge St (01839),0,0,9,,,75251,20:54:11,,,75251,20:54:11,0,00:00:00,door not opened
07/14/2025,12,4102,Monday,Weekday,West,15651278,74400,20:40:00,74390,20:39:50,14,1841,Washington Ave & Ontario St (01841),0,0,9,75240.0,20:54:00,75228,20:53:48,75240.0,20:54:00,75228,20:53:48,0,00:00:00,door not opened
07/14/2025,12,4102,Monday,Weekday,West,15651278,74400,20:40:00,74390,20:39:50,13,1842,Washington Ave & Quail St (01842),1,1,9,,,75168,20:52:48,,,75208,20:53:28,40,00:00:40,doors opened
07/14/2025,12,4102,Monday,Weekday,West,15651278,74400,20:40:00,74390,20:39:50,12,1837,Washington Ave & N. Lake Ave (01837),1,0,9,,,75099,20:51:39,,,75140,20:52:20,41,00:00:41,doors opened
07/14/2025,12,4102,Monday,Weekday,West,15651278,74400,20:40:00,74390,20:39:50,11,1843,Washington Ave & Robin St (01843),0,0,8,,,75079,20:51:19,,,75079,20:51:19,0,00:00:00,door not opened
07/14/2025,12,4102,Monday,Weekday,West,15651278,74400,20:40:00,74390,20:39:50,10,12943,Washington Ave & Lexington Ave (12943),0,0,8,,,75052,20:50:52,,,75052,20:50:52,0,00:00:00,door not opened
07/14/2025,12,4102,Monday,Weekday,West,15651278,74400,20:40:00,74390,20:39:50,9,12942,Washington Ave & Henry Johnson Blvd (12942),2,0,8,,,74999,20:49:59,,,75018,20:50:18,19,00:00:19,doors opened
07/14/2025,12,4102,Monday,Weekday,West,15651278,74400,20:40:00,74390,20:39:50,8,3239,Lark/Library Station - Washington Ave & Lark St (03239),3,0,6,74880.0,20:48:00,74830,20:47:10,74880.0,20:48:00,74864,20:47:44,34,00:00:34,doors opened
07/14/2025,12,4102,Monday,Weekday,West,15651278,74400,20:40:00,74390,20:39:50,7,3301,Washington Ave & S. Swan St (03301),0,0,3,,,74774,20:46:14,,,74774,20:46:14,0,00:00:00,door not opened
07/14/2025,12,4102,Monday,Weekday,West,15651278,74400,20:40:00,74390,20:39:50,6,3250,Hawk/Capitol Station - Washington Ave & Hawk St (03250),0,0,3,,,74738,20:45:38,,,74738,20:45:38,0,00:00:00,door not opened
07/14/2025,12,4102,Monday,Weekday,West,15651278,74400,20:40:00,74390,20:39:50,5,10087,State St & Eagle St (10087),0,0,3,,,74712,20:45:12,,,74712,20:45:12,0,00:00:00,door not opened
07/14/2025,12,4102,Monday,Weekday,West,15651278,74400,20:40:00,74390,20:39:50,4,2665,State/Downtown Station - State St & Lodge St (02665),1,0,3,74640.0,20:44:00,74575,20:42:55,74640.0,20:44:00,74589,20:43:09,14,00:00:14,doors opened
07/14/2025,12,4102,Monday,Weekday,West,15651278,74400,20:40:00,74390,20:39:50,3,3221,State Station - N. Pearl St & Ten Eyck Plaza (03221),1,0,2,,,74498,20:41:38,,,74534,20:42:14,36,00:00:36,doors opened
07/14/2025,12,4102,Monday,Weekday,West,15651278,74400,20:40:00,74390,20:39:50,2,3233,N. Pearl St & Sheridan Ave (03233),0,0,1,,,74434,20:40:34,,,74434,20:40:34,0,00:00:00,door not opened
07/14/2025,12,4102,Monday,Weekday,West,15651278,74400,20:40:00,74390,20:39:50,1,2168,Clinton Square Station - N. Pearl St & Clinton Ave (02168),0,0,1,,,74393,20:39:53,,,74404,20:40:04,11,00:00:11,door not opened
07/14/2025,12,4102,Monday,Weekday,West,15651278,74400,20:40:00,74390,20:39:50,0,9018,Broadway & Orange St (09018),0,0,1,74400.0,20:40:00,74390,20:39:50,74400.0,20:40:00,74390,20:39:50,0,00:00:00,doors opened
07/14/2025,12,4102,Monday,Weekday,West,15651278,74400,20:40:00,74390,20:39:50,26,12828,Crossgates Commons Station (12828),0,6,0,76080.0,21:08:00,76234,21:10:34,76080.0,21:08:00,76261,21:11:01,27,00:00:27,doors opened
07/14/2025,12,4107,Monday,Weekday,East,15648596,21300,05:55:00,21460,05:57:40,6,2182,Washington Ave & Hawthorne St (02182),0,0,3,,,22282,06:11:22,,,22282,06:11:22,0,00:00:00,door not opened
07/14/2025,12,4107,Monday,Weekday,East,15648596,21300,05:55:00,21460,05:57:40,5,3304,Washington Ave & Clermont St (03304),0,0,3,,,22262,06:11:02,,,22262,06:11:02,0,00:00:00,door not opened
07/14/2025,12,4107,Monday,Weekday,East,15648596,21300,05:55:00,21460,05:57:40,4,3348,Washington Ave & Brevator St (03348),0,0,3,,,22207,06:10:07,,,22207,06:10:07,0,00:00:00,door not opened
07/14/2025,12,4107,Monday,Weekday,East,15648596,21300,05:55:00,21460,05:57:40,3,10134,Washington Ave & SUNY Exit Rd (10134),2,0,3,,,22067,06:07:47,,,22089,06:08:09,22,00:00:22,doors opened
07/14/2025,12,4107,Monday,Weekday,East,15648596,21300,05:55:00,21460,05:57:40,2,7216,SUNY Collins Circle (07216),0,0,1,21840.0,06:04:00,21966,06:06:06,21840.0,06:04:00,21966,06:06:06,0,00:00:00,door not opened
07/14/2025,12,4107,Monday,Weekday,East,15648596,21300,05:55:00,21460,05:57:40,1,12827,Crossgates Commons Station (12827),0,0,1,21540.0,05:59:00,21744,06:02:24,21540.0,05:59:00,21744,06:02:24,0,00:00:00,door not opened
07/14/2025,12,4107,Monday,Weekday,East,15648596,21300,05:55:00,21460,05:57:40,0,7175,Crossgates Mall Station (07175),0,0,1,21300.0,05:55:00,21460,05:57:40,21300.0,05:55:00,21460,05:57:40,0,00:00:00,doors opened
07/14/2025,12,4107,Monday,Weekday,East,15648596,21300,05:55:00,21460,05:57:40,24,3940,Broadway & Steuben St (03940),0,0,0,23100.0,06:25:00,23100,06:25:00,23100.0,06:25:00,23100,06:25:00,0,00:00:00,door not opened
07/14/2025,12,4107,Monday,Weekday,East,15648596,21300,05:55:00,21460,05:57:40,23,2509,State/Downtown Station - State St & S. Pearl St (02509),0,4,0,22920.0,06:22:00,22985,06:23:05,22920.0,06:22:00,23011,06:23:31,26,00:00:26,doors opened
07/14/2025,12,4107,Monday,Weekday,East,15648596,21300,05:55:00,21460,05:57:40,22,1787,State St & Eagle St (01787),0,0,4,,,22970,06:22:50,,,22970,06:22:50,0,00:00:00,door not opened
07/14/2025,12,4107,Monday,Weekday,East,15648596,21300,05:55:00,21460,05:57:40,21,2706,Hawk/Capitol Station - Washington Ave & Hawk St (02706),0,1,4,,,22897,06:21:37,,,22908,06:21:48,11,00:00:11,doors opened
07/14/2025,12,4107,Monday,Weekday,East,15648596,21300,05:55:00,21460,05:57:40,20,1789,Washington Ave & S. Swan St (01789),0,0,5,,,22875,06:21:15,,,22875,06:21:15,0,00:00:00,door not opened
07/14/2025,12,4107,Monday,Weekday,East,15648596,21300,05:55:00,21460,05:57:40,19,1788,Washington Ave & Dove St (01788),0,1,5,,,22827,06:20:27,,,22852,06:20:52,25,00:00:25,doors opened
07/14/2025,12,4107,Monday,Weekday,East,15648596,21300,05:55:00,21460,05:57:40,18,2663,Lark/Library Station - Washington Ave & Lark St (02663),1,2,6,22680.0,06:18:00,22783,06:19:43,22680.0,06:18:00,22803,06:20:03,20,00:00:20,doors opened
07/14/2025,12,4107,Monday,Weekday,East,15648596,21300,05:55:00,21460,05:57:40,17,263,Washington Ave & Henry Johnson Blvd (00263),0,0,7,,,22761,06:19:21,,,22761,06:19:21,0,00:00:00,door not opened
07/14/2025,12,4107,Monday,Weekday,East,15648596,21300,05:55:00,21460,05:57:40,16,2096,Washington Ave & Lexington Ave (02096),0,0,7,,,22695,06:18:15,,,22695,06:18:15,0,00:00:00,door not opened
07/14/2025,12,4107,Monday,Weekday,East,15648596,21300,05:55:00,21460,05:57:40,15,3253,Washington Ave & Robin St (Draper Hall) (03253),0,0,7,,,22674,06:17:54,,,22674,06:17:54,0,00:00:00,door not opened
07/14/2025,12,4107,Monday,Weekday,East,15648596,21300,05:55:00,21460,05:57:40,14,2109,Washington Ave & N. Lake Ave (02109),1,0,7,,,22617,06:16:57,,,22643,06:17:23,26,00:00:26,doors opened
07/14/2025,12,4107,Monday,Weekday,East,15648596,21300,05:55:00,21460,05:57:40,13,3255,Washington Ave & Quail St (03255),0,0,6,,,22594,06:16:34,,,22594,06:16:34,0,00:00:00,door not opened
07/14/2025,12,4107,Monday,Weekday,East,15648596,21300,05:55:00,21460,05:57:40,12,3256,Washington Ave & Ontario St (03256),2,0,6,22380.0,06:13:00,22529,06:15:29,22380.0,06:13:00,22547,06:15:47,18,00:00:18,doors opened
07/14/2025,12,4107,Monday,Weekday,East,15648596,21300,05:55:00,21460,05:57:40,11,2107,Washington Ave & Partridge St (02107),0,0,4,,,22507,06:15:07,,,22507,06:15:07,0,00:00:00,door not opened
07/14/2025,12,4107,Monday,Weekday,East,15648596,21300,05:55:00,21460,05:57:40,10,3257,Washington Ave & N. Main Ave (03257),1,0,4,,,22427,06:13:47,,,22448,06:14:08,21,00:00:21,doors opened
07/14/2025,12,4107,Monday,Weekday,East,15648596,21300,05:55:00,21460,05:57:40,9,1796,Washington Ave & N. Allen St (01796),0,0,3,22260.0,06:11:00,22380,06:13:00,22260.0,06:11:00,22380,06:13:00,0,00:00:00,door not opened
07/14/2025,12,4107,Monday,Weekday,East,15648596,21300,05:55:00,21460,05:57:40,8,11581,Washington Ave & Manning Blvd (11581),0,0,3,,,22338,06:12:18,,,22338,06:12:18,0,00:00:00,door not opened
07/14/2025,12,4107,Monday,Weekday,East,15648596,21300,05:55:00,21460,05:57:40,7,2180,Washington Ave & Homestead Ave (02180),0,0,3,,,22312,06:11:52,,,22312,06:11:52,0,00:00:00,door not opened
07/14/2025,12,4107,Monday,Weekday,East,15648600,27300,07:35:00,27484,07:38:04,24,3940,Broadway & Steuben St (03940),0,1,0,29640.0,08:14:00,29668,08:14:28,29640.0,08:14:00,29668,08:14:28,0,00:00:00,doors opened
07/14/2025,12,4107,Monday,Weekday,East,15648600,27300,07:35:00,27484,07:38:04,23,2509,State/Downtown Station - State St & S. Pearl St (02509),0,7,1,29460.0,08:11:00,29534,08:12:14,29460.0,08:11:00,29567,08:12:47,33,00:00:33,doors opened
07/14/2025,12,4107,Monday,Weekday,East,15648600,27300,07:35:00,27484,07:38:04,22,1787,State St & Eagle St (01787),0,1,8,,,29485,08:11:25,,,29498,08:11:38,13,00:00:13,doors opened
07/14/2025,12,4107,Monday,Weekday,East,15648600,27300,07:35:00,27484,07:38:04,21,2706,Hawk/Capitol Station - Washington Ave & Hawk St (02706),0,1,9,,,29411,08:10:11,,,29440,08:10:40,29,00:00:29,doors opened
07/14/2025,12,4107,Monday,Weekday,East,15648600,27300,07:35:00,27484,07:38:04,20,1789,Washington Ave & S. Swan St (01789),0,9,10,,,29322,08:08:42,,,29386,08:09:46,64,00:01:04,doors opened
07/14/2025,12,4107,Monday,Weekday,East,15648600,27300,07:35:00,27484,07:38:04,19,1788,Washington Ave & Dove St (01788),0,0,19,,,29298,08:08:18,,,29298,08:08:18,0,00:00:00,door not opened
07/14/2025,12,4107,Monday,Weekday,East,15648600,27300,07:35:00,27484,07:38:04,18,2663,Lark/Library Station - Washington Ave & Lark St (02663),1,1,19,29040.0,08:04:00,29215,08:06:55,29040.0,08:04:00,29270,08:07:50,55,00:00:55,doors opened
07/14/2025,12,4107,Monday,Weekday,East,15648600,27300,07:35:00,27484,07:38:04,17,263,Washington Ave & Henry Johnson Blvd (00263),0,0,19,,,29193,08:06:33,,,29193,08:06:33,0,00:00:00,door not opened
07/14/2025,12,4107,Monday,Weekday,East,15648600,27300,07:35:00,27484,07:38:04,16,2096,Washington Ave & Lexington Ave (02096),1,1,19,,,29079,08:04:39,,,29136,08:05:36,57,00:00:57,doors opened
07/14/2025,12,4107,Monday,Weekday,East,15648600,27300,07:35:00,27484,07:38:04,15,3253,Washington Ave & Robin St (Draper Hall) (03253),0,3,19,,,29023,08:03:43,,,29059,08:04:19,36,00:00:36,doors opened
07/14/2025,12,4107,Monday,Weekday,East,15648600,27300,07:35:00,27484,07:38:04,14,2109,Washington Ave & N. Lake Ave (02109),3,4,22,,,28949,08:02:29,,,29003,08:03:23,54,00:00:54,doors opened
07/14/2025,12,4107,Monday,Weekday,East,15648600,27300,07:35:00,27484,07:38:04,13,3255,Washington Ave & Quail St (03255),3,3,23,,,28876,08:01:16,,,28925,08:02:05,49,00:00:49,doors opened
07/14/2025,12,4107,Monday,Weekday,East,15648600,27300,07:35:00,27484,07:38:04,12,3256,Washington Ave & Ontario St (03256),1,0,23,28620.0,07:57:00,28843,08:00:43,28620.0,07:57:00,28857,08:00:57,14,00:00:14,doors opened
07/14/2025,12,4107,Monday,Weekday,East,15648600,27300,07:35:00,27484,07:38:04,11,2107,Washington Ave & Partridge St (02107),0,0,22,,,28823,08:00:23,,,28823,08:00:23,0,00:00:00,door not opened
07/14/2025,12,4107,Monday,Weekday,East,15648600,27300,07:35:00,27484,07:38:04,10,3257,Washington Ave & N. Main Ave (03257),1,1,22,,,28716,07:58:36,,,28740,07:59:00,24,00:00:24,doors opened
07/14/2025,12,4107,Monday,Weekday,East,15648600,27300,07:35:00,27484,07:38:04,9,1796,Washington Ave & N. Allen St (01796),2,1,22,28440.0,07:54:00,28666,07:57:46,28440.0,07:54:00,28684,07:58:04,18,00:00:18,doors opened
07/14/2025,12,4107,Monday,Weekday,East,15648600,27300,07:35:00,27484,07:38:04,8,11581,Washington Ave & Manning Blvd (11581),2,0,21,,,28615,07:56:55,,,28635,07:57:15,20,00:00:20,doors opened
07/14/2025,12,4107,Monday,Weekday,East,15648600,27300,07:35:00,27484,07:38:04,7,2180,Washington Ave & Homestead Ave (02180),2,1,19,,,28563,07:56:03,,,28593,07:56:33,30,00:00:30,doors opened
07/14/2025,12,4107,Monday,Weekday,East,15648600,27300,07:35:00,27484,07:38:04,6,2182,Washington Ave & Hawthorne St (02182),2,0,18,,,28521,07:55:21,,,28538,07:55:38,17,00:00:17,doors opened
07/14/2025,12,4107,Monday,Weekday,East,15648600,27300,07:35:00,27484,07:38:04,5,3304,Washington Ave & Clermont St (03304),2,1,16,,,28464,07:54:24,,,28498,07:54:58,34,00:00:34,doors opened
07/14/2025,12,4107,Monday,Weekday,East,15648600,27300,07:35:00,27484,07:38:04,4,3348,Washington Ave & Brevator St (03348),2,0,15,,,28414,07:53:34,,,28444,07:54:04,30,00:00:30,doors opened
07/14/2025,12,4107,Monday,Weekday,East,15648600,27300,07:35:00,27484,07:38:04,3,10134,Washington Ave & SUNY Exit Rd (10134),3,1,13,,,28262,07:51:02,,,28311,07:51:51,49,00:00:49,doors opened
07/14/2025,12,4107,Monday,Weekday,East,15648600,27300,07:35:00,27484,07:38:04,2,7216,SUNY Collins Circle (07216),0,0,11,27900.0,07:45:00,28170,07:49:30,27900.0,07:45:00,28170,07:49:30,0,00:00:00,door not opened
07/14/2025,12,4107,Monday,Weekday,East,15648600,27300,07:35:00,27484,07:38:04,1,12827,Crossgates Commons Station (12827),10,1,11,27600.0,07:40:00,27807,07:43:27,27600.0,07:40:00,27907,07:45:07,100,00:01:40,doors opened
07/14/2025,12,4107,Monday,Weekday,East,15648600,27300,07:35:00,27484,07:38:04,0,7175,Crossgates Mall Station (07175),2,0,2,27300.0,07:35:00,27484,07:38:04,27300.0,07:35:00,27484,07:38:04,0,00:00:00,doors opened
07/14/2025,12,4107,Monday,Weekday,West,15648602,30000,08:20:00,30214,08:23:34,4,2665,State/Downtown Station - State St & Lodge St (02665),9,2,28,30300.0,08:25:00,30585,08:29:45,30300.0,08:25:00,30661,08:31:01,76,00:01:16,doors opened
07/14/2025,12,4107,Monday,Weekday,West,15648602,30000,08:20:00,30214,08:23:34,3,3221,State Station - N. Pearl St & Ten Eyck Plaza (03221),15,0,21,,,30428,08:27:08,,,30559,08:29:19,131,00:02:11,doors opened
07/14/2025,12,4107,Monday,Weekday,West,15648602,30000,08:20:00,30214,08:23:34,2,3233,N. Pearl St & Sheridan Ave (03233),2,0,6,,,30340,08:25:40,,,30358,08:25:58,18,00:00:18,doors opened
07/14/2025,12,4107,Monday,Weekday,West,15648602,30000,08:20:00,30214,08:23:34,1,2168,Clinton Square Station - N. Pearl St & Clinton Ave (02168),4,0,4,,,30253,08:24:13,,,30326,08:25:26,73,00:01:13,doors opened
07/14/2025,12,4107,Monday,Weekday,West,15648602,30000,08:20:00,30214,08:23:34,0,9018,Broadway & Orange St (09018),0,0,0,30000.0,08:20:00,30214,08:23:34,30000.0,08:20:00,30214,08:23:34,0,00:00:00,door not opened
07/14/2025,12,4107,Monday,Weekday,West,15648602,30000,08:20:00,30214,08:23:34,27,7175,Crossgates Mall Station (07175),0,5,0,32520.0,09:02:00,32804,09:06:44,32520.0,09:02:00,32804,09:06:44,0,00:00:00,doors opened
07/14/2025,12,4107,Monday,Weekday,West,15648602,30000,08:20:00,30214,08:23:34,26,12828,Crossgates Commons Station (12828),0,5,5,32100.0,08:55:00,32538,09:02:18,32100.0,08:55:00,32567,09:02:47,29,00:00:29,doors opened
07/14/2025,12,4107,Monday,Weekday,West,15648602,30000,08:20:00,30214,08:23:34,25,12891,1475 Washington Ave (12891),0,0,10,,,32387,08:59:47,,,32387,08:59:47,0,00:00:00,door not opened
07/14/2025,12,4107,Monday,Weekday,West,15648602,30000,08:20:00,30214,08:23:34,24,7216,SUNY Collins Circle (07216),0,4,10,31740.0,08:49:00,32182,08:56:22,31740.0,08:49:00,32198,08:56:38,16,00:00:16,doors opened
07/14/2025,12,4107,Monday,Weekday,West,15648602,30000,08:20:00,30214,08:23:34,23,3262,1383 Washington Ave (Fairfield Inn) (03262),0,5,14,,,32024,08:53:44,,,32042,08:54:02,18,00:00:18,doors opened
07/14/2025,12,4107,Monday,Weekday,West,15648602,30000,08:20:00,30214,08:23:34,22,976,Washington Ave & Brevator St (00976),0,1,19,,,31894,08:51:34,,,31906,08:51:46,12,00:00:12,doors opened
07/14/2025,12,4107,Monday,Weekday,West,15648602,30000,08:20:00,30214,08:23:34,21,1959,Washington Ave & Colvin Ave (01959),1,1,20,,,31842,08:50:42,,,31870,08:51:10,28,00:00:28,doors opened
07/14/2025,12,4107,Monday,Weekday,West,15648602,30000,08:20:00,30214,08:23:34,20,3399,Washington Ave & Danker Ave (03399),0,0,20,,,31820,08:50:20,,,31820,08:50:20,0,00:00:00,door not opened
07/14/2025,12,4107,Monday,Weekday,West,15648602,30000,08:20:00,30214,08:23:34,19,1849,Washington Ave & Homestead Ave (01849),1,0,20,,,31770,08:49:30,,,31786,08:49:46,16,00:00:16,doors opened
07/14/2025,12,4107,Monday,Weekday,West,15648602,30000,08:20:00,30214,08:23:34,18,1846,Washington Ave & Manning Blvd (01846),0,0,19,,,31747,08:49:07,,,31747,08:49:07,0,00:00:00,door not opened
07/14/2025,12,4107,Monday,Weekday,West,15648602,30000,08:20:00,30214,08:23:34,17,3287,Washington Ave & N. Allen St (03287),3,0,19,31260.0,08:41:00,31654,08:47:34,31260.0,08:41:00,31682,08:48:02,28,00:00:28,doors opened
07/14/2025,12,4107,Monday,Weekday,West,15648602,30000,08:20:00,30214,08:23:34,16,3264,Washington Ave & N. Main Ave (03264),2,2,16,,,31590,08:46:30,,,31618,08:46:58,28,00:00:28,doors opened
07/14/2025,12,4107,Monday,Weekday,West,15648602,30000,08:20:00,30214,08:23:34,15,1839,Washington Ave & Partridge St (01839),0,20,16,,,31437,08:43:57,,,31490,08:44:50,53,00:00:53,doors opened
07/14/2025,12,4107,Monday,Weekday,West,15648602,30000,08:20:00,30214,08:23:34,14,1841,Washington Ave & Ontario St (01841),0,6,36,31020.0,08:37:00,31368,08:42:48,31020.0,08:37:00,31414,08:43:34,46,00:00:46,doors opened
07/14/2025,12,4107,Monday,Weekday,West,15648602,30000,08:20:00,30214,08:23:34,13,1842,Washington Ave & Quail St (01842),5,1,42,,,31306,08:41:46,,,31342,08:42:22,36,00:00:36,doors opened
07/14/2025,12,4107,Monday,Weekday,West,15648602,30000,08:20:00,30214,08:23:34,12,1837,Washington Ave & N. Lake Ave (01837),0,0,38,,,31284,08:41:24,,,31284,08:41:24,0,00:00:00,door not opened
07/14/2025,12,4107,Monday,Weekday,West,15648602,30000,08:20:00,30214,08:23:34,11,1843,Washington Ave & Robin St (01843),0,0,38,,,31234,08:40:34,,,31234,08:40:34,0,00:00:00,door not opened
07/14/2025,12,4107,Monday,Weekday,West,15648602,30000,08:20:00,30214,08:23:34,10,12943,Washington Ave & Lexington Ave (12943),1,0,38,,,31170,08:39:30,,,31205,08:40:05,35,00:00:35,doors opened
07/14/2025,12,4107,Monday,Weekday,West,15648602,30000,08:20:00,30214,08:23:34,9,12942,Washington Ave & Henry Johnson Blvd (12942),1,0,37,,,31119,08:38:39,,,31132,08:38:52,13,00:00:13,doors opened
07/14/2025,12,4107,Monday,Weekday,West,15648602,30000,08:20:00,30214,08:23:34,8,3239,Lark/Library Station - Washington Ave & Lark St (03239),10,2,36,30600.0,08:30:00,30998,08:36:38,30600.0,08:30:00,31061,08:37:41,63,00:01:03,doors opened
07/14/2025,12,4107,Monday,Weekday,West,15648602,30000,08:20:00,30214,08:23:34,7,3301,Washington Ave & S. Swan St (03301),2,1,28,,,30923,08:35:23,,,30958,08:35:58,35,00:00:35,doors opened
07/14/2025,12,4107,Monday,Weekday,West,15648602,30000,08:20:00,30214,08:23:34,6,3250,Hawk/Capitol Station - Washington Ave & Hawk St (03250),2,3,27,,,30807,08:33:27,,,30895,08:34:55,88,00:01:28,doors opened
07/14/2025,12,4107,Monday,Weekday,West,15648602,30000,08:20:00,30214,08:23:34,5,10087,State St & Eagle St (10087),0,0,28,,,30781,08:33:01,,,30781,08:33:01,0,00:00:00,door not opened
07/14/2025,12,4107,Monday,Weekday,West,15650426,50400,14:00:00,50436,14:00:36,27,7175,Crossgates Mall Station (07175),0,4,0,52860.0,14:41:00,52762,14:39:22,52860.0,14:41:00,52762,14:39:22,0,00:00:00,doors opened
07/14/2025,12,4107,Monday,Weekday,West,15650426,50400,14:00:00,50436,14:00:36,26,12828,Crossgates Commons Station (12828),0,10,4,52440.0,14:34:00,52487,14:34:47,52440.0,14:34:00,52517,14:35:17,30,00:00:30,doors opened
07/14/2025,12,4107,Monday,Weekday,West,15650426,50400,14:00:00,50436,14:00:36,25,12891,1475 Washington Ave (12891),0,0,14,,,52282,14:31:22,,,52282,14:31:22,0,00:00:00,door not opened
07/14/2025,12,4107,Monday,Weekday,West,15650426,50400,14:00:00,50436,14:00:36,24,7216,SUNY Collins Circle (07216),0,0,14,52080.0,14:28:00,52124,14:28:44,52080.0,14:28:00,52135,14:28:55,11,00:00:11,doors opened
07/14/2025,12,4107,Monday,Weekday,West,15650426,50400,14:00:00,50436,14:00:36,23,3262,1383 Washington Ave (Fairfield Inn) (03262),2,1,14,,,51992,14:26:32,,,52009,14:26:49,17,00:00:17,doors opened
07/14/2025,12,4107,Monday,Weekday,West,15650426,50400,14:00:00,50436,14:00:36,22,976,Washington Ave & Brevator St (00976),0,1,13,,,51843,14:24:03,,,51872,14:24:32,29,00:00:29,doors opened
07/14/2025,12,4107,Monday,Weekday,West,15650426,50400,14:00:00,50436,14:00:36,21,1959,Washington Ave & Colvin Ave (01959),0,0,14,,,51820,14:23:40,,,51820,14:23:40,0,00:00:00,door not opened
07/14/2025,12,4107,Monday,Weekday,West,15650426,50400,14:00:00,50436,14:00:36,20,3399,Washington Ave & Danker Ave (03399),0,0,14,,,51773,14:22:53,,,51773,14:22:53,0,00:00:00,door not opened
07/14/2025,12,4107,Monday,Weekday,West,15650426,50400,14:00:00,50436,14:00:36,19,1849,Washington Ave & Homestead Ave (01849),0,0,14,,,51752,14:22:32,,,51752,14:22:32,0,00:00:00,door not opened
07/14/2025,12,4107,Monday,Weekday,West,15650426,50400,14:00:00,50436,14:00:36,18,1846,Washington Ave & Manning Blvd (01846),0,0,14,,,51734,14:22:14,,,51734,14:22:14,0,00:00:00,door not opened
07/14/2025,12,4107,Monday,Weekday,West,15650426,50400,14:00:00,50436,14:00:36,17,3287,Washington Ave & N. Allen St (03287),2,4,14,51660.0,14:21:00,51646,14:20:46,51660.0,14:21:00,51701,14:21:41,55,00:00:55,doors opened
07/14/2025,12,4107,Monday,Weekday,West,15650426,50400,14:00:00,50436,14:00:36,16,3264,Washington Ave & N. Main Ave (03264),1,0,16,,,51591,14:19:51,,,51608,14:20:08,17,00:00:17,doors opened
07/14/2025,12,4107,Monday,Weekday,West,15650426,50400,14:00:00,50436,14:00:36,15,1839,Washington Ave & Partridge St (01839),0,0,15,,,51498,14:18:18,,,51498,14:18:18,0,00:00:00,door not opened
07/14/2025,12,4107,Monday,Weekday,West,15650426,50400,14:00:00,50436,14:00:36,14,1841,Washington Ave & Ontario St (01841),0,0,15,51360.0,14:16:00,51469,14:17:49,51360.0,14:16:00,51469,14:17:49,0,00:00:00,door not opened
07/14/2025,12,4107,Monday,Weekday,West,15650426,50400,14:00:00,50436,14:00:36,13,1842,Washington Ave & Quail St (01842),2,0,15,,,51350,14:15:50,,,51444,14:17:24,94,00:01:34,doors opened
07/14/2025,12,4107,Monday,Weekday,West,15650426,50400,14:00:00,50436,14:00:36,12,1837,Washington Ave & N. Lake Ave (01837),0,1,13,,,51273,14:14:33,,,51316,14:15:16,43,00:00:43,doors opened
07/14/2025,12,4107,Monday,Weekday,West,15650426,50400,14:00:00,50436,14:00:36,11,1843,Washington Ave & Robin St (01843),2,0,14,,,51224,14:13:44,,,51242,14:14:02,18,00:00:18,doors opened
07/14/2025,12,4107,Monday,Weekday,West,15650426,50400,14:00:00,50436,14:00:36,10,12943,Washington Ave & Lexington Ave (12943),0,0,12,,,51198,14:13:18,,,51198,14:13:18,0,00:00:00,door not opened
07/14/2025,12,4107,Monday,Weekday,West,15650426,50400,14:00:00,50436,14:00:36,9,12942,Washington Ave & Henry Johnson Blvd (12942),3,2,12,,,51133,14:12:13,,,51165,14:12:45,32,00:00:32,doors opened
07/14/2025,12,4107,Monday,Weekday,West,15650426,50400,14:00:00,50436,14:00:36,8,3239,Lark/Library Station - Washington Ave & Lark St (03239),2,4,11,50940.0,14:09:00,51068,14:11:08,50940.0,14:09:00,51088,14:11:28,20,00:00:20,doors opened
07/14/2025,12,4107,Monday,Weekday,West,15650426,50400,14:00:00,50436,14:00:36,7,3301,Washington Ave & S. Swan St (03301),2,0,13,,,50920,14:08:40,,,51001,14:10:01,81,00:01:21,doors opened
07/14/2025,12,4107,Monday,Weekday,West,15650426,50400,14:00:00,50436,14:00:36,6,3250,Hawk/Capitol Station - Washington Ave & Hawk St (03250),0,1,11,,,50877,14:07:57,,,50887,14:08:07,10,00:00:10,doors opened
07/14/2025,12,4107,Monday,Weekday,West,15650426,50400,14:00:00,50436,14:00:36,5,10087,State St & Eagle St (10087),0,0,12,,,50848,14:07:28,,,50848,14:07:28,0,00:00:00,door not opened
07/14/2025,12,4107,Monday,Weekday,West,15650426,50400,14:00:00,50436,14:00:36,4,2665,State/Downtown Station - State St & Lodge St (02665),6,0,12,50640.0,14:04:00,50727,14:05:27,50640.0,14:04:00,50768,14:06:08,41,00:00:41,doors opened
07/14/2025,12,4107,Monday,Weekday,West,15650426,50400,14:00:00,50436,14:00:36,3,3221,State Station - N. Pearl St & Ten Eyck Plaza (03221),5,0,6,,,50598,14:03:18,,,50701,14:05:01,103,00:01:43,doors opened
07/14/2025,12,4107,Monday,Weekday,West,15650426,50400,14:00:00,50436,14:00:36,2,3233,N. Pearl St & Sheridan Ave (03233),0,0,1,,,50542,14:02:22,,,50542,14:02:22,0,00:00:00,door not opened
07/14/2025,12,4107,Monday,Weekday,West,15650426,50400,14:00:00,50436,14:00:36,1,2168,Clinton Square Station - N. Pearl St & Clinton Ave (02168),1,0,1,,,50484,14:01:24,,,50498,14:01:38,14,00:00:14,doors opened
07/14/2025,12,4107,Monday,Weekday,West,15650426,50400,14:00:00,50436,14:00:36,0,9018,Broadway & Orange St (09018),0,0,0,50400.0,14:00:00,50436,14:00:36,50400.0,14:00:00,50436,14:00:36,0,00:00:00,door not opened
07/14/2025,12,4107,Monday,Weekday,East,15650423,47700,13:15:00,47697,13:14:57,24,3940,Broadway & Steuben St (03940),0,0,0,49860.0,13:51:00,49706,13:48:26,49860.0,13:51:00,49706,13:48:26,0,00:00:00,door not opened
07/14/2025,12,4107,Monday,Weekday,East,15650423,47700,13:15:00,47697,13:14:57,23,2509,State/Downtown Station - State St & S. Pearl St (02509),0,3,0,49680.0,13:48:00,49582,13:46:22,49680.0,13:48:00,49622,13:47:02,40,00:00:40,doors opened
07/14/2025,12,4107,Monday,Weekday,East,15650423,47700,13:15:00,47697,13:14:57,22,1787,State St & Eagle St (01787),0,0,3,,,49558,13:45:58,,,49558,13:45:58,0,00:00:00,door not opened
07/14/2025,12,4107,Monday,Weekday,East,15650423,47700,13:15:00,47697,13:14:57,21,2706,Hawk/Capitol Station - Washington Ave & Hawk St (02706),0,0,3,,,49519,13:45:19,,,49519,13:45:19,0,00:00:00,door not opened
07/14/2025,12,4107,Monday,Weekday,East,15650423,47700,13:15:00,47697,13:14:57,20,1789,Washington Ave & S. Swan St (01789),0,0,3,,,49498,13:44:58,,,49498,13:44:58,0,00:00:00,door not opened
07/14/2025,12,4107,Monday,Weekday,East,15650423,47700,13:15:00,47697,13:14:57,19,1788,Washington Ave & Dove St (01788),0,0,3,,,49428,13:43:48,,,49428,13:43:48,0,00:00:00,door not opened
07/14/2025,12,4107,Monday,Weekday,East,15650423,47700,13:15:00,47697,13:14:57,18,2663,Lark/Library Station - Washington Ave & Lark St (02663),0,2,3,49380.0,13:43:00,49369,13:42:49,49380.0,13:43:00,49386,13:43:06,17,00:00:17,doors opened
07/14/2025,12,4107,Monday,Weekday,East,15650423,47700,13:15:00,47697,13:14:57,17,263,Washington Ave & Henry Johnson Blvd (00263),0,0,5,,,49311,13:41:51,,,49311,13:41:51,0,00:00:00,door not opened
07/14/2025,12,4107,Monday,Weekday,East,15650423,47700,13:15:00,47697,13:14:57,16,2096,Washington Ave & Lexington Ave (02096),0,0,5,,,49215,13:40:15,,,49215,13:40:15,0,00:00:00,door not opened
07/14/2025,12,4107,Monday,Weekday,East,15650423,47700,13:15:00,47697,13:14:57,15,3253,Washington Ave & Robin St (Draper Hall) (03253),0,0,5,,,49184,13:39:44,,,49184,13:39:44,0,00:00:00,door not opened
07/14/2025,12,4107,Monday,Weekday,East,15650423,47700,13:15:00,47697,13:14:57,14,2109,Washington Ave & N. Lake Ave (02109),0,0,5,,,49161,13:39:21,,,49161,13:39:21,0,00:00:00,door not opened
07/14/2025,12,4107,Monday,Weekday,East,15650423,47700,13:15:00,47697,13:14:57,13,3255,Washington Ave & Quail St (03255),0,4,5,,,49074,13:37:54,,,49108,13:38:28,34,00:00:34,doors opened
07/14/2025,12,4107,Monday,Weekday,East,15650423,47700,13:15:00,47697,13:14:57,12,3256,Washington Ave & Ontario St (03256),1,1,9,48960.0,13:36:00,49034,13:37:14,48960.0,13:36:00,49051,13:37:31,17,00:00:17,doors opened
07/14/2025,12,4107,Monday,Weekday,East,15650423,47700,13:15:00,47697,13:14:57,11,2107,Washington Ave & Partridge St (02107),0,0,9,,,49015,13:36:55,,,49015,13:36:55,0,00:00:00,door not opened
07/14/2025,12,4107,Monday,Weekday,East,15650423,47700,13:15:00,47697,13:14:57,10,3257,Washington Ave & N. Main Ave (03257),0,0,9,,,48922,13:35:22,,,48922,13:35:22,0,00:00:00,door not opened
07/14/2025,12,4107,Monday,Weekday,East,15650423,47700,13:15:00,47697,13:14:57,9,1796,Washington Ave & N. Allen St (01796),1,0,9,48780.0,13:33:00,48873,13:34:33,48780.0,13:33:00,48887,13:34:47,14,00:00:14,doors opened
07/14/2025,12,4107,Monday,Weekday,East,15650423,47700,13:15:00,47697,13:14:57,8,11581,Washington Ave & Manning Blvd (11581),1,0,8,,,48828,13:33:48,,,48841,13:34:01,13,00:00:13,doors opened
07/14/2025,12,4107,Monday,Weekday,East,15650423,47700,13:15:00,47697,13:14:57,7,2180,Washington Ave & Homestead Ave (02180),1,1,7,,,48779,13:32:59,,,48806,13:33:26,27,00:00:27,doors opened
07/14/2025,12,4107,Monday,Weekday,East,15650423,47700,13:15:00,47697,13:14:57,6,2182,Washington Ave & Hawthorne St (02182),0,0,7,,,48754,13:32:34,,,48754,13:32:34,0,00:00:00,door not opened
07/14/2025,12,4107,Monday,Weekday,East,15650423,47700,13:15:00,47697,13:14:57,5,3304,Washington Ave & Clermont St (03304),0,0,7,,,48723,13:32:03,,,48723,13:32:03,0,00:00:00,door not opened
07/14/2025,12,4107,Monday,Weekday,East,15650423,47700,13:15:00,47697,13:14:57,4,3348,Washington Ave & Brevator St (03348),1,1,7,,,48674,13:31:14,,,48687,13:31:27,13,00:00:13,doors opened
07/14/2025,12,4107,Monday,Weekday,East,15650423,47700,13:15:00,47697,13:14:57,3,10134,Washington Ave & SUNY Exit Rd (10134),0,0,7,,,48555,13:29:15,,,48555,13:29:15,0,00:00:00,door not opened
07/14/2025,12,4107,Monday,Weekday,East,15650423,47700,13:15:00,47697,13:14:57,2,7216,SUNY Collins Circle (07216),1,0,7,48300.0,13:25:00,48446,13:27:26,48300.0,13:25:00,48459,13:27:39,13,00:00:13,doors opened
07/14/2025,12,4107,Monday,Weekday,East,15650423,47700,13:15:00,47697,13:14:57,1,12827,Crossgates Commons Station (12827),4,1,6,48000.0,13:20:00,48027,13:20:27,48000.0,13:20:00,48209,13:23:29,182,00:03:02,doors opened
07/14/2025,12,4107,Monday,Weekday,East,15650423,47700,13:15:00,47697,13:14:57,0,7175,Crossgates Mall Station (07175),3,0,3,47700.0,13:15:00,47697,13:14:57,47700.0,13:15:00,47697,13:14:57,0,00:00:00,doors opened
07/14/2025,12,4120,Monday,Weekday,East,15649537,32100,08:55:00,32144,08:55:44,24,3940,Broadway & Steuben St (03940),0,0,0,34200.0,09:30:00,34028,09:27:08,34200.0,09:30:00,34028,09:27:08,0,00:00:00,door not opened
07/14/2025,12,4120,Monday,Weekday,East,15649537,32100,08:55:00,32144,08:55:44,23,2509,State/Downtown Station - State St & S. Pearl St (02509),0,3,0,34020.0,09:27:00,33936,09:25:36,34020.0,09:27:00,33950,09:25:50,14,00:00:14,doors opened
07/14/2025,12,4120,Monday,Weekday,East,15649537,32100,08:55:00,32144,08:55:44,22,1787,State St & Eagle St (01787),0,0,3,,,33914,09:25:14,,,33914,09:25:14,0,00:00:00,door not opened
07/14/2025,12,4120,Monday,Weekday,East,15649537,32100,08:55:00,32144,08:55:44,21,2706,Hawk/Capitol Station - Washington Ave & Hawk St (02706),0,0,3,,,33877,09:24:37,,,33877,09:24:37,0,00:00:00,door not opened
07/14/2025,12,4120,Monday,Weekday,East,15649537,32100,08:55:00,32144,08:55:44,20,1789,Washington Ave & S. Swan St (01789),0,0,3,,,33861,09:24:21,,,33861,09:24:21,0,00:00:00,door not opened
07/14/2025,12,4120,Monday,Weekday,East,15649537,32100,08:55:00,32144,08:55:44,19,1788,Washington Ave & Dove St (01788),2,1,3,,,33804,09:23:24,,,33837,09:23:57,33,00:00:33,doors opened
07/14/2025,12,4120,Monday,Weekday,East,15649537,32100,08:55:00,32144,08:55:44,18,2663,Lark/Library Station - Washington Ave & Lark St (02663),0,2,2,33660.0,09:21:00,33755,09:22:35,33660.0,09:21:00,33781,09:23:01,26,00:00:26,doors opened
07/14/2025,12,4120,Monday,Weekday,East,15649537,32100,08:55:00,32144,08:55:44,17,263,Washington Ave & Henry Johnson Blvd (00263),0,1,4,,,33720,09:22:00,,,33731,09:22:11,11,00:00:11,doors opened
07/14/2025,12,4120,Monday,Weekday,East,15649537,32100,08:55:00,32144,08:55:44,16,2096,Washington Ave & Lexington Ave (02096),0,0,5,,,33669,09:21:09,,,33669,09:21:09,0,00:00:00,door not opened
07/14/2025,12,4120,Monday,Weekday,East,15649537,32100,08:55:00,32144,08:55:44,15,3253,Washington Ave & Robin St (Draper Hall) (03253),0,0,5,,,33653,09:20:53,,,33653,09:20:53,0,00:00:00,door not opened
07/14/2025,12,4120,Monday,Weekday,East,15649537,32100,08:55:00,32144,08:55:44,14,2109,Washington Ave & N. Lake Ave (02109),0,0,5,,,33628,09:20:28,,,33628,09:20:28,0,00:00:00,door not opened
07/14/2025,12,4120,Monday,Weekday,East,15649537,32100,08:55:00,32144,08:55:44,13,3255,Washington Ave & Quail St (03255),2,0,5,,,33549,09:19:09,,,33601,09:20:01,52,00:00:52,doors opened
07/14/2025,12,4120,Monday,Weekday,East,15649537,32100,08:55:00,32144,08:55:44,12,3256,Washington Ave & Ontario St (03256),1,0,3,33300.0,09:15:00,33505,09:18:25,33300.0,09:15:00,33524,09:18:44,19,00:00:19,doors opened
07/14/2025,12,4120,Monday,Weekday,East,15649537,32100,08:55:00,32144,08:55:44,11,2107,Washington Ave & Partridge St (02107),0,0,2,,,33490,09:18:10,,,33490,09:18:10,0,00:00:00,door not opened
07/14/2025,12,4120,Monday,Weekday,East,15649537,32100,08:55:00,32144,08:55:44,10,3257,Washington Ave & N. Main Ave (03257),0,0,2,,,33426,09:17:06,,,33426,09:17:06,0,00:00:00,door not opened
07/14/2025,12,4120,Monday,Weekday,East,15649537,32100,08:55:00,32144,08:55:44,9,1796,Washington Ave & N. Allen St (01796),0,0,2,33180.0,09:13:00,33365,09:16:05,33180.0,09:13:00,33365,09:16:05,0,00:00:00,door not opened
07/14/2025,12,4120,Monday,Weekday,East,15649537,32100,08:55:00,32144,08:55:44,8,11581,Washington Ave & Manning Blvd (11581),0,0,2,,,33298,09:14:58,,,33298,09:14:58,0,00:00:00,door not opened
07/14/2025,12,4120,Monday,Weekday,East,15649537,32100,08:55:00,32144,08:55:44,7,2180,Washington Ave & Homestead Ave (02180),1,0,2,,,33240,09:14:00,,,33273,09:14:33,33,00:00:33,doors opened
07/14/2025,12,4120,Monday,Weekday,East,15649537,32100,08:55:00,32144,08:55:44,6,2182,Washington Ave & Hawthorne St (02182),1,0,1,,,33150,09:12:30,,,33214,09:13:34,64,00:01:04,doors opened
07/14/2025,12,4120,Monday,Weekday,East,15649537,32100,08:55:00,32144,08:55:44,5,3304,Washington Ave & Clermont St (03304),0,1,0,,,33081,09:11:21,,,33123,09:12:03,42,00:00:42,doors opened
07/14/2025,12,4120,Monday,Weekday,East,15649537,32100,08:55:00,32144,08:55:44,4,3348,Washington Ave & Brevator St (03348),0,0,1,,,33069,09:11:09,,,33069,09:11:09,0,00:00:00,door not opened
07/14/2025,12,4120,Monday,Weekday,East,15649537,32100,08:55:00,32144,08:55:44,3,10134,Washington Ave & SUNY Exit Rd (10134),0,1,1,,,32917,09:08:37,,,32952,09:09:12,35,00:00:35,doors opened
07/14/2025,12,4120,Monday,Weekday,East,15649537,32100,08:55:00,32144,08:55:44,2,7216,SUNY Collins Circle (07216),1,0,2,32700.0,09:05:00,32804,09:06:44,32700.0,09:05:00,32818,09:06:58,14,00:00:14,doors opened
07/14/2025,12,4120,Monday,Weekday,East,15649537,32100,08:55:00,32144,08:55:44,1,12827,Crossgates Commons Station (12827),1,1,1,32400.0,09:00:00,32406,09:00:06,32400.0,09:00:00,32549,09:02:29,143,00:02:23,doors opened
07/14/2025,12,4120,Monday,Weekday,East,15649537,32100,08:55:00,32144,08:55:44,0,7175,Crossgates Mall Station (07175),1,0,1,32100.0,08:55:00,32144,08:55:44,32100.0,08:55:00,32144,08:55:44,0,00:00:00,doors opened
07/14/2025,12,4120,Monday,Weekday,West,15649540,34800,09:40:00,34796,09:39:56,27,7175,Crossgates Mall Station (07175),0,9,0,37200.0,10:20:00,37008,10:16:48,37200.0,10:20:00,37008,10:16:48,0,00:00:00,doors opened
07/14/2025,12,4120,Monday,Weekday,West,15649540,34800,09:40:00,34796,09:39:56,26,12828,Crossgates Commons Station (12828),2,10,9,36780.0,10:13:00,36726,10:12:06,36780.0,10:13:00,36779,10:12:59,53,00:00:53,doors opened
07/14/2025,12,4120,Monday,Weekday,West,15649540,34800,09:40:00,34796,09:39:56,25,12891,1475 Washington Ave (12891),0,0,17,,,36551,10:09:11,,,36551,10:09:11,0,00:00:00,door not opened
07/14/2025,12,4120,Monday,Weekday,West,15649540,34800,09:40:00,34796,09:39:56,24,7216,SUNY Collins Circle (07216),0,6,17,36420.0,10:07:00,36354,10:05:54,36420.0,10:07:00,36372,10:06:12,18,00:00:18,doors opened
07/14/2025,12,4120,Monday,Weekday,West,15649540,34800,09:40:00,34796,09:39:56,23,3262,1383 Washington Ave (Fairfield Inn) (03262),0,1,23,,,36243,10:04:03,,,36257,10:04:17,14,00:00:14,doors opened
07/14/2025,12,4120,Monday,Weekday,West,15649540,34800,09:40:00,34796,09:39:56,22,976,Washington Ave & Brevator St (00976),0,1,24,,,36104,10:01:44,,,36118,10:01:58,14,00:00:14,doors opened
07/14/2025,12,4120,Monday,Weekday,West,15649540,34800,09:40:00,34796,09:39:56,21,1959,Washington Ave & Colvin Ave (01959),0,0,25,,,36078,10:01:18,,,36078,10:01:18,0,00:00:00,door not opened
07/14/2025,12,4120,Monday,Weekday,West,15649540,34800,09:40:00,34796,09:39:56,20,3399,Washington Ave & Danker Ave (03399),1,1,25,,,36026,10:00:26,,,36044,10:00:44,18,00:00:18,doors opened
07/14/2025,12,4120,Monday,Weekday,West,15649540,34800,09:40:00,34796,09:39:56,19,1849,Washington Ave & Homestead Ave (01849),1,0,25,,,35988,09:59:48,,,36000,10:00:00,12,00:00:12,doors opened
07/14/2025,12,4120,Monday,Weekday,West,15649540,34800,09:40:00,34796,09:39:56,18,1846,Washington Ave & Manning Blvd (01846),1,0,24,,,35924,09:58:44,,,35952,09:59:12,28,00:00:28,doors opened
07/14/2025,12,4120,Monday,Weekday,West,15649540,34800,09:40:00,34796,09:39:56,17,3287,Washington Ave & N. Allen St (03287),4,0,23,36000.0,10:00:00,35859,09:57:39,36000.0,10:00:00,35887,09:58:07,28,00:00:28,doors opened
07/14/2025,12,4120,Monday,Weekday,West,15649540,34800,09:40:00,34796,09:39:56,16,3264,Washington Ave & N. Main Ave (03264),2,0,19,,,35781,09:56:21,,,35821,09:57:01,40,00:00:40,doors opened
07/14/2025,12,4120,Monday,Weekday,West,15649540,34800,09:40:00,34796,09:39:56,15,1839,Washington Ave & Partridge St (01839),0,7,17,,,35667,09:54:27,,,35688,09:54:48,21,00:00:21,doors opened
07/14/2025,12,4120,Monday,Weekday,West,15649540,34800,09:40:00,34796,09:39:56,14,1841,Washington Ave & Ontario St (01841),1,0,24,35760.0,09:56:00,35621,09:53:41,35760.0,09:56:00,35639,09:53:59,18,00:00:18,doors opened
07/14/2025,12,4120,Monday,Weekday,West,15649540,34800,09:40:00,34796,09:39:56,13,1842,Washington Ave & Quail St (01842),3,0,23,,,35570,09:52:50,,,35593,09:53:13,23,00:00:23,doors opened
07/14/2025,12,4120,Monday,Weekday,West,15649540,34800,09:40:00,34796,09:39:56,12,1837,Washington Ave & N. Lake Ave (01837),1,0,20,,,35502,09:51:42,,,35541,09:52:21,39,00:00:39,doors opened
07/14/2025,12,4120,Monday,Weekday,West,15649540,34800,09:40:00,34796,09:39:56,11,1843,Washington Ave & Robin St (01843),1,0,19,,,35450,09:50:50,,,35476,09:51:16,26,00:00:26,doors opened
07/14/2025,12,4120,Monday,Weekday,West,15649540,34800,09:40:00,34796,09:39:56,10,12943,Washington Ave & Lexington Ave (12943),5,0,18,,,35373,09:49:33,,,35420,09:50:20,47,00:00:47,doors opened
07/14/2025,12,4120,Monday,Weekday,West,15649540,34800,09:40:00,34796,09:39:56,9,12942,Washington Ave & Henry Johnson Blvd (12942),3,0,13,,,35326,09:48:46,,,35342,09:49:02,16,00:00:16,doors opened
07/14/2025,12,4120,Monday,Weekday,West,15649540,34800,09:40:00,34796,09:39:56,8,3239,Lark/Library Station - Washington Ave & Lark St (03239),2,1,10,35340.0,09:49:00,35202,09:46:42,35340.0,09:49:00,35277,09:47:57,75,00:01:15,doors opened
07/14/2025,12,4120,Monday,Weekday,West,15649540,34800,09:40:00,34796,09:39:56,7,3301,Washington Ave & S. Swan St (03301),0,0,9,,,35162,09:46:02,,,35162,09:46:02,0,00:00:00,door not opened
07/14/2025,12,4120,Monday,Weekday,West,15649540,34800,09:40:00,34796,09:39:56,6,3250,Hawk/Capitol Station - Washington Ave & Hawk St (03250),0,1,9,,,35106,09:45:06,,,35116,09:45:16,10,00:00:10,doors opened
07/14/2025,12,4120,Monday,Weekday,West,15649540,34800,09:40:00,34796,09:39:56,5,10087,State St & Eagle St (10087),0,0,10,,,35079,09:44:39,,,35079,09:44:39,0,00:00:00,door not opened
07/14/2025,12,4120,Monday,Weekday,West,15649540,34800,09:40:00,34796,09:39:56,4,2665,State/Downtown Station - State St & Lodge St (02665),3,0,10,35040.0,09:44:00,34965,09:42:45,35040.0,09:44:00,34988,09:43:08,23,00:00:23,doors opened
07/14/2025,12,4120,Monday,Weekday,West,15649540,34800,09:40:00,34796,09:39:56,3,3221,State Station - N. Pearl St & Ten Eyck Plaza (03221),6,0,7,,,34895,09:41:35,,,34935,09:42:15,40,00:00:40,doors opened
07/14/2025,12,4120,Monday,Weekday,West,15649540,34800,09:40:00,34796,09:39:56,2,3233,N. Pearl St & Sheridan Ave (03233),0,0,1,,,34854,09:40:54,,,34854,09:40:54,0,00:00:00,door not opened
07/14/2025,12,4120,Monday,Weekday,West,15649540,34800,09:40:00,34796,09:39:56,1,2168,Clinton Square Station - N. Pearl St & Clinton Ave (02168),0,0,1,,,34822,09:40:22,,,34822,09:40:22,0,00:00:00,door not opened
07/14/2025,12,4120,Monday,Weekday,West,15649540,34800,09:40:00,34796,09:39:56,0,9018,Broadway & Orange St (09018),0,0,1,34800.0,09:40:00,34796,09:39:56,34800.0,09:40:00,34796,09:39:56,0,00:00:00,door not opened
07/14/2025,12,4120,Monday,Weekday,East,15649545,42900,11:55:00,43079,11:57:59,24,3940,Broadway & Steuben St (03940),0,0,0,45000.0,12:30:00,45620,12:40:20,45000.0,12:30:00,45620,12:40:20,0,00:00:00,door not opened
07/14/2025,12,4120,Monday,Weekday,East,15649545,42900,11:55:00,43079,11:57:59,23,2509,State/Downtown Station - State St & S. Pearl St (02509),0,17,0,44820.0,12:27:00,45019,12:30:19,44820.0,12:27:00,45057,12:30:57,38,00:00:38,doors opened
07/14/2025,12,4120,Monday,Weekday,East,15649545,42900,11:55:00,43079,11:57:59,22,1787,State St & Eagle St (01787),0,1,17,,,44983,12:29:43,,,45000,12:30:00,17,00:00:17,doors opened
07/14/2025,12,4120,Monday,Weekday,East,15649545,42900,11:55:00,43079,11:57:59,21,2706,Hawk/Capitol Station - Washington Ave & Hawk St (02706),0,0,18,,,44873,12:27:53,,,44873,12:27:53,0,00:00:00,door not opened
07/14/2025,12,4120,Monday,Weekday,East,15649545,42900,11:55:00,43079,11:57:59,20,1789,Washington Ave & S. Swan St (01789),0,0,18,,,44855,12:27:35,,,44855,12:27:35,0,00:00:00,door not opened
07/14/2025,12,4120,Monday,Weekday,East,15649545,42900,11:55:00,43079,11:57:59,19,1788,Washington Ave & Dove St (01788),0,0,18,,,44815,12:26:55,,,44815,12:26:55,0,00:00:00,door not opened
07/14/2025,12,4120,Monday,Weekday,East,15649545,42900,11:55:00,43079,11:57:59,18,2663,Lark/Library Station - Washington Ave & Lark St (02663),3,6,18,44520.0,12:22:00,44671,12:24:31,44520.0,12:22:00,44762,12:26:02,91,00:01:31,doors opened
07/14/2025,12,4120,Monday,Weekday,East,15649545,42900,11:55:00,43079,11:57:59,17,263,Washington Ave & Henry Johnson Blvd (00263),0,2,21,,,44585,12:23:05,,,44632,12:23:52,47,00:00:47,doors opened
07/14/2025,12,4120,Monday,Weekday,East,15649545,42900,11:55:00,43079,11:57:59,16,2096,Washington Ave & Lexington Ave (02096),0,4,23,,,44521,12:22:01,,,44556,12:22:36,35,00:00:35,doors opened
07/14/2025,12,4120,Monday,Weekday,East,15649545,42900,11:55:00,43079,11:57:59,15,3253,Washington Ave & Robin St (Draper Hall) (03253),0,0,27,,,44504,12:21:44,,,44504,12:21:44,0,00:00:00,door not opened
07/14/2025,12,4120,Monday,Weekday,East,15649545,42900,11:55:00,43079,11:57:59,14,2109,Washington Ave & N. Lake Ave (02109),0,3,27,,,44453,12:20:53,,,44479,12:21:19,26,00:00:26,doors opened
07/14/2025,12,4120,Monday,Weekday,East,15649545,42900,11:55:00,43079,11:57:59,13,3255,Washington Ave & Quail St (03255),1,0,30,,,44359,12:19:19,,,44427,12:20:27,68,00:01:08,doors opened
07/14/2025,12,4120,Monday,Weekday,East,15649545,42900,11:55:00,43079,11:57:59,12,3256,Washington Ave & Ontario St (03256),3,1,29,44160.0,12:16:00,44307,12:18:27,44160.0,12:16:00,44336,12:18:56,29,00:00:29,doors opened
07/14/2025,12,4120,Monday,Weekday,East,15649545,42900,11:55:00,43079,11:57:59,11,2107,Washington Ave & Partridge St (02107),16,0,27,,,44227,12:17:07,,,44286,12:18:06,59,00:00:59,doors opened
07/14/2025,12,4120,Monday,Weekday,East,15649545,42900,11:55:00,43079,11:57:59,10,3257,Washington Ave & N. Main Ave (03257),2,0,11,,,44134,12:15:34,,,44163,12:16:03,29,00:00:29,doors opened
07/14/2025,12,4120,Monday,Weekday,East,15649545,42900,11:55:00,43079,11:57:59,9,1796,Washington Ave & N. Allen St (01796),1,1,9,43980.0,12:13:00,44086,12:14:46,43980.0,12:13:00,44103,12:15:03,17,00:00:17,doors opened
07/14/2025,12,4120,Monday,Weekday,East,15649545,42900,11:55:00,43079,11:57:59,8,11581,Washington Ave & Manning Blvd (11581),0,0,9,,,44059,12:14:19,,,44059,12:14:19,0,00:00:00,door not opened
07/14/2025,12,4120,Monday,Weekday,East,15649545,42900,11:55:00,43079,11:57:59,7,2180,Washington Ave & Homestead Ave (02180),0,0,9,,,44040,12:14:00,,,44040,12:14:00,0,00:00:00,door not opened
07/14/2025,12,4120,Monday,Weekday,East,15649545,42900,11:55:00,43079,11:57:59,6,2182,Washington Ave & Hawthorne St (02182),0,0,9,,,44021,12:13:41,,,44021,12:13:41,0,00:00:00,door not opened
07/14/2025,12,4120,Monday,Weekday,East,15649545,42900,11:55:00,43079,11:57:59,5,3304,Washington Ave & Clermont St (03304),0,0,9,,,44007,12:13:27,,,44007,12:13:27,0,00:00:00,door not opened
07/14/2025,12,4120,Monday,Weekday,East,15649545,42900,11:55:00,43079,11:57:59,4,3348,Washington Ave & Brevator St (03348),0,0,9,,,43970,12:12:50,,,43970,12:12:50,0,00:00:00,door not opened
07/14/2025,12,4120,Monday,Weekday,East,15649545,42900,11:55:00,43079,11:57:59,3,10134,Washington Ave & SUNY Exit Rd (10134),1,1,9,,,43812,12:10:12,,,43826,12:10:26,14,00:00:14,doors opened
07/14/2025,12,4120,Monday,Weekday,East,15649545,42900,11:55:00,43079,11:57:59,2,7216,SUNY Collins Circle (07216),1,0,9,43500.0,12:05:00,43692,12:08:12,43500.0,12:05:00,43704,12:08:24,12,00:00:12,doors opened
07/14/2025,12,4120,Monday,Weekday,East,15649545,42900,11:55:00,43079,11:57:59,1,12827,Crossgates Commons Station (12827),6,0,8,43200.0,12:00:00,43403,12:03:23,43200.0,12:00:00,43489,12:04:49,86,00:01:26,doors opened
07/14/2025,12,4120,Monday,Weekday,East,15649545,42900,11:55:00,43079,11:57:59,0,7175,Crossgates Mall Station (07175),2,0,2,42900.0,11:55:00,43079,11:57:59,42900.0,11:55:00,43079,11:57:59,0,00:00:00,doors opened
07/14/2025,12,4120,Monday,Weekday,West,15649548,45600,12:40:00,45773,12:42:53,27,7175,Crossgates Mall Station (07175),0,7,0,48000.0,13:20:00,47753,13:15:53,48000.0,13:20:00,47753,13:15:53,0,00:00:00,doors opened
07/14/2025,12,4120,Monday,Weekday,West,15649548,45600,12:40:00,45773,12:42:53,26,12828,Crossgates Commons Station (12828),1,5,7,47580.0,13:13:00,47512,13:11:52,47580.0,13:13:00,47534,13:12:14,22,00:00:22,doors opened
07/14/2025,12,4120,Monday,Weekday,West,15649548,45600,12:40:00,45773,12:42:53,25,12891,1475 Washington Ave (12891),2,0,11,,,47309,13:08:29,,,47326,13:08:46,17,00:00:17,doors opened
07/14/2025,12,4120,Monday,Weekday,West,15649548,45600,12:40:00,45773,12:42:53,24,7216,SUNY Collins Circle (07216),2,2,9,47220.0,13:07:00,47152,13:05:52,47220.0,13:07:00,47170,13:06:10,18,00:00:18,doors opened
07/14/2025,12,4120,Monday,Weekday,West,15649548,45600,12:40:00,45773,12:42:53,23,3262,1383 Washington Ave (Fairfield Inn) (03262),0,2,9,,,47038,13:03:58,,,47055,13:04:15,17,00:00:17,doors opened
07/14/2025,12,4120,Monday,Weekday,West,15649548,45600,12:40:00,45773,12:42:53,22,976,Washington Ave & Brevator St (00976),0,0,11,,,46912,13:01:52,,,46912,13:01:52,0,00:00:00,door not opened
07/14/2025,12,4120,Monday,Weekday,West,15649548,45600,12:40:00,45773,12:42:53,21,1959,Washington Ave & Colvin Ave (01959),0,0,11,,,46890,13:01:30,,,46890,13:01:30,0,00:00:00,door not opened
07/14/2025,12,4120,Monday,Weekday,West,15649548,45600,12:40:00,45773,12:42:53,20,3399,Washington Ave & Danker Ave (03399),0,1,11,,,46859,13:00:59,,,46869,13:01:09,10,00:00:10,doors opened
07/14/2025,12,4120,Monday,Weekday,West,15649548,45600,12:40:00,45773,12:42:53,19,1849,Washington Ave & Homestead Ave (01849),0,1,12,,,46825,13:00:25,,,46836,13:00:36,11,00:00:11,doors opened
07/14/2025,12,4120,Monday,Weekday,West,15649548,45600,12:40:00,45773,12:42:53,18,1846,Washington Ave & Manning Blvd (01846),0,0,13,,,46805,13:00:05,,,46805,13:00:05,0,00:00:00,door not opened
07/14/2025,12,4120,Monday,Weekday,West,15649548,45600,12:40:00,45773,12:42:53,17,3287,Washington Ave & N. Allen St (03287),0,2,13,46800.0,13:00:00,46714,12:58:34,46800.0,13:00:00,46731,12:58:51,17,00:00:17,doors opened
07/14/2025,12,4120,Monday,Weekday,West,15649548,45600,12:40:00,45773,12:42:53,16,3264,Washington Ave & N. Main Ave (03264),1,0,15,,,46646,12:57:26,,,46681,12:58:01,35,00:00:35,doors opened
07/14/2025,12,4120,Monday,Weekday,West,15649548,45600,12:40:00,45773,12:42:53,15,1839,Washington Ave & Partridge St (01839),1,1,14,,,46545,12:55:45,,,46561,12:56:01,16,00:00:16,doors opened
07/14/2025,12,4120,Monday,Weekday,West,15649548,45600,12:40:00,45773,12:42:53,14,1841,Washington Ave & Ontario St (01841),2,1,14,46560.0,12:56:00,46491,12:54:51,46560.0,12:56:00,46522,12:55:22,31,00:00:31,doors opened
07/14/2025,12,4120,Monday,Weekday,West,15649548,45600,12:40:00,45773,12:42:53,13,1842,Washington Ave & Quail St (01842),3,1,13,,,46435,12:53:55,,,46470,12:54:30,35,00:00:35,doors opened
07/14/2025,12,4120,Monday,Weekday,West,15649548,45600,12:40:00,45773,12:42:53,12,1837,Washington Ave & N. Lake Ave (01837),0,1,11,,,46399,12:53:19,,,46410,12:53:30,11,00:00:11,doors opened
07/14/2025,12,4120,Monday,Weekday,West,15649548,45600,12:40:00,45773,12:42:53,11,1843,Washington Ave & Robin St (01843),1,1,12,,,46362,12:52:42,,,46378,12:52:58,16,00:00:16,doors opened
07/14/2025,12,4120,Monday,Weekday,West,15649548,45600,12:40:00,45773,12:42:53,10,12943,Washington Ave & Lexington Ave (12943),0,0,12,,,46339,12:52:19,,,46339,12:52:19,0,00:00:00,door not opened
07/14/2025,12,4120,Monday,Weekday,West,15649548,45600,12:40:00,45773,12:42:53,9,12942,Washington Ave & Henry Johnson Blvd (12942),2,1,12,,,46248,12:50:48,,,46270,12:51:10,22,00:00:22,doors opened
07/14/2025,12,4120,Monday,Weekday,West,15649548,45600,12:40:00,45773,12:42:53,8,3239,Lark/Library Station - Washington Ave & Lark St (03239),1,1,11,46140.0,12:49:00,46168,12:49:28,46140.0,12:49:00,46191,12:49:51,23,00:00:23,doors opened
07/14/2025,12,4120,Monday,Weekday,West,15649548,45600,12:40:00,45773,12:42:53,7,3301,Washington Ave & S. Swan St (03301),0,1,11,,,46097,12:48:17,,,46134,12:48:54,37,00:00:37,doors opened
07/14/2025,12,4120,Monday,Weekday,West,15649548,45600,12:40:00,45773,12:42:53,6,3250,Hawk/Capitol Station - Washington Ave & Hawk St (03250),2,0,12,,,46052,12:47:32,,,46074,12:47:54,22,00:00:22,doors opened
07/14/2025,12,4120,Monday,Weekday,West,15649548,45600,12:40:00,45773,12:42:53,5,10087,State St & Eagle St (10087),0,0,10,,,46017,12:46:57,,,46017,12:46:57,0,00:00:00,door not opened
07/14/2025,12,4120,Monday,Weekday,West,15649548,45600,12:40:00,45773,12:42:53,4,2665,State/Downtown Station - State St & Lodge St (02665),4,0,10,45840.0,12:44:00,45884,12:44:44,45840.0,12:44:00,45904,12:45:04,20,00:00:20,doors opened
07/14/2025,12,4120,Monday,Weekday,West,15649548,45600,12:40:00,45773,12:42:53,3,3221,State Station - N. Pearl St & Ten Eyck Plaza (03221),6,0,6,,,45809,12:43:29,,,45848,12:44:08,39,00:00:39,doors opened
07/14/2025,12,4120,Monday,Weekday,West,15649548,45600,12:40:00,45773,12:42:53,0,9018,Broadway & Orange St (09018),0,0,0,45600.0,12:40:00,45773,12:42:53,45600.0,12:40:00,45773,12:42:53,0,00:00:00,door not opened
07/14/2025,12,4165,Monday,Weekday,East,15652508,84300,23:25:00,84557,23:29:17,24,3940,Broadway & Steuben St (03940),0,0,0,86100.0,23:55:00,86151,23:55:51,86100.0,23:55:00,86151,23:55:51,0,00:00:00,door not opened
07/14/2025,12,4165,Monday,Weekday,East,15652508,84300,23:25:00,84557,23:29:17,23,2509,State/Downtown Station - State St & S. Pearl St (02509),0,5,0,85980.0,23:53:00,85941,23:52:21,85980.0,23:53:00,86033,23:53:53,92,00:01:32,doors opened
07/14/2025,12,4165,Monday,Weekday,East,15652508,84300,23:25:00,84557,23:29:17,22,1787,State St & Eagle St (01787),0,0,5,,,85923,23:52:03,,,85923,23:52:03,0,00:00:00,door not opened
07/14/2025,12,4165,Monday,Weekday,East,15652508,84300,23:25:00,84557,23:29:17,21,2706,Hawk/Capitol Station - Washington Ave & Hawk St (02706),0,0,5,,,85882,23:51:22,,,85882,23:51:22,0,00:00:00,door not opened
07/14/2025,12,4165,Monday,Weekday,East,15652508,84300,23:25:00,84557,23:29:17,20,1789,Washington Ave & S. Swan St (01789),0,0,5,,,85867,23:51:07,,,85867,23:51:07,0,00:00:00,door not opened
07/14/2025,12,4165,Monday,Weekday,East,15652508,84300,23:25:00,84557,23:29:17,19,1788,Washington Ave & Dove St (01788),0,0,5,,,85848,23:50:48,,,85848,23:50:48,0,00:00:00,door not opened
07/14/2025,12,4165,Monday,Weekday,East,15652508,84300,23:25:00,84557,23:29:17,18,2663,Lark/Library Station - Washington Ave & Lark St (02663),0,0,5,85740.0,23:49:00,85801,23:50:01,85740.0,23:49:00,85801,23:50:01,0,00:00:00,door not opened
07/14/2025,12,4165,Monday,Weekday,East,15652508,84300,23:25:00,84557,23:29:17,17,263,Washington Ave & Henry Johnson Blvd (00263),0,0,5,,,85780,23:49:40,,,85780,23:49:40,0,00:00:00,door not opened
07/14/2025,12,4165,Monday,Weekday,East,15652508,84300,23:25:00,84557,23:29:17,16,2096,Washington Ave & Lexington Ave (02096),0,0,5,,,85745,23:49:05,,,85745,23:49:05,0,00:00:00,door not opened
07/14/2025,12,4165,Monday,Weekday,East,15652508,84300,23:25:00,84557,23:29:17,15,3253,Washington Ave & Robin St (Draper Hall) (03253),0,0,5,,,85731,23:48:51,,,85731,23:48:51,0,00:00:00,door not opened
07/14/2025,12,4165,Monday,Weekday,East,15652508,84300,23:25:00,84557,23:29:17,14,2109,Washington Ave & N. Lake Ave (02109),0,0,5,,,85706,23:48:26,,,85706,23:48:26,0,00:00:00,door not opened
07/14/2025,12,4165,Monday,Weekday,East,15652508,84300,23:25:00,84557,23:29:17,13,3255,Washington Ave & Quail St (03255),0,2,5,,,85639,23:47:19,,,85654,23:47:34,15,00:00:15,doors opened
07/14/2025,12,4165,Monday,Weekday,East,15652508,84300,23:25:00,84557,23:29:17,12,3256,Washington Ave & Ontario St (03256),0,4,7,85440.0,23:44:00,85602,23:46:42,85440.0,23:44:00,85616,23:46:56,14,00:00:14,doors opened
07/14/2025,12,4165,Monday,Weekday,East,15652508,84300,23:25:00,84557,23:29:17,11,2107,Washington Ave & Partridge St (02107),0,1,11,,,85567,23:46:07,,,85577,23:46:17,10,00:00:10,doors opened
07/14/2025,12,4165,Monday,Weekday,East,15652508,84300,23:25:00,84557,23:29:17,10,3257,Washington Ave & N. Main Ave (03257),0,0,12,,,85508,23:45:08,,,85508,23:45:08,0,00:00:00,door not opened
07/14/2025,12,4165,Monday,Weekday,East,15652508,84300,23:25:00,84557,23:29:17,9,1796,Washington Ave & N. Allen St (01796),0,1,12,85260.0,23:41:00,85459,23:44:19,85260.0,23:41:00,85476,23:44:36,17,00:00:17,doors opened
07/14/2025,12,4165,Monday,Weekday,East,15652508,84300,23:25:00,84557,23:29:17,8,11581,Washington Ave & Manning Blvd (11581),0,0,13,,,85432,23:43:52,,,85432,23:43:52,0,00:00:00,door not opened
07/14/2025,12,4165,Monday,Weekday,East,15652508,84300,23:25:00,84557,23:29:17,7,2180,Washington Ave & Homestead Ave (02180),0,0,13,,,85406,23:43:26,,,85406,23:43:26,0,00:00:00,door not opened
07/14/2025,12,4165,Monday,Weekday,East,15652508,84300,23:25:00,84557,23:29:17,6,2182,Washington Ave & Hawthorne St (02182),3,0,13,,,85356,23:42:36,,,85376,23:42:56,20,00:00:20,doors opened
07/14/2025,12,4165,Monday,Weekday,East,15652508,84300,23:25:00,84557,23:29:17,5,3304,Washington Ave & Clermont St (03304),0,0,10,,,85341,23:42:21,,,85341,23:42:21,0,00:00:00,door not opened
07/14/2025,12,4165,Monday,Weekday,East,15652508,84300,23:25:00,84557,23:29:17,4,3348,Washington Ave & Brevator St (03348),0,0,10,,,85324,23:42:04,,,85324,23:42:04,0,00:00:00,door not opened
07/14/2025,12,4165,Monday,Weekday,East,15652508,84300,23:25:00,84557,23:29:17,3,10134,Washington Ave & SUNY Exit Rd (10134),1,1,10,,,85165,23:39:25,,,85182,23:39:42,17,00:00:17,doors opened
07/14/2025,12,4165,Monday,Weekday,East,15652508,84300,23:25:00,84557,23:29:17,2,7216,SUNY Collins Circle (07216),0,0,10,84840.0,23:34:00,85081,23:38:01,84840.0,23:34:00,85081,23:38:01,0,00:00:00,door not opened
07/14/2025,12,4165,Monday,Weekday,East,15652508,84300,23:25:00,84557,23:29:17,1,12827,Crossgates Commons Station (12827),4,0,10,84540.0,23:29:00,84801,23:33:21,84540.0,23:29:00,84838,23:33:58,37,00:00:37,doors opened
07/14/2025,12,4165,Monday,Weekday,East,15652508,84300,23:25:00,84557,23:29:17,0,7175,Crossgates Mall Station (07175),6,0,6,84300.0,23:25:00,84557,23:29:17,84300.0,23:25:00,84557,23:29:17,0,00:00:00,doors opened
07/14/2025,12,4165,Monday,Weekday,West,15652511,86700,24:05:00,86884,24:08:04,26,12828,Crossgates Commons Station (12828),10,10,0,88200.0,24:30:00,88431,24:33:51,88200.0,24:30:00,88431,24:33:51,0,00:00:00,door not opened
07/14/2025,12,4165,Monday,Weekday,West,15652511,86700,24:05:00,86884,24:08:04,25,12891,1475 Washington Ave (12891),0,0,0,,,88269,24:31:09,,,88269,24:31:09,0,00:00:00,door not opened
07/14/2025,12,4165,Monday,Weekday,West,15652511,86700,24:05:00,86884,24:08:04,24,7216,SUNY Collins Circle (07216),0,0,0,87900.0,24:25:00,88186,24:29:46,87900.0,24:25:00,88186,24:29:46,0,00:00:00,door not opened
07/14/2025,12,4165,Monday,Weekday,West,15652511,86700,24:05:00,86884,24:08:04,23,3262,1383 Washington Ave (Fairfield Inn) (03262),0,1,0,,,88055,24:27:35,,,88066,24:27:46,11,00:00:11,doors opened
07/14/2025,12,4165,Monday,Weekday,West,15652511,86700,24:05:00,86884,24:08:04,22,976,Washington Ave & Brevator St (00976),0,0,1,,,87919,24:25:19,,,87919,24:25:19,0,00:00:00,door not opened
07/14/2025,12,4165,Monday,Weekday,West,15652511,86700,24:05:00,86884,24:08:04,21,1959,Washington Ave & Colvin Ave (01959),0,0,1,,,87902,24:25:02,,,87902,24:25:02,0,00:00:00,door not opened
07/14/2025,12,4165,Monday,Weekday,West,15652511,86700,24:05:00,86884,24:08:04,20,3399,Washington Ave & Danker Ave (03399),0,0,1,,,87888,24:24:48,,,87888,24:24:48,0,00:00:00,door not opened
07/14/2025,12,4165,Monday,Weekday,West,15652511,86700,24:05:00,86884,24:08:04,19,1849,Washington Ave & Homestead Ave (01849),0,0,1,,,87869,24:24:29,,,87869,24:24:29,0,00:00:00,door not opened
07/14/2025,12,4165,Monday,Weekday,West,15652511,86700,24:05:00,86884,24:08:04,18,1846,Washington Ave & Manning Blvd (01846),1,1,1,,,87803,24:23:23,,,87846,24:24:06,43,00:00:43,doors opened
07/14/2025,12,4165,Monday,Weekday,West,15652511,86700,24:05:00,86884,24:08:04,17,3287,Washington Ave & N. Allen St (03287),0,1,1,87540.0,24:19:00,87755,24:22:35,87540.0,24:19:00,87773,24:22:53,18,00:00:18,doors opened
07/14/2025,12,4165,Monday,Weekday,West,15652511,86700,24:05:00,86884,24:08:04,16,3264,Washington Ave & N. Main Ave (03264),0,0,2,,,87725,24:22:05,,,87725,24:22:05,0,00:00:00,door not opened
07/14/2025,12,4165,Monday,Weekday,West,15652511,86700,24:05:00,86884,24:08:04,15,1839,Washington Ave & Partridge St (01839),2,3,2,,,87591,24:19:51,,,87612,24:20:12,21,00:00:21,doors opened
07/14/2025,12,4165,Monday,Weekday,West,15652511,86700,24:05:00,86884,24:08:04,14,1841,Washington Ave & Ontario St (01841),0,1,3,87360.0,24:16:00,87532,24:18:52,87360.0,24:16:00,87564,24:19:24,32,00:00:32,doors opened
07/14/2025,12,4165,Monday,Weekday,West,15652511,86700,24:05:00,86884,24:08:04,13,1842,Washington Ave & Quail St (01842),1,1,4,,,87468,24:17:48,,,87504,24:18:24,36,00:00:36,doors opened
07/14/2025,12,4165,Monday,Weekday,West,15652511,86700,24:05:00,86884,24:08:04,12,1837,Washington Ave & N. Lake Ave (01837),2,0,4,,,87426,24:17:06,,,87438,24:17:18,12,00:00:12,doors opened
07/14/2025,12,4165,Monday,Weekday,West,15652511,86700,24:05:00,86884,24:08:04,11,1843,Washington Ave & Robin St (01843),0,0,2,,,87398,24:16:38,,,87398,24:16:38,0,00:00:00,door not opened
07/14/2025,12,4165,Monday,Weekday,West,15652511,86700,24:05:00,86884,24:08:04,10,12943,Washington Ave & Lexington Ave (12943),0,0,2,,,87380,24:16:20,,,87380,24:16:20,0,00:00:00,door not opened
07/14/2025,12,4165,Monday,Weekday,West,15652511,86700,24:05:00,86884,24:08:04,9,12942,Washington Ave & Henry Johnson Blvd (12942),0,1,2,,,87293,24:14:53,,,87309,24:15:09,16,00:00:16,doors opened
07/14/2025,12,4165,Monday,Weekday,West,15652511,86700,24:05:00,86884,24:08:04,8,3239,Lark/Library Station - Washington Ave & Lark St (03239),0,0,3,87060.0,24:11:00,87191,24:13:11,87060.0,24:11:00,87191,24:13:11,0,00:00:00,door not opened
07/14/2025,12,4165,Monday,Weekday,West,15652511,86700,24:05:00,86884,24:08:04,7,3301,Washington Ave & S. Swan St (03301),0,0,3,,,87134,24:12:14,,,87134,24:12:14,0,00:00:00,door not opened
07/14/2025,12,4165,Monday,Weekday,West,15652511,86700,24:05:00,86884,24:08:04,6,3250,Hawk/Capitol Station - Washington Ave & Hawk St (03250),0,0,3,,,87114,24:11:54,,,87114,24:11:54,0,00:00:00,door not opened
07/14/2025,12,4165,Monday,Weekday,West,15652511,86700,24:05:00,86884,24:08:04,5,10087,State St & Eagle St (10087),0,1,3,,,87060,24:11:00,,,87086,24:11:26,26,00:00:26,doors opened
07/14/2025,12,4165,Monday,Weekday,West,15652511,86700,24:05:00,86884,24:08:04,4,2665,State/Downtown Station - State St & Lodge St (02665),2,0,4,86880.0,24:08:00,87001,24:10:01,86880.0,24:08:00,87038,24:10:38,37,00:00:37,doors opened
07/14/2025,12,4165,Monday,Weekday,West,15652511,86700,24:05:00,86884,24:08:04,3,3221,State Station - N. Pearl St & Ten Eyck Plaza (03221),2,0,2,,,86948,24:09:08,,,86962,24:09:22,14,00:00:14,doors opened
07/14/2025,12,4165,Monday,Weekday,West,15652511,86700,24:05:00,86884,24:08:04,2,3233,N. Pearl St & Sheridan Ave (03233),0,0,0,,,86921,24:08:41,,,86921,24:08:41,0,00:00:00,door not opened
07/14/2025,12,4165,Monday,Weekday,West,15652511,86700,24:05:00,86884,24:08:04,1,2168,Clinton Square Station - N. Pearl St & Clinton Ave (02168),0,0,0,,,86912,24:08:32,,,86912,24:08:32,0,00:00:00,door not opened
07/14/2025,12,4165,Monday,Weekday,West,15652511,86700,24:05:00,86884,24:08:04,0,9018,Broadway & Orange St (09018),0,0,0,86700.0,24:05:00,86884,24:08:04,86700.0,24:05:00,86884,24:08:04,0,00:00:00,door not opened
07/14/2025,12,4165,Monday,Weekday,West,15651655,48000,13:20:00,48641,13:30:41,27,7175,Crossgates Mall Station (07175),0,6,1,50400.0,14:00:00,50760,14:06:00,50400.0,14:00:00,50760,14:06:00,0,00:00:00,doors opened
07/14/2025,12,4165,Monday,Weekday,West,15651655,48000,13:20:00,48641,13:30:41,26,12828,Crossgates Commons Station (12828),1,11,7,49980.0,13:53:00,50449,14:00:49,49980.0,13:53:00,50476,14:01:16,27,00:00:27,doors opened
07/14/2025,12,4165,Monday,Weekday,West,15651655,48000,13:20:00,48641,13:30:41,25,12891,1475 Washington Ave (12891),0,0,17,,,50241,13:57:21,,,50241,13:57:21,0,00:00:00,door not opened
07/14/2025,12,4165,Monday,Weekday,West,15651655,48000,13:20:00,48641,13:30:41,24,7216,SUNY Collins Circle (07216),0,2,17,49620.0,13:47:00,50084,13:54:44,49620.0,13:47:00,50099,13:54:59,15,00:00:15,doors opened
07/14/2025,12,4165,Monday,Weekday,West,15651655,48000,13:20:00,48641,13:30:41,23,3262,1383 Washington Ave (Fairfield Inn) (03262),1,2,19,,,49958,13:52:38,,,49977,13:52:57,19,00:00:19,doors opened
07/14/2025,12,4165,Monday,Weekday,West,15651655,48000,13:20:00,48641,13:30:41,22,976,Washington Ave & Brevator St (00976),1,1,20,,,49818,13:50:18,,,49841,13:50:41,23,00:00:23,doors opened
07/14/2025,12,4165,Monday,Weekday,West,15651655,48000,13:20:00,48641,13:30:41,21,1959,Washington Ave & Colvin Ave (01959),0,0,20,,,49798,13:49:58,,,49798,13:49:58,0,00:00:00,door not opened
07/14/2025,12,4165,Monday,Weekday,West,15651655,48000,13:20:00,48641,13:30:41,20,3399,Washington Ave & Danker Ave (03399),0,2,20,,,49752,13:49:12,,,49768,13:49:28,16,00:00:16,doors opened
07/14/2025,12,4165,Monday,Weekday,West,15651655,48000,13:20:00,48641,13:30:41,19,1849,Washington Ave & Homestead Ave (01849),1,0,22,,,49712,13:48:32,,,49729,13:48:49,17,00:00:17,doors opened
07/14/2025,12,4165,Monday,Weekday,West,15651655,48000,13:20:00,48641,13:30:41,18,1846,Washington Ave & Manning Blvd (01846),1,1,21,,,49652,13:47:32,,,49689,13:48:09,37,00:00:37,doors opened
07/14/2025,12,4165,Monday,Weekday,West,15651655,48000,13:20:00,48641,13:30:41,17,3287,Washington Ave & N. Allen St (03287),1,2,21,49200.0,13:40:00,49606,13:46:46,49200.0,13:40:00,49623,13:47:03,17,00:00:17,doors opened
07/14/2025,12,4165,Monday,Weekday,West,15651655,48000,13:20:00,48641,13:30:41,16,3264,Washington Ave & N. Main Ave (03264),0,0,22,,,49582,13:46:22,,,49582,13:46:22,0,00:00:00,door not opened
07/14/2025,12,4165,Monday,Weekday,West,15651655,48000,13:20:00,48641,13:30:41,15,1839,Washington Ave & Partridge St (01839),0,0,22,,,49493,13:44:53,,,49493,13:44:53,0,00:00:00,door not opened
07/14/2025,12,4165,Monday,Weekday,West,15651655,48000,13:20:00,48641,13:30:41,14,1841,Washington Ave & Ontario St (01841),2,1,22,48960.0,13:36:00,49433,13:43:53,48960.0,13:36:00,49468,13:44:28,35,00:00:35,doors opened
07/14/2025,12,4165,Monday,Weekday,West,15651655,48000,13:20:00,48641,13:30:41,13,1842,Washington Ave & Quail St (01842),4,0,21,,,49376,13:42:56,,,49410,13:43:30,34,00:00:34,doors opened
07/14/2025,12,4165,Monday,Weekday,West,15651655,48000,13:20:00,48641,13:30:41,12,1837,Washington Ave & N. Lake Ave (01837),0,0,17,,,49349,13:42:29,,,49349,13:42:29,0,00:00:00,door not opened
07/14/2025,12,4165,Monday,Weekday,West,15651655,48000,13:20:00,48641,13:30:41,11,1843,Washington Ave & Robin St (01843),1,0,17,,,49292,13:41:32,,,49304,13:41:44,12,00:00:12,doors opened
07/14/2025,12,4165,Monday,Weekday,West,15651655,48000,13:20:00,48641,13:30:41,10,12943,Washington Ave & Lexington Ave (12943),7,0,16,,,49235,13:40:35,,,49263,13:41:03,28,00:00:28,doors opened
07/14/2025,12,4165,Monday,Weekday,West,15651655,48000,13:20:00,48641,13:30:41,9,12942,Washington Ave & Henry Johnson Blvd (12942),1,0,9,,,49132,13:38:52,,,49165,13:39:25,33,00:00:33,doors opened
07/14/2025,12,4165,Monday,Weekday,West,15651655,48000,13:20:00,48641,13:30:41,8,3239,Lark/Library Station - Washington Ave & Lark St (03239),1,2,8,48540.0,13:29:00,49035,13:37:15,48540.0,13:29:00,49066,13:37:46,31,00:00:31,doors opened
07/14/2025,12,4165,Monday,Weekday,West,15651655,48000,13:20:00,48641,13:30:41,7,3301,Washington Ave & S. Swan St (03301),0,1,9,,,48939,13:35:39,,,48987,13:36:27,48,00:00:48,doors opened
07/14/2025,12,4165,Monday,Weekday,West,15651655,48000,13:20:00,48641,13:30:41,6,3250,Hawk/Capitol Station - Washington Ave & Hawk St (03250),0,0,10,,,48919,13:35:19,,,48919,13:35:19,0,00:00:00,door not opened
07/14/2025,12,4165,Monday,Weekday,West,15651655,48000,13:20:00,48641,13:30:41,5,10087,State St & Eagle St (10087),0,0,10,,,48891,13:34:51,,,48891,13:34:51,0,00:00:00,door not opened
07/14/2025,12,4165,Monday,Weekday,West,15651655,48000,13:20:00,48641,13:30:41,4,2665,State/Downtown Station - State St & Lodge St (02665),2,0,10,48240.0,13:24:00,48831,13:33:51,48240.0,13:24:00,48860,13:34:20,29,00:00:29,doors opened
07/14/2025,12,4165,Monday,Weekday,West,15651655,48000,13:20:00,48641,13:30:41,3,3221,State Station - N. Pearl St & Ten Eyck Plaza (03221),7,0,8,,,48706,13:31:46,,,48752,13:32:32,46,00:00:46,doors opened
07/14/2025,12,4165,Monday,Weekday,West,15651655,48000,13:20:00,48641,13:30:41,2,3233,N. Pearl St & Sheridan Ave (03233),0,0,1,,,48674,13:31:14,,,48674,13:31:14,0,00:00:00,door not opened
07/14/2025,12,4165,Monday,Weekday,West,15651655,48000,13:20:00,48641,13:30:41,1,2168,Clinton Square Station - N. Pearl St & Clinton Ave (02168),1,0,1,,,48641,13:30:41,,,48641,13:30:41,0,00:00:00,doors opened
07/14/2025,12,4165,Monday,Weekday,West,15651762,54000,15:00:00,54152,15:02:32,17,3287,Washington Ave & N. Allen St (03287),3,1,22,55260.0,15:21:00,55411,15:23:31,55260.0,15:21:00,55479,15:24:39,68,00:01:08,doors opened
07/14/2025,12,4165,Monday,Weekday,West,15651762,54000,15:00:00,54152,15:02:32,16,3264,Washington Ave & N. Main Ave (03264),0,1,20,,,55370,15:22:50,,,55382,15:23:02,12,00:00:12,doors opened
07/14/2025,12,4165,Monday,Weekday,West,15651762,54000,15:00:00,54152,15:02:32,15,1839,Washington Ave & Partridge St (01839),1,0,21,,,55274,15:21:14,,,55306,15:21:46,32,00:00:32,doors opened
07/14/2025,12,4165,Monday,Weekday,West,15651762,54000,15:00:00,54152,15:02:32,14,1841,Washington Ave & Ontario St (01841),1,3,20,54960.0,15:16:00,55224,15:20:24,54960.0,15:16:00,55251,15:20:51,27,00:00:27,doors opened
07/14/2025,12,4165,Monday,Weekday,West,15651762,54000,15:00:00,54152,15:02:32,13,1842,Washington Ave & Quail St (01842),5,0,22,,,55138,15:18:58,,,55201,15:20:01,63,00:01:03,doors opened
07/14/2025,12,4165,Monday,Weekday,West,15651762,54000,15:00:00,54152,15:02:32,12,1837,Washington Ave & N. Lake Ave (01837),3,0,17,,,55049,15:17:29,,,55111,15:18:31,62,00:01:02,doors opened
07/14/2025,12,4165,Monday,Weekday,West,15651762,54000,15:00:00,54152,15:02:32,11,1843,Washington Ave & Robin St (01843),1,0,14,,,55009,15:16:49,,,55023,15:17:03,14,00:00:14,doors opened
07/14/2025,12,4165,Monday,Weekday,West,15651762,54000,15:00:00,54152,15:02:32,10,12943,Washington Ave & Lexington Ave (12943),0,1,13,,,54926,15:15:26,,,54980,15:16:20,54,00:00:54,doors opened
07/14/2025,12,4165,Monday,Weekday,West,15651762,54000,15:00:00,54152,15:02:32,9,12942,Washington Ave & Henry Johnson Blvd (12942),3,0,14,,,54858,15:14:18,,,54878,15:14:38,20,00:00:20,doors opened
07/14/2025,12,4165,Monday,Weekday,West,15651762,54000,15:00:00,54152,15:02:32,8,3239,Lark/Library Station - Washington Ave & Lark St (03239),0,1,11,54540.0,15:09:00,54720,15:12:00,54540.0,15:09:00,54765,15:12:45,45,00:00:45,doors opened
07/14/2025,12,4165,Monday,Weekday,West,15651762,54000,15:00:00,54152,15:02:32,7,3301,Washington Ave & S. Swan St (03301),1,0,12,,,54648,15:10:48,,,54685,15:11:25,37,00:00:37,doors opened
07/14/2025,12,4165,Monday,Weekday,West,15651762,54000,15:00:00,54152,15:02:32,6,3250,Hawk/Capitol Station - Washington Ave & Hawk St (03250),4,0,11,,,54552,15:09:12,,,54622,15:10:22,70,00:01:10,doors opened
07/14/2025,12,4165,Monday,Weekday,West,15651762,54000,15:00:00,54152,15:02:32,5,10087,State St & Eagle St (10087),1,0,7,,,54501,15:08:21,,,54518,15:08:38,17,00:00:17,doors opened
07/14/2025,12,4165,Monday,Weekday,West,15651762,54000,15:00:00,54152,15:02:32,4,2665,State/Downtown Station - State St & Lodge St (02665),2,0,6,54240.0,15:04:00,54350,15:05:50,54240.0,15:04:00,54382,15:06:22,32,00:00:32,doors opened
07/14/2025,12,4165,Monday,Weekday,West,15651762,54000,15:00:00,54152,15:02:32,3,3221,State Station - N. Pearl St & Ten Eyck Plaza (03221),1,0,4,,,54283,15:04:43,,,54318,15:05:18,35,00:00:35,doors opened
07/14/2025,12,4165,Monday,Weekday,West,15651762,54000,15:00:00,54152,15:02:32,2,3233,N. Pearl St & Sheridan Ave (03233),0,0,3,,,54248,15:04:08,,,54248,15:04:08,0,00:00:00,door not opened
07/14/2025,12,4165,Monday,Weekday,West,15651762,54000,15:00:00,54152,15:02:32,1,2168,Clinton Square Station - N. Pearl St & Clinton Ave (02168),1,0,3,,,54211,15:03:31,,,54235,15:03:55,24,00:00:24,doors opened
07/14/2025,12,4165,Monday,Weekday,West,15651762,54000,15:00:00,54152,15:02:32,0,9018,Broadway & Orange St (09018),1,0,2,54000.0,15:00:00,54152,15:02:32,54000.0,15:00:00,54152,15:02:32,0,00:00:00,doors opened
07/14/2025,12,4165,Monday,Weekday,West,15651762,54000,15:00:00,54152,15:02:32,27,7175,Crossgates Mall Station (07175),0,13,0,56520.0,15:42:00,56683,15:44:43,56520.0,15:42:00,56683,15:44:43,0,00:00:00,doors opened
07/14/2025,12,4165,Monday,Weekday,West,15651762,54000,15:00:00,54152,15:02:32,26,12828,Crossgates Commons Station (12828),1,8,13,56100.0,15:35:00,56427,15:40:27,56100.0,15:35:00,56465,15:41:05,38,00:00:38,doors opened
07/14/2025,12,4165,Monday,Weekday,West,15651762,54000,15:00:00,54152,15:02:32,25,12891,1475 Washington Ave (12891),1,0,20,,,56119,15:35:19,,,56130,15:35:30,11,00:00:11,doors opened
07/14/2025,12,4165,Monday,Weekday,West,15651762,54000,15:00:00,54152,15:02:32,24,7216,SUNY Collins Circle (07216),0,2,19,55740.0,15:29:00,55939,15:32:19,55740.0,15:29:00,55955,15:32:35,16,00:00:16,doors opened
07/14/2025,12,4165,Monday,Weekday,West,15651762,54000,15:00:00,54152,15:02:32,23,3262,1383 Washington Ave (Fairfield Inn) (03262),0,5,21,,,55826,15:30:26,,,55857,15:30:57,31,00:00:31,doors opened
07/14/2025,12,4165,Monday,Weekday,West,15651762,54000,15:00:00,54152,15:02:32,22,976,Washington Ave & Brevator St (00976),1,0,26,,,55694,15:28:14,,,55710,15:28:30,16,00:00:16,doors opened
07/14/2025,12,4165,Monday,Weekday,West,15651762,54000,15:00:00,54152,15:02:32,21,1959,Washington Ave & Colvin Ave (01959),1,0,25,,,55657,15:27:37,,,55672,15:27:52,15,00:00:15,doors opened
07/14/2025,12,4165,Monday,Weekday,West,15651762,54000,15:00:00,54152,15:02:32,20,3399,Washington Ave & Danker Ave (03399),0,0,24,,,55629,15:27:09,,,55629,15:27:09,0,00:00:00,door not opened
07/14/2025,12,4165,Monday,Weekday,West,15651762,54000,15:00:00,54152,15:02:32,19,1849,Washington Ave & Homestead Ave (01849),1,1,24,,,55592,15:26:32,,,55608,15:26:48,16,00:00:16,doors opened
07/14/2025,12,4165,Monday,Weekday,West,15651762,54000,15:00:00,54152,15:02:32,18,1846,Washington Ave & Manning Blvd (01846),2,0,24,,,55510,15:25:10,,,55568,15:26:08,58,00:00:58,doors opened
07/14/2025,12,4173,Monday,Weekday,East,15649950,45300,12:35:00,45401,12:36:41,24,3940,Broadway & Steuben St (03940),0,2,0,47460.0,13:11:00,47389,13:09:49,47460.0,13:11:00,47389,13:09:49,0,00:00:00,doors opened
07/14/2025,12,4173,Monday,Weekday,East,15649950,45300,12:35:00,45401,12:36:41,23,2509,State/Downtown Station - State St & S. Pearl St (02509),1,3,2,47280.0,13:08:00,47247,13:07:27,47280.0,13:08:00,47325,13:08:45,78,00:01:18,doors opened
07/14/2025,12,4173,Monday,Weekday,East,15649950,45300,12:35:00,45401,12:36:41,22,1787,State St & Eagle St (01787),0,1,4,,,47206,13:06:46,,,47230,13:07:10,24,00:00:24,doors opened
07/14/2025,12,4173,Monday,Weekday,East,15649950,45300,12:35:00,45401,12:36:41,21,2706,Hawk/Capitol Station - Washington Ave & Hawk St (02706),0,1,5,,,47106,13:05:06,,,47167,13:06:07,61,00:01:01,doors opened
07/14/2025,12,4173,Monday,Weekday,East,15649950,45300,12:35:00,45401,12:36:41,20,1789,Washington Ave & S. Swan St (01789),0,0,6,,,47082,13:04:42,,,47082,13:04:42,0,00:00:00,door not opened
07/14/2025,12,4173,Monday,Weekday,East,15649950,45300,12:35:00,45401,12:36:41,19,1788,Washington Ave & Dove St (01788),0,0,6,,,47035,13:03:55,,,47035,13:03:55,0,00:00:00,door not opened
07/14/2025,12,4173,Monday,Weekday,East,15649950,45300,12:35:00,45401,12:36:41,18,2663,Lark/Library Station - Washington Ave & Lark St (02663),0,2,6,46980.0,13:03:00,46950,13:02:30,46980.0,13:03:00,46999,13:03:19,49,00:00:49,doors opened
07/14/2025,12,4173,Monday,Weekday,East,15649950,45300,12:35:00,45401,12:36:41,17,263,Washington Ave & Henry Johnson Blvd (00263),0,1,8,,,46865,13:01:05,,,46912,13:01:52,47,00:00:47,doors opened
07/14/2025,12,4173,Monday,Weekday,East,15649950,45300,12:35:00,45401,12:36:41,16,2096,Washington Ave & Lexington Ave (02096),0,0,9,,,46837,13:00:37,,,46837,13:00:37,0,00:00:00,door not opened
07/14/2025,12,4173,Monday,Weekday,East,15649950,45300,12:35:00,45401,12:36:41,15,3253,Washington Ave & Robin St (Draper Hall) (03253),0,2,9,,,46793,12:59:53,,,46818,13:00:18,25,00:00:25,doors opened
07/14/2025,12,4173,Monday,Weekday,East,15649950,45300,12:35:00,45401,12:36:41,14,2109,Washington Ave & N. Lake Ave (02109),1,1,11,,,46747,12:59:07,,,46767,12:59:27,20,00:00:20,doors opened
07/14/2025,12,4173,Monday,Weekday,East,15649950,45300,12:35:00,45401,12:36:41,13,3255,Washington Ave & Quail St (03255),0,0,11,,,46719,12:58:39,,,46719,12:58:39,0,00:00:00,door not opened
07/14/2025,12,4173,Monday,Weekday,East,15649950,45300,12:35:00,45401,12:36:41,12,3256,Washington Ave & Ontario St (03256),0,0,11,46560.0,12:56:00,46681,12:58:01,46560.0,12:56:00,46681,12:58:01,0,00:00:00,door not opened
07/14/2025,12,4173,Monday,Weekday,East,15649950,45300,12:35:00,45401,12:36:41,11,2107,Washington Ave & Partridge St (02107),2,1,11,,,46639,12:57:19,,,46658,12:57:38,19,00:00:19,doors opened
07/14/2025,12,4173,Monday,Weekday,East,15649950,45300,12:35:00,45401,12:36:41,10,3257,Washington Ave & N. Main Ave (03257),1,0,10,,,46521,12:55:21,,,46564,12:56:04,43,00:00:43,doors opened
07/14/2025,12,4173,Monday,Weekday,East,15649950,45300,12:35:00,45401,12:36:41,9,1796,Washington Ave & N. Allen St (01796),1,2,9,46380.0,12:53:00,46466,12:54:26,46380.0,12:53:00,46484,12:54:44,18,00:00:18,doors opened
07/14/2025,12,4173,Monday,Weekday,East,15649950,45300,12:35:00,45401,12:36:41,8,11581,Washington Ave & Manning Blvd (11581),0,0,10,,,46435,12:53:55,,,46435,12:53:55,0,00:00:00,door not opened
07/14/2025,12,4173,Monday,Weekday,East,15649950,45300,12:35:00,45401,12:36:41,7,2180,Washington Ave & Homestead Ave (02180),1,0,10,,,46392,12:53:12,,,46409,12:53:29,17,00:00:17,doors opened
07/14/2025,12,4173,Monday,Weekday,East,15649950,45300,12:35:00,45401,12:36:41,6,2182,Washington Ave & Hawthorne St (02182),0,0,9,,,46366,12:52:46,,,46366,12:52:46,0,00:00:00,door not opened
07/14/2025,12,4173,Monday,Weekday,East,15649950,45300,12:35:00,45401,12:36:41,5,3304,Washington Ave & Clermont St (03304),0,0,9,,,46343,12:52:23,,,46343,12:52:23,0,00:00:00,door not opened
07/14/2025,12,4173,Monday,Weekday,East,15649950,45300,12:35:00,45401,12:36:41,4,3348,Washington Ave & Brevator St (03348),0,0,9,,,46325,12:52:05,,,46325,12:52:05,0,00:00:00,door not opened
07/14/2025,12,4173,Monday,Weekday,East,15649950,45300,12:35:00,45401,12:36:41,3,10134,Washington Ave & SUNY Exit Rd (10134),3,0,9,,,46157,12:49:17,,,46189,12:49:49,32,00:00:32,doors opened
07/14/2025,12,4173,Monday,Weekday,East,15649950,45300,12:35:00,45401,12:36:41,2,7216,SUNY Collins Circle (07216),2,0,6,45900.0,12:45:00,46022,12:47:02,45900.0,12:45:00,46055,12:47:35,33,00:00:33,doors opened
07/14/2025,12,4173,Monday,Weekday,East,15649950,45300,12:35:00,45401,12:36:41,1,12827,Crossgates Commons Station (12827),3,6,4,45600.0,12:40:00,45700,12:41:40,45600.0,12:40:00,45744,12:42:24,44,00:00:44,doors opened
07/14/2025,12,4173,Monday,Weekday,East,15649950,45300,12:35:00,45401,12:36:41,0,7175,Crossgates Mall Station (07175),7,0,7,45300.0,12:35:00,45401,12:36:41,45300.0,12:35:00,45401,12:36:41,0,00:00:00,doors opened
07/14/2025,12,4173,Monday,Weekday,East,15649935,22800,06:20:00,22836,06:20:36,24,3940,Broadway & Steuben St (03940),0,1,0,24720.0,06:52:00,24880,06:54:40,24720.0,06:52:00,24880,06:54:40,0,00:00:00,door not opened
07/14/2025,12,4173,Monday,Weekday,East,15649935,22800,06:20:00,22836,06:20:36,23,2509,State/Downtown Station - State St & S. Pearl St (02509),0,1,1,24540.0,06:49:00,24693,06:51:33,24540.0,06:49:00,24711,06:51:51,18,00:00:18,doors opened
07/14/2025,12,4173,Monday,Weekday,East,15649935,22800,06:20:00,22836,06:20:36,22,1787,State St & Eagle St (01787),0,1,2,,,24657,06:50:57,,,24672,06:51:12,15,00:00:15,doors opened
07/14/2025,12,4173,Monday,Weekday,East,15649935,22800,06:20:00,22836,06:20:36,21,2706,Hawk/Capitol Station - Washington Ave & Hawk St (02706),0,1,3,,,24535,06:48:55,,,24542,06:49:02,7,00:00:07,doors opened
07/14/2025,12,4173,Monday,Weekday,East,15649935,22800,06:20:00,22836,06:20:36,20,1789,Washington Ave & S. Swan St (01789),1,4,4,,,24435,06:47:15,,,24504,06:48:24,69,00:01:09,doors opened
07/14/2025,12,4173,Monday,Weekday,East,15649935,22800,06:20:00,22836,06:20:36,19,1788,Washington Ave & Dove St (01788),0,0,7,,,24411,06:46:51,,,24411,06:46:51,0,00:00:00,door not opened
07/14/2025,12,4173,Monday,Weekday,East,15649935,22800,06:20:00,22836,06:20:36,18,2663,Lark/Library Station - Washington Ave & Lark St (02663),0,1,7,24240.0,06:44:00,24352,06:45:52,24240.0,06:44:00,24371,06:46:11,19,00:00:19,doors opened
07/14/2025,12,4173,Monday,Weekday,East,15649935,22800,06:20:00,22836,06:20:36,17,263,Washington Ave & Henry Johnson Blvd (00263),0,0,8,,,24299,06:44:59,,,24299,06:44:59,0,00:00:00,door not opened
07/14/2025,12,4173,Monday,Weekday,East,15649935,22800,06:20:00,22836,06:20:36,16,2096,Washington Ave & Lexington Ave (02096),1,0,8,,,24207,06:43:27,,,24274,06:44:34,67,00:01:07,doors opened
07/14/2025,12,4173,Monday,Weekday,East,15649935,22800,06:20:00,22836,06:20:36,15,3253,Washington Ave & Robin St (Draper Hall) (03253),0,1,7,,,24168,06:42:48,,,24188,06:43:08,20,00:00:20,doors opened
07/14/2025,12,4173,Monday,Weekday,East,15649935,22800,06:20:00,22836,06:20:36,14,2109,Washington Ave & N. Lake Ave (02109),1,1,8,,,24118,06:41:58,,,24144,06:42:24,26,00:00:26,doors opened
07/14/2025,12,4173,Monday,Weekday,East,15649935,22800,06:20:00,22836,06:20:36,13,3255,Washington Ave & Quail St (03255),0,1,8,,,24054,06:40:54,,,24092,06:41:32,38,00:00:38,doors opened
07/14/2025,12,4173,Monday,Weekday,East,15649935,22800,06:20:00,22836,06:20:36,12,3256,Washington Ave & Ontario St (03256),0,0,9,23940.0,06:39:00,24036,06:40:36,23940.0,06:39:00,24036,06:40:36,0,00:00:00,door not opened
07/14/2025,12,4173,Monday,Weekday,East,15649935,22800,06:20:00,22836,06:20:36,11,2107,Washington Ave & Partridge St (02107),0,0,9,,,23992,06:39:52,,,23992,06:39:52,0,00:00:00,door not opened
07/14/2025,12,4173,Monday,Weekday,East,15649935,22800,06:20:00,22836,06:20:36,10,3257,Washington Ave & N. Main Ave (03257),0,0,9,,,23948,06:39:08,,,23948,06:39:08,0,00:00:00,door not opened
07/14/2025,12,4173,Monday,Weekday,East,15649935,22800,06:20:00,22836,06:20:36,9,1796,Washington Ave & N. Allen St (01796),1,0,9,23820.0,06:37:00,23903,06:38:23,23820.0,06:37:00,23921,06:38:41,18,00:00:18,doors opened
07/14/2025,12,4173,Monday,Weekday,East,15649935,22800,06:20:00,22836,06:20:36,8,11581,Washington Ave & Manning Blvd (11581),0,0,8,,,23874,06:37:54,,,23874,06:37:54,0,00:00:00,door not opened
07/14/2025,12,4173,Monday,Weekday,East,15649935,22800,06:20:00,22836,06:20:36,7,2180,Washington Ave & Homestead Ave (02180),1,1,8,,,23803,06:36:43,,,23819,06:36:59,16,00:00:16,doors opened
07/14/2025,12,4173,Monday,Weekday,East,15649935,22800,06:20:00,22836,06:20:36,6,2182,Washington Ave & Hawthorne St (02182),0,0,8,,,23777,06:36:17,,,23777,06:36:17,0,00:00:00,door not opened
07/14/2025,12,4173,Monday,Weekday,East,15649935,22800,06:20:00,22836,06:20:36,5,3304,Washington Ave & Clermont St (03304),0,0,8,,,23735,06:35:35,,,23735,06:35:35,0,00:00:00,door not opened
07/14/2025,12,4173,Monday,Weekday,East,15649935,22800,06:20:00,22836,06:20:36,4,3348,Washington Ave & Brevator St (03348),1,0,8,,,23693,06:34:53,,,23714,06:35:14,21,00:00:21,doors opened
07/14/2025,12,4173,Monday,Weekday,East,15649935,22800,06:20:00,22836,06:20:36,3,10134,Washington Ave & SUNY Exit Rd (10134),4,0,7,,,23554,06:32:34,,,23578,06:32:58,24,00:00:24,doors opened
07/14/2025,12,4173,Monday,Weekday,East,15649935,22800,06:20:00,22836,06:20:36,2,7216,SUNY Collins Circle (07216),2,0,3,23340.0,06:29:00,23413,06:30:13,23340.0,06:29:00,23432,06:30:32,19,00:00:19,doors opened
07/14/2025,12,4173,Monday,Weekday,East,15649935,22800,06:20:00,22836,06:20:36,1,12827,Crossgates Commons Station (12827),1,0,1,23040.0,06:24:00,23096,06:24:56,23040.0,06:24:00,23114,06:25:14,18,00:00:18,doors opened
07/14/2025,12,4173,Monday,Weekday,East,15649935,22800,06:20:00,22836,06:20:36,0,7175,Crossgates Mall Station (07175),0,0,0,22800.0,06:20:00,22836,06:20:36,22800.0,06:20:00,22836,06:20:36,0,00:00:00,door not opened
07/14/2025,12,4173,Monday,Weekday,East,15649939,28500,07:55:00,28626,07:57:06,24,3940,Broadway & Steuben St (03940),0,2,0,30840.0,08:34:00,30771,08:32:51,30840.0,08:34:00,30771,08:32:51,0,00:00:00,doors opened
07/14/2025,12,4173,Monday,Weekday,East,15649939,28500,07:55:00,28626,07:57:06,23,2509,State/Downtown Station - State St & S. Pearl St (02509),0,4,2,30660.0,08:31:00,30694,08:31:34,30660.0,08:31:00,30709,08:31:49,15,00:00:15,doors opened
07/14/2025,12,4173,Monday,Weekday,East,15649939,28500,07:55:00,28626,07:57:06,22,1787,State St & Eagle St (01787),0,2,6,,,30660,08:31:00,,,30674,08:31:14,14,00:00:14,doors opened
07/14/2025,12,4173,Monday,Weekday,East,15649939,28500,07:55:00,28626,07:57:06,21,2706,Hawk/Capitol Station - Washington Ave & Hawk St (02706),0,2,8,,,30604,08:30:04,,,30619,08:30:19,15,00:00:15,doors opened
07/14/2025,12,4173,Monday,Weekday,East,15649939,28500,07:55:00,28626,07:57:06,20,1789,Washington Ave & S. Swan St (01789),0,7,10,,,30503,08:28:23,,,30579,08:29:39,76,00:01:16,doors opened
07/14/2025,12,4173,Monday,Weekday,East,15649939,28500,07:55:00,28626,07:57:06,19,1788,Washington Ave & Dove St (01788),0,0,17,,,30478,08:27:58,,,30478,08:27:58,0,00:00:00,door not opened
07/14/2025,12,4173,Monday,Weekday,East,15649939,28500,07:55:00,28626,07:57:06,18,2663,Lark/Library Station - Washington Ave & Lark St (02663),0,3,17,30240.0,08:24:00,30405,08:26:45,30240.0,08:24:00,30421,08:27:01,16,00:00:16,doors opened
07/14/2025,12,4173,Monday,Weekday,East,15649939,28500,07:55:00,28626,07:57:06,17,263,Washington Ave & Henry Johnson Blvd (00263),0,0,20,,,30363,08:26:03,,,30363,08:26:03,0,00:00:00,door not opened
07/14/2025,12,4173,Monday,Weekday,East,15649939,28500,07:55:00,28626,07:57:06,16,2096,Washington Ave & Lexington Ave (02096),1,0,20,,,30266,08:24:26,,,30281,08:24:41,15,00:00:15,doors opened
07/14/2025,12,4173,Monday,Weekday,East,15649939,28500,07:55:00,28626,07:57:06,15,3253,Washington Ave & Robin St (Draper Hall) (03253),0,0,19,,,30231,08:23:51,,,30231,08:23:51,0,00:00:00,door not opened
07/14/2025,12,4173,Monday,Weekday,East,15649939,28500,07:55:00,28626,07:57:06,14,2109,Washington Ave & N. Lake Ave (02109),1,1,19,,,30174,08:22:54,,,30205,08:23:25,31,00:00:31,doors opened
07/14/2025,12,4173,Monday,Weekday,East,15649939,28500,07:55:00,28626,07:57:06,13,3255,Washington Ave & Quail St (03255),0,4,19,,,30130,08:22:10,,,30149,08:22:29,19,00:00:19,doors opened
07/14/2025,12,4173,Monday,Weekday,East,15649939,28500,07:55:00,28626,07:57:06,12,3256,Washington Ave & Ontario St (03256),1,0,23,29820.0,08:17:00,30071,08:21:11,29820.0,08:17:00,30107,08:21:47,36,00:00:36,doors opened
07/14/2025,12,4173,Monday,Weekday,East,15649939,28500,07:55:00,28626,07:57:06,11,2107,Washington Ave & Partridge St (02107),0,1,22,,,30012,08:20:12,,,30049,08:20:49,37,00:00:37,doors opened
07/14/2025,12,4173,Monday,Weekday,East,15649939,28500,07:55:00,28626,07:57:06,10,3257,Washington Ave & N. Main Ave (03257),2,1,23,,,29912,08:18:32,,,29942,08:19:02,30,00:00:30,doors opened
07/14/2025,12,4173,Monday,Weekday,East,15649939,28500,07:55:00,28626,07:57:06,9,1796,Washington Ave & N. Allen St (01796),2,3,22,29640.0,08:14:00,29827,08:17:07,29640.0,08:14:00,29882,08:18:02,55,00:00:55,doors opened
07/14/2025,12,4173,Monday,Weekday,East,15649939,28500,07:55:00,28626,07:57:06,8,11581,Washington Ave & Manning Blvd (11581),3,0,23,,,29698,08:14:58,,,29765,08:16:05,67,00:01:07,doors opened
07/14/2025,12,4173,Monday,Weekday,East,15649939,28500,07:55:00,28626,07:57:06,7,2180,Washington Ave & Homestead Ave (02180),3,0,20,,,29618,08:13:38,,,29676,08:14:36,58,00:00:58,doors opened
07/14/2025,12,4173,Monday,Weekday,East,15649939,28500,07:55:00,28626,07:57:06,6,2182,Washington Ave & Hawthorne St (02182),2,0,17,,,29577,08:12:57,,,29593,08:13:13,16,00:00:16,doors opened
07/14/2025,12,4173,Monday,Weekday,East,15649939,28500,07:55:00,28626,07:57:06,5,3304,Washington Ave & Clermont St (03304),1,0,15,,,29521,08:12:01,,,29551,08:12:31,30,00:00:30,doors opened
07/14/2025,12,4173,Monday,Weekday,East,15649939,28500,07:55:00,28626,07:57:06,4,3348,Washington Ave & Brevator St (03348),2,0,14,,,29465,08:11:05,,,29499,08:11:39,34,00:00:34,doors opened
07/14/2025,12,4173,Monday,Weekday,East,15649939,28500,07:55:00,28626,07:57:06,3,10134,Washington Ave & SUNY Exit Rd (10134),10,0,12,,,29275,08:07:55,,,29315,08:08:35,40,00:00:40,doors opened
07/14/2025,12,4173,Monday,Weekday,East,15649939,28500,07:55:00,28626,07:57:06,2,7216,SUNY Collins Circle (07216),0,0,2,29100.0,08:05:00,29187,08:06:27,29100.0,08:05:00,29187,08:06:27,0,00:00:00,door not opened
07/14/2025,12,4173,Monday,Weekday,East,15649939,28500,07:55:00,28626,07:57:06,1,12827,Crossgates Commons Station (12827),0,0,2,28800.0,08:00:00,28940,08:02:20,28800.0,08:00:00,28940,08:02:20,0,00:00:00,door not opened
07/14/2025,12,4173,Monday,Weekday,East,15649939,28500,07:55:00,28626,07:57:06,0,7175,Crossgates Mall Station (07175),2,0,2,28500.0,07:55:00,28626,07:57:06,28500.0,07:55:00,28626,07:57:06,0,00:00:00,doors opened
07/14/2025,12,4173,Monday,Weekday,West,15649941,31200,08:40:00,31269,08:41:09,27,7175,Crossgates Mall Station (07175),0,4,0,33720.0,09:22:00,33658,09:20:58,33720.0,09:22:00,33658,09:20:58,0,00:00:00,doors opened
07/14/2025,12,4173,Monday,Weekday,West,15649941,31200,08:40:00,31269,08:41:09,26,12828,Crossgates Commons Station (12828),0,5,4,33300.0,09:15:00,33446,09:17:26,33300.0,09:15:00,33466,09:17:46,20,00:00:20,doors opened
07/14/2025,12,4173,Monday,Weekday,West,15649941,31200,08:40:00,31269,08:41:09,25,12891,1475 Washington Ave (12891),0,0,9,,,33195,09:13:15,,,33195,09:13:15,0,00:00:00,door not opened
07/14/2025,12,4173,Monday,Weekday,West,15649941,31200,08:40:00,31269,08:41:09,24,7216,SUNY Collins Circle (07216),1,3,9,32940.0,09:09:00,33001,09:10:01,32940.0,09:09:00,33035,09:10:35,34,00:00:34,doors opened
07/14/2025,12,4173,Monday,Weekday,West,15649941,31200,08:40:00,31269,08:41:09,23,3262,1383 Washington Ave (Fairfield Inn) (03262),0,3,11,,,32843,09:07:23,,,32859,09:07:39,16,00:00:16,doors opened
07/14/2025,12,4173,Monday,Weekday,West,15649941,31200,08:40:00,31269,08:41:09,22,976,Washington Ave & Brevator St (00976),1,1,14,,,32643,09:04:03,,,32681,09:04:41,38,00:00:38,doors opened
07/14/2025,12,4173,Monday,Weekday,West,15649941,31200,08:40:00,31269,08:41:09,21,1959,Washington Ave & Colvin Ave (01959),1,1,14,,,32562,09:02:42,,,32620,09:03:40,58,00:00:58,doors opened
07/14/2025,12,4173,Monday,Weekday,West,15649941,31200,08:40:00,31269,08:41:09,20,3399,Washington Ave & Danker Ave (03399),0,0,14,,,32540,09:02:20,,,32540,09:02:20,0,00:00:00,door not opened
07/14/2025,12,4173,Monday,Weekday,West,15649941,31200,08:40:00,31269,08:41:09,19,1849,Washington Ave & Homestead Ave (01849),1,0,14,,,32503,09:01:43,,,32516,09:01:56,13,00:00:13,doors opened
07/14/2025,12,4173,Monday,Weekday,West,15649941,31200,08:40:00,31269,08:41:09,18,1846,Washington Ave & Manning Blvd (01846),0,0,13,,,32473,09:01:13,,,32473,09:01:13,0,00:00:00,door not opened
07/14/2025,12,4173,Monday,Weekday,West,15649941,31200,08:40:00,31269,08:41:09,17,3287,Washington Ave & N. Allen St (03287),3,1,13,32460.0,09:01:00,32386,08:59:46,32460.0,09:01:00,32409,09:00:09,23,00:00:23,doors opened
07/14/2025,12,4173,Monday,Weekday,West,15649941,31200,08:40:00,31269,08:41:09,16,3264,Washington Ave & N. Main Ave (03264),0,0,11,,,32357,08:59:17,,,32357,08:59:17,0,00:00:00,door not opened
07/14/2025,12,4173,Monday,Weekday,West,15649941,31200,08:40:00,31269,08:41:09,15,1839,Washington Ave & Partridge St (01839),1,3,11,,,32244,08:57:24,,,32279,08:57:59,35,00:00:35,doors opened
07/14/2025,12,4173,Monday,Weekday,West,15649941,31200,08:40:00,31269,08:41:09,14,1841,Washington Ave & Ontario St (01841),1,0,13,32220.0,08:57:00,32204,08:56:44,32220.0,08:57:00,32220,08:57:00,16,00:00:16,doors opened
07/14/2025,12,4173,Monday,Weekday,West,15649941,31200,08:40:00,31269,08:41:09,13,1842,Washington Ave & Quail St (01842),4,0,12,,,32149,08:55:49,,,32181,08:56:21,32,00:00:32,doors opened
07/14/2025,12,4173,Monday,Weekday,West,15649941,31200,08:40:00,31269,08:41:09,12,1837,Washington Ave & N. Lake Ave (01837),0,0,8,,,32125,08:55:25,,,32125,08:55:25,0,00:00:00,door not opened
07/14/2025,12,4173,Monday,Weekday,West,15649941,31200,08:40:00,31269,08:41:09,11,1843,Washington Ave & Robin St (01843),0,0,8,,,32072,08:54:32,,,32072,08:54:32,0,00:00:00,door not opened
07/14/2025,12,4173,Monday,Weekday,West,15649941,31200,08:40:00,31269,08:41:09,10,12943,Washington Ave & Lexington Ave (12943),1,0,8,,,31982,08:53:02,,,32046,08:54:06,64,00:01:04,doors opened
07/14/2025,12,4173,Monday,Weekday,West,15649941,31200,08:40:00,31269,08:41:09,9,12942,Washington Ave & Henry Johnson Blvd (12942),0,2,7,,,31926,08:52:06,,,31937,08:52:17,11,00:00:11,doors opened
07/14/2025,12,4173,Monday,Weekday,West,15649941,31200,08:40:00,31269,08:41:09,8,3239,Lark/Library Station - Washington Ave & Lark St (03239),1,0,9,31800.0,08:50:00,31832,08:50:32,31800.0,08:50:00,31848,08:50:48,16,00:00:16,doors opened
07/14/2025,12,4173,Monday,Weekday,West,15649941,31200,08:40:00,31269,08:41:09,7,3301,Washington Ave & S. Swan St (03301),0,1,8,,,31777,08:49:37,,,31796,08:49:56,19,00:00:19,doors opened
07/14/2025,12,4173,Monday,Weekday,West,15649941,31200,08:40:00,31269,08:41:09,6,3250,Hawk/Capitol Station - Washington Ave & Hawk St (03250),0,1,9,,,31711,08:48:31,,,31752,08:49:12,41,00:00:41,doors opened
07/14/2025,12,4173,Monday,Weekday,West,15649941,31200,08:40:00,31269,08:41:09,5,10087,State St & Eagle St (10087),0,0,10,,,31686,08:48:06,,,31686,08:48:06,0,00:00:00,door not opened
07/14/2025,12,4173,Monday,Weekday,West,15649941,31200,08:40:00,31269,08:41:09,4,2665,State/Downtown Station - State St & Lodge St (02665),5,0,10,31500.0,08:45:00,31535,08:45:35,31500.0,08:45:00,31570,08:46:10,35,00:00:35,doors opened
07/14/2025,12,4173,Monday,Weekday,West,15649941,31200,08:40:00,31269,08:41:09,3,3221,State Station - N. Pearl St & Ten Eyck Plaza (03221),4,0,5,,,31452,08:44:12,,,31510,08:45:10,58,00:00:58,doors opened
07/14/2025,12,4173,Monday,Weekday,West,15649941,31200,08:40:00,31269,08:41:09,2,3233,N. Pearl St & Sheridan Ave (03233),0,0,1,,,31405,08:43:25,,,31405,08:43:25,0,00:00:00,door not opened
07/14/2025,12,4173,Monday,Weekday,West,15649941,31200,08:40:00,31269,08:41:09,1,2168,Clinton Square Station - N. Pearl St & Clinton Ave (02168),1,0,1,,,31360,08:42:40,,,31382,08:43:02,22,00:00:22,doors opened
07/14/2025,12,4173,Monday,Weekday,West,15649941,31200,08:40:00,31269,08:41:09,0,9018,Broadway & Orange St (09018),0,0,0,31200.0,08:40:00,31269,08:41:09,31200.0,08:40:00,31269,08:41:09,0,00:00:00,door not opened
07/14/2025,12,4173,Monday,Weekday,West,15649945,37200,10:20:00,37310,10:21:50,27,7175,Crossgates Mall Station (07175),0,7,0,39600.0,11:00:00,39536,10:58:56,39600.0,11:00:00,39536,10:58:56,0,00:00:00,doors opened
07/14/2025,12,4173,Monday,Weekday,West,15649945,37200,10:20:00,37310,10:21:50,26,12828,Crossgates Commons Station (12828),1,8,7,39180.0,10:53:00,39251,10:54:11,39180.0,10:53:00,39299,10:54:59,48,00:00:48,doors opened
07/14/2025,12,4173,Monday,Weekday,West,15649945,37200,10:20:00,37310,10:21:50,25,12891,1475 Washington Ave (12891),1,0,14,,,39067,10:51:07,,,39082,10:51:22,15,00:00:15,doors opened
07/14/2025,12,4173,Monday,Weekday,West,15649945,37200,10:20:00,37310,10:21:50,24,7216,SUNY Collins Circle (07216),1,4,13,38820.0,10:47:00,38884,10:48:04,38820.0,10:47:00,38905,10:48:25,21,00:00:21,doors opened
07/14/2025,12,4173,Monday,Weekday,West,15649945,37200,10:20:00,37310,10:21:50,23,3262,1383 Washington Ave (Fairfield Inn) (03262),0,3,16,,,38754,10:45:54,,,38777,10:46:17,23,00:00:23,doors opened
07/14/2025,12,4173,Monday,Weekday,West,15649945,37200,10:20:00,37310,10:21:50,22,976,Washington Ave & Brevator St (00976),0,1,19,,,38642,10:44:02,,,38647,10:44:07,5,00:00:05,doors opened
07/14/2025,12,4173,Monday,Weekday,West,15649945,37200,10:20:00,37310,10:21:50,21,1959,Washington Ave & Colvin Ave (01959),1,0,20,,,38573,10:42:53,,,38617,10:43:37,44,00:00:44,doors opened
07/14/2025,12,4173,Monday,Weekday,West,15649945,37200,10:20:00,37310,10:21:50,20,3399,Washington Ave & Danker Ave (03399),0,1,19,,,38542,10:42:22,,,38551,10:42:31,9,00:00:09,doors opened
07/14/2025,12,4173,Monday,Weekday,West,15649945,37200,10:20:00,37310,10:21:50,19,1849,Washington Ave & Homestead Ave (01849),2,1,20,,,38492,10:41:32,,,38515,10:41:55,23,00:00:23,doors opened
07/14/2025,12,4173,Monday,Weekday,West,15649945,37200,10:20:00,37310,10:21:50,18,1846,Washington Ave & Manning Blvd (01846),0,0,19,,,38469,10:41:09,,,38469,10:41:09,0,00:00:00,door not opened
07/14/2025,12,4173,Monday,Weekday,West,15649945,37200,10:20:00,37310,10:21:50,17,3287,Washington Ave & N. Allen St (03287),7,0,19,38400.0,10:40:00,38373,10:39:33,38400.0,10:40:00,38407,10:40:07,34,00:00:34,doors opened
07/14/2025,12,4173,Monday,Weekday,West,15649945,37200,10:20:00,37310,10:21:50,16,3264,Washington Ave & N. Main Ave (03264),1,0,12,,,38319,10:38:39,,,38344,10:39:04,25,00:00:25,doors opened
07/14/2025,12,4173,Monday,Weekday,West,15649945,37200,10:20:00,37310,10:21:50,15,1839,Washington Ave & Partridge St (01839),3,1,11,,,38205,10:36:45,,,38232,10:37:12,27,00:00:27,doors opened
07/14/2025,12,4173,Monday,Weekday,West,15649945,37200,10:20:00,37310,10:21:50,14,1841,Washington Ave & Ontario St (01841),2,1,9,38160.0,10:36:00,38153,10:35:53,38160.0,10:36:00,38183,10:36:23,30,00:00:30,doors opened
07/14/2025,12,4173,Monday,Weekday,West,15649945,37200,10:20:00,37310,10:21:50,13,1842,Washington Ave & Quail St (01842),2,0,8,,,38091,10:34:51,,,38128,10:35:28,37,00:00:37,doors opened
07/14/2025,12,4173,Monday,Weekday,West,15649945,37200,10:20:00,37310,10:21:50,12,1837,Washington Ave & N. Lake Ave (01837),0,0,6,,,38070,10:34:30,,,38070,10:34:30,0,00:00:00,door not opened
07/14/2025,12,4173,Monday,Weekday,West,15649945,37200,10:20:00,37310,10:21:50,11,1843,Washington Ave & Robin St (01843),1,0,6,,,38017,10:33:37,,,38031,10:33:51,14,00:00:14,doors opened
07/14/2025,12,4173,Monday,Weekday,West,15649945,37200,10:20:00,37310,10:21:50,10,12943,Washington Ave & Lexington Ave (12943),0,3,5,,,37961,10:32:41,,,37991,10:33:11,30,00:00:30,doors opened
07/14/2025,12,4173,Monday,Weekday,West,15649945,37200,10:20:00,37310,10:21:50,9,12942,Washington Ave & Henry Johnson Blvd (12942),1,0,8,,,37923,10:32:03,,,37931,10:32:11,8,00:00:08,doors opened
07/14/2025,12,4173,Monday,Weekday,West,15649945,37200,10:20:00,37310,10:21:50,8,3239,Lark/Library Station - Washington Ave & Lark St (03239),1,2,7,37740.0,10:29:00,37755,10:29:15,37740.0,10:29:00,37793,10:29:53,38,00:00:38,doors opened
07/14/2025,12,4173,Monday,Weekday,West,15649945,37200,10:20:00,37310,10:21:50,7,3301,Washington Ave & S. Swan St (03301),0,0,8,,,37722,10:28:42,,,37722,10:28:42,0,00:00:00,door not opened
07/14/2025,12,4173,Monday,Weekday,West,15649945,37200,10:20:00,37310,10:21:50,6,3250,Hawk/Capitol Station - Washington Ave & Hawk St (03250),1,0,8,,,37609,10:26:49,,,37668,10:27:48,59,00:00:59,doors opened
07/14/2025,12,4173,Monday,Weekday,West,15649945,37200,10:20:00,37310,10:21:50,5,10087,State St & Eagle St (10087),1,0,7,,,37560,10:26:00,,,37571,10:26:11,11,00:00:11,doors opened
07/14/2025,12,4173,Monday,Weekday,West,15649945,37200,10:20:00,37310,10:21:50,4,2665,State/Downtown Station - State St & Lodge St (02665),4,0,6,37440.0,10:24:00,37431,10:23:51,37440.0,10:24:00,37510,10:25:10,79,00:01:19,doors opened
07/14/2025,12,4173,Monday,Weekday,West,15649945,37200,10:20:00,37310,10:21:50,3,3221,State Station - N. Pearl St & Ten Eyck Plaza (03221),1,0,2,,,37385,10:23:05,,,37402,10:23:22,17,00:00:17,doors opened
07/14/2025,12,4173,Monday,Weekday,West,15649945,37200,10:20:00,37310,10:21:50,2,3233,N. Pearl St & Sheridan Ave (03233),0,0,1,,,37352,10:22:32,,,37352,10:22:32,0,00:00:00,door not opened
07/14/2025,12,4173,Monday,Weekday,West,15649945,37200,10:20:00,37310,10:21:50,1,2168,Clinton Square Station - N. Pearl St & Clinton Ave (02168),1,0,1,,,37324,10:22:04,,,37340,10:22:20,16,00:00:16,doors opened
07/14/2025,12,4173,Monday,Weekday,West,15649945,37200,10:20:00,37310,10:21:50,0,9018,Broadway & Orange St (09018),0,0,0,37200.0,10:20:00,37310,10:21:50,37200.0,10:20:00,37310,10:21:50,0,00:00:00,door not opened
07/14/2025,12,6000,Monday,Weekday,East,15652731,78900,21:55:00,79258,22:00:58,4,3348,Washington Ave & Brevator St (03348),1,0,14,,,80063,22:14:23,,,80082,22:14:42,19,00:00:19,doors opened
07/14/2025,12,6000,Monday,Weekday,East,15652731,78900,21:55:00,79258,22:00:58,3,10134,Washington Ave & SUNY Exit Rd (10134),1,0,13,,,79892,22:11:32,,,79925,22:12:05,33,00:00:33,doors opened
07/14/2025,12,6000,Monday,Weekday,East,15652731,78900,21:55:00,79258,22:00:58,2,7216,SUNY Collins Circle (07216),0,0,12,79500.0,22:05:00,79806,22:10:06,79500.0,22:05:00,79806,22:10:06,0,00:00:00,door not opened
07/14/2025,12,6000,Monday,Weekday,East,15652731,78900,21:55:00,79258,22:00:58,1,12827,Crossgates Commons Station (12827),12,0,12,79200.0,22:00:00,79442,22:04:02,79200.0,22:00:00,79497,22:04:57,55,00:00:55,doors opened
07/14/2025,12,6000,Monday,Weekday,East,15652731,78900,21:55:00,79258,22:00:58,0,7175,Crossgates Mall Station (07175),0,0,0,78900.0,21:55:00,79258,22:00:58,78900.0,21:55:00,79258,22:00:58,0,00:00:00,door not opened
07/14/2025,12,6000,Monday,Weekday,East,15652731,78900,21:55:00,79258,22:00:58,24,3940,Broadway & Steuben St (03940),0,1,0,80880.0,22:28:00,81274,22:34:34,80880.0,22:28:00,81274,22:34:34,0,00:00:00,door not opened
07/14/2025,12,6000,Monday,Weekday,East,15652731,78900,21:55:00,79258,22:00:58,23,2509,State/Downtown Station - State St & S. Pearl St (02509),0,3,1,80760.0,22:26:00,81124,22:32:04,80760.0,22:26:00,81165,22:32:45,41,00:00:41,doors opened
07/14/2025,12,6000,Monday,Weekday,East,15652731,78900,21:55:00,79258,22:00:58,22,1787,State St & Eagle St (01787),0,0,4,,,81106,22:31:46,,,81106,22:31:46,0,00:00:00,door not opened
07/14/2025,12,6000,Monday,Weekday,East,15652731,78900,21:55:00,79258,22:00:58,21,2706,Hawk/Capitol Station - Washington Ave & Hawk St (02706),0,0,4,,,80994,22:29:54,,,80994,22:29:54,0,00:00:00,door not opened
07/14/2025,12,6000,Monday,Weekday,East,15652731,78900,21:55:00,79258,22:00:58,20,1789,Washington Ave & S. Swan St (01789),0,0,4,,,80974,22:29:34,,,80974,22:29:34,0,00:00:00,door not opened
07/14/2025,12,6000,Monday,Weekday,East,15652731,78900,21:55:00,79258,22:00:58,19,1788,Washington Ave & Dove St (01788),0,0,4,,,80927,22:28:47,,,80927,22:28:47,0,00:00:00,door not opened
07/14/2025,12,6000,Monday,Weekday,East,15652731,78900,21:55:00,79258,22:00:58,18,2663,Lark/Library Station - Washington Ave & Lark St (02663),0,1,4,80520.0,22:22:00,80864,22:27:44,80520.0,22:22:00,80879,22:27:59,15,00:00:15,doors opened
07/14/2025,12,6000,Monday,Weekday,East,15652731,78900,21:55:00,79258,22:00:58,17,263,Washington Ave & Henry Johnson Blvd (00263),0,1,5,,,80815,22:26:55,,,80833,22:27:13,18,00:00:18,doors opened
07/14/2025,12,6000,Monday,Weekday,East,15652731,78900,21:55:00,79258,22:00:58,16,2096,Washington Ave & Lexington Ave (02096),3,0,6,,,80668,22:24:28,,,80780,22:26:20,112,00:01:52,doors opened
07/14/2025,12,6000,Monday,Weekday,East,15652731,78900,21:55:00,79258,22:00:58,15,3253,Washington Ave & Robin St (Draper Hall) (03253),0,1,3,,,80623,22:23:43,,,80646,22:24:06,23,00:00:23,doors opened
07/14/2025,12,6000,Monday,Weekday,East,15652731,78900,21:55:00,79258,22:00:58,14,2109,Washington Ave & N. Lake Ave (02109),0,2,4,,,80578,22:22:58,,,80600,22:23:20,22,00:00:22,doors opened
07/14/2025,12,6000,Monday,Weekday,East,15652731,78900,21:55:00,79258,22:00:58,13,3255,Washington Ave & Quail St (03255),1,1,6,,,80486,22:21:26,,,80548,22:22:28,62,00:01:02,doors opened
07/14/2025,12,6000,Monday,Weekday,East,15652731,78900,21:55:00,79258,22:00:58,12,3256,Washington Ave & Ontario St (03256),0,2,6,80160.0,22:16:00,80435,22:20:35,80160.0,22:16:00,80460,22:21:00,25,00:00:25,doors opened
07/14/2025,12,6000,Monday,Weekday,East,15652731,78900,21:55:00,79258,22:00:58,11,2107,Washington Ave & Partridge St (02107),0,1,8,,,80393,22:19:53,,,80408,22:20:08,15,00:00:15,doors opened
07/14/2025,12,6000,Monday,Weekday,East,15652731,78900,21:55:00,79258,22:00:58,10,3257,Washington Ave & N. Main Ave (03257),0,1,9,,,80299,22:18:19,,,80338,22:18:58,39,00:00:39,doors opened
07/14/2025,12,6000,Monday,Weekday,East,15652731,78900,21:55:00,79258,22:00:58,9,1796,Washington Ave & N. Allen St (01796),0,3,10,79980.0,22:13:00,80246,22:17:26,79980.0,22:13:00,80264,22:17:44,18,00:00:18,doors opened
07/14/2025,12,6000,Monday,Weekday,East,15652731,78900,21:55:00,79258,22:00:58,8,11581,Washington Ave & Manning Blvd (11581),0,1,13,,,80172,22:16:12,,,80210,22:16:50,38,00:00:38,doors opened
07/14/2025,12,6000,Monday,Weekday,East,15652731,78900,21:55:00,79258,22:00:58,7,2180,Washington Ave & Homestead Ave (02180),0,0,14,,,80151,22:15:51,,,80151,22:15:51,0,00:00:00,door not opened
07/14/2025,12,6000,Monday,Weekday,East,15652731,78900,21:55:00,79258,22:00:58,6,2182,Washington Ave & Hawthorne St (02182),0,0,14,,,80126,22:15:26,,,80126,22:15:26,0,00:00:00,door not opened
07/14/2025,12,6000,Monday,Weekday,East,15652731,78900,21:55:00,79258,22:00:58,5,3304,Washington Ave & Clermont St (03304),0,0,14,,,80102,22:15:02,,,80102,22:15:02,0,00:00:00,door not opened
07/14/2025,12,6000,Monday,Weekday,West,15652733,81300,22:35:00,81317,22:35:17,16,3264,Washington Ave & N. Main Ave (03264),0,0,6,,,82205,22:50:05,,,82205,22:50:05,0,00:00:00,door not opened
07/14/2025,12,6000,Monday,Weekday,West,15652733,81300,22:35:00,81317,22:35:17,15,1839,Washington Ave & Partridge St (01839),0,0,6,,,82160,22:49:20,,,82160,22:49:20,0,00:00:00,door not opened
07/14/2025,12,6000,Monday,Weekday,West,15652733,81300,22:35:00,81317,22:35:17,14,1841,Washington Ave & Ontario St (01841),0,0,6,82020.0,22:47:00,82140,22:49:00,82020.0,22:47:00,82140,22:49:00,0,00:00:00,door not opened
07/14/2025,12,6000,Monday,Weekday,West,15652733,81300,22:35:00,81317,22:35:17,13,1842,Washington Ave & Quail St (01842),4,1,6,,,82076,22:47:56,,,82116,22:48:36,40,00:00:40,doors opened
07/14/2025,12,6000,Monday,Weekday,West,15652733,81300,22:35:00,81317,22:35:17,12,1837,Washington Ave & N. Lake Ave (01837),1,0,3,,,82034,22:47:14,,,82050,22:47:30,16,00:00:16,doors opened
07/14/2025,12,6000,Monday,Weekday,West,15652733,81300,22:35:00,81317,22:35:17,11,1843,Washington Ave & Robin St (01843),0,0,2,,,82013,22:46:53,,,82013,22:46:53,0,00:00:00,door not opened
07/14/2025,12,6000,Monday,Weekday,West,15652733,81300,22:35:00,81317,22:35:17,10,12943,Washington Ave & Lexington Ave (12943),0,0,2,,,81976,22:46:16,,,81976,22:46:16,0,00:00:00,door not opened
07/14/2025,12,6000,Monday,Weekday,West,15652733,81300,22:35:00,81317,22:35:17,9,12942,Washington Ave & Henry Johnson Blvd (12942),2,0,2,,,81906,22:45:06,,,81928,22:45:28,22,00:00:22,doors opened
07/14/2025,12,6000,Monday,Weekday,West,15652733,81300,22:35:00,81317,22:35:17,8,3239,Lark/Library Station - Washington Ave & Lark St (03239),0,0,0,81720.0,22:42:00,81870,22:44:30,81720.0,22:42:00,81870,22:44:30,0,00:00:00,door not opened
07/14/2025,12,6000,Monday,Weekday,West,15652733,81300,22:35:00,81317,22:35:17,7,3301,Washington Ave & S. Swan St (03301),0,0,0,,,81822,22:43:42,,,81822,22:43:42,0,00:00:00,door not opened
07/14/2025,12,6000,Monday,Weekday,West,15652733,81300,22:35:00,81317,22:35:17,6,3250,Hawk/Capitol Station - Washington Ave & Hawk St (03250),0,0,0,,,81787,22:43:07,,,81787,22:43:07,0,00:00:00,door not opened
07/14/2025,12,6000,Monday,Weekday,West,15652733,81300,22:35:00,81317,22:35:17,5,10087,State St & Eagle St (10087),0,0,0,,,81753,22:42:33,,,81753,22:42:33,0,00:00:00,door not opened
07/14/2025,12,6000,Monday,Weekday,West,15652733,81300,22:35:00,81317,22:35:17,4,2665,State/Downtown Station - State St & Lodge St (02665),0,0,0,81540.0,22:39:00,81704,22:41:44,81540.0,22:39:00,81704,22:41:44,0,00:00:00,door not opened
07/14/2025,12,6000,Monday,Weekday,West,15652733,81300,22:35:00,81317,22:35:17,3,3221,State Station - N. Pearl St & Ten Eyck Plaza (03221),0,0,0,,,81672,22:41:12,,,81672,22:41:12,0,00:00:00,door not opened
07/14/2025,12,6000,Monday,Weekday,West,15652733,81300,22:35:00,81317,22:35:17,2,3233,N. Pearl St & Sheridan Ave (03233),0,0,0,,,81633,22:40:33,,,81633,22:40:33,0,00:00:00,door not opened
07/14/2025,12,6000,Monday,Weekday,West,15652733,81300,22:35:00,81317,22:35:17,1,2168,Clinton Square Station - N. Pearl St & Clinton Ave (02168),0,0,0,,,81616,22:40:16,,,81616,22:40:16,0,00:00:00,door not opened
07/14/2025,12,6000,Monday,Weekday,West,15652733,81300,22:35:00,81317,22:35:17,0,9018,Broadway & Orange St (09018),0,0,0,81300.0,22:35:00,81317,22:35:17,81300.0,22:35:00,81317,22:35:17,0,00:00:00,door not opened
07/14/2025,12,6000,Monday,Weekday,West,15652733,81300,22:35:00,81317,22:35:17,26,12828,Crossgates Commons Station (12828),0,5,0,82860.0,23:01:00,83134,23:05:34,82860.0,23:01:00,83134,23:05:34,0,00:00:00,doors opened
07/14/2025,12,6000,Monday,Weekday,West,15652733,81300,22:35:00,81317,22:35:17,25,12891,1475 Washington Ave (12891),0,0,5,,,82904,23:01:44,,,82914,23:01:54,10,00:00:10,doors opened
07/14/2025,12,6000,Monday,Weekday,West,15652733,81300,22:35:00,81317,22:35:17,24,7216,SUNY Collins Circle (07216),0,0,5,82560.0,22:56:00,82708,22:58:28,82560.0,22:56:00,82722,22:58:42,14,00:00:14,doors opened
07/14/2025,12,6000,Monday,Weekday,West,15652733,81300,22:35:00,81317,22:35:17,23,3262,1383 Washington Ave (Fairfield Inn) (03262),1,2,5,,,82573,22:56:13,,,82595,22:56:35,22,00:00:22,doors opened
07/14/2025,12,6000,Monday,Weekday,West,15652733,81300,22:35:00,81317,22:35:17,22,976,Washington Ave & Brevator St (00976),0,0,6,,,82448,22:54:08,,,82448,22:54:08,0,00:00:00,door not opened
07/14/2025,12,6000,Monday,Weekday,West,15652733,81300,22:35:00,81317,22:35:17,21,1959,Washington Ave & Colvin Ave (01959),1,0,6,,,82399,22:53:19,,,82421,22:53:41,22,00:00:22,doors opened
07/14/2025,12,6000,Monday,Weekday,West,15652733,81300,22:35:00,81317,22:35:17,20,3399,Washington Ave & Danker Ave (03399),0,0,5,,,82372,22:52:52,,,82372,22:52:52,0,00:00:00,door not opened
07/14/2025,12,6000,Monday,Weekday,West,15652733,81300,22:35:00,81317,22:35:17,19,1849,Washington Ave & Homestead Ave (01849),0,0,5,,,82346,22:52:26,,,82346,22:52:26,0,00:00:00,door not opened
07/14/2025,12,6000,Monday,Weekday,West,15652733,81300,22:35:00,81317,22:35:17,18,1846,Washington Ave & Manning Blvd (01846),0,1,5,,,82269,22:51:09,,,82320,22:52:00,51,00:00:51,doors opened
07/14/2025,12,6000,Monday,Weekday,West,15652733,81300,22:35:00,81317,22:35:17,17,3287,Washington Ave & N. Allen St (03287),0,0,6,82200.0,22:50:00,82239,22:50:39,82200.0,22:50:00,82239,22:50:39,0,00:00:00,door not opened
07/14/2025,12,6000,Monday,Weekday,East,15652608,54900,15:15:00,54940,15:15:40,11,3256,Washington Ave & Ontario St (03256),4,8,19,56340.0,15:39:00,56423,15:40:23,56340.0,15:39:00,56453,15:40:53,30,00:00:30,doors opened
07/14/2025,12,6000,Monday,Weekday,East,15652608,54900,15:15:00,54940,15:15:40,10,3257,Washington Ave & N. Main Ave (03257),3,0,23,,,56248,15:37:28,,,56279,15:37:59,31,00:00:31,doors opened
07/14/2025,12,6000,Monday,Weekday,East,15652608,54900,15:15:00,54940,15:15:40,9,1796,Washington Ave & N. Allen St (01796),1,1,20,56100.0,15:35:00,56190,15:36:30,56100.0,15:35:00,56212,15:36:52,22,00:00:22,doors opened
07/14/2025,12,6000,Monday,Weekday,East,15652608,54900,15:15:00,54940,15:15:40,8,11581,Washington Ave & Manning Blvd (11581),3,1,20,,,56093,15:34:53,,,56157,15:35:57,64,00:01:04,doors opened
07/14/2025,12,6000,Monday,Weekday,East,15652608,54900,15:15:00,54940,15:15:40,7,2180,Washington Ave & Homestead Ave (02180),2,3,18,,,56021,15:33:41,,,56058,15:34:18,37,00:00:37,doors opened
07/14/2025,12,6000,Monday,Weekday,East,15652608,54900,15:15:00,54940,15:15:40,6,2182,Washington Ave & Hawthorne St (02182),0,0,19,,,55994,15:33:14,,,55994,15:33:14,0,00:00:00,door not opened
07/14/2025,12,6000,Monday,Weekday,East,15652608,54900,15:15:00,54940,15:15:40,5,3304,Washington Ave & Clermont St (03304),0,2,19,,,55934,15:32:14,,,55963,15:32:43,29,00:00:29,doors opened
07/14/2025,12,6000,Monday,Weekday,East,15652608,54900,15:15:00,54940,15:15:40,4,3348,Washington Ave & Brevator St (03348),0,0,21,,,55922,15:32:02,,,55922,15:32:02,0,00:00:00,door not opened
07/14/2025,12,6000,Monday,Weekday,East,15652608,54900,15:15:00,54940,15:15:40,3,10134,Washington Ave & SUNY Exit Rd (10134),2,1,21,,,55755,15:29:15,,,55784,15:29:44,29,00:00:29,doors opened
07/14/2025,12,6000,Monday,Weekday,East,15652608,54900,15:15:00,54940,15:15:40,2,7216,SUNY Collins Circle (07216),2,0,20,55560.0,15:26:00,55621,15:27:01,55560.0,15:26:00,55642,15:27:22,21,00:00:21,doors opened
07/14/2025,12,6000,Monday,Weekday,East,15652608,54900,15:15:00,54940,15:15:40,1,12827,Crossgates Commons Station (12827),10,1,18,55260.0,15:21:00,55246,15:20:46,55260.0,15:21:00,55325,15:22:05,79,00:01:19,doors opened
07/14/2025,12,6000,Monday,Weekday,East,15652608,54900,15:15:00,54940,15:15:40,0,7175,Crossgates Mall Station (07175),8,0,9,54900.0,15:15:00,54940,15:15:40,54900.0,15:15:00,54940,15:15:40,0,00:00:00,doors opened
07/14/2025,12,6000,Monday,Weekday,East,15652608,54900,15:15:00,54940,15:15:40,22,3940,Broadway & Steuben St (03940),0,2,0,57240.0,15:54:00,57309,15:55:09,57240.0,15:54:00,57309,15:55:09,0,00:00:00,doors opened
07/14/2025,12,6000,Monday,Weekday,East,15652608,54900,15:15:00,54940,15:15:40,21,2509,State/Downtown Station - State St & S. Pearl St (02509),0,8,2,57060.0,15:51:00,57172,15:52:52,57060.0,15:51:00,57225,15:53:45,53,00:00:53,doors opened
07/14/2025,12,6000,Monday,Weekday,East,15652608,54900,15:15:00,54940,15:15:40,20,1787,State St & Eagle St (01787),0,2,10,,,57115,15:51:55,,,57136,15:52:16,21,00:00:21,doors opened
07/14/2025,12,6000,Monday,Weekday,East,15652608,54900,15:15:00,54940,15:15:40,19,2706,Hawk/Capitol Station - Washington Ave & Hawk St (02706),0,0,12,,,57010,15:50:10,,,57010,15:50:10,0,00:00:00,door not opened
07/14/2025,12,6000,Monday,Weekday,East,15652608,54900,15:15:00,54940,15:15:40,18,1789,Washington Ave & S. Swan St (01789),0,1,12,,,56964,15:49:24,,,56981,15:49:41,17,00:00:17,doors opened
07/14/2025,12,6000,Monday,Weekday,East,15652608,54900,15:15:00,54940,15:15:40,17,1788,Washington Ave & Dove St (01788),1,2,13,,,56889,15:48:09,,,56928,15:48:48,39,00:00:39,doors opened
07/14/2025,12,6000,Monday,Weekday,East,15652608,54900,15:15:00,54940,15:15:40,16,2663,Lark/Library Station - Washington Ave & Lark St (02663),1,3,14,56760.0,15:46:00,56813,15:46:53,56760.0,15:46:00,56861,15:47:41,48,00:00:48,doors opened
07/14/2025,12,6000,Monday,Weekday,East,15652608,54900,15:15:00,54940,15:15:40,15,263,Washington Ave & Henry Johnson Blvd (00263),0,0,16,,,56785,15:46:25,,,56785,15:46:25,0,00:00:00,door not opened
07/14/2025,12,6000,Monday,Weekday,East,15652608,54900,15:15:00,54940,15:15:40,14,2096,Washington Ave & Lexington Ave (02096),1,0,16,,,56646,15:44:06,,,56664,15:44:24,18,00:00:18,doors opened
07/14/2025,12,6000,Monday,Weekday,East,15652608,54900,15:15:00,54940,15:15:40,13,3253,Washington Ave & Robin St (Draper Hall) (03253),0,2,15,,,56596,15:43:16,,,56623,15:43:43,27,00:00:27,doors opened
07/14/2025,12,6000,Monday,Weekday,East,15652608,54900,15:15:00,54940,15:15:40,12,2109,Washington Ave & N. Lake Ave (02109),0,2,17,,,56555,15:42:35,,,56571,15:42:51,16,00:00:16,doors opened
07/14/2025,12,6000,Monday,Weekday,West,15652610,57600,16:00:00,57950,16:05:50,26,7175,Crossgates Mall Station (07175),0,14,0,60300.0,16:45:00,60710,16:51:50,60300.0,16:45:00,60710,16:51:50,0,00:00:00,doors opened
07/14/2025,12,6000,Monday,Weekday,West,15652610,57600,16:00:00,57950,16:05:50,25,12828,Crossgates Commons Station (12828),3,14,14,59880.0,16:38:00,60416,16:46:56,59880.0,16:38:00,60458,16:47:38,42,00:00:42,doors opened
07/14/2025,12,6000,Monday,Weekday,West,15652610,57600,16:00:00,57950,16:05:50,24,12891,1475 Washington Ave (12891),1,0,25,,,60209,16:43:29,,,60224,16:43:44,15,00:00:15,doors opened
07/14/2025,12,6000,Monday,Weekday,West,15652610,57600,16:00:00,57950,16:05:50,23,7216,SUNY Collins Circle (07216),0,2,24,59460.0,16:31:00,60033,16:40:33,59460.0,16:31:00,60052,16:40:52,19,00:00:19,doors opened
07/14/2025,12,6000,Monday,Weekday,West,15652610,57600,16:00:00,57950,16:05:50,22,3262,1383 Washington Ave (Fairfield Inn) (03262),0,5,26,,,59889,16:38:09,,,59926,16:38:46,37,00:00:37,doors opened
07/14/2025,12,6000,Monday,Weekday,West,15652610,57600,16:00:00,57950,16:05:50,21,976,Washington Ave & Brevator St (00976),0,2,31,,,59734,16:35:34,,,59751,16:35:51,17,00:00:17,doors opened
07/14/2025,12,6000,Monday,Weekday,West,15652610,57600,16:00:00,57950,16:05:50,20,1959,Washington Ave & Colvin Ave (01959),1,3,33,,,59636,16:33:56,,,59701,16:35:01,65,00:01:05,doors opened
07/14/2025,12,6000,Monday,Weekday,West,15652610,57600,16:00:00,57950,16:05:50,19,3399,Washington Ave & Danker Ave (03399),0,1,35,,,59582,16:33:02,,,59601,16:33:21,19,00:00:19,doors opened
07/14/2025,12,6000,Monday,Weekday,West,15652610,57600,16:00:00,57950,16:05:50,18,1849,Washington Ave & Homestead Ave (01849),1,3,36,,,59494,16:31:34,,,59555,16:32:35,61,00:01:01,doors opened
07/14/2025,12,6000,Monday,Weekday,West,15652610,57600,16:00:00,57950,16:05:50,17,1846,Washington Ave & Manning Blvd (01846),2,1,38,,,59418,16:30:18,,,59468,16:31:08,50,00:00:50,doors opened
07/14/2025,12,6000,Monday,Weekday,West,15652610,57600,16:00:00,57950,16:05:50,16,3287,Washington Ave & N. Allen St (03287),9,4,37,58980.0,16:23:00,59334,16:28:54,58980.0,16:23:00,59382,16:29:42,48,00:00:48,doors opened
07/14/2025,12,6000,Monday,Weekday,West,15652610,57600,16:00:00,57950,16:05:50,15,3264,Washington Ave & N. Main Ave (03264),2,0,32,,,59213,16:26:53,,,59285,16:28:05,72,00:01:12,doors opened
07/14/2025,12,6000,Monday,Weekday,West,15652610,57600,16:00:00,57950,16:05:50,14,1839,Washington Ave & Partridge St (01839),1,10,30,,,59127,16:25:27,,,59152,16:25:52,25,00:00:25,doors opened
07/14/2025,12,6000,Monday,Weekday,West,15652610,57600,16:00:00,57950,16:05:50,13,1841,Washington Ave & Ontario St (01841),3,4,39,58680.0,16:18:00,59068,16:24:28,58680.0,16:18:00,59100,16:25:00,32,00:00:32,doors opened
07/14/2025,12,6000,Monday,Weekday,West,15652610,57600,16:00:00,57950,16:05:50,12,1837,Washington Ave & N. Lake Ave (01837),12,3,40,,,58911,16:21:51,,,58958,16:22:38,47,00:00:47,doors opened
07/14/2025,12,6000,Monday,Weekday,West,15652610,57600,16:00:00,57950,16:05:50,11,1843,Washington Ave & Robin St (01843),1,0,31,,,58850,16:20:50,,,58884,16:21:24,34,00:00:34,doors opened
07/14/2025,12,6000,Monday,Weekday,West,15652610,57600,16:00:00,57950,16:05:50,10,12943,Washington Ave & Lexington Ave (12943),1,2,30,,,58768,16:19:28,,,58820,16:20:20,52,00:00:52,doors opened
07/14/2025,12,6000,Monday,Weekday,West,15652610,57600,16:00:00,57950,16:05:50,9,12942,Washington Ave & Henry Johnson Blvd (12942),0,0,31,,,58689,16:18:09,,,58689,16:18:09,0,00:00:00,door not opened
07/14/2025,12,6000,Monday,Weekday,West,15652610,57600,16:00:00,57950,16:05:50,8,3239,Lark/Library Station - Washington Ave & Lark St (03239),5,0,31,58260.0,16:11:00,58515,16:15:15,58260.0,16:11:00,58588,16:16:28,73,00:01:13,doors opened
07/14/2025,12,6000,Monday,Weekday,West,15652610,57600,16:00:00,57950,16:05:50,7,3301,Washington Ave & S. Swan St (03301),5,0,26,,,58386,16:13:06,,,58460,16:14:20,74,00:01:14,doors opened
07/14/2025,12,6000,Monday,Weekday,West,15652610,57600,16:00:00,57950,16:05:50,6,3250,Hawk/Capitol Station - Washington Ave & Hawk St (03250),5,0,21,,,58323,16:12:03,,,58361,16:12:41,38,00:00:38,doors opened
07/14/2025,12,6000,Monday,Weekday,West,15652610,57600,16:00:00,57950,16:05:50,5,10087,State St & Eagle St (10087),0,0,16,,,58298,16:11:38,,,58298,16:11:38,0,00:00:00,door not opened
07/14/2025,12,6000,Monday,Weekday,West,15652610,57600,16:00:00,57950,16:05:50,4,2665,State/Downtown Station - State St & Lodge St (02665),11,0,16,57900.0,16:05:00,58159,16:09:19,57900.0,16:05:00,58265,16:11:05,106,00:01:46,doors opened
07/14/2025,12,6000,Monday,Weekday,West,15652610,57600,16:00:00,57950,16:05:50,3,3221,State Station - N. Pearl St & Ten Eyck Plaza (03221),4,0,5,,,58085,16:08:05,,,58125,16:08:45,40,00:00:40,doors opened
07/14/2025,12,6000,Monday,Weekday,West,15652610,57600,16:00:00,57950,16:05:50,2,3233,N. Pearl St & Sheridan Ave (03233),0,0,1,,,58040,16:07:20,,,58040,16:07:20,0,00:00:00,door not opened
07/14/2025,12,6000,Monday,Weekday,West,15652610,57600,16:00:00,57950,16:05:50,1,2168,Clinton Square Station - N. Pearl St & Clinton Ave (02168),0,0,1,,,58004,16:06:44,,,58004,16:06:44,0,00:00:00,door not opened
07/14/2025,12,6000,Monday,Weekday,West,15652610,57600,16:00:00,57950,16:05:50,0,9018,Broadway & Orange St (09018),1,0,1,57600.0,16:00:00,57950,16:05:50,57600.0,16:00:00,57950,16:05:50,0,00:00:00,doors opened
07/14/2025,12,6000,Monday,Weekday,East,15652611,60900,16:55:00,61165,16:59:25,11,2107,Washington Ave & Partridge St (02107),0,0,28,,,62634,17:23:54,,,62634,17:23:54,0,00:00:00,door not opened
07/14/2025,12,6000,Monday,Weekday,East,15652611,60900,16:55:00,61165,16:59:25,10,3257,Washington Ave & N. Main Ave (03257),0,1,28,,,62537,17:22:17,,,62575,17:22:55,38,00:00:38,doors opened
07/14/2025,12,6000,Monday,Weekday,East,15652611,60900,16:55:00,61165,16:59:25,9,1796,Washington Ave & N. Allen St (01796),1,6,29,62100.0,17:15:00,62469,17:21:09,62100.0,17:15:00,62501,17:21:41,32,00:00:32,doors opened
07/14/2025,12,6000,Monday,Weekday,East,15652611,60900,16:55:00,61165,16:59:25,8,11581,Washington Ave & Manning Blvd (11581),0,0,34,,,62437,17:20:37,,,62437,17:20:37,0,00:00:00,door not opened
07/14/2025,12,6000,Monday,Weekday,East,15652611,60900,16:55:00,61165,16:59:25,7,2180,Washington Ave & Homestead Ave (02180),1,0,34,,,62368,17:19:28,,,62387,17:19:47,19,00:00:19,doors opened
07/14/2025,12,6000,Monday,Weekday,East,15652611,60900,16:55:00,61165,16:59:25,6,2182,Washington Ave & Hawthorne St (02182),0,0,33,,,62343,17:19:03,,,62343,17:19:03,0,00:00:00,door not opened
07/14/2025,12,6000,Monday,Weekday,East,15652611,60900,16:55:00,61165,16:59:25,5,3304,Washington Ave & Clermont St (03304),0,0,33,,,62314,17:18:34,,,62314,17:18:34,0,00:00:00,door not opened
07/14/2025,12,6000,Monday,Weekday,East,15652611,60900,16:55:00,61165,16:59:25,4,3348,Washington Ave & Brevator St (03348),2,0,33,,,62208,17:16:48,,,62266,17:17:46,58,00:00:58,doors opened
07/14/2025,12,6000,Monday,Weekday,East,15652611,60900,16:55:00,61165,16:59:25,3,10134,Washington Ave & SUNY Exit Rd (10134),3,0,31,,,62016,17:13:36,,,62072,17:14:32,56,00:00:56,doors opened
07/14/2025,12,6000,Monday,Weekday,East,15652611,60900,16:55:00,61165,16:59:25,2,7216,SUNY Collins Circle (07216),3,0,28,61560.0,17:06:00,61863,17:11:03,61560.0,17:06:00,61890,17:11:30,27,00:00:27,doors opened
07/14/2025,12,6000,Monday,Weekday,East,15652611,60900,16:55:00,61165,16:59:25,1,12827,Crossgates Commons Station (12827),9,1,25,61260.0,17:01:00,61523,17:05:23,61260.0,17:01:00,61605,17:06:45,82,00:01:22,doors opened
07/14/2025,12,6000,Monday,Weekday,East,15652611,60900,16:55:00,61165,16:59:25,0,7175,Crossgates Mall Station (07175),17,0,17,60900.0,16:55:00,61165,16:59:25,60900.0,16:55:00,61165,16:59:25,0,00:00:00,doors opened
07/14/2025,12,6000,Monday,Weekday,East,15652611,60900,16:55:00,61165,16:59:25,24,3940,Broadway & Steuben St (03940),0,5,0,63240.0,17:34:00,63683,17:41:23,63240.0,17:34:00,63683,17:41:23,0,00:00:00,doors opened
07/14/2025,12,6000,Monday,Weekday,East,15652611,60900,16:55:00,61165,16:59:25,23,2509,State/Downtown Station - State St & S. Pearl St (02509),0,5,5,63060.0,17:31:00,63513,17:38:33,63060.0,17:31:00,63585,17:39:45,72,00:01:12,doors opened
07/14/2025,12,6000,Monday,Weekday,East,15652611,60900,16:55:00,61165,16:59:25,22,1787,State St & Eagle St (01787),0,0,10,,,63497,17:38:17,,,63497,17:38:17,0,00:00:00,door not opened
07/14/2025,12,6000,Monday,Weekday,East,15652611,60900,16:55:00,61165,16:59:25,21,2706,Hawk/Capitol Station - Washington Ave & Hawk St (02706),0,1,10,,,63315,17:35:15,,,63358,17:35:58,43,00:00:43,doors opened
07/14/2025,12,6000,Monday,Weekday,East,15652611,60900,16:55:00,61165,16:59:25,20,1789,Washington Ave & S. Swan St (01789),0,2,11,,,63268,17:34:28,,,63289,17:34:49,21,00:00:21,doors opened
07/14/2025,12,6000,Monday,Weekday,East,15652611,60900,16:55:00,61165,16:59:25,19,1788,Washington Ave & Dove St (01788),0,0,13,,,63245,17:34:05,,,63245,17:34:05,0,00:00:00,door not opened
07/14/2025,12,6000,Monday,Weekday,East,15652611,60900,16:55:00,61165,16:59:25,18,2663,Lark/Library Station - Washington Ave & Lark St (02663),1,2,13,62760.0,17:26:00,63158,17:32:38,62760.0,17:26:00,63218,17:33:38,60,00:01:00,doors opened
07/14/2025,12,6000,Monday,Weekday,East,15652611,60900,16:55:00,61165,16:59:25,17,263,Washington Ave & Henry Johnson Blvd (00263),0,0,14,,,63134,17:32:14,,,63134,17:32:14,0,00:00:00,door not opened
07/14/2025,12,6000,Monday,Weekday,East,15652611,60900,16:55:00,61165,16:59:25,16,2096,Washington Ave & Lexington Ave (02096),0,1,14,,,62982,17:29:42,,,63086,17:31:26,104,00:01:44,doors opened
07/14/2025,12,6000,Monday,Weekday,East,15652611,60900,16:55:00,61165,16:59:25,15,3253,Washington Ave & Robin St (Draper Hall) (03253),0,3,15,,,62880,17:28:00,,,62943,17:29:03,63,00:01:03,doors opened
07/14/2025,12,6000,Monday,Weekday,East,15652611,60900,16:55:00,61165,16:59:25,14,2109,Washington Ave & N. Lake Ave (02109),0,3,18,,,62797,17:26:37,,,62854,17:27:34,57,00:00:57,doors opened
07/14/2025,12,6000,Monday,Weekday,East,15652611,60900,16:55:00,61165,16:59:25,13,3255,Washington Ave & Quail St (03255),0,8,21,,,62716,17:25:16,,,62766,17:26:06,50,00:00:50,doors opened
07/14/2025,12,6000,Monday,Weekday,East,15652611,60900,16:55:00,61165,16:59:25,12,3256,Washington Ave & Ontario St (03256),1,0,29,62340.0,17:19:00,62656,17:24:16,62340.0,17:19:00,62688,17:24:48,32,00:00:32,doors opened
07/14/2025,12,6000,Monday,Weekday,West,15652613,63600,17:40:00,63779,17:42:59,12,1837,Washington Ave & N. Lake Ave (01837),3,0,13,,,64857,18:00:57,,,64895,18:01:35,38,00:00:38,doors opened
07/14/2025,12,6000,Monday,Weekday,West,15652613,63600,17:40:00,63779,17:42:59,11,1843,Washington Ave & Robin St (01843),0,1,10,,,64807,18:00:07,,,64832,18:00:32,25,00:00:25,doors opened
07/14/2025,12,6000,Monday,Weekday,West,15652613,63600,17:40:00,63779,17:42:59,10,12943,Washington Ave & Lexington Ave (12943),0,2,11,,,64760,17:59:20,,,64775,17:59:35,15,00:00:15,doors opened
07/14/2025,12,6000,Monday,Weekday,West,15652613,63600,17:40:00,63779,17:42:59,9,12942,Washington Ave & Henry Johnson Blvd (12942),1,0,13,,,64682,17:58:02,,,64697,17:58:17,15,00:00:15,doors opened
07/14/2025,12,6000,Monday,Weekday,West,15652613,63600,17:40:00,63779,17:42:59,8,3239,Lark/Library Station - Washington Ave & Lark St (03239),4,1,12,64200.0,17:50:00,64571,17:56:11,64200.0,17:50:00,64617,17:56:57,46,00:00:46,doors opened
07/14/2025,12,6000,Monday,Weekday,West,15652613,63600,17:40:00,63779,17:42:59,7,3301,Washington Ave & S. Swan St (03301),1,0,9,,,64494,17:54:54,,,64530,17:55:30,36,00:00:36,doors opened
07/14/2025,12,6000,Monday,Weekday,West,15652613,63600,17:40:00,63779,17:42:59,6,3250,Hawk/Capitol Station - Washington Ave & Hawk St (03250),1,0,8,,,64431,17:53:51,,,64464,17:54:24,33,00:00:33,doors opened
07/14/2025,12,6000,Monday,Weekday,West,15652613,63600,17:40:00,63779,17:42:59,5,10087,State St & Eagle St (10087),0,0,7,,,64401,17:53:21,,,64401,17:53:21,0,00:00:00,door not opened
07/14/2025,12,6000,Monday,Weekday,West,15652613,63600,17:40:00,63779,17:42:59,4,2665,State/Downtown Station - State St & Lodge St (02665),3,0,7,63900.0,17:45:00,64235,17:50:35,63900.0,17:45:00,64304,17:51:44,69,00:01:09,doors opened
07/14/2025,12,6000,Monday,Weekday,West,15652613,63600,17:40:00,63779,17:42:59,3,3221,State Station - N. Pearl St & Ten Eyck Plaza (03221),2,0,4,,,64128,17:48:48,,,64177,17:49:37,49,00:00:49,doors opened
07/14/2025,12,6000,Monday,Weekday,West,15652613,63600,17:40:00,63779,17:42:59,2,3233,N. Pearl St & Sheridan Ave (03233),0,0,2,,,64066,17:47:46,,,64066,17:47:46,0,00:00:00,door not opened
07/14/2025,12,6000,Monday,Weekday,West,15652613,63600,17:40:00,63779,17:42:59,1,2168,Clinton Square Station - N. Pearl St & Clinton Ave (02168),2,0,2,,,63986,17:46:26,,,64024,17:47:04,38,00:00:38,doors opened
07/14/2025,12,6000,Monday,Weekday,West,15652613,63600,17:40:00,63779,17:42:59,0,9018,Broadway & Orange St (09018),1,1,0,63600.0,17:40:00,63779,17:42:59,63600.0,17:40:00,63779,17:42:59,0,00:00:00,door not opened
07/14/2025,12,6000,Monday,Weekday,West,15652613,63600,17:40:00,63779,17:42:59,27,7175,Crossgates Mall Station (07175),0,4,0,66060.0,18:21:00,66580,18:29:40,66060.0,18:21:00,66580,18:29:40,0,00:00:00,doors opened
07/14/2025,12,6000,Monday,Weekday,West,15652613,63600,17:40:00,63779,17:42:59,26,12828,Crossgates Commons Station (12828),0,6,4,65640.0,18:14:00,66260,18:24:20,65640.0,18:14:00,66297,18:24:57,37,00:00:37,doors opened
07/14/2025,12,6000,Monday,Weekday,West,15652613,63600,17:40:00,63779,17:42:59,25,12891,1475 Washington Ave (12891),0,2,10,,,66032,18:20:32,,,66056,18:20:56,24,00:00:24,doors opened
07/14/2025,12,6000,Monday,Weekday,West,15652613,63600,17:40:00,63779,17:42:59,24,7216,SUNY Collins Circle (07216),1,0,12,65280.0,18:08:00,65904,18:18:24,65280.0,18:08:00,65930,18:18:50,26,00:00:26,doors opened
07/14/2025,12,6000,Monday,Weekday,West,15652613,63600,17:40:00,63779,17:42:59,23,3262,1383 Washington Ave (Fairfield Inn) (03262),0,3,11,,,65788,18:16:28,,,65814,18:16:54,26,00:00:26,doors opened
07/14/2025,12,6000,Monday,Weekday,West,15652613,63600,17:40:00,63779,17:42:59,22,976,Washington Ave & Brevator St (00976),0,2,14,,,65649,18:14:09,,,65669,18:14:29,20,00:00:20,doors opened
07/14/2025,12,6000,Monday,Weekday,West,15652613,63600,17:40:00,63779,17:42:59,21,1959,Washington Ave & Colvin Ave (01959),1,1,16,,,65560,18:12:40,,,65625,18:13:45,65,00:01:05,doors opened
07/14/2025,12,6000,Monday,Weekday,West,15652613,63600,17:40:00,63779,17:42:59,20,3399,Washington Ave & Danker Ave (03399),0,0,16,,,65506,18:11:46,,,65520,18:12:00,14,00:00:14,doors opened
07/14/2025,12,6000,Monday,Weekday,West,15652613,63600,17:40:00,63779,17:42:59,19,1849,Washington Ave & Homestead Ave (01849),1,2,16,,,65424,18:10:24,,,65477,18:11:17,53,00:00:53,doors opened
07/14/2025,12,6000,Monday,Weekday,West,15652613,63600,17:40:00,63779,17:42:59,18,1846,Washington Ave & Manning Blvd (01846),1,1,17,,,65352,18:09:12,,,65396,18:09:56,44,00:00:44,doors opened
07/14/2025,12,6000,Monday,Weekday,West,15652613,63600,17:40:00,63779,17:42:59,17,3287,Washington Ave & N. Allen St (03287),1,1,17,64860.0,18:01:00,65260,18:07:40,64860.0,18:01:00,65316,18:08:36,56,00:00:56,doors opened
07/14/2025,12,6000,Monday,Weekday,West,15652613,63600,17:40:00,63779,17:42:59,16,3264,Washington Ave & N. Main Ave (03264),2,1,17,,,65161,18:06:01,,,65216,18:06:56,55,00:00:55,doors opened
07/14/2025,12,6000,Monday,Weekday,West,15652613,63600,17:40:00,63779,17:42:59,15,1839,Washington Ave & Partridge St (01839),1,0,16,,,65049,18:04:09,,,65071,18:04:31,22,00:00:22,doors opened
07/14/2025,12,6000,Monday,Weekday,West,15652613,63600,17:40:00,63779,17:42:59,14,1841,Washington Ave & Ontario St (01841),0,0,15,64620.0,17:57:00,65027,18:03:47,64620.0,17:57:00,65027,18:03:47,0,00:00:00,door not opened
07/14/2025,12,6000,Monday,Weekday,West,15652613,63600,17:40:00,63779,17:42:59,13,1842,Washington Ave & Quail St (01842),2,0,15,,,64923,18:02:03,,,64983,18:03:03,60,00:01:00,doors opened
07/14/2025,12,6000,Monday,Weekday,East,15652725,72900,20:15:00,73166,20:19:26,24,3940,Broadway & Steuben St (03940),0,0,0,74940.0,20:49:00,75230,20:53:50,74940.0,20:49:00,75230,20:53:50,0,00:00:00,door not opened
07/14/2025,12,6000,Monday,Weekday,East,15652725,72900,20:15:00,73166,20:19:26,23,2509,State/Downtown Station - State St & S. Pearl St (02509),0,2,0,74760.0,20:46:00,75137,20:52:17,74760.0,20:46:00,75172,20:52:52,35,00:00:35,doors opened
07/14/2025,12,6000,Monday,Weekday,East,15652725,72900,20:15:00,73166,20:19:26,22,1787,State St & Eagle St (01787),0,0,2,,,75118,20:51:58,,,75118,20:51:58,0,00:00:00,door not opened
07/14/2025,12,6000,Monday,Weekday,East,15652725,72900,20:15:00,73166,20:19:26,21,2706,Hawk/Capitol Station - Washington Ave & Hawk St (02706),0,0,2,,,75056,20:50:56,,,75056,20:50:56,0,00:00:00,door not opened
07/14/2025,12,6000,Monday,Weekday,East,15652725,72900,20:15:00,73166,20:19:26,20,1789,Washington Ave & S. Swan St (01789),0,1,2,,,75020,20:50:20,,,75030,20:50:30,10,00:00:10,doors opened
07/14/2025,12,6000,Monday,Weekday,East,15652725,72900,20:15:00,73166,20:19:26,19,1788,Washington Ave & Dove St (01788),0,0,3,,,74991,20:49:51,,,74991,20:49:51,0,00:00:00,door not opened
07/14/2025,12,6000,Monday,Weekday,East,15652725,72900,20:15:00,73166,20:19:26,18,2663,Lark/Library Station - Washington Ave & Lark St (02663),0,1,3,74520.0,20:42:00,74925,20:48:45,74520.0,20:42:00,74938,20:48:58,13,00:00:13,doors opened
07/14/2025,12,6000,Monday,Weekday,East,15652725,72900,20:15:00,73166,20:19:26,17,263,Washington Ave & Henry Johnson Blvd (00263),0,0,4,,,74877,20:47:57,,,74877,20:47:57,0,00:00:00,door not opened
07/14/2025,12,6000,Monday,Weekday,East,15652725,72900,20:15:00,73166,20:19:26,16,2096,Washington Ave & Lexington Ave (02096),0,0,4,,,74790,20:46:30,,,74790,20:46:30,0,00:00:00,door not opened
07/14/2025,12,6000,Monday,Weekday,East,15652725,72900,20:15:00,73166,20:19:26,15,3253,Washington Ave & Robin St (Draper Hall) (03253),0,1,4,,,74746,20:45:46,,,74771,20:46:11,25,00:00:25,doors opened
07/14/2025,12,6000,Monday,Weekday,East,15652725,72900,20:15:00,73166,20:19:26,14,2109,Washington Ave & N. Lake Ave (02109),0,2,5,,,74696,20:44:56,,,74722,20:45:22,26,00:00:26,doors opened
07/14/2025,12,6000,Monday,Weekday,East,15652725,72900,20:15:00,73166,20:19:26,13,3255,Washington Ave & Quail St (03255),0,3,7,,,74610,20:43:30,,,74669,20:44:29,59,00:00:59,doors opened
07/14/2025,12,6000,Monday,Weekday,East,15652725,72900,20:15:00,73166,20:19:26,12,3256,Washington Ave & Ontario St (03256),2,3,10,74160.0,20:36:00,74543,20:42:23,74160.0,20:36:00,74586,20:43:06,43,00:00:43,doors opened
07/14/2025,12,6000,Monday,Weekday,East,15652725,72900,20:15:00,73166,20:19:26,11,2107,Washington Ave & Partridge St (02107),0,6,11,,,74483,20:41:23,,,74519,20:41:59,36,00:00:36,doors opened
07/14/2025,12,6000,Monday,Weekday,East,15652725,72900,20:15:00,73166,20:19:26,10,3257,Washington Ave & N. Main Ave (03257),0,2,17,,,74357,20:39:17,,,74404,20:40:04,47,00:00:47,doors opened
07/14/2025,12,6000,Monday,Weekday,East,15652725,72900,20:15:00,73166,20:19:26,9,1796,Washington Ave & N. Allen St (01796),0,6,19,73980.0,20:33:00,74304,20:38:24,73980.0,20:33:00,74324,20:38:44,20,00:00:20,doors opened
07/14/2025,12,6000,Monday,Weekday,East,15652725,72900,20:15:00,73166,20:19:26,8,11581,Washington Ave & Manning Blvd (11581),0,2,25,,,74243,20:37:23,,,74272,20:37:52,29,00:00:29,doors opened
07/14/2025,12,6000,Monday,Weekday,East,15652725,72900,20:15:00,73166,20:19:26,7,2180,Washington Ave & Homestead Ave (02180),0,3,27,,,74202,20:36:42,,,74219,20:36:59,17,00:00:17,doors opened
07/14/2025,12,6000,Monday,Weekday,East,15652725,72900,20:15:00,73166,20:19:26,6,2182,Washington Ave & Hawthorne St (02182),0,0,30,,,74179,20:36:19,,,74179,20:36:19,0,00:00:00,door not opened
07/14/2025,12,6000,Monday,Weekday,East,15652725,72900,20:15:00,73166,20:19:26,5,3304,Washington Ave & Clermont St (03304),1,1,30,,,74137,20:35:37,,,74154,20:35:54,17,00:00:17,doors opened
07/14/2025,12,6000,Monday,Weekday,East,15652725,72900,20:15:00,73166,20:19:26,4,3348,Washington Ave & Brevator St (03348),2,1,30,,,74090,20:34:50,,,74115,20:35:15,25,00:00:25,doors opened
07/14/2025,12,6000,Monday,Weekday,East,15652725,72900,20:15:00,73166,20:19:26,3,10134,Washington Ave & SUNY Exit Rd (10134),2,1,29,,,73946,20:32:26,,,73968,20:32:48,22,00:00:22,doors opened
07/14/2025,12,6000,Monday,Weekday,East,15652725,72900,20:15:00,73166,20:19:26,2,7216,SUNY Collins Circle (07216),2,2,28,73500.0,20:25:00,73802,20:30:02,73500.0,20:25:00,73821,20:30:21,19,00:00:19,doors opened
07/14/2025,12,6000,Monday,Weekday,East,15652725,72900,20:15:00,73166,20:19:26,1,12827,Crossgates Commons Station (12827),15,2,28,73200.0,20:20:00,73414,20:23:34,73200.0,20:20:00,73555,20:25:55,141,00:02:21,doors opened
07/14/2025,12,6000,Monday,Weekday,East,15652725,72900,20:15:00,73166,20:19:26,0,7175,Crossgates Mall Station (07175),15,0,15,72900.0,20:15:00,73166,20:19:26,72900.0,20:15:00,73166,20:19:26,0,00:00:00,doors opened
07/14/2025,12,4128,Monday,Weekday,West,15649800,22800,06:20:00,23082,06:24:42,27,7175,Crossgates Mall Station (07175),0,3,0,25020.0,06:57:00,25111,06:58:31,25020.0,06:57:00,25111,06:58:31,0,00:00:00,doors opened
07/14/2025,12,4128,Monday,Weekday,West,15649800,22800,06:20:00,23082,06:24:42,26,12828,Crossgates Commons Station (12828),0,17,3,24660.0,06:51:00,24831,06:53:51,24660.0,06:51:00,24865,06:54:25,34,00:00:34,doors opened
07/14/2025,12,4128,Monday,Weekday,West,15649800,22800,06:20:00,23082,06:24:42,25,12891,1475 Washington Ave (12891),0,0,20,,,24629,06:50:29,,,24629,06:50:29,0,00:00:00,door not opened
07/14/2025,12,4128,Monday,Weekday,West,15649800,22800,06:20:00,23082,06:24:42,24,7216,SUNY Collins Circle (07216),0,6,20,24300.0,06:45:00,24506,06:48:26,24300.0,06:45:00,24527,06:48:47,21,00:00:21,doors opened
07/14/2025,12,4128,Monday,Weekday,West,15649800,22800,06:20:00,23082,06:24:42,23,3262,1383 Washington Ave (Fairfield Inn) (03262),3,2,26,,,24377,06:46:17,,,24402,06:46:42,25,00:00:25,doors opened
07/14/2025,12,4128,Monday,Weekday,West,15649800,22800,06:20:00,23082,06:24:42,22,976,Washington Ave & Brevator St (00976),2,0,25,,,24242,06:44:02,,,24260,06:44:20,18,00:00:18,doors opened
07/14/2025,12,4128,Monday,Weekday,West,15649800,22800,06:20:00,23082,06:24:42,21,1959,Washington Ave & Colvin Ave (01959),0,0,23,,,24222,06:43:42,,,24222,06:43:42,0,00:00:00,door not opened
07/14/2025,12,4128,Monday,Weekday,West,15649800,22800,06:20:00,23082,06:24:42,20,3399,Washington Ave & Danker Ave (03399),0,0,23,,,24170,06:42:50,,,24170,06:42:50,0,00:00:00,door not opened
07/14/2025,12,4128,Monday,Weekday,West,15649800,22800,06:20:00,23082,06:24:42,19,1849,Washington Ave & Homestead Ave (01849),0,0,23,,,24149,06:42:29,,,24149,06:42:29,0,00:00:00,door not opened
07/14/2025,12,4128,Monday,Weekday,West,15649800,22800,06:20:00,23082,06:24:42,18,1846,Washington Ave & Manning Blvd (01846),1,0,23,,,24100,06:41:40,,,24125,06:42:05,25,00:00:25,doors opened
07/14/2025,12,4128,Monday,Weekday,West,15649800,22800,06:20:00,23082,06:24:42,17,3287,Washington Ave & N. Allen St (03287),3,0,22,23880.0,06:38:00,24037,06:40:37,23880.0,06:38:00,24071,06:41:11,34,00:00:34,doors opened
07/14/2025,12,4128,Monday,Weekday,West,15649800,22800,06:20:00,23082,06:24:42,16,3264,Washington Ave & N. Main Ave (03264),3,0,19,,,23984,06:39:44,,,24006,06:40:06,22,00:00:22,doors opened
07/14/2025,12,4128,Monday,Weekday,West,15649800,22800,06:20:00,23082,06:24:42,15,1839,Washington Ave & Partridge St (01839),0,0,16,,,23912,06:38:32,,,23912,06:38:32,0,00:00:00,door not opened
07/14/2025,12,4128,Monday,Weekday,West,15649800,22800,06:20:00,23082,06:24:42,14,1841,Washington Ave & Ontario St (01841),0,0,16,23640.0,06:34:00,23887,06:38:07,23640.0,06:34:00,23887,06:38:07,0,00:00:00,door not opened
07/14/2025,12,4128,Monday,Weekday,West,15649800,22800,06:20:00,23082,06:24:42,13,1842,Washington Ave & Quail St (01842),6,0,16,,,23814,06:36:54,,,23865,06:37:45,51,00:00:51,doors opened
07/14/2025,12,4128,Monday,Weekday,West,15649800,22800,06:20:00,23082,06:24:42,12,1837,Washington Ave & N. Lake Ave (01837),2,0,10,,,23768,06:36:08,,,23788,06:36:28,20,00:00:20,doors opened
07/14/2025,12,4128,Monday,Weekday,West,15649800,22800,06:20:00,23082,06:24:42,11,1843,Washington Ave & Robin St (01843),1,0,8,,,23723,06:35:23,,,23740,06:35:40,17,00:00:17,doors opened
07/14/2025,12,4128,Monday,Weekday,West,15649800,22800,06:20:00,23082,06:24:42,10,12943,Washington Ave & Lexington Ave (12943),2,0,7,,,23676,06:34:36,,,23696,06:34:56,20,00:00:20,doors opened
07/14/2025,12,4128,Monday,Weekday,West,15649800,22800,06:20:00,23082,06:24:42,9,12942,Washington Ave & Henry Johnson Blvd (12942),1,0,5,,,23576,06:32:56,,,23597,06:33:17,21,00:00:21,doors opened
07/14/2025,12,4128,Monday,Weekday,West,15649800,22800,06:20:00,23082,06:24:42,8,3239,Lark/Library Station - Washington Ave & Lark St (03239),1,2,4,23280.0,06:28:00,23477,06:31:17,23280.0,06:28:00,23509,06:31:49,32,00:00:32,doors opened
07/14/2025,12,4128,Monday,Weekday,West,15649800,22800,06:20:00,23082,06:24:42,7,3301,Washington Ave & S. Swan St (03301),0,0,5,,,23445,06:30:45,,,23445,06:30:45,0,00:00:00,door not opened
07/14/2025,12,4128,Monday,Weekday,West,15649800,22800,06:20:00,23082,06:24:42,6,3250,Hawk/Capitol Station - Washington Ave & Hawk St (03250),1,0,5,,,23381,06:29:41,,,23420,06:30:20,39,00:00:39,doors opened
07/14/2025,12,4128,Monday,Weekday,West,15649800,22800,06:20:00,23082,06:24:42,5,10087,State St & Eagle St (10087),0,0,4,,,23354,06:29:14,,,23354,06:29:14,0,00:00:00,door not opened
07/14/2025,12,4128,Monday,Weekday,West,15649800,22800,06:20:00,23082,06:24:42,4,2665,State/Downtown Station - State St & Lodge St (02665),2,0,4,23040.0,06:24:00,23244,06:27:24,23040.0,06:24:00,23268,06:27:48,24,00:00:24,doors opened
07/14/2025,12,4128,Monday,Weekday,West,15649800,22800,06:20:00,23082,06:24:42,3,3221,State Station - N. Pearl St & Ten Eyck Plaza (03221),1,0,2,,,23202,06:26:42,,,23217,06:26:57,15,00:00:15,doors opened
07/14/2025,12,4128,Monday,Weekday,West,15649800,22800,06:20:00,23082,06:24:42,2,3233,N. Pearl St & Sheridan Ave (03233),0,0,1,,,23160,06:26:00,,,23160,06:26:00,0,00:00:00,door not opened
07/14/2025,12,4128,Monday,Weekday,West,15649800,22800,06:20:00,23082,06:24:42,1,2168,Clinton Square Station - N. Pearl St & Clinton Ave (02168),0,0,1,,,23149,06:25:49,,,23149,06:25:49,0,00:00:00,door not opened
07/14/2025,12,4128,Monday,Weekday,West,15649800,22800,06:20:00,23082,06:24:42,0,9018,Broadway & Orange St (09018),0,0,1,22800.0,06:20:00,23082,06:24:42,22800.0,06:20:00,23082,06:24:42,0,00:00:00,door not opened
07/14/2025,12,4101,Monday,Weekday,East,15651776,74100,20:35:00,74105,20:35:05,6,2182,Washington Ave & Hawthorne St (02182),1,0,8,,,75075,20:51:15,,,75088,20:51:28,13,00:00:13,doors opened
07/14/2025,12,4101,Monday,Weekday,East,15651776,74100,20:35:00,74105,20:35:05,5,3304,Washington Ave & Clermont St (03304),0,1,7,,,75008,20:50:08,,,75047,20:50:47,39,00:00:39,doors opened
07/14/2025,12,4101,Monday,Weekday,East,15651776,74100,20:35:00,74105,20:35:05,4,3348,Washington Ave & Brevator St (03348),1,0,8,,,74966,20:49:26,,,74989,20:49:49,23,00:00:23,doors opened
07/14/2025,12,4101,Monday,Weekday,East,15651776,74100,20:35:00,74105,20:35:05,3,10134,Washington Ave & SUNY Exit Rd (10134),1,1,7,,,74836,20:47:16,,,74850,20:47:30,14,00:00:14,doors opened
07/14/2025,12,4101,Monday,Weekday,East,15651776,74100,20:35:00,74105,20:35:05,2,7216,SUNY Collins Circle (07216),0,0,7,74700.0,20:45:00,74732,20:45:32,74700.0,20:45:00,74732,20:45:32,0,00:00:00,door not opened
07/14/2025,12,4101,Monday,Weekday,East,15651776,74100,20:35:00,74105,20:35:05,1,12827,Crossgates Commons Station (12827),7,1,7,74400.0,20:40:00,74443,20:40:43,74400.0,20:40:00,74489,20:41:29,46,00:00:46,door not opened
07/14/2025,12,4101,Monday,Weekday,East,15651776,74100,20:35:00,74105,20:35:05,0,7175,Crossgates Mall Station (07175),7,6,1,74100.0,20:35:00,74105,20:35:05,74100.0,20:35:00,74105,20:35:05,0,00:00:00,doors opened
07/14/2025,12,4101,Monday,Weekday,East,15651776,74100,20:35:00,74105,20:35:05,24,3940,Broadway & Steuben St (03940),0,0,0,76140.0,21:09:00,76118,21:08:38,76140.0,21:09:00,76118,21:08:38,0,00:00:00,door not opened
07/14/2025,12,4101,Monday,Weekday,East,15651776,74100,20:35:00,74105,20:35:05,23,2509,State/Downtown Station - State St & S. Pearl St (02509),0,1,0,75960.0,21:06:00,76040,21:07:20,75960.0,21:06:00,76053,21:07:33,13,00:00:13,doors opened
07/14/2025,12,4101,Monday,Weekday,East,15651776,74100,20:35:00,74105,20:35:05,22,1787,State St & Eagle St (01787),0,0,1,,,76022,21:07:02,,,76022,21:07:02,0,00:00:00,door not opened
07/14/2025,12,4101,Monday,Weekday,East,15651776,74100,20:35:00,74105,20:35:05,21,2706,Hawk/Capitol Station - Washington Ave & Hawk St (02706),0,0,1,,,75921,21:05:21,,,75921,21:05:21,0,00:00:00,door not opened
07/14/2025,12,4101,Monday,Weekday,East,15651776,74100,20:35:00,74105,20:35:05,20,1789,Washington Ave & S. Swan St (01789),0,3,1,,,75855,21:04:15,,,75895,21:04:55,40,00:00:40,doors opened
07/14/2025,12,4101,Monday,Weekday,East,15651776,74100,20:35:00,74105,20:35:05,19,1788,Washington Ave & Dove St (01788),0,0,4,,,75832,21:03:52,,,75832,21:03:52,0,00:00:00,door not opened
07/14/2025,12,4101,Monday,Weekday,East,15651776,74100,20:35:00,74105,20:35:05,18,2663,Lark/Library Station - Washington Ave & Lark St (02663),0,2,4,75720.0,21:02:00,75768,21:02:48,75720.0,21:02:00,75785,21:03:05,17,00:00:17,doors opened
07/14/2025,12,4101,Monday,Weekday,East,15651776,74100,20:35:00,74105,20:35:05,17,263,Washington Ave & Henry Johnson Blvd (00263),0,0,6,,,75723,21:02:03,,,75723,21:02:03,0,00:00:00,door not opened
07/14/2025,12,4101,Monday,Weekday,East,15651776,74100,20:35:00,74105,20:35:05,16,2096,Washington Ave & Lexington Ave (02096),0,1,6,,,75554,20:59:14,,,75614,21:00:14,60,00:01:00,doors opened
07/14/2025,12,4101,Monday,Weekday,East,15651776,74100,20:35:00,74105,20:35:05,15,3253,Washington Ave & Robin St (Draper Hall) (03253),0,0,7,,,75535,20:58:55,,,75535,20:58:55,0,00:00:00,door not opened
07/14/2025,12,4101,Monday,Weekday,East,15651776,74100,20:35:00,74105,20:35:05,14,2109,Washington Ave & N. Lake Ave (02109),1,1,7,,,75479,20:57:59,,,75500,20:58:20,21,00:00:21,doors opened
07/14/2025,12,4101,Monday,Weekday,East,15651776,74100,20:35:00,74105,20:35:05,13,3255,Washington Ave & Quail St (03255),0,1,7,,,75411,20:56:51,,,75449,20:57:29,38,00:00:38,doors opened
07/14/2025,12,4101,Monday,Weekday,East,15651776,74100,20:35:00,74105,20:35:05,12,3256,Washington Ave & Ontario St (03256),1,0,8,75360.0,20:56:00,75359,20:55:59,75360.0,20:56:00,75385,20:56:25,26,00:00:26,doors opened
07/14/2025,12,4101,Monday,Weekday,East,15651776,74100,20:35:00,74105,20:35:05,11,2107,Washington Ave & Partridge St (02107),0,1,7,,,75310,20:55:10,,,75328,20:55:28,18,00:00:18,doors opened
07/14/2025,12,4101,Monday,Weekday,East,15651776,74100,20:35:00,74105,20:35:05,10,3257,Washington Ave & N. Main Ave (03257),1,0,8,,,75198,20:53:18,,,75242,20:54:02,44,00:00:44,doors opened
07/14/2025,12,4101,Monday,Weekday,East,15651776,74100,20:35:00,74105,20:35:05,9,1796,Washington Ave & N. Allen St (01796),0,1,7,75180.0,20:53:00,75157,20:52:37,75180.0,20:53:00,75167,20:52:47,10,00:00:10,doors opened
07/14/2025,12,4101,Monday,Weekday,East,15651776,74100,20:35:00,74105,20:35:05,8,11581,Washington Ave & Manning Blvd (11581),0,0,8,,,75129,20:52:09,,,75129,20:52:09,0,00:00:00,door not opened
07/14/2025,12,4101,Monday,Weekday,East,15651776,74100,20:35:00,74105,20:35:05,7,2180,Washington Ave & Homestead Ave (02180),0,0,8,,,75110,20:51:50,,,75110,20:51:50,0,00:00:00,door not opened
07/14/2025,12,4110,Monday,Weekday,West,15651767,60000,16:40:00,60056,16:40:56,25,12891,1475 Washington Ave (12891),1,0,8,,,62041,17:14:01,,,62049,17:14:09,8,00:00:08,doors opened
07/14/2025,12,4110,Monday,Weekday,West,15651767,60000,16:40:00,60056,16:40:56,24,7216,SUNY Collins Circle (07216),0,6,7,61860.0,17:11:00,61950,17:12:30,61860.0,17:11:00,61968,17:12:48,18,00:00:18,doors opened
07/14/2025,12,4110,Monday,Weekday,West,15651767,60000,16:40:00,60056,16:40:56,23,3262,1383 Washington Ave (Fairfield Inn) (03262),1,7,13,,,61772,17:09:32,,,61812,17:10:12,40,00:00:40,doors opened
07/14/2025,12,4110,Monday,Weekday,West,15651767,60000,16:40:00,60056,16:40:56,22,976,Washington Ave & Brevator St (00976),1,2,19,,,61622,17:07:02,,,61645,17:07:25,23,00:00:23,doors opened
07/14/2025,12,4110,Monday,Weekday,West,15651767,60000,16:40:00,60056,16:40:56,21,1959,Washington Ave & Colvin Ave (01959),2,7,20,,,61556,17:05:56,,,61597,17:06:37,41,00:00:41,doors opened
07/14/2025,12,4110,Monday,Weekday,West,15651767,60000,16:40:00,60056,16:40:56,20,3399,Washington Ave & Danker Ave (03399),0,1,25,,,61519,17:05:19,,,61529,17:05:29,10,00:00:10,doors opened
07/14/2025,12,4110,Monday,Weekday,West,15651767,60000,16:40:00,60056,16:40:56,19,1849,Washington Ave & Homestead Ave (01849),2,4,26,,,61475,17:04:35,,,61494,17:04:54,19,00:00:19,doors opened
07/14/2025,12,4110,Monday,Weekday,West,15651767,60000,16:40:00,60056,16:40:56,18,1846,Washington Ave & Manning Blvd (01846),0,0,28,,,61454,17:04:14,,,61454,17:04:14,0,00:00:00,door not opened
07/14/2025,12,4110,Monday,Weekday,West,15651767,60000,16:40:00,60056,16:40:56,17,3287,Washington Ave & N. Allen St (03287),1,2,28,61380.0,17:03:00,61403,17:03:23,61380.0,17:03:00,61422,17:03:42,19,00:00:19,doors opened
07/14/2025,12,4110,Monday,Weekday,West,15651767,60000,16:40:00,60056,16:40:56,16,3264,Washington Ave & N. Main Ave (03264),0,3,29,,,61328,17:02:08,,,61371,17:02:51,43,00:00:43,doors opened
07/14/2025,12,4110,Monday,Weekday,West,15651767,60000,16:40:00,60056,16:40:56,15,1839,Washington Ave & Partridge St (01839),0,0,32,,,61243,17:00:43,,,61243,17:00:43,0,00:00:00,door not opened
07/14/2025,12,4110,Monday,Weekday,West,15651767,60000,16:40:00,60056,16:40:56,14,1841,Washington Ave & Ontario St (01841),1,0,32,61080.0,16:58:00,61166,16:59:26,61080.0,16:58:00,61205,17:00:05,39,00:00:39,doors opened
07/14/2025,12,4110,Monday,Weekday,West,15651767,60000,16:40:00,60056,16:40:56,13,1842,Washington Ave & Quail St (01842),6,0,31,,,61078,16:57:58,,,61139,16:58:59,61,00:01:01,doors opened
07/14/2025,12,4110,Monday,Weekday,West,15651767,60000,16:40:00,60056,16:40:56,12,1837,Washington Ave & N. Lake Ave (01837),0,4,25,,,61028,16:57:08,,,61047,16:57:27,19,00:00:19,doors opened
07/14/2025,12,4110,Monday,Weekday,West,15651767,60000,16:40:00,60056,16:40:56,11,1843,Washington Ave & Robin St (01843),0,0,29,,,61006,16:56:46,,,61006,16:56:46,0,00:00:00,door not opened
07/14/2025,12,4110,Monday,Weekday,West,15651767,60000,16:40:00,60056,16:40:56,10,12943,Washington Ave & Lexington Ave (12943),1,1,29,,,60962,16:56:02,,,60978,16:56:18,16,00:00:16,doors opened
07/14/2025,12,4110,Monday,Weekday,West,15651767,60000,16:40:00,60056,16:40:56,9,12942,Washington Ave & Henry Johnson Blvd (12942),0,2,29,,,60898,16:54:58,,,60910,16:55:10,12,00:00:12,doors opened
07/14/2025,12,4110,Monday,Weekday,West,15651767,60000,16:40:00,60056,16:40:56,8,3239,Lark/Library Station - Washington Ave & Lark St (03239),4,2,31,60660.0,16:51:00,60731,16:52:11,60660.0,16:51:00,60827,16:53:47,96,00:01:36,doors opened
07/14/2025,12,4110,Monday,Weekday,West,15651767,60000,16:40:00,60056,16:40:56,7,3301,Washington Ave & S. Swan St (03301),5,0,29,,,60606,16:50:06,,,60692,16:51:32,86,00:01:26,doors opened
07/14/2025,12,4110,Monday,Weekday,West,15651767,60000,16:40:00,60056,16:40:56,6,3250,Hawk/Capitol Station - Washington Ave & Hawk St (03250),5,0,24,,,60533,16:48:53,,,60561,16:49:21,28,00:00:28,doors opened
07/14/2025,12,4110,Monday,Weekday,West,15651767,60000,16:40:00,60056,16:40:56,5,10087,State St & Eagle St (10087),1,0,19,,,60487,16:48:07,,,60498,16:48:18,11,00:00:11,doors opened
07/14/2025,12,4110,Monday,Weekday,West,15651767,60000,16:40:00,60056,16:40:56,4,2665,State/Downtown Station - State St & Lodge St (02665),10,1,18,60300.0,16:45:00,60328,16:45:28,60300.0,16:45:00,60403,16:46:43,75,00:01:15,doors opened
07/14/2025,12,4110,Monday,Weekday,West,15651767,60000,16:40:00,60056,16:40:56,3,3221,State Station - N. Pearl St & Ten Eyck Plaza (03221),6,0,9,,,60226,16:43:46,,,60299,16:44:59,73,00:01:13,doors opened
07/14/2025,12,4110,Monday,Weekday,West,15651767,60000,16:40:00,60056,16:40:56,2,3233,N. Pearl St & Sheridan Ave (03233),0,0,3,,,60168,16:42:48,,,60168,16:42:48,0,00:00:00,door not opened
07/14/2025,12,4110,Monday,Weekday,West,15651767,60000,16:40:00,60056,16:40:56,1,2168,Clinton Square Station - N. Pearl St & Clinton Ave (02168),2,0,3,,,60116,16:41:56,,,60153,16:42:33,37,00:00:37,doors opened
07/14/2025,12,4110,Monday,Weekday,West,15651767,60000,16:40:00,60056,16:40:56,0,9018,Broadway & Orange St (09018),1,0,1,60000.0,16:40:00,60056,16:40:56,60000.0,16:40:00,60056,16:40:56,0,00:00:00,doors opened
07/14/2025,12,4110,Monday,Weekday,West,15651767,60000,16:40:00,60056,16:40:56,26,12828,Crossgates Commons Station (12828),0,8,0,62280.0,17:18:00,62271,17:17:51,62280.0,17:18:00,62271,17:17:51,0,00:00:00,doors opened
07/14/2025,12,4112,Monday,Weekday,East,15649564,25800,07:10:00,25843,07:10:43,24,3940,Broadway & Steuben St (03940),0,4,0,27960.0,07:46:00,28444,07:54:04,27960.0,07:46:00,28444,07:54:04,0,00:00:00,doors opened
07/14/2025,12,4112,Monday,Weekday,East,15649564,25800,07:10:00,25843,07:10:43,23,2509,State/Downtown Station - State St & S. Pearl St (02509),0,11,4,27780.0,07:43:00,28323,07:52:03,27780.0,07:43:00,28351,07:52:31,28,00:00:28,doors opened
07/14/2025,12,4112,Monday,Weekday,East,15649564,25800,07:10:00,25843,07:10:43,22,1787,State St & Eagle St (01787),0,0,15,,,28304,07:51:44,,,28304,07:51:44,0,00:00:00,door not opened
07/14/2025,12,4112,Monday,Weekday,East,15649564,25800,07:10:00,25843,07:10:43,21,2706,Hawk/Capitol Station - Washington Ave & Hawk St (02706),0,3,15,,,28186,07:49:46,,,28204,07:50:04,18,00:00:18,doors opened
07/14/2025,12,4112,Monday,Weekday,East,15649564,25800,07:10:00,25843,07:10:43,20,1789,Washington Ave & S. Swan St (01789),0,7,18,,,28133,07:48:53,,,28157,07:49:17,24,00:00:24,doors opened
07/14/2025,12,4112,Monday,Weekday,East,15649564,25800,07:10:00,25843,07:10:43,19,1788,Washington Ave & Dove St (01788),0,0,25,,,28095,07:48:15,,,28095,07:48:15,0,00:00:00,door not opened
07/14/2025,12,4112,Monday,Weekday,East,15649564,25800,07:10:00,25843,07:10:43,18,2663,Lark/Library Station - Washington Ave & Lark St (02663),1,1,25,27420.0,07:37:00,27988,07:46:28,27420.0,07:37:00,28059,07:47:39,71,00:01:11,doors opened
07/14/2025,12,4112,Monday,Weekday,East,15649564,25800,07:10:00,25843,07:10:43,17,263,Washington Ave & Henry Johnson Blvd (00263),0,1,25,,,27926,07:45:26,,,27960,07:46:00,34,00:00:34,doors opened
07/14/2025,12,4112,Monday,Weekday,East,15649564,25800,07:10:00,25843,07:10:43,16,2096,Washington Ave & Lexington Ave (02096),0,2,26,,,27705,07:41:45,,,27894,07:44:54,189,00:03:09,doors opened
07/14/2025,12,4112,Monday,Weekday,East,15649564,25800,07:10:00,25843,07:10:43,15,3253,Washington Ave & Robin St (Draper Hall) (03253),2,2,28,,,27645,07:40:45,,,27681,07:41:21,36,00:00:36,doors opened
07/14/2025,12,4112,Monday,Weekday,East,15649564,25800,07:10:00,25843,07:10:43,14,2109,Washington Ave & N. Lake Ave (02109),1,3,28,,,27572,07:39:32,,,27623,07:40:23,51,00:00:51,doors opened
07/14/2025,12,4112,Monday,Weekday,East,15649564,25800,07:10:00,25843,07:10:43,13,3255,Washington Ave & Quail St (03255),4,3,30,,,27512,07:38:32,,,27545,07:39:05,33,00:00:33,doors opened
07/14/2025,12,4112,Monday,Weekday,East,15649564,25800,07:10:00,25843,07:10:43,12,3256,Washington Ave & Ontario St (03256),0,1,29,27060.0,07:31:00,27461,07:37:41,27060.0,07:31:00,27489,07:38:09,28,00:00:28,doors opened
07/14/2025,12,4112,Monday,Weekday,East,15649564,25800,07:10:00,25843,07:10:43,11,2107,Washington Ave & Partridge St (02107),5,0,30,,,27403,07:36:43,,,27438,07:37:18,35,00:00:35,doors opened
07/14/2025,12,4112,Monday,Weekday,East,15649564,25800,07:10:00,25843,07:10:43,10,3257,Washington Ave & N. Main Ave (03257),3,0,25,,,27285,07:34:45,,,27313,07:35:13,28,00:00:28,doors opened
07/14/2025,12,4112,Monday,Weekday,East,15649564,25800,07:10:00,25843,07:10:43,9,1796,Washington Ave & N. Allen St (01796),2,0,22,26880.0,07:28:00,27223,07:33:43,26880.0,07:28:00,27249,07:34:09,26,00:00:26,doors opened
07/14/2025,12,4112,Monday,Weekday,East,15649564,25800,07:10:00,25843,07:10:43,8,11581,Washington Ave & Manning Blvd (11581),2,0,20,,,27130,07:32:10,,,27183,07:33:03,53,00:00:53,doors opened
07/14/2025,12,4112,Monday,Weekday,East,15649564,25800,07:10:00,25843,07:10:43,7,2180,Washington Ave & Homestead Ave (02180),0,0,18,,,27095,07:31:35,,,27095,07:31:35,0,00:00:00,door not opened
07/14/2025,12,4112,Monday,Weekday,East,15649564,25800,07:10:00,25843,07:10:43,6,2182,Washington Ave & Hawthorne St (02182),3,0,18,,,27006,07:30:06,,,27044,07:30:44,38,00:00:38,doors opened
07/14/2025,12,4112,Monday,Weekday,East,15649564,25800,07:10:00,25843,07:10:43,5,3304,Washington Ave & Clermont St (03304),2,1,15,,,26945,07:29:05,,,26972,07:29:32,27,00:00:27,doors opened
07/14/2025,12,4112,Monday,Weekday,East,15649564,25800,07:10:00,25843,07:10:43,4,3348,Washington Ave & Brevator St (03348),0,0,14,,,26904,07:28:24,,,26920,07:28:40,16,00:00:16,doors opened
07/14/2025,12,4112,Monday,Weekday,East,15649564,25800,07:10:00,25843,07:10:43,3,10134,Washington Ave & SUNY Exit Rd (10134),6,1,14,,,26743,07:25:43,,,26785,07:26:25,42,00:00:42,doors opened
07/14/2025,12,4112,Monday,Weekday,East,15649564,25800,07:10:00,25843,07:10:43,2,7216,SUNY Collins Circle (07216),1,0,9,26400.0,07:20:00,26587,07:23:07,26400.0,07:20:00,26605,07:23:25,18,00:00:18,doors opened
07/14/2025,12,4112,Monday,Weekday,East,15649564,25800,07:10:00,25843,07:10:43,1,12827,Crossgates Commons Station (12827),7,0,8,26100.0,07:15:00,26146,07:15:46,26100.0,07:15:00,26225,07:17:05,79,00:01:19,doors opened
07/14/2025,12,4112,Monday,Weekday,East,15649564,25800,07:10:00,25843,07:10:43,0,7175,Crossgates Mall Station (07175),1,0,1,25800.0,07:10:00,25843,07:10:43,25800.0,07:10:00,25843,07:10:43,0,00:00:00,doors opened
07/14/2025,12,4112,Monday,Weekday,East,15649567,30900,08:35:00,31246,08:40:46,24,3940,Broadway & Steuben St (03940),0,1,0,33120.0,09:12:00,33713,09:21:53,33120.0,09:12:00,33713,09:21:53,0,00:00:00,doors opened
07/14/2025,12,4112,Monday,Weekday,East,15649567,30900,08:35:00,31246,08:40:46,23,2509,State/Downtown Station - State St & S. Pearl St (02509),0,6,1,32940.0,09:09:00,33548,09:19:08,32940.0,09:09:00,33652,09:20:52,104,00:01:44,doors opened
07/14/2025,12,4112,Monday,Weekday,East,15649567,30900,08:35:00,31246,08:40:46,22,1787,State St & Eagle St (01787),0,0,7,,,33528,09:18:48,,,33528,09:18:48,0,00:00:00,door not opened
07/14/2025,12,4112,Monday,Weekday,East,15649567,30900,08:35:00,31246,08:40:46,21,2706,Hawk/Capitol Station - Washington Ave & Hawk St (02706),0,1,7,,,33369,09:16:09,,,33390,09:16:30,21,00:00:21,doors opened
07/14/2025,12,4112,Monday,Weekday,East,15649567,30900,08:35:00,31246,08:40:46,20,1789,Washington Ave & S. Swan St (01789),1,5,8,,,33267,09:14:27,,,33344,09:15:44,77,00:01:17,doors opened
07/14/2025,12,4112,Monday,Weekday,East,15649567,30900,08:35:00,31246,08:40:46,19,1788,Washington Ave & Dove St (01788),0,0,12,,,33242,09:14:02,,,33242,09:14:02,0,00:00:00,door not opened
07/14/2025,12,4112,Monday,Weekday,East,15649567,30900,08:35:00,31246,08:40:46,18,2663,Lark/Library Station - Washington Ave & Lark St (02663),1,1,12,32520.0,09:02:00,33158,09:12:38,32520.0,09:02:00,33188,09:13:08,30,00:00:30,doors opened
07/14/2025,12,4112,Monday,Weekday,East,15649567,30900,08:35:00,31246,08:40:46,17,263,Washington Ave & Henry Johnson Blvd (00263),0,0,12,,,33122,09:12:02,,,33122,09:12:02,0,00:00:00,door not opened
07/14/2025,12,4112,Monday,Weekday,East,15649567,30900,08:35:00,31246,08:40:46,16,2096,Washington Ave & Lexington Ave (02096),0,0,12,,,33075,09:11:15,,,33075,09:11:15,0,00:00:00,door not opened
07/14/2025,12,4112,Monday,Weekday,East,15649567,30900,08:35:00,31246,08:40:46,15,3253,Washington Ave & Robin St (Draper Hall) (03253),0,0,12,,,32961,09:09:21,,,32961,09:09:21,0,00:00:00,door not opened
07/14/2025,12,4112,Monday,Weekday,East,15649567,30900,08:35:00,31246,08:40:46,14,2109,Washington Ave & N. Lake Ave (02109),1,0,12,,,32908,09:08:28,,,32928,09:08:48,20,00:00:20,doors opened
07/14/2025,12,4112,Monday,Weekday,East,15649567,30900,08:35:00,31246,08:40:46,13,3255,Washington Ave & Quail St (03255),0,4,11,,,32829,09:07:09,,,32881,09:08:01,52,00:00:52,doors opened
07/14/2025,12,4112,Monday,Weekday,East,15649567,30900,08:35:00,31246,08:40:46,12,3256,Washington Ave & Ontario St (03256),0,0,15,32100.0,08:55:00,32808,09:06:48,32100.0,08:55:00,32808,09:06:48,0,00:00:00,door not opened
07/14/2025,12,4112,Monday,Weekday,East,15649567,30900,08:35:00,31246,08:40:46,11,2107,Washington Ave & Partridge St (02107),2,1,15,,,32717,09:05:17,,,32753,09:05:53,36,00:00:36,doors opened
07/14/2025,12,4112,Monday,Weekday,East,15649567,30900,08:35:00,31246,08:40:46,10,3257,Washington Ave & N. Main Ave (03257),2,0,14,,,32624,09:03:44,,,32647,09:04:07,23,00:00:23,doors opened
07/14/2025,12,4112,Monday,Weekday,East,15649567,30900,08:35:00,31246,08:40:46,9,1796,Washington Ave & N. Allen St (01796),1,3,12,31980.0,08:53:00,32544,09:02:24,31980.0,08:53:00,32586,09:03:06,42,00:00:42,doors opened
07/14/2025,12,4112,Monday,Weekday,East,15649567,30900,08:35:00,31246,08:40:46,8,11581,Washington Ave & Manning Blvd (11581),1,0,14,,,32484,09:01:24,,,32511,09:01:51,27,00:00:27,doors opened
07/14/2025,12,4112,Monday,Weekday,East,15649567,30900,08:35:00,31246,08:40:46,7,2180,Washington Ave & Homestead Ave (02180),0,0,13,,,32464,09:01:04,,,32464,09:01:04,0,00:00:00,door not opened
07/14/2025,12,4112,Monday,Weekday,East,15649567,30900,08:35:00,31246,08:40:46,6,2182,Washington Ave & Hawthorne St (02182),2,0,13,,,32404,09:00:04,,,32436,09:00:36,32,00:00:32,doors opened
07/14/2025,12,4112,Monday,Weekday,East,15649567,30900,08:35:00,31246,08:40:46,5,3304,Washington Ave & Clermont St (03304),2,0,11,,,32344,08:59:04,,,32373,08:59:33,29,00:00:29,doors opened
07/14/2025,12,4112,Monday,Weekday,East,15649567,30900,08:35:00,31246,08:40:46,4,3348,Washington Ave & Brevator St (03348),0,2,9,,,32301,08:58:21,,,32321,08:58:41,20,00:00:20,doors opened
07/14/2025,12,4112,Monday,Weekday,East,15649567,30900,08:35:00,31246,08:40:46,3,10134,Washington Ave & SUNY Exit Rd (10134),4,0,11,,,32093,08:54:53,,,32171,08:56:11,78,00:01:18,doors opened
07/14/2025,12,4112,Monday,Weekday,East,15649567,30900,08:35:00,31246,08:40:46,2,7216,SUNY Collins Circle (07216),2,0,7,31500.0,08:45:00,31875,08:51:15,31500.0,08:45:00,31949,08:52:29,74,00:01:14,doors opened
07/14/2025,12,4112,Monday,Weekday,East,15649567,30900,08:35:00,31246,08:40:46,1,12827,Crossgates Commons Station (12827),5,0,5,31200.0,08:40:00,31538,08:45:38,31200.0,08:40:00,31597,08:46:37,59,00:00:59,doors opened
07/14/2025,12,4112,Monday,Weekday,East,15649567,30900,08:35:00,31246,08:40:46,0,7175,Crossgates Mall Station (07175),0,0,0,30900.0,08:35:00,31246,08:40:46,30900.0,08:35:00,31246,08:40:46,0,00:00:00,doors opened
07/14/2025,12,4113,Monday,Weekday,West,15649848,36000,10:00:00,36243,10:04:03,27,7175,Crossgates Mall Station (07175),0,6,0,38400.0,10:40:00,38201,10:36:41,38400.0,10:40:00,38201,10:36:41,0,00:00:00,doors opened
07/14/2025,12,4113,Monday,Weekday,West,15649848,36000,10:00:00,36243,10:04:03,26,12828,Crossgates Commons Station (12828),0,6,6,37980.0,10:33:00,37939,10:32:19,37980.0,10:33:00,37963,10:32:43,24,00:00:24,doors opened
07/14/2025,12,4113,Monday,Weekday,West,15649848,36000,10:00:00,36243,10:04:03,25,12891,1475 Washington Ave (12891),0,0,12,,,37747,10:29:07,,,37747,10:29:07,0,00:00:00,door not opened
07/14/2025,12,4113,Monday,Weekday,West,15649848,36000,10:00:00,36243,10:04:03,24,7216,SUNY Collins Circle (07216),0,1,12,37620.0,10:27:00,37668,10:27:48,37620.0,10:27:00,37678,10:27:58,10,00:00:10,doors opened
07/14/2025,12,4113,Monday,Weekday,West,15649848,36000,10:00:00,36243,10:04:03,23,3262,1383 Washington Ave (Fairfield Inn) (03262),1,1,13,,,37561,10:26:01,,,37578,10:26:18,17,00:00:17,doors opened
07/14/2025,12,4113,Monday,Weekday,West,15649848,36000,10:00:00,36243,10:04:03,22,976,Washington Ave & Brevator St (00976),0,3,13,,,37367,10:22:47,,,37383,10:23:03,16,00:00:16,doors opened
07/14/2025,12,4113,Monday,Weekday,West,15649848,36000,10:00:00,36243,10:04:03,21,1959,Washington Ave & Colvin Ave (01959),0,0,16,,,37348,10:22:28,,,37348,10:22:28,0,00:00:00,door not opened
07/14/2025,12,4113,Monday,Weekday,West,15649848,36000,10:00:00,36243,10:04:03,20,3399,Washington Ave & Danker Ave (03399),0,0,16,,,37307,10:21:47,,,37307,10:21:47,0,00:00:00,door not opened
07/14/2025,12,4113,Monday,Weekday,West,15649848,36000,10:00:00,36243,10:04:03,19,1849,Washington Ave & Homestead Ave (01849),0,0,16,,,37291,10:21:31,,,37291,10:21:31,0,00:00:00,door not opened
07/14/2025,12,4113,Monday,Weekday,West,15649848,36000,10:00:00,36243,10:04:03,18,1846,Washington Ave & Manning Blvd (01846),0,0,16,,,37266,10:21:06,,,37266,10:21:06,0,00:00:00,door not opened
07/14/2025,12,4113,Monday,Weekday,West,15649848,36000,10:00:00,36243,10:04:03,17,3287,Washington Ave & N. Allen St (03287),6,3,16,37200.0,10:20:00,37116,10:18:36,37200.0,10:20:00,37190,10:19:50,74,00:01:14,doors opened
07/14/2025,12,4113,Monday,Weekday,West,15649848,36000,10:00:00,36243,10:04:03,16,3264,Washington Ave & N. Main Ave (03264),0,0,13,,,37089,10:18:09,,,37089,10:18:09,0,00:00:00,door not opened
07/14/2025,12,4113,Monday,Weekday,West,15649848,36000,10:00:00,36243,10:04:03,15,1839,Washington Ave & Partridge St (01839),2,4,13,,,36984,10:16:24,,,37023,10:17:03,39,00:00:39,doors opened
07/14/2025,12,4113,Monday,Weekday,West,15649848,36000,10:00:00,36243,10:04:03,14,1841,Washington Ave & Ontario St (01841),0,1,15,36960.0,10:16:00,36949,10:15:49,36960.0,10:16:00,36958,10:15:58,9,00:00:09,doors opened
07/14/2025,12,4113,Monday,Weekday,West,15649848,36000,10:00:00,36243,10:04:03,13,1842,Washington Ave & Quail St (01842),4,1,16,,,36890,10:14:50,,,36923,10:15:23,33,00:00:33,doors opened
07/14/2025,12,4113,Monday,Weekday,West,15649848,36000,10:00:00,36243,10:04:03,12,1837,Washington Ave & N. Lake Ave (01837),0,0,13,,,36868,10:14:28,,,36868,10:14:28,0,00:00:00,door not opened
07/14/2025,12,4113,Monday,Weekday,West,15649848,36000,10:00:00,36243,10:04:03,11,1843,Washington Ave & Robin St (01843),2,0,13,,,36831,10:13:51,,,36845,10:14:05,14,00:00:14,doors opened
07/14/2025,12,4113,Monday,Weekday,West,15649848,36000,10:00:00,36243,10:04:03,10,12943,Washington Ave & Lexington Ave (12943),0,0,11,,,36809,10:13:29,,,36809,10:13:29,0,00:00:00,door not opened
07/14/2025,12,4113,Monday,Weekday,West,15649848,36000,10:00:00,36243,10:04:03,9,12942,Washington Ave & Henry Johnson Blvd (12942),2,0,11,,,36734,10:12:14,,,36759,10:12:39,25,00:00:25,doors opened
07/14/2025,12,4113,Monday,Weekday,West,15649848,36000,10:00:00,36243,10:04:03,8,3239,Lark/Library Station - Washington Ave & Lark St (03239),3,1,9,36540.0,10:09:00,36664,10:11:04,36540.0,10:09:00,36690,10:11:30,26,00:00:26,doors opened
07/14/2025,12,4113,Monday,Weekday,West,15649848,36000,10:00:00,36243,10:04:03,7,3301,Washington Ave & S. Swan St (03301),0,0,7,,,36607,10:10:07,,,36607,10:10:07,0,00:00:00,door not opened
07/14/2025,12,4113,Monday,Weekday,West,15649848,36000,10:00:00,36243,10:04:03,6,3250,Hawk/Capitol Station - Washington Ave & Hawk St (03250),0,0,7,,,36545,10:09:05,,,36545,10:09:05,0,00:00:00,door not opened
07/14/2025,12,4113,Monday,Weekday,West,15649848,36000,10:00:00,36243,10:04:03,5,10087,State St & Eagle St (10087),0,0,7,,,36510,10:08:30,,,36510,10:08:30,0,00:00:00,door not opened
07/14/2025,12,4113,Monday,Weekday,West,15649848,36000,10:00:00,36243,10:04:03,4,2665,State/Downtown Station - State St & Lodge St (02665),2,0,7,36240.0,10:04:00,36383,10:06:23,36240.0,10:04:00,36407,10:06:47,24,00:00:24,doors opened
07/14/2025,12,4113,Monday,Weekday,West,15649848,36000,10:00:00,36243,10:04:03,3,3221,State Station - N. Pearl St & Ten Eyck Plaza (03221),3,0,5,,,36273,10:04:33,,,36357,10:05:57,84,00:01:24,doors opened
07/14/2025,12,4113,Monday,Weekday,West,15649848,36000,10:00:00,36243,10:04:03,0,9018,Broadway & Orange St (09018),0,0,2,36000.0,10:00:00,36243,10:04:03,36000.0,10:00:00,36243,10:04:03,0,00:00:00,door not opened
07/14/2025,12,4113,Monday,Weekday,East,15649853,44100,12:15:00,44165,12:16:05,24,3940,Broadway & Steuben St (03940),0,0,0,46200.0,12:50:00,46202,12:50:02,46200.0,12:50:00,46202,12:50:02,0,00:00:00,door not opened
07/14/2025,12,4113,Monday,Weekday,East,15649853,44100,12:15:00,44165,12:16:05,23,2509,State/Downtown Station - State St & S. Pearl St (02509),0,10,0,46020.0,12:47:00,46090,12:48:10,46020.0,12:47:00,46113,12:48:33,23,00:00:23,doors opened
07/14/2025,12,4113,Monday,Weekday,East,15649853,44100,12:15:00,44165,12:16:05,22,1787,State St & Eagle St (01787),0,4,10,,,46024,12:47:04,,,46070,12:47:50,46,00:00:46,doors opened
07/14/2025,12,4113,Monday,Weekday,East,15649853,44100,12:15:00,44165,12:16:05,21,2706,Hawk/Capitol Station - Washington Ave & Hawk St (02706),0,0,14,,,45902,12:45:02,,,45902,12:45:02,0,00:00:00,door not opened
07/14/2025,12,4113,Monday,Weekday,East,15649853,44100,12:15:00,44165,12:16:05,20,1789,Washington Ave & S. Swan St (01789),0,4,14,,,45853,12:44:13,,,45880,12:44:40,27,00:00:27,doors opened
07/14/2025,12,4113,Monday,Weekday,East,15649853,44100,12:15:00,44165,12:16:05,19,1788,Washington Ave & Dove St (01788),0,2,18,,,45789,12:43:09,,,45830,12:43:50,41,00:00:41,doors opened
07/14/2025,12,4113,Monday,Weekday,East,15649853,44100,12:15:00,44165,12:16:05,18,2663,Lark/Library Station - Washington Ave & Lark St (02663),0,0,20,45720.0,12:42:00,45771,12:42:51,45720.0,12:42:00,45771,12:42:51,0,00:00:00,door not opened
07/14/2025,12,4113,Monday,Weekday,East,15649853,44100,12:15:00,44165,12:16:05,17,263,Washington Ave & Henry Johnson Blvd (00263),0,0,20,,,45729,12:42:09,,,45729,12:42:09,0,00:00:00,door not opened
07/14/2025,12,4113,Monday,Weekday,East,15649853,44100,12:15:00,44165,12:16:05,16,2096,Washington Ave & Lexington Ave (02096),1,0,20,,,45630,12:40:30,,,45695,12:41:35,65,00:01:05,doors opened
07/14/2025,12,4113,Monday,Weekday,East,15649853,44100,12:15:00,44165,12:16:05,15,3253,Washington Ave & Robin St (Draper Hall) (03253),2,4,19,,,45583,12:39:43,,,45613,12:40:13,30,00:00:30,doors opened
07/14/2025,12,4113,Monday,Weekday,East,15649853,44100,12:15:00,44165,12:16:05,14,2109,Washington Ave & N. Lake Ave (02109),1,0,21,,,45532,12:38:52,,,45560,12:39:20,28,00:00:28,doors opened
07/14/2025,12,4113,Monday,Weekday,East,15649853,44100,12:15:00,44165,12:16:05,13,3255,Washington Ave & Quail St (03255),3,4,20,,,45432,12:37:12,,,45507,12:38:27,75,00:01:15,doors opened
07/14/2025,12,4113,Monday,Weekday,East,15649853,44100,12:15:00,44165,12:16:05,12,3256,Washington Ave & Ontario St (03256),1,0,21,45360.0,12:36:00,45389,12:36:29,45360.0,12:36:00,45411,12:36:51,22,00:00:22,doors opened
07/14/2025,12,4113,Monday,Weekday,East,15649853,44100,12:15:00,44165,12:16:05,11,2107,Washington Ave & Partridge St (02107),4,2,20,,,45337,12:35:37,,,45367,12:36:07,30,00:00:30,doors opened
07/14/2025,12,4113,Monday,Weekday,East,15649853,44100,12:15:00,44165,12:16:05,10,3257,Washington Ave & N. Main Ave (03257),2,1,18,,,45217,12:33:37,,,45241,12:34:01,24,00:00:24,doors opened
07/14/2025,12,4113,Monday,Weekday,East,15649853,44100,12:15:00,44165,12:16:05,9,1796,Washington Ave & N. Allen St (01796),4,1,17,45180.0,12:33:00,45141,12:32:21,45180.0,12:33:00,45186,12:33:06,45,00:00:45,doors opened
07/14/2025,12,4113,Monday,Weekday,East,15649853,44100,12:15:00,44165,12:16:05,8,11581,Washington Ave & Manning Blvd (11581),0,0,14,,,45117,12:31:57,,,45117,12:31:57,0,00:00:00,door not opened
07/14/2025,12,4113,Monday,Weekday,East,15649853,44100,12:15:00,44165,12:16:05,7,2180,Washington Ave & Homestead Ave (02180),0,0,14,,,45098,12:31:38,,,45098,12:31:38,0,00:00:00,door not opened
07/14/2025,12,4113,Monday,Weekday,East,15649853,44100,12:15:00,44165,12:16:05,6,2182,Washington Ave & Hawthorne St (02182),0,0,14,,,45072,12:31:12,,,45072,12:31:12,0,00:00:00,door not opened
07/14/2025,12,4113,Monday,Weekday,East,15649853,44100,12:15:00,44165,12:16:05,5,3304,Washington Ave & Clermont St (03304),0,0,14,,,45050,12:30:50,,,45050,12:30:50,0,00:00:00,door not opened
07/14/2025,12,4113,Monday,Weekday,East,15649853,44100,12:15:00,44165,12:16:05,4,3348,Washington Ave & Brevator St (03348),4,1,14,,,44945,12:29:05,,,45014,12:30:14,69,00:01:09,doors opened
07/14/2025,12,4113,Monday,Weekday,East,15649853,44100,12:15:00,44165,12:16:05,3,10134,Washington Ave & SUNY Exit Rd (10134),1,0,11,,,44816,12:26:56,,,44829,12:27:09,13,00:00:13,doors opened
07/14/2025,12,4113,Monday,Weekday,East,15649853,44100,12:15:00,44165,12:16:05,2,7216,SUNY Collins Circle (07216),1,0,10,44700.0,12:25:00,44714,12:25:14,44700.0,12:25:00,44726,12:25:26,12,00:00:12,doors opened
07/14/2025,12,4113,Monday,Weekday,East,15649853,44100,12:15:00,44165,12:16:05,1,12827,Crossgates Commons Station (12827),8,1,9,44400.0,12:20:00,44409,12:20:09,44400.0,12:20:00,44514,12:21:54,105,00:01:45,doors opened
07/14/2025,12,4113,Monday,Weekday,East,15649853,44100,12:15:00,44165,12:16:05,0,7175,Crossgates Mall Station (07175),2,0,2,44100.0,12:15:00,44165,12:16:05,44100.0,12:15:00,44165,12:16:05,0,00:00:00,doors opened
07/14/2025,12,4113,Monday,Weekday,East,15649857,50100,13:55:00,50097,13:54:57,24,3940,Broadway & Steuben St (03940),0,0,0,52320.0,14:32:00,51947,14:25:47,52320.0,14:32:00,51947,14:25:47,0,00:00:00,door not opened
07/14/2025,12,4113,Monday,Weekday,East,15649857,50100,13:55:00,50097,13:54:57,23,2509,State/Downtown Station - State St & S. Pearl St (02509),0,3,0,52140.0,14:29:00,51819,14:23:39,52140.0,14:29:00,51831,14:23:51,12,00:00:12,doors opened
07/14/2025,12,4113,Monday,Weekday,East,15649857,50100,13:55:00,50097,13:54:57,22,1787,State St & Eagle St (01787),0,0,3,,,51802,14:23:22,,,51802,14:23:22,0,00:00:00,door not opened
07/14/2025,12,4113,Monday,Weekday,East,15649857,50100,13:55:00,50097,13:54:57,21,2706,Hawk/Capitol Station - Washington Ave & Hawk St (02706),0,0,3,,,51753,14:22:33,,,51753,14:22:33,0,00:00:00,door not opened
07/14/2025,12,4113,Monday,Weekday,East,15649857,50100,13:55:00,50097,13:54:57,20,1789,Washington Ave & S. Swan St (01789),0,0,3,,,51696,14:21:36,,,51696,14:21:36,0,00:00:00,door not opened
07/14/2025,12,4113,Monday,Weekday,East,15649857,50100,13:55:00,50097,13:54:57,19,1788,Washington Ave & Dove St (01788),0,0,3,,,51599,14:19:59,,,51599,14:19:59,0,00:00:00,door not opened
07/14/2025,12,4113,Monday,Weekday,East,15649857,50100,13:55:00,50097,13:54:57,18,2663,Lark/Library Station - Washington Ave & Lark St (02663),0,4,3,51840.0,14:24:00,51512,14:18:32,51840.0,14:24:00,51554,14:19:14,42,00:00:42,doors opened
07/14/2025,12,4113,Monday,Weekday,East,15649857,50100,13:55:00,50097,13:54:57,17,263,Washington Ave & Henry Johnson Blvd (00263),0,0,7,,,51477,14:17:57,,,51477,14:17:57,0,00:00:00,door not opened
07/14/2025,12,4113,Monday,Weekday,East,15649857,50100,13:55:00,50097,13:54:57,16,2096,Washington Ave & Lexington Ave (02096),0,0,7,,,51388,14:16:28,,,51388,14:16:28,0,00:00:00,door not opened
07/14/2025,12,4113,Monday,Weekday,East,15649857,50100,13:55:00,50097,13:54:57,15,3253,Washington Ave & Robin St (Draper Hall) (03253),0,0,7,,,51358,14:15:58,,,51358,14:15:58,0,00:00:00,door not opened
07/14/2025,12,4113,Monday,Weekday,East,15649857,50100,13:55:00,50097,13:54:57,14,2109,Washington Ave & N. Lake Ave (02109),0,1,7,,,51295,14:14:55,,,51320,14:15:20,25,00:00:25,doors opened
07/14/2025,12,4113,Monday,Weekday,East,15649857,50100,13:55:00,50097,13:54:57,13,3255,Washington Ave & Quail St (03255),0,2,8,,,51225,14:13:45,,,51268,14:14:28,43,00:00:43,doors opened
07/14/2025,12,4113,Monday,Weekday,East,15649857,50100,13:55:00,50097,13:54:57,12,3256,Washington Ave & Ontario St (03256),0,0,10,51420.0,14:17:00,51206,14:13:26,51420.0,14:17:00,51206,14:13:26,0,00:00:00,door not opened
07/14/2025,12,4113,Monday,Weekday,East,15649857,50100,13:55:00,50097,13:54:57,11,2107,Washington Ave & Partridge St (02107),0,0,10,,,51182,14:13:02,,,51182,14:13:02,0,00:00:00,door not opened
07/14/2025,12,4113,Monday,Weekday,East,15649857,50100,13:55:00,50097,13:54:57,10,3257,Washington Ave & N. Main Ave (03257),0,0,10,,,51082,14:11:22,,,51082,14:11:22,0,00:00:00,door not opened
07/14/2025,12,4113,Monday,Weekday,East,15649857,50100,13:55:00,50097,13:54:57,9,1796,Washington Ave & N. Allen St (01796),0,1,10,51240.0,14:14:00,51041,14:10:41,51240.0,14:14:00,51052,14:10:52,11,00:00:11,doors opened
07/14/2025,12,4113,Monday,Weekday,East,15649857,50100,13:55:00,50097,13:54:57,8,11581,Washington Ave & Manning Blvd (11581),1,0,11,,,50987,14:09:47,,,51007,14:10:07,20,00:00:20,doors opened
07/14/2025,12,4113,Monday,Weekday,East,15649857,50100,13:55:00,50097,13:54:57,7,2180,Washington Ave & Homestead Ave (02180),0,0,10,,,50966,14:09:26,,,50966,14:09:26,0,00:00:00,door not opened
07/14/2025,12,4113,Monday,Weekday,East,15649857,50100,13:55:00,50097,13:54:57,6,2182,Washington Ave & Hawthorne St (02182),0,0,10,,,50940,14:09:00,,,50940,14:09:00,0,00:00:00,door not opened
07/14/2025,12,4113,Monday,Weekday,East,15649857,50100,13:55:00,50097,13:54:57,5,3304,Washington Ave & Clermont St (03304),0,0,10,,,50908,14:08:28,,,50908,14:08:28,0,00:00:00,door not opened
07/14/2025,12,4113,Monday,Weekday,East,15649857,50100,13:55:00,50097,13:54:57,4,3348,Washington Ave & Brevator St (03348),1,0,10,,,50870,14:07:50,,,50880,14:08:00,10,00:00:10,doors opened
07/14/2025,12,4113,Monday,Weekday,East,15649857,50100,13:55:00,50097,13:54:57,3,10134,Washington Ave & SUNY Exit Rd (10134),1,0,9,,,50738,14:05:38,,,50751,14:05:51,13,00:00:13,doors opened
07/14/2025,12,4113,Monday,Weekday,East,15649857,50100,13:55:00,50097,13:54:57,1,12827,Crossgates Commons Station (12827),6,0,8,50460.0,14:01:00,50371,13:59:31,50460.0,14:01:00,50453,14:00:53,82,00:01:22,doors opened
07/14/2025,12,4113,Monday,Weekday,East,15649857,50100,13:55:00,50097,13:54:57,0,7175,Crossgates Mall Station (07175),2,0,2,50100.0,13:55:00,50097,13:54:57,50100.0,13:55:00,50097,13:54:57,0,00:00:00,doors opened
07/14/2025,12,4113,Monday,Weekday,West,15649860,52800,14:40:00,52790,14:39:50,26,12828,Crossgates Commons Station (12828),0,3,1,54900.0,15:15:00,54671,15:11:11,54900.0,15:15:00,54685,15:11:25,14,00:00:14,doors opened
07/14/2025,12,4113,Monday,Weekday,West,15649860,52800,14:40:00,52790,14:39:50,25,12891,1475 Washington Ave (12891),0,0,4,,,54477,15:07:57,,,54477,15:07:57,0,00:00:00,door not opened
07/14/2025,12,4113,Monday,Weekday,West,15649860,52800,14:40:00,52790,14:39:50,24,7216,SUNY Collins Circle (07216),0,0,4,54540.0,15:09:00,54323,15:05:23,54540.0,15:09:00,54323,15:05:23,0,00:00:00,door not opened
07/14/2025,12,4113,Monday,Weekday,West,15649860,52800,14:40:00,52790,14:39:50,23,3262,1383 Washington Ave (Fairfield Inn) (03262),0,0,4,,,54217,15:03:37,,,54217,15:03:37,0,00:00:00,door not opened
07/14/2025,12,4113,Monday,Weekday,West,15649860,52800,14:40:00,52790,14:39:50,22,976,Washington Ave & Brevator St (00976),0,2,4,,,54088,15:01:28,,,54102,15:01:42,14,00:00:14,doors opened
07/14/2025,12,4113,Monday,Weekday,West,15649860,52800,14:40:00,52790,14:39:50,21,1959,Washington Ave & Colvin Ave (01959),0,0,6,,,54070,15:01:10,,,54070,15:01:10,0,00:00:00,door not opened
07/14/2025,12,4113,Monday,Weekday,West,15649860,52800,14:40:00,52790,14:39:50,20,3399,Washington Ave & Danker Ave (03399),0,0,6,,,54009,15:00:09,,,54009,15:00:09,0,00:00:00,door not opened
07/14/2025,12,4113,Monday,Weekday,West,15649860,52800,14:40:00,52790,14:39:50,19,1849,Washington Ave & Homestead Ave (01849),0,1,6,,,53975,14:59:35,,,53986,14:59:46,11,00:00:11,doors opened
07/14/2025,12,4113,Monday,Weekday,West,15649860,52800,14:40:00,52790,14:39:50,18,1846,Washington Ave & Manning Blvd (01846),0,0,7,,,53952,14:59:12,,,53952,14:59:12,0,00:00:00,door not opened
07/14/2025,12,4113,Monday,Weekday,West,15649860,52800,14:40:00,52790,14:39:50,17,3287,Washington Ave & N. Allen St (03287),2,1,7,54060.0,15:01:00,53861,14:57:41,54060.0,15:01:00,53922,14:58:42,61,00:01:01,doors opened
07/14/2025,12,4113,Monday,Weekday,West,15649860,52800,14:40:00,52790,14:39:50,16,3264,Washington Ave & N. Main Ave (03264),0,1,6,,,53779,14:56:19,,,53819,14:56:59,40,00:00:40,doors opened
07/14/2025,12,4113,Monday,Weekday,West,15649860,52800,14:40:00,52790,14:39:50,15,1839,Washington Ave & Partridge St (01839),0,1,7,,,53671,14:54:31,,,53689,14:54:49,18,00:00:18,doors opened
07/14/2025,12,4113,Monday,Weekday,West,15649860,52800,14:40:00,52790,14:39:50,14,1841,Washington Ave & Ontario St (01841),1,1,8,53760.0,14:56:00,53627,14:53:47,53760.0,14:56:00,53646,14:54:06,19,00:00:19,doors opened
07/14/2025,12,4113,Monday,Weekday,West,15649860,52800,14:40:00,52790,14:39:50,13,1842,Washington Ave & Quail St (01842),1,0,8,,,53579,14:52:59,,,53603,14:53:23,24,00:00:24,doors opened
07/14/2025,12,4113,Monday,Weekday,West,15649860,52800,14:40:00,52790,14:39:50,12,1837,Washington Ave & N. Lake Ave (01837),1,0,7,,,53538,14:52:18,,,53549,14:52:29,11,00:00:11,doors opened
07/14/2025,12,4113,Monday,Weekday,West,15649860,52800,14:40:00,52790,14:39:50,11,1843,Washington Ave & Robin St (01843),1,1,6,,,53501,14:51:41,,,53512,14:51:52,11,00:00:11,doors opened
07/14/2025,12,4113,Monday,Weekday,West,15649860,52800,14:40:00,52790,14:39:50,10,12943,Washington Ave & Lexington Ave (12943),0,0,6,,,53477,14:51:17,,,53477,14:51:17,0,00:00:00,door not opened
07/14/2025,12,4113,Monday,Weekday,West,15649860,52800,14:40:00,52790,14:39:50,9,12942,Washington Ave & Henry Johnson Blvd (12942),2,5,6,,,53398,14:49:58,,,53453,14:50:53,55,00:00:55,doors opened
07/14/2025,12,4113,Monday,Weekday,West,15649860,52800,14:40:00,52790,14:39:50,8,3239,Lark/Library Station - Washington Ave & Lark St (03239),0,1,9,53340.0,14:49:00,53240,14:47:20,53340.0,14:49:00,53272,14:47:52,32,00:00:32,doors opened
07/14/2025,12,4113,Monday,Weekday,West,15649860,52800,14:40:00,52790,14:39:50,7,3301,Washington Ave & S. Swan St (03301),0,0,10,,,53191,14:46:31,,,53191,14:46:31,0,00:00:00,door not opened
07/14/2025,12,4113,Monday,Weekday,West,15649860,52800,14:40:00,52790,14:39:50,6,3250,Hawk/Capitol Station - Washington Ave & Hawk St (03250),1,0,10,,,53145,14:45:45,,,53168,14:46:08,23,00:00:23,doors opened
07/14/2025,12,4113,Monday,Weekday,West,15649860,52800,14:40:00,52790,14:39:50,5,10087,State St & Eagle St (10087),0,0,9,,,53075,14:44:35,,,53075,14:44:35,0,00:00:00,door not opened
07/14/2025,12,4113,Monday,Weekday,West,15649860,52800,14:40:00,52790,14:39:50,4,2665,State/Downtown Station - State St & Lodge St (02665),0,0,9,53040.0,14:44:00,53045,14:44:05,53040.0,14:44:00,53045,14:44:05,0,00:00:00,door not opened
07/14/2025,12,4113,Monday,Weekday,West,15649860,52800,14:40:00,52790,14:39:50,3,3221,State Station - N. Pearl St & Ten Eyck Plaza (03221),7,0,9,,,52866,14:41:06,,,52981,14:43:01,115,00:01:55,doors opened
07/14/2025,12,4113,Monday,Weekday,West,15649860,52800,14:40:00,52790,14:39:50,2,3233,N. Pearl St & Sheridan Ave (03233),0,0,2,,,52817,14:40:17,,,52817,14:40:17,0,00:00:00,door not opened
07/14/2025,12,4113,Monday,Weekday,West,15649860,52800,14:40:00,52790,14:39:50,1,2168,Clinton Square Station - N. Pearl St & Clinton Ave (02168),0,0,2,,,52801,14:40:01,,,52801,14:40:01,0,00:00:00,door not opened
07/14/2025,12,4113,Monday,Weekday,West,15649860,52800,14:40:00,52790,14:39:50,0,9018,Broadway & Orange St (09018),1,0,2,52800.0,14:40:00,52790,14:39:50,52800.0,14:40:00,52790,14:39:50,0,00:00:00,doors opened
07/14/2025,12,4113,Monday,Weekday,West,15649860,52800,14:40:00,52790,14:39:50,27,7175,Crossgates Mall Station (07175),0,1,0,55320.0,15:22:00,54920,15:15:20,55320.0,15:22:00,54920,15:15:20,0,00:00:00,doors opened
07/14/2025,12,4113,Monday,Weekday,East,15651768,63300,17:35:00,63327,17:35:27,23,2509,State/Downtown Station - State St & S. Pearl St (02509),1,6,0,65340.0,18:09:00,65061,18:04:21,65340.0,18:09:00,65105,18:05:05,44,00:00:44,doors opened
07/14/2025,12,4113,Monday,Weekday,East,15651768,63300,17:35:00,63327,17:35:27,22,1787,State St & Eagle St (01787),0,0,5,,,65047,18:04:07,,,65047,18:04:07,0,00:00:00,door not opened
07/14/2025,12,4113,Monday,Weekday,East,15651768,63300,17:35:00,63327,17:35:27,21,2706,Hawk/Capitol Station - Washington Ave & Hawk St (02706),0,0,5,,,64926,18:02:06,,,64926,18:02:06,0,00:00:00,door not opened
07/14/2025,12,4113,Monday,Weekday,East,15651768,63300,17:35:00,63327,17:35:27,20,1789,Washington Ave & S. Swan St (01789),0,0,5,,,64905,18:01:45,,,64905,18:01:45,0,00:00:00,door not opened
07/14/2025,12,4113,Monday,Weekday,East,15651768,63300,17:35:00,63327,17:35:27,19,1788,Washington Ave & Dove St (01788),0,0,5,,,64866,18:01:06,,,64866,18:01:06,0,00:00:00,door not opened
07/14/2025,12,4113,Monday,Weekday,East,15651768,63300,17:35:00,63327,17:35:27,18,2663,Lark/Library Station - Washington Ave & Lark St (02663),0,0,5,65040.0,18:04:00,64844,18:00:44,65040.0,18:04:00,64844,18:00:44,0,00:00:00,door not opened
07/14/2025,12,4113,Monday,Weekday,East,15651768,63300,17:35:00,63327,17:35:27,17,263,Washington Ave & Henry Johnson Blvd (00263),0,0,5,,,64786,17:59:46,,,64786,17:59:46,0,00:00:00,door not opened
07/14/2025,12,4113,Monday,Weekday,East,15651768,63300,17:35:00,63327,17:35:27,16,2096,Washington Ave & Lexington Ave (02096),0,0,5,,,64751,17:59:11,,,64751,17:59:11,0,00:00:00,door not opened
07/14/2025,12,4113,Monday,Weekday,East,15651768,63300,17:35:00,63327,17:35:27,15,3253,Washington Ave & Robin St (Draper Hall) (03253),0,0,5,,,64709,17:58:29,,,64709,17:58:29,0,00:00:00,door not opened
07/14/2025,12,4113,Monday,Weekday,East,15651768,63300,17:35:00,63327,17:35:27,14,2109,Washington Ave & N. Lake Ave (02109),2,1,5,,,64645,17:57:25,,,64664,17:57:44,19,00:00:19,doors opened
07/14/2025,12,4113,Monday,Weekday,East,15651768,63300,17:35:00,63327,17:35:27,13,3255,Washington Ave & Quail St (03255),0,3,4,,,64532,17:55:32,,,64620,17:57:00,88,00:01:28,doors opened
07/14/2025,12,4113,Monday,Weekday,East,15651768,63300,17:35:00,63327,17:35:27,12,3256,Washington Ave & Ontario St (03256),0,1,7,64620.0,17:57:00,64500,17:55:00,64620.0,17:57:00,64510,17:55:10,10,00:00:10,doors opened
07/14/2025,12,4113,Monday,Weekday,East,15651768,63300,17:35:00,63327,17:35:27,11,2107,Washington Ave & Partridge St (02107),0,1,8,,,64453,17:54:13,,,64476,17:54:36,23,00:00:23,doors opened
07/14/2025,12,4113,Monday,Weekday,East,15651768,63300,17:35:00,63327,17:35:27,24,3940,Broadway & Steuben St (03940),0,0,0,65520.0,18:12:00,65227,18:07:07,65520.0,18:12:00,65227,18:07:07,0,00:00:00,door not opened
07/14/2025,12,4113,Monday,Weekday,East,15651768,63300,17:35:00,63327,17:35:27,10,3257,Washington Ave & N. Main Ave (03257),0,1,9,,,64333,17:52:13,,,64371,17:52:51,38,00:00:38,doors opened
07/14/2025,12,4113,Monday,Weekday,East,15651768,63300,17:35:00,63327,17:35:27,9,1796,Washington Ave & N. Allen St (01796),0,2,10,64440.0,17:54:00,64286,17:51:26,64440.0,17:54:00,64301,17:51:41,15,00:00:15,doors opened
07/14/2025,12,4113,Monday,Weekday,East,15651768,63300,17:35:00,63327,17:35:27,8,11581,Washington Ave & Manning Blvd (11581),0,0,12,,,64260,17:51:00,,,64260,17:51:00,0,00:00:00,door not opened
07/14/2025,12,4113,Monday,Weekday,East,15651768,63300,17:35:00,63327,17:35:27,7,2180,Washington Ave & Homestead Ave (02180),0,4,12,,,64226,17:50:26,,,64241,17:50:41,15,00:00:15,doors opened
07/14/2025,12,4113,Monday,Weekday,East,15651768,63300,17:35:00,63327,17:35:27,6,2182,Washington Ave & Hawthorne St (02182),0,0,16,,,64203,17:50:03,,,64203,17:50:03,0,00:00:00,door not opened
07/14/2025,12,4113,Monday,Weekday,East,15651768,63300,17:35:00,63327,17:35:27,5,3304,Washington Ave & Clermont St (03304),1,0,16,,,64143,17:49:03,,,64178,17:49:38,35,00:00:35,doors opened
07/14/2025,12,4113,Monday,Weekday,East,15651768,63300,17:35:00,63327,17:35:27,4,3348,Washington Ave & Brevator St (03348),0,0,15,,,64130,17:48:50,,,64130,17:48:50,0,00:00:00,door not opened
07/14/2025,12,4113,Monday,Weekday,East,15651768,63300,17:35:00,63327,17:35:27,3,10134,Washington Ave & SUNY Exit Rd (10134),0,1,15,,,63954,17:45:54,,,63978,17:46:18,24,00:00:24,doors opened
07/14/2025,12,4113,Monday,Weekday,East,15651768,63300,17:35:00,63327,17:35:27,2,7216,SUNY Collins Circle (07216),1,0,16,63960.0,17:46:00,63838,17:43:58,63960.0,17:46:00,63855,17:44:15,17,00:00:17,doors opened
07/14/2025,12,4113,Monday,Weekday,East,15651768,63300,17:35:00,63327,17:35:27,1,12827,Crossgates Commons Station (12827),11,0,15,63660.0,17:41:00,63499,17:38:19,63660.0,17:41:00,63608,17:40:08,109,00:01:49,doors opened
07/14/2025,12,4113,Monday,Weekday,East,15651768,63300,17:35:00,63327,17:35:27,0,7175,Crossgates Mall Station (07175),4,0,4,63300.0,17:35:00,63327,17:35:27,63300.0,17:35:00,63327,17:35:27,0,00:00:00,doors opened
07/14/2025,12,4113,Monday,Weekday,West,15651771,66000,18:20:00,65993,18:19:53,20,3399,Washington Ave & Danker Ave (03399),0,1,11,,,67074,18:37:54,,,67085,18:38:05,11,00:00:11,doors opened
07/14/2025,12,4113,Monday,Weekday,West,15651771,66000,18:20:00,65993,18:19:53,19,1849,Washington Ave & Homestead Ave (01849),1,0,12,,,67037,18:37:17,,,67051,18:37:31,14,00:00:14,doors opened
07/14/2025,12,4113,Monday,Weekday,West,15651771,66000,18:20:00,65993,18:19:53,18,1846,Washington Ave & Manning Blvd (01846),1,0,11,,,66992,18:36:32,,,67011,18:36:51,19,00:00:19,doors opened
07/14/2025,12,4113,Monday,Weekday,West,15651771,66000,18:20:00,65993,18:19:53,17,3287,Washington Ave & N. Allen St (03287),2,0,10,67080.0,18:38:00,66926,18:35:26,67080.0,18:38:00,66962,18:36:02,36,00:00:36,doors opened
07/14/2025,12,4113,Monday,Weekday,West,15651771,66000,18:20:00,65993,18:19:53,16,3264,Washington Ave & N. Main Ave (03264),0,0,8,,,66896,18:34:56,,,66896,18:34:56,0,00:00:00,door not opened
07/14/2025,12,4113,Monday,Weekday,West,15651771,66000,18:20:00,65993,18:19:53,15,1839,Washington Ave & Partridge St (01839),0,1,8,,,66792,18:33:12,,,66803,18:33:23,11,00:00:11,doors opened
07/14/2025,12,4113,Monday,Weekday,West,15651771,66000,18:20:00,65993,18:19:53,14,1841,Washington Ave & Ontario St (01841),0,0,9,66900.0,18:35:00,66769,18:32:49,66900.0,18:35:00,66769,18:32:49,0,00:00:00,door not opened
07/14/2025,12,4113,Monday,Weekday,West,15651771,66000,18:20:00,65993,18:19:53,13,1842,Washington Ave & Quail St (01842),0,4,9,,,66713,18:31:53,,,66728,18:32:08,15,00:00:15,doors opened
07/14/2025,12,4113,Monday,Weekday,West,15651771,66000,18:20:00,65993,18:19:53,12,1837,Washington Ave & N. Lake Ave (01837),0,1,13,,,66655,18:30:55,,,66686,18:31:26,31,00:00:31,doors opened
07/14/2025,12,4113,Monday,Weekday,West,15651771,66000,18:20:00,65993,18:19:53,11,1843,Washington Ave & Robin St (01843),0,0,14,,,66637,18:30:37,,,66637,18:30:37,0,00:00:00,door not opened
07/14/2025,12,4113,Monday,Weekday,West,15651771,66000,18:20:00,65993,18:19:53,10,12943,Washington Ave & Lexington Ave (12943),0,0,14,,,66619,18:30:19,,,66619,18:30:19,0,00:00:00,door not opened
07/14/2025,12,4113,Monday,Weekday,West,15651771,66000,18:20:00,65993,18:19:53,9,12942,Washington Ave & Henry Johnson Blvd (12942),3,0,14,,,66533,18:28:53,,,66552,18:29:12,19,00:00:19,doors opened
07/14/2025,12,4113,Monday,Weekday,West,15651771,66000,18:20:00,65993,18:19:53,8,3239,Lark/Library Station - Washington Ave & Lark St (03239),3,0,11,66480.0,18:28:00,66454,18:27:34,66480.0,18:28:00,66480,18:28:00,26,00:00:26,doors opened
07/14/2025,12,4113,Monday,Weekday,West,15651771,66000,18:20:00,65993,18:19:53,27,7175,Crossgates Mall Station (07175),0,0,0,68280.0,18:58:00,67778,18:49:38,68280.0,18:58:00,67778,18:49:38,0,00:00:00,door not opened
07/14/2025,12,4113,Monday,Weekday,West,15651771,66000,18:20:00,65993,18:19:53,26,12828,Crossgates Commons Station (12828),0,10,0,67860.0,18:51:00,67650,18:47:30,67860.0,18:51:00,67671,18:47:51,21,00:00:21,doors opened
07/14/2025,12,4113,Monday,Weekday,West,15651771,66000,18:20:00,65993,18:19:53,25,12891,1475 Washington Ave (12891),1,1,10,,,67495,18:44:55,,,67506,18:45:06,11,00:00:11,doors opened
07/14/2025,12,4113,Monday,Weekday,West,15651771,66000,18:20:00,65993,18:19:53,24,7216,SUNY Collins Circle (07216),0,2,10,67500.0,18:45:00,67369,18:42:49,67500.0,18:45:00,67384,18:43:04,15,00:00:15,doors opened
07/14/2025,12,4113,Monday,Weekday,West,15651771,66000,18:20:00,65993,18:19:53,23,3262,1383 Washington Ave (Fairfield Inn) (03262),0,2,12,,,67266,18:41:06,,,67298,18:41:38,32,00:00:32,doors opened
07/14/2025,12,4113,Monday,Weekday,West,15651771,66000,18:20:00,65993,18:19:53,22,976,Washington Ave & Brevator St (00976),0,0,14,,,67168,18:39:28,,,67168,18:39:28,0,00:00:00,door not opened
07/14/2025,12,4113,Monday,Weekday,West,15651771,66000,18:20:00,65993,18:19:53,21,1959,Washington Ave & Colvin Ave (01959),3,0,14,,,67131,18:38:51,,,67148,18:39:08,17,00:00:17,doors opened
07/14/2025,12,4113,Monday,Weekday,West,15651771,66000,18:20:00,65993,18:19:53,7,3301,Washington Ave & S. Swan St (03301),0,0,8,,,66425,18:27:05,,,66425,18:27:05,0,00:00:00,door not opened
07/14/2025,12,4113,Monday,Weekday,West,15651771,66000,18:20:00,65993,18:19:53,6,3250,Hawk/Capitol Station - Washington Ave & Hawk St (03250),0,0,8,,,66394,18:26:34,,,66394,18:26:34,0,00:00:00,door not opened
07/14/2025,12,4113,Monday,Weekday,West,15651771,66000,18:20:00,65993,18:19:53,5,10087,State St & Eagle St (10087),0,0,8,,,66351,18:25:51,,,66351,18:25:51,0,00:00:00,door not opened
07/14/2025,12,4113,Monday,Weekday,West,15651771,66000,18:20:00,65993,18:19:53,4,2665,State/Downtown Station - State St & Lodge St (02665),3,0,8,66240.0,18:24:00,66211,18:23:31,66240.0,18:24:00,66254,18:24:14,43,00:00:43,doors opened
07/14/2025,12,4113,Monday,Weekday,West,15651771,66000,18:20:00,65993,18:19:53,3,3221,State Station - N. Pearl St & Ten Eyck Plaza (03221),2,0,5,,,66104,18:21:44,,,66186,18:23:06,82,00:01:22,doors opened
07/14/2025,12,4113,Monday,Weekday,West,15651771,66000,18:20:00,65993,18:19:53,2,3233,N. Pearl St & Sheridan Ave (03233),0,0,3,,,66073,18:21:13,,,66073,18:21:13,0,00:00:00,door not opened
07/14/2025,12,4113,Monday,Weekday,West,15651771,66000,18:20:00,65993,18:19:53,1,2168,Clinton Square Station - N. Pearl St & Clinton Ave (02168),1,0,3,,,66011,18:20:11,,,66037,18:20:37,26,00:00:26,doors opened
07/14/2025,12,4113,Monday,Weekday,West,15651771,66000,18:20:00,65993,18:19:53,0,9018,Broadway & Orange St (09018),0,0,2,66000.0,18:20:00,65993,18:19:53,66000.0,18:20:00,65993,18:19:53,0,00:00:00,door not opened
07/14/2025,12,4131,Monday,Weekday,East,15648634,36900,10:15:00,36930,10:15:30,24,3940,Broadway & Steuben St (03940),0,0,0,38940.0,10:49:00,39137,10:52:17,38940.0,10:49:00,39137,10:52:17,0,00:00:00,door not opened
07/14/2025,12,4131,Monday,Weekday,East,15648634,36900,10:15:00,36930,10:15:30,23,2509,State/Downtown Station - State St & S. Pearl St (02509),0,3,0,38760.0,10:46:00,39027,10:50:27,38760.0,10:46:00,39077,10:51:17,50,00:00:50,doors opened
07/14/2025,12,4131,Monday,Weekday,East,15648634,36900,10:15:00,36930,10:15:30,22,1787,State St & Eagle St (01787),0,0,3,,,39010,10:50:10,,,39010,10:50:10,0,00:00:00,door not opened
07/14/2025,12,4131,Monday,Weekday,East,15648634,36900,10:15:00,36930,10:15:30,21,2706,Hawk/Capitol Station - Washington Ave & Hawk St (02706),0,0,3,,,38960,10:49:20,,,38960,10:49:20,0,00:00:00,door not opened
07/14/2025,12,4131,Monday,Weekday,East,15648634,36900,10:15:00,36930,10:15:30,20,1789,Washington Ave & S. Swan St (01789),0,1,3,,,38921,10:48:41,,,38935,10:48:55,14,00:00:14,doors opened
07/14/2025,12,4131,Monday,Weekday,East,15648634,36900,10:15:00,36930,10:15:30,19,1788,Washington Ave & Dove St (01788),1,2,4,,,38868,10:47:48,,,38886,10:48:06,18,00:00:18,doors opened
07/14/2025,12,4131,Monday,Weekday,East,15648634,36900,10:15:00,36930,10:15:30,18,2663,Lark/Library Station - Washington Ave & Lark St (02663),0,9,5,38460.0,10:41:00,38798,10:46:38,38460.0,10:41:00,38831,10:47:11,33,00:00:33,doors opened
07/14/2025,12,4131,Monday,Weekday,East,15648634,36900,10:15:00,36930,10:15:30,17,263,Washington Ave & Henry Johnson Blvd (00263),0,1,14,,,38698,10:44:58,,,38752,10:45:52,54,00:00:54,doors opened
07/14/2025,12,4131,Monday,Weekday,East,15648634,36900,10:15:00,36930,10:15:30,16,2096,Washington Ave & Lexington Ave (02096),0,1,15,,,38623,10:43:43,,,38655,10:44:15,32,00:00:32,doors opened
07/14/2025,12,4131,Monday,Weekday,East,15648634,36900,10:15:00,36930,10:15:30,15,3253,Washington Ave & Robin St (Draper Hall) (03253),2,1,16,,,38567,10:42:47,,,38600,10:43:20,33,00:00:33,doors opened
07/14/2025,12,4131,Monday,Weekday,East,15648634,36900,10:15:00,36930,10:15:30,14,2109,Washington Ave & N. Lake Ave (02109),0,0,15,,,38545,10:42:25,,,38545,10:42:25,0,00:00:00,door not opened
07/14/2025,12,4131,Monday,Weekday,East,15648634,36900,10:15:00,36930,10:15:30,13,3255,Washington Ave & Quail St (03255),0,0,15,,,38490,10:41:30,,,38490,10:41:30,0,00:00:00,door not opened
07/14/2025,12,4131,Monday,Weekday,East,15648634,36900,10:15:00,36930,10:15:30,12,3256,Washington Ave & Ontario St (03256),3,2,15,38100.0,10:35:00,38377,10:39:37,38100.0,10:35:00,38426,10:40:26,49,00:00:49,doors opened
07/14/2025,12,4131,Monday,Weekday,East,15648634,36900,10:15:00,36930,10:15:30,11,2107,Washington Ave & Partridge St (02107),6,0,14,,,38326,10:38:46,,,38349,10:39:09,23,00:00:23,doors opened
07/14/2025,12,4131,Monday,Weekday,East,15648634,36900,10:15:00,36930,10:15:30,10,3257,Washington Ave & N. Main Ave (03257),1,0,8,,,38200,10:36:40,,,38224,10:37:04,24,00:00:24,doors opened
07/14/2025,12,4131,Monday,Weekday,East,15648634,36900,10:15:00,36930,10:15:30,9,1796,Washington Ave & N. Allen St (01796),1,1,7,37980.0,10:33:00,38143,10:35:43,37980.0,10:33:00,38157,10:35:57,14,00:00:14,doors opened
07/14/2025,12,4131,Monday,Weekday,East,15648634,36900,10:15:00,36930,10:15:30,8,11581,Washington Ave & Manning Blvd (11581),0,0,7,,,38106,10:35:06,,,38106,10:35:06,0,00:00:00,door not opened
07/14/2025,12,4131,Monday,Weekday,East,15648634,36900,10:15:00,36930,10:15:30,7,2180,Washington Ave & Homestead Ave (02180),1,0,7,,,38029,10:33:49,,,38040,10:34:00,11,00:00:11,doors opened
07/14/2025,12,4131,Monday,Weekday,East,15648634,36900,10:15:00,36930,10:15:30,6,2182,Washington Ave & Hawthorne St (02182),0,0,6,,,37985,10:33:05,,,37985,10:33:05,0,00:00:00,door not opened
07/14/2025,12,4131,Monday,Weekday,East,15648634,36900,10:15:00,36930,10:15:30,5,3304,Washington Ave & Clermont St (03304),0,2,6,,,37947,10:32:27,,,37960,10:32:40,13,00:00:13,doors opened
07/14/2025,12,4131,Monday,Weekday,East,15648634,36900,10:15:00,36930,10:15:30,4,3348,Washington Ave & Brevator St (03348),0,0,8,,,37930,10:32:10,,,37930,10:32:10,0,00:00:00,door not opened
07/14/2025,12,4131,Monday,Weekday,East,15648634,36900,10:15:00,36930,10:15:30,3,10134,Washington Ave & SUNY Exit Rd (10134),2,0,8,,,37768,10:29:28,,,37784,10:29:44,16,00:00:16,doors opened
07/14/2025,12,4131,Monday,Weekday,East,15648634,36900,10:15:00,36930,10:15:30,2,7216,SUNY Collins Circle (07216),0,0,6,37500.0,10:25:00,37602,10:26:42,37500.0,10:25:00,37602,10:26:42,0,00:00:00,door not opened
07/14/2025,12,4131,Monday,Weekday,East,15648634,36900,10:15:00,36930,10:15:30,1,12827,Crossgates Commons Station (12827),5,0,6,37200.0,10:20:00,37214,10:20:14,37200.0,10:20:00,37254,10:20:54,40,00:00:40,doors opened
07/14/2025,12,4131,Monday,Weekday,East,15648634,36900,10:15:00,36930,10:15:30,0,7175,Crossgates Mall Station (07175),1,0,1,36900.0,10:15:00,36930,10:15:30,36900.0,10:15:00,36930,10:15:30,0,00:00:00,doors opened
07/14/2025,12,4131,Monday,Weekday,West,15648637,39600,11:00:00,39914,11:05:14,27,7175,Crossgates Mall Station (07175),0,11,0,42000.0,11:40:00,42634,11:50:34,42000.0,11:40:00,42634,11:50:34,0,00:00:00,doors opened
07/14/2025,12,4131,Monday,Weekday,West,15648637,39600,11:00:00,39914,11:05:14,26,12828,Crossgates Commons Station (12828),0,7,11,41580.0,11:33:00,42340,11:45:40,41580.0,11:33:00,42340,11:45:40,0,00:00:00,door not opened
07/14/2025,12,4131,Monday,Weekday,West,15648637,39600,11:00:00,39914,11:05:14,25,12891,1475 Washington Ave (12891),0,1,18,,,42130,11:42:10,,,42139,11:42:19,9,00:00:09,doors opened
07/14/2025,12,4131,Monday,Weekday,West,15648637,39600,11:00:00,39914,11:05:14,24,7216,SUNY Collins Circle (07216),0,2,19,41220.0,11:27:00,41969,11:39:29,41220.0,11:27:00,41986,11:39:46,17,00:00:17,doors opened
07/14/2025,12,4131,Monday,Weekday,West,15648637,39600,11:00:00,39914,11:05:14,23,3262,1383 Washington Ave (Fairfield Inn) (03262),2,9,21,,,41780,11:36:20,,,41805,11:36:45,25,00:00:25,doors opened
07/14/2025,12,4131,Monday,Weekday,West,15648637,39600,11:00:00,39914,11:05:14,22,976,Washington Ave & Brevator St (00976),0,1,28,,,41644,11:34:04,,,41654,11:34:14,10,00:00:10,doors opened
07/14/2025,12,4131,Monday,Weekday,West,15648637,39600,11:00:00,39914,11:05:14,21,1959,Washington Ave & Colvin Ave (01959),4,1,29,,,41566,11:32:46,,,41616,11:33:36,50,00:00:50,doors opened
07/14/2025,12,4131,Monday,Weekday,West,15648637,39600,11:00:00,39914,11:05:14,20,3399,Washington Ave & Danker Ave (03399),0,0,26,,,41540,11:32:20,,,41540,11:32:20,0,00:00:00,door not opened
07/14/2025,12,4131,Monday,Weekday,West,15648637,39600,11:00:00,39914,11:05:14,19,1849,Washington Ave & Homestead Ave (01849),0,2,26,,,41491,11:31:31,,,41513,11:31:53,22,00:00:22,doors opened
07/14/2025,12,4131,Monday,Weekday,West,15648637,39600,11:00:00,39914,11:05:14,18,1846,Washington Ave & Manning Blvd (01846),0,0,28,,,41466,11:31:06,,,41466,11:31:06,0,00:00:00,door not opened
07/14/2025,12,4131,Monday,Weekday,West,15648637,39600,11:00:00,39914,11:05:14,17,3287,Washington Ave & N. Allen St (03287),0,1,28,40800.0,11:20:00,41392,11:29:52,40800.0,11:20:00,41405,11:30:05,13,00:00:13,doors opened
07/14/2025,12,4131,Monday,Weekday,West,15648637,39600,11:00:00,39914,11:05:14,16,3264,Washington Ave & N. Main Ave (03264),4,0,29,,,41327,11:28:47,,,41352,11:29:12,25,00:00:25,doors opened
07/14/2025,12,4131,Monday,Weekday,West,15648637,39600,11:00:00,39914,11:05:14,15,1839,Washington Ave & Partridge St (01839),0,0,25,,,41224,11:27:04,,,41224,11:27:04,0,00:00:00,door not opened
07/14/2025,12,4131,Monday,Weekday,West,15648637,39600,11:00:00,39914,11:05:14,14,1841,Washington Ave & Ontario St (01841),2,0,25,40560.0,11:16:00,41163,11:26:03,40560.0,11:16:00,41183,11:26:23,20,00:00:20,doors opened
07/14/2025,12,4131,Monday,Weekday,West,15648637,39600,11:00:00,39914,11:05:14,13,1842,Washington Ave & Quail St (01842),10,0,23,,,41091,11:24:51,,,41133,11:25:33,42,00:00:42,doors opened
07/14/2025,12,4131,Monday,Weekday,West,15648637,39600,11:00:00,39914,11:05:14,12,1837,Washington Ave & N. Lake Ave (01837),1,0,13,,,41034,11:23:54,,,41059,11:24:19,25,00:00:25,doors opened
07/14/2025,12,4131,Monday,Weekday,West,15648637,39600,11:00:00,39914,11:05:14,11,1843,Washington Ave & Robin St (01843),0,0,12,,,41008,11:23:28,,,41008,11:23:28,0,00:00:00,door not opened
07/14/2025,12,4131,Monday,Weekday,West,15648637,39600,11:00:00,39914,11:05:14,10,12943,Washington Ave & Lexington Ave (12943),0,1,12,,,40964,11:22:44,,,40974,11:22:54,10,00:00:10,doors opened
07/14/2025,12,4131,Monday,Weekday,West,15648637,39600,11:00:00,39914,11:05:14,9,12942,Washington Ave & Henry Johnson Blvd (12942),1,3,13,,,40847,11:20:47,,,40934,11:22:14,87,00:01:27,doors opened
07/14/2025,12,4131,Monday,Weekday,West,15648637,39600,11:00:00,39914,11:05:14,8,3239,Lark/Library Station - Washington Ave & Lark St (03239),2,2,15,40140.0,11:09:00,40751,11:19:11,40140.0,11:09:00,40783,11:19:43,32,00:00:32,doors opened
07/14/2025,12,4131,Monday,Weekday,West,15648637,39600,11:00:00,39914,11:05:14,7,3301,Washington Ave & S. Swan St (03301),1,0,15,,,40656,11:17:36,,,40673,11:17:53,17,00:00:17,doors opened
07/14/2025,12,4131,Monday,Weekday,West,15648637,39600,11:00:00,39914,11:05:14,6,3250,Hawk/Capitol Station - Washington Ave & Hawk St (03250),0,0,14,,,40587,11:16:27,,,40624,11:17:04,37,00:00:37,doors opened
07/14/2025,12,4131,Monday,Weekday,West,15648637,39600,11:00:00,39914,11:05:14,5,10087,State St & Eagle St (10087),0,0,14,,,40556,11:15:56,,,40556,11:15:56,0,00:00:00,door not opened
07/14/2025,12,4131,Monday,Weekday,West,15648637,39600,11:00:00,39914,11:05:14,4,2665,State/Downtown Station - State St & Lodge St (02665),4,0,14,39840.0,11:04:00,40381,11:13:01,39840.0,11:04:00,40437,11:13:57,56,00:00:56,doors opened
07/14/2025,12,4131,Monday,Weekday,West,15648637,39600,11:00:00,39914,11:05:14,3,3221,State Station - N. Pearl St & Ten Eyck Plaza (03221),8,1,10,,,40138,11:08:58,,,40349,11:12:29,211,00:03:31,doors opened
07/14/2025,12,4131,Monday,Weekday,West,15648637,39600,11:00:00,39914,11:05:14,2,3233,N. Pearl St & Sheridan Ave (03233),0,0,3,,,40097,11:08:17,,,40097,11:08:17,0,00:00:00,door not opened
07/14/2025,12,4131,Monday,Weekday,West,15648637,39600,11:00:00,39914,11:05:14,1,2168,Clinton Square Station - N. Pearl St & Clinton Ave (02168),2,0,3,,,40059,11:07:39,,,40078,11:07:58,19,00:00:19,doors opened
07/14/2025,12,4131,Monday,Weekday,West,15648637,39600,11:00:00,39914,11:05:14,0,9018,Broadway & Orange St (09018),0,0,1,39600.0,11:00:00,39914,11:05:14,39600.0,11:00:00,39914,11:05:14,0,00:00:00,door not opened
07/14/2025,12,4123,Monday,Weekday,East,15651681,66900,18:35:00,67071,18:37:51,15,3253,Washington Ave & Robin St (Draper Hall) (03253),0,0,8,,,68416,19:00:16,,,68416,19:00:16,0,00:00:00,door not opened
07/14/2025,12,4123,Monday,Weekday,East,15651681,66900,18:35:00,67071,18:37:51,14,2109,Washington Ave & N. Lake Ave (02109),0,1,8,,,68368,18:59:28,,,68382,18:59:42,14,00:00:14,doors opened
07/14/2025,12,4123,Monday,Weekday,East,15651681,66900,18:35:00,67071,18:37:51,13,3255,Washington Ave & Quail St (03255),1,3,9,,,68317,18:58:37,,,68339,18:58:59,22,00:00:22,doors opened
07/14/2025,12,4123,Monday,Weekday,East,15651681,66900,18:35:00,67071,18:37:51,12,3256,Washington Ave & Ontario St (03256),0,2,11,68160.0,18:56:00,68278,18:57:58,68160.0,18:56:00,68294,18:58:14,16,00:00:16,doors opened
07/14/2025,12,4123,Monday,Weekday,East,15651681,66900,18:35:00,67071,18:37:51,11,2107,Washington Ave & Partridge St (02107),1,1,13,,,68220,18:57:00,,,68252,18:57:32,32,00:00:32,doors opened
07/14/2025,12,4123,Monday,Weekday,East,15651681,66900,18:35:00,67071,18:37:51,10,3257,Washington Ave & N. Main Ave (03257),0,1,13,,,68101,18:55:01,,,68147,18:55:47,46,00:00:46,doors opened
07/14/2025,12,4123,Monday,Weekday,East,15651681,66900,18:35:00,67071,18:37:51,9,1796,Washington Ave & N. Allen St (01796),0,0,14,67980.0,18:53:00,68071,18:54:31,67980.0,18:53:00,68071,18:54:31,0,00:00:00,door not opened
07/14/2025,12,4123,Monday,Weekday,East,15651681,66900,18:35:00,67071,18:37:51,8,11581,Washington Ave & Manning Blvd (11581),0,0,14,,,68031,18:53:51,,,68031,18:53:51,0,00:00:00,door not opened
07/14/2025,12,4123,Monday,Weekday,East,15651681,66900,18:35:00,67071,18:37:51,7,2180,Washington Ave & Homestead Ave (02180),0,2,14,,,67978,18:52:58,,,67991,18:53:11,13,00:00:13,doors opened
07/14/2025,12,4123,Monday,Weekday,East,15651681,66900,18:35:00,67071,18:37:51,6,2182,Washington Ave & Hawthorne St (02182),0,0,16,,,67954,18:52:34,,,67954,18:52:34,0,00:00:00,door not opened
07/14/2025,12,4123,Monday,Weekday,East,15651681,66900,18:35:00,67071,18:37:51,5,3304,Washington Ave & Clermont St (03304),0,0,16,,,67931,18:52:11,,,67931,18:52:11,0,00:00:00,doors opened
07/14/2025,12,4123,Monday,Weekday,East,15651681,66900,18:35:00,67071,18:37:51,24,3940,Broadway & Steuben St (03940),0,0,0,69000.0,19:10:00,68861,19:07:41,69000.0,19:10:00,68861,19:07:41,0,00:00:00,door not opened
07/14/2025,12,4123,Monday,Weekday,East,15651681,66900,18:35:00,67071,18:37:51,23,2509,State/Downtown Station - State St & S. Pearl St (02509),0,7,0,68820.0,19:07:00,68746,19:05:46,68820.0,19:07:00,68801,19:06:41,55,00:00:55,doors opened
07/14/2025,12,4123,Monday,Weekday,East,15651681,66900,18:35:00,67071,18:37:51,22,1787,State St & Eagle St (01787),0,0,7,,,68725,19:05:25,,,68725,19:05:25,0,00:00:00,door not opened
07/14/2025,12,4123,Monday,Weekday,East,15651681,66900,18:35:00,67071,18:37:51,21,2706,Hawk/Capitol Station - Washington Ave & Hawk St (02706),0,0,7,,,68689,19:04:49,,,68689,19:04:49,0,00:00:00,door not opened
07/14/2025,12,4123,Monday,Weekday,East,15651681,66900,18:35:00,67071,18:37:51,20,1789,Washington Ave & S. Swan St (01789),0,0,7,,,68668,19:04:28,,,68668,19:04:28,0,00:00:00,door not opened
07/14/2025,12,4123,Monday,Weekday,East,15651681,66900,18:35:00,67071,18:37:51,19,1788,Washington Ave & Dove St (01788),0,0,7,,,68628,19:03:48,,,68628,19:03:48,0,00:00:00,door not opened
07/14/2025,12,4123,Monday,Weekday,East,15651681,66900,18:35:00,67071,18:37:51,18,2663,Lark/Library Station - Washington Ave & Lark St (02663),1,0,7,68520.0,19:02:00,68566,19:02:46,68520.0,19:02:00,68577,19:02:57,11,00:00:11,doors opened
07/14/2025,12,4123,Monday,Weekday,East,15651681,66900,18:35:00,67071,18:37:51,17,263,Washington Ave & Henry Johnson Blvd (00263),0,0,6,,,68536,19:02:16,,,68536,19:02:16,0,00:00:00,door not opened
07/14/2025,12,4123,Monday,Weekday,East,15651681,66900,18:35:00,67071,18:37:51,16,2096,Washington Ave & Lexington Ave (02096),0,2,6,,,68434,19:00:34,,,68448,19:00:48,14,00:00:14,doors opened
07/14/2025,12,4123,Monday,Weekday,East,15651681,66900,18:35:00,67071,18:37:51,4,3348,Washington Ave & Brevator St (03348),0,0,16,,,67887,18:51:27,,,67900,18:51:40,13,00:00:13,doors opened
07/14/2025,12,4123,Monday,Weekday,East,15651681,66900,18:35:00,67071,18:37:51,3,10134,Washington Ave & SUNY Exit Rd (10134),0,1,16,,,67752,18:49:12,,,67761,18:49:21,9,00:00:09,doors opened
07/14/2025,12,4123,Monday,Weekday,East,15651681,66900,18:35:00,67071,18:37:51,2,7216,SUNY Collins Circle (07216),0,1,17,67500.0,18:45:00,67630,18:47:10,67500.0,18:45:00,67645,18:47:25,15,00:00:15,doors opened
07/14/2025,12,4123,Monday,Weekday,East,15651681,66900,18:35:00,67071,18:37:51,1,12827,Crossgates Commons Station (12827),9,0,18,67200.0,18:40:00,67307,18:41:47,67200.0,18:40:00,67362,18:42:42,55,00:00:55,doors opened
07/14/2025,12,4123,Monday,Weekday,East,15651681,66900,18:35:00,67071,18:37:51,0,7175,Crossgates Mall Station (07175),9,0,9,66900.0,18:35:00,67071,18:37:51,66900.0,18:35:00,67071,18:37:51,0,00:00:00,doors opened
07/14/2025,12,4123,Monday,Weekday,West,15651684,69600,19:20:00,69664,19:21:04,25,12891,1475 Washington Ave (12891),1,1,9,,,71325,19:48:45,,,71342,19:49:02,17,00:00:17,doors opened
07/14/2025,12,4123,Monday,Weekday,West,15651684,69600,19:20:00,69664,19:21:04,24,7216,SUNY Collins Circle (07216),0,0,9,71100.0,19:45:00,71197,19:46:37,71100.0,19:45:00,71205,19:46:45,8,00:00:08,doors opened
07/14/2025,12,4123,Monday,Weekday,West,15651684,69600,19:20:00,69664,19:21:04,23,3262,1383 Washington Ave (Fairfield Inn) (03262),0,2,9,,,71091,19:44:51,,,71104,19:45:04,13,00:00:13,doors opened
07/14/2025,12,4123,Monday,Weekday,West,15651684,69600,19:20:00,69664,19:21:04,22,976,Washington Ave & Brevator St (00976),0,0,11,,,70966,19:42:46,,,70966,19:42:46,0,00:00:00,door not opened
07/14/2025,12,4123,Monday,Weekday,West,15651684,69600,19:20:00,69664,19:21:04,21,1959,Washington Ave & Colvin Ave (01959),0,2,11,,,70894,19:41:34,,,70943,19:42:23,49,00:00:49,doors opened
07/14/2025,12,4123,Monday,Weekday,West,15651684,69600,19:20:00,69664,19:21:04,20,3399,Washington Ave & Danker Ave (03399),0,0,13,,,70870,19:41:10,,,70870,19:41:10,0,00:00:00,door not opened
07/14/2025,12,4123,Monday,Weekday,West,15651684,69600,19:20:00,69664,19:21:04,19,1849,Washington Ave & Homestead Ave (01849),0,1,13,,,70832,19:40:32,,,70843,19:40:43,11,00:00:11,doors opened
07/14/2025,12,4123,Monday,Weekday,West,15651684,69600,19:20:00,69664,19:21:04,18,1846,Washington Ave & Manning Blvd (01846),0,0,14,,,70810,19:40:10,,,70810,19:40:10,0,00:00:00,door not opened
07/14/2025,12,4123,Monday,Weekday,West,15651684,69600,19:20:00,69664,19:21:04,17,3287,Washington Ave & N. Allen St (03287),3,3,14,70680.0,19:38:00,70722,19:38:42,70680.0,19:38:00,70743,19:39:03,21,00:00:21,doors opened
07/14/2025,12,4123,Monday,Weekday,West,15651684,69600,19:20:00,69664,19:21:04,16,3264,Washington Ave & N. Main Ave (03264),1,0,14,,,70644,19:37:24,,,70685,19:38:05,41,00:00:41,doors opened
07/14/2025,12,4123,Monday,Weekday,West,15651684,69600,19:20:00,69664,19:21:04,15,1839,Washington Ave & Partridge St (01839),1,0,13,,,70574,19:36:14,,,70587,19:36:27,13,00:00:13,doors opened
07/14/2025,12,4123,Monday,Weekday,West,15651684,69600,19:20:00,69664,19:21:04,14,1841,Washington Ave & Ontario St (01841),0,0,12,70500.0,19:35:00,70552,19:35:52,70500.0,19:35:00,70552,19:35:52,0,00:00:00,door not opened
07/14/2025,12,4123,Monday,Weekday,West,15651684,69600,19:20:00,69664,19:21:04,13,1842,Washington Ave & Quail St (01842),4,0,12,,,70493,19:34:53,,,70530,19:35:30,37,00:00:37,doors opened
07/14/2025,12,4123,Monday,Weekday,West,15651684,69600,19:20:00,69664,19:21:04,27,7175,Crossgates Mall Station (07175),0,3,0,71880.0,19:58:00,71782,19:56:22,71880.0,19:58:00,71782,19:56:22,0,00:00:00,doors opened
07/14/2025,12,4123,Monday,Weekday,West,15651684,69600,19:20:00,69664,19:21:04,26,12828,Crossgates Commons Station (12828),0,6,3,71460.0,19:51:00,71511,19:51:51,71460.0,19:51:00,71541,19:52:21,30,00:00:30,doors opened
07/14/2025,12,4123,Monday,Weekday,West,15651684,69600,19:20:00,69664,19:21:04,12,1837,Washington Ave & N. Lake Ave (01837),0,0,8,,,70465,19:34:25,,,70465,19:34:25,0,00:00:00,door not opened
07/14/2025,12,4123,Monday,Weekday,West,15651684,69600,19:20:00,69664,19:21:04,11,1843,Washington Ave & Robin St (01843),0,0,8,,,70402,19:33:22,,,70402,19:33:22,0,00:00:00,door not opened
07/14/2025,12,4123,Monday,Weekday,West,15651684,69600,19:20:00,69664,19:21:04,10,12943,Washington Ave & Lexington Ave (12943),0,2,8,,,70350,19:32:30,,,70364,19:32:44,14,00:00:14,doors opened
07/14/2025,12,4123,Monday,Weekday,West,15651684,69600,19:20:00,69664,19:21:04,9,12942,Washington Ave & Henry Johnson Blvd (12942),0,0,10,,,70320,19:32:00,,,70320,19:32:00,0,00:00:00,door not opened
07/14/2025,12,4123,Monday,Weekday,West,15651684,69600,19:20:00,69664,19:21:04,8,3239,Lark/Library Station - Washington Ave & Lark St (03239),1,1,10,70080.0,19:28:00,70152,19:29:12,70080.0,19:28:00,70228,19:30:28,76,00:01:16,doors opened
07/14/2025,12,4123,Monday,Weekday,West,15651684,69600,19:20:00,69664,19:21:04,7,3301,Washington Ave & S. Swan St (03301),0,0,10,,,70095,19:28:15,,,70095,19:28:15,0,00:00:00,door not opened
07/14/2025,12,4123,Monday,Weekday,West,15651684,69600,19:20:00,69664,19:21:04,6,3250,Hawk/Capitol Station - Washington Ave & Hawk St (03250),0,0,10,,,70055,19:27:35,,,70055,19:27:35,0,00:00:00,door not opened
07/14/2025,12,4123,Monday,Weekday,West,15651684,69600,19:20:00,69664,19:21:04,5,10087,State St & Eagle St (10087),1,0,10,,,70012,19:26:52,,,70024,19:27:04,12,00:00:12,doors opened
07/14/2025,12,4123,Monday,Weekday,West,15651684,69600,19:20:00,69664,19:21:04,4,2665,State/Downtown Station - State St & Lodge St (02665),6,0,9,69840.0,19:24:00,69916,19:25:16,69840.0,19:24:00,69964,19:26:04,48,00:00:48,doors opened
07/14/2025,12,4123,Monday,Weekday,West,15651684,69600,19:20:00,69664,19:21:04,3,3221,State Station - N. Pearl St & Ten Eyck Plaza (03221),2,0,3,,,69787,19:23:07,,,69890,19:24:50,103,00:01:43,doors opened
07/14/2025,12,4123,Monday,Weekday,West,15651684,69600,19:20:00,69664,19:21:04,2,3233,N. Pearl St & Sheridan Ave (03233),0,0,1,,,69738,19:22:18,,,69738,19:22:18,0,00:00:00,door not opened
07/14/2025,12,4123,Monday,Weekday,West,15651684,69600,19:20:00,69664,19:21:04,1,2168,Clinton Square Station - N. Pearl St & Clinton Ave (02168),0,0,1,,,69721,19:22:01,,,69721,19:22:01,0,00:00:00,door not opened
07/14/2025,12,4123,Monday,Weekday,West,15651684,69600,19:20:00,69664,19:21:04,0,9018,Broadway & Orange St (09018),0,0,1,69600.0,19:20:00,69664,19:21:04,69600.0,19:20:00,69664,19:21:04,0,00:00:00,door not opened
07/14/2025,12,4123,Monday,Weekday,West,15651688,75900,21:05:00,75932,21:05:32,27,7175,Crossgates Mall Station (07175),0,3,0,78000.0,21:40:00,77819,21:36:59,78000.0,21:40:00,77819,21:36:59,0,00:00:00,doors opened
07/14/2025,12,4123,Monday,Weekday,West,15651688,75900,21:05:00,75932,21:05:32,26,12828,Crossgates Commons Station (12828),1,5,3,77580.0,21:33:00,77588,21:33:08,77580.0,21:33:00,77616,21:33:36,28,00:00:28,doors opened
07/14/2025,12,4123,Monday,Weekday,West,15651688,75900,21:05:00,75932,21:05:32,25,12891,1475 Washington Ave (12891),0,0,7,,,77373,21:29:33,,,77373,21:29:33,0,00:00:00,door not opened
07/14/2025,12,4123,Monday,Weekday,West,15651688,75900,21:05:00,75932,21:05:32,24,7216,SUNY Collins Circle (07216),0,0,7,77280.0,21:28:00,77248,21:27:28,77280.0,21:28:00,77248,21:27:28,0,00:00:00,door not opened
07/14/2025,12,4123,Monday,Weekday,West,15651688,75900,21:05:00,75932,21:05:32,23,3262,1383 Washington Ave (Fairfield Inn) (03262),0,1,7,,,77138,21:25:38,,,77150,21:25:50,12,00:00:12,doors opened
07/14/2025,12,4123,Monday,Weekday,West,15651688,75900,21:05:00,75932,21:05:32,22,976,Washington Ave & Brevator St (00976),0,0,8,,,76972,21:22:52,,,76972,21:22:52,0,00:00:00,door not opened
07/14/2025,12,4123,Monday,Weekday,West,15651688,75900,21:05:00,75932,21:05:32,21,1959,Washington Ave & Colvin Ave (01959),0,0,8,,,76949,21:22:29,,,76949,21:22:29,0,00:00:00,door not opened
07/14/2025,12,4123,Monday,Weekday,West,15651688,75900,21:05:00,75932,21:05:32,20,3399,Washington Ave & Danker Ave (03399),0,0,8,,,76923,21:22:03,,,76923,21:22:03,0,00:00:00,door not opened
07/14/2025,12,4123,Monday,Weekday,West,15651688,75900,21:05:00,75932,21:05:32,19,1849,Washington Ave & Homestead Ave (01849),0,0,8,,,76899,21:21:39,,,76899,21:21:39,0,00:00:00,door not opened
07/14/2025,12,4123,Monday,Weekday,West,15651688,75900,21:05:00,75932,21:05:32,18,1846,Washington Ave & Manning Blvd (01846),0,0,8,,,76870,21:21:10,,,76870,21:21:10,0,00:00:00,door not opened
07/14/2025,12,4123,Monday,Weekday,West,15651688,75900,21:05:00,75932,21:05:32,17,3287,Washington Ave & N. Allen St (03287),2,0,8,76920.0,21:22:00,76789,21:19:49,76920.0,21:22:00,76808,21:20:08,19,00:00:19,doors opened
07/14/2025,12,4123,Monday,Weekday,West,15651688,75900,21:05:00,75932,21:05:32,16,3264,Washington Ave & N. Main Ave (03264),0,0,6,,,76748,21:19:08,,,76748,21:19:08,0,00:00:00,door not opened
07/14/2025,12,4123,Monday,Weekday,West,15651688,75900,21:05:00,75932,21:05:32,15,1839,Washington Ave & Partridge St (01839),1,0,6,,,76638,21:17:18,,,76650,21:17:30,12,00:00:12,doors opened
07/14/2025,12,4123,Monday,Weekday,West,15651688,75900,21:05:00,75932,21:05:32,14,1841,Washington Ave & Ontario St (01841),0,0,5,76740.0,21:19:00,76613,21:16:53,76740.0,21:19:00,76613,21:16:53,0,00:00:00,door not opened
07/14/2025,12,4123,Monday,Weekday,West,15651688,75900,21:05:00,75932,21:05:32,13,1842,Washington Ave & Quail St (01842),0,0,5,,,76590,21:16:30,,,76590,21:16:30,0,00:00:00,door not opened
07/14/2025,12,4123,Monday,Weekday,West,15651688,75900,21:05:00,75932,21:05:32,12,1837,Washington Ave & N. Lake Ave (01837),0,0,5,,,76537,21:15:37,,,76537,21:15:37,0,00:00:00,door not opened
07/14/2025,12,4123,Monday,Weekday,West,15651688,75900,21:05:00,75932,21:05:32,11,1843,Washington Ave & Robin St (01843),0,0,5,,,76513,21:15:13,,,76513,21:15:13,0,00:00:00,door not opened
07/14/2025,12,4123,Monday,Weekday,West,15651688,75900,21:05:00,75932,21:05:32,10,12943,Washington Ave & Lexington Ave (12943),0,0,5,,,76488,21:14:48,,,76488,21:14:48,0,00:00:00,door not opened
07/14/2025,12,4123,Monday,Weekday,West,15651688,75900,21:05:00,75932,21:05:32,9,12942,Washington Ave & Henry Johnson Blvd (12942),0,1,5,,,76429,21:13:49,,,76440,21:14:00,11,00:00:11,doors opened
07/14/2025,12,4123,Monday,Weekday,West,15651688,75900,21:05:00,75932,21:05:32,8,3239,Lark/Library Station - Washington Ave & Lark St (03239),1,0,6,76380.0,21:13:00,76273,21:11:13,76380.0,21:13:00,76304,21:11:44,31,00:00:31,doors opened
07/14/2025,12,4123,Monday,Weekday,West,15651688,75900,21:05:00,75932,21:05:32,7,3301,Washington Ave & S. Swan St (03301),1,0,5,,,76217,21:10:17,,,76228,21:10:28,11,00:00:11,doors opened
07/14/2025,12,4123,Monday,Weekday,West,15651688,75900,21:05:00,75932,21:05:32,6,3250,Hawk/Capitol Station - Washington Ave & Hawk St (03250),0,0,4,,,76196,21:09:56,,,76196,21:09:56,0,00:00:00,door not opened
07/14/2025,12,4123,Monday,Weekday,West,15651688,75900,21:05:00,75932,21:05:32,5,10087,State St & Eagle St (10087),0,0,4,,,76155,21:09:15,,,76155,21:09:15,0,00:00:00,door not opened
07/14/2025,12,4123,Monday,Weekday,West,15651688,75900,21:05:00,75932,21:05:32,4,2665,State/Downtown Station - State St & Lodge St (02665),1,0,4,76140.0,21:09:00,76101,21:08:21,76140.0,21:09:00,76113,21:08:33,12,00:00:12,doors opened
07/14/2025,12,4123,Monday,Weekday,West,15651688,75900,21:05:00,75932,21:05:32,3,3221,State Station - N. Pearl St & Ten Eyck Plaza (03221),0,0,3,,,76076,21:07:56,,,76076,21:07:56,0,00:00:00,door not opened
07/14/2025,12,4123,Monday,Weekday,West,15651688,75900,21:05:00,75932,21:05:32,2,3233,N. Pearl St & Sheridan Ave (03233),0,0,3,,,76033,21:07:13,,,76033,21:07:13,0,00:00:00,door not opened
07/14/2025,12,4123,Monday,Weekday,West,15651688,75900,21:05:00,75932,21:05:32,1,2168,Clinton Square Station - N. Pearl St & Clinton Ave (02168),3,0,3,,,75990,21:06:30,,,76013,21:06:53,23,00:00:23,doors opened
07/14/2025,12,4123,Monday,Weekday,West,15651688,75900,21:05:00,75932,21:05:32,0,9018,Broadway & Orange St (09018),0,0,0,75900.0,21:05:00,75932,21:05:32,75900.0,21:05:00,75932,21:05:32,0,00:00:00,door not opened
