opd_date,line_name,vehicle_name,day_of_week,schedule,direction,trip_id,trip_nom_dep_time,trip_nom_dep_time_hhmmss,trip_act_dep_time,trip_act_dep_time_hhmmss,pattern_idx,point_code,point_name,psngr_in,psngr_out,psngr_load,nom_arr_time,nom_arr_time_hhmmss,act_arr_time,act_arr_time_hhmmss,nom_dep_time,nom_dep_time_hhmmss,act_dep_time,act_dep_time_hhmmss,act_dwelltime,act_dwelltime_hhmmss,doors
07/11/2025,12,1904,Friday,Weekday,West,15648606.0,21300,05:55:00,21631,06:00:31,0,9018,Broadway & Orange St (09018),1,0,1,21300.0,05:55:00,21631,06:00:31,21300.0,05:55:00,21631,06:00:31,0,00:00:00,doors opened
07/11/2025,12,1904,Friday,Weekday,West,15648606.0,21300,05:55:00,21631,06:00:31,27,7175,Crossgates Mall Station (07175),0,3,0,23400.0,06:30:00,23479,06:31:19,23400.0,06:30:00,23479,06:31:19,0,00:00:00,doors opened
07/11/2025,12,1904,Friday,Weekday,West,15648606.0,21300,05:55:00,21631,06:00:31,26,12828,Crossgates Commons Station (12828),0,14,3,23040.0,06:24:00,23232,06:27:12,23040.0,06:24:00,23264,06:27:44,32,00:00:32,doors opened
07/11/2025,12,1904,Friday,Weekday,West,15648606.0,21300,05:55:00,21631,06:00:31,25,12891,1475 Washington Ave (12891),0,0,17,,,23087,06:24:47,,,23087,06:24:47,0,00:00:00,door not opened
07/11/2025,12,1904,Friday,Weekday,West,15648606.0,21300,05:55:00,21631,06:00:31,24,7216,SUNY Collins Circle (07216),0,2,17,22680.0,06:18:00,22937,06:22:17,22680.0,06:18:00,22951,06:22:31,14,00:00:14,doors opened
07/11/2025,12,1904,Friday,Weekday,West,15648606.0,21300,05:55:00,21631,06:00:31,23,3262,1383 Washington Ave (Fairfield Inn) (03262),0,1,19,,,22840,06:20:40,,,22855,06:20:55,15,00:00:15,doors opened
07/11/2025,12,1904,Friday,Weekday,West,15648606.0,21300,05:55:00,21631,06:00:31,22,976,Washington Ave & Brevator St (00976),0,0,20,,,22739,06:18:59,,,22739,06:18:59,0,00:00:00,door not opened
07/11/2025,12,1904,Friday,Weekday,West,15648606.0,21300,05:55:00,21631,06:00:31,21,1959,Washington Ave & Colvin Ave (01959),0,0,20,,,22713,06:18:33,,,22713,06:18:33,0,00:00:00,door not opened
07/11/2025,12,1904,Friday,Weekday,West,15648606.0,21300,05:55:00,21631,06:00:31,20,3399,Washington Ave & Danker Ave (03399),0,0,20,,,22667,06:17:47,,,22667,06:17:47,0,00:00:00,door not opened
07/11/2025,12,1904,Friday,Weekday,West,15648606.0,21300,05:55:00,21631,06:00:31,19,1849,Washington Ave & Homestead Ave (01849),0,0,20,,,22644,06:17:24,,,22644,06:17:24,0,00:00:00,door not opened
07/11/2025,12,1904,Friday,Weekday,West,15648606.0,21300,05:55:00,21631,06:00:31,18,1846,Washington Ave & Manning Blvd (01846),0,0,20,,,22618,06:16:58,,,22618,06:16:58,0,00:00:00,door not opened
07/11/2025,12,1904,Friday,Weekday,West,15648606.0,21300,05:55:00,21631,06:00:31,17,3287,Washington Ave & N. Allen St (03287),3,0,20,22320.0,06:12:00,22543,06:15:43,22320.0,06:12:00,22585,06:16:25,42,00:00:42,doors opened
07/11/2025,12,1904,Friday,Weekday,West,15648606.0,21300,05:55:00,21631,06:00:31,16,3264,Washington Ave & N. Main Ave (03264),0,0,17,,,22508,06:15:08,,,22508,06:15:08,0,00:00:00,door not opened
07/11/2025,12,1904,Friday,Weekday,West,15648606.0,21300,05:55:00,21631,06:00:31,15,1839,Washington Ave & Partridge St (01839),2,0,17,,,22399,06:13:19,,,22423,06:13:43,24,00:00:24,doors opened
07/11/2025,12,1904,Friday,Weekday,West,15648606.0,21300,05:55:00,21631,06:00:31,14,1841,Washington Ave & Ontario St (01841),1,0,15,22080.0,06:08:00,22360,06:12:40,22080.0,06:08:00,22375,06:12:55,15,00:00:15,doors opened
07/11/2025,12,1904,Friday,Weekday,West,15648606.0,21300,05:55:00,21631,06:00:31,13,1842,Washington Ave & Quail St (01842),3,0,14,,,22297,06:11:37,,,22337,06:12:17,40,00:00:40,doors opened
07/11/2025,12,1904,Friday,Weekday,West,15648606.0,21300,05:55:00,21631,06:00:31,12,1837,Washington Ave & N. Lake Ave (01837),0,0,11,,,22272,06:11:12,,,22272,06:11:12,0,00:00:00,door not opened
07/11/2025,12,1904,Friday,Weekday,West,15648606.0,21300,05:55:00,21631,06:00:31,11,1843,Washington Ave & Robin St (01843),0,0,11,,,22220,06:10:20,,,22220,06:10:20,0,00:00:00,door not opened
07/11/2025,12,1904,Friday,Weekday,West,15648606.0,21300,05:55:00,21631,06:00:31,10,12943,Washington Ave & Lexington Ave (12943),0,1,11,,,22161,06:09:21,,,22195,06:09:55,34,00:00:34,doors opened
07/11/2025,12,1904,Friday,Weekday,West,15648606.0,21300,05:55:00,21631,06:00:31,9,12942,Washington Ave & Henry Johnson Blvd (12942),1,0,12,,,22111,06:08:31,,,22125,06:08:45,14,00:00:14,doors opened
07/11/2025,12,1904,Friday,Weekday,West,15648606.0,21300,05:55:00,21631,06:00:31,8,3239,Lark/Library Station - Washington Ave & Lark St (03239),2,0,11,21720.0,06:02:00,21967,06:06:07,21720.0,06:02:00,22000,06:06:40,33,00:00:33,doors opened
07/11/2025,12,1904,Friday,Weekday,West,15648606.0,21300,05:55:00,21631,06:00:31,7,3301,Washington Ave & S. Swan St (03301),0,0,9,,,21940,06:05:40,,,21940,06:05:40,0,00:00:00,door not opened
07/11/2025,12,1904,Friday,Weekday,West,15648606.0,21300,05:55:00,21631,06:00:31,6,3250,Hawk/Capitol Station - Washington Ave & Hawk St (03250),1,0,9,,,21906,06:05:06,,,21919,06:05:19,13,00:00:13,doors opened
07/11/2025,12,1904,Friday,Weekday,West,15648606.0,21300,05:55:00,21631,06:00:31,5,10087,State St & Eagle St (10087),0,0,8,,,21878,06:04:38,,,21878,06:04:38,0,00:00:00,door not opened
07/11/2025,12,1904,Friday,Weekday,West,15648606.0,21300,05:55:00,21631,06:00:31,4,2665,State/Downtown Station - State St & Lodge St (02665),4,0,8,21480.0,05:58:00,21810,06:03:30,21480.0,05:58:00,21849,06:04:09,39,00:00:39,doors opened
07/11/2025,12,1904,Friday,Weekday,West,15648606.0,21300,05:55:00,21631,06:00:31,3,3221,State Station - N. Pearl St & Ten Eyck Plaza (03221),5,2,4,,,21678,06:01:18,,,21778,06:02:58,100,00:01:40,doors opened
07/11/2025,12,1904,Friday,Weekday,West,15648606.0,21300,05:55:00,21631,06:00:31,2,3233,N. Pearl St & Sheridan Ave (03233),0,0,1,,,21636,06:00:36,,,21636,06:00:36,0,00:00:00,door not opened
07/11/2025,12,1904,Friday,Weekday,West,15648612.0,27300,07:35:00,27640,07:40:40,27,7175,Crossgates Mall Station (07175),0,6,0,29760.0,08:16:00,29854,08:17:34,29760.0,08:16:00,29854,08:17:34,0,00:00:00,doors opened
07/11/2025,12,1904,Friday,Weekday,West,15648612.0,27300,07:35:00,27640,07:40:40,26,12828,Crossgates Commons Station (12828),0,6,6,29340.0,08:09:00,29614,08:13:34,29340.0,08:09:00,29637,08:13:57,23,00:00:23,doors opened
07/11/2025,12,1904,Friday,Weekday,West,15648612.0,27300,07:35:00,27640,07:40:40,25,12891,1475 Washington Ave (12891),0,0,12,,,29393,08:09:53,,,29393,08:09:53,0,00:00:00,door not opened
07/11/2025,12,1904,Friday,Weekday,West,15648612.0,27300,07:35:00,27640,07:40:40,24,7216,SUNY Collins Circle (07216),0,3,12,28980.0,08:03:00,29244,08:07:24,28980.0,08:03:00,29259,08:07:39,15,00:00:15,doors opened
07/11/2025,12,1904,Friday,Weekday,West,15648612.0,27300,07:35:00,27640,07:40:40,23,3262,1383 Washington Ave (Fairfield Inn) (03262),0,2,15,,,29112,08:05:12,,,29157,08:05:57,45,00:00:45,doors opened
07/11/2025,12,1904,Friday,Weekday,West,15648612.0,27300,07:35:00,27640,07:40:40,22,976,Washington Ave & Brevator St (00976),0,1,17,,,28952,08:02:32,,,28969,08:02:49,17,00:00:17,doors opened
07/11/2025,12,1904,Friday,Weekday,West,15648612.0,27300,07:35:00,27640,07:40:40,21,1959,Washington Ave & Colvin Ave (01959),0,1,18,,,28881,08:01:21,,,28931,08:02:11,50,00:00:50,doors opened
07/11/2025,12,1904,Friday,Weekday,West,15648612.0,27300,07:35:00,27640,07:40:40,20,3399,Washington Ave & Danker Ave (03399),0,0,19,,,28860,08:01:00,,,28860,08:01:00,0,00:00:00,door not opened
07/11/2025,12,1904,Friday,Weekday,West,15648612.0,27300,07:35:00,27640,07:40:40,19,1849,Washington Ave & Homestead Ave (01849),0,1,19,,,28824,08:00:24,,,28840,08:00:40,16,00:00:16,doors opened
07/11/2025,12,1904,Friday,Weekday,West,15648612.0,27300,07:35:00,27640,07:40:40,18,1846,Washington Ave & Manning Blvd (01846),2,0,20,,,28757,07:59:17,,,28802,08:00:02,45,00:00:45,doors opened
07/11/2025,12,1904,Friday,Weekday,West,15648612.0,27300,07:35:00,27640,07:40:40,17,3287,Washington Ave & N. Allen St (03287),2,1,18,28560.0,07:56:00,28699,07:58:19,28560.0,07:56:00,28725,07:58:45,26,00:00:26,doors opened
07/11/2025,12,1904,Friday,Weekday,West,15648612.0,27300,07:35:00,27640,07:40:40,16,3264,Washington Ave & N. Main Ave (03264),2,1,17,,,28642,07:57:22,,,28670,07:57:50,28,00:00:28,doors opened
07/11/2025,12,1904,Friday,Weekday,West,15648612.0,27300,07:35:00,27640,07:40:40,15,1839,Washington Ave & Partridge St (01839),0,0,16,,,28550,07:55:50,,,28550,07:55:50,0,00:00:00,door not opened
07/11/2025,12,1904,Friday,Weekday,West,15648612.0,27300,07:35:00,27640,07:40:40,14,1841,Washington Ave & Ontario St (01841),3,3,16,28320.0,07:52:00,28472,07:54:32,28320.0,07:52:00,28525,07:55:25,53,00:00:53,doors opened
07/11/2025,12,1904,Friday,Weekday,West,15648612.0,27300,07:35:00,27640,07:40:40,13,1842,Washington Ave & Quail St (01842),4,1,16,,,28417,07:53:37,,,28447,07:54:07,30,00:00:30,doors opened
07/11/2025,12,1904,Friday,Weekday,West,15648612.0,27300,07:35:00,27640,07:40:40,12,1837,Washington Ave & N. Lake Ave (01837),0,0,13,,,28392,07:53:12,,,28392,07:53:12,0,00:00:00,door not opened
07/11/2025,12,1904,Friday,Weekday,West,15648612.0,27300,07:35:00,27640,07:40:40,11,1843,Washington Ave & Robin St (01843),0,3,13,,,28343,07:52:23,,,28359,07:52:39,16,00:00:16,doors opened
07/11/2025,12,1904,Friday,Weekday,West,15648612.0,27300,07:35:00,27640,07:40:40,10,12943,Washington Ave & Lexington Ave (12943),1,1,16,,,28280,07:51:20,,,28315,07:51:55,35,00:00:35,doors opened
07/11/2025,12,1904,Friday,Weekday,West,15648612.0,27300,07:35:00,27640,07:40:40,9,12942,Washington Ave & Henry Johnson Blvd (12942),3,0,16,,,28204,07:50:04,,,28243,07:50:43,39,00:00:39,doors opened
07/11/2025,12,1904,Friday,Weekday,West,15648612.0,27300,07:35:00,27640,07:40:40,8,3239,Lark/Library Station - Washington Ave & Lark St (03239),1,0,13,27900.0,07:45:00,28124,07:48:44,27900.0,07:45:00,28144,07:49:04,20,00:00:20,doors opened
07/11/2025,12,1904,Friday,Weekday,West,15648612.0,27300,07:35:00,27640,07:40:40,7,3301,Washington Ave & S. Swan St (03301),0,2,12,,,28062,07:47:42,,,28089,07:48:09,27,00:00:27,doors opened
07/11/2025,12,1904,Friday,Weekday,West,15648612.0,27300,07:35:00,27640,07:40:40,6,3250,Hawk/Capitol Station - Washington Ave & Hawk St (03250),0,0,14,,,28043,07:47:23,,,28043,07:47:23,0,00:00:00,door not opened
07/11/2025,12,1904,Friday,Weekday,West,15648612.0,27300,07:35:00,27640,07:40:40,5,10087,State St & Eagle St (10087),1,0,14,,,27990,07:46:30,,,28005,07:46:45,15,00:00:15,doors opened
07/11/2025,12,1904,Friday,Weekday,West,15648612.0,27300,07:35:00,27640,07:40:40,4,2665,State/Downtown Station - State St & Lodge St (02665),4,0,13,27600.0,07:40:00,27917,07:45:17,27600.0,07:40:00,27956,07:45:56,39,00:00:39,doors opened
07/11/2025,12,1904,Friday,Weekday,West,15648612.0,27300,07:35:00,27640,07:40:40,3,3221,State Station - N. Pearl St & Ten Eyck Plaza (03221),3,0,9,,,27789,07:43:09,,,27888,07:44:48,99,00:01:39,doors opened
07/11/2025,12,1904,Friday,Weekday,West,15648612.0,27300,07:35:00,27640,07:40:40,2,3233,N. Pearl St & Sheridan Ave (03233),0,0,6,,,27740,07:42:20,,,27740,07:42:20,0,00:00:00,door not opened
07/11/2025,12,1904,Friday,Weekday,West,15648612.0,27300,07:35:00,27640,07:40:40,1,2168,Clinton Square Station - N. Pearl St & Clinton Ave (02168),4,0,6,,,27687,07:41:27,,,27727,07:42:07,40,00:00:40,doors opened
07/11/2025,12,1904,Friday,Weekday,West,15648612.0,27300,07:35:00,27640,07:40:40,0,9018,Broadway & Orange St (09018),1,0,2,27300.0,07:35:00,27640,07:40:40,27300.0,07:35:00,27640,07:40:40,0,00:00:00,doors opened
07/11/2025,12,1904,Friday,Weekday,East,15648616.0,35700,09:55:00,35912,09:58:32,24,3940,Broadway & Steuben St (03940),0,0,0,37740.0,10:29:00,37918,10:31:58,37740.0,10:29:00,37918,10:31:58,0,00:00:00,door not opened
07/11/2025,12,1904,Friday,Weekday,East,15648616.0,35700,09:55:00,35912,09:58:32,23,2509,State/Downtown Station - State St & S. Pearl St (02509),0,8,0,37560.0,10:26:00,37800,10:30:00,37560.0,10:26:00,37833,10:30:33,33,00:00:33,doors opened
07/11/2025,12,1904,Friday,Weekday,East,15648616.0,35700,09:55:00,35912,09:58:32,22,1787,State St & Eagle St (01787),0,0,8,,,37770,10:29:30,,,37770,10:29:30,0,00:00:00,door not opened
07/11/2025,12,1904,Friday,Weekday,East,15648616.0,35700,09:55:00,35912,09:58:32,21,2706,Hawk/Capitol Station - Washington Ave & Hawk St (02706),0,1,8,,,37709,10:28:29,,,37723,10:28:43,14,00:00:14,doors opened
07/11/2025,12,1904,Friday,Weekday,East,15648616.0,35700,09:55:00,35912,09:58:32,20,1789,Washington Ave & S. Swan St (01789),0,0,9,,,37676,10:27:56,,,37676,10:27:56,0,00:00:00,door not opened
07/11/2025,12,1904,Friday,Weekday,East,15648616.0,35700,09:55:00,35912,09:58:32,19,1788,Washington Ave & Dove St (01788),0,0,9,,,37603,10:26:43,,,37603,10:26:43,0,00:00:00,door not opened
07/11/2025,12,1904,Friday,Weekday,East,15648616.0,35700,09:55:00,35912,09:58:32,18,2663,Lark/Library Station - Washington Ave & Lark St (02663),5,1,9,37260.0,10:21:00,37467,10:24:27,37260.0,10:21:00,37553,10:25:53,86,00:01:26,doors opened
07/11/2025,12,1904,Friday,Weekday,East,15648616.0,35700,09:55:00,35912,09:58:32,17,263,Washington Ave & Henry Johnson Blvd (00263),0,0,5,,,37433,10:23:53,,,37433,10:23:53,0,00:00:00,door not opened
07/11/2025,12,1904,Friday,Weekday,East,15648616.0,35700,09:55:00,35912,09:58:32,16,2096,Washington Ave & Lexington Ave (02096),0,1,5,,,37291,10:21:31,,,37329,10:22:09,38,00:00:38,doors opened
07/11/2025,12,1904,Friday,Weekday,East,15648616.0,35700,09:55:00,35912,09:58:32,15,3253,Washington Ave & Robin St (Draper Hall) (03253),1,0,6,,,37242,10:20:42,,,37269,10:21:09,27,00:00:27,doors opened
07/11/2025,12,1904,Friday,Weekday,East,15648616.0,35700,09:55:00,35912,09:58:32,14,2109,Washington Ave & N. Lake Ave (02109),0,0,5,,,37216,10:20:16,,,37216,10:20:16,0,00:00:00,door not opened
07/11/2025,12,1904,Friday,Weekday,East,15648616.0,35700,09:55:00,35912,09:58:32,13,3255,Washington Ave & Quail St (03255),1,0,5,,,37139,10:18:59,,,37163,10:19:23,24,00:00:24,doors opened
07/11/2025,12,1904,Friday,Weekday,East,15648616.0,35700,09:55:00,35912,09:58:32,12,3256,Washington Ave & Ontario St (03256),0,0,4,36900.0,10:15:00,37119,10:18:39,36900.0,10:15:00,37119,10:18:39,0,00:00:00,door not opened
07/11/2025,12,1904,Friday,Weekday,East,15648616.0,35700,09:55:00,35912,09:58:32,11,2107,Washington Ave & Partridge St (02107),0,0,4,,,37093,10:18:13,,,37093,10:18:13,0,00:00:00,door not opened
07/11/2025,12,1904,Friday,Weekday,East,15648616.0,35700,09:55:00,35912,09:58:32,10,3257,Washington Ave & N. Main Ave (03257),0,0,4,,,37018,10:16:58,,,37018,10:16:58,0,00:00:00,door not opened
07/11/2025,12,1904,Friday,Weekday,East,15648616.0,35700,09:55:00,35912,09:58:32,9,1796,Washington Ave & N. Allen St (01796),1,0,4,36780.0,10:13:00,36940,10:15:40,36780.0,10:13:00,36955,10:15:55,15,00:00:15,doors opened
07/11/2025,12,1904,Friday,Weekday,East,15648616.0,35700,09:55:00,35912,09:58:32,8,11581,Washington Ave & Manning Blvd (11581),0,0,3,,,36904,10:15:04,,,36904,10:15:04,0,00:00:00,door not opened
07/11/2025,12,1904,Friday,Weekday,East,15648616.0,35700,09:55:00,35912,09:58:32,7,2180,Washington Ave & Homestead Ave (02180),0,2,3,,,36850,10:14:10,,,36866,10:14:26,16,00:00:16,doors opened
07/11/2025,12,1904,Friday,Weekday,East,15648616.0,35700,09:55:00,35912,09:58:32,6,2182,Washington Ave & Hawthorne St (02182),0,0,5,,,36822,10:13:42,,,36822,10:13:42,0,00:00:00,door not opened
07/11/2025,12,1904,Friday,Weekday,East,15648616.0,35700,09:55:00,35912,09:58:32,5,3304,Washington Ave & Clermont St (03304),0,0,5,,,36794,10:13:14,,,36794,10:13:14,0,00:00:00,door not opened
07/11/2025,12,1904,Friday,Weekday,East,15648616.0,35700,09:55:00,35912,09:58:32,4,3348,Washington Ave & Brevator St (03348),1,0,5,,,36738,10:12:18,,,36753,10:12:33,15,00:00:15,doors opened
07/11/2025,12,1904,Friday,Weekday,East,15648616.0,35700,09:55:00,35912,09:58:32,3,10134,Washington Ave & SUNY Exit Rd (10134),0,0,4,,,36628,10:10:28,,,36628,10:10:28,0,00:00:00,door not opened
07/11/2025,12,1904,Friday,Weekday,East,15648616.0,35700,09:55:00,35912,09:58:32,2,7216,SUNY Collins Circle (07216),0,0,4,36300.0,10:05:00,36504,10:08:24,36300.0,10:05:00,36504,10:08:24,0,00:00:00,door not opened
07/11/2025,12,1904,Friday,Weekday,East,15648616.0,35700,09:55:00,35912,09:58:32,1,12827,Crossgates Commons Station (12827),2,0,4,36000.0,10:00:00,36202,10:03:22,36000.0,10:00:00,36221,10:03:41,19,00:00:19,doors opened
07/11/2025,12,1904,Friday,Weekday,East,15648616.0,35700,09:55:00,35912,09:58:32,0,7175,Crossgates Mall Station (07175),2,0,2,35700.0,09:55:00,35912,09:58:32,35700.0,09:55:00,35912,09:58:32,0,00:00:00,doors opened
07/11/2025,12,3312,Friday,Weekday,West,15649672.0,19800,05:30:00,19944,05:32:24,27,7175,Crossgates Mall Station (07175),0,1,0,21840.0,06:04:00,21593,05:59:53,21840.0,06:04:00,21593,05:59:53,0,00:00:00,doors opened
07/11/2025,12,3312,Friday,Weekday,West,15649672.0,19800,05:30:00,19944,05:32:24,26,12828,Crossgates Commons Station (12828),0,7,1,21480.0,05:58:00,21388,05:56:28,21480.0,05:58:00,21405,05:56:45,17,00:00:17,doors opened
07/11/2025,12,3312,Friday,Weekday,West,15649672.0,19800,05:30:00,19944,05:32:24,25,12891,1475 Washington Ave (12891),1,0,8,,,21227,05:53:47,,,21235,05:53:55,8,00:00:08,doors opened
07/11/2025,12,3312,Friday,Weekday,West,15649672.0,19800,05:30:00,19944,05:32:24,24,7216,SUNY Collins Circle (07216),0,2,7,21120.0,05:52:00,21062,05:51:02,21120.0,05:52:00,21076,05:51:16,14,00:00:14,doors opened
07/11/2025,12,3312,Friday,Weekday,West,15649672.0,19800,05:30:00,19944,05:32:24,23,3262,1383 Washington Ave (Fairfield Inn) (03262),0,0,9,,,20970,05:49:30,,,20970,05:49:30,0,00:00:00,door not opened
07/11/2025,12,3312,Friday,Weekday,West,15649672.0,19800,05:30:00,19944,05:32:24,22,976,Washington Ave & Brevator St (00976),0,0,9,,,20869,05:47:49,,,20869,05:47:49,0,00:00:00,door not opened
07/11/2025,12,3312,Friday,Weekday,West,15649672.0,19800,05:30:00,19944,05:32:24,21,1959,Washington Ave & Colvin Ave (01959),1,0,9,,,20825,05:47:05,,,20848,05:47:28,23,00:00:23,doors opened
07/11/2025,12,3312,Friday,Weekday,West,15649672.0,19800,05:30:00,19944,05:32:24,20,3399,Washington Ave & Danker Ave (03399),0,0,8,,,20804,05:46:44,,,20804,05:46:44,0,00:00:00,door not opened
07/11/2025,12,3312,Friday,Weekday,West,15649672.0,19800,05:30:00,19944,05:32:24,19,1849,Washington Ave & Homestead Ave (01849),0,0,8,,,20784,05:46:24,,,20784,05:46:24,0,00:00:00,door not opened
07/11/2025,12,3312,Friday,Weekday,West,15649672.0,19800,05:30:00,19944,05:32:24,18,1846,Washington Ave & Manning Blvd (01846),0,0,8,,,20760,05:46:00,,,20760,05:46:00,0,00:00:00,door not opened
07/11/2025,12,3312,Friday,Weekday,West,15649672.0,19800,05:30:00,19944,05:32:24,17,3287,Washington Ave & N. Allen St (03287),2,0,8,20760.0,05:46:00,20670,05:44:30,20760.0,05:46:00,20690,05:44:50,20,00:00:20,doors opened
07/11/2025,12,3312,Friday,Weekday,West,15649672.0,19800,05:30:00,19944,05:32:24,16,3264,Washington Ave & N. Main Ave (03264),0,0,6,,,20643,05:44:03,,,20643,05:44:03,0,00:00:00,door not opened
07/11/2025,12,3312,Friday,Weekday,West,15649672.0,19800,05:30:00,19944,05:32:24,15,1839,Washington Ave & Partridge St (01839),0,0,6,,,20579,05:42:59,,,20579,05:42:59,0,00:00:00,door not opened
07/11/2025,12,3312,Friday,Weekday,West,15649672.0,19800,05:30:00,19944,05:32:24,14,1841,Washington Ave & Ontario St (01841),0,0,6,20520.0,05:42:00,20562,05:42:42,20520.0,05:42:00,20562,05:42:42,0,00:00:00,door not opened
07/11/2025,12,3312,Friday,Weekday,West,15649672.0,19800,05:30:00,19944,05:32:24,13,1842,Washington Ave & Quail St (01842),0,0,6,,,20544,05:42:24,,,20544,05:42:24,0,00:00:00,door not opened
07/11/2025,12,3312,Friday,Weekday,West,15649672.0,19800,05:30:00,19944,05:32:24,12,1837,Washington Ave & N. Lake Ave (01837),0,0,6,,,20479,05:41:19,,,20479,05:41:19,0,00:00:00,door not opened
07/11/2025,12,3312,Friday,Weekday,West,15649672.0,19800,05:30:00,19944,05:32:24,11,1843,Washington Ave & Robin St (01843),4,0,6,,,20432,05:40:32,,,20457,05:40:57,25,00:00:25,doors opened
07/11/2025,12,3312,Friday,Weekday,West,15649672.0,19800,05:30:00,19944,05:32:24,10,12943,Washington Ave & Lexington Ave (12943),0,0,2,,,20411,05:40:11,,,20411,05:40:11,0,00:00:00,door not opened
07/11/2025,12,3312,Friday,Weekday,West,15649672.0,19800,05:30:00,19944,05:32:24,9,12942,Washington Ave & Henry Johnson Blvd (12942),1,0,2,,,20345,05:39:05,,,20370,05:39:30,25,00:00:25,doors opened
07/11/2025,12,3312,Friday,Weekday,West,15649672.0,19800,05:30:00,19944,05:32:24,8,3239,Lark/Library Station - Washington Ave & Lark St (03239),0,0,1,20220.0,05:37:00,20277,05:37:57,20220.0,05:37:00,20302,05:38:22,25,00:00:25,doors opened
07/11/2025,12,3312,Friday,Weekday,West,15649672.0,19800,05:30:00,19944,05:32:24,7,3301,Washington Ave & S. Swan St (03301),0,0,1,,,20233,05:37:13,,,20233,05:37:13,0,00:00:00,door not opened
07/11/2025,12,3312,Friday,Weekday,West,15649672.0,19800,05:30:00,19944,05:32:24,6,3250,Hawk/Capitol Station - Washington Ave & Hawk St (03250),0,0,1,,,20209,05:36:49,,,20209,05:36:49,0,00:00:00,door not opened
07/11/2025,12,3312,Friday,Weekday,West,15649672.0,19800,05:30:00,19944,05:32:24,5,10087,State St & Eagle St (10087),0,0,1,,,20184,05:36:24,,,20184,05:36:24,0,00:00:00,door not opened
07/11/2025,12,3312,Friday,Weekday,West,15649672.0,19800,05:30:00,19944,05:32:24,4,2665,State/Downtown Station - State St & Lodge St (02665),1,0,1,19980.0,05:33:00,20048,05:34:08,19980.0,05:33:00,20067,05:34:27,19,00:00:19,doors opened
07/11/2025,12,3312,Friday,Weekday,West,15649672.0,19800,05:30:00,19944,05:32:24,3,3221,State Station - N. Pearl St & Ten Eyck Plaza (03221),0,0,0,,,19994,05:33:14,,,19994,05:33:14,0,00:00:00,door not opened
07/11/2025,12,3312,Friday,Weekday,West,15649672.0,19800,05:30:00,19944,05:32:24,2,3233,N. Pearl St & Sheridan Ave (03233),0,0,0,,,19962,05:32:42,,,19962,05:32:42,0,00:00:00,door not opened
07/11/2025,12,3312,Friday,Weekday,West,15649672.0,19800,05:30:00,19944,05:32:24,1,2168,Clinton Square Station - N. Pearl St & Clinton Ave (02168),0,0,0,,,19951,05:32:31,,,19951,05:32:31,0,00:00:00,door not opened
07/11/2025,12,3312,Friday,Weekday,West,15649672.0,19800,05:30:00,19944,05:32:24,0,9018,Broadway & Orange St (09018),0,0,0,19800.0,05:30:00,19944,05:32:24,19800.0,05:30:00,19944,05:32:24,0,00:00:00,door not opened
07/11/2025,12,4197,Friday,Weekday,East,15651794.0,53700,14:55:00,53918,14:58:38,24,3940,Broadway & Steuben St (03940),0,0,0,56040.0,15:34:00,56155,15:35:55,56040.0,15:34:00,56155,15:35:55,0,00:00:00,door not opened
07/11/2025,12,4197,Friday,Weekday,East,15651794.0,53700,14:55:00,53918,14:58:38,23,2509,State/Downtown Station - State St & S. Pearl St (02509),0,13,0,55860.0,15:31:00,56046,15:34:06,55860.0,15:31:00,56074,15:34:34,28,00:00:28,doors opened
07/11/2025,12,4197,Friday,Weekday,East,15651794.0,53700,14:55:00,53918,14:58:38,22,1787,State St & Eagle St (01787),0,0,13,,,56017,15:33:37,,,56017,15:33:37,0,00:00:00,door not opened
07/11/2025,12,4197,Friday,Weekday,East,15651794.0,53700,14:55:00,53918,14:58:38,21,2706,Hawk/Capitol Station - Washington Ave & Hawk St (02706),0,2,13,,,55924,15:32:04,,,55944,15:32:24,20,00:00:20,doors opened
07/11/2025,12,4197,Friday,Weekday,East,15651794.0,53700,14:55:00,53918,14:58:38,20,1789,Washington Ave & S. Swan St (01789),0,0,15,,,55900,15:31:40,,,55900,15:31:40,0,00:00:00,door not opened
07/11/2025,12,4197,Friday,Weekday,East,15651794.0,53700,14:55:00,53918,14:58:38,19,1788,Washington Ave & Dove St (01788),0,0,15,,,55876,15:31:16,,,55876,15:31:16,0,00:00:00,door not opened
07/11/2025,12,4197,Friday,Weekday,East,15651794.0,53700,14:55:00,53918,14:58:38,18,2663,Lark/Library Station - Washington Ave & Lark St (02663),0,3,15,55560.0,15:26:00,55832,15:30:32,55560.0,15:26:00,55851,15:30:51,19,00:00:19,doors opened
07/11/2025,12,4197,Friday,Weekday,East,15651794.0,53700,14:55:00,53918,14:58:38,17,263,Washington Ave & Henry Johnson Blvd (00263),0,0,18,,,55807,15:30:07,,,55807,15:30:07,0,00:00:00,door not opened
07/11/2025,12,4197,Friday,Weekday,East,15651794.0,53700,14:55:00,53918,14:58:38,16,2096,Washington Ave & Lexington Ave (02096),0,3,18,,,55714,15:28:34,,,55759,15:29:19,45,00:00:45,doors opened
07/11/2025,12,4197,Friday,Weekday,East,15651794.0,53700,14:55:00,53918,14:58:38,15,3253,Washington Ave & Robin St (Draper Hall) (03253),1,4,21,,,55622,15:27:02,,,55691,15:28:11,69,00:01:09,doors opened
07/11/2025,12,4197,Friday,Weekday,East,15651794.0,53700,14:55:00,53918,14:58:38,14,2109,Washington Ave & N. Lake Ave (02109),1,1,24,,,55582,15:26:22,,,55596,15:26:36,14,00:00:14,doors opened
07/11/2025,12,4197,Friday,Weekday,East,15651794.0,53700,14:55:00,53918,14:58:38,13,3255,Washington Ave & Quail St (03255),3,7,24,,,55495,15:24:55,,,55550,15:25:50,55,00:00:55,doors opened
07/11/2025,12,4197,Friday,Weekday,East,15651794.0,53700,14:55:00,53918,14:58:38,12,3256,Washington Ave & Ontario St (03256),0,1,28,55140.0,15:19:00,55444,15:24:04,55140.0,15:19:00,55471,15:24:31,27,00:00:27,doors opened
07/11/2025,12,4197,Friday,Weekday,East,15651794.0,53700,14:55:00,53918,14:58:38,11,2107,Washington Ave & Partridge St (02107),3,1,29,,,55370,15:22:50,,,55417,15:23:37,47,00:00:47,doors opened
07/11/2025,12,4197,Friday,Weekday,East,15651794.0,53700,14:55:00,53918,14:58:38,10,3257,Washington Ave & N. Main Ave (03257),0,0,27,,,55305,15:21:45,,,55305,15:21:45,0,00:00:00,door not opened
07/11/2025,12,4197,Friday,Weekday,East,15651794.0,53700,14:55:00,53918,14:58:38,9,1796,Washington Ave & N. Allen St (01796),0,3,27,54900.0,15:15:00,55214,15:20:14,54900.0,15:15:00,55234,15:20:34,20,00:00:20,doors opened
07/11/2025,12,4197,Friday,Weekday,East,15651794.0,53700,14:55:00,53918,14:58:38,8,11581,Washington Ave & Manning Blvd (11581),0,0,30,,,55183,15:19:43,,,55183,15:19:43,0,00:00:00,door not opened
07/11/2025,12,4197,Friday,Weekday,East,15651794.0,53700,14:55:00,53918,14:58:38,7,2180,Washington Ave & Homestead Ave (02180),0,0,30,,,55148,15:19:08,,,55148,15:19:08,0,00:00:00,door not opened
07/11/2025,12,4197,Friday,Weekday,East,15651794.0,53700,14:55:00,53918,14:58:38,6,2182,Washington Ave & Hawthorne St (02182),0,0,30,,,55120,15:18:40,,,55120,15:18:40,0,00:00:00,door not opened
07/11/2025,12,4197,Friday,Weekday,East,15651794.0,53700,14:55:00,53918,14:58:38,5,3304,Washington Ave & Clermont St (03304),0,0,30,,,55094,15:18:14,,,55094,15:18:14,0,00:00:00,door not opened
07/11/2025,12,4197,Friday,Weekday,East,15651794.0,53700,14:55:00,53918,14:58:38,4,3348,Washington Ave & Brevator St (03348),1,1,30,,,54981,15:16:21,,,55047,15:17:27,66,00:01:06,doors opened
07/11/2025,12,4197,Friday,Weekday,East,15651794.0,53700,14:55:00,53918,14:58:38,3,10134,Washington Ave & SUNY Exit Rd (10134),2,1,30,,,54798,15:13:18,,,54834,15:13:54,36,00:00:36,doors opened
07/11/2025,12,4197,Friday,Weekday,East,15651794.0,53700,14:55:00,53918,14:58:38,2,7216,SUNY Collins Circle (07216),2,1,29,54360.0,15:06:00,54670,15:11:10,54360.0,15:06:00,54691,15:11:31,21,00:00:21,doors opened
07/11/2025,12,4197,Friday,Weekday,East,15651794.0,53700,14:55:00,53918,14:58:38,1,12827,Crossgates Commons Station (12827),18,1,28,54060.0,15:01:00,54217,15:03:37,54060.0,15:01:00,54440,15:07:20,223,00:03:43,doors opened
07/11/2025,12,4197,Friday,Weekday,East,15651794.0,53700,14:55:00,53918,14:58:38,0,7175,Crossgates Mall Station (07175),9,0,11,53700.0,14:55:00,53918,14:58:38,53700.0,14:55:00,53918,14:58:38,0,00:00:00,doors opened
07/11/2025,12,4197,Friday,Weekday,West,15651796.0,56400,15:40:00,56458,15:40:58,7,3301,Washington Ave & S. Swan St (03301),3,1,14,,,56938,15:48:58,,,57003,15:50:03,65,00:01:05,doors opened
07/11/2025,12,4197,Friday,Weekday,West,15651796.0,56400,15:40:00,56458,15:40:58,6,3250,Hawk/Capitol Station - Washington Ave & Hawk St (03250),1,0,12,,,56864,15:47:44,,,56908,15:48:28,44,00:00:44,doors opened
07/11/2025,12,4197,Friday,Weekday,West,15651796.0,56400,15:40:00,56458,15:40:58,5,10087,State St & Eagle St (10087),0,0,11,,,56810,15:46:50,,,56810,15:46:50,0,00:00:00,door not opened
07/11/2025,12,4197,Friday,Weekday,West,15651796.0,56400,15:40:00,56458,15:40:58,4,2665,State/Downtown Station - State St & Lodge St (02665),6,0,11,56700.0,15:45:00,56714,15:45:14,56700.0,15:45:00,56776,15:46:16,62,00:01:02,doors opened
07/11/2025,12,4197,Friday,Weekday,West,15651796.0,56400,15:40:00,56458,15:40:58,3,3221,State Station - N. Pearl St & Ten Eyck Plaza (03221),3,0,5,,,56654,15:44:14,,,56673,15:44:33,19,00:00:19,doors opened
07/11/2025,12,4197,Friday,Weekday,West,15651796.0,56400,15:40:00,56458,15:40:58,2,3233,N. Pearl St & Sheridan Ave (03233),0,0,2,,,56619,15:43:39,,,56619,15:43:39,0,00:00:00,door not opened
07/11/2025,12,4197,Friday,Weekday,West,15651796.0,56400,15:40:00,56458,15:40:58,1,2168,Clinton Square Station - N. Pearl St & Clinton Ave (02168),1,0,2,,,56584,15:43:04,,,56602,15:43:22,18,00:00:18,doors opened
07/11/2025,12,4197,Friday,Weekday,West,15651796.0,56400,15:40:00,56458,15:40:58,0,9018,Broadway & Orange St (09018),1,0,1,56400.0,15:40:00,56458,15:40:58,56400.0,15:40:00,56458,15:40:58,0,00:00:00,doors opened
07/11/2025,12,4197,Friday,Weekday,West,15651796.0,56400,15:40:00,56458,15:40:58,26,7175,Crossgates Mall Station (07175),0,13,0,59040.0,16:24:00,59130,16:25:30,59040.0,16:24:00,59130,16:25:30,0,00:00:00,doors opened
07/11/2025,12,4197,Friday,Weekday,West,15651796.0,56400,15:40:00,56458,15:40:58,25,12828,Crossgates Commons Station (12828),0,16,13,58620.0,16:17:00,58885,16:21:25,58620.0,16:17:00,58916,16:21:56,31,00:00:31,doors opened
07/11/2025,12,4197,Friday,Weekday,West,15651796.0,56400,15:40:00,56458,15:40:58,24,12891,1475 Washington Ave (12891),0,0,29,,,58636,16:17:16,,,58636,16:17:16,0,00:00:00,door not opened
07/11/2025,12,4197,Friday,Weekday,West,15651796.0,56400,15:40:00,56458,15:40:58,23,7216,SUNY Collins Circle (07216),2,1,29,58260.0,16:11:00,58446,16:14:06,58260.0,16:11:00,58466,16:14:26,20,00:00:20,doors opened
07/11/2025,12,4197,Friday,Weekday,West,15651796.0,56400,15:40:00,56458,15:40:58,22,3262,1383 Washington Ave (Fairfield Inn) (03262),3,10,28,,,58294,16:11:34,,,58331,16:12:11,37,00:00:37,doors opened
07/11/2025,12,4197,Friday,Weekday,West,15651796.0,56400,15:40:00,56458,15:40:58,21,976,Washington Ave & Brevator St (00976),0,2,35,,,58138,16:08:58,,,58152,16:09:12,14,00:00:14,doors opened
07/11/2025,12,4197,Friday,Weekday,West,15651796.0,56400,15:40:00,56458,15:40:58,20,1959,Washington Ave & Colvin Ave (01959),2,1,37,,,58053,16:07:33,,,58108,16:08:28,55,00:00:55,doors opened
07/11/2025,12,4197,Friday,Weekday,West,15651796.0,56400,15:40:00,56458,15:40:58,19,3399,Washington Ave & Danker Ave (03399),0,0,36,,,58026,16:07:06,,,58026,16:07:06,0,00:00:00,door not opened
07/11/2025,12,4197,Friday,Weekday,West,15651796.0,56400,15:40:00,56458,15:40:58,18,1849,Washington Ave & Homestead Ave (01849),1,1,36,,,57979,16:06:19,,,58001,16:06:41,22,00:00:22,doors opened
07/11/2025,12,4197,Friday,Weekday,West,15651796.0,56400,15:40:00,56458,15:40:58,17,1846,Washington Ave & Manning Blvd (01846),1,0,36,,,57913,16:05:13,,,57954,16:05:54,41,00:00:41,doors opened
07/11/2025,12,4197,Friday,Weekday,West,15651796.0,56400,15:40:00,56458,15:40:58,16,3287,Washington Ave & N. Allen St (03287),1,2,35,57780.0,16:03:00,57857,16:04:17,57780.0,16:03:00,57877,16:04:37,20,00:00:20,doors opened
07/11/2025,12,4197,Friday,Weekday,West,15651796.0,56400,15:40:00,56458,15:40:58,15,3264,Washington Ave & N. Main Ave (03264),2,1,36,,,57786,16:03:06,,,57821,16:03:41,35,00:00:35,doors opened
07/11/2025,12,4197,Friday,Weekday,West,15651796.0,56400,15:40:00,56458,15:40:58,14,1839,Washington Ave & Partridge St (01839),0,0,35,,,57686,16:01:26,,,57686,16:01:26,0,00:00:00,door not opened
07/11/2025,12,4197,Friday,Weekday,West,15651796.0,56400,15:40:00,56458,15:40:58,13,1841,Washington Ave & Ontario St (01841),8,1,35,57480.0,15:58:00,57614,16:00:14,57480.0,15:58:00,57648,16:00:48,34,00:00:34,doors opened
07/11/2025,12,4197,Friday,Weekday,West,15651796.0,56400,15:40:00,56458,15:40:58,12,1837,Washington Ave & N. Lake Ave (01837),2,1,28,,,57471,15:57:51,,,57496,15:58:16,25,00:00:25,doors opened
07/11/2025,12,4197,Friday,Weekday,West,15651796.0,56400,15:40:00,56458,15:40:58,11,1843,Washington Ave & Robin St (01843),3,0,27,,,57397,15:56:37,,,57440,15:57:20,43,00:00:43,doors opened
07/11/2025,12,4197,Friday,Weekday,West,15651796.0,56400,15:40:00,56458,15:40:58,10,12943,Washington Ave & Lexington Ave (12943),3,0,24,,,57329,15:55:29,,,57364,15:56:04,35,00:00:35,doors opened
07/11/2025,12,4197,Friday,Weekday,West,15651796.0,56400,15:40:00,56458,15:40:58,9,12942,Washington Ave & Henry Johnson Blvd (12942),7,1,21,,,57232,15:53:52,,,57272,15:54:32,40,00:00:40,doors opened
07/11/2025,12,4197,Friday,Weekday,West,15651796.0,56400,15:40:00,56458,15:40:58,8,3239,Lark/Library Station - Washington Ave & Lark St (03239),1,0,15,57060.0,15:51:00,57066,15:51:06,57060.0,15:51:00,57150,15:52:30,84,00:01:24,doors opened
07/11/2025,12,4197,Friday,Weekday,East,15651902.0,59700,16:35:00,59855,16:37:35,24,3940,Broadway & Steuben St (03940),0,0,0,62040.0,17:14:00,62146,17:15:46,62040.0,17:14:00,62146,17:15:46,0,00:00:00,door not opened
07/11/2025,12,4197,Friday,Weekday,East,15651902.0,59700,16:35:00,59855,16:37:35,23,2509,State/Downtown Station - State St & S. Pearl St (02509),0,6,0,61860.0,17:11:00,62032,17:13:52,61860.0,17:11:00,62061,17:14:21,29,00:00:29,doors opened
07/11/2025,12,4197,Friday,Weekday,East,15651902.0,59700,16:35:00,59855,16:37:35,22,1787,State St & Eagle St (01787),0,0,6,,,62015,17:13:35,,,62015,17:13:35,0,00:00:00,door not opened
07/11/2025,12,4197,Friday,Weekday,East,15651902.0,59700,16:35:00,59855,16:37:35,21,2706,Hawk/Capitol Station - Washington Ave & Hawk St (02706),0,0,6,,,61935,17:12:15,,,61935,17:12:15,0,00:00:00,door not opened
07/11/2025,12,4197,Friday,Weekday,East,15651902.0,59700,16:35:00,59855,16:37:35,20,1789,Washington Ave & S. Swan St (01789),0,2,6,,,61826,17:10:26,,,61865,17:11:05,39,00:00:39,doors opened
07/11/2025,12,4197,Friday,Weekday,East,15651902.0,59700,16:35:00,59855,16:37:35,19,1788,Washington Ave & Dove St (01788),0,0,8,,,61800,17:10:00,,,61800,17:10:00,0,00:00:00,door not opened
07/11/2025,12,4197,Friday,Weekday,East,15651902.0,59700,16:35:00,59855,16:37:35,18,2663,Lark/Library Station - Washington Ave & Lark St (02663),0,0,8,61560.0,17:06:00,61770,17:09:30,61560.0,17:06:00,61770,17:09:30,0,00:00:00,door not opened
07/11/2025,12,4197,Friday,Weekday,East,15651902.0,59700,16:35:00,59855,16:37:35,17,263,Washington Ave & Henry Johnson Blvd (00263),1,0,8,,,61703,17:08:23,,,61719,17:08:39,16,00:00:16,doors opened
07/11/2025,12,4197,Friday,Weekday,East,15651902.0,59700,16:35:00,59855,16:37:35,16,2096,Washington Ave & Lexington Ave (02096),0,1,7,,,61609,17:06:49,,,61663,17:07:43,54,00:00:54,doors opened
07/11/2025,12,4197,Friday,Weekday,East,15651902.0,59700,16:35:00,59855,16:37:35,15,3253,Washington Ave & Robin St (Draper Hall) (03253),0,0,8,,,61591,17:06:31,,,61591,17:06:31,0,00:00:00,door not opened
07/11/2025,12,4197,Friday,Weekday,East,15651902.0,59700,16:35:00,59855,16:37:35,14,2109,Washington Ave & N. Lake Ave (02109),1,0,8,,,61522,17:05:22,,,61537,17:05:37,15,00:00:15,doors opened
07/11/2025,12,4197,Friday,Weekday,East,15651902.0,59700,16:35:00,59855,16:37:35,13,3255,Washington Ave & Quail St (03255),1,4,7,,,61455,17:04:15,,,61494,17:04:54,39,00:00:39,doors opened
07/11/2025,12,4197,Friday,Weekday,East,15651902.0,59700,16:35:00,59855,16:37:35,12,3256,Washington Ave & Ontario St (03256),1,4,10,61140.0,16:59:00,61413,17:03:33,61140.0,16:59:00,61430,17:03:50,17,00:00:17,doors opened
07/11/2025,12,4197,Friday,Weekday,East,15651902.0,59700,16:35:00,59855,16:37:35,11,2107,Washington Ave & Partridge St (02107),0,3,13,,,61335,17:02:15,,,61384,17:03:04,49,00:00:49,doors opened
07/11/2025,12,4197,Friday,Weekday,East,15651902.0,59700,16:35:00,59855,16:37:35,10,3257,Washington Ave & N. Main Ave (03257),0,3,16,,,61222,17:00:22,,,61245,17:00:45,23,00:00:23,doors opened
07/11/2025,12,4197,Friday,Weekday,East,15651902.0,59700,16:35:00,59855,16:37:35,9,1796,Washington Ave & N. Allen St (01796),1,1,19,60900.0,16:55:00,61166,16:59:26,60900.0,16:55:00,61190,16:59:50,24,00:00:24,doors opened
07/11/2025,12,4197,Friday,Weekday,East,15651902.0,59700,16:35:00,59855,16:37:35,8,11581,Washington Ave & Manning Blvd (11581),0,1,19,,,61121,16:58:41,,,61134,16:58:54,13,00:00:13,doors opened
07/11/2025,12,4197,Friday,Weekday,East,15651902.0,59700,16:35:00,59855,16:37:35,7,2180,Washington Ave & Homestead Ave (02180),0,0,20,,,61093,16:58:13,,,61093,16:58:13,0,00:00:00,door not opened
07/11/2025,12,4197,Friday,Weekday,East,15651902.0,59700,16:35:00,59855,16:37:35,6,2182,Washington Ave & Hawthorne St (02182),0,0,20,,,61063,16:57:43,,,61063,16:57:43,0,00:00:00,door not opened
07/11/2025,12,4197,Friday,Weekday,East,15651902.0,59700,16:35:00,59855,16:37:35,5,3304,Washington Ave & Clermont St (03304),0,0,20,,,61034,16:57:14,,,61034,16:57:14,0,00:00:00,door not opened
07/11/2025,12,4197,Friday,Weekday,East,15651902.0,59700,16:35:00,59855,16:37:35,4,3348,Washington Ave & Brevator St (03348),0,1,20,,,60985,16:56:25,,,60997,16:56:37,12,00:00:12,doors opened
07/11/2025,12,4197,Friday,Weekday,East,15651902.0,59700,16:35:00,59855,16:37:35,3,10134,Washington Ave & SUNY Exit Rd (10134),3,0,21,,,60824,16:53:44,,,60847,16:54:07,23,00:00:23,doors opened
07/11/2025,12,4197,Friday,Weekday,East,15651902.0,59700,16:35:00,59855,16:37:35,2,7216,SUNY Collins Circle (07216),1,5,18,60360.0,16:46:00,60661,16:51:01,60360.0,16:46:00,60688,16:51:28,27,00:00:27,doors opened
07/11/2025,12,4197,Friday,Weekday,East,15651902.0,59700,16:35:00,59855,16:37:35,1,12827,Crossgates Commons Station (12827),18,6,22,60060.0,16:41:00,60239,16:43:59,60060.0,16:41:00,60407,16:46:47,168,00:02:48,doors opened
07/11/2025,12,4197,Friday,Weekday,East,15651902.0,59700,16:35:00,59855,16:37:35,0,7175,Crossgates Mall Station (07175),10,0,10,59700.0,16:35:00,59855,16:37:35,59700.0,16:35:00,59855,16:37:35,0,00:00:00,doors opened
07/11/2025,12,4197,Friday,Weekday,East,15651906.0,65700,18:15:00,65866,18:17:46,24,3940,Broadway & Steuben St (03940),0,0,0,67800.0,18:50:00,68148,18:55:48,67800.0,18:50:00,68148,18:55:48,0,00:00:00,door not opened
07/11/2025,12,4197,Friday,Weekday,East,15651906.0,65700,18:15:00,65866,18:17:46,23,2509,State/Downtown Station - State St & S. Pearl St (02509),0,8,0,67620.0,18:47:00,68027,18:53:47,67620.0,18:47:00,68055,18:54:15,28,00:00:28,doors opened
07/11/2025,12,4197,Friday,Weekday,East,15651906.0,65700,18:15:00,65866,18:17:46,22,1787,State St & Eagle St (01787),0,0,8,,,68010,18:53:30,,,68010,18:53:30,0,00:00:00,door not opened
07/11/2025,12,4197,Friday,Weekday,East,15651906.0,65700,18:15:00,65866,18:17:46,21,2706,Hawk/Capitol Station - Washington Ave & Hawk St (02706),0,0,8,,,67930,18:52:10,,,67930,18:52:10,0,00:00:00,door not opened
07/11/2025,12,4197,Friday,Weekday,East,15651906.0,65700,18:15:00,65866,18:17:46,20,1789,Washington Ave & S. Swan St (01789),0,0,8,,,67870,18:51:10,,,67906,18:51:46,36,00:00:36,doors opened
07/11/2025,12,4197,Friday,Weekday,East,15651906.0,65700,18:15:00,65866,18:17:46,19,1788,Washington Ave & Dove St (01788),0,0,8,,,67844,18:50:44,,,67844,18:50:44,0,00:00:00,door not opened
07/11/2025,12,4197,Friday,Weekday,East,15651906.0,65700,18:15:00,65866,18:17:46,18,2663,Lark/Library Station - Washington Ave & Lark St (02663),1,3,8,67320.0,18:42:00,67766,18:49:26,67320.0,18:42:00,67788,18:49:48,22,00:00:22,doors opened
07/11/2025,12,4197,Friday,Weekday,East,15651906.0,65700,18:15:00,65866,18:17:46,17,263,Washington Ave & Henry Johnson Blvd (00263),0,3,10,,,67699,18:48:19,,,67717,18:48:37,18,00:00:18,doors opened
07/11/2025,12,4197,Friday,Weekday,East,15651906.0,65700,18:15:00,65866,18:17:46,3,10134,Washington Ave & SUNY Exit Rd (10134),0,0,25,,,66786,18:33:06,,,66802,18:33:22,16,00:00:16,doors opened
07/11/2025,12,4197,Friday,Weekday,East,15651906.0,65700,18:15:00,65866,18:17:46,2,7216,SUNY Collins Circle (07216),5,0,25,66300.0,18:25:00,66605,18:30:05,66300.0,18:25:00,66638,18:30:38,33,00:00:33,doors opened
07/11/2025,12,4197,Friday,Weekday,East,15651906.0,65700,18:15:00,65866,18:17:46,1,12827,Crossgates Commons Station (12827),14,0,20,66000.0,18:20:00,66185,18:23:05,66000.0,18:20:00,66326,18:25:26,141,00:02:21,doors opened
07/11/2025,12,4197,Friday,Weekday,East,15651906.0,65700,18:15:00,65866,18:17:46,0,7175,Crossgates Mall Station (07175),6,0,6,65700.0,18:15:00,65866,18:17:46,65700.0,18:15:00,65866,18:17:46,0,00:00:00,doors opened
07/11/2025,12,4197,Friday,Weekday,East,15651906.0,65700,18:15:00,65866,18:17:46,16,2096,Washington Ave & Lexington Ave (02096),2,0,13,,,67607,18:46:47,,,67666,18:47:46,59,00:00:59,doors opened
07/11/2025,12,4197,Friday,Weekday,East,15651906.0,65700,18:15:00,65866,18:17:46,15,3253,Washington Ave & Robin St (Draper Hall) (03253),0,5,11,,,67548,18:45:48,,,67586,18:46:26,38,00:00:38,doors opened
07/11/2025,12,4197,Friday,Weekday,East,15651906.0,65700,18:15:00,65866,18:17:46,14,2109,Washington Ave & N. Lake Ave (02109),0,0,16,,,67524,18:45:24,,,67524,18:45:24,0,00:00:00,door not opened
07/11/2025,12,4197,Friday,Weekday,East,15651906.0,65700,18:15:00,65866,18:17:46,13,3255,Washington Ave & Quail St (03255),0,4,16,,,67445,18:44:05,,,67491,18:44:51,46,00:00:46,doors opened
07/11/2025,12,4197,Friday,Weekday,East,15651906.0,65700,18:15:00,65866,18:17:46,12,3256,Washington Ave & Ontario St (03256),0,3,20,66960.0,18:36:00,67380,18:43:00,66960.0,18:36:00,67418,18:43:38,38,00:00:38,doors opened
07/11/2025,12,4197,Friday,Weekday,East,15651906.0,65700,18:15:00,65866,18:17:46,11,2107,Washington Ave & Partridge St (02107),0,0,23,,,67354,18:42:34,,,67354,18:42:34,0,00:00:00,door not opened
07/11/2025,12,4197,Friday,Weekday,East,15651906.0,65700,18:15:00,65866,18:17:46,10,3257,Washington Ave & N. Main Ave (03257),0,1,23,,,67270,18:41:10,,,67306,18:41:46,36,00:00:36,doors opened
07/11/2025,12,4197,Friday,Weekday,East,15651906.0,65700,18:15:00,65866,18:17:46,9,1796,Washington Ave & N. Allen St (01796),5,5,24,66780.0,18:33:00,67158,18:39:18,66780.0,18:33:00,67237,18:40:37,79,00:01:19,doors opened
07/11/2025,12,4197,Friday,Weekday,East,15651906.0,65700,18:15:00,65866,18:17:46,8,11581,Washington Ave & Manning Blvd (11581),3,0,24,,,67066,18:37:46,,,67125,18:38:45,59,00:00:59,doors opened
07/11/2025,12,4197,Friday,Weekday,East,15651906.0,65700,18:15:00,65866,18:17:46,7,2180,Washington Ave & Homestead Ave (02180),0,3,21,,,67028,18:37:08,,,67041,18:37:21,13,00:00:13,doors opened
07/11/2025,12,4197,Friday,Weekday,East,15651906.0,65700,18:15:00,65866,18:17:46,6,2182,Washington Ave & Hawthorne St (02182),0,1,24,,,66983,18:36:23,,,66997,18:36:37,14,00:00:14,doors opened
07/11/2025,12,4197,Friday,Weekday,East,15651906.0,65700,18:15:00,65866,18:17:46,5,3304,Washington Ave & Clermont St (03304),0,0,25,,,66964,18:36:04,,,66964,18:36:04,0,00:00:00,door not opened
07/11/2025,12,4197,Friday,Weekday,East,15651906.0,65700,18:15:00,65866,18:17:46,4,3348,Washington Ave & Brevator St (03348),0,0,25,,,66929,18:35:29,,,66929,18:35:29,0,00:00:00,door not opened
07/11/2025,12,4197,Friday,Weekday,East,15651912.0,71700,19:55:00,71962,19:59:22,24,3940,Broadway & Steuben St (03940),0,0,0,73740.0,20:29:00,73912,20:31:52,73740.0,20:29:00,73912,20:31:52,0,00:00:00,door not opened
07/11/2025,12,4197,Friday,Weekday,East,15651912.0,71700,19:55:00,71962,19:59:22,23,2509,State/Downtown Station - State St & S. Pearl St (02509),0,9,0,73560.0,20:26:00,73774,20:29:34,73560.0,20:26:00,73824,20:30:24,50,00:00:50,doors opened
07/11/2025,12,4197,Friday,Weekday,East,15651912.0,71700,19:55:00,71962,19:59:22,22,1787,State St & Eagle St (01787),0,0,9,,,73753,20:29:13,,,73753,20:29:13,0,00:00:00,door not opened
07/11/2025,12,4197,Friday,Weekday,East,15651912.0,71700,19:55:00,71962,19:59:22,21,2706,Hawk/Capitol Station - Washington Ave & Hawk St (02706),0,0,9,,,73715,20:28:35,,,73715,20:28:35,0,00:00:00,door not opened
07/11/2025,12,4197,Friday,Weekday,East,15651912.0,71700,19:55:00,71962,19:59:22,20,1789,Washington Ave & S. Swan St (01789),0,0,9,,,73701,20:28:21,,,73701,20:28:21,0,00:00:00,door not opened
07/11/2025,12,4197,Friday,Weekday,East,15651912.0,71700,19:55:00,71962,19:59:22,19,1788,Washington Ave & Dove St (01788),0,0,9,,,73675,20:27:55,,,73675,20:27:55,0,00:00:00,door not opened
07/11/2025,12,4197,Friday,Weekday,East,15651912.0,71700,19:55:00,71962,19:59:22,18,2663,Lark/Library Station - Washington Ave & Lark St (02663),1,2,9,73320.0,20:22:00,73627,20:27:07,73320.0,20:22:00,73649,20:27:29,22,00:00:22,doors opened
07/11/2025,12,4197,Friday,Weekday,East,15651912.0,71700,19:55:00,71962,19:59:22,17,263,Washington Ave & Henry Johnson Blvd (00263),0,0,10,,,73550,20:25:50,,,73550,20:25:50,0,00:00:00,door not opened
07/11/2025,12,4197,Friday,Weekday,East,15651912.0,71700,19:55:00,71962,19:59:22,16,2096,Washington Ave & Lexington Ave (02096),0,0,10,,,73467,20:24:27,,,73467,20:24:27,0,00:00:00,door not opened
07/11/2025,12,4197,Friday,Weekday,East,15651912.0,71700,19:55:00,71962,19:59:22,15,3253,Washington Ave & Robin St (Draper Hall) (03253),0,0,10,,,73434,20:23:54,,,73434,20:23:54,0,00:00:00,door not opened
07/11/2025,12,4197,Friday,Weekday,East,15651912.0,71700,19:55:00,71962,19:59:22,14,2109,Washington Ave & N. Lake Ave (02109),0,3,10,,,73371,20:22:51,,,73400,20:23:20,29,00:00:29,doors opened
07/11/2025,12,4197,Friday,Weekday,East,15651912.0,71700,19:55:00,71962,19:59:22,13,3255,Washington Ave & Quail St (03255),0,4,13,,,73315,20:21:55,,,73341,20:22:21,26,00:00:26,doors opened
07/11/2025,12,4197,Friday,Weekday,East,15651912.0,71700,19:55:00,71962,19:59:22,12,3256,Washington Ave & Ontario St (03256),0,3,17,72960.0,20:16:00,73274,20:21:14,72960.0,20:16:00,73290,20:21:30,16,00:00:16,doors opened
07/11/2025,12,4197,Friday,Weekday,East,15651912.0,71700,19:55:00,71962,19:59:22,11,2107,Washington Ave & Partridge St (02107),0,0,20,,,73252,20:20:52,,,73252,20:20:52,0,00:00:00,door not opened
07/11/2025,12,4197,Friday,Weekday,East,15651912.0,71700,19:55:00,71962,19:59:22,10,3257,Washington Ave & N. Main Ave (03257),1,1,20,,,73159,20:19:19,,,73196,20:19:56,37,00:00:37,doors opened
07/11/2025,12,4197,Friday,Weekday,East,15651912.0,71700,19:55:00,71962,19:59:22,9,1796,Washington Ave & N. Allen St (01796),0,1,20,72780.0,20:13:00,73108,20:18:28,72780.0,20:13:00,73126,20:18:46,18,00:00:18,doors opened
07/11/2025,12,4197,Friday,Weekday,East,15651912.0,71700,19:55:00,71962,19:59:22,8,11581,Washington Ave & Manning Blvd (11581),0,0,21,,,73079,20:17:59,,,73079,20:17:59,0,00:00:00,door not opened
07/11/2025,12,4197,Friday,Weekday,East,15651912.0,71700,19:55:00,71962,19:59:22,7,2180,Washington Ave & Homestead Ave (02180),1,2,21,,,72997,20:16:37,,,73056,20:17:36,59,00:00:59,doors opened
07/11/2025,12,4197,Friday,Weekday,East,15651912.0,71700,19:55:00,71962,19:59:22,6,2182,Washington Ave & Hawthorne St (02182),0,0,22,,,72971,20:16:11,,,72971,20:16:11,0,00:00:00,door not opened
07/11/2025,12,4197,Friday,Weekday,East,15651912.0,71700,19:55:00,71962,19:59:22,5,3304,Washington Ave & Clermont St (03304),0,0,22,,,72954,20:15:54,,,72954,20:15:54,0,00:00:00,door not opened
07/11/2025,12,4197,Friday,Weekday,East,15651912.0,71700,19:55:00,71962,19:59:22,4,3348,Washington Ave & Brevator St (03348),0,0,22,,,72901,20:15:01,,,72901,20:15:01,0,00:00:00,door not opened
07/11/2025,12,4197,Friday,Weekday,East,15651912.0,71700,19:55:00,71962,19:59:22,3,10134,Washington Ave & SUNY Exit Rd (10134),3,2,22,,,72750,20:12:30,,,72776,20:12:56,26,00:00:26,doors opened
07/11/2025,12,4197,Friday,Weekday,East,15651912.0,71700,19:55:00,71962,19:59:22,2,7216,SUNY Collins Circle (07216),3,1,21,72300.0,20:05:00,72555,20:09:15,72300.0,20:05:00,72596,20:09:56,41,00:00:41,doors opened
07/11/2025,12,4197,Friday,Weekday,East,15651912.0,71700,19:55:00,71962,19:59:22,1,12827,Crossgates Commons Station (12827),11,0,19,72000.0,20:00:00,72143,20:02:23,72000.0,20:00:00,72263,20:04:23,120,00:02:00,doors opened
07/11/2025,12,4197,Friday,Weekday,East,15651912.0,71700,19:55:00,71962,19:59:22,0,7175,Crossgates Mall Station (07175),0,0,8,71700.0,19:55:00,71962,19:59:22,71700.0,19:55:00,71962,19:59:22,0,00:00:00,door not opened
07/11/2025,12,4197,Friday,Weekday,East,15651916.0,77100,21:25:00,77197,21:26:37,23,2509,State/Downtown Station - State St & S. Pearl St (02509),0,2,0,78960.0,21:56:00,79126,21:58:46,78960.0,21:56:00,79139,21:58:59,13,00:00:13,doors opened
07/11/2025,12,4197,Friday,Weekday,East,15651916.0,77100,21:25:00,77197,21:26:37,22,1787,State St & Eagle St (01787),0,0,2,,,79105,21:58:25,,,79105,21:58:25,0,00:00:00,door not opened
07/11/2025,12,4197,Friday,Weekday,East,15651916.0,77100,21:25:00,77197,21:26:37,21,2706,Hawk/Capitol Station - Washington Ave & Hawk St (02706),0,0,2,,,79068,21:57:48,,,79068,21:57:48,0,00:00:00,door not opened
07/11/2025,12,4197,Friday,Weekday,East,15651916.0,77100,21:25:00,77197,21:26:37,20,1789,Washington Ave & S. Swan St (01789),0,0,2,,,79053,21:57:33,,,79053,21:57:33,0,00:00:00,door not opened
07/11/2025,12,4197,Friday,Weekday,East,15651916.0,77100,21:25:00,77197,21:26:37,19,1788,Washington Ave & Dove St (01788),0,0,2,,,79002,21:56:42,,,79002,21:56:42,0,00:00:00,door not opened
07/11/2025,12,4197,Friday,Weekday,East,15651916.0,77100,21:25:00,77197,21:26:37,18,2663,Lark/Library Station - Washington Ave & Lark St (02663),1,1,2,78720.0,21:52:00,78900,21:55:00,78720.0,21:52:00,78953,21:55:53,53,00:00:53,doors opened
07/11/2025,12,4197,Friday,Weekday,East,15651916.0,77100,21:25:00,77197,21:26:37,17,263,Washington Ave & Henry Johnson Blvd (00263),0,0,2,,,78877,21:54:37,,,78877,21:54:37,0,00:00:00,door not opened
07/11/2025,12,4197,Friday,Weekday,East,15651916.0,77100,21:25:00,77197,21:26:37,16,2096,Washington Ave & Lexington Ave (02096),0,0,2,,,78754,21:52:34,,,78754,21:52:34,0,00:00:00,door not opened
07/11/2025,12,4197,Friday,Weekday,East,15651916.0,77100,21:25:00,77197,21:26:37,15,3253,Washington Ave & Robin St (Draper Hall) (03253),0,5,2,,,78706,21:51:46,,,78732,21:52:12,26,00:00:26,doors opened
07/11/2025,12,4197,Friday,Weekday,East,15651916.0,77100,21:25:00,77197,21:26:37,14,2109,Washington Ave & N. Lake Ave (02109),0,2,7,,,78662,21:51:02,,,78677,21:51:17,15,00:00:15,doors opened
07/11/2025,12,4197,Friday,Weekday,East,15651916.0,77100,21:25:00,77197,21:26:37,13,3255,Washington Ave & Quail St (03255),1,3,9,,,78593,21:49:53,,,78632,21:50:32,39,00:00:39,doors opened
07/11/2025,12,4197,Friday,Weekday,East,15651916.0,77100,21:25:00,77197,21:26:37,12,3256,Washington Ave & Ontario St (03256),0,1,11,78360.0,21:46:00,78553,21:49:13,78360.0,21:46:00,78568,21:49:28,15,00:00:15,doors opened
07/11/2025,12,4197,Friday,Weekday,East,15651916.0,77100,21:25:00,77197,21:26:37,11,2107,Washington Ave & Partridge St (02107),0,2,12,,,78496,21:48:16,,,78527,21:48:47,31,00:00:31,doors opened
07/11/2025,12,4197,Friday,Weekday,East,15651916.0,77100,21:25:00,77197,21:26:37,8,11581,Washington Ave & Manning Blvd (11581),0,0,16,,,78294,21:44:54,,,78294,21:44:54,0,00:00:00,door not opened
07/11/2025,12,4197,Friday,Weekday,East,15651916.0,77100,21:25:00,77197,21:26:37,7,2180,Washington Ave & Homestead Ave (02180),0,0,16,,,78265,21:44:25,,,78265,21:44:25,0,00:00:00,door not opened
07/11/2025,12,4197,Friday,Weekday,East,15651916.0,77100,21:25:00,77197,21:26:37,6,2182,Washington Ave & Hawthorne St (02182),0,0,16,,,78226,21:43:46,,,78226,21:43:46,0,00:00:00,door not opened
07/11/2025,12,4197,Friday,Weekday,East,15651916.0,77100,21:25:00,77197,21:26:37,5,3304,Washington Ave & Clermont St (03304),0,0,16,,,78208,21:43:28,,,78208,21:43:28,0,00:00:00,door not opened
07/11/2025,12,4197,Friday,Weekday,East,15651916.0,77100,21:25:00,77197,21:26:37,4,3348,Washington Ave & Brevator St (03348),0,0,16,,,78179,21:42:59,,,78179,21:42:59,0,00:00:00,door not opened
07/11/2025,12,4197,Friday,Weekday,East,15651916.0,77100,21:25:00,77197,21:26:37,3,10134,Washington Ave & SUNY Exit Rd (10134),1,1,16,,,78015,21:40:15,,,78036,21:40:36,21,00:00:21,doors opened
07/11/2025,12,4197,Friday,Weekday,East,15651916.0,77100,21:25:00,77197,21:26:37,2,7216,SUNY Collins Circle (07216),0,2,16,77700.0,21:35:00,77831,21:37:11,77700.0,21:35:00,77848,21:37:28,17,00:00:17,doors opened
07/11/2025,12,4197,Friday,Weekday,East,15651916.0,77100,21:25:00,77197,21:26:37,1,12827,Crossgates Commons Station (12827),3,2,18,77400.0,21:30:00,77531,21:32:11,77400.0,21:30:00,77553,21:32:33,22,00:00:22,doors opened
07/11/2025,12,4197,Friday,Weekday,East,15651916.0,77100,21:25:00,77197,21:26:37,0,7175,Crossgates Mall Station (07175),17,0,17,77100.0,21:25:00,77197,21:26:37,77100.0,21:25:00,77197,21:26:37,0,00:00:00,doors opened
07/11/2025,12,4197,Friday,Weekday,East,15651916.0,77100,21:25:00,77197,21:26:37,10,3257,Washington Ave & N. Main Ave (03257),1,2,14,,,78382,21:46:22,,,78413,21:46:53,31,00:00:31,doors opened
07/11/2025,12,4197,Friday,Weekday,East,15651916.0,77100,21:25:00,77197,21:26:37,9,1796,Washington Ave & N. Allen St (01796),0,1,15,78180.0,21:43:00,78328,21:45:28,78180.0,21:43:00,78344,21:45:44,16,00:00:16,doors opened
07/11/2025,12,4197,Friday,Weekday,East,15651916.0,77100,21:25:00,77197,21:26:37,24,3940,Broadway & Steuben St (03940),0,0,0,79080.0,21:58:00,79210,22:00:10,79080.0,21:58:00,79210,22:00:10,0,00:00:00,door not opened
07/11/2025,12,4203,Friday,Weekday,East,15648682.0,51300,14:15:00,51320,14:15:20,24,3940,Broadway & Steuben St (03940),0,1,0,53520.0,14:52:00,53677,14:54:37,53520.0,14:52:00,53677,14:54:37,0,00:00:00,doors opened
07/11/2025,12,4203,Friday,Weekday,East,15648682.0,51300,14:15:00,51320,14:15:20,23,2509,State/Downtown Station - State St & S. Pearl St (02509),0,3,1,53340.0,14:49:00,53582,14:53:02,53340.0,14:49:00,53611,14:53:31,29,00:00:29,doors opened
07/11/2025,12,4203,Friday,Weekday,East,15648682.0,51300,14:15:00,51320,14:15:20,22,1787,State St & Eagle St (01787),0,1,4,,,53533,14:52:13,,,53551,14:52:31,18,00:00:18,doors opened
07/11/2025,12,4203,Friday,Weekday,East,15648682.0,51300,14:15:00,51320,14:15:20,21,2706,Hawk/Capitol Station - Washington Ave & Hawk St (02706),0,2,5,,,53369,14:49:29,,,53403,14:50:03,34,00:00:34,doors opened
07/11/2025,12,4203,Friday,Weekday,East,15648682.0,51300,14:15:00,51320,14:15:20,20,1789,Washington Ave & S. Swan St (01789),0,0,7,,,53340,14:49:00,,,53340,14:49:00,0,00:00:00,door not opened
07/11/2025,12,4203,Friday,Weekday,East,15648682.0,51300,14:15:00,51320,14:15:20,19,1788,Washington Ave & Dove St (01788),0,0,7,,,53281,14:48:01,,,53281,14:48:01,0,00:00:00,door not opened
07/11/2025,12,4203,Friday,Weekday,East,15648682.0,51300,14:15:00,51320,14:15:20,18,2663,Lark/Library Station - Washington Ave & Lark St (02663),2,1,7,53040.0,14:44:00,53197,14:46:37,53040.0,14:44:00,53249,14:47:29,52,00:00:52,doors opened
07/11/2025,12,4203,Friday,Weekday,East,15648682.0,51300,14:15:00,51320,14:15:20,17,263,Washington Ave & Henry Johnson Blvd (00263),0,2,6,,,53106,14:45:06,,,53141,14:45:41,35,00:00:35,doors opened
07/11/2025,12,4203,Friday,Weekday,East,15648682.0,51300,14:15:00,51320,14:15:20,16,2096,Washington Ave & Lexington Ave (02096),0,0,8,,,52989,14:43:09,,,52989,14:43:09,0,00:00:00,door not opened
07/11/2025,12,4203,Friday,Weekday,East,15648682.0,51300,14:15:00,51320,14:15:20,15,3253,Washington Ave & Robin St (Draper Hall) (03253),0,0,8,,,52968,14:42:48,,,52968,14:42:48,0,00:00:00,door not opened
07/11/2025,12,4203,Friday,Weekday,East,15648682.0,51300,14:15:00,51320,14:15:20,14,2109,Washington Ave & N. Lake Ave (02109),3,2,8,,,52884,14:41:24,,,52927,14:42:07,43,00:00:43,doors opened
07/11/2025,12,4203,Friday,Weekday,East,15648682.0,51300,14:15:00,51320,14:15:20,13,3255,Washington Ave & Quail St (03255),0,1,7,,,52795,14:39:55,,,52824,14:40:24,29,00:00:29,doors opened
07/11/2025,12,4203,Friday,Weekday,East,15648682.0,51300,14:15:00,51320,14:15:20,12,3256,Washington Ave & Ontario St (03256),0,0,8,52620.0,14:37:00,52775,14:39:35,52620.0,14:37:00,52775,14:39:35,0,00:00:00,door not opened
07/11/2025,12,4203,Friday,Weekday,East,15648682.0,51300,14:15:00,51320,14:15:20,11,2107,Washington Ave & Partridge St (02107),0,0,8,,,52741,14:39:01,,,52741,14:39:01,0,00:00:00,door not opened
07/11/2025,12,4203,Friday,Weekday,East,15648682.0,51300,14:15:00,51320,14:15:20,10,3257,Washington Ave & N. Main Ave (03257),0,0,8,,,52620,14:37:00,,,52620,14:37:00,0,00:00:00,door not opened
07/11/2025,12,4203,Friday,Weekday,East,15648682.0,51300,14:15:00,51320,14:15:20,9,1796,Washington Ave & N. Allen St (01796),0,0,8,52440.0,14:34:00,52545,14:35:45,52440.0,14:34:00,52545,14:35:45,0,00:00:00,door not opened
07/11/2025,12,4203,Friday,Weekday,East,15648682.0,51300,14:15:00,51320,14:15:20,8,11581,Washington Ave & Manning Blvd (11581),1,0,8,,,52439,14:33:59,,,52496,14:34:56,57,00:00:57,doors opened
07/11/2025,12,4203,Friday,Weekday,East,15648682.0,51300,14:15:00,51320,14:15:20,7,2180,Washington Ave & Homestead Ave (02180),1,0,7,,,52371,14:32:51,,,52407,14:33:27,36,00:00:36,doors opened
07/11/2025,12,4203,Friday,Weekday,East,15648682.0,51300,14:15:00,51320,14:15:20,6,2182,Washington Ave & Hawthorne St (02182),0,0,6,,,52344,14:32:24,,,52344,14:32:24,0,00:00:00,door not opened
07/11/2025,12,4203,Friday,Weekday,East,15648682.0,51300,14:15:00,51320,14:15:20,5,3304,Washington Ave & Clermont St (03304),0,0,6,,,52318,14:31:58,,,52318,14:31:58,0,00:00:00,door not opened
07/11/2025,12,4203,Friday,Weekday,East,15648682.0,51300,14:15:00,51320,14:15:20,4,3348,Washington Ave & Brevator St (03348),0,1,6,,,52272,14:31:12,,,52288,14:31:28,16,00:00:16,doors opened
07/11/2025,12,4203,Friday,Weekday,East,15648682.0,51300,14:15:00,51320,14:15:20,3,10134,Washington Ave & SUNY Exit Rd (10134),3,1,7,,,52086,14:28:06,,,52120,14:28:40,34,00:00:34,doors opened
07/11/2025,12,4203,Friday,Weekday,East,15648682.0,51300,14:15:00,51320,14:15:20,2,7216,SUNY Collins Circle (07216),0,0,5,51960.0,14:26:00,51985,14:26:25,51960.0,14:26:00,51985,14:26:25,0,00:00:00,door not opened
07/11/2025,12,4203,Friday,Weekday,East,15648682.0,51300,14:15:00,51320,14:15:20,1,12827,Crossgates Commons Station (12827),6,2,5,51660.0,14:21:00,51583,14:19:43,51660.0,14:21:00,51670,14:21:10,87,00:01:27,doors opened
07/11/2025,12,4203,Friday,Weekday,East,15648682.0,51300,14:15:00,51320,14:15:20,0,7175,Crossgates Mall Station (07175),1,0,1,51300.0,14:15:00,51320,14:15:20,51300.0,14:15:00,51320,14:15:20,0,00:00:00,doors opened
07/11/2025,12,4227,Friday,Weekday,East,15651571.0,68100,18:55:00,68139,18:55:39,24,3940,Broadway & Steuben St (03940),0,0,0,70200.0,19:30:00,70108,19:28:28,70200.0,19:30:00,70108,19:28:28,0,00:00:00,door not opened
07/11/2025,12,4227,Friday,Weekday,East,15651571.0,68100,18:55:00,68139,18:55:39,23,2509,State/Downtown Station - State St & S. Pearl St (02509),0,6,0,70020.0,19:27:00,69975,19:26:15,70020.0,19:27:00,70035,19:27:15,60,00:01:00,doors opened
07/11/2025,12,4227,Friday,Weekday,East,15651571.0,68100,18:55:00,68139,18:55:39,22,1787,State St & Eagle St (01787),0,0,6,,,69960,19:26:00,,,69960,19:26:00,0,00:00:00,door not opened
07/11/2025,12,4227,Friday,Weekday,East,15651571.0,68100,18:55:00,68139,18:55:39,21,2706,Hawk/Capitol Station - Washington Ave & Hawk St (02706),0,0,6,,,69858,19:24:18,,,69858,19:24:18,0,00:00:00,door not opened
07/11/2025,12,4227,Friday,Weekday,East,15651571.0,68100,18:55:00,68139,18:55:39,20,1789,Washington Ave & S. Swan St (01789),0,0,6,,,69839,19:23:59,,,69839,19:23:59,0,00:00:00,door not opened
07/11/2025,12,4227,Friday,Weekday,East,15651571.0,68100,18:55:00,68139,18:55:39,19,1788,Washington Ave & Dove St (01788),0,0,6,,,69821,19:23:41,,,69821,19:23:41,0,00:00:00,door not opened
07/11/2025,12,4227,Friday,Weekday,East,15651571.0,68100,18:55:00,68139,18:55:39,18,2663,Lark/Library Station - Washington Ave & Lark St (02663),3,2,6,69720.0,19:22:00,69769,19:22:49,69720.0,19:22:00,69800,19:23:20,31,00:00:31,doors opened
07/11/2025,12,4227,Friday,Weekday,East,15651571.0,68100,18:55:00,68139,18:55:39,17,263,Washington Ave & Henry Johnson Blvd (00263),0,0,5,,,69720,19:22:00,,,69720,19:22:00,0,00:00:00,door not opened
07/11/2025,12,4227,Friday,Weekday,East,15651571.0,68100,18:55:00,68139,18:55:39,16,2096,Washington Ave & Lexington Ave (02096),0,0,5,,,69630,19:20:30,,,69630,19:20:30,0,00:00:00,door not opened
07/11/2025,12,4227,Friday,Weekday,East,15651571.0,68100,18:55:00,68139,18:55:39,15,3253,Washington Ave & Robin St (Draper Hall) (03253),0,1,5,,,69591,19:19:51,,,69611,19:20:11,20,00:00:20,doors opened
07/11/2025,12,4227,Friday,Weekday,East,15651571.0,68100,18:55:00,68139,18:55:39,14,2109,Washington Ave & N. Lake Ave (02109),1,5,6,,,69544,19:19:04,,,69570,19:19:30,26,00:00:26,doors opened
07/11/2025,12,4227,Friday,Weekday,East,15651571.0,68100,18:55:00,68139,18:55:39,13,3255,Washington Ave & Quail St (03255),0,5,10,,,69488,19:18:08,,,69515,19:18:35,27,00:00:27,doors opened
07/11/2025,12,4227,Friday,Weekday,East,15651571.0,68100,18:55:00,68139,18:55:39,12,3256,Washington Ave & Ontario St (03256),0,0,15,69360.0,19:16:00,69468,19:17:48,69360.0,19:16:00,69468,19:17:48,0,00:00:00,door not opened
07/11/2025,12,4227,Friday,Weekday,East,15651571.0,68100,18:55:00,68139,18:55:39,11,2107,Washington Ave & Partridge St (02107),4,2,15,,,69408,19:16:48,,,69440,19:17:20,32,00:00:32,doors opened
07/11/2025,12,4227,Friday,Weekday,East,15651571.0,68100,18:55:00,68139,18:55:39,10,3257,Washington Ave & N. Main Ave (03257),0,2,13,,,69324,19:15:24,,,69353,19:15:53,29,00:00:29,doors opened
07/11/2025,12,4227,Friday,Weekday,East,15651571.0,68100,18:55:00,68139,18:55:39,9,1796,Washington Ave & N. Allen St (01796),1,1,15,69180.0,19:13:00,69270,19:14:30,69180.0,19:13:00,69292,19:14:52,22,00:00:22,doors opened
07/11/2025,12,4227,Friday,Weekday,East,15651571.0,68100,18:55:00,68139,18:55:39,8,11581,Washington Ave & Manning Blvd (11581),0,0,15,,,69237,19:13:57,,,69237,19:13:57,0,00:00:00,door not opened
07/11/2025,12,4227,Friday,Weekday,East,15651571.0,68100,18:55:00,68139,18:55:39,7,2180,Washington Ave & Homestead Ave (02180),0,4,15,,,69195,19:13:15,,,69215,19:13:35,20,00:00:20,doors opened
07/11/2025,12,4227,Friday,Weekday,East,15651571.0,68100,18:55:00,68139,18:55:39,6,2182,Washington Ave & Hawthorne St (02182),4,1,19,,,69141,19:12:21,,,69168,19:12:48,27,00:00:27,doors opened
07/11/2025,12,4227,Friday,Weekday,East,15651571.0,68100,18:55:00,68139,18:55:39,5,3304,Washington Ave & Clermont St (03304),0,0,16,,,69125,19:12:05,,,69125,19:12:05,0,00:00:00,door not opened
07/11/2025,12,4227,Friday,Weekday,East,15651571.0,68100,18:55:00,68139,18:55:39,4,3348,Washington Ave & Brevator St (03348),0,0,16,,,69100,19:11:40,,,69100,19:11:40,0,00:00:00,door not opened
07/11/2025,12,4227,Friday,Weekday,East,15651571.0,68100,18:55:00,68139,18:55:39,3,10134,Washington Ave & SUNY Exit Rd (10134),0,1,16,,,68949,19:09:09,,,68994,19:09:54,45,00:00:45,doors opened
07/11/2025,12,4227,Friday,Weekday,East,15651571.0,68100,18:55:00,68139,18:55:39,2,7216,SUNY Collins Circle (07216),2,1,17,68700.0,19:05:00,68837,19:07:17,68700.0,19:05:00,68857,19:07:37,20,00:00:20,doors opened
07/11/2025,12,4227,Friday,Weekday,East,15651571.0,68100,18:55:00,68139,18:55:39,1,12827,Crossgates Commons Station (12827),13,1,16,68400.0,19:00:00,68444,19:00:44,68400.0,19:00:00,68532,19:02:12,88,00:01:28,doors opened
07/11/2025,12,4227,Friday,Weekday,East,15651571.0,68100,18:55:00,68139,18:55:39,0,7175,Crossgates Mall Station (07175),4,0,4,68100.0,18:55:00,68139,18:55:39,68100.0,18:55:00,68139,18:55:39,0,00:00:00,doors opened
07/11/2025,12,4227,Friday,Weekday,West,15651574.0,70800,19:40:00,71090,19:44:50,27,7175,Crossgates Mall Station (07175),0,8,0,73020.0,20:17:00,73557,20:25:57,73020.0,20:17:00,73557,20:25:57,0,00:00:00,doors opened
07/11/2025,12,4227,Friday,Weekday,West,15651574.0,70800,19:40:00,71090,19:44:50,26,12828,Crossgates Commons Station (12828),3,11,8,72600.0,20:10:00,73185,20:19:45,72600.0,20:10:00,73307,20:21:47,122,00:02:02,doors opened
07/11/2025,12,4227,Friday,Weekday,West,15651574.0,70800,19:40:00,71090,19:44:50,25,12891,1475 Washington Ave (12891),1,1,16,,,72957,20:15:57,,,72990,20:16:30,33,00:00:33,doors opened
07/11/2025,12,4227,Friday,Weekday,West,15651574.0,70800,19:40:00,71090,19:44:50,24,7216,SUNY Collins Circle (07216),0,1,16,72240.0,20:04:00,72761,20:12:41,72240.0,20:04:00,72772,20:12:52,11,00:00:11,doors opened
07/11/2025,12,4227,Friday,Weekday,West,15651574.0,70800,19:40:00,71090,19:44:50,23,3262,1383 Washington Ave (Fairfield Inn) (03262),2,4,17,,,72636,20:10:36,,,72663,20:11:03,27,00:00:27,doors opened
07/11/2025,12,4227,Friday,Weekday,West,15651574.0,70800,19:40:00,71090,19:44:50,22,976,Washington Ave & Brevator St (00976),1,0,19,,,72476,20:07:56,,,72511,20:08:31,35,00:00:35,doors opened
07/11/2025,12,4227,Friday,Weekday,West,15651574.0,70800,19:40:00,71090,19:44:50,21,1959,Washington Ave & Colvin Ave (01959),0,1,18,,,72439,20:07:19,,,72455,20:07:35,16,00:00:16,doors opened
07/11/2025,12,4227,Friday,Weekday,West,15651574.0,70800,19:40:00,71090,19:44:50,20,3399,Washington Ave & Danker Ave (03399),0,0,19,,,72420,20:07:00,,,72420,20:07:00,0,00:00:00,door not opened
07/11/2025,12,4227,Friday,Weekday,West,15651574.0,70800,19:40:00,71090,19:44:50,19,1849,Washington Ave & Homestead Ave (01849),0,2,19,,,72381,20:06:21,,,72399,20:06:39,18,00:00:18,doors opened
07/11/2025,12,4227,Friday,Weekday,West,15651574.0,70800,19:40:00,71090,19:44:50,18,1846,Washington Ave & Manning Blvd (01846),3,0,21,,,72319,20:05:19,,,72359,20:05:59,40,00:00:40,doors opened
07/11/2025,12,4227,Friday,Weekday,West,15651574.0,70800,19:40:00,71090,19:44:50,17,3287,Washington Ave & N. Allen St (03287),3,3,18,71820.0,19:57:00,72265,20:04:25,71820.0,19:57:00,72290,20:04:50,25,00:00:25,doors opened
07/11/2025,12,4227,Friday,Weekday,West,15651574.0,70800,19:40:00,71090,19:44:50,16,3264,Washington Ave & N. Main Ave (03264),5,0,18,,,72178,20:02:58,,,72236,20:03:56,58,00:00:58,doors opened
07/11/2025,12,4227,Friday,Weekday,West,15651574.0,70800,19:40:00,71090,19:44:50,15,1839,Washington Ave & Partridge St (01839),0,0,13,,,72117,20:01:57,,,72117,20:01:57,0,00:00:00,door not opened
07/11/2025,12,4227,Friday,Weekday,West,15651574.0,70800,19:40:00,71090,19:44:50,14,1841,Washington Ave & Ontario St (01841),1,0,13,71640.0,19:54:00,72047,20:00:47,71640.0,19:54:00,72080,20:01:20,33,00:00:33,doors opened
07/11/2025,12,4227,Friday,Weekday,West,15651574.0,70800,19:40:00,71090,19:44:50,13,1842,Washington Ave & Quail St (01842),2,1,12,,,71995,19:59:55,,,72023,20:00:23,28,00:00:28,doors opened
07/11/2025,12,4227,Friday,Weekday,West,15651574.0,70800,19:40:00,71090,19:44:50,12,1837,Washington Ave & N. Lake Ave (01837),0,0,11,,,71974,19:59:34,,,71974,19:59:34,0,00:00:00,door not opened
07/11/2025,12,4227,Friday,Weekday,West,15651574.0,70800,19:40:00,71090,19:44:50,11,1843,Washington Ave & Robin St (01843),0,0,11,,,71959,19:59:19,,,71959,19:59:19,0,00:00:00,door not opened
07/11/2025,12,4227,Friday,Weekday,West,15651574.0,70800,19:40:00,71090,19:44:50,10,12943,Washington Ave & Lexington Ave (12943),1,0,11,,,71925,19:58:45,,,71938,19:58:58,13,00:00:13,doors opened
07/11/2025,12,4227,Friday,Weekday,West,15651574.0,70800,19:40:00,71090,19:44:50,9,12942,Washington Ave & Henry Johnson Blvd (12942),0,0,10,,,71881,19:58:01,,,71881,19:58:01,0,00:00:00,door not opened
07/11/2025,12,4227,Friday,Weekday,West,15651574.0,70800,19:40:00,71090,19:44:50,8,3239,Lark/Library Station - Washington Ave & Lark St (03239),4,1,10,71280.0,19:48:00,71661,19:54:21,71280.0,19:48:00,71762,19:56:02,101,00:01:41,doors opened
07/11/2025,12,4227,Friday,Weekday,West,15651574.0,70800,19:40:00,71090,19:44:50,7,3301,Washington Ave & S. Swan St (03301),1,0,7,,,71607,19:53:27,,,71619,19:53:39,12,00:00:12,doors opened
07/11/2025,12,4227,Friday,Weekday,West,15651574.0,70800,19:40:00,71090,19:44:50,6,3250,Hawk/Capitol Station - Washington Ave & Hawk St (03250),1,0,6,,,71562,19:52:42,,,71579,19:52:59,17,00:00:17,doors opened
07/11/2025,12,4227,Friday,Weekday,West,15651574.0,70800,19:40:00,71090,19:44:50,5,10087,State St & Eagle St (10087),0,0,5,,,71528,19:52:08,,,71528,19:52:08,0,00:00:00,door not opened
07/11/2025,12,4227,Friday,Weekday,West,15651574.0,70800,19:40:00,71090,19:44:50,4,2665,State/Downtown Station - State St & Lodge St (02665),0,0,5,71040.0,19:44:00,71444,19:50:44,71040.0,19:44:00,71457,19:50:57,13,00:00:13,doors opened
07/11/2025,12,4227,Friday,Weekday,West,15651574.0,70800,19:40:00,71090,19:44:50,3,3221,State Station - N. Pearl St & Ten Eyck Plaza (03221),6,1,5,,,71168,19:46:08,,,71406,19:50:06,238,00:03:58,doors opened
07/11/2025,12,4227,Friday,Weekday,West,15651574.0,70800,19:40:00,71090,19:44:50,2,3233,N. Pearl St & Sheridan Ave (03233),0,0,0,,,71126,19:45:26,,,71126,19:45:26,0,00:00:00,door not opened
07/11/2025,12,4227,Friday,Weekday,West,15651574.0,70800,19:40:00,71090,19:44:50,0,9018,Broadway & Orange St (09018),0,0,0,70800.0,19:40:00,71090,19:44:50,70800.0,19:40:00,71090,19:44:50,0,00:00:00,door not opened
07/11/2025,12,4228,Friday,Weekday,West,15649848.0,36000,10:00:00,36193,10:03:13,27,7175,Crossgates Mall Station (07175),0,6,0,38400.0,10:40:00,38055,10:34:15,38400.0,10:40:00,38055,10:34:15,0,00:00:00,doors opened
07/11/2025,12,4228,Friday,Weekday,West,15649848.0,36000,10:00:00,36193,10:03:13,26,12828,Crossgates Commons Station (12828),1,5,6,37980.0,10:33:00,37996,10:33:16,37980.0,10:33:00,37996,10:33:16,0,00:00:00,door not opened
07/11/2025,12,4228,Friday,Weekday,West,15649848.0,36000,10:00:00,36193,10:03:13,25,12891,1475 Washington Ave (12891),0,0,10,,,37693,10:28:13,,,37693,10:28:13,0,00:00:00,door not opened
07/11/2025,12,4228,Friday,Weekday,West,15649848.0,36000,10:00:00,36193,10:03:13,24,7216,SUNY Collins Circle (07216),1,2,10,37620.0,10:27:00,37511,10:25:11,37620.0,10:27:00,37527,10:25:27,16,00:00:16,doors opened
07/11/2025,12,4228,Friday,Weekday,West,15649848.0,36000,10:00:00,36193,10:03:13,23,3262,1383 Washington Ave (Fairfield Inn) (03262),0,3,11,,,37404,10:23:24,,,37418,10:23:38,14,00:00:14,doors opened
07/11/2025,12,4228,Friday,Weekday,West,15649848.0,36000,10:00:00,36193,10:03:13,22,976,Washington Ave & Brevator St (00976),0,0,14,,,37303,10:21:43,,,37303,10:21:43,0,00:00:00,door not opened
07/11/2025,12,4228,Friday,Weekday,West,15649848.0,36000,10:00:00,36193,10:03:13,21,1959,Washington Ave & Colvin Ave (01959),0,0,14,,,37283,10:21:23,,,37283,10:21:23,0,00:00:00,door not opened
07/11/2025,12,4228,Friday,Weekday,West,15649848.0,36000,10:00:00,36193,10:03:13,20,3399,Washington Ave & Danker Ave (03399),0,0,14,,,37265,10:21:05,,,37265,10:21:05,0,00:00:00,door not opened
07/11/2025,12,4228,Friday,Weekday,West,15649848.0,36000,10:00:00,36193,10:03:13,19,1849,Washington Ave & Homestead Ave (01849),2,0,14,,,37231,10:20:31,,,37246,10:20:46,15,00:00:15,doors opened
07/11/2025,12,4228,Friday,Weekday,West,15649848.0,36000,10:00:00,36193,10:03:13,18,1846,Washington Ave & Manning Blvd (01846),1,0,12,,,37179,10:19:39,,,37205,10:20:05,26,00:00:26,doors opened
07/11/2025,12,4228,Friday,Weekday,West,15649848.0,36000,10:00:00,36193,10:03:13,17,3287,Washington Ave & N. Allen St (03287),1,3,11,37200.0,10:20:00,37126,10:18:46,37200.0,10:20:00,37147,10:19:07,21,00:00:21,doors opened
07/11/2025,12,4228,Friday,Weekday,West,15649848.0,36000,10:00:00,36193,10:03:13,16,3264,Washington Ave & N. Main Ave (03264),1,0,13,,,37081,10:18:01,,,37093,10:18:13,12,00:00:12,doors opened
07/11/2025,12,4228,Friday,Weekday,West,15649848.0,36000,10:00:00,36193,10:03:13,15,1839,Washington Ave & Partridge St (01839),0,0,12,,,37006,10:16:46,,,37006,10:16:46,0,00:00:00,door not opened
07/11/2025,12,4228,Friday,Weekday,West,15649848.0,36000,10:00:00,36193,10:03:13,14,1841,Washington Ave & Ontario St (01841),1,0,12,36960.0,10:16:00,36945,10:15:45,36960.0,10:16:00,36971,10:16:11,26,00:00:26,doors opened
07/11/2025,12,4228,Friday,Weekday,West,15649848.0,36000,10:00:00,36193,10:03:13,13,1842,Washington Ave & Quail St (01842),4,1,11,,,36876,10:14:36,,,36923,10:15:23,47,00:00:47,doors opened
07/11/2025,12,4228,Friday,Weekday,West,15649848.0,36000,10:00:00,36193,10:03:13,12,1837,Washington Ave & N. Lake Ave (01837),0,1,8,,,36838,10:13:58,,,36850,10:14:10,12,00:00:12,doors opened
07/11/2025,12,4228,Friday,Weekday,West,15649848.0,36000,10:00:00,36193,10:03:13,11,1843,Washington Ave & Robin St (01843),1,1,9,,,36797,10:13:17,,,36809,10:13:29,12,00:00:12,doors opened
07/11/2025,12,4228,Friday,Weekday,West,15649848.0,36000,10:00:00,36193,10:03:13,10,12943,Washington Ave & Lexington Ave (12943),0,0,9,,,36775,10:12:55,,,36775,10:12:55,0,00:00:00,door not opened
07/11/2025,12,4228,Friday,Weekday,West,15649848.0,36000,10:00:00,36193,10:03:13,9,12942,Washington Ave & Henry Johnson Blvd (12942),2,0,9,,,36712,10:11:52,,,36733,10:12:13,21,00:00:21,doors opened
07/11/2025,12,4228,Friday,Weekday,West,15649848.0,36000,10:00:00,36193,10:03:13,8,3239,Lark/Library Station - Washington Ave & Lark St (03239),4,1,7,36540.0,10:09:00,36538,10:08:58,36540.0,10:09:00,36568,10:09:28,30,00:00:30,doors opened
07/11/2025,12,4228,Friday,Weekday,West,15649848.0,36000,10:00:00,36193,10:03:13,7,3301,Washington Ave & S. Swan St (03301),0,0,4,,,36498,10:08:18,,,36498,10:08:18,0,00:00:00,door not opened
07/11/2025,12,4228,Friday,Weekday,West,15649848.0,36000,10:00:00,36193,10:03:13,6,3250,Hawk/Capitol Station - Washington Ave & Hawk St (03250),0,0,4,,,36467,10:07:47,,,36467,10:07:47,0,00:00:00,door not opened
07/11/2025,12,4228,Friday,Weekday,West,15649848.0,36000,10:00:00,36193,10:03:13,5,10087,State St & Eagle St (10087),0,0,4,,,36446,10:07:26,,,36446,10:07:26,0,00:00:00,door not opened
07/11/2025,12,4228,Friday,Weekday,West,15649848.0,36000,10:00:00,36193,10:03:13,4,2665,State/Downtown Station - State St & Lodge St (02665),3,2,4,36240.0,10:04:00,36296,10:04:56,36240.0,10:04:00,36327,10:05:27,31,00:00:31,doors opened
07/11/2025,12,4228,Friday,Weekday,West,15649848.0,36000,10:00:00,36193,10:03:13,3,3221,State Station - N. Pearl St & Ten Eyck Plaza (03221),0,0,3,,,36193,10:03:13,,,36254,10:04:14,61,00:01:01,door not opened
07/11/2025,12,4228,Friday,Weekday,West,15649848.0,36000,10:00:00,36193,10:03:13,0,9018,Broadway & Orange St (09018),2,0,3,36000.0,10:00:00,36193,10:03:13,36000.0,10:00:00,36193,10:03:13,0,00:00:00,doors opened
07/11/2025,12,4228,Friday,Weekday,East,15649853.0,44100,12:15:00,44098,12:14:58,1,12827,Crossgates Commons Station (12827),5,1,10,44400.0,12:20:00,44459,12:20:59,44400.0,12:20:00,44560,12:22:40,101,00:01:41,doors opened
07/11/2025,12,4228,Friday,Weekday,East,15649853.0,44100,12:15:00,44098,12:14:58,0,7175,Crossgates Mall Station (07175),6,0,6,44100.0,12:15:00,44098,12:14:58,44100.0,12:15:00,44098,12:14:58,0,00:00:00,doors opened
07/11/2025,12,4228,Friday,Weekday,East,15649853.0,44100,12:15:00,44098,12:14:58,24,3940,Broadway & Steuben St (03940),0,0,0,46200.0,12:50:00,45968,12:46:08,46200.0,12:50:00,45968,12:46:08,0,00:00:00,door not opened
07/11/2025,12,4228,Friday,Weekday,East,15649853.0,44100,12:15:00,44098,12:14:58,23,2509,State/Downtown Station - State St & S. Pearl St (02509),0,2,0,46020.0,12:47:00,45854,12:44:14,46020.0,12:47:00,45906,12:45:06,52,00:00:52,doors opened
07/11/2025,12,4228,Friday,Weekday,East,15649853.0,44100,12:15:00,44098,12:14:58,22,1787,State St & Eagle St (01787),0,0,2,,,45839,12:43:59,,,45839,12:43:59,0,00:00:00,door not opened
07/11/2025,12,4228,Friday,Weekday,East,15649853.0,44100,12:15:00,44098,12:14:58,21,2706,Hawk/Capitol Station - Washington Ave & Hawk St (02706),0,0,2,,,45762,12:42:42,,,45762,12:42:42,0,00:00:00,door not opened
07/11/2025,12,4228,Friday,Weekday,East,15649853.0,44100,12:15:00,44098,12:14:58,20,1789,Washington Ave & S. Swan St (01789),0,0,2,,,45742,12:42:22,,,45742,12:42:22,0,00:00:00,door not opened
07/11/2025,12,4228,Friday,Weekday,East,15649853.0,44100,12:15:00,44098,12:14:58,19,1788,Washington Ave & Dove St (01788),0,1,2,,,45691,12:41:31,,,45702,12:41:42,11,00:00:11,doors opened
07/11/2025,12,4228,Friday,Weekday,East,15649853.0,44100,12:15:00,44098,12:14:58,18,2663,Lark/Library Station - Washington Ave & Lark St (02663),0,4,3,45720.0,12:42:00,45649,12:40:49,45720.0,12:42:00,45664,12:41:04,15,00:00:15,doors opened
07/11/2025,12,4228,Friday,Weekday,East,15649853.0,44100,12:15:00,44098,12:14:58,17,263,Washington Ave & Henry Johnson Blvd (00263),0,0,7,,,45548,12:39:08,,,45583,12:39:43,35,00:00:35,doors opened
07/11/2025,12,4228,Friday,Weekday,East,15649853.0,44100,12:15:00,44098,12:14:58,16,2096,Washington Ave & Lexington Ave (02096),0,1,7,,,45499,12:38:19,,,45507,12:38:27,8,00:00:08,doors opened
07/11/2025,12,4228,Friday,Weekday,East,15649853.0,44100,12:15:00,44098,12:14:58,15,3253,Washington Ave & Robin St (Draper Hall) (03253),0,2,8,,,45460,12:37:40,,,45482,12:38:02,22,00:00:22,doors opened
07/11/2025,12,4228,Friday,Weekday,East,15649853.0,44100,12:15:00,44098,12:14:58,14,2109,Washington Ave & N. Lake Ave (02109),0,0,10,,,45441,12:37:21,,,45441,12:37:21,0,00:00:00,door not opened
07/11/2025,12,4228,Friday,Weekday,East,15649853.0,44100,12:15:00,44098,12:14:58,13,3255,Washington Ave & Quail St (03255),0,1,10,,,45369,12:36:09,,,45384,12:36:24,15,00:00:15,doors opened
07/11/2025,12,4228,Friday,Weekday,East,15649853.0,44100,12:15:00,44098,12:14:58,12,3256,Washington Ave & Ontario St (03256),1,1,11,45360.0,12:36:00,45324,12:35:24,45360.0,12:36:00,45350,12:35:50,26,00:00:26,doors opened
07/11/2025,12,4228,Friday,Weekday,East,15649853.0,44100,12:15:00,44098,12:14:58,11,2107,Washington Ave & Partridge St (02107),1,2,11,,,45283,12:34:43,,,45298,12:34:58,15,00:00:15,doors opened
07/11/2025,12,4228,Friday,Weekday,East,15649853.0,44100,12:15:00,44098,12:14:58,10,3257,Washington Ave & N. Main Ave (03257),0,0,12,,,45188,12:33:08,,,45188,12:33:08,0,00:00:00,door not opened
07/11/2025,12,4228,Friday,Weekday,East,15649853.0,44100,12:15:00,44098,12:14:58,9,1796,Washington Ave & N. Allen St (01796),3,1,12,45180.0,12:33:00,45126,12:32:06,45180.0,12:33:00,45155,12:32:35,29,00:00:29,doors opened
07/11/2025,12,4228,Friday,Weekday,East,15649853.0,44100,12:15:00,44098,12:14:58,8,11581,Washington Ave & Manning Blvd (11581),1,0,10,,,45057,12:30:57,,,45100,12:31:40,43,00:00:43,doors opened
07/11/2025,12,4228,Friday,Weekday,East,15649853.0,44100,12:15:00,44098,12:14:58,7,2180,Washington Ave & Homestead Ave (02180),0,2,9,,,45025,12:30:25,,,45037,12:30:37,12,00:00:12,doors opened
07/11/2025,12,4228,Friday,Weekday,East,15649853.0,44100,12:15:00,44098,12:14:58,6,2182,Washington Ave & Hawthorne St (02182),0,0,11,,,45004,12:30:04,,,45004,12:30:04,0,00:00:00,door not opened
07/11/2025,12,4228,Friday,Weekday,East,15649853.0,44100,12:15:00,44098,12:14:58,5,3304,Washington Ave & Clermont St (03304),0,0,11,,,44987,12:29:47,,,44987,12:29:47,0,00:00:00,door not opened
07/11/2025,12,4228,Friday,Weekday,East,15649853.0,44100,12:15:00,44098,12:14:58,4,3348,Washington Ave & Brevator St (03348),0,1,11,,,44956,12:29:16,,,44969,12:29:29,13,00:00:13,doors opened
07/11/2025,12,4228,Friday,Weekday,East,15649853.0,44100,12:15:00,44098,12:14:58,3,10134,Washington Ave & SUNY Exit Rd (10134),0,0,12,,,44844,12:27:24,,,44844,12:27:24,0,00:00:00,door not opened
07/11/2025,12,4228,Friday,Weekday,East,15649853.0,44100,12:15:00,44098,12:14:58,2,7216,SUNY Collins Circle (07216),2,0,12,44700.0,12:25:00,44738,12:25:38,44700.0,12:25:00,44758,12:25:58,20,00:00:20,doors opened
07/11/2025,12,4228,Friday,Weekday,East,15649857.0,50100,13:55:00,50097,13:54:57,24,3940,Broadway & Steuben St (03940),0,0,0,52320.0,14:32:00,51896,14:24:56,52320.0,14:32:00,51896,14:24:56,0,00:00:00,door not opened
07/11/2025,12,4228,Friday,Weekday,East,15649857.0,50100,13:55:00,50097,13:54:57,23,2509,State/Downtown Station - State St & S. Pearl St (02509),0,9,0,52140.0,14:29:00,51765,14:22:45,52140.0,14:29:00,51811,14:23:31,46,00:00:46,doors opened
07/11/2025,12,4228,Friday,Weekday,East,15649857.0,50100,13:55:00,50097,13:54:57,22,1787,State St & Eagle St (01787),0,0,9,,,51711,14:21:51,,,51711,14:21:51,0,00:00:00,door not opened
07/11/2025,12,4228,Friday,Weekday,East,15649857.0,50100,13:55:00,50097,13:54:57,21,2706,Hawk/Capitol Station - Washington Ave & Hawk St (02706),1,2,9,,,51642,14:20:42,,,51663,14:21:03,21,00:00:21,doors opened
07/11/2025,12,4228,Friday,Weekday,East,15649857.0,50100,13:55:00,50097,13:54:57,20,1789,Washington Ave & S. Swan St (01789),0,0,10,,,51615,14:20:15,,,51615,14:20:15,0,00:00:00,door not opened
07/11/2025,12,4228,Friday,Weekday,East,15649857.0,50100,13:55:00,50097,13:54:57,19,1788,Washington Ave & Dove St (01788),0,1,10,,,51571,14:19:31,,,51591,14:19:51,20,00:00:20,doors opened
07/11/2025,12,4228,Friday,Weekday,East,15649857.0,50100,13:55:00,50097,13:54:57,18,2663,Lark/Library Station - Washington Ave & Lark St (02663),3,0,11,51840.0,14:24:00,51391,14:16:31,51840.0,14:24:00,51535,14:18:55,144,00:02:24,doors opened
07/11/2025,12,4228,Friday,Weekday,East,15649857.0,50100,13:55:00,50097,13:54:57,17,263,Washington Ave & Henry Johnson Blvd (00263),0,0,8,,,51346,14:15:46,,,51346,14:15:46,0,00:00:00,door not opened
07/11/2025,12,4228,Friday,Weekday,East,15649857.0,50100,13:55:00,50097,13:54:57,16,2096,Washington Ave & Lexington Ave (02096),0,1,8,,,51306,14:15:06,,,51317,14:15:17,11,00:00:11,doors opened
07/11/2025,12,4228,Friday,Weekday,East,15649857.0,50100,13:55:00,50097,13:54:57,15,3253,Washington Ave & Robin St (Draper Hall) (03253),0,0,9,,,51285,14:14:45,,,51285,14:14:45,0,00:00:00,door not opened
07/11/2025,12,4228,Friday,Weekday,East,15649857.0,50100,13:55:00,50097,13:54:57,14,2109,Washington Ave & N. Lake Ave (02109),0,0,9,,,51258,14:14:18,,,51258,14:14:18,0,00:00:00,door not opened
07/11/2025,12,4228,Friday,Weekday,East,15649857.0,50100,13:55:00,50097,13:54:57,13,3255,Washington Ave & Quail St (03255),2,0,9,,,51190,14:13:10,,,51214,14:13:34,24,00:00:24,doors opened
07/11/2025,12,4228,Friday,Weekday,East,15649857.0,50100,13:55:00,50097,13:54:57,12,3256,Washington Ave & Ontario St (03256),0,0,7,51420.0,14:17:00,51170,14:12:50,51420.0,14:17:00,51170,14:12:50,0,00:00:00,door not opened
07/11/2025,12,4228,Friday,Weekday,East,15649857.0,50100,13:55:00,50097,13:54:57,11,2107,Washington Ave & Partridge St (02107),0,1,7,,,51134,14:12:14,,,51145,14:12:25,11,00:00:11,doors opened
07/11/2025,12,4228,Friday,Weekday,East,15649857.0,50100,13:55:00,50097,13:54:57,10,3257,Washington Ave & N. Main Ave (03257),0,0,8,,,51072,14:11:12,,,51072,14:11:12,0,00:00:00,door not opened
07/11/2025,12,4228,Friday,Weekday,East,15649857.0,50100,13:55:00,50097,13:54:57,9,1796,Washington Ave & N. Allen St (01796),0,1,8,51240.0,14:14:00,51010,14:10:10,51240.0,14:14:00,51039,14:10:39,29,00:00:29,doors opened
07/11/2025,12,4228,Friday,Weekday,East,15649857.0,50100,13:55:00,50097,13:54:57,8,11581,Washington Ave & Manning Blvd (11581),0,0,9,,,50984,14:09:44,,,50984,14:09:44,0,00:00:00,door not opened
07/11/2025,12,4228,Friday,Weekday,East,15649857.0,50100,13:55:00,50097,13:54:57,7,2180,Washington Ave & Homestead Ave (02180),0,0,9,,,50958,14:09:18,,,50958,14:09:18,0,00:00:00,door not opened
07/11/2025,12,4228,Friday,Weekday,East,15649857.0,50100,13:55:00,50097,13:54:57,6,2182,Washington Ave & Hawthorne St (02182),0,0,9,,,50923,14:08:43,,,50923,14:08:43,0,00:00:00,door not opened
07/11/2025,12,4228,Friday,Weekday,East,15649857.0,50100,13:55:00,50097,13:54:57,5,3304,Washington Ave & Clermont St (03304),3,0,9,,,50865,14:07:45,,,50902,14:08:22,37,00:00:37,doors opened
07/11/2025,12,4228,Friday,Weekday,East,15649857.0,50100,13:55:00,50097,13:54:57,4,3348,Washington Ave & Brevator St (03348),0,2,6,,,50829,14:07:09,,,50845,14:07:25,16,00:00:16,doors opened
07/11/2025,12,4228,Friday,Weekday,East,15649857.0,50100,13:55:00,50097,13:54:57,3,10134,Washington Ave & SUNY Exit Rd (10134),1,0,8,,,50694,14:04:54,,,50713,14:05:13,19,00:00:19,doors opened
07/11/2025,12,4228,Friday,Weekday,East,15649857.0,50100,13:55:00,50097,13:54:57,2,7216,SUNY Collins Circle (07216),0,0,7,50760.0,14:06:00,50610,14:03:30,50760.0,14:06:00,50610,14:03:30,0,00:00:00,door not opened
07/11/2025,12,4228,Friday,Weekday,East,15649857.0,50100,13:55:00,50097,13:54:57,1,12827,Crossgates Commons Station (12827),2,3,7,50460.0,14:01:00,50302,13:58:22,50460.0,14:01:00,50365,13:59:25,63,00:01:03,doors opened
07/11/2025,12,4228,Friday,Weekday,East,15649857.0,50100,13:55:00,50097,13:54:57,0,7175,Crossgates Mall Station (07175),7,0,8,50100.0,13:55:00,50097,13:54:57,50100.0,13:55:00,50097,13:54:57,0,00:00:00,doors opened
07/11/2025,12,4228,Friday,Weekday,West,15649860.0,52800,14:40:00,52802,14:40:02,27,7175,Crossgates Mall Station (07175),0,0,0,55320.0,15:22:00,54716,15:11:56,55320.0,15:22:00,54716,15:11:56,0,00:00:00,door not opened
07/11/2025,12,4228,Friday,Weekday,West,15649860.0,52800,14:40:00,52802,14:40:02,26,12828,Crossgates Commons Station (12828),0,5,0,54900.0,15:15:00,54592,15:09:52,54900.0,15:15:00,54609,15:10:09,17,00:00:17,doors opened
07/11/2025,12,4228,Friday,Weekday,West,15649860.0,52800,14:40:00,52802,14:40:02,25,12891,1475 Washington Ave (12891),0,1,5,,,54402,15:06:42,,,54416,15:06:56,14,00:00:14,doors opened
07/11/2025,12,4228,Friday,Weekday,West,15649860.0,52800,14:40:00,52802,14:40:02,24,7216,SUNY Collins Circle (07216),0,0,6,54540.0,15:09:00,54327,15:05:27,54540.0,15:09:00,54327,15:05:27,0,00:00:00,door not opened
07/11/2025,12,4228,Friday,Weekday,West,15649860.0,52800,14:40:00,52802,14:40:02,23,3262,1383 Washington Ave (Fairfield Inn) (03262),0,1,6,,,54197,15:03:17,,,54230,15:03:50,33,00:00:33,doors opened
07/11/2025,12,4228,Friday,Weekday,West,15649860.0,52800,14:40:00,52802,14:40:02,22,976,Washington Ave & Brevator St (00976),0,0,7,,,54089,15:01:29,,,54089,15:01:29,0,00:00:00,door not opened
07/11/2025,12,4228,Friday,Weekday,West,15649860.0,52800,14:40:00,52802,14:40:02,21,1959,Washington Ave & Colvin Ave (01959),0,0,7,,,54068,15:01:08,,,54068,15:01:08,0,00:00:00,door not opened
07/11/2025,12,4228,Friday,Weekday,West,15649860.0,52800,14:40:00,52802,14:40:02,20,3399,Washington Ave & Danker Ave (03399),0,0,7,,,54040,15:00:40,,,54040,15:00:40,0,00:00:00,door not opened
07/11/2025,12,4228,Friday,Weekday,West,15649860.0,52800,14:40:00,52802,14:40:02,19,1849,Washington Ave & Homestead Ave (01849),0,0,7,,,54021,15:00:21,,,54021,15:00:21,0,00:00:00,door not opened
07/11/2025,12,4228,Friday,Weekday,West,15649860.0,52800,14:40:00,52802,14:40:02,18,1846,Washington Ave & Manning Blvd (01846),2,0,7,,,53968,14:59:28,,,53997,14:59:57,29,00:00:29,doors opened
07/11/2025,12,4228,Friday,Weekday,West,15649860.0,52800,14:40:00,52802,14:40:02,17,3287,Washington Ave & N. Allen St (03287),3,3,5,54060.0,15:01:00,53850,14:57:30,54060.0,15:01:00,53938,14:58:58,88,00:01:28,doors opened
07/11/2025,12,4228,Friday,Weekday,West,15649860.0,52800,14:40:00,52802,14:40:02,16,3264,Washington Ave & N. Main Ave (03264),1,3,5,,,53783,14:56:23,,,53817,14:56:57,34,00:00:34,doors opened
07/11/2025,12,4228,Friday,Weekday,West,15649860.0,52800,14:40:00,52802,14:40:02,15,1839,Washington Ave & Partridge St (01839),0,1,7,,,53678,14:54:38,,,53692,14:54:52,14,00:00:14,doors opened
07/11/2025,12,4228,Friday,Weekday,West,15649860.0,52800,14:40:00,52802,14:40:02,14,1841,Washington Ave & Ontario St (01841),0,1,8,53760.0,14:56:00,53634,14:53:54,53760.0,14:56:00,53654,14:54:14,20,00:00:20,doors opened
07/11/2025,12,4228,Friday,Weekday,West,15649860.0,52800,14:40:00,52802,14:40:02,13,1842,Washington Ave & Quail St (01842),1,1,9,,,53565,14:52:45,,,53598,14:53:18,33,00:00:33,doors opened
07/11/2025,12,4228,Friday,Weekday,West,15649860.0,52800,14:40:00,52802,14:40:02,12,1837,Washington Ave & N. Lake Ave (01837),0,0,9,,,53539,14:52:19,,,53539,14:52:19,0,00:00:00,door not opened
07/11/2025,12,4228,Friday,Weekday,West,15649860.0,52800,14:40:00,52802,14:40:02,11,1843,Washington Ave & Robin St (01843),1,0,9,,,53498,14:51:38,,,53516,14:51:56,18,00:00:18,doors opened
07/11/2025,12,4228,Friday,Weekday,West,15649860.0,52800,14:40:00,52802,14:40:02,10,12943,Washington Ave & Lexington Ave (12943),1,4,8,,,53444,14:50:44,,,53472,14:51:12,28,00:00:28,doors opened
07/11/2025,12,4228,Friday,Weekday,West,15649860.0,52800,14:40:00,52802,14:40:02,9,12942,Washington Ave & Henry Johnson Blvd (12942),2,1,11,,,53398,14:49:58,,,53412,14:50:12,14,00:00:14,doors opened
07/11/2025,12,4228,Friday,Weekday,West,15649860.0,52800,14:40:00,52802,14:40:02,8,3239,Lark/Library Station - Washington Ave & Lark St (03239),5,0,10,53340.0,14:49:00,53274,14:47:54,53340.0,14:49:00,53313,14:48:33,39,00:00:39,doors opened
07/11/2025,12,4228,Friday,Weekday,West,15649860.0,52800,14:40:00,52802,14:40:02,7,3301,Washington Ave & S. Swan St (03301),0,0,5,,,53211,14:46:51,,,53211,14:46:51,0,00:00:00,door not opened
07/11/2025,12,4228,Friday,Weekday,West,15649860.0,52800,14:40:00,52802,14:40:02,6,3250,Hawk/Capitol Station - Washington Ave & Hawk St (03250),0,0,5,,,53178,14:46:18,,,53178,14:46:18,0,00:00:00,door not opened
07/11/2025,12,4228,Friday,Weekday,West,15649860.0,52800,14:40:00,52802,14:40:02,5,10087,State St & Eagle St (10087),0,0,5,,,53129,14:45:29,,,53129,14:45:29,0,00:00:00,door not opened
07/11/2025,12,4228,Friday,Weekday,West,15649860.0,52800,14:40:00,52802,14:40:02,4,2665,State/Downtown Station - State St & Lodge St (02665),3,0,5,53040.0,14:44:00,52996,14:43:16,53040.0,14:44:00,53070,14:44:30,74,00:01:14,doors opened
07/11/2025,12,4228,Friday,Weekday,West,15649860.0,52800,14:40:00,52802,14:40:02,3,3221,State Station - N. Pearl St & Ten Eyck Plaza (03221),2,0,2,,,52913,14:41:53,,,52972,14:42:52,59,00:00:59,doors opened
07/11/2025,12,4228,Friday,Weekday,West,15649860.0,52800,14:40:00,52802,14:40:02,2,3233,N. Pearl St & Sheridan Ave (03233),0,0,0,,,52891,14:41:31,,,52891,14:41:31,0,00:00:00,door not opened
07/11/2025,12,4228,Friday,Weekday,West,15649860.0,52800,14:40:00,52802,14:40:02,1,2168,Clinton Square Station - N. Pearl St & Clinton Ave (02168),0,0,0,,,52838,14:40:38,,,52838,14:40:38,0,00:00:00,door not opened
07/11/2025,12,4228,Friday,Weekday,West,15649860.0,52800,14:40:00,52802,14:40:02,0,9018,Broadway & Orange St (09018),0,0,0,52800.0,14:40:00,52802,14:40:02,52800.0,14:40:00,52802,14:40:02,0,00:00:00,door not opened
07/11/2025,12,4230,Friday,Weekday,East,15648634.0,36900,10:15:00,36988,10:16:28,24,3940,Broadway & Steuben St (03940),0,1,0,38940.0,10:49:00,38828,10:47:08,38940.0,10:49:00,38828,10:47:08,0,00:00:00,doors opened
07/11/2025,12,4230,Friday,Weekday,East,15648634.0,36900,10:15:00,36988,10:16:28,23,2509,State/Downtown Station - State St & S. Pearl St (02509),0,3,1,38760.0,10:46:00,38697,10:44:57,38760.0,10:46:00,38712,10:45:12,15,00:00:15,doors opened
07/11/2025,12,4230,Friday,Weekday,East,15648634.0,36900,10:15:00,36988,10:16:28,22,1787,State St & Eagle St (01787),0,0,4,,,38680,10:44:40,,,38680,10:44:40,0,00:00:00,door not opened
07/11/2025,12,4230,Friday,Weekday,East,15648634.0,36900,10:15:00,36988,10:16:28,21,2706,Hawk/Capitol Station - Washington Ave & Hawk St (02706),0,0,4,,,38632,10:43:52,,,38632,10:43:52,0,00:00:00,door not opened
07/11/2025,12,4230,Friday,Weekday,East,15648634.0,36900,10:15:00,36988,10:16:28,20,1789,Washington Ave & S. Swan St (01789),0,2,4,,,38531,10:42:11,,,38606,10:43:26,75,00:01:15,doors opened
07/11/2025,12,4230,Friday,Weekday,East,15648634.0,36900,10:15:00,36988,10:16:28,19,1788,Washington Ave & Dove St (01788),1,0,6,,,38478,10:41:18,,,38505,10:41:45,27,00:00:27,doors opened
07/11/2025,12,4230,Friday,Weekday,East,15648634.0,36900,10:15:00,36988,10:16:28,18,2663,Lark/Library Station - Washington Ave & Lark St (02663),0,0,5,38460.0,10:41:00,38452,10:40:52,38460.0,10:41:00,38452,10:40:52,0,00:00:00,door not opened
07/11/2025,12,4230,Friday,Weekday,East,15648634.0,36900,10:15:00,36988,10:16:28,17,263,Washington Ave & Henry Johnson Blvd (00263),0,1,5,,,38408,10:40:08,,,38422,10:40:22,14,00:00:14,doors opened
07/11/2025,12,4230,Friday,Weekday,East,15648634.0,36900,10:15:00,36988,10:16:28,16,2096,Washington Ave & Lexington Ave (02096),0,0,6,,,38380,10:39:40,,,38380,10:39:40,0,00:00:00,door not opened
07/11/2025,12,4230,Friday,Weekday,East,15648634.0,36900,10:15:00,36988,10:16:28,15,3253,Washington Ave & Robin St (Draper Hall) (03253),0,0,6,,,38320,10:38:40,,,38320,10:38:40,0,00:00:00,door not opened
07/11/2025,12,4230,Friday,Weekday,East,15648634.0,36900,10:15:00,36988,10:16:28,14,2109,Washington Ave & N. Lake Ave (02109),1,1,6,,,38268,10:37:48,,,38293,10:38:13,25,00:00:25,doors opened
07/11/2025,12,4230,Friday,Weekday,East,15648634.0,36900,10:15:00,36988,10:16:28,13,3255,Washington Ave & Quail St (03255),1,0,6,,,38199,10:36:39,,,38238,10:37:18,39,00:00:39,doors opened
07/11/2025,12,4230,Friday,Weekday,East,15648634.0,36900,10:15:00,36988,10:16:28,12,3256,Washington Ave & Ontario St (03256),0,0,5,38100.0,10:35:00,38178,10:36:18,38100.0,10:35:00,38178,10:36:18,0,00:00:00,door not opened
07/11/2025,12,4230,Friday,Weekday,East,15648634.0,36900,10:15:00,36988,10:16:28,11,2107,Washington Ave & Partridge St (02107),0,1,5,,,38142,10:35:42,,,38151,10:35:51,9,00:00:09,doors opened
07/11/2025,12,4230,Friday,Weekday,East,15648634.0,36900,10:15:00,36988,10:16:28,10,3257,Washington Ave & N. Main Ave (03257),0,0,6,,,38043,10:34:03,,,38043,10:34:03,0,00:00:00,door not opened
07/11/2025,12,4230,Friday,Weekday,East,15648634.0,36900,10:15:00,36988,10:16:28,9,1796,Washington Ave & N. Allen St (01796),0,0,6,37980.0,10:33:00,38015,10:33:35,37980.0,10:33:00,38015,10:33:35,0,00:00:00,door not opened
07/11/2025,12,4230,Friday,Weekday,East,15648634.0,36900,10:15:00,36988,10:16:28,8,11581,Washington Ave & Manning Blvd (11581),0,0,6,,,37981,10:33:01,,,37981,10:33:01,0,00:00:00,door not opened
07/11/2025,12,4230,Friday,Weekday,East,15648634.0,36900,10:15:00,36988,10:16:28,7,2180,Washington Ave & Homestead Ave (02180),0,0,6,,,37961,10:32:41,,,37961,10:32:41,0,00:00:00,door not opened
07/11/2025,12,4230,Friday,Weekday,East,15648634.0,36900,10:15:00,36988,10:16:28,6,2182,Washington Ave & Hawthorne St (02182),0,0,6,,,37940,10:32:20,,,37940,10:32:20,0,00:00:00,door not opened
07/11/2025,12,4230,Friday,Weekday,East,15648634.0,36900,10:15:00,36988,10:16:28,5,3304,Washington Ave & Clermont St (03304),0,0,6,,,37916,10:31:56,,,37916,10:31:56,0,00:00:00,door not opened
07/11/2025,12,4230,Friday,Weekday,East,15648634.0,36900,10:15:00,36988,10:16:28,4,3348,Washington Ave & Brevator St (03348),0,1,6,,,37856,10:30:56,,,37868,10:31:08,12,00:00:12,doors opened
07/11/2025,12,4230,Friday,Weekday,East,15648634.0,36900,10:15:00,36988,10:16:28,3,10134,Washington Ave & SUNY Exit Rd (10134),2,0,7,,,37719,10:28:39,,,37739,10:28:59,20,00:00:20,doors opened
07/11/2025,12,4230,Friday,Weekday,East,15648634.0,36900,10:15:00,36988,10:16:28,2,7216,SUNY Collins Circle (07216),0,1,5,37500.0,10:25:00,37617,10:26:57,37500.0,10:25:00,37636,10:27:16,19,00:00:19,doors opened
07/11/2025,12,4230,Friday,Weekday,East,15648634.0,36900,10:15:00,36988,10:16:28,1,12827,Crossgates Commons Station (12827),4,0,6,37200.0,10:20:00,37289,10:21:29,37200.0,10:20:00,37377,10:22:57,88,00:01:28,doors opened
07/11/2025,12,4230,Friday,Weekday,East,15648634.0,36900,10:15:00,36988,10:16:28,0,7175,Crossgates Mall Station (07175),2,0,2,36900.0,10:15:00,36988,10:16:28,36900.0,10:15:00,36988,10:16:28,0,00:00:00,doors opened
07/11/2025,12,4230,Friday,Weekday,West,15648637.0,39600,11:00:00,39899,11:04:59,27,7175,Crossgates Mall Station (07175),0,4,0,42000.0,11:40:00,42043,11:40:43,42000.0,11:40:00,42043,11:40:43,0,00:00:00,doors opened
07/11/2025,12,4230,Friday,Weekday,West,15648637.0,39600,11:00:00,39899,11:04:59,26,12828,Crossgates Commons Station (12828),0,7,4,41580.0,11:33:00,41792,11:36:32,41580.0,11:33:00,41828,11:37:08,36,00:00:36,doors opened
07/11/2025,12,4230,Friday,Weekday,West,15648637.0,39600,11:00:00,39899,11:04:59,25,12891,1475 Washington Ave (12891),1,0,11,,,41566,11:32:46,,,41626,11:33:46,60,00:01:00,doors opened
07/11/2025,12,4230,Friday,Weekday,West,15648637.0,39600,11:00:00,39899,11:04:59,24,7216,SUNY Collins Circle (07216),0,2,10,41220.0,11:27:00,41486,11:31:26,41220.0,11:27:00,41501,11:31:41,15,00:00:15,doors opened
07/11/2025,12,4230,Friday,Weekday,West,15648637.0,39600,11:00:00,39899,11:04:59,23,3262,1383 Washington Ave (Fairfield Inn) (03262),0,0,12,,,41389,11:29:49,,,41389,11:29:49,0,00:00:00,door not opened
07/11/2025,12,4230,Friday,Weekday,West,15648637.0,39600,11:00:00,39899,11:04:59,22,976,Washington Ave & Brevator St (00976),2,1,12,,,41198,11:26:38,,,41248,11:27:28,50,00:00:50,doors opened
07/11/2025,12,4230,Friday,Weekday,West,15648637.0,39600,11:00:00,39899,11:04:59,21,1959,Washington Ave & Colvin Ave (01959),0,1,11,,,41133,11:25:33,,,41161,11:26:01,28,00:00:28,doors opened
07/11/2025,12,4230,Friday,Weekday,West,15648637.0,39600,11:00:00,39899,11:04:59,20,3399,Washington Ave & Danker Ave (03399),0,0,12,,,41106,11:25:06,,,41106,11:25:06,0,00:00:00,door not opened
07/11/2025,12,4230,Friday,Weekday,West,15648637.0,39600,11:00:00,39899,11:04:59,19,1849,Washington Ave & Homestead Ave (01849),1,0,12,,,41071,11:24:31,,,41084,11:24:44,13,00:00:13,doors opened
07/11/2025,12,4230,Friday,Weekday,West,15648637.0,39600,11:00:00,39899,11:04:59,18,1846,Washington Ave & Manning Blvd (01846),4,0,11,,,40994,11:23:14,,,41042,11:24:02,48,00:00:48,doors opened
07/11/2025,12,4230,Friday,Weekday,West,15648637.0,39600,11:00:00,39899,11:04:59,17,3287,Washington Ave & N. Allen St (03287),1,0,7,40800.0,11:20:00,40951,11:22:31,40800.0,11:20:00,40967,11:22:47,16,00:00:16,doors opened
07/11/2025,12,4230,Friday,Weekday,West,15648637.0,39600,11:00:00,39899,11:04:59,16,3264,Washington Ave & N. Main Ave (03264),0,0,6,,,40923,11:22:03,,,40923,11:22:03,0,00:00:00,door not opened
07/11/2025,12,4230,Friday,Weekday,West,15648637.0,39600,11:00:00,39899,11:04:59,15,1839,Washington Ave & Partridge St (01839),0,0,6,,,40845,11:20:45,,,40845,11:20:45,0,00:00:00,door not opened
07/11/2025,12,4230,Friday,Weekday,West,15648637.0,39600,11:00:00,39899,11:04:59,14,1841,Washington Ave & Ontario St (01841),1,0,6,40560.0,11:16:00,40781,11:19:41,40560.0,11:16:00,40811,11:20:11,30,00:00:30,doors opened
07/11/2025,12,4230,Friday,Weekday,West,15648637.0,39600,11:00:00,39899,11:04:59,13,1842,Washington Ave & Quail St (01842),1,1,5,,,40713,11:18:33,,,40756,11:19:16,43,00:00:43,doors opened
07/11/2025,12,4230,Friday,Weekday,West,15648637.0,39600,11:00:00,39899,11:04:59,12,1837,Washington Ave & N. Lake Ave (01837),0,0,5,,,40691,11:18:11,,,40691,11:18:11,0,00:00:00,door not opened
07/11/2025,12,4230,Friday,Weekday,West,15648637.0,39600,11:00:00,39899,11:04:59,11,1843,Washington Ave & Robin St (01843),2,0,5,,,40625,11:17:05,,,40641,11:17:21,16,00:00:16,doors opened
07/11/2025,12,4230,Friday,Weekday,West,15648637.0,39600,11:00:00,39899,11:04:59,10,12943,Washington Ave & Lexington Ave (12943),1,1,3,,,40569,11:16:09,,,40584,11:16:24,15,00:00:15,doors opened
07/11/2025,12,4230,Friday,Weekday,West,15648637.0,39600,11:00:00,39899,11:04:59,9,12942,Washington Ave & Henry Johnson Blvd (12942),0,1,3,,,40486,11:14:46,,,40506,11:15:06,20,00:00:20,doors opened
07/11/2025,12,4230,Friday,Weekday,West,15648637.0,39600,11:00:00,39899,11:04:59,8,3239,Lark/Library Station - Washington Ave & Lark St (03239),2,1,4,40140.0,11:09:00,40400,11:13:20,40140.0,11:09:00,40446,11:14:06,46,00:00:46,doors opened
07/11/2025,12,4230,Friday,Weekday,West,15648637.0,39600,11:00:00,39899,11:04:59,7,3301,Washington Ave & S. Swan St (03301),0,0,3,,,40358,11:12:38,,,40358,11:12:38,0,00:00:00,door not opened
07/11/2025,12,4230,Friday,Weekday,West,15648637.0,39600,11:00:00,39899,11:04:59,6,3250,Hawk/Capitol Station - Washington Ave & Hawk St (03250),1,0,3,,,40273,11:11:13,,,40288,11:11:28,15,00:00:15,doors opened
07/11/2025,12,4230,Friday,Weekday,West,15648637.0,39600,11:00:00,39899,11:04:59,5,10087,State St & Eagle St (10087),0,0,2,,,40242,11:10:42,,,40242,11:10:42,0,00:00:00,door not opened
07/11/2025,12,4230,Friday,Weekday,West,15648637.0,39600,11:00:00,39899,11:04:59,4,2665,State/Downtown Station - State St & Lodge St (02665),1,0,2,39840.0,11:04:00,40087,11:08:07,39840.0,11:04:00,40149,11:09:09,62,00:01:02,doors opened
07/11/2025,12,4230,Friday,Weekday,West,15648637.0,39600,11:00:00,39899,11:04:59,3,3221,State Station - N. Pearl St & Ten Eyck Plaza (03221),0,0,1,,,40021,11:07:01,,,40021,11:07:01,0,00:00:00,door not opened
07/11/2025,12,4230,Friday,Weekday,West,15648637.0,39600,11:00:00,39899,11:04:59,2,3233,N. Pearl St & Sheridan Ave (03233),0,0,1,,,39982,11:06:22,,,39982,11:06:22,0,00:00:00,door not opened
07/11/2025,12,4230,Friday,Weekday,West,15648637.0,39600,11:00:00,39899,11:04:59,1,2168,Clinton Square Station - N. Pearl St & Clinton Ave (02168),1,0,1,,,39943,11:05:43,,,39969,11:06:09,26,00:00:26,doors opened
07/11/2025,12,4230,Friday,Weekday,West,15648637.0,39600,11:00:00,39899,11:04:59,0,9018,Broadway & Orange St (09018),0,0,0,39600.0,11:00:00,39899,11:04:59,39600.0,11:00:00,39899,11:04:59,0,00:00:00,door not opened
07/11/2025,12,4232,Friday,Weekday,West,15651762.0,54000,15:00:00,54197,15:03:17,27,7175,Crossgates Mall Station (07175),0,8,0,56520.0,15:42:00,56368,15:39:28,56520.0,15:42:00,56368,15:39:28,0,00:00:00,doors opened
07/11/2025,12,4232,Friday,Weekday,West,15651762.0,54000,15:00:00,54197,15:03:17,26,12828,Crossgates Commons Station (12828),0,4,8,56100.0,15:35:00,56094,15:34:54,56100.0,15:35:00,56132,15:35:32,38,00:00:38,doors opened
07/11/2025,12,4232,Friday,Weekday,West,15651762.0,54000,15:00:00,54197,15:03:17,25,12891,1475 Washington Ave (12891),2,0,12,,,55890,15:31:30,,,55905,15:31:45,15,00:00:15,doors opened
07/11/2025,12,4232,Friday,Weekday,West,15651762.0,54000,15:00:00,54197,15:03:17,24,7216,SUNY Collins Circle (07216),0,1,10,55740.0,15:29:00,55810,15:30:10,55740.0,15:29:00,55822,15:30:22,12,00:00:12,doors opened
07/11/2025,12,4232,Friday,Weekday,West,15651762.0,54000,15:00:00,54197,15:03:17,23,3262,1383 Washington Ave (Fairfield Inn) (03262),1,2,11,,,55695,15:28:15,,,55713,15:28:33,18,00:00:18,doors opened
07/11/2025,12,4232,Friday,Weekday,West,15651762.0,54000,15:00:00,54197,15:03:17,22,976,Washington Ave & Brevator St (00976),1,1,12,,,55582,15:26:22,,,55596,15:26:36,14,00:00:14,doors opened
07/11/2025,12,4232,Friday,Weekday,West,15651762.0,54000,15:00:00,54197,15:03:17,21,1959,Washington Ave & Colvin Ave (01959),1,0,12,,,55498,15:24:58,,,55561,15:26:01,63,00:01:03,doors opened
07/11/2025,12,4232,Friday,Weekday,West,15651762.0,54000,15:00:00,54197,15:03:17,20,3399,Washington Ave & Danker Ave (03399),0,0,11,,,55434,15:23:54,,,55434,15:23:54,0,00:00:00,door not opened
07/11/2025,12,4232,Friday,Weekday,West,15651762.0,54000,15:00:00,54197,15:03:17,19,1849,Washington Ave & Homestead Ave (01849),1,2,11,,,55396,15:23:16,,,55414,15:23:34,18,00:00:18,doors opened
07/11/2025,12,4232,Friday,Weekday,West,15651762.0,54000,15:00:00,54197,15:03:17,18,1846,Washington Ave & Manning Blvd (01846),1,0,12,,,55319,15:21:59,,,55375,15:22:55,56,00:00:56,doors opened
07/11/2025,12,4232,Friday,Weekday,West,15651762.0,54000,15:00:00,54197,15:03:17,17,3287,Washington Ave & N. Allen St (03287),3,0,11,55260.0,15:21:00,55239,15:20:39,55260.0,15:21:00,55288,15:21:28,49,00:00:49,doors opened
07/11/2025,12,4232,Friday,Weekday,West,15651762.0,54000,15:00:00,54197,15:03:17,16,3264,Washington Ave & N. Main Ave (03264),1,0,8,,,55197,15:19:57,,,55209,15:20:09,12,00:00:12,doors opened
07/11/2025,12,4232,Friday,Weekday,West,15651762.0,54000,15:00:00,54197,15:03:17,15,1839,Washington Ave & Partridge St (01839),1,2,7,,,55080,15:18:00,,,55106,15:18:26,26,00:00:26,doors opened
07/11/2025,12,4232,Friday,Weekday,West,15651762.0,54000,15:00:00,54197,15:03:17,14,1841,Washington Ave & Ontario St (01841),2,0,8,54960.0,15:16:00,55042,15:17:22,54960.0,15:16:00,55059,15:17:39,17,00:00:17,doors opened
07/11/2025,12,4232,Friday,Weekday,West,15651762.0,54000,15:00:00,54197,15:03:17,13,1842,Washington Ave & Quail St (01842),1,2,6,,,55004,15:16:44,,,55021,15:17:01,17,00:00:17,doors opened
07/11/2025,12,4232,Friday,Weekday,West,15651762.0,54000,15:00:00,54197,15:03:17,12,1837,Washington Ave & N. Lake Ave (01837),2,1,7,,,54944,15:15:44,,,54980,15:16:20,36,00:00:36,doors opened
07/11/2025,12,4232,Friday,Weekday,West,15651762.0,54000,15:00:00,54197,15:03:17,11,1843,Washington Ave & Robin St (01843),0,1,6,,,54911,15:15:11,,,54922,15:15:22,11,00:00:11,doors opened
07/11/2025,12,4232,Friday,Weekday,West,15651762.0,54000,15:00:00,54197,15:03:17,10,12943,Washington Ave & Lexington Ave (12943),0,0,7,,,54887,15:14:47,,,54887,15:14:47,0,00:00:00,door not opened
07/11/2025,12,4232,Friday,Weekday,West,15651762.0,54000,15:00:00,54197,15:03:17,9,12942,Washington Ave & Henry Johnson Blvd (12942),1,0,7,,,54829,15:13:49,,,54843,15:14:03,14,00:00:14,doors opened
07/11/2025,12,4232,Friday,Weekday,West,15651762.0,54000,15:00:00,54197,15:03:17,8,3239,Lark/Library Station - Washington Ave & Lark St (03239),5,0,6,54540.0,15:09:00,54673,15:11:13,54540.0,15:09:00,54734,15:12:14,61,00:01:01,doors opened
07/11/2025,12,4232,Friday,Weekday,West,15651762.0,54000,15:00:00,54197,15:03:17,7,3301,Washington Ave & S. Swan St (03301),0,0,1,,,54641,15:10:41,,,54641,15:10:41,0,00:00:00,door not opened
07/11/2025,12,4232,Friday,Weekday,West,15651762.0,54000,15:00:00,54197,15:03:17,6,3250,Hawk/Capitol Station - Washington Ave & Hawk St (03250),0,0,1,,,54590,15:09:50,,,54618,15:10:18,28,00:00:28,doors opened
07/11/2025,12,4232,Friday,Weekday,West,15651762.0,54000,15:00:00,54197,15:03:17,5,10087,State St & Eagle St (10087),0,0,1,,,54564,15:09:24,,,54564,15:09:24,0,00:00:00,door not opened
07/11/2025,12,4232,Friday,Weekday,West,15651762.0,54000,15:00:00,54197,15:03:17,4,2665,State/Downtown Station - State St & Lodge St (02665),0,1,1,54240.0,15:04:00,54513,15:08:33,54240.0,15:04:00,54524,15:08:44,11,00:00:11,doors opened
07/11/2025,12,4232,Friday,Weekday,West,15651762.0,54000,15:00:00,54197,15:03:17,3,3221,State Station - N. Pearl St & Ten Eyck Plaza (03221),1,0,2,,,54351,15:05:51,,,54493,15:08:13,142,00:02:22,doors opened
07/11/2025,12,4232,Friday,Weekday,West,15651762.0,54000,15:00:00,54197,15:03:17,2,3233,N. Pearl St & Sheridan Ave (03233),0,0,1,,,54297,15:04:57,,,54297,15:04:57,0,00:00:00,door not opened
07/11/2025,12,4232,Friday,Weekday,West,15651762.0,54000,15:00:00,54197,15:03:17,1,2168,Clinton Square Station - N. Pearl St & Clinton Ave (02168),1,0,1,,,54248,15:04:08,,,54263,15:04:23,15,00:00:15,doors opened
07/11/2025,12,4232,Friday,Weekday,West,15651762.0,54000,15:00:00,54197,15:03:17,0,9018,Broadway & Orange St (09018),0,0,0,54000.0,15:00:00,54197,15:03:17,54000.0,15:00:00,54197,15:03:17,0,00:00:00,door not opened
07/11/2025,12,4232,Friday,Weekday,East,15651765.0,57300,15:55:00,57403,15:56:43,22,3940,Broadway & Steuben St (03940),0,0,0,59640.0,16:34:00,59603,16:33:23,59640.0,16:34:00,59603,16:33:23,0,00:00:00,door not opened
07/11/2025,12,4232,Friday,Weekday,East,15651765.0,57300,15:55:00,57403,15:56:43,21,2509,State/Downtown Station - State St & S. Pearl St (02509),0,4,0,59460.0,16:31:00,59429,16:30:29,59460.0,16:31:00,59488,16:31:28,59,00:00:59,doors opened
07/11/2025,12,4232,Friday,Weekday,East,15651765.0,57300,15:55:00,57403,15:56:43,20,1787,State St & Eagle St (01787),0,1,4,,,59397,16:29:57,,,59408,16:30:08,11,00:00:11,doors opened
07/11/2025,12,4232,Friday,Weekday,East,15651765.0,57300,15:55:00,57403,15:56:43,19,2706,Hawk/Capitol Station - Washington Ave & Hawk St (02706),0,1,5,,,59313,16:28:33,,,59335,16:28:55,22,00:00:22,doors opened
07/11/2025,12,4232,Friday,Weekday,East,15651765.0,57300,15:55:00,57403,15:56:43,18,1789,Washington Ave & S. Swan St (01789),0,1,6,,,59245,16:27:25,,,59279,16:27:59,34,00:00:34,doors opened
07/11/2025,12,4232,Friday,Weekday,East,15651765.0,57300,15:55:00,57403,15:56:43,17,1788,Washington Ave & Dove St (01788),0,0,7,,,59221,16:27:01,,,59221,16:27:01,0,00:00:00,door not opened
07/11/2025,12,4232,Friday,Weekday,East,15651765.0,57300,15:55:00,57403,15:56:43,16,2663,Lark/Library Station - Washington Ave & Lark St (02663),0,3,7,59160.0,16:26:00,59173,16:26:13,59160.0,16:26:00,59197,16:26:37,24,00:00:24,doors opened
07/11/2025,12,4232,Friday,Weekday,East,15651765.0,57300,15:55:00,57403,15:56:43,15,263,Washington Ave & Henry Johnson Blvd (00263),0,3,10,,,59101,16:25:01,,,59144,16:25:44,43,00:00:43,doors opened
07/11/2025,12,4232,Friday,Weekday,East,15651765.0,57300,15:55:00,57403,15:56:43,14,2096,Washington Ave & Lexington Ave (02096),0,1,13,,,59050,16:24:10,,,59064,16:24:24,14,00:00:14,doors opened
07/11/2025,12,4232,Friday,Weekday,East,15651765.0,57300,15:55:00,57403,15:56:43,13,3253,Washington Ave & Robin St (Draper Hall) (03253),0,0,14,,,59036,16:23:56,,,59036,16:23:56,0,00:00:00,door not opened
07/11/2025,12,4232,Friday,Weekday,East,15651765.0,57300,15:55:00,57403,15:56:43,12,2109,Washington Ave & N. Lake Ave (02109),2,2,14,,,58993,16:23:13,,,59011,16:23:31,18,00:00:18,doors opened
07/11/2025,12,4232,Friday,Weekday,East,15651765.0,57300,15:55:00,57403,15:56:43,11,3256,Washington Ave & Ontario St (03256),0,9,14,58740.0,16:19:00,58871,16:21:11,58740.0,16:19:00,58894,16:21:34,23,00:00:23,doors opened
07/11/2025,12,4232,Friday,Weekday,East,15651765.0,57300,15:55:00,57403,15:56:43,10,3257,Washington Ave & N. Main Ave (03257),2,1,23,,,58747,16:19:07,,,58779,16:19:39,32,00:00:32,doors opened
07/11/2025,12,4232,Friday,Weekday,East,15651765.0,57300,15:55:00,57403,15:56:43,9,1796,Washington Ave & N. Allen St (01796),0,7,22,58500.0,16:15:00,58691,16:18:11,58500.0,16:15:00,58715,16:18:35,24,00:00:24,doors opened
07/11/2025,12,4232,Friday,Weekday,East,15651765.0,57300,15:55:00,57403,15:56:43,8,11581,Washington Ave & Manning Blvd (11581),0,2,29,,,58644,16:17:24,,,58662,16:17:42,18,00:00:18,doors opened
07/11/2025,12,4232,Friday,Weekday,East,15651765.0,57300,15:55:00,57403,15:56:43,7,2180,Washington Ave & Homestead Ave (02180),0,0,31,,,58626,16:17:06,,,58626,16:17:06,0,00:00:00,door not opened
07/11/2025,12,4232,Friday,Weekday,East,15651765.0,57300,15:55:00,57403,15:56:43,6,2182,Washington Ave & Hawthorne St (02182),0,2,31,,,58570,16:16:10,,,58587,16:16:27,17,00:00:17,doors opened
07/11/2025,12,4232,Friday,Weekday,East,15651765.0,57300,15:55:00,57403,15:56:43,5,3304,Washington Ave & Clermont St (03304),0,0,33,,,58550,16:15:50,,,58550,16:15:50,0,00:00:00,door not opened
07/11/2025,12,4232,Friday,Weekday,East,15651765.0,57300,15:55:00,57403,15:56:43,4,3348,Washington Ave & Brevator St (03348),1,0,33,,,58520,16:15:20,,,58533,16:15:33,13,00:00:13,doors opened
07/11/2025,12,4232,Friday,Weekday,East,15651765.0,57300,15:55:00,57403,15:56:43,3,10134,Washington Ave & SUNY Exit Rd (10134),8,0,32,,,58357,16:12:37,,,58417,16:13:37,60,00:01:00,doors opened
07/11/2025,12,4232,Friday,Weekday,East,15651765.0,57300,15:55:00,57403,15:56:43,2,7216,SUNY Collins Circle (07216),5,0,24,57960.0,16:06:00,58093,16:08:13,57960.0,16:06:00,58169,16:09:29,76,00:01:16,doors opened
07/11/2025,12,4232,Friday,Weekday,East,15651765.0,57300,15:55:00,57403,15:56:43,1,12827,Crossgates Commons Station (12827),11,1,19,57660.0,16:01:00,57750,16:02:30,57660.0,16:01:00,57832,16:03:52,82,00:01:22,doors opened
07/11/2025,12,4232,Friday,Weekday,East,15651765.0,57300,15:55:00,57403,15:56:43,0,7175,Crossgates Mall Station (07175),9,0,9,57300.0,15:55:00,57403,15:56:43,57300.0,15:55:00,57403,15:56:43,0,00:00:00,doors opened
07/11/2025,12,4232,Friday,Weekday,West,15651767.0,60000,16:40:00,60126,16:42:06,21,1959,Washington Ave & Colvin Ave (01959),0,2,19,,,61440,17:04:00,,,61489,17:04:49,49,00:00:49,doors opened
07/11/2025,12,4232,Friday,Weekday,West,15651767.0,60000,16:40:00,60126,16:42:06,20,3399,Washington Ave & Danker Ave (03399),0,0,21,,,61421,17:03:41,,,61421,17:03:41,0,00:00:00,door not opened
07/11/2025,12,4232,Friday,Weekday,West,15651767.0,60000,16:40:00,60126,16:42:06,19,1849,Washington Ave & Homestead Ave (01849),0,0,21,,,61400,17:03:20,,,61400,17:03:20,0,00:00:00,door not opened
07/11/2025,12,4232,Friday,Weekday,West,15651767.0,60000,16:40:00,60126,16:42:06,18,1846,Washington Ave & Manning Blvd (01846),2,0,21,,,61323,17:02:03,,,61375,17:02:55,52,00:00:52,doors opened
07/11/2025,12,4232,Friday,Weekday,West,15651767.0,60000,16:40:00,60126,16:42:06,17,3287,Washington Ave & N. Allen St (03287),1,2,19,61380.0,17:03:00,61272,17:01:12,61380.0,17:03:00,61295,17:01:35,23,00:00:23,doors opened
07/11/2025,12,4232,Friday,Weekday,West,15651767.0,60000,16:40:00,60126,16:42:06,16,3264,Washington Ave & N. Main Ave (03264),0,1,20,,,61210,17:00:10,,,61241,17:00:41,31,00:00:31,doors opened
07/11/2025,12,4232,Friday,Weekday,West,15651767.0,60000,16:40:00,60126,16:42:06,15,1839,Washington Ave & Partridge St (01839),0,2,21,,,61100,16:58:20,,,61116,16:58:36,16,00:00:16,doors opened
07/11/2025,12,4232,Friday,Weekday,West,15651767.0,60000,16:40:00,60126,16:42:06,14,1841,Washington Ave & Ontario St (01841),6,1,23,61080.0,16:58:00,61043,16:57:23,61080.0,16:58:00,61074,16:57:54,31,00:00:31,doors opened
07/11/2025,12,4232,Friday,Weekday,West,15651767.0,60000,16:40:00,60126,16:42:06,13,1842,Washington Ave & Quail St (01842),3,4,18,,,61001,16:56:41,,,61020,16:57:00,19,00:00:19,doors opened
07/11/2025,12,4232,Friday,Weekday,West,15651767.0,60000,16:40:00,60126,16:42:06,12,1837,Washington Ave & N. Lake Ave (01837),1,1,19,,,60928,16:55:28,,,60975,16:56:15,47,00:00:47,doors opened
07/11/2025,12,4232,Friday,Weekday,West,15651767.0,60000,16:40:00,60126,16:42:06,11,1843,Washington Ave & Robin St (01843),0,0,19,,,60909,16:55:09,,,60909,16:55:09,0,00:00:00,door not opened
07/11/2025,12,4232,Friday,Weekday,West,15651767.0,60000,16:40:00,60126,16:42:06,10,12943,Washington Ave & Lexington Ave (12943),0,0,19,,,60894,16:54:54,,,60894,16:54:54,0,00:00:00,door not opened
07/11/2025,12,4232,Friday,Weekday,West,15651767.0,60000,16:40:00,60126,16:42:06,9,12942,Washington Ave & Henry Johnson Blvd (12942),3,0,19,,,60831,16:53:51,,,60848,16:54:08,17,00:00:17,doors opened
07/11/2025,12,4232,Friday,Weekday,West,15651767.0,60000,16:40:00,60126,16:42:06,8,3239,Lark/Library Station - Washington Ave & Lark St (03239),4,0,16,60660.0,16:51:00,60662,16:51:02,60660.0,16:51:00,60769,16:52:49,107,00:01:47,doors opened
07/11/2025,12,4232,Friday,Weekday,West,15651767.0,60000,16:40:00,60126,16:42:06,7,3301,Washington Ave & S. Swan St (03301),1,0,12,,,60556,16:49:16,,,60600,16:50:00,44,00:00:44,doors opened
07/11/2025,12,4232,Friday,Weekday,West,15651767.0,60000,16:40:00,60126,16:42:06,6,3250,Hawk/Capitol Station - Washington Ave & Hawk St (03250),2,0,11,,,60499,16:48:19,,,60530,16:48:50,31,00:00:31,doors opened
07/11/2025,12,4232,Friday,Weekday,West,15651767.0,60000,16:40:00,60126,16:42:06,5,10087,State St & Eagle St (10087),4,0,9,,,60448,16:47:28,,,60470,16:47:50,22,00:00:22,doors opened
07/11/2025,12,4232,Friday,Weekday,West,15651767.0,60000,16:40:00,60126,16:42:06,4,2665,State/Downtown Station - State St & Lodge St (02665),2,0,5,60300.0,16:45:00,60403,16:46:43,60300.0,16:45:00,60418,16:46:58,15,00:00:15,doors opened
07/11/2025,12,4232,Friday,Weekday,West,15651767.0,60000,16:40:00,60126,16:42:06,3,3221,State Station - N. Pearl St & Ten Eyck Plaza (03221),0,0,3,,,60315,16:45:15,,,60315,16:45:15,0,00:00:00,door not opened
07/11/2025,12,4232,Friday,Weekday,West,15651767.0,60000,16:40:00,60126,16:42:06,2,3233,N. Pearl St & Sheridan Ave (03233),0,0,3,,,60281,16:44:41,,,60281,16:44:41,0,00:00:00,door not opened
07/11/2025,12,4232,Friday,Weekday,West,15651767.0,60000,16:40:00,60126,16:42:06,1,2168,Clinton Square Station - N. Pearl St & Clinton Ave (02168),1,0,3,,,60171,16:42:51,,,60237,16:43:57,66,00:01:06,doors opened
07/11/2025,12,4232,Friday,Weekday,West,15651767.0,60000,16:40:00,60126,16:42:06,0,9018,Broadway & Orange St (09018),2,0,2,60000.0,16:40:00,60126,16:42:06,60000.0,16:40:00,60126,16:42:06,0,00:00:00,doors opened
07/11/2025,12,4232,Friday,Weekday,West,15651767.0,60000,16:40:00,60126,16:42:06,27,7175,Crossgates Mall Station (07175),0,13,0,62700.0,17:25:00,62435,17:20:35,62700.0,17:25:00,62435,17:20:35,0,00:00:00,doors opened
07/11/2025,12,4232,Friday,Weekday,West,15651767.0,60000,16:40:00,60126,16:42:06,26,12828,Crossgates Commons Station (12828),4,8,13,62280.0,17:18:00,62170,17:16:10,62280.0,17:18:00,62207,17:16:47,37,00:00:37,doors opened
07/11/2025,12,4232,Friday,Weekday,West,15651767.0,60000,16:40:00,60126,16:42:06,25,12891,1475 Washington Ave (12891),0,0,17,,,61955,17:12:35,,,61955,17:12:35,0,00:00:00,door not opened
07/11/2025,12,4232,Friday,Weekday,West,15651767.0,60000,16:40:00,60126,16:42:06,24,7216,SUNY Collins Circle (07216),2,3,17,61860.0,17:11:00,61769,17:09:29,61860.0,17:11:00,61793,17:09:53,24,00:00:24,doors opened
07/11/2025,12,4232,Friday,Weekday,West,15651767.0,60000,16:40:00,60126,16:42:06,23,3262,1383 Washington Ave (Fairfield Inn) (03262),0,3,18,,,61634,17:07:14,,,61649,17:07:29,15,00:00:15,doors opened
07/11/2025,12,4232,Friday,Weekday,West,15651767.0,60000,16:40:00,60126,16:42:06,22,976,Washington Ave & Brevator St (00976),2,0,21,,,61514,17:05:14,,,61529,17:05:29,15,00:00:15,doors opened
07/11/2025,12,4232,Friday,Weekday,East,15651768.0,63300,17:35:00,63556,17:39:16,23,2509,State/Downtown Station - State St & S. Pearl St (02509),0,3,0,65340.0,18:09:00,65434,18:10:34,65340.0,18:09:00,65434,18:10:34,0,00:00:00,doors opened
07/11/2025,12,4232,Friday,Weekday,East,15651768.0,63300,17:35:00,63556,17:39:16,22,1787,State St & Eagle St (01787),0,0,3,,,65400,18:10:00,,,65400,18:10:00,0,00:00:00,door not opened
07/11/2025,12,4232,Friday,Weekday,East,15651768.0,63300,17:35:00,63556,17:39:16,21,2706,Hawk/Capitol Station - Washington Ave & Hawk St (02706),0,0,3,,,65279,18:07:59,,,65279,18:07:59,0,00:00:00,door not opened
07/11/2025,12,4232,Friday,Weekday,East,15651768.0,63300,17:35:00,63556,17:39:16,20,1789,Washington Ave & S. Swan St (01789),0,0,3,,,65261,18:07:41,,,65261,18:07:41,0,00:00:00,door not opened
07/11/2025,12,4232,Friday,Weekday,East,15651768.0,63300,17:35:00,63556,17:39:16,19,1788,Washington Ave & Dove St (01788),0,1,3,,,65226,18:07:06,,,65238,18:07:18,12,00:00:12,doors opened
07/11/2025,12,4232,Friday,Weekday,East,15651768.0,63300,17:35:00,63556,17:39:16,18,2663,Lark/Library Station - Washington Ave & Lark St (02663),0,6,4,65040.0,18:04:00,65180,18:06:20,65040.0,18:04:00,65202,18:06:42,22,00:00:22,doors opened
07/11/2025,12,4232,Friday,Weekday,East,15651768.0,63300,17:35:00,63556,17:39:16,17,263,Washington Ave & Henry Johnson Blvd (00263),0,0,10,,,65142,18:05:42,,,65142,18:05:42,0,00:00:00,door not opened
07/11/2025,12,4232,Friday,Weekday,East,15651768.0,63300,17:35:00,63556,17:39:16,16,2096,Washington Ave & Lexington Ave (02096),1,1,10,,,64982,18:03:02,,,65076,18:04:36,94,00:01:34,doors opened
07/11/2025,12,4232,Friday,Weekday,East,15651768.0,63300,17:35:00,63556,17:39:16,15,3253,Washington Ave & Robin St (Draper Hall) (03253),0,0,10,,,64964,18:02:44,,,64964,18:02:44,0,00:00:00,door not opened
07/11/2025,12,4232,Friday,Weekday,East,15651768.0,63300,17:35:00,63556,17:39:16,14,2109,Washington Ave & N. Lake Ave (02109),0,0,10,,,64944,18:02:24,,,64944,18:02:24,0,00:00:00,door not opened
07/11/2025,12,4232,Friday,Weekday,East,15651768.0,63300,17:35:00,63556,17:39:16,13,3255,Washington Ave & Quail St (03255),5,3,10,,,64863,18:01:03,,,64911,18:01:51,48,00:00:48,doors opened
07/11/2025,12,4232,Friday,Weekday,East,15651768.0,63300,17:35:00,63556,17:39:16,12,3256,Washington Ave & Ontario St (03256),0,0,8,64620.0,17:57:00,64846,18:00:46,64620.0,17:57:00,64846,18:00:46,0,00:00:00,door not opened
07/11/2025,12,4232,Friday,Weekday,East,15651768.0,63300,17:35:00,63556,17:39:16,11,2107,Washington Ave & Partridge St (02107),1,0,8,,,64809,18:00:09,,,64825,18:00:25,16,00:00:16,doors opened
07/11/2025,12,4232,Friday,Weekday,East,15651768.0,63300,17:35:00,63556,17:39:16,10,3257,Washington Ave & N. Main Ave (03257),1,1,7,,,64678,17:57:58,,,64721,17:58:41,43,00:00:43,doors opened
07/11/2025,12,4232,Friday,Weekday,East,15651768.0,63300,17:35:00,63556,17:39:16,9,1796,Washington Ave & N. Allen St (01796),0,5,7,64440.0,17:54:00,64631,17:57:11,64440.0,17:54:00,64650,17:57:30,19,00:00:19,doors opened
07/11/2025,12,4232,Friday,Weekday,East,15651768.0,63300,17:35:00,63556,17:39:16,8,11581,Washington Ave & Manning Blvd (11581),0,1,12,,,64586,17:56:26,,,64603,17:56:43,17,00:00:17,doors opened
07/11/2025,12,4232,Friday,Weekday,East,15651768.0,63300,17:35:00,63556,17:39:16,7,2180,Washington Ave & Homestead Ave (02180),0,1,13,,,64539,17:55:39,,,64564,17:56:04,25,00:00:25,doors opened
07/11/2025,12,4232,Friday,Weekday,East,15651768.0,63300,17:35:00,63556,17:39:16,6,2182,Washington Ave & Hawthorne St (02182),0,0,14,,,64495,17:54:55,,,64515,17:55:15,20,00:00:20,doors opened
07/11/2025,12,4232,Friday,Weekday,East,15651768.0,63300,17:35:00,63556,17:39:16,5,3304,Washington Ave & Clermont St (03304),1,1,14,,,64436,17:53:56,,,64468,17:54:28,32,00:00:32,doors opened
07/11/2025,12,4232,Friday,Weekday,East,15651768.0,63300,17:35:00,63556,17:39:16,4,3348,Washington Ave & Brevator St (03348),0,0,14,,,64423,17:53:43,,,64423,17:53:43,0,00:00:00,door not opened
07/11/2025,12,4232,Friday,Weekday,East,15651768.0,63300,17:35:00,63556,17:39:16,3,10134,Washington Ave & SUNY Exit Rd (10134),1,2,14,,,64296,17:51:36,,,64314,17:51:54,18,00:00:18,doors opened
07/11/2025,12,4232,Friday,Weekday,East,15651768.0,63300,17:35:00,63556,17:39:16,2,7216,SUNY Collins Circle (07216),1,2,15,63960.0,17:46:00,64180,17:49:40,63960.0,17:46:00,64195,17:49:55,15,00:00:15,doors opened
07/11/2025,12,4232,Friday,Weekday,East,15651768.0,63300,17:35:00,63556,17:39:16,1,12827,Crossgates Commons Station (12827),13,5,16,63660.0,17:41:00,63809,17:43:29,63660.0,17:41:00,63921,17:45:21,112,00:01:52,doors opened
07/11/2025,12,4232,Friday,Weekday,East,15651768.0,63300,17:35:00,63556,17:39:16,0,7175,Crossgates Mall Station (07175),8,0,8,63300.0,17:35:00,63556,17:39:16,63300.0,17:35:00,63556,17:39:16,0,00:00:00,doors opened
07/11/2025,12,4232,Friday,Weekday,West,15650642.0,40800,11:20:00,40845,11:20:45,27,7175,Crossgates Mall Station (07175),0,10,0,43200.0,12:00:00,43047,11:57:27,43200.0,12:00:00,43047,11:57:27,0,00:00:00,doors opened
07/11/2025,12,4232,Friday,Weekday,West,15650642.0,40800,11:20:00,40845,11:20:45,26,12828,Crossgates Commons Station (12828),0,8,10,42780.0,11:53:00,42790,11:53:10,42780.0,11:53:00,42812,11:53:32,22,00:00:22,doors opened
07/11/2025,12,4232,Friday,Weekday,West,15650642.0,40800,11:20:00,40845,11:20:45,25,12891,1475 Washington Ave (12891),0,0,18,,,42640,11:50:40,,,42640,11:50:40,0,00:00:00,door not opened
07/11/2025,12,4232,Friday,Weekday,West,15650642.0,40800,11:20:00,40845,11:20:45,24,7216,SUNY Collins Circle (07216),0,1,18,42420.0,11:47:00,42476,11:47:56,42420.0,11:47:00,42489,11:48:09,13,00:00:13,doors opened
07/11/2025,12,4232,Friday,Weekday,West,15650642.0,40800,11:20:00,40845,11:20:45,23,3262,1383 Washington Ave (Fairfield Inn) (03262),0,5,19,,,42353,11:45:53,,,42374,11:46:14,21,00:00:21,doors opened
07/11/2025,12,4232,Friday,Weekday,West,15650642.0,40800,11:20:00,40845,11:20:45,22,976,Washington Ave & Brevator St (00976),2,0,24,,,42159,11:42:39,,,42178,11:42:58,19,00:00:19,doors opened
07/11/2025,12,4232,Friday,Weekday,West,15650642.0,40800,11:20:00,40845,11:20:45,21,1959,Washington Ave & Colvin Ave (01959),2,0,22,,,42074,11:41:14,,,42139,11:42:19,65,00:01:05,doors opened
07/11/2025,12,4232,Friday,Weekday,West,15650642.0,40800,11:20:00,40845,11:20:45,20,3399,Washington Ave & Danker Ave (03399),0,0,20,,,42054,11:40:54,,,42054,11:40:54,0,00:00:00,door not opened
07/11/2025,12,4232,Friday,Weekday,West,15650642.0,40800,11:20:00,40845,11:20:45,19,1849,Washington Ave & Homestead Ave (01849),2,1,20,,,42016,11:40:16,,,42033,11:40:33,17,00:00:17,doors opened
07/11/2025,12,4232,Friday,Weekday,West,15650642.0,40800,11:20:00,40845,11:20:45,18,1846,Washington Ave & Manning Blvd (01846),0,0,19,,,41999,11:39:59,,,41999,11:39:59,0,00:00:00,door not opened
07/11/2025,12,4232,Friday,Weekday,West,15650642.0,40800,11:20:00,40845,11:20:45,17,3287,Washington Ave & N. Allen St (03287),3,1,19,42000.0,11:40:00,41904,11:38:24,42000.0,11:40:00,41937,11:38:57,33,00:00:33,doors opened
07/11/2025,12,4232,Friday,Weekday,West,15650642.0,40800,11:20:00,40845,11:20:45,16,3264,Washington Ave & N. Main Ave (03264),4,0,17,,,41820,11:37:00,,,41873,11:37:53,53,00:00:53,doors opened
07/11/2025,12,4232,Friday,Weekday,West,15650642.0,40800,11:20:00,40845,11:20:45,15,1839,Washington Ave & Partridge St (01839),0,0,13,,,41755,11:35:55,,,41755,11:35:55,0,00:00:00,door not opened
07/11/2025,12,4232,Friday,Weekday,West,15650642.0,40800,11:20:00,40845,11:20:45,14,1841,Washington Ave & Ontario St (01841),0,0,13,41760.0,11:36:00,41736,11:35:36,41760.0,11:36:00,41736,11:35:36,0,00:00:00,door not opened
07/11/2025,12,4232,Friday,Weekday,West,15650642.0,40800,11:20:00,40845,11:20:45,13,1842,Washington Ave & Quail St (01842),3,0,13,,,41674,11:34:34,,,41718,11:35:18,44,00:00:44,doors opened
07/11/2025,12,4232,Friday,Weekday,West,15650642.0,40800,11:20:00,40845,11:20:45,12,1837,Washington Ave & N. Lake Ave (01837),0,0,10,,,41652,11:34:12,,,41652,11:34:12,0,00:00:00,door not opened
07/11/2025,12,4232,Friday,Weekday,West,15650642.0,40800,11:20:00,40845,11:20:45,11,1843,Washington Ave & Robin St (01843),1,0,10,,,41581,11:33:01,,,41592,11:33:12,11,00:00:11,doors opened
07/11/2025,12,4232,Friday,Weekday,West,15650642.0,40800,11:20:00,40845,11:20:45,10,12943,Washington Ave & Lexington Ave (12943),1,0,9,,,41532,11:32:12,,,41546,11:32:26,14,00:00:14,doors opened
07/11/2025,12,4232,Friday,Weekday,West,15650642.0,40800,11:20:00,40845,11:20:45,9,12942,Washington Ave & Henry Johnson Blvd (12942),1,0,8,,,41445,11:30:45,,,41464,11:31:04,19,00:00:19,doors opened
07/11/2025,12,4232,Friday,Weekday,West,15650642.0,40800,11:20:00,40845,11:20:45,8,3239,Lark/Library Station - Washington Ave & Lark St (03239),1,2,7,41340.0,11:29:00,41398,11:29:58,41340.0,11:29:00,41415,11:30:15,17,00:00:17,doors opened
07/11/2025,12,4232,Friday,Weekday,West,15650642.0,40800,11:20:00,40845,11:20:45,7,3301,Washington Ave & S. Swan St (03301),0,0,8,,,41336,11:28:56,,,41336,11:28:56,0,00:00:00,door not opened
07/11/2025,12,4232,Friday,Weekday,West,15650642.0,40800,11:20:00,40845,11:20:45,6,3250,Hawk/Capitol Station - Washington Ave & Hawk St (03250),2,0,8,,,41294,11:28:14,,,41312,11:28:32,18,00:00:18,doors opened
07/11/2025,12,4232,Friday,Weekday,West,15650642.0,40800,11:20:00,40845,11:20:45,5,10087,State St & Eagle St (10087),0,0,6,,,41271,11:27:51,,,41271,11:27:51,0,00:00:00,door not opened
07/11/2025,12,4232,Friday,Weekday,West,15650642.0,40800,11:20:00,40845,11:20:45,4,2665,State/Downtown Station - State St & Lodge St (02665),3,0,6,41040.0,11:24:00,41122,11:25:22,41040.0,11:24:00,41192,11:26:32,70,00:01:10,doors opened
07/11/2025,12,4232,Friday,Weekday,West,15650642.0,40800,11:20:00,40845,11:20:45,3,3221,State Station - N. Pearl St & Ten Eyck Plaza (03221),2,0,3,,,41037,11:23:57,,,41100,11:25:00,63,00:01:03,doors opened
07/11/2025,12,4232,Friday,Weekday,West,15650642.0,40800,11:20:00,40845,11:20:45,2,3233,N. Pearl St & Sheridan Ave (03233),0,0,1,,,40957,11:22:37,,,40957,11:22:37,0,00:00:00,door not opened
07/11/2025,12,4232,Friday,Weekday,West,15650642.0,40800,11:20:00,40845,11:20:45,1,2168,Clinton Square Station - N. Pearl St & Clinton Ave (02168),1,0,1,,,40929,11:22:09,,,40939,11:22:19,10,00:00:10,doors opened
07/11/2025,12,4232,Friday,Weekday,West,15650642.0,40800,11:20:00,40845,11:20:45,0,9018,Broadway & Orange St (09018),0,0,0,40800.0,11:20:00,40845,11:20:45,40800.0,11:20:00,40845,11:20:45,0,00:00:00,door not opened
07/11/2025,12,4232,Friday,Weekday,West,15650646.0,46800,13:00:00,46811,13:00:11,27,7175,Crossgates Mall Station (07175),0,12,0,49200.0,13:40:00,48983,13:36:23,49200.0,13:40:00,48983,13:36:23,0,00:00:00,doors opened
07/11/2025,12,4232,Friday,Weekday,West,15650646.0,46800,13:00:00,46811,13:00:11,26,12828,Crossgates Commons Station (12828),4,6,12,48780.0,13:33:00,48742,13:32:22,48780.0,13:33:00,48790,13:33:10,48,00:00:48,doors opened
07/11/2025,12,4232,Friday,Weekday,West,15650646.0,46800,13:00:00,46811,13:00:11,25,12891,1475 Washington Ave (12891),1,0,14,,,48550,13:29:10,,,48560,13:29:20,10,00:00:10,doors opened
07/11/2025,12,4232,Friday,Weekday,West,15650646.0,46800,13:00:00,46811,13:00:11,24,7216,SUNY Collins Circle (07216),0,0,13,48420.0,13:27:00,48374,13:26:14,48420.0,13:27:00,48374,13:26:14,0,00:00:00,door not opened
07/11/2025,12,4232,Friday,Weekday,West,15650646.0,46800,13:00:00,46811,13:00:11,23,3262,1383 Washington Ave (Fairfield Inn) (03262),0,0,13,,,48232,13:23:52,,,48232,13:23:52,0,00:00:00,door not opened
07/11/2025,12,4232,Friday,Weekday,West,15650646.0,46800,13:00:00,46811,13:00:11,22,976,Washington Ave & Brevator St (00976),1,1,13,,,48080,13:21:20,,,48100,13:21:40,20,00:00:20,doors opened
07/11/2025,12,4232,Friday,Weekday,West,15650646.0,46800,13:00:00,46811,13:00:11,21,1959,Washington Ave & Colvin Ave (01959),1,0,13,,,48011,13:20:11,,,48058,13:20:58,47,00:00:47,doors opened
07/11/2025,12,4232,Friday,Weekday,West,15650646.0,46800,13:00:00,46811,13:00:11,20,3399,Washington Ave & Danker Ave (03399),0,0,12,,,47991,13:19:51,,,47991,13:19:51,0,00:00:00,door not opened
07/11/2025,12,4232,Friday,Weekday,West,15650646.0,46800,13:00:00,46811,13:00:11,19,1849,Washington Ave & Homestead Ave (01849),0,1,12,,,47958,13:19:18,,,47971,13:19:31,13,00:00:13,doors opened
07/11/2025,12,4232,Friday,Weekday,West,15650646.0,46800,13:00:00,46811,13:00:11,18,1846,Washington Ave & Manning Blvd (01846),1,1,13,,,47910,13:18:30,,,47938,13:18:58,28,00:00:28,doors opened
07/11/2025,12,4232,Friday,Weekday,West,15650646.0,46800,13:00:00,46811,13:00:11,17,3287,Washington Ave & N. Allen St (03287),2,0,13,48000.0,13:20:00,47862,13:17:42,48000.0,13:20:00,47883,13:18:03,21,00:00:21,doors opened
07/11/2025,12,4232,Friday,Weekday,West,15650646.0,46800,13:00:00,46811,13:00:11,16,3264,Washington Ave & N. Main Ave (03264),1,0,11,,,47815,13:16:55,,,47833,13:17:13,18,00:00:18,doors opened
07/11/2025,12,4232,Friday,Weekday,West,15650646.0,46800,13:00:00,46811,13:00:11,15,1839,Washington Ave & Partridge St (01839),1,0,10,,,47677,13:14:37,,,47742,13:15:42,65,00:01:05,doors opened
07/11/2025,12,4232,Friday,Weekday,West,15650646.0,46800,13:00:00,46811,13:00:11,14,1841,Washington Ave & Ontario St (01841),1,0,9,47760.0,13:16:00,47629,13:13:49,47760.0,13:16:00,47654,13:14:14,25,00:00:25,doors opened
07/11/2025,12,4232,Friday,Weekday,West,15650646.0,46800,13:00:00,46811,13:00:11,13,1842,Washington Ave & Quail St (01842),1,0,8,,,47553,13:12:33,,,47607,13:13:27,54,00:00:54,doors opened
07/11/2025,12,4232,Friday,Weekday,West,15650646.0,46800,13:00:00,46811,13:00:11,12,1837,Washington Ave & N. Lake Ave (01837),0,6,7,,,47509,13:11:49,,,47530,13:12:10,21,00:00:21,doors opened
07/11/2025,12,4232,Friday,Weekday,West,15650646.0,46800,13:00:00,46811,13:00:11,11,1843,Washington Ave & Robin St (01843),0,1,13,,,47477,13:11:17,,,47486,13:11:26,9,00:00:09,doors opened
07/11/2025,12,4232,Friday,Weekday,West,15650646.0,46800,13:00:00,46811,13:00:11,10,12943,Washington Ave & Lexington Ave (12943),0,0,14,,,47442,13:10:42,,,47451,13:10:51,9,00:00:09,doors opened
07/11/2025,12,4232,Friday,Weekday,West,15650646.0,46800,13:00:00,46811,13:00:11,9,12942,Washington Ave & Henry Johnson Blvd (12942),1,0,14,,,47405,13:10:05,,,47417,13:10:17,12,00:00:12,doors opened
07/11/2025,12,4232,Friday,Weekday,West,15650646.0,46800,13:00:00,46811,13:00:11,8,3239,Lark/Library Station - Washington Ave & Lark St (03239),3,1,13,47340.0,13:09:00,47350,13:09:10,47340.0,13:09:00,47367,13:09:27,17,00:00:17,doors opened
07/11/2025,12,4232,Friday,Weekday,West,15650646.0,46800,13:00:00,46811,13:00:11,7,3301,Washington Ave & S. Swan St (03301),2,1,11,,,47229,13:07:09,,,47314,13:08:34,85,00:01:25,doors opened
07/11/2025,12,4232,Friday,Weekday,West,15650646.0,46800,13:00:00,46811,13:00:11,6,3250,Hawk/Capitol Station - Washington Ave & Hawk St (03250),3,0,10,,,47159,13:05:59,,,47199,13:06:39,40,00:00:40,doors opened
07/11/2025,12,4232,Friday,Weekday,West,15650646.0,46800,13:00:00,46811,13:00:11,5,10087,State St & Eagle St (10087),0,0,7,,,47134,13:05:34,,,47134,13:05:34,0,00:00:00,door not opened
07/11/2025,12,4232,Friday,Weekday,West,15650646.0,46800,13:00:00,46811,13:00:11,4,2665,State/Downtown Station - State St & Lodge St (02665),2,0,7,47040.0,13:04:00,47013,13:03:33,47040.0,13:04:00,47050,13:04:10,37,00:00:37,doors opened
07/11/2025,12,4232,Friday,Weekday,West,15650646.0,46800,13:00:00,46811,13:00:11,3,3221,State Station - N. Pearl St & Ten Eyck Plaza (03221),1,0,5,,,46903,13:01:43,,,46988,13:03:08,85,00:01:25,doors opened
07/11/2025,12,4232,Friday,Weekday,West,15650646.0,46800,13:00:00,46811,13:00:11,2,3233,N. Pearl St & Sheridan Ave (03233),0,0,4,,,46870,13:01:10,,,46870,13:01:10,0,00:00:00,door not opened
07/11/2025,12,4232,Friday,Weekday,West,15650646.0,46800,13:00:00,46811,13:00:11,1,2168,Clinton Square Station - N. Pearl St & Clinton Ave (02168),3,0,4,,,46833,13:00:33,,,46857,13:00:57,24,00:00:24,doors opened
07/11/2025,12,4232,Friday,Weekday,West,15650646.0,46800,13:00:00,46811,13:00:11,0,9018,Broadway & Orange St (09018),0,0,1,46800.0,13:00:00,46811,13:00:11,46800.0,13:00:00,46811,13:00:11,0,00:00:00,door not opened
07/11/2025,12,4232,Friday,Weekday,West,15650629.0,24300,06:45:00,24368,06:46:08,20,3399,Washington Ave & Danker Ave (03399),0,1,12,,,25548,07:05:48,,,25566,07:06:06,18,00:00:18,doors opened
07/11/2025,12,4232,Friday,Weekday,West,15650629.0,24300,06:45:00,24368,06:46:08,19,1849,Washington Ave & Homestead Ave (01849),0,0,13,,,25529,07:05:29,,,25529,07:05:29,0,00:00:00,door not opened
07/11/2025,12,4232,Friday,Weekday,West,15650629.0,24300,06:45:00,24368,06:46:08,18,1846,Washington Ave & Manning Blvd (01846),1,0,13,,,25452,07:04:12,,,25497,07:04:57,45,00:00:45,doors opened
07/11/2025,12,4232,Friday,Weekday,West,15650629.0,24300,06:45:00,24368,06:46:08,17,3287,Washington Ave & N. Allen St (03287),2,1,12,25440.0,07:04:00,25399,07:03:19,25440.0,07:04:00,25425,07:03:45,26,00:00:26,doors opened
07/11/2025,12,4232,Friday,Weekday,West,15650629.0,24300,06:45:00,24368,06:46:08,16,3264,Washington Ave & N. Main Ave (03264),0,0,11,,,25373,07:02:53,,,25373,07:02:53,0,00:00:00,door not opened
07/11/2025,12,4232,Friday,Weekday,West,15650629.0,24300,06:45:00,24368,06:46:08,15,1839,Washington Ave & Partridge St (01839),2,0,11,,,25178,06:59:38,,,25243,07:00:43,65,00:01:05,doors opened
07/11/2025,12,4232,Friday,Weekday,West,15650629.0,24300,06:45:00,24368,06:46:08,14,1841,Washington Ave & Ontario St (01841),1,2,9,25200.0,07:00:00,25121,06:58:41,25200.0,07:00:00,25154,06:59:14,33,00:00:33,doors opened
07/11/2025,12,4232,Friday,Weekday,West,15650629.0,24300,06:45:00,24368,06:46:08,13,1842,Washington Ave & Quail St (01842),2,1,10,,,25056,06:57:36,,,25099,06:58:19,43,00:00:43,doors opened
07/11/2025,12,4232,Friday,Weekday,West,15650629.0,24300,06:45:00,24368,06:46:08,12,1837,Washington Ave & N. Lake Ave (01837),0,0,9,,,25033,06:57:13,,,25033,06:57:13,0,00:00:00,door not opened
07/11/2025,12,4232,Friday,Weekday,West,15650629.0,24300,06:45:00,24368,06:46:08,11,1843,Washington Ave & Robin St (01843),1,0,9,,,24982,06:56:22,,,24995,06:56:35,13,00:00:13,doors opened
07/11/2025,12,4232,Friday,Weekday,West,15650629.0,24300,06:45:00,24368,06:46:08,10,12943,Washington Ave & Lexington Ave (12943),0,0,8,,,24961,06:56:01,,,24961,06:56:01,0,00:00:00,door not opened
07/11/2025,12,4232,Friday,Weekday,West,15650629.0,24300,06:45:00,24368,06:46:08,9,12942,Washington Ave & Henry Johnson Blvd (12942),0,0,8,,,24885,06:54:45,,,24885,06:54:45,0,00:00:00,door not opened
07/11/2025,12,4232,Friday,Weekday,West,15650629.0,24300,06:45:00,24368,06:46:08,8,3239,Lark/Library Station - Washington Ave & Lark St (03239),1,0,8,24840.0,06:54:00,24779,06:52:59,24840.0,06:54:00,24793,06:53:13,14,00:00:14,doors opened
07/11/2025,12,4232,Friday,Weekday,West,15650629.0,24300,06:45:00,24368,06:46:08,7,3301,Washington Ave & S. Swan St (03301),2,1,7,,,24682,06:51:22,,,24706,06:51:46,24,00:00:24,doors opened
07/11/2025,12,4232,Friday,Weekday,West,15650629.0,24300,06:45:00,24368,06:46:08,6,3250,Hawk/Capitol Station - Washington Ave & Hawk St (03250),0,0,6,,,24659,06:50:59,,,24659,06:50:59,0,00:00:00,door not opened
07/11/2025,12,4232,Friday,Weekday,West,15650629.0,24300,06:45:00,24368,06:46:08,5,10087,State St & Eagle St (10087),0,0,6,,,24641,06:50:41,,,24641,06:50:41,0,00:00:00,door not opened
07/11/2025,12,4232,Friday,Weekday,West,15650629.0,24300,06:45:00,24368,06:46:08,4,2665,State/Downtown Station - State St & Lodge St (02665),1,0,6,24540.0,06:49:00,24603,06:50:03,24540.0,06:49:00,24617,06:50:17,14,00:00:14,doors opened
07/11/2025,12,4232,Friday,Weekday,West,15650629.0,24300,06:45:00,24368,06:46:08,3,3221,State Station - N. Pearl St & Ten Eyck Plaza (03221),2,0,5,,,24512,06:48:32,,,24583,06:49:43,71,00:01:11,doors opened
07/11/2025,12,4232,Friday,Weekday,West,15650629.0,24300,06:45:00,24368,06:46:08,2,3233,N. Pearl St & Sheridan Ave (03233),0,0,3,,,24471,06:47:51,,,24471,06:47:51,0,00:00:00,door not opened
07/11/2025,12,4232,Friday,Weekday,West,15650629.0,24300,06:45:00,24368,06:46:08,1,2168,Clinton Square Station - N. Pearl St & Clinton Ave (02168),2,0,3,,,24416,06:46:56,,,24459,06:47:39,43,00:00:43,doors opened
07/11/2025,12,4232,Friday,Weekday,West,15650629.0,24300,06:45:00,24368,06:46:08,0,9018,Broadway & Orange St (09018),0,0,1,24300.0,06:45:00,24368,06:46:08,24300.0,06:45:00,24368,06:46:08,0,00:00:00,door not opened
07/11/2025,12,4232,Friday,Weekday,West,15650629.0,24300,06:45:00,24368,06:46:08,27,7175,Crossgates Mall Station (07175),0,7,1,26580.0,07:23:00,26564,07:22:44,26580.0,07:23:00,26564,07:22:44,0,00:00:00,doors opened
07/11/2025,12,4232,Friday,Weekday,West,15650629.0,24300,06:45:00,24368,06:46:08,26,12828,Crossgates Commons Station (12828),1,3,8,26220.0,07:17:00,26330,07:18:50,26220.0,07:17:00,26348,07:19:08,18,00:00:18,doors opened
07/11/2025,12,4232,Friday,Weekday,West,15650629.0,24300,06:45:00,24368,06:46:08,25,12891,1475 Washington Ave (12891),1,0,10,,,26172,07:16:12,,,26184,07:16:24,12,00:00:12,doors opened
07/11/2025,12,4232,Friday,Weekday,West,15650629.0,24300,06:45:00,24368,06:46:08,24,7216,SUNY Collins Circle (07216),0,3,9,25860.0,07:11:00,25972,07:12:52,25860.0,07:11:00,25990,07:13:10,18,00:00:18,doors opened
07/11/2025,12,4232,Friday,Weekday,West,15650629.0,24300,06:45:00,24368,06:46:08,23,3262,1383 Washington Ave (Fairfield Inn) (03262),1,2,12,,,25813,07:10:13,,,25830,07:10:30,17,00:00:17,doors opened
07/11/2025,12,4232,Friday,Weekday,West,15650629.0,24300,06:45:00,24368,06:46:08,22,976,Washington Ave & Brevator St (00976),1,0,13,,,25676,07:07:56,,,25710,07:08:30,34,00:00:34,doors opened
07/11/2025,12,4232,Friday,Weekday,West,15650629.0,24300,06:45:00,24368,06:46:08,21,1959,Washington Ave & Colvin Ave (01959),0,0,12,,,25636,07:07:16,,,25636,07:07:16,0,00:00:00,door not opened
07/11/2025,12,4232,Friday,Weekday,East,15650639.0,38100,10:35:00,38099,10:34:59,0,7175,Crossgates Mall Station (07175),1,0,1,38100.0,10:35:00,38099,10:34:59,38100.0,10:35:00,38099,10:34:59,0,00:00:00,doors opened
07/11/2025,12,4232,Friday,Weekday,East,15650639.0,38100,10:35:00,38099,10:34:59,24,3940,Broadway & Steuben St (03940),0,0,0,40140.0,11:09:00,40277,11:11:17,40140.0,11:09:00,40277,11:11:17,0,00:00:00,door not opened
07/11/2025,12,4232,Friday,Weekday,East,15650639.0,38100,10:35:00,38099,10:34:59,23,2509,State/Downtown Station - State St & S. Pearl St (02509),0,0,0,39960.0,11:06:00,40208,11:10:08,39960.0,11:06:00,40208,11:10:08,0,00:00:00,door not opened
07/11/2025,12,4232,Friday,Weekday,East,15650639.0,38100,10:35:00,38099,10:34:59,22,1787,State St & Eagle St (01787),0,0,0,,,40119,11:08:39,,,40119,11:08:39,0,00:00:00,door not opened
07/11/2025,12,4232,Friday,Weekday,East,15650639.0,38100,10:35:00,38099,10:34:59,21,2706,Hawk/Capitol Station - Washington Ave & Hawk St (02706),0,1,0,,,40066,11:07:46,,,40075,11:07:55,9,00:00:09,doors opened
07/11/2025,12,4232,Friday,Weekday,East,15650639.0,38100,10:35:00,38099,10:34:59,20,1789,Washington Ave & S. Swan St (01789),0,2,1,,,39983,11:06:23,,,40037,11:07:17,54,00:00:54,doors opened
07/11/2025,12,4232,Friday,Weekday,East,15650639.0,38100,10:35:00,38099,10:34:59,19,1788,Washington Ave & Dove St (01788),0,0,3,,,39958,11:05:58,,,39958,11:05:58,0,00:00:00,door not opened
07/11/2025,12,4232,Friday,Weekday,East,15650639.0,38100,10:35:00,38099,10:34:59,18,2663,Lark/Library Station - Washington Ave & Lark St (02663),0,2,3,39660.0,11:01:00,39870,11:04:30,39660.0,11:01:00,39914,11:05:14,44,00:00:44,doors opened
07/11/2025,12,4232,Friday,Weekday,East,15650639.0,38100,10:35:00,38099,10:34:59,17,263,Washington Ave & Henry Johnson Blvd (00263),0,1,5,,,39752,11:02:32,,,39814,11:03:34,62,00:01:02,doors opened
07/11/2025,12,4232,Friday,Weekday,East,15650639.0,38100,10:35:00,38099,10:34:59,16,2096,Washington Ave & Lexington Ave (02096),0,1,6,,,39669,11:01:09,,,39721,11:02:01,52,00:00:52,doors opened
07/11/2025,12,4232,Friday,Weekday,East,15650639.0,38100,10:35:00,38099,10:34:59,15,3253,Washington Ave & Robin St (Draper Hall) (03253),0,1,7,,,39633,11:00:33,,,39651,11:00:51,18,00:00:18,doors opened
07/11/2025,12,4232,Friday,Weekday,East,15650639.0,38100,10:35:00,38099,10:34:59,14,2109,Washington Ave & N. Lake Ave (02109),1,1,8,,,39585,10:59:45,,,39612,11:00:12,27,00:00:27,doors opened
07/11/2025,12,4232,Friday,Weekday,East,15650639.0,38100,10:35:00,38099,10:34:59,13,3255,Washington Ave & Quail St (03255),1,0,8,,,39514,10:58:34,,,39561,10:59:21,47,00:00:47,doors opened
07/11/2025,12,4232,Friday,Weekday,East,15650639.0,38100,10:35:00,38099,10:34:59,12,3256,Washington Ave & Ontario St (03256),0,0,7,39300.0,10:55:00,39499,10:58:19,39300.0,10:55:00,39499,10:58:19,0,00:00:00,door not opened
07/11/2025,12,4232,Friday,Weekday,East,15650639.0,38100,10:35:00,38099,10:34:59,11,2107,Washington Ave & Partridge St (02107),1,0,7,,,39440,10:57:20,,,39479,10:57:59,39,00:00:39,doors opened
07/11/2025,12,4232,Friday,Weekday,East,15650639.0,38100,10:35:00,38099,10:34:59,10,3257,Washington Ave & N. Main Ave (03257),0,2,6,,,39304,10:55:04,,,39354,10:55:54,50,00:00:50,doors opened
07/11/2025,12,4232,Friday,Weekday,East,15650639.0,38100,10:35:00,38099,10:34:59,9,1796,Washington Ave & N. Allen St (01796),1,0,8,39180.0,10:53:00,39263,10:54:23,39180.0,10:53:00,39276,10:54:36,13,00:00:13,doors opened
07/11/2025,12,4232,Friday,Weekday,East,15650639.0,38100,10:35:00,38099,10:34:59,8,11581,Washington Ave & Manning Blvd (11581),0,2,7,,,39219,10:53:39,,,39235,10:53:55,16,00:00:16,doors opened
07/11/2025,12,4232,Friday,Weekday,East,15650639.0,38100,10:35:00,38099,10:34:59,7,2180,Washington Ave & Homestead Ave (02180),1,0,9,,,39175,10:52:55,,,39198,10:53:18,23,00:00:23,doors opened
07/11/2025,12,4232,Friday,Weekday,East,15650639.0,38100,10:35:00,38099,10:34:59,6,2182,Washington Ave & Hawthorne St (02182),1,0,8,,,39139,10:52:19,,,39151,10:52:31,12,00:00:12,doors opened
07/11/2025,12,4232,Friday,Weekday,East,15650639.0,38100,10:35:00,38099,10:34:59,5,3304,Washington Ave & Clermont St (03304),1,0,7,,,39073,10:51:13,,,39113,10:51:53,40,00:00:40,doors opened
07/11/2025,12,4232,Friday,Weekday,East,15650639.0,38100,10:35:00,38099,10:34:59,4,3348,Washington Ave & Brevator St (03348),0,0,6,,,39060,10:51:00,,,39060,10:51:00,0,00:00:00,door not opened
07/11/2025,12,4232,Friday,Weekday,East,15650639.0,38100,10:35:00,38099,10:34:59,3,10134,Washington Ave & SUNY Exit Rd (10134),1,0,6,,,38904,10:48:24,,,38918,10:48:38,14,00:00:14,doors opened
07/11/2025,12,4232,Friday,Weekday,East,15650639.0,38100,10:35:00,38099,10:34:59,2,7216,SUNY Collins Circle (07216),1,1,5,38700.0,10:45:00,38778,10:46:18,38700.0,10:45:00,38805,10:46:45,27,00:00:27,doors opened
07/11/2025,12,4232,Friday,Weekday,East,15650639.0,38100,10:35:00,38099,10:34:59,1,12827,Crossgates Commons Station (12827),4,0,5,38400.0,10:40:00,38450,10:40:50,38400.0,10:40:00,38483,10:41:23,33,00:00:33,doors opened
07/11/2025,12,4233,Friday,Weekday,West,15651819.0,67200,18:40:00,67266,18:41:06,22,976,Washington Ave & Brevator St (00976),0,0,12,,,68432,19:00:32,,,68432,19:00:32,0,00:00:00,door not opened
07/11/2025,12,4233,Friday,Weekday,West,15651819.0,67200,18:40:00,67266,18:41:06,21,1959,Washington Ave & Colvin Ave (01959),0,0,12,,,68408,19:00:08,,,68408,19:00:08,0,00:00:00,door not opened
07/11/2025,12,4233,Friday,Weekday,West,15651819.0,67200,18:40:00,67266,18:41:06,20,3399,Washington Ave & Danker Ave (03399),0,0,12,,,68384,18:59:44,,,68384,18:59:44,0,00:00:00,door not opened
07/11/2025,12,4233,Friday,Weekday,West,15651819.0,67200,18:40:00,67266,18:41:06,19,1849,Washington Ave & Homestead Ave (01849),0,0,12,,,68361,18:59:21,,,68361,18:59:21,0,00:00:00,door not opened
07/11/2025,12,4233,Friday,Weekday,West,15651819.0,67200,18:40:00,67266,18:41:06,18,1846,Washington Ave & Manning Blvd (01846),1,1,12,,,68302,18:58:22,,,68336,18:58:56,34,00:00:34,doors opened
07/11/2025,12,4233,Friday,Weekday,West,15651819.0,67200,18:40:00,67266,18:41:06,17,3287,Washington Ave & N. Allen St (03287),0,1,12,68280.0,18:58:00,68244,18:57:24,68280.0,18:58:00,68263,18:57:43,19,00:00:19,doors opened
07/11/2025,12,4233,Friday,Weekday,West,15651819.0,67200,18:40:00,67266,18:41:06,16,3264,Washington Ave & N. Main Ave (03264),1,2,13,,,68173,18:56:13,,,68206,18:56:46,33,00:00:33,doors opened
07/11/2025,12,4233,Friday,Weekday,West,15651819.0,67200,18:40:00,67266,18:41:06,15,1839,Washington Ave & Partridge St (01839),0,0,14,,,68104,18:55:04,,,68104,18:55:04,0,00:00:00,door not opened
07/11/2025,12,4233,Friday,Weekday,West,15651819.0,67200,18:40:00,67266,18:41:06,14,1841,Washington Ave & Ontario St (01841),0,0,14,68100.0,18:55:00,68081,18:54:41,68100.0,18:55:00,68081,18:54:41,0,00:00:00,door not opened
07/11/2025,12,4233,Friday,Weekday,West,15651819.0,67200,18:40:00,67266,18:41:06,13,1842,Washington Ave & Quail St (01842),4,1,14,,,67979,18:52:59,,,68033,18:53:53,54,00:00:54,doors opened
07/11/2025,12,4233,Friday,Weekday,West,15651819.0,67200,18:40:00,67266,18:41:06,12,1837,Washington Ave & N. Lake Ave (01837),0,0,11,,,67949,18:52:29,,,67949,18:52:29,0,00:00:00,door not opened
07/11/2025,12,4233,Friday,Weekday,West,15651819.0,67200,18:40:00,67266,18:41:06,11,1843,Washington Ave & Robin St (01843),0,0,11,,,67916,18:51:56,,,67916,18:51:56,0,00:00:00,door not opened
07/11/2025,12,4233,Friday,Weekday,West,15651819.0,67200,18:40:00,67266,18:41:06,10,12943,Washington Ave & Lexington Ave (12943),0,0,11,,,67891,18:51:31,,,67891,18:51:31,0,00:00:00,door not opened
07/11/2025,12,4233,Friday,Weekday,West,15651819.0,67200,18:40:00,67266,18:41:06,9,12942,Washington Ave & Henry Johnson Blvd (12942),1,0,11,,,67823,18:50:23,,,67838,18:50:38,15,00:00:15,doors opened
07/11/2025,12,4233,Friday,Weekday,West,15651819.0,67200,18:40:00,67266,18:41:06,8,3239,Lark/Library Station - Washington Ave & Lark St (03239),0,0,10,67680.0,18:48:00,67750,18:49:10,67680.0,18:48:00,67772,18:49:32,22,00:00:22,doors opened
07/11/2025,12,4233,Friday,Weekday,West,15651819.0,67200,18:40:00,67266,18:41:06,7,3301,Washington Ave & S. Swan St (03301),0,0,10,,,67692,18:48:12,,,67703,18:48:23,11,00:00:11,doors opened
07/11/2025,12,4233,Friday,Weekday,West,15651819.0,67200,18:40:00,67266,18:41:06,6,3250,Hawk/Capitol Station - Washington Ave & Hawk St (03250),1,0,10,,,67645,18:47:25,,,67660,18:47:40,15,00:00:15,doors opened
07/11/2025,12,4233,Friday,Weekday,West,15651819.0,67200,18:40:00,67266,18:41:06,5,10087,State St & Eagle St (10087),0,0,9,,,67615,18:46:55,,,67615,18:46:55,0,00:00:00,door not opened
07/11/2025,12,4233,Friday,Weekday,West,15651819.0,67200,18:40:00,67266,18:41:06,4,2665,State/Downtown Station - State St & Lodge St (02665),3,0,9,67440.0,18:44:00,67543,18:45:43,67440.0,18:44:00,67565,18:46:05,22,00:00:22,doors opened
07/11/2025,12,4233,Friday,Weekday,West,15651819.0,67200,18:40:00,67266,18:41:06,3,3221,State Station - N. Pearl St & Ten Eyck Plaza (03221),0,0,6,,,67508,18:45:08,,,67508,18:45:08,0,00:00:00,door not opened
07/11/2025,12,4233,Friday,Weekday,West,15651819.0,67200,18:40:00,67266,18:41:06,2,3233,N. Pearl St & Sheridan Ave (03233),0,0,6,,,67434,18:43:54,,,67434,18:43:54,0,00:00:00,door not opened
07/11/2025,12,4233,Friday,Weekday,West,15651819.0,67200,18:40:00,67266,18:41:06,1,2168,Clinton Square Station - N. Pearl St & Clinton Ave (02168),5,0,6,,,67382,18:43:02,,,67411,18:43:31,29,00:00:29,doors opened
07/11/2025,12,4233,Friday,Weekday,West,15651819.0,67200,18:40:00,67266,18:41:06,0,9018,Broadway & Orange St (09018),1,0,1,67200.0,18:40:00,67266,18:41:06,67200.0,18:40:00,67266,18:41:06,0,00:00:00,doors opened
07/11/2025,12,4233,Friday,Weekday,West,15651819.0,67200,18:40:00,67266,18:41:06,27,7175,Crossgates Mall Station (07175),1,8,0,69480.0,19:18:00,69431,19:17:11,69480.0,19:18:00,69431,19:17:11,0,00:00:00,doors opened
07/11/2025,12,4233,Friday,Weekday,West,15651819.0,67200,18:40:00,67266,18:41:06,26,12828,Crossgates Commons Station (12828),0,5,7,69060.0,19:11:00,69150,19:12:30,69060.0,19:11:00,69177,19:12:57,27,00:00:27,doors opened
07/11/2025,12,4233,Friday,Weekday,West,15651819.0,67200,18:40:00,67266,18:41:06,25,12891,1475 Washington Ave (12891),0,0,12,,,68924,19:08:44,,,68924,19:08:44,0,00:00:00,door not opened
07/11/2025,12,4233,Friday,Weekday,West,15651819.0,67200,18:40:00,67266,18:41:06,24,7216,SUNY Collins Circle (07216),0,0,12,68700.0,19:05:00,68755,19:05:55,68700.0,19:05:00,68755,19:05:55,0,00:00:00,door not opened
07/11/2025,12,4233,Friday,Weekday,West,15651819.0,67200,18:40:00,67266,18:41:06,23,3262,1383 Washington Ave (Fairfield Inn) (03262),0,0,12,,,68611,19:03:31,,,68611,19:03:31,0,00:00:00,door not opened
07/11/2025,12,4233,Friday,Weekday,East,15651822.0,70500,19:35:00,70514,19:35:14,24,3940,Broadway & Steuben St (03940),0,1,0,72540.0,20:09:00,72581,20:09:41,72540.0,20:09:00,72581,20:09:41,0,00:00:00,doors opened
07/11/2025,12,4233,Friday,Weekday,East,15651822.0,70500,19:35:00,70514,19:35:14,23,2509,State/Downtown Station - State St & S. Pearl St (02509),0,1,1,72360.0,20:06:00,72478,20:07:58,72360.0,20:06:00,72495,20:08:15,17,00:00:17,doors opened
07/11/2025,12,4233,Friday,Weekday,East,15651822.0,70500,19:35:00,70514,19:35:14,22,1787,State St & Eagle St (01787),0,0,2,,,72459,20:07:39,,,72459,20:07:39,0,00:00:00,door not opened
07/11/2025,12,4233,Friday,Weekday,East,15651822.0,70500,19:35:00,70514,19:35:14,21,2706,Hawk/Capitol Station - Washington Ave & Hawk St (02706),0,1,2,,,72406,20:06:46,,,72417,20:06:57,11,00:00:11,doors opened
07/11/2025,12,4233,Friday,Weekday,East,15651822.0,70500,19:35:00,70514,19:35:14,20,1789,Washington Ave & S. Swan St (01789),0,0,3,,,72382,20:06:22,,,72382,20:06:22,0,00:00:00,door not opened
07/11/2025,12,4233,Friday,Weekday,East,15651822.0,70500,19:35:00,70514,19:35:14,19,1788,Washington Ave & Dove St (01788),0,0,3,,,72359,20:05:59,,,72359,20:05:59,0,00:00:00,door not opened
07/11/2025,12,4233,Friday,Weekday,East,15651822.0,70500,19:35:00,70514,19:35:14,18,2663,Lark/Library Station - Washington Ave & Lark St (02663),1,0,3,72120.0,20:02:00,72280,20:04:40,72120.0,20:02:00,72335,20:05:35,55,00:00:55,doors opened
07/11/2025,12,4233,Friday,Weekday,East,15651822.0,70500,19:35:00,70514,19:35:14,17,263,Washington Ave & Henry Johnson Blvd (00263),0,0,2,,,72254,20:04:14,,,72254,20:04:14,0,00:00:00,door not opened
07/11/2025,12,4233,Friday,Weekday,East,15651822.0,70500,19:35:00,70514,19:35:14,16,2096,Washington Ave & Lexington Ave (02096),0,0,2,,,72222,20:03:42,,,72222,20:03:42,0,00:00:00,door not opened
07/11/2025,12,4233,Friday,Weekday,East,15651822.0,70500,19:35:00,70514,19:35:14,15,3253,Washington Ave & Robin St (Draper Hall) (03253),0,0,2,,,72178,20:02:58,,,72178,20:02:58,0,00:00:00,door not opened
07/11/2025,12,4233,Friday,Weekday,East,15651822.0,70500,19:35:00,70514,19:35:14,14,2109,Washington Ave & N. Lake Ave (02109),0,0,2,,,72136,20:02:16,,,72136,20:02:16,0,00:00:00,door not opened
07/11/2025,12,4233,Friday,Weekday,East,15651822.0,70500,19:35:00,70514,19:35:14,13,3255,Washington Ave & Quail St (03255),0,1,2,,,72055,20:00:55,,,72084,20:01:24,29,00:00:29,doors opened
07/11/2025,12,4233,Friday,Weekday,East,15651822.0,70500,19:35:00,70514,19:35:14,12,3256,Washington Ave & Ontario St (03256),0,5,3,71760.0,19:56:00,71989,19:59:49,71760.0,19:56:00,72029,20:00:29,40,00:00:40,doors opened
07/11/2025,12,4233,Friday,Weekday,East,15651822.0,70500,19:35:00,70514,19:35:14,11,2107,Washington Ave & Partridge St (02107),0,2,8,,,71944,19:59:04,,,71963,19:59:23,19,00:00:19,doors opened
07/11/2025,12,4233,Friday,Weekday,East,15651822.0,70500,19:35:00,70514,19:35:14,10,3257,Washington Ave & N. Main Ave (03257),0,0,10,,,71876,19:57:56,,,71876,19:57:56,0,00:00:00,door not opened
07/11/2025,12,4233,Friday,Weekday,East,15651822.0,70500,19:35:00,70514,19:35:14,9,1796,Washington Ave & N. Allen St (01796),0,2,10,71580.0,19:53:00,71797,19:56:37,71580.0,19:53:00,71812,19:56:52,15,00:00:15,doors opened
07/11/2025,12,4233,Friday,Weekday,East,15651822.0,70500,19:35:00,70514,19:35:14,8,11581,Washington Ave & Manning Blvd (11581),0,0,12,,,71760,19:56:00,,,71760,19:56:00,0,00:00:00,door not opened
07/11/2025,12,4233,Friday,Weekday,East,15651822.0,70500,19:35:00,70514,19:35:14,7,2180,Washington Ave & Homestead Ave (02180),0,3,12,,,71683,19:54:43,,,71732,19:55:32,49,00:00:49,doors opened
07/11/2025,12,4233,Friday,Weekday,East,15651822.0,70500,19:35:00,70514,19:35:14,6,2182,Washington Ave & Hawthorne St (02182),0,2,15,,,71620,19:53:40,,,71652,19:54:12,32,00:00:32,doors opened
07/11/2025,12,4233,Friday,Weekday,East,15651822.0,70500,19:35:00,70514,19:35:14,5,3304,Washington Ave & Clermont St (03304),0,0,17,,,71587,19:53:07,,,71587,19:53:07,0,00:00:00,door not opened
07/11/2025,12,4233,Friday,Weekday,East,15651822.0,70500,19:35:00,70514,19:35:14,4,3348,Washington Ave & Brevator St (03348),0,1,17,,,71551,19:52:31,,,71560,19:52:40,9,00:00:09,doors opened
07/11/2025,12,4233,Friday,Weekday,East,15651822.0,70500,19:35:00,70514,19:35:14,3,10134,Washington Ave & SUNY Exit Rd (10134),0,0,18,,,71426,19:50:26,,,71426,19:50:26,0,00:00:00,door not opened
07/11/2025,12,4233,Friday,Weekday,East,15651822.0,70500,19:35:00,70514,19:35:14,2,7216,SUNY Collins Circle (07216),3,0,18,71100.0,19:45:00,71290,19:48:10,71100.0,19:45:00,71310,19:48:30,20,00:00:20,doors opened
07/11/2025,12,4233,Friday,Weekday,East,15651822.0,70500,19:35:00,70514,19:35:14,1,12827,Crossgates Commons Station (12827),9,0,15,70800.0,19:40:00,70884,19:41:24,70800.0,19:40:00,70947,19:42:27,63,00:01:03,doors opened
07/11/2025,12,4233,Friday,Weekday,East,15651822.0,70500,19:35:00,70514,19:35:14,0,7175,Crossgates Mall Station (07175),6,0,6,70500.0,19:35:00,70514,19:35:14,70500.0,19:35:00,70514,19:35:14,0,00:00:00,doors opened
07/11/2025,12,4233,Friday,Weekday,East,15651825.0,75300,20:55:00,75721,21:02:01,16,2096,Washington Ave & Lexington Ave (02096),0,2,11,,,77401,21:30:01,,,77497,21:31:37,96,00:01:36,doors opened
07/11/2025,12,4233,Friday,Weekday,East,15651825.0,75300,20:55:00,75721,21:02:01,15,3253,Washington Ave & Robin St (Draper Hall) (03253),0,0,13,,,77384,21:29:44,,,77384,21:29:44,0,00:00:00,door not opened
07/11/2025,12,4233,Friday,Weekday,East,15651825.0,75300,20:55:00,75721,21:02:01,14,2109,Washington Ave & N. Lake Ave (02109),0,0,13,,,77355,21:29:15,,,77355,21:29:15,0,00:00:00,door not opened
07/11/2025,12,4233,Friday,Weekday,East,15651825.0,75300,20:55:00,75721,21:02:01,13,3255,Washington Ave & Quail St (03255),0,7,13,,,77236,21:27:16,,,77299,21:28:19,63,00:01:03,doors opened
07/11/2025,12,4233,Friday,Weekday,East,15651825.0,75300,20:55:00,75721,21:02:01,12,3256,Washington Ave & Ontario St (03256),1,1,20,76560.0,21:16:00,77189,21:26:29,76560.0,21:16:00,77212,21:26:52,23,00:00:23,doors opened
07/11/2025,12,4233,Friday,Weekday,East,15651825.0,75300,20:55:00,75721,21:02:01,11,2107,Washington Ave & Partridge St (02107),0,2,20,,,77144,21:25:44,,,77162,21:26:02,18,00:00:18,doors opened
07/11/2025,12,4233,Friday,Weekday,East,15651825.0,75300,20:55:00,75721,21:02:01,10,3257,Washington Ave & N. Main Ave (03257),0,4,22,,,77059,21:24:19,,,77094,21:24:54,35,00:00:35,doors opened
07/11/2025,12,4233,Friday,Weekday,East,15651825.0,75300,20:55:00,75721,21:02:01,9,1796,Washington Ave & N. Allen St (01796),3,6,26,76380.0,21:13:00,76963,21:22:43,76380.0,21:13:00,77023,21:23:43,60,00:01:00,doors opened
07/11/2025,12,4233,Friday,Weekday,East,15651825.0,75300,20:55:00,75721,21:02:01,8,11581,Washington Ave & Manning Blvd (11581),1,3,29,,,76904,21:21:44,,,76925,21:22:05,21,00:00:21,doors opened
07/11/2025,12,4233,Friday,Weekday,East,15651825.0,75300,20:55:00,75721,21:02:01,7,2180,Washington Ave & Homestead Ave (02180),0,0,31,,,76879,21:21:19,,,76879,21:21:19,0,00:00:00,door not opened
07/11/2025,12,4233,Friday,Weekday,East,15651825.0,75300,20:55:00,75721,21:02:01,6,2182,Washington Ave & Hawthorne St (02182),0,1,31,,,76811,21:20:11,,,76835,21:20:35,24,00:00:24,doors opened
07/11/2025,12,4233,Friday,Weekday,East,15651825.0,75300,20:55:00,75721,21:02:01,5,3304,Washington Ave & Clermont St (03304),0,2,32,,,76760,21:19:20,,,76779,21:19:39,19,00:00:19,doors opened
07/11/2025,12,4233,Friday,Weekday,East,15651825.0,75300,20:55:00,75721,21:02:01,4,3348,Washington Ave & Brevator St (03348),3,2,34,,,76707,21:18:27,,,76734,21:18:54,27,00:00:27,doors opened
07/11/2025,12,4233,Friday,Weekday,East,15651825.0,75300,20:55:00,75721,21:02:01,24,3940,Broadway & Steuben St (03940),0,0,0,77280.0,21:28:00,77974,21:39:34,77280.0,21:28:00,77974,21:39:34,0,00:00:00,door not opened
07/11/2025,12,4233,Friday,Weekday,East,15651825.0,75300,20:55:00,75721,21:02:01,23,2509,State/Downtown Station - State St & S. Pearl St (02509),0,10,0,77160.0,21:26:00,77817,21:36:57,77160.0,21:26:00,77852,21:37:32,35,00:00:35,doors opened
07/11/2025,12,4233,Friday,Weekday,East,15651825.0,75300,20:55:00,75721,21:02:01,22,1787,State St & Eagle St (01787),0,0,10,,,77800,21:36:40,,,77800,21:36:40,0,00:00:00,door not opened
07/11/2025,12,4233,Friday,Weekday,East,15651825.0,75300,20:55:00,75721,21:02:01,21,2706,Hawk/Capitol Station - Washington Ave & Hawk St (02706),0,0,10,,,77745,21:35:45,,,77745,21:35:45,0,00:00:00,door not opened
07/11/2025,12,4233,Friday,Weekday,East,15651825.0,75300,20:55:00,75721,21:02:01,20,1789,Washington Ave & S. Swan St (01789),0,1,10,,,77708,21:35:08,,,77723,21:35:23,15,00:00:15,doors opened
07/11/2025,12,4233,Friday,Weekday,East,15651825.0,75300,20:55:00,75721,21:02:01,19,1788,Washington Ave & Dove St (01788),0,0,11,,,77682,21:34:42,,,77682,21:34:42,0,00:00:00,door not opened
07/11/2025,12,4233,Friday,Weekday,East,15651825.0,75300,20:55:00,75721,21:02:01,18,2663,Lark/Library Station - Washington Ave & Lark St (02663),0,1,11,76920.0,21:22:00,77576,21:32:56,76920.0,21:22:00,77637,21:33:57,61,00:01:01,doors opened
07/11/2025,12,4233,Friday,Weekday,East,15651825.0,75300,20:55:00,75721,21:02:01,17,263,Washington Ave & Henry Johnson Blvd (00263),1,0,12,,,77530,21:32:10,,,77551,21:32:31,21,00:00:21,doors opened
07/11/2025,12,4233,Friday,Weekday,East,15651825.0,75300,20:55:00,75721,21:02:01,3,10134,Washington Ave & SUNY Exit Rd (10134),1,3,33,,,76538,21:15:38,,,76559,21:15:59,21,00:00:21,doors opened
07/11/2025,12,4233,Friday,Weekday,East,15651825.0,75300,20:55:00,75721,21:02:01,2,7216,SUNY Collins Circle (07216),0,2,35,75900.0,21:05:00,76402,21:13:22,75900.0,21:05:00,76421,21:13:41,19,00:00:19,doors opened
07/11/2025,12,4233,Friday,Weekday,East,15651825.0,75300,20:55:00,75721,21:02:01,1,12827,Crossgates Commons Station (12827),21,5,37,75600.0,21:00:00,75928,21:05:28,75600.0,21:00:00,76041,21:07:21,113,00:01:53,doors opened
07/11/2025,12,4233,Friday,Weekday,East,15651825.0,75300,20:55:00,75721,21:02:01,0,7175,Crossgates Mall Station (07175),21,0,21,75300.0,20:55:00,75721,21:02:01,75300.0,20:55:00,75721,21:02:01,0,00:00:00,doors opened
07/11/2025,12,4235,Friday,Weekday,East,15652354.0,64500,17:55:00,64855,18:00:55,16,2096,Washington Ave & Lexington Ave (02096),0,0,4,,,66372,18:26:12,,,66372,18:26:12,0,00:00:00,door not opened
07/11/2025,12,4235,Friday,Weekday,East,15652354.0,64500,17:55:00,64855,18:00:55,24,3940,Broadway & Steuben St (03940),0,0,0,66660.0,18:31:00,66815,18:33:35,66660.0,18:31:00,66815,18:33:35,0,00:00:00,door not opened
07/11/2025,12,4235,Friday,Weekday,East,15652354.0,64500,17:55:00,64855,18:00:55,23,2509,State/Downtown Station - State St & S. Pearl St (02509),0,2,0,66480.0,18:28:00,66723,18:32:03,66480.0,18:28:00,66737,18:32:17,14,00:00:14,doors opened
07/11/2025,12,4235,Friday,Weekday,East,15652354.0,64500,17:55:00,64855,18:00:55,22,1787,State St & Eagle St (01787),0,0,2,,,66705,18:31:45,,,66705,18:31:45,0,00:00:00,door not opened
07/11/2025,12,4235,Friday,Weekday,East,15652354.0,64500,17:55:00,64855,18:00:55,21,2706,Hawk/Capitol Station - Washington Ave & Hawk St (02706),0,0,2,,,66582,18:29:42,,,66582,18:29:42,0,00:00:00,door not opened
07/11/2025,12,4235,Friday,Weekday,East,15652354.0,64500,17:55:00,64855,18:00:55,20,1789,Washington Ave & S. Swan St (01789),0,0,2,,,66565,18:29:25,,,66565,18:29:25,0,00:00:00,door not opened
07/11/2025,12,4235,Friday,Weekday,East,15652354.0,64500,17:55:00,64855,18:00:55,19,1788,Washington Ave & Dove St (01788),0,0,2,,,66547,18:29:07,,,66547,18:29:07,0,00:00:00,door not opened
07/11/2025,12,4235,Friday,Weekday,East,15652354.0,64500,17:55:00,64855,18:00:55,18,2663,Lark/Library Station - Washington Ave & Lark St (02663),0,2,2,66180.0,18:23:00,66516,18:28:36,66180.0,18:23:00,66526,18:28:46,10,00:00:10,doors opened
07/11/2025,12,4235,Friday,Weekday,East,15652354.0,64500,17:55:00,64855,18:00:55,17,263,Washington Ave & Henry Johnson Blvd (00263),0,0,4,,,66481,18:28:01,,,66481,18:28:01,0,00:00:00,door not opened
07/11/2025,12,4235,Friday,Weekday,East,15652354.0,64500,17:55:00,64855,18:00:55,15,3253,Washington Ave & Robin St (Draper Hall) (03253),0,0,4,,,66299,18:24:59,,,66299,18:24:59,0,00:00:00,door not opened
07/11/2025,12,4235,Friday,Weekday,East,15652354.0,64500,17:55:00,64855,18:00:55,14,2109,Washington Ave & N. Lake Ave (02109),0,1,4,,,66258,18:24:18,,,66270,18:24:30,12,00:00:12,doors opened
07/11/2025,12,4235,Friday,Weekday,East,15652354.0,64500,17:55:00,64855,18:00:55,13,3255,Washington Ave & Quail St (03255),0,6,5,,,66189,18:23:09,,,66230,18:23:50,41,00:00:41,doors opened
07/11/2025,12,4235,Friday,Weekday,East,15652354.0,64500,17:55:00,64855,18:00:55,12,3256,Washington Ave & Ontario St (03256),1,2,11,65760.0,18:16:00,66118,18:21:58,65760.0,18:16:00,66165,18:22:45,47,00:00:47,doors opened
07/11/2025,12,4235,Friday,Weekday,East,15652354.0,64500,17:55:00,64855,18:00:55,11,2107,Washington Ave & Partridge St (02107),0,0,12,,,66099,18:21:39,,,66099,18:21:39,0,00:00:00,door not opened
07/11/2025,12,4235,Friday,Weekday,East,15652354.0,64500,17:55:00,64855,18:00:55,10,3257,Washington Ave & N. Main Ave (03257),0,1,12,,,66001,18:20:01,,,66041,18:20:41,40,00:00:40,doors opened
07/11/2025,12,4235,Friday,Weekday,East,15652354.0,64500,17:55:00,64855,18:00:55,9,1796,Washington Ave & N. Allen St (01796),0,0,13,65580.0,18:13:00,65971,18:19:31,65580.0,18:13:00,65971,18:19:31,0,00:00:00,door not opened
07/11/2025,12,4235,Friday,Weekday,East,15652354.0,64500,17:55:00,64855,18:00:55,8,11581,Washington Ave & Manning Blvd (11581),0,2,13,,,65884,18:18:04,,,65936,18:18:56,52,00:00:52,doors opened
07/11/2025,12,4235,Friday,Weekday,East,15652354.0,64500,17:55:00,64855,18:00:55,7,2180,Washington Ave & Homestead Ave (02180),0,4,15,,,65846,18:17:26,,,65862,18:17:42,16,00:00:16,doors opened
07/11/2025,12,4235,Friday,Weekday,East,15652354.0,64500,17:55:00,64855,18:00:55,6,2182,Washington Ave & Hawthorne St (02182),0,0,19,,,65818,18:16:58,,,65818,18:16:58,0,00:00:00,door not opened
07/11/2025,12,4235,Friday,Weekday,East,15652354.0,64500,17:55:00,64855,18:00:55,5,3304,Washington Ave & Clermont St (03304),0,2,19,,,65762,18:16:02,,,65776,18:16:16,14,00:00:14,doors opened
07/11/2025,12,4235,Friday,Weekday,East,15652354.0,64500,17:55:00,64855,18:00:55,4,3348,Washington Ave & Brevator St (03348),0,1,21,,,65717,18:15:17,,,65741,18:15:41,24,00:00:24,doors opened
07/11/2025,12,4235,Friday,Weekday,East,15652354.0,64500,17:55:00,64855,18:00:55,3,10134,Washington Ave & SUNY Exit Rd (10134),3,1,22,,,65552,18:12:32,,,65601,18:13:21,49,00:00:49,doors opened
07/11/2025,12,4235,Friday,Weekday,East,15652354.0,64500,17:55:00,64855,18:00:55,2,7216,SUNY Collins Circle (07216),2,0,20,65100.0,18:05:00,65421,18:10:21,65100.0,18:05:00,65447,18:10:47,26,00:00:26,doors opened
07/11/2025,12,4235,Friday,Weekday,East,15652354.0,64500,17:55:00,64855,18:00:55,1,12827,Crossgates Commons Station (12827),6,1,18,64800.0,18:00:00,65126,18:05:26,64800.0,18:00:00,65188,18:06:28,62,00:01:02,doors opened
07/11/2025,12,4235,Friday,Weekday,East,15652354.0,64500,17:55:00,64855,18:00:55,0,7175,Crossgates Mall Station (07175),13,0,13,64500.0,17:55:00,64855,18:00:55,64500.0,17:55:00,64855,18:00:55,0,00:00:00,doors opened
07/11/2025,12,4235,Friday,Weekday,East,15652357.0,69300,19:15:00,69380,19:16:20,24,3940,Broadway & Steuben St (03940),0,0,0,71400.0,19:50:00,71237,19:47:17,71400.0,19:50:00,71237,19:47:17,0,00:00:00,door not opened
07/11/2025,12,4235,Friday,Weekday,East,15652357.0,69300,19:15:00,69380,19:16:20,23,2509,State/Downtown Station - State St & S. Pearl St (02509),0,3,0,71220.0,19:47:00,71158,19:45:58,71220.0,19:47:00,71177,19:46:17,19,00:00:19,doors opened
07/11/2025,12,4235,Friday,Weekday,East,15652357.0,69300,19:15:00,69380,19:16:20,22,1787,State St & Eagle St (01787),0,0,3,,,71143,19:45:43,,,71143,19:45:43,0,00:00:00,door not opened
07/11/2025,12,4235,Friday,Weekday,East,15652357.0,69300,19:15:00,69380,19:16:20,21,2706,Hawk/Capitol Station - Washington Ave & Hawk St (02706),0,0,3,,,71105,19:45:05,,,71105,19:45:05,0,00:00:00,door not opened
07/11/2025,12,4235,Friday,Weekday,East,15652357.0,69300,19:15:00,69380,19:16:20,20,1789,Washington Ave & S. Swan St (01789),0,0,3,,,71065,19:44:25,,,71065,19:44:25,0,00:00:00,door not opened
07/11/2025,12,4235,Friday,Weekday,East,15652357.0,69300,19:15:00,69380,19:16:20,19,1788,Washington Ave & Dove St (01788),0,0,3,,,71022,19:43:42,,,71022,19:43:42,0,00:00:00,door not opened
07/11/2025,12,4235,Friday,Weekday,East,15652357.0,69300,19:15:00,69380,19:16:20,18,2663,Lark/Library Station - Washington Ave & Lark St (02663),1,2,3,70920.0,19:42:00,70959,19:42:39,70920.0,19:42:00,70999,19:43:19,40,00:00:40,doors opened
07/11/2025,12,4235,Friday,Weekday,East,15652357.0,69300,19:15:00,69380,19:16:20,17,263,Washington Ave & Henry Johnson Blvd (00263),0,0,4,,,70924,19:42:04,,,70924,19:42:04,0,00:00:00,door not opened
07/11/2025,12,4235,Friday,Weekday,East,15652357.0,69300,19:15:00,69380,19:16:20,16,2096,Washington Ave & Lexington Ave (02096),0,0,4,,,70879,19:41:19,,,70879,19:41:19,0,00:00:00,door not opened
07/11/2025,12,4235,Friday,Weekday,East,15652357.0,69300,19:15:00,69380,19:16:20,15,3253,Washington Ave & Robin St (Draper Hall) (03253),0,0,4,,,70793,19:39:53,,,70793,19:39:53,0,00:00:00,door not opened
07/11/2025,12,4235,Friday,Weekday,East,15652357.0,69300,19:15:00,69380,19:16:20,14,2109,Washington Ave & N. Lake Ave (02109),1,1,4,,,70721,19:38:41,,,70751,19:39:11,30,00:00:30,doors opened
07/11/2025,12,4235,Friday,Weekday,East,15652357.0,69300,19:15:00,69380,19:16:20,13,3255,Washington Ave & Quail St (03255),0,4,4,,,70672,19:37:52,,,70698,19:38:18,26,00:00:26,doors opened
07/11/2025,12,4235,Friday,Weekday,East,15652357.0,69300,19:15:00,69380,19:16:20,12,3256,Washington Ave & Ontario St (03256),0,0,8,70560.0,19:36:00,70644,19:37:24,70560.0,19:36:00,70644,19:37:24,0,00:00:00,door not opened
07/11/2025,12,4235,Friday,Weekday,East,15652357.0,69300,19:15:00,69380,19:16:20,11,2107,Washington Ave & Partridge St (02107),0,1,8,,,70596,19:36:36,,,70611,19:36:51,15,00:00:15,doors opened
07/11/2025,12,4235,Friday,Weekday,East,15652357.0,69300,19:15:00,69380,19:16:20,10,3257,Washington Ave & N. Main Ave (03257),0,1,9,,,70518,19:35:18,,,70551,19:35:51,33,00:00:33,doors opened
07/11/2025,12,4235,Friday,Weekday,East,15652357.0,69300,19:15:00,69380,19:16:20,9,1796,Washington Ave & N. Allen St (01796),2,1,10,70380.0,19:33:00,70450,19:34:10,70380.0,19:33:00,70485,19:34:45,35,00:00:35,doors opened
07/11/2025,12,4235,Friday,Weekday,East,15652357.0,69300,19:15:00,69380,19:16:20,8,11581,Washington Ave & Manning Blvd (11581),0,2,9,,,70384,19:33:04,,,70419,19:33:39,35,00:00:35,doors opened
07/11/2025,12,4235,Friday,Weekday,East,15652357.0,69300,19:15:00,69380,19:16:20,7,2180,Washington Ave & Homestead Ave (02180),0,0,11,,,70365,19:32:45,,,70365,19:32:45,0,00:00:00,door not opened
07/11/2025,12,4235,Friday,Weekday,East,15652357.0,69300,19:15:00,69380,19:16:20,6,2182,Washington Ave & Hawthorne St (02182),0,0,11,,,70340,19:32:20,,,70340,19:32:20,0,00:00:00,door not opened
07/11/2025,12,4235,Friday,Weekday,East,15652357.0,69300,19:15:00,69380,19:16:20,5,3304,Washington Ave & Clermont St (03304),0,0,11,,,70323,19:32:03,,,70323,19:32:03,0,00:00:00,door not opened
07/11/2025,12,4235,Friday,Weekday,East,15652357.0,69300,19:15:00,69380,19:16:20,4,3348,Washington Ave & Brevator St (03348),0,0,11,,,70283,19:31:23,,,70283,19:31:23,0,00:00:00,door not opened
07/11/2025,12,4235,Friday,Weekday,East,15652357.0,69300,19:15:00,69380,19:16:20,3,10134,Washington Ave & SUNY Exit Rd (10134),4,0,11,,,70136,19:28:56,,,70173,19:29:33,37,00:00:37,doors opened
07/11/2025,12,4235,Friday,Weekday,East,15652357.0,69300,19:15:00,69380,19:16:20,2,7216,SUNY Collins Circle (07216),0,0,7,69900.0,19:25:00,70021,19:27:01,69900.0,19:25:00,70021,19:27:01,0,00:00:00,door not opened
07/11/2025,12,4235,Friday,Weekday,East,15652357.0,69300,19:15:00,69380,19:16:20,1,12827,Crossgates Commons Station (12827),3,0,7,69600.0,19:20:00,69788,19:23:08,69600.0,19:20:00,69788,19:23:08,0,00:00:00,door not opened
07/11/2025,12,4235,Friday,Weekday,East,15652357.0,69300,19:15:00,69380,19:16:20,0,7175,Crossgates Mall Station (07175),4,0,4,69300.0,19:15:00,69380,19:16:20,69300.0,19:15:00,69380,19:16:20,0,00:00:00,doors opened
07/11/2025,12,4235,Friday,Weekday,West,15652360.0,72000,20:00:00,71885,19:58:05,27,7175,Crossgates Mall Station (07175),0,0,0,74220.0,20:37:00,75923,21:05:23,74220.0,20:37:00,75923,21:05:23,0,00:00:00,door not opened
07/11/2025,12,4235,Friday,Weekday,West,15652360.0,72000,20:00:00,71885,19:58:05,26,12828,Crossgates Commons Station (12828),1,1,0,73800.0,20:30:00,73623,20:27:03,73800.0,20:30:00,73623,20:27:03,0,00:00:00,door not opened
07/11/2025,12,4235,Friday,Weekday,West,15652360.0,72000,20:00:00,71885,19:58:05,25,12891,1475 Washington Ave (12891),0,1,0,,,73360,20:22:40,,,73369,20:22:49,9,00:00:09,doors opened
07/11/2025,12,4235,Friday,Weekday,West,15652360.0,72000,20:00:00,71885,19:58:05,24,7216,SUNY Collins Circle (07216),0,0,1,73440.0,20:24:00,73243,20:20:43,73440.0,20:24:00,73243,20:20:43,0,00:00:00,door not opened
07/11/2025,12,4235,Friday,Weekday,West,15652360.0,72000,20:00:00,71885,19:58:05,23,3262,1383 Washington Ave (Fairfield Inn) (03262),0,1,1,,,73116,20:18:36,,,73127,20:18:47,11,00:00:11,doors opened
07/11/2025,12,4235,Friday,Weekday,West,15652360.0,72000,20:00:00,71885,19:58:05,22,976,Washington Ave & Brevator St (00976),0,0,2,,,72984,20:16:24,,,72984,20:16:24,0,00:00:00,door not opened
07/11/2025,12,4235,Friday,Weekday,West,15652360.0,72000,20:00:00,71885,19:58:05,21,1959,Washington Ave & Colvin Ave (01959),1,0,2,,,72940,20:15:40,,,72961,20:16:01,21,00:00:21,doors opened
07/11/2025,12,4235,Friday,Weekday,West,15652360.0,72000,20:00:00,71885,19:58:05,20,3399,Washington Ave & Danker Ave (03399),0,0,1,,,72902,20:15:02,,,72902,20:15:02,0,00:00:00,door not opened
07/11/2025,12,4235,Friday,Weekday,West,15652360.0,72000,20:00:00,71885,19:58:05,19,1849,Washington Ave & Homestead Ave (01849),0,1,1,,,72864,20:14:24,,,72873,20:14:33,9,00:00:09,doors opened
07/11/2025,12,4235,Friday,Weekday,West,15652360.0,72000,20:00:00,71885,19:58:05,18,1846,Washington Ave & Manning Blvd (01846),0,0,2,,,72795,20:13:15,,,72835,20:13:55,40,00:00:40,doors opened
07/11/2025,12,4235,Friday,Weekday,West,15652360.0,72000,20:00:00,71885,19:58:05,17,3287,Washington Ave & N. Allen St (03287),0,0,2,73020.0,20:17:00,72766,20:12:46,73020.0,20:17:00,72766,20:12:46,0,00:00:00,door not opened
07/11/2025,12,4235,Friday,Weekday,West,15652360.0,72000,20:00:00,71885,19:58:05,16,3264,Washington Ave & N. Main Ave (03264),0,0,2,,,72722,20:12:02,,,72722,20:12:02,0,00:00:00,door not opened
07/11/2025,12,4235,Friday,Weekday,West,15652360.0,72000,20:00:00,71885,19:58:05,15,1839,Washington Ave & Partridge St (01839),0,0,2,,,72651,20:10:51,,,72651,20:10:51,0,00:00:00,door not opened
07/11/2025,12,4235,Friday,Weekday,West,15652360.0,72000,20:00:00,71885,19:58:05,14,1841,Washington Ave & Ontario St (01841),1,0,2,72840.0,20:14:00,72593,20:09:53,72840.0,20:14:00,72620,20:10:20,27,00:00:27,doors opened
07/11/2025,12,4235,Friday,Weekday,West,15652360.0,72000,20:00:00,71885,19:58:05,13,1842,Washington Ave & Quail St (01842),1,2,1,,,72527,20:08:47,,,72562,20:09:22,35,00:00:35,doors opened
07/11/2025,12,4235,Friday,Weekday,West,15652360.0,72000,20:00:00,71885,19:58:05,12,1837,Washington Ave & N. Lake Ave (01837),1,2,2,,,72449,20:07:29,,,72493,20:08:13,44,00:00:44,doors opened
07/11/2025,12,4235,Friday,Weekday,West,15652360.0,72000,20:00:00,71885,19:58:05,11,1843,Washington Ave & Robin St (01843),0,0,3,,,72427,20:07:07,,,72427,20:07:07,0,00:00:00,door not opened
07/11/2025,12,4235,Friday,Weekday,West,15652360.0,72000,20:00:00,71885,19:58:05,10,12943,Washington Ave & Lexington Ave (12943),0,0,3,,,72384,20:06:24,,,72384,20:06:24,0,00:00:00,door not opened
07/11/2025,12,4235,Friday,Weekday,West,15652360.0,72000,20:00:00,71885,19:58:05,9,12942,Washington Ave & Henry Johnson Blvd (12942),0,0,3,,,72354,20:05:54,,,72354,20:05:54,0,00:00:00,door not opened
07/11/2025,12,4235,Friday,Weekday,West,15652360.0,72000,20:00:00,71885,19:58:05,8,3239,Lark/Library Station - Washington Ave & Lark St (03239),0,0,3,72480.0,20:08:00,72187,20:03:07,72480.0,20:08:00,72237,20:03:57,50,00:00:50,doors opened
07/11/2025,12,4235,Friday,Weekday,West,15652360.0,72000,20:00:00,71885,19:58:05,7,3301,Washington Ave & S. Swan St (03301),0,0,3,,,72128,20:02:08,,,72128,20:02:08,0,00:00:00,door not opened
07/11/2025,12,4235,Friday,Weekday,West,15652360.0,72000,20:00:00,71885,19:58:05,6,3250,Hawk/Capitol Station - Washington Ave & Hawk St (03250),0,0,3,,,72096,20:01:36,,,72096,20:01:36,0,00:00:00,door not opened
07/11/2025,12,4235,Friday,Weekday,West,15652360.0,72000,20:00:00,71885,19:58:05,5,10087,State St & Eagle St (10087),0,0,3,,,72057,20:00:57,,,72057,20:00:57,0,00:00:00,door not opened
07/11/2025,12,4235,Friday,Weekday,West,15652360.0,72000,20:00:00,71885,19:58:05,4,2665,State/Downtown Station - State St & Lodge St (02665),2,0,3,72240.0,20:04:00,72006,20:00:06,72240.0,20:04:00,72028,20:00:28,22,00:00:22,doors opened
07/11/2025,12,4235,Friday,Weekday,West,15652360.0,72000,20:00:00,71885,19:58:05,3,3221,State Station - N. Pearl St & Ten Eyck Plaza (03221),0,0,1,,,71898,19:58:18,,,71898,19:58:18,0,00:00:00,door not opened
07/11/2025,12,4235,Friday,Weekday,West,15652360.0,72000,20:00:00,71885,19:58:05,2,3233,N. Pearl St & Sheridan Ave (03233),0,0,1,,,71886,19:58:06,,,71886,19:58:06,0,00:00:00,door not opened
07/11/2025,12,4235,Friday,Weekday,West,15652360.0,72000,20:00:00,71885,19:58:05,1,2168,Clinton Square Station - N. Pearl St & Clinton Ave (02168),0,0,1,,,71885,19:58:05,,,71885,19:58:05,0,00:00:00,door not opened
07/11/2025,12,4235,Friday,Weekday,West,15652360.0,72000,20:00:00,71885,19:58:05,0,9018,Broadway & Orange St (09018),0,0,1,72000.0,20:00:00,71885,19:58:05,72000.0,20:00:00,71885,19:58:05,0,00:00:00,door not opened
07/11/2025,12,4239,Friday,Weekday,East,15650979.0,56100,15:35:00,56124,15:35:24,11,3256,Washington Ave & Ontario St (03256),2,6,10,57540.0,15:59:00,57354,15:55:54,57540.0,15:59:00,57404,15:56:44,50,00:00:50,doors opened
07/11/2025,12,4239,Friday,Weekday,East,15650979.0,56100,15:35:00,56124,15:35:24,10,3257,Washington Ave & N. Main Ave (03257),1,3,14,,,57208,15:53:28,,,57231,15:53:51,23,00:00:23,doors opened
07/11/2025,12,4239,Friday,Weekday,East,15650979.0,56100,15:35:00,56124,15:35:24,9,1796,Washington Ave & N. Allen St (01796),0,1,16,57300.0,15:55:00,57155,15:52:35,57300.0,15:55:00,57171,15:52:51,16,00:00:16,doors opened
07/11/2025,12,4239,Friday,Weekday,East,15650979.0,56100,15:35:00,56124,15:35:24,8,11581,Washington Ave & Manning Blvd (11581),0,0,17,,,57122,15:52:02,,,57122,15:52:02,0,00:00:00,door not opened
07/11/2025,12,4239,Friday,Weekday,East,15650979.0,56100,15:35:00,56124,15:35:24,7,2180,Washington Ave & Homestead Ave (02180),0,0,17,,,57089,15:51:29,,,57089,15:51:29,0,00:00:00,door not opened
07/11/2025,12,4239,Friday,Weekday,East,15650979.0,56100,15:35:00,56124,15:35:24,6,2182,Washington Ave & Hawthorne St (02182),0,0,17,,,57061,15:51:01,,,57061,15:51:01,0,00:00:00,door not opened
07/11/2025,12,4239,Friday,Weekday,East,15650979.0,56100,15:35:00,56124,15:35:24,5,3304,Washington Ave & Clermont St (03304),0,2,17,,,56984,15:49:44,,,56999,15:49:59,15,00:00:15,doors opened
07/11/2025,12,4239,Friday,Weekday,East,15650979.0,56100,15:35:00,56124,15:35:24,4,3348,Washington Ave & Brevator St (03348),1,0,19,,,56936,15:48:56,,,56959,15:49:19,23,00:00:23,doors opened
07/11/2025,12,4239,Friday,Weekday,East,15650979.0,56100,15:35:00,56124,15:35:24,3,10134,Washington Ave & SUNY Exit Rd (10134),2,0,18,,,56762,15:46:02,,,56784,15:46:24,22,00:00:22,doors opened
07/11/2025,12,4239,Friday,Weekday,East,15650979.0,56100,15:35:00,56124,15:35:24,2,7216,SUNY Collins Circle (07216),7,1,16,56760.0,15:46:00,56634,15:43:54,56760.0,15:46:00,56664,15:44:24,30,00:00:30,doors opened
07/11/2025,12,4239,Friday,Weekday,East,15650979.0,56100,15:35:00,56124,15:35:24,1,12827,Crossgates Commons Station (12827),7,0,10,56460.0,15:41:00,56321,15:38:41,56460.0,15:41:00,56417,15:40:17,96,00:01:36,doors opened
07/11/2025,12,4239,Friday,Weekday,East,15650979.0,56100,15:35:00,56124,15:35:24,0,7175,Crossgates Mall Station (07175),1,0,3,56100.0,15:35:00,56124,15:35:24,56100.0,15:35:00,56124,15:35:24,0,00:00:00,doors opened
07/11/2025,12,4239,Friday,Weekday,East,15650979.0,56100,15:35:00,56124,15:35:24,22,3940,Broadway & Steuben St (03940),0,0,0,58440.0,16:14:00,58171,16:09:31,58440.0,16:14:00,58171,16:09:31,0,00:00:00,door not opened
07/11/2025,12,4239,Friday,Weekday,East,15650979.0,56100,15:35:00,56124,15:35:24,21,2509,State/Downtown Station - State St & S. Pearl St (02509),0,4,0,58260.0,16:11:00,58011,16:06:51,58260.0,16:11:00,58075,16:07:55,64,00:01:04,doors opened
07/11/2025,12,4239,Friday,Weekday,East,15650979.0,56100,15:35:00,56124,15:35:24,20,1787,State St & Eagle St (01787),0,0,4,,,57976,16:06:16,,,57989,16:06:29,13,00:00:13,doors opened
07/11/2025,12,4239,Friday,Weekday,East,15650979.0,56100,15:35:00,56124,15:35:24,19,2706,Hawk/Capitol Station - Washington Ave & Hawk St (02706),0,0,4,,,57934,16:05:34,,,57934,16:05:34,0,00:00:00,door not opened
07/11/2025,12,4239,Friday,Weekday,East,15650979.0,56100,15:35:00,56124,15:35:24,18,1789,Washington Ave & S. Swan St (01789),0,1,4,,,57832,16:03:52,,,57897,16:04:57,65,00:01:05,doors opened
07/11/2025,12,4239,Friday,Weekday,East,15650979.0,56100,15:35:00,56124,15:35:24,17,1788,Washington Ave & Dove St (01788),0,0,5,,,57806,16:03:26,,,57806,16:03:26,0,00:00:00,door not opened
07/11/2025,12,4239,Friday,Weekday,East,15650979.0,56100,15:35:00,56124,15:35:24,16,2663,Lark/Library Station - Washington Ave & Lark St (02663),0,3,5,57960.0,16:06:00,57753,16:02:33,57960.0,16:06:00,57775,16:02:55,22,00:00:22,doors opened
07/11/2025,12,4239,Friday,Weekday,East,15650979.0,56100,15:35:00,56124,15:35:24,15,263,Washington Ave & Henry Johnson Blvd (00263),0,0,8,,,57672,16:01:12,,,57704,16:01:44,32,00:00:32,doors opened
07/11/2025,12,4239,Friday,Weekday,East,15650979.0,56100,15:35:00,56124,15:35:24,14,2096,Washington Ave & Lexington Ave (02096),0,0,8,,,57633,16:00:33,,,57633,16:00:33,0,00:00:00,door not opened
07/11/2025,12,4239,Friday,Weekday,East,15650979.0,56100,15:35:00,56124,15:35:24,13,3253,Washington Ave & Robin St (Draper Hall) (03253),0,0,8,,,57610,16:00:10,,,57610,16:00:10,0,00:00:00,door not opened
07/11/2025,12,4239,Friday,Weekday,East,15650979.0,56100,15:35:00,56124,15:35:24,12,2109,Washington Ave & N. Lake Ave (02109),1,3,8,,,57497,15:58:17,,,57561,15:59:21,64,00:01:04,doors opened
07/11/2025,12,4239,Friday,Weekday,West,15650981.0,58800,16:20:00,58801,16:20:01,27,7175,Crossgates Mall Station (07175),0,13,0,61500.0,17:05:00,61158,16:59:18,61500.0,17:05:00,61158,16:59:18,0,00:00:00,doors opened
07/11/2025,12,4239,Friday,Weekday,West,15650981.0,58800,16:20:00,58801,16:20:01,26,12828,Crossgates Commons Station (12828),0,8,13,61080.0,16:58:00,60895,16:54:55,61080.0,16:58:00,60914,16:55:14,19,00:00:19,doors opened
07/11/2025,12,4239,Friday,Weekday,West,15650981.0,58800,16:20:00,58801,16:20:01,25,12891,1475 Washington Ave (12891),1,0,21,,,60719,16:51:59,,,60734,16:52:14,15,00:00:15,doors opened
07/11/2025,12,4239,Friday,Weekday,West,15650981.0,58800,16:20:00,58801,16:20:01,24,7216,SUNY Collins Circle (07216),1,0,20,60660.0,16:51:00,60537,16:48:57,60660.0,16:51:00,60552,16:49:12,15,00:00:15,doors opened
07/11/2025,12,4239,Friday,Weekday,West,15650981.0,58800,16:20:00,58801,16:20:01,23,3262,1383 Washington Ave (Fairfield Inn) (03262),0,3,19,,,60373,16:46:13,,,60391,16:46:31,18,00:00:18,doors opened
07/11/2025,12,4239,Friday,Weekday,West,15650981.0,58800,16:20:00,58801,16:20:01,22,976,Washington Ave & Brevator St (00976),0,0,22,,,60258,16:44:18,,,60258,16:44:18,0,00:00:00,door not opened
07/11/2025,12,4239,Friday,Weekday,West,15650981.0,58800,16:20:00,58801,16:20:01,21,1959,Washington Ave & Colvin Ave (01959),1,0,22,,,60198,16:43:18,,,60213,16:43:33,15,00:00:15,doors opened
07/11/2025,12,4239,Friday,Weekday,West,15650981.0,58800,16:20:00,58801,16:20:01,20,3399,Washington Ave & Danker Ave (03399),0,0,21,,,60171,16:42:51,,,60171,16:42:51,0,00:00:00,door not opened
07/11/2025,12,4239,Friday,Weekday,West,15650981.0,58800,16:20:00,58801,16:20:01,19,1849,Washington Ave & Homestead Ave (01849),1,0,21,,,60109,16:41:49,,,60144,16:42:24,35,00:00:35,doors opened
07/11/2025,12,4239,Friday,Weekday,West,15650981.0,58800,16:20:00,58801,16:20:01,18,1846,Washington Ave & Manning Blvd (01846),0,1,20,,,60035,16:40:35,,,60060,16:41:00,25,00:00:25,doors opened
07/11/2025,12,4239,Friday,Weekday,West,15650981.0,58800,16:20:00,58801,16:20:01,17,3287,Washington Ave & N. Allen St (03287),3,2,21,60180.0,16:43:00,59929,16:38:49,60180.0,16:43:00,59991,16:39:51,62,00:01:02,doors opened
07/11/2025,12,4239,Friday,Weekday,West,15650981.0,58800,16:20:00,58801,16:20:01,16,3264,Washington Ave & N. Main Ave (03264),0,0,20,,,59856,16:37:36,,,59874,16:37:54,18,00:00:18,doors opened
07/11/2025,12,4239,Friday,Weekday,West,15650981.0,58800,16:20:00,58801,16:20:01,15,1839,Washington Ave & Partridge St (01839),0,0,20,,,59780,16:36:20,,,59780,16:36:20,0,00:00:00,door not opened
07/11/2025,12,4239,Friday,Weekday,West,15650981.0,58800,16:20:00,58801,16:20:01,14,1841,Washington Ave & Ontario St (01841),5,0,20,59880.0,16:38:00,59722,16:35:22,59880.0,16:38:00,59749,16:35:49,27,00:00:27,doors opened
07/11/2025,12,4239,Friday,Weekday,West,15650981.0,58800,16:20:00,58801,16:20:01,13,1842,Washington Ave & Quail St (01842),4,0,15,,,59635,16:33:55,,,59690,16:34:50,55,00:00:55,doors opened
07/11/2025,12,4239,Friday,Weekday,West,15650981.0,58800,16:20:00,58801,16:20:01,12,1837,Washington Ave & N. Lake Ave (01837),0,0,11,,,59601,16:33:21,,,59601,16:33:21,0,00:00:00,door not opened
07/11/2025,12,4239,Friday,Weekday,West,15650981.0,58800,16:20:00,58801,16:20:01,11,1843,Washington Ave & Robin St (01843),0,1,11,,,59505,16:31:45,,,59515,16:31:55,10,00:00:10,doors opened
07/11/2025,12,4239,Friday,Weekday,West,15650981.0,58800,16:20:00,58801,16:20:01,10,12943,Washington Ave & Lexington Ave (12943),2,1,12,,,59452,16:30:52,,,59471,16:31:11,19,00:00:19,doors opened
07/11/2025,12,4239,Friday,Weekday,West,15650981.0,58800,16:20:00,58801,16:20:01,9,12942,Washington Ave & Henry Johnson Blvd (12942),0,1,11,,,59401,16:30:01,,,59419,16:30:19,18,00:00:18,doors opened
07/11/2025,12,4239,Friday,Weekday,West,15650981.0,58800,16:20:00,58801,16:20:01,8,3239,Lark/Library Station - Washington Ave & Lark St (03239),0,2,12,59460.0,16:31:00,59271,16:27:51,59460.0,16:31:00,59324,16:28:44,53,00:00:53,doors opened
07/11/2025,12,4239,Friday,Weekday,West,15650981.0,58800,16:20:00,58801,16:20:01,7,3301,Washington Ave & S. Swan St (03301),4,0,14,,,59194,16:26:34,,,59227,16:27:07,33,00:00:33,doors opened
07/11/2025,12,4239,Friday,Weekday,West,15650981.0,58800,16:20:00,58801,16:20:01,6,3250,Hawk/Capitol Station - Washington Ave & Hawk St (03250),0,0,10,,,59168,16:26:08,,,59168,16:26:08,0,00:00:00,door not opened
07/11/2025,12,4239,Friday,Weekday,West,15650981.0,58800,16:20:00,58801,16:20:01,5,10087,State St & Eagle St (10087),0,0,10,,,59137,16:25:37,,,59137,16:25:37,0,00:00:00,door not opened
07/11/2025,12,4239,Friday,Weekday,West,15650981.0,58800,16:20:00,58801,16:20:01,4,2665,State/Downtown Station - State St & Lodge St (02665),3,0,10,59100.0,16:25:00,59077,16:24:37,59100.0,16:25:00,59094,16:24:54,17,00:00:17,doors opened
07/11/2025,12,4239,Friday,Weekday,West,15650981.0,58800,16:20:00,58801,16:20:01,3,3221,State Station - N. Pearl St & Ten Eyck Plaza (03221),5,0,7,,,58943,16:22:23,,,59053,16:24:13,110,00:01:50,doors opened
07/11/2025,12,4239,Friday,Weekday,West,15650981.0,58800,16:20:00,58801,16:20:01,2,3233,N. Pearl St & Sheridan Ave (03233),0,0,2,,,58904,16:21:44,,,58904,16:21:44,0,00:00:00,door not opened
07/11/2025,12,4239,Friday,Weekday,West,15650981.0,58800,16:20:00,58801,16:20:01,1,2168,Clinton Square Station - N. Pearl St & Clinton Ave (02168),0,0,2,,,58891,16:21:31,,,58891,16:21:31,0,00:00:00,door not opened
07/11/2025,12,4239,Friday,Weekday,West,15650981.0,58800,16:20:00,58801,16:20:01,0,9018,Broadway & Orange St (09018),2,0,2,58800.0,16:20:00,58801,16:20:01,58800.0,16:20:00,58801,16:20:01,0,00:00:00,doors opened
07/11/2025,12,4239,Friday,Weekday,East,15650982.0,62100,17:15:00,62118,17:15:18,10,3257,Washington Ave & N. Main Ave (03257),0,2,13,,,63200,17:33:20,,,63223,17:33:43,23,00:00:23,doors opened
07/11/2025,12,4239,Friday,Weekday,East,15650982.0,62100,17:15:00,62118,17:15:18,9,1796,Washington Ave & N. Allen St (01796),3,3,15,63300.0,17:35:00,63137,17:32:17,63300.0,17:35:00,63168,17:32:48,31,00:00:31,doors opened
07/11/2025,12,4239,Friday,Weekday,East,15650982.0,62100,17:15:00,62118,17:15:18,8,11581,Washington Ave & Manning Blvd (11581),0,1,15,,,63088,17:31:28,,,63105,17:31:45,17,00:00:17,doors opened
07/11/2025,12,4239,Friday,Weekday,East,15650982.0,62100,17:15:00,62118,17:15:18,7,2180,Washington Ave & Homestead Ave (02180),0,1,16,,,63046,17:30:46,,,63064,17:31:04,18,00:00:18,doors opened
07/11/2025,12,4239,Friday,Weekday,East,15650982.0,62100,17:15:00,62118,17:15:18,6,2182,Washington Ave & Hawthorne St (02182),0,0,17,,,63022,17:30:22,,,63022,17:30:22,0,00:00:00,door not opened
07/11/2025,12,4239,Friday,Weekday,East,15650982.0,62100,17:15:00,62118,17:15:18,5,3304,Washington Ave & Clermont St (03304),0,4,17,,,62978,17:29:38,,,62998,17:29:58,20,00:00:20,doors opened
07/11/2025,12,4239,Friday,Weekday,East,15650982.0,62100,17:15:00,62118,17:15:18,4,3348,Washington Ave & Brevator St (03348),0,0,21,,,62965,17:29:25,,,62965,17:29:25,0,00:00:00,door not opened
07/11/2025,12,4239,Friday,Weekday,East,15650982.0,62100,17:15:00,62118,17:15:18,3,10134,Washington Ave & SUNY Exit Rd (10134),3,3,21,,,62803,17:26:43,,,62826,17:27:06,23,00:00:23,doors opened
07/11/2025,12,4239,Friday,Weekday,East,15650982.0,62100,17:15:00,62118,17:15:18,2,7216,SUNY Collins Circle (07216),1,1,21,62760.0,17:26:00,62676,17:24:36,62760.0,17:26:00,62708,17:25:08,32,00:00:32,doors opened
07/11/2025,12,4239,Friday,Weekday,East,15650982.0,62100,17:15:00,62118,17:15:18,1,12827,Crossgates Commons Station (12827),17,6,21,62460.0,17:21:00,62302,17:18:22,62460.0,17:21:00,62427,17:20:27,125,00:02:05,doors opened
07/11/2025,12,4239,Friday,Weekday,East,15650982.0,62100,17:15:00,62118,17:15:18,0,7175,Crossgates Mall Station (07175),10,0,10,62100.0,17:15:00,62118,17:15:18,62100.0,17:15:00,62118,17:15:18,0,00:00:00,doors opened
07/11/2025,12,4239,Friday,Weekday,East,15650982.0,62100,17:15:00,62118,17:15:18,24,3940,Broadway & Steuben St (03940),0,0,0,64440.0,17:54:00,64240,17:50:40,64440.0,17:54:00,64240,17:50:40,0,00:00:00,door not opened
07/11/2025,12,4239,Friday,Weekday,East,15650982.0,62100,17:15:00,62118,17:15:18,23,2509,State/Downtown Station - State St & S. Pearl St (02509),0,2,0,64260.0,17:51:00,63999,17:46:39,64260.0,17:51:00,64142,17:49:02,143,00:02:23,doors opened
07/11/2025,12,4239,Friday,Weekday,East,15650982.0,62100,17:15:00,62118,17:15:18,22,1787,State St & Eagle St (01787),0,0,2,,,63969,17:46:09,,,63969,17:46:09,0,00:00:00,door not opened
07/11/2025,12,4239,Friday,Weekday,East,15650982.0,62100,17:15:00,62118,17:15:18,21,2706,Hawk/Capitol Station - Washington Ave & Hawk St (02706),0,0,2,,,63902,17:45:02,,,63902,17:45:02,0,00:00:00,door not opened
07/11/2025,12,4239,Friday,Weekday,East,15650982.0,62100,17:15:00,62118,17:15:18,20,1789,Washington Ave & S. Swan St (01789),0,0,2,,,63865,17:44:25,,,63865,17:44:25,0,00:00:00,door not opened
07/11/2025,12,4239,Friday,Weekday,East,15650982.0,62100,17:15:00,62118,17:15:18,19,1788,Washington Ave & Dove St (01788),0,0,2,,,63824,17:43:44,,,63824,17:43:44,0,00:00:00,door not opened
07/11/2025,12,4239,Friday,Weekday,East,15650982.0,62100,17:15:00,62118,17:15:18,18,2663,Lark/Library Station - Washington Ave & Lark St (02663),0,1,2,63960.0,17:46:00,63749,17:42:29,63960.0,17:46:00,63794,17:43:14,45,00:00:45,doors opened
07/11/2025,12,4239,Friday,Weekday,East,15650982.0,62100,17:15:00,62118,17:15:18,17,263,Washington Ave & Henry Johnson Blvd (00263),0,0,3,,,63704,17:41:44,,,63704,17:41:44,0,00:00:00,door not opened
07/11/2025,12,4239,Friday,Weekday,East,15650982.0,62100,17:15:00,62118,17:15:18,16,2096,Washington Ave & Lexington Ave (02096),0,2,3,,,63586,17:39:46,,,63606,17:40:06,20,00:00:20,doors opened
07/11/2025,12,4239,Friday,Weekday,East,15650982.0,62100,17:15:00,62118,17:15:18,15,3253,Washington Ave & Robin St (Draper Hall) (03253),0,1,5,,,63485,17:38:05,,,63561,17:39:21,76,00:01:16,doors opened
07/11/2025,12,4239,Friday,Weekday,East,15650982.0,62100,17:15:00,62118,17:15:18,14,2109,Washington Ave & N. Lake Ave (02109),0,0,6,,,63456,17:37:36,,,63456,17:37:36,0,00:00:00,door not opened
07/11/2025,12,4239,Friday,Weekday,East,15650982.0,62100,17:15:00,62118,17:15:18,13,3255,Washington Ave & Quail St (03255),0,6,6,,,63369,17:36:09,,,63414,17:36:54,45,00:00:45,doors opened
07/11/2025,12,4239,Friday,Weekday,East,15650982.0,62100,17:15:00,62118,17:15:18,12,3256,Washington Ave & Ontario St (03256),1,1,12,63540.0,17:39:00,63316,17:35:16,63540.0,17:39:00,63346,17:35:46,30,00:00:30,doors opened
07/11/2025,12,4239,Friday,Weekday,East,15650982.0,62100,17:15:00,62118,17:15:18,11,2107,Washington Ave & Partridge St (02107),0,1,12,,,63280,17:34:40,,,63292,17:34:52,12,00:00:12,doors opened
07/11/2025,12,4239,Friday,Weekday,West,15650984.0,64800,18:00:00,64809,18:00:09,26,12828,Crossgates Commons Station (12828),0,7,6,66780.0,18:33:00,66672,18:31:12,66780.0,18:33:00,66697,18:31:37,25,00:00:25,doors opened
07/11/2025,12,4239,Friday,Weekday,West,15650984.0,64800,18:00:00,64809,18:00:09,25,12891,1475 Washington Ave (12891),1,0,13,,,66484,18:28:04,,,66515,18:28:35,31,00:00:31,doors opened
07/11/2025,12,4239,Friday,Weekday,West,15650984.0,64800,18:00:00,64809,18:00:09,24,7216,SUNY Collins Circle (07216),0,0,12,66420.0,18:27:00,66337,18:25:37,66420.0,18:27:00,66337,18:25:37,0,00:00:00,door not opened
07/11/2025,12,4239,Friday,Weekday,West,15650984.0,64800,18:00:00,64809,18:00:09,23,3262,1383 Washington Ave (Fairfield Inn) (03262),0,1,12,,,66243,18:24:03,,,66256,18:24:16,13,00:00:13,doors opened
07/11/2025,12,4239,Friday,Weekday,West,15650984.0,64800,18:00:00,64809,18:00:09,22,976,Washington Ave & Brevator St (00976),0,2,13,,,66102,18:21:42,,,66135,18:22:15,33,00:00:33,doors opened
07/11/2025,12,4239,Friday,Weekday,West,15650984.0,64800,18:00:00,64809,18:00:09,21,1959,Washington Ave & Colvin Ave (01959),0,0,15,,,66083,18:21:23,,,66083,18:21:23,0,00:00:00,door not opened
07/11/2025,12,4239,Friday,Weekday,West,15650984.0,64800,18:00:00,64809,18:00:09,20,3399,Washington Ave & Danker Ave (03399),1,0,15,,,66028,18:20:28,,,66061,18:21:01,33,00:00:33,doors opened
07/11/2025,12,4239,Friday,Weekday,West,15650984.0,64800,18:00:00,64809,18:00:09,19,1849,Washington Ave & Homestead Ave (01849),1,1,14,,,65977,18:19:37,,,66005,18:20:05,28,00:00:28,doors opened
07/11/2025,12,4239,Friday,Weekday,West,15650984.0,64800,18:00:00,64809,18:00:09,18,1846,Washington Ave & Manning Blvd (01846),0,0,14,,,65953,18:19:13,,,65953,18:19:13,0,00:00:00,door not opened
07/11/2025,12,4239,Friday,Weekday,West,15650984.0,64800,18:00:00,64809,18:00:09,17,3287,Washington Ave & N. Allen St (03287),1,0,14,66000.0,18:20:00,65843,18:17:23,66000.0,18:20:00,65865,18:17:45,22,00:00:22,doors opened
07/11/2025,12,4239,Friday,Weekday,West,15650984.0,64800,18:00:00,64809,18:00:09,16,3264,Washington Ave & N. Main Ave (03264),1,0,13,,,65765,18:16:05,,,65804,18:16:44,39,00:00:39,doors opened
07/11/2025,12,4239,Friday,Weekday,West,15650984.0,64800,18:00:00,64809,18:00:09,15,1839,Washington Ave & Partridge St (01839),0,0,12,,,65710,18:15:10,,,65710,18:15:10,0,00:00:00,door not opened
07/11/2025,12,4239,Friday,Weekday,West,15650984.0,64800,18:00:00,64809,18:00:09,14,1841,Washington Ave & Ontario St (01841),0,0,12,65820.0,18:17:00,65681,18:14:41,65820.0,18:17:00,65681,18:14:41,0,00:00:00,door not opened
07/11/2025,12,4239,Friday,Weekday,West,15650984.0,64800,18:00:00,64809,18:00:09,13,1842,Washington Ave & Quail St (01842),0,0,12,,,65638,18:13:58,,,65638,18:13:58,0,00:00:00,door not opened
07/11/2025,12,4239,Friday,Weekday,West,15650984.0,64800,18:00:00,64809,18:00:09,12,1837,Washington Ave & N. Lake Ave (01837),0,0,12,,,65545,18:12:25,,,65545,18:12:25,0,00:00:00,door not opened
07/11/2025,12,4239,Friday,Weekday,West,15650984.0,64800,18:00:00,64809,18:00:09,11,1843,Washington Ave & Robin St (01843),4,0,12,,,65443,18:10:43,,,65479,18:11:19,36,00:00:36,doors opened
07/11/2025,12,4239,Friday,Weekday,West,15650984.0,64800,18:00:00,64809,18:00:09,10,12943,Washington Ave & Lexington Ave (12943),0,0,8,,,65416,18:10:16,,,65416,18:10:16,0,00:00:00,door not opened
07/11/2025,12,4239,Friday,Weekday,West,15650984.0,64800,18:00:00,64809,18:00:09,9,12942,Washington Ave & Henry Johnson Blvd (12942),0,0,8,,,65323,18:08:43,,,65323,18:08:43,0,00:00:00,door not opened
07/11/2025,12,4239,Friday,Weekday,West,15650984.0,64800,18:00:00,64809,18:00:09,8,3239,Lark/Library Station - Washington Ave & Lark St (03239),0,1,8,65400.0,18:10:00,65238,18:07:18,65400.0,18:10:00,65281,18:08:01,43,00:00:43,doors opened
07/11/2025,12,4239,Friday,Weekday,West,15650984.0,64800,18:00:00,64809,18:00:09,7,3301,Washington Ave & S. Swan St (03301),1,0,9,,,65183,18:06:23,,,65197,18:06:37,14,00:00:14,doors opened
07/11/2025,12,4239,Friday,Weekday,West,15650984.0,64800,18:00:00,64809,18:00:09,6,3250,Hawk/Capitol Station - Washington Ave & Hawk St (03250),1,0,8,,,65143,18:05:43,,,65157,18:05:57,14,00:00:14,doors opened
07/11/2025,12,4239,Friday,Weekday,West,15650984.0,64800,18:00:00,64809,18:00:09,5,10087,State St & Eagle St (10087),0,0,7,,,65119,18:05:19,,,65119,18:05:19,0,00:00:00,door not opened
07/11/2025,12,4239,Friday,Weekday,West,15650984.0,64800,18:00:00,64809,18:00:09,4,2665,State/Downtown Station - State St & Lodge St (02665),2,0,7,65100.0,18:05:00,64990,18:03:10,65100.0,18:05:00,65016,18:03:36,26,00:00:26,doors opened
07/11/2025,12,4239,Friday,Weekday,West,15650984.0,64800,18:00:00,64809,18:00:09,3,3221,State Station - N. Pearl St & Ten Eyck Plaza (03221),2,0,5,,,64921,18:02:01,,,64958,18:02:38,37,00:00:37,doors opened
07/11/2025,12,4239,Friday,Weekday,West,15650984.0,64800,18:00:00,64809,18:00:09,2,3233,N. Pearl St & Sheridan Ave (03233),0,0,3,,,64875,18:01:15,,,64875,18:01:15,0,00:00:00,door not opened
07/11/2025,12,4239,Friday,Weekday,West,15650984.0,64800,18:00:00,64809,18:00:09,1,2168,Clinton Square Station - N. Pearl St & Clinton Ave (02168),0,0,3,,,64862,18:01:02,,,64862,18:01:02,0,00:00:00,door not opened
07/11/2025,12,4239,Friday,Weekday,West,15650984.0,64800,18:00:00,64809,18:00:09,0,9018,Broadway & Orange St (09018),3,0,3,64800.0,18:00:00,64809,18:00:09,64800.0,18:00:00,64809,18:00:09,0,00:00:00,doors opened
07/11/2025,12,4239,Friday,Weekday,West,15650984.0,64800,18:00:00,64809,18:00:09,27,7175,Crossgates Mall Station (07175),0,6,0,67200.0,18:40:00,66891,18:34:51,67200.0,18:40:00,66891,18:34:51,0,00:00:00,doors opened
07/11/2025,12,4239,Friday,Weekday,East,15649529.0,29700,08:15:00,29699,08:14:59,24,3940,Broadway & Steuben St (03940),0,1,0,32040.0,08:54:00,32310,08:58:30,32040.0,08:54:00,32310,08:58:30,0,00:00:00,doors opened
07/11/2025,12,4239,Friday,Weekday,East,15649529.0,29700,08:15:00,29699,08:14:59,23,2509,State/Downtown Station - State St & S. Pearl St (02509),0,4,1,31860.0,08:51:00,32205,08:56:45,31860.0,08:51:00,32227,08:57:07,22,00:00:22,doors opened
07/11/2025,12,4239,Friday,Weekday,East,15649529.0,29700,08:15:00,29699,08:14:59,22,1787,State St & Eagle St (01787),0,0,5,,,32171,08:56:11,,,32185,08:56:25,14,00:00:14,doors opened
07/11/2025,12,4239,Friday,Weekday,East,15649529.0,29700,08:15:00,29699,08:14:59,21,2706,Hawk/Capitol Station - Washington Ave & Hawk St (02706),0,1,5,,,32057,08:54:17,,,32098,08:54:58,41,00:00:41,doors opened
07/11/2025,12,4239,Friday,Weekday,East,15649529.0,29700,08:15:00,29699,08:14:59,20,1789,Washington Ave & S. Swan St (01789),0,11,6,,,31982,08:53:02,,,32028,08:53:48,46,00:00:46,doors opened
07/11/2025,12,4239,Friday,Weekday,East,15649529.0,29700,08:15:00,29699,08:14:59,19,1788,Washington Ave & Dove St (01788),0,2,17,,,31935,08:52:15,,,31950,08:52:30,15,00:00:15,doors opened
07/11/2025,12,4239,Friday,Weekday,East,15649529.0,29700,08:15:00,29699,08:14:59,18,2663,Lark/Library Station - Washington Ave & Lark St (02663),0,1,19,31440.0,08:44:00,31853,08:50:53,31440.0,08:44:00,31870,08:51:10,17,00:00:17,doors opened
07/11/2025,12,4239,Friday,Weekday,East,15649529.0,29700,08:15:00,29699,08:14:59,17,263,Washington Ave & Henry Johnson Blvd (00263),0,1,20,,,31778,08:49:38,,,31827,08:50:27,49,00:00:49,doors opened
07/11/2025,12,4239,Friday,Weekday,East,15649529.0,29700,08:15:00,29699,08:14:59,16,2096,Washington Ave & Lexington Ave (02096),0,4,21,,,31600,08:46:40,,,31748,08:49:08,148,00:02:28,doors opened
07/11/2025,12,4239,Friday,Weekday,East,15649529.0,29700,08:15:00,29699,08:14:59,15,3253,Washington Ave & Robin St (Draper Hall) (03253),2,0,25,,,31544,08:45:44,,,31571,08:46:11,27,00:00:27,doors opened
07/11/2025,12,4239,Friday,Weekday,East,15649529.0,29700,08:15:00,29699,08:14:59,14,2109,Washington Ave & N. Lake Ave (02109),0,2,23,,,31462,08:44:22,,,31518,08:45:18,56,00:00:56,doors opened
07/11/2025,12,4239,Friday,Weekday,East,15649529.0,29700,08:15:00,29699,08:14:59,13,3255,Washington Ave & Quail St (03255),1,1,25,,,31389,08:43:09,,,31432,08:43:52,43,00:00:43,doors opened
07/11/2025,12,4239,Friday,Weekday,East,15649529.0,29700,08:15:00,29699,08:14:59,12,3256,Washington Ave & Ontario St (03256),0,1,25,31020.0,08:37:00,31350,08:42:30,31020.0,08:37:00,31365,08:42:45,15,00:00:15,doors opened
07/11/2025,12,4239,Friday,Weekday,East,15649529.0,29700,08:15:00,29699,08:14:59,11,2107,Washington Ave & Partridge St (02107),2,0,26,,,31302,08:41:42,,,31325,08:42:05,23,00:00:23,doors opened
07/11/2025,12,4239,Friday,Weekday,East,15649529.0,29700,08:15:00,29699,08:14:59,10,3257,Washington Ave & N. Main Ave (03257),2,0,24,,,31177,08:39:37,,,31199,08:39:59,22,00:00:22,doors opened
07/11/2025,12,4239,Friday,Weekday,East,15649529.0,29700,08:15:00,29699,08:14:59,9,1796,Washington Ave & N. Allen St (01796),2,3,22,30840.0,08:34:00,31102,08:38:22,30840.0,08:34:00,31141,08:39:01,39,00:00:39,doors opened
07/11/2025,12,4239,Friday,Weekday,East,15649529.0,29700,08:15:00,29699,08:14:59,8,11581,Washington Ave & Manning Blvd (11581),2,0,23,,,31027,08:37:07,,,31065,08:37:45,38,00:00:38,doors opened
07/11/2025,12,4239,Friday,Weekday,East,15649529.0,29700,08:15:00,29699,08:14:59,7,2180,Washington Ave & Homestead Ave (02180),4,0,21,,,30954,08:35:54,,,31000,08:36:40,46,00:00:46,doors opened
07/11/2025,12,4239,Friday,Weekday,East,15649529.0,29700,08:15:00,29699,08:14:59,6,2182,Washington Ave & Hawthorne St (02182),3,0,17,,,30898,08:34:58,,,30924,08:35:24,26,00:00:26,doors opened
07/11/2025,12,4239,Friday,Weekday,East,15649529.0,29700,08:15:00,29699,08:14:59,5,3304,Washington Ave & Clermont St (03304),1,0,14,,,30842,08:34:02,,,30867,08:34:27,25,00:00:25,doors opened
07/11/2025,12,4239,Friday,Weekday,East,15649529.0,29700,08:15:00,29699,08:14:59,4,3348,Washington Ave & Brevator St (03348),1,0,13,,,30785,08:33:05,,,30818,08:33:38,33,00:00:33,doors opened
07/11/2025,12,4239,Friday,Weekday,East,15649529.0,29700,08:15:00,29699,08:14:59,3,10134,Washington Ave & SUNY Exit Rd (10134),5,0,12,,,30589,08:29:49,,,30660,08:31:00,71,00:01:11,doors opened
07/11/2025,12,4239,Friday,Weekday,East,15649529.0,29700,08:15:00,29699,08:14:59,2,7216,SUNY Collins Circle (07216),3,0,7,30300.0,08:25:00,30437,08:27:17,30300.0,08:25:00,30464,08:27:44,27,00:00:27,doors opened
07/11/2025,12,4239,Friday,Weekday,East,15649529.0,29700,08:15:00,29699,08:14:59,1,12827,Crossgates Commons Station (12827),2,0,4,30000.0,08:20:00,30016,08:20:16,30000.0,08:20:00,30079,08:21:19,63,00:01:03,doors opened
07/11/2025,12,4239,Friday,Weekday,East,15649529.0,29700,08:15:00,29699,08:14:59,0,7175,Crossgates Mall Station (07175),2,0,2,29700.0,08:15:00,29699,08:14:59,29700.0,08:15:00,29699,08:14:59,0,00:00:00,doors opened
07/11/2025,12,4239,Friday,Weekday,East,15649522.0,19800,05:30:00,20098,05:34:58,24,3940,Broadway & Steuben St (03940),0,0,0,21540.0,05:59:00,21728,06:02:08,21540.0,05:59:00,21728,06:02:08,0,00:00:00,door not opened
07/11/2025,12,4239,Friday,Weekday,East,15649522.0,19800,05:30:00,20098,05:34:58,23,2509,State/Downtown Station - State St & S. Pearl St (02509),0,3,0,21420.0,05:57:00,21638,06:00:38,21420.0,05:57:00,21661,06:01:01,23,00:00:23,doors opened
07/11/2025,12,4239,Friday,Weekday,East,15649522.0,19800,05:30:00,20098,05:34:58,22,1787,State St & Eagle St (01787),0,0,3,,,21618,06:00:18,,,21618,06:00:18,0,00:00:00,door not opened
07/11/2025,12,4239,Friday,Weekday,East,15649522.0,19800,05:30:00,20098,05:34:58,21,2706,Hawk/Capitol Station - Washington Ave & Hawk St (02706),0,1,3,,,21523,05:58:43,,,21538,05:58:58,15,00:00:15,doors opened
07/11/2025,12,4239,Friday,Weekday,East,15649522.0,19800,05:30:00,20098,05:34:58,20,1789,Washington Ave & S. Swan St (01789),0,0,4,,,21497,05:58:17,,,21497,05:58:17,0,00:00:00,door not opened
07/11/2025,12,4239,Friday,Weekday,East,15649522.0,19800,05:30:00,20098,05:34:58,19,1788,Washington Ave & Dove St (01788),0,0,4,,,21475,05:57:55,,,21475,05:57:55,0,00:00:00,door not opened
07/11/2025,12,4239,Friday,Weekday,East,15649522.0,19800,05:30:00,20098,05:34:58,18,2663,Lark/Library Station - Washington Ave & Lark St (02663),0,0,4,21180.0,05:53:00,21455,05:57:35,21180.0,05:53:00,21455,05:57:35,0,00:00:00,door not opened
07/11/2025,12,4239,Friday,Weekday,East,15649522.0,19800,05:30:00,20098,05:34:58,17,263,Washington Ave & Henry Johnson Blvd (00263),0,0,4,,,21415,05:56:55,,,21415,05:56:55,0,00:00:00,door not opened
07/11/2025,12,4239,Friday,Weekday,East,15649522.0,19800,05:30:00,20098,05:34:58,16,2096,Washington Ave & Lexington Ave (02096),1,0,4,,,21323,05:55:23,,,21364,05:56:04,41,00:00:41,doors opened
07/11/2025,12,4239,Friday,Weekday,East,15649522.0,19800,05:30:00,20098,05:34:58,15,3253,Washington Ave & Robin St (Draper Hall) (03253),1,0,3,,,21278,05:54:38,,,21302,05:55:02,24,00:00:24,doors opened
07/11/2025,12,4239,Friday,Weekday,East,15649522.0,19800,05:30:00,20098,05:34:58,14,2109,Washington Ave & N. Lake Ave (02109),0,0,2,,,21257,05:54:17,,,21257,05:54:17,0,00:00:00,door not opened
07/11/2025,12,4239,Friday,Weekday,East,15649522.0,19800,05:30:00,20098,05:34:58,13,3255,Washington Ave & Quail St (03255),0,0,2,,,21203,05:53:23,,,21203,05:53:23,0,00:00:00,door not opened
07/11/2025,12,4239,Friday,Weekday,East,15649522.0,19800,05:30:00,20098,05:34:58,12,3256,Washington Ave & Ontario St (03256),0,1,2,20880.0,05:48:00,21119,05:51:59,20880.0,05:48:00,21144,05:52:24,25,00:00:25,doors opened
07/11/2025,12,4239,Friday,Weekday,East,15649522.0,19800,05:30:00,20098,05:34:58,11,2107,Washington Ave & Partridge St (02107),0,0,3,,,21095,05:51:35,,,21095,05:51:35,0,00:00:00,door not opened
07/11/2025,12,4239,Friday,Weekday,East,15649522.0,19800,05:30:00,20098,05:34:58,10,3257,Washington Ave & N. Main Ave (03257),0,0,3,,,21016,05:50:16,,,21016,05:50:16,0,00:00:00,door not opened
07/11/2025,12,4239,Friday,Weekday,East,15649522.0,19800,05:30:00,20098,05:34:58,9,1796,Washington Ave & N. Allen St (01796),0,0,3,20760.0,05:46:00,20982,05:49:42,20760.0,05:46:00,20982,05:49:42,0,00:00:00,door not opened
07/11/2025,12,4239,Friday,Weekday,East,15649522.0,19800,05:30:00,20098,05:34:58,8,11581,Washington Ave & Manning Blvd (11581),2,0,3,,,20885,05:48:05,,,20923,05:48:43,38,00:00:38,doors opened
07/11/2025,12,4239,Friday,Weekday,East,15649522.0,19800,05:30:00,20098,05:34:58,7,2180,Washington Ave & Homestead Ave (02180),0,0,1,,,20862,05:47:42,,,20862,05:47:42,0,00:00:00,door not opened
07/11/2025,12,4239,Friday,Weekday,East,15649522.0,19800,05:30:00,20098,05:34:58,6,2182,Washington Ave & Hawthorne St (02182),1,0,1,,,20772,05:46:12,,,20831,05:47:11,59,00:00:59,doors opened
07/11/2025,12,4239,Friday,Weekday,East,15649522.0,19800,05:30:00,20098,05:34:58,5,3304,Washington Ave & Clermont St (03304),0,0,0,,,20753,05:45:53,,,20753,05:45:53,0,00:00:00,door not opened
07/11/2025,12,4239,Friday,Weekday,East,15649522.0,19800,05:30:00,20098,05:34:58,4,3348,Washington Ave & Brevator St (03348),0,0,0,,,20699,05:44:59,,,20699,05:44:59,0,00:00:00,door not opened
07/11/2025,12,4239,Friday,Weekday,East,15649522.0,19800,05:30:00,20098,05:34:58,3,10134,Washington Ave & SUNY Exit Rd (10134),0,0,0,,,20555,05:42:35,,,20555,05:42:35,0,00:00:00,door not opened
07/11/2025,12,4239,Friday,Weekday,East,15649522.0,19800,05:30:00,20098,05:34:58,2,7216,SUNY Collins Circle (07216),0,0,0,20340.0,05:39:00,20416,05:40:16,20340.0,05:39:00,20427,05:40:27,11,00:00:11,doors opened
07/11/2025,12,4239,Friday,Weekday,East,15649522.0,19800,05:30:00,20098,05:34:58,0,7175,Crossgates Mall Station (07175),0,0,0,19800.0,05:30:00,20098,05:34:58,19800.0,05:30:00,20098,05:34:58,0,00:00:00,door not opened
07/11/2025,12,4239,Friday,Weekday,East,15649525.0,24300,06:45:00,24333,06:45:33,24,3940,Broadway & Steuben St (03940),0,0,0,26280.0,07:18:00,26302,07:18:22,26280.0,07:18:00,26302,07:18:22,0,00:00:00,door not opened
07/11/2025,12,4239,Friday,Weekday,East,15649525.0,24300,06:45:00,24333,06:45:33,23,2509,State/Downtown Station - State St & S. Pearl St (02509),0,0,0,26100.0,07:15:00,26241,07:17:21,26100.0,07:15:00,26241,07:17:21,0,00:00:00,door not opened
07/11/2025,12,4239,Friday,Weekday,East,15649525.0,24300,06:45:00,24333,06:45:33,22,1787,State St & Eagle St (01787),0,0,0,,,26181,07:16:21,,,26181,07:16:21,0,00:00:00,door not opened
07/11/2025,12,4239,Friday,Weekday,East,15649525.0,24300,06:45:00,24333,06:45:33,21,2706,Hawk/Capitol Station - Washington Ave & Hawk St (02706),0,1,0,,,26083,07:14:43,,,26103,07:15:03,20,00:00:20,doors opened
07/11/2025,12,4239,Friday,Weekday,East,15649525.0,24300,06:45:00,24333,06:45:33,20,1789,Washington Ave & S. Swan St (01789),0,0,1,,,26059,07:14:19,,,26059,07:14:19,0,00:00:00,door not opened
07/11/2025,12,4239,Friday,Weekday,East,15649525.0,24300,06:45:00,24333,06:45:33,19,1788,Washington Ave & Dove St (01788),0,0,1,,,26021,07:13:41,,,26033,07:13:53,12,00:00:12,doors opened
07/11/2025,12,4239,Friday,Weekday,East,15649525.0,24300,06:45:00,24333,06:45:33,18,2663,Lark/Library Station - Washington Ave & Lark St (02663),0,1,1,25800.0,07:10:00,25933,07:12:13,25800.0,07:10:00,25991,07:13:11,58,00:00:58,doors opened
07/11/2025,12,4239,Friday,Weekday,East,15649525.0,24300,06:45:00,24333,06:45:33,17,263,Washington Ave & Henry Johnson Blvd (00263),0,2,2,,,25873,07:11:13,,,25903,07:11:43,30,00:00:30,doors opened
07/11/2025,12,4239,Friday,Weekday,East,15649525.0,24300,06:45:00,24333,06:45:33,16,2096,Washington Ave & Lexington Ave (02096),0,0,4,,,25824,07:10:24,,,25824,07:10:24,0,00:00:00,door not opened
07/11/2025,12,4239,Friday,Weekday,East,15649525.0,24300,06:45:00,24333,06:45:33,15,3253,Washington Ave & Robin St (Draper Hall) (03253),0,1,4,,,25778,07:09:38,,,25804,07:10:04,26,00:00:26,doors opened
07/11/2025,12,4239,Friday,Weekday,East,15649525.0,24300,06:45:00,24333,06:45:33,14,2109,Washington Ave & N. Lake Ave (02109),0,0,5,,,25757,07:09:17,,,25757,07:09:17,0,00:00:00,door not opened
07/11/2025,12,4239,Friday,Weekday,East,15649525.0,24300,06:45:00,24333,06:45:33,13,3255,Washington Ave & Quail St (03255),1,5,5,,,25677,07:07:57,,,25707,07:08:27,30,00:00:30,doors opened
07/11/2025,12,4239,Friday,Weekday,East,15649525.0,24300,06:45:00,24333,06:45:33,12,3256,Washington Ave & Ontario St (03256),3,0,9,25500.0,07:05:00,25620,07:07:00,25500.0,07:05:00,25650,07:07:30,30,00:00:30,doors opened
07/11/2025,12,4239,Friday,Weekday,East,15649525.0,24300,06:45:00,24333,06:45:33,11,2107,Washington Ave & Partridge St (02107),0,0,6,,,25600,07:06:40,,,25600,07:06:40,0,00:00:00,door not opened
07/11/2025,12,4239,Friday,Weekday,East,15649525.0,24300,06:45:00,24333,06:45:33,10,3257,Washington Ave & N. Main Ave (03257),0,0,6,,,25500,07:05:00,,,25500,07:05:00,0,00:00:00,door not opened
07/11/2025,12,4239,Friday,Weekday,East,15649525.0,24300,06:45:00,24333,06:45:33,9,1796,Washington Ave & N. Allen St (01796),0,0,6,25320.0,07:02:00,25422,07:03:42,25320.0,07:02:00,25422,07:03:42,0,00:00:00,door not opened
07/11/2025,12,4239,Friday,Weekday,East,15649525.0,24300,06:45:00,24333,06:45:33,8,11581,Washington Ave & Manning Blvd (11581),0,0,6,,,25369,07:02:49,,,25369,07:02:49,0,00:00:00,door not opened
07/11/2025,12,4239,Friday,Weekday,East,15649525.0,24300,06:45:00,24333,06:45:33,7,2180,Washington Ave & Homestead Ave (02180),1,0,6,,,25306,07:01:46,,,25344,07:02:24,38,00:00:38,doors opened
07/11/2025,12,4239,Friday,Weekday,East,15649525.0,24300,06:45:00,24333,06:45:33,6,2182,Washington Ave & Hawthorne St (02182),0,0,5,,,25275,07:01:15,,,25275,07:01:15,0,00:00:00,door not opened
07/11/2025,12,4239,Friday,Weekday,East,15649525.0,24300,06:45:00,24333,06:45:33,5,3304,Washington Ave & Clermont St (03304),0,0,5,,,25258,07:00:58,,,25258,07:00:58,0,00:00:00,door not opened
07/11/2025,12,4239,Friday,Weekday,East,15649525.0,24300,06:45:00,24333,06:45:33,4,3348,Washington Ave & Brevator St (03348),0,0,5,,,25232,07:00:32,,,25232,07:00:32,0,00:00:00,door not opened
07/11/2025,12,4239,Friday,Weekday,East,15649525.0,24300,06:45:00,24333,06:45:33,3,10134,Washington Ave & SUNY Exit Rd (10134),3,0,5,,,25055,06:57:35,,,25089,06:58:09,34,00:00:34,doors opened
07/11/2025,12,4239,Friday,Weekday,East,15649525.0,24300,06:45:00,24333,06:45:33,2,7216,SUNY Collins Circle (07216),0,0,2,24840.0,06:54:00,24928,06:55:28,24840.0,06:54:00,24928,06:55:28,0,00:00:00,door not opened
07/11/2025,12,4239,Friday,Weekday,East,15649525.0,24300,06:45:00,24333,06:45:33,1,12827,Crossgates Commons Station (12827),0,0,2,24540.0,06:49:00,24623,06:50:23,24540.0,06:49:00,24673,06:51:13,50,00:00:50,doors opened
07/11/2025,12,4239,Friday,Weekday,East,15649525.0,24300,06:45:00,24333,06:45:33,0,7175,Crossgates Mall Station (07175),2,0,2,24300.0,06:45:00,24333,06:45:33,24300.0,06:45:00,24333,06:45:33,0,00:00:00,doors opened
07/11/2025,12,4242,Friday,Weekday,West,15652233.0,73200,20:20:00,73191,20:19:51,21,1959,Washington Ave & Colvin Ave (01959),2,0,11,,,74415,20:40:15,,,74469,20:41:09,54,00:00:54,doors opened
07/11/2025,12,4242,Friday,Weekday,West,15652233.0,73200,20:20:00,73191,20:19:51,20,3399,Washington Ave & Danker Ave (03399),0,0,9,,,74388,20:39:48,,,74388,20:39:48,0,00:00:00,door not opened
07/11/2025,12,4242,Friday,Weekday,West,15652233.0,73200,20:20:00,73191,20:19:51,19,1849,Washington Ave & Homestead Ave (01849),0,0,9,,,74371,20:39:31,,,74371,20:39:31,0,00:00:00,door not opened
07/11/2025,12,4242,Friday,Weekday,West,15652233.0,73200,20:20:00,73191,20:19:51,18,1846,Washington Ave & Manning Blvd (01846),0,0,9,,,74347,20:39:07,,,74347,20:39:07,0,00:00:00,door not opened
07/11/2025,12,4242,Friday,Weekday,West,15652233.0,73200,20:20:00,73191,20:19:51,17,3287,Washington Ave & N. Allen St (03287),0,1,9,74220.0,20:37:00,74304,20:38:24,74220.0,20:37:00,74318,20:38:38,14,00:00:14,doors opened
07/11/2025,12,4242,Friday,Weekday,West,15652233.0,73200,20:20:00,73191,20:19:51,16,3264,Washington Ave & N. Main Ave (03264),0,0,10,,,74247,20:37:27,,,74272,20:37:52,25,00:00:25,doors opened
07/11/2025,12,4242,Friday,Weekday,West,15652233.0,73200,20:20:00,73191,20:19:51,15,1839,Washington Ave & Partridge St (01839),0,0,10,,,74204,20:36:44,,,74204,20:36:44,0,00:00:00,door not opened
07/11/2025,12,4242,Friday,Weekday,West,15652233.0,73200,20:20:00,73191,20:19:51,14,1841,Washington Ave & Ontario St (01841),1,0,10,74040.0,20:34:00,74151,20:35:51,74040.0,20:34:00,74179,20:36:19,28,00:00:28,doors opened
07/11/2025,12,4242,Friday,Weekday,West,15652233.0,73200,20:20:00,73191,20:19:51,13,1842,Washington Ave & Quail St (01842),2,1,9,,,74091,20:34:51,,,74126,20:35:26,35,00:00:35,doors opened
07/11/2025,12,4242,Friday,Weekday,West,15652233.0,73200,20:20:00,73191,20:19:51,12,1837,Washington Ave & N. Lake Ave (01837),3,1,8,,,73980,20:33:00,,,74061,20:34:21,81,00:01:21,doors opened
07/11/2025,12,4242,Friday,Weekday,West,15652233.0,73200,20:20:00,73191,20:19:51,11,1843,Washington Ave & Robin St (01843),0,0,6,,,73956,20:32:36,,,73956,20:32:36,0,00:00:00,door not opened
07/11/2025,12,4242,Friday,Weekday,West,15652233.0,73200,20:20:00,73191,20:19:51,10,12943,Washington Ave & Lexington Ave (12943),0,0,6,,,73929,20:32:09,,,73929,20:32:09,0,00:00:00,door not opened
07/11/2025,12,4242,Friday,Weekday,West,15652233.0,73200,20:20:00,73191,20:19:51,9,12942,Washington Ave & Henry Johnson Blvd (12942),1,0,6,,,73811,20:30:11,,,73830,20:30:30,19,00:00:19,doors opened
07/11/2025,12,4242,Friday,Weekday,West,15652233.0,73200,20:20:00,73191,20:19:51,8,3239,Lark/Library Station - Washington Ave & Lark St (03239),1,0,5,73680.0,20:28:00,73752,20:29:12,73680.0,20:28:00,73773,20:29:33,21,00:00:21,doors opened
07/11/2025,12,4242,Friday,Weekday,West,15652233.0,73200,20:20:00,73191,20:19:51,7,3301,Washington Ave & S. Swan St (03301),1,0,4,,,73687,20:28:07,,,73706,20:28:26,19,00:00:19,doors opened
07/11/2025,12,4242,Friday,Weekday,West,15652233.0,73200,20:20:00,73191,20:19:51,6,3250,Hawk/Capitol Station - Washington Ave & Hawk St (03250),0,0,3,,,73661,20:27:41,,,73661,20:27:41,0,00:00:00,door not opened
07/11/2025,12,4242,Friday,Weekday,West,15652233.0,73200,20:20:00,73191,20:19:51,5,10087,State St & Eagle St (10087),2,3,3,,,73536,20:25:36,,,73622,20:27:02,86,00:01:26,doors opened
07/11/2025,12,4242,Friday,Weekday,West,15652233.0,73200,20:20:00,73191,20:19:51,4,2665,State/Downtown Station - State St & Lodge St (02665),0,0,4,73440.0,20:24:00,73429,20:23:49,73440.0,20:24:00,73429,20:23:49,0,00:00:00,door not opened
07/11/2025,12,4242,Friday,Weekday,West,15652233.0,73200,20:20:00,73191,20:19:51,3,3221,State Station - N. Pearl St & Ten Eyck Plaza (03221),1,0,4,,,73331,20:22:11,,,73396,20:23:16,65,00:01:05,doors opened
07/11/2025,12,4242,Friday,Weekday,West,15652233.0,73200,20:20:00,73191,20:19:51,2,3233,N. Pearl St & Sheridan Ave (03233),0,0,3,,,73266,20:21:06,,,73266,20:21:06,0,00:00:00,door not opened
07/11/2025,12,4242,Friday,Weekday,West,15652233.0,73200,20:20:00,73191,20:19:51,1,2168,Clinton Square Station - N. Pearl St & Clinton Ave (02168),0,0,3,,,73191,20:19:51,,,73245,20:20:45,54,00:00:54,door not opened
07/11/2025,12,4242,Friday,Weekday,West,15652233.0,73200,20:20:00,73191,20:19:51,0,9018,Broadway & Orange St (09018),3,0,3,73200.0,20:20:00,73191,20:19:51,73200.0,20:20:00,73191,20:19:51,0,00:00:00,doors opened
07/11/2025,12,4242,Friday,Weekday,West,15652233.0,73200,20:20:00,73191,20:19:51,27,7175,Crossgates Mall Station (07175),0,0,0,75300.0,20:55:00,75475,20:57:55,75300.0,20:55:00,75475,20:57:55,0,00:00:00,door not opened
07/11/2025,12,4242,Friday,Weekday,West,15652233.0,73200,20:20:00,73191,20:19:51,26,12828,Crossgates Commons Station (12828),0,8,0,74880.0,20:48:00,75123,20:52:03,74880.0,20:48:00,75163,20:52:43,40,00:00:40,doors opened
07/11/2025,12,4242,Friday,Weekday,West,15652233.0,73200,20:20:00,73191,20:19:51,25,12891,1475 Washington Ave (12891),0,1,8,,,74936,20:48:56,,,74948,20:49:08,12,00:00:12,doors opened
07/11/2025,12,4242,Friday,Weekday,West,15652233.0,73200,20:20:00,73191,20:19:51,24,7216,SUNY Collins Circle (07216),0,0,9,74580.0,20:43:00,74770,20:46:10,74580.0,20:43:00,74781,20:46:21,11,00:00:11,doors opened
07/11/2025,12,4242,Friday,Weekday,West,15652233.0,73200,20:20:00,73191,20:19:51,23,3262,1383 Washington Ave (Fairfield Inn) (03262),0,3,9,,,74629,20:43:49,,,74653,20:44:13,24,00:00:24,doors opened
07/11/2025,12,4242,Friday,Weekday,West,15652233.0,73200,20:20:00,73191,20:19:51,22,976,Washington Ave & Brevator St (00976),1,0,12,,,74498,20:41:38,,,74512,20:41:52,14,00:00:14,doors opened
07/11/2025,12,4242,Friday,Weekday,West,15652236.0,77700,21:35:00,77844,21:37:24,27,7175,Crossgates Mall Station (07175),0,0,0,79800.0,22:10:00,80010,22:13:30,79800.0,22:10:00,80010,22:13:30,0,00:00:00,door not opened
07/11/2025,12,4242,Friday,Weekday,West,15652236.0,77700,21:35:00,77844,21:37:24,26,12828,Crossgates Commons Station (12828),0,4,0,79380.0,22:03:00,79748,22:09:08,79380.0,22:03:00,79770,22:09:30,22,00:00:22,doors opened
07/11/2025,12,4242,Friday,Weekday,West,15652236.0,77700,21:35:00,77844,21:37:24,25,12891,1475 Washington Ave (12891),0,0,4,,,79553,22:05:53,,,79553,22:05:53,0,00:00:00,door not opened
07/11/2025,12,4242,Friday,Weekday,West,15652236.0,77700,21:35:00,77844,21:37:24,24,7216,SUNY Collins Circle (07216),3,0,4,79080.0,21:58:00,79426,22:03:46,79080.0,21:58:00,79448,22:04:08,22,00:00:22,doors opened
07/11/2025,12,4242,Friday,Weekday,West,15652236.0,77700,21:35:00,77844,21:37:24,23,3262,1383 Washington Ave (Fairfield Inn) (03262),0,0,1,,,79331,22:02:11,,,79331,22:02:11,0,00:00:00,door not opened
07/11/2025,12,4242,Friday,Weekday,West,15652236.0,77700,21:35:00,77844,21:37:24,22,976,Washington Ave & Brevator St (00976),0,0,1,,,79208,22:00:08,,,79208,22:00:08,0,00:00:00,door not opened
07/11/2025,12,4242,Friday,Weekday,West,15652236.0,77700,21:35:00,77844,21:37:24,21,1959,Washington Ave & Colvin Ave (01959),0,0,1,,,79190,21:59:50,,,79190,21:59:50,0,00:00:00,door not opened
07/11/2025,12,4242,Friday,Weekday,West,15652236.0,77700,21:35:00,77844,21:37:24,20,3399,Washington Ave & Danker Ave (03399),0,0,1,,,79137,21:58:57,,,79137,21:58:57,0,00:00:00,door not opened
07/11/2025,12,4242,Friday,Weekday,West,15652236.0,77700,21:35:00,77844,21:37:24,19,1849,Washington Ave & Homestead Ave (01849),0,0,1,,,79101,21:58:21,,,79113,21:58:33,12,00:00:12,doors opened
07/11/2025,12,4242,Friday,Weekday,West,15652236.0,77700,21:35:00,77844,21:37:24,18,1846,Washington Ave & Manning Blvd (01846),0,1,1,,,79040,21:57:20,,,79078,21:57:58,38,00:00:38,doors opened
07/11/2025,12,4242,Friday,Weekday,West,15652236.0,77700,21:35:00,77844,21:37:24,17,3287,Washington Ave & N. Allen St (03287),0,1,2,78720.0,21:52:00,78990,21:56:30,78720.0,21:52:00,79008,21:56:48,18,00:00:18,doors opened
07/11/2025,12,4242,Friday,Weekday,West,15652236.0,77700,21:35:00,77844,21:37:24,16,3264,Washington Ave & N. Main Ave (03264),0,1,3,,,78910,21:55:10,,,78956,21:55:56,46,00:00:46,doors opened
07/11/2025,12,4242,Friday,Weekday,West,15652236.0,77700,21:35:00,77844,21:37:24,15,1839,Washington Ave & Partridge St (01839),0,1,4,,,78823,21:53:43,,,78835,21:53:55,12,00:00:12,doors opened
07/11/2025,12,4242,Friday,Weekday,West,15652236.0,77700,21:35:00,77844,21:37:24,14,1841,Washington Ave & Ontario St (01841),0,1,5,78540.0,21:49:00,78773,21:52:53,78540.0,21:49:00,78798,21:53:18,25,00:00:25,doors opened
07/11/2025,12,4242,Friday,Weekday,West,15652236.0,77700,21:35:00,77844,21:37:24,13,1842,Washington Ave & Quail St (01842),2,0,6,,,78704,21:51:44,,,78749,21:52:29,45,00:00:45,doors opened
07/11/2025,12,4242,Friday,Weekday,West,15652236.0,77700,21:35:00,77844,21:37:24,12,1837,Washington Ave & N. Lake Ave (01837),0,1,4,,,78655,21:50:55,,,78674,21:51:14,19,00:00:19,doors opened
07/11/2025,12,4242,Friday,Weekday,West,15652236.0,77700,21:35:00,77844,21:37:24,11,1843,Washington Ave & Robin St (01843),0,1,5,,,78616,21:50:16,,,78629,21:50:29,13,00:00:13,doors opened
07/11/2025,12,4242,Friday,Weekday,West,15652236.0,77700,21:35:00,77844,21:37:24,10,12943,Washington Ave & Lexington Ave (12943),1,0,6,,,78558,21:49:18,,,78586,21:49:46,28,00:00:28,doors opened
07/11/2025,12,4242,Friday,Weekday,West,15652236.0,77700,21:35:00,77844,21:37:24,9,12942,Washington Ave & Henry Johnson Blvd (12942),1,5,5,,,78482,21:48:02,,,78498,21:48:18,16,00:00:16,doors opened
07/11/2025,12,4242,Friday,Weekday,West,15652236.0,77700,21:35:00,77844,21:37:24,8,3239,Lark/Library Station - Washington Ave & Lark St (03239),2,11,9,78180.0,21:43:00,78362,21:46:02,78180.0,21:43:00,78398,21:46:38,36,00:00:36,doors opened
07/11/2025,12,4242,Friday,Weekday,West,15652236.0,77700,21:35:00,77844,21:37:24,7,3301,Washington Ave & S. Swan St (03301),3,0,18,,,78234,21:43:54,,,78297,21:44:57,63,00:01:03,doors opened
07/11/2025,12,4242,Friday,Weekday,West,15652236.0,77700,21:35:00,77844,21:37:24,6,3250,Hawk/Capitol Station - Washington Ave & Hawk St (03250),0,0,15,,,78214,21:43:34,,,78214,21:43:34,0,00:00:00,door not opened
07/11/2025,12,4242,Friday,Weekday,West,15652236.0,77700,21:35:00,77844,21:37:24,5,10087,State St & Eagle St (10087),0,0,15,,,78188,21:43:08,,,78188,21:43:08,0,00:00:00,door not opened
07/11/2025,12,4242,Friday,Weekday,West,15652236.0,77700,21:35:00,77844,21:37:24,4,2665,State/Downtown Station - State St & Lodge St (02665),13,0,15,77940.0,21:39:00,78092,21:41:32,77940.0,21:39:00,78155,21:42:35,63,00:01:03,doors opened
07/11/2025,12,4242,Friday,Weekday,West,15652236.0,77700,21:35:00,77844,21:37:24,3,3221,State Station - N. Pearl St & Ten Eyck Plaza (03221),0,0,2,,,78001,21:40:01,,,78001,21:40:01,0,00:00:00,door not opened
07/11/2025,12,4242,Friday,Weekday,West,15652236.0,77700,21:35:00,77844,21:37:24,2,3233,N. Pearl St & Sheridan Ave (03233),1,0,2,,,77897,21:38:17,,,77940,21:39:00,43,00:00:43,doors opened
07/11/2025,12,4242,Friday,Weekday,West,15652236.0,77700,21:35:00,77844,21:37:24,1,2168,Clinton Square Station - N. Pearl St & Clinton Ave (02168),0,0,1,,,77885,21:38:05,,,77885,21:38:05,0,00:00:00,door not opened
07/11/2025,12,4242,Friday,Weekday,West,15652236.0,77700,21:35:00,77844,21:37:24,0,9018,Broadway & Orange St (09018),1,0,1,77700.0,21:35:00,77844,21:37:24,77700.0,21:35:00,77844,21:37:24,0,00:00:00,doors opened
07/11/2025,12,4242,Friday,Weekday,East,15652239.0,80700,22:25:00,80697,22:24:57,22,1787,State St & Eagle St (01787),0,0,1,,,82870,23:01:10,,,82870,23:01:10,0,00:00:00,door not opened
07/11/2025,12,4242,Friday,Weekday,East,15652239.0,80700,22:25:00,80697,22:24:57,21,2706,Hawk/Capitol Station - Washington Ave & Hawk St (02706),0,0,1,,,82761,22:59:21,,,82761,22:59:21,0,00:00:00,door not opened
07/11/2025,12,4242,Friday,Weekday,East,15652239.0,80700,22:25:00,80697,22:24:57,20,1789,Washington Ave & S. Swan St (01789),0,0,1,,,82747,22:59:07,,,82747,22:59:07,0,00:00:00,door not opened
07/11/2025,12,4242,Friday,Weekday,East,15652239.0,80700,22:25:00,80697,22:24:57,19,1788,Washington Ave & Dove St (01788),0,0,1,,,82723,22:58:43,,,82723,22:58:43,0,00:00:00,door not opened
07/11/2025,12,4242,Friday,Weekday,East,15652239.0,80700,22:25:00,80697,22:24:57,18,2663,Lark/Library Station - Washington Ave & Lark St (02663),0,7,1,82140.0,22:49:00,82657,22:57:37,82140.0,22:49:00,82683,22:58:03,26,00:00:26,doors opened
07/11/2025,12,4242,Friday,Weekday,East,15652239.0,80700,22:25:00,80697,22:24:57,17,263,Washington Ave & Henry Johnson Blvd (00263),3,4,8,,,82404,22:53:24,,,82609,22:56:49,205,00:03:25,doors opened
07/11/2025,12,4242,Friday,Weekday,East,15652239.0,80700,22:25:00,80697,22:24:57,16,2096,Washington Ave & Lexington Ave (02096),0,1,9,,,82334,22:52:14,,,82350,22:52:30,16,00:00:16,doors opened
07/11/2025,12,4242,Friday,Weekday,East,15652239.0,80700,22:25:00,80697,22:24:57,15,3253,Washington Ave & Robin St (Draper Hall) (03253),0,0,10,,,82315,22:51:55,,,82315,22:51:55,0,00:00:00,door not opened
07/11/2025,12,4242,Friday,Weekday,East,15652239.0,80700,22:25:00,80697,22:24:57,14,2109,Washington Ave & N. Lake Ave (02109),0,0,10,,,82274,22:51:14,,,82274,22:51:14,0,00:00:00,door not opened
07/11/2025,12,4242,Friday,Weekday,East,15652239.0,80700,22:25:00,80697,22:24:57,13,3255,Washington Ave & Quail St (03255),0,6,10,,,82200,22:50:00,,,82227,22:50:27,27,00:00:27,doors opened
07/11/2025,12,4242,Friday,Weekday,East,15652239.0,80700,22:25:00,80697,22:24:57,12,3256,Washington Ave & Ontario St (03256),0,0,16,81840.0,22:44:00,82178,22:49:38,81840.0,22:44:00,82178,22:49:38,0,00:00:00,door not opened
07/11/2025,12,4242,Friday,Weekday,East,15652239.0,80700,22:25:00,80697,22:24:57,11,2107,Washington Ave & Partridge St (02107),0,0,16,,,82150,22:49:10,,,82150,22:49:10,0,00:00:00,door not opened
07/11/2025,12,4242,Friday,Weekday,East,15652239.0,80700,22:25:00,80697,22:24:57,10,3257,Washington Ave & N. Main Ave (03257),0,3,16,,,82027,22:47:07,,,82072,22:47:52,45,00:00:45,doors opened
07/11/2025,12,4242,Friday,Weekday,East,15652239.0,80700,22:25:00,80697,22:24:57,9,1796,Washington Ave & N. Allen St (01796),0,2,19,81660.0,22:41:00,81976,22:46:16,81660.0,22:41:00,81987,22:46:27,11,00:00:11,doors opened
07/11/2025,12,4242,Friday,Weekday,East,15652239.0,80700,22:25:00,80697,22:24:57,8,11581,Washington Ave & Manning Blvd (11581),0,0,21,,,81943,22:45:43,,,81943,22:45:43,0,00:00:00,door not opened
07/11/2025,12,4242,Friday,Weekday,East,15652239.0,80700,22:25:00,80697,22:24:57,7,2180,Washington Ave & Homestead Ave (02180),0,0,21,,,81919,22:45:19,,,81919,22:45:19,0,00:00:00,door not opened
07/11/2025,12,4242,Friday,Weekday,East,15652239.0,80700,22:25:00,80697,22:24:57,6,2182,Washington Ave & Hawthorne St (02182),0,0,21,,,81892,22:44:52,,,81892,22:44:52,0,00:00:00,door not opened
07/11/2025,12,4242,Friday,Weekday,East,15652239.0,80700,22:25:00,80697,22:24:57,5,3304,Washington Ave & Clermont St (03304),0,0,21,,,81878,22:44:38,,,81878,22:44:38,0,00:00:00,door not opened
07/11/2025,12,4242,Friday,Weekday,East,15652239.0,80700,22:25:00,80697,22:24:57,4,3348,Washington Ave & Brevator St (03348),0,0,21,,,81833,22:43:53,,,81833,22:43:53,0,00:00:00,door not opened
07/11/2025,12,4242,Friday,Weekday,East,15652239.0,80700,22:25:00,80697,22:24:57,3,10134,Washington Ave & SUNY Exit Rd (10134),0,0,21,,,81722,22:42:02,,,81722,22:42:02,0,00:00:00,door not opened
07/11/2025,12,4242,Friday,Weekday,East,15652239.0,80700,22:25:00,80697,22:24:57,2,7216,SUNY Collins Circle (07216),0,1,21,81240.0,22:34:00,81580,22:39:40,81240.0,22:34:00,81593,22:39:53,13,00:00:13,doors opened
07/11/2025,12,4242,Friday,Weekday,East,15652239.0,80700,22:25:00,80697,22:24:57,1,12827,Crossgates Commons Station (12827),15,2,22,80940.0,22:29:00,81032,22:30:32,80940.0,22:29:00,81327,22:35:27,295,00:04:55,doors opened
07/11/2025,12,4242,Friday,Weekday,East,15652239.0,80700,22:25:00,80697,22:24:57,0,7175,Crossgates Mall Station (07175),9,0,9,80700.0,22:25:00,80697,22:24:57,80700.0,22:25:00,80697,22:24:57,0,00:00:00,doors opened
07/11/2025,12,4242,Friday,Weekday,East,15652239.0,80700,22:25:00,80697,22:24:57,24,3940,Broadway & Steuben St (03940),0,0,0,82500.0,22:55:00,83016,23:03:36,82500.0,22:55:00,83016,23:03:36,0,00:00:00,door not opened
07/11/2025,12,4242,Friday,Weekday,East,15652239.0,80700,22:25:00,80697,22:24:57,23,2509,State/Downtown Station - State St & S. Pearl St (02509),0,1,0,82380.0,22:53:00,82892,23:01:32,82380.0,22:53:00,82938,23:02:18,46,00:00:46,doors opened
07/11/2025,12,4242,Friday,Weekday,West,15652344.0,83100,23:05:00,83308,23:08:28,27,7175,Crossgates Mall Station (07175),0,0,0,84900.0,23:35:00,85468,23:44:28,84900.0,23:35:00,85468,23:44:28,0,00:00:00,door not opened
07/11/2025,12,4242,Friday,Weekday,West,15652344.0,83100,23:05:00,83308,23:08:28,26,12828,Crossgates Commons Station (12828),0,0,0,84600.0,23:30:00,85167,23:39:27,84600.0,23:30:00,85167,23:39:27,0,00:00:00,door not opened
07/11/2025,12,4242,Friday,Weekday,West,15652344.0,83100,23:05:00,83308,23:08:28,25,12891,1475 Washington Ave (12891),0,1,0,,,84959,23:35:59,,,84970,23:36:10,11,00:00:11,doors opened
07/11/2025,12,4242,Friday,Weekday,West,15652344.0,83100,23:05:00,83308,23:08:28,24,7216,SUNY Collins Circle (07216),0,0,1,84300.0,23:25:00,84800,23:33:20,84300.0,23:25:00,84800,23:33:20,0,00:00:00,door not opened
07/11/2025,12,4242,Friday,Weekday,West,15652344.0,83100,23:05:00,83308,23:08:28,23,3262,1383 Washington Ave (Fairfield Inn) (03262),0,1,1,,,84687,23:31:27,,,84699,23:31:39,12,00:00:12,doors opened
07/11/2025,12,4242,Friday,Weekday,West,15652344.0,83100,23:05:00,83308,23:08:28,22,976,Washington Ave & Brevator St (00976),0,0,2,,,84555,23:29:15,,,84555,23:29:15,0,00:00:00,door not opened
07/11/2025,12,4242,Friday,Weekday,West,15652344.0,83100,23:05:00,83308,23:08:28,21,1959,Washington Ave & Colvin Ave (01959),2,0,2,,,84515,23:28:35,,,84533,23:28:53,18,00:00:18,doors opened
07/11/2025,12,4242,Friday,Weekday,West,15652344.0,83100,23:05:00,83308,23:08:28,20,3399,Washington Ave & Danker Ave (03399),0,1,0,,,84473,23:27:53,,,84487,23:28:07,14,00:00:14,doors opened
07/11/2025,12,4242,Friday,Weekday,West,15652344.0,83100,23:05:00,83308,23:08:28,19,1849,Washington Ave & Homestead Ave (01849),0,0,1,,,84453,23:27:33,,,84453,23:27:33,0,00:00:00,door not opened
07/11/2025,12,4242,Friday,Weekday,West,15652344.0,83100,23:05:00,83308,23:08:28,18,1846,Washington Ave & Manning Blvd (01846),0,0,1,,,84429,23:27:09,,,84429,23:27:09,0,00:00:00,door not opened
07/11/2025,12,4242,Friday,Weekday,West,15652344.0,83100,23:05:00,83308,23:08:28,17,3287,Washington Ave & N. Allen St (03287),2,4,1,83940.0,23:19:00,84331,23:25:31,83940.0,23:19:00,84358,23:25:58,27,00:00:27,doors opened
07/11/2025,12,4242,Friday,Weekday,West,15652344.0,83100,23:05:00,83308,23:08:28,16,3264,Washington Ave & N. Main Ave (03264),0,0,3,,,84299,23:24:59,,,84299,23:24:59,0,00:00:00,door not opened
07/11/2025,12,4242,Friday,Weekday,West,15652344.0,83100,23:05:00,83308,23:08:28,15,1839,Washington Ave & Partridge St (01839),0,0,3,,,84187,23:23:07,,,84197,23:23:17,10,00:00:10,doors opened
07/11/2025,12,4242,Friday,Weekday,West,15652344.0,83100,23:05:00,83308,23:08:28,14,1841,Washington Ave & Ontario St (01841),0,0,3,83760.0,23:16:00,84165,23:22:45,83760.0,23:16:00,84165,23:22:45,0,00:00:00,door not opened
07/11/2025,12,4242,Friday,Weekday,West,15652344.0,83100,23:05:00,83308,23:08:28,13,1842,Washington Ave & Quail St (01842),0,3,3,,,84124,23:22:04,,,84141,23:22:21,17,00:00:17,doors opened
07/11/2025,12,4242,Friday,Weekday,West,15652344.0,83100,23:05:00,83308,23:08:28,12,1837,Washington Ave & N. Lake Ave (01837),0,4,6,,,84077,23:21:17,,,84092,23:21:32,15,00:00:15,doors opened
07/11/2025,12,4242,Friday,Weekday,West,15652344.0,83100,23:05:00,83308,23:08:28,11,1843,Washington Ave & Robin St (01843),0,0,10,,,84041,23:20:41,,,84052,23:20:52,11,00:00:11,doors opened
07/11/2025,12,4242,Friday,Weekday,West,15652344.0,83100,23:05:00,83308,23:08:28,10,12943,Washington Ave & Lexington Ave (12943),1,0,10,,,83979,23:19:39,,,84008,23:20:08,29,00:00:29,doors opened
07/11/2025,12,4242,Friday,Weekday,West,15652344.0,83100,23:05:00,83308,23:08:28,9,12942,Washington Ave & Henry Johnson Blvd (12942),0,1,9,,,83931,23:18:51,,,83939,23:18:59,8,00:00:08,doors opened
07/11/2025,12,4242,Friday,Weekday,West,15652344.0,83100,23:05:00,83308,23:08:28,8,3239,Lark/Library Station - Washington Ave & Lark St (03239),1,0,10,83460.0,23:11:00,83764,23:16:04,83460.0,23:11:00,83813,23:16:53,49,00:00:49,doors opened
07/11/2025,12,4242,Friday,Weekday,West,15652344.0,83100,23:05:00,83308,23:08:28,7,3301,Washington Ave & S. Swan St (03301),0,0,9,,,83716,23:15:16,,,83716,23:15:16,0,00:00:00,door not opened
07/11/2025,12,4242,Friday,Weekday,West,15652344.0,83100,23:05:00,83308,23:08:28,6,3250,Hawk/Capitol Station - Washington Ave & Hawk St (03250),0,0,9,,,83680,23:14:40,,,83680,23:14:40,0,00:00:00,door not opened
07/11/2025,12,4242,Friday,Weekday,West,15652344.0,83100,23:05:00,83308,23:08:28,5,10087,State St & Eagle St (10087),0,0,9,,,83652,23:14:12,,,83652,23:14:12,0,00:00:00,door not opened
07/11/2025,12,4242,Friday,Weekday,West,15652344.0,83100,23:05:00,83308,23:08:28,4,2665,State/Downtown Station - State St & Lodge St (02665),6,0,9,83280.0,23:08:00,83507,23:11:47,83280.0,23:08:00,83562,23:12:42,55,00:00:55,doors opened
07/11/2025,12,4242,Friday,Weekday,West,15652344.0,83100,23:05:00,83308,23:08:28,3,3221,State Station - N. Pearl St & Ten Eyck Plaza (03221),0,0,3,,,83476,23:11:16,,,83476,23:11:16,0,00:00:00,door not opened
07/11/2025,12,4242,Friday,Weekday,West,15652344.0,83100,23:05:00,83308,23:08:28,2,3233,N. Pearl St & Sheridan Ave (03233),1,0,3,,,83409,23:10:09,,,83425,23:10:25,16,00:00:16,doors opened
07/11/2025,12,4242,Friday,Weekday,West,15652344.0,83100,23:05:00,83308,23:08:28,1,2168,Clinton Square Station - N. Pearl St & Clinton Ave (02168),2,0,2,,,83363,23:09:23,,,83389,23:09:49,26,00:00:26,doors opened
07/11/2025,12,4242,Friday,Weekday,West,15652344.0,83100,23:05:00,83308,23:08:28,0,9018,Broadway & Orange St (09018),0,0,0,83100.0,23:05:00,83308,23:08:28,83100.0,23:05:00,83308,23:08:28,0,00:00:00,door not opened
07/11/2025,12,4242,Friday,Weekday,East,15652347.0,86100,23:55:00,86097,23:54:57,24,3940,Broadway & Steuben St (03940),0,2,0,87840.0,24:24:00,87992,24:26:32,87840.0,24:24:00,87992,24:26:32,0,00:00:00,doors opened
07/11/2025,12,4242,Friday,Weekday,East,15652347.0,86100,23:55:00,86097,23:54:57,23,2509,State/Downtown Station - State St & S. Pearl St (02509),0,0,2,87720.0,24:22:00,87970,24:26:10,87720.0,24:22:00,87992,24:26:32,22,00:00:22,door not opened
07/11/2025,12,4242,Friday,Weekday,East,15652347.0,86100,23:55:00,86097,23:54:57,22,1787,State St & Eagle St (01787),0,0,2,,,87949,24:25:49,,,87949,24:25:49,0,00:00:00,door not opened
07/11/2025,12,4242,Friday,Weekday,East,15652347.0,86100,23:55:00,86097,23:54:57,21,2706,Hawk/Capitol Station - Washington Ave & Hawk St (02706),0,0,2,,,87891,24:24:51,,,87891,24:24:51,0,00:00:00,door not opened
07/11/2025,12,4242,Friday,Weekday,East,15652347.0,86100,23:55:00,86097,23:54:57,20,1789,Washington Ave & S. Swan St (01789),0,0,2,,,87877,24:24:37,,,87877,24:24:37,0,00:00:00,door not opened
07/11/2025,12,4242,Friday,Weekday,East,15652347.0,86100,23:55:00,86097,23:54:57,19,1788,Washington Ave & Dove St (01788),0,0,2,,,87847,24:24:07,,,87847,24:24:07,0,00:00:00,door not opened
07/11/2025,12,4242,Friday,Weekday,East,15652347.0,86100,23:55:00,86097,23:54:57,18,2663,Lark/Library Station - Washington Ave & Lark St (02663),0,1,2,87480.0,24:18:00,87816,24:23:36,87480.0,24:18:00,87828,24:23:48,12,00:00:12,doors opened
07/11/2025,12,4242,Friday,Weekday,East,15652347.0,86100,23:55:00,86097,23:54:57,17,263,Washington Ave & Henry Johnson Blvd (00263),0,0,3,,,87779,24:22:59,,,87779,24:22:59,0,00:00:00,door not opened
07/11/2025,12,4242,Friday,Weekday,East,15652347.0,86100,23:55:00,86097,23:54:57,16,2096,Washington Ave & Lexington Ave (02096),0,1,3,,,87673,24:21:13,,,87744,24:22:24,71,00:01:11,doors opened
07/11/2025,12,4242,Friday,Weekday,East,15652347.0,86100,23:55:00,86097,23:54:57,15,3253,Washington Ave & Robin St (Draper Hall) (03253),0,1,4,,,87634,24:20:34,,,87655,24:20:55,21,00:00:21,doors opened
07/11/2025,12,4242,Friday,Weekday,East,15652347.0,86100,23:55:00,86097,23:54:57,14,2109,Washington Ave & N. Lake Ave (02109),0,0,5,,,87614,24:20:14,,,87614,24:20:14,0,00:00:00,door not opened
07/11/2025,12,4242,Friday,Weekday,East,15652347.0,86100,23:55:00,86097,23:54:57,13,3255,Washington Ave & Quail St (03255),1,1,5,,,87491,24:18:11,,,87561,24:19:21,70,00:01:10,doors opened
07/11/2025,12,4242,Friday,Weekday,East,15652347.0,86100,23:55:00,86097,23:54:57,12,3256,Washington Ave & Ontario St (03256),0,14,5,87180.0,24:13:00,87437,24:17:17,87180.0,24:13:00,87469,24:17:49,32,00:00:32,doors opened
07/11/2025,12,4242,Friday,Weekday,East,15652347.0,86100,23:55:00,86097,23:54:57,11,2107,Washington Ave & Partridge St (02107),0,3,19,,,87401,24:16:41,,,87415,24:16:55,14,00:00:14,doors opened
07/11/2025,12,4242,Friday,Weekday,East,15652347.0,86100,23:55:00,86097,23:54:57,10,3257,Washington Ave & N. Main Ave (03257),0,0,22,,,87355,24:15:55,,,87355,24:15:55,0,00:00:00,door not opened
07/11/2025,12,4242,Friday,Weekday,East,15652347.0,86100,23:55:00,86097,23:54:57,9,1796,Washington Ave & N. Allen St (01796),0,3,22,87060.0,24:11:00,87255,24:14:15,87060.0,24:11:00,87296,24:14:56,41,00:00:41,doors opened
07/11/2025,12,4242,Friday,Weekday,East,15652347.0,86100,23:55:00,86097,23:54:57,8,11581,Washington Ave & Manning Blvd (11581),0,0,25,,,87223,24:13:43,,,87223,24:13:43,0,00:00:00,door not opened
07/11/2025,12,4242,Friday,Weekday,East,15652347.0,86100,23:55:00,86097,23:54:57,7,2180,Washington Ave & Homestead Ave (02180),0,0,25,,,87200,24:13:20,,,87200,24:13:20,0,00:00:00,door not opened
07/11/2025,12,4242,Friday,Weekday,East,15652347.0,86100,23:55:00,86097,23:54:57,6,2182,Washington Ave & Hawthorne St (02182),0,0,25,,,87158,24:12:38,,,87158,24:12:38,0,00:00:00,door not opened
07/11/2025,12,4242,Friday,Weekday,East,15652347.0,86100,23:55:00,86097,23:54:57,5,3304,Washington Ave & Clermont St (03304),1,0,25,,,87119,24:11:59,,,87134,24:12:14,15,00:00:15,doors opened
07/11/2025,12,4242,Friday,Weekday,East,15652347.0,86100,23:55:00,86097,23:54:57,4,3348,Washington Ave & Brevator St (03348),0,0,24,,,87106,24:11:46,,,87106,24:11:46,0,00:00:00,door not opened
07/11/2025,12,4242,Friday,Weekday,East,15652347.0,86100,23:55:00,86097,23:54:57,3,10134,Washington Ave & SUNY Exit Rd (10134),0,1,24,,,86954,24:09:14,,,86970,24:09:30,16,00:00:16,doors opened
07/11/2025,12,4242,Friday,Weekday,East,15652347.0,86100,23:55:00,86097,23:54:57,2,7216,SUNY Collins Circle (07216),15,0,25,86640.0,24:04:00,86719,24:05:19,86640.0,24:04:00,86792,24:06:32,73,00:01:13,doors opened
07/11/2025,12,4242,Friday,Weekday,East,15652347.0,86100,23:55:00,86097,23:54:57,1,12827,Crossgates Commons Station (12827),2,0,10,86340.0,23:59:00,86419,24:00:19,86340.0,23:59:00,86453,24:00:53,34,00:00:34,doors opened
07/11/2025,12,4242,Friday,Weekday,East,15652347.0,86100,23:55:00,86097,23:54:57,0,7175,Crossgates Mall Station (07175),8,0,8,86100.0,23:55:00,86097,23:54:57,86100.0,23:55:00,86097,23:54:57,0,00:00:00,doors opened
07/11/2025,12,4242,Friday,Weekday,West,15650655.0,25800,07:10:00,25925,07:12:05,27,7175,Crossgates Mall Station (07175),0,1,0,28200.0,07:50:00,28187,07:49:47,28200.0,07:50:00,28187,07:49:47,0,00:00:00,doors opened
07/11/2025,12,4242,Friday,Weekday,West,15650655.0,25800,07:10:00,25925,07:12:05,26,12828,Crossgates Commons Station (12828),0,6,1,27780.0,07:43:00,27905,07:45:05,27780.0,07:43:00,27922,07:45:22,17,00:00:17,doors opened
07/11/2025,12,4242,Friday,Weekday,West,15650655.0,25800,07:10:00,25925,07:12:05,25,12891,1475 Washington Ave (12891),0,3,7,,,27720,07:42:00,,,27733,07:42:13,13,00:00:13,doors opened
07/11/2025,12,4242,Friday,Weekday,West,15650655.0,25800,07:10:00,25925,07:12:05,24,7216,SUNY Collins Circle (07216),0,2,10,27420.0,07:37:00,27560,07:39:20,27420.0,07:37:00,27572,07:39:32,12,00:00:12,doors opened
07/11/2025,12,4242,Friday,Weekday,West,15650655.0,25800,07:10:00,25925,07:12:05,23,3262,1383 Washington Ave (Fairfield Inn) (03262),0,7,12,,,27433,07:37:13,,,27453,07:37:33,20,00:00:20,doors opened
07/11/2025,12,4242,Friday,Weekday,West,15650655.0,25800,07:10:00,25925,07:12:05,9,12942,Washington Ave & Henry Johnson Blvd (12942),0,0,10,,,26546,07:22:26,,,26546,07:22:26,0,00:00:00,door not opened
07/11/2025,12,4242,Friday,Weekday,West,15650655.0,25800,07:10:00,25925,07:12:05,8,3239,Lark/Library Station - Washington Ave & Lark St (03239),4,3,10,26400.0,07:20:00,26472,07:21:12,26400.0,07:20:00,26515,07:21:55,43,00:00:43,doors opened
07/11/2025,12,4242,Friday,Weekday,West,15650655.0,25800,07:10:00,25925,07:12:05,7,3301,Washington Ave & S. Swan St (03301),1,1,9,,,26384,07:19:44,,,26433,07:20:33,49,00:00:49,doors opened
07/11/2025,12,4242,Friday,Weekday,West,15650655.0,25800,07:10:00,25925,07:12:05,6,3250,Hawk/Capitol Station - Washington Ave & Hawk St (03250),1,0,9,,,26331,07:18:51,,,26356,07:19:16,25,00:00:25,doors opened
07/11/2025,12,4242,Friday,Weekday,West,15650655.0,25800,07:10:00,25925,07:12:05,5,10087,State St & Eagle St (10087),0,0,8,,,26306,07:18:26,,,26306,07:18:26,0,00:00:00,door not opened
07/11/2025,12,4242,Friday,Weekday,West,15650655.0,25800,07:10:00,25925,07:12:05,4,2665,State/Downtown Station - State St & Lodge St (02665),3,0,8,26100.0,07:15:00,26224,07:17:04,26100.0,07:15:00,26246,07:17:26,22,00:00:22,doors opened
07/11/2025,12,4242,Friday,Weekday,West,15650655.0,25800,07:10:00,25925,07:12:05,3,3221,State Station - N. Pearl St & Ten Eyck Plaza (03221),3,0,5,,,26071,07:14:31,,,26178,07:16:18,107,00:01:47,doors opened
07/11/2025,12,4242,Friday,Weekday,West,15650655.0,25800,07:10:00,25925,07:12:05,2,3233,N. Pearl St & Sheridan Ave (03233),0,0,2,,,26022,07:13:42,,,26022,07:13:42,0,00:00:00,door not opened
07/11/2025,12,4242,Friday,Weekday,West,15650655.0,25800,07:10:00,25925,07:12:05,1,2168,Clinton Square Station - N. Pearl St & Clinton Ave (02168),2,0,2,,,25963,07:12:43,,,25987,07:13:07,24,00:00:24,doors opened
07/11/2025,12,4242,Friday,Weekday,West,15650655.0,25800,07:10:00,25925,07:12:05,0,9018,Broadway & Orange St (09018),0,0,0,25800.0,07:10:00,25925,07:12:05,25800.0,07:10:00,25925,07:12:05,0,00:00:00,door not opened
07/11/2025,12,4242,Friday,Weekday,West,15650655.0,25800,07:10:00,25925,07:12:05,22,976,Washington Ave & Brevator St (00976),0,0,19,,,27230,07:33:50,,,27255,07:34:15,25,00:00:25,doors opened
07/11/2025,12,4242,Friday,Weekday,West,15650655.0,25800,07:10:00,25925,07:12:05,21,1959,Washington Ave & Colvin Ave (01959),1,0,19,,,27156,07:32:36,,,27207,07:33:27,51,00:00:51,doors opened
07/11/2025,12,4242,Friday,Weekday,West,15650655.0,25800,07:10:00,25925,07:12:05,20,3399,Washington Ave & Danker Ave (03399),0,0,18,,,27132,07:32:12,,,27132,07:32:12,0,00:00:00,door not opened
07/11/2025,12,4242,Friday,Weekday,West,15650655.0,25800,07:10:00,25925,07:12:05,19,1849,Washington Ave & Homestead Ave (01849),1,0,18,,,27083,07:31:23,,,27105,07:31:45,22,00:00:22,doors opened
07/11/2025,12,4242,Friday,Weekday,West,15650655.0,25800,07:10:00,25925,07:12:05,18,1846,Washington Ave & Manning Blvd (01846),0,0,17,,,27059,07:30:59,,,27059,07:30:59,0,00:00:00,door not opened
07/11/2025,12,4242,Friday,Weekday,West,15650655.0,25800,07:10:00,25925,07:12:05,17,3287,Washington Ave & N. Allen St (03287),3,0,17,27000.0,07:30:00,26971,07:29:31,27000.0,07:30:00,27012,07:30:12,41,00:00:41,doors opened
07/11/2025,12,4242,Friday,Weekday,West,15650655.0,25800,07:10:00,25925,07:12:05,16,3264,Washington Ave & N. Main Ave (03264),1,0,14,,,26879,07:27:59,,,26931,07:28:51,52,00:00:52,doors opened
07/11/2025,12,4242,Friday,Weekday,West,15650655.0,25800,07:10:00,25925,07:12:05,15,1839,Washington Ave & Partridge St (01839),2,0,13,,,26788,07:26:28,,,26812,07:26:52,24,00:00:24,doors opened
07/11/2025,12,4242,Friday,Weekday,West,15650655.0,25800,07:10:00,25925,07:12:05,14,1841,Washington Ave & Ontario St (01841),0,0,11,26760.0,07:26:00,26765,07:26:05,26760.0,07:26:00,26765,07:26:05,0,00:00:00,door not opened
07/11/2025,12,4242,Friday,Weekday,West,15650655.0,25800,07:10:00,25925,07:12:05,13,1842,Washington Ave & Quail St (01842),2,0,11,,,26686,07:24:46,,,26711,07:25:11,25,00:00:25,doors opened
07/11/2025,12,4242,Friday,Weekday,West,15650655.0,25800,07:10:00,25925,07:12:05,12,1837,Washington Ave & N. Lake Ave (01837),0,1,9,,,26644,07:24:04,,,26656,07:24:16,12,00:00:12,doors opened
07/11/2025,12,4242,Friday,Weekday,West,15650655.0,25800,07:10:00,25925,07:12:05,11,1843,Washington Ave & Robin St (01843),0,0,10,,,26617,07:23:37,,,26617,07:23:37,0,00:00:00,door not opened
07/11/2025,12,4242,Friday,Weekday,West,15650655.0,25800,07:10:00,25925,07:12:05,10,12943,Washington Ave & Lexington Ave (12943),0,0,10,,,26591,07:23:11,,,26591,07:23:11,0,00:00:00,door not opened
07/11/2025,12,4243,Friday,Weekday,East,15648596.0,21300,05:55:00,21390,05:56:30,24,3940,Broadway & Steuben St (03940),0,0,0,23100.0,06:25:00,23215,06:26:55,23100.0,06:25:00,23215,06:26:55,0,00:00:00,door not opened
07/11/2025,12,4243,Friday,Weekday,East,15648596.0,21300,05:55:00,21390,05:56:30,23,2509,State/Downtown Station - State St & S. Pearl St (02509),0,0,0,22920.0,06:22:00,23064,06:24:24,22920.0,06:22:00,23112,06:25:12,48,00:00:48,doors opened
07/11/2025,12,4243,Friday,Weekday,East,15648596.0,21300,05:55:00,21390,05:56:30,22,1787,State St & Eagle St (01787),0,0,0,,,23047,06:24:07,,,23047,06:24:07,0,00:00:00,door not opened
07/11/2025,12,4243,Friday,Weekday,East,15648596.0,21300,05:55:00,21390,05:56:30,21,2706,Hawk/Capitol Station - Washington Ave & Hawk St (02706),0,0,0,,,22905,06:21:45,,,22915,06:21:55,10,00:00:10,doors opened
07/11/2025,12,4243,Friday,Weekday,East,15648596.0,21300,05:55:00,21390,05:56:30,20,1789,Washington Ave & S. Swan St (01789),0,0,0,,,22866,06:21:06,,,22877,06:21:17,11,00:00:11,doors opened
07/11/2025,12,4243,Friday,Weekday,East,15648596.0,21300,05:55:00,21390,05:56:30,19,1788,Washington Ave & Dove St (01788),0,0,0,,,22826,06:20:26,,,22839,06:20:39,13,00:00:13,door not opened
07/11/2025,12,4243,Friday,Weekday,East,15648596.0,21300,05:55:00,21390,05:56:30,18,2663,Lark/Library Station - Washington Ave & Lark St (02663),0,0,0,22680.0,06:18:00,22782,06:19:42,22680.0,06:18:00,22794,06:19:54,12,00:00:12,doors opened
07/11/2025,12,4243,Friday,Weekday,East,15648596.0,21300,05:55:00,21390,05:56:30,17,263,Washington Ave & Henry Johnson Blvd (00263),0,0,0,,,22761,06:19:21,,,22761,06:19:21,0,00:00:00,door not opened
07/11/2025,12,4243,Friday,Weekday,East,15648596.0,21300,05:55:00,21390,05:56:30,16,2096,Washington Ave & Lexington Ave (02096),0,0,0,,,22737,06:18:57,,,22737,06:18:57,0,00:00:00,door not opened
07/11/2025,12,4243,Friday,Weekday,East,15648596.0,21300,05:55:00,21390,05:56:30,15,3253,Washington Ave & Robin St (Draper Hall) (03253),0,0,0,,,22721,06:18:41,,,22721,06:18:41,0,00:00:00,door not opened
07/11/2025,12,4243,Friday,Weekday,East,15648596.0,21300,05:55:00,21390,05:56:30,14,2109,Washington Ave & N. Lake Ave (02109),0,0,0,,,22676,06:17:56,,,22692,06:18:12,16,00:00:16,door not opened
07/11/2025,12,4243,Friday,Weekday,East,15648596.0,21300,05:55:00,21390,05:56:30,13,3255,Washington Ave & Quail St (03255),0,0,0,,,22617,06:16:57,,,22643,06:17:23,26,00:00:26,doors opened
07/11/2025,12,4243,Friday,Weekday,East,15648596.0,21300,05:55:00,21390,05:56:30,12,3256,Washington Ave & Ontario St (03256),0,0,0,22380.0,06:13:00,22578,06:16:18,22380.0,06:13:00,22594,06:16:34,16,00:00:16,doors opened
07/11/2025,12,4243,Friday,Weekday,East,15648596.0,21300,05:55:00,21390,05:56:30,11,2107,Washington Ave & Partridge St (02107),0,0,0,,,22557,06:15:57,,,22557,06:15:57,0,00:00:00,door not opened
07/11/2025,12,4243,Friday,Weekday,East,15648596.0,21300,05:55:00,21390,05:56:30,10,3257,Washington Ave & N. Main Ave (03257),0,0,0,,,22455,06:14:15,,,22492,06:14:52,37,00:00:37,doors opened
07/11/2025,12,4243,Friday,Weekday,East,15648596.0,21300,05:55:00,21390,05:56:30,9,1796,Washington Ave & N. Allen St (01796),0,0,0,22260.0,06:11:00,22394,06:13:14,22260.0,06:11:00,22419,06:13:39,25,00:00:25,doors opened
07/11/2025,12,4243,Friday,Weekday,East,15648596.0,21300,05:55:00,21390,05:56:30,8,11581,Washington Ave & Manning Blvd (11581),0,0,0,,,22330,06:12:10,,,22362,06:12:42,32,00:00:32,doors opened
07/11/2025,12,4243,Friday,Weekday,East,15648596.0,21300,05:55:00,21390,05:56:30,7,2180,Washington Ave & Homestead Ave (02180),0,0,0,,,22288,06:11:28,,,22306,06:11:46,18,00:00:18,doors opened
07/11/2025,12,4243,Friday,Weekday,East,15648596.0,21300,05:55:00,21390,05:56:30,6,2182,Washington Ave & Hawthorne St (02182),0,0,0,,,22264,06:11:04,,,22264,06:11:04,0,00:00:00,door not opened
07/11/2025,12,4243,Friday,Weekday,East,15648596.0,21300,05:55:00,21390,05:56:30,5,3304,Washington Ave & Clermont St (03304),0,0,0,,,22249,06:10:49,,,22249,06:10:49,0,00:00:00,door not opened
07/11/2025,12,4243,Friday,Weekday,East,15648596.0,21300,05:55:00,21390,05:56:30,4,3348,Washington Ave & Brevator St (03348),0,0,0,,,22227,06:10:27,,,22227,06:10:27,0,00:00:00,door not opened
07/11/2025,12,4243,Friday,Weekday,East,15648596.0,21300,05:55:00,21390,05:56:30,3,10134,Washington Ave & SUNY Exit Rd (10134),0,0,0,,,22087,06:08:07,,,22105,06:08:25,18,00:00:18,doors opened
07/11/2025,12,4243,Friday,Weekday,East,15648596.0,21300,05:55:00,21390,05:56:30,2,7216,SUNY Collins Circle (07216),0,0,0,21840.0,06:04:00,22001,06:06:41,21840.0,06:04:00,22001,06:06:41,0,00:00:00,door not opened
07/11/2025,12,4243,Friday,Weekday,East,15648596.0,21300,05:55:00,21390,05:56:30,1,12827,Crossgates Commons Station (12827),0,0,0,21540.0,05:59:00,21786,06:03:06,21540.0,05:59:00,21786,06:03:06,0,00:00:00,door not opened
07/11/2025,12,4243,Friday,Weekday,East,15648596.0,21300,05:55:00,21390,05:56:30,0,7175,Crossgates Mall Station (07175),0,0,0,21300.0,05:55:00,21390,05:56:30,21300.0,05:55:00,21390,05:56:30,0,00:00:00,doors opened
07/11/2025,12,4243,Friday,Weekday,East,15648600.0,27300,07:35:00,27363,07:36:03,24,3940,Broadway & Steuben St (03940),0,0,0,29640.0,08:14:00,29721,08:15:21,29640.0,08:14:00,29721,08:15:21,0,00:00:00,doors opened
07/11/2025,12,4243,Friday,Weekday,East,15648600.0,27300,07:35:00,27363,07:36:03,23,2509,State/Downtown Station - State St & S. Pearl St (02509),0,0,0,29460.0,08:11:00,29573,08:12:53,29460.0,08:11:00,29657,08:14:17,84,00:01:24,doors opened
07/11/2025,12,4243,Friday,Weekday,East,15648600.0,27300,07:35:00,27363,07:36:03,22,1787,State St & Eagle St (01787),0,0,0,,,29555,08:12:35,,,29555,08:12:35,0,00:00:00,door not opened
07/11/2025,12,4243,Friday,Weekday,East,15648600.0,27300,07:35:00,27363,07:36:03,21,2706,Hawk/Capitol Station - Washington Ave & Hawk St (02706),0,0,0,,,29427,08:10:27,,,29452,08:10:52,25,00:00:25,doors opened
07/11/2025,12,4243,Friday,Weekday,East,15648600.0,27300,07:35:00,27363,07:36:03,20,1789,Washington Ave & S. Swan St (01789),0,0,0,,,29373,08:09:33,,,29400,08:10:00,27,00:00:27,doors opened
07/11/2025,12,4243,Friday,Weekday,East,15648600.0,27300,07:35:00,27363,07:36:03,19,1788,Washington Ave & Dove St (01788),0,0,0,,,29350,08:09:10,,,29350,08:09:10,0,00:00:00,door not opened
07/11/2025,12,4243,Friday,Weekday,East,15648600.0,27300,07:35:00,27363,07:36:03,18,2663,Lark/Library Station - Washington Ave & Lark St (02663),0,0,0,29040.0,08:04:00,29243,08:07:23,29040.0,08:04:00,29323,08:08:43,80,00:01:20,doors opened
07/11/2025,12,4243,Friday,Weekday,East,15648600.0,27300,07:35:00,27363,07:36:03,17,263,Washington Ave & Henry Johnson Blvd (00263),0,0,0,,,29198,08:06:38,,,29198,08:06:38,0,00:00:00,door not opened
07/11/2025,12,4243,Friday,Weekday,East,15648600.0,27300,07:35:00,27363,07:36:03,16,2096,Washington Ave & Lexington Ave (02096),0,0,0,,,29073,08:04:33,,,29073,08:04:33,0,00:00:00,door not opened
07/11/2025,12,4243,Friday,Weekday,East,15648600.0,27300,07:35:00,27363,07:36:03,15,3253,Washington Ave & Robin St (Draper Hall) (03253),0,0,0,,,29024,08:03:44,,,29056,08:04:16,32,00:00:32,doors opened
07/11/2025,12,4243,Friday,Weekday,East,15648600.0,27300,07:35:00,27363,07:36:03,14,2109,Washington Ave & N. Lake Ave (02109),0,0,0,,,28944,08:02:24,,,29000,08:03:20,56,00:00:56,doors opened
07/11/2025,12,4243,Friday,Weekday,East,15648600.0,27300,07:35:00,27363,07:36:03,13,3255,Washington Ave & Quail St (03255),0,0,0,,,28863,08:01:03,,,28913,08:01:53,50,00:00:50,doors opened
07/11/2025,12,4243,Friday,Weekday,East,15648600.0,27300,07:35:00,27363,07:36:03,12,3256,Washington Ave & Ontario St (03256),0,0,0,28620.0,07:57:00,28797,07:59:57,28620.0,07:57:00,28838,08:00:38,41,00:00:41,doors opened
07/11/2025,12,4243,Friday,Weekday,East,15648600.0,27300,07:35:00,27363,07:36:03,11,2107,Washington Ave & Partridge St (02107),0,0,0,,,28756,07:59:16,,,28773,07:59:33,17,00:00:17,doors opened
07/11/2025,12,4243,Friday,Weekday,East,15648600.0,27300,07:35:00,27363,07:36:03,10,3257,Washington Ave & N. Main Ave (03257),0,0,0,,,28634,07:57:14,,,28680,07:58:00,46,00:00:46,doors opened
07/11/2025,12,4243,Friday,Weekday,East,15648600.0,27300,07:35:00,27363,07:36:03,9,1796,Washington Ave & N. Allen St (01796),0,0,0,28440.0,07:54:00,28574,07:56:14,28440.0,07:54:00,28599,07:56:39,25,00:00:25,doors opened
07/11/2025,12,4243,Friday,Weekday,East,15648600.0,27300,07:35:00,27363,07:36:03,8,11581,Washington Ave & Manning Blvd (11581),0,0,0,,,28499,07:54:59,,,28542,07:55:42,43,00:00:43,doors opened
07/11/2025,12,4243,Friday,Weekday,East,15648600.0,27300,07:35:00,27363,07:36:03,7,2180,Washington Ave & Homestead Ave (02180),0,0,0,,,28449,07:54:09,,,28463,07:54:23,14,00:00:14,doors opened
07/11/2025,12,4243,Friday,Weekday,East,15648600.0,27300,07:35:00,27363,07:36:03,6,2182,Washington Ave & Hawthorne St (02182),0,0,0,,,28425,07:53:45,,,28425,07:53:45,0,00:00:00,door not opened
07/11/2025,12,4243,Friday,Weekday,East,15648600.0,27300,07:35:00,27363,07:36:03,5,3304,Washington Ave & Clermont St (03304),0,0,0,,,28378,07:52:58,,,28398,07:53:18,20,00:00:20,doors opened
07/11/2025,12,4243,Friday,Weekday,East,15648600.0,27300,07:35:00,27363,07:36:03,4,3348,Washington Ave & Brevator St (03348),0,0,0,,,28336,07:52:16,,,28354,07:52:34,18,00:00:18,doors opened
07/11/2025,12,4243,Friday,Weekday,East,15648600.0,27300,07:35:00,27363,07:36:03,3,10134,Washington Ave & SUNY Exit Rd (10134),0,0,0,,,28155,07:49:15,,,28211,07:50:11,56,00:00:56,doors opened
07/11/2025,12,4243,Friday,Weekday,East,15648600.0,27300,07:35:00,27363,07:36:03,2,7216,SUNY Collins Circle (07216),0,0,0,27900.0,07:45:00,28031,07:47:11,27900.0,07:45:00,28057,07:47:37,26,00:00:26,doors opened
07/11/2025,12,4243,Friday,Weekday,East,15648600.0,27300,07:35:00,27363,07:36:03,1,12827,Crossgates Commons Station (12827),0,0,0,27600.0,07:40:00,27640,07:40:40,27600.0,07:40:00,27683,07:41:23,43,00:00:43,doors opened
07/11/2025,12,4243,Friday,Weekday,East,15648600.0,27300,07:35:00,27363,07:36:03,0,7175,Crossgates Mall Station (07175),0,0,0,27300.0,07:35:00,27363,07:36:03,27300.0,07:35:00,27363,07:36:03,0,00:00:00,doors opened
07/11/2025,12,4243,Friday,Weekday,West,15648602.0,30000,08:20:00,30117,08:21:57,27,7175,Crossgates Mall Station (07175),0,0,0,32520.0,09:02:00,32254,08:57:34,32520.0,09:02:00,32254,08:57:34,0,00:00:00,doors opened
07/11/2025,12,4243,Friday,Weekday,West,15648602.0,30000,08:20:00,30117,08:21:57,26,12828,Crossgates Commons Station (12828),0,0,0,32100.0,08:55:00,31980,08:53:00,32100.0,08:55:00,32000,08:53:20,20,00:00:20,doors opened
07/11/2025,12,4243,Friday,Weekday,West,15648602.0,30000,08:20:00,30117,08:21:57,25,12891,1475 Washington Ave (12891),0,0,0,,,31792,08:49:52,,,31792,08:49:52,0,00:00:00,door not opened
07/11/2025,12,4243,Friday,Weekday,West,15648602.0,30000,08:20:00,30117,08:21:57,24,7216,SUNY Collins Circle (07216),0,0,0,31740.0,08:49:00,31649,08:47:29,31740.0,08:49:00,31683,08:48:03,34,00:00:34,doors opened
07/11/2025,12,4243,Friday,Weekday,West,15648602.0,30000,08:20:00,30117,08:21:57,23,3262,1383 Washington Ave (Fairfield Inn) (03262),0,0,0,,,31546,08:45:46,,,31546,08:45:46,0,00:00:00,door not opened
07/11/2025,12,4243,Friday,Weekday,West,15648602.0,30000,08:20:00,30117,08:21:57,22,976,Washington Ave & Brevator St (00976),0,0,0,,,31358,08:42:38,,,31380,08:43:00,22,00:00:22,doors opened
07/11/2025,12,4243,Friday,Weekday,West,15648602.0,30000,08:20:00,30117,08:21:57,21,1959,Washington Ave & Colvin Ave (01959),0,0,0,,,31295,08:41:35,,,31334,08:42:14,39,00:00:39,doors opened
07/11/2025,12,4243,Friday,Weekday,West,15648602.0,30000,08:20:00,30117,08:21:57,20,3399,Washington Ave & Danker Ave (03399),0,0,0,,,31251,08:40:51,,,31267,08:41:07,16,00:00:16,doors opened
07/11/2025,12,4243,Friday,Weekday,West,15648602.0,30000,08:20:00,30117,08:21:57,19,1849,Washington Ave & Homestead Ave (01849),0,0,0,,,31227,08:40:27,,,31227,08:40:27,0,00:00:00,door not opened
07/11/2025,12,4243,Friday,Weekday,West,15648602.0,30000,08:20:00,30117,08:21:57,18,1846,Washington Ave & Manning Blvd (01846),0,0,0,,,31166,08:39:26,,,31196,08:39:56,30,00:00:30,door not opened
07/11/2025,12,4243,Friday,Weekday,West,15648602.0,30000,08:20:00,30117,08:21:57,17,3287,Washington Ave & N. Allen St (03287),0,0,0,31260.0,08:41:00,31102,08:38:22,31260.0,08:41:00,31132,08:38:52,30,00:00:30,doors opened
07/11/2025,12,4243,Friday,Weekday,West,15648602.0,30000,08:20:00,30117,08:21:57,16,3264,Washington Ave & N. Main Ave (03264),0,0,0,,,31074,08:37:54,,,31074,08:37:54,0,00:00:00,door not opened
07/11/2025,12,4243,Friday,Weekday,West,15648602.0,30000,08:20:00,30117,08:21:57,15,1839,Washington Ave & Partridge St (01839),0,0,0,,,30975,08:36:15,,,30994,08:36:34,19,00:00:19,doors opened
07/11/2025,12,4243,Friday,Weekday,West,15648602.0,30000,08:20:00,30117,08:21:57,14,1841,Washington Ave & Ontario St (01841),0,0,0,31020.0,08:37:00,30924,08:35:24,31020.0,08:37:00,30947,08:35:47,23,00:00:23,doors opened
07/11/2025,12,4243,Friday,Weekday,West,15648602.0,30000,08:20:00,30117,08:21:57,13,1842,Washington Ave & Quail St (01842),0,0,0,,,30881,08:34:41,,,30898,08:34:58,17,00:00:17,doors opened
07/11/2025,12,4243,Friday,Weekday,West,15648602.0,30000,08:20:00,30117,08:21:57,12,1837,Washington Ave & N. Lake Ave (01837),0,0,0,,,30827,08:33:47,,,30852,08:34:12,25,00:00:25,doors opened
07/11/2025,12,4243,Friday,Weekday,West,15648602.0,30000,08:20:00,30117,08:21:57,11,1843,Washington Ave & Robin St (01843),0,0,0,,,30791,08:33:11,,,30802,08:33:22,11,00:00:11,doors opened
07/11/2025,12,4243,Friday,Weekday,West,15648602.0,30000,08:20:00,30117,08:21:57,10,12943,Washington Ave & Lexington Ave (12943),0,0,0,,,30771,08:32:51,,,30771,08:32:51,0,00:00:00,door not opened
07/11/2025,12,4243,Friday,Weekday,West,15648602.0,30000,08:20:00,30117,08:21:57,9,12942,Washington Ave & Henry Johnson Blvd (12942),0,0,0,,,30691,08:31:31,,,30731,08:32:11,40,00:00:40,doors opened
07/11/2025,12,4243,Friday,Weekday,West,15648602.0,30000,08:20:00,30117,08:21:57,8,3239,Lark/Library Station - Washington Ave & Lark St (03239),0,0,0,30600.0,08:30:00,30627,08:30:27,30600.0,08:30:00,30655,08:30:55,28,00:00:28,doors opened
07/11/2025,12,4243,Friday,Weekday,West,15648602.0,30000,08:20:00,30117,08:21:57,7,3301,Washington Ave & S. Swan St (03301),0,0,0,,,30514,08:28:34,,,30586,08:29:46,72,00:01:12,doors opened
07/11/2025,12,4243,Friday,Weekday,West,15648602.0,30000,08:20:00,30117,08:21:57,6,3250,Hawk/Capitol Station - Washington Ave & Hawk St (03250),0,0,0,,,30491,08:28:11,,,30491,08:28:11,0,00:00:00,door not opened
07/11/2025,12,4243,Friday,Weekday,West,15648602.0,30000,08:20:00,30117,08:21:57,5,10087,State St & Eagle St (10087),0,0,0,,,30462,08:27:42,,,30462,08:27:42,0,00:00:00,door not opened
07/11/2025,12,4243,Friday,Weekday,West,15648602.0,30000,08:20:00,30117,08:21:57,4,2665,State/Downtown Station - State St & Lodge St (02665),0,0,0,30300.0,08:25:00,30392,08:26:32,30300.0,08:25:00,30424,08:27:04,32,00:00:32,doors opened
07/11/2025,12,4243,Friday,Weekday,West,15648602.0,30000,08:20:00,30117,08:21:57,3,3221,State Station - N. Pearl St & Ten Eyck Plaza (03221),0,0,0,,,30316,08:25:16,,,30363,08:26:03,47,00:00:47,doors opened
07/11/2025,12,4243,Friday,Weekday,West,15648602.0,30000,08:20:00,30117,08:21:57,2,3233,N. Pearl St & Sheridan Ave (03233),0,0,0,,,30276,08:24:36,,,30276,08:24:36,0,00:00:00,door not opened
07/11/2025,12,4243,Friday,Weekday,West,15648602.0,30000,08:20:00,30117,08:21:57,1,2168,Clinton Square Station - N. Pearl St & Clinton Ave (02168),0,0,0,,,30221,08:23:41,,,30256,08:24:16,35,00:00:35,doors opened
07/11/2025,12,4243,Friday,Weekday,West,15648602.0,30000,08:20:00,30117,08:21:57,0,9018,Broadway & Orange St (09018),0,0,0,30000.0,08:20:00,30117,08:21:57,30000.0,08:20:00,30117,08:21:57,0,00:00:00,doors opened
07/11/2025,12,4246,Friday,Weekday,West,15651386.0,79500,22:05:00,79505,22:05:05,27,7175,Crossgates Mall Station (07175),0,1,0,81540.0,22:39:00,81459,22:37:39,81540.0,22:39:00,81459,22:37:39,0,00:00:00,doors opened
07/11/2025,12,4246,Friday,Weekday,West,15651386.0,79500,22:05:00,79505,22:05:05,26,12828,Crossgates Commons Station (12828),0,0,1,81180.0,22:33:00,81329,22:35:29,81180.0,22:33:00,81459,22:37:39,130,00:02:10,door not opened
07/11/2025,12,4246,Friday,Weekday,West,15651386.0,79500,22:05:00,79505,22:05:05,25,12891,1475 Washington Ave (12891),0,0,1,,,81159,22:32:39,,,81159,22:32:39,0,00:00:00,door not opened
07/11/2025,12,4246,Friday,Weekday,West,15651386.0,79500,22:05:00,79505,22:05:05,24,7216,SUNY Collins Circle (07216),0,0,1,80880.0,22:28:00,80938,22:28:58,80880.0,22:28:00,80965,22:29:25,27,00:00:27,door not opened
07/11/2025,12,4246,Friday,Weekday,West,15651386.0,79500,22:05:00,79505,22:05:05,23,3262,1383 Washington Ave (Fairfield Inn) (03262),0,1,1,,,80815,22:26:55,,,80832,22:27:12,17,00:00:17,doors opened
07/11/2025,12,4246,Friday,Weekday,West,15651386.0,79500,22:05:00,79505,22:05:05,22,976,Washington Ave & Brevator St (00976),0,0,2,,,80707,22:25:07,,,80707,22:25:07,0,00:00:00,door not opened
07/11/2025,12,4246,Friday,Weekday,West,15651386.0,79500,22:05:00,79505,22:05:05,21,1959,Washington Ave & Colvin Ave (01959),0,0,2,,,80673,22:24:33,,,80687,22:24:47,14,00:00:14,door not opened
07/11/2025,12,4246,Friday,Weekday,West,15651386.0,79500,22:05:00,79505,22:05:05,20,3399,Washington Ave & Danker Ave (03399),0,0,2,,,80640,22:24:00,,,80640,22:24:00,0,00:00:00,door not opened
07/11/2025,12,4246,Friday,Weekday,West,15651386.0,79500,22:05:00,79505,22:05:05,19,1849,Washington Ave & Homestead Ave (01849),0,0,2,,,80616,22:23:36,,,80616,22:23:36,0,00:00:00,door not opened
07/11/2025,12,4246,Friday,Weekday,West,15651386.0,79500,22:05:00,79505,22:05:05,18,1846,Washington Ave & Manning Blvd (01846),0,0,2,,,80578,22:22:58,,,80587,22:23:07,9,00:00:09,door not opened
07/11/2025,12,4246,Friday,Weekday,West,15651386.0,79500,22:05:00,79505,22:05:05,17,3287,Washington Ave & N. Allen St (03287),1,0,2,80520.0,22:22:00,80500,22:21:40,80520.0,22:22:00,80525,22:22:05,25,00:00:25,doors opened
07/11/2025,12,4246,Friday,Weekday,West,15651386.0,79500,22:05:00,79505,22:05:05,16,3264,Washington Ave & N. Main Ave (03264),0,0,1,,,80463,22:21:03,,,80463,22:21:03,0,00:00:00,door not opened
07/11/2025,12,4246,Friday,Weekday,West,15651386.0,79500,22:05:00,79505,22:05:05,15,1839,Washington Ave & Partridge St (01839),0,0,1,,,80394,22:19:54,,,80394,22:19:54,0,00:00:00,door not opened
07/11/2025,12,4246,Friday,Weekday,West,15651386.0,79500,22:05:00,79505,22:05:05,14,1841,Washington Ave & Ontario St (01841),1,1,1,80340.0,22:19:00,80333,22:18:53,80340.0,22:19:00,80356,22:19:16,23,00:00:23,doors opened
07/11/2025,12,4246,Friday,Weekday,West,15651386.0,79500,22:05:00,79505,22:05:05,13,1842,Washington Ave & Quail St (01842),0,0,1,,,80223,22:17:03,,,80302,22:18:22,79,00:01:19,door not opened
07/11/2025,12,4246,Friday,Weekday,West,15651386.0,79500,22:05:00,79505,22:05:05,12,1837,Washington Ave & N. Lake Ave (01837),0,0,1,,,80185,22:16:25,,,80185,22:16:25,0,00:00:00,door not opened
07/11/2025,12,4246,Friday,Weekday,West,15651386.0,79500,22:05:00,79505,22:05:05,11,1843,Washington Ave & Robin St (01843),0,1,1,,,80137,22:15:37,,,80152,22:15:52,15,00:00:15,doors opened
07/11/2025,12,4246,Friday,Weekday,West,15651386.0,79500,22:05:00,79505,22:05:05,10,12943,Washington Ave & Lexington Ave (12943),0,0,2,,,80053,22:14:13,,,80104,22:15:04,51,00:00:51,door not opened
07/11/2025,12,4246,Friday,Weekday,West,15651386.0,79500,22:05:00,79505,22:05:05,9,12942,Washington Ave & Henry Johnson Blvd (12942),0,0,2,,,79989,22:13:09,,,79989,22:13:09,0,00:00:00,door not opened
07/11/2025,12,4246,Friday,Weekday,West,15651386.0,79500,22:05:00,79505,22:05:05,8,3239,Lark/Library Station - Washington Ave & Lark St (03239),0,3,2,79980.0,22:13:00,79921,22:12:01,79980.0,22:13:00,79946,22:12:26,25,00:00:25,doors opened
07/11/2025,12,4246,Friday,Weekday,West,15651386.0,79500,22:05:00,79505,22:05:05,7,3301,Washington Ave & S. Swan St (03301),0,0,5,,,79852,22:10:52,,,79852,22:10:52,0,00:00:00,door not opened
07/11/2025,12,4246,Friday,Weekday,West,15651386.0,79500,22:05:00,79505,22:05:05,6,3250,Hawk/Capitol Station - Washington Ave & Hawk St (03250),1,0,5,,,79808,22:10:08,,,79829,22:10:29,21,00:00:21,doors opened
07/11/2025,12,4246,Friday,Weekday,West,15651386.0,79500,22:05:00,79505,22:05:05,5,10087,State St & Eagle St (10087),0,0,4,,,79778,22:09:38,,,79778,22:09:38,0,00:00:00,door not opened
07/11/2025,12,4246,Friday,Weekday,West,15651386.0,79500,22:05:00,79505,22:05:05,4,2665,State/Downtown Station - State St & Lodge St (02665),4,0,4,79740.0,22:09:00,79709,22:08:29,79740.0,22:09:00,79744,22:09:04,35,00:00:35,doors opened
07/11/2025,12,4246,Friday,Weekday,West,15651386.0,79500,22:05:00,79505,22:05:05,3,3221,State Station - N. Pearl St & Ten Eyck Plaza (03221),0,0,0,,,79638,22:07:18,,,79667,22:07:47,29,00:00:29,door not opened
07/11/2025,12,4246,Friday,Weekday,West,15651386.0,79500,22:05:00,79505,22:05:05,2,3233,N. Pearl St & Sheridan Ave (03233),0,0,0,,,79568,22:06:08,,,79568,22:06:08,0,00:00:00,door not opened
07/11/2025,12,4246,Friday,Weekday,West,15651386.0,79500,22:05:00,79505,22:05:05,1,2168,Clinton Square Station - N. Pearl St & Clinton Ave (02168),0,0,0,,,79547,22:05:47,,,79547,22:05:47,0,00:00:00,door not opened
07/11/2025,12,4246,Friday,Weekday,West,15651386.0,79500,22:05:00,79505,22:05:05,0,9018,Broadway & Orange St (09018),2,2,0,79500.0,22:05:00,79505,22:05:05,79500.0,22:05:00,79505,22:05:05,0,00:00:00,doors opened
07/11/2025,12,4248,Friday,Weekday,East,15649935.0,22800,06:20:00,22834,06:20:34,24,3940,Broadway & Steuben St (03940),0,0,0,24720.0,06:52:00,24591,06:49:51,24720.0,06:52:00,24591,06:49:51,0,00:00:00,door not opened
07/11/2025,12,4248,Friday,Weekday,East,15649935.0,22800,06:20:00,22834,06:20:34,23,2509,State/Downtown Station - State St & S. Pearl St (02509),0,3,0,24540.0,06:49:00,24490,06:48:10,24540.0,06:49:00,24547,06:49:07,57,00:00:57,doors opened
07/11/2025,12,4248,Friday,Weekday,East,15649935.0,22800,06:20:00,22834,06:20:34,22,1787,State St & Eagle St (01787),0,0,3,,,24473,06:47:53,,,24473,06:47:53,0,00:00:00,door not opened
07/11/2025,12,4248,Friday,Weekday,East,15649935.0,22800,06:20:00,22834,06:20:34,21,2706,Hawk/Capitol Station - Washington Ave & Hawk St (02706),0,0,3,,,24359,06:45:59,,,24359,06:45:59,0,00:00:00,door not opened
07/11/2025,12,4248,Friday,Weekday,East,15649935.0,22800,06:20:00,22834,06:20:34,20,1789,Washington Ave & S. Swan St (01789),0,4,3,,,24300,06:45:00,,,24338,06:45:38,38,00:00:38,doors opened
07/11/2025,12,4248,Friday,Weekday,East,15649935.0,22800,06:20:00,22834,06:20:34,19,1788,Washington Ave & Dove St (01788),0,0,7,,,24277,06:44:37,,,24277,06:44:37,0,00:00:00,door not opened
07/11/2025,12,4248,Friday,Weekday,East,15649935.0,22800,06:20:00,22834,06:20:34,18,2663,Lark/Library Station - Washington Ave & Lark St (02663),0,0,7,24240.0,06:44:00,24222,06:43:42,24240.0,06:44:00,24250,06:44:10,28,00:00:28,door not opened
07/11/2025,12,4248,Friday,Weekday,East,15649935.0,22800,06:20:00,22834,06:20:34,17,263,Washington Ave & Henry Johnson Blvd (00263),0,0,7,,,24200,06:43:20,,,24200,06:43:20,0,00:00:00,door not opened
07/11/2025,12,4248,Friday,Weekday,East,15649935.0,22800,06:20:00,22834,06:20:34,16,2096,Washington Ave & Lexington Ave (02096),0,0,7,,,24077,06:41:17,,,24178,06:42:58,101,00:01:41,door not opened
07/11/2025,12,4248,Friday,Weekday,East,15649935.0,22800,06:20:00,22834,06:20:34,15,3253,Washington Ave & Robin St (Draper Hall) (03253),0,1,7,,,24034,06:40:34,,,24053,06:40:53,19,00:00:19,doors opened
07/11/2025,12,4248,Friday,Weekday,East,15649935.0,22800,06:20:00,22834,06:20:34,14,2109,Washington Ave & N. Lake Ave (02109),0,0,8,,,23997,06:39:57,,,24009,06:40:09,12,00:00:12,door not opened
07/11/2025,12,4248,Friday,Weekday,East,15649935.0,22800,06:20:00,22834,06:20:34,13,3255,Washington Ave & Quail St (03255),0,0,8,,,23964,06:39:24,,,23964,06:39:24,0,00:00:00,door not opened
07/11/2025,12,4248,Friday,Weekday,East,15649935.0,22800,06:20:00,22834,06:20:34,12,3256,Washington Ave & Ontario St (03256),0,0,8,23940.0,06:39:00,23945,06:39:05,23940.0,06:39:00,23945,06:39:05,0,00:00:00,door not opened
07/11/2025,12,4248,Friday,Weekday,East,15649935.0,22800,06:20:00,22834,06:20:34,11,2107,Washington Ave & Partridge St (02107),0,0,8,,,23924,06:38:44,,,23924,06:38:44,0,00:00:00,door not opened
07/11/2025,12,4248,Friday,Weekday,East,15649935.0,22800,06:20:00,22834,06:20:34,10,3257,Washington Ave & N. Main Ave (03257),0,0,8,,,23877,06:37:57,,,23877,06:37:57,0,00:00:00,door not opened
07/11/2025,12,4248,Friday,Weekday,East,15649935.0,22800,06:20:00,22834,06:20:34,9,1796,Washington Ave & N. Allen St (01796),1,0,8,23820.0,06:37:00,23831,06:37:11,23820.0,06:37:00,23845,06:37:25,14,00:00:14,doors opened
07/11/2025,12,4248,Friday,Weekday,East,15649935.0,22800,06:20:00,22834,06:20:34,8,11581,Washington Ave & Manning Blvd (11581),0,0,7,,,23799,06:36:39,,,23799,06:36:39,0,00:00:00,door not opened
07/11/2025,12,4248,Friday,Weekday,East,15649935.0,22800,06:20:00,22834,06:20:34,7,2180,Washington Ave & Homestead Ave (02180),1,0,7,,,23735,06:35:35,,,23772,06:36:12,37,00:00:37,doors opened
07/11/2025,12,4248,Friday,Weekday,East,15649935.0,22800,06:20:00,22834,06:20:34,6,2182,Washington Ave & Hawthorne St (02182),0,0,6,,,23707,06:35:07,,,23707,06:35:07,0,00:00:00,door not opened
07/11/2025,12,4248,Friday,Weekday,East,15649935.0,22800,06:20:00,22834,06:20:34,5,3304,Washington Ave & Clermont St (03304),0,1,6,,,23662,06:34:22,,,23676,06:34:36,14,00:00:14,doors opened
07/11/2025,12,4248,Friday,Weekday,East,15649935.0,22800,06:20:00,22834,06:20:34,4,3348,Washington Ave & Brevator St (03348),0,0,7,,,23644,06:34:04,,,23644,06:34:04,0,00:00:00,door not opened
07/11/2025,12,4248,Friday,Weekday,East,15649935.0,22800,06:20:00,22834,06:20:34,3,10134,Washington Ave & SUNY Exit Rd (10134),2,0,7,,,23495,06:31:35,,,23514,06:31:54,19,00:00:19,doors opened
07/11/2025,12,4248,Friday,Weekday,East,15649935.0,22800,06:20:00,22834,06:20:34,2,7216,SUNY Collins Circle (07216),3,0,5,23340.0,06:29:00,23380,06:29:40,23340.0,06:29:00,23404,06:30:04,24,00:00:24,doors opened
07/11/2025,12,4248,Friday,Weekday,East,15649935.0,22800,06:20:00,22834,06:20:34,1,12827,Crossgates Commons Station (12827),1,0,2,23040.0,06:24:00,23074,06:24:34,23040.0,06:24:00,23090,06:24:50,16,00:00:16,doors opened
07/11/2025,12,4248,Friday,Weekday,East,15649935.0,22800,06:20:00,22834,06:20:34,0,7175,Crossgates Mall Station (07175),1,0,1,22800.0,06:20:00,22834,06:20:34,22800.0,06:20:00,22834,06:20:34,0,00:00:00,doors opened
07/11/2025,12,4248,Friday,Weekday,East,15649939.0,28500,07:55:00,28533,07:55:33,24,3940,Broadway & Steuben St (03940),0,2,0,30840.0,08:34:00,30646,08:30:46,30840.0,08:34:00,30646,08:30:46,0,00:00:00,doors opened
07/11/2025,12,4248,Friday,Weekday,East,15649939.0,28500,07:55:00,28533,07:55:33,23,2509,State/Downtown Station - State St & S. Pearl St (02509),0,3,2,30660.0,08:31:00,30512,08:28:32,30660.0,08:31:00,30535,08:28:55,23,00:00:23,door not opened
07/11/2025,12,4248,Friday,Weekday,East,15649939.0,28500,07:55:00,28533,07:55:33,22,1787,State St & Eagle St (01787),0,1,5,,,30465,08:27:45,,,30498,08:28:18,33,00:00:33,doors opened
07/11/2025,12,4248,Friday,Weekday,East,15649939.0,28500,07:55:00,28533,07:55:33,21,2706,Hawk/Capitol Station - Washington Ave & Hawk St (02706),0,1,6,,,30375,08:26:15,,,30405,08:26:45,30,00:00:30,doors opened
07/11/2025,12,4248,Friday,Weekday,East,15649939.0,28500,07:55:00,28533,07:55:33,20,1789,Washington Ave & S. Swan St (01789),0,4,7,,,30267,08:24:27,,,30338,08:25:38,71,00:01:11,doors opened
07/11/2025,12,4248,Friday,Weekday,East,15649939.0,28500,07:55:00,28533,07:55:33,19,1788,Washington Ave & Dove St (01788),0,0,11,,,30247,08:24:07,,,30247,08:24:07,0,00:00:00,door not opened
07/11/2025,12,4248,Friday,Weekday,East,15649939.0,28500,07:55:00,28533,07:55:33,18,2663,Lark/Library Station - Washington Ave & Lark St (02663),2,2,11,30240.0,08:24:00,30142,08:22:22,30240.0,08:24:00,30196,08:23:16,54,00:00:54,doors opened
07/11/2025,12,4248,Friday,Weekday,East,15649939.0,28500,07:55:00,28533,07:55:33,17,263,Washington Ave & Henry Johnson Blvd (00263),0,1,11,,,30027,08:20:27,,,30099,08:21:39,72,00:01:12,doors opened
07/11/2025,12,4248,Friday,Weekday,East,15649939.0,28500,07:55:00,28533,07:55:33,16,2096,Washington Ave & Lexington Ave (02096),0,0,12,,,29999,08:19:59,,,29999,08:19:59,0,00:00:00,door not opened
07/11/2025,12,4248,Friday,Weekday,East,15649939.0,28500,07:55:00,28533,07:55:33,15,3253,Washington Ave & Robin St (Draper Hall) (03253),0,0,12,,,29982,08:19:42,,,29982,08:19:42,0,00:00:00,door not opened
07/11/2025,12,4248,Friday,Weekday,East,15649939.0,28500,07:55:00,28533,07:55:33,14,2109,Washington Ave & N. Lake Ave (02109),1,0,12,,,29931,08:18:51,,,29946,08:19:06,15,00:00:15,doors opened
07/11/2025,12,4248,Friday,Weekday,East,15649939.0,28500,07:55:00,28533,07:55:33,13,3255,Washington Ave & Quail St (03255),1,6,11,,,29881,08:18:01,,,29898,08:18:18,17,00:00:17,doors opened
07/11/2025,12,4248,Friday,Weekday,East,15649939.0,28500,07:55:00,28533,07:55:33,12,3256,Washington Ave & Ontario St (03256),0,0,16,29820.0,08:17:00,29852,08:17:32,29820.0,08:17:00,29859,08:17:39,7,00:00:07,door not opened
07/11/2025,12,4248,Friday,Weekday,East,15649939.0,28500,07:55:00,28533,07:55:33,11,2107,Washington Ave & Partridge St (02107),0,0,16,,,29824,08:17:04,,,29824,08:17:04,0,00:00:00,door not opened
07/11/2025,12,4248,Friday,Weekday,East,15649939.0,28500,07:55:00,28533,07:55:33,10,3257,Washington Ave & N. Main Ave (03257),2,1,16,,,29719,08:15:19,,,29745,08:15:45,26,00:00:26,doors opened
07/11/2025,12,4248,Friday,Weekday,East,15649939.0,28500,07:55:00,28533,07:55:33,9,1796,Washington Ave & N. Allen St (01796),3,3,15,29640.0,08:14:00,29656,08:14:16,29640.0,08:14:00,29688,08:14:48,32,00:00:32,doors opened
07/11/2025,12,4248,Friday,Weekday,East,15649939.0,28500,07:55:00,28533,07:55:33,8,11581,Washington Ave & Manning Blvd (11581),1,0,15,,,29592,08:13:12,,,29621,08:13:41,29,00:00:29,doors opened
07/11/2025,12,4248,Friday,Weekday,East,15649939.0,28500,07:55:00,28533,07:55:33,7,2180,Washington Ave & Homestead Ave (02180),0,0,14,,,29574,08:12:54,,,29574,08:12:54,0,00:00:00,door not opened
07/11/2025,12,4248,Friday,Weekday,East,15649939.0,28500,07:55:00,28533,07:55:33,6,2182,Washington Ave & Hawthorne St (02182),1,0,14,,,29538,08:12:18,,,29551,08:12:31,13,00:00:13,doors opened
07/11/2025,12,4248,Friday,Weekday,East,15649939.0,28500,07:55:00,28533,07:55:33,5,3304,Washington Ave & Clermont St (03304),1,0,13,,,29465,08:11:05,,,29513,08:11:53,48,00:00:48,doors opened
07/11/2025,12,4248,Friday,Weekday,East,15649939.0,28500,07:55:00,28533,07:55:33,4,3348,Washington Ave & Brevator St (03348),1,0,12,,,29404,08:10:04,,,29443,08:10:43,39,00:00:39,doors opened
07/11/2025,12,4248,Friday,Weekday,East,15649939.0,28500,07:55:00,28533,07:55:33,3,10134,Washington Ave & SUNY Exit Rd (10134),6,0,11,,,29231,08:07:11,,,29265,08:07:45,34,00:00:34,doors opened
07/11/2025,12,4248,Friday,Weekday,East,15649939.0,28500,07:55:00,28533,07:55:33,2,7216,SUNY Collins Circle (07216),0,0,5,29100.0,08:05:00,29138,08:05:38,29100.0,08:05:00,29138,08:05:38,0,00:00:00,door not opened
07/11/2025,12,4248,Friday,Weekday,East,15649939.0,28500,07:55:00,28533,07:55:33,1,12827,Crossgates Commons Station (12827),4,0,5,28800.0,08:00:00,28794,07:59:54,28800.0,08:00:00,28838,08:00:38,44,00:00:44,doors opened
07/11/2025,12,4248,Friday,Weekday,East,15649939.0,28500,07:55:00,28533,07:55:33,0,7175,Crossgates Mall Station (07175),1,0,1,28500.0,07:55:00,28533,07:55:33,28500.0,07:55:00,28533,07:55:33,0,00:00:00,doors opened
07/11/2025,12,4248,Friday,Weekday,West,15649941.0,31200,08:40:00,31299,08:41:39,27,7175,Crossgates Mall Station (07175),0,3,0,33720.0,09:22:00,33430,09:17:10,33720.0,09:22:00,33430,09:17:10,0,00:00:00,doors opened
07/11/2025,12,4248,Friday,Weekday,West,15649941.0,31200,08:40:00,31299,08:41:39,26,12828,Crossgates Commons Station (12828),0,6,3,33300.0,09:15:00,33212,09:13:32,33300.0,09:15:00,33236,09:13:56,24,00:00:24,doors opened
07/11/2025,12,4248,Friday,Weekday,West,15649941.0,31200,08:40:00,31299,08:41:39,25,12891,1475 Washington Ave (12891),0,0,9,,,33057,09:10:57,,,33057,09:10:57,0,00:00:00,door not opened
07/11/2025,12,4248,Friday,Weekday,West,15649941.0,31200,08:40:00,31299,08:41:39,24,7216,SUNY Collins Circle (07216),0,8,9,32940.0,09:09:00,32879,09:07:59,32940.0,09:09:00,32899,09:08:19,20,00:00:20,doors opened
07/11/2025,12,4248,Friday,Weekday,West,15649941.0,31200,08:40:00,31299,08:41:39,23,3262,1383 Washington Ave (Fairfield Inn) (03262),3,1,17,,,32751,09:05:51,,,32778,09:06:18,27,00:00:27,doors opened
07/11/2025,12,4248,Friday,Weekday,West,15649941.0,31200,08:40:00,31299,08:41:39,22,976,Washington Ave & Brevator St (00976),0,0,15,,,32628,09:03:48,,,32628,09:03:48,0,00:00:00,door not opened
07/11/2025,12,4248,Friday,Weekday,West,15649941.0,31200,08:40:00,31299,08:41:39,21,1959,Washington Ave & Colvin Ave (01959),0,1,15,,,32561,09:02:41,,,32606,09:03:26,45,00:00:45,doors opened
07/11/2025,12,4248,Friday,Weekday,West,15649941.0,31200,08:40:00,31299,08:41:39,20,3399,Washington Ave & Danker Ave (03399),1,0,16,,,32514,09:01:54,,,32533,09:02:13,19,00:00:19,doors opened
07/11/2025,12,4248,Friday,Weekday,West,15649941.0,31200,08:40:00,31299,08:41:39,19,1849,Washington Ave & Homestead Ave (01849),0,0,15,,,32487,09:01:27,,,32487,09:01:27,0,00:00:00,door not opened
07/11/2025,12,4248,Friday,Weekday,West,15649941.0,31200,08:40:00,31299,08:41:39,18,1846,Washington Ave & Manning Blvd (01846),0,0,15,,,32433,09:00:33,,,32455,09:00:55,22,00:00:22,door not opened
07/11/2025,12,4248,Friday,Weekday,West,15649941.0,31200,08:40:00,31299,08:41:39,17,3287,Washington Ave & N. Allen St (03287),3,0,15,32460.0,09:01:00,32363,08:59:23,32460.0,09:01:00,32394,08:59:54,31,00:00:31,doors opened
07/11/2025,12,4248,Friday,Weekday,West,15649941.0,31200,08:40:00,31299,08:41:39,16,3264,Washington Ave & N. Main Ave (03264),5,0,12,,,32269,08:57:49,,,32327,08:58:47,58,00:00:58,doors opened
07/11/2025,12,4248,Friday,Weekday,West,15649941.0,31200,08:40:00,31299,08:41:39,15,1839,Washington Ave & Partridge St (01839),2,1,7,,,32167,08:56:07,,,32179,08:56:19,12,00:00:12,doors opened
07/11/2025,12,4248,Friday,Weekday,West,15649941.0,31200,08:40:00,31299,08:41:39,14,1841,Washington Ave & Ontario St (01841),2,0,6,32220.0,08:57:00,32123,08:55:23,32220.0,08:57:00,32139,08:55:39,16,00:00:16,doors opened
07/11/2025,12,4248,Friday,Weekday,West,15649941.0,31200,08:40:00,31299,08:41:39,13,1842,Washington Ave & Quail St (01842),2,0,4,,,32082,08:54:42,,,32098,08:54:58,16,00:00:16,doors opened
07/11/2025,12,4248,Friday,Weekday,West,15649941.0,31200,08:40:00,31299,08:41:39,12,1837,Washington Ave & N. Lake Ave (01837),0,1,2,,,32022,08:53:42,,,32052,08:54:12,30,00:00:30,doors opened
07/11/2025,12,4248,Friday,Weekday,West,15649941.0,31200,08:40:00,31299,08:41:39,11,1843,Washington Ave & Robin St (01843),0,0,3,,,31998,08:53:18,,,31998,08:53:18,0,00:00:00,door not opened
07/11/2025,12,4248,Friday,Weekday,West,15649941.0,31200,08:40:00,31299,08:41:39,10,12943,Washington Ave & Lexington Ave (12943),0,0,3,,,31977,08:52:57,,,31977,08:52:57,0,00:00:00,door not opened
07/11/2025,12,4248,Friday,Weekday,West,15649941.0,31200,08:40:00,31299,08:41:39,9,12942,Washington Ave & Henry Johnson Blvd (12942),1,0,3,,,31888,08:51:28,,,31927,08:52:07,39,00:00:39,doors opened
07/11/2025,12,4248,Friday,Weekday,West,15649941.0,31200,08:40:00,31299,08:41:39,8,3239,Lark/Library Station - Washington Ave & Lark St (03239),1,2,2,31800.0,08:50:00,31804,08:50:04,31800.0,08:50:00,31830,08:50:30,26,00:00:26,doors opened
07/11/2025,12,4248,Friday,Weekday,West,15649941.0,31200,08:40:00,31299,08:41:39,7,3301,Washington Ave & S. Swan St (03301),0,0,3,,,31698,08:48:18,,,31746,08:49:06,48,00:00:48,door not opened
07/11/2025,12,4248,Friday,Weekday,West,15649941.0,31200,08:40:00,31299,08:41:39,6,3250,Hawk/Capitol Station - Washington Ave & Hawk St (03250),0,1,3,,,31658,08:47:38,,,31669,08:47:49,11,00:00:11,doors opened
07/11/2025,12,4248,Friday,Weekday,West,15649941.0,31200,08:40:00,31299,08:41:39,5,10087,State St & Eagle St (10087),0,0,4,,,31633,08:47:13,,,31633,08:47:13,0,00:00:00,door not opened
07/11/2025,12,4248,Friday,Weekday,West,15649941.0,31200,08:40:00,31299,08:41:39,4,2665,State/Downtown Station - State St & Lodge St (02665),3,0,4,31500.0,08:45:00,31530,08:45:30,31500.0,08:45:00,31596,08:46:36,66,00:01:06,doors opened
07/11/2025,12,4248,Friday,Weekday,West,15649941.0,31200,08:40:00,31299,08:41:39,3,3221,State Station - N. Pearl St & Ten Eyck Plaza (03221),1,0,1,,,31461,08:44:21,,,31504,08:45:04,43,00:00:43,doors opened
07/11/2025,12,4248,Friday,Weekday,West,15649941.0,31200,08:40:00,31299,08:41:39,2,3233,N. Pearl St & Sheridan Ave (03233),0,0,0,,,31402,08:43:22,,,31402,08:43:22,0,00:00:00,door not opened
07/11/2025,12,4248,Friday,Weekday,West,15649941.0,31200,08:40:00,31299,08:41:39,1,2168,Clinton Square Station - N. Pearl St & Clinton Ave (02168),0,0,0,,,31364,08:42:44,,,31364,08:42:44,0,00:00:00,door not opened
07/11/2025,12,4248,Friday,Weekday,West,15649941.0,31200,08:40:00,31299,08:41:39,0,9018,Broadway & Orange St (09018),0,0,0,31200.0,08:40:00,31299,08:41:39,31200.0,08:40:00,31299,08:41:39,0,00:00:00,door not opened
07/11/2025,12,4248,Friday,Weekday,West,15649945.0,37200,10:20:00,37281,10:21:21,27,7175,Crossgates Mall Station (07175),0,10,0,39600.0,11:00:00,39330,10:55:30,39600.0,11:00:00,39330,10:55:30,0,00:00:00,doors opened
07/11/2025,12,4248,Friday,Weekday,West,15649945.0,37200,10:20:00,37281,10:21:21,26,12828,Crossgates Commons Station (12828),1,14,10,39180.0,10:53:00,39082,10:51:22,39180.0,10:53:00,39108,10:51:48,26,00:00:26,doors opened
07/11/2025,12,4248,Friday,Weekday,West,15649945.0,37200,10:20:00,37281,10:21:21,25,12891,1475 Washington Ave (12891),0,0,23,,,38860,10:47:40,,,38860,10:47:40,0,00:00:00,door not opened
07/11/2025,12,4248,Friday,Weekday,West,15649945.0,37200,10:20:00,37281,10:21:21,24,7216,SUNY Collins Circle (07216),0,3,23,38820.0,10:47:00,38771,10:46:11,38820.0,10:47:00,38791,10:46:31,20,00:00:20,doors opened
07/11/2025,12,4248,Friday,Weekday,West,15649945.0,37200,10:20:00,37281,10:21:21,23,3262,1383 Washington Ave (Fairfield Inn) (03262),0,2,26,,,38665,10:44:25,,,38680,10:44:40,15,00:00:15,doors opened
07/11/2025,12,4248,Friday,Weekday,West,15649945.0,37200,10:20:00,37281,10:21:21,22,976,Washington Ave & Brevator St (00976),0,0,28,,,38556,10:42:36,,,38556,10:42:36,0,00:00:00,door not opened
07/11/2025,12,4248,Friday,Weekday,West,15649945.0,37200,10:20:00,37281,10:21:21,21,1959,Washington Ave & Colvin Ave (01959),0,0,28,,,38498,10:41:38,,,38532,10:42:12,34,00:00:34,door not opened
07/11/2025,12,4248,Friday,Weekday,West,15649945.0,37200,10:20:00,37281,10:21:21,20,3399,Washington Ave & Danker Ave (03399),0,1,28,,,38461,10:41:01,,,38471,10:41:11,10,00:00:10,doors opened
07/11/2025,12,4248,Friday,Weekday,West,15649945.0,37200,10:20:00,37281,10:21:21,19,1849,Washington Ave & Homestead Ave (01849),1,0,29,,,38422,10:40:22,,,38433,10:40:33,11,00:00:11,doors opened
07/11/2025,12,4248,Friday,Weekday,West,15649945.0,37200,10:20:00,37281,10:21:21,18,1846,Washington Ave & Manning Blvd (01846),0,0,28,,,38373,10:39:33,,,38397,10:39:57,24,00:00:24,door not opened
07/11/2025,12,4248,Friday,Weekday,West,15649945.0,37200,10:20:00,37281,10:21:21,17,3287,Washington Ave & N. Allen St (03287),3,0,28,38400.0,10:40:00,38305,10:38:25,38400.0,10:40:00,38336,10:38:56,31,00:00:31,doors opened
07/11/2025,12,4248,Friday,Weekday,West,15649945.0,37200,10:20:00,37281,10:21:21,16,3264,Washington Ave & N. Main Ave (03264),0,2,25,,,38258,10:37:38,,,38275,10:37:55,17,00:00:17,doors opened
07/11/2025,12,4248,Friday,Weekday,West,15649945.0,37200,10:20:00,37281,10:21:21,15,1839,Washington Ave & Partridge St (01839),3,2,27,,,38150,10:35:50,,,38175,10:36:15,25,00:00:25,doors opened
07/11/2025,12,4248,Friday,Weekday,West,15649945.0,37200,10:20:00,37281,10:21:21,14,1841,Washington Ave & Ontario St (01841),2,0,26,38160.0,10:36:00,38093,10:34:53,38160.0,10:36:00,38119,10:35:19,26,00:00:26,doors opened
07/11/2025,12,4248,Friday,Weekday,West,15649945.0,37200,10:20:00,37281,10:21:21,13,1842,Washington Ave & Quail St (01842),2,0,24,,,38027,10:33:47,,,38064,10:34:24,37,00:00:37,doors opened
07/11/2025,12,4248,Friday,Weekday,West,15649945.0,37200,10:20:00,37281,10:21:21,12,1837,Washington Ave & N. Lake Ave (01837),2,0,22,,,37968,10:32:48,,,37993,10:33:13,25,00:00:25,doors opened
07/11/2025,12,4248,Friday,Weekday,West,15649945.0,37200,10:20:00,37281,10:21:21,11,1843,Washington Ave & Robin St (01843),1,0,20,,,37923,10:32:03,,,37939,10:32:19,16,00:00:16,doors opened
07/11/2025,12,4248,Friday,Weekday,West,15649945.0,37200,10:20:00,37281,10:21:21,10,12943,Washington Ave & Lexington Ave (12943),1,0,19,,,37876,10:31:16,,,37890,10:31:30,14,00:00:14,doors opened
07/11/2025,12,4248,Friday,Weekday,West,15649945.0,37200,10:20:00,37281,10:21:21,9,12942,Washington Ave & Henry Johnson Blvd (12942),1,0,18,,,37804,10:30:04,,,37818,10:30:18,14,00:00:14,doors opened
07/11/2025,12,4248,Friday,Weekday,West,15649945.0,37200,10:20:00,37281,10:21:21,8,3239,Lark/Library Station - Washington Ave & Lark St (03239),10,6,17,37740.0,10:29:00,37628,10:27:08,37740.0,10:29:00,37737,10:28:57,109,00:01:49,doors opened
07/11/2025,12,4248,Friday,Weekday,West,15649945.0,37200,10:20:00,37281,10:21:21,7,3301,Washington Ave & S. Swan St (03301),0,0,13,,,37586,10:26:26,,,37586,10:26:26,0,00:00:00,door not opened
07/11/2025,12,4248,Friday,Weekday,West,15649945.0,37200,10:20:00,37281,10:21:21,6,3250,Hawk/Capitol Station - Washington Ave & Hawk St (03250),1,0,13,,,37533,10:25:33,,,37551,10:25:51,18,00:00:18,doors opened
07/11/2025,12,4248,Friday,Weekday,West,15649945.0,37200,10:20:00,37281,10:21:21,5,10087,State St & Eagle St (10087),0,0,12,,,37507,10:25:07,,,37507,10:25:07,0,00:00:00,door not opened
07/11/2025,12,4248,Friday,Weekday,West,15649945.0,37200,10:20:00,37281,10:21:21,4,2665,State/Downtown Station - State St & Lodge St (02665),8,0,12,37440.0,10:24:00,37432,10:23:52,37440.0,10:24:00,37478,10:24:38,46,00:00:46,doors opened
07/11/2025,12,4248,Friday,Weekday,West,15649945.0,37200,10:20:00,37281,10:21:21,3,3221,State Station - N. Pearl St & Ten Eyck Plaza (03221),2,0,4,,,37369,10:22:49,,,37398,10:23:18,29,00:00:29,doors opened
07/11/2025,12,4248,Friday,Weekday,West,15649945.0,37200,10:20:00,37281,10:21:21,2,3233,N. Pearl St & Sheridan Ave (03233),0,0,2,,,37334,10:22:14,,,37334,10:22:14,0,00:00:00,door not opened
07/11/2025,12,4248,Friday,Weekday,West,15649945.0,37200,10:20:00,37281,10:21:21,1,2168,Clinton Square Station - N. Pearl St & Clinton Ave (02168),2,0,2,,,37294,10:21:34,,,37318,10:21:58,24,00:00:24,doors opened
07/11/2025,12,4248,Friday,Weekday,West,15649945.0,37200,10:20:00,37281,10:21:21,0,9018,Broadway & Orange St (09018),0,0,0,37200.0,10:20:00,37281,10:21:21,37200.0,10:20:00,37281,10:21:21,0,00:00:00,door not opened
07/11/2025,12,4248,Friday,Weekday,East,15649950.0,45300,12:35:00,45693,12:41:33,23,2509,State/Downtown Station - State St & S. Pearl St (02509),2,10,0,47280.0,13:08:00,47427,13:10:27,47280.0,13:08:00,47427,13:10:27,0,00:00:00,doors opened
07/11/2025,12,4248,Friday,Weekday,East,15649950.0,45300,12:35:00,45693,12:41:33,22,1787,State St & Eagle St (01787),0,0,8,,,47409,13:10:09,,,47409,13:10:09,0,00:00:00,door not opened
07/11/2025,12,4248,Friday,Weekday,East,15649950.0,45300,12:35:00,45693,12:41:33,21,2706,Hawk/Capitol Station - Washington Ave & Hawk St (02706),0,1,8,,,47336,13:08:56,,,47347,13:09:07,11,00:00:11,doors opened
07/11/2025,12,4248,Friday,Weekday,East,15649950.0,45300,12:35:00,45693,12:41:33,20,1789,Washington Ave & S. Swan St (01789),0,3,9,,,47244,13:07:24,,,47312,13:08:32,68,00:01:08,doors opened
07/11/2025,12,4248,Friday,Weekday,East,15649950.0,45300,12:35:00,45693,12:41:33,19,1788,Washington Ave & Dove St (01788),0,0,12,,,47218,13:06:58,,,47218,13:06:58,0,00:00:00,door not opened
07/11/2025,12,4248,Friday,Weekday,East,15649950.0,45300,12:35:00,45693,12:41:33,18,2663,Lark/Library Station - Washington Ave & Lark St (02663),0,0,12,46980.0,13:03:00,47194,13:06:34,46980.0,13:03:00,47194,13:06:34,0,00:00:00,door not opened
07/11/2025,12,4248,Friday,Weekday,East,15649950.0,45300,12:35:00,45693,12:41:33,17,263,Washington Ave & Henry Johnson Blvd (00263),0,0,12,,,47109,13:05:09,,,47148,13:05:48,39,00:00:39,door not opened
07/11/2025,12,4248,Friday,Weekday,East,15649950.0,45300,12:35:00,45693,12:41:33,16,2096,Washington Ave & Lexington Ave (02096),0,1,12,,,47007,13:03:27,,,47078,13:04:38,71,00:01:11,doors opened
07/11/2025,12,4248,Friday,Weekday,East,15649950.0,45300,12:35:00,45693,12:41:33,15,3253,Washington Ave & Robin St (Draper Hall) (03253),0,3,13,,,46955,13:02:35,,,46984,13:03:04,29,00:00:29,doors opened
07/11/2025,12,4248,Friday,Weekday,East,15649950.0,45300,12:35:00,45693,12:41:33,14,2109,Washington Ave & N. Lake Ave (02109),0,5,16,,,46908,13:01:48,,,46933,13:02:13,25,00:00:25,doors opened
07/11/2025,12,4248,Friday,Weekday,East,15649950.0,45300,12:35:00,45693,12:41:33,13,3255,Washington Ave & Quail St (03255),1,1,21,,,46843,13:00:43,,,46879,13:01:19,36,00:00:36,doors opened
07/11/2025,12,4248,Friday,Weekday,East,15649950.0,45300,12:35:00,45693,12:41:33,12,3256,Washington Ave & Ontario St (03256),2,1,21,46560.0,12:56:00,46803,13:00:03,46560.0,12:56:00,46821,13:00:21,18,00:00:18,doors opened
07/11/2025,12,4248,Friday,Weekday,East,15649950.0,45300,12:35:00,45693,12:41:33,11,2107,Washington Ave & Partridge St (02107),1,1,20,,,46756,12:59:16,,,46778,12:59:38,22,00:00:22,doors opened
07/11/2025,12,4248,Friday,Weekday,East,15649950.0,45300,12:35:00,45693,12:41:33,10,3257,Washington Ave & N. Main Ave (03257),2,2,20,,,46645,12:57:25,,,46668,12:57:48,23,00:00:23,doors opened
07/11/2025,12,4248,Friday,Weekday,East,15649950.0,45300,12:35:00,45693,12:41:33,9,1796,Washington Ave & N. Allen St (01796),1,3,20,46380.0,12:53:00,46595,12:56:35,46380.0,12:53:00,46612,12:56:52,17,00:00:17,doors opened
07/11/2025,12,4248,Friday,Weekday,East,15649950.0,45300,12:35:00,45693,12:41:33,8,11581,Washington Ave & Manning Blvd (11581),1,0,22,,,46553,12:55:53,,,46563,12:56:03,10,00:00:10,doors opened
07/11/2025,12,4248,Friday,Weekday,East,15649950.0,45300,12:35:00,45693,12:41:33,7,2180,Washington Ave & Homestead Ave (02180),3,1,21,,,46508,12:55:08,,,46528,12:55:28,20,00:00:20,doors opened
07/11/2025,12,4248,Friday,Weekday,East,15649950.0,45300,12:35:00,45693,12:41:33,6,2182,Washington Ave & Hawthorne St (02182),0,0,19,,,46486,12:54:46,,,46486,12:54:46,0,00:00:00,door not opened
07/11/2025,12,4248,Friday,Weekday,East,15649950.0,45300,12:35:00,45693,12:41:33,5,3304,Washington Ave & Clermont St (03304),1,0,19,,,46437,12:53:57,,,46466,12:54:26,29,00:00:29,doors opened
07/11/2025,12,4248,Friday,Weekday,East,15649950.0,45300,12:35:00,45693,12:41:33,4,3348,Washington Ave & Brevator St (03348),1,0,18,,,46399,12:53:19,,,46412,12:53:32,13,00:00:13,doors opened
07/11/2025,12,4248,Friday,Weekday,East,15649950.0,45300,12:35:00,45693,12:41:33,3,10134,Washington Ave & SUNY Exit Rd (10134),2,0,17,,,46247,12:50:47,,,46281,12:51:21,34,00:00:34,doors opened
07/11/2025,12,4248,Friday,Weekday,East,15649950.0,45300,12:35:00,45693,12:41:33,2,7216,SUNY Collins Circle (07216),1,2,15,45900.0,12:45:00,46122,12:48:42,45900.0,12:45:00,46143,12:49:03,21,00:00:21,doors opened
07/11/2025,12,4248,Friday,Weekday,East,15649950.0,45300,12:35:00,45693,12:41:33,1,12827,Crossgates Commons Station (12827),7,1,16,45600.0,12:40:00,45856,12:44:16,45600.0,12:40:00,45905,12:45:05,49,00:00:49,doors opened
07/11/2025,12,4248,Friday,Weekday,East,15649950.0,45300,12:35:00,45693,12:41:33,0,7175,Crossgates Mall Station (07175),10,0,10,45300.0,12:35:00,45693,12:41:33,45300.0,12:35:00,45693,12:41:33,0,00:00:00,doors opened
07/11/2025,12,6012,Friday,Weekday,East,15649564.0,25800,07:10:00,25882,07:11:22,24,3940,Broadway & Steuben St (03940),0,3,0,27960.0,07:46:00,28165,07:49:25,27960.0,07:46:00,28165,07:49:25,0,00:00:00,doors opened
07/11/2025,12,6012,Friday,Weekday,East,15649564.0,25800,07:10:00,25882,07:11:22,23,2509,State/Downtown Station - State St & S. Pearl St (02509),0,5,3,27780.0,07:43:00,28043,07:47:23,27780.0,07:43:00,28067,07:47:47,24,00:00:24,doors opened
07/11/2025,12,6012,Friday,Weekday,East,15649564.0,25800,07:10:00,25882,07:11:22,22,1787,State St & Eagle St (01787),0,0,8,,,27994,07:46:34,,,27994,07:46:34,0,00:00:00,door not opened
07/11/2025,12,6012,Friday,Weekday,East,15649564.0,25800,07:10:00,25882,07:11:22,21,2706,Hawk/Capitol Station - Washington Ave & Hawk St (02706),0,3,8,,,27927,07:45:27,,,27942,07:45:42,15,00:00:15,doors opened
07/11/2025,12,6012,Friday,Weekday,East,15649564.0,25800,07:10:00,25882,07:11:22,20,1789,Washington Ave & S. Swan St (01789),0,3,11,,,27853,07:44:13,,,27900,07:45:00,47,00:00:47,doors opened
07/11/2025,12,6012,Friday,Weekday,East,15649564.0,25800,07:10:00,25882,07:11:22,19,1788,Washington Ave & Dove St (01788),0,0,14,,,27805,07:43:25,,,27826,07:43:46,21,00:00:21,doors opened
07/11/2025,12,6012,Friday,Weekday,East,15649564.0,25800,07:10:00,25882,07:11:22,18,2663,Lark/Library Station - Washington Ave & Lark St (02663),0,2,14,27420.0,07:37:00,27728,07:42:08,27420.0,07:37:00,27773,07:42:53,45,00:00:45,doors opened
07/11/2025,12,6012,Friday,Weekday,East,15649564.0,25800,07:10:00,25882,07:11:22,17,263,Washington Ave & Henry Johnson Blvd (00263),0,0,16,,,27666,07:41:06,,,27699,07:41:39,33,00:00:33,doors opened
07/11/2025,12,6012,Friday,Weekday,East,15649564.0,25800,07:10:00,25882,07:11:22,16,2096,Washington Ave & Lexington Ave (02096),0,0,16,,,27596,07:39:56,,,27596,07:39:56,0,00:00:00,door not opened
07/11/2025,12,6012,Friday,Weekday,East,15649564.0,25800,07:10:00,25882,07:11:22,15,3253,Washington Ave & Robin St (Draper Hall) (03253),2,0,16,,,27523,07:38:43,,,27550,07:39:10,27,00:00:27,doors opened
07/11/2025,12,6012,Friday,Weekday,East,15649564.0,25800,07:10:00,25882,07:11:22,14,2109,Washington Ave & N. Lake Ave (02109),1,3,14,,,27458,07:37:38,,,27501,07:38:21,43,00:00:43,doors opened
07/11/2025,12,6012,Friday,Weekday,East,15649564.0,25800,07:10:00,25882,07:11:22,13,3255,Washington Ave & Quail St (03255),1,5,16,,,27410,07:36:50,,,27433,07:37:13,23,00:00:23,doors opened
07/11/2025,12,6012,Friday,Weekday,East,15649564.0,25800,07:10:00,25882,07:11:22,12,3256,Washington Ave & Ontario St (03256),1,0,20,27060.0,07:31:00,27356,07:35:56,27060.0,07:31:00,27385,07:36:25,29,00:00:29,doors opened
07/11/2025,12,6012,Friday,Weekday,East,15649564.0,25800,07:10:00,25882,07:11:22,11,2107,Washington Ave & Partridge St (02107),2,3,19,,,27292,07:34:52,,,27332,07:35:32,40,00:00:40,doors opened
07/11/2025,12,6012,Friday,Weekday,East,15649564.0,25800,07:10:00,25882,07:11:22,10,3257,Washington Ave & N. Main Ave (03257),0,0,20,,,27234,07:33:54,,,27234,07:33:54,0,00:00:00,door not opened
07/11/2025,12,6012,Friday,Weekday,East,15649564.0,25800,07:10:00,25882,07:11:22,9,1796,Washington Ave & N. Allen St (01796),1,1,20,26880.0,07:28:00,27130,07:32:10,26880.0,07:28:00,27162,07:32:42,32,00:00:32,doors opened
07/11/2025,12,6012,Friday,Weekday,East,15649564.0,25800,07:10:00,25882,07:11:22,8,11581,Washington Ave & Manning Blvd (11581),1,0,20,,,27083,07:31:23,,,27101,07:31:41,18,00:00:18,doors opened
07/11/2025,12,6012,Friday,Weekday,East,15649564.0,25800,07:10:00,25882,07:11:22,7,2180,Washington Ave & Homestead Ave (02180),1,0,19,,,27046,07:30:46,,,27059,07:30:59,13,00:00:13,doors opened
07/11/2025,12,6012,Friday,Weekday,East,15649564.0,25800,07:10:00,25882,07:11:22,6,2182,Washington Ave & Hawthorne St (02182),3,0,18,,,26991,07:29:51,,,27019,07:30:19,28,00:00:28,doors opened
07/11/2025,12,6012,Friday,Weekday,East,15649564.0,25800,07:10:00,25882,07:11:22,5,3304,Washington Ave & Clermont St (03304),2,0,15,,,26933,07:28:53,,,26949,07:29:09,16,00:00:16,doors opened
07/11/2025,12,6012,Friday,Weekday,East,15649564.0,25800,07:10:00,25882,07:11:22,4,3348,Washington Ave & Brevator St (03348),0,0,13,,,26920,07:28:40,,,26920,07:28:40,0,00:00:00,door not opened
07/11/2025,12,6012,Friday,Weekday,East,15649564.0,25800,07:10:00,25882,07:11:22,3,10134,Washington Ave & SUNY Exit Rd (10134),7,1,13,,,26722,07:25:22,,,26770,07:26:10,48,00:00:48,doors opened
07/11/2025,12,6012,Friday,Weekday,East,15649564.0,25800,07:10:00,25882,07:11:22,2,7216,SUNY Collins Circle (07216),1,0,7,26400.0,07:20:00,26601,07:23:21,26400.0,07:20:00,26613,07:23:33,12,00:00:12,doors opened
07/11/2025,12,6012,Friday,Weekday,East,15649564.0,25800,07:10:00,25882,07:11:22,1,12827,Crossgates Commons Station (12827),6,1,6,26100.0,07:15:00,26198,07:16:38,26100.0,07:15:00,26268,07:17:48,70,00:01:10,doors opened
07/11/2025,12,6012,Friday,Weekday,East,15649564.0,25800,07:10:00,25882,07:11:22,0,7175,Crossgates Mall Station (07175),1,0,1,25800.0,07:10:00,25882,07:11:22,25800.0,07:10:00,25882,07:11:22,0,00:00:00,doors opened
07/11/2025,12,6012,Friday,Weekday,East,15649567.0,30900,08:35:00,31003,08:36:43,24,3940,Broadway & Steuben St (03940),0,0,0,33120.0,09:12:00,33132,09:12:12,33120.0,09:12:00,33132,09:12:12,0,00:00:00,door not opened
07/11/2025,12,6012,Friday,Weekday,East,15649567.0,30900,08:35:00,31003,08:36:43,23,2509,State/Downtown Station - State St & S. Pearl St (02509),0,0,0,32940.0,09:09:00,32966,09:09:26,32940.0,09:09:00,32994,09:09:54,28,00:00:28,doors opened
07/11/2025,12,6012,Friday,Weekday,East,15649567.0,30900,08:35:00,31003,08:36:43,22,1787,State St & Eagle St (01787),0,0,0,,,32949,09:09:09,,,32949,09:09:09,0,00:00:00,door not opened
07/11/2025,12,6012,Friday,Weekday,East,15649567.0,30900,08:35:00,31003,08:36:43,21,2706,Hawk/Capitol Station - Washington Ave & Hawk St (02706),0,0,0,,,32868,09:07:48,,,32868,09:07:48,0,00:00:00,door not opened
07/11/2025,12,6012,Friday,Weekday,East,15649567.0,30900,08:35:00,31003,08:36:43,20,1789,Washington Ave & S. Swan St (01789),0,4,0,,,32782,09:06:22,,,32817,09:06:57,35,00:00:35,doors opened
07/11/2025,12,6012,Friday,Weekday,East,15649567.0,30900,08:35:00,31003,08:36:43,19,1788,Washington Ave & Dove St (01788),0,0,4,,,32735,09:05:35,,,32754,09:05:54,19,00:00:19,doors opened
07/11/2025,12,6012,Friday,Weekday,East,15649567.0,30900,08:35:00,31003,08:36:43,18,2663,Lark/Library Station - Washington Ave & Lark St (02663),0,0,4,32520.0,09:02:00,32712,09:05:12,32520.0,09:02:00,32712,09:05:12,0,00:00:00,door not opened
07/11/2025,12,6012,Friday,Weekday,East,15649567.0,30900,08:35:00,31003,08:36:43,17,263,Washington Ave & Henry Johnson Blvd (00263),0,1,4,,,32614,09:03:34,,,32633,09:03:53,19,00:00:19,doors opened
07/11/2025,12,6012,Friday,Weekday,East,15649567.0,30900,08:35:00,31003,08:36:43,16,2096,Washington Ave & Lexington Ave (02096),0,0,5,,,32580,09:03:00,,,32580,09:03:00,0,00:00:00,door not opened
07/11/2025,12,6012,Friday,Weekday,East,15649567.0,30900,08:35:00,31003,08:36:43,15,3253,Washington Ave & Robin St (Draper Hall) (03253),0,0,5,,,32539,09:02:19,,,32539,09:02:19,0,00:00:00,door not opened
07/11/2025,12,6012,Friday,Weekday,East,15649567.0,30900,08:35:00,31003,08:36:43,14,2109,Washington Ave & N. Lake Ave (02109),2,0,5,,,32472,09:01:12,,,32492,09:01:32,20,00:00:20,doors opened
07/11/2025,12,6012,Friday,Weekday,East,15649567.0,30900,08:35:00,31003,08:36:43,13,3255,Washington Ave & Quail St (03255),1,0,3,,,32428,09:00:28,,,32442,09:00:42,14,00:00:14,doors opened
07/11/2025,12,6012,Friday,Weekday,East,15649567.0,30900,08:35:00,31003,08:36:43,12,3256,Washington Ave & Ontario St (03256),0,0,2,32100.0,08:55:00,32411,09:00:11,32100.0,08:55:00,32411,09:00:11,0,00:00:00,door not opened
07/11/2025,12,6012,Friday,Weekday,East,15649567.0,30900,08:35:00,31003,08:36:43,11,2107,Washington Ave & Partridge St (02107),0,0,2,,,32386,08:59:46,,,32386,08:59:46,0,00:00:00,door not opened
07/11/2025,12,6012,Friday,Weekday,East,15649567.0,30900,08:35:00,31003,08:36:43,10,3257,Washington Ave & N. Main Ave (03257),1,0,2,,,32238,08:57:18,,,32273,08:57:53,35,00:00:35,doors opened
07/11/2025,12,6012,Friday,Weekday,East,15649567.0,30900,08:35:00,31003,08:36:43,9,1796,Washington Ave & N. Allen St (01796),0,1,1,31980.0,08:53:00,32177,08:56:17,31980.0,08:53:00,32197,08:56:37,20,00:00:20,doors opened
07/11/2025,12,6012,Friday,Weekday,East,15649567.0,30900,08:35:00,31003,08:36:43,8,11581,Washington Ave & Manning Blvd (11581),0,1,2,,,32105,08:55:05,,,32138,08:55:38,33,00:00:33,doors opened
07/11/2025,12,6012,Friday,Weekday,East,15649567.0,30900,08:35:00,31003,08:36:43,7,2180,Washington Ave & Homestead Ave (02180),0,0,3,,,32081,08:54:41,,,32081,08:54:41,0,00:00:00,door not opened
07/11/2025,12,6012,Friday,Weekday,East,15649567.0,30900,08:35:00,31003,08:36:43,6,2182,Washington Ave & Hawthorne St (02182),0,0,3,,,32056,08:54:16,,,32056,08:54:16,0,00:00:00,door not opened
07/11/2025,12,6012,Friday,Weekday,East,15649567.0,30900,08:35:00,31003,08:36:43,5,3304,Washington Ave & Clermont St (03304),0,1,3,,,32010,08:53:30,,,32023,08:53:43,13,00:00:13,doors opened
07/11/2025,12,6012,Friday,Weekday,East,15649567.0,30900,08:35:00,31003,08:36:43,4,3348,Washington Ave & Brevator St (03348),0,0,4,,,31990,08:53:10,,,31990,08:53:10,0,00:00:00,door not opened
07/11/2025,12,6012,Friday,Weekday,East,15649567.0,30900,08:35:00,31003,08:36:43,3,10134,Washington Ave & SUNY Exit Rd (10134),1,0,4,,,31798,08:49:58,,,31860,08:51:00,62,00:01:02,doors opened
07/11/2025,12,6012,Friday,Weekday,East,15649567.0,30900,08:35:00,31003,08:36:43,2,7216,SUNY Collins Circle (07216),0,1,3,31500.0,08:45:00,31623,08:47:03,31500.0,08:45:00,31641,08:47:21,18,00:00:18,doors opened
07/11/2025,12,6012,Friday,Weekday,East,15649567.0,30900,08:35:00,31003,08:36:43,1,12827,Crossgates Commons Station (12827),3,2,4,31200.0,08:40:00,31313,08:41:53,31200.0,08:40:00,31355,08:42:35,42,00:00:42,doors opened
07/11/2025,12,6012,Friday,Weekday,East,15649567.0,30900,08:35:00,31003,08:36:43,0,7175,Crossgates Mall Station (07175),3,0,3,30900.0,08:35:00,31003,08:36:43,30900.0,08:35:00,31003,08:36:43,0,00:00:00,doors opened
07/11/2025,12,6013,Friday,Weekday,East,15652608.0,54900,15:15:00,54898,15:14:58,22,3940,Broadway & Steuben St (03940),0,2,0,57240.0,15:54:00,57182,15:53:02,57240.0,15:54:00,57182,15:53:02,0,00:00:00,doors opened
07/11/2025,12,6013,Friday,Weekday,East,15652608.0,54900,15:15:00,54898,15:14:58,21,2509,State/Downtown Station - State St & S. Pearl St (02509),0,6,2,57060.0,15:51:00,57002,15:50:02,57060.0,15:51:00,57040,15:50:40,38,00:00:38,doors opened
07/11/2025,12,6013,Friday,Weekday,East,15652608.0,54900,15:15:00,54898,15:14:58,20,1787,State St & Eagle St (01787),0,0,8,,,56952,15:49:12,,,56952,15:49:12,0,00:00:00,door not opened
07/11/2025,12,6013,Friday,Weekday,East,15652608.0,54900,15:15:00,54898,15:14:58,19,2706,Hawk/Capitol Station - Washington Ave & Hawk St (02706),0,0,8,,,56843,15:47:23,,,56908,15:48:28,65,00:01:05,doors opened
07/11/2025,12,6013,Friday,Weekday,East,15652608.0,54900,15:15:00,54898,15:14:58,18,1789,Washington Ave & S. Swan St (01789),0,0,8,,,56765,15:46:05,,,56819,15:46:59,54,00:00:54,doors opened
07/11/2025,12,6013,Friday,Weekday,East,15652608.0,54900,15:15:00,54898,15:14:58,17,1788,Washington Ave & Dove St (01788),0,0,8,,,56743,15:45:43,,,56743,15:45:43,0,00:00:00,door not opened
07/11/2025,12,6013,Friday,Weekday,East,15652608.0,54900,15:15:00,54898,15:14:58,3,10134,Washington Ave & SUNY Exit Rd (10134),1,0,21,,,55783,15:29:43,,,55802,15:30:02,19,00:00:19,doors opened
07/11/2025,12,6013,Friday,Weekday,East,15652608.0,54900,15:15:00,54898,15:14:58,2,7216,SUNY Collins Circle (07216),3,0,20,55560.0,15:26:00,55620,15:27:00,55560.0,15:26:00,55653,15:27:33,33,00:00:33,doors opened
07/11/2025,12,6013,Friday,Weekday,East,15652608.0,54900,15:15:00,54898,15:14:58,1,12827,Crossgates Commons Station (12827),9,1,17,55260.0,15:21:00,55217,15:20:17,55260.0,15:21:00,55370,15:22:50,153,00:02:33,doors opened
07/11/2025,12,6013,Friday,Weekday,East,15652608.0,54900,15:15:00,54898,15:14:58,0,7175,Crossgates Mall Station (07175),9,0,9,54900.0,15:15:00,54898,15:14:58,54900.0,15:15:00,54898,15:14:58,0,00:00:00,doors opened
07/11/2025,12,6013,Friday,Weekday,East,15652608.0,54900,15:15:00,54898,15:14:58,16,2663,Lark/Library Station - Washington Ave & Lark St (02663),1,0,8,56760.0,15:46:00,56686,15:44:46,56760.0,15:46:00,56709,15:45:09,23,00:00:23,doors opened
07/11/2025,12,6013,Friday,Weekday,East,15652608.0,54900,15:15:00,54898,15:14:58,15,263,Washington Ave & Henry Johnson Blvd (00263),0,3,7,,,56624,15:43:44,,,56650,15:44:10,26,00:00:26,doors opened
07/11/2025,12,6013,Friday,Weekday,East,15652608.0,54900,15:15:00,54898,15:14:58,14,2096,Washington Ave & Lexington Ave (02096),0,0,10,,,56595,15:43:15,,,56595,15:43:15,0,00:00:00,door not opened
07/11/2025,12,6013,Friday,Weekday,East,15652608.0,54900,15:15:00,54898,15:14:58,13,3253,Washington Ave & Robin St (Draper Hall) (03253),0,0,10,,,56550,15:42:30,,,56550,15:42:30,0,00:00:00,door not opened
07/11/2025,12,6013,Friday,Weekday,East,15652608.0,54900,15:15:00,54898,15:14:58,12,2109,Washington Ave & N. Lake Ave (02109),0,0,10,,,56483,15:41:23,,,56500,15:41:40,17,00:00:17,doors opened
07/11/2025,12,6013,Friday,Weekday,East,15652608.0,54900,15:15:00,54898,15:14:58,11,3256,Washington Ave & Ontario St (03256),0,8,10,56340.0,15:39:00,56368,15:39:28,56340.0,15:39:00,56386,15:39:46,18,00:00:18,doors opened
07/11/2025,12,6013,Friday,Weekday,East,15652608.0,54900,15:15:00,54898,15:14:58,10,3257,Washington Ave & N. Main Ave (03257),1,2,18,,,56225,15:37:05,,,56265,15:37:45,40,00:00:40,doors opened
07/11/2025,12,6013,Friday,Weekday,East,15652608.0,54900,15:15:00,54898,15:14:58,9,1796,Washington Ave & N. Allen St (01796),0,0,19,56100.0,15:35:00,56195,15:36:35,56100.0,15:35:00,56195,15:36:35,0,00:00:00,door not opened
07/11/2025,12,6013,Friday,Weekday,East,15652608.0,54900,15:15:00,54898,15:14:58,8,11581,Washington Ave & Manning Blvd (11581),0,0,19,,,56130,15:35:30,,,56160,15:36:00,30,00:00:30,doors opened
07/11/2025,12,6013,Friday,Weekday,East,15652608.0,54900,15:15:00,54898,15:14:58,7,2180,Washington Ave & Homestead Ave (02180),0,0,19,,,56078,15:34:38,,,56107,15:35:07,29,00:00:29,doors opened
07/11/2025,12,6013,Friday,Weekday,East,15652608.0,54900,15:15:00,54898,15:14:58,6,2182,Washington Ave & Hawthorne St (02182),0,0,19,,,56035,15:33:55,,,56050,15:34:10,15,00:00:15,doors opened
07/11/2025,12,6013,Friday,Weekday,East,15652608.0,54900,15:15:00,54898,15:14:58,5,3304,Washington Ave & Clermont St (03304),1,0,19,,,55982,15:33:02,,,56002,15:33:22,20,00:00:20,doors opened
07/11/2025,12,6013,Friday,Weekday,East,15652608.0,54900,15:15:00,54898,15:14:58,4,3348,Washington Ave & Brevator St (03348),0,3,18,,,55940,15:32:20,,,55959,15:32:39,19,00:00:19,doors opened
07/11/2025,12,6013,Friday,Weekday,West,15652610.0,57600,16:00:00,57723,16:02:03,4,2665,State/Downtown Station - State St & Lodge St (02665),7,3,11,57900.0,16:05:00,58038,16:07:18,57900.0,16:05:00,58117,16:08:37,79,00:01:19,doors opened
07/11/2025,12,6013,Friday,Weekday,West,15652610.0,57600,16:00:00,57723,16:02:03,3,3221,State Station - N. Pearl St & Ten Eyck Plaza (03221),5,0,7,,,57901,16:05:01,,,58012,16:06:52,111,00:01:51,doors opened
07/11/2025,12,6013,Friday,Weekday,West,15652610.0,57600,16:00:00,57723,16:02:03,2,3233,N. Pearl St & Sheridan Ave (03233),0,0,2,,,57829,16:03:49,,,57829,16:03:49,0,00:00:00,door not opened
07/11/2025,12,6013,Friday,Weekday,West,15652610.0,57600,16:00:00,57723,16:02:03,1,2168,Clinton Square Station - N. Pearl St & Clinton Ave (02168),0,0,2,,,57800,16:03:20,,,57800,16:03:20,0,00:00:00,door not opened
07/11/2025,12,6013,Friday,Weekday,West,15652610.0,57600,16:00:00,57723,16:02:03,0,9018,Broadway & Orange St (09018),2,0,2,57600.0,16:00:00,57723,16:02:03,57600.0,16:00:00,57723,16:02:03,0,00:00:00,doors opened
07/11/2025,12,6013,Friday,Weekday,West,15652610.0,57600,16:00:00,57723,16:02:03,26,7175,Crossgates Mall Station (07175),0,6,0,60300.0,16:45:00,60380,16:46:20,60300.0,16:45:00,60380,16:46:20,0,00:00:00,doors opened
07/11/2025,12,6013,Friday,Weekday,West,15652610.0,57600,16:00:00,57723,16:02:03,25,12828,Crossgates Commons Station (12828),0,8,6,59880.0,16:38:00,60112,16:41:52,59880.0,16:38:00,60139,16:42:19,27,00:00:27,doors opened
07/11/2025,12,6013,Friday,Weekday,West,15652610.0,57600,16:00:00,57723,16:02:03,24,12891,1475 Washington Ave (12891),0,0,14,,,59874,16:37:54,,,59874,16:37:54,0,00:00:00,door not opened
07/11/2025,12,6013,Friday,Weekday,West,15652610.0,57600,16:00:00,57723,16:02:03,23,7216,SUNY Collins Circle (07216),1,3,14,59460.0,16:31:00,59630,16:33:50,59460.0,16:31:00,59654,16:34:14,24,00:00:24,doors opened
07/11/2025,12,6013,Friday,Weekday,West,15652610.0,57600,16:00:00,57723,16:02:03,22,3262,1383 Washington Ave (Fairfield Inn) (03262),0,3,16,,,59485,16:31:25,,,59531,16:32:11,46,00:00:46,doors opened
07/11/2025,12,6013,Friday,Weekday,West,15652610.0,57600,16:00:00,57723,16:02:03,21,976,Washington Ave & Brevator St (00976),1,0,19,,,59339,16:28:59,,,59360,16:29:20,21,00:00:21,doors opened
07/11/2025,12,6013,Friday,Weekday,West,15652610.0,57600,16:00:00,57723,16:02:03,20,1959,Washington Ave & Colvin Ave (01959),1,0,18,,,59287,16:28:07,,,59317,16:28:37,30,00:00:30,doors opened
07/11/2025,12,6013,Friday,Weekday,West,15652610.0,57600,16:00:00,57723,16:02:03,19,3399,Washington Ave & Danker Ave (03399),0,3,17,,,59223,16:27:03,,,59263,16:27:43,40,00:00:40,doors opened
07/11/2025,12,6013,Friday,Weekday,West,15652610.0,57600,16:00:00,57723,16:02:03,18,1849,Washington Ave & Homestead Ave (01849),0,3,20,,,59181,16:26:21,,,59200,16:26:40,19,00:00:19,doors opened
07/11/2025,12,6013,Friday,Weekday,West,15652610.0,57600,16:00:00,57723,16:02:03,17,1846,Washington Ave & Manning Blvd (01846),1,0,23,,,59107,16:25:07,,,59160,16:26:00,53,00:00:53,doors opened
07/11/2025,12,6013,Friday,Weekday,West,15652610.0,57600,16:00:00,57723,16:02:03,16,3287,Washington Ave & N. Allen St (03287),1,0,22,58980.0,16:23:00,59058,16:24:18,58980.0,16:23:00,59078,16:24:38,20,00:00:20,doors opened
07/11/2025,12,6013,Friday,Weekday,West,15652610.0,57600,16:00:00,57723,16:02:03,15,3264,Washington Ave & N. Main Ave (03264),1,0,21,,,58976,16:22:56,,,59024,16:23:44,48,00:00:48,doors opened
07/11/2025,12,6013,Friday,Weekday,West,15652610.0,57600,16:00:00,57723,16:02:03,14,1839,Washington Ave & Partridge St (01839),1,3,20,,,58871,16:21:11,,,58891,16:21:31,20,00:00:20,doors opened
07/11/2025,12,6013,Friday,Weekday,West,15652610.0,57600,16:00:00,57723,16:02:03,13,1841,Washington Ave & Ontario St (01841),1,1,22,58680.0,16:18:00,58818,16:20:18,58680.0,16:18:00,58844,16:20:44,26,00:00:26,doors opened
07/11/2025,12,6013,Friday,Weekday,West,15652610.0,57600,16:00:00,57723,16:02:03,12,1837,Washington Ave & N. Lake Ave (01837),1,0,22,,,58706,16:18:26,,,58718,16:18:38,12,00:00:12,doors opened
07/11/2025,12,6013,Friday,Weekday,West,15652610.0,57600,16:00:00,57723,16:02:03,11,1843,Washington Ave & Robin St (01843),1,0,21,,,58664,16:17:44,,,58679,16:17:59,15,00:00:15,doors opened
07/11/2025,12,6013,Friday,Weekday,West,15652610.0,57600,16:00:00,57723,16:02:03,10,12943,Washington Ave & Lexington Ave (12943),0,2,20,,,58620,16:17:00,,,58635,16:17:15,15,00:00:15,doors opened
07/11/2025,12,6013,Friday,Weekday,West,15652610.0,57600,16:00:00,57723,16:02:03,9,12942,Washington Ave & Henry Johnson Blvd (12942),3,1,22,,,58553,16:15:53,,,58586,16:16:26,33,00:00:33,doors opened
07/11/2025,12,6013,Friday,Weekday,West,15652610.0,57600,16:00:00,57723,16:02:03,8,3239,Lark/Library Station - Washington Ave & Lark St (03239),0,0,20,58260.0,16:11:00,58426,16:13:46,58260.0,16:11:00,58452,16:14:12,26,00:00:26,doors opened
07/11/2025,12,6013,Friday,Weekday,West,15652610.0,57600,16:00:00,57723,16:02:03,7,3301,Washington Ave & S. Swan St (03301),8,0,20,,,58313,16:11:53,,,58389,16:13:09,76,00:01:16,doors opened
07/11/2025,12,6013,Friday,Weekday,West,15652610.0,57600,16:00:00,57723,16:02:03,6,3250,Hawk/Capitol Station - Washington Ave & Hawk St (03250),1,0,12,,,58246,16:10:46,,,58284,16:11:24,38,00:00:38,doors opened
07/11/2025,12,6013,Friday,Weekday,West,15652610.0,57600,16:00:00,57723,16:02:03,5,10087,State St & Eagle St (10087),0,0,11,,,58220,16:10:20,,,58220,16:10:20,0,00:00:00,door not opened
07/11/2025,12,6013,Friday,Weekday,East,15652611.0,60900,16:55:00,60906,16:55:06,24,3940,Broadway & Steuben St (03940),0,0,0,63240.0,17:34:00,63124,17:32:04,63240.0,17:34:00,63124,17:32:04,0,00:00:00,door not opened
07/11/2025,12,6013,Friday,Weekday,East,15652611.0,60900,16:55:00,60906,16:55:06,23,2509,State/Downtown Station - State St & S. Pearl St (02509),0,3,0,63060.0,17:31:00,62933,17:28:53,63060.0,17:31:00,63007,17:30:07,74,00:01:14,doors opened
07/11/2025,12,6013,Friday,Weekday,East,15652611.0,60900,16:55:00,60906,16:55:06,22,1787,State St & Eagle St (01787),0,0,3,,,62920,17:28:40,,,62920,17:28:40,0,00:00:00,door not opened
07/11/2025,12,6013,Friday,Weekday,East,15652611.0,60900,16:55:00,60906,16:55:06,21,2706,Hawk/Capitol Station - Washington Ave & Hawk St (02706),0,0,3,,,62821,17:27:01,,,62821,17:27:01,0,00:00:00,door not opened
07/11/2025,12,6013,Friday,Weekday,East,15652611.0,60900,16:55:00,60906,16:55:06,20,1789,Washington Ave & S. Swan St (01789),0,0,3,,,62783,17:26:23,,,62798,17:26:38,15,00:00:15,doors opened
07/11/2025,12,6013,Friday,Weekday,East,15652611.0,60900,16:55:00,60906,16:55:06,19,1788,Washington Ave & Dove St (01788),0,0,3,,,62760,17:26:00,,,62760,17:26:00,0,00:00:00,door not opened
07/11/2025,12,6013,Friday,Weekday,East,15652611.0,60900,16:55:00,60906,16:55:06,18,2663,Lark/Library Station - Washington Ave & Lark St (02663),0,1,3,62760.0,17:26:00,62672,17:24:32,62760.0,17:26:00,62738,17:25:38,66,00:01:06,doors opened
07/11/2025,12,6013,Friday,Weekday,East,15652611.0,60900,16:55:00,60906,16:55:06,17,263,Washington Ave & Henry Johnson Blvd (00263),0,0,4,,,62624,17:23:44,,,62641,17:24:01,17,00:00:17,doors opened
07/11/2025,12,6013,Friday,Weekday,East,15652611.0,60900,16:55:00,60906,16:55:06,16,2096,Washington Ave & Lexington Ave (02096),0,0,4,,,62566,17:22:46,,,62566,17:22:46,0,00:00:00,door not opened
07/11/2025,12,6013,Friday,Weekday,East,15652611.0,60900,16:55:00,60906,16:55:06,15,3253,Washington Ave & Robin St (Draper Hall) (03253),0,1,4,,,62520,17:22:00,,,62547,17:22:27,27,00:00:27,doors opened
07/11/2025,12,6013,Friday,Weekday,East,15652611.0,60900,16:55:00,60906,16:55:06,14,2109,Washington Ave & N. Lake Ave (02109),0,0,5,,,62480,17:21:20,,,62497,17:21:37,17,00:00:17,doors opened
07/11/2025,12,6013,Friday,Weekday,East,15652611.0,60900,16:55:00,60906,16:55:06,13,3255,Washington Ave & Quail St (03255),0,0,5,,,62414,17:20:14,,,62454,17:20:54,40,00:00:40,doors opened
07/11/2025,12,6013,Friday,Weekday,East,15652611.0,60900,16:55:00,60906,16:55:06,12,3256,Washington Ave & Ontario St (03256),0,0,5,62340.0,17:19:00,62394,17:19:54,62340.0,17:19:00,62394,17:19:54,0,00:00:00,door not opened
07/11/2025,12,6013,Friday,Weekday,East,15652611.0,60900,16:55:00,60906,16:55:06,11,2107,Washington Ave & Partridge St (02107),0,0,5,,,62334,17:18:54,,,62370,17:19:30,36,00:00:36,doors opened
07/11/2025,12,6013,Friday,Weekday,East,15652611.0,60900,16:55:00,60906,16:55:06,10,3257,Washington Ave & N. Main Ave (03257),0,3,5,,,62226,17:17:06,,,62266,17:17:46,40,00:00:40,doors opened
07/11/2025,12,6013,Friday,Weekday,East,15652611.0,60900,16:55:00,60906,16:55:06,9,1796,Washington Ave & N. Allen St (01796),0,0,8,62100.0,17:15:00,62172,17:16:12,62100.0,17:15:00,62192,17:16:32,20,00:00:20,doors opened
07/11/2025,12,6013,Friday,Weekday,East,15652611.0,60900,16:55:00,60906,16:55:06,8,11581,Washington Ave & Manning Blvd (11581),0,0,8,,,62145,17:15:45,,,62145,17:15:45,0,00:00:00,door not opened
07/11/2025,12,6013,Friday,Weekday,East,15652611.0,60900,16:55:00,60906,16:55:06,7,2180,Washington Ave & Homestead Ave (02180),2,0,8,,,62072,17:14:32,,,62107,17:15:07,35,00:00:35,doors opened
07/11/2025,12,6013,Friday,Weekday,East,15652611.0,60900,16:55:00,60906,16:55:06,6,2182,Washington Ave & Hawthorne St (02182),0,2,6,,,62029,17:13:49,,,62045,17:14:05,16,00:00:16,doors opened
07/11/2025,12,6013,Friday,Weekday,East,15652611.0,60900,16:55:00,60906,16:55:06,5,3304,Washington Ave & Clermont St (03304),0,1,8,,,61988,17:13:08,,,62003,17:13:23,15,00:00:15,doors opened
07/11/2025,12,6013,Friday,Weekday,East,15652611.0,60900,16:55:00,60906,16:55:06,4,3348,Washington Ave & Brevator St (03348),1,1,9,,,61946,17:12:26,,,61965,17:12:45,19,00:00:19,doors opened
07/11/2025,12,6013,Friday,Weekday,East,15652611.0,60900,16:55:00,60906,16:55:06,3,10134,Washington Ave & SUNY Exit Rd (10134),1,1,9,,,61806,17:10:06,,,61824,17:10:24,18,00:00:18,doors opened
07/11/2025,12,6013,Friday,Weekday,East,15652611.0,60900,16:55:00,60906,16:55:06,2,7216,SUNY Collins Circle (07216),2,1,9,61560.0,17:06:00,61685,17:08:05,61560.0,17:06:00,61709,17:08:29,24,00:00:24,doors opened
07/11/2025,12,6013,Friday,Weekday,East,15652611.0,60900,16:55:00,60906,16:55:06,1,12827,Crossgates Commons Station (12827),7,7,8,61260.0,17:01:00,61299,17:01:39,61260.0,17:01:00,61398,17:03:18,99,00:01:39,doors opened
07/11/2025,12,6013,Friday,Weekday,East,15652611.0,60900,16:55:00,60906,16:55:06,0,7175,Crossgates Mall Station (07175),8,0,8,60900.0,16:55:00,60906,16:55:06,60900.0,16:55:00,60906,16:55:06,0,00:00:00,doors opened
07/11/2025,12,6013,Friday,Weekday,West,15652613.0,63600,17:40:00,63594,17:39:54,0,9018,Broadway & Orange St (09018),0,0,0,63600.0,17:40:00,63594,17:39:54,63600.0,17:40:00,63594,17:39:54,0,00:00:00,door not opened
07/11/2025,12,6013,Friday,Weekday,West,15652613.0,63600,17:40:00,63594,17:39:54,27,7175,Crossgates Mall Station (07175),0,7,0,66060.0,18:21:00,65936,18:18:56,66060.0,18:21:00,65936,18:18:56,0,00:00:00,doors opened
07/11/2025,12,6013,Friday,Weekday,West,15652613.0,63600,17:40:00,63594,17:39:54,26,12828,Crossgates Commons Station (12828),2,7,7,65640.0,18:14:00,65685,18:14:45,65640.0,18:14:00,65710,18:15:10,25,00:00:25,doors opened
07/11/2025,12,6013,Friday,Weekday,West,15652613.0,63600,17:40:00,63594,17:39:54,25,12891,1475 Washington Ave (12891),0,0,12,,,65499,18:11:39,,,65499,18:11:39,0,00:00:00,door not opened
07/11/2025,12,6013,Friday,Weekday,West,15652613.0,63600,17:40:00,63594,17:39:54,24,7216,SUNY Collins Circle (07216),0,0,12,65280.0,18:08:00,65327,18:08:47,65280.0,18:08:00,65347,18:09:07,20,00:00:20,doors opened
07/11/2025,12,6013,Friday,Weekday,West,15652613.0,63600,17:40:00,63594,17:39:54,23,3262,1383 Washington Ave (Fairfield Inn) (03262),0,3,12,,,65228,18:07:08,,,65244,18:07:24,16,00:00:16,doors opened
07/11/2025,12,6013,Friday,Weekday,West,15652613.0,63600,17:40:00,63594,17:39:54,22,976,Washington Ave & Brevator St (00976),0,0,15,,,65125,18:05:25,,,65125,18:05:25,0,00:00:00,door not opened
07/11/2025,12,6013,Friday,Weekday,West,15652613.0,63600,17:40:00,63594,17:39:54,21,1959,Washington Ave & Colvin Ave (01959),0,0,15,,,65028,18:03:48,,,65090,18:04:50,62,00:01:02,doors opened
07/11/2025,12,6013,Friday,Weekday,West,15652613.0,63600,17:40:00,63594,17:39:54,20,3399,Washington Ave & Danker Ave (03399),0,0,15,,,64980,18:03:00,,,64980,18:03:00,0,00:00:00,door not opened
07/11/2025,12,6013,Friday,Weekday,West,15652613.0,63600,17:40:00,63594,17:39:54,19,1849,Washington Ave & Homestead Ave (01849),0,3,15,,,64934,18:02:14,,,64955,18:02:35,21,00:00:21,doors opened
07/11/2025,12,6013,Friday,Weekday,West,15652613.0,63600,17:40:00,63594,17:39:54,18,1846,Washington Ave & Manning Blvd (01846),0,2,18,,,64874,18:01:14,,,64911,18:01:51,37,00:00:37,doors opened
07/11/2025,12,6013,Friday,Weekday,West,15652613.0,63600,17:40:00,63594,17:39:54,17,3287,Washington Ave & N. Allen St (03287),2,3,20,64860.0,18:01:00,64816,18:00:16,64860.0,18:01:00,64845,18:00:45,29,00:00:29,doors opened
07/11/2025,12,6013,Friday,Weekday,West,15652613.0,63600,17:40:00,63594,17:39:54,16,3264,Washington Ave & N. Main Ave (03264),0,0,21,,,64788,17:59:48,,,64788,17:59:48,0,00:00:00,door not opened
07/11/2025,12,6013,Friday,Weekday,West,15652613.0,63600,17:40:00,63594,17:39:54,15,1839,Washington Ave & Partridge St (01839),1,0,21,,,64633,17:57:13,,,64658,17:57:38,25,00:00:25,doors opened
07/11/2025,12,6013,Friday,Weekday,West,15652613.0,63600,17:40:00,63594,17:39:54,14,1841,Washington Ave & Ontario St (01841),2,0,20,64620.0,17:57:00,64576,17:56:16,64620.0,17:57:00,64609,17:56:49,33,00:00:33,doors opened
07/11/2025,12,6013,Friday,Weekday,West,15652613.0,63600,17:40:00,63594,17:39:54,13,1842,Washington Ave & Quail St (01842),2,1,18,,,64503,17:55:03,,,64552,17:55:52,49,00:00:49,doors opened
07/11/2025,12,6013,Friday,Weekday,West,15652613.0,63600,17:40:00,63594,17:39:54,12,1837,Washington Ave & N. Lake Ave (01837),2,1,17,,,64458,17:54:18,,,64476,17:54:36,18,00:00:18,doors opened
07/11/2025,12,6013,Friday,Weekday,West,15652613.0,63600,17:40:00,63594,17:39:54,11,1843,Washington Ave & Robin St (01843),0,0,16,,,64428,17:53:48,,,64428,17:53:48,0,00:00:00,door not opened
07/11/2025,12,6013,Friday,Weekday,West,15652613.0,63600,17:40:00,63594,17:39:54,10,12943,Washington Ave & Lexington Ave (12943),0,1,16,,,64376,17:52:56,,,64391,17:53:11,15,00:00:15,doors opened
07/11/2025,12,6013,Friday,Weekday,West,15652613.0,63600,17:40:00,63594,17:39:54,9,12942,Washington Ave & Henry Johnson Blvd (12942),1,1,17,,,64314,17:51:54,,,64332,17:52:12,18,00:00:18,doors opened
07/11/2025,12,6013,Friday,Weekday,West,15652613.0,63600,17:40:00,63594,17:39:54,8,3239,Lark/Library Station - Washington Ave & Lark St (03239),2,0,17,64200.0,17:50:00,64139,17:48:59,64200.0,17:50:00,64184,17:49:44,45,00:00:45,doors opened
07/11/2025,12,6013,Friday,Weekday,West,15652613.0,63600,17:40:00,63594,17:39:54,7,3301,Washington Ave & S. Swan St (03301),2,0,15,,,64040,17:47:20,,,64069,17:47:49,29,00:00:29,doors opened
07/11/2025,12,6013,Friday,Weekday,West,15652613.0,63600,17:40:00,63594,17:39:54,6,3250,Hawk/Capitol Station - Washington Ave & Hawk St (03250),1,0,13,,,63988,17:46:28,,,64014,17:46:54,26,00:00:26,doors opened
07/11/2025,12,6013,Friday,Weekday,West,15652613.0,63600,17:40:00,63594,17:39:54,5,10087,State St & Eagle St (10087),0,0,12,,,63962,17:46:02,,,63962,17:46:02,0,00:00:00,door not opened
07/11/2025,12,6013,Friday,Weekday,West,15652613.0,63600,17:40:00,63594,17:39:54,4,2665,State/Downtown Station - State St & Lodge St (02665),10,0,12,63900.0,17:45:00,63834,17:43:54,63900.0,17:45:00,63925,17:45:25,91,00:01:31,doors opened
07/11/2025,12,6013,Friday,Weekday,West,15652613.0,63600,17:40:00,63594,17:39:54,3,3221,State Station - N. Pearl St & Ten Eyck Plaza (03221),2,0,2,,,63741,17:42:21,,,63807,17:43:27,66,00:01:06,doors opened
07/11/2025,12,6013,Friday,Weekday,West,15652613.0,63600,17:40:00,63594,17:39:54,2,3233,N. Pearl St & Sheridan Ave (03233),0,0,0,,,63706,17:41:46,,,63706,17:41:46,0,00:00:00,door not opened
07/11/2025,12,6013,Friday,Weekday,West,15652613.0,63600,17:40:00,63594,17:39:54,1,2168,Clinton Square Station - N. Pearl St & Clinton Ave (02168),0,0,0,,,63668,17:41:08,,,63668,17:41:08,0,00:00:00,door not opened
07/11/2025,12,6013,Friday,Weekday,East,15652725.0,72900,20:15:00,72898,20:14:58,23,2509,State/Downtown Station - State St & S. Pearl St (02509),1,5,0,74760.0,20:46:00,74699,20:44:59,74760.0,20:46:00,74718,20:45:18,19,00:00:19,doors opened
07/11/2025,12,6013,Friday,Weekday,East,15652725.0,72900,20:15:00,72898,20:14:58,22,1787,State St & Eagle St (01787),0,0,4,,,74668,20:44:28,,,74668,20:44:28,0,00:00:00,door not opened
07/11/2025,12,6013,Friday,Weekday,East,15652725.0,72900,20:15:00,72898,20:14:58,21,2706,Hawk/Capitol Station - Washington Ave & Hawk St (02706),0,0,4,,,74621,20:43:41,,,74621,20:43:41,0,00:00:00,door not opened
07/11/2025,12,6013,Friday,Weekday,East,15652725.0,72900,20:15:00,72898,20:14:58,20,1789,Washington Ave & S. Swan St (01789),0,0,4,,,74601,20:43:21,,,74601,20:43:21,0,00:00:00,door not opened
07/11/2025,12,6013,Friday,Weekday,East,15652725.0,72900,20:15:00,72898,20:14:58,19,1788,Washington Ave & Dove St (01788),0,0,4,,,74561,20:42:41,,,74561,20:42:41,0,00:00:00,door not opened
07/11/2025,12,6013,Friday,Weekday,East,15652725.0,72900,20:15:00,72898,20:14:58,18,2663,Lark/Library Station - Washington Ave & Lark St (02663),0,3,4,74520.0,20:42:00,74440,20:40:40,74520.0,20:42:00,74454,20:40:54,14,00:00:14,doors opened
07/11/2025,12,6013,Friday,Weekday,East,15652725.0,72900,20:15:00,72898,20:14:58,17,263,Washington Ave & Henry Johnson Blvd (00263),0,0,7,,,74418,20:40:18,,,74418,20:40:18,0,00:00:00,door not opened
07/11/2025,12,6013,Friday,Weekday,East,15652725.0,72900,20:15:00,72898,20:14:58,16,2096,Washington Ave & Lexington Ave (02096),0,0,7,,,74355,20:39:15,,,74355,20:39:15,0,00:00:00,door not opened
07/11/2025,12,6013,Friday,Weekday,East,15652725.0,72900,20:15:00,72898,20:14:58,15,3253,Washington Ave & Robin St (Draper Hall) (03253),0,0,7,,,74338,20:38:58,,,74338,20:38:58,0,00:00:00,door not opened
07/11/2025,12,6013,Friday,Weekday,East,15652725.0,72900,20:15:00,72898,20:14:58,14,2109,Washington Ave & N. Lake Ave (02109),0,0,7,,,74296,20:38:16,,,74296,20:38:16,0,00:00:00,door not opened
07/11/2025,12,6013,Friday,Weekday,East,15652725.0,72900,20:15:00,72898,20:14:58,13,3255,Washington Ave & Quail St (03255),0,0,7,,,74209,20:36:49,,,74245,20:37:25,36,00:00:36,doors opened
07/11/2025,12,6013,Friday,Weekday,East,15652725.0,72900,20:15:00,72898,20:14:58,12,3256,Washington Ave & Ontario St (03256),0,3,7,74160.0,20:36:00,74166,20:36:06,74160.0,20:36:00,74187,20:36:27,21,00:00:21,doors opened
07/11/2025,12,6013,Friday,Weekday,East,15652725.0,72900,20:15:00,72898,20:14:58,11,2107,Washington Ave & Partridge St (02107),0,0,10,,,74149,20:35:49,,,74149,20:35:49,0,00:00:00,door not opened
07/11/2025,12,6013,Friday,Weekday,East,15652725.0,72900,20:15:00,72898,20:14:58,10,3257,Washington Ave & N. Main Ave (03257),0,0,10,,,74051,20:34:11,,,74051,20:34:11,0,00:00:00,door not opened
07/11/2025,12,6013,Friday,Weekday,East,15652725.0,72900,20:15:00,72898,20:14:58,9,1796,Washington Ave & N. Allen St (01796),0,3,10,73980.0,20:33:00,73993,20:33:13,73980.0,20:33:00,74021,20:33:41,28,00:00:28,doors opened
07/11/2025,12,6013,Friday,Weekday,East,15652725.0,72900,20:15:00,72898,20:14:58,8,11581,Washington Ave & Manning Blvd (11581),0,0,13,,,73963,20:32:43,,,73963,20:32:43,0,00:00:00,door not opened
07/11/2025,12,6013,Friday,Weekday,East,15652725.0,72900,20:15:00,72898,20:14:58,7,2180,Washington Ave & Homestead Ave (02180),0,0,13,,,73888,20:31:28,,,73905,20:31:45,17,00:00:17,doors opened
07/11/2025,12,6013,Friday,Weekday,East,15652725.0,72900,20:15:00,72898,20:14:58,6,2182,Washington Ave & Hawthorne St (02182),0,0,13,,,73866,20:31:06,,,73866,20:31:06,0,00:00:00,door not opened
07/11/2025,12,6013,Friday,Weekday,East,15652725.0,72900,20:15:00,72898,20:14:58,5,3304,Washington Ave & Clermont St (03304),0,0,13,,,73815,20:30:15,,,73830,20:30:30,15,00:00:15,doors opened
07/11/2025,12,6013,Friday,Weekday,East,15652725.0,72900,20:15:00,72898,20:14:58,4,3348,Washington Ave & Brevator St (03348),1,0,13,,,73779,20:29:39,,,73794,20:29:54,15,00:00:15,doors opened
07/11/2025,12,6013,Friday,Weekday,East,15652725.0,72900,20:15:00,72898,20:14:58,3,10134,Washington Ave & SUNY Exit Rd (10134),1,1,12,,,73644,20:27:24,,,73672,20:27:52,28,00:00:28,doors opened
07/11/2025,12,6013,Friday,Weekday,East,15652725.0,72900,20:15:00,72898,20:14:58,2,7216,SUNY Collins Circle (07216),1,0,12,73500.0,20:25:00,73515,20:25:15,73500.0,20:25:00,73529,20:25:29,14,00:00:14,doors opened
07/11/2025,12,6013,Friday,Weekday,East,15652725.0,72900,20:15:00,72898,20:14:58,1,12827,Crossgates Commons Station (12827),4,0,11,73200.0,20:20:00,73218,20:20:18,73200.0,20:20:00,73304,20:21:44,86,00:01:26,doors opened
07/11/2025,12,6013,Friday,Weekday,East,15652725.0,72900,20:15:00,72898,20:14:58,0,7175,Crossgates Mall Station (07175),7,0,7,72900.0,20:15:00,72898,20:14:58,72900.0,20:15:00,72898,20:14:58,0,00:00:00,doors opened
07/11/2025,12,6013,Friday,Weekday,East,15652731.0,78900,21:55:00,78903,21:55:03,21,2706,Hawk/Capitol Station - Washington Ave & Hawk St (02706),0,0,2,,,80738,22:25:38,,,80738,22:25:38,0,00:00:00,door not opened
07/11/2025,12,6013,Friday,Weekday,East,15652731.0,78900,21:55:00,78903,21:55:03,20,1789,Washington Ave & S. Swan St (01789),0,0,2,,,80718,22:25:18,,,80718,22:25:18,0,00:00:00,door not opened
07/11/2025,12,6013,Friday,Weekday,East,15652731.0,78900,21:55:00,78903,21:55:03,19,1788,Washington Ave & Dove St (01788),0,0,2,,,80679,22:24:39,,,80679,22:24:39,0,00:00:00,door not opened
07/11/2025,12,6013,Friday,Weekday,East,15652731.0,78900,21:55:00,78903,21:55:03,18,2663,Lark/Library Station - Washington Ave & Lark St (02663),0,5,2,80520.0,22:22:00,80623,22:23:43,80520.0,22:22:00,80646,22:24:06,23,00:00:23,doors opened
07/11/2025,12,6013,Friday,Weekday,East,15652731.0,78900,21:55:00,78903,21:55:03,17,263,Washington Ave & Henry Johnson Blvd (00263),0,3,7,,,80532,22:22:12,,,80562,22:22:42,30,00:00:30,doors opened
07/11/2025,12,6013,Friday,Weekday,East,15652731.0,78900,21:55:00,78903,21:55:03,16,2096,Washington Ave & Lexington Ave (02096),1,2,10,,,80425,22:20:25,,,80498,22:21:38,73,00:01:13,doors opened
07/11/2025,12,6013,Friday,Weekday,East,15652731.0,78900,21:55:00,78903,21:55:03,15,3253,Washington Ave & Robin St (Draper Hall) (03253),0,0,11,,,80373,22:19:33,,,80402,22:20:02,29,00:00:29,doors opened
07/11/2025,12,6013,Friday,Weekday,East,15652731.0,78900,21:55:00,78903,21:55:03,14,2109,Washington Ave & N. Lake Ave (02109),2,1,11,,,80331,22:18:51,,,80353,22:19:13,22,00:00:22,doors opened
07/11/2025,12,6013,Friday,Weekday,East,15652731.0,78900,21:55:00,78903,21:55:03,13,3255,Washington Ave & Quail St (03255),1,6,10,,,80277,22:17:57,,,80302,22:18:22,25,00:00:25,doors opened
07/11/2025,12,6013,Friday,Weekday,East,15652731.0,78900,21:55:00,78903,21:55:03,12,3256,Washington Ave & Ontario St (03256),0,0,15,80160.0,22:16:00,80255,22:17:35,80160.0,22:16:00,80255,22:17:35,0,00:00:00,door not opened
07/11/2025,12,6013,Friday,Weekday,East,15652731.0,78900,21:55:00,78903,21:55:03,11,2107,Washington Ave & Partridge St (02107),0,0,15,,,80200,22:16:40,,,80219,22:16:59,19,00:00:19,doors opened
07/11/2025,12,6013,Friday,Weekday,East,15652731.0,78900,21:55:00,78903,21:55:03,10,3257,Washington Ave & N. Main Ave (03257),0,0,15,,,80107,22:15:07,,,80152,22:15:52,45,00:00:45,doors opened
07/11/2025,12,6013,Friday,Weekday,East,15652731.0,78900,21:55:00,78903,21:55:03,9,1796,Washington Ave & N. Allen St (01796),0,1,15,79980.0,22:13:00,80051,22:14:11,79980.0,22:13:00,80076,22:14:36,25,00:00:25,doors opened
07/11/2025,12,6013,Friday,Weekday,East,15652731.0,78900,21:55:00,78903,21:55:03,8,11581,Washington Ave & Manning Blvd (11581),0,1,16,,,79981,22:13:01,,,80021,22:13:41,40,00:00:40,doors opened
07/11/2025,12,6013,Friday,Weekday,East,15652731.0,78900,21:55:00,78903,21:55:03,7,2180,Washington Ave & Homestead Ave (02180),0,0,17,,,79962,22:12:42,,,79962,22:12:42,0,00:00:00,door not opened
07/11/2025,12,6013,Friday,Weekday,East,15652731.0,78900,21:55:00,78903,21:55:03,6,2182,Washington Ave & Hawthorne St (02182),0,0,17,,,79938,22:12:18,,,79938,22:12:18,0,00:00:00,door not opened
07/11/2025,12,6013,Friday,Weekday,East,15652731.0,78900,21:55:00,78903,21:55:03,5,3304,Washington Ave & Clermont St (03304),0,0,17,,,79860,22:11:00,,,79911,22:11:51,51,00:00:51,doors opened
07/11/2025,12,6013,Friday,Weekday,East,15652731.0,78900,21:55:00,78903,21:55:03,4,3348,Washington Ave & Brevator St (03348),0,0,17,,,79847,22:10:47,,,79847,22:10:47,0,00:00:00,door not opened
07/11/2025,12,6013,Friday,Weekday,East,15652731.0,78900,21:55:00,78903,21:55:03,3,10134,Washington Ave & SUNY Exit Rd (10134),3,6,17,,,79700,22:08:20,,,79733,22:08:53,33,00:00:33,doors opened
07/11/2025,12,6013,Friday,Weekday,East,15652731.0,78900,21:55:00,78903,21:55:03,2,7216,SUNY Collins Circle (07216),0,0,20,79500.0,22:05:00,79569,22:06:09,79500.0,22:05:00,79586,22:06:26,17,00:00:17,doors opened
07/11/2025,12,6013,Friday,Weekday,East,15652731.0,78900,21:55:00,78903,21:55:03,1,12827,Crossgates Commons Station (12827),6,0,20,79200.0,22:00:00,79207,22:00:07,79200.0,22:00:00,79256,22:00:56,49,00:00:49,doors opened
07/11/2025,12,6013,Friday,Weekday,East,15652731.0,78900,21:55:00,78903,21:55:03,0,7175,Crossgates Mall Station (07175),14,0,14,78900.0,21:55:00,78903,21:55:03,78900.0,21:55:00,78903,21:55:03,0,00:00:00,doors opened
07/11/2025,12,6013,Friday,Weekday,East,15652731.0,78900,21:55:00,78903,21:55:03,24,3940,Broadway & Steuben St (03940),0,0,0,80880.0,22:28:00,80898,22:28:18,80880.0,22:28:00,80898,22:28:18,0,00:00:00,door not opened
07/11/2025,12,6013,Friday,Weekday,East,15652731.0,78900,21:55:00,78903,21:55:03,23,2509,State/Downtown Station - State St & S. Pearl St (02509),0,2,0,80760.0,22:26:00,80796,22:26:36,80760.0,22:26:00,80816,22:26:56,20,00:00:20,doors opened
07/11/2025,12,6013,Friday,Weekday,East,15652731.0,78900,21:55:00,78903,21:55:03,22,1787,State St & Eagle St (01787),0,0,2,,,80782,22:26:22,,,80782,22:26:22,0,00:00:00,door not opened
07/11/2025,12,6013,Friday,Weekday,West,15652733.0,81300,22:35:00,81298,22:34:58,26,12828,Crossgates Commons Station (12828),0,3,1,82860.0,23:01:00,82982,23:03:02,82860.0,23:01:00,82982,23:03:02,0,00:00:00,doors opened
07/11/2025,12,6013,Friday,Weekday,West,15652733.0,81300,22:35:00,81298,22:34:58,25,12891,1475 Washington Ave (12891),0,3,4,,,82757,22:59:17,,,82771,22:59:31,14,00:00:14,doors opened
07/11/2025,12,6013,Friday,Weekday,West,15652733.0,81300,22:35:00,81298,22:34:58,24,7216,SUNY Collins Circle (07216),0,0,7,82560.0,22:56:00,82630,22:57:10,82560.0,22:56:00,82630,22:57:10,0,00:00:00,door not opened
07/11/2025,12,6013,Friday,Weekday,West,15652733.0,81300,22:35:00,81298,22:34:58,23,3262,1383 Washington Ave (Fairfield Inn) (03262),0,3,7,,,82532,22:55:32,,,82549,22:55:49,17,00:00:17,doors opened
07/11/2025,12,6013,Friday,Weekday,West,15652733.0,81300,22:35:00,81298,22:34:58,22,976,Washington Ave & Brevator St (00976),0,0,10,,,82430,22:53:50,,,82430,22:53:50,0,00:00:00,door not opened
07/11/2025,12,6013,Friday,Weekday,West,15652733.0,81300,22:35:00,81298,22:34:58,21,1959,Washington Ave & Colvin Ave (01959),0,0,10,,,82410,22:53:30,,,82410,22:53:30,0,00:00:00,door not opened
07/11/2025,12,6013,Friday,Weekday,West,15652733.0,81300,22:35:00,81298,22:34:58,20,3399,Washington Ave & Danker Ave (03399),0,0,10,,,82388,22:53:08,,,82388,22:53:08,0,00:00:00,door not opened
07/11/2025,12,6013,Friday,Weekday,West,15652733.0,81300,22:35:00,81298,22:34:58,19,1849,Washington Ave & Homestead Ave (01849),1,0,10,,,82350,22:52:30,,,82365,22:52:45,15,00:00:15,doors opened
07/11/2025,12,6013,Friday,Weekday,West,15652733.0,81300,22:35:00,81298,22:34:58,18,1846,Washington Ave & Manning Blvd (01846),1,0,9,,,82312,22:51:52,,,82328,22:52:08,16,00:00:16,doors opened
07/11/2025,12,6013,Friday,Weekday,West,15652733.0,81300,22:35:00,81298,22:34:58,17,3287,Washington Ave & N. Allen St (03287),0,0,8,82200.0,22:50:00,82284,22:51:24,82200.0,22:50:00,82284,22:51:24,0,00:00:00,door not opened
07/11/2025,12,6013,Friday,Weekday,West,15652733.0,81300,22:35:00,81298,22:34:58,16,3264,Washington Ave & N. Main Ave (03264),0,0,8,,,82203,22:50:03,,,82251,22:50:51,48,00:00:48,doors opened
07/11/2025,12,6013,Friday,Weekday,West,15652733.0,81300,22:35:00,81298,22:34:58,15,1839,Washington Ave & Partridge St (01839),1,0,8,,,82138,22:48:58,,,82158,22:49:18,20,00:00:20,doors opened
07/11/2025,12,6013,Friday,Weekday,West,15652733.0,81300,22:35:00,81298,22:34:58,14,1841,Washington Ave & Ontario St (01841),0,0,7,82020.0,22:47:00,82119,22:48:39,82020.0,22:47:00,82119,22:48:39,0,00:00:00,door not opened
07/11/2025,12,6013,Friday,Weekday,West,15652733.0,81300,22:35:00,81298,22:34:58,13,1842,Washington Ave & Quail St (01842),0,0,7,,,82098,22:48:18,,,82098,22:48:18,0,00:00:00,door not opened
07/11/2025,12,6013,Friday,Weekday,West,15652733.0,81300,22:35:00,81298,22:34:58,12,1837,Washington Ave & N. Lake Ave (01837),1,0,7,,,82028,22:47:08,,,82043,22:47:23,15,00:00:15,doors opened
07/11/2025,12,6013,Friday,Weekday,West,15652733.0,81300,22:35:00,81298,22:34:58,11,1843,Washington Ave & Robin St (01843),0,0,6,,,82008,22:46:48,,,82008,22:46:48,0,00:00:00,door not opened
07/11/2025,12,6013,Friday,Weekday,West,15652733.0,81300,22:35:00,81298,22:34:58,10,12943,Washington Ave & Lexington Ave (12943),0,1,6,,,81962,22:46:02,,,81976,22:46:16,14,00:00:14,doors opened
07/11/2025,12,6013,Friday,Weekday,West,15652733.0,81300,22:35:00,81298,22:34:58,9,12942,Washington Ave & Henry Johnson Blvd (12942),1,0,7,,,81890,22:44:50,,,81910,22:45:10,20,00:00:20,doors opened
07/11/2025,12,6013,Friday,Weekday,West,15652733.0,81300,22:35:00,81298,22:34:58,8,3239,Lark/Library Station - Washington Ave & Lark St (03239),2,1,6,81720.0,22:42:00,81775,22:42:55,81720.0,22:42:00,81815,22:43:35,40,00:00:40,doors opened
07/11/2025,12,6013,Friday,Weekday,West,15652733.0,81300,22:35:00,81298,22:34:58,7,3301,Washington Ave & S. Swan St (03301),0,0,5,,,81738,22:42:18,,,81738,22:42:18,0,00:00:00,door not opened
07/11/2025,12,6013,Friday,Weekday,West,15652733.0,81300,22:35:00,81298,22:34:58,6,3250,Hawk/Capitol Station - Washington Ave & Hawk St (03250),0,0,5,,,81717,22:41:57,,,81717,22:41:57,0,00:00:00,door not opened
07/11/2025,12,6013,Friday,Weekday,West,15652733.0,81300,22:35:00,81298,22:34:58,5,10087,State St & Eagle St (10087),0,0,5,,,81685,22:41:25,,,81685,22:41:25,0,00:00:00,door not opened
07/11/2025,12,6013,Friday,Weekday,West,15652733.0,81300,22:35:00,81298,22:34:58,4,2665,State/Downtown Station - State St & Lodge St (02665),1,0,5,81540.0,22:39:00,81568,22:39:28,81540.0,22:39:00,81589,22:39:49,21,00:00:21,doors opened
07/11/2025,12,6013,Friday,Weekday,West,15652733.0,81300,22:35:00,81298,22:34:58,3,3221,State Station - N. Pearl St & Ten Eyck Plaza (03221),1,0,4,,,81511,22:38:31,,,81545,22:39:05,34,00:00:34,doors opened
07/11/2025,12,6013,Friday,Weekday,West,15652733.0,81300,22:35:00,81298,22:34:58,2,3233,N. Pearl St & Sheridan Ave (03233),1,0,3,,,81462,22:37:42,,,81477,22:37:57,15,00:00:15,doors opened
07/11/2025,12,6013,Friday,Weekday,West,15652733.0,81300,22:35:00,81298,22:34:58,1,2168,Clinton Square Station - N. Pearl St & Clinton Ave (02168),1,0,2,,,81387,22:36:27,,,81445,22:37:25,58,00:00:58,doors opened
07/11/2025,12,6013,Friday,Weekday,West,15652733.0,81300,22:35:00,81298,22:34:58,0,9018,Broadway & Orange St (09018),1,0,1,81300.0,22:35:00,81298,22:34:58,81300.0,22:35:00,81298,22:34:58,0,00:00:00,doors opened
07/11/2025,12,6013,Friday,Weekday,East,15651389.0,82500,22:55:00,83250,23:07:30,24,3940,Broadway & Steuben St (03940),0,0,0,84300.0,23:25:00,85101,23:38:21,84300.0,23:25:00,85101,23:38:21,0,00:00:00,door not opened
07/11/2025,12,6013,Friday,Weekday,East,15651389.0,82500,22:55:00,83250,23:07:30,23,2509,State/Downtown Station - State St & S. Pearl St (02509),0,0,0,84180.0,23:23:00,85038,23:37:18,84180.0,23:23:00,85038,23:37:18,0,00:00:00,door not opened
07/11/2025,12,6013,Friday,Weekday,East,15651389.0,82500,22:55:00,83250,23:07:30,22,1787,State St & Eagle St (01787),0,0,0,,,84982,23:36:22,,,84982,23:36:22,0,00:00:00,door not opened
07/11/2025,12,6013,Friday,Weekday,East,15651389.0,82500,22:55:00,83250,23:07:30,21,2706,Hawk/Capitol Station - Washington Ave & Hawk St (02706),0,0,0,,,84947,23:35:47,,,84947,23:35:47,0,00:00:00,door not opened
07/11/2025,12,6013,Friday,Weekday,East,15651389.0,82500,22:55:00,83250,23:07:30,20,1789,Washington Ave & S. Swan St (01789),0,2,0,,,84913,23:35:13,,,84926,23:35:26,13,00:00:13,doors opened
07/11/2025,12,6013,Friday,Weekday,East,15651389.0,82500,22:55:00,83250,23:07:30,19,1788,Washington Ave & Dove St (01788),0,0,2,,,84887,23:34:47,,,84887,23:34:47,0,00:00:00,door not opened
07/11/2025,12,6013,Friday,Weekday,East,15651389.0,82500,22:55:00,83250,23:07:30,18,2663,Lark/Library Station - Washington Ave & Lark St (02663),0,3,2,83940.0,23:19:00,84824,23:33:44,83940.0,23:19:00,84845,23:34:05,21,00:00:21,doors opened
07/11/2025,12,6013,Friday,Weekday,East,15651389.0,82500,22:55:00,83250,23:07:30,17,263,Washington Ave & Henry Johnson Blvd (00263),0,0,5,,,84776,23:32:56,,,84795,23:33:15,19,00:00:19,doors opened
07/11/2025,12,6013,Friday,Weekday,East,15651389.0,82500,22:55:00,83250,23:07:30,16,2096,Washington Ave & Lexington Ave (02096),0,2,5,,,84673,23:31:13,,,84745,23:32:25,72,00:01:12,doors opened
07/11/2025,12,6013,Friday,Weekday,East,15651389.0,82500,22:55:00,83250,23:07:30,15,3253,Washington Ave & Robin St (Draper Hall) (03253),0,0,7,,,84631,23:30:31,,,84654,23:30:54,23,00:00:23,doors opened
07/11/2025,12,6013,Friday,Weekday,East,15651389.0,82500,22:55:00,83250,23:07:30,14,2109,Washington Ave & N. Lake Ave (02109),0,0,7,,,84583,23:29:43,,,84610,23:30:10,27,00:00:27,doors opened
07/11/2025,12,6013,Friday,Weekday,East,15651389.0,82500,22:55:00,83250,23:07:30,13,3255,Washington Ave & Quail St (03255),0,0,7,,,84560,23:29:20,,,84560,23:29:20,0,00:00:00,door not opened
07/11/2025,12,6013,Friday,Weekday,East,15651389.0,82500,22:55:00,83250,23:07:30,12,3256,Washington Ave & Ontario St (03256),0,5,7,83640.0,23:14:00,84480,23:28:00,83640.0,23:14:00,84502,23:28:22,22,00:00:22,doors opened
07/11/2025,12,6013,Friday,Weekday,East,15651389.0,82500,22:55:00,83250,23:07:30,11,2107,Washington Ave & Partridge St (02107),0,0,12,,,84463,23:27:43,,,84463,23:27:43,0,00:00:00,door not opened
07/11/2025,12,6013,Friday,Weekday,East,15651389.0,82500,22:55:00,83250,23:07:30,10,3257,Washington Ave & N. Main Ave (03257),0,0,12,,,84413,23:26:53,,,84413,23:26:53,0,00:00:00,door not opened
07/11/2025,12,6013,Friday,Weekday,East,15651389.0,82500,22:55:00,83250,23:07:30,9,1796,Washington Ave & N. Allen St (01796),0,0,12,83460.0,23:11:00,84325,23:25:25,83460.0,23:11:00,84344,23:25:44,19,00:00:19,doors opened
07/11/2025,12,6013,Friday,Weekday,East,15651389.0,82500,22:55:00,83250,23:07:30,8,11581,Washington Ave & Manning Blvd (11581),0,2,12,,,84279,23:24:39,,,84295,23:24:55,16,00:00:16,doors opened
07/11/2025,12,6013,Friday,Weekday,East,15651389.0,82500,22:55:00,83250,23:07:30,7,2180,Washington Ave & Homestead Ave (02180),0,2,14,,,84238,23:23:58,,,84256,23:24:16,18,00:00:18,doors opened
07/11/2025,12,6013,Friday,Weekday,East,15651389.0,82500,22:55:00,83250,23:07:30,6,2182,Washington Ave & Hawthorne St (02182),0,0,16,,,84216,23:23:36,,,84216,23:23:36,0,00:00:00,door not opened
07/11/2025,12,6013,Friday,Weekday,East,15651389.0,82500,22:55:00,83250,23:07:30,5,3304,Washington Ave & Clermont St (03304),0,0,16,,,84200,23:23:20,,,84200,23:23:20,0,00:00:00,door not opened
07/11/2025,12,6013,Friday,Weekday,East,15651389.0,82500,22:55:00,83250,23:07:30,4,3348,Washington Ave & Brevator St (03348),0,0,16,,,84182,23:23:02,,,84182,23:23:02,0,00:00:00,door not opened
07/11/2025,12,6013,Friday,Weekday,East,15651389.0,82500,22:55:00,83250,23:07:30,3,10134,Washington Ave & SUNY Exit Rd (10134),1,1,16,,,84036,23:20:36,,,84061,23:21:01,25,00:00:25,doors opened
07/11/2025,12,6013,Friday,Weekday,East,15651389.0,82500,22:55:00,83250,23:07:30,2,7216,SUNY Collins Circle (07216),0,0,16,83040.0,23:04:00,83916,23:18:36,83040.0,23:04:00,83932,23:18:52,16,00:00:16,doors opened
07/11/2025,12,6013,Friday,Weekday,East,15651389.0,82500,22:55:00,83250,23:07:30,1,12827,Crossgates Commons Station (12827),10,0,16,82740.0,22:59:00,83537,23:12:17,82740.0,22:59:00,83655,23:14:15,118,00:01:58,doors opened
07/11/2025,12,6013,Friday,Weekday,East,15651389.0,82500,22:55:00,83250,23:07:30,0,7175,Crossgates Mall Station (07175),5,0,6,82500.0,22:55:00,83250,23:07:30,82500.0,22:55:00,83250,23:07:30,0,00:00:00,doors opened
07/11/2025,12,6013,Friday,Weekday,West,15651392.0,84900,23:35:00,85144,23:39:04,27,7175,Crossgates Mall Station (07175),0,0,0,86700.0,24:05:00,86685,24:04:45,86700.0,24:05:00,86685,24:04:45,0,00:00:00,door not opened
07/11/2025,12,6013,Friday,Weekday,West,15651392.0,84900,23:35:00,85144,23:39:04,25,12891,1475 Washington Ave (12891),0,0,0,,,86532,24:02:12,,,86532,24:02:12,0,00:00:00,door not opened
07/11/2025,12,6013,Friday,Weekday,West,15651392.0,84900,23:35:00,85144,23:39:04,24,7216,SUNY Collins Circle (07216),0,0,0,86100.0,23:55:00,86404,24:00:04,86100.0,23:55:00,86404,24:00:04,0,00:00:00,door not opened
07/11/2025,12,6013,Friday,Weekday,West,15651392.0,84900,23:35:00,85144,23:39:04,23,3262,1383 Washington Ave (Fairfield Inn) (03262),0,2,0,,,86248,23:57:28,,,86265,23:57:45,17,00:00:17,doors opened
07/11/2025,12,6013,Friday,Weekday,West,15651392.0,84900,23:35:00,85144,23:39:04,22,976,Washington Ave & Brevator St (00976),0,0,2,,,86110,23:55:10,,,86110,23:55:10,0,00:00:00,door not opened
07/11/2025,12,6013,Friday,Weekday,West,15651392.0,84900,23:35:00,85144,23:39:04,21,1959,Washington Ave & Colvin Ave (01959),0,0,2,,,86088,23:54:48,,,86088,23:54:48,0,00:00:00,door not opened
07/11/2025,12,6013,Friday,Weekday,West,15651392.0,84900,23:35:00,85144,23:39:04,20,3399,Washington Ave & Danker Ave (03399),0,0,2,,,86025,23:53:45,,,86025,23:53:45,0,00:00:00,door not opened
07/11/2025,12,6013,Friday,Weekday,West,15651392.0,84900,23:35:00,85144,23:39:04,19,1849,Washington Ave & Homestead Ave (01849),0,0,2,,,86003,23:53:23,,,86003,23:53:23,0,00:00:00,door not opened
07/11/2025,12,6013,Friday,Weekday,West,15651392.0,84900,23:35:00,85144,23:39:04,18,1846,Washington Ave & Manning Blvd (01846),0,1,2,,,85937,23:52:17,,,85980,23:53:00,43,00:00:43,doors opened
07/11/2025,12,6013,Friday,Weekday,West,15651392.0,84900,23:35:00,85144,23:39:04,17,3287,Washington Ave & N. Allen St (03287),1,1,3,85740.0,23:49:00,85886,23:51:26,85740.0,23:49:00,85906,23:51:46,20,00:00:20,doors opened
07/11/2025,12,6013,Friday,Weekday,West,15651392.0,84900,23:35:00,85144,23:39:04,16,3264,Washington Ave & N. Main Ave (03264),0,0,3,,,85859,23:50:59,,,85859,23:50:59,0,00:00:00,door not opened
07/11/2025,12,6013,Friday,Weekday,West,15651392.0,84900,23:35:00,85144,23:39:04,15,1839,Washington Ave & Partridge St (01839),0,0,3,,,85777,23:49:37,,,85777,23:49:37,0,00:00:00,door not opened
07/11/2025,12,6013,Friday,Weekday,West,15651392.0,84900,23:35:00,85144,23:39:04,14,1841,Washington Ave & Ontario St (01841),0,2,3,85560.0,23:46:00,85725,23:48:45,85560.0,23:46:00,85757,23:49:17,32,00:00:32,doors opened
07/11/2025,12,6013,Friday,Weekday,West,15651392.0,84900,23:35:00,85144,23:39:04,13,1842,Washington Ave & Quail St (01842),3,0,5,,,85659,23:47:39,,,85703,23:48:23,44,00:00:44,doors opened
07/11/2025,12,6013,Friday,Weekday,West,15651392.0,84900,23:35:00,85144,23:39:04,12,1837,Washington Ave & N. Lake Ave (01837),0,0,2,,,85637,23:47:17,,,85637,23:47:17,0,00:00:00,door not opened
07/11/2025,12,6013,Friday,Weekday,West,15651392.0,84900,23:35:00,85144,23:39:04,11,1843,Washington Ave & Robin St (01843),0,0,2,,,85597,23:46:37,,,85597,23:46:37,0,00:00:00,door not opened
07/11/2025,12,6013,Friday,Weekday,West,15651392.0,84900,23:35:00,85144,23:39:04,10,12943,Washington Ave & Lexington Ave (12943),0,0,2,,,85573,23:46:13,,,85573,23:46:13,0,00:00:00,door not opened
07/11/2025,12,6013,Friday,Weekday,West,15651392.0,84900,23:35:00,85144,23:39:04,9,12942,Washington Ave & Henry Johnson Blvd (12942),1,0,2,,,85493,23:44:53,,,85506,23:45:06,13,00:00:13,doors opened
07/11/2025,12,6013,Friday,Weekday,West,15651392.0,84900,23:35:00,85144,23:39:04,8,3239,Lark/Library Station - Washington Ave & Lark St (03239),0,0,1,85260.0,23:41:00,85453,23:44:13,85260.0,23:41:00,85453,23:44:13,0,00:00:00,door not opened
07/11/2025,12,6013,Friday,Weekday,West,15651392.0,84900,23:35:00,85144,23:39:04,7,3301,Washington Ave & S. Swan St (03301),0,0,1,,,85383,23:43:03,,,85383,23:43:03,0,00:00:00,door not opened
07/11/2025,12,6013,Friday,Weekday,West,15651392.0,84900,23:35:00,85144,23:39:04,6,3250,Hawk/Capitol Station - Washington Ave & Hawk St (03250),0,0,1,,,85362,23:42:42,,,85362,23:42:42,0,00:00:00,door not opened
07/11/2025,12,6013,Friday,Weekday,West,15651392.0,84900,23:35:00,85144,23:39:04,5,10087,State St & Eagle St (10087),0,0,1,,,85337,23:42:17,,,85337,23:42:17,0,00:00:00,door not opened
07/11/2025,12,6013,Friday,Weekday,West,15651392.0,84900,23:35:00,85144,23:39:04,4,2665,State/Downtown Station - State St & Lodge St (02665),1,0,1,85080.0,23:38:00,85285,23:41:25,85080.0,23:38:00,85298,23:41:38,13,00:00:13,doors opened
07/11/2025,12,6013,Friday,Weekday,West,15651392.0,84900,23:35:00,85144,23:39:04,3,3221,State Station - N. Pearl St & Ten Eyck Plaza (03221),0,0,0,,,85228,23:40:28,,,85228,23:40:28,0,00:00:00,door not opened
07/11/2025,12,6013,Friday,Weekday,West,15651392.0,84900,23:35:00,85144,23:39:04,2,3233,N. Pearl St & Sheridan Ave (03233),0,0,0,,,85198,23:39:58,,,85198,23:39:58,0,00:00:00,door not opened
07/11/2025,12,6013,Friday,Weekday,West,15651392.0,84900,23:35:00,85144,23:39:04,1,2168,Clinton Square Station - N. Pearl St & Clinton Ave (02168),0,0,0,,,85186,23:39:46,,,85186,23:39:46,0,00:00:00,door not opened
07/11/2025,12,6013,Friday,Weekday,West,15651392.0,84900,23:35:00,85144,23:39:04,0,9018,Broadway & Orange St (09018),0,0,0,84900.0,23:35:00,85144,23:39:04,84900.0,23:35:00,85144,23:39:04,0,00:00:00,door not opened
07/11/2025,12,6019,Friday,Weekday,West,15650114.0,28800,08:00:00,28806,08:00:06,27,7175,Crossgates Mall Station (07175),0,5,0,31320.0,08:42:00,31143,08:39:03,31320.0,08:42:00,31143,08:39:03,0,00:00:00,doors opened
07/11/2025,12,6019,Friday,Weekday,West,15650114.0,28800,08:00:00,28806,08:00:06,26,12828,Crossgates Commons Station (12828),0,14,5,30900.0,08:35:00,30864,08:34:24,30900.0,08:35:00,30888,08:34:48,24,00:00:24,doors opened
07/11/2025,12,6019,Friday,Weekday,West,15650114.0,28800,08:00:00,28806,08:00:06,25,12891,1475 Washington Ave (12891),0,0,19,,,30683,08:31:23,,,30683,08:31:23,0,00:00:00,door not opened
07/11/2025,12,6019,Friday,Weekday,West,15650114.0,28800,08:00:00,28806,08:00:06,24,7216,SUNY Collins Circle (07216),0,2,19,30540.0,08:29:00,30498,08:28:18,30540.0,08:29:00,30518,08:28:38,20,00:00:20,doors opened
07/11/2025,12,6019,Friday,Weekday,West,15650114.0,28800,08:00:00,28806,08:00:06,23,3262,1383 Washington Ave (Fairfield Inn) (03262),1,2,21,,,30355,08:25:55,,,30375,08:26:15,20,00:00:20,doors opened
07/11/2025,12,6019,Friday,Weekday,West,15650114.0,28800,08:00:00,28806,08:00:06,22,976,Washington Ave & Brevator St (00976),0,0,22,,,30243,08:24:03,,,30243,08:24:03,0,00:00:00,door not opened
07/11/2025,12,6019,Friday,Weekday,West,15650114.0,28800,08:00:00,28806,08:00:06,21,1959,Washington Ave & Colvin Ave (01959),1,0,22,,,30203,08:23:23,,,30221,08:23:41,18,00:00:18,doors opened
07/11/2025,12,6019,Friday,Weekday,West,15650114.0,28800,08:00:00,28806,08:00:06,20,3399,Washington Ave & Danker Ave (03399),0,0,21,,,30181,08:23:01,,,30181,08:23:01,0,00:00:00,door not opened
07/11/2025,12,6019,Friday,Weekday,West,15650114.0,28800,08:00:00,28806,08:00:06,19,1849,Washington Ave & Homestead Ave (01849),3,0,21,,,30138,08:22:18,,,30160,08:22:40,22,00:00:22,doors opened
07/11/2025,12,6019,Friday,Weekday,West,15650114.0,28800,08:00:00,28806,08:00:06,18,1846,Washington Ave & Manning Blvd (01846),2,0,18,,,30077,08:21:17,,,30117,08:21:57,40,00:00:40,doors opened
07/11/2025,12,6019,Friday,Weekday,West,15650114.0,28800,08:00:00,28806,08:00:06,17,3287,Washington Ave & N. Allen St (03287),0,1,16,30060.0,08:21:00,30026,08:20:26,30060.0,08:21:00,30044,08:20:44,18,00:00:18,doors opened
07/11/2025,12,6019,Friday,Weekday,West,15650114.0,28800,08:00:00,28806,08:00:06,16,3264,Washington Ave & N. Main Ave (03264),3,1,17,,,29944,08:19:04,,,29993,08:19:53,49,00:00:49,doors opened
07/11/2025,12,6019,Friday,Weekday,West,15650114.0,28800,08:00:00,28806,08:00:06,15,1839,Washington Ave & Partridge St (01839),2,5,15,,,29846,08:17:26,,,29870,08:17:50,24,00:00:24,doors opened
07/11/2025,12,6019,Friday,Weekday,West,15650114.0,28800,08:00:00,28806,08:00:06,14,1841,Washington Ave & Ontario St (01841),3,0,18,29820.0,08:17:00,29794,08:16:34,29820.0,08:17:00,29818,08:16:58,24,00:00:24,doors opened
07/11/2025,12,6019,Friday,Weekday,West,15650114.0,28800,08:00:00,28806,08:00:06,13,1842,Washington Ave & Quail St (01842),4,0,15,,,29741,08:15:41,,,29770,08:16:10,29,00:00:29,doors opened
07/11/2025,12,6019,Friday,Weekday,West,15650114.0,28800,08:00:00,28806,08:00:06,12,1837,Washington Ave & N. Lake Ave (01837),3,0,11,,,29654,08:14:14,,,29715,08:15:15,61,00:01:01,doors opened
07/11/2025,12,6019,Friday,Weekday,West,15650114.0,28800,08:00:00,28806,08:00:06,11,1843,Washington Ave & Robin St (01843),1,0,8,,,29582,08:13:02,,,29625,08:13:45,43,00:00:43,doors opened
07/11/2025,12,6019,Friday,Weekday,West,15650114.0,28800,08:00:00,28806,08:00:06,10,12943,Washington Ave & Lexington Ave (12943),0,2,7,,,29538,08:12:18,,,29553,08:12:33,15,00:00:15,doors opened
07/11/2025,12,6019,Friday,Weekday,West,15650114.0,28800,08:00:00,28806,08:00:06,9,12942,Washington Ave & Henry Johnson Blvd (12942),0,0,9,,,29509,08:11:49,,,29509,08:11:49,0,00:00:00,door not opened
07/11/2025,12,6019,Friday,Weekday,West,15650114.0,28800,08:00:00,28806,08:00:06,8,3239,Lark/Library Station - Washington Ave & Lark St (03239),1,3,9,29400.0,08:10:00,29347,08:09:07,29400.0,08:10:00,29378,08:09:38,31,00:00:31,doors opened
07/11/2025,12,6019,Friday,Weekday,West,15650114.0,28800,08:00:00,28806,08:00:06,7,3301,Washington Ave & S. Swan St (03301),0,2,11,,,29245,08:07:25,,,29306,08:08:26,61,00:01:01,doors opened
07/11/2025,12,6019,Friday,Weekday,West,15650114.0,28800,08:00:00,28806,08:00:06,6,3250,Hawk/Capitol Station - Washington Ave & Hawk St (03250),0,0,13,,,29199,08:06:39,,,29219,08:06:59,20,00:00:20,doors opened
07/11/2025,12,6019,Friday,Weekday,West,15650114.0,28800,08:00:00,28806,08:00:06,5,10087,State St & Eagle St (10087),0,0,13,,,29172,08:06:12,,,29172,08:06:12,0,00:00:00,door not opened
07/11/2025,12,6019,Friday,Weekday,West,15650114.0,28800,08:00:00,28806,08:00:06,4,2665,State/Downtown Station - State St & Lodge St (02665),5,0,13,29100.0,08:05:00,29073,08:04:33,29100.0,08:05:00,29106,08:05:06,33,00:00:33,doors opened
07/11/2025,12,6019,Friday,Weekday,West,15650114.0,28800,08:00:00,28806,08:00:06,3,3221,State Station - N. Pearl St & Ten Eyck Plaza (03221),2,0,8,,,28989,08:03:09,,,29037,08:03:57,48,00:00:48,doors opened
07/11/2025,12,6019,Friday,Weekday,West,15650114.0,28800,08:00:00,28806,08:00:06,2,3233,N. Pearl St & Sheridan Ave (03233),0,0,6,,,28943,08:02:23,,,28943,08:02:23,0,00:00:00,door not opened
07/11/2025,12,6019,Friday,Weekday,West,15650114.0,28800,08:00:00,28806,08:00:06,1,2168,Clinton Square Station - N. Pearl St & Clinton Ave (02168),3,0,6,,,28877,08:01:17,,,28908,08:01:48,31,00:00:31,doors opened
07/11/2025,12,6019,Friday,Weekday,West,15650114.0,28800,08:00:00,28806,08:00:06,0,9018,Broadway & Orange St (09018),3,0,3,28800.0,08:00:00,28806,08:00:06,28800.0,08:00:00,28806,08:00:06,0,00:00:00,doors opened
07/11/2025,12,6021,Friday,Weekday,East,15650423.0,47700,13:15:00,48041,13:20:41,24,3940,Broadway & Steuben St (03940),0,0,0,49860.0,13:51:00,50295,13:58:15,49860.0,13:51:00,50295,13:58:15,0,00:00:00,door not opened
07/11/2025,12,6021,Friday,Weekday,East,15650423.0,47700,13:15:00,48041,13:20:41,23,2509,State/Downtown Station - State St & S. Pearl St (02509),0,10,0,49680.0,13:48:00,50160,13:56:00,49680.0,13:48:00,50194,13:56:34,34,00:00:34,doors opened
07/11/2025,12,6021,Friday,Weekday,East,15650423.0,47700,13:15:00,48041,13:20:41,22,1787,State St & Eagle St (01787),0,0,10,,,50144,13:55:44,,,50144,13:55:44,0,00:00:00,door not opened
07/11/2025,12,6021,Friday,Weekday,East,15650423.0,47700,13:15:00,48041,13:20:41,21,2706,Hawk/Capitol Station - Washington Ave & Hawk St (02706),0,0,10,,,50057,13:54:17,,,50057,13:54:17,0,00:00:00,door not opened
07/11/2025,12,6021,Friday,Weekday,East,15650423.0,47700,13:15:00,48041,13:20:41,20,1789,Washington Ave & S. Swan St (01789),0,0,10,,,50036,13:53:56,,,50036,13:53:56,0,00:00:00,door not opened
07/11/2025,12,6021,Friday,Weekday,East,15650423.0,47700,13:15:00,48041,13:20:41,19,1788,Washington Ave & Dove St (01788),2,0,10,,,49890,13:51:30,,,49958,13:52:38,68,00:01:08,doors opened
07/11/2025,12,6021,Friday,Weekday,East,15650423.0,47700,13:15:00,48041,13:20:41,18,2663,Lark/Library Station - Washington Ave & Lark St (02663),2,3,8,49380.0,13:43:00,49834,13:50:34,49380.0,13:43:00,49859,13:50:59,25,00:00:25,doors opened
07/11/2025,12,6021,Friday,Weekday,East,15650423.0,47700,13:15:00,48041,13:20:41,17,263,Washington Ave & Henry Johnson Blvd (00263),0,3,9,,,49790,13:49:50,,,49811,13:50:11,21,00:00:21,doors opened
07/11/2025,12,6021,Friday,Weekday,East,15650423.0,47700,13:15:00,48041,13:20:41,16,2096,Washington Ave & Lexington Ave (02096),0,0,12,,,49703,13:48:23,,,49703,13:48:23,0,00:00:00,door not opened
07/11/2025,12,6021,Friday,Weekday,East,15650423.0,47700,13:15:00,48041,13:20:41,15,3253,Washington Ave & Robin St (Draper Hall) (03253),0,2,12,,,49655,13:47:35,,,49684,13:48:04,29,00:00:29,doors opened
07/11/2025,12,6021,Friday,Weekday,East,15650423.0,47700,13:15:00,48041,13:20:41,14,2109,Washington Ave & N. Lake Ave (02109),0,3,14,,,49615,13:46:55,,,49634,13:47:14,19,00:00:19,doors opened
07/11/2025,12,6021,Friday,Weekday,East,15650423.0,47700,13:15:00,48041,13:20:41,13,3255,Washington Ave & Quail St (03255),1,2,17,,,49560,13:46:00,,,49589,13:46:29,29,00:00:29,doors opened
07/11/2025,12,6021,Friday,Weekday,East,15650423.0,47700,13:15:00,48041,13:20:41,12,3256,Washington Ave & Ontario St (03256),0,0,18,48960.0,13:36:00,49543,13:45:43,48960.0,13:36:00,49543,13:45:43,0,00:00:00,door not opened
07/11/2025,12,6021,Friday,Weekday,East,15650423.0,47700,13:15:00,48041,13:20:41,11,2107,Washington Ave & Partridge St (02107),0,0,18,,,49522,13:45:22,,,49522,13:45:22,0,00:00:00,door not opened
07/11/2025,12,6021,Friday,Weekday,East,15650423.0,47700,13:15:00,48041,13:20:41,10,3257,Washington Ave & N. Main Ave (03257),0,2,18,,,49410,13:43:30,,,49436,13:43:56,26,00:00:26,doors opened
07/11/2025,12,6021,Friday,Weekday,East,15650423.0,47700,13:15:00,48041,13:20:41,9,1796,Washington Ave & N. Allen St (01796),2,3,20,48780.0,13:33:00,49353,13:42:33,48780.0,13:33:00,49378,13:42:58,25,00:00:25,doors opened
07/11/2025,12,6021,Friday,Weekday,East,15650423.0,47700,13:15:00,48041,13:20:41,8,11581,Washington Ave & Manning Blvd (11581),1,1,21,,,49264,13:41:04,,,49321,13:42:01,57,00:00:57,doors opened
07/11/2025,12,6021,Friday,Weekday,East,15650423.0,47700,13:15:00,48041,13:20:41,7,2180,Washington Ave & Homestead Ave (02180),0,0,21,,,49243,13:40:43,,,49243,13:40:43,0,00:00:00,door not opened
07/11/2025,12,6021,Friday,Weekday,East,15650423.0,47700,13:15:00,48041,13:20:41,6,2182,Washington Ave & Hawthorne St (02182),0,1,21,,,49193,13:39:53,,,49209,13:40:09,16,00:00:16,doors opened
07/11/2025,12,6021,Friday,Weekday,East,15650423.0,47700,13:15:00,48041,13:20:41,5,3304,Washington Ave & Clermont St (03304),0,0,22,,,49170,13:39:30,,,49170,13:39:30,0,00:00:00,door not opened
07/11/2025,12,6021,Friday,Weekday,East,15650423.0,47700,13:15:00,48041,13:20:41,4,3348,Washington Ave & Brevator St (03348),3,2,22,,,49063,13:37:43,,,49129,13:38:49,66,00:01:06,doors opened
07/11/2025,12,6021,Friday,Weekday,East,15650423.0,47700,13:15:00,48041,13:20:41,3,10134,Washington Ave & SUNY Exit Rd (10134),4,1,21,,,48878,13:34:38,,,48934,13:35:34,56,00:00:56,doors opened
07/11/2025,12,6021,Friday,Weekday,East,15650423.0,47700,13:15:00,48041,13:20:41,2,7216,SUNY Collins Circle (07216),2,0,18,48300.0,13:25:00,48725,13:32:05,48300.0,13:25:00,48754,13:32:34,29,00:00:29,doors opened
07/11/2025,12,6021,Friday,Weekday,East,15650423.0,47700,13:15:00,48041,13:20:41,1,12827,Crossgates Commons Station (12827),8,0,16,48000.0,13:20:00,48368,13:26:08,48000.0,13:20:00,48452,13:27:32,84,00:01:24,doors opened
07/11/2025,12,6021,Friday,Weekday,East,15650423.0,47700,13:15:00,48041,13:20:41,0,7175,Crossgates Mall Station (07175),8,0,8,47700.0,13:15:00,48041,13:20:41,47700.0,13:15:00,48041,13:20:41,0,00:00:00,doors opened
07/11/2025,12,6021,Friday,Weekday,West,15650426.0,50400,14:00:00,50578,14:02:58,27,7175,Crossgates Mall Station (07175),0,9,0,52860.0,14:41:00,52912,14:41:52,52860.0,14:41:00,52912,14:41:52,0,00:00:00,doors opened
07/11/2025,12,6021,Friday,Weekday,West,15650426.0,50400,14:00:00,50578,14:02:58,26,12828,Crossgates Commons Station (12828),0,6,9,52440.0,14:34:00,52630,14:37:10,52440.0,14:34:00,52650,14:37:30,20,00:00:20,doors opened
07/11/2025,12,6021,Friday,Weekday,West,15650426.0,50400,14:00:00,50578,14:02:58,25,12891,1475 Washington Ave (12891),1,1,15,,,52344,14:32:24,,,52393,14:33:13,49,00:00:49,doors opened
07/11/2025,12,6021,Friday,Weekday,West,15650426.0,50400,14:00:00,50578,14:02:58,24,7216,SUNY Collins Circle (07216),0,3,15,52080.0,14:28:00,52212,14:30:12,52080.0,14:28:00,52229,14:30:29,17,00:00:17,doors opened
07/11/2025,12,6021,Friday,Weekday,West,15650426.0,50400,14:00:00,50578,14:02:58,23,3262,1383 Washington Ave (Fairfield Inn) (03262),0,2,18,,,52083,14:28:03,,,52121,14:28:41,38,00:00:38,doors opened
07/11/2025,12,6021,Friday,Weekday,West,15650426.0,50400,14:00:00,50578,14:02:58,22,976,Washington Ave & Brevator St (00976),0,2,20,,,51936,14:25:36,,,51956,14:25:56,20,00:00:20,doors opened
07/11/2025,12,6021,Friday,Weekday,West,15650426.0,50400,14:00:00,50578,14:02:58,21,1959,Washington Ave & Colvin Ave (01959),2,0,22,,,51875,14:24:35,,,51898,14:24:58,23,00:00:23,doors opened
07/11/2025,12,6021,Friday,Weekday,West,15650426.0,50400,14:00:00,50578,14:02:58,20,3399,Washington Ave & Danker Ave (03399),0,0,20,,,51852,14:24:12,,,51852,14:24:12,0,00:00:00,door not opened
07/11/2025,12,6021,Friday,Weekday,West,15650426.0,50400,14:00:00,50578,14:02:58,19,1849,Washington Ave & Homestead Ave (01849),1,0,20,,,51808,14:23:28,,,51829,14:23:49,21,00:00:21,doors opened
07/11/2025,12,6021,Friday,Weekday,West,15650426.0,50400,14:00:00,50578,14:02:58,18,1846,Washington Ave & Manning Blvd (01846),2,2,19,,,51758,14:22:38,,,51782,14:23:02,24,00:00:24,doors opened
07/11/2025,12,6021,Friday,Weekday,West,15650426.0,50400,14:00:00,50578,14:02:58,17,3287,Washington Ave & N. Allen St (03287),1,0,19,51660.0,14:21:00,51703,14:21:43,51660.0,14:21:00,51726,14:22:06,23,00:00:23,doors opened
07/11/2025,12,6021,Friday,Weekday,West,15650426.0,50400,14:00:00,50578,14:02:58,16,3264,Washington Ave & N. Main Ave (03264),0,0,18,,,51658,14:20:58,,,51658,14:20:58,0,00:00:00,door not opened
07/11/2025,12,6021,Friday,Weekday,West,15650426.0,50400,14:00:00,50578,14:02:58,2,3233,N. Pearl St & Sheridan Ave (03233),0,0,1,,,50667,14:04:27,,,50667,14:04:27,0,00:00:00,door not opened
07/11/2025,12,6021,Friday,Weekday,West,15650426.0,50400,14:00:00,50578,14:02:58,1,2168,Clinton Square Station - N. Pearl St & Clinton Ave (02168),0,0,1,,,50655,14:04:15,,,50655,14:04:15,0,00:00:00,door not opened
07/11/2025,12,6021,Friday,Weekday,West,15650426.0,50400,14:00:00,50578,14:02:58,0,9018,Broadway & Orange St (09018),0,0,1,50400.0,14:00:00,50578,14:02:58,50400.0,14:00:00,50578,14:02:58,0,00:00:00,door not opened
07/11/2025,12,6021,Friday,Weekday,West,15650426.0,50400,14:00:00,50578,14:02:58,15,1839,Washington Ave & Partridge St (01839),1,0,18,,,51529,14:18:49,,,51552,14:19:12,23,00:00:23,doors opened
07/11/2025,12,6021,Friday,Weekday,West,15650426.0,50400,14:00:00,50578,14:02:58,14,1841,Washington Ave & Ontario St (01841),1,1,17,51360.0,14:16:00,51469,14:17:49,51360.0,14:16:00,51502,14:18:22,33,00:00:33,doors opened
07/11/2025,12,6021,Friday,Weekday,West,15650426.0,50400,14:00:00,50578,14:02:58,13,1842,Washington Ave & Quail St (01842),7,0,17,,,51404,14:16:44,,,51443,14:17:23,39,00:00:39,doors opened
07/11/2025,12,6021,Friday,Weekday,West,15650426.0,50400,14:00:00,50578,14:02:58,12,1837,Washington Ave & N. Lake Ave (01837),3,1,10,,,51328,14:15:28,,,51375,14:16:15,47,00:00:47,doors opened
07/11/2025,12,6021,Friday,Weekday,West,15650426.0,50400,14:00:00,50578,14:02:58,11,1843,Washington Ave & Robin St (01843),0,0,8,,,51306,14:15:06,,,51306,14:15:06,0,00:00:00,door not opened
07/11/2025,12,6021,Friday,Weekday,West,15650426.0,50400,14:00:00,50578,14:02:58,10,12943,Washington Ave & Lexington Ave (12943),1,0,8,,,51260,14:14:20,,,51279,14:14:39,19,00:00:19,doors opened
07/11/2025,12,6021,Friday,Weekday,West,15650426.0,50400,14:00:00,50578,14:02:58,9,12942,Washington Ave & Henry Johnson Blvd (12942),0,0,7,,,51229,14:13:49,,,51229,14:13:49,0,00:00:00,door not opened
07/11/2025,12,6021,Friday,Weekday,West,15650426.0,50400,14:00:00,50578,14:02:58,8,3239,Lark/Library Station - Washington Ave & Lark St (03239),1,0,7,50940.0,14:09:00,51115,14:11:55,50940.0,14:09:00,51188,14:13:08,73,00:01:13,doors opened
07/11/2025,12,6021,Friday,Weekday,West,15650426.0,50400,14:00:00,50578,14:02:58,7,3301,Washington Ave & S. Swan St (03301),2,0,6,,,50978,14:09:38,,,51064,14:11:04,86,00:01:26,doors opened
07/11/2025,12,6021,Friday,Weekday,West,15650426.0,50400,14:00:00,50578,14:02:58,6,3250,Hawk/Capitol Station - Washington Ave & Hawk St (03250),0,0,4,,,50951,14:09:11,,,50951,14:09:11,0,00:00:00,door not opened
07/11/2025,12,6021,Friday,Weekday,West,15650426.0,50400,14:00:00,50578,14:02:58,5,10087,State St & Eagle St (10087),0,0,4,,,50922,14:08:42,,,50922,14:08:42,0,00:00:00,door not opened
07/11/2025,12,6021,Friday,Weekday,West,15650426.0,50400,14:00:00,50578,14:02:58,4,2665,State/Downtown Station - State St & Lodge St (02665),2,1,4,50640.0,14:04:00,50815,14:06:55,50640.0,14:04:00,50865,14:07:45,50,00:00:50,doors opened
07/11/2025,12,6021,Friday,Weekday,West,15650426.0,50400,14:00:00,50578,14:02:58,3,3221,State Station - N. Pearl St & Ten Eyck Plaza (03221),2,0,3,,,50750,14:05:50,,,50776,14:06:16,26,00:00:26,doors opened
07/11/2025,12,4098,Friday,Weekday,East,15649752.0,40500,11:15:00,40648,11:17:28,17,263,Washington Ave & Henry Johnson Blvd (00263),0,0,4,,,42235,11:43:55,,,42235,11:43:55,0,00:00:00,door not opened
07/11/2025,12,4098,Friday,Weekday,East,15649752.0,40500,11:15:00,40648,11:17:28,16,2096,Washington Ave & Lexington Ave (02096),0,0,4,,,42136,11:42:16,,,42136,11:42:16,0,00:00:00,door not opened
07/11/2025,12,4098,Friday,Weekday,East,15649752.0,40500,11:15:00,40648,11:17:28,15,3253,Washington Ave & Robin St (Draper Hall) (03253),0,2,4,,,42098,11:41:38,,,42119,11:41:59,21,00:00:21,doors opened
07/11/2025,12,4098,Friday,Weekday,East,15649752.0,40500,11:15:00,40648,11:17:28,14,2109,Washington Ave & N. Lake Ave (02109),0,0,6,,,42076,11:41:16,,,42076,11:41:16,0,00:00:00,door not opened
07/11/2025,12,4098,Friday,Weekday,East,15649752.0,40500,11:15:00,40648,11:17:28,13,3255,Washington Ave & Quail St (03255),0,2,6,,,42016,11:40:16,,,42034,11:40:34,18,00:00:18,doors opened
07/11/2025,12,4098,Friday,Weekday,East,15649752.0,40500,11:15:00,40648,11:17:28,12,3256,Washington Ave & Ontario St (03256),0,1,8,41760.0,11:36:00,41965,11:39:25,41760.0,11:36:00,41991,11:39:51,26,00:00:26,doors opened
07/11/2025,12,4098,Friday,Weekday,East,15649752.0,40500,11:15:00,40648,11:17:28,11,2107,Washington Ave & Partridge St (02107),0,0,9,,,41946,11:39:06,,,41946,11:39:06,0,00:00:00,door not opened
07/11/2025,12,4098,Friday,Weekday,East,15649752.0,40500,11:15:00,40648,11:17:28,10,3257,Washington Ave & N. Main Ave (03257),0,0,9,,,41875,11:37:55,,,41875,11:37:55,0,00:00:00,door not opened
07/11/2025,12,4098,Friday,Weekday,East,15649752.0,40500,11:15:00,40648,11:17:28,9,1796,Washington Ave & N. Allen St (01796),0,1,9,41580.0,11:33:00,41789,11:36:29,41580.0,11:33:00,41799,11:36:39,10,00:00:10,doors opened
07/11/2025,12,4098,Friday,Weekday,East,15649752.0,40500,11:15:00,40648,11:17:28,8,11581,Washington Ave & Manning Blvd (11581),1,0,10,,,41743,11:35:43,,,41758,11:35:58,15,00:00:15,doors opened
07/11/2025,12,4098,Friday,Weekday,East,15649752.0,40500,11:15:00,40648,11:17:28,7,2180,Washington Ave & Homestead Ave (02180),0,0,9,,,41718,11:35:18,,,41718,11:35:18,0,00:00:00,door not opened
07/11/2025,12,4098,Friday,Weekday,East,15649752.0,40500,11:15:00,40648,11:17:28,6,2182,Washington Ave & Hawthorne St (02182),0,0,9,,,41691,11:34:51,,,41691,11:34:51,0,00:00:00,door not opened
07/11/2025,12,4098,Friday,Weekday,East,15649752.0,40500,11:15:00,40648,11:17:28,5,3304,Washington Ave & Clermont St (03304),0,0,9,,,41667,11:34:27,,,41667,11:34:27,0,00:00:00,door not opened
07/11/2025,12,4098,Friday,Weekday,East,15649752.0,40500,11:15:00,40648,11:17:28,4,3348,Washington Ave & Brevator St (03348),1,3,9,,,41590,11:33:10,,,41621,11:33:41,31,00:00:31,doors opened
07/11/2025,12,4098,Friday,Weekday,East,15649752.0,40500,11:15:00,40648,11:17:28,3,10134,Washington Ave & SUNY Exit Rd (10134),2,0,11,,,41451,11:30:51,,,41468,11:31:08,17,00:00:17,doors opened
07/11/2025,12,4098,Friday,Weekday,East,15649752.0,40500,11:15:00,40648,11:17:28,2,7216,SUNY Collins Circle (07216),1,0,9,41100.0,11:25:00,41307,11:28:27,41100.0,11:25:00,41325,11:28:45,18,00:00:18,doors opened
07/11/2025,12,4098,Friday,Weekday,East,15649752.0,40500,11:15:00,40648,11:17:28,1,12827,Crossgates Commons Station (12827),5,0,8,40800.0,11:20:00,40956,11:22:36,40800.0,11:20:00,41019,11:23:39,63,00:01:03,doors opened
07/11/2025,12,4098,Friday,Weekday,East,15649752.0,40500,11:15:00,40648,11:17:28,0,7175,Crossgates Mall Station (07175),3,0,3,40500.0,11:15:00,40648,11:17:28,40500.0,11:15:00,40648,11:17:28,0,00:00:00,doors opened
07/11/2025,12,4098,Friday,Weekday,East,15649752.0,40500,11:15:00,40648,11:17:28,24,3940,Broadway & Steuben St (03940),0,0,0,42600.0,11:50:00,42655,11:50:55,42600.0,11:50:00,42655,11:50:55,0,00:00:00,door not opened
07/11/2025,12,4098,Friday,Weekday,East,15649752.0,40500,11:15:00,40648,11:17:28,23,2509,State/Downtown Station - State St & S. Pearl St (02509),0,0,0,42420.0,11:47:00,42583,11:49:43,42420.0,11:47:00,42583,11:49:43,0,00:00:00,door not opened
07/11/2025,12,4098,Friday,Weekday,East,15649752.0,40500,11:15:00,40648,11:17:28,22,1787,State St & Eagle St (01787),0,3,0,,,42480,11:48:00,,,42480,11:48:00,0,00:00:00,door not opened
07/11/2025,12,4098,Friday,Weekday,East,15649752.0,40500,11:15:00,40648,11:17:28,21,2706,Hawk/Capitol Station - Washington Ave & Hawk St (02706),0,0,3,,,42444,11:47:24,,,42444,11:47:24,0,00:00:00,door not opened
07/11/2025,12,4098,Friday,Weekday,East,15649752.0,40500,11:15:00,40648,11:17:28,20,1789,Washington Ave & S. Swan St (01789),0,0,3,,,42412,11:46:52,,,42412,11:46:52,0,00:00:00,door not opened
07/11/2025,12,4098,Friday,Weekday,East,15649752.0,40500,11:15:00,40648,11:17:28,19,1788,Washington Ave & Dove St (01788),0,0,3,,,42342,11:45:42,,,42342,11:45:42,0,00:00:00,door not opened
07/11/2025,12,4098,Friday,Weekday,East,15649752.0,40500,11:15:00,40648,11:17:28,18,2663,Lark/Library Station - Washington Ave & Lark St (02663),0,1,3,42120.0,11:42:00,42292,11:44:52,42120.0,11:42:00,42303,11:45:03,11,00:00:11,doors opened
07/11/2025,12,4098,Friday,Weekday,West,15649755.0,43200,12:00:00,43281,12:01:21,25,12891,1475 Washington Ave (12891),0,0,10,,,45020,12:30:20,,,45020,12:30:20,0,00:00:00,door not opened
07/11/2025,12,4098,Friday,Weekday,West,15649755.0,43200,12:00:00,43281,12:01:21,24,7216,SUNY Collins Circle (07216),1,0,10,44820.0,12:27:00,44887,12:28:07,44820.0,12:27:00,44887,12:28:07,0,00:00:00,door not opened
07/11/2025,12,4098,Friday,Weekday,West,15649755.0,43200,12:00:00,43281,12:01:21,23,3262,1383 Washington Ave (Fairfield Inn) (03262),0,2,9,,,44745,12:25:45,,,44767,12:26:07,22,00:00:22,doors opened
07/11/2025,12,4098,Friday,Weekday,West,15649755.0,43200,12:00:00,43281,12:01:21,22,976,Washington Ave & Brevator St (00976),0,0,11,,,44634,12:23:54,,,44634,12:23:54,0,00:00:00,door not opened
07/11/2025,12,4098,Friday,Weekday,West,15649755.0,43200,12:00:00,43281,12:01:21,21,1959,Washington Ave & Colvin Ave (01959),0,0,11,,,44615,12:23:35,,,44615,12:23:35,0,00:00:00,door not opened
07/11/2025,12,4098,Friday,Weekday,West,15649755.0,43200,12:00:00,43281,12:01:21,20,3399,Washington Ave & Danker Ave (03399),1,0,11,,,44572,12:22:52,,,44586,12:23:06,14,00:00:14,doors opened
07/11/2025,12,4098,Friday,Weekday,West,15649755.0,43200,12:00:00,43281,12:01:21,19,1849,Washington Ave & Homestead Ave (01849),1,0,10,,,44536,12:22:16,,,44547,12:22:27,11,00:00:11,doors opened
07/11/2025,12,4098,Friday,Weekday,West,15649755.0,43200,12:00:00,43281,12:01:21,18,1846,Washington Ave & Manning Blvd (01846),1,0,9,,,44460,12:21:00,,,44512,12:21:52,52,00:00:52,doors opened
07/11/2025,12,4098,Friday,Weekday,West,15649755.0,43200,12:00:00,43281,12:01:21,17,3287,Washington Ave & N. Allen St (03287),1,1,8,44400.0,12:20:00,44382,12:19:42,44400.0,12:20:00,44420,12:20:20,38,00:00:38,doors opened
07/11/2025,12,4098,Friday,Weekday,West,15649755.0,43200,12:00:00,43281,12:01:21,16,3264,Washington Ave & N. Main Ave (03264),0,0,8,,,44348,12:19:08,,,44348,12:19:08,0,00:00:00,door not opened
07/11/2025,12,4098,Friday,Weekday,West,15649755.0,43200,12:00:00,43281,12:01:21,11,1843,Washington Ave & Robin St (01843),1,0,7,,,44121,12:15:21,,,44132,12:15:32,11,00:00:11,doors opened
07/11/2025,12,4098,Friday,Weekday,West,15649755.0,43200,12:00:00,43281,12:01:21,10,12943,Washington Ave & Lexington Ave (12943),0,1,6,,,44082,12:14:42,,,44095,12:14:55,13,00:00:13,doors opened
07/11/2025,12,4098,Friday,Weekday,West,15649755.0,43200,12:00:00,43281,12:01:21,9,12942,Washington Ave & Henry Johnson Blvd (12942),0,1,7,,,44031,12:13:51,,,44039,12:13:59,8,00:00:08,doors opened
07/11/2025,12,4098,Friday,Weekday,West,15649755.0,43200,12:00:00,43281,12:01:21,8,3239,Lark/Library Station - Washington Ave & Lark St (03239),5,1,8,43740.0,12:09:00,43855,12:10:55,43740.0,12:09:00,43935,12:12:15,80,00:01:20,doors opened
07/11/2025,12,4098,Friday,Weekday,West,15649755.0,43200,12:00:00,43281,12:01:21,7,3301,Washington Ave & S. Swan St (03301),0,2,4,,,43717,12:08:37,,,43802,12:10:02,85,00:01:25,doors opened
07/11/2025,12,4098,Friday,Weekday,West,15649755.0,43200,12:00:00,43281,12:01:21,6,3250,Hawk/Capitol Station - Washington Ave & Hawk St (03250),0,0,6,,,43691,12:08:11,,,43691,12:08:11,0,00:00:00,door not opened
07/11/2025,12,4098,Friday,Weekday,West,15649755.0,43200,12:00:00,43281,12:01:21,5,10087,State St & Eagle St (10087),0,0,6,,,43655,12:07:35,,,43655,12:07:35,0,00:00:00,door not opened
07/11/2025,12,4098,Friday,Weekday,West,15649755.0,43200,12:00:00,43281,12:01:21,4,2665,State/Downtown Station - State St & Lodge St (02665),0,0,6,43440.0,12:04:00,43623,12:07:03,43440.0,12:04:00,43623,12:07:03,0,00:00:00,door not opened
07/11/2025,12,4098,Friday,Weekday,West,15649755.0,43200,12:00:00,43281,12:01:21,3,3221,State Station - N. Pearl St & Ten Eyck Plaza (03221),5,0,6,,,43485,12:04:45,,,43574,12:06:14,89,00:01:29,doors opened
07/11/2025,12,4098,Friday,Weekday,West,15649755.0,43200,12:00:00,43281,12:01:21,2,3233,N. Pearl St & Sheridan Ave (03233),0,0,1,,,43390,12:03:10,,,43390,12:03:10,0,00:00:00,door not opened
07/11/2025,12,4098,Friday,Weekday,West,15649755.0,43200,12:00:00,43281,12:01:21,27,7175,Crossgates Mall Station (07175),0,7,0,45600.0,12:40:00,45463,12:37:43,45600.0,12:40:00,45463,12:37:43,0,00:00:00,doors opened
07/11/2025,12,4098,Friday,Weekday,West,15649755.0,43200,12:00:00,43281,12:01:21,26,12828,Crossgates Commons Station (12828),1,4,7,45180.0,12:33:00,45225,12:33:45,45180.0,12:33:00,45260,12:34:20,35,00:00:35,doors opened
07/11/2025,12,4098,Friday,Weekday,West,15649755.0,43200,12:00:00,43281,12:01:21,15,1839,Washington Ave & Partridge St (01839),0,0,8,,,44285,12:18:05,,,44285,12:18:05,0,00:00:00,door not opened
07/11/2025,12,4098,Friday,Weekday,West,15649755.0,43200,12:00:00,43281,12:01:21,14,1841,Washington Ave & Ontario St (01841),0,0,8,44160.0,12:16:00,44261,12:17:41,44160.0,12:16:00,44261,12:17:41,0,00:00:00,door not opened
07/11/2025,12,4098,Friday,Weekday,West,15649755.0,43200,12:00:00,43281,12:01:21,13,1842,Washington Ave & Quail St (01842),1,1,8,,,44198,12:16:38,,,44237,12:17:17,39,00:00:39,doors opened
07/11/2025,12,4098,Friday,Weekday,West,15649755.0,43200,12:00:00,43281,12:01:21,12,1837,Washington Ave & N. Lake Ave (01837),1,0,8,,,44157,12:15:57,,,44169,12:16:09,12,00:00:12,doors opened
07/11/2025,12,4098,Friday,Weekday,West,15649755.0,43200,12:00:00,43281,12:01:21,1,2168,Clinton Square Station - N. Pearl St & Clinton Ave (02168),0,0,1,,,43358,12:02:38,,,43358,12:02:38,0,00:00:00,door not opened
07/11/2025,12,4098,Friday,Weekday,West,15649755.0,43200,12:00:00,43281,12:01:21,0,9018,Broadway & Orange St (09018),0,0,1,43200.0,12:00:00,43281,12:01:21,43200.0,12:00:00,43281,12:01:21,0,00:00:00,door not opened
07/11/2025,12,4098,Friday,Weekday,East,15649758.0,46500,12:55:00,46538,12:55:38,24,3940,Broadway & Steuben St (03940),0,0,0,48660.0,13:31:00,48465,13:27:45,48660.0,13:31:00,48465,13:27:45,0,00:00:00,door not opened
07/11/2025,12,4098,Friday,Weekday,East,15649758.0,46500,12:55:00,46538,12:55:38,23,2509,State/Downtown Station - State St & S. Pearl St (02509),0,0,0,48480.0,13:28:00,48398,13:26:38,48480.0,13:28:00,48398,13:26:38,0,00:00:00,door not opened
07/11/2025,12,4098,Friday,Weekday,East,15649758.0,46500,12:55:00,46538,12:55:38,22,1787,State St & Eagle St (01787),0,3,0,,,48346,13:25:46,,,48346,13:25:46,0,00:00:00,door not opened
07/11/2025,12,4098,Friday,Weekday,East,15649758.0,46500,12:55:00,46538,12:55:38,21,2706,Hawk/Capitol Station - Washington Ave & Hawk St (02706),0,0,3,,,48240,13:24:00,,,48240,13:24:00,0,00:00:00,door not opened
07/11/2025,12,4098,Friday,Weekday,East,15649758.0,46500,12:55:00,46538,12:55:38,20,1789,Washington Ave & S. Swan St (01789),0,0,3,,,48211,13:23:31,,,48211,13:23:31,0,00:00:00,door not opened
07/11/2025,12,4098,Friday,Weekday,East,15649758.0,46500,12:55:00,46538,12:55:38,19,1788,Washington Ave & Dove St (01788),0,0,3,,,48179,13:22:59,,,48179,13:22:59,0,00:00:00,door not opened
07/11/2025,12,4098,Friday,Weekday,East,15649758.0,46500,12:55:00,46538,12:55:38,18,2663,Lark/Library Station - Washington Ave & Lark St (02663),0,4,3,48180.0,13:23:00,48136,13:22:16,48180.0,13:23:00,48155,13:22:35,19,00:00:19,doors opened
07/11/2025,12,4098,Friday,Weekday,East,15649758.0,46500,12:55:00,46538,12:55:38,17,263,Washington Ave & Henry Johnson Blvd (00263),0,1,7,,,48027,13:20:27,,,48101,13:21:41,74,00:01:14,doors opened
07/11/2025,12,4098,Friday,Weekday,East,15649758.0,46500,12:55:00,46538,12:55:38,16,2096,Washington Ave & Lexington Ave (02096),0,0,8,,,47946,13:19:06,,,47946,13:19:06,0,00:00:00,door not opened
07/11/2025,12,4098,Friday,Weekday,East,15649758.0,46500,12:55:00,46538,12:55:38,15,3253,Washington Ave & Robin St (Draper Hall) (03253),0,0,8,,,47926,13:18:46,,,47926,13:18:46,0,00:00:00,door not opened
07/11/2025,12,4098,Friday,Weekday,East,15649758.0,46500,12:55:00,46538,12:55:38,14,2109,Washington Ave & N. Lake Ave (02109),0,2,8,,,47864,13:17:44,,,47888,13:18:08,24,00:00:24,doors opened
07/11/2025,12,4098,Friday,Weekday,East,15649758.0,46500,12:55:00,46538,12:55:38,13,3255,Washington Ave & Quail St (03255),0,0,10,,,47839,13:17:19,,,47839,13:17:19,0,00:00:00,door not opened
07/11/2025,12,4098,Friday,Weekday,East,15649758.0,46500,12:55:00,46538,12:55:38,12,3256,Washington Ave & Ontario St (03256),0,0,10,47760.0,13:16:00,47791,13:16:31,47760.0,13:16:00,47791,13:16:31,0,00:00:00,door not opened
07/11/2025,12,4098,Friday,Weekday,East,15649758.0,46500,12:55:00,46538,12:55:38,11,2107,Washington Ave & Partridge St (02107),0,0,10,,,47760,13:16:00,,,47760,13:16:00,0,00:00:00,door not opened
07/11/2025,12,4098,Friday,Weekday,East,15649758.0,46500,12:55:00,46538,12:55:38,10,3257,Washington Ave & N. Main Ave (03257),0,1,10,,,47671,13:14:31,,,47690,13:14:50,19,00:00:19,doors opened
07/11/2025,12,4098,Friday,Weekday,East,15649758.0,46500,12:55:00,46538,12:55:38,9,1796,Washington Ave & N. Allen St (01796),0,2,11,47580.0,13:13:00,47621,13:13:41,47580.0,13:13:00,47637,13:13:57,16,00:00:16,doors opened
07/11/2025,12,4098,Friday,Weekday,East,15649758.0,46500,12:55:00,46538,12:55:38,8,11581,Washington Ave & Manning Blvd (11581),4,0,13,,,47524,13:12:04,,,47576,13:12:56,52,00:00:52,doors opened
07/11/2025,12,4098,Friday,Weekday,East,15649758.0,46500,12:55:00,46538,12:55:38,7,2180,Washington Ave & Homestead Ave (02180),0,0,9,,,47503,13:11:43,,,47503,13:11:43,0,00:00:00,door not opened
07/11/2025,12,4098,Friday,Weekday,East,15649758.0,46500,12:55:00,46538,12:55:38,6,2182,Washington Ave & Hawthorne St (02182),0,0,9,,,47483,13:11:23,,,47483,13:11:23,0,00:00:00,door not opened
07/11/2025,12,4098,Friday,Weekday,East,15649758.0,46500,12:55:00,46538,12:55:38,5,3304,Washington Ave & Clermont St (03304),0,0,9,,,47472,13:11:12,,,47472,13:11:12,0,00:00:00,door not opened
07/11/2025,12,4098,Friday,Weekday,East,15649758.0,46500,12:55:00,46538,12:55:38,4,3348,Washington Ave & Brevator St (03348),0,0,9,,,47456,13:10:56,,,47456,13:10:56,0,00:00:00,door not opened
07/11/2025,12,4098,Friday,Weekday,East,15649758.0,46500,12:55:00,46538,12:55:38,3,10134,Washington Ave & SUNY Exit Rd (10134),2,0,9,,,47262,13:07:42,,,47292,13:08:12,30,00:00:30,doors opened
07/11/2025,12,4098,Friday,Weekday,East,15649758.0,46500,12:55:00,46538,12:55:38,2,7216,SUNY Collins Circle (07216),0,1,7,47100.0,13:05:00,47075,13:04:35,47100.0,13:05:00,47089,13:04:49,14,00:00:14,doors opened
07/11/2025,12,4098,Friday,Weekday,East,15649758.0,46500,12:55:00,46538,12:55:38,1,12827,Crossgates Commons Station (12827),5,1,8,46800.0,13:00:00,46803,13:00:03,46800.0,13:00:00,46853,13:00:53,50,00:00:50,doors opened
07/11/2025,12,4098,Friday,Weekday,East,15649758.0,46500,12:55:00,46538,12:55:38,0,7175,Crossgates Mall Station (07175),3,0,4,46500.0,12:55:00,46538,12:55:38,46500.0,12:55:00,46538,12:55:38,0,00:00:00,doors opened
07/11/2025,12,4098,Friday,Weekday,West,15649863.0,49200,13:40:00,49273,13:41:13,1,2168,Clinton Square Station - N. Pearl St & Clinton Ave (02168),1,0,1,,,49316,13:41:56,,,49330,13:42:10,14,00:00:14,doors opened
07/11/2025,12,4098,Friday,Weekday,West,15649863.0,49200,13:40:00,49273,13:41:13,0,9018,Broadway & Orange St (09018),0,0,0,49200.0,13:40:00,49273,13:41:13,49200.0,13:40:00,49273,13:41:13,0,00:00:00,door not opened
07/11/2025,12,4098,Friday,Weekday,West,15649863.0,49200,13:40:00,49273,13:41:13,23,3262,1383 Washington Ave (Fairfield Inn) (03262),0,0,18,,,50862,14:07:42,,,50862,14:07:42,0,00:00:00,door not opened
07/11/2025,12,4098,Friday,Weekday,West,15649863.0,49200,13:40:00,49273,13:41:13,22,976,Washington Ave & Brevator St (00976),0,0,18,,,50706,14:05:06,,,50706,14:05:06,0,00:00:00,door not opened
07/11/2025,12,4098,Friday,Weekday,West,15649863.0,49200,13:40:00,49273,13:41:13,21,1959,Washington Ave & Colvin Ave (01959),0,0,18,,,50690,14:04:50,,,50690,14:04:50,0,00:00:00,door not opened
07/11/2025,12,4098,Friday,Weekday,West,15649863.0,49200,13:40:00,49273,13:41:13,20,3399,Washington Ave & Danker Ave (03399),0,0,18,,,50645,14:04:05,,,50645,14:04:05,0,00:00:00,door not opened
07/11/2025,12,4098,Friday,Weekday,West,15649863.0,49200,13:40:00,49273,13:41:13,19,1849,Washington Ave & Homestead Ave (01849),1,0,18,,,50607,14:03:27,,,50621,14:03:41,14,00:00:14,doors opened
07/11/2025,12,4098,Friday,Weekday,West,15649863.0,49200,13:40:00,49273,13:41:13,18,1846,Washington Ave & Manning Blvd (01846),0,0,17,,,50586,14:03:06,,,50586,14:03:06,0,00:00:00,door not opened
07/11/2025,12,4098,Friday,Weekday,West,15649863.0,49200,13:40:00,49273,13:41:13,17,3287,Washington Ave & N. Allen St (03287),0,1,17,50460.0,14:01:00,50544,14:02:24,50460.0,14:01:00,50555,14:02:35,11,00:00:11,doors opened
07/11/2025,12,4098,Friday,Weekday,West,15649863.0,49200,13:40:00,49273,13:41:13,16,3264,Washington Ave & N. Main Ave (03264),0,2,18,,,50476,14:01:16,,,50510,14:01:50,34,00:00:34,doors opened
07/11/2025,12,4098,Friday,Weekday,West,15649863.0,49200,13:40:00,49273,13:41:13,15,1839,Washington Ave & Partridge St (01839),0,0,20,,,50385,13:59:45,,,50385,13:59:45,0,00:00:00,door not opened
07/11/2025,12,4098,Friday,Weekday,West,15649863.0,49200,13:40:00,49273,13:41:13,14,1841,Washington Ave & Ontario St (01841),1,1,20,50160.0,13:56:00,50319,13:58:39,50160.0,13:56:00,50332,13:58:52,13,00:00:13,doors opened
07/11/2025,12,4098,Friday,Weekday,West,15649863.0,49200,13:40:00,49273,13:41:13,13,1842,Washington Ave & Quail St (01842),3,0,20,,,50195,13:56:35,,,50293,13:58:13,98,00:01:38,doors opened
07/11/2025,12,4098,Friday,Weekday,West,15649863.0,49200,13:40:00,49273,13:41:13,12,1837,Washington Ave & N. Lake Ave (01837),1,0,17,,,50121,13:55:21,,,50164,13:56:04,43,00:00:43,doors opened
07/11/2025,12,4098,Friday,Weekday,West,15649863.0,49200,13:40:00,49273,13:41:13,11,1843,Washington Ave & Robin St (01843),0,0,16,,,50101,13:55:01,,,50101,13:55:01,0,00:00:00,door not opened
07/11/2025,12,4098,Friday,Weekday,West,15649863.0,49200,13:40:00,49273,13:41:13,10,12943,Washington Ave & Lexington Ave (12943),0,0,16,,,50083,13:54:43,,,50083,13:54:43,0,00:00:00,door not opened
07/11/2025,12,4098,Friday,Weekday,West,15649863.0,49200,13:40:00,49273,13:41:13,9,12942,Washington Ave & Henry Johnson Blvd (12942),2,0,16,,,50035,13:53:55,,,50049,13:54:09,14,00:00:14,doors opened
07/11/2025,12,4098,Friday,Weekday,West,15649863.0,49200,13:40:00,49273,13:41:13,8,3239,Lark/Library Station - Washington Ave & Lark St (03239),3,5,14,49740.0,13:49:00,49854,13:50:54,49740.0,13:49:00,49954,13:52:34,100,00:01:40,doors opened
07/11/2025,12,4098,Friday,Weekday,West,15649863.0,49200,13:40:00,49273,13:41:13,7,3301,Washington Ave & S. Swan St (03301),2,0,16,,,49729,13:48:49,,,49806,13:50:06,77,00:01:17,doors opened
07/11/2025,12,4098,Friday,Weekday,West,15649863.0,49200,13:40:00,49273,13:41:13,6,3250,Hawk/Capitol Station - Washington Ave & Hawk St (03250),5,0,14,,,49646,13:47:26,,,49699,13:48:19,53,00:00:53,doors opened
07/11/2025,12,4098,Friday,Weekday,West,15649863.0,49200,13:40:00,49273,13:41:13,5,10087,State St & Eagle St (10087),0,0,9,,,49618,13:46:58,,,49618,13:46:58,0,00:00:00,door not opened
07/11/2025,12,4098,Friday,Weekday,West,15649863.0,49200,13:40:00,49273,13:41:13,4,2665,State/Downtown Station - State St & Lodge St (02665),0,0,9,49440.0,13:44:00,49507,13:45:07,49440.0,13:44:00,49507,13:45:07,0,00:00:00,door not opened
07/11/2025,12,4098,Friday,Weekday,West,15649863.0,49200,13:40:00,49273,13:41:13,3,3221,State Station - N. Pearl St & Ten Eyck Plaza (03221),8,0,9,,,49390,13:43:10,,,49446,13:44:06,56,00:00:56,doors opened
07/11/2025,12,4098,Friday,Weekday,West,15649863.0,49200,13:40:00,49273,13:41:13,2,3233,N. Pearl St & Sheridan Ave (03233),0,0,1,,,49344,13:42:24,,,49344,13:42:24,0,00:00:00,door not opened
07/11/2025,12,4098,Friday,Weekday,West,15649863.0,49200,13:40:00,49273,13:41:13,27,7175,Crossgates Mall Station (07175),0,6,0,51660.0,14:21:00,51705,14:21:45,51660.0,14:21:00,51705,14:21:45,0,00:00:00,doors opened
07/11/2025,12,4098,Friday,Weekday,West,15649863.0,49200,13:40:00,49273,13:41:13,26,12828,Crossgates Commons Station (12828),0,11,6,51240.0,14:14:00,51450,14:17:30,51240.0,14:14:00,51494,14:18:14,44,00:00:44,doors opened
07/11/2025,12,4098,Friday,Weekday,West,15649863.0,49200,13:40:00,49273,13:41:13,25,12891,1475 Washington Ave (12891),0,0,17,,,51214,14:13:34,,,51214,14:13:34,0,00:00:00,door not opened
07/11/2025,12,4098,Friday,Weekday,West,15649863.0,49200,13:40:00,49273,13:41:13,24,7216,SUNY Collins Circle (07216),2,3,17,50880.0,14:08:00,51043,14:10:43,50880.0,14:08:00,51043,14:10:43,0,00:00:00,door not opened
07/11/2025,12,4098,Friday,Weekday,East,15649748.0,34500,09:35:00,34619,09:36:59,6,2182,Washington Ave & Hawthorne St (02182),0,0,6,,,35768,09:56:08,,,35768,09:56:08,0,00:00:00,door not opened
07/11/2025,12,4098,Friday,Weekday,East,15649748.0,34500,09:35:00,34619,09:36:59,5,3304,Washington Ave & Clermont St (03304),0,0,6,,,35750,09:55:50,,,35750,09:55:50,0,00:00:00,door not opened
07/11/2025,12,4098,Friday,Weekday,East,15649748.0,34500,09:35:00,34619,09:36:59,4,3348,Washington Ave & Brevator St (03348),0,0,6,,,35693,09:54:53,,,35693,09:54:53,0,00:00:00,door not opened
07/11/2025,12,4098,Friday,Weekday,East,15649748.0,34500,09:35:00,34619,09:36:59,3,10134,Washington Ave & SUNY Exit Rd (10134),1,0,6,,,35525,09:52:05,,,35537,09:52:17,12,00:00:12,doors opened
07/11/2025,12,4098,Friday,Weekday,East,15649748.0,34500,09:35:00,34619,09:36:59,2,7216,SUNY Collins Circle (07216),1,0,5,35100.0,09:45:00,35353,09:49:13,35100.0,09:45:00,35369,09:49:29,16,00:00:16,doors opened
07/11/2025,12,4098,Friday,Weekday,East,15649748.0,34500,09:35:00,34619,09:36:59,1,12827,Crossgates Commons Station (12827),4,0,4,34800.0,09:40:00,34944,09:42:24,34800.0,09:40:00,35045,09:44:05,101,00:01:41,doors opened
07/11/2025,12,4098,Friday,Weekday,East,15649748.0,34500,09:35:00,34619,09:36:59,0,7175,Crossgates Mall Station (07175),0,0,0,34500.0,09:35:00,34619,09:36:59,34500.0,09:35:00,34619,09:36:59,0,00:00:00,doors opened
07/11/2025,12,4098,Friday,Weekday,East,15649748.0,34500,09:35:00,34619,09:36:59,16,2096,Washington Ave & Lexington Ave (02096),0,0,6,,,36251,10:04:11,,,36251,10:04:11,0,00:00:00,door not opened
07/11/2025,12,4098,Friday,Weekday,East,15649748.0,34500,09:35:00,34619,09:36:59,15,3253,Washington Ave & Robin St (Draper Hall) (03253),0,0,6,,,36220,10:03:40,,,36220,10:03:40,0,00:00:00,door not opened
07/11/2025,12,4098,Friday,Weekday,East,15649748.0,34500,09:35:00,34619,09:36:59,14,2109,Washington Ave & N. Lake Ave (02109),1,0,6,,,36170,10:02:50,,,36189,10:03:09,19,00:00:19,doors opened
07/11/2025,12,4098,Friday,Weekday,East,15649748.0,34500,09:35:00,34619,09:36:59,13,3255,Washington Ave & Quail St (03255),0,0,5,,,36142,10:02:22,,,36142,10:02:22,0,00:00:00,door not opened
07/11/2025,12,4098,Friday,Weekday,East,15649748.0,34500,09:35:00,34619,09:36:59,12,3256,Washington Ave & Ontario St (03256),0,0,5,35700.0,09:55:00,36123,10:02:03,35700.0,09:55:00,36123,10:02:03,0,00:00:00,door not opened
07/11/2025,12,4098,Friday,Weekday,East,15649748.0,34500,09:35:00,34619,09:36:59,11,2107,Washington Ave & Partridge St (02107),0,0,5,,,36109,10:01:49,,,36109,10:01:49,0,00:00:00,door not opened
07/11/2025,12,4098,Friday,Weekday,East,15649748.0,34500,09:35:00,34619,09:36:59,10,3257,Washington Ave & N. Main Ave (03257),0,0,5,,,35997,09:59:57,,,35997,09:59:57,0,00:00:00,door not opened
07/11/2025,12,4098,Friday,Weekday,East,15649748.0,34500,09:35:00,34619,09:36:59,9,1796,Washington Ave & N. Allen St (01796),0,0,5,35580.0,09:53:00,35923,09:58:43,35580.0,09:53:00,35923,09:58:43,0,00:00:00,door not opened
07/11/2025,12,4098,Friday,Weekday,East,15649748.0,34500,09:35:00,34619,09:36:59,8,11581,Washington Ave & Manning Blvd (11581),0,1,5,,,35818,09:56:58,,,35876,09:57:56,58,00:00:58,doors opened
07/11/2025,12,4098,Friday,Weekday,East,15649748.0,34500,09:35:00,34619,09:36:59,7,2180,Washington Ave & Homestead Ave (02180),0,0,6,,,35796,09:56:36,,,35796,09:56:36,0,00:00:00,door not opened
07/11/2025,12,4098,Friday,Weekday,East,15649748.0,34500,09:35:00,34619,09:36:59,23,2509,State/Downtown Station - State St & S. Pearl St (02509),0,0,0,36360.0,10:06:00,36883,10:14:43,36360.0,10:06:00,36883,10:14:43,0,00:00:00,doors opened
07/11/2025,12,4098,Friday,Weekday,East,15649748.0,34500,09:35:00,34619,09:36:59,22,1787,State St & Eagle St (01787),0,6,0,,,36718,10:11:58,,,36780,10:13:00,62,00:01:02,doors opened
07/11/2025,12,4098,Friday,Weekday,East,15649748.0,34500,09:35:00,34619,09:36:59,21,2706,Hawk/Capitol Station - Washington Ave & Hawk St (02706),0,1,6,,,36622,10:10:22,,,36631,10:10:31,9,00:00:09,doors opened
07/11/2025,12,4098,Friday,Weekday,East,15649748.0,34500,09:35:00,34619,09:36:59,20,1789,Washington Ave & S. Swan St (01789),0,0,7,,,36601,10:10:01,,,36601,10:10:01,0,00:00:00,door not opened
07/11/2025,12,4098,Friday,Weekday,East,15649748.0,34500,09:35:00,34619,09:36:59,19,1788,Washington Ave & Dove St (01788),0,0,7,,,36580,10:09:40,,,36580,10:09:40,0,00:00:00,door not opened
07/11/2025,12,4098,Friday,Weekday,East,15649748.0,34500,09:35:00,34619,09:36:59,18,2663,Lark/Library Station - Washington Ave & Lark St (02663),3,2,7,36060.0,10:01:00,36422,10:07:02,36060.0,10:01:00,36518,10:08:38,96,00:01:36,doors opened
07/11/2025,12,4098,Friday,Weekday,East,15649748.0,34500,09:35:00,34619,09:36:59,17,263,Washington Ave & Henry Johnson Blvd (00263),0,0,6,,,36351,10:05:51,,,36351,10:05:51,0,00:00:00,door not opened
07/11/2025,12,4106,Friday,Weekday,West,15649068.0,33600,09:20:00,33740,09:22:20,27,7175,Crossgates Mall Station (07175),0,8,0,36120.0,10:02:00,35981,09:59:41,36120.0,10:02:00,35981,09:59:41,0,00:00:00,doors opened
07/11/2025,12,4106,Friday,Weekday,West,15649068.0,33600,09:20:00,33740,09:22:20,26,12828,Crossgates Commons Station (12828),0,4,8,35700.0,09:55:00,35689,09:54:49,35700.0,09:55:00,35706,09:55:06,17,00:00:17,doors opened
07/11/2025,12,4106,Friday,Weekday,West,15649068.0,33600,09:20:00,33740,09:22:20,25,12891,1475 Washington Ave (12891),0,0,12,,,35508,09:51:48,,,35508,09:51:48,0,00:00:00,door not opened
07/11/2025,12,4106,Friday,Weekday,West,15649068.0,33600,09:20:00,33740,09:22:20,24,7216,SUNY Collins Circle (07216),1,2,12,35340.0,09:49:00,35368,09:49:28,35340.0,09:49:00,35389,09:49:49,21,00:00:21,doors opened
07/11/2025,12,4106,Friday,Weekday,West,15649068.0,33600,09:20:00,33740,09:22:20,23,3262,1383 Washington Ave (Fairfield Inn) (03262),0,3,13,,,35258,09:47:38,,,35274,09:47:54,16,00:00:16,doors opened
07/11/2025,12,4106,Friday,Weekday,West,15649068.0,33600,09:20:00,33740,09:22:20,22,976,Washington Ave & Brevator St (00976),0,0,16,,,35111,09:45:11,,,35111,09:45:11,0,00:00:00,door not opened
07/11/2025,12,4106,Friday,Weekday,West,15649068.0,33600,09:20:00,33740,09:22:20,21,1959,Washington Ave & Colvin Ave (01959),0,0,16,,,35088,09:44:48,,,35088,09:44:48,0,00:00:00,door not opened
07/11/2025,12,4106,Friday,Weekday,West,15649068.0,33600,09:20:00,33740,09:22:20,20,3399,Washington Ave & Danker Ave (03399),0,0,16,,,35033,09:43:53,,,35033,09:43:53,0,00:00:00,door not opened
07/11/2025,12,4106,Friday,Weekday,West,15649068.0,33600,09:20:00,33740,09:22:20,19,1849,Washington Ave & Homestead Ave (01849),0,0,16,,,35010,09:43:30,,,35010,09:43:30,0,00:00:00,door not opened
07/11/2025,12,4106,Friday,Weekday,West,15649068.0,33600,09:20:00,33740,09:22:20,18,1846,Washington Ave & Manning Blvd (01846),1,0,16,,,34935,09:42:15,,,34976,09:42:56,41,00:00:41,doors opened
07/11/2025,12,4106,Friday,Weekday,West,15649068.0,33600,09:20:00,33740,09:22:20,17,3287,Washington Ave & N. Allen St (03287),0,0,15,34860.0,09:41:00,34907,09:41:47,34860.0,09:41:00,34907,09:41:47,0,00:00:00,door not opened
07/11/2025,12,4106,Friday,Weekday,West,15649068.0,33600,09:20:00,33740,09:22:20,16,3264,Washington Ave & N. Main Ave (03264),3,0,15,,,34845,09:40:45,,,34872,09:41:12,27,00:00:27,doors opened
07/11/2025,12,4106,Friday,Weekday,West,15649068.0,33600,09:20:00,33740,09:22:20,15,1839,Washington Ave & Partridge St (01839),3,1,12,,,34735,09:38:55,,,34760,09:39:20,25,00:00:25,doors opened
07/11/2025,12,4106,Friday,Weekday,West,15649068.0,33600,09:20:00,33740,09:22:20,14,1841,Washington Ave & Ontario St (01841),1,0,10,34620.0,09:37:00,34582,09:36:22,34620.0,09:37:00,34709,09:38:29,127,00:02:07,doors opened
07/11/2025,12,4106,Friday,Weekday,West,15649068.0,33600,09:20:00,33740,09:22:20,13,1842,Washington Ave & Quail St (01842),3,0,9,,,34507,09:35:07,,,34553,09:35:53,46,00:00:46,doors opened
07/11/2025,12,4106,Friday,Weekday,West,15649068.0,33600,09:20:00,33740,09:22:20,12,1837,Washington Ave & N. Lake Ave (01837),0,0,6,,,34481,09:34:41,,,34481,09:34:41,0,00:00:00,door not opened
07/11/2025,12,4106,Friday,Weekday,West,15649068.0,33600,09:20:00,33740,09:22:20,11,1843,Washington Ave & Robin St (01843),1,0,6,,,34438,09:33:58,,,34457,09:34:17,19,00:00:19,doors opened
07/11/2025,12,4106,Friday,Weekday,West,15649068.0,33600,09:20:00,33740,09:22:20,10,12943,Washington Ave & Lexington Ave (12943),1,0,5,,,34391,09:33:11,,,34407,09:33:27,16,00:00:16,doors opened
07/11/2025,12,4106,Friday,Weekday,West,15649068.0,33600,09:20:00,33740,09:22:20,9,12942,Washington Ave & Henry Johnson Blvd (12942),1,0,4,,,34326,09:32:06,,,34357,09:32:37,31,00:00:31,doors opened
07/11/2025,12,4106,Friday,Weekday,West,15649068.0,33600,09:20:00,33740,09:22:20,8,3239,Lark/Library Station - Washington Ave & Lark St (03239),0,0,3,34200.0,09:30:00,34216,09:30:16,34200.0,09:30:00,34287,09:31:27,71,00:01:11,doors opened
07/11/2025,12,4106,Friday,Weekday,West,15649068.0,33600,09:20:00,33740,09:22:20,7,3301,Washington Ave & S. Swan St (03301),0,0,3,,,34170,09:29:30,,,34170,09:29:30,0,00:00:00,door not opened
07/11/2025,12,4106,Friday,Weekday,West,15649068.0,33600,09:20:00,33740,09:22:20,6,3250,Hawk/Capitol Station - Washington Ave & Hawk St (03250),0,0,3,,,34145,09:29:05,,,34145,09:29:05,0,00:00:00,door not opened
07/11/2025,12,4106,Friday,Weekday,West,15649068.0,33600,09:20:00,33740,09:22:20,5,10087,State St & Eagle St (10087),0,0,3,,,34114,09:28:34,,,34114,09:28:34,0,00:00:00,door not opened
07/11/2025,12,4106,Friday,Weekday,West,15649068.0,33600,09:20:00,33740,09:22:20,4,2665,State/Downtown Station - State St & Lodge St (02665),2,0,3,33900.0,09:25:00,33998,09:26:38,33900.0,09:25:00,34020,09:27:00,22,00:00:22,doors opened
07/11/2025,12,4106,Friday,Weekday,West,15649068.0,33600,09:20:00,33740,09:22:20,3,3221,State Station - N. Pearl St & Ten Eyck Plaza (03221),0,0,1,,,33892,09:24:52,,,33972,09:26:12,80,00:01:20,doors opened
07/11/2025,12,4106,Friday,Weekday,West,15649068.0,33600,09:20:00,33740,09:22:20,2,3233,N. Pearl St & Sheridan Ave (03233),0,0,1,,,33846,09:24:06,,,33846,09:24:06,0,00:00:00,door not opened
07/11/2025,12,4106,Friday,Weekday,West,15649068.0,33600,09:20:00,33740,09:22:20,1,2168,Clinton Square Station - N. Pearl St & Clinton Ave (02168),2,1,1,,,33801,09:23:21,,,33822,09:23:42,21,00:00:21,doors opened
07/11/2025,12,4106,Friday,Weekday,West,15649068.0,33600,09:20:00,33740,09:22:20,0,9018,Broadway & Orange St (09018),0,0,0,33600.0,09:20:00,33740,09:22:20,33600.0,09:20:00,33740,09:22:20,0,00:00:00,door not opened
07/11/2025,12,4106,Friday,Weekday,East,15649073.0,41700,11:35:00,41729,11:35:29,24,3940,Broadway & Steuben St (03940),0,2,0,43800.0,12:10:00,44218,12:16:58,43800.0,12:10:00,44218,12:16:58,0,00:00:00,doors opened
07/11/2025,12,4106,Friday,Weekday,East,15649073.0,41700,11:35:00,41729,11:35:29,23,2509,State/Downtown Station - State St & S. Pearl St (02509),1,9,2,43620.0,12:07:00,44040,12:14:00,43620.0,12:07:00,44113,12:15:13,73,00:01:13,doors opened
07/11/2025,12,4106,Friday,Weekday,East,15649073.0,41700,11:35:00,41729,11:35:29,22,1787,State St & Eagle St (01787),0,0,10,,,44021,12:13:41,,,44021,12:13:41,0,00:00:00,door not opened
07/11/2025,12,4106,Friday,Weekday,East,15649073.0,41700,11:35:00,41729,11:35:29,21,2706,Hawk/Capitol Station - Washington Ave & Hawk St (02706),0,0,10,,,43900,12:11:40,,,43900,12:11:40,0,00:00:00,door not opened
07/11/2025,12,4106,Friday,Weekday,East,15649073.0,41700,11:35:00,41729,11:35:29,20,1789,Washington Ave & S. Swan St (01789),0,1,10,,,43810,12:10:10,,,43823,12:10:23,13,00:00:13,doors opened
07/11/2025,12,4106,Friday,Weekday,East,15649073.0,41700,11:35:00,41729,11:35:29,19,1788,Washington Ave & Dove St (01788),4,4,11,,,43726,12:08:46,,,43778,12:09:38,52,00:00:52,doors opened
07/11/2025,12,4106,Friday,Weekday,East,15649073.0,41700,11:35:00,41729,11:35:29,18,2663,Lark/Library Station - Washington Ave & Lark St (02663),0,1,11,43320.0,12:02:00,43604,12:06:44,43320.0,12:02:00,43698,12:08:18,94,00:01:34,doors opened
07/11/2025,12,4106,Friday,Weekday,East,15649073.0,41700,11:35:00,41729,11:35:29,17,263,Washington Ave & Henry Johnson Blvd (00263),0,1,12,,,43478,12:04:38,,,43543,12:05:43,65,00:01:05,doors opened
07/11/2025,12,4106,Friday,Weekday,East,15649073.0,41700,11:35:00,41729,11:35:29,16,2096,Washington Ave & Lexington Ave (02096),1,0,13,,,43351,12:02:31,,,43372,12:02:52,21,00:00:21,doors opened
07/11/2025,12,4106,Friday,Weekday,East,15649073.0,41700,11:35:00,41729,11:35:29,15,3253,Washington Ave & Robin St (Draper Hall) (03253),1,0,12,,,43298,12:01:38,,,43329,12:02:09,31,00:00:31,doors opened
07/11/2025,12,4106,Friday,Weekday,East,15649073.0,41700,11:35:00,41729,11:35:29,14,2109,Washington Ave & N. Lake Ave (02109),0,0,11,,,43275,12:01:15,,,43275,12:01:15,0,00:00:00,door not opened
07/11/2025,12,4106,Friday,Weekday,East,15649073.0,41700,11:35:00,41729,11:35:29,13,3255,Washington Ave & Quail St (03255),1,0,11,,,43203,12:00:03,,,43224,12:00:24,21,00:00:21,doors opened
07/11/2025,12,4106,Friday,Weekday,East,15649073.0,41700,11:35:00,41729,11:35:29,12,3256,Washington Ave & Ontario St (03256),0,0,10,42960.0,11:56:00,43186,11:59:46,42960.0,11:56:00,43186,11:59:46,0,00:00:00,door not opened
07/11/2025,12,4106,Friday,Weekday,East,15649073.0,41700,11:35:00,41729,11:35:29,11,2107,Washington Ave & Partridge St (02107),0,0,10,,,43164,11:59:24,,,43164,11:59:24,0,00:00:00,door not opened
07/11/2025,12,4106,Friday,Weekday,East,15649073.0,41700,11:35:00,41729,11:35:29,10,3257,Washington Ave & N. Main Ave (03257),0,0,10,,,43094,11:58:14,,,43094,11:58:14,0,00:00:00,door not opened
07/11/2025,12,4106,Friday,Weekday,East,15649073.0,41700,11:35:00,41729,11:35:29,9,1796,Washington Ave & N. Allen St (01796),3,1,10,42780.0,11:53:00,42994,11:56:34,42780.0,11:53:00,43054,11:57:34,60,00:01:00,doors opened
07/11/2025,12,4106,Friday,Weekday,East,15649073.0,41700,11:35:00,41729,11:35:29,8,11581,Washington Ave & Manning Blvd (11581),0,0,8,,,42959,11:55:59,,,42959,11:55:59,0,00:00:00,door not opened
07/11/2025,12,4106,Friday,Weekday,East,15649073.0,41700,11:35:00,41729,11:35:29,7,2180,Washington Ave & Homestead Ave (02180),0,0,8,,,42933,11:55:33,,,42933,11:55:33,0,00:00:00,door not opened
07/11/2025,12,4106,Friday,Weekday,East,15649073.0,41700,11:35:00,41729,11:35:29,6,2182,Washington Ave & Hawthorne St (02182),0,1,8,,,42893,11:54:53,,,42906,11:55:06,13,00:00:13,doors opened
07/11/2025,12,4106,Friday,Weekday,East,15649073.0,41700,11:35:00,41729,11:35:29,5,3304,Washington Ave & Clermont St (03304),0,0,9,,,42877,11:54:37,,,42877,11:54:37,0,00:00:00,door not opened
07/11/2025,12,4106,Friday,Weekday,East,15649073.0,41700,11:35:00,41729,11:35:29,4,3348,Washington Ave & Brevator St (03348),0,0,9,,,42825,11:53:45,,,42825,11:53:45,0,00:00:00,door not opened
07/11/2025,12,4106,Friday,Weekday,East,15649073.0,41700,11:35:00,41729,11:35:29,3,10134,Washington Ave & SUNY Exit Rd (10134),2,0,9,,,42668,11:51:08,,,42696,11:51:36,28,00:00:28,doors opened
07/11/2025,12,4106,Friday,Weekday,East,15649073.0,41700,11:35:00,41729,11:35:29,2,7216,SUNY Collins Circle (07216),1,1,7,42300.0,11:45:00,42494,11:48:14,42300.0,11:45:00,42511,11:48:31,17,00:00:17,doors opened
07/11/2025,12,4106,Friday,Weekday,East,15649073.0,41700,11:35:00,41729,11:35:29,1,12827,Crossgates Commons Station (12827),4,2,7,42000.0,11:40:00,42063,11:41:03,42000.0,11:40:00,42166,11:42:46,103,00:01:43,doors opened
07/11/2025,12,4106,Friday,Weekday,East,15649073.0,41700,11:35:00,41729,11:35:29,0,7175,Crossgates Mall Station (07175),3,0,5,41700.0,11:35:00,41729,11:35:29,41700.0,11:35:00,41729,11:35:29,0,00:00:00,doors opened
07/11/2025,12,4106,Friday,,West,,51600,14:20:00,53405,14:50:05,27,7175,Crossgates Mall Station (07175),0,25,0,54060.0,15:01:00,53864,14:57:44,54060.0,15:01:00,53864,14:57:44,0,00:00:00,doors opened
07/11/2025,12,4106,Friday,,West,,51600,14:20:00,53405,14:50:05,26,12828,Crossgates Commons Station (12828),6,11,25,53640.0,14:54:00,53575,14:52:55,53640.0,14:54:00,53650,14:54:10,75,00:01:15,doors opened
07/11/2025,12,4106,Friday,Weekday,West,15651260.0,62400,17:20:00,62497,17:21:37,27,7175,Crossgates Mall Station (07175),0,9,0,64920.0,18:02:00,64660,17:57:40,64920.0,18:02:00,64660,17:57:40,0,00:00:00,doors opened
07/11/2025,12,4106,Friday,Weekday,West,15651260.0,62400,17:20:00,62497,17:21:37,26,12828,Crossgates Commons Station (12828),4,7,9,64500.0,17:55:00,64362,17:52:42,64500.0,17:55:00,64402,17:53:22,40,00:00:40,doors opened
07/11/2025,12,4106,Friday,Weekday,West,15651260.0,62400,17:20:00,62497,17:21:37,25,12891,1475 Washington Ave (12891),1,1,12,,,64141,17:49:01,,,64153,17:49:13,12,00:00:12,doors opened
07/11/2025,12,4106,Friday,Weekday,West,15651260.0,62400,17:20:00,62497,17:21:37,24,7216,SUNY Collins Circle (07216),0,0,12,64140.0,17:49:00,63996,17:46:36,64140.0,17:49:00,63996,17:46:36,0,00:00:00,door not opened
07/11/2025,12,4106,Friday,Weekday,West,15651260.0,62400,17:20:00,62497,17:21:37,23,3262,1383 Washington Ave (Fairfield Inn) (03262),0,2,12,,,63900,17:45:00,,,63917,17:45:17,17,00:00:17,doors opened
07/11/2025,12,4106,Friday,Weekday,West,15651260.0,62400,17:20:00,62497,17:21:37,22,976,Washington Ave & Brevator St (00976),0,2,14,,,63777,17:42:57,,,63797,17:43:17,20,00:00:20,doors opened
07/11/2025,12,4106,Friday,Weekday,West,15651260.0,62400,17:20:00,62497,17:21:37,21,1959,Washington Ave & Colvin Ave (01959),0,0,16,,,63759,17:42:39,,,63759,17:42:39,0,00:00:00,door not opened
07/11/2025,12,4106,Friday,Weekday,West,15651260.0,62400,17:20:00,62497,17:21:37,20,3399,Washington Ave & Danker Ave (03399),0,4,16,,,63721,17:42:01,,,63736,17:42:16,15,00:00:15,doors opened
07/11/2025,12,4106,Friday,Weekday,West,15651260.0,62400,17:20:00,62497,17:21:37,19,1849,Washington Ave & Homestead Ave (01849),1,0,20,,,63679,17:41:19,,,63692,17:41:32,13,00:00:13,doors opened
07/11/2025,12,4106,Friday,Weekday,West,15651260.0,62400,17:20:00,62497,17:21:37,18,1846,Washington Ave & Manning Blvd (01846),0,1,19,,,63603,17:40:03,,,63654,17:40:54,51,00:00:51,doors opened
07/11/2025,12,4106,Friday,Weekday,West,15651260.0,62400,17:20:00,62497,17:21:37,17,3287,Washington Ave & N. Allen St (03287),2,0,20,63660.0,17:41:00,63551,17:39:11,63660.0,17:41:00,63573,17:39:33,22,00:00:22,doors opened
07/11/2025,12,4106,Friday,Weekday,West,15651260.0,62400,17:20:00,62497,17:21:37,16,3264,Washington Ave & N. Main Ave (03264),0,0,18,,,63527,17:38:47,,,63527,17:38:47,0,00:00:00,door not opened
07/11/2025,12,4106,Friday,Weekday,West,15651260.0,62400,17:20:00,62497,17:21:37,15,1839,Washington Ave & Partridge St (01839),1,2,18,,,63424,17:37:04,,,63444,17:37:24,20,00:00:20,doors opened
07/11/2025,12,4106,Friday,Weekday,West,15651260.0,62400,17:20:00,62497,17:21:37,14,1841,Washington Ave & Ontario St (01841),2,0,19,63420.0,17:37:00,63371,17:36:11,63420.0,17:37:00,63401,17:36:41,30,00:00:30,doors opened
07/11/2025,12,4106,Friday,Weekday,West,15651260.0,62400,17:20:00,62497,17:21:37,13,1842,Washington Ave & Quail St (01842),3,0,17,,,63285,17:34:45,,,63351,17:35:51,66,00:01:06,doors opened
07/11/2025,12,4106,Friday,Weekday,West,15651260.0,62400,17:20:00,62497,17:21:37,12,1837,Washington Ave & N. Lake Ave (01837),0,2,14,,,63231,17:33:51,,,63259,17:34:19,28,00:00:28,doors opened
07/11/2025,12,4106,Friday,Weekday,West,15651260.0,62400,17:20:00,62497,17:21:37,11,1843,Washington Ave & Robin St (01843),1,1,16,,,63156,17:32:36,,,63207,17:33:27,51,00:00:51,doors opened
07/11/2025,12,4106,Friday,Weekday,West,15651260.0,62400,17:20:00,62497,17:21:37,10,12943,Washington Ave & Lexington Ave (12943),0,1,16,,,63122,17:32:02,,,63130,17:32:10,8,00:00:08,doors opened
07/11/2025,12,4106,Friday,Weekday,West,15651260.0,62400,17:20:00,62497,17:21:37,9,12942,Washington Ave & Henry Johnson Blvd (12942),3,1,17,,,63026,17:30:26,,,63056,17:30:56,30,00:00:30,doors opened
07/11/2025,12,4106,Friday,Weekday,West,15651260.0,62400,17:20:00,62497,17:21:37,8,3239,Lark/Library Station - Washington Ave & Lark St (03239),3,1,15,63000.0,17:30:00,62934,17:28:54,63000.0,17:30:00,62989,17:29:49,55,00:00:55,doors opened
07/11/2025,12,4106,Friday,Weekday,West,15651260.0,62400,17:20:00,62497,17:21:37,7,3301,Washington Ave & S. Swan St (03301),1,0,13,,,62855,17:27:35,,,62872,17:27:52,17,00:00:17,doors opened
07/11/2025,12,4106,Friday,Weekday,West,15651260.0,62400,17:20:00,62497,17:21:37,6,3250,Hawk/Capitol Station - Washington Ave & Hawk St (03250),2,0,12,,,62798,17:26:38,,,62832,17:27:12,34,00:00:34,doors opened
07/11/2025,12,4106,Friday,Weekday,West,15651260.0,62400,17:20:00,62497,17:21:37,5,10087,State St & Eagle St (10087),0,0,10,,,62775,17:26:15,,,62775,17:26:15,0,00:00:00,door not opened
07/11/2025,12,4106,Friday,Weekday,West,15651260.0,62400,17:20:00,62497,17:21:37,4,2665,State/Downtown Station - State St & Lodge St (02665),4,1,10,62700.0,17:25:00,62688,17:24:48,62700.0,17:25:00,62714,17:25:14,26,00:00:26,doors opened
07/11/2025,12,4106,Friday,Weekday,West,15651260.0,62400,17:20:00,62497,17:21:37,3,3221,State Station - N. Pearl St & Ten Eyck Plaza (03221),0,0,7,,,62638,17:23:58,,,62651,17:24:11,13,00:00:13,doors opened
07/11/2025,12,4106,Friday,Weekday,West,15651260.0,62400,17:20:00,62497,17:21:37,2,3233,N. Pearl St & Sheridan Ave (03233),0,0,7,,,62608,17:23:28,,,62608,17:23:28,0,00:00:00,door not opened
07/11/2025,12,4106,Friday,Weekday,West,15651260.0,62400,17:20:00,62497,17:21:37,1,2168,Clinton Square Station - N. Pearl St & Clinton Ave (02168),2,0,7,,,62571,17:22:51,,,62595,17:23:15,24,00:00:24,doors opened
07/11/2025,12,4106,Friday,Weekday,West,15651260.0,62400,17:20:00,62497,17:21:37,0,9018,Broadway & Orange St (09018),0,0,5,62400.0,17:20:00,62497,17:21:37,62400.0,17:20:00,62497,17:21:37,0,00:00:00,door not opened
07/11/2025,12,4106,Friday,Weekday,East,15648691.0,48900,13:35:00,49154,13:39:14,24,3940,Broadway & Steuben St (03940),0,0,0,51060.0,14:11:00,51224,14:13:44,51060.0,14:11:00,51224,14:13:44,0,00:00:00,door not opened
07/11/2025,12,4106,Friday,Weekday,East,15648691.0,48900,13:35:00,49154,13:39:14,23,2509,State/Downtown Station - State St & S. Pearl St (02509),0,9,0,50880.0,14:08:00,51121,14:12:01,50880.0,14:08:00,51143,14:12:23,22,00:00:22,doors opened
07/11/2025,12,4106,Friday,Weekday,East,15648691.0,48900,13:35:00,49154,13:39:14,22,1787,State St & Eagle St (01787),0,0,9,,,51110,14:11:50,,,51110,14:11:50,0,00:00:00,door not opened
07/11/2025,12,4106,Friday,Weekday,East,15648691.0,48900,13:35:00,49154,13:39:14,21,2706,Hawk/Capitol Station - Washington Ave & Hawk St (02706),0,0,9,,,51030,14:10:30,,,51030,14:10:30,0,00:00:00,door not opened
07/11/2025,12,4106,Friday,Weekday,East,15648691.0,48900,13:35:00,49154,13:39:14,20,1789,Washington Ave & S. Swan St (01789),0,0,9,,,51005,14:10:05,,,51005,14:10:05,0,00:00:00,door not opened
07/11/2025,12,4106,Friday,Weekday,East,15648691.0,48900,13:35:00,49154,13:39:14,19,1788,Washington Ave & Dove St (01788),0,0,9,,,50989,14:09:49,,,50989,14:09:49,0,00:00:00,door not opened
07/11/2025,12,4106,Friday,Weekday,East,15648691.0,48900,13:35:00,49154,13:39:14,18,2663,Lark/Library Station - Washington Ave & Lark St (02663),0,0,9,50580.0,14:03:00,50973,14:09:33,50580.0,14:03:00,50973,14:09:33,0,00:00:00,door not opened
07/11/2025,12,4106,Friday,Weekday,East,15648691.0,48900,13:35:00,49154,13:39:14,17,263,Washington Ave & Henry Johnson Blvd (00263),0,1,9,,,50822,14:07:02,,,50863,14:07:43,41,00:00:41,doors opened
07/11/2025,12,4106,Friday,Weekday,East,15648691.0,48900,13:35:00,49154,13:39:14,16,2096,Washington Ave & Lexington Ave (02096),0,0,10,,,50725,14:05:25,,,50725,14:05:25,0,00:00:00,door not opened
07/11/2025,12,4106,Friday,Weekday,East,15648691.0,48900,13:35:00,49154,13:39:14,15,3253,Washington Ave & Robin St (Draper Hall) (03253),1,0,10,,,50673,14:04:33,,,50708,14:05:08,35,00:00:35,doors opened
07/11/2025,12,4106,Friday,Weekday,East,15648691.0,48900,13:35:00,49154,13:39:14,14,2109,Washington Ave & N. Lake Ave (02109),0,0,9,,,50654,14:04:14,,,50654,14:04:14,0,00:00:00,door not opened
07/11/2025,12,4106,Friday,Weekday,East,15648691.0,48900,13:35:00,49154,13:39:14,13,3255,Washington Ave & Quail St (03255),0,4,9,,,50555,14:02:35,,,50601,14:03:21,46,00:00:46,doors opened
07/11/2025,12,4106,Friday,Weekday,East,15648691.0,48900,13:35:00,49154,13:39:14,12,3256,Washington Ave & Ontario St (03256),1,2,13,50160.0,13:56:00,50490,14:01:30,50160.0,13:56:00,50535,14:02:15,45,00:00:45,doors opened
07/11/2025,12,4106,Friday,Weekday,East,15648691.0,48900,13:35:00,49154,13:39:14,11,2107,Washington Ave & Partridge St (02107),0,0,14,,,50472,14:01:12,,,50472,14:01:12,0,00:00:00,door not opened
07/11/2025,12,4106,Friday,Weekday,East,15648691.0,48900,13:35:00,49154,13:39:14,10,3257,Washington Ave & N. Main Ave (03257),0,1,14,,,50356,13:59:16,,,50395,13:59:55,39,00:00:39,doors opened
07/11/2025,12,4106,Friday,Weekday,East,15648691.0,48900,13:35:00,49154,13:39:14,9,1796,Washington Ave & N. Allen St (01796),1,1,15,49980.0,13:53:00,50306,13:58:26,49980.0,13:53:00,50327,13:58:47,21,00:00:21,doors opened
07/11/2025,12,4106,Friday,Weekday,East,15648691.0,48900,13:35:00,49154,13:39:14,8,11581,Washington Ave & Manning Blvd (11581),2,1,15,,,50201,13:56:41,,,50277,13:57:57,76,00:01:16,doors opened
07/11/2025,12,4106,Friday,Weekday,East,15648691.0,48900,13:35:00,49154,13:39:14,7,2180,Washington Ave & Homestead Ave (02180),0,0,14,,,50182,13:56:22,,,50182,13:56:22,0,00:00:00,door not opened
07/11/2025,12,4106,Friday,Weekday,East,15648691.0,48900,13:35:00,49154,13:39:14,6,2182,Washington Ave & Hawthorne St (02182),0,0,14,,,50162,13:56:02,,,50162,13:56:02,0,00:00:00,door not opened
07/11/2025,12,4106,Friday,Weekday,East,15648691.0,48900,13:35:00,49154,13:39:14,5,3304,Washington Ave & Clermont St (03304),0,0,14,,,50122,13:55:22,,,50122,13:55:22,0,00:00:00,door not opened
07/11/2025,12,4106,Friday,Weekday,East,15648691.0,48900,13:35:00,49154,13:39:14,4,3348,Washington Ave & Brevator St (03348),0,1,14,,,50087,13:54:47,,,50100,13:55:00,13,00:00:13,doors opened
07/11/2025,12,4106,Friday,Weekday,East,15648691.0,48900,13:35:00,49154,13:39:14,3,10134,Washington Ave & SUNY Exit Rd (10134),3,0,15,,,49960,13:52:40,,,49982,13:53:02,22,00:00:22,doors opened
07/11/2025,12,4106,Friday,Weekday,East,15648691.0,48900,13:35:00,49154,13:39:14,2,7216,SUNY Collins Circle (07216),2,0,12,49500.0,13:45:00,49848,13:50:48,49500.0,13:45:00,49865,13:51:05,17,00:00:17,doors opened
07/11/2025,12,4106,Friday,Weekday,East,15648691.0,48900,13:35:00,49154,13:39:14,1,12827,Crossgates Commons Station (12827),5,1,10,49200.0,13:40:00,49552,13:45:52,49200.0,13:40:00,49606,13:46:46,54,00:00:54,doors opened
07/11/2025,12,4106,Friday,Weekday,East,15648691.0,48900,13:35:00,49154,13:39:14,0,7175,Crossgates Mall Station (07175),6,0,6,48900.0,13:35:00,49154,13:39:14,48900.0,13:35:00,49154,13:39:14,0,00:00:00,doors opened
07/11/2025,12,4106,Friday,Weekday,West,15648694.0,51600,14:20:00,51681,14:21:21,24,7216,SUNY Collins Circle (07216),0,0,30,53280.0,14:48:00,53259,14:47:39,53280.0,14:48:00,53259,14:47:39,0,00:00:00,door not opened
07/11/2025,12,4106,Friday,Weekday,West,15648694.0,51600,14:20:00,51681,14:21:21,23,3262,1383 Washington Ave (Fairfield Inn) (03262),1,2,30,,,53152,14:45:52,,,53178,14:46:18,26,00:00:26,doors opened
07/11/2025,12,4106,Friday,Weekday,West,15648694.0,51600,14:20:00,51681,14:21:21,22,976,Washington Ave & Brevator St (00976),0,0,31,,,53029,14:43:49,,,53029,14:43:49,0,00:00:00,door not opened
07/11/2025,12,4106,Friday,Weekday,West,15648694.0,51600,14:20:00,51681,14:21:21,21,1959,Washington Ave & Colvin Ave (01959),2,1,31,,,52960,14:42:40,,,53007,14:43:27,47,00:00:47,doors opened
07/11/2025,12,4106,Friday,Weekday,West,15648694.0,51600,14:20:00,51681,14:21:21,20,3399,Washington Ave & Danker Ave (03399),0,1,30,,,52916,14:41:56,,,52933,14:42:13,17,00:00:17,doors opened
07/11/2025,12,4106,Friday,Weekday,West,15648694.0,51600,14:20:00,51681,14:21:21,19,1849,Washington Ave & Homestead Ave (01849),0,0,31,,,52889,14:41:29,,,52889,14:41:29,0,00:00:00,door not opened
07/11/2025,12,4106,Friday,Weekday,West,15648694.0,51600,14:20:00,51681,14:21:21,18,1846,Washington Ave & Manning Blvd (01846),0,0,31,,,52863,14:41:03,,,52863,14:41:03,0,00:00:00,door not opened
07/11/2025,12,4106,Friday,Weekday,West,15648694.0,51600,14:20:00,51681,14:21:21,17,3287,Washington Ave & N. Allen St (03287),3,1,31,52860.0,14:41:00,52771,14:39:31,52860.0,14:41:00,52803,14:40:03,32,00:00:32,doors opened
07/11/2025,12,4106,Friday,Weekday,West,15648694.0,51600,14:20:00,51681,14:21:21,16,3264,Washington Ave & N. Main Ave (03264),4,0,29,,,52715,14:38:35,,,52740,14:39:00,25,00:00:25,doors opened
07/11/2025,12,4106,Friday,Weekday,West,15648694.0,51600,14:20:00,51681,14:21:21,15,1839,Washington Ave & Partridge St (01839),0,1,25,,,52647,14:37:27,,,52658,14:37:38,11,00:00:11,doors opened
07/11/2025,12,4106,Friday,Weekday,West,15648694.0,51600,14:20:00,51681,14:21:21,14,1841,Washington Ave & Ontario St (01841),0,1,26,52560.0,14:36:00,52610,14:36:50,52560.0,14:36:00,52621,14:37:01,11,00:00:11,doors opened
07/11/2025,12,4106,Friday,Weekday,West,15648694.0,51600,14:20:00,51681,14:21:21,13,1842,Washington Ave & Quail St (01842),7,1,27,,,52535,14:35:35,,,52584,14:36:24,49,00:00:49,doors opened
07/11/2025,12,4106,Friday,Weekday,West,15648694.0,51600,14:20:00,51681,14:21:21,12,1837,Washington Ave & N. Lake Ave (01837),1,0,21,,,52467,14:34:27,,,52512,14:35:12,45,00:00:45,doors opened
07/11/2025,12,4106,Friday,Weekday,West,15648694.0,51600,14:20:00,51681,14:21:21,11,1843,Washington Ave & Robin St (01843),1,1,20,,,52417,14:33:37,,,52438,14:33:58,21,00:00:21,doors opened
07/11/2025,12,4106,Friday,Weekday,West,15648694.0,51600,14:20:00,51681,14:21:21,10,12943,Washington Ave & Lexington Ave (12943),0,0,20,,,52397,14:33:17,,,52397,14:33:17,0,00:00:00,door not opened
07/11/2025,12,4106,Friday,Weekday,West,15648694.0,51600,14:20:00,51681,14:21:21,9,12942,Washington Ave & Henry Johnson Blvd (12942),4,1,20,,,52324,14:32:04,,,52351,14:32:31,27,00:00:27,doors opened
07/11/2025,12,4106,Friday,Weekday,West,15648694.0,51600,14:20:00,51681,14:21:21,8,3239,Lark/Library Station - Washington Ave & Lark St (03239),6,2,17,52140.0,14:29:00,52203,14:30:03,52140.0,14:29:00,52273,14:31:13,70,00:01:10,doors opened
07/11/2025,12,4106,Friday,Weekday,West,15648694.0,51600,14:20:00,51681,14:21:21,7,3301,Washington Ave & S. Swan St (03301),0,0,13,,,52165,14:29:25,,,52165,14:29:25,0,00:00:00,door not opened
07/11/2025,12,4106,Friday,Weekday,West,15648694.0,51600,14:20:00,51681,14:21:21,6,3250,Hawk/Capitol Station - Washington Ave & Hawk St (03250),2,0,13,,,52111,14:28:31,,,52143,14:29:03,32,00:00:32,doors opened
07/11/2025,12,4106,Friday,Weekday,West,15648694.0,51600,14:20:00,51681,14:21:21,5,10087,State St & Eagle St (10087),0,0,11,,,52090,14:28:10,,,52090,14:28:10,0,00:00:00,door not opened
07/11/2025,12,4106,Friday,Weekday,West,15648694.0,51600,14:20:00,51681,14:21:21,4,2665,State/Downtown Station - State St & Lodge St (02665),8,0,11,51840.0,14:24:00,51876,14:24:36,51840.0,14:24:00,51979,14:26:19,103,00:01:43,doors opened
07/11/2025,12,4106,Friday,Weekday,West,15648694.0,51600,14:20:00,51681,14:21:21,3,3221,State Station - N. Pearl St & Ten Eyck Plaza (03221),2,0,3,,,51826,14:23:46,,,51849,14:24:09,23,00:00:23,doors opened
07/11/2025,12,4106,Friday,Weekday,West,15648694.0,51600,14:20:00,51681,14:21:21,2,3233,N. Pearl St & Sheridan Ave (03233),0,0,1,,,51798,14:23:18,,,51798,14:23:18,0,00:00:00,door not opened
07/11/2025,12,4106,Friday,Weekday,West,15648694.0,51600,14:20:00,51681,14:21:21,1,2168,Clinton Square Station - N. Pearl St & Clinton Ave (02168),0,0,1,,,51758,14:22:38,,,51758,14:22:38,0,00:00:00,door not opened
07/11/2025,12,4106,Friday,Weekday,West,15648694.0,51600,14:20:00,51681,14:21:21,0,9018,Broadway & Orange St (09018),0,0,1,51600.0,14:20:00,51681,14:21:21,51600.0,14:20:00,51681,14:21:21,0,00:00:00,door not opened
07/11/2025,12,4120,Friday,Weekday,West,15649800.0,22800,06:20:00,22959,06:22:39,27,7175,Crossgates Mall Station (07175),0,4,0,25020.0,06:57:00,25132,06:58:52,25020.0,06:57:00,25132,06:58:52,0,00:00:00,doors opened
07/11/2025,12,4120,Friday,Weekday,West,15649800.0,22800,06:20:00,22959,06:22:39,26,12828,Crossgates Commons Station (12828),0,16,4,24660.0,06:51:00,24855,06:54:15,24660.0,06:51:00,24889,06:54:49,34,00:00:34,doors opened
07/11/2025,12,4120,Friday,Weekday,West,15649800.0,22800,06:20:00,22959,06:22:39,25,12891,1475 Washington Ave (12891),0,0,20,,,24669,06:51:09,,,24669,06:51:09,0,00:00:00,door not opened
07/11/2025,12,4120,Friday,Weekday,West,15649800.0,22800,06:20:00,22959,06:22:39,24,7216,SUNY Collins Circle (07216),0,4,20,24300.0,06:45:00,24534,06:48:54,24300.0,06:45:00,24534,06:48:54,0,00:00:00,door not opened
07/11/2025,12,4120,Friday,Weekday,West,15649800.0,22800,06:20:00,22959,06:22:39,23,3262,1383 Washington Ave (Fairfield Inn) (03262),2,0,24,,,24329,06:45:29,,,24348,06:45:48,19,00:00:19,doors opened
07/11/2025,12,4120,Friday,Weekday,West,15649800.0,22800,06:20:00,22959,06:22:39,22,976,Washington Ave & Brevator St (00976),1,0,22,,,24164,06:42:44,,,24177,06:42:57,13,00:00:13,doors opened
07/11/2025,12,4120,Friday,Weekday,West,15649800.0,22800,06:20:00,22959,06:22:39,21,1959,Washington Ave & Colvin Ave (01959),0,0,21,,,24142,06:42:22,,,24142,06:42:22,0,00:00:00,door not opened
07/11/2025,12,4120,Friday,Weekday,West,15649800.0,22800,06:20:00,22959,06:22:39,20,3399,Washington Ave & Danker Ave (03399),0,0,21,,,24109,06:41:49,,,24109,06:41:49,0,00:00:00,door not opened
07/11/2025,12,4120,Friday,Weekday,West,15649800.0,22800,06:20:00,22959,06:22:39,19,1849,Washington Ave & Homestead Ave (01849),0,0,21,,,24090,06:41:30,,,24090,06:41:30,0,00:00:00,door not opened
07/11/2025,12,4120,Friday,Weekday,West,15649800.0,22800,06:20:00,22959,06:22:39,18,1846,Washington Ave & Manning Blvd (01846),0,0,21,,,24065,06:41:05,,,24065,06:41:05,0,00:00:00,door not opened
07/11/2025,12,4120,Friday,Weekday,West,15649800.0,22800,06:20:00,22959,06:22:39,17,3287,Washington Ave & N. Allen St (03287),2,0,21,23880.0,06:38:00,23984,06:39:44,23880.0,06:38:00,24029,06:40:29,45,00:00:45,doors opened
07/11/2025,12,4120,Friday,Weekday,West,15649800.0,22800,06:20:00,22959,06:22:39,16,3264,Washington Ave & N. Main Ave (03264),2,0,19,,,23930,06:38:50,,,23946,06:39:06,16,00:00:16,doors opened
07/11/2025,12,4120,Friday,Weekday,West,15649800.0,22800,06:20:00,22959,06:22:39,15,1839,Washington Ave & Partridge St (01839),0,0,17,,,23841,06:37:21,,,23841,06:37:21,0,00:00:00,door not opened
07/11/2025,12,4120,Friday,Weekday,West,15649800.0,22800,06:20:00,22959,06:22:39,14,1841,Washington Ave & Ontario St (01841),0,0,17,23640.0,06:34:00,23813,06:36:53,23640.0,06:34:00,23813,06:36:53,0,00:00:00,door not opened
07/11/2025,12,4120,Friday,Weekday,West,15649800.0,22800,06:20:00,22959,06:22:39,13,1842,Washington Ave & Quail St (01842),3,0,17,,,23745,06:35:45,,,23779,06:36:19,34,00:00:34,doors opened
07/11/2025,12,4120,Friday,Weekday,West,15649800.0,22800,06:20:00,22959,06:22:39,12,1837,Washington Ave & N. Lake Ave (01837),2,0,14,,,23655,06:34:15,,,23709,06:35:09,54,00:00:54,doors opened
07/11/2025,12,4120,Friday,Weekday,West,15649800.0,22800,06:20:00,22959,06:22:39,11,1843,Washington Ave & Robin St (01843),3,0,12,,,23574,06:32:54,,,23622,06:33:42,48,00:00:48,doors opened
07/11/2025,12,4120,Friday,Weekday,West,15649800.0,22800,06:20:00,22959,06:22:39,10,12943,Washington Ave & Lexington Ave (12943),1,0,9,,,23525,06:32:05,,,23538,06:32:18,13,00:00:13,doors opened
07/11/2025,12,4120,Friday,Weekday,West,15649800.0,22800,06:20:00,22959,06:22:39,9,12942,Washington Ave & Henry Johnson Blvd (12942),2,0,8,,,23448,06:30:48,,,23467,06:31:07,19,00:00:19,doors opened
07/11/2025,12,4120,Friday,Weekday,West,15649800.0,22800,06:20:00,22959,06:22:39,8,3239,Lark/Library Station - Washington Ave & Lark St (03239),6,0,6,23280.0,06:28:00,23280,06:28:00,23280.0,06:28:00,23320,06:28:40,40,00:00:40,doors opened
07/11/2025,12,4120,Friday,Weekday,West,15649800.0,22800,06:20:00,22959,06:22:39,7,3301,Washington Ave & S. Swan St (03301),0,0,0,,,23241,06:27:21,,,23241,06:27:21,0,00:00:00,door not opened
07/11/2025,12,4120,Friday,Weekday,West,15649800.0,22800,06:20:00,22959,06:22:39,6,3250,Hawk/Capitol Station - Washington Ave & Hawk St (03250),0,0,0,,,23217,06:26:57,,,23217,06:26:57,0,00:00:00,door not opened
07/11/2025,12,4120,Friday,Weekday,West,15649800.0,22800,06:20:00,22959,06:22:39,5,10087,State St & Eagle St (10087),0,0,0,,,23182,06:26:22,,,23182,06:26:22,0,00:00:00,door not opened
07/11/2025,12,4120,Friday,Weekday,West,15649800.0,22800,06:20:00,22959,06:22:39,4,2665,State/Downtown Station - State St & Lodge St (02665),0,0,0,23040.0,06:24:00,23035,06:23:55,23040.0,06:24:00,23061,06:24:21,26,00:00:26,doors opened
07/11/2025,12,4120,Friday,Weekday,West,15649800.0,22800,06:20:00,22959,06:22:39,3,3221,State Station - N. Pearl St & Ten Eyck Plaza (03221),0,0,0,,,22985,06:23:05,,,23005,06:23:25,20,00:00:20,door not opened
07/11/2025,12,4120,Friday,Weekday,West,15649800.0,22800,06:20:00,22959,06:22:39,0,9018,Broadway & Orange St (09018),0,0,0,22800.0,06:20:00,22959,06:22:39,22800.0,06:20:00,22959,06:22:39,0,00:00:00,doors opened
07/11/2025,12,4152,Friday,Weekday,West,15651278.0,74400,20:40:00,74459,20:40:59,27,7175,Crossgates Mall Station (07175),0,0,0,76500.0,21:15:00,76800,21:20:00,76500.0,21:15:00,76800,21:20:00,0,00:00:00,doors opened
07/11/2025,12,4152,Friday,Weekday,West,15651278.0,74400,20:40:00,74459,20:40:59,26,12828,Crossgates Commons Station (12828),0,5,0,76080.0,21:08:00,76498,21:14:58,76080.0,21:08:00,76527,21:15:27,29,00:00:29,doors opened
07/11/2025,12,4152,Friday,Weekday,West,15651278.0,74400,20:40:00,74459,20:40:59,25,12891,1475 Washington Ave (12891),0,5,5,,,76268,21:11:08,,,76289,21:11:29,21,00:00:21,doors opened
07/11/2025,12,4152,Friday,Weekday,West,15651278.0,74400,20:40:00,74459,20:40:59,24,7216,SUNY Collins Circle (07216),0,1,10,75780.0,21:03:00,76099,21:08:19,75780.0,21:03:00,76135,21:08:55,36,00:00:36,doors opened
07/11/2025,12,4152,Friday,Weekday,West,15651278.0,74400,20:40:00,74459,20:40:59,23,3262,1383 Washington Ave (Fairfield Inn) (03262),0,1,11,,,75949,21:05:49,,,75966,21:06:06,17,00:00:17,doors opened
07/11/2025,12,4152,Friday,Weekday,West,15651278.0,74400,20:40:00,74459,20:40:59,22,976,Washington Ave & Brevator St (00976),1,1,12,,,75763,21:02:43,,,75811,21:03:31,48,00:00:48,doors opened
07/11/2025,12,4152,Friday,Weekday,West,15651278.0,74400,20:40:00,74459,20:40:59,21,1959,Washington Ave & Colvin Ave (01959),0,0,12,,,75739,21:02:19,,,75739,21:02:19,0,00:00:00,door not opened
07/11/2025,12,4152,Friday,Weekday,West,15651278.0,74400,20:40:00,74459,20:40:59,20,3399,Washington Ave & Danker Ave (03399),0,1,12,,,75670,21:01:10,,,75685,21:01:25,15,00:00:15,doors opened
07/11/2025,12,4152,Friday,Weekday,West,15651278.0,74400,20:40:00,74459,20:40:59,19,1849,Washington Ave & Homestead Ave (01849),0,2,13,,,75624,21:00:24,,,75644,21:00:44,20,00:00:20,doors opened
07/11/2025,12,4152,Friday,Weekday,West,15651278.0,74400,20:40:00,74459,20:40:59,18,1846,Washington Ave & Manning Blvd (01846),0,0,15,,,75600,21:00:00,,,75600,21:00:00,0,00:00:00,door not opened
07/11/2025,12,4152,Friday,Weekday,West,15651278.0,74400,20:40:00,74459,20:40:59,17,3287,Washington Ave & N. Allen St (03287),0,2,15,75420.0,20:57:00,75528,20:58:48,75420.0,20:57:00,75546,20:59:06,18,00:00:18,doors opened
07/11/2025,12,4152,Friday,Weekday,West,15651278.0,74400,20:40:00,74459,20:40:59,16,3264,Washington Ave & N. Main Ave (03264),0,0,17,,,75492,20:58:12,,,75492,20:58:12,0,00:00:00,door not opened
07/11/2025,12,4152,Friday,Weekday,West,15651278.0,74400,20:40:00,74459,20:40:59,15,1839,Washington Ave & Partridge St (01839),0,0,17,,,75408,20:56:48,,,75408,20:56:48,0,00:00:00,door not opened
07/11/2025,12,4152,Friday,Weekday,West,15651278.0,74400,20:40:00,74459,20:40:59,14,1841,Washington Ave & Ontario St (01841),2,0,17,75240.0,20:54:00,75357,20:55:57,75240.0,20:54:00,75376,20:56:16,19,00:00:19,doors opened
07/11/2025,12,4152,Friday,Weekday,West,15651278.0,74400,20:40:00,74459,20:40:59,13,1842,Washington Ave & Quail St (01842),2,0,15,,,75309,20:55:09,,,75329,20:55:29,20,00:00:20,doors opened
07/11/2025,12,4152,Friday,Weekday,West,15651278.0,74400,20:40:00,74459,20:40:59,12,1837,Washington Ave & N. Lake Ave (01837),0,1,13,,,75257,20:54:17,,,75274,20:54:34,17,00:00:17,doors opened
07/11/2025,12,4152,Friday,Weekday,West,15651278.0,74400,20:40:00,74459,20:40:59,11,1843,Washington Ave & Robin St (01843),0,1,14,,,75206,20:53:26,,,75227,20:53:47,21,00:00:21,doors opened
07/11/2025,12,4152,Friday,Weekday,West,15651278.0,74400,20:40:00,74459,20:40:59,10,12943,Washington Ave & Lexington Ave (12943),0,0,15,,,75177,20:52:57,,,75177,20:52:57,0,00:00:00,door not opened
07/11/2025,12,4152,Friday,Weekday,West,15651278.0,74400,20:40:00,74459,20:40:59,9,12942,Washington Ave & Henry Johnson Blvd (12942),2,4,15,,,75114,20:51:54,,,75136,20:52:16,22,00:00:22,doors opened
07/11/2025,12,4152,Friday,Weekday,West,15651278.0,74400,20:40:00,74459,20:40:59,8,3239,Lark/Library Station - Washington Ave & Lark St (03239),1,2,17,74880.0,20:48:00,75004,20:50:04,74880.0,20:48:00,75032,20:50:32,28,00:00:28,doors opened
07/11/2025,12,4152,Friday,Weekday,West,15651278.0,74400,20:40:00,74459,20:40:59,7,3301,Washington Ave & S. Swan St (03301),0,0,18,,,74962,20:49:22,,,74962,20:49:22,0,00:00:00,door not opened
07/11/2025,12,4152,Friday,Weekday,West,15651278.0,74400,20:40:00,74459,20:40:59,6,3250,Hawk/Capitol Station - Washington Ave & Hawk St (03250),0,0,18,,,74940,20:49:00,,,74940,20:49:00,0,00:00:00,door not opened
07/11/2025,12,4152,Friday,Weekday,West,15651278.0,74400,20:40:00,74459,20:40:59,5,10087,State St & Eagle St (10087),0,0,18,,,74916,20:48:36,,,74916,20:48:36,0,00:00:00,door not opened
07/11/2025,12,4152,Friday,Weekday,West,15651278.0,74400,20:40:00,74459,20:40:59,4,2665,State/Downtown Station - State St & Lodge St (02665),11,1,18,74640.0,20:44:00,74759,20:45:59,74640.0,20:44:00,74830,20:47:10,71,00:01:11,doors opened
07/11/2025,12,4152,Friday,Weekday,West,15651278.0,74400,20:40:00,74459,20:40:59,3,3221,State Station - N. Pearl St & Ten Eyck Plaza (03221),6,0,8,,,74669,20:44:29,,,74726,20:45:26,57,00:00:57,doors opened
07/11/2025,12,4152,Friday,Weekday,West,15651278.0,74400,20:40:00,74459,20:40:59,2,3233,N. Pearl St & Sheridan Ave (03233),0,0,2,,,74598,20:43:18,,,74598,20:43:18,0,00:00:00,door not opened
07/11/2025,12,4152,Friday,Weekday,West,15651278.0,74400,20:40:00,74459,20:40:59,1,2168,Clinton Square Station - N. Pearl St & Clinton Ave (02168),0,0,2,,,74556,20:42:36,,,74556,20:42:36,0,00:00:00,door not opened
07/11/2025,12,4152,Friday,Weekday,West,15651278.0,74400,20:40:00,74459,20:40:59,0,9018,Broadway & Orange St (09018),0,0,2,74400.0,20:40:00,74459,20:40:59,74400.0,20:40:00,74459,20:40:59,0,00:00:00,door not opened
07/11/2025,12,6000,Friday,Weekday,West,15651771.0,66000,18:20:00,66204,18:23:24,27,7175,Crossgates Mall Station (07175),0,11,0,68280.0,18:58:00,68283,18:58:03,68280.0,18:58:00,68283,18:58:03,0,00:00:00,doors opened
07/11/2025,12,6000,Friday,Weekday,West,15651771.0,66000,18:20:00,66204,18:23:24,26,12828,Crossgates Commons Station (12828),2,1,11,67860.0,18:51:00,67945,18:52:25,67860.0,18:51:00,67987,18:53:07,42,00:00:42,doors opened
07/11/2025,12,6000,Friday,Weekday,West,15651771.0,66000,18:20:00,66204,18:23:24,25,12891,1475 Washington Ave (12891),0,0,10,,,67780,18:49:40,,,67780,18:49:40,0,00:00:00,door not opened
07/11/2025,12,6000,Friday,Weekday,West,15651771.0,66000,18:20:00,66204,18:23:24,24,7216,SUNY Collins Circle (07216),0,0,10,67500.0,18:45:00,67652,18:47:32,67500.0,18:45:00,67652,18:47:32,0,00:00:00,door not opened
07/11/2025,12,6000,Friday,Weekday,West,15651771.0,66000,18:20:00,66204,18:23:24,23,3262,1383 Washington Ave (Fairfield Inn) (03262),0,3,10,,,67505,18:45:05,,,67559,18:45:59,54,00:00:54,doors opened
07/11/2025,12,6000,Friday,Weekday,West,15651771.0,66000,18:20:00,66204,18:23:24,22,976,Washington Ave & Brevator St (00976),0,0,13,,,67402,18:43:22,,,67402,18:43:22,0,00:00:00,door not opened
07/11/2025,12,6000,Friday,Weekday,West,15651771.0,66000,18:20:00,66204,18:23:24,21,1959,Washington Ave & Colvin Ave (01959),1,0,13,,,67347,18:42:27,,,67359,18:42:39,12,00:00:12,doors opened
07/11/2025,12,6000,Friday,Weekday,West,15651771.0,66000,18:20:00,66204,18:23:24,20,3399,Washington Ave & Danker Ave (03399),0,0,12,,,67299,18:41:39,,,67299,18:41:39,0,00:00:00,door not opened
07/11/2025,12,6000,Friday,Weekday,West,15651771.0,66000,18:20:00,66204,18:23:24,19,1849,Washington Ave & Homestead Ave (01849),0,0,12,,,67281,18:41:21,,,67281,18:41:21,0,00:00:00,door not opened
07/11/2025,12,6000,Friday,Weekday,West,15651771.0,66000,18:20:00,66204,18:23:24,18,1846,Washington Ave & Manning Blvd (01846),0,1,12,,,67217,18:40:17,,,67257,18:40:57,40,00:00:40,doors opened
07/11/2025,12,6000,Friday,Weekday,West,15651771.0,66000,18:20:00,66204,18:23:24,17,3287,Washington Ave & N. Allen St (03287),0,0,13,67080.0,18:38:00,67192,18:39:52,67080.0,18:38:00,67192,18:39:52,0,00:00:00,door not opened
07/11/2025,12,6000,Friday,Weekday,West,15651771.0,66000,18:20:00,66204,18:23:24,16,3264,Washington Ave & N. Main Ave (03264),0,0,13,,,67127,18:38:47,,,67127,18:38:47,0,00:00:00,door not opened
07/11/2025,12,6000,Friday,Weekday,West,15651771.0,66000,18:20:00,66204,18:23:24,15,1839,Washington Ave & Partridge St (01839),0,0,13,,,67021,18:37:01,,,67021,18:37:01,0,00:00:00,door not opened
07/11/2025,12,6000,Friday,Weekday,West,15651771.0,66000,18:20:00,66204,18:23:24,14,1841,Washington Ave & Ontario St (01841),0,1,13,66900.0,18:35:00,66984,18:36:24,66900.0,18:35:00,67000,18:36:40,16,00:00:16,doors opened
07/11/2025,12,6000,Friday,Weekday,West,15651771.0,66000,18:20:00,66204,18:23:24,13,1842,Washington Ave & Quail St (01842),0,1,14,,,66945,18:35:45,,,66961,18:36:01,16,00:00:16,doors opened
07/11/2025,12,6000,Friday,Weekday,West,15651771.0,66000,18:20:00,66204,18:23:24,12,1837,Washington Ave & N. Lake Ave (01837),0,2,15,,,66897,18:34:57,,,66923,18:35:23,26,00:00:26,doors opened
07/11/2025,12,6000,Friday,Weekday,West,15651771.0,66000,18:20:00,66204,18:23:24,11,1843,Washington Ave & Robin St (01843),0,0,17,,,66880,18:34:40,,,66880,18:34:40,0,00:00:00,door not opened
07/11/2025,12,6000,Friday,Weekday,West,15651771.0,66000,18:20:00,66204,18:23:24,10,12943,Washington Ave & Lexington Ave (12943),0,0,17,,,66857,18:34:17,,,66857,18:34:17,0,00:00:00,door not opened
07/11/2025,12,6000,Friday,Weekday,West,15651771.0,66000,18:20:00,66204,18:23:24,9,12942,Washington Ave & Henry Johnson Blvd (12942),1,5,17,,,66767,18:32:47,,,66808,18:33:28,41,00:00:41,doors opened
07/11/2025,12,6000,Friday,Weekday,West,15651771.0,66000,18:20:00,66204,18:23:24,8,3239,Lark/Library Station - Washington Ave & Lark St (03239),2,1,21,66480.0,18:28:00,66664,18:31:04,66480.0,18:28:00,66726,18:32:06,62,00:01:02,doors opened
07/11/2025,12,6000,Friday,Weekday,West,15651771.0,66000,18:20:00,66204,18:23:24,7,3301,Washington Ave & S. Swan St (03301),1,0,20,,,66608,18:30:08,,,66629,18:30:29,21,00:00:21,doors opened
07/11/2025,12,6000,Friday,Weekday,West,15651771.0,66000,18:20:00,66204,18:23:24,6,3250,Hawk/Capitol Station - Washington Ave & Hawk St (03250),0,0,19,,,66588,18:29:48,,,66588,18:29:48,0,00:00:00,door not opened
07/11/2025,12,6000,Friday,Weekday,West,15651771.0,66000,18:20:00,66204,18:23:24,0,9018,Broadway & Orange St (09018),0,0,1,66000.0,18:20:00,66204,18:23:24,66000.0,18:20:00,66204,18:23:24,0,00:00:00,door not opened
07/11/2025,12,6000,Friday,Weekday,West,15651771.0,66000,18:20:00,66204,18:23:24,5,10087,State St & Eagle St (10087),0,0,19,,,66563,18:29:23,,,66563,18:29:23,0,00:00:00,door not opened
07/11/2025,12,6000,Friday,Weekday,West,15651771.0,66000,18:20:00,66204,18:23:24,4,2665,State/Downtown Station - State St & Lodge St (02665),17,0,19,66240.0,18:24:00,66410,18:26:50,66240.0,18:24:00,66480,18:28:00,70,00:01:10,doors opened
07/11/2025,12,6000,Friday,Weekday,West,15651771.0,66000,18:20:00,66204,18:23:24,3,3221,State Station - N. Pearl St & Ten Eyck Plaza (03221),1,0,2,,,66310,18:25:10,,,66368,18:26:08,58,00:00:58,doors opened
07/11/2025,12,6000,Friday,Weekday,West,15651771.0,66000,18:20:00,66204,18:23:24,2,3233,N. Pearl St & Sheridan Ave (03233),0,0,1,,,66282,18:24:42,,,66282,18:24:42,0,00:00:00,door not opened
07/11/2025,12,6000,Friday,Weekday,West,15651771.0,66000,18:20:00,66204,18:23:24,1,2168,Clinton Square Station - N. Pearl St & Clinton Ave (02168),0,0,1,,,66250,18:24:10,,,66250,18:24:10,0,00:00:00,door not opened
07/11/2025,12,6000,Friday,Weekday,West,15651655.0,48000,13:20:00,48128,13:22:08,26,12828,Crossgates Commons Station (12828),0,9,0,49980.0,13:53:00,50316,13:58:36,49980.0,13:53:00,50316,13:58:36,0,00:00:00,doors opened
07/11/2025,12,6000,Friday,Weekday,West,15651655.0,48000,13:20:00,48128,13:22:08,25,12891,1475 Washington Ave (12891),0,0,9,,,50124,13:55:24,,,50124,13:55:24,0,00:00:00,door not opened
07/11/2025,12,6000,Friday,Weekday,West,15651655.0,48000,13:20:00,48128,13:22:08,24,7216,SUNY Collins Circle (07216),0,3,9,49620.0,13:47:00,49928,13:52:08,49620.0,13:47:00,49945,13:52:25,17,00:00:17,doors opened
07/11/2025,12,6000,Friday,Weekday,West,15651655.0,48000,13:20:00,48128,13:22:08,23,3262,1383 Washington Ave (Fairfield Inn) (03262),2,5,12,,,49791,13:49:51,,,49813,13:50:13,22,00:00:22,doors opened
07/11/2025,12,6000,Friday,Weekday,West,15651655.0,48000,13:20:00,48128,13:22:08,22,976,Washington Ave & Brevator St (00976),0,0,15,,,49606,13:46:46,,,49619,13:46:59,13,00:00:13,doors opened
07/11/2025,12,6000,Friday,Weekday,West,15651655.0,48000,13:20:00,48128,13:22:08,21,1959,Washington Ave & Colvin Ave (01959),0,0,15,,,49534,13:45:34,,,49564,13:46:04,30,00:00:30,doors opened
07/11/2025,12,6000,Friday,Weekday,West,15651655.0,48000,13:20:00,48128,13:22:08,20,3399,Washington Ave & Danker Ave (03399),0,2,15,,,49489,13:44:49,,,49508,13:45:08,19,00:00:19,doors opened
07/11/2025,12,6000,Friday,Weekday,West,15651655.0,48000,13:20:00,48128,13:22:08,19,1849,Washington Ave & Homestead Ave (01849),1,1,17,,,49444,13:44:04,,,49465,13:44:25,21,00:00:21,doors opened
07/11/2025,12,6000,Friday,Weekday,West,15651655.0,48000,13:20:00,48128,13:22:08,18,1846,Washington Ave & Manning Blvd (01846),1,0,17,,,49391,13:43:11,,,49421,13:43:41,30,00:00:30,doors opened
07/11/2025,12,6000,Friday,Weekday,West,15651655.0,48000,13:20:00,48128,13:22:08,17,3287,Washington Ave & N. Allen St (03287),4,3,16,49200.0,13:40:00,49290,13:41:30,49200.0,13:40:00,49363,13:42:43,73,00:01:13,doors opened
07/11/2025,12,6000,Friday,Weekday,West,15651655.0,48000,13:20:00,48128,13:22:08,16,3264,Washington Ave & N. Main Ave (03264),1,0,15,,,49239,13:40:39,,,49256,13:40:56,17,00:00:17,doors opened
07/11/2025,12,6000,Friday,Weekday,West,15651655.0,48000,13:20:00,48128,13:22:08,15,1839,Washington Ave & Partridge St (01839),0,0,14,,,49149,13:39:09,,,49149,13:39:09,0,00:00:00,door not opened
07/11/2025,12,6000,Friday,Weekday,West,15651655.0,48000,13:20:00,48128,13:22:08,14,1841,Washington Ave & Ontario St (01841),1,0,14,48960.0,13:36:00,49063,13:37:43,48960.0,13:36:00,49107,13:38:27,44,00:00:44,doors opened
07/11/2025,12,6000,Friday,Weekday,West,15651655.0,48000,13:20:00,48128,13:22:08,13,1842,Washington Ave & Quail St (01842),9,1,13,,,48954,13:35:54,,,49039,13:37:19,85,00:01:25,doors opened
07/11/2025,12,6000,Friday,Weekday,West,15651655.0,48000,13:20:00,48128,13:22:08,12,1837,Washington Ave & N. Lake Ave (01837),0,3,5,,,48911,13:35:11,,,48927,13:35:27,16,00:00:16,doors opened
07/11/2025,12,6000,Friday,Weekday,West,15651655.0,48000,13:20:00,48128,13:22:08,11,1843,Washington Ave & Robin St (01843),1,0,8,,,48820,13:33:40,,,48884,13:34:44,64,00:01:04,doors opened
07/11/2025,12,6000,Friday,Weekday,West,15651655.0,48000,13:20:00,48128,13:22:08,10,12943,Washington Ave & Lexington Ave (12943),1,0,7,,,48776,13:32:56,,,48792,13:33:12,16,00:00:16,doors opened
07/11/2025,12,6000,Friday,Weekday,West,15651655.0,48000,13:20:00,48128,13:22:08,9,12942,Washington Ave & Henry Johnson Blvd (12942),2,0,6,,,48715,13:31:55,,,48737,13:32:17,22,00:00:22,doors opened
07/11/2025,12,6000,Friday,Weekday,West,15651655.0,48000,13:20:00,48128,13:22:08,8,3239,Lark/Library Station - Washington Ave & Lark St (03239),1,0,4,48540.0,13:29:00,48616,13:30:16,48540.0,13:29:00,48640,13:30:40,24,00:00:24,doors opened
07/11/2025,12,6000,Friday,Weekday,West,15651655.0,48000,13:20:00,48128,13:22:08,7,3301,Washington Ave & S. Swan St (03301),1,0,3,,,48531,13:28:51,,,48556,13:29:16,25,00:00:25,doors opened
07/11/2025,12,6000,Friday,Weekday,West,15651655.0,48000,13:20:00,48128,13:22:08,6,3250,Hawk/Capitol Station - Washington Ave & Hawk St (03250),0,0,2,,,48509,13:28:29,,,48509,13:28:29,0,00:00:00,door not opened
07/11/2025,12,6000,Friday,Weekday,West,15651655.0,48000,13:20:00,48128,13:22:08,5,10087,State St & Eagle St (10087),0,0,2,,,48455,13:27:35,,,48455,13:27:35,0,00:00:00,door not opened
07/11/2025,12,6000,Friday,Weekday,West,15651655.0,48000,13:20:00,48128,13:22:08,4,2665,State/Downtown Station - State St & Lodge St (02665),0,0,2,48240.0,13:24:00,48362,13:26:02,48240.0,13:24:00,48362,13:26:02,0,00:00:00,door not opened
07/11/2025,12,6000,Friday,Weekday,West,15651655.0,48000,13:20:00,48128,13:22:08,3,3221,State Station - N. Pearl St & Ten Eyck Plaza (03221),0,0,2,,,48278,13:24:38,,,48278,13:24:38,0,00:00:00,door not opened
07/11/2025,12,6000,Friday,Weekday,West,15651655.0,48000,13:20:00,48128,13:22:08,2,3233,N. Pearl St & Sheridan Ave (03233),0,0,2,,,48217,13:23:37,,,48217,13:23:37,0,00:00:00,door not opened
07/11/2025,12,6000,Friday,Weekday,West,15651655.0,48000,13:20:00,48128,13:22:08,1,2168,Clinton Square Station - N. Pearl St & Clinton Ave (02168),2,0,2,,,48147,13:22:27,,,48203,13:23:23,56,00:00:56,doors opened
07/11/2025,12,6000,Friday,Weekday,West,15651655.0,48000,13:20:00,48128,13:22:08,0,9018,Broadway & Orange St (09018),0,0,0,48000.0,13:20:00,48128,13:22:08,48000.0,13:20:00,48128,13:22:08,0,00:00:00,door not opened
07/11/2025,12,6001,Friday,Weekday,West,15650702.0,44400,12:20:00,44683,12:24:43,27,7175,Crossgates Mall Station (07175),0,6,0,46800.0,13:00:00,47024,13:03:44,46800.0,13:00:00,47024,13:03:44,0,00:00:00,doors opened
07/11/2025,12,6001,Friday,Weekday,West,15650702.0,44400,12:20:00,44683,12:24:43,26,12828,Crossgates Commons Station (12828),0,2,6,46380.0,12:53:00,46776,12:59:36,46380.0,12:53:00,46793,12:59:53,17,00:00:17,doors opened
07/11/2025,12,6001,Friday,Weekday,West,15650702.0,44400,12:20:00,44683,12:24:43,25,12891,1475 Washington Ave (12891),2,0,8,,,46590,12:56:30,,,46607,12:56:47,17,00:00:17,doors opened
07/11/2025,12,6001,Friday,Weekday,West,15650702.0,44400,12:20:00,44683,12:24:43,24,7216,SUNY Collins Circle (07216),0,3,6,46020.0,12:47:00,46431,12:53:51,46020.0,12:47:00,46445,12:54:05,14,00:00:14,doors opened
07/11/2025,12,6001,Friday,Weekday,West,15650702.0,44400,12:20:00,44683,12:24:43,12,1837,Washington Ave & N. Lake Ave (01837),0,0,8,,,45566,12:39:26,,,45566,12:39:26,0,00:00:00,door not opened
07/11/2025,12,6001,Friday,Weekday,West,15650702.0,44400,12:20:00,44683,12:24:43,11,1843,Washington Ave & Robin St (01843),0,0,8,,,45543,12:39:03,,,45543,12:39:03,0,00:00:00,door not opened
07/11/2025,12,6001,Friday,Weekday,West,15650702.0,44400,12:20:00,44683,12:24:43,10,12943,Washington Ave & Lexington Ave (12943),2,1,8,,,45435,12:37:15,,,45488,12:38:08,53,00:00:53,doors opened
07/11/2025,12,6001,Friday,Weekday,West,15650702.0,44400,12:20:00,44683,12:24:43,9,12942,Washington Ave & Henry Johnson Blvd (12942),1,0,7,,,45355,12:35:55,,,45373,12:36:13,18,00:00:18,doors opened
07/11/2025,12,6001,Friday,Weekday,West,15650702.0,44400,12:20:00,44683,12:24:43,8,3239,Lark/Library Station - Washington Ave & Lark St (03239),1,0,6,44940.0,12:29:00,45189,12:33:09,44940.0,12:29:00,45265,12:34:25,76,00:01:16,doors opened
07/11/2025,12,6001,Friday,Weekday,West,15650702.0,44400,12:20:00,44683,12:24:43,7,3301,Washington Ave & S. Swan St (03301),2,1,5,,,45051,12:30:51,,,45130,12:32:10,79,00:01:19,doors opened
07/11/2025,12,6001,Friday,Weekday,West,15650702.0,44400,12:20:00,44683,12:24:43,6,3250,Hawk/Capitol Station - Washington Ave & Hawk St (03250),0,0,4,,,45016,12:30:16,,,45016,12:30:16,0,00:00:00,door not opened
07/11/2025,12,6001,Friday,Weekday,West,15650702.0,44400,12:20:00,44683,12:24:43,5,10087,State St & Eagle St (10087),0,0,4,,,44936,12:28:56,,,44936,12:28:56,0,00:00:00,door not opened
07/11/2025,12,6001,Friday,Weekday,West,15650702.0,44400,12:20:00,44683,12:24:43,4,2665,State/Downtown Station - State St & Lodge St (02665),0,0,4,44640.0,12:24:00,44878,12:27:58,44640.0,12:24:00,44878,12:27:58,0,00:00:00,door not opened
07/11/2025,12,6001,Friday,Weekday,West,15650702.0,44400,12:20:00,44683,12:24:43,3,3221,State Station - N. Pearl St & Ten Eyck Plaza (03221),2,0,4,,,44706,12:25:06,,,44807,12:26:47,101,00:01:41,doors opened
07/11/2025,12,6001,Friday,Weekday,West,15650702.0,44400,12:20:00,44683,12:24:43,1,2168,Clinton Square Station - N. Pearl St & Clinton Ave (02168),0,0,2,,,44698,12:24:58,,,44698,12:24:58,0,00:00:00,door not opened
07/11/2025,12,6001,Friday,Weekday,West,15650702.0,44400,12:20:00,44683,12:24:43,0,9018,Broadway & Orange St (09018),0,0,2,44400.0,12:20:00,44683,12:24:43,44400.0,12:20:00,44683,12:24:43,0,00:00:00,door not opened
07/11/2025,12,6001,Friday,Weekday,West,15650702.0,44400,12:20:00,44683,12:24:43,23,3262,1383 Washington Ave (Fairfield Inn) (03262),0,1,9,,,46301,12:51:41,,,46317,12:51:57,16,00:00:16,doors opened
07/11/2025,12,6001,Friday,Weekday,West,15650702.0,44400,12:20:00,44683,12:24:43,22,976,Washington Ave & Brevator St (00976),1,0,10,,,46135,12:48:55,,,46171,12:49:31,36,00:00:36,doors opened
07/11/2025,12,6001,Friday,Weekday,West,15650702.0,44400,12:20:00,44683,12:24:43,21,1959,Washington Ave & Colvin Ave (01959),1,2,9,,,46057,12:47:37,,,46111,12:48:31,54,00:00:54,doors opened
07/11/2025,12,6001,Friday,Weekday,West,15650702.0,44400,12:20:00,44683,12:24:43,20,3399,Washington Ave & Danker Ave (03399),0,0,10,,,46028,12:47:08,,,46028,12:47:08,0,00:00:00,door not opened
07/11/2025,12,6001,Friday,Weekday,West,15650702.0,44400,12:20:00,44683,12:24:43,19,1849,Washington Ave & Homestead Ave (01849),2,0,10,,,45984,12:46:24,,,46004,12:46:44,20,00:00:20,doors opened
07/11/2025,12,6001,Friday,Weekday,West,15650702.0,44400,12:20:00,44683,12:24:43,18,1846,Washington Ave & Manning Blvd (01846),0,0,8,,,45962,12:46:02,,,45962,12:46:02,0,00:00:00,door not opened
07/11/2025,12,6001,Friday,Weekday,West,15650702.0,44400,12:20:00,44683,12:24:43,17,3287,Washington Ave & N. Allen St (03287),0,1,8,45600.0,12:40:00,45874,12:44:34,45600.0,12:40:00,45891,12:44:51,17,00:00:17,doors opened
07/11/2025,12,6001,Friday,Weekday,West,15650702.0,44400,12:20:00,44683,12:24:43,16,3264,Washington Ave & N. Main Ave (03264),0,0,9,,,45841,12:44:01,,,45841,12:44:01,0,00:00:00,door not opened
07/11/2025,12,6001,Friday,Weekday,West,15650702.0,44400,12:20:00,44683,12:24:43,15,1839,Washington Ave & Partridge St (01839),0,0,9,,,45735,12:42:15,,,45735,12:42:15,0,00:00:00,door not opened
07/11/2025,12,6001,Friday,Weekday,West,15650702.0,44400,12:20:00,44683,12:24:43,14,1841,Washington Ave & Ontario St (01841),1,0,9,45360.0,12:36:00,45645,12:40:45,45360.0,12:36:00,45662,12:41:02,17,00:00:17,doors opened
07/11/2025,12,6001,Friday,Weekday,West,15650702.0,44400,12:20:00,44683,12:24:43,13,1842,Washington Ave & Quail St (01842),2,2,8,,,45590,12:39:50,,,45620,12:40:20,30,00:00:30,doors opened
07/11/2025,12,6001,Friday,Weekday,West,15651274.0,68400,19:00:00,68409,19:00:09,26,12828,Crossgates Commons Station (12828),3,11,0,70260.0,19:31:00,70285,19:31:25,70260.0,19:31:00,70285,19:31:25,0,00:00:00,doors opened
07/11/2025,12,6001,Friday,Weekday,West,15651274.0,68400,19:00:00,68409,19:00:09,25,12891,1475 Washington Ave (12891),0,0,8,,,70062,19:27:42,,,70062,19:27:42,0,00:00:00,door not opened
07/11/2025,12,6001,Friday,Weekday,West,15651274.0,68400,19:00:00,68409,19:00:09,24,7216,SUNY Collins Circle (07216),1,0,8,69900.0,19:25:00,69887,19:24:47,69900.0,19:25:00,69914,19:25:14,27,00:00:27,doors opened
07/11/2025,12,6001,Friday,Weekday,West,15651274.0,68400,19:00:00,68409,19:00:09,23,3262,1383 Washington Ave (Fairfield Inn) (03262),1,0,7,,,69718,19:21:58,,,69758,19:22:38,40,00:00:40,doors opened
07/11/2025,12,6001,Friday,Weekday,West,15651274.0,68400,19:00:00,68409,19:00:09,22,976,Washington Ave & Brevator St (00976),0,0,6,,,69606,19:20:06,,,69606,19:20:06,0,00:00:00,door not opened
07/11/2025,12,6001,Friday,Weekday,West,15651274.0,68400,19:00:00,68409,19:00:09,21,1959,Washington Ave & Colvin Ave (01959),0,2,6,,,69562,19:19:22,,,69584,19:19:44,22,00:00:22,doors opened
07/11/2025,12,6001,Friday,Weekday,West,15651274.0,68400,19:00:00,68409,19:00:09,20,3399,Washington Ave & Danker Ave (03399),0,0,8,,,69538,19:18:58,,,69538,19:18:58,0,00:00:00,door not opened
07/11/2025,12,6001,Friday,Weekday,West,15651274.0,68400,19:00:00,68409,19:00:09,19,1849,Washington Ave & Homestead Ave (01849),0,3,8,,,69500,19:18:20,,,69515,19:18:35,15,00:00:15,doors opened
07/11/2025,12,6001,Friday,Weekday,West,15651274.0,68400,19:00:00,68409,19:00:09,18,1846,Washington Ave & Manning Blvd (01846),2,0,11,,,69421,19:17:01,,,69478,19:17:58,57,00:00:57,doors opened
07/11/2025,12,6001,Friday,Weekday,West,15651274.0,68400,19:00:00,68409,19:00:09,17,3287,Washington Ave & N. Allen St (03287),2,0,9,69480.0,19:18:00,69328,19:15:28,69480.0,19:18:00,69355,19:15:55,27,00:00:27,doors opened
07/11/2025,12,6001,Friday,Weekday,West,15651274.0,68400,19:00:00,68409,19:00:09,16,3264,Washington Ave & N. Main Ave (03264),0,0,7,,,69297,19:14:57,,,69297,19:14:57,0,00:00:00,door not opened
07/11/2025,12,6001,Friday,Weekday,West,15651274.0,68400,19:00:00,68409,19:00:09,15,1839,Washington Ave & Partridge St (01839),0,0,7,,,69232,19:13:52,,,69232,19:13:52,0,00:00:00,door not opened
07/11/2025,12,6001,Friday,Weekday,West,15651274.0,68400,19:00:00,68409,19:00:09,14,1841,Washington Ave & Ontario St (01841),2,0,7,69300.0,19:15:00,69145,19:12:25,69300.0,19:15:00,69207,19:13:27,62,00:01:02,doors opened
07/11/2025,12,6001,Friday,Weekday,West,15651274.0,68400,19:00:00,68409,19:00:09,13,1842,Washington Ave & Quail St (01842),0,0,5,,,69086,19:11:26,,,69086,19:11:26,0,00:00:00,door not opened
07/11/2025,12,6001,Friday,Weekday,West,15651274.0,68400,19:00:00,68409,19:00:09,12,1837,Washington Ave & N. Lake Ave (01837),0,0,5,,,69024,19:10:24,,,69024,19:10:24,0,00:00:00,door not opened
07/11/2025,12,6001,Friday,Weekday,West,15651274.0,68400,19:00:00,68409,19:00:09,11,1843,Washington Ave & Robin St (01843),0,0,5,,,69001,19:10:01,,,69001,19:10:01,0,00:00:00,door not opened
07/11/2025,12,6001,Friday,Weekday,West,15651274.0,68400,19:00:00,68409,19:00:09,10,12943,Washington Ave & Lexington Ave (12943),1,0,5,,,68924,19:08:44,,,68939,19:08:59,15,00:00:15,doors opened
07/11/2025,12,6001,Friday,Weekday,West,15651274.0,68400,19:00:00,68409,19:00:09,9,12942,Washington Ave & Henry Johnson Blvd (12942),0,0,4,,,68871,19:07:51,,,68871,19:07:51,0,00:00:00,door not opened
07/11/2025,12,6001,Friday,Weekday,West,15651274.0,68400,19:00:00,68409,19:00:09,8,3239,Lark/Library Station - Washington Ave & Lark St (03239),1,3,4,68880.0,19:08:00,68762,19:06:02,68880.0,19:08:00,68784,19:06:24,22,00:00:22,doors opened
07/11/2025,12,6001,Friday,Weekday,West,15651274.0,68400,19:00:00,68409,19:00:09,7,3301,Washington Ave & S. Swan St (03301),0,0,6,,,68726,19:05:26,,,68726,19:05:26,0,00:00:00,door not opened
07/11/2025,12,6001,Friday,Weekday,West,15651274.0,68400,19:00:00,68409,19:00:09,6,3250,Hawk/Capitol Station - Washington Ave & Hawk St (03250),1,0,6,,,68681,19:04:41,,,68700,19:05:00,19,00:00:19,doors opened
07/11/2025,12,6001,Friday,Weekday,West,15651274.0,68400,19:00:00,68409,19:00:09,5,10087,State St & Eagle St (10087),0,0,5,,,68655,19:04:15,,,68655,19:04:15,0,00:00:00,door not opened
07/11/2025,12,6001,Friday,Weekday,West,15651274.0,68400,19:00:00,68409,19:00:09,4,2665,State/Downtown Station - State St & Lodge St (02665),3,0,5,68640.0,19:04:00,68583,19:03:03,68640.0,19:04:00,68617,19:03:37,34,00:00:34,doors opened
07/11/2025,12,6001,Friday,Weekday,West,15651274.0,68400,19:00:00,68409,19:00:09,3,3221,State Station - N. Pearl St & Ten Eyck Plaza (03221),1,0,2,,,68462,19:01:02,,,68562,19:02:42,100,00:01:40,doors opened
07/11/2025,12,6001,Friday,Weekday,West,15651274.0,68400,19:00:00,68409,19:00:09,1,2168,Clinton Square Station - N. Pearl St & Clinton Ave (02168),0,0,1,,,68438,19:00:38,,,68438,19:00:38,0,00:00:00,door not opened
07/11/2025,12,6001,Friday,Weekday,West,15651274.0,68400,19:00:00,68409,19:00:09,0,9018,Broadway & Orange St (09018),0,0,1,68400.0,19:00:00,68409,19:00:09,68400.0,19:00:00,68409,19:00:09,0,00:00:00,door not opened
07/11/2025,12,4128,Friday,Weekday,East,15652737.0,52500,14:35:00,52519,14:35:19,19,1788,Washington Ave & Dove St (01788),0,0,2,,,54080,15:01:20,,,54080,15:01:20,0,00:00:00,door not opened
07/11/2025,12,4128,Friday,Weekday,East,15652737.0,52500,14:35:00,52519,14:35:19,18,2663,Lark/Library Station - Washington Ave & Lark St (02663),0,1,2,54300.0,15:05:00,54046,15:00:46,54300.0,15:05:00,54062,15:01:02,16,00:00:16,doors opened
07/11/2025,12,4128,Friday,Weekday,East,15652737.0,52500,14:35:00,52519,14:35:19,17,263,Washington Ave & Henry Johnson Blvd (00263),0,0,3,,,54028,15:00:28,,,54028,15:00:28,0,00:00:00,door not opened
07/11/2025,12,4128,Friday,Weekday,East,15652737.0,52500,14:35:00,52519,14:35:19,16,2096,Washington Ave & Lexington Ave (02096),0,0,3,,,53947,14:59:07,,,53947,14:59:07,0,00:00:00,door not opened
07/11/2025,12,4128,Friday,Weekday,East,15652737.0,52500,14:35:00,52519,14:35:19,15,3253,Washington Ave & Robin St (Draper Hall) (03253),0,0,3,,,53917,14:58:37,,,53917,14:58:37,0,00:00:00,door not opened
07/11/2025,12,4128,Friday,Weekday,East,15652737.0,52500,14:35:00,52519,14:35:19,14,2109,Washington Ave & N. Lake Ave (02109),0,0,3,,,53895,14:58:15,,,53895,14:58:15,0,00:00:00,door not opened
07/11/2025,12,4128,Friday,Weekday,East,15652737.0,52500,14:35:00,52519,14:35:19,13,3255,Washington Ave & Quail St (03255),0,3,3,,,53799,14:56:39,,,53840,14:57:20,41,00:00:41,doors opened
07/11/2025,12,4128,Friday,Weekday,East,15652737.0,52500,14:35:00,52519,14:35:19,12,3256,Washington Ave & Ontario St (03256),0,0,6,53880.0,14:58:00,53783,14:56:23,53880.0,14:58:00,53783,14:56:23,0,00:00:00,door not opened
07/11/2025,12,4128,Friday,Weekday,East,15652737.0,52500,14:35:00,52519,14:35:19,11,2107,Washington Ave & Partridge St (02107),0,0,6,,,53747,14:55:47,,,53747,14:55:47,0,00:00:00,door not opened
07/11/2025,12,4128,Friday,Weekday,East,15652737.0,52500,14:35:00,52519,14:35:19,10,3257,Washington Ave & N. Main Ave (03257),0,1,6,,,53588,14:53:08,,,53634,14:53:54,46,00:00:46,doors opened
07/11/2025,12,4128,Friday,Weekday,East,15652737.0,52500,14:35:00,52519,14:35:19,9,1796,Washington Ave & N. Allen St (01796),0,0,7,53700.0,14:55:00,53561,14:52:41,53700.0,14:55:00,53561,14:52:41,0,00:00:00,door not opened
07/11/2025,12,4128,Friday,Weekday,East,15652737.0,52500,14:35:00,52519,14:35:19,8,11581,Washington Ave & Manning Blvd (11581),0,0,7,,,53469,14:51:09,,,53513,14:51:53,44,00:00:44,doors opened
07/11/2025,12,4128,Friday,Weekday,East,15652737.0,52500,14:35:00,52519,14:35:19,7,2180,Washington Ave & Homestead Ave (02180),0,1,7,,,53434,14:50:34,,,53448,14:50:48,14,00:00:14,doors opened
07/11/2025,12,4128,Friday,Weekday,East,15652737.0,52500,14:35:00,52519,14:35:19,6,2182,Washington Ave & Hawthorne St (02182),0,0,8,,,53412,14:50:12,,,53412,14:50:12,0,00:00:00,door not opened
07/11/2025,12,4128,Friday,Weekday,East,15652737.0,52500,14:35:00,52519,14:35:19,5,3304,Washington Ave & Clermont St (03304),0,0,8,,,53399,14:49:59,,,53399,14:49:59,0,00:00:00,door not opened
07/11/2025,12,4128,Friday,Weekday,East,15652737.0,52500,14:35:00,52519,14:35:19,4,3348,Washington Ave & Brevator St (03348),0,0,8,,,53383,14:49:43,,,53383,14:49:43,0,00:00:00,door not opened
07/11/2025,12,4128,Friday,Weekday,East,15652737.0,52500,14:35:00,52519,14:35:19,3,10134,Washington Ave & SUNY Exit Rd (10134),1,0,8,,,53232,14:47:12,,,53245,14:47:25,13,00:00:13,doors opened
07/11/2025,12,4128,Friday,Weekday,East,15652737.0,52500,14:35:00,52519,14:35:19,2,7216,SUNY Collins Circle (07216),0,0,7,53160.0,14:46:00,53138,14:45:38,53160.0,14:46:00,53138,14:45:38,0,00:00:00,door not opened
07/11/2025,12,4128,Friday,Weekday,East,15652737.0,52500,14:35:00,52519,14:35:19,1,12827,Crossgates Commons Station (12827),3,0,7,52860.0,14:41:00,52872,14:41:12,52860.0,14:41:00,52893,14:41:33,21,00:00:21,doors opened
07/11/2025,12,4128,Friday,Weekday,East,15652737.0,52500,14:35:00,52519,14:35:19,0,7175,Crossgates Mall Station (07175),4,0,4,52500.0,14:35:00,52519,14:35:19,52500.0,14:35:00,52519,14:35:19,0,00:00:00,doors opened
07/11/2025,12,4128,Friday,Weekday,East,15652737.0,52500,14:35:00,52519,14:35:19,24,3940,Broadway & Steuben St (03940),0,0,0,54780.0,15:13:00,54346,15:05:46,54780.0,15:13:00,54346,15:05:46,0,00:00:00,door not opened
07/11/2025,12,4128,Friday,Weekday,East,15652737.0,52500,14:35:00,52519,14:35:19,23,2509,State/Downtown Station - State St & S. Pearl St (02509),0,2,0,54600.0,15:10:00,54206,15:03:26,54600.0,15:10:00,54257,15:04:17,51,00:00:51,doors opened
07/11/2025,12,4128,Friday,Weekday,East,15652737.0,52500,14:35:00,52519,14:35:19,22,1787,State St & Eagle St (01787),0,0,2,,,54191,15:03:11,,,54191,15:03:11,0,00:00:00,door not opened
07/11/2025,12,4128,Friday,Weekday,East,15652737.0,52500,14:35:00,52519,14:35:19,21,2706,Hawk/Capitol Station - Washington Ave & Hawk St (02706),0,0,2,,,54135,15:02:15,,,54135,15:02:15,0,00:00:00,door not opened
07/11/2025,12,4128,Friday,Weekday,East,15652737.0,52500,14:35:00,52519,14:35:19,20,1789,Washington Ave & S. Swan St (01789),0,0,2,,,54098,15:01:38,,,54098,15:01:38,0,00:00:00,door not opened
07/11/2025,12,4128,Friday,Weekday,West,15652739.0,55200,15:20:00,55240,15:20:40,26,7175,Crossgates Mall Station (07175),0,8,0,57780.0,16:03:00,57177,15:52:57,57780.0,16:03:00,57177,15:52:57,0,00:00:00,doors opened
07/11/2025,12,4128,Friday,Weekday,West,15652739.0,55200,15:20:00,55240,15:20:40,25,12828,Crossgates Commons Station (12828),0,4,8,57360.0,15:56:00,56973,15:49:33,57360.0,15:56:00,56993,15:49:53,20,00:00:20,doors opened
07/11/2025,12,4128,Friday,Weekday,West,15652739.0,55200,15:20:00,55240,15:20:40,24,12891,1475 Washington Ave (12891),0,0,12,,,56732,15:45:32,,,56732,15:45:32,0,00:00:00,door not opened
07/11/2025,12,4128,Friday,Weekday,West,15652739.0,55200,15:20:00,55240,15:20:40,23,7216,SUNY Collins Circle (07216),0,2,12,57000.0,15:50:00,56585,15:43:05,57000.0,15:50:00,56602,15:43:22,17,00:00:17,doors opened
07/11/2025,12,4128,Friday,Weekday,West,15652739.0,55200,15:20:00,55240,15:20:40,22,3262,1383 Washington Ave (Fairfield Inn) (03262),2,2,14,,,56477,15:41:17,,,56499,15:41:39,22,00:00:22,doors opened
07/11/2025,12,4128,Friday,Weekday,West,15652739.0,55200,15:20:00,55240,15:20:40,21,976,Washington Ave & Brevator St (00976),1,0,14,,,56343,15:39:03,,,56364,15:39:24,21,00:00:21,doors opened
07/11/2025,12,4128,Friday,Weekday,West,15652739.0,55200,15:20:00,55240,15:20:40,20,1959,Washington Ave & Colvin Ave (01959),1,0,13,,,56289,15:38:09,,,56318,15:38:38,29,00:00:29,doors opened
07/11/2025,12,4128,Friday,Weekday,West,15652739.0,55200,15:20:00,55240,15:20:40,19,3399,Washington Ave & Danker Ave (03399),0,1,12,,,56249,15:37:29,,,56266,15:37:46,17,00:00:17,doors opened
07/11/2025,12,4128,Friday,Weekday,West,15652739.0,55200,15:20:00,55240,15:20:40,18,1849,Washington Ave & Homestead Ave (01849),0,1,13,,,56197,15:36:37,,,56226,15:37:06,29,00:00:29,doors opened
07/11/2025,12,4128,Friday,Weekday,West,15652739.0,55200,15:20:00,55240,15:20:40,17,1846,Washington Ave & Manning Blvd (01846),2,0,14,,,56160,15:36:00,,,56174,15:36:14,14,00:00:14,doors opened
07/11/2025,12,4128,Friday,Weekday,West,15652739.0,55200,15:20:00,55240,15:20:40,16,3287,Washington Ave & N. Allen St (03287),1,1,12,56520.0,15:42:00,56085,15:34:45,56520.0,15:42:00,56131,15:35:31,46,00:00:46,doors opened
07/11/2025,12,4128,Friday,Weekday,West,15652739.0,55200,15:20:00,55240,15:20:40,15,3264,Washington Ave & N. Main Ave (03264),0,1,12,,,56026,15:33:46,,,56037,15:33:57,11,00:00:11,doors opened
07/11/2025,12,4128,Friday,Weekday,West,15652739.0,55200,15:20:00,55240,15:20:40,14,1839,Washington Ave & Partridge St (01839),0,0,13,,,55955,15:32:35,,,55955,15:32:35,0,00:00:00,door not opened
07/11/2025,12,4128,Friday,Weekday,West,15652739.0,55200,15:20:00,55240,15:20:40,13,1841,Washington Ave & Ontario St (01841),0,0,13,56220.0,15:37:00,55931,15:32:11,56220.0,15:37:00,55931,15:32:11,0,00:00:00,door not opened
07/11/2025,12,4128,Friday,Weekday,West,15652739.0,55200,15:20:00,55240,15:20:40,12,1837,Washington Ave & N. Lake Ave (01837),0,0,13,,,55879,15:31:19,,,55879,15:31:19,0,00:00:00,door not opened
07/11/2025,12,4128,Friday,Weekday,West,15652739.0,55200,15:20:00,55240,15:20:40,11,1843,Washington Ave & Robin St (01843),0,0,13,,,55852,15:30:52,,,55852,15:30:52,0,00:00:00,door not opened
07/11/2025,12,4128,Friday,Weekday,West,15652739.0,55200,15:20:00,55240,15:20:40,10,12943,Washington Ave & Lexington Ave (12943),0,0,13,,,55834,15:30:34,,,55834,15:30:34,0,00:00:00,door not opened
07/11/2025,12,4128,Friday,Weekday,West,15652739.0,55200,15:20:00,55240,15:20:40,9,12942,Washington Ave & Henry Johnson Blvd (12942),1,0,13,,,55799,15:29:59,,,55811,15:30:11,12,00:00:12,doors opened
07/11/2025,12,4128,Friday,Weekday,West,15652739.0,55200,15:20:00,55240,15:20:40,8,3239,Lark/Library Station - Washington Ave & Lark St (03239),1,2,12,55800.0,15:30:00,55739,15:28:59,55800.0,15:30:00,55764,15:29:24,25,00:00:25,doors opened
07/11/2025,12,4128,Friday,Weekday,West,15652739.0,55200,15:20:00,55240,15:20:40,7,3301,Washington Ave & S. Swan St (03301),2,0,13,,,55676,15:27:56,,,55693,15:28:13,17,00:00:17,doors opened
07/11/2025,12,4128,Friday,Weekday,West,15652739.0,55200,15:20:00,55240,15:20:40,6,3250,Hawk/Capitol Station - Washington Ave & Hawk St (03250),1,0,11,,,55638,15:27:18,,,55650,15:27:30,12,00:00:12,doors opened
07/11/2025,12,4128,Friday,Weekday,West,15652739.0,55200,15:20:00,55240,15:20:40,5,10087,State St & Eagle St (10087),0,0,10,,,55613,15:26:53,,,55613,15:26:53,0,00:00:00,door not opened
07/11/2025,12,4128,Friday,Weekday,West,15652739.0,55200,15:20:00,55240,15:20:40,4,2665,State/Downtown Station - State St & Lodge St (02665),5,1,10,55500.0,15:25:00,55468,15:24:28,55500.0,15:25:00,55519,15:25:19,51,00:00:51,doors opened
07/11/2025,12,4128,Friday,Weekday,West,15652739.0,55200,15:20:00,55240,15:20:40,3,3221,State Station - N. Pearl St & Ten Eyck Plaza (03221),3,1,6,,,55374,15:22:54,,,55445,15:24:05,71,00:01:11,doors opened
07/11/2025,12,4128,Friday,Weekday,West,15652739.0,55200,15:20:00,55240,15:20:40,2,3233,N. Pearl St & Sheridan Ave (03233),0,0,4,,,55331,15:22:11,,,55331,15:22:11,0,00:00:00,door not opened
07/11/2025,12,4128,Friday,Weekday,West,15652739.0,55200,15:20:00,55240,15:20:40,1,2168,Clinton Square Station - N. Pearl St & Clinton Ave (02168),2,0,4,,,55295,15:21:35,,,55318,15:21:58,23,00:00:23,doors opened
07/11/2025,12,4128,Friday,Weekday,West,15652739.0,55200,15:20:00,55240,15:20:40,0,9018,Broadway & Orange St (09018),2,0,2,55200.0,15:20:00,55240,15:20:40,55200.0,15:20:00,55240,15:20:40,0,00:00:00,doors opened
07/11/2025,12,4128,Friday,Weekday,East,15652740.0,58500,16:15:00,58555,16:15:55,24,3940,Broadway & Steuben St (03940),0,0,0,60840.0,16:54:00,60430,16:47:10,60840.0,16:54:00,60430,16:47:10,0,00:00:00,door not opened
07/11/2025,12,4128,Friday,Weekday,East,15652740.0,58500,16:15:00,58555,16:15:55,23,2509,State/Downtown Station - State St & S. Pearl St (02509),0,2,0,60660.0,16:51:00,60329,16:45:29,60660.0,16:51:00,60369,16:46:09,40,00:00:40,doors opened
07/11/2025,12,4128,Friday,Weekday,East,15652740.0,58500,16:15:00,58555,16:15:55,22,1787,State St & Eagle St (01787),0,0,2,,,60312,16:45:12,,,60312,16:45:12,0,00:00:00,door not opened
07/11/2025,12,4128,Friday,Weekday,East,15652740.0,58500,16:15:00,58555,16:15:55,21,2706,Hawk/Capitol Station - Washington Ave & Hawk St (02706),0,0,2,,,60214,16:43:34,,,60214,16:43:34,0,00:00:00,door not opened
07/11/2025,12,4128,Friday,Weekday,East,15652740.0,58500,16:15:00,58555,16:15:55,20,1789,Washington Ave & S. Swan St (01789),0,0,2,,,60159,16:42:39,,,60159,16:42:39,0,00:00:00,door not opened
07/11/2025,12,4128,Friday,Weekday,East,15652740.0,58500,16:15:00,58555,16:15:55,19,1788,Washington Ave & Dove St (01788),0,0,2,,,60121,16:42:01,,,60121,16:42:01,0,00:00:00,door not opened
07/11/2025,12,4128,Friday,Weekday,East,15652740.0,58500,16:15:00,58555,16:15:55,18,2663,Lark/Library Station - Washington Ave & Lark St (02663),0,3,2,60360.0,16:46:00,60041,16:40:41,60360.0,16:46:00,60055,16:40:55,14,00:00:14,doors opened
07/11/2025,12,4128,Friday,Weekday,East,15652740.0,58500,16:15:00,58555,16:15:55,17,263,Washington Ave & Henry Johnson Blvd (00263),0,1,5,,,60012,16:40:12,,,60021,16:40:21,9,00:00:09,doors opened
07/11/2025,12,4128,Friday,Weekday,East,15652740.0,58500,16:15:00,58555,16:15:55,16,2096,Washington Ave & Lexington Ave (02096),0,0,6,,,59915,16:38:35,,,59915,16:38:35,0,00:00:00,door not opened
07/11/2025,12,4128,Friday,Weekday,East,15652740.0,58500,16:15:00,58555,16:15:55,15,3253,Washington Ave & Robin St (Draper Hall) (03253),0,1,6,,,59880,16:38:00,,,59901,16:38:21,21,00:00:21,doors opened
07/11/2025,12,4128,Friday,Weekday,East,15652740.0,58500,16:15:00,58555,16:15:55,14,2109,Washington Ave & N. Lake Ave (02109),0,1,7,,,59843,16:37:23,,,59858,16:37:38,15,00:00:15,doors opened
07/11/2025,12,4128,Friday,Weekday,East,15652740.0,58500,16:15:00,58555,16:15:55,13,3255,Washington Ave & Quail St (03255),0,0,8,,,59822,16:37:02,,,59822,16:37:02,0,00:00:00,door not opened
07/11/2025,12,4128,Friday,Weekday,East,15652740.0,58500,16:15:00,58555,16:15:55,12,3256,Washington Ave & Ontario St (03256),0,2,8,59940.0,16:39:00,59783,16:36:23,59940.0,16:39:00,59794,16:36:34,11,00:00:11,doors opened
07/11/2025,12,4128,Friday,Weekday,East,15652740.0,58500,16:15:00,58555,16:15:55,11,2107,Washington Ave & Partridge St (02107),0,3,10,,,59741,16:35:41,,,59761,16:36:01,20,00:00:20,doors opened
07/11/2025,12,4128,Friday,Weekday,East,15652740.0,58500,16:15:00,58555,16:15:55,10,3257,Washington Ave & N. Main Ave (03257),0,0,13,,,59642,16:34:02,,,59642,16:34:02,0,00:00:00,door not opened
07/11/2025,12,4128,Friday,Weekday,East,15652740.0,58500,16:15:00,58555,16:15:55,9,1796,Washington Ave & N. Allen St (01796),0,6,13,59700.0,16:35:00,59589,16:33:09,59700.0,16:35:00,59610,16:33:30,21,00:00:21,doors opened
07/11/2025,12,4128,Friday,Weekday,East,15652740.0,58500,16:15:00,58555,16:15:55,8,11581,Washington Ave & Manning Blvd (11581),0,0,19,,,59564,16:32:44,,,59564,16:32:44,0,00:00:00,door not opened
07/11/2025,12,4128,Friday,Weekday,East,15652740.0,58500,16:15:00,58555,16:15:55,7,2180,Washington Ave & Homestead Ave (02180),0,2,19,,,59515,16:31:55,,,59531,16:32:11,16,00:00:16,doors opened
07/11/2025,12,4128,Friday,Weekday,East,15652740.0,58500,16:15:00,58555,16:15:55,6,2182,Washington Ave & Hawthorne St (02182),2,0,21,,,59477,16:31:17,,,59491,16:31:31,14,00:00:14,doors opened
07/11/2025,12,4128,Friday,Weekday,East,15652740.0,58500,16:15:00,58555,16:15:55,5,3304,Washington Ave & Clermont St (03304),0,1,19,,,59444,16:30:44,,,59453,16:30:53,9,00:00:09,doors opened
07/11/2025,12,4128,Friday,Weekday,East,15652740.0,58500,16:15:00,58555,16:15:55,4,3348,Washington Ave & Brevator St (03348),0,1,20,,,59410,16:30:10,,,59424,16:30:24,14,00:00:14,doors opened
07/11/2025,12,4128,Friday,Weekday,East,15652740.0,58500,16:15:00,58555,16:15:55,3,10134,Washington Ave & SUNY Exit Rd (10134),2,0,21,,,59274,16:27:54,,,59301,16:28:21,27,00:00:27,doors opened
07/11/2025,12,4128,Friday,Weekday,East,15652740.0,58500,16:15:00,58555,16:15:55,2,7216,SUNY Collins Circle (07216),4,0,19,59160.0,16:26:00,59168,16:26:08,59160.0,16:26:00,59193,16:26:33,25,00:00:25,doors opened
07/11/2025,12,4128,Friday,Weekday,East,15652740.0,58500,16:15:00,58555,16:15:55,1,12827,Crossgates Commons Station (12827),4,2,15,58860.0,16:21:00,58844,16:20:44,58860.0,16:21:00,58956,16:22:36,112,00:01:52,doors opened
07/11/2025,12,4128,Friday,Weekday,East,15652740.0,58500,16:15:00,58555,16:15:55,0,7175,Crossgates Mall Station (07175),13,0,13,58500.0,16:15:00,58555,16:15:55,58500.0,16:15:00,58555,16:15:55,0,00:00:00,doors opened
07/11/2025,12,4128,Friday,Weekday,West,15652742.0,61200,17:00:00,61288,17:01:28,27,7175,Crossgates Mall Station (07175),0,8,0,63840.0,17:44:00,63747,17:42:27,63840.0,17:44:00,63747,17:42:27,0,00:00:00,doors opened
07/11/2025,12,4128,Friday,Weekday,West,15652742.0,61200,17:00:00,61288,17:01:28,26,12828,Crossgates Commons Station (12828),1,6,8,63420.0,17:37:00,63423,17:37:03,63420.0,17:37:00,63512,17:38:32,89,00:01:29,doors opened
07/11/2025,12,4128,Friday,Weekday,West,15652742.0,61200,17:00:00,61288,17:01:28,25,12891,1475 Washington Ave (12891),0,1,13,,,63236,17:33:56,,,63247,17:34:07,11,00:00:11,doors opened
07/11/2025,12,4128,Friday,Weekday,West,15652742.0,61200,17:00:00,61288,17:01:28,24,7216,SUNY Collins Circle (07216),0,1,14,63000.0,17:30:00,63063,17:31:03,63000.0,17:30:00,63075,17:31:15,12,00:00:12,doors opened
07/11/2025,12,4128,Friday,Weekday,West,15652742.0,61200,17:00:00,61288,17:01:28,23,3262,1383 Washington Ave (Fairfield Inn) (03262),4,3,15,,,62946,17:29:06,,,62975,17:29:35,29,00:00:29,doors opened
07/11/2025,12,4128,Friday,Weekday,West,15652742.0,61200,17:00:00,61288,17:01:28,22,976,Washington Ave & Brevator St (00976),0,0,14,,,62856,17:27:36,,,62856,17:27:36,0,00:00:00,door not opened
07/11/2025,12,4128,Friday,Weekday,West,15652742.0,61200,17:00:00,61288,17:01:28,21,1959,Washington Ave & Colvin Ave (01959),0,2,14,,,62788,17:26:28,,,62837,17:27:17,49,00:00:49,doors opened
07/11/2025,12,4128,Friday,Weekday,West,15652742.0,61200,17:00:00,61288,17:01:28,20,3399,Washington Ave & Danker Ave (03399),0,1,16,,,62755,17:25:55,,,62767,17:26:07,12,00:00:12,doors opened
07/11/2025,12,4128,Friday,Weekday,West,15652742.0,61200,17:00:00,61288,17:01:28,19,1849,Washington Ave & Homestead Ave (01849),0,4,17,,,62714,17:25:14,,,62732,17:25:32,18,00:00:18,doors opened
07/11/2025,12,4128,Friday,Weekday,West,15652742.0,61200,17:00:00,61288,17:01:28,18,1846,Washington Ave & Manning Blvd (01846),0,0,21,,,62696,17:24:56,,,62696,17:24:56,0,00:00:00,door not opened
07/11/2025,12,4128,Friday,Weekday,West,15652742.0,61200,17:00:00,61288,17:01:28,17,3287,Washington Ave & N. Allen St (03287),1,0,21,62520.0,17:22:00,62650,17:24:10,62520.0,17:22:00,62667,17:24:27,17,00:00:17,doors opened
07/11/2025,12,4128,Friday,Weekday,West,15652742.0,61200,17:00:00,61288,17:01:28,16,3264,Washington Ave & N. Main Ave (03264),1,3,20,,,62574,17:22:54,,,62624,17:23:44,50,00:00:50,doors opened
07/11/2025,12,4128,Friday,Weekday,West,15652742.0,61200,17:00:00,61288,17:01:28,15,1839,Washington Ave & Partridge St (01839),0,0,22,,,62503,17:21:43,,,62503,17:21:43,0,00:00:00,door not opened
07/11/2025,12,4128,Friday,Weekday,West,15652742.0,61200,17:00:00,61288,17:01:28,14,1841,Washington Ave & Ontario St (01841),0,2,22,62280.0,17:18:00,62428,17:20:28,62280.0,17:18:00,62460,17:21:00,32,00:00:32,doors opened
07/11/2025,12,4128,Friday,Weekday,West,15652742.0,61200,17:00:00,61288,17:01:28,13,1842,Washington Ave & Quail St (01842),3,2,24,,,62385,17:19:45,,,62407,17:20:07,22,00:00:22,doors opened
07/11/2025,12,4128,Friday,Weekday,West,15652742.0,61200,17:00:00,61288,17:01:28,12,1837,Washington Ave & N. Lake Ave (01837),0,0,23,,,62363,17:19:23,,,62363,17:19:23,0,00:00:00,door not opened
07/11/2025,12,4128,Friday,Weekday,West,15652742.0,61200,17:00:00,61288,17:01:28,11,1843,Washington Ave & Robin St (01843),0,2,23,,,62312,17:18:32,,,62325,17:18:45,13,00:00:13,doors opened
07/11/2025,12,4128,Friday,Weekday,West,15652742.0,61200,17:00:00,61288,17:01:28,10,12943,Washington Ave & Lexington Ave (12943),0,1,25,,,62252,17:17:32,,,62287,17:18:07,35,00:00:35,doors opened
07/11/2025,12,4128,Friday,Weekday,West,15652742.0,61200,17:00:00,61288,17:01:28,9,12942,Washington Ave & Henry Johnson Blvd (12942),0,2,26,,,62164,17:16:04,,,62212,17:16:52,48,00:00:48,doors opened
07/11/2025,12,4128,Friday,Weekday,West,15652742.0,61200,17:00:00,61288,17:01:28,0,9018,Broadway & Orange St (09018),1,0,1,61200.0,17:00:00,61288,17:01:28,61200.0,17:00:00,61288,17:01:28,0,00:00:00,doors opened
07/11/2025,12,4128,Friday,Weekday,West,15652742.0,61200,17:00:00,61288,17:01:28,8,3239,Lark/Library Station - Washington Ave & Lark St (03239),3,0,28,61860.0,17:11:00,62058,17:14:18,61860.0,17:11:00,62089,17:14:49,31,00:00:31,doors opened
07/11/2025,12,4128,Friday,Weekday,West,15652742.0,61200,17:00:00,61288,17:01:28,7,3301,Washington Ave & S. Swan St (03301),5,0,25,,,61966,17:12:46,,,62024,17:13:44,58,00:00:58,doors opened
07/11/2025,12,4128,Friday,Weekday,West,15652742.0,61200,17:00:00,61288,17:01:28,6,3250,Hawk/Capitol Station - Washington Ave & Hawk St (03250),3,0,20,,,61889,17:11:29,,,61942,17:12:22,53,00:00:53,doors opened
07/11/2025,12,4128,Friday,Weekday,West,15652742.0,61200,17:00:00,61288,17:01:28,5,10087,State St & Eagle St (10087),0,0,17,,,61864,17:11:04,,,61864,17:11:04,0,00:00:00,door not opened
07/11/2025,12,4128,Friday,Weekday,West,15652742.0,61200,17:00:00,61288,17:01:28,4,2665,State/Downtown Station - State St & Lodge St (02665),10,0,17,61500.0,17:05:00,61644,17:07:24,61500.0,17:05:00,61752,17:09:12,108,00:01:48,doors opened
07/11/2025,12,4128,Friday,Weekday,West,15652742.0,61200,17:00:00,61288,17:01:28,3,3221,State Station - N. Pearl St & Ten Eyck Plaza (03221),4,0,7,,,61568,17:06:08,,,61615,17:06:55,47,00:00:47,doors opened
07/11/2025,12,4128,Friday,Weekday,West,15652742.0,61200,17:00:00,61288,17:01:28,2,3233,N. Pearl St & Sheridan Ave (03233),0,0,3,,,61519,17:05:19,,,61519,17:05:19,0,00:00:00,door not opened
07/11/2025,12,4128,Friday,Weekday,West,15652742.0,61200,17:00:00,61288,17:01:28,1,2168,Clinton Square Station - N. Pearl St & Clinton Ave (02168),4,2,3,,,61386,17:03:06,,,61504,17:05:04,118,00:01:58,doors opened
07/11/2025,12,4128,Friday,Weekday,East,15649537.0,32100,08:55:00,32195,08:56:35,13,3255,Washington Ave & Quail St (03255),1,0,5,,,33290,09:14:50,,,33304,09:15:04,14,00:00:14,doors opened
07/11/2025,12,4128,Friday,Weekday,East,15649537.0,32100,08:55:00,32195,08:56:35,12,3256,Washington Ave & Ontario St (03256),0,4,4,33300.0,09:15:00,33245,09:14:05,33300.0,09:15:00,33267,09:14:27,22,00:00:22,doors opened
07/11/2025,12,4128,Friday,Weekday,East,15649537.0,32100,08:55:00,32195,08:56:35,11,2107,Washington Ave & Partridge St (02107),0,0,8,,,33222,09:13:42,,,33222,09:13:42,0,00:00:00,door not opened
07/11/2025,12,4128,Friday,Weekday,East,15649537.0,32100,08:55:00,32195,08:56:35,10,3257,Washington Ave & N. Main Ave (03257),0,0,8,,,33132,09:12:12,,,33132,09:12:12,0,00:00:00,door not opened
07/11/2025,12,4128,Friday,Weekday,East,15649537.0,32100,08:55:00,32195,08:56:35,9,1796,Washington Ave & N. Allen St (01796),1,0,8,33180.0,09:13:00,33073,09:11:13,33180.0,09:13:00,33101,09:11:41,28,00:00:28,doors opened
07/11/2025,12,4128,Friday,Weekday,East,15649537.0,32100,08:55:00,32195,08:56:35,8,11581,Washington Ave & Manning Blvd (11581),0,0,7,,,33045,09:10:45,,,33045,09:10:45,0,00:00:00,door not opened
07/11/2025,12,4128,Friday,Weekday,East,15649537.0,32100,08:55:00,32195,08:56:35,7,2180,Washington Ave & Homestead Ave (02180),0,0,7,,,33026,09:10:26,,,33026,09:10:26,0,00:00:00,door not opened
07/11/2025,12,4128,Friday,Weekday,East,15649537.0,32100,08:55:00,32195,08:56:35,6,2182,Washington Ave & Hawthorne St (02182),0,0,7,,,32988,09:09:48,,,32988,09:09:48,0,00:00:00,door not opened
07/11/2025,12,4128,Friday,Weekday,East,15649537.0,32100,08:55:00,32195,08:56:35,5,3304,Washington Ave & Clermont St (03304),0,0,7,,,32974,09:09:34,,,32974,09:09:34,0,00:00:00,door not opened
07/11/2025,12,4128,Friday,Weekday,East,15649537.0,32100,08:55:00,32195,08:56:35,4,3348,Washington Ave & Brevator St (03348),0,0,7,,,32948,09:09:08,,,32948,09:09:08,0,00:00:00,door not opened
07/11/2025,12,4128,Friday,Weekday,East,15649537.0,32100,08:55:00,32195,08:56:35,3,10134,Washington Ave & SUNY Exit Rd (10134),1,0,7,,,32829,09:07:09,,,32847,09:07:27,18,00:00:18,doors opened
07/11/2025,12,4128,Friday,Weekday,East,15649537.0,32100,08:55:00,32195,08:56:35,2,7216,SUNY Collins Circle (07216),0,0,6,32700.0,09:05:00,32732,09:05:32,32700.0,09:05:00,32732,09:05:32,0,00:00:00,door not opened
07/11/2025,12,4128,Friday,Weekday,East,15649537.0,32100,08:55:00,32195,08:56:35,1,12827,Crossgates Commons Station (12827),3,1,6,32400.0,09:00:00,32483,09:01:23,32400.0,09:00:00,32507,09:01:47,24,00:00:24,doors opened
07/11/2025,12,4128,Friday,Weekday,East,15649537.0,32100,08:55:00,32195,08:56:35,0,7175,Crossgates Mall Station (07175),4,0,4,32100.0,08:55:00,32195,08:56:35,32100.0,08:55:00,32195,08:56:35,0,00:00:00,doors opened
07/11/2025,12,4128,Friday,Weekday,East,15649537.0,32100,08:55:00,32195,08:56:35,24,3940,Broadway & Steuben St (03940),0,0,0,34200.0,09:30:00,33830,09:23:50,34200.0,09:30:00,33830,09:23:50,0,00:00:00,door not opened
07/11/2025,12,4128,Friday,Weekday,East,15649537.0,32100,08:55:00,32195,08:56:35,23,2509,State/Downtown Station - State St & S. Pearl St (02509),0,2,0,34020.0,09:27:00,33742,09:22:22,34020.0,09:27:00,33759,09:22:39,17,00:00:17,doors opened
07/11/2025,12,4128,Friday,Weekday,East,15649537.0,32100,08:55:00,32195,08:56:35,22,1787,State St & Eagle St (01787),0,0,2,,,33725,09:22:05,,,33725,09:22:05,0,00:00:00,door not opened
07/11/2025,12,4128,Friday,Weekday,East,15649537.0,32100,08:55:00,32195,08:56:35,21,2706,Hawk/Capitol Station - Washington Ave & Hawk St (02706),0,1,2,,,33636,09:20:36,,,33646,09:20:46,10,00:00:10,doors opened
07/11/2025,12,4128,Friday,Weekday,East,15649537.0,32100,08:55:00,32195,08:56:35,20,1789,Washington Ave & S. Swan St (01789),0,0,3,,,33614,09:20:14,,,33614,09:20:14,0,00:00:00,door not opened
07/11/2025,12,4128,Friday,Weekday,East,15649537.0,32100,08:55:00,32195,08:56:35,19,1788,Washington Ave & Dove St (01788),0,0,3,,,33593,09:19:53,,,33593,09:19:53,0,00:00:00,door not opened
07/11/2025,12,4128,Friday,Weekday,East,15649537.0,32100,08:55:00,32195,08:56:35,18,2663,Lark/Library Station - Washington Ave & Lark St (02663),1,3,3,33660.0,09:21:00,33504,09:18:24,33660.0,09:21:00,33570,09:19:30,66,00:01:06,doors opened
07/11/2025,12,4128,Friday,Weekday,East,15649537.0,32100,08:55:00,32195,08:56:35,17,263,Washington Ave & Henry Johnson Blvd (00263),0,0,5,,,33465,09:17:45,,,33465,09:17:45,0,00:00:00,door not opened
07/11/2025,12,4128,Friday,Weekday,East,15649537.0,32100,08:55:00,32195,08:56:35,16,2096,Washington Ave & Lexington Ave (02096),0,0,5,,,33379,09:16:19,,,33379,09:16:19,0,00:00:00,door not opened
07/11/2025,12,4128,Friday,Weekday,East,15649537.0,32100,08:55:00,32195,08:56:35,15,3253,Washington Ave & Robin St (Draper Hall) (03253),0,0,5,,,33357,09:15:57,,,33357,09:15:57,0,00:00:00,door not opened
07/11/2025,12,4128,Friday,Weekday,East,15649537.0,32100,08:55:00,32195,08:56:35,14,2109,Washington Ave & N. Lake Ave (02109),0,0,5,,,33329,09:15:29,,,33329,09:15:29,0,00:00:00,door not opened
07/11/2025,12,4128,Friday,Weekday,West,15649540.0,34800,09:40:00,34871,09:41:11,10,12943,Washington Ave & Lexington Ave (12943),0,0,7,,,35597,09:53:17,,,35597,09:53:17,0,00:00:00,door not opened
07/11/2025,12,4128,Friday,Weekday,West,15649540.0,34800,09:40:00,34871,09:41:11,9,12942,Washington Ave & Henry Johnson Blvd (12942),3,0,7,,,35528,09:52:08,,,35568,09:52:48,40,00:00:40,doors opened
07/11/2025,12,4128,Friday,Weekday,West,15649540.0,34800,09:40:00,34871,09:41:11,8,3239,Lark/Library Station - Washington Ave & Lark St (03239),1,1,4,35340.0,09:49:00,35433,09:50:33,35340.0,09:49:00,35451,09:50:51,18,00:00:18,doors opened
07/11/2025,12,4128,Friday,Weekday,West,15649540.0,34800,09:40:00,34871,09:41:11,7,3301,Washington Ave & S. Swan St (03301),0,0,4,,,35390,09:49:50,,,35390,09:49:50,0,00:00:00,door not opened
07/11/2025,12,4128,Friday,Weekday,West,15649540.0,34800,09:40:00,34871,09:41:11,6,3250,Hawk/Capitol Station - Washington Ave & Hawk St (03250),1,0,4,,,35348,09:49:08,,,35359,09:49:19,11,00:00:11,doors opened
07/11/2025,12,4128,Friday,Weekday,West,15649540.0,34800,09:40:00,34871,09:41:11,5,10087,State St & Eagle St (10087),0,0,3,,,35289,09:48:09,,,35289,09:48:09,0,00:00:00,door not opened
07/11/2025,12,4128,Friday,Weekday,West,15649540.0,34800,09:40:00,34871,09:41:11,4,2665,State/Downtown Station - State St & Lodge St (02665),2,0,3,35040.0,09:44:00,35132,09:45:32,35040.0,09:44:00,35163,09:46:03,31,00:00:31,doors opened
07/11/2025,12,4128,Friday,Weekday,West,15649540.0,34800,09:40:00,34871,09:41:11,3,3221,State Station - N. Pearl St & Ten Eyck Plaza (03221),0,0,1,,,35041,09:44:01,,,35041,09:44:01,0,00:00:00,door not opened
07/11/2025,12,4128,Friday,Weekday,West,15649540.0,34800,09:40:00,34871,09:41:11,2,3233,N. Pearl St & Sheridan Ave (03233),0,0,1,,,34965,09:42:45,,,34965,09:42:45,0,00:00:00,door not opened
07/11/2025,12,4128,Friday,Weekday,West,15649540.0,34800,09:40:00,34871,09:41:11,1,2168,Clinton Square Station - N. Pearl St & Clinton Ave (02168),0,0,1,,,34954,09:42:34,,,34954,09:42:34,0,00:00:00,door not opened
07/11/2025,12,4128,Friday,Weekday,West,15649540.0,34800,09:40:00,34871,09:41:11,0,9018,Broadway & Orange St (09018),0,0,1,34800.0,09:40:00,34871,09:41:11,34800.0,09:40:00,34871,09:41:11,0,00:00:00,door not opened
07/11/2025,12,4128,Friday,Weekday,West,15649540.0,34800,09:40:00,34871,09:41:11,23,3262,1383 Washington Ave (Fairfield Inn) (03262),3,2,29,,,36358,10:05:58,,,36384,10:06:24,26,00:00:26,doors opened
07/11/2025,12,4128,Friday,Weekday,West,15649540.0,34800,09:40:00,34871,09:41:11,22,976,Washington Ave & Brevator St (00976),0,0,28,,,36229,10:03:49,,,36229,10:03:49,0,00:00:00,door not opened
07/11/2025,12,4128,Friday,Weekday,West,15649540.0,34800,09:40:00,34871,09:41:11,21,1959,Washington Ave & Colvin Ave (01959),1,0,28,,,36145,10:02:25,,,36207,10:03:27,62,00:01:02,doors opened
07/11/2025,12,4128,Friday,Weekday,West,15649540.0,34800,09:40:00,34871,09:41:11,20,3399,Washington Ave & Danker Ave (03399),0,0,27,,,36116,10:01:56,,,36116,10:01:56,0,00:00:00,door not opened
07/11/2025,12,4128,Friday,Weekday,West,15649540.0,34800,09:40:00,34871,09:41:11,19,1849,Washington Ave & Homestead Ave (01849),1,0,27,,,36078,10:01:18,,,36093,10:01:33,15,00:00:15,doors opened
07/11/2025,12,4128,Friday,Weekday,West,15649540.0,34800,09:40:00,34871,09:41:11,18,1846,Washington Ave & Manning Blvd (01846),0,0,26,,,36056,10:00:56,,,36056,10:00:56,0,00:00:00,door not opened
07/11/2025,12,4128,Friday,Weekday,West,15649540.0,34800,09:40:00,34871,09:41:11,17,3287,Washington Ave & N. Allen St (03287),4,1,26,36000.0,10:00:00,35960,09:59:20,36000.0,10:00:00,35991,09:59:51,31,00:00:31,doors opened
07/11/2025,12,4128,Friday,Weekday,West,15649540.0,34800,09:40:00,34871,09:41:11,16,3264,Washington Ave & N. Main Ave (03264),3,0,23,,,35902,09:58:22,,,35926,09:58:46,24,00:00:24,doors opened
07/11/2025,12,4128,Friday,Weekday,West,15649540.0,34800,09:40:00,34871,09:41:11,15,1839,Washington Ave & Partridge St (01839),2,0,20,,,35809,09:56:49,,,35824,09:57:04,15,00:00:15,doors opened
07/11/2025,12,4128,Friday,Weekday,West,15649540.0,34800,09:40:00,34871,09:41:11,14,1841,Washington Ave & Ontario St (01841),6,0,18,35760.0,09:56:00,35733,09:55:33,35760.0,09:56:00,35784,09:56:24,51,00:00:51,doors opened
07/11/2025,12,4128,Friday,Weekday,West,15649540.0,34800,09:40:00,34871,09:41:11,13,1842,Washington Ave & Quail St (01842),4,0,12,,,35681,09:54:41,,,35706,09:55:06,25,00:00:25,doors opened
07/11/2025,12,4128,Friday,Weekday,West,15649540.0,34800,09:40:00,34871,09:41:11,12,1837,Washington Ave & N. Lake Ave (01837),1,0,8,,,35636,09:53:56,,,35651,09:54:11,15,00:00:15,doors opened
07/11/2025,12,4128,Friday,Weekday,West,15649540.0,34800,09:40:00,34871,09:41:11,11,1843,Washington Ave & Robin St (01843),0,0,7,,,35614,09:53:34,,,35614,09:53:34,0,00:00:00,door not opened
07/11/2025,12,4128,Friday,Weekday,West,15649540.0,34800,09:40:00,34871,09:41:11,27,7175,Crossgates Mall Station (07175),0,6,0,37200.0,10:20:00,37156,10:19:16,37200.0,10:20:00,37156,10:19:16,0,00:00:00,doors opened
07/11/2025,12,4128,Friday,Weekday,West,15649540.0,34800,09:40:00,34871,09:41:11,26,12828,Crossgates Commons Station (12828),0,16,6,36780.0,10:13:00,36911,10:15:11,36780.0,10:13:00,36941,10:15:41,30,00:00:30,doors opened
07/11/2025,12,4128,Friday,Weekday,West,15649540.0,34800,09:40:00,34871,09:41:11,25,12891,1475 Washington Ave (12891),0,0,22,,,36714,10:11:54,,,36714,10:11:54,0,00:00:00,door not opened
07/11/2025,12,4128,Friday,Weekday,West,15649540.0,34800,09:40:00,34871,09:41:11,24,7216,SUNY Collins Circle (07216),0,7,22,36420.0,10:07:00,36524,10:08:44,36420.0,10:07:00,36544,10:09:04,20,00:00:20,doors opened
07/11/2025,12,4128,Friday,Weekday,East,15649545.0,42900,11:55:00,42905,11:55:05,24,3940,Broadway & Steuben St (03940),0,2,0,45000.0,12:30:00,44822,12:27:02,45000.0,12:30:00,44822,12:27:02,0,00:00:00,doors opened
07/11/2025,12,4128,Friday,Weekday,East,15649545.0,42900,11:55:00,42905,11:55:05,23,2509,State/Downtown Station - State St & S. Pearl St (02509),0,2,2,44820.0,12:27:00,44695,12:24:55,44820.0,12:27:00,44763,12:26:03,68,00:01:08,doors opened
07/11/2025,12,4128,Friday,Weekday,East,15649545.0,42900,11:55:00,42905,11:55:05,22,1787,State St & Eagle St (01787),0,0,4,,,44671,12:24:31,,,44671,12:24:31,0,00:00:00,door not opened
07/11/2025,12,4128,Friday,Weekday,East,15649545.0,42900,11:55:00,42905,11:55:05,21,2706,Hawk/Capitol Station - Washington Ave & Hawk St (02706),0,0,4,,,44625,12:23:45,,,44625,12:23:45,0,00:00:00,door not opened
07/11/2025,12,4128,Friday,Weekday,East,15649545.0,42900,11:55:00,42905,11:55:05,20,1789,Washington Ave & S. Swan St (01789),0,1,4,,,44582,12:23:02,,,44603,12:23:23,21,00:00:21,doors opened
07/11/2025,12,4128,Friday,Weekday,East,15649545.0,42900,11:55:00,42905,11:55:05,19,1788,Washington Ave & Dove St (01788),0,1,5,,,44525,12:22:05,,,44555,12:22:35,30,00:00:30,doors opened
07/11/2025,12,4128,Friday,Weekday,East,15649545.0,42900,11:55:00,42905,11:55:05,18,2663,Lark/Library Station - Washington Ave & Lark St (02663),0,4,6,44520.0,12:22:00,44438,12:20:38,44520.0,12:22:00,44501,12:21:41,63,00:01:03,doors opened
07/11/2025,12,4128,Friday,Weekday,East,15649545.0,42900,11:55:00,42905,11:55:05,17,263,Washington Ave & Henry Johnson Blvd (00263),0,2,10,,,44402,12:20:02,,,44413,12:20:13,11,00:00:11,doors opened
07/11/2025,12,4128,Friday,Weekday,East,15649545.0,42900,11:55:00,42905,11:55:05,16,2096,Washington Ave & Lexington Ave (02096),0,3,12,,,44281,12:18:01,,,44374,12:19:34,93,00:01:33,doors opened
07/11/2025,12,4128,Friday,Weekday,East,15649545.0,42900,11:55:00,42905,11:55:05,15,3253,Washington Ave & Robin St (Draper Hall) (03253),0,0,15,,,44262,12:17:42,,,44262,12:17:42,0,00:00:00,door not opened
07/11/2025,12,4128,Friday,Weekday,East,15649545.0,42900,11:55:00,42905,11:55:05,14,2109,Washington Ave & N. Lake Ave (02109),2,0,15,,,44207,12:16:47,,,44230,12:17:10,23,00:00:23,doors opened
07/11/2025,12,4128,Friday,Weekday,East,15649545.0,42900,11:55:00,42905,11:55:05,13,3255,Washington Ave & Quail St (03255),1,2,13,,,44155,12:15:55,,,44177,12:16:17,22,00:00:22,doors opened
07/11/2025,12,4128,Friday,Weekday,East,15649545.0,42900,11:55:00,42905,11:55:05,12,3256,Washington Ave & Ontario St (03256),0,1,14,44160.0,12:16:00,44117,12:15:17,44160.0,12:16:00,44128,12:15:28,11,00:00:11,doors opened
07/11/2025,12,4128,Friday,Weekday,East,15649545.0,42900,11:55:00,42905,11:55:05,11,2107,Washington Ave & Partridge St (02107),0,0,15,,,44093,12:14:53,,,44093,12:14:53,0,00:00:00,door not opened
07/11/2025,12,4128,Friday,Weekday,East,15649545.0,42900,11:55:00,42905,11:55:05,10,3257,Washington Ave & N. Main Ave (03257),1,2,15,,,43980,12:13:00,,,44030,12:13:50,50,00:00:50,doors opened
07/11/2025,12,4128,Friday,Weekday,East,15649545.0,42900,11:55:00,42905,11:55:05,9,1796,Washington Ave & N. Allen St (01796),1,1,16,43980.0,12:13:00,43932,12:12:12,43980.0,12:13:00,43949,12:12:29,17,00:00:17,doors opened
07/11/2025,12,4128,Friday,Weekday,East,15649545.0,42900,11:55:00,42905,11:55:05,8,11581,Washington Ave & Manning Blvd (11581),1,0,16,,,43855,12:10:55,,,43898,12:11:38,43,00:00:43,doors opened
07/11/2025,12,4128,Friday,Weekday,East,15649545.0,42900,11:55:00,42905,11:55:05,7,2180,Washington Ave & Homestead Ave (02180),0,0,15,,,43834,12:10:34,,,43834,12:10:34,0,00:00:00,door not opened
07/11/2025,12,4128,Friday,Weekday,East,15649545.0,42900,11:55:00,42905,11:55:05,6,2182,Washington Ave & Hawthorne St (02182),0,0,15,,,43808,12:10:08,,,43808,12:10:08,0,00:00:00,door not opened
07/11/2025,12,4128,Friday,Weekday,East,15649545.0,42900,11:55:00,42905,11:55:05,5,3304,Washington Ave & Clermont St (03304),0,0,15,,,43792,12:09:52,,,43792,12:09:52,0,00:00:00,door not opened
07/11/2025,12,4128,Friday,Weekday,East,15649545.0,42900,11:55:00,42905,11:55:05,4,3348,Washington Ave & Brevator St (03348),0,0,15,,,43774,12:09:34,,,43774,12:09:34,0,00:00:00,door not opened
07/11/2025,12,4128,Friday,Weekday,East,15649545.0,42900,11:55:00,42905,11:55:05,3,10134,Washington Ave & SUNY Exit Rd (10134),0,0,15,,,43644,12:07:24,,,43644,12:07:24,0,00:00:00,door not opened
07/11/2025,12,4128,Friday,Weekday,East,15649545.0,42900,11:55:00,42905,11:55:05,2,7216,SUNY Collins Circle (07216),2,0,15,43500.0,12:05:00,43526,12:05:26,43500.0,12:05:00,43542,12:05:42,16,00:00:16,doors opened
07/11/2025,12,4128,Friday,Weekday,East,15649545.0,42900,11:55:00,42905,11:55:05,1,12827,Crossgates Commons Station (12827),8,0,13,43200.0,12:00:00,43199,11:59:59,43200.0,12:00:00,43267,12:01:07,68,00:01:08,doors opened
07/11/2025,12,4128,Friday,Weekday,East,15649545.0,42900,11:55:00,42905,11:55:05,0,7175,Crossgates Mall Station (07175),5,0,5,42900.0,11:55:00,42905,11:55:05,42900.0,11:55:00,42905,11:55:05,0,00:00:00,doors opened
07/11/2025,12,4128,Friday,Weekday,West,15649548.0,45600,12:40:00,45601,12:40:01,26,12828,Crossgates Commons Station (12828),0,5,0,47580.0,13:13:00,47408,13:10:08,47580.0,13:13:00,47408,13:10:08,0,00:00:00,doors opened
07/11/2025,12,4128,Friday,Weekday,West,15649548.0,45600,12:40:00,45601,12:40:01,25,12891,1475 Washington Ave (12891),0,1,5,,,47150,13:05:50,,,47173,13:06:13,23,00:00:23,doors opened
07/11/2025,12,4128,Friday,Weekday,West,15649548.0,45600,12:40:00,45601,12:40:01,24,7216,SUNY Collins Circle (07216),0,0,6,47220.0,13:07:00,47013,13:03:33,47220.0,13:07:00,47013,13:03:33,0,00:00:00,door not opened
07/11/2025,12,4128,Friday,Weekday,West,15649548.0,45600,12:40:00,45601,12:40:01,23,3262,1383 Washington Ave (Fairfield Inn) (03262),0,0,6,,,46926,13:02:06,,,46926,13:02:06,0,00:00:00,door not opened
07/11/2025,12,4128,Friday,Weekday,West,15649548.0,45600,12:40:00,45601,12:40:01,22,976,Washington Ave & Brevator St (00976),0,0,6,,,46747,12:59:07,,,46747,12:59:07,0,00:00:00,door not opened
07/11/2025,12,4128,Friday,Weekday,West,15649548.0,45600,12:40:00,45601,12:40:01,21,1959,Washington Ave & Colvin Ave (01959),0,0,6,,,46723,12:58:43,,,46723,12:58:43,0,00:00:00,door not opened
07/11/2025,12,4128,Friday,Weekday,West,15649548.0,45600,12:40:00,45601,12:40:01,20,3399,Washington Ave & Danker Ave (03399),1,0,6,,,46679,12:57:59,,,46697,12:58:17,18,00:00:18,doors opened
07/11/2025,12,4128,Friday,Weekday,West,15649548.0,45600,12:40:00,45601,12:40:01,19,1849,Washington Ave & Homestead Ave (01849),0,0,5,,,46655,12:57:35,,,46655,12:57:35,0,00:00:00,door not opened
07/11/2025,12,4128,Friday,Weekday,West,15649548.0,45600,12:40:00,45601,12:40:01,18,1846,Washington Ave & Manning Blvd (01846),3,0,5,,,46588,12:56:28,,,46616,12:56:56,28,00:00:28,doors opened
07/11/2025,12,4128,Friday,Weekday,West,15649548.0,45600,12:40:00,45601,12:40:01,17,3287,Washington Ave & N. Allen St (03287),0,1,2,46800.0,13:00:00,46535,12:55:35,46800.0,13:00:00,46546,12:55:46,11,00:00:11,doors opened
07/11/2025,12,4128,Friday,Weekday,West,15649548.0,45600,12:40:00,45601,12:40:01,16,3264,Washington Ave & N. Main Ave (03264),0,1,3,,,46460,12:54:20,,,46487,12:54:47,27,00:00:27,doors opened
07/11/2025,12,4128,Friday,Weekday,West,15649548.0,45600,12:40:00,45601,12:40:01,15,1839,Washington Ave & Partridge St (01839),0,0,4,,,46384,12:53:04,,,46384,12:53:04,0,00:00:00,door not opened
07/11/2025,12,4128,Friday,Weekday,West,15649548.0,45600,12:40:00,45601,12:40:01,14,1841,Washington Ave & Ontario St (01841),0,0,4,46560.0,12:56:00,46358,12:52:38,46560.0,12:56:00,46358,12:52:38,0,00:00:00,door not opened
07/11/2025,12,4128,Friday,Weekday,West,15649548.0,45600,12:40:00,45601,12:40:01,13,1842,Washington Ave & Quail St (01842),1,0,4,,,46298,12:51:38,,,46338,12:52:18,40,00:00:40,doors opened
07/11/2025,12,4128,Friday,Weekday,West,15649548.0,45600,12:40:00,45601,12:40:01,12,1837,Washington Ave & N. Lake Ave (01837),0,0,3,,,46273,12:51:13,,,46273,12:51:13,0,00:00:00,door not opened
07/11/2025,12,4128,Friday,Weekday,West,15649548.0,45600,12:40:00,45601,12:40:01,11,1843,Washington Ave & Robin St (01843),0,1,3,,,46230,12:50:30,,,46243,12:50:43,13,00:00:13,doors opened
07/11/2025,12,4128,Friday,Weekday,West,15649548.0,45600,12:40:00,45601,12:40:01,10,12943,Washington Ave & Lexington Ave (12943),0,0,4,,,46207,12:50:07,,,46207,12:50:07,0,00:00:00,door not opened
07/11/2025,12,4128,Friday,Weekday,West,15649548.0,45600,12:40:00,45601,12:40:01,9,12942,Washington Ave & Henry Johnson Blvd (12942),1,0,4,,,46074,12:47:54,,,46134,12:48:54,60,00:01:00,doors opened
07/11/2025,12,4128,Friday,Weekday,West,15649548.0,45600,12:40:00,45601,12:40:01,8,3239,Lark/Library Station - Washington Ave & Lark St (03239),0,0,3,46140.0,12:49:00,45971,12:46:11,46140.0,12:49:00,45985,12:46:25,14,00:00:14,doors opened
07/11/2025,12,4128,Friday,Weekday,West,15649548.0,45600,12:40:00,45601,12:40:01,7,3301,Washington Ave & S. Swan St (03301),1,0,3,,,45909,12:45:09,,,45928,12:45:28,19,00:00:19,doors opened
07/11/2025,12,4128,Friday,Weekday,West,15649548.0,45600,12:40:00,45601,12:40:01,6,3250,Hawk/Capitol Station - Washington Ave & Hawk St (03250),1,0,2,,,45865,12:44:25,,,45884,12:44:44,19,00:00:19,doors opened
07/11/2025,12,4128,Friday,Weekday,West,15649548.0,45600,12:40:00,45601,12:40:01,5,10087,State St & Eagle St (10087),0,0,1,,,45838,12:43:58,,,45838,12:43:58,0,00:00:00,door not opened
07/11/2025,12,4128,Friday,Weekday,West,15649548.0,45600,12:40:00,45601,12:40:01,4,2665,State/Downtown Station - State St & Lodge St (02665),1,1,1,45840.0,12:44:00,45778,12:42:58,45840.0,12:44:00,45805,12:43:25,27,00:00:27,doors opened
07/11/2025,12,4128,Friday,Weekday,West,15649548.0,45600,12:40:00,45601,12:40:01,3,3221,State Station - N. Pearl St & Ten Eyck Plaza (03221),0,0,1,,,45754,12:42:34,,,45754,12:42:34,0,00:00:00,door not opened
07/11/2025,12,4128,Friday,Weekday,West,15649548.0,45600,12:40:00,45601,12:40:01,2,3233,N. Pearl St & Sheridan Ave (03233),0,0,1,,,45667,12:41:07,,,45667,12:41:07,0,00:00:00,door not opened
07/11/2025,12,4128,Friday,Weekday,West,15649548.0,45600,12:40:00,45601,12:40:01,1,2168,Clinton Square Station - N. Pearl St & Clinton Ave (02168),0,0,1,,,45628,12:40:28,,,45628,12:40:28,0,00:00:00,door not opened
07/11/2025,12,4128,Friday,Weekday,West,15649548.0,45600,12:40:00,45601,12:40:01,0,9018,Broadway & Orange St (09018),0,0,1,45600.0,12:40:00,45601,12:40:01,45600.0,12:40:00,45601,12:40:01,0,00:00:00,door not opened
07/11/2025,12,4111,Friday,Weekday,East,15649685.0,33300,09:15:00,33824,09:23:44,24,3940,Broadway & Steuben St (03940),0,1,0,35340.0,09:49:00,35840,09:57:20,35340.0,09:49:00,35840,09:57:20,0,00:00:00,doors opened
07/11/2025,12,4111,Friday,Weekday,East,15649685.0,33300,09:15:00,33824,09:23:44,23,2509,State/Downtown Station - State St & S. Pearl St (02509),0,4,1,35160.0,09:46:00,35729,09:55:29,35160.0,09:46:00,35754,09:55:54,25,00:00:25,doors opened
07/11/2025,12,4111,Friday,Weekday,East,15649685.0,33300,09:15:00,33824,09:23:44,22,1787,State St & Eagle St (01787),0,0,5,,,35689,09:54:49,,,35707,09:55:07,18,00:00:18,doors opened
07/11/2025,12,4111,Friday,Weekday,East,15649685.0,33300,09:15:00,33824,09:23:44,21,2706,Hawk/Capitol Station - Washington Ave & Hawk St (02706),0,0,5,,,35638,09:53:58,,,35638,09:53:58,0,00:00:00,door not opened
07/11/2025,12,4111,Friday,Weekday,East,15649685.0,33300,09:15:00,33824,09:23:44,20,1789,Washington Ave & S. Swan St (01789),0,3,5,,,35572,09:52:52,,,35614,09:53:34,42,00:00:42,doors opened
07/11/2025,12,4111,Friday,Weekday,East,15649685.0,33300,09:15:00,33824,09:23:44,19,1788,Washington Ave & Dove St (01788),0,0,8,,,35544,09:52:24,,,35544,09:52:24,0,00:00:00,door not opened
07/11/2025,12,4111,Friday,Weekday,East,15649685.0,33300,09:15:00,33824,09:23:44,18,2663,Lark/Library Station - Washington Ave & Lark St (02663),1,0,8,34860.0,09:41:00,35466,09:51:06,34860.0,09:41:00,35509,09:51:49,43,00:00:43,doors opened
07/11/2025,12,4111,Friday,Weekday,East,15649685.0,33300,09:15:00,33824,09:23:44,17,263,Washington Ave & Henry Johnson Blvd (00263),0,1,7,,,35421,09:50:21,,,35439,09:50:39,18,00:00:18,doors opened
07/11/2025,12,4111,Friday,Weekday,East,15649685.0,33300,09:15:00,33824,09:23:44,16,2096,Washington Ave & Lexington Ave (02096),0,2,8,,,35319,09:48:39,,,35377,09:49:37,58,00:00:58,doors opened
07/11/2025,12,4111,Friday,Weekday,East,15649685.0,33300,09:15:00,33824,09:23:44,15,3253,Washington Ave & Robin St (Draper Hall) (03253),0,0,10,,,35297,09:48:17,,,35297,09:48:17,0,00:00:00,door not opened
07/11/2025,12,4111,Friday,Weekday,East,15649685.0,33300,09:15:00,33824,09:23:44,14,2109,Washington Ave & N. Lake Ave (02109),0,1,10,,,35243,09:47:23,,,35259,09:47:39,16,00:00:16,doors opened
07/11/2025,12,4111,Friday,Weekday,East,15649685.0,33300,09:15:00,33824,09:23:44,13,3255,Washington Ave & Quail St (03255),1,3,11,,,35171,09:46:11,,,35207,09:46:47,36,00:00:36,doors opened
07/11/2025,12,4111,Friday,Weekday,East,15649685.0,33300,09:15:00,33824,09:23:44,12,3256,Washington Ave & Ontario St (03256),1,1,13,34500.0,09:35:00,35122,09:45:22,34500.0,09:35:00,35142,09:45:42,20,00:00:20,doors opened
07/11/2025,12,4111,Friday,Weekday,East,15649685.0,33300,09:15:00,33824,09:23:44,11,2107,Washington Ave & Partridge St (02107),0,0,13,,,35102,09:45:02,,,35102,09:45:02,0,00:00:00,door not opened
07/11/2025,12,4111,Friday,Weekday,East,15649685.0,33300,09:15:00,33824,09:23:44,10,3257,Washington Ave & N. Main Ave (03257),0,0,13,,,35033,09:43:53,,,35033,09:43:53,0,00:00:00,door not opened
07/11/2025,12,4111,Friday,Weekday,East,15649685.0,33300,09:15:00,33824,09:23:44,9,1796,Washington Ave & N. Allen St (01796),3,0,13,34380.0,09:33:00,34965,09:42:45,34380.0,09:33:00,34988,09:43:08,23,00:00:23,doors opened
07/11/2025,12,4111,Friday,Weekday,East,15649685.0,33300,09:15:00,33824,09:23:44,8,11581,Washington Ave & Manning Blvd (11581),1,0,10,,,34909,09:41:49,,,34925,09:42:05,16,00:00:16,doors opened
07/11/2025,12,4111,Friday,Weekday,East,15649685.0,33300,09:15:00,33824,09:23:44,7,2180,Washington Ave & Homestead Ave (02180),2,0,9,,,34847,09:40:47,,,34886,09:41:26,39,00:00:39,doors opened
07/11/2025,12,4111,Friday,Weekday,East,15649685.0,33300,09:15:00,33824,09:23:44,6,2182,Washington Ave & Hawthorne St (02182),1,0,7,,,34803,09:40:03,,,34822,09:40:22,19,00:00:19,doors opened
07/11/2025,12,4111,Friday,Weekday,East,15649685.0,33300,09:15:00,33824,09:23:44,5,3304,Washington Ave & Clermont St (03304),1,0,6,,,34755,09:39:15,,,34777,09:39:37,22,00:00:22,doors opened
07/11/2025,12,4111,Friday,Weekday,East,15649685.0,33300,09:15:00,33824,09:23:44,4,3348,Washington Ave & Brevator St (03348),2,0,5,,,34710,09:38:30,,,34732,09:38:52,22,00:00:22,doors opened
07/11/2025,12,4111,Friday,Weekday,East,15649685.0,33300,09:15:00,33824,09:23:44,3,10134,Washington Ave & SUNY Exit Rd (10134),0,0,3,,,34594,09:36:34,,,34594,09:36:34,0,00:00:00,door not opened
07/11/2025,12,4111,Friday,Weekday,East,15649685.0,33300,09:15:00,33824,09:23:44,2,7216,SUNY Collins Circle (07216),0,0,3,33900.0,09:25:00,34472,09:34:32,33900.0,09:25:00,34472,09:34:32,0,00:00:00,door not opened
07/11/2025,12,4111,Friday,Weekday,East,15649685.0,33300,09:15:00,33824,09:23:44,1,12827,Crossgates Commons Station (12827),2,1,3,33600.0,09:20:00,34116,09:28:36,33600.0,09:20:00,34141,09:29:01,25,00:00:25,doors opened
07/11/2025,12,4111,Friday,Weekday,East,15649685.0,33300,09:15:00,33824,09:23:44,0,7175,Crossgates Mall Station (07175),2,0,2,33300.0,09:15:00,33824,09:23:44,33300.0,09:15:00,33824,09:23:44,0,00:00:00,doors opened
07/11/2025,12,4111,Friday,Weekday,East,15649689.0,39300,10:55:00,39367,10:56:07,23,2509,State/Downtown Station - State St & S. Pearl St (02509),0,3,0,41160.0,11:26:00,41574,11:32:54,41160.0,11:26:00,41634,11:33:54,60,00:01:00,doors opened
07/11/2025,12,4111,Friday,Weekday,East,15649689.0,39300,10:55:00,39367,10:56:07,22,1787,State St & Eagle St (01787),0,0,3,,,41552,11:32:32,,,41552,11:32:32,0,00:00:00,door not opened
07/11/2025,12,4111,Friday,Weekday,East,15649689.0,39300,10:55:00,39367,10:56:07,21,2706,Hawk/Capitol Station - Washington Ave & Hawk St (02706),0,0,3,,,41433,11:30:33,,,41433,11:30:33,0,00:00:00,door not opened
07/11/2025,12,4111,Friday,Weekday,East,15649689.0,39300,10:55:00,39367,10:56:07,20,1789,Washington Ave & S. Swan St (01789),0,1,3,,,41350,11:29:10,,,41399,11:29:59,49,00:00:49,doors opened
07/11/2025,12,4111,Friday,Weekday,East,15649689.0,39300,10:55:00,39367,10:56:07,19,1788,Washington Ave & Dove St (01788),0,1,4,,,41294,11:28:14,,,41320,11:28:40,26,00:00:26,doors opened
07/11/2025,12,4111,Friday,Weekday,East,15649689.0,39300,10:55:00,39367,10:56:07,18,2663,Lark/Library Station - Washington Ave & Lark St (02663),0,4,5,40860.0,11:21:00,41199,11:26:39,40860.0,11:21:00,41259,11:27:39,60,00:01:00,doors opened
07/11/2025,12,4111,Friday,Weekday,East,15649689.0,39300,10:55:00,39367,10:56:07,17,263,Washington Ave & Henry Johnson Blvd (00263),1,0,9,,,41102,11:25:02,,,41152,11:25:52,50,00:00:50,doors opened
07/11/2025,12,4111,Friday,Weekday,East,15649689.0,39300,10:55:00,39367,10:56:07,16,2096,Washington Ave & Lexington Ave (02096),0,0,8,,,41073,11:24:33,,,41073,11:24:33,0,00:00:00,door not opened
07/11/2025,12,4111,Friday,Weekday,East,15649689.0,39300,10:55:00,39367,10:56:07,15,3253,Washington Ave & Robin St (Draper Hall) (03253),0,0,8,,,41031,11:23:51,,,41031,11:23:51,0,00:00:00,door not opened
07/11/2025,12,4111,Friday,Weekday,East,15649689.0,39300,10:55:00,39367,10:56:07,14,2109,Washington Ave & N. Lake Ave (02109),4,1,8,,,40930,11:22:10,,,40999,11:23:19,69,00:01:09,doors opened
07/11/2025,12,4111,Friday,Weekday,East,15649689.0,39300,10:55:00,39367,10:56:07,13,3255,Washington Ave & Quail St (03255),0,2,5,,,40840,11:20:40,,,40897,11:21:37,57,00:00:57,doors opened
07/11/2025,12,4111,Friday,Weekday,East,15649689.0,39300,10:55:00,39367,10:56:07,12,3256,Washington Ave & Ontario St (03256),0,1,7,40500.0,11:15:00,40788,11:19:48,40500.0,11:15:00,40815,11:20:15,27,00:00:27,doors opened
07/11/2025,12,4111,Friday,Weekday,East,15649689.0,39300,10:55:00,39367,10:56:07,11,2107,Washington Ave & Partridge St (02107),2,1,8,,,40739,11:18:59,,,40761,11:19:21,22,00:00:22,doors opened
07/11/2025,12,4111,Friday,Weekday,East,15649689.0,39300,10:55:00,39367,10:56:07,10,3257,Washington Ave & N. Main Ave (03257),0,2,7,,,40642,11:17:22,,,40680,11:18:00,38,00:00:38,doors opened
07/11/2025,12,4111,Friday,Weekday,East,15649689.0,39300,10:55:00,39367,10:56:07,9,1796,Washington Ave & N. Allen St (01796),0,1,9,40380.0,11:13:00,40585,11:16:25,40380.0,11:13:00,40603,11:16:43,18,00:00:18,doors opened
07/11/2025,12,4111,Friday,Weekday,East,15649689.0,39300,10:55:00,39367,10:56:07,8,11581,Washington Ave & Manning Blvd (11581),0,0,10,,,40548,11:15:48,,,40548,11:15:48,0,00:00:00,door not opened
07/11/2025,12,4111,Friday,Weekday,East,15649689.0,39300,10:55:00,39367,10:56:07,7,2180,Washington Ave & Homestead Ave (02180),1,0,10,,,40478,11:14:38,,,40496,11:14:56,18,00:00:18,doors opened
07/11/2025,12,4111,Friday,Weekday,East,15649689.0,39300,10:55:00,39367,10:56:07,6,2182,Washington Ave & Hawthorne St (02182),0,0,9,,,40434,11:13:54,,,40434,11:13:54,0,00:00:00,door not opened
07/11/2025,12,4111,Friday,Weekday,East,15649689.0,39300,10:55:00,39367,10:56:07,5,3304,Washington Ave & Clermont St (03304),0,0,9,,,40416,11:13:36,,,40416,11:13:36,0,00:00:00,door not opened
07/11/2025,12,4111,Friday,Weekday,East,15649689.0,39300,10:55:00,39367,10:56:07,4,3348,Washington Ave & Brevator St (03348),0,0,9,,,40395,11:13:15,,,40395,11:13:15,0,00:00:00,door not opened
07/11/2025,12,4111,Friday,Weekday,East,15649689.0,39300,10:55:00,39367,10:56:07,3,10134,Washington Ave & SUNY Exit Rd (10134),2,0,9,,,40211,11:10:11,,,40240,11:10:40,29,00:00:29,doors opened
07/11/2025,12,4111,Friday,Weekday,East,15649689.0,39300,10:55:00,39367,10:56:07,2,7216,SUNY Collins Circle (07216),0,0,7,39900.0,11:05:00,40110,11:08:30,39900.0,11:05:00,40110,11:08:30,0,00:00:00,door not opened
07/11/2025,12,4111,Friday,Weekday,East,15649689.0,39300,10:55:00,39367,10:56:07,1,12827,Crossgates Commons Station (12827),5,0,7,39600.0,11:00:00,39749,11:02:29,39600.0,11:00:00,39811,11:03:31,62,00:01:02,doors opened
07/11/2025,12,4111,Friday,Weekday,East,15649689.0,39300,10:55:00,39367,10:56:07,0,7175,Crossgates Mall Station (07175),2,0,2,39300.0,10:55:00,39367,10:56:07,39300.0,10:55:00,39367,10:56:07,0,00:00:00,doors opened
07/11/2025,12,4111,Friday,Weekday,East,15649689.0,39300,10:55:00,39367,10:56:07,24,3940,Broadway & Steuben St (03940),0,0,0,41340.0,11:29:00,41746,11:35:46,41340.0,11:29:00,41746,11:35:46,0,00:00:00,door not opened
07/11/2025,12,4111,Friday,Weekday,West,15649792.0,42000,11:40:00,42236,11:43:56,27,7175,Crossgates Mall Station (07175),0,1,0,44400.0,12:20:00,44646,12:24:06,44400.0,12:20:00,44646,12:24:06,0,00:00:00,doors opened
07/11/2025,12,4111,Friday,Weekday,West,15649792.0,42000,11:40:00,42236,11:43:56,26,12828,Crossgates Commons Station (12828),0,12,1,43980.0,12:13:00,44364,12:19:24,43980.0,12:13:00,44393,12:19:53,29,00:00:29,doors opened
07/11/2025,12,4111,Friday,Weekday,West,15649792.0,42000,11:40:00,42236,11:43:56,25,12891,1475 Washington Ave (12891),0,0,13,,,44144,12:15:44,,,44144,12:15:44,0,00:00:00,door not opened
07/11/2025,12,4111,Friday,Weekday,West,15649792.0,42000,11:40:00,42236,11:43:56,24,7216,SUNY Collins Circle (07216),0,0,13,43620.0,12:07:00,44069,12:14:29,43620.0,12:07:00,44069,12:14:29,0,00:00:00,door not opened
07/11/2025,12,4111,Friday,Weekday,West,15649792.0,42000,11:40:00,42236,11:43:56,23,3262,1383 Washington Ave (Fairfield Inn) (03262),0,0,13,,,43911,12:11:51,,,43911,12:11:51,0,00:00:00,door not opened
07/11/2025,12,4111,Friday,Weekday,West,15649792.0,42000,11:40:00,42236,11:43:56,22,976,Washington Ave & Brevator St (00976),0,1,13,,,43743,12:09:03,,,43766,12:09:26,23,00:00:23,doors opened
07/11/2025,12,4111,Friday,Weekday,West,15649792.0,42000,11:40:00,42236,11:43:56,21,1959,Washington Ave & Colvin Ave (01959),0,2,14,,,43697,12:08:17,,,43715,12:08:35,18,00:00:18,doors opened
07/11/2025,12,4111,Friday,Weekday,West,15649792.0,42000,11:40:00,42236,11:43:56,20,3399,Washington Ave & Danker Ave (03399),0,0,16,,,43677,12:07:57,,,43677,12:07:57,0,00:00:00,door not opened
07/11/2025,12,4111,Friday,Weekday,West,15649792.0,42000,11:40:00,42236,11:43:56,19,1849,Washington Ave & Homestead Ave (01849),1,1,16,,,43639,12:07:19,,,43654,12:07:34,15,00:00:15,doors opened
07/11/2025,12,4111,Friday,Weekday,West,15649792.0,42000,11:40:00,42236,11:43:56,18,1846,Washington Ave & Manning Blvd (01846),0,0,16,,,43619,12:06:59,,,43619,12:06:59,0,00:00:00,door not opened
07/11/2025,12,4111,Friday,Weekday,West,15649792.0,42000,11:40:00,42236,11:43:56,17,3287,Washington Ave & N. Allen St (03287),3,1,16,43200.0,12:00:00,43530,12:05:30,43200.0,12:00:00,43559,12:05:59,29,00:00:29,doors opened
07/11/2025,12,4111,Friday,Weekday,West,15649792.0,42000,11:40:00,42236,11:43:56,16,3264,Washington Ave & N. Main Ave (03264),1,1,14,,,43451,12:04:11,,,43495,12:04:55,44,00:00:44,doors opened
07/11/2025,12,4111,Friday,Weekday,West,15649792.0,42000,11:40:00,42236,11:43:56,15,1839,Washington Ave & Partridge St (01839),0,1,14,,,43368,12:02:48,,,43382,12:03:02,14,00:00:14,doors opened
07/11/2025,12,4111,Friday,Weekday,West,15649792.0,42000,11:40:00,42236,11:43:56,14,1841,Washington Ave & Ontario St (01841),0,1,15,42960.0,11:56:00,43311,12:01:51,42960.0,11:56:00,43337,12:02:17,26,00:00:26,doors opened
07/11/2025,12,4111,Friday,Weekday,West,15649792.0,42000,11:40:00,42236,11:43:56,13,1842,Washington Ave & Quail St (01842),3,0,16,,,43246,12:00:46,,,43282,12:01:22,36,00:00:36,doors opened
07/11/2025,12,4111,Friday,Weekday,West,15649792.0,42000,11:40:00,42236,11:43:56,12,1837,Washington Ave & N. Lake Ave (01837),0,0,13,,,43214,12:00:14,,,43214,12:00:14,0,00:00:00,door not opened
07/11/2025,12,4111,Friday,Weekday,West,15649792.0,42000,11:40:00,42236,11:43:56,11,1843,Washington Ave & Robin St (01843),1,0,13,,,43145,11:59:05,,,43158,11:59:18,13,00:00:13,doors opened
07/11/2025,12,4111,Friday,Weekday,West,15649792.0,42000,11:40:00,42236,11:43:56,10,12943,Washington Ave & Lexington Ave (12943),1,0,12,,,43082,11:58:02,,,43097,11:58:17,15,00:00:15,doors opened
07/11/2025,12,4111,Friday,Weekday,West,15649792.0,42000,11:40:00,42236,11:43:56,9,12942,Washington Ave & Henry Johnson Blvd (12942),3,2,11,,,43003,11:56:43,,,43030,11:57:10,27,00:00:27,doors opened
07/11/2025,12,4111,Friday,Weekday,West,15649792.0,42000,11:40:00,42236,11:43:56,8,3239,Lark/Library Station - Washington Ave & Lark St (03239),3,1,10,42540.0,11:49:00,42904,11:55:04,42540.0,11:49:00,42943,11:55:43,39,00:00:39,doors opened
07/11/2025,12,4111,Friday,Weekday,West,15649792.0,42000,11:40:00,42236,11:43:56,7,3301,Washington Ave & S. Swan St (03301),0,0,8,,,42857,11:54:17,,,42857,11:54:17,0,00:00:00,door not opened
07/11/2025,12,4111,Friday,Weekday,West,15649792.0,42000,11:40:00,42236,11:43:56,6,3250,Hawk/Capitol Station - Washington Ave & Hawk St (03250),0,0,8,,,42764,11:52:44,,,42764,11:52:44,0,00:00:00,door not opened
07/11/2025,12,4111,Friday,Weekday,West,15649792.0,42000,11:40:00,42236,11:43:56,5,10087,State St & Eagle St (10087),0,0,8,,,42733,11:52:13,,,42733,11:52:13,0,00:00:00,door not opened
07/11/2025,12,4111,Friday,Weekday,West,15649792.0,42000,11:40:00,42236,11:43:56,4,2665,State/Downtown Station - State St & Lodge St (02665),3,1,8,42240.0,11:44:00,42563,11:49:23,42240.0,11:44:00,42598,11:49:58,35,00:00:35,doors opened
07/11/2025,12,4111,Friday,Weekday,West,15649792.0,42000,11:40:00,42236,11:43:56,3,3221,State Station - N. Pearl St & Ten Eyck Plaza (03221),4,0,6,,,42437,11:47:17,,,42532,11:48:52,95,00:01:35,doors opened
07/11/2025,12,4111,Friday,Weekday,West,15649792.0,42000,11:40:00,42236,11:43:56,2,3233,N. Pearl St & Sheridan Ave (03233),0,0,2,,,42385,11:46:25,,,42385,11:46:25,0,00:00:00,door not opened
07/11/2025,12,4111,Friday,Weekday,West,15649792.0,42000,11:40:00,42236,11:43:56,1,2168,Clinton Square Station - N. Pearl St & Clinton Ave (02168),1,0,2,,,42349,11:45:49,,,42362,11:46:02,13,00:00:13,doors opened
07/11/2025,12,4111,Friday,Weekday,West,15649792.0,42000,11:40:00,42236,11:43:56,0,9018,Broadway & Orange St (09018),1,0,1,42000.0,11:40:00,42236,11:43:56,42000.0,11:40:00,42236,11:43:56,0,00:00:00,doors opened
07/11/2025,12,4124,Friday,Weekday,East,15651681.0,66900,18:35:00,66921,18:35:21,14,2109,Washington Ave & N. Lake Ave (02109),0,0,7,,,68370,18:59:30,,,68370,18:59:30,0,00:00:00,door not opened
07/11/2025,12,4124,Friday,Weekday,East,15651681.0,66900,18:35:00,66921,18:35:21,13,3255,Washington Ave & Quail St (03255),1,5,7,,,68310,18:58:30,,,68339,18:58:59,29,00:00:29,doors opened
07/11/2025,12,4124,Friday,Weekday,East,15651681.0,66900,18:35:00,66921,18:35:21,12,3256,Washington Ave & Ontario St (03256),0,0,11,68160.0,18:56:00,68287,18:58:07,68160.0,18:56:00,68287,18:58:07,0,00:00:00,door not opened
07/11/2025,12,4124,Friday,Weekday,East,15651681.0,66900,18:35:00,66921,18:35:21,11,2107,Washington Ave & Partridge St (02107),0,1,11,,,68228,18:57:08,,,68265,18:57:45,37,00:00:37,doors opened
07/11/2025,12,4124,Friday,Weekday,East,15651681.0,66900,18:35:00,66921,18:35:21,10,3257,Washington Ave & N. Main Ave (03257),0,0,12,,,68144,18:55:44,,,68144,18:55:44,0,00:00:00,door not opened
07/11/2025,12,4124,Friday,Weekday,East,15651681.0,66900,18:35:00,66921,18:35:21,9,1796,Washington Ave & N. Allen St (01796),0,8,12,67980.0,18:53:00,68061,18:54:21,67980.0,18:53:00,68082,18:54:42,21,00:00:21,doors opened
07/11/2025,12,4124,Friday,Weekday,East,15651681.0,66900,18:35:00,66921,18:35:21,8,11581,Washington Ave & Manning Blvd (11581),1,1,20,,,68010,18:53:30,,,68025,18:53:45,15,00:00:15,doors opened
07/11/2025,12,4124,Friday,Weekday,East,15651681.0,66900,18:35:00,66921,18:35:21,7,2180,Washington Ave & Homestead Ave (02180),0,0,20,,,67988,18:53:08,,,67988,18:53:08,0,00:00:00,door not opened
07/11/2025,12,4124,Friday,Weekday,East,15651681.0,66900,18:35:00,66921,18:35:21,6,2182,Washington Ave & Hawthorne St (02182),0,0,20,,,67945,18:52:25,,,67945,18:52:25,0,00:00:00,door not opened
07/11/2025,12,4124,Friday,Weekday,East,15651681.0,66900,18:35:00,66921,18:35:21,5,3304,Washington Ave & Clermont St (03304),0,1,20,,,67870,18:51:10,,,67920,18:52:00,50,00:00:50,doors opened
07/11/2025,12,4124,Friday,Weekday,East,15651681.0,66900,18:35:00,66921,18:35:21,4,3348,Washington Ave & Brevator St (03348),2,0,21,,,67824,18:50:24,,,67843,18:50:43,19,00:00:19,doors opened
07/11/2025,12,4124,Friday,Weekday,East,15651681.0,66900,18:35:00,66921,18:35:21,3,10134,Washington Ave & SUNY Exit Rd (10134),0,0,19,,,67706,18:48:26,,,67706,18:48:26,0,00:00:00,door not opened
07/11/2025,12,4124,Friday,Weekday,East,15651681.0,66900,18:35:00,66921,18:35:21,2,7216,SUNY Collins Circle (07216),2,3,19,67500.0,18:45:00,67530,18:45:30,67500.0,18:45:00,67550,18:45:50,20,00:00:20,doors opened
07/11/2025,12,4124,Friday,Weekday,East,15651681.0,66900,18:35:00,66921,18:35:21,1,12827,Crossgates Commons Station (12827),5,0,20,67200.0,18:40:00,67126,18:38:46,67200.0,18:40:00,67207,18:40:07,81,00:01:21,doors opened
07/11/2025,12,4124,Friday,Weekday,East,15651681.0,66900,18:35:00,66921,18:35:21,0,7175,Crossgates Mall Station (07175),15,0,15,66900.0,18:35:00,66921,18:35:21,66900.0,18:35:00,66921,18:35:21,0,00:00:00,doors opened
07/11/2025,12,4124,Friday,Weekday,East,15651681.0,66900,18:35:00,66921,18:35:21,24,3940,Broadway & Steuben St (03940),0,0,0,69000.0,19:10:00,68972,19:09:32,69000.0,19:10:00,68972,19:09:32,0,00:00:00,door not opened
07/11/2025,12,4124,Friday,Weekday,East,15651681.0,66900,18:35:00,66921,18:35:21,23,2509,State/Downtown Station - State St & S. Pearl St (02509),0,2,0,68820.0,19:07:00,68809,19:06:49,68820.0,19:07:00,68893,19:08:13,84,00:01:24,doors opened
07/11/2025,12,4124,Friday,Weekday,East,15651681.0,66900,18:35:00,66921,18:35:21,22,1787,State St & Eagle St (01787),0,0,2,,,68793,19:06:33,,,68793,19:06:33,0,00:00:00,door not opened
07/11/2025,12,4124,Friday,Weekday,East,15651681.0,66900,18:35:00,66921,18:35:21,21,2706,Hawk/Capitol Station - Washington Ave & Hawk St (02706),0,0,2,,,68747,19:05:47,,,68747,19:05:47,0,00:00:00,door not opened
07/11/2025,12,4124,Friday,Weekday,East,15651681.0,66900,18:35:00,66921,18:35:21,20,1789,Washington Ave & S. Swan St (01789),0,1,2,,,68709,19:05:09,,,68727,19:05:27,18,00:00:18,doors opened
07/11/2025,12,4124,Friday,Weekday,East,15651681.0,66900,18:35:00,66921,18:35:21,19,1788,Washington Ave & Dove St (01788),0,2,3,,,68639,19:03:59,,,68679,19:04:39,40,00:00:40,doors opened
07/11/2025,12,4124,Friday,Weekday,East,15651681.0,66900,18:35:00,66921,18:35:21,18,2663,Lark/Library Station - Washington Ave & Lark St (02663),1,2,5,68520.0,19:02:00,68569,19:02:49,68520.0,19:02:00,68611,19:03:31,42,00:00:42,doors opened
07/11/2025,12,4124,Friday,Weekday,East,15651681.0,66900,18:35:00,66921,18:35:21,17,263,Washington Ave & Henry Johnson Blvd (00263),0,1,6,,,68527,19:02:07,,,68544,19:02:24,17,00:00:17,doors opened
07/11/2025,12,4124,Friday,Weekday,East,15651681.0,66900,18:35:00,66921,18:35:21,16,2096,Washington Ave & Lexington Ave (02096),2,2,7,,,68413,19:00:13,,,68493,19:01:33,80,00:01:20,doors opened
07/11/2025,12,4124,Friday,Weekday,East,15651681.0,66900,18:35:00,66921,18:35:21,15,3253,Washington Ave & Robin St (Draper Hall) (03253),0,0,7,,,68396,18:59:56,,,68396,18:59:56,0,00:00:00,door not opened
07/11/2025,12,4124,Friday,Weekday,West,15651684.0,69600,19:20:00,69598,19:19:58,27,7175,Crossgates Mall Station (07175),0,2,0,71880.0,19:58:00,71878,19:57:58,71880.0,19:58:00,71878,19:57:58,0,00:00:00,doors opened
07/11/2025,12,4124,Friday,Weekday,West,15651684.0,69600,19:20:00,69598,19:19:58,26,12828,Crossgates Commons Station (12828),0,4,2,71460.0,19:51:00,71580,19:53:00,71460.0,19:51:00,71600,19:53:20,20,00:00:20,doors opened
07/11/2025,12,4124,Friday,Weekday,West,15651684.0,69600,19:20:00,69598,19:19:58,25,12891,1475 Washington Ave (12891),0,2,6,,,71353,19:49:13,,,71369,19:49:29,16,00:00:16,doors opened
07/11/2025,12,4124,Friday,Weekday,West,15651684.0,69600,19:20:00,69598,19:19:58,24,7216,SUNY Collins Circle (07216),0,1,8,71100.0,19:45:00,71217,19:46:57,71100.0,19:45:00,71234,19:47:14,17,00:00:17,doors opened
07/11/2025,12,4124,Friday,Weekday,West,15651684.0,69600,19:20:00,69598,19:19:58,23,3262,1383 Washington Ave (Fairfield Inn) (03262),1,1,9,,,71088,19:44:48,,,71119,19:45:19,31,00:00:31,doors opened
07/11/2025,12,4124,Friday,Weekday,West,15651684.0,69600,19:20:00,69598,19:19:58,22,976,Washington Ave & Brevator St (00976),1,0,9,,,70960,19:42:40,,,70976,19:42:56,16,00:00:16,doors opened
07/11/2025,12,4124,Friday,Weekday,West,15651684.0,69600,19:20:00,69598,19:19:58,21,1959,Washington Ave & Colvin Ave (01959),0,1,8,,,70871,19:41:11,,,70935,19:42:15,64,00:01:04,doors opened
07/11/2025,12,4124,Friday,Weekday,West,15651684.0,69600,19:20:00,69598,19:19:58,20,3399,Washington Ave & Danker Ave (03399),0,0,9,,,70848,19:40:48,,,70848,19:40:48,0,00:00:00,door not opened
07/11/2025,12,4124,Friday,Weekday,West,15651684.0,69600,19:20:00,69598,19:19:58,19,1849,Washington Ave & Homestead Ave (01849),0,0,9,,,70826,19:40:26,,,70826,19:40:26,0,00:00:00,door not opened
07/11/2025,12,4124,Friday,Weekday,West,15651684.0,69600,19:20:00,69598,19:19:58,18,1846,Washington Ave & Manning Blvd (01846),0,1,9,,,70762,19:39:22,,,70803,19:40:03,41,00:00:41,doors opened
07/11/2025,12,4124,Friday,Weekday,West,15651684.0,69600,19:20:00,69598,19:19:58,17,3287,Washington Ave & N. Allen St (03287),1,0,10,70680.0,19:38:00,70713,19:38:33,70680.0,19:38:00,70729,19:38:49,16,00:00:16,doors opened
07/11/2025,12,4124,Friday,Weekday,West,15651684.0,69600,19:20:00,69598,19:19:58,16,3264,Washington Ave & N. Main Ave (03264),1,1,9,,,70658,19:37:38,,,70676,19:37:56,18,00:00:18,doors opened
07/11/2025,12,4124,Friday,Weekday,West,15651684.0,69600,19:20:00,69598,19:19:58,15,1839,Washington Ave & Partridge St (01839),1,0,9,,,70569,19:36:09,,,70610,19:36:50,41,00:00:41,doors opened
07/11/2025,12,4124,Friday,Weekday,West,15651684.0,69600,19:20:00,69598,19:19:58,14,1841,Washington Ave & Ontario St (01841),0,0,8,70500.0,19:35:00,70546,19:35:46,70500.0,19:35:00,70546,19:35:46,0,00:00:00,door not opened
07/11/2025,12,4124,Friday,Weekday,West,15651684.0,69600,19:20:00,69598,19:19:58,13,1842,Washington Ave & Quail St (01842),1,0,8,,,70484,19:34:44,,,70518,19:35:18,34,00:00:34,doors opened
07/11/2025,12,4124,Friday,Weekday,West,15651684.0,69600,19:20:00,69598,19:19:58,12,1837,Washington Ave & N. Lake Ave (01837),0,0,7,,,70455,19:34:15,,,70455,19:34:15,0,00:00:00,door not opened
07/11/2025,12,4124,Friday,Weekday,West,15651684.0,69600,19:20:00,69598,19:19:58,11,1843,Washington Ave & Robin St (01843),0,0,7,,,70401,19:33:21,,,70401,19:33:21,0,00:00:00,door not opened
07/11/2025,12,4124,Friday,Weekday,West,15651684.0,69600,19:20:00,69598,19:19:58,10,12943,Washington Ave & Lexington Ave (12943),0,0,7,,,70376,19:32:56,,,70376,19:32:56,0,00:00:00,door not opened
07/11/2025,12,4124,Friday,Weekday,West,15651684.0,69600,19:20:00,69598,19:19:58,9,12942,Washington Ave & Henry Johnson Blvd (12942),2,0,7,,,70315,19:31:55,,,70337,19:32:17,22,00:00:22,doors opened
07/11/2025,12,4124,Friday,Weekday,West,15651684.0,69600,19:20:00,69598,19:19:58,8,3239,Lark/Library Station - Washington Ave & Lark St (03239),1,0,5,70080.0,19:28:00,70144,19:29:04,70080.0,19:28:00,70185,19:29:45,41,00:00:41,doors opened
07/11/2025,12,4124,Friday,Weekday,West,15651684.0,69600,19:20:00,69598,19:19:58,7,3301,Washington Ave & S. Swan St (03301),1,0,4,,,70065,19:27:45,,,70100,19:28:20,35,00:00:35,doors opened
07/11/2025,12,4124,Friday,Weekday,West,15651684.0,69600,19:20:00,69598,19:19:58,6,3250,Hawk/Capitol Station - Washington Ave & Hawk St (03250),1,0,3,,,69984,19:26:24,,,70036,19:27:16,52,00:00:52,doors opened
07/11/2025,12,4124,Friday,Weekday,West,15651684.0,69600,19:20:00,69598,19:19:58,5,10087,State St & Eagle St (10087),0,0,2,,,69954,19:25:54,,,69954,19:25:54,0,00:00:00,door not opened
07/11/2025,12,4124,Friday,Weekday,West,15651684.0,69600,19:20:00,69598,19:19:58,4,2665,State/Downtown Station - State St & Lodge St (02665),2,1,2,69840.0,19:24:00,69824,19:23:44,69840.0,19:24:00,69867,19:24:27,43,00:00:43,doors opened
07/11/2025,12,4124,Friday,Weekday,West,15651684.0,69600,19:20:00,69598,19:19:58,3,3221,State Station - N. Pearl St & Ten Eyck Plaza (03221),0,0,1,,,69739,19:22:19,,,69791,19:23:11,52,00:00:52,doors opened
07/11/2025,12,4124,Friday,Weekday,West,15651684.0,69600,19:20:00,69598,19:19:58,2,3233,N. Pearl St & Sheridan Ave (03233),0,0,1,,,69688,19:21:28,,,69688,19:21:28,0,00:00:00,door not opened
07/11/2025,12,4124,Friday,Weekday,West,15651684.0,69600,19:20:00,69598,19:19:58,1,2168,Clinton Square Station - N. Pearl St & Clinton Ave (02168),0,0,1,,,69672,19:21:12,,,69672,19:21:12,0,00:00:00,door not opened
07/11/2025,12,4124,Friday,Weekday,West,15651684.0,69600,19:20:00,69598,19:19:58,0,9018,Broadway & Orange St (09018),0,0,1,69600.0,19:20:00,69598,19:19:58,69600.0,19:20:00,69598,19:19:58,0,00:00:00,door not opened
07/11/2025,12,4124,Friday,Weekday,West,15651688.0,75900,21:05:00,75897,21:04:57,27,7175,Crossgates Mall Station (07175),0,1,1,78000.0,21:40:00,78085,21:41:25,78000.0,21:40:00,78085,21:41:25,0,00:00:00,doors opened
07/11/2025,12,4124,Friday,Weekday,West,15651688.0,75900,21:05:00,75897,21:04:57,26,12828,Crossgates Commons Station (12828),1,7,2,77580.0,21:33:00,77741,21:35:41,77580.0,21:33:00,77767,21:36:07,26,00:00:26,doors opened
07/11/2025,12,4124,Friday,Weekday,West,15651688.0,75900,21:05:00,75897,21:04:57,25,12891,1475 Washington Ave (12891),0,0,8,,,77542,21:32:22,,,77542,21:32:22,0,00:00:00,door not opened
07/11/2025,12,4124,Friday,Weekday,West,15651688.0,75900,21:05:00,75897,21:04:57,24,7216,SUNY Collins Circle (07216),0,1,8,77280.0,21:28:00,77378,21:29:38,77280.0,21:28:00,77398,21:29:58,20,00:00:20,doors opened
07/11/2025,12,4124,Friday,Weekday,West,15651688.0,75900,21:05:00,75897,21:04:57,23,3262,1383 Washington Ave (Fairfield Inn) (03262),0,0,9,,,77252,21:27:32,,,77252,21:27:32,0,00:00:00,door not opened
07/11/2025,12,4124,Friday,Weekday,West,15651688.0,75900,21:05:00,75897,21:04:57,22,976,Washington Ave & Brevator St (00976),0,0,9,,,77112,21:25:12,,,77112,21:25:12,0,00:00:00,door not opened
07/11/2025,12,4124,Friday,Weekday,West,15651688.0,75900,21:05:00,75897,21:04:57,21,1959,Washington Ave & Colvin Ave (01959),0,0,9,,,77089,21:24:49,,,77089,21:24:49,0,00:00:00,door not opened
07/11/2025,12,4124,Friday,Weekday,West,15651688.0,75900,21:05:00,75897,21:04:57,20,3399,Washington Ave & Danker Ave (03399),0,2,9,,,77040,21:24:00,,,77060,21:24:20,20,00:00:20,doors opened
07/11/2025,12,4124,Friday,Weekday,West,15651688.0,75900,21:05:00,75897,21:04:57,19,1849,Washington Ave & Homestead Ave (01849),0,0,11,,,77017,21:23:37,,,77017,21:23:37,0,00:00:00,door not opened
07/11/2025,12,4124,Friday,Weekday,West,15651688.0,75900,21:05:00,75897,21:04:57,18,1846,Washington Ave & Manning Blvd (01846),0,1,11,,,76953,21:22:33,,,76992,21:23:12,39,00:00:39,doors opened
07/11/2025,12,4124,Friday,Weekday,West,15651688.0,75900,21:05:00,75897,21:04:57,17,3287,Washington Ave & N. Allen St (03287),1,2,12,76920.0,21:22:00,76890,21:21:30,76920.0,21:22:00,76917,21:21:57,27,00:00:27,doors opened
07/11/2025,12,4124,Friday,Weekday,West,15651688.0,75900,21:05:00,75897,21:04:57,16,3264,Washington Ave & N. Main Ave (03264),0,0,13,,,76859,21:20:59,,,76859,21:20:59,0,00:00:00,door not opened
07/11/2025,12,4124,Friday,Weekday,West,15651688.0,75900,21:05:00,75897,21:04:57,15,1839,Washington Ave & Partridge St (01839),0,0,13,,,76787,21:19:47,,,76787,21:19:47,0,00:00:00,door not opened
07/11/2025,12,4124,Friday,Weekday,West,15651688.0,75900,21:05:00,75897,21:04:57,14,1841,Washington Ave & Ontario St (01841),1,1,13,76740.0,21:19:00,76728,21:18:48,76740.0,21:19:00,76746,21:19:06,18,00:00:18,doors opened
07/11/2025,12,4124,Friday,Weekday,West,15651688.0,75900,21:05:00,75897,21:04:57,13,1842,Washington Ave & Quail St (01842),3,2,13,,,76663,21:17:43,,,76701,21:18:21,38,00:00:38,doors opened
07/11/2025,12,4124,Friday,Weekday,West,15651688.0,75900,21:05:00,75897,21:04:57,12,1837,Washington Ave & N. Lake Ave (01837),0,0,12,,,76635,21:17:15,,,76635,21:17:15,0,00:00:00,door not opened
07/11/2025,12,4124,Friday,Weekday,West,15651688.0,75900,21:05:00,75897,21:04:57,11,1843,Washington Ave & Robin St (01843),3,0,12,,,76546,21:15:46,,,76576,21:16:16,30,00:00:30,doors opened
07/11/2025,12,4124,Friday,Weekday,West,15651688.0,75900,21:05:00,75897,21:04:57,10,12943,Washington Ave & Lexington Ave (12943),0,0,9,,,76519,21:15:19,,,76519,21:15:19,0,00:00:00,door not opened
07/11/2025,12,4124,Friday,Weekday,West,15651688.0,75900,21:05:00,75897,21:04:57,9,12942,Washington Ave & Henry Johnson Blvd (12942),2,0,9,,,76440,21:14:00,,,76461,21:14:21,21,00:00:21,doors opened
07/11/2025,12,4124,Friday,Weekday,West,15651688.0,75900,21:05:00,75897,21:04:57,8,3239,Lark/Library Station - Washington Ave & Lark St (03239),0,0,7,76380.0,21:13:00,76337,21:12:17,76380.0,21:13:00,76387,21:13:07,50,00:00:50,doors opened
07/11/2025,12,4124,Friday,Weekday,West,15651688.0,75900,21:05:00,75897,21:04:57,7,3301,Washington Ave & S. Swan St (03301),0,0,7,,,76298,21:11:38,,,76298,21:11:38,0,00:00:00,door not opened
07/11/2025,12,4124,Friday,Weekday,West,15651688.0,75900,21:05:00,75897,21:04:57,6,3250,Hawk/Capitol Station - Washington Ave & Hawk St (03250),0,0,7,,,76259,21:10:59,,,76259,21:10:59,0,00:00:00,door not opened
07/11/2025,12,4124,Friday,Weekday,West,15651688.0,75900,21:05:00,75897,21:04:57,5,10087,State St & Eagle St (10087),0,0,7,,,76225,21:10:25,,,76225,21:10:25,0,00:00:00,door not opened
07/11/2025,12,4124,Friday,Weekday,West,15651688.0,75900,21:05:00,75897,21:04:57,4,2665,State/Downtown Station - State St & Lodge St (02665),3,0,7,76140.0,21:09:00,76087,21:08:07,76140.0,21:09:00,76113,21:08:33,26,00:00:26,doors opened
07/11/2025,12,4124,Friday,Weekday,West,15651688.0,75900,21:05:00,75897,21:04:57,3,3221,State Station - N. Pearl St & Ten Eyck Plaza (03221),2,0,4,,,76006,21:06:46,,,76059,21:07:39,53,00:00:53,doors opened
07/11/2025,12,4124,Friday,Weekday,West,15651688.0,75900,21:05:00,75897,21:04:57,2,3233,N. Pearl St & Sheridan Ave (03233),0,0,2,,,75959,21:05:59,,,75959,21:05:59,0,00:00:00,door not opened
07/11/2025,12,4124,Friday,Weekday,West,15651688.0,75900,21:05:00,75897,21:04:57,1,2168,Clinton Square Station - N. Pearl St & Clinton Ave (02168),0,0,2,,,75897,21:04:57,,,75941,21:05:41,44,00:00:44,door not opened
07/11/2025,12,4124,Friday,Weekday,West,15651688.0,75900,21:05:00,75897,21:04:57,0,9018,Broadway & Orange St (09018),1,0,2,75900.0,21:05:00,75897,21:04:57,75900.0,21:05:00,75897,21:04:57,0,00:00:00,doors opened
07/11/2025,12,4124,Friday,Weekday,West,15649248.0,32400,09:00:00,32586,09:03:06,27,7175,Crossgates Mall Station (07175),0,8,0,34920.0,09:42:00,34921,09:42:01,34920.0,09:42:00,34921,09:42:01,0,00:00:00,doors opened
07/11/2025,12,4124,Friday,Weekday,West,15649248.0,32400,09:00:00,32586,09:03:06,26,12828,Crossgates Commons Station (12828),1,6,8,34500.0,09:35:00,34612,09:36:52,34500.0,09:35:00,34658,09:37:38,46,00:00:46,doors opened
07/11/2025,12,4124,Friday,Weekday,West,15649248.0,32400,09:00:00,32586,09:03:06,25,12891,1475 Washington Ave (12891),0,0,13,,,34411,09:33:31,,,34411,09:33:31,0,00:00:00,door not opened
07/11/2025,12,4124,Friday,Weekday,West,15649248.0,32400,09:00:00,32586,09:03:06,24,7216,SUNY Collins Circle (07216),0,4,13,34140.0,09:29:00,34254,09:30:54,34140.0,09:29:00,34276,09:31:16,22,00:00:22,doors opened
07/11/2025,12,4124,Friday,Weekday,West,15649248.0,32400,09:00:00,32586,09:03:06,23,3262,1383 Washington Ave (Fairfield Inn) (03262),1,3,17,,,34095,09:28:15,,,34150,09:29:10,55,00:00:55,doors opened
07/11/2025,12,4124,Friday,Weekday,West,15649248.0,32400,09:00:00,32586,09:03:06,22,976,Washington Ave & Brevator St (00976),0,0,19,,,33978,09:26:18,,,33978,09:26:18,0,00:00:00,door not opened
07/11/2025,12,4124,Friday,Weekday,West,15649248.0,32400,09:00:00,32586,09:03:06,21,1959,Washington Ave & Colvin Ave (01959),0,2,19,,,33909,09:25:09,,,33956,09:25:56,47,00:00:47,doors opened
07/11/2025,12,4124,Friday,Weekday,West,15649248.0,32400,09:00:00,32586,09:03:06,20,3399,Washington Ave & Danker Ave (03399),0,0,21,,,33885,09:24:45,,,33885,09:24:45,0,00:00:00,door not opened
07/11/2025,12,4124,Friday,Weekday,West,15649248.0,32400,09:00:00,32586,09:03:06,19,1849,Washington Ave & Homestead Ave (01849),2,0,21,,,33813,09:23:33,,,33862,09:24:22,49,00:00:49,doors opened
07/11/2025,12,4124,Friday,Weekday,West,15649248.0,32400,09:00:00,32586,09:03:06,18,1846,Washington Ave & Manning Blvd (01846),3,0,19,,,33751,09:22:31,,,33778,09:22:58,27,00:00:27,doors opened
07/11/2025,12,4124,Friday,Weekday,West,15649248.0,32400,09:00:00,32586,09:03:06,17,3287,Washington Ave & N. Allen St (03287),2,1,16,33660.0,09:21:00,33684,09:21:24,33660.0,09:21:00,33719,09:21:59,35,00:00:35,doors opened
07/11/2025,12,4124,Friday,Weekday,West,15649248.0,32400,09:00:00,32586,09:03:06,16,3264,Washington Ave & N. Main Ave (03264),1,0,15,,,33595,09:19:55,,,33650,09:20:50,55,00:00:55,doors opened
07/11/2025,12,4124,Friday,Weekday,West,15649248.0,32400,09:00:00,32586,09:03:06,15,1839,Washington Ave & Partridge St (01839),0,0,14,,,33532,09:18:52,,,33532,09:18:52,0,00:00:00,door not opened
07/11/2025,12,4124,Friday,Weekday,West,15649248.0,32400,09:00:00,32586,09:03:06,14,1841,Washington Ave & Ontario St (01841),0,0,14,33420.0,09:17:00,33512,09:18:32,33420.0,09:17:00,33512,09:18:32,0,00:00:00,door not opened
07/11/2025,12,4124,Friday,Weekday,West,15649248.0,32400,09:00:00,32586,09:03:06,13,1842,Washington Ave & Quail St (01842),2,1,14,,,33470,09:17:50,,,33488,09:18:08,18,00:00:18,doors opened
07/11/2025,12,4124,Friday,Weekday,West,15649248.0,32400,09:00:00,32586,09:03:06,12,1837,Washington Ave & N. Lake Ave (01837),0,1,13,,,33431,09:17:11,,,33443,09:17:23,12,00:00:12,doors opened
07/11/2025,12,4124,Friday,Weekday,West,15649248.0,32400,09:00:00,32586,09:03:06,11,1843,Washington Ave & Robin St (01843),2,0,14,,,33391,09:16:31,,,33406,09:16:46,15,00:00:15,doors opened
07/11/2025,12,4124,Friday,Weekday,West,15649248.0,32400,09:00:00,32586,09:03:06,10,12943,Washington Ave & Lexington Ave (12943),1,0,12,,,33320,09:15:20,,,33363,09:16:03,43,00:00:43,doors opened
07/11/2025,12,4124,Friday,Weekday,West,15649248.0,32400,09:00:00,32586,09:03:06,9,12942,Washington Ave & Henry Johnson Blvd (12942),1,1,11,,,33233,09:13:53,,,33246,09:14:06,13,00:00:13,doors opened
07/11/2025,12,4124,Friday,Weekday,West,15649248.0,32400,09:00:00,32586,09:03:06,8,3239,Lark/Library Station - Washington Ave & Lark St (03239),4,2,11,33000.0,09:10:00,33058,09:10:58,33000.0,09:10:00,33132,09:12:12,74,00:01:14,doors opened
07/11/2025,12,4124,Friday,Weekday,West,15649248.0,32400,09:00:00,32586,09:03:06,7,3301,Washington Ave & S. Swan St (03301),1,0,9,,,32998,09:09:58,,,33020,09:10:20,22,00:00:22,doors opened
07/11/2025,12,4124,Friday,Weekday,West,15649248.0,32400,09:00:00,32586,09:03:06,6,3250,Hawk/Capitol Station - Washington Ave & Hawk St (03250),0,0,8,,,32975,09:09:35,,,32975,09:09:35,0,00:00:00,door not opened
07/11/2025,12,4124,Friday,Weekday,West,15649248.0,32400,09:00:00,32586,09:03:06,5,10087,State St & Eagle St (10087),0,0,8,,,32944,09:09:04,,,32944,09:09:04,0,00:00:00,door not opened
07/11/2025,12,4124,Friday,Weekday,West,15649248.0,32400,09:00:00,32586,09:03:06,4,2665,State/Downtown Station - State St & Lodge St (02665),3,0,8,32700.0,09:05:00,32867,09:07:47,32700.0,09:05:00,32902,09:08:22,35,00:00:35,doors opened
07/11/2025,12,4124,Friday,Weekday,West,15649248.0,32400,09:00:00,32586,09:03:06,3,3221,State Station - N. Pearl St & Ten Eyck Plaza (03221),5,0,5,,,32793,09:06:33,,,32836,09:07:16,43,00:00:43,doors opened
07/11/2025,12,4124,Friday,Weekday,West,15649248.0,32400,09:00:00,32586,09:03:06,2,3233,N. Pearl St & Sheridan Ave (03233),0,0,0,,,32689,09:04:49,,,32689,09:04:49,0,00:00:00,door not opened
07/11/2025,12,4124,Friday,Weekday,West,15649248.0,32400,09:00:00,32586,09:03:06,1,2168,Clinton Square Station - N. Pearl St & Clinton Ave (02168),2,2,0,,,32615,09:03:35,,,32665,09:04:25,50,00:00:50,doors opened
07/11/2025,12,4124,Friday,Weekday,West,15649248.0,32400,09:00:00,32586,09:03:06,0,9018,Broadway & Orange St (09018),0,0,0,32400.0,09:00:00,32586,09:03:06,32400.0,09:00:00,32586,09:03:06,0,00:00:00,door not opened
07/11/2025,12,4124,Friday,Weekday,West,15649252.0,38400,10:40:00,38476,10:41:16,27,7175,Crossgates Mall Station (07175),0,2,2,40800.0,11:20:00,41067,11:24:27,40800.0,11:20:00,41067,11:24:27,0,00:00:00,doors opened
07/11/2025,12,4124,Friday,Weekday,West,15649252.0,38400,10:40:00,38476,10:41:16,26,12828,Crossgates Commons Station (12828),0,7,4,40380.0,11:13:00,40771,11:19:31,40380.0,11:13:00,40801,11:20:01,30,00:00:30,doors opened
07/11/2025,12,4124,Friday,Weekday,West,15649252.0,38400,10:40:00,38476,10:41:16,25,12891,1475 Washington Ave (12891),1,0,11,,,40429,11:13:49,,,40464,11:14:24,35,00:00:35,doors opened
07/11/2025,12,4124,Friday,Weekday,West,15649252.0,38400,10:40:00,38476,10:41:16,24,7216,SUNY Collins Circle (07216),0,5,10,40020.0,11:07:00,40196,11:09:56,40020.0,11:07:00,40216,11:10:16,20,00:00:20,doors opened
07/11/2025,12,4124,Friday,Weekday,West,15649252.0,38400,10:40:00,38476,10:41:16,23,3262,1383 Washington Ave (Fairfield Inn) (03262),0,2,15,,,40064,11:07:44,,,40092,11:08:12,28,00:00:28,doors opened
07/11/2025,12,4124,Friday,Weekday,West,15649252.0,38400,10:40:00,38476,10:41:16,22,976,Washington Ave & Brevator St (00976),0,0,17,,,39930,11:05:30,,,39930,11:05:30,0,00:00:00,door not opened
07/11/2025,12,4124,Friday,Weekday,West,15649252.0,38400,10:40:00,38476,10:41:16,21,1959,Washington Ave & Colvin Ave (01959),1,0,17,,,39861,11:04:21,,,39884,11:04:44,23,00:00:23,doors opened
07/11/2025,12,4124,Friday,Weekday,West,15649252.0,38400,10:40:00,38476,10:41:16,20,3399,Washington Ave & Danker Ave (03399),0,0,16,,,39837,11:03:57,,,39837,11:03:57,0,00:00:00,door not opened
07/11/2025,12,4124,Friday,Weekday,West,15649252.0,38400,10:40:00,38476,10:41:16,19,1849,Washington Ave & Homestead Ave (01849),1,0,16,,,39798,11:03:18,,,39814,11:03:34,16,00:00:16,doors opened
07/11/2025,12,4124,Friday,Weekday,West,15649252.0,38400,10:40:00,38476,10:41:16,18,1846,Washington Ave & Manning Blvd (01846),0,0,15,,,39775,11:02:55,,,39775,11:02:55,0,00:00:00,door not opened
07/11/2025,12,4124,Friday,Weekday,West,15649252.0,38400,10:40:00,38476,10:41:16,17,3287,Washington Ave & N. Allen St (03287),4,2,15,39600.0,11:00:00,39686,11:01:26,39600.0,11:00:00,39743,11:02:23,57,00:00:57,doors opened
07/11/2025,12,4124,Friday,Weekday,West,15649252.0,38400,10:40:00,38476,10:41:16,16,3264,Washington Ave & N. Main Ave (03264),1,0,13,,,39613,11:00:13,,,39651,11:00:51,38,00:00:38,doors opened
07/11/2025,12,4124,Friday,Weekday,West,15649252.0,38400,10:40:00,38476,10:41:16,15,1839,Washington Ave & Partridge St (01839),1,0,12,,,39518,10:58:38,,,39538,10:58:58,20,00:00:20,doors opened
07/11/2025,12,4124,Friday,Weekday,West,15649252.0,38400,10:40:00,38476,10:41:16,14,1841,Washington Ave & Ontario St (01841),2,1,11,39360.0,10:56:00,39460,10:57:40,39360.0,10:56:00,39490,10:58:10,30,00:00:30,doors opened
07/11/2025,12,4124,Friday,Weekday,West,15649252.0,38400,10:40:00,38476,10:41:16,13,1842,Washington Ave & Quail St (01842),1,0,10,,,39397,10:56:37,,,39436,10:57:16,39,00:00:39,doors opened
07/11/2025,12,4124,Friday,Weekday,West,15649252.0,38400,10:40:00,38476,10:41:16,12,1837,Washington Ave & N. Lake Ave (01837),0,3,9,,,39317,10:55:17,,,39367,10:56:07,50,00:00:50,doors opened
07/11/2025,12,4124,Friday,Weekday,West,15649252.0,38400,10:40:00,38476,10:41:16,11,1843,Washington Ave & Robin St (01843),1,0,12,,,39272,10:54:32,,,39288,10:54:48,16,00:00:16,doors opened
07/11/2025,12,4124,Friday,Weekday,West,15649252.0,38400,10:40:00,38476,10:41:16,10,12943,Washington Ave & Lexington Ave (12943),1,0,11,,,39217,10:53:37,,,39242,10:54:02,25,00:00:25,doors opened
07/11/2025,12,4124,Friday,Weekday,West,15649252.0,38400,10:40:00,38476,10:41:16,9,12942,Washington Ave & Henry Johnson Blvd (12942),0,0,10,,,39152,10:52:32,,,39152,10:52:32,0,00:00:00,door not opened
07/11/2025,12,4124,Friday,Weekday,West,15649252.0,38400,10:40:00,38476,10:41:16,8,3239,Lark/Library Station - Washington Ave & Lark St (03239),1,1,10,38940.0,10:49:00,39076,10:51:16,38940.0,10:49:00,39095,10:51:35,19,00:00:19,doors opened
07/11/2025,12,4124,Friday,Weekday,West,15649252.0,38400,10:40:00,38476,10:41:16,7,3301,Washington Ave & S. Swan St (03301),1,1,10,,,38981,10:49:41,,,39027,10:50:27,46,00:00:46,doors opened
07/11/2025,12,4124,Friday,Weekday,West,15649252.0,38400,10:40:00,38476,10:41:16,6,3250,Hawk/Capitol Station - Washington Ave & Hawk St (03250),0,0,10,,,38955,10:49:15,,,38955,10:49:15,0,00:00:00,door not opened
07/11/2025,12,4124,Friday,Weekday,West,15649252.0,38400,10:40:00,38476,10:41:16,5,10087,State St & Eagle St (10087),0,0,10,,,38922,10:48:42,,,38922,10:48:42,0,00:00:00,door not opened
07/11/2025,12,4124,Friday,Weekday,West,15649252.0,38400,10:40:00,38476,10:41:16,4,2665,State/Downtown Station - State St & Lodge St (02665),9,0,10,38640.0,10:44:00,38742,10:45:42,38640.0,10:44:00,38850,10:47:30,108,00:01:48,doors opened
07/11/2025,12,4124,Friday,Weekday,West,15649252.0,38400,10:40:00,38476,10:41:16,3,3221,State Station - N. Pearl St & Ten Eyck Plaza (03221),0,0,1,,,38631,10:43:51,,,38667,10:44:27,36,00:00:36,doors opened
07/11/2025,12,4124,Friday,Weekday,West,15649252.0,38400,10:40:00,38476,10:41:16,2,3233,N. Pearl St & Sheridan Ave (03233),0,0,1,,,38587,10:43:07,,,38587,10:43:07,0,00:00:00,door not opened
07/11/2025,12,4124,Friday,Weekday,West,15649252.0,38400,10:40:00,38476,10:41:16,1,2168,Clinton Square Station - N. Pearl St & Clinton Ave (02168),0,0,1,,,38516,10:41:56,,,38573,10:42:53,57,00:00:57,doors opened
07/11/2025,12,4124,Friday,Weekday,West,15649252.0,38400,10:40:00,38476,10:41:16,0,9018,Broadway & Orange St (09018),0,0,1,38400.0,10:40:00,38476,10:41:16,38400.0,10:40:00,38476,10:41:16,0,00:00:00,door not opened
07/11/2025,12,4123,Friday,Weekday,East,15652508.0,84300,23:25:00,84667,23:31:07,24,3940,Broadway & Steuben St (03940),0,0,0,86100.0,23:55:00,86225,23:57:05,86100.0,23:55:00,86225,23:57:05,0,00:00:00,door not opened
07/11/2025,12,4123,Friday,Weekday,East,15652508.0,84300,23:25:00,84667,23:31:07,23,2509,State/Downtown Station - State St & S. Pearl St (02509),0,0,0,85980.0,23:53:00,86136,23:55:36,85980.0,23:53:00,86136,23:55:36,0,00:00:00,door not opened
07/11/2025,12,4123,Friday,Weekday,East,15652508.0,84300,23:25:00,84667,23:31:07,22,1787,State St & Eagle St (01787),0,0,0,,,86123,23:55:23,,,86123,23:55:23,0,00:00:00,door not opened
07/11/2025,12,4123,Friday,Weekday,East,15652508.0,84300,23:25:00,84667,23:31:07,21,2706,Hawk/Capitol Station - Washington Ave & Hawk St (02706),0,0,0,,,86006,23:53:26,,,86006,23:53:26,0,00:00:00,door not opened
07/11/2025,12,4123,Friday,Weekday,East,15652508.0,84300,23:25:00,84667,23:31:07,20,1789,Washington Ave & S. Swan St (01789),0,0,0,,,85993,23:53:13,,,85993,23:53:13,0,00:00:00,door not opened
07/11/2025,12,4123,Friday,Weekday,East,15652508.0,84300,23:25:00,84667,23:31:07,19,1788,Washington Ave & Dove St (01788),0,0,0,,,85978,23:52:58,,,85978,23:52:58,0,00:00:00,door not opened
07/11/2025,12,4123,Friday,Weekday,East,15652508.0,84300,23:25:00,84667,23:31:07,18,2663,Lark/Library Station - Washington Ave & Lark St (02663),0,0,0,85740.0,23:49:00,85964,23:52:44,85740.0,23:49:00,85964,23:52:44,0,00:00:00,door not opened
07/11/2025,12,4123,Friday,Weekday,East,15652508.0,84300,23:25:00,84667,23:31:07,17,263,Washington Ave & Henry Johnson Blvd (00263),0,0,0,,,85944,23:52:24,,,85944,23:52:24,0,00:00:00,door not opened
07/11/2025,12,4123,Friday,Weekday,East,15652508.0,84300,23:25:00,84667,23:31:07,16,2096,Washington Ave & Lexington Ave (02096),0,1,0,,,85811,23:50:11,,,85880,23:51:20,69,00:01:09,doors opened
07/11/2025,12,4123,Friday,Weekday,East,15652508.0,84300,23:25:00,84667,23:31:07,15,3253,Washington Ave & Robin St (Draper Hall) (03253),0,1,1,,,85773,23:49:33,,,85793,23:49:53,20,00:00:20,doors opened
07/11/2025,12,4123,Friday,Weekday,East,15652508.0,84300,23:25:00,84667,23:31:07,14,2109,Washington Ave & N. Lake Ave (02109),0,1,2,,,85730,23:48:50,,,85751,23:49:11,21,00:00:21,doors opened
07/11/2025,12,4123,Friday,Weekday,East,15652508.0,84300,23:25:00,84667,23:31:07,13,3255,Washington Ave & Quail St (03255),0,4,3,,,85680,23:48:00,,,85704,23:48:24,24,00:00:24,doors opened
07/11/2025,12,4123,Friday,Weekday,East,15652508.0,84300,23:25:00,84667,23:31:07,12,3256,Washington Ave & Ontario St (03256),0,0,7,85440.0,23:44:00,85648,23:47:28,85440.0,23:44:00,85658,23:47:38,10,00:00:10,doors opened
07/11/2025,12,4123,Friday,Weekday,East,15652508.0,84300,23:25:00,84667,23:31:07,11,2107,Washington Ave & Partridge St (02107),0,0,7,,,85629,23:47:09,,,85629,23:47:09,0,00:00:00,door not opened
07/11/2025,12,4123,Friday,Weekday,East,15652508.0,84300,23:25:00,84667,23:31:07,10,3257,Washington Ave & N. Main Ave (03257),0,3,7,,,85504,23:45:04,,,85553,23:45:53,49,00:00:49,doors opened
07/11/2025,12,4123,Friday,Weekday,East,15652508.0,84300,23:25:00,84667,23:31:07,9,1796,Washington Ave & N. Allen St (01796),0,0,10,85260.0,23:41:00,85474,23:44:34,85260.0,23:41:00,85474,23:44:34,0,00:00:00,door not opened
07/11/2025,12,4123,Friday,Weekday,East,15652508.0,84300,23:25:00,84667,23:31:07,8,11581,Washington Ave & Manning Blvd (11581),0,0,10,,,85446,23:44:06,,,85446,23:44:06,0,00:00:00,door not opened
07/11/2025,12,4123,Friday,Weekday,East,15652508.0,84300,23:25:00,84667,23:31:07,7,2180,Washington Ave & Homestead Ave (02180),0,0,10,,,85430,23:43:50,,,85430,23:43:50,0,00:00:00,door not opened
07/11/2025,12,4123,Friday,Weekday,East,15652508.0,84300,23:25:00,84667,23:31:07,6,2182,Washington Ave & Hawthorne St (02182),0,0,10,,,85411,23:43:31,,,85411,23:43:31,0,00:00:00,door not opened
07/11/2025,12,4123,Friday,Weekday,East,15652508.0,84300,23:25:00,84667,23:31:07,5,3304,Washington Ave & Clermont St (03304),0,0,10,,,85385,23:43:05,,,85385,23:43:05,0,00:00:00,door not opened
07/11/2025,12,4123,Friday,Weekday,East,15652508.0,84300,23:25:00,84667,23:31:07,4,3348,Washington Ave & Brevator St (03348),0,1,10,,,85343,23:42:23,,,85352,23:42:32,9,00:00:09,doors opened
07/11/2025,12,4123,Friday,Weekday,East,15652508.0,84300,23:25:00,84667,23:31:07,3,10134,Washington Ave & SUNY Exit Rd (10134),3,0,11,,,85233,23:40:33,,,85251,23:40:51,18,00:00:18,doors opened
07/11/2025,12,4123,Friday,Weekday,East,15652508.0,84300,23:25:00,84667,23:31:07,1,12827,Crossgates Commons Station (12827),0,0,8,84540.0,23:29:00,84933,23:35:33,84540.0,23:29:00,84933,23:35:33,0,00:00:00,door not opened
07/11/2025,12,4123,Friday,Weekday,East,15652508.0,84300,23:25:00,84667,23:31:07,0,7175,Crossgates Mall Station (07175),8,0,8,84300.0,23:25:00,84667,23:31:07,84300.0,23:25:00,84667,23:31:07,0,00:00:00,doors opened
07/11/2025,12,4123,Friday,Weekday,West,15652511.0,86700,24:05:00,86719,24:05:19,27,7175,Crossgates Mall Station (07175),0,0,0,88500.0,24:35:00,88468,24:34:28,88500.0,24:35:00,88468,24:34:28,0,00:00:00,door not opened
07/11/2025,12,4123,Friday,Weekday,West,15652511.0,86700,24:05:00,86719,24:05:19,25,12891,1475 Washington Ave (12891),0,2,0,,,88222,24:30:22,,,88235,24:30:35,13,00:00:13,doors opened
07/11/2025,12,4123,Friday,Weekday,West,15652511.0,86700,24:05:00,86719,24:05:19,24,7216,SUNY Collins Circle (07216),0,0,2,87900.0,24:25:00,88048,24:27:28,87900.0,24:25:00,88048,24:27:28,0,00:00:00,door not opened
07/11/2025,12,4123,Friday,Weekday,West,15652511.0,86700,24:05:00,86719,24:05:19,23,3262,1383 Washington Ave (Fairfield Inn) (03262),0,1,2,,,87924,24:25:24,,,87937,24:25:37,13,00:00:13,doors opened
07/11/2025,12,4123,Friday,Weekday,West,15652511.0,86700,24:05:00,86719,24:05:19,22,976,Washington Ave & Brevator St (00976),0,0,3,,,87825,24:23:45,,,87825,24:23:45,0,00:00:00,door not opened
07/11/2025,12,4123,Friday,Weekday,West,15652511.0,86700,24:05:00,86719,24:05:19,21,1959,Washington Ave & Colvin Ave (01959),1,0,3,,,87775,24:22:55,,,87806,24:23:26,31,00:00:31,doors opened
07/11/2025,12,4123,Friday,Weekday,West,15652511.0,86700,24:05:00,86719,24:05:19,20,3399,Washington Ave & Danker Ave (03399),0,0,2,,,87755,24:22:35,,,87755,24:22:35,0,00:00:00,door not opened
07/11/2025,12,4123,Friday,Weekday,West,15652511.0,86700,24:05:00,86719,24:05:19,19,1849,Washington Ave & Homestead Ave (01849),0,0,2,,,87738,24:22:18,,,87738,24:22:18,0,00:00:00,door not opened
07/11/2025,12,4123,Friday,Weekday,West,15652511.0,86700,24:05:00,86719,24:05:19,18,1846,Washington Ave & Manning Blvd (01846),0,1,2,,,87665,24:21:05,,,87715,24:21:55,50,00:00:50,doors opened
07/11/2025,12,4123,Friday,Weekday,West,15652511.0,86700,24:05:00,86719,24:05:19,17,3287,Washington Ave & N. Allen St (03287),0,0,3,87540.0,24:19:00,87639,24:20:39,87540.0,24:19:00,87639,24:20:39,0,00:00:00,door not opened
07/11/2025,12,4123,Friday,Weekday,West,15652511.0,86700,24:05:00,86719,24:05:19,16,3264,Washington Ave & N. Main Ave (03264),0,0,3,,,87598,24:19:58,,,87598,24:19:58,0,00:00:00,door not opened
07/11/2025,12,4123,Friday,Weekday,West,15652511.0,86700,24:05:00,86719,24:05:19,15,1839,Washington Ave & Partridge St (01839),0,0,3,,,87540,24:19:00,,,87540,24:19:00,0,00:00:00,door not opened
07/11/2025,12,4123,Friday,Weekday,West,15652511.0,86700,24:05:00,86719,24:05:19,14,1841,Washington Ave & Ontario St (01841),0,0,3,87360.0,24:16:00,87521,24:18:41,87360.0,24:16:00,87521,24:18:41,0,00:00:00,door not opened
07/11/2025,12,4123,Friday,Weekday,West,15652511.0,86700,24:05:00,86719,24:05:19,13,1842,Washington Ave & Quail St (01842),1,2,3,,,87461,24:17:41,,,87500,24:18:20,39,00:00:39,doors opened
07/11/2025,12,4123,Friday,Weekday,West,15652511.0,86700,24:05:00,86719,24:05:19,12,1837,Washington Ave & N. Lake Ave (01837),0,0,4,,,87434,24:17:14,,,87434,24:17:14,0,00:00:00,door not opened
07/11/2025,12,4123,Friday,Weekday,West,15652511.0,86700,24:05:00,86719,24:05:19,11,1843,Washington Ave & Robin St (01843),1,0,4,,,87395,24:16:35,,,87408,24:16:48,13,00:00:13,doors opened
07/11/2025,12,4123,Friday,Weekday,West,15652511.0,86700,24:05:00,86719,24:05:19,10,12943,Washington Ave & Lexington Ave (12943),0,0,3,,,87373,24:16:13,,,87373,24:16:13,0,00:00:00,door not opened
07/11/2025,12,4123,Friday,Weekday,West,15652511.0,86700,24:05:00,86719,24:05:19,9,12942,Washington Ave & Henry Johnson Blvd (12942),0,1,3,,,87274,24:14:34,,,87282,24:14:42,8,00:00:08,doors opened
07/11/2025,12,4123,Friday,Weekday,West,15652511.0,86700,24:05:00,86719,24:05:19,8,3239,Lark/Library Station - Washington Ave & Lark St (03239),0,1,4,87060.0,24:11:00,87129,24:12:09,87060.0,24:11:00,87150,24:12:30,21,00:00:21,doors opened
07/11/2025,12,4123,Friday,Weekday,West,15652511.0,86700,24:05:00,86719,24:05:19,7,3301,Washington Ave & S. Swan St (03301),0,0,5,,,87096,24:11:36,,,87096,24:11:36,0,00:00:00,door not opened
07/11/2025,12,4123,Friday,Weekday,West,15652511.0,86700,24:05:00,86719,24:05:19,6,3250,Hawk/Capitol Station - Washington Ave & Hawk St (03250),0,0,5,,,87077,24:11:17,,,87077,24:11:17,0,00:00:00,door not opened
07/11/2025,12,4123,Friday,Weekday,West,15652511.0,86700,24:05:00,86719,24:05:19,5,10087,State St & Eagle St (10087),0,1,5,,,87040,24:10:40,,,87049,24:10:49,9,00:00:09,doors opened
07/11/2025,12,4123,Friday,Weekday,West,15652511.0,86700,24:05:00,86719,24:05:19,4,2665,State/Downtown Station - State St & Lodge St (02665),1,0,6,86880.0,24:08:00,86949,24:09:09,86880.0,24:08:00,86998,24:09:58,49,00:00:49,doors opened
07/11/2025,12,4123,Friday,Weekday,West,15652511.0,86700,24:05:00,86719,24:05:19,3,3221,State Station - N. Pearl St & Ten Eyck Plaza (03221),4,0,5,,,86841,24:07:21,,,86922,24:08:42,81,00:01:21,doors opened
07/11/2025,12,4123,Friday,Weekday,West,15652511.0,86700,24:05:00,86719,24:05:19,2,3233,N. Pearl St & Sheridan Ave (03233),1,0,1,,,86773,24:06:13,,,86804,24:06:44,31,00:00:31,doors opened
07/11/2025,12,4123,Friday,Weekday,West,15652511.0,86700,24:05:00,86719,24:05:19,1,2168,Clinton Square Station - N. Pearl St & Clinton Ave (02168),0,0,0,,,86758,24:05:58,,,86758,24:05:58,0,00:00:00,door not opened
07/11/2025,12,4123,Friday,Weekday,West,15652511.0,86700,24:05:00,86719,24:05:19,0,9018,Broadway & Orange St (09018),0,0,0,86700.0,24:05:00,86719,24:05:19,86700.0,24:05:00,86719,24:05:19,0,00:00:00,door not opened
