opd_date,line_name,vehicle_name,day_of_week,schedule,direction,trip_id,trip_nom_dep_time,trip_nom_dep_time_hhmmss,trip_act_dep_time,trip_act_dep_time_hhmmss,pattern_idx,point_code,point_name,psngr_in,psngr_out,psngr_load,nom_arr_time,nom_arr_time_hhmmss,act_arr_time,act_arr_time_hhmmss,nom_dep_time,nom_dep_time_hhmmss,act_dep_time,act_dep_time_hhmmss,act_dwelltime,act_dwelltime_hhmmss,doors
07/07/2025,12,3307,Monday,Weekday,East,15651768,63300,17:35:00,63472,17:37:52,11,2107,Washington Ave & Partridge St (02107),0,0,9,,,64724,17:58:44,,,64739,17:58:59,15,00:00:15,doors opened
07/07/2025,12,3307,Monday,Weekday,East,15651768,63300,17:35:00,63472,17:37:52,10,3257,Washington Ave & N. Main Ave (03257),0,4,9,,,64635,17:57:15,,,64666,17:57:46,31,00:00:31,doors opened
07/07/2025,12,3307,Monday,Weekday,East,15651768,63300,17:35:00,63472,17:37:52,9,1796,Washington Ave & N. Allen St (01796),0,0,13,64440.0,17:54:00,64589,17:56:29,64440.0,17:54:00,64605,17:56:45,16,00:00:16,doors opened
07/07/2025,12,3307,Monday,Weekday,East,15651768,63300,17:35:00,63472,17:37:52,8,11581,Washington Ave & Manning Blvd (11581),0,2,13,,,64504,17:55:04,,,64558,17:55:58,54,00:00:54,doors opened
07/07/2025,12,3307,Monday,Weekday,East,15651768,63300,17:35:00,63472,17:37:52,7,2180,Washington Ave & Homestead Ave (02180),0,4,15,,,64464,17:54:24,,,64482,17:54:42,18,00:00:18,doors opened
07/07/2025,12,3307,Monday,Weekday,East,15651768,63300,17:35:00,63472,17:37:52,6,2182,Washington Ave & Hawthorne St (02182),1,0,19,,,64425,17:53:45,,,64439,17:53:59,14,00:00:14,doors opened
07/07/2025,12,3307,Monday,Weekday,East,15651768,63300,17:35:00,63472,17:37:52,5,3304,Washington Ave & Clermont St (03304),1,1,18,,,64382,17:53:02,,,64401,17:53:21,19,00:00:19,doors opened
07/07/2025,12,3307,Monday,Weekday,East,15651768,63300,17:35:00,63472,17:37:52,4,3348,Washington Ave & Brevator St (03348),0,2,18,,,64348,17:52:28,,,64363,17:52:43,15,00:00:15,doors opened
07/07/2025,12,3307,Monday,Weekday,East,15651768,63300,17:35:00,63472,17:37:52,3,10134,Washington Ave & SUNY Exit Rd (10134),3,0,20,,,64216,17:50:16,,,64241,17:50:41,25,00:00:25,doors opened
07/07/2025,12,3307,Monday,Weekday,East,15651768,63300,17:35:00,63472,17:37:52,2,7216,SUNY Collins Circle (07216),4,0,17,63960.0,17:46:00,64087,17:48:07,63960.0,17:46:00,64113,17:48:33,26,00:00:26,doors opened
07/07/2025,12,3307,Monday,Weekday,East,15651768,63300,17:35:00,63472,17:37:52,23,2509,State/Downtown Station - State St & S. Pearl St (02509),0,6,0,65340.0,18:09:00,65236,18:07:16,65340.0,18:09:00,65236,18:07:16,0,00:00:00,doors opened
07/07/2025,12,3307,Monday,Weekday,East,15651768,63300,17:35:00,63472,17:37:52,22,1787,State St & Eagle St (01787),0,0,6,,,65210,18:06:50,,,65219,18:06:59,9,00:00:09,doors opened
07/07/2025,12,3307,Monday,Weekday,East,15651768,63300,17:35:00,63472,17:37:52,21,2706,Hawk/Capitol Station - Washington Ave & Hawk St (02706),0,0,6,,,65167,18:06:07,,,65167,18:06:07,0,00:00:00,door not opened
07/07/2025,12,3307,Monday,Weekday,East,15651768,63300,17:35:00,63472,17:37:52,20,1789,Washington Ave & S. Swan St (01789),0,0,6,,,65149,18:05:49,,,65149,18:05:49,0,00:00:00,door not opened
07/07/2025,12,3307,Monday,Weekday,East,15651768,63300,17:35:00,63472,17:37:52,19,1788,Washington Ave & Dove St (01788),0,0,6,,,65114,18:05:14,,,65114,18:05:14,0,00:00:00,door not opened
07/07/2025,12,3307,Monday,Weekday,East,15651768,63300,17:35:00,63472,17:37:52,18,2663,Lark/Library Station - Washington Ave & Lark St (02663),0,1,6,65040.0,18:04:00,65070,18:04:30,65040.0,18:04:00,65094,18:04:54,24,00:00:24,doors opened
07/07/2025,12,3307,Monday,Weekday,East,15651768,63300,17:35:00,63472,17:37:52,17,263,Washington Ave & Henry Johnson Blvd (00263),0,1,7,,,64969,18:02:49,,,65024,18:03:44,55,00:00:55,doors opened
07/07/2025,12,3307,Monday,Weekday,East,15651768,63300,17:35:00,63472,17:37:52,16,2096,Washington Ave & Lexington Ave (02096),0,0,8,,,64942,18:02:22,,,64942,18:02:22,0,00:00:00,door not opened
07/07/2025,12,3307,Monday,Weekday,East,15651768,63300,17:35:00,63472,17:37:52,15,3253,Washington Ave & Robin St (Draper Hall) (03253),0,1,8,,,64901,18:01:41,,,64924,18:02:04,23,00:00:23,doors opened
07/07/2025,12,3307,Monday,Weekday,East,15651768,63300,17:35:00,63472,17:37:52,14,2109,Washington Ave & N. Lake Ave (02109),0,0,9,,,64883,18:01:23,,,64883,18:01:23,0,00:00:00,door not opened
07/07/2025,12,3307,Monday,Weekday,East,15651768,63300,17:35:00,63472,17:37:52,13,3255,Washington Ave & Quail St (03255),0,0,9,,,64798,17:59:58,,,64852,18:00:52,54,00:00:54,doors opened
07/07/2025,12,3307,Monday,Weekday,East,15651768,63300,17:35:00,63472,17:37:52,12,3256,Washington Ave & Ontario St (03256),0,0,9,64620.0,17:57:00,64761,17:59:21,64620.0,17:57:00,64778,17:59:38,17,00:00:17,doors opened
07/07/2025,12,3307,Monday,Weekday,East,15651768,63300,17:35:00,63472,17:37:52,1,12827,Crossgates Commons Station (12827),7,0,13,63660.0,17:41:00,63717,17:41:57,63660.0,17:41:00,63787,17:43:07,70,00:01:10,doors opened
07/07/2025,12,3307,Monday,Weekday,East,15651768,63300,17:35:00,63472,17:37:52,0,7175,Crossgates Mall Station (07175),6,0,6,63300.0,17:35:00,63472,17:37:52,63300.0,17:35:00,63472,17:37:52,0,00:00:00,doors opened
07/07/2025,12,4115,Monday,Weekday,East,15649564,25800,07:10:00,25843,07:10:43,24,3940,Broadway & Steuben St (03940),0,3,0,27960.0,07:46:00,28197,07:49:57,27960.0,07:46:00,28197,07:49:57,0,00:00:00,doors opened
07/07/2025,12,4115,Monday,Weekday,East,15649564,25800,07:10:00,25843,07:10:43,23,2509,State/Downtown Station - State St & S. Pearl St (02509),0,13,3,27780.0,07:43:00,28083,07:48:03,27780.0,07:43:00,28138,07:48:58,55,00:00:55,doors opened
07/07/2025,12,4115,Monday,Weekday,East,15649564,25800,07:10:00,25843,07:10:43,22,1787,State St & Eagle St (01787),0,0,16,,,28068,07:47:48,,,28068,07:47:48,0,00:00:00,door not opened
07/07/2025,12,4115,Monday,Weekday,East,15649564,25800,07:10:00,25843,07:10:43,21,2706,Hawk/Capitol Station - Washington Ave & Hawk St (02706),0,6,16,,,27944,07:45:44,,,27958,07:45:58,14,00:00:14,doors opened
07/07/2025,12,4115,Monday,Weekday,East,15649564,25800,07:10:00,25843,07:10:43,20,1789,Washington Ave & S. Swan St (01789),0,8,22,,,27884,07:44:44,,,27917,07:45:17,33,00:00:33,doors opened
07/07/2025,12,4115,Monday,Weekday,East,15649564,25800,07:10:00,25843,07:10:43,19,1788,Washington Ave & Dove St (01788),0,1,30,,,27846,07:44:06,,,27858,07:44:18,12,00:00:12,doors opened
07/07/2025,12,4115,Monday,Weekday,East,15649564,25800,07:10:00,25843,07:10:43,18,2663,Lark/Library Station - Washington Ave & Lark St (02663),0,1,31,27420.0,07:37:00,27760,07:42:40,27420.0,07:37:00,27818,07:43:38,58,00:00:58,doors opened
07/07/2025,12,4115,Monday,Weekday,East,15649564,25800,07:10:00,25843,07:10:43,17,263,Washington Ave & Henry Johnson Blvd (00263),2,2,32,,,27709,07:41:49,,,27730,07:42:10,21,00:00:21,doors opened
07/07/2025,12,4115,Monday,Weekday,East,15649564,25800,07:10:00,25843,07:10:43,16,2096,Washington Ave & Lexington Ave (02096),0,2,32,,,27634,07:40:34,,,27669,07:41:09,35,00:00:35,doors opened
07/07/2025,12,4115,Monday,Weekday,East,15649564,25800,07:10:00,25843,07:10:43,15,3253,Washington Ave & Robin St (Draper Hall) (03253),1,1,34,,,27581,07:39:41,,,27611,07:40:11,30,00:00:30,doors opened
07/07/2025,12,4115,Monday,Weekday,East,15649564,25800,07:10:00,25843,07:10:43,14,2109,Washington Ave & N. Lake Ave (02109),1,1,34,,,27532,07:38:52,,,27557,07:39:17,25,00:00:25,doors opened
07/07/2025,12,4115,Monday,Weekday,East,15649564,25800,07:10:00,25843,07:10:43,13,3255,Washington Ave & Quail St (03255),1,10,34,,,27479,07:37:59,,,27508,07:38:28,29,00:00:29,doors opened
07/07/2025,12,4115,Monday,Weekday,East,15649564,25800,07:10:00,25843,07:10:43,12,3256,Washington Ave & Ontario St (03256),0,2,43,27060.0,07:31:00,27438,07:37:18,27060.0,07:31:00,27458,07:37:38,20,00:00:20,doors opened
07/07/2025,12,4115,Monday,Weekday,East,15649564,25800,07:10:00,25843,07:10:43,11,2107,Washington Ave & Partridge St (02107),3,0,45,,,27383,07:36:23,,,27415,07:36:55,32,00:00:32,doors opened
07/07/2025,12,4115,Monday,Weekday,East,15649564,25800,07:10:00,25843,07:10:43,10,3257,Washington Ave & N. Main Ave (03257),3,0,42,,,27280,07:34:40,,,27305,07:35:05,25,00:00:25,doors opened
07/07/2025,12,4115,Monday,Weekday,East,15649564,25800,07:10:00,25843,07:10:43,9,1796,Washington Ave & N. Allen St (01796),4,1,39,26880.0,07:28:00,27213,07:33:33,26880.0,07:28:00,27241,07:34:01,28,00:00:28,doors opened
07/07/2025,12,4115,Monday,Weekday,East,15649564,25800,07:10:00,25843,07:10:43,8,11581,Washington Ave & Manning Blvd (11581),3,0,36,,,27122,07:32:02,,,27177,07:32:57,55,00:00:55,doors opened
07/07/2025,12,4115,Monday,Weekday,East,15649564,25800,07:10:00,25843,07:10:43,7,2180,Washington Ave & Homestead Ave (02180),0,0,33,,,27092,07:31:32,,,27092,07:31:32,0,00:00:00,door not opened
07/07/2025,12,4115,Monday,Weekday,East,15649564,25800,07:10:00,25843,07:10:43,6,2182,Washington Ave & Hawthorne St (02182),7,0,33,,,27003,07:30:03,,,27040,07:30:40,37,00:00:37,doors opened
07/07/2025,12,4115,Monday,Weekday,East,15649564,25800,07:10:00,25843,07:10:43,5,3304,Washington Ave & Clermont St (03304),4,0,26,,,26949,07:29:09,,,26973,07:29:33,24,00:00:24,doors opened
07/07/2025,12,4115,Monday,Weekday,East,15649564,25800,07:10:00,25843,07:10:43,4,3348,Washington Ave & Brevator St (03348),3,0,22,,,26875,07:27:55,,,26921,07:28:41,46,00:00:46,doors opened
07/07/2025,12,4115,Monday,Weekday,East,15649564,25800,07:10:00,25843,07:10:43,3,10134,Washington Ave & SUNY Exit Rd (10134),4,0,19,,,26711,07:25:11,,,26749,07:25:49,38,00:00:38,doors opened
07/07/2025,12,4115,Monday,Weekday,East,15649564,25800,07:10:00,25843,07:10:43,2,7216,SUNY Collins Circle (07216),1,0,15,26400.0,07:20:00,26590,07:23:10,26400.0,07:20:00,26602,07:23:22,12,00:00:12,doors opened
07/07/2025,12,4115,Monday,Weekday,East,15649564,25800,07:10:00,25843,07:10:43,1,12827,Crossgates Commons Station (12827),12,0,14,26100.0,07:15:00,26138,07:15:38,26100.0,07:15:00,26262,07:17:42,124,00:02:04,doors opened
07/07/2025,12,4115,Monday,Weekday,East,15649564,25800,07:10:00,25843,07:10:43,0,7175,Crossgates Mall Station (07175),2,0,2,25800.0,07:10:00,25843,07:10:43,25800.0,07:10:00,25843,07:10:43,0,00:00:00,doors opened
07/07/2025,12,4115,Monday,Weekday,East,15649567,30900,08:35:00,30933,08:35:33,23,2509,State/Downtown Station - State St & S. Pearl St (02509),0,1,0,32940.0,09:09:00,32903,09:08:23,32940.0,09:09:00,32903,09:08:23,0,00:00:00,doors opened
07/07/2025,12,4115,Monday,Weekday,East,15649567,30900,08:35:00,30933,08:35:33,22,1787,State St & Eagle St (01787),0,0,1,,,32885,09:08:05,,,32885,09:08:05,0,00:00:00,door not opened
07/07/2025,12,4115,Monday,Weekday,East,15649567,30900,08:35:00,30933,08:35:33,21,2706,Hawk/Capitol Station - Washington Ave & Hawk St (02706),0,2,1,,,32825,09:07:05,,,32838,09:07:18,13,00:00:13,doors opened
07/07/2025,12,4115,Monday,Weekday,East,15649567,30900,08:35:00,30933,08:35:33,20,1789,Washington Ave & S. Swan St (01789),0,1,3,,,32785,09:06:25,,,32798,09:06:38,13,00:00:13,doors opened
07/07/2025,12,4115,Monday,Weekday,East,15649567,30900,08:35:00,30933,08:35:33,19,1788,Washington Ave & Dove St (01788),0,0,4,,,32754,09:05:54,,,32754,09:05:54,0,00:00:00,door not opened
07/07/2025,12,4115,Monday,Weekday,East,15649567,30900,08:35:00,30933,08:35:33,18,2663,Lark/Library Station - Washington Ave & Lark St (02663),3,1,4,32520.0,09:02:00,32670,09:04:30,32520.0,09:02:00,32703,09:05:03,33,00:00:33,doors opened
07/07/2025,12,4115,Monday,Weekday,East,15649567,30900,08:35:00,30933,08:35:33,17,263,Washington Ave & Henry Johnson Blvd (00263),0,0,2,,,32631,09:03:51,,,32631,09:03:51,0,00:00:00,door not opened
07/07/2025,12,4115,Monday,Weekday,East,15649567,30900,08:35:00,30933,08:35:33,16,2096,Washington Ave & Lexington Ave (02096),0,0,2,,,32533,09:02:13,,,32533,09:02:13,0,00:00:00,door not opened
07/07/2025,12,4115,Monday,Weekday,East,15649567,30900,08:35:00,30933,08:35:33,15,3253,Washington Ave & Robin St (Draper Hall) (03253),0,1,2,,,32463,09:01:03,,,32484,09:01:24,21,00:00:21,doors opened
07/07/2025,12,4115,Monday,Weekday,East,15649567,30900,08:35:00,30933,08:35:33,14,2109,Washington Ave & N. Lake Ave (02109),0,0,3,,,32442,09:00:42,,,32442,09:00:42,0,00:00:00,door not opened
07/07/2025,12,4115,Monday,Weekday,East,15649567,30900,08:35:00,30933,08:35:33,13,3255,Washington Ave & Quail St (03255),0,1,3,,,32401,09:00:01,,,32415,09:00:15,14,00:00:14,doors opened
07/07/2025,12,4115,Monday,Weekday,East,15649567,30900,08:35:00,30933,08:35:33,12,3256,Washington Ave & Ontario St (03256),0,0,4,32100.0,08:55:00,32376,08:59:36,32100.0,08:55:00,32376,08:59:36,0,00:00:00,door not opened
07/07/2025,12,4115,Monday,Weekday,East,15649567,30900,08:35:00,30933,08:35:33,11,2107,Washington Ave & Partridge St (02107),0,0,4,,,32344,08:59:04,,,32344,08:59:04,0,00:00:00,door not opened
07/07/2025,12,4115,Monday,Weekday,East,15649567,30900,08:35:00,30933,08:35:33,10,3257,Washington Ave & N. Main Ave (03257),1,0,4,,,32248,08:57:28,,,32273,08:57:53,25,00:00:25,doors opened
07/07/2025,12,4115,Monday,Weekday,East,15649567,30900,08:35:00,30933,08:35:33,9,1796,Washington Ave & N. Allen St (01796),1,0,3,31980.0,08:53:00,32196,08:56:36,31980.0,08:53:00,32210,08:56:50,14,00:00:14,doors opened
07/07/2025,12,4115,Monday,Weekday,East,15649567,30900,08:35:00,30933,08:35:33,8,11581,Washington Ave & Manning Blvd (11581),2,0,2,,,32101,08:55:01,,,32160,08:56:00,59,00:00:59,doors opened
07/07/2025,12,4115,Monday,Weekday,East,15649567,30900,08:35:00,30933,08:35:33,7,2180,Washington Ave & Homestead Ave (02180),0,0,0,,,32075,08:54:35,,,32075,08:54:35,0,00:00:00,door not opened
07/07/2025,12,4115,Monday,Weekday,East,15649567,30900,08:35:00,30933,08:35:33,6,2182,Washington Ave & Hawthorne St (02182),0,0,0,,,32023,08:53:43,,,32023,08:53:43,0,00:00:00,door not opened
07/07/2025,12,4115,Monday,Weekday,East,15649567,30900,08:35:00,30933,08:35:33,5,3304,Washington Ave & Clermont St (03304),0,2,0,,,31911,08:51:51,,,31996,08:53:16,85,00:01:25,doors opened
07/07/2025,12,4115,Monday,Weekday,East,15649567,30900,08:35:00,30933,08:35:33,4,3348,Washington Ave & Brevator St (03348),0,0,2,,,31897,08:51:37,,,31897,08:51:37,0,00:00:00,door not opened
07/07/2025,12,4115,Monday,Weekday,East,15649567,30900,08:35:00,30933,08:35:33,3,10134,Washington Ave & SUNY Exit Rd (10134),1,1,2,,,31740,08:49:00,,,31760,08:49:20,20,00:00:20,doors opened
07/07/2025,12,4115,Monday,Weekday,East,15649567,30900,08:35:00,30933,08:35:33,2,7216,SUNY Collins Circle (07216),0,0,2,31500.0,08:45:00,31603,08:46:43,31500.0,08:45:00,31603,08:46:43,0,00:00:00,door not opened
07/07/2025,12,4115,Monday,Weekday,East,15649567,30900,08:35:00,30933,08:35:33,1,12827,Crossgates Commons Station (12827),1,0,2,31200.0,08:40:00,31246,08:40:46,31200.0,08:40:00,31320,08:42:00,74,00:01:14,doors opened
07/07/2025,12,4115,Monday,Weekday,East,15649567,30900,08:35:00,30933,08:35:33,0,7175,Crossgates Mall Station (07175),1,0,1,30900.0,08:35:00,30933,08:35:33,30900.0,08:35:00,30933,08:35:33,0,00:00:00,doors opened
07/07/2025,12,4198,Monday,Weekday,West,15649248,32400,09:00:00,32551,09:02:31,24,7216,SUNY Collins Circle (07216),1,3,14,34140.0,09:29:00,34065,09:27:45,34140.0,09:29:00,34094,09:28:14,29,00:00:29,doors opened
07/07/2025,12,4198,Monday,Weekday,West,15649248,32400,09:00:00,32551,09:02:31,23,3262,1383 Washington Ave (Fairfield Inn) (03262),1,0,16,,,33951,09:25:51,,,33963,09:26:03,12,00:00:12,doors opened
07/07/2025,12,4198,Monday,Weekday,West,15649248,32400,09:00:00,32551,09:02:31,22,976,Washington Ave & Brevator St (00976),0,0,15,,,33833,09:23:53,,,33833,09:23:53,0,00:00:00,door not opened
07/07/2025,12,4198,Monday,Weekday,West,15649248,32400,09:00:00,32551,09:02:31,21,1959,Washington Ave & Colvin Ave (01959),1,1,15,,,33777,09:22:57,,,33808,09:23:28,31,00:00:31,doors opened
07/07/2025,12,4198,Monday,Weekday,West,15649248,32400,09:00:00,32551,09:02:31,20,3399,Washington Ave & Danker Ave (03399),1,0,15,,,33732,09:22:12,,,33745,09:22:25,13,00:00:13,doors opened
07/07/2025,12,4198,Monday,Weekday,West,15649248,32400,09:00:00,32551,09:02:31,19,1849,Washington Ave & Homestead Ave (01849),2,1,14,,,33680,09:21:20,,,33699,09:21:39,19,00:00:19,doors opened
07/07/2025,12,4198,Monday,Weekday,West,15649248,32400,09:00:00,32551,09:02:31,18,1846,Washington Ave & Manning Blvd (01846),1,0,13,,,33633,09:20:33,,,33651,09:20:51,18,00:00:18,doors opened
07/07/2025,12,4198,Monday,Weekday,West,15649248,32400,09:00:00,32551,09:02:31,17,3287,Washington Ave & N. Allen St (03287),2,2,12,33660.0,09:21:00,33569,09:19:29,33660.0,09:21:00,33591,09:19:51,22,00:00:22,doors opened
07/07/2025,12,4198,Monday,Weekday,West,15649248,32400,09:00:00,32551,09:02:31,16,3264,Washington Ave & N. Main Ave (03264),0,0,12,,,33535,09:18:55,,,33535,09:18:55,0,00:00:00,door not opened
07/07/2025,12,4198,Monday,Weekday,West,15649248,32400,09:00:00,32551,09:02:31,15,1839,Washington Ave & Partridge St (01839),0,1,12,,,33430,09:17:10,,,33461,09:17:41,31,00:00:31,doors opened
07/07/2025,12,4198,Monday,Weekday,West,15649248,32400,09:00:00,32551,09:02:31,14,1841,Washington Ave & Ontario St (01841),1,0,13,33420.0,09:17:00,33381,09:16:21,33420.0,09:17:00,33400,09:16:40,19,00:00:19,doors opened
07/07/2025,12,4198,Monday,Weekday,West,15649248,32400,09:00:00,32551,09:02:31,13,1842,Washington Ave & Quail St (01842),2,0,12,,,33308,09:15:08,,,33353,09:15:53,45,00:00:45,doors opened
07/07/2025,12,4198,Monday,Weekday,West,15649248,32400,09:00:00,32551,09:02:31,12,1837,Washington Ave & N. Lake Ave (01837),0,0,10,,,33281,09:14:41,,,33281,09:14:41,0,00:00:00,door not opened
07/07/2025,12,4198,Monday,Weekday,West,15649248,32400,09:00:00,32551,09:02:31,27,7175,Crossgates Mall Station (07175),0,8,0,34920.0,09:42:00,34724,09:38:44,34920.0,09:42:00,34724,09:38:44,0,00:00:00,doors opened
07/07/2025,12,4198,Monday,Weekday,West,15649248,32400,09:00:00,32551,09:02:31,26,12828,Crossgates Commons Station (12828),0,7,8,34500.0,09:35:00,34433,09:33:53,34500.0,09:35:00,34455,09:34:15,22,00:00:22,doors opened
07/07/2025,12,4198,Monday,Weekday,West,15649248,32400,09:00:00,32551,09:02:31,25,12891,1475 Washington Ave (12891),2,1,15,,,34235,09:30:35,,,34276,09:31:16,41,00:00:41,doors opened
07/07/2025,12,4198,Monday,Weekday,West,15649248,32400,09:00:00,32551,09:02:31,11,1843,Washington Ave & Robin St (01843),2,0,10,,,33236,09:13:56,,,33253,09:14:13,17,00:00:17,doors opened
07/07/2025,12,4198,Monday,Weekday,West,15649248,32400,09:00:00,32551,09:02:31,10,12943,Washington Ave & Lexington Ave (12943),2,1,8,,,33181,09:13:01,,,33203,09:13:23,22,00:00:22,doors opened
07/07/2025,12,4198,Monday,Weekday,West,15649248,32400,09:00:00,32551,09:02:31,9,12942,Washington Ave & Henry Johnson Blvd (12942),1,0,7,,,33123,09:12:03,,,33140,09:12:20,17,00:00:17,doors opened
07/07/2025,12,4198,Monday,Weekday,West,15649248,32400,09:00:00,32551,09:02:31,8,3239,Lark/Library Station - Washington Ave & Lark St (03239),2,0,6,33000.0,09:10:00,33033,09:10:33,33000.0,09:10:00,33060,09:11:00,27,00:00:27,doors opened
07/07/2025,12,4198,Monday,Weekday,West,15649248,32400,09:00:00,32551,09:02:31,7,3301,Washington Ave & S. Swan St (03301),0,1,4,,,32977,09:09:37,,,32995,09:09:55,18,00:00:18,doors opened
07/07/2025,12,4198,Monday,Weekday,West,15649248,32400,09:00:00,32551,09:02:31,6,3250,Hawk/Capitol Station - Washington Ave & Hawk St (03250),0,1,5,,,32903,09:08:23,,,32954,09:09:14,51,00:00:51,doors opened
07/07/2025,12,4198,Monday,Weekday,West,15649248,32400,09:00:00,32551,09:02:31,5,10087,State St & Eagle St (10087),0,0,6,,,32876,09:07:56,,,32876,09:07:56,0,00:00:00,door not opened
07/07/2025,12,4198,Monday,Weekday,West,15649248,32400,09:00:00,32551,09:02:31,4,2665,State/Downtown Station - State St & Lodge St (02665),0,1,6,32700.0,09:05:00,32778,09:06:18,32700.0,09:05:00,32796,09:06:36,18,00:00:18,doors opened
07/07/2025,12,4198,Monday,Weekday,West,15649248,32400,09:00:00,32551,09:02:31,3,3221,State Station - N. Pearl St & Ten Eyck Plaza (03221),6,0,7,,,32664,09:04:24,,,32749,09:05:49,85,00:01:25,doors opened
07/07/2025,12,4198,Monday,Weekday,West,15649248,32400,09:00:00,32551,09:02:31,2,3233,N. Pearl St & Sheridan Ave (03233),1,0,1,,,32564,09:02:44,,,32627,09:03:47,63,00:01:03,doors opened
07/07/2025,12,4198,Monday,Weekday,West,15649248,32400,09:00:00,32551,09:02:31,0,9018,Broadway & Orange St (09018),0,0,0,32400.0,09:00:00,32551,09:02:31,32400.0,09:00:00,32551,09:02:31,0,00:00:00,door not opened
07/07/2025,12,4198,Monday,Weekday,West,15649252,38400,10:40:00,38440,10:40:40,27,7175,Crossgates Mall Station (07175),0,5,1,40800.0,11:20:00,41138,11:25:38,40800.0,11:20:00,41138,11:25:38,0,00:00:00,doors opened
07/07/2025,12,4198,Monday,Weekday,West,15649252,38400,10:40:00,38440,10:40:40,26,12828,Crossgates Commons Station (12828),1,11,6,40380.0,11:13:00,40887,11:21:27,40380.0,11:13:00,40916,11:21:56,29,00:00:29,doors opened
07/07/2025,12,4198,Monday,Weekday,West,15649252,38400,10:40:00,38440,10:40:40,25,12891,1475 Washington Ave (12891),1,0,16,,,40664,11:17:44,,,40717,11:18:37,53,00:00:53,doors opened
07/07/2025,12,4198,Monday,Weekday,West,15649252,38400,10:40:00,38440,10:40:40,24,7216,SUNY Collins Circle (07216),1,2,15,40020.0,11:07:00,40457,11:14:17,40020.0,11:07:00,40474,11:14:34,17,00:00:17,doors opened
07/07/2025,12,4198,Monday,Weekday,West,15649252,38400,10:40:00,38440,10:40:40,23,3262,1383 Washington Ave (Fairfield Inn) (03262),0,1,16,,,40318,11:11:58,,,40342,11:12:22,24,00:00:24,doors opened
07/07/2025,12,4198,Monday,Weekday,West,15649252,38400,10:40:00,38440,10:40:40,22,976,Washington Ave & Brevator St (00976),0,0,17,,,40175,11:09:35,,,40175,11:09:35,0,00:00:00,door not opened
07/07/2025,12,4198,Monday,Weekday,West,15649252,38400,10:40:00,38440,10:40:40,21,1959,Washington Ave & Colvin Ave (01959),0,1,17,,,40118,11:08:38,,,40130,11:08:50,12,00:00:12,doors opened
07/07/2025,12,4198,Monday,Weekday,West,15649252,38400,10:40:00,38440,10:40:40,20,3399,Washington Ave & Danker Ave (03399),0,1,18,,,40079,11:07:59,,,40091,11:08:11,12,00:00:12,doors opened
07/07/2025,12,4198,Monday,Weekday,West,15649252,38400,10:40:00,38440,10:40:40,19,1849,Washington Ave & Homestead Ave (01849),1,1,19,,,40039,11:07:19,,,40053,11:07:33,14,00:00:14,doors opened
07/07/2025,12,4198,Monday,Weekday,West,15649252,38400,10:40:00,38440,10:40:40,5,10087,State St & Eagle St (10087),0,0,5,,,39010,10:50:10,,,39010,10:50:10,0,00:00:00,door not opened
07/07/2025,12,4198,Monday,Weekday,West,15649252,38400,10:40:00,38440,10:40:40,4,2665,State/Downtown Station - State St & Lodge St (02665),3,2,5,38640.0,10:44:00,38697,10:44:57,38640.0,10:44:00,38926,10:48:46,229,00:03:49,doors opened
07/07/2025,12,4198,Monday,Weekday,West,15649252,38400,10:40:00,38440,10:40:40,3,3221,State Station - N. Pearl St & Ten Eyck Plaza (03221),0,0,4,,,38599,10:43:19,,,38599,10:43:19,0,00:00:00,door not opened
07/07/2025,12,4198,Monday,Weekday,West,15649252,38400,10:40:00,38440,10:40:40,2,3233,N. Pearl St & Sheridan Ave (03233),0,0,4,,,38558,10:42:38,,,38558,10:42:38,0,00:00:00,door not opened
07/07/2025,12,4198,Monday,Weekday,West,15649252,38400,10:40:00,38440,10:40:40,1,2168,Clinton Square Station - N. Pearl St & Clinton Ave (02168),3,0,4,,,38498,10:41:38,,,38529,10:42:09,31,00:00:31,doors opened
07/07/2025,12,4198,Monday,Weekday,West,15649252,38400,10:40:00,38440,10:40:40,0,9018,Broadway & Orange St (09018),0,0,1,38400.0,10:40:00,38440,10:40:40,38400.0,10:40:00,38440,10:40:40,0,00:00:00,door not opened
07/07/2025,12,4198,Monday,Weekday,West,15649252,38400,10:40:00,38440,10:40:40,18,1846,Washington Ave & Manning Blvd (01846),2,0,19,,,39960,11:06:00,,,40013,11:06:53,53,00:00:53,doors opened
07/07/2025,12,4198,Monday,Weekday,West,15649252,38400,10:40:00,38440,10:40:40,17,3287,Washington Ave & N. Allen St (03287),5,1,17,39600.0,11:00:00,39873,11:04:33,39600.0,11:00:00,39927,11:05:27,54,00:00:54,doors opened
07/07/2025,12,4198,Monday,Weekday,West,15649252,38400,10:40:00,38440,10:40:40,16,3264,Washington Ave & N. Main Ave (03264),2,1,13,,,39774,11:02:54,,,39833,11:03:53,59,00:00:59,doors opened
07/07/2025,12,4198,Monday,Weekday,West,15649252,38400,10:40:00,38440,10:40:40,15,1839,Washington Ave & Partridge St (01839),2,0,12,,,39650,11:00:50,,,39679,11:01:19,29,00:00:29,doors opened
07/07/2025,12,4198,Monday,Weekday,West,15649252,38400,10:40:00,38440,10:40:40,14,1841,Washington Ave & Ontario St (01841),2,2,10,39360.0,10:56:00,39586,10:59:46,39360.0,10:56:00,39622,11:00:22,36,00:00:36,doors opened
07/07/2025,12,4198,Monday,Weekday,West,15649252,38400,10:40:00,38440,10:40:40,13,1842,Washington Ave & Quail St (01842),2,0,10,,,39520,10:58:40,,,39560,10:59:20,40,00:00:40,doors opened
07/07/2025,12,4198,Monday,Weekday,West,15649252,38400,10:40:00,38440,10:40:40,12,1837,Washington Ave & N. Lake Ave (01837),2,0,8,,,39441,10:57:21,,,39491,10:58:11,50,00:00:50,doors opened
07/07/2025,12,4198,Monday,Weekday,West,15649252,38400,10:40:00,38440,10:40:40,11,1843,Washington Ave & Robin St (01843),0,1,6,,,39397,10:56:37,,,39409,10:56:49,12,00:00:12,doors opened
07/07/2025,12,4198,Monday,Weekday,West,15649252,38400,10:40:00,38440,10:40:40,10,12943,Washington Ave & Lexington Ave (12943),1,0,7,,,39326,10:55:26,,,39367,10:56:07,41,00:00:41,doors opened
07/07/2025,12,4198,Monday,Weekday,West,15649252,38400,10:40:00,38440,10:40:40,9,12942,Washington Ave & Henry Johnson Blvd (12942),1,0,6,,,39283,10:54:43,,,39298,10:54:58,15,00:00:15,doors opened
07/07/2025,12,4198,Monday,Weekday,West,15649252,38400,10:40:00,38440,10:40:40,8,3239,Lark/Library Station - Washington Ave & Lark St (03239),2,2,5,38940.0,10:49:00,39125,10:52:05,38940.0,10:49:00,39211,10:53:31,86,00:01:26,doors opened
07/07/2025,12,4198,Monday,Weekday,West,15649252,38400,10:40:00,38440,10:40:40,7,3301,Washington Ave & S. Swan St (03301),0,0,5,,,39065,10:51:05,,,39065,10:51:05,0,00:00:00,door not opened
07/07/2025,12,4198,Monday,Weekday,West,15649252,38400,10:40:00,38440,10:40:40,6,3250,Hawk/Capitol Station - Washington Ave & Hawk St (03250),0,0,5,,,39032,10:50:32,,,39032,10:50:32,0,00:00:00,door not opened
07/07/2025,12,4201,Monday,Weekday,East,15649685,33300,09:15:00,33544,09:19:04,24,3940,Broadway & Steuben St (03940),0,0,0,35340.0,09:49:00,35442,09:50:42,35340.0,09:49:00,35442,09:50:42,0,00:00:00,door not opened
07/07/2025,12,4201,Monday,Weekday,East,15649685,33300,09:15:00,33544,09:19:04,23,2509,State/Downtown Station - State St & S. Pearl St (02509),0,2,0,35160.0,09:46:00,35277,09:47:57,35160.0,09:46:00,35345,09:49:05,68,00:01:08,doors opened
07/07/2025,12,4201,Monday,Weekday,East,15649685,33300,09:15:00,33544,09:19:04,22,1787,State St & Eagle St (01787),0,1,2,,,35239,09:47:19,,,35255,09:47:35,16,00:00:16,doors opened
07/07/2025,12,4201,Monday,Weekday,East,15649685,33300,09:15:00,33544,09:19:04,21,2706,Hawk/Capitol Station - Washington Ave & Hawk St (02706),0,0,3,,,35204,09:46:44,,,35204,09:46:44,0,00:00:00,door not opened
07/07/2025,12,4201,Monday,Weekday,East,15649685,33300,09:15:00,33544,09:19:04,20,1789,Washington Ave & S. Swan St (01789),0,0,3,,,35181,09:46:21,,,35181,09:46:21,0,00:00:00,door not opened
07/07/2025,12,4201,Monday,Weekday,East,15649685,33300,09:15:00,33544,09:19:04,19,1788,Washington Ave & Dove St (01788),0,0,3,,,35158,09:45:58,,,35158,09:45:58,0,00:00:00,door not opened
07/07/2025,12,4201,Monday,Weekday,East,15649685,33300,09:15:00,33544,09:19:04,18,2663,Lark/Library Station - Washington Ave & Lark St (02663),1,0,3,34860.0,09:41:00,35074,09:44:34,34860.0,09:41:00,35099,09:44:59,25,00:00:25,doors opened
07/07/2025,12,4201,Monday,Weekday,East,15649685,33300,09:15:00,33544,09:19:04,17,263,Washington Ave & Henry Johnson Blvd (00263),0,0,2,,,35047,09:44:07,,,35047,09:44:07,0,00:00:00,door not opened
07/07/2025,12,4201,Monday,Weekday,East,15649685,33300,09:15:00,33544,09:19:04,16,2096,Washington Ave & Lexington Ave (02096),0,1,2,,,34928,09:42:08,,,35015,09:43:35,87,00:01:27,doors opened
07/07/2025,12,4201,Monday,Weekday,East,15649685,33300,09:15:00,33544,09:19:04,15,3253,Washington Ave & Robin St (Draper Hall) (03253),0,0,3,,,34905,09:41:45,,,34905,09:41:45,0,00:00:00,door not opened
07/07/2025,12,4201,Monday,Weekday,East,15649685,33300,09:15:00,33544,09:19:04,14,2109,Washington Ave & N. Lake Ave (02109),0,0,3,,,34880,09:41:20,,,34880,09:41:20,0,00:00:00,door not opened
07/07/2025,12,4201,Monday,Weekday,East,15649685,33300,09:15:00,33544,09:19:04,13,3255,Washington Ave & Quail St (03255),0,0,3,,,34853,09:40:53,,,34853,09:40:53,0,00:00:00,door not opened
07/07/2025,12,4201,Monday,Weekday,East,15649685,33300,09:15:00,33544,09:19:04,12,3256,Washington Ave & Ontario St (03256),1,0,3,34500.0,09:35:00,34801,09:40:01,34500.0,09:35:00,34829,09:40:29,28,00:00:28,doors opened
07/07/2025,12,4201,Monday,Weekday,East,15649685,33300,09:15:00,33544,09:19:04,11,2107,Washington Ave & Partridge St (02107),0,1,2,,,34759,09:39:19,,,34778,09:39:38,19,00:00:19,doors opened
07/07/2025,12,4201,Monday,Weekday,East,15649685,33300,09:15:00,33544,09:19:04,10,3257,Washington Ave & N. Main Ave (03257),0,0,3,,,34679,09:37:59,,,34679,09:37:59,0,00:00:00,door not opened
07/07/2025,12,4201,Monday,Weekday,East,15649685,33300,09:15:00,33544,09:19:04,9,1796,Washington Ave & N. Allen St (01796),0,0,3,34380.0,09:33:00,34614,09:36:54,34380.0,09:33:00,34614,09:36:54,0,00:00:00,door not opened
07/07/2025,12,4201,Monday,Weekday,East,15649685,33300,09:15:00,33544,09:19:04,8,11581,Washington Ave & Manning Blvd (11581),0,0,3,,,34564,09:36:04,,,34564,09:36:04,0,00:00:00,door not opened
07/07/2025,12,4201,Monday,Weekday,East,15649685,33300,09:15:00,33544,09:19:04,7,2180,Washington Ave & Homestead Ave (02180),0,0,3,,,34531,09:35:31,,,34531,09:35:31,0,00:00:00,door not opened
07/07/2025,12,4201,Monday,Weekday,East,15649685,33300,09:15:00,33544,09:19:04,6,2182,Washington Ave & Hawthorne St (02182),0,0,3,,,34493,09:34:53,,,34493,09:34:53,0,00:00:00,door not opened
07/07/2025,12,4201,Monday,Weekday,East,15649685,33300,09:15:00,33544,09:19:04,5,3304,Washington Ave & Clermont St (03304),0,0,3,,,34467,09:34:27,,,34467,09:34:27,0,00:00:00,door not opened
07/07/2025,12,4201,Monday,Weekday,East,15649685,33300,09:15:00,33544,09:19:04,4,3348,Washington Ave & Brevator St (03348),1,0,3,,,34373,09:32:53,,,34411,09:33:31,38,00:00:38,doors opened
07/07/2025,12,4201,Monday,Weekday,East,15649685,33300,09:15:00,33544,09:19:04,3,10134,Washington Ave & SUNY Exit Rd (10134),0,0,2,,,34269,09:31:09,,,34269,09:31:09,0,00:00:00,door not opened
07/07/2025,12,4201,Monday,Weekday,East,15649685,33300,09:15:00,33544,09:19:04,2,7216,SUNY Collins Circle (07216),1,0,2,33900.0,09:25:00,34114,09:28:34,33900.0,09:25:00,34137,09:28:57,23,00:00:23,doors opened
07/07/2025,12,4201,Monday,Weekday,East,15649685,33300,09:15:00,33544,09:19:04,1,12827,Crossgates Commons Station (12827),1,0,1,33600.0,09:20:00,33845,09:24:05,33600.0,09:20:00,33909,09:25:09,64,00:01:04,doors opened
07/07/2025,12,4201,Monday,Weekday,East,15649685,33300,09:15:00,33544,09:19:04,0,7175,Crossgates Mall Station (07175),0,0,0,33300.0,09:15:00,33544,09:19:04,33300.0,09:15:00,33544,09:19:04,0,00:00:00,doors opened
07/07/2025,12,4201,Monday,Weekday,East,15649689,39300,10:55:00,39706,11:01:46,6,2182,Washington Ave & Hawthorne St (02182),0,0,12,,,40731,11:18:51,,,40731,11:18:51,0,00:00:00,door not opened
07/07/2025,12,4201,Monday,Weekday,East,15649689,39300,10:55:00,39706,11:01:46,5,3304,Washington Ave & Clermont St (03304),1,0,12,,,40691,11:18:11,,,40707,11:18:27,16,00:00:16,doors opened
07/07/2025,12,4201,Monday,Weekday,East,15649689,39300,10:55:00,39706,11:01:46,4,3348,Washington Ave & Brevator St (03348),1,0,11,,,40649,11:17:29,,,40666,11:17:46,17,00:00:17,doors opened
07/07/2025,12,4201,Monday,Weekday,East,15649689,39300,10:55:00,39706,11:01:46,3,10134,Washington Ave & SUNY Exit Rd (10134),2,0,10,,,40496,11:14:56,,,40540,11:15:40,44,00:00:44,doors opened
07/07/2025,12,4201,Monday,Weekday,East,15649689,39300,10:55:00,39706,11:01:46,2,7216,SUNY Collins Circle (07216),0,1,8,39900.0,11:05:00,40327,11:12:07,39900.0,11:05:00,40348,11:12:28,21,00:00:21,doors opened
07/07/2025,12,4201,Monday,Weekday,East,15649689,39300,10:55:00,39706,11:01:46,1,12827,Crossgates Commons Station (12827),5,1,9,39600.0,11:00:00,40089,11:08:09,39600.0,11:00:00,40089,11:08:09,0,00:00:00,door not opened
07/07/2025,12,4201,Monday,Weekday,East,15649689,39300,10:55:00,39706,11:01:46,0,7175,Crossgates Mall Station (07175),3,0,5,39300.0,10:55:00,39706,11:01:46,39300.0,10:55:00,39706,11:01:46,0,00:00:00,doors opened
07/07/2025,12,4201,Monday,Weekday,East,15649689,39300,10:55:00,39706,11:01:46,24,3940,Broadway & Steuben St (03940),0,1,0,41340.0,11:29:00,41901,11:38:21,41340.0,11:29:00,41901,11:38:21,0,00:00:00,doors opened
07/07/2025,12,4201,Monday,Weekday,East,15649689,39300,10:55:00,39706,11:01:46,23,2509,State/Downtown Station - State St & S. Pearl St (02509),1,6,1,41160.0,11:26:00,41763,11:36:03,41160.0,11:26:00,41817,11:36:57,54,00:00:54,doors opened
07/07/2025,12,4201,Monday,Weekday,East,15649689,39300,10:55:00,39706,11:01:46,22,1787,State St & Eagle St (01787),0,0,6,,,41745,11:35:45,,,41745,11:35:45,0,00:00:00,door not opened
07/07/2025,12,4201,Monday,Weekday,East,15649689,39300,10:55:00,39706,11:01:46,21,2706,Hawk/Capitol Station - Washington Ave & Hawk St (02706),0,0,6,,,41670,11:34:30,,,41670,11:34:30,0,00:00:00,door not opened
07/07/2025,12,4201,Monday,Weekday,East,15649689,39300,10:55:00,39706,11:01:46,20,1789,Washington Ave & S. Swan St (01789),0,2,6,,,41589,11:33:09,,,41643,11:34:03,54,00:00:54,doors opened
07/07/2025,12,4201,Monday,Weekday,East,15649689,39300,10:55:00,39706,11:01:46,19,1788,Washington Ave & Dove St (01788),2,0,8,,,41486,11:31:26,,,41556,11:32:36,70,00:01:10,doors opened
07/07/2025,12,4201,Monday,Weekday,East,15649689,39300,10:55:00,39706,11:01:46,18,2663,Lark/Library Station - Washington Ave & Lark St (02663),0,0,6,40860.0,11:21:00,41418,11:30:18,40860.0,11:21:00,41454,11:30:54,36,00:00:36,doors opened
07/07/2025,12,4201,Monday,Weekday,East,15649689,39300,10:55:00,39706,11:01:46,17,263,Washington Ave & Henry Johnson Blvd (00263),0,0,6,,,41388,11:29:48,,,41388,11:29:48,0,00:00:00,door not opened
07/07/2025,12,4201,Monday,Weekday,East,15649689,39300,10:55:00,39706,11:01:46,16,2096,Washington Ave & Lexington Ave (02096),1,2,6,,,41306,11:28:26,,,41326,11:28:46,20,00:00:20,doors opened
07/07/2025,12,4201,Monday,Weekday,East,15649689,39300,10:55:00,39706,11:01:46,15,3253,Washington Ave & Robin St (Draper Hall) (03253),0,1,7,,,41264,11:27:44,,,41286,11:28:06,22,00:00:22,doors opened
07/07/2025,12,4201,Monday,Weekday,East,15649689,39300,10:55:00,39706,11:01:46,14,2109,Washington Ave & N. Lake Ave (02109),0,0,8,,,41239,11:27:19,,,41239,11:27:19,0,00:00:00,door not opened
07/07/2025,12,4201,Monday,Weekday,East,15649689,39300,10:55:00,39706,11:01:46,13,3255,Washington Ave & Quail St (03255),0,1,8,,,41138,11:25:38,,,41182,11:26:22,44,00:00:44,doors opened
07/07/2025,12,4201,Monday,Weekday,East,15649689,39300,10:55:00,39706,11:01:46,12,3256,Washington Ave & Ontario St (03256),0,0,9,40500.0,11:15:00,41118,11:25:18,40500.0,11:15:00,41118,11:25:18,0,00:00:00,door not opened
07/07/2025,12,4201,Monday,Weekday,East,15649689,39300,10:55:00,39706,11:01:46,11,2107,Washington Ave & Partridge St (02107),1,0,9,,,41066,11:24:26,,,41088,11:24:48,22,00:00:22,doors opened
07/07/2025,12,4201,Monday,Weekday,East,15649689,39300,10:55:00,39706,11:01:46,10,3257,Washington Ave & N. Main Ave (03257),1,1,8,,,40937,11:22:17,,,40974,11:22:54,37,00:00:37,doors opened
07/07/2025,12,4201,Monday,Weekday,East,15649689,39300,10:55:00,39706,11:01:46,9,1796,Washington Ave & N. Allen St (01796),0,3,8,40380.0,11:13:00,40890,11:21:30,40380.0,11:13:00,40906,11:21:46,16,00:00:16,doors opened
07/07/2025,12,4201,Monday,Weekday,East,15649689,39300,10:55:00,39706,11:01:46,8,11581,Washington Ave & Manning Blvd (11581),0,0,11,,,40858,11:20:58,,,40858,11:20:58,0,00:00:00,door not opened
07/07/2025,12,4201,Monday,Weekday,East,15649689,39300,10:55:00,39706,11:01:46,7,2180,Washington Ave & Homestead Ave (02180),0,1,11,,,40755,11:19:15,,,40792,11:19:52,37,00:00:37,doors opened
07/07/2025,12,4201,Monday,Weekday,West,15649792,42000,11:40:00,42383,11:46:23,10,12943,Washington Ave & Lexington Ave (12943),4,0,13,,,43156,11:59:16,,,43212,12:00:12,56,00:00:56,doors opened
07/07/2025,12,4201,Monday,Weekday,West,15649792,42000,11:40:00,42383,11:46:23,9,12942,Washington Ave & Henry Johnson Blvd (12942),3,1,9,,,43090,11:58:10,,,43120,11:58:40,30,00:00:30,doors opened
07/07/2025,12,4201,Monday,Weekday,West,15649792,42000,11:40:00,42383,11:46:23,8,3239,Lark/Library Station - Washington Ave & Lark St (03239),2,5,7,42540.0,11:49:00,42974,11:56:14,42540.0,11:49:00,43017,11:56:57,43,00:00:43,doors opened
07/07/2025,12,4201,Monday,Weekday,West,15649792,42000,11:40:00,42383,11:46:23,7,3301,Washington Ave & S. Swan St (03301),1,0,10,,,42878,11:54:38,,,42927,11:55:27,49,00:00:49,doors opened
07/07/2025,12,4201,Monday,Weekday,West,15649792,42000,11:40:00,42383,11:46:23,6,3250,Hawk/Capitol Station - Washington Ave & Hawk St (03250),0,0,9,,,42850,11:54:10,,,42850,11:54:10,0,00:00:00,door not opened
07/07/2025,12,4201,Monday,Weekday,West,15649792,42000,11:40:00,42383,11:46:23,5,10087,State St & Eagle St (10087),0,0,9,,,42777,11:52:57,,,42777,11:52:57,0,00:00:00,door not opened
07/07/2025,12,4201,Monday,Weekday,West,15649792,42000,11:40:00,42383,11:46:23,4,2665,State/Downtown Station - State St & Lodge St (02665),2,0,9,42240.0,11:44:00,42644,11:50:44,42240.0,11:44:00,42661,11:51:01,17,00:00:17,doors opened
07/07/2025,12,4201,Monday,Weekday,West,15649792,42000,11:40:00,42383,11:46:23,27,7175,Crossgates Mall Station (07175),0,9,0,44400.0,12:20:00,44876,12:27:56,44400.0,12:20:00,44876,12:27:56,0,00:00:00,doors opened
07/07/2025,12,4201,Monday,Weekday,West,15649792,42000,11:40:00,42383,11:46:23,26,12828,Crossgates Commons Station (12828),0,11,9,43980.0,12:13:00,44597,12:23:17,43980.0,12:13:00,44632,12:23:52,35,00:00:35,doors opened
07/07/2025,12,4201,Monday,Weekday,West,15649792,42000,11:40:00,42383,11:46:23,25,12891,1475 Washington Ave (12891),0,0,20,,,44378,12:19:38,,,44378,12:19:38,0,00:00:00,door not opened
07/07/2025,12,4201,Monday,Weekday,West,15649792,42000,11:40:00,42383,11:46:23,24,7216,SUNY Collins Circle (07216),0,1,20,43620.0,12:07:00,44191,12:16:31,43620.0,12:07:00,44218,12:16:58,27,00:00:27,doors opened
07/07/2025,12,4201,Monday,Weekday,West,15649792,42000,11:40:00,42383,11:46:23,3,3221,State Station - N. Pearl St & Ten Eyck Plaza (03221),5,0,7,,,42544,11:49:04,,,42617,11:50:17,73,00:01:13,doors opened
07/07/2025,12,4201,Monday,Weekday,West,15649792,42000,11:40:00,42383,11:46:23,2,3233,N. Pearl St & Sheridan Ave (03233),2,0,2,,,42436,11:47:16,,,42459,11:47:39,23,00:00:23,doors opened
07/07/2025,12,4201,Monday,Weekday,West,15649792,42000,11:40:00,42383,11:46:23,1,2168,Clinton Square Station - N. Pearl St & Clinton Ave (02168),0,0,0,,,42408,11:46:48,,,42408,11:46:48,0,00:00:00,door not opened
07/07/2025,12,4201,Monday,Weekday,West,15649792,42000,11:40:00,42383,11:46:23,0,9018,Broadway & Orange St (09018),0,0,0,42000.0,11:40:00,42383,11:46:23,42000.0,11:40:00,42383,11:46:23,0,00:00:00,door not opened
07/07/2025,12,4201,Monday,Weekday,West,15649792,42000,11:40:00,42383,11:46:23,23,3262,1383 Washington Ave (Fairfield Inn) (03262),0,2,21,,,44073,12:14:33,,,44091,12:14:51,18,00:00:18,doors opened
07/07/2025,12,4201,Monday,Weekday,West,15649792,42000,11:40:00,42383,11:46:23,22,976,Washington Ave & Brevator St (00976),0,0,23,,,43963,12:12:43,,,43963,12:12:43,0,00:00:00,door not opened
07/07/2025,12,4201,Monday,Weekday,West,15649792,42000,11:40:00,42383,11:46:23,21,1959,Washington Ave & Colvin Ave (01959),2,0,23,,,43870,12:11:10,,,43939,12:12:19,69,00:01:09,doors opened
07/07/2025,12,4201,Monday,Weekday,West,15649792,42000,11:40:00,42383,11:46:23,20,3399,Washington Ave & Danker Ave (03399),0,0,21,,,43846,12:10:46,,,43846,12:10:46,0,00:00:00,door not opened
07/07/2025,12,4201,Monday,Weekday,West,15649792,42000,11:40:00,42383,11:46:23,19,1849,Washington Ave & Homestead Ave (01849),0,0,21,,,43825,12:10:25,,,43825,12:10:25,0,00:00:00,door not opened
07/07/2025,12,4201,Monday,Weekday,West,15649792,42000,11:40:00,42383,11:46:23,18,1846,Washington Ave & Manning Blvd (01846),2,2,21,,,43741,12:09:01,,,43799,12:09:59,58,00:00:58,doors opened
07/07/2025,12,4201,Monday,Weekday,West,15649792,42000,11:40:00,42383,11:46:23,17,3287,Washington Ave & N. Allen St (03287),3,3,21,43200.0,12:00:00,43665,12:07:45,43200.0,12:00:00,43711,12:08:31,46,00:00:46,doors opened
07/07/2025,12,4201,Monday,Weekday,West,15649792,42000,11:40:00,42383,11:46:23,16,3264,Washington Ave & N. Main Ave (03264),1,2,21,,,43609,12:06:49,,,43630,12:07:10,21,00:00:21,doors opened
07/07/2025,12,4201,Monday,Weekday,West,15649792,42000,11:40:00,42383,11:46:23,15,1839,Washington Ave & Partridge St (01839),0,0,22,,,43518,12:05:18,,,43518,12:05:18,0,00:00:00,door not opened
07/07/2025,12,4201,Monday,Weekday,West,15649792,42000,11:40:00,42383,11:46:23,14,1841,Washington Ave & Ontario St (01841),4,0,22,42960.0,11:56:00,43432,12:03:52,42960.0,11:56:00,43495,12:04:55,63,00:01:03,doors opened
07/07/2025,12,4201,Monday,Weekday,West,15649792,42000,11:40:00,42383,11:46:23,13,1842,Washington Ave & Quail St (01842),1,1,18,,,43374,12:02:54,,,43406,12:03:26,32,00:00:32,doors opened
07/07/2025,12,4201,Monday,Weekday,West,15649792,42000,11:40:00,42383,11:46:23,12,1837,Washington Ave & N. Lake Ave (01837),2,1,18,,,43304,12:01:44,,,43344,12:02:24,40,00:00:40,doors opened
07/07/2025,12,4201,Monday,Weekday,West,15649792,42000,11:40:00,42383,11:46:23,11,1843,Washington Ave & Robin St (01843),4,0,17,,,43243,12:00:43,,,43280,12:01:20,37,00:00:37,doors opened
07/07/2025,12,4203,Monday,Weekday,West,15651260,62400,17:20:00,62442,17:20:42,27,7175,Crossgates Mall Station (07175),0,8,0,64920.0,18:02:00,64465,17:54:25,64920.0,18:02:00,64465,17:54:25,0,00:00:00,doors opened
07/07/2025,12,4203,Monday,Weekday,West,15651260,62400,17:20:00,62442,17:20:42,26,12828,Crossgates Commons Station (12828),1,4,8,64500.0,17:55:00,64162,17:49:22,64500.0,17:55:00,64208,17:50:08,46,00:00:46,doors opened
07/07/2025,12,4203,Monday,Weekday,West,15651260,62400,17:20:00,62442,17:20:42,25,12891,1475 Washington Ave (12891),1,0,11,,,63958,17:45:58,,,63969,17:46:09,11,00:00:11,doors opened
07/07/2025,12,4203,Monday,Weekday,West,15651260,62400,17:20:00,62442,17:20:42,24,7216,SUNY Collins Circle (07216),0,1,10,64140.0,17:49:00,63824,17:43:44,64140.0,17:49:00,63837,17:43:57,13,00:00:13,doors opened
07/07/2025,12,4203,Monday,Weekday,West,15651260,62400,17:20:00,62442,17:20:42,23,3262,1383 Washington Ave (Fairfield Inn) (03262),1,4,11,,,63725,17:42:05,,,63751,17:42:31,26,00:00:26,doors opened
07/07/2025,12,4203,Monday,Weekday,West,15651260,62400,17:20:00,62442,17:20:42,22,976,Washington Ave & Brevator St (00976),0,0,14,,,63622,17:40:22,,,63622,17:40:22,0,00:00:00,door not opened
07/07/2025,12,4203,Monday,Weekday,West,15651260,62400,17:20:00,62442,17:20:42,21,1959,Washington Ave & Colvin Ave (01959),0,0,14,,,63597,17:39:57,,,63597,17:39:57,0,00:00:00,door not opened
07/07/2025,12,4203,Monday,Weekday,West,15651260,62400,17:20:00,62442,17:20:42,20,3399,Washington Ave & Danker Ave (03399),0,1,14,,,63536,17:38:56,,,63549,17:39:09,13,00:00:13,doors opened
07/07/2025,12,4203,Monday,Weekday,West,15651260,62400,17:20:00,62442,17:20:42,19,1849,Washington Ave & Homestead Ave (01849),1,2,15,,,63496,17:38:16,,,63512,17:38:32,16,00:00:16,doors opened
07/07/2025,12,4203,Monday,Weekday,West,15651260,62400,17:20:00,62442,17:20:42,5,10087,State St & Eagle St (10087),0,0,7,,,62731,17:25:31,,,62731,17:25:31,0,00:00:00,door not opened
07/07/2025,12,4203,Monday,Weekday,West,15651260,62400,17:20:00,62442,17:20:42,4,2665,State/Downtown Station - State St & Lodge St (02665),0,0,7,62700.0,17:25:00,62705,17:25:05,62700.0,17:25:00,62705,17:25:05,0,00:00:00,door not opened
07/07/2025,12,4203,Monday,Weekday,West,15651260,62400,17:20:00,62442,17:20:42,3,3221,State Station - N. Pearl St & Ten Eyck Plaza (03221),3,0,7,,,62639,17:23:59,,,62659,17:24:19,20,00:00:20,doors opened
07/07/2025,12,4203,Monday,Weekday,West,15651260,62400,17:20:00,62442,17:20:42,2,3233,N. Pearl St & Sheridan Ave (03233),0,0,4,,,62587,17:23:07,,,62587,17:23:07,0,00:00:00,door not opened
07/07/2025,12,4203,Monday,Weekday,West,15651260,62400,17:20:00,62442,17:20:42,1,2168,Clinton Square Station - N. Pearl St & Clinton Ave (02168),1,0,4,,,62508,17:21:48,,,62570,17:22:50,62,00:01:02,doors opened
07/07/2025,12,4203,Monday,Weekday,West,15651260,62400,17:20:00,62442,17:20:42,0,9018,Broadway & Orange St (09018),2,0,3,62400.0,17:20:00,62442,17:20:42,62400.0,17:20:00,62442,17:20:42,0,00:00:00,doors opened
07/07/2025,12,4203,Monday,Weekday,West,15651260,62400,17:20:00,62442,17:20:42,18,1846,Washington Ave & Manning Blvd (01846),0,2,16,,,63420,17:37:00,,,63473,17:37:53,53,00:00:53,doors opened
07/07/2025,12,4203,Monday,Weekday,West,15651260,62400,17:20:00,62442,17:20:42,17,3287,Washington Ave & N. Allen St (03287),2,1,18,63660.0,17:41:00,63369,17:36:09,63660.0,17:41:00,63394,17:36:34,25,00:00:25,doors opened
07/07/2025,12,4203,Monday,Weekday,West,15651260,62400,17:20:00,62442,17:20:42,16,3264,Washington Ave & N. Main Ave (03264),3,1,17,,,63313,17:35:13,,,63341,17:35:41,28,00:00:28,doors opened
07/07/2025,12,4203,Monday,Weekday,West,15651260,62400,17:20:00,62442,17:20:42,15,1839,Washington Ave & Partridge St (01839),0,0,15,,,63243,17:34:03,,,63243,17:34:03,0,00:00:00,door not opened
07/07/2025,12,4203,Monday,Weekday,West,15651260,62400,17:20:00,62442,17:20:42,14,1841,Washington Ave & Ontario St (01841),0,2,15,63420.0,17:37:00,63203,17:33:23,63420.0,17:37:00,63224,17:33:44,21,00:00:21,doors opened
07/07/2025,12,4203,Monday,Weekday,West,15651260,62400,17:20:00,62442,17:20:42,13,1842,Washington Ave & Quail St (01842),3,0,17,,,63161,17:32:41,,,63182,17:33:02,21,00:00:21,doors opened
07/07/2025,12,4203,Monday,Weekday,West,15651260,62400,17:20:00,62442,17:20:42,12,1837,Washington Ave & N. Lake Ave (01837),1,0,14,,,63093,17:31:33,,,63138,17:32:18,45,00:00:45,doors opened
07/07/2025,12,4203,Monday,Weekday,West,15651260,62400,17:20:00,62442,17:20:42,11,1843,Washington Ave & Robin St (01843),1,1,13,,,63053,17:30:53,,,63073,17:31:13,20,00:00:20,doors opened
07/07/2025,12,4203,Monday,Weekday,West,15651260,62400,17:20:00,62442,17:20:42,10,12943,Washington Ave & Lexington Ave (12943),0,0,13,,,63034,17:30:34,,,63034,17:30:34,0,00:00:00,door not opened
07/07/2025,12,4203,Monday,Weekday,West,15651260,62400,17:20:00,62442,17:20:42,9,12942,Washington Ave & Henry Johnson Blvd (12942),2,0,13,,,62989,17:29:49,,,63007,17:30:07,18,00:00:18,doors opened
07/07/2025,12,4203,Monday,Weekday,West,15651260,62400,17:20:00,62442,17:20:42,8,3239,Lark/Library Station - Washington Ave & Lark St (03239),2,0,11,63000.0,17:30:00,62883,17:28:03,63000.0,17:30:00,62915,17:28:35,32,00:00:32,doors opened
07/07/2025,12,4203,Monday,Weekday,West,15651260,62400,17:20:00,62442,17:20:42,7,3301,Washington Ave & S. Swan St (03301),1,0,9,,,62814,17:26:54,,,62850,17:27:30,36,00:00:36,doors opened
07/07/2025,12,4203,Monday,Weekday,West,15651260,62400,17:20:00,62442,17:20:42,6,3250,Hawk/Capitol Station - Washington Ave & Hawk St (03250),1,0,8,,,62754,17:25:54,,,62788,17:26:28,34,00:00:34,doors opened
07/07/2025,12,4203,Monday,Weekday,East,15651776,74100,20:35:00,74084,20:34:44,24,3940,Broadway & Steuben St (03940),0,0,0,76140.0,21:09:00,75810,21:03:30,76140.0,21:09:00,75810,21:03:30,0,00:00:00,door not opened
07/07/2025,12,4203,Monday,Weekday,East,15651776,74100,20:35:00,74084,20:34:44,23,2509,State/Downtown Station - State St & S. Pearl St (02509),0,3,0,75960.0,21:06:00,75660,21:01:00,75960.0,21:06:00,75722,21:02:02,62,00:01:02,doors opened
07/07/2025,12,4203,Monday,Weekday,East,15651776,74100,20:35:00,74084,20:34:44,22,1787,State St & Eagle St (01787),0,0,3,,,75645,21:00:45,,,75645,21:00:45,0,00:00:00,door not opened
07/07/2025,12,4203,Monday,Weekday,East,15651776,74100,20:35:00,74084,20:34:44,21,2706,Hawk/Capitol Station - Washington Ave & Hawk St (02706),0,0,3,,,75616,21:00:16,,,75616,21:00:16,0,00:00:00,door not opened
07/07/2025,12,4203,Monday,Weekday,East,15651776,74100,20:35:00,74084,20:34:44,20,1789,Washington Ave & S. Swan St (01789),0,0,3,,,75601,21:00:01,,,75601,21:00:01,0,00:00:00,door not opened
07/07/2025,12,4203,Monday,Weekday,East,15651776,74100,20:35:00,74084,20:34:44,19,1788,Washington Ave & Dove St (01788),0,0,3,,,75584,20:59:44,,,75584,20:59:44,0,00:00:00,door not opened
07/07/2025,12,4203,Monday,Weekday,East,15651776,74100,20:35:00,74084,20:34:44,18,2663,Lark/Library Station - Washington Ave & Lark St (02663),0,3,3,75720.0,21:02:00,75515,20:58:35,75720.0,21:02:00,75550,20:59:10,35,00:00:35,doors opened
07/07/2025,12,4203,Monday,Weekday,East,15651776,74100,20:35:00,74084,20:34:44,17,263,Washington Ave & Henry Johnson Blvd (00263),1,0,6,,,75441,20:57:21,,,75465,20:57:45,24,00:00:24,doors opened
07/07/2025,12,4203,Monday,Weekday,East,15651776,74100,20:35:00,74084,20:34:44,16,2096,Washington Ave & Lexington Ave (02096),0,0,5,,,75385,20:56:25,,,75385,20:56:25,0,00:00:00,door not opened
07/07/2025,12,4203,Monday,Weekday,East,15651776,74100,20:35:00,74084,20:34:44,15,3253,Washington Ave & Robin St (Draper Hall) (03253),0,1,5,,,75339,20:55:39,,,75361,20:56:01,22,00:00:22,doors opened
07/07/2025,12,4203,Monday,Weekday,East,15651776,74100,20:35:00,74084,20:34:44,14,2109,Washington Ave & N. Lake Ave (02109),0,1,6,,,75286,20:54:46,,,75313,20:55:13,27,00:00:27,doors opened
07/07/2025,12,4203,Monday,Weekday,East,15651776,74100,20:35:00,74084,20:34:44,13,3255,Washington Ave & Quail St (03255),0,2,7,,,75229,20:53:49,,,75261,20:54:21,32,00:00:32,doors opened
07/07/2025,12,4203,Monday,Weekday,East,15651776,74100,20:35:00,74084,20:34:44,12,3256,Washington Ave & Ontario St (03256),0,4,9,75360.0,20:56:00,75184,20:53:04,75360.0,20:56:00,75207,20:53:27,23,00:00:23,doors opened
07/07/2025,12,4203,Monday,Weekday,East,15651776,74100,20:35:00,74084,20:34:44,11,2107,Washington Ave & Partridge St (02107),0,0,13,,,75166,20:52:46,,,75166,20:52:46,0,00:00:00,door not opened
07/07/2025,12,4203,Monday,Weekday,East,15651776,74100,20:35:00,74084,20:34:44,10,3257,Washington Ave & N. Main Ave (03257),0,2,13,,,75081,20:51:21,,,75115,20:51:55,34,00:00:34,doors opened
07/07/2025,12,4203,Monday,Weekday,East,15651776,74100,20:35:00,74084,20:34:44,9,1796,Washington Ave & N. Allen St (01796),2,1,15,75180.0,20:53:00,75028,20:50:28,75180.0,20:53:00,75051,20:50:51,23,00:00:23,doors opened
07/07/2025,12,4203,Monday,Weekday,East,15651776,74100,20:35:00,74084,20:34:44,8,11581,Washington Ave & Manning Blvd (11581),0,1,14,,,74980,20:49:40,,,74997,20:49:57,17,00:00:17,doors opened
07/07/2025,12,4203,Monday,Weekday,East,15651776,74100,20:35:00,74084,20:34:44,7,2180,Washington Ave & Homestead Ave (02180),0,1,15,,,74945,20:49:05,,,74960,20:49:20,15,00:00:15,doors opened
07/07/2025,12,4203,Monday,Weekday,East,15651776,74100,20:35:00,74084,20:34:44,6,2182,Washington Ave & Hawthorne St (02182),0,0,16,,,74924,20:48:44,,,74924,20:48:44,0,00:00:00,door not opened
07/07/2025,12,4203,Monday,Weekday,East,15651776,74100,20:35:00,74084,20:34:44,5,3304,Washington Ave & Clermont St (03304),0,1,16,,,74885,20:48:05,,,74901,20:48:21,16,00:00:16,doors opened
07/07/2025,12,4203,Monday,Weekday,East,15651776,74100,20:35:00,74084,20:34:44,4,3348,Washington Ave & Brevator St (03348),1,0,17,,,74836,20:47:16,,,74864,20:47:44,28,00:00:28,doors opened
07/07/2025,12,4203,Monday,Weekday,East,15651776,74100,20:35:00,74084,20:34:44,3,10134,Washington Ave & SUNY Exit Rd (10134),1,5,16,,,74701,20:45:01,,,74722,20:45:22,21,00:00:21,doors opened
07/07/2025,12,4203,Monday,Weekday,East,15651776,74100,20:35:00,74084,20:34:44,2,7216,SUNY Collins Circle (07216),0,1,20,74700.0,20:45:00,74593,20:43:13,74700.0,20:45:00,74605,20:43:25,12,00:00:12,doors opened
07/07/2025,12,4203,Monday,Weekday,East,15651776,74100,20:35:00,74084,20:34:44,1,12827,Crossgates Commons Station (12827),15,1,21,74400.0,20:40:00,74257,20:37:37,74400.0,20:40:00,74382,20:39:42,125,00:02:05,doors opened
07/07/2025,12,4203,Monday,Weekday,East,15651776,74100,20:35:00,74084,20:34:44,0,7175,Crossgates Mall Station (07175),7,0,7,74100.0,20:35:00,74084,20:34:44,74100.0,20:35:00,74084,20:34:44,0,00:00:00,doors opened
07/07/2025,12,4206,Monday,Weekday,West,15650655,25800,07:10:00,26046,07:14:06,11,1843,Washington Ave & Robin St (01843),0,0,9,,,26718,07:25:18,,,26718,07:25:18,0,00:00:00,door not opened
07/07/2025,12,4206,Monday,Weekday,West,15650655,25800,07:10:00,26046,07:14:06,10,12943,Washington Ave & Lexington Ave (12943),0,0,9,,,26691,07:24:51,,,26691,07:24:51,0,00:00:00,door not opened
07/07/2025,12,4206,Monday,Weekday,West,15650655,25800,07:10:00,26046,07:14:06,9,12942,Washington Ave & Henry Johnson Blvd (12942),0,1,9,,,26653,07:24:13,,,26661,07:24:21,8,00:00:08,doors opened
07/07/2025,12,4206,Monday,Weekday,West,15650655,25800,07:10:00,26046,07:14:06,8,3239,Lark/Library Station - Washington Ave & Lark St (03239),3,2,10,26400.0,07:20:00,26554,07:22:34,26400.0,07:20:00,26594,07:23:14,40,00:00:40,doors opened
07/07/2025,12,4206,Monday,Weekday,West,15650655,25800,07:10:00,26046,07:14:06,7,3301,Washington Ave & S. Swan St (03301),1,0,9,,,26444,07:20:44,,,26516,07:21:56,72,00:01:12,doors opened
07/07/2025,12,4206,Monday,Weekday,West,15650655,25800,07:10:00,26046,07:14:06,6,3250,Hawk/Capitol Station - Washington Ave & Hawk St (03250),0,0,8,,,26425,07:20:25,,,26425,07:20:25,0,00:00:00,door not opened
07/07/2025,12,4206,Monday,Weekday,West,15650655,25800,07:10:00,26046,07:14:06,5,10087,State St & Eagle St (10087),0,0,8,,,26377,07:19:37,,,26377,07:19:37,0,00:00:00,door not opened
07/07/2025,12,4206,Monday,Weekday,West,15650655,25800,07:10:00,26046,07:14:06,4,2665,State/Downtown Station - State St & Lodge St (02665),3,0,8,26100.0,07:15:00,26310,07:18:30,26100.0,07:15:00,26335,07:18:55,25,00:00:25,doors opened
07/07/2025,12,4206,Monday,Weekday,West,15650655,25800,07:10:00,26046,07:14:06,3,3221,State Station - N. Pearl St & Ten Eyck Plaza (03221),3,0,5,,,26170,07:16:10,,,26286,07:18:06,116,00:01:56,doors opened
07/07/2025,12,4206,Monday,Weekday,West,15650655,25800,07:10:00,26046,07:14:06,2,3233,N. Pearl St & Sheridan Ave (03233),0,0,2,,,26094,07:14:54,,,26094,07:14:54,0,00:00:00,door not opened
07/07/2025,12,4206,Monday,Weekday,West,15650655,25800,07:10:00,26046,07:14:06,1,2168,Clinton Square Station - N. Pearl St & Clinton Ave (02168),2,0,2,,,26058,07:14:18,,,26073,07:14:33,15,00:00:15,doors opened
07/07/2025,12,4206,Monday,Weekday,West,15650655,25800,07:10:00,26046,07:14:06,0,9018,Broadway & Orange St (09018),0,0,0,25800.0,07:10:00,26046,07:14:06,25800.0,07:10:00,26046,07:14:06,0,00:00:00,door not opened
07/07/2025,12,4206,Monday,Weekday,West,15650655,25800,07:10:00,26046,07:14:06,27,7175,Crossgates Mall Station (07175),0,2,0,28200.0,07:50:00,28215,07:50:15,28200.0,07:50:00,28215,07:50:15,0,00:00:00,doors opened
07/07/2025,12,4206,Monday,Weekday,West,15650655,25800,07:10:00,26046,07:14:06,26,12828,Crossgates Commons Station (12828),0,5,2,27780.0,07:43:00,27927,07:45:27,27780.0,07:43:00,27948,07:45:48,21,00:00:21,doors opened
07/07/2025,12,4206,Monday,Weekday,West,15650655,25800,07:10:00,26046,07:14:06,25,12891,1475 Washington Ave (12891),1,0,7,,,27736,07:42:16,,,27750,07:42:30,14,00:00:14,doors opened
07/07/2025,12,4206,Monday,Weekday,West,15650655,25800,07:10:00,26046,07:14:06,24,7216,SUNY Collins Circle (07216),0,2,6,27420.0,07:37:00,27602,07:40:02,27420.0,07:37:00,27615,07:40:15,13,00:00:13,doors opened
07/07/2025,12,4206,Monday,Weekday,West,15650655,25800,07:10:00,26046,07:14:06,23,3262,1383 Washington Ave (Fairfield Inn) (03262),0,6,8,,,27440,07:37:20,,,27512,07:38:32,72,00:01:12,doors opened
07/07/2025,12,4206,Monday,Weekday,West,15650655,25800,07:10:00,26046,07:14:06,22,976,Washington Ave & Brevator St (00976),0,4,14,,,27244,07:34:04,,,27274,07:34:34,30,00:00:30,doors opened
07/07/2025,12,4206,Monday,Weekday,West,15650655,25800,07:10:00,26046,07:14:06,21,1959,Washington Ave & Colvin Ave (01959),0,0,18,,,27196,07:33:16,,,27213,07:33:33,17,00:00:17,doors opened
07/07/2025,12,4206,Monday,Weekday,West,15650655,25800,07:10:00,26046,07:14:06,20,3399,Washington Ave & Danker Ave (03399),0,0,18,,,27173,07:32:53,,,27173,07:32:53,0,00:00:00,door not opened
07/07/2025,12,4206,Monday,Weekday,West,15650655,25800,07:10:00,26046,07:14:06,19,1849,Washington Ave & Homestead Ave (01849),0,0,18,,,27151,07:32:31,,,27151,07:32:31,0,00:00:00,door not opened
07/07/2025,12,4206,Monday,Weekday,West,15650655,25800,07:10:00,26046,07:14:06,18,1846,Washington Ave & Manning Blvd (01846),1,0,18,,,27050,07:30:50,,,27119,07:31:59,69,00:01:09,doors opened
07/07/2025,12,4206,Monday,Weekday,West,15650655,25800,07:10:00,26046,07:14:06,17,3287,Washington Ave & N. Allen St (03287),6,2,17,27000.0,07:30:00,26980,07:29:40,27000.0,07:30:00,27014,07:30:14,34,00:00:34,doors opened
07/07/2025,12,4206,Monday,Weekday,West,15650655,25800,07:10:00,26046,07:14:06,16,3264,Washington Ave & N. Main Ave (03264),3,0,13,,,26921,07:28:41,,,26945,07:29:05,24,00:00:24,doors opened
07/07/2025,12,4206,Monday,Weekday,West,15650655,25800,07:10:00,26046,07:14:06,15,1839,Washington Ave & Partridge St (01839),0,0,10,,,26849,07:27:29,,,26849,07:27:29,0,00:00:00,door not opened
07/07/2025,12,4206,Monday,Weekday,West,15650655,25800,07:10:00,26046,07:14:06,14,1841,Washington Ave & Ontario St (01841),3,2,10,26760.0,07:26:00,26782,07:26:22,26760.0,07:26:00,26824,07:27:04,42,00:00:42,doors opened
07/07/2025,12,4206,Monday,Weekday,West,15650655,25800,07:10:00,26046,07:14:06,13,1842,Washington Ave & Quail St (01842),0,0,9,,,26763,07:26:03,,,26763,07:26:03,0,00:00:00,door not opened
07/07/2025,12,4206,Monday,Weekday,West,15650655,25800,07:10:00,26046,07:14:06,12,1837,Washington Ave & N. Lake Ave (01837),0,0,9,,,26741,07:25:41,,,26741,07:25:41,0,00:00:00,door not opened
07/07/2025,12,4224,Monday,Weekday,West,15651274,68400,19:00:00,68395,18:59:55,27,7175,Crossgates Mall Station (07175),0,2,2,70680.0,19:38:00,70471,19:34:31,70680.0,19:38:00,70471,19:34:31,0,00:00:00,doors opened
07/07/2025,12,4224,Monday,Weekday,West,15651274,68400,19:00:00,68395,18:59:55,26,12828,Crossgates Commons Station (12828),0,1,4,70260.0,19:31:00,70206,19:30:06,70260.0,19:31:00,70229,19:30:29,23,00:00:23,doors opened
07/07/2025,12,4224,Monday,Weekday,West,15651274,68400,19:00:00,68395,18:59:55,25,12891,1475 Washington Ave (12891),0,0,5,,,69985,19:26:25,,,69985,19:26:25,0,00:00:00,door not opened
07/07/2025,12,4224,Monday,Weekday,West,15651274,68400,19:00:00,68395,18:59:55,24,7216,SUNY Collins Circle (07216),0,0,5,69900.0,19:25:00,69840,19:24:00,69900.0,19:25:00,69840,19:24:00,0,00:00:00,door not opened
07/07/2025,12,4224,Monday,Weekday,West,15651274,68400,19:00:00,68395,18:59:55,23,3262,1383 Washington Ave (Fairfield Inn) (03262),0,0,5,,,69712,19:21:52,,,69712,19:21:52,0,00:00:00,door not opened
07/07/2025,12,4224,Monday,Weekday,West,15651274,68400,19:00:00,68395,18:59:55,22,976,Washington Ave & Brevator St (00976),0,0,5,,,69533,19:18:53,,,69533,19:18:53,0,00:00:00,door not opened
07/07/2025,12,4224,Monday,Weekday,West,15651274,68400,19:00:00,68395,18:59:55,21,1959,Washington Ave & Colvin Ave (01959),0,0,5,,,69508,19:18:28,,,69508,19:18:28,0,00:00:00,door not opened
07/07/2025,12,4224,Monday,Weekday,West,15651274,68400,19:00:00,68395,18:59:55,20,3399,Washington Ave & Danker Ave (03399),0,0,5,,,69431,19:17:11,,,69444,19:17:24,13,00:00:13,doors opened
07/07/2025,12,4224,Monday,Weekday,West,15651274,68400,19:00:00,68395,18:59:55,19,1849,Washington Ave & Homestead Ave (01849),0,1,5,,,69381,19:16:21,,,69397,19:16:37,16,00:00:16,doors opened
07/07/2025,12,4224,Monday,Weekday,West,15651274,68400,19:00:00,68395,18:59:55,18,1846,Washington Ave & Manning Blvd (01846),0,0,6,,,69361,19:16:01,,,69361,19:16:01,0,00:00:00,door not opened
07/07/2025,12,4224,Monday,Weekday,West,15651274,68400,19:00:00,68395,18:59:55,17,3287,Washington Ave & N. Allen St (03287),0,0,6,69480.0,19:18:00,69295,19:14:55,69480.0,19:18:00,69295,19:14:55,0,00:00:00,door not opened
07/07/2025,12,4224,Monday,Weekday,West,15651274,68400,19:00:00,68395,18:59:55,16,3264,Washington Ave & N. Main Ave (03264),0,0,6,,,69241,19:14:01,,,69241,19:14:01,0,00:00:00,door not opened
07/07/2025,12,4224,Monday,Weekday,West,15651274,68400,19:00:00,68395,18:59:55,15,1839,Washington Ave & Partridge St (01839),0,0,6,,,69127,19:12:07,,,69127,19:12:07,0,00:00:00,door not opened
07/07/2025,12,4224,Monday,Weekday,West,15651274,68400,19:00:00,68395,18:59:55,14,1841,Washington Ave & Ontario St (01841),0,0,6,69300.0,19:15:00,69104,19:11:44,69300.0,19:15:00,69104,19:11:44,0,00:00:00,door not opened
07/07/2025,12,4224,Monday,Weekday,West,15651274,68400,19:00:00,68395,18:59:55,13,1842,Washington Ave & Quail St (01842),0,0,6,,,69080,19:11:20,,,69080,19:11:20,0,00:00:00,door not opened
07/07/2025,12,4224,Monday,Weekday,West,15651274,68400,19:00:00,68395,18:59:55,12,1837,Washington Ave & N. Lake Ave (01837),0,1,6,,,68966,19:09:26,,,69010,19:10:10,44,00:00:44,doors opened
07/07/2025,12,4224,Monday,Weekday,West,15651274,68400,19:00:00,68395,18:59:55,11,1843,Washington Ave & Robin St (01843),0,0,7,,,68942,19:09:02,,,68942,19:09:02,0,00:00:00,door not opened
07/07/2025,12,4224,Monday,Weekday,West,15651274,68400,19:00:00,68395,18:59:55,10,12943,Washington Ave & Lexington Ave (12943),0,0,7,,,68896,19:08:16,,,68896,19:08:16,0,00:00:00,door not opened
07/07/2025,12,4224,Monday,Weekday,West,15651274,68400,19:00:00,68395,18:59:55,9,12942,Washington Ave & Henry Johnson Blvd (12942),0,0,7,,,68871,19:07:51,,,68871,19:07:51,0,00:00:00,door not opened
07/07/2025,12,4224,Monday,Weekday,West,15651274,68400,19:00:00,68395,18:59:55,8,3239,Lark/Library Station - Washington Ave & Lark St (03239),1,0,7,68880.0,19:08:00,68700,19:05:00,68880.0,19:08:00,68741,19:05:41,41,00:00:41,doors opened
07/07/2025,12,4224,Monday,Weekday,West,15651274,68400,19:00:00,68395,18:59:55,7,3301,Washington Ave & S. Swan St (03301),0,0,6,,,68658,19:04:18,,,68658,19:04:18,0,00:00:00,door not opened
07/07/2025,12,4224,Monday,Weekday,West,15651274,68400,19:00:00,68395,18:59:55,6,3250,Hawk/Capitol Station - Washington Ave & Hawk St (03250),0,0,6,,,68622,19:03:42,,,68622,19:03:42,0,00:00:00,door not opened
07/07/2025,12,4224,Monday,Weekday,West,15651274,68400,19:00:00,68395,18:59:55,5,10087,State St & Eagle St (10087),0,0,6,,,68590,19:03:10,,,68590,19:03:10,0,00:00:00,door not opened
07/07/2025,12,4224,Monday,Weekday,West,15651274,68400,19:00:00,68395,18:59:55,4,2665,State/Downtown Station - State St & Lodge St (02665),3,0,6,68640.0,19:04:00,68486,19:01:26,68640.0,19:04:00,68506,19:01:46,20,00:00:20,doors opened
07/07/2025,12,4224,Monday,Weekday,West,15651274,68400,19:00:00,68395,18:59:55,3,3221,State Station - N. Pearl St & Ten Eyck Plaza (03221),1,0,3,,,68430,19:00:30,,,68457,19:00:57,27,00:00:27,doors opened
07/07/2025,12,4224,Monday,Weekday,West,15651274,68400,19:00:00,68395,18:59:55,0,9018,Broadway & Orange St (09018),1,0,2,68400.0,19:00:00,68395,18:59:55,68400.0,19:00:00,68395,18:59:55,0,00:00:00,doors opened
07/07/2025,12,4224,Monday,Weekday,West,15651278,74400,20:40:00,74401,20:40:01,0,9018,Broadway & Orange St (09018),2,0,4,74400.0,20:40:00,74401,20:40:01,74400.0,20:40:00,74401,20:40:01,0,00:00:00,doors opened
07/07/2025,12,4224,Monday,Weekday,West,15651278,74400,20:40:00,74401,20:40:01,21,1959,Washington Ave & Colvin Ave (01959),1,0,4,,,75451,20:57:31,,,75511,20:58:31,60,00:01:00,doors opened
07/07/2025,12,4224,Monday,Weekday,West,15651278,74400,20:40:00,74401,20:40:01,20,3399,Washington Ave & Danker Ave (03399),0,0,3,,,75427,20:57:07,,,75427,20:57:07,0,00:00:00,door not opened
07/07/2025,12,4224,Monday,Weekday,West,15651278,74400,20:40:00,74401,20:40:01,19,1849,Washington Ave & Homestead Ave (01849),0,1,3,,,75382,20:56:22,,,75399,20:56:39,17,00:00:17,doors opened
07/07/2025,12,4224,Monday,Weekday,West,15651278,74400,20:40:00,74401,20:40:01,18,1846,Washington Ave & Manning Blvd (01846),0,0,4,,,75362,20:56:02,,,75362,20:56:02,0,00:00:00,door not opened
07/07/2025,12,4224,Monday,Weekday,West,15651278,74400,20:40:00,74401,20:40:01,17,3287,Washington Ave & N. Allen St (03287),0,1,4,75420.0,20:57:00,75286,20:54:46,75420.0,20:57:00,75301,20:55:01,15,00:00:15,doors opened
07/07/2025,12,4224,Monday,Weekday,West,15651278,74400,20:40:00,74401,20:40:01,16,3264,Washington Ave & N. Main Ave (03264),0,0,5,,,75249,20:54:09,,,75249,20:54:09,0,00:00:00,door not opened
07/07/2025,12,4224,Monday,Weekday,West,15651278,74400,20:40:00,74401,20:40:01,15,1839,Washington Ave & Partridge St (01839),0,0,5,,,75169,20:52:49,,,75169,20:52:49,0,00:00:00,door not opened
07/07/2025,12,4224,Monday,Weekday,West,15651278,74400,20:40:00,74401,20:40:01,14,1841,Washington Ave & Ontario St (01841),0,5,5,75240.0,20:54:00,75114,20:51:54,75240.0,20:54:00,75136,20:52:16,22,00:00:22,doors opened
07/07/2025,12,4224,Monday,Weekday,West,15651278,74400,20:40:00,74401,20:40:01,27,7175,Crossgates Mall Station (07175),0,1,0,76500.0,21:15:00,76425,21:13:45,76500.0,21:15:00,76425,21:13:45,0,00:00:00,doors opened
07/07/2025,12,4224,Monday,Weekday,West,15651278,74400,20:40:00,74401,20:40:01,26,12828,Crossgates Commons Station (12828),0,2,1,76080.0,21:08:00,76154,21:09:14,76080.0,21:08:00,76171,21:09:31,17,00:00:17,doors opened
07/07/2025,12,4224,Monday,Weekday,West,15651278,74400,20:40:00,74401,20:40:01,25,12891,1475 Washington Ave (12891),0,0,3,,,75948,21:05:48,,,75948,21:05:48,0,00:00:00,door not opened
07/07/2025,12,4224,Monday,Weekday,West,15651278,74400,20:40:00,74401,20:40:01,24,7216,SUNY Collins Circle (07216),0,0,3,75780.0,21:03:00,75790,21:03:10,75780.0,21:03:00,75790,21:03:10,0,00:00:00,door not opened
07/07/2025,12,4224,Monday,Weekday,West,15651278,74400,20:40:00,74401,20:40:01,23,3262,1383 Washington Ave (Fairfield Inn) (03262),1,2,3,,,75650,21:00:50,,,75674,21:01:14,24,00:00:24,doors opened
07/07/2025,12,4224,Monday,Weekday,West,15651278,74400,20:40:00,74401,20:40:01,22,976,Washington Ave & Brevator St (00976),0,0,4,,,75534,20:58:54,,,75534,20:58:54,0,00:00:00,door not opened
07/07/2025,12,4224,Monday,Weekday,West,15651278,74400,20:40:00,74401,20:40:01,13,1842,Washington Ave & Quail St (01842),1,3,10,,,75054,20:50:54,,,75089,20:51:29,35,00:00:35,doors opened
07/07/2025,12,4224,Monday,Weekday,West,15651278,74400,20:40:00,74401,20:40:01,12,1837,Washington Ave & N. Lake Ave (01837),0,1,12,,,75012,20:50:12,,,75025,20:50:25,13,00:00:13,doors opened
07/07/2025,12,4224,Monday,Weekday,West,15651278,74400,20:40:00,74401,20:40:01,11,1843,Washington Ave & Robin St (01843),0,0,13,,,74991,20:49:51,,,74991,20:49:51,0,00:00:00,door not opened
07/07/2025,12,4224,Monday,Weekday,West,15651278,74400,20:40:00,74401,20:40:01,10,12943,Washington Ave & Lexington Ave (12943),1,0,13,,,74949,20:49:09,,,74966,20:49:26,17,00:00:17,doors opened
07/07/2025,12,4224,Monday,Weekday,West,15651278,74400,20:40:00,74401,20:40:01,9,12942,Washington Ave & Henry Johnson Blvd (12942),5,0,12,,,74889,20:48:09,,,74911,20:48:31,22,00:00:22,doors opened
07/07/2025,12,4224,Monday,Weekday,West,15651278,74400,20:40:00,74401,20:40:01,8,3239,Lark/Library Station - Washington Ave & Lark St (03239),1,1,7,74880.0,20:48:00,74822,20:47:02,74880.0,20:48:00,74844,20:47:24,22,00:00:22,doors opened
07/07/2025,12,4224,Monday,Weekday,West,15651278,74400,20:40:00,74401,20:40:01,7,3301,Washington Ave & S. Swan St (03301),0,0,7,,,74770,20:46:10,,,74770,20:46:10,0,00:00:00,door not opened
07/07/2025,12,4224,Monday,Weekday,West,15651278,74400,20:40:00,74401,20:40:01,6,3250,Hawk/Capitol Station - Washington Ave & Hawk St (03250),0,0,7,,,74746,20:45:46,,,74746,20:45:46,0,00:00:00,door not opened
07/07/2025,12,4224,Monday,Weekday,West,15651278,74400,20:40:00,74401,20:40:01,5,10087,State St & Eagle St (10087),0,0,7,,,74723,20:45:23,,,74723,20:45:23,0,00:00:00,door not opened
07/07/2025,12,4224,Monday,Weekday,West,15651278,74400,20:40:00,74401,20:40:01,4,2665,State/Downtown Station - State St & Lodge St (02665),3,0,7,74640.0,20:44:00,74569,20:42:49,74640.0,20:44:00,74615,20:43:35,46,00:00:46,doors opened
07/07/2025,12,4224,Monday,Weekday,West,15651278,74400,20:40:00,74401,20:40:01,3,3221,State Station - N. Pearl St & Ten Eyck Plaza (03221),0,0,4,,,74478,20:41:18,,,74478,20:41:18,0,00:00:00,door not opened
07/07/2025,12,4224,Monday,Weekday,West,15651278,74400,20:40:00,74401,20:40:01,2,3233,N. Pearl St & Sheridan Ave (03233),0,0,4,,,74445,20:40:45,,,74445,20:40:45,0,00:00:00,door not opened
07/07/2025,12,4224,Monday,Weekday,West,15651278,74400,20:40:00,74401,20:40:01,1,2168,Clinton Square Station - N. Pearl St & Clinton Ave (02168),0,0,4,,,74401,20:40:01,,,74429,20:40:29,28,00:00:28,door not opened
07/07/2025,12,4224,Monday,Weekday,West,15651386,79500,22:05:00,79491,22:04:51,27,7175,Crossgates Mall Station (07175),0,0,0,81540.0,22:39:00,81741,22:42:21,81540.0,22:39:00,81741,22:42:21,0,00:00:00,door not opened
07/07/2025,12,4224,Monday,Weekday,West,15651386,79500,22:05:00,79491,22:04:51,26,12828,Crossgates Commons Station (12828),0,3,0,81180.0,22:33:00,81466,22:37:46,81180.0,22:33:00,81512,22:38:32,46,00:00:46,doors opened
07/07/2025,12,4224,Monday,Weekday,West,15651386,79500,22:05:00,79491,22:04:51,25,12891,1475 Washington Ave (12891),0,0,3,,,81283,22:34:43,,,81283,22:34:43,0,00:00:00,door not opened
07/07/2025,12,4224,Monday,Weekday,West,15651386,79500,22:05:00,79491,22:04:51,24,7216,SUNY Collins Circle (07216),0,0,3,80880.0,22:28:00,80977,22:29:37,80880.0,22:28:00,80977,22:29:37,0,00:00:00,door not opened
07/07/2025,12,4224,Monday,Weekday,West,15651386,79500,22:05:00,79491,22:04:51,23,3262,1383 Washington Ave (Fairfield Inn) (03262),0,2,3,,,80849,22:27:29,,,80872,22:27:52,23,00:00:23,doors opened
07/07/2025,12,4224,Monday,Weekday,West,15651386,79500,22:05:00,79491,22:04:51,22,976,Washington Ave & Brevator St (00976),0,0,5,,,80711,22:25:11,,,80711,22:25:11,0,00:00:00,door not opened
07/07/2025,12,4224,Monday,Weekday,West,15651386,79500,22:05:00,79491,22:04:51,21,1959,Washington Ave & Colvin Ave (01959),0,0,5,,,80689,22:24:49,,,80689,22:24:49,0,00:00:00,door not opened
07/07/2025,12,4224,Monday,Weekday,West,15651386,79500,22:05:00,79491,22:04:51,20,3399,Washington Ave & Danker Ave (03399),0,0,5,,,80625,22:23:45,,,80625,22:23:45,0,00:00:00,door not opened
07/07/2025,12,4224,Monday,Weekday,West,15651386,79500,22:05:00,79491,22:04:51,19,1849,Washington Ave & Homestead Ave (01849),0,0,5,,,80603,22:23:23,,,80603,22:23:23,0,00:00:00,door not opened
07/07/2025,12,4224,Monday,Weekday,West,15651386,79500,22:05:00,79491,22:04:51,18,1846,Washington Ave & Manning Blvd (01846),0,0,5,,,80579,22:22:59,,,80579,22:22:59,0,00:00:00,door not opened
07/07/2025,12,4224,Monday,Weekday,West,15651386,79500,22:05:00,79491,22:04:51,17,3287,Washington Ave & N. Allen St (03287),1,0,5,80520.0,22:22:00,80493,22:21:33,80520.0,22:22:00,80514,22:21:54,21,00:00:21,doors opened
07/07/2025,12,4224,Monday,Weekday,West,15651386,79500,22:05:00,79491,22:04:51,16,3264,Washington Ave & N. Main Ave (03264),0,1,4,,,80426,22:20:26,,,80461,22:21:01,35,00:00:35,doors opened
07/07/2025,12,4224,Monday,Weekday,West,15651386,79500,22:05:00,79491,22:04:51,2,3233,N. Pearl St & Sheridan Ave (03233),0,0,4,,,79525,22:05:25,,,79525,22:05:25,0,00:00:00,door not opened
07/07/2025,12,4224,Monday,Weekday,West,15651386,79500,22:05:00,79491,22:04:51,1,2168,Clinton Square Station - N. Pearl St & Clinton Ave (02168),0,0,4,,,79491,22:04:51,,,79509,22:05:09,18,00:00:18,door not opened
07/07/2025,12,4224,Monday,Weekday,West,15651386,79500,22:05:00,79491,22:04:51,0,9018,Broadway & Orange St (09018),4,0,4,79500.0,22:05:00,79491,22:04:51,79500.0,22:05:00,79491,22:04:51,0,00:00:00,doors opened
07/07/2025,12,4224,Monday,Weekday,West,15651386,79500,22:05:00,79491,22:04:51,15,1839,Washington Ave & Partridge St (01839),1,0,5,,,80291,22:18:11,,,80333,22:18:53,42,00:00:42,doors opened
07/07/2025,12,4224,Monday,Weekday,West,15651386,79500,22:05:00,79491,22:04:51,14,1841,Washington Ave & Ontario St (01841),0,0,4,80340.0,22:19:00,80271,22:17:51,80340.0,22:19:00,80271,22:17:51,0,00:00:00,door not opened
07/07/2025,12,4224,Monday,Weekday,West,15651386,79500,22:05:00,79491,22:04:51,13,1842,Washington Ave & Quail St (01842),0,0,4,,,80246,22:17:26,,,80246,22:17:26,0,00:00:00,door not opened
07/07/2025,12,4224,Monday,Weekday,West,15651386,79500,22:05:00,79491,22:04:51,12,1837,Washington Ave & N. Lake Ave (01837),0,2,4,,,80148,22:15:48,,,80173,22:16:13,25,00:00:25,doors opened
07/07/2025,12,4224,Monday,Weekday,West,15651386,79500,22:05:00,79491,22:04:51,11,1843,Washington Ave & Robin St (01843),0,0,6,,,80127,22:15:27,,,80127,22:15:27,0,00:00:00,door not opened
07/07/2025,12,4224,Monday,Weekday,West,15651386,79500,22:05:00,79491,22:04:51,10,12943,Washington Ave & Lexington Ave (12943),0,0,6,,,80106,22:15:06,,,80106,22:15:06,0,00:00:00,door not opened
07/07/2025,12,4224,Monday,Weekday,West,15651386,79500,22:05:00,79491,22:04:51,9,12942,Washington Ave & Henry Johnson Blvd (12942),0,0,6,,,80073,22:14:33,,,80073,22:14:33,0,00:00:00,door not opened
07/07/2025,12,4224,Monday,Weekday,West,15651386,79500,22:05:00,79491,22:04:51,8,3239,Lark/Library Station - Washington Ave & Lark St (03239),2,0,6,79980.0,22:13:00,79936,22:12:16,79980.0,22:13:00,79977,22:12:57,41,00:00:41,doors opened
07/07/2025,12,4224,Monday,Weekday,West,15651386,79500,22:05:00,79491,22:04:51,7,3301,Washington Ave & S. Swan St (03301),0,0,4,,,79890,22:11:30,,,79890,22:11:30,0,00:00:00,door not opened
07/07/2025,12,4224,Monday,Weekday,West,15651386,79500,22:05:00,79491,22:04:51,6,3250,Hawk/Capitol Station - Washington Ave & Hawk St (03250),0,0,4,,,79862,22:11:02,,,79862,22:11:02,0,00:00:00,door not opened
07/07/2025,12,4224,Monday,Weekday,West,15651386,79500,22:05:00,79491,22:04:51,5,10087,State St & Eagle St (10087),0,0,4,,,79799,22:09:59,,,79799,22:09:59,0,00:00:00,door not opened
07/07/2025,12,4224,Monday,Weekday,West,15651386,79500,22:05:00,79491,22:04:51,4,2665,State/Downtown Station - State St & Lodge St (02665),0,0,4,79740.0,22:09:00,79696,22:08:16,79740.0,22:09:00,79696,22:08:16,0,00:00:00,door not opened
07/07/2025,12,4224,Monday,Weekday,West,15651386,79500,22:05:00,79491,22:04:51,3,3221,State Station - N. Pearl St & Ten Eyck Plaza (03221),0,0,4,,,79562,22:06:02,,,79562,22:06:02,0,00:00:00,door not opened
07/07/2025,12,4224,Monday,Weekday,East,15651389,82500,22:55:00,82525,22:55:25,7,2180,Washington Ave & Homestead Ave (02180),0,0,4,,,83541,23:12:21,,,83541,23:12:21,0,00:00:00,door not opened
07/07/2025,12,4224,Monday,Weekday,East,15651389,82500,22:55:00,82525,22:55:25,6,2182,Washington Ave & Hawthorne St (02182),0,0,4,,,83498,23:11:38,,,83498,23:11:38,0,00:00:00,door not opened
07/07/2025,12,4224,Monday,Weekday,East,15651389,82500,22:55:00,82525,22:55:25,5,3304,Washington Ave & Clermont St (03304),0,1,4,,,83462,23:11:02,,,83475,23:11:15,13,00:00:13,doors opened
07/07/2025,12,4224,Monday,Weekday,East,15651389,82500,22:55:00,82525,22:55:25,4,3348,Washington Ave & Brevator St (03348),1,0,5,,,83398,23:09:58,,,83438,23:10:38,40,00:00:40,doors opened
07/07/2025,12,4224,Monday,Weekday,East,15651389,82500,22:55:00,82525,22:55:25,3,10134,Washington Ave & SUNY Exit Rd (10134),1,0,4,,,83265,23:07:45,,,83283,23:08:03,18,00:00:18,doors opened
07/07/2025,12,4224,Monday,Weekday,East,15651389,82500,22:55:00,82525,22:55:25,2,7216,SUNY Collins Circle (07216),0,1,3,83040.0,23:04:00,83123,23:05:23,83040.0,23:04:00,83123,23:05:23,0,00:00:00,door not opened
07/07/2025,12,4224,Monday,Weekday,East,15651389,82500,22:55:00,82525,22:55:25,1,12827,Crossgates Commons Station (12827),1,0,4,82740.0,22:59:00,82813,23:00:13,82740.0,22:59:00,82859,23:00:59,46,00:00:46,doors opened
07/07/2025,12,4224,Monday,Weekday,East,15651389,82500,22:55:00,82525,22:55:25,0,7175,Crossgates Mall Station (07175),3,0,3,82500.0,22:55:00,82525,22:55:25,82500.0,22:55:00,82525,22:55:25,0,00:00:00,doors opened
07/07/2025,12,4224,Monday,Weekday,East,15651389,82500,22:55:00,82525,22:55:25,24,3940,Broadway & Steuben St (03940),0,1,0,84300.0,23:25:00,84327,23:25:27,84300.0,23:25:00,84327,23:25:27,0,00:00:00,doors opened
07/07/2025,12,4224,Monday,Weekday,East,15651389,82500,22:55:00,82525,22:55:25,23,2509,State/Downtown Station - State St & S. Pearl St (02509),0,1,1,84180.0,23:23:00,84255,23:24:15,84180.0,23:23:00,84273,23:24:33,18,00:00:18,doors opened
07/07/2025,12,4224,Monday,Weekday,East,15651389,82500,22:55:00,82525,22:55:25,22,1787,State St & Eagle St (01787),0,0,2,,,84236,23:23:56,,,84236,23:23:56,0,00:00:00,door not opened
07/07/2025,12,4224,Monday,Weekday,East,15651389,82500,22:55:00,82525,22:55:25,21,2706,Hawk/Capitol Station - Washington Ave & Hawk St (02706),0,0,2,,,84151,23:22:31,,,84151,23:22:31,0,00:00:00,door not opened
07/07/2025,12,4224,Monday,Weekday,East,15651389,82500,22:55:00,82525,22:55:25,20,1789,Washington Ave & S. Swan St (01789),0,0,2,,,84133,23:22:13,,,84133,23:22:13,0,00:00:00,door not opened
07/07/2025,12,4224,Monday,Weekday,East,15651389,82500,22:55:00,82525,22:55:25,19,1788,Washington Ave & Dove St (01788),0,0,2,,,84102,23:21:42,,,84102,23:21:42,0,00:00:00,door not opened
07/07/2025,12,4224,Monday,Weekday,East,15651389,82500,22:55:00,82525,22:55:25,18,2663,Lark/Library Station - Washington Ave & Lark St (02663),0,0,2,83940.0,23:19:00,84068,23:21:08,83940.0,23:19:00,84068,23:21:08,0,00:00:00,door not opened
07/07/2025,12,4224,Monday,Weekday,East,15651389,82500,22:55:00,82525,22:55:25,17,263,Washington Ave & Henry Johnson Blvd (00263),0,0,2,,,84028,23:20:28,,,84028,23:20:28,0,00:00:00,door not opened
07/07/2025,12,4224,Monday,Weekday,East,15651389,82500,22:55:00,82525,22:55:25,16,2096,Washington Ave & Lexington Ave (02096),0,0,2,,,83957,23:19:17,,,83957,23:19:17,0,00:00:00,door not opened
07/07/2025,12,4224,Monday,Weekday,East,15651389,82500,22:55:00,82525,22:55:25,15,3253,Washington Ave & Robin St (Draper Hall) (03253),0,0,2,,,83917,23:18:37,,,83939,23:18:59,22,00:00:22,doors opened
07/07/2025,12,4224,Monday,Weekday,East,15651389,82500,22:55:00,82525,22:55:25,14,2109,Washington Ave & N. Lake Ave (02109),0,0,2,,,83899,23:18:19,,,83899,23:18:19,0,00:00:00,door not opened
07/07/2025,12,4224,Monday,Weekday,East,15651389,82500,22:55:00,82525,22:55:25,13,3255,Washington Ave & Quail St (03255),0,0,2,,,83847,23:17:27,,,83847,23:17:27,0,00:00:00,door not opened
07/07/2025,12,4224,Monday,Weekday,East,15651389,82500,22:55:00,82525,22:55:25,12,3256,Washington Ave & Ontario St (03256),0,0,2,83640.0,23:14:00,83802,23:16:42,83640.0,23:14:00,83802,23:16:42,0,00:00:00,door not opened
07/07/2025,12,4224,Monday,Weekday,East,15651389,82500,22:55:00,82525,22:55:25,11,2107,Washington Ave & Partridge St (02107),0,0,2,,,83783,23:16:23,,,83783,23:16:23,0,00:00:00,door not opened
07/07/2025,12,4224,Monday,Weekday,East,15651389,82500,22:55:00,82525,22:55:25,10,3257,Washington Ave & N. Main Ave (03257),0,0,2,,,83697,23:14:57,,,83697,23:14:57,0,00:00:00,door not opened
07/07/2025,12,4224,Monday,Weekday,East,15651389,82500,22:55:00,82525,22:55:25,9,1796,Washington Ave & N. Allen St (01796),0,4,2,83460.0,23:11:00,83613,23:13:33,83460.0,23:11:00,83634,23:13:54,21,00:00:21,doors opened
07/07/2025,12,4224,Monday,Weekday,East,15651389,82500,22:55:00,82525,22:55:25,8,11581,Washington Ave & Manning Blvd (11581),2,0,6,,,83563,23:12:43,,,83581,23:13:01,18,00:00:18,doors opened
07/07/2025,12,4224,Monday,Weekday,West,15651392,84900,23:35:00,84887,23:34:47,17,3287,Washington Ave & N. Allen St (03287),0,0,2,85740.0,23:49:00,85529,23:45:29,85740.0,23:49:00,85529,23:45:29,0,00:00:00,door not opened
07/07/2025,12,4224,Monday,Weekday,West,15651392,84900,23:35:00,84887,23:34:47,16,3264,Washington Ave & N. Main Ave (03264),0,0,2,,,85496,23:44:56,,,85496,23:44:56,0,00:00:00,door not opened
07/07/2025,12,4224,Monday,Weekday,West,15651392,84900,23:35:00,84887,23:34:47,15,1839,Washington Ave & Partridge St (01839),0,0,2,,,85443,23:44:03,,,85443,23:44:03,0,00:00:00,door not opened
07/07/2025,12,4224,Monday,Weekday,West,15651392,84900,23:35:00,84887,23:34:47,14,1841,Washington Ave & Ontario St (01841),0,0,2,85560.0,23:46:00,85421,23:43:41,85560.0,23:46:00,85421,23:43:41,0,00:00:00,door not opened
07/07/2025,12,4224,Monday,Weekday,West,15651392,84900,23:35:00,84887,23:34:47,13,1842,Washington Ave & Quail St (01842),0,1,2,,,85358,23:42:38,,,85402,23:43:22,44,00:00:44,doors opened
07/07/2025,12,4224,Monday,Weekday,West,15651392,84900,23:35:00,84887,23:34:47,12,1837,Washington Ave & N. Lake Ave (01837),0,0,3,,,85336,23:42:16,,,85336,23:42:16,0,00:00:00,door not opened
07/07/2025,12,4224,Monday,Weekday,West,15651392,84900,23:35:00,84887,23:34:47,11,1843,Washington Ave & Robin St (01843),0,0,3,,,85308,23:41:48,,,85308,23:41:48,0,00:00:00,door not opened
07/07/2025,12,4224,Monday,Weekday,West,15651392,84900,23:35:00,84887,23:34:47,10,12943,Washington Ave & Lexington Ave (12943),0,0,3,,,85284,23:41:24,,,85284,23:41:24,0,00:00:00,door not opened
07/07/2025,12,4224,Monday,Weekday,West,15651392,84900,23:35:00,84887,23:34:47,9,12942,Washington Ave & Henry Johnson Blvd (12942),0,0,3,,,85243,23:40:43,,,85243,23:40:43,0,00:00:00,door not opened
07/07/2025,12,4224,Monday,Weekday,West,15651392,84900,23:35:00,84887,23:34:47,8,3239,Lark/Library Station - Washington Ave & Lark St (03239),0,0,3,85260.0,23:41:00,85149,23:39:09,85260.0,23:41:00,85149,23:39:09,0,00:00:00,door not opened
07/07/2025,12,4224,Monday,Weekday,West,15651392,84900,23:35:00,84887,23:34:47,7,3301,Washington Ave & S. Swan St (03301),0,0,3,,,85082,23:38:02,,,85082,23:38:02,0,00:00:00,door not opened
07/07/2025,12,4224,Monday,Weekday,West,15651392,84900,23:35:00,84887,23:34:47,6,3250,Hawk/Capitol Station - Washington Ave & Hawk St (03250),0,0,3,,,85038,23:37:18,,,85038,23:37:18,0,00:00:00,door not opened
07/07/2025,12,4224,Monday,Weekday,West,15651392,84900,23:35:00,84887,23:34:47,5,10087,State St & Eagle St (10087),0,0,3,,,85011,23:36:51,,,85011,23:36:51,0,00:00:00,door not opened
07/07/2025,12,4224,Monday,Weekday,West,15651392,84900,23:35:00,84887,23:34:47,27,7175,Crossgates Mall Station (07175),0,0,0,86700.0,24:05:00,85942,23:52:22,86700.0,24:05:00,85942,23:52:22,0,00:00:00,door not opened
07/07/2025,12,4224,Monday,Weekday,West,15651392,84900,23:35:00,84887,23:34:47,23,3262,1383 Washington Ave (Fairfield Inn) (03262),0,1,0,,,85778,23:49:38,,,85807,23:50:07,29,00:00:29,doors opened
07/07/2025,12,4224,Monday,Weekday,West,15651392,84900,23:35:00,84887,23:34:47,22,976,Washington Ave & Brevator St (00976),0,0,1,,,85661,23:47:41,,,85661,23:47:41,0,00:00:00,door not opened
07/07/2025,12,4224,Monday,Weekday,West,15651392,84900,23:35:00,84887,23:34:47,21,1959,Washington Ave & Colvin Ave (01959),0,0,1,,,85642,23:47:22,,,85642,23:47:22,0,00:00:00,door not opened
07/07/2025,12,4224,Monday,Weekday,West,15651392,84900,23:35:00,84887,23:34:47,20,3399,Washington Ave & Danker Ave (03399),0,0,1,,,85618,23:46:58,,,85618,23:46:58,0,00:00:00,door not opened
07/07/2025,12,4224,Monday,Weekday,West,15651392,84900,23:35:00,84887,23:34:47,19,1849,Washington Ave & Homestead Ave (01849),0,1,1,,,85582,23:46:22,,,85595,23:46:35,13,00:00:13,doors opened
07/07/2025,12,4224,Monday,Weekday,West,15651392,84900,23:35:00,84887,23:34:47,18,1846,Washington Ave & Manning Blvd (01846),0,0,2,,,85560,23:46:00,,,85560,23:46:00,0,00:00:00,door not opened
07/07/2025,12,4224,Monday,Weekday,West,15651392,84900,23:35:00,84887,23:34:47,4,2665,State/Downtown Station - State St & Lodge St (02665),3,0,3,85080.0,23:38:00,84934,23:35:34,85080.0,23:38:00,84959,23:35:59,25,00:00:25,doors opened
07/07/2025,12,4224,Monday,Weekday,West,15651392,84900,23:35:00,84887,23:34:47,3,3221,State Station - N. Pearl St & Ten Eyck Plaza (03221),0,0,0,,,84897,23:34:57,,,84897,23:34:57,0,00:00:00,door not opened
07/07/2025,12,4224,Monday,Weekday,West,15651392,84900,23:35:00,84887,23:34:47,2,3233,N. Pearl St & Sheridan Ave (03233),0,0,0,,,84887,23:34:47,,,84887,23:34:47,0,00:00:00,door not opened
07/07/2025,12,4224,Monday,Weekday,West,15651392,84900,23:35:00,84887,23:34:47,1,2168,Clinton Square Station - N. Pearl St & Clinton Ave (02168),0,0,0,,,84887,23:34:47,,,84887,23:34:47,0,00:00:00,door not opened
07/07/2025,12,4224,Monday,Weekday,West,15651392,84900,23:35:00,84887,23:34:47,0,9018,Broadway & Orange St (09018),0,0,0,84900.0,23:35:00,84887,23:34:47,84900.0,23:35:00,84887,23:34:47,0,00:00:00,door not opened
07/07/2025,12,4224,Monday,Weekday,West,15648606,21300,05:55:00,21612,06:00:12,27,7175,Crossgates Mall Station (07175),0,2,0,23400.0,06:30:00,23351,06:29:11,23400.0,06:30:00,23351,06:29:11,0,00:00:00,doors opened
07/07/2025,12,4224,Monday,Weekday,West,15648606,21300,05:55:00,21612,06:00:12,26,12828,Crossgates Commons Station (12828),0,9,2,23040.0,06:24:00,23135,06:25:35,23040.0,06:24:00,23157,06:25:57,22,00:00:22,doors opened
07/07/2025,12,4224,Monday,Weekday,West,15648606,21300,05:55:00,21612,06:00:12,25,12891,1475 Washington Ave (12891),1,0,11,,,22971,06:22:51,,,22981,06:23:01,10,00:00:10,doors opened
07/07/2025,12,4224,Monday,Weekday,West,15648606,21300,05:55:00,21612,06:00:12,24,7216,SUNY Collins Circle (07216),0,2,10,22680.0,06:18:00,22871,06:21:11,22680.0,06:18:00,22884,06:21:24,13,00:00:13,doors opened
07/07/2025,12,4224,Monday,Weekday,West,15648606,21300,05:55:00,21612,06:00:12,23,3262,1383 Washington Ave (Fairfield Inn) (03262),0,0,12,,,22784,06:19:44,,,22794,06:19:54,10,00:00:10,doors opened
07/07/2025,12,4224,Monday,Weekday,West,15648606,21300,05:55:00,21612,06:00:12,22,976,Washington Ave & Brevator St (00976),0,0,12,,,22675,06:17:55,,,22675,06:17:55,0,00:00:00,door not opened
07/07/2025,12,4224,Monday,Weekday,West,15648606,21300,05:55:00,21612,06:00:12,21,1959,Washington Ave & Colvin Ave (01959),0,0,12,,,22647,06:17:27,,,22647,06:17:27,0,00:00:00,door not opened
07/07/2025,12,4224,Monday,Weekday,West,15648606,21300,05:55:00,21612,06:00:12,20,3399,Washington Ave & Danker Ave (03399),0,0,12,,,22624,06:17:04,,,22624,06:17:04,0,00:00:00,door not opened
07/07/2025,12,4224,Monday,Weekday,West,15648606,21300,05:55:00,21612,06:00:12,19,1849,Washington Ave & Homestead Ave (01849),2,0,12,,,22582,06:16:22,,,22596,06:16:36,14,00:00:14,doors opened
07/07/2025,12,4224,Monday,Weekday,West,15648606,21300,05:55:00,21612,06:00:12,18,1846,Washington Ave & Manning Blvd (01846),0,0,10,,,22561,06:16:01,,,22561,06:16:01,0,00:00:00,door not opened
07/07/2025,12,4224,Monday,Weekday,West,15648606,21300,05:55:00,21612,06:00:12,17,3287,Washington Ave & N. Allen St (03287),1,1,10,22320.0,06:12:00,22481,06:14:41,22320.0,06:12:00,22498,06:14:58,17,00:00:17,doors opened
07/07/2025,12,4224,Monday,Weekday,West,15648606,21300,05:55:00,21612,06:00:12,16,3264,Washington Ave & N. Main Ave (03264),0,0,10,,,22445,06:14:05,,,22445,06:14:05,0,00:00:00,door not opened
07/07/2025,12,4224,Monday,Weekday,West,15648606,21300,05:55:00,21612,06:00:12,15,1839,Washington Ave & Partridge St (01839),1,0,10,,,22343,06:12:23,,,22365,06:12:45,22,00:00:22,doors opened
07/07/2025,12,4224,Monday,Weekday,West,15648606,21300,05:55:00,21612,06:00:12,14,1841,Washington Ave & Ontario St (01841),1,0,9,22080.0,06:08:00,22303,06:11:43,22080.0,06:08:00,22318,06:11:58,15,00:00:15,doors opened
07/07/2025,12,4224,Monday,Weekday,West,15648606,21300,05:55:00,21612,06:00:12,13,1842,Washington Ave & Quail St (01842),3,0,8,,,22240,06:10:40,,,22283,06:11:23,43,00:00:43,doors opened
07/07/2025,12,4224,Monday,Weekday,West,15648606,21300,05:55:00,21612,06:00:12,12,1837,Washington Ave & N. Lake Ave (01837),0,0,5,,,22217,06:10:17,,,22217,06:10:17,0,00:00:00,door not opened
07/07/2025,12,4224,Monday,Weekday,West,15648606,21300,05:55:00,21612,06:00:12,11,1843,Washington Ave & Robin St (01843),0,0,5,,,22169,06:09:29,,,22169,06:09:29,0,00:00:00,door not opened
07/07/2025,12,4224,Monday,Weekday,West,15648606,21300,05:55:00,21612,06:00:12,10,12943,Washington Ave & Lexington Ave (12943),0,0,5,,,22149,06:09:09,,,22149,06:09:09,0,00:00:00,door not opened
07/07/2025,12,4224,Monday,Weekday,West,15648606,21300,05:55:00,21612,06:00:12,9,12942,Washington Ave & Henry Johnson Blvd (12942),1,0,5,,,22112,06:08:32,,,22121,06:08:41,9,00:00:09,doors opened
07/07/2025,12,4224,Monday,Weekday,West,15648606,21300,05:55:00,21612,06:00:12,8,3239,Lark/Library Station - Washington Ave & Lark St (03239),1,0,4,21720.0,06:02:00,21961,06:06:01,21720.0,06:02:00,22020,06:07:00,59,00:00:59,doors opened
07/07/2025,12,4224,Monday,Weekday,West,15648606,21300,05:55:00,21612,06:00:12,7,3301,Washington Ave & S. Swan St (03301),0,0,3,,,21914,06:05:14,,,21914,06:05:14,0,00:00:00,door not opened
07/07/2025,12,4224,Monday,Weekday,West,15648606,21300,05:55:00,21612,06:00:12,6,3250,Hawk/Capitol Station - Washington Ave & Hawk St (03250),1,0,3,,,21833,06:03:53,,,21850,06:04:10,17,00:00:17,doors opened
07/07/2025,12,4224,Monday,Weekday,West,15648606,21300,05:55:00,21612,06:00:12,5,10087,State St & Eagle St (10087),0,0,2,,,21807,06:03:27,,,21807,06:03:27,0,00:00:00,door not opened
07/07/2025,12,4224,Monday,Weekday,West,15648606,21300,05:55:00,21612,06:00:12,4,2665,State/Downtown Station - State St & Lodge St (02665),0,0,2,21480.0,05:58:00,21728,06:02:08,21480.0,05:58:00,21737,06:02:17,9,00:00:09,doors opened
07/07/2025,12,4224,Monday,Weekday,West,15648606,21300,05:55:00,21612,06:00:12,3,3221,State Station - N. Pearl St & Ten Eyck Plaza (03221),2,0,2,,,21634,06:00:34,,,21701,06:01:41,67,00:01:07,doors opened
07/07/2025,12,4224,Monday,Weekday,West,15648606,21300,05:55:00,21612,06:00:12,1,2168,Clinton Square Station - N. Pearl St & Clinton Ave (02168),0,0,0,,,21630,06:00:30,,,21630,06:00:30,0,00:00:00,door not opened
07/07/2025,12,4224,Monday,Weekday,West,15648606,21300,05:55:00,21612,06:00:12,0,9018,Broadway & Orange St (09018),0,0,0,21300.0,05:55:00,21612,06:00:12,21300.0,05:55:00,21612,06:00:12,0,00:00:00,door not opened
07/07/2025,12,4224,Monday,Weekday,West,15648612,27300,07:35:00,27866,07:44:26,23,3262,1383 Washington Ave (Fairfield Inn) (03262),0,4,17,,,29299,08:08:19,,,29312,08:08:32,13,00:00:13,doors opened
07/07/2025,12,4224,Monday,Weekday,West,15648612,27300,07:35:00,27866,07:44:26,22,976,Washington Ave & Brevator St (00976),0,0,21,,,29188,08:06:28,,,29188,08:06:28,0,00:00:00,door not opened
07/07/2025,12,4224,Monday,Weekday,West,15648612,27300,07:35:00,27866,07:44:26,21,1959,Washington Ave & Colvin Ave (01959),1,0,21,,,29122,08:05:22,,,29158,08:05:58,36,00:00:36,doors opened
07/07/2025,12,4224,Monday,Weekday,West,15648612,27300,07:35:00,27866,07:44:26,20,3399,Washington Ave & Danker Ave (03399),0,0,20,,,29099,08:04:59,,,29099,08:04:59,0,00:00:00,door not opened
07/07/2025,12,4224,Monday,Weekday,West,15648612,27300,07:35:00,27866,07:44:26,19,1849,Washington Ave & Homestead Ave (01849),2,0,20,,,29062,08:04:22,,,29080,08:04:40,18,00:00:18,doors opened
07/07/2025,12,4224,Monday,Weekday,West,15648612,27300,07:35:00,27866,07:44:26,18,1846,Washington Ave & Manning Blvd (01846),0,0,18,,,29040,08:04:00,,,29040,08:04:00,0,00:00:00,door not opened
07/07/2025,12,4224,Monday,Weekday,West,15648612,27300,07:35:00,27866,07:44:26,17,3287,Washington Ave & N. Allen St (03287),3,1,18,28560.0,07:56:00,28948,08:02:28,28560.0,07:56:00,28979,08:02:59,31,00:00:31,doors opened
07/07/2025,12,4224,Monday,Weekday,West,15648612,27300,07:35:00,27866,07:44:26,16,3264,Washington Ave & N. Main Ave (03264),1,1,16,,,28865,08:01:05,,,28913,08:01:53,48,00:00:48,doors opened
07/07/2025,12,4224,Monday,Weekday,West,15648612,27300,07:35:00,27866,07:44:26,15,1839,Washington Ave & Partridge St (01839),0,3,16,,,28751,07:59:11,,,28779,07:59:39,28,00:00:28,doors opened
07/07/2025,12,4224,Monday,Weekday,West,15648612,27300,07:35:00,27866,07:44:26,14,1841,Washington Ave & Ontario St (01841),2,1,19,28320.0,07:52:00,28700,07:58:20,28320.0,07:52:00,28720,07:58:40,20,00:00:20,doors opened
07/07/2025,12,4224,Monday,Weekday,West,15648612,27300,07:35:00,27866,07:44:26,13,1842,Washington Ave & Quail St (01842),6,1,18,,,28614,07:56:54,,,28672,07:57:52,58,00:00:58,doors opened
07/07/2025,12,4224,Monday,Weekday,West,15648612,27300,07:35:00,27866,07:44:26,12,1837,Washington Ave & N. Lake Ave (01837),1,0,13,,,28530,07:55:30,,,28578,07:56:18,48,00:00:48,doors opened
07/07/2025,12,4224,Monday,Weekday,West,15648612,27300,07:35:00,27866,07:44:26,11,1843,Washington Ave & Robin St (01843),2,2,12,,,28479,07:54:39,,,28501,07:55:01,22,00:00:22,doors opened
07/07/2025,12,4224,Monday,Weekday,West,15648612,27300,07:35:00,27866,07:44:26,10,12943,Washington Ave & Lexington Ave (12943),1,0,12,,,28410,07:53:30,,,28440,07:54:00,30,00:00:30,doors opened
07/07/2025,12,4224,Monday,Weekday,West,15648612,27300,07:35:00,27866,07:44:26,9,12942,Washington Ave & Henry Johnson Blvd (12942),4,0,11,,,28328,07:52:08,,,28363,07:52:43,35,00:00:35,doors opened
07/07/2025,12,4224,Monday,Weekday,West,15648612,27300,07:35:00,27866,07:44:26,8,3239,Lark/Library Station - Washington Ave & Lark St (03239),0,0,7,27900.0,07:45:00,28242,07:50:42,27900.0,07:45:00,28285,07:51:25,43,00:00:43,doors opened
07/07/2025,12,4224,Monday,Weekday,West,15648612,27300,07:35:00,27866,07:44:26,7,3301,Washington Ave & S. Swan St (03301),0,1,7,,,28152,07:49:12,,,28197,07:49:57,45,00:00:45,doors opened
07/07/2025,12,4224,Monday,Weekday,West,15648612,27300,07:35:00,27866,07:44:26,6,3250,Hawk/Capitol Station - Washington Ave & Hawk St (03250),1,0,8,,,28100,07:48:20,,,28125,07:48:45,25,00:00:25,doors opened
07/07/2025,12,4224,Monday,Weekday,West,15648612,27300,07:35:00,27866,07:44:26,5,10087,State St & Eagle St (10087),0,0,7,,,28068,07:47:48,,,28068,07:47:48,0,00:00:00,door not opened
07/07/2025,12,4224,Monday,Weekday,West,15648612,27300,07:35:00,27866,07:44:26,4,2665,State/Downtown Station - State St & Lodge St (02665),4,0,7,27600.0,07:40:00,28017,07:46:57,27600.0,07:40:00,28038,07:47:18,21,00:00:21,doors opened
07/07/2025,12,4224,Monday,Weekday,West,15648612,27300,07:35:00,27866,07:44:26,3,3221,State Station - N. Pearl St & Ten Eyck Plaza (03221),1,0,3,,,27975,07:46:15,,,27989,07:46:29,14,00:00:14,doors opened
07/07/2025,12,4224,Monday,Weekday,West,15648612,27300,07:35:00,27866,07:44:26,2,3233,N. Pearl St & Sheridan Ave (03233),0,0,2,,,27918,07:45:18,,,27918,07:45:18,0,00:00:00,door not opened
07/07/2025,12,4224,Monday,Weekday,West,15648612,27300,07:35:00,27866,07:44:26,1,2168,Clinton Square Station - N. Pearl St & Clinton Ave (02168),0,0,2,,,27909,07:45:09,,,27909,07:45:09,0,00:00:00,door not opened
07/07/2025,12,4224,Monday,Weekday,West,15648612,27300,07:35:00,27866,07:44:26,0,9018,Broadway & Orange St (09018),0,0,2,27300.0,07:35:00,27866,07:44:26,27300.0,07:35:00,27866,07:44:26,0,00:00:00,door not opened
07/07/2025,12,4224,Monday,Weekday,West,15648612,27300,07:35:00,27866,07:44:26,27,7175,Crossgates Mall Station (07175),0,5,0,29760.0,08:16:00,30062,08:21:02,29760.0,08:16:00,30062,08:21:02,0,00:00:00,doors opened
07/07/2025,12,4224,Monday,Weekday,West,15648612,27300,07:35:00,27866,07:44:26,26,12828,Crossgates Commons Station (12828),0,10,5,29340.0,08:09:00,29835,08:17:15,29340.0,08:09:00,29858,08:17:38,23,00:00:23,doors opened
07/07/2025,12,4224,Monday,Weekday,West,15648612,27300,07:35:00,27866,07:44:26,25,12891,1475 Washington Ave (12891),0,0,15,,,29633,08:13:53,,,29633,08:13:53,0,00:00:00,door not opened
07/07/2025,12,4224,Monday,Weekday,West,15648612,27300,07:35:00,27866,07:44:26,24,7216,SUNY Collins Circle (07216),0,2,15,28980.0,08:03:00,29418,08:10:18,28980.0,08:03:00,29431,08:10:31,13,00:00:13,doors opened
07/07/2025,12,4224,Monday,Weekday,East,15648616,35700,09:55:00,36206,10:03:26,24,3940,Broadway & Steuben St (03940),0,2,0,37740.0,10:29:00,38497,10:41:37,37740.0,10:29:00,38497,10:41:37,0,00:00:00,doors opened
07/07/2025,12,4224,Monday,Weekday,East,15648616,35700,09:55:00,36206,10:03:26,23,2509,State/Downtown Station - State St & S. Pearl St (02509),0,4,2,37560.0,10:26:00,38381,10:39:41,37560.0,10:26:00,38405,10:40:05,24,00:00:24,doors opened
07/07/2025,12,4224,Monday,Weekday,East,15648616,35700,09:55:00,36206,10:03:26,22,1787,State St & Eagle St (01787),0,0,6,,,38368,10:39:28,,,38368,10:39:28,0,00:00:00,door not opened
07/07/2025,12,4224,Monday,Weekday,East,15648616,35700,09:55:00,36206,10:03:26,21,2706,Hawk/Capitol Station - Washington Ave & Hawk St (02706),0,0,6,,,38279,10:37:59,,,38279,10:37:59,0,00:00:00,door not opened
07/07/2025,12,4224,Monday,Weekday,East,15648616,35700,09:55:00,36206,10:03:26,20,1789,Washington Ave & S. Swan St (01789),0,0,6,,,38233,10:37:13,,,38256,10:37:36,23,00:00:23,doors opened
07/07/2025,12,4224,Monday,Weekday,East,15648616,35700,09:55:00,36206,10:03:26,19,1788,Washington Ave & Dove St (01788),0,1,6,,,38180,10:36:20,,,38200,10:36:40,20,00:00:20,doors opened
07/07/2025,12,4224,Monday,Weekday,East,15648616,35700,09:55:00,36206,10:03:26,18,2663,Lark/Library Station - Washington Ave & Lark St (02663),1,4,7,37260.0,10:21:00,38128,10:35:28,37260.0,10:21:00,38156,10:35:56,28,00:00:28,doors opened
07/07/2025,12,4224,Monday,Weekday,East,15648616,35700,09:55:00,36206,10:03:26,17,263,Washington Ave & Henry Johnson Blvd (00263),0,2,10,,,38061,10:34:21,,,38077,10:34:37,16,00:00:16,doors opened
07/07/2025,12,4224,Monday,Weekday,East,15648616,35700,09:55:00,36206,10:03:26,16,2096,Washington Ave & Lexington Ave (02096),0,0,12,,,37934,10:32:14,,,37934,10:32:14,0,00:00:00,door not opened
07/07/2025,12,4224,Monday,Weekday,East,15648616,35700,09:55:00,36206,10:03:26,15,3253,Washington Ave & Robin St (Draper Hall) (03253),0,3,12,,,37853,10:30:53,,,37874,10:31:14,21,00:00:21,doors opened
07/07/2025,12,4224,Monday,Weekday,East,15648616,35700,09:55:00,36206,10:03:26,14,2109,Washington Ave & N. Lake Ave (02109),1,0,15,,,37794,10:29:54,,,37817,10:30:17,23,00:00:23,doors opened
07/07/2025,12,4224,Monday,Weekday,East,15648616,35700,09:55:00,36206,10:03:26,13,3255,Washington Ave & Quail St (03255),0,5,14,,,37718,10:28:38,,,37761,10:29:21,43,00:00:43,doors opened
07/07/2025,12,4224,Monday,Weekday,East,15648616,35700,09:55:00,36206,10:03:26,12,3256,Washington Ave & Ontario St (03256),0,0,19,36900.0,10:15:00,37700,10:28:20,36900.0,10:15:00,37700,10:28:20,0,00:00:00,door not opened
07/07/2025,12,4224,Monday,Weekday,East,15648616,35700,09:55:00,36206,10:03:26,11,2107,Washington Ave & Partridge St (02107),0,0,19,,,37670,10:27:50,,,37670,10:27:50,0,00:00:00,door not opened
07/07/2025,12,4224,Monday,Weekday,East,15648616,35700,09:55:00,36206,10:03:26,10,3257,Washington Ave & N. Main Ave (03257),1,1,19,,,37518,10:25:18,,,37556,10:25:56,38,00:00:38,doors opened
07/07/2025,12,4224,Monday,Weekday,East,15648616,35700,09:55:00,36206,10:03:26,9,1796,Washington Ave & N. Allen St (01796),4,3,19,36780.0,10:13:00,37410,10:23:30,36780.0,10:13:00,37485,10:24:45,75,00:01:15,doors opened
07/07/2025,12,4224,Monday,Weekday,East,15648616,35700,09:55:00,36206,10:03:26,8,11581,Washington Ave & Manning Blvd (11581),0,0,18,,,37338,10:22:18,,,37377,10:22:57,39,00:00:39,doors opened
07/07/2025,12,4224,Monday,Weekday,East,15648616,35700,09:55:00,36206,10:03:26,7,2180,Washington Ave & Homestead Ave (02180),1,2,18,,,37298,10:21:38,,,37313,10:21:53,15,00:00:15,doors opened
07/07/2025,12,4224,Monday,Weekday,East,15648616,35700,09:55:00,36206,10:03:26,6,2182,Washington Ave & Hawthorne St (02182),0,0,19,,,37270,10:21:10,,,37270,10:21:10,0,00:00:00,door not opened
07/07/2025,12,4224,Monday,Weekday,East,15648616,35700,09:55:00,36206,10:03:26,5,3304,Washington Ave & Clermont St (03304),1,0,19,,,37206,10:20:06,,,37239,10:20:39,33,00:00:33,doors opened
07/07/2025,12,4224,Monday,Weekday,East,15648616,35700,09:55:00,36206,10:03:26,4,3348,Washington Ave & Brevator St (03348),2,0,18,,,37170,10:19:30,,,37183,10:19:43,13,00:00:13,doors opened
07/07/2025,12,4224,Monday,Weekday,East,15648616,35700,09:55:00,36206,10:03:26,3,10134,Washington Ave & SUNY Exit Rd (10134),3,0,16,,,37023,10:17:03,,,37047,10:17:27,24,00:00:24,doors opened
07/07/2025,12,4224,Monday,Weekday,East,15648616,35700,09:55:00,36206,10:03:26,2,7216,SUNY Collins Circle (07216),2,1,13,36300.0,10:05:00,36889,10:14:49,36300.0,10:05:00,36915,10:15:15,26,00:00:26,doors opened
07/07/2025,12,4224,Monday,Weekday,East,15648616,35700,09:55:00,36206,10:03:26,1,12827,Crossgates Commons Station (12827),10,1,12,36000.0,10:00:00,36511,10:08:31,36000.0,10:00:00,36645,10:10:45,134,00:02:14,doors opened
07/07/2025,12,4224,Monday,Weekday,East,15648616,35700,09:55:00,36206,10:03:26,0,7175,Crossgates Mall Station (07175),3,0,3,35700.0,09:55:00,36206,10:03:26,35700.0,09:55:00,36206,10:03:26,0,00:00:00,doors opened
07/07/2025,12,4228,Monday,Weekday,West,15652233,73200,20:20:00,73198,20:19:58,27,7175,Crossgates Mall Station (07175),0,0,0,75300.0,20:55:00,75287,20:54:47,75300.0,20:55:00,75287,20:54:47,0,00:00:00,door not opened
07/07/2025,12,4228,Monday,Weekday,West,15652233,73200,20:20:00,73198,20:19:58,26,12828,Crossgates Commons Station (12828),0,6,0,74880.0,20:48:00,75021,20:50:21,74880.0,20:48:00,75053,20:50:53,32,00:00:32,doors opened
07/07/2025,12,4228,Monday,Weekday,West,15652233,73200,20:20:00,73198,20:19:58,25,12891,1475 Washington Ave (12891),0,0,6,,,74847,20:47:27,,,74847,20:47:27,0,00:00:00,door not opened
07/07/2025,12,4228,Monday,Weekday,West,15652233,73200,20:20:00,73198,20:19:58,24,7216,SUNY Collins Circle (07216),0,0,6,74580.0,20:43:00,74721,20:45:21,74580.0,20:43:00,74721,20:45:21,0,00:00:00,door not opened
07/07/2025,12,4228,Monday,Weekday,West,15652233,73200,20:20:00,73198,20:19:58,23,3262,1383 Washington Ave (Fairfield Inn) (03262),0,0,6,,,74613,20:43:33,,,74626,20:43:46,13,00:00:13,doors opened
07/07/2025,12,4228,Monday,Weekday,West,15652233,73200,20:20:00,73198,20:19:58,22,976,Washington Ave & Brevator St (00976),0,0,6,,,74483,20:41:23,,,74499,20:41:39,16,00:00:16,doors opened
07/07/2025,12,4228,Monday,Weekday,West,15652233,73200,20:20:00,73198,20:19:58,21,1959,Washington Ave & Colvin Ave (01959),2,1,6,,,74402,20:40:02,,,74459,20:40:59,57,00:00:57,doors opened
07/07/2025,12,4228,Monday,Weekday,West,15652233,73200,20:20:00,73198,20:19:58,20,3399,Washington Ave & Danker Ave (03399),0,0,5,,,74381,20:39:41,,,74381,20:39:41,0,00:00:00,door not opened
07/07/2025,12,4228,Monday,Weekday,West,15652233,73200,20:20:00,73198,20:19:58,19,1849,Washington Ave & Homestead Ave (01849),0,0,5,,,74363,20:39:23,,,74363,20:39:23,0,00:00:00,door not opened
07/07/2025,12,4228,Monday,Weekday,West,15652233,73200,20:20:00,73198,20:19:58,18,1846,Washington Ave & Manning Blvd (01846),0,0,5,,,74340,20:39:00,,,74340,20:39:00,0,00:00:00,door not opened
07/07/2025,12,4228,Monday,Weekday,West,15652233,73200,20:20:00,73198,20:19:58,17,3287,Washington Ave & N. Allen St (03287),4,0,5,74220.0,20:37:00,74246,20:37:26,74220.0,20:37:00,74279,20:37:59,33,00:00:33,doors opened
07/07/2025,12,4228,Monday,Weekday,West,15652233,73200,20:20:00,73198,20:19:58,16,3264,Washington Ave & N. Main Ave (03264),1,0,1,,,74164,20:36:04,,,74216,20:36:56,52,00:00:52,doors opened
07/07/2025,12,4228,Monday,Weekday,West,15652233,73200,20:20:00,73198,20:19:58,15,1839,Washington Ave & Partridge St (01839),0,0,0,,,74082,20:34:42,,,74082,20:34:42,0,00:00:00,door not opened
07/07/2025,12,4228,Monday,Weekday,West,15652233,73200,20:20:00,73198,20:19:58,14,1841,Washington Ave & Ontario St (01841),0,3,0,74040.0,20:34:00,74028,20:33:48,74040.0,20:34:00,74058,20:34:18,30,00:00:30,doors opened
07/07/2025,12,4228,Monday,Weekday,West,15652233,73200,20:20:00,73198,20:19:58,13,1842,Washington Ave & Quail St (01842),0,3,3,,,73960,20:32:40,,,74002,20:33:22,42,00:00:42,doors opened
07/07/2025,12,4228,Monday,Weekday,West,15652233,73200,20:20:00,73198,20:19:58,12,1837,Washington Ave & N. Lake Ave (01837),0,0,6,,,73937,20:32:17,,,73937,20:32:17,0,00:00:00,door not opened
07/07/2025,12,4228,Monday,Weekday,West,15652233,73200,20:20:00,73198,20:19:58,11,1843,Washington Ave & Robin St (01843),0,0,6,,,73887,20:31:27,,,73887,20:31:27,0,00:00:00,door not opened
07/07/2025,12,4228,Monday,Weekday,West,15652233,73200,20:20:00,73198,20:19:58,10,12943,Washington Ave & Lexington Ave (12943),0,0,6,,,73864,20:31:04,,,73864,20:31:04,0,00:00:00,door not opened
07/07/2025,12,4228,Monday,Weekday,West,15652233,73200,20:20:00,73198,20:19:58,9,12942,Washington Ave & Henry Johnson Blvd (12942),0,0,6,,,73791,20:29:51,,,73805,20:30:05,14,00:00:14,doors opened
07/07/2025,12,4228,Monday,Weekday,West,15652233,73200,20:20:00,73198,20:19:58,8,3239,Lark/Library Station - Washington Ave & Lark St (03239),3,0,6,73680.0,20:28:00,73640,20:27:20,73680.0,20:28:00,73661,20:27:41,21,00:00:21,doors opened
07/07/2025,12,4228,Monday,Weekday,West,15652233,73200,20:20:00,73198,20:19:58,7,3301,Washington Ave & S. Swan St (03301),1,0,3,,,73584,20:26:24,,,73601,20:26:41,17,00:00:17,doors opened
07/07/2025,12,4228,Monday,Weekday,West,15652233,73200,20:20:00,73198,20:19:58,6,3250,Hawk/Capitol Station - Washington Ave & Hawk St (03250),0,0,2,,,73560,20:26:00,,,73560,20:26:00,0,00:00:00,door not opened
07/07/2025,12,4228,Monday,Weekday,West,15652233,73200,20:20:00,73198,20:19:58,5,10087,State St & Eagle St (10087),0,0,2,,,73534,20:25:34,,,73534,20:25:34,0,00:00:00,door not opened
07/07/2025,12,4228,Monday,Weekday,West,15652233,73200,20:20:00,73198,20:19:58,4,2665,State/Downtown Station - State St & Lodge St (02665),0,0,2,73440.0,20:24:00,73430,20:23:50,73440.0,20:24:00,73430,20:23:50,0,00:00:00,door not opened
07/07/2025,12,4228,Monday,Weekday,West,15652233,73200,20:20:00,73198,20:19:58,3,3221,State Station - N. Pearl St & Ten Eyck Plaza (03221),0,0,2,,,73354,20:22:34,,,73354,20:22:34,0,00:00:00,door not opened
07/07/2025,12,4228,Monday,Weekday,West,15652233,73200,20:20:00,73198,20:19:58,2,3233,N. Pearl St & Sheridan Ave (03233),0,0,2,,,73322,20:22:02,,,73322,20:22:02,0,00:00:00,door not opened
07/07/2025,12,4228,Monday,Weekday,West,15652233,73200,20:20:00,73198,20:19:58,1,2168,Clinton Square Station - N. Pearl St & Clinton Ave (02168),1,0,2,,,73254,20:20:54,,,73306,20:21:46,52,00:00:52,doors opened
07/07/2025,12,4228,Monday,Weekday,West,15652233,73200,20:20:00,73198,20:19:58,0,9018,Broadway & Orange St (09018),0,0,1,73200.0,20:20:00,73198,20:19:58,73200.0,20:20:00,73198,20:19:58,0,00:00:00,door not opened
07/07/2025,12,4228,Monday,Weekday,West,15652236,77700,21:35:00,77744,21:35:44,27,7175,Crossgates Mall Station (07175),0,0,0,79800.0,22:10:00,79910,22:11:50,79800.0,22:10:00,79910,22:11:50,0,00:00:00,door not opened
07/07/2025,12,4228,Monday,Weekday,West,15652236,77700,21:35:00,77744,21:35:44,26,12828,Crossgates Commons Station (12828),0,7,0,79380.0,22:03:00,79671,22:07:51,79380.0,22:03:00,79697,22:08:17,26,00:00:26,doors opened
07/07/2025,12,4228,Monday,Weekday,West,15652236,77700,21:35:00,77744,21:35:44,25,12891,1475 Washington Ave (12891),0,1,7,,,79494,22:04:54,,,79508,22:05:08,14,00:00:14,doors opened
07/07/2025,12,4228,Monday,Weekday,West,15652236,77700,21:35:00,77744,21:35:44,24,7216,SUNY Collins Circle (07216),0,1,8,79080.0,21:58:00,79183,21:59:43,79080.0,21:58:00,79204,22:00:04,21,00:00:21,doors opened
07/07/2025,12,4228,Monday,Weekday,West,15652236,77700,21:35:00,77744,21:35:44,23,3262,1383 Washington Ave (Fairfield Inn) (03262),0,0,9,,,79104,21:58:24,,,79104,21:58:24,0,00:00:00,door not opened
07/07/2025,12,4228,Monday,Weekday,West,15652236,77700,21:35:00,77744,21:35:44,22,976,Washington Ave & Brevator St (00976),0,0,9,,,78981,21:56:21,,,78996,21:56:36,15,00:00:15,doors opened
07/07/2025,12,4228,Monday,Weekday,West,15652236,77700,21:35:00,77744,21:35:44,21,1959,Washington Ave & Colvin Ave (01959),0,0,9,,,78961,21:56:01,,,78961,21:56:01,0,00:00:00,door not opened
07/07/2025,12,4228,Monday,Weekday,West,15652236,77700,21:35:00,77744,21:35:44,20,3399,Washington Ave & Danker Ave (03399),0,0,9,,,78898,21:54:58,,,78898,21:54:58,0,00:00:00,door not opened
07/07/2025,12,4228,Monday,Weekday,West,15652236,77700,21:35:00,77744,21:35:44,19,1849,Washington Ave & Homestead Ave (01849),0,1,9,,,78857,21:54:17,,,78878,21:54:38,21,00:00:21,doors opened
07/07/2025,12,4228,Monday,Weekday,West,15652236,77700,21:35:00,77744,21:35:44,18,1846,Washington Ave & Manning Blvd (01846),0,0,10,,,78837,21:53:57,,,78837,21:53:57,0,00:00:00,door not opened
07/07/2025,12,4228,Monday,Weekday,West,15652236,77700,21:35:00,77744,21:35:44,17,3287,Washington Ave & N. Allen St (03287),2,2,10,78720.0,21:52:00,78761,21:52:41,78720.0,21:52:00,78808,21:53:28,47,00:00:47,doors opened
07/07/2025,12,4228,Monday,Weekday,West,15652236,77700,21:35:00,77744,21:35:44,16,3264,Washington Ave & N. Main Ave (03264),0,1,10,,,78716,21:51:56,,,78729,21:52:09,13,00:00:13,doors opened
07/07/2025,12,4228,Monday,Weekday,West,15652236,77700,21:35:00,77744,21:35:44,15,1839,Washington Ave & Partridge St (01839),1,0,11,,,78639,21:50:39,,,78655,21:50:55,16,00:00:16,doors opened
07/07/2025,12,4228,Monday,Weekday,West,15652236,77700,21:35:00,77744,21:35:44,14,1841,Washington Ave & Ontario St (01841),2,1,10,78540.0,21:49:00,78584,21:49:44,78540.0,21:49:00,78615,21:50:15,31,00:00:31,doors opened
07/07/2025,12,4228,Monday,Weekday,West,15652236,77700,21:35:00,77744,21:35:44,13,1842,Washington Ave & Quail St (01842),3,0,9,,,78524,21:48:44,,,78558,21:49:18,34,00:00:34,doors opened
07/07/2025,12,4228,Monday,Weekday,West,15652236,77700,21:35:00,77744,21:35:44,12,1837,Washington Ave & N. Lake Ave (01837),0,0,6,,,78494,21:48:14,,,78494,21:48:14,0,00:00:00,door not opened
07/07/2025,12,4228,Monday,Weekday,West,15652236,77700,21:35:00,77744,21:35:44,11,1843,Washington Ave & Robin St (01843),0,0,6,,,78436,21:47:16,,,78436,21:47:16,0,00:00:00,door not opened
07/07/2025,12,4228,Monday,Weekday,West,15652236,77700,21:35:00,77744,21:35:44,10,12943,Washington Ave & Lexington Ave (12943),0,0,6,,,78416,21:46:56,,,78416,21:46:56,0,00:00:00,door not opened
07/07/2025,12,4228,Monday,Weekday,West,15652236,77700,21:35:00,77744,21:35:44,9,12942,Washington Ave & Henry Johnson Blvd (12942),0,0,6,,,78349,21:45:49,,,78349,21:45:49,0,00:00:00,door not opened
07/07/2025,12,4228,Monday,Weekday,West,15652236,77700,21:35:00,77744,21:35:44,8,3239,Lark/Library Station - Washington Ave & Lark St (03239),1,2,6,78180.0,21:43:00,78239,21:43:59,78180.0,21:43:00,78263,21:44:23,24,00:00:24,doors opened
07/07/2025,12,4228,Monday,Weekday,West,15652236,77700,21:35:00,77744,21:35:44,7,3301,Washington Ave & S. Swan St (03301),0,0,7,,,78175,21:42:55,,,78175,21:42:55,0,00:00:00,door not opened
07/07/2025,12,4228,Monday,Weekday,West,15652236,77700,21:35:00,77744,21:35:44,6,3250,Hawk/Capitol Station - Washington Ave & Hawk St (03250),0,0,7,,,78154,21:42:34,,,78154,21:42:34,0,00:00:00,door not opened
07/07/2025,12,4228,Monday,Weekday,West,15652236,77700,21:35:00,77744,21:35:44,5,10087,State St & Eagle St (10087),0,0,7,,,78135,21:42:15,,,78135,21:42:15,0,00:00:00,door not opened
07/07/2025,12,4228,Monday,Weekday,West,15652236,77700,21:35:00,77744,21:35:44,4,2665,State/Downtown Station - State St & Lodge St (02665),1,0,7,77940.0,21:39:00,78087,21:41:27,77940.0,21:39:00,78107,21:41:47,20,00:00:20,doors opened
07/07/2025,12,4228,Monday,Weekday,West,15652236,77700,21:35:00,77744,21:35:44,3,3221,State Station - N. Pearl St & Ten Eyck Plaza (03221),3,0,6,,,77899,21:38:19,,,78065,21:41:05,166,00:02:46,doors opened
07/07/2025,12,4228,Monday,Weekday,West,15652236,77700,21:35:00,77744,21:35:44,2,3233,N. Pearl St & Sheridan Ave (03233),0,0,3,,,77860,21:37:40,,,77860,21:37:40,0,00:00:00,door not opened
07/07/2025,12,4228,Monday,Weekday,West,15652236,77700,21:35:00,77744,21:35:44,1,2168,Clinton Square Station - N. Pearl St & Clinton Ave (02168),2,0,3,,,77818,21:36:58,,,77847,21:37:27,29,00:00:29,doors opened
07/07/2025,12,4228,Monday,Weekday,West,15652236,77700,21:35:00,77744,21:35:44,0,9018,Broadway & Orange St (09018),1,0,1,77700.0,21:35:00,77744,21:35:44,77700.0,21:35:00,77744,21:35:44,0,00:00:00,doors opened
07/07/2025,12,4228,Monday,Weekday,East,15652239,80700,22:25:00,80826,22:27:06,10,3257,Washington Ave & N. Main Ave (03257),0,3,12,,,81880,22:44:40,,,81898,22:44:58,18,00:00:18,doors opened
07/07/2025,12,4228,Monday,Weekday,East,15652239,80700,22:25:00,80826,22:27:06,9,1796,Washington Ave & N. Allen St (01796),1,0,15,81660.0,22:41:00,81824,22:43:44,81660.0,22:41:00,81846,22:44:06,22,00:00:22,doors opened
07/07/2025,12,4228,Monday,Weekday,East,15652239,80700,22:25:00,80826,22:27:06,8,11581,Washington Ave & Manning Blvd (11581),1,1,14,,,81761,22:42:41,,,81793,22:43:13,32,00:00:32,doors opened
07/07/2025,12,4228,Monday,Weekday,East,15652239,80700,22:25:00,80826,22:27:06,7,2180,Washington Ave & Homestead Ave (02180),0,0,14,,,81739,22:42:19,,,81739,22:42:19,0,00:00:00,door not opened
07/07/2025,12,4228,Monday,Weekday,East,15652239,80700,22:25:00,80826,22:27:06,6,2182,Washington Ave & Hawthorne St (02182),0,0,14,,,81701,22:41:41,,,81701,22:41:41,0,00:00:00,door not opened
07/07/2025,12,4228,Monday,Weekday,East,15652239,80700,22:25:00,80826,22:27:06,5,3304,Washington Ave & Clermont St (03304),0,0,14,,,81685,22:41:25,,,81685,22:41:25,0,00:00:00,door not opened
07/07/2025,12,4228,Monday,Weekday,East,15652239,80700,22:25:00,80826,22:27:06,4,3348,Washington Ave & Brevator St (03348),0,0,14,,,81670,22:41:10,,,81670,22:41:10,0,00:00:00,door not opened
07/07/2025,12,4228,Monday,Weekday,East,15652239,80700,22:25:00,80826,22:27:06,3,10134,Washington Ave & SUNY Exit Rd (10134),0,0,14,,,81563,22:39:23,,,81563,22:39:23,0,00:00:00,door not opened
07/07/2025,12,4228,Monday,Weekday,East,15652239,80700,22:25:00,80826,22:27:06,2,7216,SUNY Collins Circle (07216),0,2,14,81240.0,22:34:00,81406,22:36:46,81240.0,22:34:00,81427,22:37:07,21,00:00:21,doors opened
07/07/2025,12,4228,Monday,Weekday,East,15652239,80700,22:25:00,80826,22:27:06,1,12827,Crossgates Commons Station (12827),13,0,16,80940.0,22:29:00,81117,22:31:57,80940.0,22:29:00,81192,22:33:12,75,00:01:15,doors opened
07/07/2025,12,4228,Monday,Weekday,East,15652239,80700,22:25:00,80826,22:27:06,0,7175,Crossgates Mall Station (07175),3,0,3,80700.0,22:25:00,80826,22:27:06,80700.0,22:25:00,80826,22:27:06,0,00:00:00,doors opened
07/07/2025,12,4228,Monday,Weekday,East,15652239,80700,22:25:00,80826,22:27:06,24,3940,Broadway & Steuben St (03940),0,0,0,82500.0,22:55:00,82709,22:58:29,82500.0,22:55:00,82709,22:58:29,0,00:00:00,door not opened
07/07/2025,12,4228,Monday,Weekday,East,15652239,80700,22:25:00,80826,22:27:06,23,2509,State/Downtown Station - State St & S. Pearl St (02509),0,6,0,82380.0,22:53:00,82559,22:55:59,82380.0,22:53:00,82633,22:57:13,74,00:01:14,doors opened
07/07/2025,12,4228,Monday,Weekday,East,15652239,80700,22:25:00,80826,22:27:06,22,1787,State St & Eagle St (01787),0,0,6,,,82541,22:55:41,,,82541,22:55:41,0,00:00:00,door not opened
07/07/2025,12,4228,Monday,Weekday,East,15652239,80700,22:25:00,80826,22:27:06,21,2706,Hawk/Capitol Station - Washington Ave & Hawk St (02706),0,0,6,,,82428,22:53:48,,,82428,22:53:48,0,00:00:00,door not opened
07/07/2025,12,4228,Monday,Weekday,East,15652239,80700,22:25:00,80826,22:27:06,20,1789,Washington Ave & S. Swan St (01789),0,0,6,,,82412,22:53:32,,,82412,22:53:32,0,00:00:00,door not opened
07/07/2025,12,4228,Monday,Weekday,East,15652239,80700,22:25:00,80826,22:27:06,19,1788,Washington Ave & Dove St (01788),0,0,6,,,82359,22:52:39,,,82359,22:52:39,0,00:00:00,door not opened
07/07/2025,12,4228,Monday,Weekday,East,15652239,80700,22:25:00,80826,22:27:06,18,2663,Lark/Library Station - Washington Ave & Lark St (02663),0,3,6,82140.0,22:49:00,82295,22:51:35,82140.0,22:49:00,82307,22:51:47,12,00:00:12,doors opened
07/07/2025,12,4228,Monday,Weekday,East,15652239,80700,22:25:00,80826,22:27:06,17,263,Washington Ave & Henry Johnson Blvd (00263),0,0,9,,,82266,22:51:06,,,82266,22:51:06,0,00:00:00,door not opened
07/07/2025,12,4228,Monday,Weekday,East,15652239,80700,22:25:00,80826,22:27:06,16,2096,Washington Ave & Lexington Ave (02096),1,0,9,,,82162,22:49:22,,,82228,22:50:28,66,00:01:06,doors opened
07/07/2025,12,4228,Monday,Weekday,East,15652239,80700,22:25:00,80826,22:27:06,15,3253,Washington Ave & Robin St (Draper Hall) (03253),0,4,8,,,82117,22:48:37,,,82143,22:49:03,26,00:00:26,doors opened
07/07/2025,12,4228,Monday,Weekday,East,15652239,80700,22:25:00,80826,22:27:06,14,2109,Washington Ave & N. Lake Ave (02109),0,0,12,,,82099,22:48:19,,,82099,22:48:19,0,00:00:00,door not opened
07/07/2025,12,4228,Monday,Weekday,East,15652239,80700,22:25:00,80826,22:27:06,13,3255,Washington Ave & Quail St (03255),0,0,12,,,82044,22:47:24,,,82044,22:47:24,0,00:00:00,door not opened
07/07/2025,12,4228,Monday,Weekday,East,15652239,80700,22:25:00,80826,22:27:06,12,3256,Washington Ave & Ontario St (03256),0,0,12,81840.0,22:44:00,81982,22:46:22,81840.0,22:44:00,81982,22:46:22,0,00:00:00,door not opened
07/07/2025,12,4228,Monday,Weekday,East,15652239,80700,22:25:00,80826,22:27:06,11,2107,Washington Ave & Partridge St (02107),0,0,12,,,81947,22:45:47,,,81947,22:45:47,0,00:00:00,door not opened
07/07/2025,12,4228,Monday,Weekday,West,15652344,83100,23:05:00,83437,23:10:37,27,7175,Crossgates Mall Station (07175),0,0,0,84900.0,23:35:00,85442,23:44:02,84900.0,23:35:00,85442,23:44:02,0,00:00:00,door not opened
07/07/2025,12,4228,Monday,Weekday,West,15652344,83100,23:05:00,83437,23:10:37,26,12828,Crossgates Commons Station (12828),0,0,0,84600.0,23:30:00,85243,23:40:43,84600.0,23:30:00,85243,23:40:43,0,00:00:00,door not opened
07/07/2025,12,4228,Monday,Weekday,West,15652344,83100,23:05:00,83437,23:10:37,25,12891,1475 Washington Ave (12891),0,0,0,,,85078,23:37:58,,,85078,23:37:58,0,00:00:00,door not opened
07/07/2025,12,4228,Monday,Weekday,West,15652344,83100,23:05:00,83437,23:10:37,24,7216,SUNY Collins Circle (07216),0,0,0,84300.0,23:25:00,84837,23:33:57,84300.0,23:25:00,84837,23:33:57,0,00:00:00,door not opened
07/07/2025,12,4228,Monday,Weekday,West,15652344,83100,23:05:00,83437,23:10:37,23,3262,1383 Washington Ave (Fairfield Inn) (03262),0,3,0,,,84714,23:31:54,,,84728,23:32:08,14,00:00:14,doors opened
07/07/2025,12,4228,Monday,Weekday,West,15652344,83100,23:05:00,83437,23:10:37,22,976,Washington Ave & Brevator St (00976),0,0,3,,,84533,23:28:53,,,84543,23:29:03,10,00:00:10,doors opened
07/07/2025,12,4228,Monday,Weekday,West,15652344,83100,23:05:00,83437,23:10:37,21,1959,Washington Ave & Colvin Ave (01959),2,0,3,,,84479,23:27:59,,,84507,23:28:27,28,00:00:28,doors opened
07/07/2025,12,4228,Monday,Weekday,West,15652344,83100,23:05:00,83437,23:10:37,20,3399,Washington Ave & Danker Ave (03399),0,0,1,,,84457,23:27:37,,,84457,23:27:37,0,00:00:00,door not opened
07/07/2025,12,4228,Monday,Weekday,West,15652344,83100,23:05:00,83437,23:10:37,19,1849,Washington Ave & Homestead Ave (01849),0,0,1,,,84438,23:27:18,,,84438,23:27:18,0,00:00:00,door not opened
07/07/2025,12,4228,Monday,Weekday,West,15652344,83100,23:05:00,83437,23:10:37,18,1846,Washington Ave & Manning Blvd (01846),0,0,1,,,84416,23:26:56,,,84416,23:26:56,0,00:00:00,door not opened
07/07/2025,12,4228,Monday,Weekday,West,15652344,83100,23:05:00,83437,23:10:37,17,3287,Washington Ave & N. Allen St (03287),0,0,1,83940.0,23:19:00,84342,23:25:42,83940.0,23:19:00,84342,23:25:42,0,00:00:00,door not opened
07/07/2025,12,4228,Monday,Weekday,West,15652344,83100,23:05:00,83437,23:10:37,16,3264,Washington Ave & N. Main Ave (03264),0,0,1,,,84309,23:25:09,,,84309,23:25:09,0,00:00:00,door not opened
07/07/2025,12,4228,Monday,Weekday,West,15652344,83100,23:05:00,83437,23:10:37,15,1839,Washington Ave & Partridge St (01839),0,0,1,,,84227,23:23:47,,,84227,23:23:47,0,00:00:00,door not opened
07/07/2025,12,4228,Monday,Weekday,West,15652344,83100,23:05:00,83437,23:10:37,14,1841,Washington Ave & Ontario St (01841),2,1,1,83760.0,23:16:00,84161,23:22:41,83760.0,23:16:00,84195,23:23:15,34,00:00:34,doors opened
07/07/2025,12,4228,Monday,Weekday,West,15652344,83100,23:05:00,83437,23:10:37,13,1842,Washington Ave & Quail St (01842),0,3,0,,,84098,23:21:38,,,84140,23:22:20,42,00:00:42,doors opened
07/07/2025,12,4228,Monday,Weekday,West,15652344,83100,23:05:00,83437,23:10:37,12,1837,Washington Ave & N. Lake Ave (01837),0,0,3,,,84075,23:21:15,,,84075,23:21:15,0,00:00:00,door not opened
07/07/2025,12,4228,Monday,Weekday,West,15652344,83100,23:05:00,83437,23:10:37,11,1843,Washington Ave & Robin St (01843),0,0,3,,,84033,23:20:33,,,84033,23:20:33,0,00:00:00,door not opened
07/07/2025,12,4228,Monday,Weekday,West,15652344,83100,23:05:00,83437,23:10:37,10,12943,Washington Ave & Lexington Ave (12943),0,0,3,,,84011,23:20:11,,,84011,23:20:11,0,00:00:00,door not opened
07/07/2025,12,4228,Monday,Weekday,West,15652344,83100,23:05:00,83437,23:10:37,9,12942,Washington Ave & Henry Johnson Blvd (12942),0,1,3,,,83930,23:18:50,,,83941,23:19:01,11,00:00:11,doors opened
07/07/2025,12,4228,Monday,Weekday,West,15652344,83100,23:05:00,83437,23:10:37,8,3239,Lark/Library Station - Washington Ave & Lark St (03239),0,0,4,83460.0,23:11:00,83818,23:16:58,83460.0,23:11:00,83818,23:16:58,0,00:00:00,door not opened
07/07/2025,12,4228,Monday,Weekday,West,15652344,83100,23:05:00,83437,23:10:37,7,3301,Washington Ave & S. Swan St (03301),0,0,4,,,83771,23:16:11,,,83771,23:16:11,0,00:00:00,door not opened
07/07/2025,12,4228,Monday,Weekday,West,15652344,83100,23:05:00,83437,23:10:37,6,3250,Hawk/Capitol Station - Washington Ave & Hawk St (03250),0,0,4,,,83734,23:15:34,,,83734,23:15:34,0,00:00:00,door not opened
07/07/2025,12,4228,Monday,Weekday,West,15652344,83100,23:05:00,83437,23:10:37,5,10087,State St & Eagle St (10087),0,0,4,,,83708,23:15:08,,,83708,23:15:08,0,00:00:00,door not opened
07/07/2025,12,4228,Monday,Weekday,West,15652344,83100,23:05:00,83437,23:10:37,4,2665,State/Downtown Station - State St & Lodge St (02665),1,0,4,83280.0,23:08:00,83601,23:13:21,83280.0,23:08:00,83616,23:13:36,15,00:00:15,doors opened
07/07/2025,12,4228,Monday,Weekday,West,15652344,83100,23:05:00,83437,23:10:37,3,3221,State Station - N. Pearl St & Ten Eyck Plaza (03221),0,0,3,,,83557,23:12:37,,,83557,23:12:37,0,00:00:00,door not opened
07/07/2025,12,4228,Monday,Weekday,West,15652344,83100,23:05:00,83437,23:10:37,2,3233,N. Pearl St & Sheridan Ave (03233),2,0,3,,,83506,23:11:46,,,83524,23:12:04,18,00:00:18,doors opened
07/07/2025,12,4228,Monday,Weekday,West,15652344,83100,23:05:00,83437,23:10:37,1,2168,Clinton Square Station - N. Pearl St & Clinton Ave (02168),0,0,1,,,83492,23:11:32,,,83492,23:11:32,0,00:00:00,door not opened
07/07/2025,12,4228,Monday,Weekday,West,15652344,83100,23:05:00,83437,23:10:37,0,9018,Broadway & Orange St (09018),0,0,1,83100.0,23:05:00,83437,23:10:37,83100.0,23:05:00,83437,23:10:37,0,00:00:00,door not opened
07/07/2025,12,4228,Monday,Weekday,East,15652347,86100,23:55:00,86358,23:59:18,24,3940,Broadway & Steuben St (03940),0,0,0,87840.0,24:24:00,87870,24:24:30,87840.0,24:24:00,87870,24:24:30,0,00:00:00,door not opened
07/07/2025,12,4228,Monday,Weekday,East,15652347,86100,23:55:00,86358,23:59:18,23,2509,State/Downtown Station - State St & S. Pearl St (02509),0,1,0,87720.0,24:22:00,87775,24:22:55,87720.0,24:22:00,87790,24:23:10,15,00:00:15,doors opened
07/07/2025,12,4228,Monday,Weekday,East,15652347,86100,23:55:00,86358,23:59:18,22,1787,State St & Eagle St (01787),0,0,1,,,87757,24:22:37,,,87757,24:22:37,0,00:00:00,door not opened
07/07/2025,12,4228,Monday,Weekday,East,15652347,86100,23:55:00,86358,23:59:18,21,2706,Hawk/Capitol Station - Washington Ave & Hawk St (02706),0,1,1,,,87690,24:21:30,,,87707,24:21:47,17,00:00:17,doors opened
07/07/2025,12,4228,Monday,Weekday,East,15652347,86100,23:55:00,86358,23:59:18,20,1789,Washington Ave & S. Swan St (01789),0,0,2,,,87665,24:21:05,,,87665,24:21:05,0,00:00:00,door not opened
07/07/2025,12,4228,Monday,Weekday,East,15652347,86100,23:55:00,86358,23:59:18,19,1788,Washington Ave & Dove St (01788),0,0,2,,,87644,24:20:44,,,87644,24:20:44,0,00:00:00,door not opened
07/07/2025,12,4228,Monday,Weekday,East,15652347,86100,23:55:00,86358,23:59:18,18,2663,Lark/Library Station - Washington Ave & Lark St (02663),0,1,2,87480.0,24:18:00,87576,24:19:36,87480.0,24:18:00,87596,24:19:56,20,00:00:20,doors opened
07/07/2025,12,4228,Monday,Weekday,East,15652347,86100,23:55:00,86358,23:59:18,17,263,Washington Ave & Henry Johnson Blvd (00263),0,0,3,,,87547,24:19:07,,,87547,24:19:07,0,00:00:00,door not opened
07/07/2025,12,4228,Monday,Weekday,East,15652347,86100,23:55:00,86358,23:59:18,16,2096,Washington Ave & Lexington Ave (02096),0,0,3,,,87446,24:17:26,,,87446,24:17:26,0,00:00:00,door not opened
07/07/2025,12,4228,Monday,Weekday,East,15652347,86100,23:55:00,86358,23:59:18,15,3253,Washington Ave & Robin St (Draper Hall) (03253),0,3,3,,,87406,24:16:46,,,87428,24:17:08,22,00:00:22,doors opened
07/07/2025,12,4228,Monday,Weekday,East,15652347,86100,23:55:00,86358,23:59:18,14,2109,Washington Ave & N. Lake Ave (02109),0,2,6,,,87363,24:16:03,,,87380,24:16:20,17,00:00:17,doors opened
07/07/2025,12,4228,Monday,Weekday,East,15652347,86100,23:55:00,86358,23:59:18,13,3255,Washington Ave & Quail St (03255),1,0,8,,,87327,24:15:27,,,87337,24:15:37,10,00:00:10,doors opened
07/07/2025,12,4228,Monday,Weekday,East,15652347,86100,23:55:00,86358,23:59:18,12,3256,Washington Ave & Ontario St (03256),0,0,7,87180.0,24:13:00,87289,24:14:49,87180.0,24:13:00,87289,24:14:49,0,00:00:00,door not opened
07/07/2025,12,4228,Monday,Weekday,East,15652347,86100,23:55:00,86358,23:59:18,11,2107,Washington Ave & Partridge St (02107),0,0,7,,,87274,24:14:34,,,87274,24:14:34,0,00:00:00,door not opened
07/07/2025,12,4228,Monday,Weekday,East,15652347,86100,23:55:00,86358,23:59:18,10,3257,Washington Ave & N. Main Ave (03257),0,0,7,,,87235,24:13:55,,,87235,24:13:55,0,00:00:00,door not opened
07/07/2025,12,4228,Monday,Weekday,East,15652347,86100,23:55:00,86358,23:59:18,9,1796,Washington Ave & N. Allen St (01796),1,0,7,87060.0,24:11:00,87152,24:12:32,87060.0,24:11:00,87169,24:12:49,17,00:00:17,doors opened
07/07/2025,12,4228,Monday,Weekday,East,15652347,86100,23:55:00,86358,23:59:18,8,11581,Washington Ave & Manning Blvd (11581),0,0,6,,,87122,24:12:02,,,87122,24:12:02,0,00:00:00,door not opened
07/07/2025,12,4228,Monday,Weekday,East,15652347,86100,23:55:00,86358,23:59:18,7,2180,Washington Ave & Homestead Ave (02180),0,0,6,,,87099,24:11:39,,,87099,24:11:39,0,00:00:00,door not opened
07/07/2025,12,4228,Monday,Weekday,East,15652347,86100,23:55:00,86358,23:59:18,6,2182,Washington Ave & Hawthorne St (02182),0,0,6,,,87080,24:11:20,,,87080,24:11:20,0,00:00:00,door not opened
07/07/2025,12,4228,Monday,Weekday,East,15652347,86100,23:55:00,86358,23:59:18,5,3304,Washington Ave & Clermont St (03304),0,0,6,,,87067,24:11:07,,,87067,24:11:07,0,00:00:00,door not opened
07/07/2025,12,4228,Monday,Weekday,East,15652347,86100,23:55:00,86358,23:59:18,4,3348,Washington Ave & Brevator St (03348),0,0,6,,,87053,24:10:53,,,87053,24:10:53,0,00:00:00,door not opened
07/07/2025,12,4228,Monday,Weekday,East,15652347,86100,23:55:00,86358,23:59:18,3,10134,Washington Ave & SUNY Exit Rd (10134),0,0,6,,,86953,24:09:13,,,86953,24:09:13,0,00:00:00,door not opened
07/07/2025,12,4228,Monday,Weekday,East,15652347,86100,23:55:00,86358,23:59:18,2,7216,SUNY Collins Circle (07216),0,0,6,86640.0,24:04:00,86859,24:07:39,86640.0,24:04:00,86859,24:07:39,0,00:00:00,door not opened
07/07/2025,12,4228,Monday,Weekday,East,15652347,86100,23:55:00,86358,23:59:18,1,12827,Crossgates Commons Station (12827),1,0,6,86340.0,23:59:00,86604,24:03:24,86340.0,23:59:00,86622,24:03:42,18,00:00:18,doors opened
07/07/2025,12,4228,Monday,Weekday,East,15652347,86100,23:55:00,86358,23:59:18,0,7175,Crossgates Mall Station (07175),5,0,5,86100.0,23:55:00,86358,23:59:18,86100.0,23:55:00,86358,23:59:18,0,00:00:00,doors opened
07/07/2025,12,4231,Monday,Weekday,West,15651771,66000,18:20:00,66128,18:22:08,18,1846,Washington Ave & Manning Blvd (01846),0,0,14,,,67095,18:38:15,,,67095,18:38:15,0,00:00:00,door not opened
07/07/2025,12,4231,Monday,Weekday,West,15651771,66000,18:20:00,66128,18:22:08,17,3287,Washington Ave & N. Allen St (03287),2,0,14,67080.0,18:38:00,66991,18:36:31,67080.0,18:38:00,67013,18:36:53,22,00:00:22,doors opened
07/07/2025,12,4231,Monday,Weekday,West,15651771,66000,18:20:00,66128,18:22:08,16,3264,Washington Ave & N. Main Ave (03264),5,0,12,,,66916,18:35:16,,,66947,18:35:47,31,00:00:31,doors opened
07/07/2025,12,4231,Monday,Weekday,West,15651771,66000,18:20:00,66128,18:22:08,15,1839,Washington Ave & Partridge St (01839),0,0,7,,,66835,18:33:55,,,66835,18:33:55,0,00:00:00,door not opened
07/07/2025,12,4231,Monday,Weekday,West,15651771,66000,18:20:00,66128,18:22:08,14,1841,Washington Ave & Ontario St (01841),0,0,7,66900.0,18:35:00,66813,18:33:33,66900.0,18:35:00,66813,18:33:33,0,00:00:00,door not opened
07/07/2025,12,4231,Monday,Weekday,West,15651771,66000,18:20:00,66128,18:22:08,13,1842,Washington Ave & Quail St (01842),1,0,7,,,66774,18:32:54,,,66787,18:33:07,13,00:00:13,doors opened
07/07/2025,12,4231,Monday,Weekday,West,15651771,66000,18:20:00,66128,18:22:08,12,1837,Washington Ave & N. Lake Ave (01837),2,0,6,,,66703,18:31:43,,,66742,18:32:22,39,00:00:39,doors opened
07/07/2025,12,4231,Monday,Weekday,West,15651771,66000,18:20:00,66128,18:22:08,11,1843,Washington Ave & Robin St (01843),1,0,4,,,66662,18:31:02,,,66677,18:31:17,15,00:00:15,doors opened
07/07/2025,12,4231,Monday,Weekday,West,15651771,66000,18:20:00,66128,18:22:08,10,12943,Washington Ave & Lexington Ave (12943),1,0,3,,,66621,18:30:21,,,66633,18:30:33,12,00:00:12,doors opened
07/07/2025,12,4231,Monday,Weekday,West,15651771,66000,18:20:00,66128,18:22:08,9,12942,Washington Ave & Henry Johnson Blvd (12942),0,0,2,,,66592,18:29:52,,,66592,18:29:52,0,00:00:00,door not opened
07/07/2025,12,4231,Monday,Weekday,West,15651771,66000,18:20:00,66128,18:22:08,8,3239,Lark/Library Station - Washington Ave & Lark St (03239),1,0,2,66480.0,18:28:00,66502,18:28:22,66480.0,18:28:00,66521,18:28:41,19,00:00:19,doors opened
07/07/2025,12,4231,Monday,Weekday,West,15651771,66000,18:20:00,66128,18:22:08,7,3301,Washington Ave & S. Swan St (03301),0,0,1,,,66466,18:27:46,,,66466,18:27:46,0,00:00:00,door not opened
07/07/2025,12,4231,Monday,Weekday,West,15651771,66000,18:20:00,66128,18:22:08,6,3250,Hawk/Capitol Station - Washington Ave & Hawk St (03250),0,0,1,,,66413,18:26:53,,,66413,18:26:53,0,00:00:00,door not opened
07/07/2025,12,4231,Monday,Weekday,West,15651771,66000,18:20:00,66128,18:22:08,5,10087,State St & Eagle St (10087),0,0,1,,,66390,18:26:30,,,66390,18:26:30,0,00:00:00,door not opened
07/07/2025,12,4231,Monday,Weekday,West,15651771,66000,18:20:00,66128,18:22:08,4,2665,State/Downtown Station - State St & Lodge St (02665),1,0,1,66240.0,18:24:00,66298,18:24:58,66240.0,18:24:00,66360,18:26:00,62,00:01:02,doors opened
07/07/2025,12,4231,Monday,Weekday,West,15651771,66000,18:20:00,66128,18:22:08,3,3221,State Station - N. Pearl St & Ten Eyck Plaza (03221),0,0,0,,,66229,18:23:49,,,66229,18:23:49,0,00:00:00,door not opened
07/07/2025,12,4231,Monday,Weekday,West,15651771,66000,18:20:00,66128,18:22:08,2,3233,N. Pearl St & Sheridan Ave (03233),0,0,0,,,66195,18:23:15,,,66195,18:23:15,0,00:00:00,door not opened
07/07/2025,12,4231,Monday,Weekday,West,15651771,66000,18:20:00,66128,18:22:08,1,2168,Clinton Square Station - N. Pearl St & Clinton Ave (02168),1,1,0,,,66184,18:23:04,,,66184,18:23:04,0,00:00:00,doors opened
07/07/2025,12,4231,Monday,Weekday,West,15651771,66000,18:20:00,66128,18:22:08,0,9018,Broadway & Orange St (09018),0,0,0,66000.0,18:20:00,66128,18:22:08,66000.0,18:20:00,66128,18:22:08,0,00:00:00,door not opened
07/07/2025,12,4231,Monday,Weekday,West,15651771,66000,18:20:00,66128,18:22:08,27,7175,Crossgates Mall Station (07175),0,6,0,68280.0,18:58:00,68008,18:53:28,68280.0,18:58:00,68008,18:53:28,0,00:00:00,doors opened
07/07/2025,12,4231,Monday,Weekday,West,15651771,66000,18:20:00,66128,18:22:08,26,12828,Crossgates Commons Station (12828),0,6,6,67860.0,18:51:00,67785,18:49:45,67860.0,18:51:00,67805,18:50:05,20,00:00:20,doors opened
07/07/2025,12,4231,Monday,Weekday,West,15651771,66000,18:20:00,66128,18:22:08,25,12891,1475 Washington Ave (12891),0,0,12,,,67637,18:47:17,,,67637,18:47:17,0,00:00:00,door not opened
07/07/2025,12,4231,Monday,Weekday,West,15651771,66000,18:20:00,66128,18:22:08,24,7216,SUNY Collins Circle (07216),0,0,12,67500.0,18:45:00,67489,18:44:49,67500.0,18:45:00,67499,18:44:59,10,00:00:10,doors opened
07/07/2025,12,4231,Monday,Weekday,West,15651771,66000,18:20:00,66128,18:22:08,23,3262,1383 Washington Ave (Fairfield Inn) (03262),0,1,12,,,67386,18:43:06,,,67398,18:43:18,12,00:00:12,doors opened
07/07/2025,12,4231,Monday,Weekday,West,15651771,66000,18:20:00,66128,18:22:08,22,976,Washington Ave & Brevator St (00976),0,0,13,,,67289,18:41:29,,,67289,18:41:29,0,00:00:00,door not opened
07/07/2025,12,4231,Monday,Weekday,West,15651771,66000,18:20:00,66128,18:22:08,21,1959,Washington Ave & Colvin Ave (01959),1,0,13,,,67193,18:39:53,,,67263,18:41:03,70,00:01:10,doors opened
07/07/2025,12,4231,Monday,Weekday,West,15651771,66000,18:20:00,66128,18:22:08,20,3399,Washington Ave & Danker Ave (03399),0,0,12,,,67152,18:39:12,,,67152,18:39:12,0,00:00:00,door not opened
07/07/2025,12,4231,Monday,Weekday,West,15651771,66000,18:20:00,66128,18:22:08,19,1849,Washington Ave & Homestead Ave (01849),0,2,12,,,67117,18:38:37,,,67130,18:38:50,13,00:00:13,doors opened
07/07/2025,12,4237,Monday,Weekday,East,15648596,21300,05:55:00,21405,05:56:45,24,3940,Broadway & Steuben St (03940),0,0,0,23100.0,06:25:00,23295,06:28:15,23100.0,06:25:00,23295,06:28:15,0,00:00:00,door not opened
07/07/2025,12,4237,Monday,Weekday,East,15648596,21300,05:55:00,21405,05:56:45,23,2509,State/Downtown Station - State St & S. Pearl St (02509),0,3,0,22920.0,06:22:00,23142,06:25:42,22920.0,06:22:00,23206,06:26:46,64,00:01:04,doors opened
07/07/2025,12,4237,Monday,Weekday,East,15648596,21300,05:55:00,21405,05:56:45,22,1787,State St & Eagle St (01787),0,0,3,,,23123,06:25:23,,,23123,06:25:23,0,00:00:00,door not opened
07/07/2025,12,4237,Monday,Weekday,East,15648596,21300,05:55:00,21405,05:56:45,21,2706,Hawk/Capitol Station - Washington Ave & Hawk St (02706),0,1,3,,,23027,06:23:47,,,23038,06:23:58,11,00:00:11,doors opened
07/07/2025,12,4237,Monday,Weekday,East,15648596,21300,05:55:00,21405,05:56:45,20,1789,Washington Ave & S. Swan St (01789),0,1,4,,,22990,06:23:10,,,23000,06:23:20,10,00:00:10,doors opened
07/07/2025,12,4237,Monday,Weekday,East,15648596,21300,05:55:00,21405,05:56:45,19,1788,Washington Ave & Dove St (01788),0,0,5,,,22961,06:22:41,,,22961,06:22:41,0,00:00:00,door not opened
07/07/2025,12,4237,Monday,Weekday,East,15648596,21300,05:55:00,21405,05:56:45,18,2663,Lark/Library Station - Washington Ave & Lark St (02663),0,2,5,22680.0,06:18:00,22850,06:20:50,22680.0,06:18:00,22912,06:21:52,62,00:01:02,doors opened
07/07/2025,12,4237,Monday,Weekday,East,15648596,21300,05:55:00,21405,05:56:45,17,263,Washington Ave & Henry Johnson Blvd (00263),0,0,7,,,22829,06:20:29,,,22829,06:20:29,0,00:00:00,door not opened
07/07/2025,12,4237,Monday,Weekday,East,15648596,21300,05:55:00,21405,05:56:45,16,2096,Washington Ave & Lexington Ave (02096),0,0,7,,,22735,06:18:55,,,22735,06:18:55,0,00:00:00,door not opened
07/07/2025,12,4237,Monday,Weekday,East,15648596,21300,05:55:00,21405,05:56:45,15,3253,Washington Ave & Robin St (Draper Hall) (03253),0,0,7,,,22718,06:18:38,,,22718,06:18:38,0,00:00:00,door not opened
07/07/2025,12,4237,Monday,Weekday,East,15648596,21300,05:55:00,21405,05:56:45,14,2109,Washington Ave & N. Lake Ave (02109),1,0,7,,,22665,06:17:45,,,22694,06:18:14,29,00:00:29,doors opened
07/07/2025,12,4237,Monday,Weekday,East,15648596,21300,05:55:00,21405,05:56:45,13,3255,Washington Ave & Quail St (03255),0,3,6,,,22593,06:16:33,,,22642,06:17:22,49,00:00:49,doors opened
07/07/2025,12,4237,Monday,Weekday,East,15648596,21300,05:55:00,21405,05:56:45,12,3256,Washington Ave & Ontario St (03256),1,0,9,22380.0,06:13:00,22557,06:15:57,22380.0,06:13:00,22574,06:16:14,17,00:00:17,doors opened
07/07/2025,12,4237,Monday,Weekday,East,15648596,21300,05:55:00,21405,05:56:45,11,2107,Washington Ave & Partridge St (02107),0,0,8,,,22540,06:15:40,,,22540,06:15:40,0,00:00:00,door not opened
07/07/2025,12,4237,Monday,Weekday,East,15648596,21300,05:55:00,21405,05:56:45,10,3257,Washington Ave & N. Main Ave (03257),1,0,8,,,22466,06:14:26,,,22494,06:14:54,28,00:00:28,doors opened
07/07/2025,12,4237,Monday,Weekday,East,15648596,21300,05:55:00,21405,05:56:45,9,1796,Washington Ave & N. Allen St (01796),5,0,7,22260.0,06:11:00,22405,06:13:25,22260.0,06:11:00,22436,06:13:56,31,00:00:31,doors opened
07/07/2025,12,4237,Monday,Weekday,East,15648596,21300,05:55:00,21405,05:56:45,8,11581,Washington Ave & Manning Blvd (11581),0,0,2,,,22379,06:12:59,,,22379,06:12:59,0,00:00:00,door not opened
07/07/2025,12,4237,Monday,Weekday,East,15648596,21300,05:55:00,21405,05:56:45,7,2180,Washington Ave & Homestead Ave (02180),1,0,2,,,22282,06:11:22,,,22282,06:11:22,0,00:00:00,door not opened
07/07/2025,12,4237,Monday,Weekday,East,15648596,21300,05:55:00,21405,05:56:45,6,2182,Washington Ave & Hawthorne St (02182),1,0,1,,,22219,06:10:19,,,22219,06:10:19,0,00:00:00,door not opened
07/07/2025,12,4237,Monday,Weekday,East,15648596,21300,05:55:00,21405,05:56:45,5,3304,Washington Ave & Clermont St (03304),0,0,0,,,22197,06:09:57,,,22197,06:09:57,0,00:00:00,door not opened
07/07/2025,12,4237,Monday,Weekday,East,15648596,21300,05:55:00,21405,05:56:45,4,3348,Washington Ave & Brevator St (03348),0,0,0,,,22176,06:09:36,,,22176,06:09:36,0,00:00:00,door not opened
07/07/2025,12,4237,Monday,Weekday,East,15648596,21300,05:55:00,21405,05:56:45,3,10134,Washington Ave & SUNY Exit Rd (10134),0,0,0,,,22035,06:07:15,,,22048,06:07:28,13,00:00:13,doors opened
07/07/2025,12,4237,Monday,Weekday,East,15648596,21300,05:55:00,21405,05:56:45,2,7216,SUNY Collins Circle (07216),0,0,0,21840.0,06:04:00,21948,06:05:48,21840.0,06:04:00,21948,06:05:48,0,00:00:00,door not opened
07/07/2025,12,4237,Monday,Weekday,East,15648596,21300,05:55:00,21405,05:56:45,1,12827,Crossgates Commons Station (12827),0,0,0,21540.0,05:59:00,21751,06:02:31,21540.0,05:59:00,21751,06:02:31,0,00:00:00,door not opened
07/07/2025,12,4237,Monday,Weekday,East,15648596,21300,05:55:00,21405,05:56:45,0,7175,Crossgates Mall Station (07175),0,0,0,21300.0,05:55:00,21405,05:56:45,21300.0,05:55:00,21405,05:56:45,0,00:00:00,doors opened
07/07/2025,12,4237,Monday,Weekday,East,15648600,27300,07:35:00,27409,07:36:49,24,3940,Broadway & Steuben St (03940),0,3,0,29640.0,08:14:00,29669,08:14:29,29640.0,08:14:00,29669,08:14:29,0,00:00:00,doors opened
07/07/2025,12,4237,Monday,Weekday,East,15648600,27300,07:35:00,27409,07:36:49,23,2509,State/Downtown Station - State St & S. Pearl St (02509),0,8,3,29460.0,08:11:00,29554,08:12:34,29460.0,08:11:00,29582,08:13:02,28,00:00:28,doors opened
07/07/2025,12,4237,Monday,Weekday,East,15648600,27300,07:35:00,27409,07:36:49,22,1787,State St & Eagle St (01787),0,1,11,,,29522,08:12:02,,,29531,08:12:11,9,00:00:09,doors opened
07/07/2025,12,4237,Monday,Weekday,East,15648600,27300,07:35:00,27409,07:36:49,21,2706,Hawk/Capitol Station - Washington Ave & Hawk St (02706),0,0,12,,,29481,08:11:21,,,29481,08:11:21,0,00:00:00,door not opened
07/07/2025,12,4237,Monday,Weekday,East,15648600,27300,07:35:00,27409,07:36:49,20,1789,Washington Ave & S. Swan St (01789),0,7,12,,,29426,08:10:26,,,29455,08:10:55,29,00:00:29,doors opened
07/07/2025,12,4237,Monday,Weekday,East,15648600,27300,07:35:00,27409,07:36:49,19,1788,Washington Ave & Dove St (01788),0,0,19,,,29401,08:10:01,,,29401,08:10:01,0,00:00:00,door not opened
07/07/2025,12,4237,Monday,Weekday,East,15648600,27300,07:35:00,27409,07:36:49,18,2663,Lark/Library Station - Washington Ave & Lark St (02663),1,0,19,29040.0,08:04:00,29310,08:08:30,29040.0,08:04:00,29345,08:09:05,35,00:00:35,doors opened
07/07/2025,12,4237,Monday,Weekday,East,15648600,27300,07:35:00,27409,07:36:49,17,263,Washington Ave & Henry Johnson Blvd (00263),0,0,18,,,29287,08:08:07,,,29287,08:08:07,0,00:00:00,door not opened
07/07/2025,12,4237,Monday,Weekday,East,15648600,27300,07:35:00,27409,07:36:49,16,2096,Washington Ave & Lexington Ave (02096),0,2,18,,,29064,08:04:24,,,29124,08:05:24,60,00:01:00,doors opened
07/07/2025,12,4237,Monday,Weekday,East,15648600,27300,07:35:00,27409,07:36:49,15,3253,Washington Ave & Robin St (Draper Hall) (03253),0,1,20,,,29024,08:03:44,,,29047,08:04:07,23,00:00:23,doors opened
07/07/2025,12,4237,Monday,Weekday,East,15648600,27300,07:35:00,27409,07:36:49,14,2109,Washington Ave & N. Lake Ave (02109),0,3,21,,,28943,08:02:23,,,28997,08:03:17,54,00:00:54,doors opened
07/07/2025,12,4237,Monday,Weekday,East,15648600,27300,07:35:00,27409,07:36:49,13,3255,Washington Ave & Quail St (03255),3,2,24,,,28861,08:01:01,,,28917,08:01:57,56,00:00:56,doors opened
07/07/2025,12,4237,Monday,Weekday,East,15648600,27300,07:35:00,27409,07:36:49,12,3256,Washington Ave & Ontario St (03256),2,0,23,28620.0,07:57:00,28822,08:00:22,28620.0,07:57:00,28839,08:00:39,17,00:00:17,doors opened
07/07/2025,12,4237,Monday,Weekday,East,15648600,27300,07:35:00,27409,07:36:49,11,2107,Washington Ave & Partridge St (02107),0,0,21,,,28803,08:00:03,,,28803,08:00:03,0,00:00:00,door not opened
07/07/2025,12,4237,Monday,Weekday,East,15648600,27300,07:35:00,27409,07:36:49,10,3257,Washington Ave & N. Main Ave (03257),3,0,21,,,28673,07:57:53,,,28732,07:58:52,59,00:00:59,doors opened
07/07/2025,12,4237,Monday,Weekday,East,15648600,27300,07:35:00,27409,07:36:49,9,1796,Washington Ave & N. Allen St (01796),3,0,18,28440.0,07:54:00,28614,07:56:54,28440.0,07:54:00,28635,07:57:15,21,00:00:21,doors opened
07/07/2025,12,4237,Monday,Weekday,East,15648600,27300,07:35:00,27409,07:36:49,8,11581,Washington Ave & Manning Blvd (11581),0,0,15,,,28522,07:55:22,,,28559,07:55:59,37,00:00:37,doors opened
07/07/2025,12,4237,Monday,Weekday,East,15648600,27300,07:35:00,27409,07:36:49,7,2180,Washington Ave & Homestead Ave (02180),3,0,15,,,28478,07:54:38,,,28499,07:54:59,21,00:00:21,doors opened
07/07/2025,12,4237,Monday,Weekday,East,15648600,27300,07:35:00,27409,07:36:49,6,2182,Washington Ave & Hawthorne St (02182),0,1,12,,,28438,07:53:58,,,28452,07:54:12,14,00:00:14,doors opened
07/07/2025,12,4237,Monday,Weekday,East,15648600,27300,07:35:00,27409,07:36:49,5,3304,Washington Ave & Clermont St (03304),2,1,13,,,28387,07:53:07,,,28412,07:53:32,25,00:00:25,doors opened
07/07/2025,12,4237,Monday,Weekday,East,15648600,27300,07:35:00,27409,07:36:49,4,3348,Washington Ave & Brevator St (03348),1,1,12,,,28339,07:52:19,,,28365,07:52:45,26,00:00:26,doors opened
07/07/2025,12,4237,Monday,Weekday,East,15648600,27300,07:35:00,27409,07:36:49,3,10134,Washington Ave & SUNY Exit Rd (10134),3,1,12,,,28204,07:50:04,,,28225,07:50:25,21,00:00:21,doors opened
07/07/2025,12,4237,Monday,Weekday,East,15648600,27300,07:35:00,27409,07:36:49,2,7216,SUNY Collins Circle (07216),0,0,10,27900.0,07:45:00,28086,07:48:06,27900.0,07:45:00,28086,07:48:06,0,00:00:00,door not opened
07/07/2025,12,4237,Monday,Weekday,East,15648600,27300,07:35:00,27409,07:36:49,1,12827,Crossgates Commons Station (12827),8,0,10,27600.0,07:40:00,27722,07:42:02,27600.0,07:40:00,27848,07:44:08,126,00:02:06,doors opened
07/07/2025,12,4237,Monday,Weekday,East,15648600,27300,07:35:00,27409,07:36:49,0,7175,Crossgates Mall Station (07175),2,0,2,27300.0,07:35:00,27409,07:36:49,27300.0,07:35:00,27409,07:36:49,0,00:00:00,doors opened
07/07/2025,12,4237,Monday,Weekday,West,15648602,30000,08:20:00,30062,08:21:02,14,1841,Washington Ave & Ontario St (01841),5,0,23,31020.0,08:37:00,31218,08:40:18,31020.0,08:37:00,31247,08:40:47,29,00:00:29,doors opened
07/07/2025,12,4237,Monday,Weekday,West,15648602,30000,08:20:00,30062,08:21:02,13,1842,Washington Ave & Quail St (01842),7,1,18,,,31122,08:38:42,,,31192,08:39:52,70,00:01:10,doors opened
07/07/2025,12,4237,Monday,Weekday,West,15648602,30000,08:20:00,30062,08:21:02,12,1837,Washington Ave & N. Lake Ave (01837),0,0,12,,,31098,08:38:18,,,31098,08:38:18,0,00:00:00,door not opened
07/07/2025,12,4237,Monday,Weekday,West,15648602,30000,08:20:00,30062,08:21:02,11,1843,Washington Ave & Robin St (01843),1,0,12,,,31048,08:37:28,,,31063,08:37:43,15,00:00:15,doors opened
07/07/2025,12,4237,Monday,Weekday,West,15648602,30000,08:20:00,30062,08:21:02,10,12943,Washington Ave & Lexington Ave (12943),0,1,11,,,31006,08:36:46,,,31020,08:37:00,14,00:00:14,doors opened
07/07/2025,12,4237,Monday,Weekday,West,15648602,30000,08:20:00,30062,08:21:02,9,12942,Washington Ave & Henry Johnson Blvd (12942),1,0,12,,,30952,08:35:52,,,30962,08:36:02,10,00:00:10,doors opened
07/07/2025,12,4237,Monday,Weekday,West,15648602,30000,08:20:00,30062,08:21:02,8,3239,Lark/Library Station - Washington Ave & Lark St (03239),2,1,11,30600.0,08:30:00,30805,08:33:25,30600.0,08:30:00,30856,08:34:16,51,00:00:51,doors opened
07/07/2025,12,4237,Monday,Weekday,West,15648602,30000,08:20:00,30062,08:21:02,7,3301,Washington Ave & S. Swan St (03301),1,1,10,,,30737,08:32:17,,,30756,08:32:36,19,00:00:19,doors opened
07/07/2025,12,4237,Monday,Weekday,West,15648602,30000,08:20:00,30062,08:21:02,6,3250,Hawk/Capitol Station - Washington Ave & Hawk St (03250),0,0,10,,,30715,08:31:55,,,30715,08:31:55,0,00:00:00,door not opened
07/07/2025,12,4237,Monday,Weekday,West,15648602,30000,08:20:00,30062,08:21:02,5,10087,State St & Eagle St (10087),0,1,10,,,30665,08:31:05,,,30676,08:31:16,11,00:00:11,doors opened
07/07/2025,12,4237,Monday,Weekday,West,15648602,30000,08:20:00,30062,08:21:02,4,2665,State/Downtown Station - State St & Lodge St (02665),2,0,11,30300.0,08:25:00,30502,08:28:22,30300.0,08:25:00,30557,08:29:17,55,00:00:55,doors opened
07/07/2025,12,4237,Monday,Weekday,West,15648602,30000,08:20:00,30062,08:21:02,3,3221,State Station - N. Pearl St & Ten Eyck Plaza (03221),7,0,9,,,30398,08:26:38,,,30471,08:27:51,73,00:01:13,doors opened
07/07/2025,12,4237,Monday,Weekday,West,15648602,30000,08:20:00,30062,08:21:02,2,3233,N. Pearl St & Sheridan Ave (03233),1,0,2,,,30308,08:25:08,,,30321,08:25:21,13,00:00:13,doors opened
07/07/2025,12,4237,Monday,Weekday,West,15648602,30000,08:20:00,30062,08:21:02,1,2168,Clinton Square Station - N. Pearl St & Clinton Ave (02168),1,0,1,,,30275,08:24:35,,,30293,08:24:53,18,00:00:18,doors opened
07/07/2025,12,4237,Monday,Weekday,West,15648602,30000,08:20:00,30062,08:21:02,0,9018,Broadway & Orange St (09018),0,0,0,30000.0,08:20:00,30062,08:21:02,30000.0,08:20:00,30062,08:21:02,0,00:00:00,door not opened
07/07/2025,12,4237,Monday,Weekday,West,15648602,30000,08:20:00,30062,08:21:02,27,7175,Crossgates Mall Station (07175),0,4,0,32520.0,09:02:00,32661,09:04:21,32520.0,09:02:00,32661,09:04:21,0,00:00:00,doors opened
07/07/2025,12,4237,Monday,Weekday,West,15648602,30000,08:20:00,30062,08:21:02,26,12828,Crossgates Commons Station (12828),0,1,4,32100.0,08:55:00,32394,08:59:54,32100.0,08:55:00,32433,09:00:33,39,00:00:39,doors opened
07/07/2025,12,4237,Monday,Weekday,West,15648602,30000,08:20:00,30062,08:21:02,25,12891,1475 Washington Ave (12891),0,1,5,,,32172,08:56:12,,,32182,08:56:22,10,00:00:10,doors opened
07/07/2025,12,4237,Monday,Weekday,West,15648602,30000,08:20:00,30062,08:21:02,24,7216,SUNY Collins Circle (07216),0,11,6,31740.0,08:49:00,32002,08:53:22,31740.0,08:49:00,32060,08:54:20,58,00:00:58,doors opened
07/07/2025,12,4237,Monday,Weekday,West,15648602,30000,08:20:00,30062,08:21:02,23,3262,1383 Washington Ave (Fairfield Inn) (03262),0,3,17,,,31890,08:51:30,,,31911,08:51:51,21,00:00:21,doors opened
07/07/2025,12,4237,Monday,Weekday,West,15648602,30000,08:20:00,30062,08:21:02,22,976,Washington Ave & Brevator St (00976),0,6,20,,,31731,08:48:51,,,31771,08:49:31,40,00:00:40,doors opened
07/07/2025,12,4237,Monday,Weekday,West,15648602,30000,08:20:00,30062,08:21:02,21,1959,Washington Ave & Colvin Ave (01959),1,1,26,,,31655,08:47:35,,,31708,08:48:28,53,00:00:53,doors opened
07/07/2025,12,4237,Monday,Weekday,West,15648602,30000,08:20:00,30062,08:21:02,20,3399,Washington Ave & Danker Ave (03399),0,0,26,,,31633,08:47:13,,,31633,08:47:13,0,00:00:00,door not opened
07/07/2025,12,4237,Monday,Weekday,West,15648602,30000,08:20:00,30062,08:21:02,19,1849,Washington Ave & Homestead Ave (01849),1,0,26,,,31581,08:46:21,,,31596,08:46:36,15,00:00:15,doors opened
07/07/2025,12,4237,Monday,Weekday,West,15648602,30000,08:20:00,30062,08:21:02,18,1846,Washington Ave & Manning Blvd (01846),0,0,25,,,31560,08:46:00,,,31560,08:46:00,0,00:00:00,door not opened
07/07/2025,12,4237,Monday,Weekday,West,15648602,30000,08:20:00,30062,08:21:02,17,3287,Washington Ave & N. Allen St (03287),3,1,25,31260.0,08:41:00,31414,08:43:34,31260.0,08:41:00,31488,08:44:48,74,00:01:14,doors opened
07/07/2025,12,4237,Monday,Weekday,West,15648602,30000,08:20:00,30062,08:21:02,16,3264,Washington Ave & N. Main Ave (03264),2,0,23,,,31352,08:42:32,,,31385,08:43:05,33,00:00:33,doors opened
07/07/2025,12,4237,Monday,Weekday,West,15648602,30000,08:20:00,30062,08:21:02,15,1839,Washington Ave & Partridge St (01839),0,2,21,,,31270,08:41:10,,,31285,08:41:25,15,00:00:15,doors opened
07/07/2025,12,4237,Monday,Weekday,East,15650979,56100,15:35:00,56100,15:35:00,22,3940,Broadway & Steuben St (03940),0,0,0,58440.0,16:14:00,58465,16:14:25,58440.0,16:14:00,58465,16:14:25,0,00:00:00,doors opened
07/07/2025,12,4237,Monday,Weekday,East,15650979,56100,15:35:00,56100,15:35:00,21,2509,State/Downtown Station - State St & S. Pearl St (02509),0,5,0,58260.0,16:11:00,58335,16:12:15,58260.0,16:11:00,58362,16:12:42,27,00:00:27,doors opened
07/07/2025,12,4237,Monday,Weekday,East,15650979,56100,15:35:00,56100,15:35:00,20,1787,State St & Eagle St (01787),0,0,5,,,58317,16:11:57,,,58317,16:11:57,0,00:00:00,door not opened
07/07/2025,12,4237,Monday,Weekday,East,15650979,56100,15:35:00,56100,15:35:00,19,2706,Hawk/Capitol Station - Washington Ave & Hawk St (02706),0,0,5,,,58194,16:09:54,,,58194,16:09:54,0,00:00:00,door not opened
07/07/2025,12,4237,Monday,Weekday,East,15650979,56100,15:35:00,56100,15:35:00,18,1789,Washington Ave & S. Swan St (01789),0,1,5,,,58059,16:07:39,,,58129,16:08:49,70,00:01:10,doors opened
07/07/2025,12,4237,Monday,Weekday,East,15650979,56100,15:35:00,56100,15:35:00,17,1788,Washington Ave & Dove St (01788),0,1,6,,,58011,16:06:51,,,58024,16:07:04,13,00:00:13,doors opened
07/07/2025,12,4237,Monday,Weekday,East,15650979,56100,15:35:00,56100,15:35:00,16,2663,Lark/Library Station - Washington Ave & Lark St (02663),0,1,7,57960.0,16:06:00,57874,16:04:34,57960.0,16:06:00,57949,16:05:49,75,00:01:15,doors opened
07/07/2025,12,4237,Monday,Weekday,East,15650979,56100,15:35:00,56100,15:35:00,15,263,Washington Ave & Henry Johnson Blvd (00263),0,0,8,,,57851,16:04:11,,,57851,16:04:11,0,00:00:00,door not opened
07/07/2025,12,4237,Monday,Weekday,East,15650979,56100,15:35:00,56100,15:35:00,14,2096,Washington Ave & Lexington Ave (02096),0,0,8,,,57766,16:02:46,,,57766,16:02:46,0,00:00:00,door not opened
07/07/2025,12,4237,Monday,Weekday,East,15650979,56100,15:35:00,56100,15:35:00,13,3253,Washington Ave & Robin St (Draper Hall) (03253),1,2,8,,,57708,16:01:48,,,57745,16:02:25,37,00:00:37,doors opened
07/07/2025,12,4237,Monday,Weekday,East,15650979,56100,15:35:00,56100,15:35:00,12,2109,Washington Ave & N. Lake Ave (02109),0,1,9,,,57675,16:01:15,,,57687,16:01:27,12,00:00:12,doors opened
07/07/2025,12,4237,Monday,Weekday,East,15650979,56100,15:35:00,56100,15:35:00,11,3256,Washington Ave & Ontario St (03256),3,7,10,57540.0,15:59:00,57566,15:59:26,57540.0,15:59:00,57591,15:59:51,25,00:00:25,doors opened
07/07/2025,12,4237,Monday,Weekday,East,15650979,56100,15:35:00,56100,15:35:00,10,3257,Washington Ave & N. Main Ave (03257),2,1,14,,,57415,15:56:55,,,57460,15:57:40,45,00:00:45,doors opened
07/07/2025,12,4237,Monday,Weekday,East,15650979,56100,15:35:00,56100,15:35:00,9,1796,Washington Ave & N. Allen St (01796),1,6,13,57300.0,15:55:00,57340,15:55:40,57300.0,15:55:00,57384,15:56:24,44,00:00:44,doors opened
07/07/2025,12,4237,Monday,Weekday,East,15650979,56100,15:35:00,56100,15:35:00,8,11581,Washington Ave & Manning Blvd (11581),0,1,18,,,57286,15:54:46,,,57300,15:55:00,14,00:00:14,doors opened
07/07/2025,12,4237,Monday,Weekday,East,15650979,56100,15:35:00,56100,15:35:00,7,2180,Washington Ave & Homestead Ave (02180),0,2,19,,,57247,15:54:07,,,57262,15:54:22,15,00:00:15,doors opened
07/07/2025,12,4237,Monday,Weekday,East,15650979,56100,15:35:00,56100,15:35:00,6,2182,Washington Ave & Hawthorne St (02182),0,0,21,,,57221,15:53:41,,,57221,15:53:41,0,00:00:00,door not opened
07/07/2025,12,4237,Monday,Weekday,East,15650979,56100,15:35:00,56100,15:35:00,5,3304,Washington Ave & Clermont St (03304),0,1,21,,,57163,15:52:43,,,57194,15:53:14,31,00:00:31,doors opened
07/07/2025,12,4237,Monday,Weekday,East,15650979,56100,15:35:00,56100,15:35:00,4,3348,Washington Ave & Brevator St (03348),0,0,22,,,57150,15:52:30,,,57150,15:52:30,0,00:00:00,door not opened
07/07/2025,12,4237,Monday,Weekday,East,15650979,56100,15:35:00,56100,15:35:00,3,10134,Washington Ave & SUNY Exit Rd (10134),0,1,22,,,56992,15:49:52,,,57038,15:50:38,46,00:00:46,doors opened
07/07/2025,12,4237,Monday,Weekday,East,15650979,56100,15:35:00,56100,15:35:00,2,7216,SUNY Collins Circle (07216),9,1,23,56760.0,15:46:00,56856,15:47:36,56760.0,15:46:00,56893,15:48:13,37,00:00:37,doors opened
07/07/2025,12,4237,Monday,Weekday,East,15650979,56100,15:35:00,56100,15:35:00,1,12827,Crossgates Commons Station (12827),8,0,15,56460.0,15:41:00,56439,15:40:39,56460.0,15:41:00,56499,15:41:39,60,00:01:00,doors opened
07/07/2025,12,4237,Monday,Weekday,East,15650979,56100,15:35:00,56100,15:35:00,0,7175,Crossgates Mall Station (07175),7,0,7,56100.0,15:35:00,56100,15:35:00,56100.0,15:35:00,56100,15:35:00,0,00:00:00,doors opened
07/07/2025,12,4237,Monday,Weekday,West,15650981,58800,16:20:00,58828,16:20:28,9,12942,Washington Ave & Henry Johnson Blvd (12942),1,0,23,,,59644,16:34:04,,,59656,16:34:16,12,00:00:12,doors opened
07/07/2025,12,4237,Monday,Weekday,West,15650981,58800,16:20:00,58828,16:20:28,8,3239,Lark/Library Station - Washington Ave & Lark St (03239),4,1,22,59460.0,16:31:00,59481,16:31:21,59460.0,16:31:00,59561,16:32:41,80,00:01:20,doors opened
07/07/2025,12,4237,Monday,Weekday,West,15650981,58800,16:20:00,58828,16:20:28,7,3301,Washington Ave & S. Swan St (03301),4,0,19,,,59401,16:30:01,,,59440,16:30:40,39,00:00:39,doors opened
07/07/2025,12,4237,Monday,Weekday,West,15650981,58800,16:20:00,58828,16:20:28,6,3250,Hawk/Capitol Station - Washington Ave & Hawk St (03250),2,1,15,,,59357,16:29:17,,,59375,16:29:35,18,00:00:18,doors opened
07/07/2025,12,4237,Monday,Weekday,West,15650981,58800,16:20:00,58828,16:20:28,5,10087,State St & Eagle St (10087),0,0,14,,,59331,16:28:51,,,59331,16:28:51,0,00:00:00,door not opened
07/07/2025,12,4237,Monday,Weekday,West,15650981,58800,16:20:00,58828,16:20:28,4,2665,State/Downtown Station - State St & Lodge St (02665),8,1,14,59100.0,16:25:00,59104,16:25:04,59100.0,16:25:00,59281,16:28:01,177,00:02:57,doors opened
07/07/2025,12,4237,Monday,Weekday,West,15650981,58800,16:20:00,58828,16:20:28,3,3221,State Station - N. Pearl St & Ten Eyck Plaza (03221),1,0,7,,,58976,16:22:56,,,59054,16:24:14,78,00:01:18,doors opened
07/07/2025,12,4237,Monday,Weekday,West,15650981,58800,16:20:00,58828,16:20:28,2,3233,N. Pearl St & Sheridan Ave (03233),0,0,6,,,58941,16:22:21,,,58941,16:22:21,0,00:00:00,door not opened
07/07/2025,12,4237,Monday,Weekday,West,15650981,58800,16:20:00,58828,16:20:28,1,2168,Clinton Square Station - N. Pearl St & Clinton Ave (02168),0,0,6,,,58905,16:21:45,,,58905,16:21:45,0,00:00:00,door not opened
07/07/2025,12,4237,Monday,Weekday,West,15650981,58800,16:20:00,58828,16:20:28,0,9018,Broadway & Orange St (09018),6,0,6,58800.0,16:20:00,58828,16:20:28,58800.0,16:20:00,58828,16:20:28,0,00:00:00,doors opened
07/07/2025,12,4237,Monday,Weekday,West,15650981,58800,16:20:00,58828,16:20:28,27,7175,Crossgates Mall Station (07175),0,6,0,61500.0,17:05:00,61259,17:00:59,61500.0,17:05:00,61259,17:00:59,0,00:00:00,doors opened
07/07/2025,12,4237,Monday,Weekday,West,15650981,58800,16:20:00,58828,16:20:28,26,12828,Crossgates Commons Station (12828),2,2,6,61080.0,16:58:00,60963,16:56:03,61080.0,16:58:00,60991,16:56:31,28,00:00:28,doors opened
07/07/2025,12,4237,Monday,Weekday,West,15650981,58800,16:20:00,58828,16:20:28,25,12891,1475 Washington Ave (12891),0,0,6,,,60699,16:51:39,,,60798,16:53:18,99,00:01:39,doors opened
07/07/2025,12,4237,Monday,Weekday,West,15650981,58800,16:20:00,58828,16:20:28,24,7216,SUNY Collins Circle (07216),0,2,6,60660.0,16:51:00,60613,16:50:13,60660.0,16:51:00,60626,16:50:26,13,00:00:13,doors opened
07/07/2025,12,4237,Monday,Weekday,West,15650981,58800,16:20:00,58828,16:20:28,23,3262,1383 Washington Ave (Fairfield Inn) (03262),0,6,8,,,60441,16:47:21,,,60506,16:48:26,65,00:01:05,doors opened
07/07/2025,12,4237,Monday,Weekday,West,15650981,58800,16:20:00,58828,16:20:28,22,976,Washington Ave & Brevator St (00976),0,1,14,,,60323,16:45:23,,,60334,16:45:34,11,00:00:11,doors opened
07/07/2025,12,4237,Monday,Weekday,West,15650981,58800,16:20:00,58828,16:20:28,21,1959,Washington Ave & Colvin Ave (01959),2,0,15,,,60275,16:44:35,,,60300,16:45:00,25,00:00:25,doors opened
07/07/2025,12,4237,Monday,Weekday,West,15650981,58800,16:20:00,58828,16:20:28,20,3399,Washington Ave & Danker Ave (03399),0,5,13,,,60217,16:43:37,,,60238,16:43:58,21,00:00:21,doors opened
07/07/2025,12,4237,Monday,Weekday,West,15650981,58800,16:20:00,58828,16:20:28,19,1849,Washington Ave & Homestead Ave (01849),0,0,18,,,60196,16:43:16,,,60196,16:43:16,0,00:00:00,door not opened
07/07/2025,12,4237,Monday,Weekday,West,15650981,58800,16:20:00,58828,16:20:28,18,1846,Washington Ave & Manning Blvd (01846),0,0,18,,,60180,16:43:00,,,60180,16:43:00,0,00:00:00,door not opened
07/07/2025,12,4237,Monday,Weekday,West,15650981,58800,16:20:00,58828,16:20:28,17,3287,Washington Ave & N. Allen St (03287),0,1,18,60180.0,16:43:00,60134,16:42:14,60180.0,16:43:00,60153,16:42:33,19,00:00:19,doors opened
07/07/2025,12,4237,Monday,Weekday,West,15650981,58800,16:20:00,58828,16:20:28,16,3264,Washington Ave & N. Main Ave (03264),0,3,19,,,60062,16:41:02,,,60102,16:41:42,40,00:00:40,doors opened
07/07/2025,12,4237,Monday,Weekday,West,15650981,58800,16:20:00,58828,16:20:28,15,1839,Washington Ave & Partridge St (01839),0,1,22,,,59945,16:39:05,,,59976,16:39:36,31,00:00:31,doors opened
07/07/2025,12,4237,Monday,Weekday,West,15650981,58800,16:20:00,58828,16:20:28,14,1841,Washington Ave & Ontario St (01841),1,1,23,59880.0,16:38:00,59899,16:38:19,59880.0,16:38:00,59922,16:38:42,23,00:00:23,doors opened
07/07/2025,12,4237,Monday,Weekday,West,15650981,58800,16:20:00,58828,16:20:28,13,1842,Washington Ave & Quail St (01842),2,1,23,,,59820,16:37:00,,,59875,16:37:55,55,00:00:55,doors opened
07/07/2025,12,4237,Monday,Weekday,West,15650981,58800,16:20:00,58828,16:20:28,12,1837,Washington Ave & N. Lake Ave (01837),0,0,22,,,59793,16:36:33,,,59793,16:36:33,0,00:00:00,door not opened
07/07/2025,12,4237,Monday,Weekday,West,15650981,58800,16:20:00,58828,16:20:28,11,1843,Washington Ave & Robin St (01843),1,1,22,,,59731,16:35:31,,,59758,16:35:58,27,00:00:27,doors opened
07/07/2025,12,4237,Monday,Weekday,West,15650981,58800,16:20:00,58828,16:20:28,10,12943,Washington Ave & Lexington Ave (12943),0,1,22,,,59690,16:34:50,,,59704,16:35:04,14,00:00:14,doors opened
07/07/2025,12,4237,Monday,Weekday,East,15650982,62100,17:15:00,62109,17:15:09,24,3940,Broadway & Steuben St (03940),0,0,0,64440.0,17:54:00,64288,17:51:28,64440.0,17:54:00,64288,17:51:28,0,00:00:00,doors opened
07/07/2025,12,4237,Monday,Weekday,East,15650982,62100,17:15:00,62109,17:15:09,23,2509,State/Downtown Station - State St & S. Pearl St (02509),0,4,0,64260.0,17:51:00,64204,17:50:04,64260.0,17:51:00,64224,17:50:24,20,00:00:20,doors opened
07/07/2025,12,4237,Monday,Weekday,East,15650982,62100,17:15:00,62109,17:15:09,22,1787,State St & Eagle St (01787),0,0,4,,,64171,17:49:31,,,64171,17:49:31,0,00:00:00,door not opened
07/07/2025,12,4237,Monday,Weekday,East,15650982,62100,17:15:00,62109,17:15:09,21,2706,Hawk/Capitol Station - Washington Ave & Hawk St (02706),0,2,4,,,64091,17:48:11,,,64107,17:48:27,16,00:00:16,doors opened
07/07/2025,12,4237,Monday,Weekday,East,15650982,62100,17:15:00,62109,17:15:09,20,1789,Washington Ave & S. Swan St (01789),0,1,6,,,64047,17:47:27,,,64070,17:47:50,23,00:00:23,doors opened
07/07/2025,12,4237,Monday,Weekday,East,15650982,62100,17:15:00,62109,17:15:09,19,1788,Washington Ave & Dove St (01788),0,1,7,,,64016,17:46:56,,,64023,17:47:03,7,00:00:07,doors opened
07/07/2025,12,4237,Monday,Weekday,East,15650982,62100,17:15:00,62109,17:15:09,18,2663,Lark/Library Station - Washington Ave & Lark St (02663),0,0,8,63960.0,17:46:00,63993,17:46:33,63960.0,17:46:00,63993,17:46:33,0,00:00:00,door not opened
07/07/2025,12,4237,Monday,Weekday,East,15650982,62100,17:15:00,62109,17:15:09,17,263,Washington Ave & Henry Johnson Blvd (00263),0,4,8,,,63935,17:45:35,,,63957,17:45:57,22,00:00:22,doors opened
07/07/2025,12,4237,Monday,Weekday,East,15650982,62100,17:15:00,62109,17:15:09,16,2096,Washington Ave & Lexington Ave (02096),0,3,12,,,63877,17:44:37,,,63890,17:44:50,13,00:00:13,doors opened
07/07/2025,12,4237,Monday,Weekday,East,15650982,62100,17:15:00,62109,17:15:09,15,3253,Washington Ave & Robin St (Draper Hall) (03253),0,2,15,,,63832,17:43:52,,,63859,17:44:19,27,00:00:27,doors opened
07/07/2025,12,4237,Monday,Weekday,East,15650982,62100,17:15:00,62109,17:15:09,14,2109,Washington Ave & N. Lake Ave (02109),0,0,17,,,63815,17:43:35,,,63815,17:43:35,0,00:00:00,door not opened
07/07/2025,12,4237,Monday,Weekday,East,15650982,62100,17:15:00,62109,17:15:09,13,3255,Washington Ave & Quail St (03255),0,8,17,,,63735,17:42:15,,,63772,17:42:52,37,00:00:37,doors opened
07/07/2025,12,4237,Monday,Weekday,East,15650982,62100,17:15:00,62109,17:15:09,12,3256,Washington Ave & Ontario St (03256),0,4,25,63540.0,17:39:00,63698,17:41:38,63540.0,17:39:00,63716,17:41:56,18,00:00:18,doors opened
07/07/2025,12,4237,Monday,Weekday,East,15650982,62100,17:15:00,62109,17:15:09,11,2107,Washington Ave & Partridge St (02107),2,1,29,,,63660,17:41:00,,,63677,17:41:17,17,00:00:17,doors opened
07/07/2025,12,4237,Monday,Weekday,East,15650982,62100,17:15:00,62109,17:15:09,10,3257,Washington Ave & N. Main Ave (03257),0,2,28,,,63537,17:38:57,,,63582,17:39:42,45,00:00:45,doors opened
07/07/2025,12,4237,Monday,Weekday,East,15650982,62100,17:15:00,62109,17:15:09,9,1796,Washington Ave & N. Allen St (01796),3,4,30,63300.0,17:35:00,63450,17:37:30,63300.0,17:35:00,63507,17:38:27,57,00:00:57,doors opened
07/07/2025,12,4237,Monday,Weekday,East,15650982,62100,17:15:00,62109,17:15:09,8,11581,Washington Ave & Manning Blvd (11581),1,1,31,,,63384,17:36:24,,,63419,17:36:59,35,00:00:35,doors opened
07/07/2025,12,4237,Monday,Weekday,East,15650982,62100,17:15:00,62109,17:15:09,7,2180,Washington Ave & Homestead Ave (02180),0,1,31,,,63343,17:35:43,,,63362,17:36:02,19,00:00:19,doors opened
07/07/2025,12,4237,Monday,Weekday,East,15650982,62100,17:15:00,62109,17:15:09,6,2182,Washington Ave & Hawthorne St (02182),1,0,32,,,63297,17:34:57,,,63318,17:35:18,21,00:00:21,doors opened
07/07/2025,12,4237,Monday,Weekday,East,15650982,62100,17:15:00,62109,17:15:09,5,3304,Washington Ave & Clermont St (03304),0,4,31,,,63224,17:33:44,,,63271,17:34:31,47,00:00:47,doors opened
07/07/2025,12,4237,Monday,Weekday,East,15650982,62100,17:15:00,62109,17:15:09,4,3348,Washington Ave & Brevator St (03348),2,0,35,,,63187,17:33:07,,,63203,17:33:23,16,00:00:16,doors opened
07/07/2025,12,4237,Monday,Weekday,East,15650982,62100,17:15:00,62109,17:15:09,3,10134,Washington Ave & SUNY Exit Rd (10134),6,0,33,,,63054,17:30:54,,,63090,17:31:30,36,00:00:36,doors opened
07/07/2025,12,4237,Monday,Weekday,East,15650982,62100,17:15:00,62109,17:15:09,2,7216,SUNY Collins Circle (07216),7,2,27,62760.0,17:26:00,62884,17:28:04,62760.0,17:26:00,62939,17:28:59,55,00:00:55,doors opened
07/07/2025,12,4237,Monday,Weekday,East,15650982,62100,17:15:00,62109,17:15:09,1,12827,Crossgates Commons Station (12827),13,0,22,62460.0,17:21:00,62497,17:21:37,62460.0,17:21:00,62669,17:24:29,172,00:02:52,doors opened
07/07/2025,12,4237,Monday,Weekday,East,15650982,62100,17:15:00,62109,17:15:09,0,7175,Crossgates Mall Station (07175),9,0,9,62100.0,17:15:00,62109,17:15:09,62100.0,17:15:00,62109,17:15:09,0,00:00:00,doors opened
07/07/2025,12,4237,Monday,Weekday,West,15650984,64800,18:00:00,64794,17:59:54,4,2665,State/Downtown Station - State St & Lodge St (02665),3,0,11,65100.0,18:05:00,64981,18:03:01,65100.0,18:05:00,65004,18:03:24,23,00:00:23,doors opened
07/07/2025,12,4237,Monday,Weekday,West,15650984,64800,18:00:00,64794,17:59:54,3,3221,State Station - N. Pearl St & Ten Eyck Plaza (03221),3,0,8,,,64936,18:02:16,,,64952,18:02:32,16,00:00:16,doors opened
07/07/2025,12,4237,Monday,Weekday,West,15650984,64800,18:00:00,64794,17:59:54,2,3233,N. Pearl St & Sheridan Ave (03233),0,0,5,,,64894,18:01:34,,,64894,18:01:34,0,00:00:00,door not opened
07/07/2025,12,4237,Monday,Weekday,West,15650984,64800,18:00:00,64794,17:59:54,1,2168,Clinton Square Station - N. Pearl St & Clinton Ave (02168),2,0,5,,,64839,18:00:39,,,64858,18:00:58,19,00:00:19,doors opened
07/07/2025,12,4237,Monday,Weekday,West,15650984,64800,18:00:00,64794,17:59:54,0,9018,Broadway & Orange St (09018),3,0,3,64800.0,18:00:00,64794,17:59:54,64800.0,18:00:00,64794,17:59:54,0,00:00:00,doors opened
07/07/2025,12,4237,Monday,Weekday,West,15650984,64800,18:00:00,64794,17:59:54,27,7175,Crossgates Mall Station (07175),0,6,0,67200.0,18:40:00,66878,18:34:38,67200.0,18:40:00,66878,18:34:38,0,00:00:00,doors opened
07/07/2025,12,4237,Monday,Weekday,West,15650984,64800,18:00:00,64794,17:59:54,26,12828,Crossgates Commons Station (12828),3,6,6,66780.0,18:33:00,66630,18:30:30,66780.0,18:33:00,66659,18:30:59,29,00:00:29,doors opened
07/07/2025,12,4237,Monday,Weekday,West,15650984,64800,18:00:00,64794,17:59:54,25,12891,1475 Washington Ave (12891),0,0,9,,,66468,18:27:48,,,66468,18:27:48,0,00:00:00,door not opened
07/07/2025,12,4237,Monday,Weekday,West,15650984,64800,18:00:00,64794,17:59:54,24,7216,SUNY Collins Circle (07216),1,0,9,66420.0,18:27:00,66301,18:25:01,66420.0,18:27:00,66316,18:25:16,15,00:00:15,doors opened
07/07/2025,12,4237,Monday,Weekday,West,15650984,64800,18:00:00,64794,17:59:54,23,3262,1383 Washington Ave (Fairfield Inn) (03262),0,2,8,,,66191,18:23:11,,,66206,18:23:26,15,00:00:15,doors opened
07/07/2025,12,4237,Monday,Weekday,West,15650984,64800,18:00:00,64794,17:59:54,22,976,Washington Ave & Brevator St (00976),0,0,10,,,66084,18:21:24,,,66084,18:21:24,0,00:00:00,door not opened
07/07/2025,12,4237,Monday,Weekday,West,15650984,64800,18:00:00,64794,17:59:54,21,1959,Washington Ave & Colvin Ave (01959),1,1,10,,,66005,18:20:05,,,66061,18:21:01,56,00:00:56,doors opened
07/07/2025,12,4237,Monday,Weekday,West,15650984,64800,18:00:00,64794,17:59:54,20,3399,Washington Ave & Danker Ave (03399),0,0,10,,,65980,18:19:40,,,65980,18:19:40,0,00:00:00,door not opened
07/07/2025,12,4237,Monday,Weekday,West,15650984,64800,18:00:00,64794,17:59:54,19,1849,Washington Ave & Homestead Ave (01849),0,0,10,,,65958,18:19:18,,,65958,18:19:18,0,00:00:00,door not opened
07/07/2025,12,4237,Monday,Weekday,West,15650984,64800,18:00:00,64794,17:59:54,18,1846,Washington Ave & Manning Blvd (01846),0,0,10,,,65935,18:18:55,,,65935,18:18:55,0,00:00:00,door not opened
07/07/2025,12,4237,Monday,Weekday,West,15650984,64800,18:00:00,64794,17:59:54,17,3287,Washington Ave & N. Allen St (03287),0,2,10,66000.0,18:20:00,65846,18:17:26,66000.0,18:20:00,65862,18:17:42,16,00:00:16,doors opened
07/07/2025,12,4237,Monday,Weekday,West,15650984,64800,18:00:00,64794,17:59:54,16,3264,Washington Ave & N. Main Ave (03264),3,0,12,,,65751,18:15:51,,,65807,18:16:47,56,00:00:56,doors opened
07/07/2025,12,4237,Monday,Weekday,West,15650984,64800,18:00:00,64794,17:59:54,15,1839,Washington Ave & Partridge St (01839),0,3,9,,,65645,18:14:05,,,65682,18:14:42,37,00:00:37,doors opened
07/07/2025,12,4237,Monday,Weekday,West,15650984,64800,18:00:00,64794,17:59:54,14,1841,Washington Ave & Ontario St (01841),1,0,12,65820.0,18:17:00,65595,18:13:15,65820.0,18:17:00,65612,18:13:32,17,00:00:17,doors opened
07/07/2025,12,4237,Monday,Weekday,West,15650984,64800,18:00:00,64794,17:59:54,13,1842,Washington Ave & Quail St (01842),0,0,11,,,65571,18:12:51,,,65571,18:12:51,0,00:00:00,door not opened
07/07/2025,12,4237,Monday,Weekday,West,15650984,64800,18:00:00,64794,17:59:54,12,1837,Washington Ave & N. Lake Ave (01837),0,0,11,,,65539,18:12:19,,,65539,18:12:19,0,00:00:00,door not opened
07/07/2025,12,4237,Monday,Weekday,West,15650984,64800,18:00:00,64794,17:59:54,11,1843,Washington Ave & Robin St (01843),0,0,11,,,65492,18:11:32,,,65492,18:11:32,0,00:00:00,door not opened
07/07/2025,12,4237,Monday,Weekday,West,15650984,64800,18:00:00,64794,17:59:54,10,12943,Washington Ave & Lexington Ave (12943),0,0,11,,,65471,18:11:11,,,65471,18:11:11,0,00:00:00,door not opened
07/07/2025,12,4237,Monday,Weekday,West,15650984,64800,18:00:00,64794,17:59:54,9,12942,Washington Ave & Henry Johnson Blvd (12942),1,1,11,,,65389,18:09:49,,,65402,18:10:02,13,00:00:13,doors opened
07/07/2025,12,4237,Monday,Weekday,West,15650984,64800,18:00:00,64794,17:59:54,8,3239,Lark/Library Station - Washington Ave & Lark St (03239),0,0,11,65400.0,18:10:00,65221,18:07:01,65400.0,18:10:00,65279,18:07:59,58,00:00:58,doors opened
07/07/2025,12,4237,Monday,Weekday,West,15650984,64800,18:00:00,64794,17:59:54,7,3301,Washington Ave & S. Swan St (03301),1,1,11,,,65127,18:05:27,,,65152,18:05:52,25,00:00:25,doors opened
07/07/2025,12,4237,Monday,Weekday,West,15650984,64800,18:00:00,64794,17:59:54,6,3250,Hawk/Capitol Station - Washington Ave & Hawk St (03250),0,0,11,,,65110,18:05:10,,,65110,18:05:10,0,00:00:00,door not opened
07/07/2025,12,4237,Monday,Weekday,West,15650984,64800,18:00:00,64794,17:59:54,5,10087,State St & Eagle St (10087),0,0,11,,,65079,18:04:39,,,65079,18:04:39,0,00:00:00,door not opened
07/07/2025,12,4237,Monday,Weekday,West,15650702,44400,12:20:00,44507,12:21:47,27,7175,Crossgates Mall Station (07175),0,3,0,46800.0,13:00:00,46686,12:58:06,46800.0,13:00:00,46686,12:58:06,0,00:00:00,doors opened
07/07/2025,12,4237,Monday,Weekday,West,15650702,44400,12:20:00,44507,12:21:47,26,12828,Crossgates Commons Station (12828),0,8,3,46380.0,12:53:00,46436,12:53:56,46380.0,12:53:00,46454,12:54:14,18,00:00:18,doors opened
07/07/2025,12,4237,Monday,Weekday,West,15650702,44400,12:20:00,44507,12:21:47,25,12891,1475 Washington Ave (12891),0,0,11,,,46275,12:51:15,,,46275,12:51:15,0,00:00:00,door not opened
07/07/2025,12,4237,Monday,Weekday,West,15650702,44400,12:20:00,44507,12:21:47,24,7216,SUNY Collins Circle (07216),0,1,11,46020.0,12:47:00,46096,12:48:16,46020.0,12:47:00,46109,12:48:29,13,00:00:13,doors opened
07/07/2025,12,4237,Monday,Weekday,West,15650702,44400,12:20:00,44507,12:21:47,23,3262,1383 Washington Ave (Fairfield Inn) (03262),0,1,12,,,45964,12:46:04,,,45981,12:46:21,17,00:00:17,doors opened
07/07/2025,12,4237,Monday,Weekday,West,15650702,44400,12:20:00,44507,12:21:47,22,976,Washington Ave & Brevator St (00976),0,0,13,,,45830,12:43:50,,,45830,12:43:50,0,00:00:00,door not opened
07/07/2025,12,4237,Monday,Weekday,West,15650702,44400,12:20:00,44507,12:21:47,21,1959,Washington Ave & Colvin Ave (01959),1,1,13,,,45742,12:42:22,,,45810,12:43:30,68,00:01:08,doors opened
07/07/2025,12,4237,Monday,Weekday,West,15650702,44400,12:20:00,44507,12:21:47,20,3399,Washington Ave & Danker Ave (03399),0,0,13,,,45720,12:42:00,,,45720,12:42:00,0,00:00:00,door not opened
07/07/2025,12,4237,Monday,Weekday,West,15650702,44400,12:20:00,44507,12:21:47,19,1849,Washington Ave & Homestead Ave (01849),1,0,13,,,45680,12:41:20,,,45699,12:41:39,19,00:00:19,doors opened
07/07/2025,12,4237,Monday,Weekday,West,15650702,44400,12:20:00,44507,12:21:47,18,1846,Washington Ave & Manning Blvd (01846),0,0,12,,,45660,12:41:00,,,45660,12:41:00,0,00:00:00,door not opened
07/07/2025,12,4237,Monday,Weekday,West,15650702,44400,12:20:00,44507,12:21:47,17,3287,Washington Ave & N. Allen St (03287),0,3,12,45600.0,12:40:00,45568,12:39:28,45600.0,12:40:00,45590,12:39:50,22,00:00:22,doors opened
07/07/2025,12,4237,Monday,Weekday,West,15650702,44400,12:20:00,44507,12:21:47,16,3264,Washington Ave & N. Main Ave (03264),1,0,15,,,45496,12:38:16,,,45537,12:38:57,41,00:00:41,doors opened
07/07/2025,12,4237,Monday,Weekday,West,15650702,44400,12:20:00,44507,12:21:47,15,1839,Washington Ave & Partridge St (01839),0,0,14,,,45415,12:36:55,,,45415,12:36:55,0,00:00:00,door not opened
07/07/2025,12,4237,Monday,Weekday,West,15650702,44400,12:20:00,44507,12:21:47,14,1841,Washington Ave & Ontario St (01841),0,0,14,45360.0,12:36:00,45381,12:36:21,45360.0,12:36:00,45381,12:36:21,0,00:00:00,door not opened
07/07/2025,12,4237,Monday,Weekday,West,15650702,44400,12:20:00,44507,12:21:47,13,1842,Washington Ave & Quail St (01842),7,1,14,,,45277,12:34:37,,,45337,12:35:37,60,00:01:00,doors opened
07/07/2025,12,4237,Monday,Weekday,West,15650702,44400,12:20:00,44507,12:21:47,12,1837,Washington Ave & N. Lake Ave (01837),1,2,8,,,45192,12:33:12,,,45254,12:34:14,62,00:01:02,doors opened
07/07/2025,12,4237,Monday,Weekday,West,15650702,44400,12:20:00,44507,12:21:47,11,1843,Washington Ave & Robin St (01843),0,1,9,,,45155,12:32:35,,,45172,12:32:52,17,00:00:17,doors opened
07/07/2025,12,4237,Monday,Weekday,West,15650702,44400,12:20:00,44507,12:21:47,10,12943,Washington Ave & Lexington Ave (12943),0,0,10,,,45134,12:32:14,,,45134,12:32:14,0,00:00:00,door not opened
07/07/2025,12,4237,Monday,Weekday,West,15650702,44400,12:20:00,44507,12:21:47,9,12942,Washington Ave & Henry Johnson Blvd (12942),4,0,10,,,45040,12:30:40,,,45073,12:31:13,33,00:00:33,doors opened
07/07/2025,12,4237,Monday,Weekday,West,15650702,44400,12:20:00,44507,12:21:47,8,3239,Lark/Library Station - Washington Ave & Lark St (03239),4,0,6,44940.0,12:29:00,44896,12:28:16,44940.0,12:29:00,44964,12:29:24,68,00:01:08,doors opened
07/07/2025,12,4237,Monday,Weekday,West,15650702,44400,12:20:00,44507,12:21:47,7,3301,Washington Ave & S. Swan St (03301),0,0,2,,,44848,12:27:28,,,44848,12:27:28,0,00:00:00,door not opened
07/07/2025,12,4237,Monday,Weekday,West,15650702,44400,12:20:00,44507,12:21:47,6,3250,Hawk/Capitol Station - Washington Ave & Hawk St (03250),0,0,2,,,44822,12:27:02,,,44822,12:27:02,0,00:00:00,door not opened
07/07/2025,12,4237,Monday,Weekday,West,15650702,44400,12:20:00,44507,12:21:47,5,10087,State St & Eagle St (10087),0,0,2,,,44756,12:25:56,,,44756,12:25:56,0,00:00:00,door not opened
07/07/2025,12,4237,Monday,Weekday,West,15650702,44400,12:20:00,44507,12:21:47,4,2665,State/Downtown Station - State St & Lodge St (02665),2,0,2,44640.0,12:24:00,44645,12:24:05,44640.0,12:24:00,44682,12:24:42,37,00:00:37,doors opened
07/07/2025,12,4237,Monday,Weekday,West,15650702,44400,12:20:00,44507,12:21:47,3,3221,State Station - N. Pearl St & Ten Eyck Plaza (03221),0,0,0,,,44596,12:23:16,,,44596,12:23:16,0,00:00:00,door not opened
07/07/2025,12,4237,Monday,Weekday,West,15650702,44400,12:20:00,44507,12:21:47,2,3233,N. Pearl St & Sheridan Ave (03233),0,0,0,,,44527,12:22:07,,,44527,12:22:07,0,00:00:00,door not opened
07/07/2025,12,4237,Monday,Weekday,West,15650702,44400,12:20:00,44507,12:21:47,1,2168,Clinton Square Station - N. Pearl St & Clinton Ave (02168),0,0,0,,,44515,12:21:55,,,44515,12:21:55,0,00:00:00,door not opened
07/07/2025,12,4237,Monday,Weekday,West,15650702,44400,12:20:00,44507,12:21:47,0,9018,Broadway & Orange St (09018),0,0,0,44400.0,12:20:00,44507,12:21:47,44400.0,12:20:00,44507,12:21:47,0,00:00:00,door not opened
07/07/2025,12,4239,Monday,Weekday,West,15649672,19800,05:30:00,20046,05:34:06,27,7175,Crossgates Mall Station (07175),0,3,0,21840.0,06:04:00,21696,06:01:36,21840.0,06:04:00,21696,06:01:36,0,00:00:00,doors opened
07/07/2025,12,4239,Monday,Weekday,West,15649672,19800,05:30:00,20046,05:34:06,26,12828,Crossgates Commons Station (12828),0,8,3,21480.0,05:58:00,21471,05:57:51,21480.0,05:58:00,21494,05:58:14,23,00:00:23,doors opened
07/07/2025,12,4239,Monday,Weekday,West,15649672,19800,05:30:00,20046,05:34:06,25,12891,1475 Washington Ave (12891),0,0,11,,,21322,05:55:22,,,21322,05:55:22,0,00:00:00,door not opened
07/07/2025,12,4239,Monday,Weekday,West,15649672,19800,05:30:00,20046,05:34:06,24,7216,SUNY Collins Circle (07216),0,0,11,21120.0,05:52:00,21250,05:54:10,21120.0,05:52:00,21250,05:54:10,0,00:00:00,door not opened
07/07/2025,12,4239,Monday,Weekday,West,15649672,19800,05:30:00,20046,05:34:06,23,3262,1383 Washington Ave (Fairfield Inn) (03262),0,0,11,,,21165,05:52:45,,,21165,05:52:45,0,00:00:00,door not opened
07/07/2025,12,4239,Monday,Weekday,West,15649672,19800,05:30:00,20046,05:34:06,22,976,Washington Ave & Brevator St (00976),1,0,11,,,21007,05:50:07,,,21028,05:50:28,21,00:00:21,doors opened
07/07/2025,12,4239,Monday,Weekday,West,15649672,19800,05:30:00,20046,05:34:06,21,1959,Washington Ave & Colvin Ave (01959),1,0,10,,,20942,05:49:02,,,20968,05:49:28,26,00:00:26,doors opened
07/07/2025,12,4239,Monday,Weekday,West,15649672,19800,05:30:00,20046,05:34:06,20,3399,Washington Ave & Danker Ave (03399),0,0,9,,,20919,05:48:39,,,20919,05:48:39,0,00:00:00,door not opened
07/07/2025,12,4239,Monday,Weekday,West,15649672,19800,05:30:00,20046,05:34:06,19,1849,Washington Ave & Homestead Ave (01849),0,0,9,,,20905,05:48:25,,,20905,05:48:25,0,00:00:00,door not opened
07/07/2025,12,4239,Monday,Weekday,West,15649672,19800,05:30:00,20046,05:34:06,18,1846,Washington Ave & Manning Blvd (01846),0,0,9,,,20882,05:48:02,,,20882,05:48:02,0,00:00:00,door not opened
07/07/2025,12,4239,Monday,Weekday,West,15649672,19800,05:30:00,20046,05:34:06,17,3287,Washington Ave & N. Allen St (03287),0,0,9,20760.0,05:46:00,20853,05:47:33,20760.0,05:46:00,20853,05:47:33,0,00:00:00,door not opened
07/07/2025,12,4239,Monday,Weekday,West,15649672,19800,05:30:00,20046,05:34:06,16,3264,Washington Ave & N. Main Ave (03264),1,0,9,,,20768,05:46:08,,,20816,05:46:56,48,00:00:48,doors opened
07/07/2025,12,4239,Monday,Weekday,West,15649672,19800,05:30:00,20046,05:34:06,15,1839,Washington Ave & Partridge St (01839),1,0,8,,,20688,05:44:48,,,20704,05:45:04,16,00:00:16,doors opened
07/07/2025,12,4239,Monday,Weekday,West,15649672,19800,05:30:00,20046,05:34:06,14,1841,Washington Ave & Ontario St (01841),0,0,7,20520.0,05:42:00,20669,05:44:29,20520.0,05:42:00,20669,05:44:29,0,00:00:00,door not opened
07/07/2025,12,4239,Monday,Weekday,West,15649672,19800,05:30:00,20046,05:34:06,13,1842,Washington Ave & Quail St (01842),0,0,7,,,20621,05:43:41,,,20621,05:43:41,0,00:00:00,door not opened
07/07/2025,12,4239,Monday,Weekday,West,15649672,19800,05:30:00,20046,05:34:06,12,1837,Washington Ave & N. Lake Ave (01837),0,0,7,,,20596,05:43:16,,,20596,05:43:16,0,00:00:00,door not opened
07/07/2025,12,4239,Monday,Weekday,West,15649672,19800,05:30:00,20046,05:34:06,11,1843,Washington Ave & Robin St (01843),3,0,7,,,20507,05:41:47,,,20561,05:42:41,54,00:00:54,doors opened
07/07/2025,12,4239,Monday,Weekday,West,15649672,19800,05:30:00,20046,05:34:06,10,12943,Washington Ave & Lexington Ave (12943),0,0,4,,,20485,05:41:25,,,20485,05:41:25,0,00:00:00,door not opened
07/07/2025,12,4239,Monday,Weekday,West,15649672,19800,05:30:00,20046,05:34:06,9,12942,Washington Ave & Henry Johnson Blvd (12942),0,0,4,,,20457,05:40:57,,,20457,05:40:57,0,00:00:00,door not opened
07/07/2025,12,4239,Monday,Weekday,West,15649672,19800,05:30:00,20046,05:34:06,8,3239,Lark/Library Station - Washington Ave & Lark St (03239),0,0,4,20220.0,05:37:00,20357,05:39:17,20220.0,05:37:00,20375,05:39:35,18,00:00:18,doors opened
07/07/2025,12,4239,Monday,Weekday,West,15649672,19800,05:30:00,20046,05:34:06,7,3301,Washington Ave & S. Swan St (03301),0,0,4,,,20325,05:38:45,,,20325,05:38:45,0,00:00:00,door not opened
07/07/2025,12,4239,Monday,Weekday,West,15649672,19800,05:30:00,20046,05:34:06,6,3250,Hawk/Capitol Station - Washington Ave & Hawk St (03250),0,0,4,,,20270,05:37:50,,,20270,05:37:50,0,00:00:00,door not opened
07/07/2025,12,4239,Monday,Weekday,West,15649672,19800,05:30:00,20046,05:34:06,5,10087,State St & Eagle St (10087),0,0,4,,,20243,05:37:23,,,20243,05:37:23,0,00:00:00,door not opened
07/07/2025,12,4239,Monday,Weekday,West,15649672,19800,05:30:00,20046,05:34:06,4,2665,State/Downtown Station - State St & Lodge St (02665),3,0,4,19980.0,05:33:00,20168,05:36:08,19980.0,05:33:00,20214,05:36:54,46,00:00:46,doors opened
07/07/2025,12,4239,Monday,Weekday,West,15649672,19800,05:30:00,20046,05:34:06,3,3221,State Station - N. Pearl St & Ten Eyck Plaza (03221),0,0,1,,,20138,05:35:38,,,20138,05:35:38,0,00:00:00,door not opened
07/07/2025,12,4239,Monday,Weekday,West,15649672,19800,05:30:00,20046,05:34:06,2,3233,N. Pearl St & Sheridan Ave (03233),0,0,1,,,20085,05:34:45,,,20098,05:34:58,13,00:00:13,doors opened
07/07/2025,12,4239,Monday,Weekday,West,15649672,19800,05:30:00,20046,05:34:06,1,2168,Clinton Square Station - N. Pearl St & Clinton Ave (02168),1,0,1,,,20055,05:34:15,,,20071,05:34:31,16,00:00:16,doors opened
07/07/2025,12,4239,Monday,Weekday,West,15649672,19800,05:30:00,20046,05:34:06,0,9018,Broadway & Orange St (09018),0,0,0,19800.0,05:30:00,20046,05:34:06,19800.0,05:30:00,20046,05:34:06,0,00:00:00,door not opened
07/07/2025,12,4240,Monday,Weekday,West,15649848,36000,10:00:00,36163,10:02:43,6,3250,Hawk/Capitol Station - Washington Ave & Hawk St (03250),0,0,4,,,36309,10:05:09,,,36309,10:05:09,0,00:00:00,door not opened
07/07/2025,12,4240,Monday,Weekday,West,15649848,36000,10:00:00,36163,10:02:43,5,10087,State St & Eagle St (10087),0,0,4,,,36287,10:04:47,,,36287,10:04:47,0,00:00:00,door not opened
07/07/2025,12,4240,Monday,Weekday,West,15649848,36000,10:00:00,36163,10:02:43,4,2665,State/Downtown Station - State St & Lodge St (02665),1,1,4,36240.0,10:04:00,36188,10:03:08,36240.0,10:04:00,36213,10:03:33,25,00:00:25,doors opened
07/07/2025,12,4240,Monday,Weekday,West,15649848,36000,10:00:00,36163,10:02:43,3,3221,State Station - N. Pearl St & Ten Eyck Plaza (03221),0,0,4,,,36175,10:02:55,,,36175,10:02:55,0,00:00:00,door not opened
07/07/2025,12,4240,Monday,Weekday,West,15649848,36000,10:00:00,36163,10:02:43,0,9018,Broadway & Orange St (09018),0,0,4,36000.0,10:00:00,36163,10:02:43,36000.0,10:00:00,36163,10:02:43,0,00:00:00,door not opened
07/07/2025,12,4240,Monday,Weekday,West,15649848,36000,10:00:00,36163,10:02:43,27,7175,Crossgates Mall Station (07175),0,1,0,38400.0,10:40:00,38044,10:34:04,38400.0,10:40:00,38044,10:34:04,0,00:00:00,doors opened
07/07/2025,12,4240,Monday,Weekday,West,15649848,36000,10:00:00,36163,10:02:43,26,12828,Crossgates Commons Station (12828),0,7,1,37980.0,10:33:00,37854,10:30:54,37980.0,10:33:00,37877,10:31:17,23,00:00:23,doors opened
07/07/2025,12,4240,Monday,Weekday,West,15649848,36000,10:00:00,36163,10:02:43,25,12891,1475 Washington Ave (12891),0,0,8,,,37661,10:27:41,,,37661,10:27:41,0,00:00:00,door not opened
07/07/2025,12,4240,Monday,Weekday,West,15649848,36000,10:00:00,36163,10:02:43,24,7216,SUNY Collins Circle (07216),0,2,8,37620.0,10:27:00,37501,10:25:01,37620.0,10:27:00,37514,10:25:14,13,00:00:13,doors opened
07/07/2025,12,4240,Monday,Weekday,West,15649848,36000,10:00:00,36163,10:02:43,23,3262,1383 Washington Ave (Fairfield Inn) (03262),1,6,10,,,37356,10:22:36,,,37385,10:23:05,29,00:00:29,doors opened
07/07/2025,12,4240,Monday,Weekday,West,15649848,36000,10:00:00,36163,10:02:43,22,976,Washington Ave & Brevator St (00976),0,2,15,,,37221,10:20:21,,,37234,10:20:34,13,00:00:13,doors opened
07/07/2025,12,4240,Monday,Weekday,West,15649848,36000,10:00:00,36163,10:02:43,21,1959,Washington Ave & Colvin Ave (01959),0,0,17,,,37205,10:20:05,,,37205,10:20:05,0,00:00:00,door not opened
07/07/2025,12,4240,Monday,Weekday,West,15649848,36000,10:00:00,36163,10:02:43,20,3399,Washington Ave & Danker Ave (03399),0,0,17,,,37187,10:19:47,,,37187,10:19:47,0,00:00:00,door not opened
07/07/2025,12,4240,Monday,Weekday,West,15649848,36000,10:00:00,36163,10:02:43,19,1849,Washington Ave & Homestead Ave (01849),0,0,17,,,37169,10:19:29,,,37169,10:19:29,0,00:00:00,door not opened
07/07/2025,12,4240,Monday,Weekday,West,15649848,36000,10:00:00,36163,10:02:43,18,1846,Washington Ave & Manning Blvd (01846),0,0,17,,,37149,10:19:09,,,37149,10:19:09,0,00:00:00,door not opened
07/07/2025,12,4240,Monday,Weekday,West,15649848,36000,10:00:00,36163,10:02:43,17,3287,Washington Ave & N. Allen St (03287),3,0,17,37200.0,10:20:00,37055,10:17:35,37200.0,10:20:00,37127,10:18:47,72,00:01:12,doors opened
07/07/2025,12,4240,Monday,Weekday,West,15649848,36000,10:00:00,36163,10:02:43,16,3264,Washington Ave & N. Main Ave (03264),0,0,14,,,37020,10:17:00,,,37020,10:17:00,0,00:00:00,door not opened
07/07/2025,12,4240,Monday,Weekday,West,15649848,36000,10:00:00,36163,10:02:43,15,1839,Washington Ave & Partridge St (01839),1,1,14,,,36888,10:14:48,,,36907,10:15:07,19,00:00:19,doors opened
07/07/2025,12,4240,Monday,Weekday,West,15649848,36000,10:00:00,36163,10:02:43,14,1841,Washington Ave & Ontario St (01841),0,0,14,36960.0,10:16:00,36840,10:14:00,36960.0,10:16:00,36865,10:14:25,25,00:00:25,doors opened
07/07/2025,12,4240,Monday,Weekday,West,15649848,36000,10:00:00,36163,10:02:43,13,1842,Washington Ave & Quail St (01842),4,0,14,,,36758,10:12:38,,,36812,10:13:32,54,00:00:54,doors opened
07/07/2025,12,4240,Monday,Weekday,West,15649848,36000,10:00:00,36163,10:02:43,12,1837,Washington Ave & N. Lake Ave (01837),0,1,10,,,36684,10:11:24,,,36731,10:12:11,47,00:00:47,doors opened
07/07/2025,12,4240,Monday,Weekday,West,15649848,36000,10:00:00,36163,10:02:43,11,1843,Washington Ave & Robin St (01843),2,0,11,,,36633,10:10:33,,,36659,10:10:59,26,00:00:26,doors opened
07/07/2025,12,4240,Monday,Weekday,West,15649848,36000,10:00:00,36163,10:02:43,10,12943,Washington Ave & Lexington Ave (12943),0,0,9,,,36611,10:10:11,,,36611,10:10:11,0,00:00:00,door not opened
07/07/2025,12,4240,Monday,Weekday,West,15649848,36000,10:00:00,36163,10:02:43,9,12942,Washington Ave & Henry Johnson Blvd (12942),0,0,9,,,36479,10:07:59,,,36479,10:07:59,0,00:00:00,door not opened
07/07/2025,12,4240,Monday,Weekday,West,15649848,36000,10:00:00,36163,10:02:43,8,3239,Lark/Library Station - Washington Ave & Lark St (03239),6,1,9,36540.0,10:09:00,36378,10:06:18,36540.0,10:09:00,36439,10:07:19,61,00:01:01,doors opened
07/07/2025,12,4240,Monday,Weekday,West,15649848,36000,10:00:00,36163,10:02:43,7,3301,Washington Ave & S. Swan St (03301),0,0,4,,,36335,10:05:35,,,36335,10:05:35,0,00:00:00,door not opened
07/07/2025,12,4240,Monday,Weekday,East,15649853,44100,12:15:00,44202,12:16:42,0,7175,Crossgates Mall Station (07175),8,0,8,44100.0,12:15:00,44202,12:16:42,44100.0,12:15:00,44202,12:16:42,0,00:00:00,doors opened
07/07/2025,12,4240,Monday,Weekday,East,15649853,44100,12:15:00,44202,12:16:42,13,3255,Washington Ave & Quail St (03255),2,3,11,,,45406,12:36:46,,,45444,12:37:24,38,00:00:38,doors opened
07/07/2025,12,4240,Monday,Weekday,East,15649853,44100,12:15:00,44202,12:16:42,12,3256,Washington Ave & Ontario St (03256),1,0,12,45360.0,12:36:00,45372,12:36:12,45360.0,12:36:00,45387,12:36:27,15,00:00:15,doors opened
07/07/2025,12,4240,Monday,Weekday,East,15649853,44100,12:15:00,44202,12:16:42,11,2107,Washington Ave & Partridge St (02107),0,3,11,,,45322,12:35:22,,,45351,12:35:51,29,00:00:29,doors opened
07/07/2025,12,4240,Monday,Weekday,East,15649853,44100,12:15:00,44202,12:16:42,10,3257,Washington Ave & N. Main Ave (03257),0,0,14,,,45242,12:34:02,,,45242,12:34:02,0,00:00:00,door not opened
07/07/2025,12,4240,Monday,Weekday,East,15649853,44100,12:15:00,44202,12:16:42,9,1796,Washington Ave & N. Allen St (01796),5,0,14,45180.0,12:33:00,45164,12:32:44,45180.0,12:33:00,45207,12:33:27,43,00:00:43,doors opened
07/07/2025,12,4240,Monday,Weekday,East,15649853,44100,12:15:00,44202,12:16:42,8,11581,Washington Ave & Manning Blvd (11581),0,0,9,,,45128,12:32:08,,,45128,12:32:08,0,00:00:00,door not opened
07/07/2025,12,4240,Monday,Weekday,East,15649853,44100,12:15:00,44202,12:16:42,7,2180,Washington Ave & Homestead Ave (02180),1,0,9,,,45097,12:31:37,,,45109,12:31:49,12,00:00:12,doors opened
07/07/2025,12,4240,Monday,Weekday,East,15649853,44100,12:15:00,44202,12:16:42,6,2182,Washington Ave & Hawthorne St (02182),0,0,8,,,45078,12:31:18,,,45078,12:31:18,0,00:00:00,door not opened
07/07/2025,12,4240,Monday,Weekday,East,15649853,44100,12:15:00,44202,12:16:42,5,3304,Washington Ave & Clermont St (03304),0,0,8,,,45061,12:31:01,,,45061,12:31:01,0,00:00:00,door not opened
07/07/2025,12,4240,Monday,Weekday,East,15649853,44100,12:15:00,44202,12:16:42,4,3348,Washington Ave & Brevator St (03348),1,1,8,,,45002,12:30:02,,,45044,12:30:44,42,00:00:42,doors opened
07/07/2025,12,4240,Monday,Weekday,East,15649853,44100,12:15:00,44202,12:16:42,3,10134,Washington Ave & SUNY Exit Rd (10134),0,1,8,,,44885,12:28:05,,,44898,12:28:18,13,00:00:13,doors opened
07/07/2025,12,4240,Monday,Weekday,East,15649853,44100,12:15:00,44202,12:16:42,2,7216,SUNY Collins Circle (07216),1,0,9,44700.0,12:25:00,44792,12:26:32,44700.0,12:25:00,44802,12:26:42,10,00:00:10,doors opened
07/07/2025,12,4240,Monday,Weekday,East,15649853,44100,12:15:00,44202,12:16:42,1,12827,Crossgates Commons Station (12827),6,6,8,44400.0,12:20:00,44508,12:21:48,44400.0,12:20:00,44607,12:23:27,99,00:01:39,doors opened
07/07/2025,12,4240,Monday,Weekday,East,15649853,44100,12:15:00,44202,12:16:42,24,3940,Broadway & Steuben St (03940),0,0,0,46200.0,12:50:00,46046,12:47:26,46200.0,12:50:00,46046,12:47:26,0,00:00:00,door not opened
07/07/2025,12,4240,Monday,Weekday,East,15649853,44100,12:15:00,44202,12:16:42,23,2509,State/Downtown Station - State St & S. Pearl St (02509),0,2,0,46020.0,12:47:00,45938,12:45:38,46020.0,12:47:00,45999,12:46:39,61,00:01:01,doors opened
07/07/2025,12,4240,Monday,Weekday,East,15649853,44100,12:15:00,44202,12:16:42,22,1787,State St & Eagle St (01787),0,0,2,,,45925,12:45:25,,,45925,12:45:25,0,00:00:00,door not opened
07/07/2025,12,4240,Monday,Weekday,East,15649853,44100,12:15:00,44202,12:16:42,21,2706,Hawk/Capitol Station - Washington Ave & Hawk St (02706),0,0,2,,,45799,12:43:19,,,45799,12:43:19,0,00:00:00,door not opened
07/07/2025,12,4240,Monday,Weekday,East,15649853,44100,12:15:00,44202,12:16:42,20,1789,Washington Ave & S. Swan St (01789),0,0,2,,,45783,12:43:03,,,45783,12:43:03,0,00:00:00,door not opened
07/07/2025,12,4240,Monday,Weekday,East,15649853,44100,12:15:00,44202,12:16:42,19,1788,Washington Ave & Dove St (01788),0,1,2,,,45729,12:42:09,,,45758,12:42:38,29,00:00:29,doors opened
07/07/2025,12,4240,Monday,Weekday,East,15649853,44100,12:15:00,44202,12:16:42,18,2663,Lark/Library Station - Washington Ave & Lark St (02663),0,1,3,45720.0,12:42:00,45633,12:40:33,45720.0,12:42:00,45705,12:41:45,72,00:01:12,doors opened
07/07/2025,12,4240,Monday,Weekday,East,15649853,44100,12:15:00,44202,12:16:42,17,263,Washington Ave & Henry Johnson Blvd (00263),0,1,4,,,45601,12:40:01,,,45609,12:40:09,8,00:00:08,doors opened
07/07/2025,12,4240,Monday,Weekday,East,15649853,44100,12:15:00,44202,12:16:42,16,2096,Washington Ave & Lexington Ave (02096),0,1,5,,,45555,12:39:15,,,45562,12:39:22,7,00:00:07,doors opened
07/07/2025,12,4240,Monday,Weekday,East,15649853,44100,12:15:00,44202,12:16:42,15,3253,Washington Ave & Robin St (Draper Hall) (03253),0,4,6,,,45517,12:38:37,,,45537,12:38:57,20,00:00:20,doors opened
07/07/2025,12,4240,Monday,Weekday,East,15649853,44100,12:15:00,44202,12:16:42,14,2109,Washington Ave & N. Lake Ave (02109),0,1,10,,,45469,12:37:49,,,45496,12:38:16,27,00:00:27,doors opened
07/07/2025,12,4240,Monday,Weekday,East,15649857,50100,13:55:00,50102,13:55:02,24,3940,Broadway & Steuben St (03940),0,0,0,52320.0,14:32:00,52170,14:29:30,52320.0,14:32:00,52170,14:29:30,0,00:00:00,door not opened
07/07/2025,12,4240,Monday,Weekday,East,15649857,50100,13:55:00,50102,13:55:02,23,2509,State/Downtown Station - State St & S. Pearl St (02509),0,11,0,52140.0,14:29:00,52069,14:27:49,52140.0,14:29:00,52104,14:28:24,35,00:00:35,doors opened
07/07/2025,12,4240,Monday,Weekday,East,15649857,50100,13:55:00,50102,13:55:02,22,1787,State St & Eagle St (01787),0,0,11,,,52054,14:27:34,,,52054,14:27:34,0,00:00:00,door not opened
07/07/2025,12,4240,Monday,Weekday,East,15649857,50100,13:55:00,50102,13:55:02,21,2706,Hawk/Capitol Station - Washington Ave & Hawk St (02706),0,0,11,,,52020,14:27:00,,,52020,14:27:00,0,00:00:00,door not opened
07/07/2025,12,4240,Monday,Weekday,East,15649857,50100,13:55:00,50102,13:55:02,20,1789,Washington Ave & S. Swan St (01789),0,0,11,,,52005,14:26:45,,,52005,14:26:45,0,00:00:00,door not opened
07/07/2025,12,4240,Monday,Weekday,East,15649857,50100,13:55:00,50102,13:55:02,19,1788,Washington Ave & Dove St (01788),0,0,11,,,51958,14:25:58,,,51958,14:25:58,0,00:00:00,door not opened
07/07/2025,12,4240,Monday,Weekday,East,15649857,50100,13:55:00,50102,13:55:02,18,2663,Lark/Library Station - Washington Ave & Lark St (02663),1,2,11,51840.0,14:24:00,51872,14:24:32,51840.0,14:24:00,51925,14:25:25,53,00:00:53,doors opened
07/07/2025,12,4240,Monday,Weekday,East,15649857,50100,13:55:00,50102,13:55:02,17,263,Washington Ave & Henry Johnson Blvd (00263),0,1,12,,,51814,14:23:34,,,51827,14:23:47,13,00:00:13,doors opened
07/07/2025,12,4240,Monday,Weekday,East,15649857,50100,13:55:00,50102,13:55:02,16,2096,Washington Ave & Lexington Ave (02096),1,1,13,,,51737,14:22:17,,,51781,14:23:01,44,00:00:44,doors opened
07/07/2025,12,4240,Monday,Weekday,East,15649857,50100,13:55:00,50102,13:55:02,15,3253,Washington Ave & Robin St (Draper Hall) (03253),1,0,13,,,51695,14:21:35,,,51719,14:21:59,24,00:00:24,doors opened
07/07/2025,12,4240,Monday,Weekday,East,15649857,50100,13:55:00,50102,13:55:02,14,2109,Washington Ave & N. Lake Ave (02109),0,0,12,,,51676,14:21:16,,,51676,14:21:16,0,00:00:00,door not opened
07/07/2025,12,4240,Monday,Weekday,East,15649857,50100,13:55:00,50102,13:55:02,13,3255,Washington Ave & Quail St (03255),1,3,12,,,51586,14:19:46,,,51623,14:20:23,37,00:00:37,doors opened
07/07/2025,12,4240,Monday,Weekday,East,15649857,50100,13:55:00,50102,13:55:02,12,3256,Washington Ave & Ontario St (03256),1,0,14,51420.0,14:17:00,51551,14:19:11,51420.0,14:17:00,51565,14:19:25,14,00:00:14,doors opened
07/07/2025,12,4240,Monday,Weekday,East,15649857,50100,13:55:00,50102,13:55:02,11,2107,Washington Ave & Partridge St (02107),0,0,13,,,51535,14:18:55,,,51535,14:18:55,0,00:00:00,door not opened
07/07/2025,12,4240,Monday,Weekday,East,15649857,50100,13:55:00,50102,13:55:02,10,3257,Washington Ave & N. Main Ave (03257),0,1,13,,,51369,14:16:09,,,51411,14:16:51,42,00:00:42,doors opened
07/07/2025,12,4240,Monday,Weekday,East,15649857,50100,13:55:00,50102,13:55:02,9,1796,Washington Ave & N. Allen St (01796),0,1,14,51240.0,14:14:00,51320,14:15:20,51240.0,14:14:00,51339,14:15:39,19,00:00:19,doors opened
07/07/2025,12,4240,Monday,Weekday,East,15649857,50100,13:55:00,50102,13:55:02,8,11581,Washington Ave & Manning Blvd (11581),0,1,15,,,51277,14:14:37,,,51292,14:14:52,15,00:00:15,doors opened
07/07/2025,12,4240,Monday,Weekday,East,15649857,50100,13:55:00,50102,13:55:02,7,2180,Washington Ave & Homestead Ave (02180),0,3,16,,,51224,14:13:44,,,51255,14:14:15,31,00:00:31,doors opened
07/07/2025,12,4240,Monday,Weekday,East,15649857,50100,13:55:00,50102,13:55:02,6,2182,Washington Ave & Hawthorne St (02182),1,0,19,,,51177,14:12:57,,,51202,14:13:22,25,00:00:25,doors opened
07/07/2025,12,4240,Monday,Weekday,East,15649857,50100,13:55:00,50102,13:55:02,5,3304,Washington Ave & Clermont St (03304),1,0,18,,,51142,14:12:22,,,51154,14:12:34,12,00:00:12,doors opened
07/07/2025,12,4240,Monday,Weekday,East,15649857,50100,13:55:00,50102,13:55:02,4,3348,Washington Ave & Brevator St (03348),2,0,17,,,51097,14:11:37,,,51123,14:12:03,26,00:00:26,doors opened
07/07/2025,12,4240,Monday,Weekday,East,15649857,50100,13:55:00,50102,13:55:02,3,10134,Washington Ave & SUNY Exit Rd (10134),1,0,15,,,50959,14:09:19,,,50989,14:09:49,30,00:00:30,doors opened
07/07/2025,12,4240,Monday,Weekday,East,15649857,50100,13:55:00,50102,13:55:02,2,7216,SUNY Collins Circle (07216),1,0,14,50760.0,14:06:00,50833,14:07:13,50760.0,14:06:00,50848,14:07:28,15,00:00:15,doors opened
07/07/2025,12,4240,Monday,Weekday,East,15649857,50100,13:55:00,50102,13:55:02,1,12827,Crossgates Commons Station (12827),10,1,13,50460.0,14:01:00,50437,14:00:37,50460.0,14:01:00,50623,14:03:43,186,00:03:06,doors opened
07/07/2025,12,4240,Monday,Weekday,East,15649857,50100,13:55:00,50102,13:55:02,0,7175,Crossgates Mall Station (07175),4,0,4,50100.0,13:55:00,50102,13:55:02,50100.0,13:55:00,50102,13:55:02,0,00:00:00,doors opened
07/07/2025,12,4240,Monday,Weekday,West,15649860,52800,14:40:00,52920,14:42:00,27,7175,Crossgates Mall Station (07175),0,7,0,55320.0,15:22:00,54984,15:16:24,55320.0,15:22:00,54984,15:16:24,0,00:00:00,doors opened
07/07/2025,12,4240,Monday,Weekday,West,15649860,52800,14:40:00,52920,14:42:00,26,12828,Crossgates Commons Station (12828),0,7,7,54900.0,15:15:00,54753,15:12:33,54900.0,15:15:00,54779,15:12:59,26,00:00:26,doors opened
07/07/2025,12,4240,Monday,Weekday,West,15649860,52800,14:40:00,52920,14:42:00,25,12891,1475 Washington Ave (12891),0,0,14,,,54547,15:09:07,,,54547,15:09:07,0,00:00:00,door not opened
07/07/2025,12,4240,Monday,Weekday,West,15649860,52800,14:40:00,52920,14:42:00,24,7216,SUNY Collins Circle (07216),0,1,14,54540.0,15:09:00,54385,15:06:25,54540.0,15:09:00,54399,15:06:39,14,00:00:14,doors opened
07/07/2025,12,4240,Monday,Weekday,West,15649860,52800,14:40:00,52920,14:42:00,23,3262,1383 Washington Ave (Fairfield Inn) (03262),0,0,15,,,54309,15:05:09,,,54309,15:05:09,0,00:00:00,door not opened
07/07/2025,12,4240,Monday,Weekday,West,15649860,52800,14:40:00,52920,14:42:00,22,976,Washington Ave & Brevator St (00976),2,0,15,,,54181,15:03:01,,,54200,15:03:20,19,00:00:19,doors opened
07/07/2025,12,4240,Monday,Weekday,West,15649860,52800,14:40:00,52920,14:42:00,21,1959,Washington Ave & Colvin Ave (01959),0,0,13,,,54160,15:02:40,,,54160,15:02:40,0,00:00:00,door not opened
07/07/2025,12,4240,Monday,Weekday,West,15649860,52800,14:40:00,52920,14:42:00,20,3399,Washington Ave & Danker Ave (03399),0,1,13,,,54122,15:02:02,,,54139,15:02:19,17,00:00:17,doors opened
07/07/2025,12,4240,Monday,Weekday,West,15649860,52800,14:40:00,52920,14:42:00,19,1849,Washington Ave & Homestead Ave (01849),0,1,14,,,54077,15:01:17,,,54088,15:01:28,11,00:00:11,doors opened
07/07/2025,12,4240,Monday,Weekday,West,15649860,52800,14:40:00,52920,14:42:00,18,1846,Washington Ave & Manning Blvd (01846),0,1,15,,,54018,15:00:18,,,54055,15:00:55,37,00:00:37,doors opened
07/07/2025,12,4240,Monday,Weekday,West,15649860,52800,14:40:00,52920,14:42:00,17,3287,Washington Ave & N. Allen St (03287),2,1,16,54060.0,15:01:00,53965,14:59:25,54060.0,15:01:00,53988,14:59:48,23,00:00:23,doors opened
07/07/2025,12,4240,Monday,Weekday,West,15649860,52800,14:40:00,52920,14:42:00,16,3264,Washington Ave & N. Main Ave (03264),2,0,15,,,53887,14:58:07,,,53931,14:58:51,44,00:00:44,doors opened
07/07/2025,12,4240,Monday,Weekday,West,15649860,52800,14:40:00,52920,14:42:00,15,1839,Washington Ave & Partridge St (01839),1,0,13,,,53800,14:56:40,,,53813,14:56:53,13,00:00:13,doors opened
07/07/2025,12,4240,Monday,Weekday,West,15649860,52800,14:40:00,52920,14:42:00,14,1841,Washington Ave & Ontario St (01841),1,3,12,53760.0,14:56:00,53742,14:55:42,53760.0,14:56:00,53775,14:56:15,33,00:00:33,doors opened
07/07/2025,12,4240,Monday,Weekday,West,15649860,52800,14:40:00,52920,14:42:00,13,1842,Washington Ave & Quail St (01842),4,2,14,,,53672,14:54:32,,,53719,14:55:19,47,00:00:47,doors opened
07/07/2025,12,4240,Monday,Weekday,West,15649860,52800,14:40:00,52920,14:42:00,12,1837,Washington Ave & N. Lake Ave (01837),0,0,12,,,53649,14:54:09,,,53649,14:54:09,0,00:00:00,door not opened
07/07/2025,12,4240,Monday,Weekday,West,15649860,52800,14:40:00,52920,14:42:00,11,1843,Washington Ave & Robin St (01843),1,0,12,,,53612,14:53:32,,,53624,14:53:44,12,00:00:12,doors opened
07/07/2025,12,4240,Monday,Weekday,West,15649860,52800,14:40:00,52920,14:42:00,10,12943,Washington Ave & Lexington Ave (12943),1,0,11,,,53572,14:52:52,,,53587,14:53:07,15,00:00:15,doors opened
07/07/2025,12,4240,Monday,Weekday,West,15649860,52800,14:40:00,52920,14:42:00,9,12942,Washington Ave & Henry Johnson Blvd (12942),1,2,10,,,53511,14:51:51,,,53525,14:52:05,14,00:00:14,doors opened
07/07/2025,12,4240,Monday,Weekday,West,15649860,52800,14:40:00,52920,14:42:00,8,3239,Lark/Library Station - Washington Ave & Lark St (03239),4,2,11,53340.0,14:49:00,53365,14:49:25,53340.0,14:49:00,53423,14:50:23,58,00:00:58,doors opened
07/07/2025,12,4240,Monday,Weekday,West,15649860,52800,14:40:00,52920,14:42:00,7,3301,Washington Ave & S. Swan St (03301),0,0,9,,,53310,14:48:30,,,53310,14:48:30,0,00:00:00,door not opened
07/07/2025,12,4240,Monday,Weekday,West,15649860,52800,14:40:00,52920,14:42:00,6,3250,Hawk/Capitol Station - Washington Ave & Hawk St (03250),1,0,9,,,53247,14:47:27,,,53280,14:48:00,33,00:00:33,doors opened
07/07/2025,12,4240,Monday,Weekday,West,15649860,52800,14:40:00,52920,14:42:00,5,10087,State St & Eagle St (10087),0,0,8,,,53218,14:46:58,,,53218,14:46:58,0,00:00:00,door not opened
07/07/2025,12,4240,Monday,Weekday,West,15649860,52800,14:40:00,52920,14:42:00,4,2665,State/Downtown Station - State St & Lodge St (02665),6,0,8,53040.0,14:44:00,53096,14:44:56,53040.0,14:44:00,53154,14:45:54,58,00:00:58,doors opened
07/07/2025,12,4240,Monday,Weekday,West,15649860,52800,14:40:00,52920,14:42:00,3,3221,State Station - N. Pearl St & Ten Eyck Plaza (03221),2,1,2,,,53004,14:43:24,,,53076,14:44:36,72,00:01:12,doors opened
07/07/2025,12,4240,Monday,Weekday,West,15649860,52800,14:40:00,52920,14:42:00,2,3233,N. Pearl St & Sheridan Ave (03233),0,0,1,,,52976,14:42:56,,,52976,14:42:56,0,00:00:00,door not opened
07/07/2025,12,4240,Monday,Weekday,West,15649860,52800,14:40:00,52920,14:42:00,1,2168,Clinton Square Station - N. Pearl St & Clinton Ave (02168),1,0,1,,,52934,14:42:14,,,52956,14:42:36,22,00:00:22,doors opened
07/07/2025,12,4240,Monday,Weekday,West,15649860,52800,14:40:00,52920,14:42:00,0,9018,Broadway & Orange St (09018),0,0,0,52800.0,14:40:00,52920,14:42:00,52800.0,14:40:00,52920,14:42:00,0,00:00:00,door not opened
07/07/2025,12,4241,Monday,Weekday,West,15651819,67200,18:40:00,67200,18:40:00,10,12943,Washington Ave & Lexington Ave (12943),0,0,4,,,67933,18:52:13,,,67933,18:52:13,0,00:00:00,door not opened
07/07/2025,12,4241,Monday,Weekday,West,15651819,67200,18:40:00,67200,18:40:00,9,12942,Washington Ave & Henry Johnson Blvd (12942),1,0,4,,,67846,18:50:46,,,67863,18:51:03,17,00:00:17,doors opened
07/07/2025,12,4241,Monday,Weekday,West,15651819,67200,18:40:00,67200,18:40:00,8,3239,Lark/Library Station - Washington Ave & Lark St (03239),1,3,3,67680.0,18:48:00,67756,18:49:16,67680.0,18:48:00,67799,18:49:59,43,00:00:43,doors opened
07/07/2025,12,4241,Monday,Weekday,West,15651819,67200,18:40:00,67200,18:40:00,7,3301,Washington Ave & S. Swan St (03301),0,0,5,,,67691,18:48:11,,,67691,18:48:11,0,00:00:00,door not opened
07/07/2025,12,4241,Monday,Weekday,West,15651819,67200,18:40:00,67200,18:40:00,6,3250,Hawk/Capitol Station - Washington Ave & Hawk St (03250),0,0,5,,,67623,18:47:03,,,67623,18:47:03,0,00:00:00,door not opened
07/07/2025,12,4241,Monday,Weekday,West,15651819,67200,18:40:00,67200,18:40:00,5,10087,State St & Eagle St (10087),0,0,5,,,67559,18:45:59,,,67559,18:45:59,0,00:00:00,door not opened
07/07/2025,12,4241,Monday,Weekday,West,15651819,67200,18:40:00,67200,18:40:00,4,2665,State/Downtown Station - State St & Lodge St (02665),0,0,5,67440.0,18:44:00,67468,18:44:28,67440.0,18:44:00,67468,18:44:28,0,00:00:00,door not opened
07/07/2025,12,4241,Monday,Weekday,West,15651819,67200,18:40:00,67200,18:40:00,3,3221,State Station - N. Pearl St & Ten Eyck Plaza (03221),2,0,5,,,67371,18:42:51,,,67429,18:43:49,58,00:00:58,doors opened
07/07/2025,12,4241,Monday,Weekday,West,15651819,67200,18:40:00,67200,18:40:00,2,3233,N. Pearl St & Sheridan Ave (03233),1,0,3,,,67295,18:41:35,,,67306,18:41:46,11,00:00:11,doors opened
07/07/2025,12,4241,Monday,Weekday,West,15651819,67200,18:40:00,67200,18:40:00,1,2168,Clinton Square Station - N. Pearl St & Clinton Ave (02168),0,0,2,,,67274,18:41:14,,,67274,18:41:14,0,00:00:00,door not opened
07/07/2025,12,4241,Monday,Weekday,West,15651819,67200,18:40:00,67200,18:40:00,0,9018,Broadway & Orange St (09018),0,0,2,67200.0,18:40:00,67200,18:40:00,67200.0,18:40:00,67200,18:40:00,0,00:00:00,door not opened
07/07/2025,12,4241,Monday,Weekday,West,15651819,67200,18:40:00,67200,18:40:00,27,7175,Crossgates Mall Station (07175),0,0,0,69480.0,19:18:00,69301,19:15:01,69480.0,19:18:00,69301,19:15:01,0,00:00:00,door not opened
07/07/2025,12,4241,Monday,Weekday,West,15651819,67200,18:40:00,67200,18:40:00,26,12828,Crossgates Commons Station (12828),0,3,0,69060.0,19:11:00,69060,19:11:00,69060.0,19:11:00,69081,19:11:21,21,00:00:21,doors opened
07/07/2025,12,4241,Monday,Weekday,West,15651819,67200,18:40:00,67200,18:40:00,25,12891,1475 Washington Ave (12891),0,0,3,,,68873,19:07:53,,,68873,19:07:53,0,00:00:00,door not opened
07/07/2025,12,4241,Monday,Weekday,West,15651819,67200,18:40:00,67200,18:40:00,24,7216,SUNY Collins Circle (07216),0,0,3,68700.0,19:05:00,68754,19:05:54,68700.0,19:05:00,68754,19:05:54,0,00:00:00,door not opened
07/07/2025,12,4241,Monday,Weekday,West,15651819,67200,18:40:00,67200,18:40:00,23,3262,1383 Washington Ave (Fairfield Inn) (03262),0,1,3,,,68649,19:04:09,,,68661,19:04:21,12,00:00:12,doors opened
07/07/2025,12,4241,Monday,Weekday,West,15651819,67200,18:40:00,67200,18:40:00,22,976,Washington Ave & Brevator St (00976),0,0,4,,,68560,19:02:40,,,68560,19:02:40,0,00:00:00,door not opened
07/07/2025,12,4241,Monday,Weekday,West,15651819,67200,18:40:00,67200,18:40:00,21,1959,Washington Ave & Colvin Ave (01959),0,0,4,,,68540,19:02:20,,,68540,19:02:20,0,00:00:00,door not opened
07/07/2025,12,4241,Monday,Weekday,West,15651819,67200,18:40:00,67200,18:40:00,20,3399,Washington Ave & Danker Ave (03399),0,0,4,,,68465,19:01:05,,,68465,19:01:05,0,00:00:00,door not opened
07/07/2025,12,4241,Monday,Weekday,West,15651819,67200,18:40:00,67200,18:40:00,19,1849,Washington Ave & Homestead Ave (01849),0,0,4,,,68437,19:00:37,,,68437,19:00:37,0,00:00:00,door not opened
07/07/2025,12,4241,Monday,Weekday,West,15651819,67200,18:40:00,67200,18:40:00,18,1846,Washington Ave & Manning Blvd (01846),0,0,4,,,68409,19:00:09,,,68409,19:00:09,0,00:00:00,door not opened
07/07/2025,12,4241,Monday,Weekday,West,15651819,67200,18:40:00,67200,18:40:00,17,3287,Washington Ave & N. Allen St (03287),2,0,4,68280.0,18:58:00,68324,18:58:44,68280.0,18:58:00,68364,18:59:24,40,00:00:40,doors opened
07/07/2025,12,4241,Monday,Weekday,West,15651819,67200,18:40:00,67200,18:40:00,16,3264,Washington Ave & N. Main Ave (03264),0,0,2,,,68283,18:58:03,,,68283,18:58:03,0,00:00:00,door not opened
07/07/2025,12,4241,Monday,Weekday,West,15651819,67200,18:40:00,67200,18:40:00,15,1839,Washington Ave & Partridge St (01839),0,0,2,,,68225,18:57:05,,,68225,18:57:05,0,00:00:00,door not opened
07/07/2025,12,4241,Monday,Weekday,West,15651819,67200,18:40:00,67200,18:40:00,14,1841,Washington Ave & Ontario St (01841),0,0,2,68100.0,18:55:00,68198,18:56:38,68100.0,18:55:00,68198,18:56:38,0,00:00:00,door not opened
07/07/2025,12,4241,Monday,Weekday,West,15651819,67200,18:40:00,67200,18:40:00,13,1842,Washington Ave & Quail St (01842),0,1,2,,,68040,18:54:00,,,68152,18:55:52,112,00:01:52,doors opened
07/07/2025,12,4241,Monday,Weekday,West,15651819,67200,18:40:00,67200,18:40:00,12,1837,Washington Ave & N. Lake Ave (01837),0,1,3,,,67988,18:53:08,,,68005,18:53:25,17,00:00:17,doors opened
07/07/2025,12,4241,Monday,Weekday,West,15651819,67200,18:40:00,67200,18:40:00,11,1843,Washington Ave & Robin St (01843),0,0,4,,,67962,18:52:42,,,67962,18:52:42,0,00:00:00,door not opened
07/07/2025,12,4241,Monday,Weekday,East,15651822,70500,19:35:00,70496,19:34:56,24,3940,Broadway & Steuben St (03940),0,0,0,72540.0,20:09:00,72305,20:05:05,72540.0,20:09:00,72305,20:05:05,0,00:00:00,door not opened
07/07/2025,12,4241,Monday,Weekday,East,15651822,70500,19:35:00,70496,19:34:56,23,2509,State/Downtown Station - State St & S. Pearl St (02509),0,0,0,72360.0,20:06:00,72246,20:04:06,72360.0,20:06:00,72246,20:04:06,0,00:00:00,door not opened
07/07/2025,12,4241,Monday,Weekday,East,15651822,70500,19:35:00,70496,19:34:56,22,1787,State St & Eagle St (01787),0,0,0,,,72234,20:03:54,,,72234,20:03:54,0,00:00:00,door not opened
07/07/2025,12,4241,Monday,Weekday,East,15651822,70500,19:35:00,70496,19:34:56,21,2706,Hawk/Capitol Station - Washington Ave & Hawk St (02706),0,0,0,,,72140,20:02:20,,,72140,20:02:20,0,00:00:00,door not opened
07/07/2025,12,4241,Monday,Weekday,East,15651822,70500,19:35:00,70496,19:34:56,20,1789,Washington Ave & S. Swan St (01789),0,0,0,,,72124,20:02:04,,,72124,20:02:04,0,00:00:00,door not opened
07/07/2025,12,4241,Monday,Weekday,East,15651822,70500,19:35:00,70496,19:34:56,19,1788,Washington Ave & Dove St (01788),0,0,0,,,72103,20:01:43,,,72103,20:01:43,0,00:00:00,door not opened
07/07/2025,12,4241,Monday,Weekday,East,15651822,70500,19:35:00,70496,19:34:56,18,2663,Lark/Library Station - Washington Ave & Lark St (02663),0,2,0,72120.0,20:02:00,72054,20:00:54,72120.0,20:02:00,72079,20:01:19,25,00:00:25,doors opened
07/07/2025,12,4241,Monday,Weekday,East,15651822,70500,19:35:00,70496,19:34:56,17,263,Washington Ave & Henry Johnson Blvd (00263),0,0,2,,,72014,20:00:14,,,72022,20:00:22,8,00:00:08,doors opened
07/07/2025,12,4241,Monday,Weekday,East,15651822,70500,19:35:00,70496,19:34:56,16,2096,Washington Ave & Lexington Ave (02096),0,0,2,,,71967,19:59:27,,,71967,19:59:27,0,00:00:00,door not opened
07/07/2025,12,4241,Monday,Weekday,East,15651822,70500,19:35:00,70496,19:34:56,15,3253,Washington Ave & Robin St (Draper Hall) (03253),0,1,2,,,71923,19:58:43,,,71943,19:59:03,20,00:00:20,doors opened
07/07/2025,12,4241,Monday,Weekday,East,15651822,70500,19:35:00,70496,19:34:56,14,2109,Washington Ave & N. Lake Ave (02109),0,0,3,,,71900,19:58:20,,,71900,19:58:20,0,00:00:00,door not opened
07/07/2025,12,4241,Monday,Weekday,East,15651822,70500,19:35:00,70496,19:34:56,13,3255,Washington Ave & Quail St (03255),0,6,3,,,71813,19:56:53,,,71845,19:57:25,32,00:00:32,doors opened
07/07/2025,12,4241,Monday,Weekday,East,15651822,70500,19:35:00,70496,19:34:56,12,3256,Washington Ave & Ontario St (03256),0,0,9,71760.0,19:56:00,71792,19:56:32,71760.0,19:56:00,71792,19:56:32,0,00:00:00,door not opened
07/07/2025,12,4241,Monday,Weekday,East,15651822,70500,19:35:00,70496,19:34:56,11,2107,Washington Ave & Partridge St (02107),0,4,9,,,71752,19:55:52,,,71769,19:56:09,17,00:00:17,doors opened
07/07/2025,12,4241,Monday,Weekday,East,15651822,70500,19:35:00,70496,19:34:56,10,3257,Washington Ave & N. Main Ave (03257),0,3,13,,,71704,19:55:04,,,71715,19:55:15,11,00:00:11,doors opened
07/07/2025,12,4241,Monday,Weekday,East,15651822,70500,19:35:00,70496,19:34:56,9,1796,Washington Ave & N. Allen St (01796),0,0,16,71580.0,19:53:00,71677,19:54:37,71580.0,19:53:00,71677,19:54:37,0,00:00:00,door not opened
07/07/2025,12,4241,Monday,Weekday,East,15651822,70500,19:35:00,70496,19:34:56,8,11581,Washington Ave & Manning Blvd (11581),0,0,16,,,71597,19:53:17,,,71637,19:53:57,40,00:00:40,doors opened
07/07/2025,12,4241,Monday,Weekday,East,15651822,70500,19:35:00,70496,19:34:56,7,2180,Washington Ave & Homestead Ave (02180),0,0,16,,,71577,19:52:57,,,71577,19:52:57,0,00:00:00,door not opened
07/07/2025,12,4241,Monday,Weekday,East,15651822,70500,19:35:00,70496,19:34:56,6,2182,Washington Ave & Hawthorne St (02182),0,0,16,,,71560,19:52:40,,,71560,19:52:40,0,00:00:00,door not opened
07/07/2025,12,4241,Monday,Weekday,East,15651822,70500,19:35:00,70496,19:34:56,5,3304,Washington Ave & Clermont St (03304),0,1,16,,,71529,19:52:09,,,71539,19:52:19,10,00:00:10,doors opened
07/07/2025,12,4241,Monday,Weekday,East,15651822,70500,19:35:00,70496,19:34:56,4,3348,Washington Ave & Brevator St (03348),0,0,17,,,71515,19:51:55,,,71515,19:51:55,0,00:00:00,door not opened
07/07/2025,12,4241,Monday,Weekday,East,15651822,70500,19:35:00,70496,19:34:56,3,10134,Washington Ave & SUNY Exit Rd (10134),2,1,17,,,71390,19:49:50,,,71417,19:50:17,27,00:00:27,doors opened
07/07/2025,12,4241,Monday,Weekday,East,15651822,70500,19:35:00,70496,19:34:56,2,7216,SUNY Collins Circle (07216),1,0,16,71100.0,19:45:00,71243,19:47:23,71100.0,19:45:00,71256,19:47:36,13,00:00:13,doors opened
07/07/2025,12,4241,Monday,Weekday,East,15651822,70500,19:35:00,70496,19:34:56,1,12827,Crossgates Commons Station (12827),5,1,15,70800.0,19:40:00,70822,19:40:22,70800.0,19:40:00,71009,19:43:29,187,00:03:07,doors opened
07/07/2025,12,4241,Monday,Weekday,East,15651822,70500,19:35:00,70496,19:34:56,0,7175,Crossgates Mall Station (07175),9,0,11,70500.0,19:35:00,70496,19:34:56,70500.0,19:35:00,70496,19:34:56,0,00:00:00,doors opened
07/07/2025,12,4241,Monday,Weekday,East,15651825,75300,20:55:00,75334,20:55:34,2,7216,SUNY Collins Circle (07216),1,2,22,75900.0,21:05:00,75989,21:06:29,75900.0,21:05:00,76007,21:06:47,18,00:00:18,doors opened
07/07/2025,12,4241,Monday,Weekday,East,15651825,75300,20:55:00,75334,20:55:34,1,12827,Crossgates Commons Station (12827),9,4,23,75600.0,21:00:00,75619,21:00:19,75600.0,21:00:00,75739,21:02:19,120,00:02:00,doors opened
07/07/2025,12,4241,Monday,Weekday,East,15651825,75300,20:55:00,75334,20:55:34,0,7175,Crossgates Mall Station (07175),18,0,18,75300.0,20:55:00,75334,20:55:34,75300.0,20:55:00,75334,20:55:34,0,00:00:00,doors opened
07/07/2025,12,4241,Monday,Weekday,East,15651825,75300,20:55:00,75334,20:55:34,24,3940,Broadway & Steuben St (03940),0,1,0,77280.0,21:28:00,77341,21:29:01,77280.0,21:28:00,77341,21:29:01,0,00:00:00,doors opened
07/07/2025,12,4241,Monday,Weekday,East,15651825,75300,20:55:00,75334,20:55:34,23,2509,State/Downtown Station - State St & S. Pearl St (02509),0,9,1,77160.0,21:26:00,77236,21:27:16,77160.0,21:26:00,77257,21:27:37,21,00:00:21,doors opened
07/07/2025,12,4241,Monday,Weekday,East,15651825,75300,20:55:00,75334,20:55:34,22,1787,State St & Eagle St (01787),0,0,10,,,77194,21:26:34,,,77216,21:26:56,22,00:00:22,doors opened
07/07/2025,12,4241,Monday,Weekday,East,15651825,75300,20:55:00,75334,20:55:34,21,2706,Hawk/Capitol Station - Washington Ave & Hawk St (02706),0,0,10,,,77079,21:24:39,,,77079,21:24:39,0,00:00:00,door not opened
07/07/2025,12,4241,Monday,Weekday,East,15651825,75300,20:55:00,75334,20:55:34,20,1789,Washington Ave & S. Swan St (01789),0,0,10,,,77065,21:24:25,,,77065,21:24:25,0,00:00:00,door not opened
07/07/2025,12,4241,Monday,Weekday,East,15651825,75300,20:55:00,75334,20:55:34,19,1788,Washington Ave & Dove St (01788),1,0,10,,,77016,21:23:36,,,77029,21:23:49,13,00:00:13,doors opened
07/07/2025,12,4241,Monday,Weekday,East,15651825,75300,20:55:00,75334,20:55:34,18,2663,Lark/Library Station - Washington Ave & Lark St (02663),0,2,9,76920.0,21:22:00,76958,21:22:38,76920.0,21:22:00,76992,21:23:12,34,00:00:34,doors opened
07/07/2025,12,4241,Monday,Weekday,East,15651825,75300,20:55:00,75334,20:55:34,17,263,Washington Ave & Henry Johnson Blvd (00263),1,0,11,,,76902,21:21:42,,,76933,21:22:13,31,00:00:31,doors opened
07/07/2025,12,4241,Monday,Weekday,East,15651825,75300,20:55:00,75334,20:55:34,16,2096,Washington Ave & Lexington Ave (02096),1,1,10,,,76817,21:20:17,,,76846,21:20:46,29,00:00:29,doors opened
07/07/2025,12,4241,Monday,Weekday,East,15651825,75300,20:55:00,75334,20:55:34,15,3253,Washington Ave & Robin St (Draper Hall) (03253),0,2,10,,,76777,21:19:37,,,76797,21:19:57,20,00:00:20,doors opened
07/07/2025,12,4241,Monday,Weekday,East,15651825,75300,20:55:00,75334,20:55:34,14,2109,Washington Ave & N. Lake Ave (02109),0,1,12,,,76727,21:18:47,,,76756,21:19:16,29,00:00:29,doors opened
07/07/2025,12,4241,Monday,Weekday,East,15651825,75300,20:55:00,75334,20:55:34,13,3255,Washington Ave & Quail St (03255),0,2,13,,,76658,21:17:38,,,76703,21:18:23,45,00:00:45,doors opened
07/07/2025,12,4241,Monday,Weekday,East,15651825,75300,20:55:00,75334,20:55:34,12,3256,Washington Ave & Ontario St (03256),1,5,15,76560.0,21:16:00,76609,21:16:49,76560.0,21:16:00,76637,21:17:17,28,00:00:28,doors opened
07/07/2025,12,4241,Monday,Weekday,East,15651825,75300,20:55:00,75334,20:55:34,11,2107,Washington Ave & Partridge St (02107),0,0,19,,,76588,21:16:28,,,76588,21:16:28,0,00:00:00,door not opened
07/07/2025,12,4241,Monday,Weekday,East,15651825,75300,20:55:00,75334,20:55:34,10,3257,Washington Ave & N. Main Ave (03257),0,4,19,,,76521,21:15:21,,,76555,21:15:55,34,00:00:34,doors opened
07/07/2025,12,4241,Monday,Weekday,East,15651825,75300,20:55:00,75334,20:55:34,9,1796,Washington Ave & N. Allen St (01796),2,1,23,76380.0,21:13:00,76475,21:14:35,76380.0,21:13:00,76490,21:14:50,15,00:00:15,doors opened
07/07/2025,12,4241,Monday,Weekday,East,15651825,75300,20:55:00,75334,20:55:34,8,11581,Washington Ave & Manning Blvd (11581),0,0,22,,,76441,21:14:01,,,76441,21:14:01,0,00:00:00,door not opened
07/07/2025,12,4241,Monday,Weekday,East,15651825,75300,20:55:00,75334,20:55:34,7,2180,Washington Ave & Homestead Ave (02180),0,1,22,,,76369,21:12:49,,,76401,21:13:21,32,00:00:32,doors opened
07/07/2025,12,4241,Monday,Weekday,East,15651825,75300,20:55:00,75334,20:55:34,6,2182,Washington Ave & Hawthorne St (02182),0,0,23,,,76343,21:12:23,,,76343,21:12:23,0,00:00:00,door not opened
07/07/2025,12,4241,Monday,Weekday,East,15651825,75300,20:55:00,75334,20:55:34,5,3304,Washington Ave & Clermont St (03304),0,0,23,,,76290,21:11:30,,,76290,21:11:30,0,00:00:00,door not opened
07/07/2025,12,4241,Monday,Weekday,East,15651825,75300,20:55:00,75334,20:55:34,4,3348,Washington Ave & Brevator St (03348),1,0,23,,,76234,21:10:34,,,76264,21:11:04,30,00:00:30,doors opened
07/07/2025,12,4241,Monday,Weekday,East,15651825,75300,20:55:00,75334,20:55:34,3,10134,Washington Ave & SUNY Exit Rd (10134),1,1,22,,,76100,21:08:20,,,76132,21:08:52,32,00:00:32,doors opened
07/07/2025,12,4244,Monday,Weekday,East,15651571,68100,18:55:00,68215,18:56:55,24,3940,Broadway & Steuben St (03940),0,0,0,70200.0,19:30:00,70684,19:38:04,70200.0,19:30:00,70684,19:38:04,0,00:00:00,door not opened
07/07/2025,12,4244,Monday,Weekday,East,15651571,68100,18:55:00,68215,18:56:55,23,2509,State/Downtown Station - State St & S. Pearl St (02509),0,2,0,70020.0,19:27:00,70602,19:36:42,70020.0,19:27:00,70623,19:37:03,21,00:00:21,doors opened
07/07/2025,12,4244,Monday,Weekday,East,15651571,68100,18:55:00,68215,18:56:55,22,1787,State St & Eagle St (01787),0,0,2,,,70561,19:36:01,,,70561,19:36:01,0,00:00:00,door not opened
07/07/2025,12,4244,Monday,Weekday,East,15651571,68100,18:55:00,68215,18:56:55,21,2706,Hawk/Capitol Station - Washington Ave & Hawk St (02706),0,0,2,,,70495,19:34:55,,,70495,19:34:55,0,00:00:00,door not opened
07/07/2025,12,4244,Monday,Weekday,East,15651571,68100,18:55:00,68215,18:56:55,20,1789,Washington Ave & S. Swan St (01789),0,0,2,,,70471,19:34:31,,,70471,19:34:31,0,00:00:00,door not opened
07/07/2025,12,4244,Monday,Weekday,East,15651571,68100,18:55:00,68215,18:56:55,19,1788,Washington Ave & Dove St (01788),0,0,2,,,70433,19:33:53,,,70433,19:33:53,0,00:00:00,door not opened
07/07/2025,12,4244,Monday,Weekday,East,15651571,68100,18:55:00,68215,18:56:55,18,2663,Lark/Library Station - Washington Ave & Lark St (02663),0,2,2,69720.0,19:22:00,70359,19:32:39,69720.0,19:22:00,70404,19:33:24,45,00:00:45,doors opened
07/07/2025,12,4244,Monday,Weekday,East,15651571,68100,18:55:00,68215,18:56:55,17,263,Washington Ave & Henry Johnson Blvd (00263),0,0,4,,,70264,19:31:04,,,70315,19:31:55,51,00:00:51,door not opened
07/07/2025,12,4244,Monday,Weekday,East,15651571,68100,18:55:00,68215,18:56:55,16,2096,Washington Ave & Lexington Ave (02096),0,0,4,,,70173,19:29:33,,,70173,19:29:33,0,00:00:00,door not opened
07/07/2025,12,4244,Monday,Weekday,East,15651571,68100,18:55:00,68215,18:56:55,15,3253,Washington Ave & Robin St (Draper Hall) (03253),0,2,4,,,70066,19:27:46,,,70146,19:29:06,80,00:01:20,doors opened
07/07/2025,12,4244,Monday,Weekday,East,15651571,68100,18:55:00,68215,18:56:55,14,2109,Washington Ave & N. Lake Ave (02109),1,0,6,,,70012,19:26:52,,,70035,19:27:15,23,00:00:23,doors opened
07/07/2025,12,4244,Monday,Weekday,East,15651571,68100,18:55:00,68215,18:56:55,13,3255,Washington Ave & Quail St (03255),0,5,5,,,69911,19:25:11,,,69986,19:26:26,75,00:01:15,doors opened
07/07/2025,12,4244,Monday,Weekday,East,15651571,68100,18:55:00,68215,18:56:55,12,3256,Washington Ave & Ontario St (03256),0,7,10,69360.0,19:16:00,69867,19:24:27,69360.0,19:16:00,69889,19:24:49,22,00:00:22,doors opened
07/07/2025,12,4244,Monday,Weekday,East,15651571,68100,18:55:00,68215,18:56:55,11,2107,Washington Ave & Partridge St (02107),0,4,17,,,69809,19:23:29,,,69831,19:23:51,22,00:00:22,doors opened
07/07/2025,12,4244,Monday,Weekday,East,15651571,68100,18:55:00,68215,18:56:55,10,3257,Washington Ave & N. Main Ave (03257),0,4,21,,,69692,19:21:32,,,69717,19:21:57,25,00:00:25,doors opened
07/07/2025,12,4244,Monday,Weekday,East,15651571,68100,18:55:00,68215,18:56:55,9,1796,Washington Ave & N. Allen St (01796),3,3,25,69180.0,19:13:00,69582,19:19:42,69180.0,19:13:00,69651,19:20:51,69,00:01:09,doors opened
07/07/2025,12,4244,Monday,Weekday,East,15651571,68100,18:55:00,68215,18:56:55,8,11581,Washington Ave & Manning Blvd (11581),0,2,25,,,69526,19:18:46,,,69547,19:19:07,21,00:00:21,doors opened
07/07/2025,12,4244,Monday,Weekday,East,15651571,68100,18:55:00,68215,18:56:55,7,2180,Washington Ave & Homestead Ave (02180),0,2,27,,,69474,19:17:54,,,69500,19:18:20,26,00:00:26,doors opened
07/07/2025,12,4244,Monday,Weekday,East,15651571,68100,18:55:00,68215,18:56:55,6,2182,Washington Ave & Hawthorne St (02182),0,0,29,,,69445,19:17:25,,,69445,19:17:25,0,00:00:00,door not opened
07/07/2025,12,4244,Monday,Weekday,East,15651571,68100,18:55:00,68215,18:56:55,5,3304,Washington Ave & Clermont St (03304),2,0,29,,,69390,19:16:30,,,69411,19:16:51,21,00:00:21,doors opened
07/07/2025,12,4244,Monday,Weekday,East,15651571,68100,18:55:00,68215,18:56:55,4,3348,Washington Ave & Brevator St (03348),1,0,27,,,69345,19:15:45,,,69363,19:16:03,18,00:00:18,doors opened
07/07/2025,12,4244,Monday,Weekday,East,15651571,68100,18:55:00,68215,18:56:55,3,10134,Washington Ave & SUNY Exit Rd (10134),2,3,26,,,69179,19:12:59,,,69225,19:13:45,46,00:00:46,doors opened
07/07/2025,12,4244,Monday,Weekday,East,15651571,68100,18:55:00,68215,18:56:55,2,7216,SUNY Collins Circle (07216),4,1,27,68700.0,19:05:00,69002,19:10:02,68700.0,19:05:00,69041,19:10:41,39,00:00:39,doors opened
07/07/2025,12,4244,Monday,Weekday,East,15651571,68100,18:55:00,68215,18:56:55,1,12827,Crossgates Commons Station (12827),16,5,24,68400.0,19:00:00,68586,19:03:06,68400.0,19:00:00,68674,19:04:34,88,00:01:28,doors opened
07/07/2025,12,4244,Monday,Weekday,East,15651571,68100,18:55:00,68215,18:56:55,0,7175,Crossgates Mall Station (07175),13,0,13,68100.0,18:55:00,68215,18:56:55,68100.0,18:55:00,68215,18:56:55,0,00:00:00,doors opened
07/07/2025,12,4244,Monday,Weekday,East,15649522,19800,05:30:00,20008,05:33:28,24,3940,Broadway & Steuben St (03940),0,0,0,21540.0,05:59:00,21945,06:05:45,21540.0,05:59:00,21945,06:05:45,0,00:00:00,door not opened
07/07/2025,12,4244,Monday,Weekday,East,15649522,19800,05:30:00,20008,05:33:28,23,2509,State/Downtown Station - State St & S. Pearl St (02509),0,4,0,21420.0,05:57:00,21819,06:03:39,21420.0,05:57:00,21872,06:04:32,53,00:00:53,doors opened
07/07/2025,12,4244,Monday,Weekday,East,15649522,19800,05:30:00,20008,05:33:28,22,1787,State St & Eagle St (01787),0,0,4,,,21802,06:03:22,,,21802,06:03:22,0,00:00:00,door not opened
07/07/2025,12,4244,Monday,Weekday,East,15649522,19800,05:30:00,20008,05:33:28,21,2706,Hawk/Capitol Station - Washington Ave & Hawk St (02706),2,2,4,,,21654,06:00:54,,,21688,06:01:28,34,00:00:34,doors opened
07/07/2025,12,4244,Monday,Weekday,East,15649522,19800,05:30:00,20008,05:33:28,20,1789,Washington Ave & S. Swan St (01789),0,0,4,,,21609,06:00:09,,,21631,06:00:31,22,00:00:22,door not opened
07/07/2025,12,4244,Monday,Weekday,East,15649522,19800,05:30:00,20008,05:33:28,19,1788,Washington Ave & Dove St (01788),0,0,4,,,21574,05:59:34,,,21584,05:59:44,10,00:00:10,door not opened
07/07/2025,12,4244,Monday,Weekday,East,15649522,19800,05:30:00,20008,05:33:28,18,2663,Lark/Library Station - Washington Ave & Lark St (02663),0,0,4,21180.0,05:53:00,21534,05:58:54,21180.0,05:53:00,21545,05:59:05,11,00:00:11,door not opened
07/07/2025,12,4244,Monday,Weekday,East,15649522,19800,05:30:00,20008,05:33:28,17,263,Washington Ave & Henry Johnson Blvd (00263),0,0,4,,,21494,05:58:14,,,21510,05:58:30,16,00:00:16,door not opened
07/07/2025,12,4244,Monday,Weekday,East,15649522,19800,05:30:00,20008,05:33:28,16,2096,Washington Ave & Lexington Ave (02096),0,1,4,,,21329,05:55:29,,,21460,05:57:40,131,00:02:11,doors opened
07/07/2025,12,4244,Monday,Weekday,East,15649522,19800,05:30:00,20008,05:33:28,15,3253,Washington Ave & Robin St (Draper Hall) (03253),2,0,5,,,21279,05:54:39,,,21308,05:55:08,29,00:00:29,doors opened
07/07/2025,12,4244,Monday,Weekday,East,15649522,19800,05:30:00,20008,05:33:28,14,2109,Washington Ave & N. Lake Ave (02109),0,0,3,,,21234,05:53:54,,,21254,05:54:14,20,00:00:20,door not opened
07/07/2025,12,4244,Monday,Weekday,East,15649522,19800,05:30:00,20008,05:33:28,13,3255,Washington Ave & Quail St (03255),0,1,3,,,21191,05:53:11,,,21201,05:53:21,10,00:00:10,doors opened
07/07/2025,12,4244,Monday,Weekday,East,15649522,19800,05:30:00,20008,05:33:28,12,3256,Washington Ave & Ontario St (03256),0,1,4,20880.0,05:48:00,21146,05:52:26,20880.0,05:48:00,21164,05:52:44,18,00:00:18,doors opened
07/07/2025,12,4244,Monday,Weekday,East,15649522,19800,05:30:00,20008,05:33:28,11,2107,Washington Ave & Partridge St (02107),0,0,5,,,21124,05:52:04,,,21124,05:52:04,0,00:00:00,door not opened
07/07/2025,12,4244,Monday,Weekday,East,15649522,19800,05:30:00,20008,05:33:28,10,3257,Washington Ave & N. Main Ave (03257),2,0,5,,,21014,05:50:14,,,21051,05:50:51,37,00:00:37,doors opened
07/07/2025,12,4244,Monday,Weekday,East,15649522,19800,05:30:00,20008,05:33:28,9,1796,Washington Ave & N. Allen St (01796),0,0,3,20760.0,05:46:00,20979,05:49:39,20760.0,05:46:00,20979,05:49:39,0,00:00:00,door not opened
07/07/2025,12,4244,Monday,Weekday,East,15649522,19800,05:30:00,20008,05:33:28,8,11581,Washington Ave & Manning Blvd (11581),1,0,3,,,20935,05:48:55,,,20946,05:49:06,11,00:00:11,doors opened
07/07/2025,12,4244,Monday,Weekday,East,15649522,19800,05:30:00,20008,05:33:28,7,2180,Washington Ave & Homestead Ave (02180),0,0,2,,,20908,05:48:28,,,20908,05:48:28,0,00:00:00,door not opened
07/07/2025,12,4244,Monday,Weekday,East,15649522,19800,05:30:00,20008,05:33:28,6,2182,Washington Ave & Hawthorne St (02182),1,0,2,,,20857,05:47:37,,,20876,05:47:56,19,00:00:19,doors opened
07/07/2025,12,4244,Monday,Weekday,East,15649522,19800,05:30:00,20008,05:33:28,5,3304,Washington Ave & Clermont St (03304),0,0,1,,,20830,05:47:10,,,20830,05:47:10,0,00:00:00,door not opened
07/07/2025,12,4244,Monday,Weekday,East,15649522,19800,05:30:00,20008,05:33:28,4,3348,Washington Ave & Brevator St (03348),0,0,1,,,20799,05:46:39,,,20807,05:46:47,8,00:00:08,door not opened
07/07/2025,12,4244,Monday,Weekday,East,15649522,19800,05:30:00,20008,05:33:28,3,10134,Washington Ave & SUNY Exit Rd (10134),1,0,1,,,20673,05:44:33,,,20686,05:44:46,13,00:00:13,doors opened
07/07/2025,12,4244,Monday,Weekday,East,15649522,19800,05:30:00,20008,05:33:28,2,7216,SUNY Collins Circle (07216),0,0,0,20340.0,05:39:00,20563,05:42:43,20340.0,05:39:00,20575,05:42:55,12,00:00:12,doors opened
07/07/2025,12,4244,Monday,Weekday,East,15649522,19800,05:30:00,20008,05:33:28,1,12827,Crossgates Commons Station (12827),0,0,0,20040.0,05:34:00,20319,05:38:39,20040.0,05:34:00,20319,05:38:39,0,00:00:00,door not opened
07/07/2025,12,4244,Monday,Weekday,East,15649522,19800,05:30:00,20008,05:33:28,0,7175,Crossgates Mall Station (07175),0,0,0,19800.0,05:30:00,20008,05:33:28,19800.0,05:30:00,20008,05:33:28,0,00:00:00,doors opened
07/07/2025,12,4244,Monday,Weekday,East,15649525,24300,06:45:00,24500,06:48:20,24,3940,Broadway & Steuben St (03940),0,0,0,26280.0,07:18:00,26383,07:19:43,26280.0,07:18:00,26383,07:19:43,0,00:00:00,door not opened
07/07/2025,12,4244,Monday,Weekday,East,15649525,24300,06:45:00,24500,06:48:20,23,2509,State/Downtown Station - State St & S. Pearl St (02509),0,3,0,26100.0,07:15:00,26256,07:17:36,26100.0,07:15:00,26326,07:18:46,70,00:01:10,doors opened
07/07/2025,12,4244,Monday,Weekday,East,15649525,24300,06:45:00,24500,06:48:20,22,1787,State St & Eagle St (01787),0,0,3,,,26238,07:17:18,,,26238,07:17:18,0,00:00:00,door not opened
07/07/2025,12,4244,Monday,Weekday,East,15649525,24300,06:45:00,24500,06:48:20,21,2706,Hawk/Capitol Station - Washington Ave & Hawk St (02706),0,2,3,,,26141,07:15:41,,,26158,07:15:58,17,00:00:17,doors opened
07/07/2025,12,4244,Monday,Weekday,East,15649525,24300,06:45:00,24500,06:48:20,20,1789,Washington Ave & S. Swan St (01789),0,2,5,,,26100,07:15:00,,,26119,07:15:19,19,00:00:19,doors opened
07/07/2025,12,4244,Monday,Weekday,East,15649525,24300,06:45:00,24500,06:48:20,19,1788,Washington Ave & Dove St (01788),1,0,7,,,26059,07:14:19,,,26071,07:14:31,12,00:00:12,doors opened
07/07/2025,12,4244,Monday,Weekday,East,15649525,24300,06:45:00,24500,06:48:20,18,2663,Lark/Library Station - Washington Ave & Lark St (02663),0,2,6,25800.0,07:10:00,25963,07:12:43,25800.0,07:10:00,26027,07:13:47,64,00:01:04,doors opened
07/07/2025,12,4244,Monday,Weekday,East,15649525,24300,06:45:00,24500,06:48:20,17,263,Washington Ave & Henry Johnson Blvd (00263),0,0,8,,,25944,07:12:24,,,25944,07:12:24,0,00:00:00,door not opened
07/07/2025,12,4244,Monday,Weekday,East,15649525,24300,06:45:00,24500,06:48:20,16,2096,Washington Ave & Lexington Ave (02096),0,0,8,,,25920,07:12:00,,,25920,07:12:00,0,00:00:00,door not opened
07/07/2025,12,4244,Monday,Weekday,East,15649525,24300,06:45:00,24500,06:48:20,15,3253,Washington Ave & Robin St (Draper Hall) (03253),0,0,8,,,25902,07:11:42,,,25902,07:11:42,0,00:00:00,door not opened
07/07/2025,12,4244,Monday,Weekday,East,15649525,24300,06:45:00,24500,06:48:20,14,2109,Washington Ave & N. Lake Ave (02109),0,0,8,,,25877,07:11:17,,,25877,07:11:17,0,00:00:00,door not opened
07/07/2025,12,4244,Monday,Weekday,East,15649525,24300,06:45:00,24500,06:48:20,13,3255,Washington Ave & Quail St (03255),0,0,8,,,25855,07:10:55,,,25855,07:10:55,0,00:00:00,door not opened
07/07/2025,12,4244,Monday,Weekday,East,15649525,24300,06:45:00,24500,06:48:20,12,3256,Washington Ave & Ontario St (03256),2,0,8,25500.0,07:05:00,25812,07:10:12,25500.0,07:05:00,25833,07:10:33,21,00:00:21,doors opened
07/07/2025,12,4244,Monday,Weekday,East,15649525,24300,06:45:00,24500,06:48:20,11,2107,Washington Ave & Partridge St (02107),0,0,6,,,25791,07:09:51,,,25791,07:09:51,0,00:00:00,door not opened
07/07/2025,12,4244,Monday,Weekday,East,15649525,24300,06:45:00,24500,06:48:20,10,3257,Washington Ave & N. Main Ave (03257),0,0,6,,,25709,07:08:29,,,25731,07:08:51,22,00:00:22,door not opened
07/07/2025,12,4244,Monday,Weekday,East,15649525,24300,06:45:00,24500,06:48:20,9,1796,Washington Ave & N. Allen St (01796),1,0,6,25320.0,07:02:00,25657,07:07:37,25320.0,07:02:00,25672,07:07:52,15,00:00:15,doors opened
07/07/2025,12,4244,Monday,Weekday,East,15649525,24300,06:45:00,24500,06:48:20,8,11581,Washington Ave & Manning Blvd (11581),1,0,5,,,25610,07:06:50,,,25625,07:07:05,15,00:00:15,doors opened
07/07/2025,12,4244,Monday,Weekday,East,15649525,24300,06:45:00,24500,06:48:20,7,2180,Washington Ave & Homestead Ave (02180),0,0,4,,,25516,07:05:16,,,25585,07:06:25,69,00:01:09,doors opened
07/07/2025,12,4244,Monday,Weekday,East,15649525,24300,06:45:00,24500,06:48:20,6,2182,Washington Ave & Hawthorne St (02182),0,0,4,,,25492,07:04:52,,,25492,07:04:52,0,00:00:00,door not opened
07/07/2025,12,4244,Monday,Weekday,East,15649525,24300,06:45:00,24500,06:48:20,5,3304,Washington Ave & Clermont St (03304),0,0,4,,,25433,07:03:53,,,25433,07:03:53,0,00:00:00,door not opened
07/07/2025,12,4244,Monday,Weekday,East,15649525,24300,06:45:00,24500,06:48:20,4,3348,Washington Ave & Brevator St (03348),0,0,4,,,25404,07:03:24,,,25411,07:03:31,7,00:00:07,door not opened
07/07/2025,12,4244,Monday,Weekday,East,15649525,24300,06:45:00,24500,06:48:20,3,10134,Washington Ave & SUNY Exit Rd (10134),1,0,4,,,25278,07:01:18,,,25294,07:01:34,16,00:00:16,doors opened
07/07/2025,12,4244,Monday,Weekday,East,15649525,24300,06:45:00,24500,06:48:20,2,7216,SUNY Collins Circle (07216),1,0,3,24840.0,06:54:00,25170,06:59:30,24840.0,06:54:00,25186,06:59:46,16,00:00:16,doors opened
07/07/2025,12,4244,Monday,Weekday,East,15649525,24300,06:45:00,24500,06:48:20,1,12827,Crossgates Commons Station (12827),1,0,2,24540.0,06:49:00,24829,06:53:49,24540.0,06:49:00,24917,06:55:17,88,00:01:28,doors opened
07/07/2025,12,4244,Monday,Weekday,East,15649525,24300,06:45:00,24500,06:48:20,0,7175,Crossgates Mall Station (07175),1,0,1,24300.0,06:45:00,24500,06:48:20,24300.0,06:45:00,24500,06:48:20,0,00:00:00,doors opened
07/07/2025,12,4244,Monday,Weekday,East,15649529,29700,08:15:00,29904,08:18:24,24,3940,Broadway & Steuben St (03940),0,4,0,32040.0,08:54:00,32361,08:59:21,32040.0,08:54:00,32361,08:59:21,0,00:00:00,doors opened
07/07/2025,12,4244,Monday,Weekday,East,15649529,29700,08:15:00,29904,08:18:24,23,2509,State/Downtown Station - State St & S. Pearl St (02509),1,9,4,31860.0,08:51:00,32245,08:57:25,31860.0,08:51:00,32311,08:58:31,66,00:01:06,doors opened
07/07/2025,12,4244,Monday,Weekday,East,15649529,29700,08:15:00,29904,08:18:24,22,1787,State St & Eagle St (01787),0,0,12,,,32231,08:57:11,,,32231,08:57:11,0,00:00:00,door not opened
07/07/2025,12,4244,Monday,Weekday,East,15649529,29700,08:15:00,29904,08:18:24,21,2706,Hawk/Capitol Station - Washington Ave & Hawk St (02706),0,5,12,,,32101,08:55:01,,,32123,08:55:23,22,00:00:22,doors opened
07/07/2025,12,4244,Monday,Weekday,East,15649529,29700,08:15:00,29904,08:18:24,20,1789,Washington Ave & S. Swan St (01789),0,7,17,,,31999,08:53:19,,,32077,08:54:37,78,00:01:18,doors opened
07/07/2025,12,4244,Monday,Weekday,East,15649529,29700,08:15:00,29904,08:18:24,19,1788,Washington Ave & Dove St (01788),0,3,24,,,31926,08:52:06,,,31961,08:52:41,35,00:00:35,doors opened
07/07/2025,12,4244,Monday,Weekday,East,15649529,29700,08:15:00,29904,08:18:24,18,2663,Lark/Library Station - Washington Ave & Lark St (02663),0,1,27,31440.0,08:44:00,31846,08:50:46,31440.0,08:44:00,31899,08:51:39,53,00:00:53,doors opened
07/07/2025,12,4244,Monday,Weekday,East,15649529,29700,08:15:00,29904,08:18:24,17,263,Washington Ave & Henry Johnson Blvd (00263),0,0,28,,,31824,08:50:24,,,31824,08:50:24,0,00:00:00,door not opened
07/07/2025,12,4244,Monday,Weekday,East,15649529,29700,08:15:00,29904,08:18:24,16,2096,Washington Ave & Lexington Ave (02096),0,1,28,,,31690,08:48:10,,,31701,08:48:21,11,00:00:11,doors opened
07/07/2025,12,4244,Monday,Weekday,East,15649529,29700,08:15:00,29904,08:18:24,15,3253,Washington Ave & Robin St (Draper Hall) (03253),0,0,29,,,31671,08:47:51,,,31671,08:47:51,0,00:00:00,door not opened
07/07/2025,12,4244,Monday,Weekday,East,15649529,29700,08:15:00,29904,08:18:24,14,2109,Washington Ave & N. Lake Ave (02109),2,3,29,,,31582,08:46:22,,,31639,08:47:19,57,00:00:57,doors opened
07/07/2025,12,4244,Monday,Weekday,East,15649529,29700,08:15:00,29904,08:18:24,13,3255,Washington Ave & Quail St (03255),0,2,30,,,31520,08:45:20,,,31552,08:45:52,32,00:00:32,doors opened
07/07/2025,12,4244,Monday,Weekday,East,15649529,29700,08:15:00,29904,08:18:24,12,3256,Washington Ave & Ontario St (03256),2,1,32,31020.0,08:37:00,31451,08:44:11,31020.0,08:37:00,31488,08:44:48,37,00:00:37,doors opened
07/07/2025,12,4244,Monday,Weekday,East,15649529,29700,08:15:00,29904,08:18:24,11,2107,Washington Ave & Partridge St (02107),2,0,31,,,31392,08:43:12,,,31409,08:43:29,17,00:00:17,doors opened
07/07/2025,12,4244,Monday,Weekday,East,15649529,29700,08:15:00,29904,08:18:24,8,11581,Washington Ave & Manning Blvd (11581),3,0,24,,,31081,08:38:01,,,31132,08:38:52,51,00:00:51,doors opened
07/07/2025,12,4244,Monday,Weekday,East,15649529,29700,08:15:00,29904,08:18:24,7,2180,Washington Ave & Homestead Ave (02180),4,0,21,,,31017,08:36:57,,,31050,08:37:30,33,00:00:33,doors opened
07/07/2025,12,4244,Monday,Weekday,East,15649529,29700,08:15:00,29904,08:18:24,6,2182,Washington Ave & Hawthorne St (02182),1,0,17,,,30965,08:36:05,,,30977,08:36:17,12,00:00:12,doors opened
07/07/2025,12,4244,Monday,Weekday,East,15649529,29700,08:15:00,29904,08:18:24,5,3304,Washington Ave & Clermont St (03304),0,0,16,,,30901,08:35:01,,,30943,08:35:43,42,00:00:42,doors opened
07/07/2025,12,4244,Monday,Weekday,East,15649529,29700,08:15:00,29904,08:18:24,4,3348,Washington Ave & Brevator St (03348),1,0,16,,,30856,08:34:16,,,30877,08:34:37,21,00:00:21,doors opened
07/07/2025,12,4244,Monday,Weekday,East,15649529,29700,08:15:00,29904,08:18:24,3,10134,Washington Ave & SUNY Exit Rd (10134),7,0,15,,,30681,08:31:21,,,30750,08:32:30,69,00:01:09,doors opened
07/07/2025,12,4244,Monday,Weekday,East,15649529,29700,08:15:00,29904,08:18:24,2,7216,SUNY Collins Circle (07216),3,0,8,30300.0,08:25:00,30507,08:28:27,30300.0,08:25:00,30589,08:29:49,82,00:01:22,doors opened
07/07/2025,12,4244,Monday,Weekday,East,15649529,29700,08:15:00,29904,08:18:24,1,12827,Crossgates Commons Station (12827),3,0,5,30000.0,08:20:00,30190,08:23:10,30000.0,08:20:00,30263,08:24:23,73,00:01:13,doors opened
07/07/2025,12,4244,Monday,Weekday,East,15649529,29700,08:15:00,29904,08:18:24,0,7175,Crossgates Mall Station (07175),2,0,2,29700.0,08:15:00,29904,08:18:24,29700.0,08:15:00,29904,08:18:24,0,00:00:00,doors opened
07/07/2025,12,4244,Monday,Weekday,East,15649529,29700,08:15:00,29904,08:18:24,10,3257,Washington Ave & N. Main Ave (03257),2,0,29,,,31285,08:41:25,,,31307,08:41:47,22,00:00:22,doors opened
07/07/2025,12,4244,Monday,Weekday,East,15649529,29700,08:15:00,29904,08:18:24,9,1796,Washington Ave & N. Allen St (01796),6,3,27,30840.0,08:34:00,31165,08:39:25,30840.0,08:34:00,31252,08:40:52,87,00:01:27,doors opened
07/07/2025,12,4247,Monday,Weekday,West,15649068,33600,09:20:00,33631,09:20:31,27,7175,Crossgates Mall Station (07175),0,6,0,36120.0,10:02:00,35875,09:57:55,36120.0,10:02:00,35875,09:57:55,0,00:00:00,doors opened
07/07/2025,12,4247,Monday,Weekday,West,15649068,33600,09:20:00,33631,09:20:31,26,12828,Crossgates Commons Station (12828),1,7,6,35700.0,09:55:00,35588,09:53:08,35700.0,09:55:00,35610,09:53:30,22,00:00:22,doors opened
07/07/2025,12,4247,Monday,Weekday,West,15649068,33600,09:20:00,33631,09:20:31,25,12891,1475 Washington Ave (12891),0,0,12,,,35405,09:50:05,,,35405,09:50:05,0,00:00:00,door not opened
07/07/2025,12,4247,Monday,Weekday,West,15649068,33600,09:20:00,33631,09:20:31,24,7216,SUNY Collins Circle (07216),0,4,12,35340.0,09:49:00,35244,09:47:24,35340.0,09:49:00,35264,09:47:44,20,00:00:20,doors opened
07/07/2025,12,4247,Monday,Weekday,West,15649068,33600,09:20:00,33631,09:20:31,23,3262,1383 Washington Ave (Fairfield Inn) (03262),1,9,16,,,35142,09:45:42,,,35165,09:46:05,23,00:00:23,doors opened
07/07/2025,12,4247,Monday,Weekday,West,15649068,33600,09:20:00,33631,09:20:31,22,976,Washington Ave & Brevator St (00976),0,0,24,,,35034,09:43:54,,,35034,09:43:54,0,00:00:00,door not opened
07/07/2025,12,4247,Monday,Weekday,West,15649068,33600,09:20:00,33631,09:20:31,21,1959,Washington Ave & Colvin Ave (01959),3,1,24,,,34973,09:42:53,,,35012,09:43:32,39,00:00:39,doors opened
07/07/2025,12,4247,Monday,Weekday,West,15649068,33600,09:20:00,33631,09:20:31,20,3399,Washington Ave & Danker Ave (03399),0,2,22,,,34929,09:42:09,,,34948,09:42:28,19,00:00:19,doors opened
07/07/2025,12,4247,Monday,Weekday,West,15649068,33600,09:20:00,33631,09:20:31,19,1849,Washington Ave & Homestead Ave (01849),5,0,24,,,34831,09:40:31,,,34905,09:41:45,74,00:01:14,doors opened
07/07/2025,12,4247,Monday,Weekday,West,15649068,33600,09:20:00,33631,09:20:31,18,1846,Washington Ave & Manning Blvd (01846),0,1,19,,,34784,09:39:44,,,34803,09:40:03,19,00:00:19,doors opened
07/07/2025,12,4247,Monday,Weekday,West,15649068,33600,09:20:00,33631,09:20:31,17,3287,Washington Ave & N. Allen St (03287),3,2,20,34860.0,09:41:00,34713,09:38:33,34860.0,09:41:00,34753,09:39:13,40,00:00:40,doors opened
07/07/2025,12,4247,Monday,Weekday,West,15649068,33600,09:20:00,33631,09:20:31,16,3264,Washington Ave & N. Main Ave (03264),2,0,19,,,34646,09:37:26,,,34679,09:37:59,33,00:00:33,doors opened
07/07/2025,12,4247,Monday,Weekday,West,15649068,33600,09:20:00,33631,09:20:31,15,1839,Washington Ave & Partridge St (01839),1,2,17,,,34563,09:36:03,,,34593,09:36:33,30,00:00:30,doors opened
07/07/2025,12,4247,Monday,Weekday,West,15649068,33600,09:20:00,33631,09:20:31,1,2168,Clinton Square Station - N. Pearl St & Clinton Ave (02168),3,0,3,,,33728,09:22:08,,,33764,09:22:44,36,00:00:36,doors opened
07/07/2025,12,4247,Monday,Weekday,West,15649068,33600,09:20:00,33631,09:20:31,0,9018,Broadway & Orange St (09018),1,1,0,33600.0,09:20:00,33631,09:20:31,33600.0,09:20:00,33631,09:20:31,0,00:00:00,doors opened
07/07/2025,12,4247,Monday,Weekday,West,15649068,33600,09:20:00,33631,09:20:31,14,1841,Washington Ave & Ontario St (01841),0,0,18,34620.0,09:37:00,34542,09:35:42,34620.0,09:37:00,34542,09:35:42,0,00:00:00,door not opened
07/07/2025,12,4247,Monday,Weekday,West,15649068,33600,09:20:00,33631,09:20:31,13,1842,Washington Ave & Quail St (01842),2,1,18,,,34490,09:34:50,,,34514,09:35:14,24,00:00:24,doors opened
07/07/2025,12,4247,Monday,Weekday,West,15649068,33600,09:20:00,33631,09:20:31,12,1837,Washington Ave & N. Lake Ave (01837),1,0,17,,,34444,09:34:04,,,34457,09:34:17,13,00:00:13,doors opened
07/07/2025,12,4247,Monday,Weekday,West,15649068,33600,09:20:00,33631,09:20:31,11,1843,Washington Ave & Robin St (01843),1,0,16,,,34402,09:33:22,,,34416,09:33:36,14,00:00:14,doors opened
07/07/2025,12,4247,Monday,Weekday,West,15649068,33600,09:20:00,33631,09:20:31,10,12943,Washington Ave & Lexington Ave (12943),1,0,15,,,34351,09:32:31,,,34373,09:32:53,22,00:00:22,doors opened
07/07/2025,12,4247,Monday,Weekday,West,15649068,33600,09:20:00,33631,09:20:31,9,12942,Washington Ave & Henry Johnson Blvd (12942),0,0,14,,,34291,09:31:31,,,34306,09:31:46,15,00:00:15,door not opened
07/07/2025,12,4247,Monday,Weekday,West,15649068,33600,09:20:00,33631,09:20:31,8,3239,Lark/Library Station - Washington Ave & Lark St (03239),6,0,14,34200.0,09:30:00,34130,09:28:50,34200.0,09:30:00,34233,09:30:33,103,00:01:43,doors opened
07/07/2025,12,4247,Monday,Weekday,West,15649068,33600,09:20:00,33631,09:20:31,7,3301,Washington Ave & S. Swan St (03301),0,1,8,,,34038,09:27:18,,,34086,09:28:06,48,00:00:48,doors opened
07/07/2025,12,4247,Monday,Weekday,West,15649068,33600,09:20:00,33631,09:20:31,6,3250,Hawk/Capitol Station - Washington Ave & Hawk St (03250),0,1,9,,,33987,09:26:27,,,34013,09:26:53,26,00:00:26,doors opened
07/07/2025,12,4247,Monday,Weekday,West,15649068,33600,09:20:00,33631,09:20:31,5,10087,State St & Eagle St (10087),0,0,10,,,33951,09:25:51,,,33951,09:25:51,0,00:00:00,door not opened
07/07/2025,12,4247,Monday,Weekday,West,15649068,33600,09:20:00,33631,09:20:31,4,2665,State/Downtown Station - State St & Lodge St (02665),1,0,10,33900.0,09:25:00,33902,09:25:02,33900.0,09:25:00,33917,09:25:17,15,00:00:15,doors opened
07/07/2025,12,4247,Monday,Weekday,West,15649068,33600,09:20:00,33631,09:20:31,3,3221,State Station - N. Pearl St & Ten Eyck Plaza (03221),6,0,9,,,33812,09:23:32,,,33883,09:24:43,71,00:01:11,doors opened
07/07/2025,12,4247,Monday,Weekday,West,15649068,33600,09:20:00,33631,09:20:31,2,3233,N. Pearl St & Sheridan Ave (03233),0,0,3,,,33779,09:22:59,,,33779,09:22:59,0,00:00:00,door not opened
07/07/2025,12,4247,Monday,Weekday,East,15649073,41700,11:35:00,41817,11:36:57,24,3940,Broadway & Steuben St (03940),0,0,0,43800.0,12:10:00,43727,12:08:47,43800.0,12:10:00,43727,12:08:47,0,00:00:00,door not opened
07/07/2025,12,4247,Monday,Weekday,East,15649073,41700,11:35:00,41817,11:36:57,23,2509,State/Downtown Station - State St & S. Pearl St (02509),0,1,0,43620.0,12:07:00,43611,12:06:51,43620.0,12:07:00,43626,12:07:06,15,00:00:15,doors opened
07/07/2025,12,4247,Monday,Weekday,East,15649073,41700,11:35:00,41817,11:36:57,22,1787,State St & Eagle St (01787),0,0,1,,,43586,12:06:26,,,43586,12:06:26,0,00:00:00,door not opened
07/07/2025,12,4247,Monday,Weekday,East,15649073,41700,11:35:00,41817,11:36:57,21,2706,Hawk/Capitol Station - Washington Ave & Hawk St (02706),0,0,1,,,43495,12:04:55,,,43495,12:04:55,0,00:00:00,door not opened
07/07/2025,12,4247,Monday,Weekday,East,15649073,41700,11:35:00,41817,11:36:57,20,1789,Washington Ave & S. Swan St (01789),0,0,1,,,43470,12:04:30,,,43470,12:04:30,0,00:00:00,door not opened
07/07/2025,12,4247,Monday,Weekday,East,15649073,41700,11:35:00,41817,11:36:57,19,1788,Washington Ave & Dove St (01788),0,0,1,,,43435,12:03:55,,,43435,12:03:55,0,00:00:00,door not opened
07/07/2025,12,4247,Monday,Weekday,East,15649073,41700,11:35:00,41817,11:36:57,18,2663,Lark/Library Station - Washington Ave & Lark St (02663),0,1,1,43320.0,12:02:00,43375,12:02:55,43320.0,12:02:00,43389,12:03:09,14,00:00:14,doors opened
07/07/2025,12,4247,Monday,Weekday,East,15649073,41700,11:35:00,41817,11:36:57,17,263,Washington Ave & Henry Johnson Blvd (00263),0,0,2,,,43335,12:02:15,,,43335,12:02:15,0,00:00:00,door not opened
07/07/2025,12,4247,Monday,Weekday,East,15649073,41700,11:35:00,41817,11:36:57,16,2096,Washington Ave & Lexington Ave (02096),0,4,2,,,43216,12:00:16,,,43302,12:01:42,86,00:01:26,doors opened
07/07/2025,12,4247,Monday,Weekday,East,15649073,41700,11:35:00,41817,11:36:57,15,3253,Washington Ave & Robin St (Draper Hall) (03253),0,1,6,,,43175,11:59:35,,,43197,11:59:57,22,00:00:22,doors opened
07/07/2025,12,4247,Monday,Weekday,East,15649073,41700,11:35:00,41817,11:36:57,14,2109,Washington Ave & N. Lake Ave (02109),0,0,7,,,43126,11:58:46,,,43152,11:59:12,26,00:00:26,door not opened
07/07/2025,12,4247,Monday,Weekday,East,15649073,41700,11:35:00,41817,11:36:57,13,3255,Washington Ave & Quail St (03255),0,1,7,,,43063,11:57:43,,,43100,11:58:20,37,00:00:37,doors opened
07/07/2025,12,4247,Monday,Weekday,East,15649073,41700,11:35:00,41817,11:36:57,12,3256,Washington Ave & Ontario St (03256),0,0,8,42960.0,11:56:00,43031,11:57:11,42960.0,11:56:00,43040,11:57:20,9,00:00:09,door not opened
07/07/2025,12,4247,Monday,Weekday,East,15649073,41700,11:35:00,41817,11:36:57,11,2107,Washington Ave & Partridge St (02107),0,0,8,,,43010,11:56:50,,,43010,11:56:50,0,00:00:00,door not opened
07/07/2025,12,4247,Monday,Weekday,East,15649073,41700,11:35:00,41817,11:36:57,10,3257,Washington Ave & N. Main Ave (03257),0,1,8,,,42906,11:55:06,,,42953,11:55:53,47,00:00:47,doors opened
07/07/2025,12,4247,Monday,Weekday,East,15649073,41700,11:35:00,41817,11:36:57,9,1796,Washington Ave & N. Allen St (01796),0,0,9,42780.0,11:53:00,42878,11:54:38,42780.0,11:53:00,42878,11:54:38,0,00:00:00,door not opened
07/07/2025,12,4247,Monday,Weekday,East,15649073,41700,11:35:00,41817,11:36:57,8,11581,Washington Ave & Manning Blvd (11581),2,1,9,,,42787,11:53:07,,,42846,11:54:06,59,00:00:59,doors opened
07/07/2025,12,4247,Monday,Weekday,East,15649073,41700,11:35:00,41817,11:36:57,7,2180,Washington Ave & Homestead Ave (02180),0,0,8,,,42769,11:52:49,,,42769,11:52:49,0,00:00:00,door not opened
07/07/2025,12,4247,Monday,Weekday,East,15649073,41700,11:35:00,41817,11:36:57,6,2182,Washington Ave & Hawthorne St (02182),0,0,8,,,42750,11:52:30,,,42750,11:52:30,0,00:00:00,door not opened
07/07/2025,12,4247,Monday,Weekday,East,15649073,41700,11:35:00,41817,11:36:57,5,3304,Washington Ave & Clermont St (03304),0,0,8,,,42737,11:52:17,,,42737,11:52:17,0,00:00:00,door not opened
07/07/2025,12,4247,Monday,Weekday,East,15649073,41700,11:35:00,41817,11:36:57,4,3348,Washington Ave & Brevator St (03348),0,0,8,,,42721,11:52:01,,,42721,11:52:01,0,00:00:00,door not opened
07/07/2025,12,4247,Monday,Weekday,East,15649073,41700,11:35:00,41817,11:36:57,3,10134,Washington Ave & SUNY Exit Rd (10134),0,1,8,,,42583,11:49:43,,,42601,11:50:01,18,00:00:18,doors opened
07/07/2025,12,4247,Monday,Weekday,East,15649073,41700,11:35:00,41817,11:36:57,2,7216,SUNY Collins Circle (07216),1,0,9,42300.0,11:45:00,42450,11:47:30,42300.0,11:45:00,42467,11:47:47,17,00:00:17,doors opened
07/07/2025,12,4247,Monday,Weekday,East,15649073,41700,11:35:00,41817,11:36:57,1,12827,Crossgates Commons Station (12827),4,1,8,42000.0,11:40:00,42084,11:41:24,42000.0,11:40:00,42190,11:43:10,106,00:01:46,doors opened
07/07/2025,12,4247,Monday,Weekday,East,15649073,41700,11:35:00,41817,11:36:57,0,7175,Crossgates Mall Station (07175),5,0,5,41700.0,11:35:00,41817,11:36:57,41700.0,11:35:00,41817,11:36:57,0,00:00:00,doors opened
07/07/2025,12,4248,Monday,Weekday,West,15651655,48000,13:20:00,48341,13:25:41,22,976,Washington Ave & Brevator St (00976),0,1,25,,,49654,13:47:34,,,49674,13:47:54,20,00:00:20,doors opened
07/07/2025,12,4248,Monday,Weekday,West,15651655,48000,13:20:00,48341,13:25:41,21,1959,Washington Ave & Colvin Ave (01959),0,1,26,,,49577,13:46:17,,,49628,13:47:08,51,00:00:51,doors opened
07/07/2025,12,4248,Monday,Weekday,West,15651655,48000,13:20:00,48341,13:25:41,20,3399,Washington Ave & Danker Ave (03399),0,0,27,,,49556,13:45:56,,,49556,13:45:56,0,00:00:00,door not opened
07/07/2025,12,4248,Monday,Weekday,West,15651655,48000,13:20:00,48341,13:25:41,19,1849,Washington Ave & Homestead Ave (01849),1,0,27,,,49520,13:45:20,,,49535,13:45:35,15,00:00:15,doors opened
07/07/2025,12,4248,Monday,Weekday,West,15651655,48000,13:20:00,48341,13:25:41,18,1846,Washington Ave & Manning Blvd (01846),0,1,26,,,49451,13:44:11,,,49493,13:44:53,42,00:00:42,doors opened
07/07/2025,12,4248,Monday,Weekday,West,15651655,48000,13:20:00,48341,13:25:41,17,3287,Washington Ave & N. Allen St (03287),8,1,27,49200.0,13:40:00,49341,13:42:21,49200.0,13:40:00,49421,13:43:41,80,00:01:20,doors opened
07/07/2025,12,4248,Monday,Weekday,West,15651655,48000,13:20:00,48341,13:25:41,16,3264,Washington Ave & N. Main Ave (03264),2,0,20,,,49277,13:41:17,,,49311,13:41:51,34,00:00:34,doors opened
07/07/2025,12,4248,Monday,Weekday,West,15651655,48000,13:20:00,48341,13:25:41,15,1839,Washington Ave & Partridge St (01839),1,1,18,,,49177,13:39:37,,,49197,13:39:57,20,00:00:20,doors opened
07/07/2025,12,4248,Monday,Weekday,West,15651655,48000,13:20:00,48341,13:25:41,14,1841,Washington Ave & Ontario St (01841),4,0,18,48960.0,13:36:00,49130,13:38:50,48960.0,13:36:00,49153,13:39:13,23,00:00:23,doors opened
07/07/2025,12,4248,Monday,Weekday,West,15651655,48000,13:20:00,48341,13:25:41,13,1842,Washington Ave & Quail St (01842),5,1,14,,,49055,13:37:35,,,49104,13:38:24,49,00:00:49,doors opened
07/07/2025,12,4248,Monday,Weekday,West,15651655,48000,13:20:00,48341,13:25:41,12,1837,Washington Ave & N. Lake Ave (01837),0,0,10,,,49016,13:36:56,,,49032,13:37:12,16,00:00:16,door not opened
07/07/2025,12,4248,Monday,Weekday,West,15651655,48000,13:20:00,48341,13:25:41,11,1843,Washington Ave & Robin St (01843),4,0,10,,,48963,13:36:03,,,48991,13:36:31,28,00:00:28,doors opened
07/07/2025,12,4248,Monday,Weekday,West,15651655,48000,13:20:00,48341,13:25:41,10,12943,Washington Ave & Lexington Ave (12943),1,1,6,,,48906,13:35:06,,,48923,13:35:23,17,00:00:17,doors opened
07/07/2025,12,4248,Monday,Weekday,West,15651655,48000,13:20:00,48341,13:25:41,27,7175,Crossgates Mall Station (07175),0,14,0,50400.0,14:00:00,50587,14:03:07,50400.0,14:00:00,50587,14:03:07,0,00:00:00,doors opened
07/07/2025,12,4248,Monday,Weekday,West,15651655,48000,13:20:00,48341,13:25:41,26,12828,Crossgates Commons Station (12828),4,14,14,49980.0,13:53:00,50298,13:58:18,49980.0,13:53:00,50339,13:58:59,41,00:00:41,doors opened
07/07/2025,12,4248,Monday,Weekday,West,15651655,48000,13:20:00,48341,13:25:41,25,12891,1475 Washington Ave (12891),0,0,24,,,50130,13:55:30,,,50130,13:55:30,0,00:00:00,door not opened
07/07/2025,12,4248,Monday,Weekday,West,15651655,48000,13:20:00,48341,13:25:41,24,7216,SUNY Collins Circle (07216),0,1,24,49620.0,13:47:00,49935,13:52:15,49620.0,13:47:00,49949,13:52:29,14,00:00:14,doors opened
07/07/2025,12,4248,Monday,Weekday,West,15651655,48000,13:20:00,48341,13:25:41,23,3262,1383 Washington Ave (Fairfield Inn) (03262),1,1,25,,,49797,13:49:57,,,49825,13:50:25,28,00:00:28,doors opened
07/07/2025,12,4248,Monday,Weekday,West,15651655,48000,13:20:00,48341,13:25:41,9,12942,Washington Ave & Henry Johnson Blvd (12942),0,0,6,,,48877,13:34:37,,,48877,13:34:37,0,00:00:00,door not opened
07/07/2025,12,4248,Monday,Weekday,West,15651655,48000,13:20:00,48341,13:25:41,8,3239,Lark/Library Station - Washington Ave & Lark St (03239),6,3,6,48540.0,13:29:00,48779,13:32:59,48540.0,13:29:00,48823,13:33:43,44,00:00:44,doors opened
07/07/2025,12,4248,Monday,Weekday,West,15651655,48000,13:20:00,48341,13:25:41,7,3301,Washington Ave & S. Swan St (03301),1,1,3,,,48696,13:31:36,,,48730,13:32:10,34,00:00:34,doors opened
07/07/2025,12,4248,Monday,Weekday,West,15651655,48000,13:20:00,48341,13:25:41,6,3250,Hawk/Capitol Station - Washington Ave & Hawk St (03250),0,0,3,,,48679,13:31:19,,,48679,13:31:19,0,00:00:00,door not opened
07/07/2025,12,4248,Monday,Weekday,West,15651655,48000,13:20:00,48341,13:25:41,5,10087,State St & Eagle St (10087),0,0,3,,,48647,13:30:47,,,48647,13:30:47,0,00:00:00,door not opened
07/07/2025,12,4248,Monday,Weekday,West,15651655,48000,13:20:00,48341,13:25:41,4,2665,State/Downtown Station - State St & Lodge St (02665),2,0,3,48240.0,13:24:00,48533,13:28:53,48240.0,13:24:00,48565,13:29:25,32,00:00:32,doors opened
07/07/2025,12,4248,Monday,Weekday,West,15651655,48000,13:20:00,48341,13:25:41,3,3221,State Station - N. Pearl St & Ten Eyck Plaza (03221),1,0,1,,,48444,13:27:24,,,48512,13:28:32,68,00:01:08,doors opened
07/07/2025,12,4248,Monday,Weekday,West,15651655,48000,13:20:00,48341,13:25:41,2,3233,N. Pearl St & Sheridan Ave (03233),0,0,0,,,48402,13:26:42,,,48402,13:26:42,0,00:00:00,door not opened
07/07/2025,12,4248,Monday,Weekday,West,15651655,48000,13:20:00,48341,13:25:41,1,2168,Clinton Square Station - N. Pearl St & Clinton Ave (02168),1,1,0,,,48360,13:26:00,,,48394,13:26:34,34,00:00:34,doors opened
07/07/2025,12,4248,Monday,Weekday,West,15651655,48000,13:20:00,48341,13:25:41,0,9018,Broadway & Orange St (09018),0,0,0,48000.0,13:20:00,48341,13:25:41,48000.0,13:20:00,48341,13:25:41,0,00:00:00,door not opened
07/07/2025,12,4249,Monday,Weekday,East,15652357,69300,19:15:00,69466,19:17:46,4,3348,Washington Ave & Brevator St (03348),0,1,8,,,70328,19:32:08,,,70350,19:32:30,22,00:00:22,doors opened
07/07/2025,12,4249,Monday,Weekday,East,15652357,69300,19:15:00,69466,19:17:46,3,10134,Washington Ave & SUNY Exit Rd (10134),0,0,9,,,70227,19:30:27,,,70227,19:30:27,0,00:00:00,door not opened
07/07/2025,12,4249,Monday,Weekday,East,15652357,69300,19:15:00,69466,19:17:46,2,7216,SUNY Collins Circle (07216),2,0,9,69900.0,19:25:00,70103,19:28:23,69900.0,19:25:00,70122,19:28:42,19,00:00:19,doors opened
07/07/2025,12,4249,Monday,Weekday,East,15652357,69300,19:15:00,69466,19:17:46,1,12827,Crossgates Commons Station (12827),2,0,7,69600.0,19:20:00,69718,19:21:58,69600.0,19:20:00,69740,19:22:20,22,00:00:22,doors opened
07/07/2025,12,4249,Monday,Weekday,East,15652357,69300,19:15:00,69466,19:17:46,0,7175,Crossgates Mall Station (07175),5,0,5,69300.0,19:15:00,69466,19:17:46,69300.0,19:15:00,69466,19:17:46,0,00:00:00,doors opened
07/07/2025,12,4249,Monday,Weekday,East,15652357,69300,19:15:00,69466,19:17:46,24,3940,Broadway & Steuben St (03940),0,1,0,71400.0,19:50:00,71326,19:48:46,71400.0,19:50:00,71326,19:48:46,0,00:00:00,doors opened
07/07/2025,12,4249,Monday,Weekday,East,15652357,69300,19:15:00,69466,19:17:46,23,2509,State/Downtown Station - State St & S. Pearl St (02509),0,1,1,71220.0,19:47:00,71238,19:47:18,71220.0,19:47:00,71264,19:47:44,26,00:00:26,doors opened
07/07/2025,12,4249,Monday,Weekday,East,15652357,69300,19:15:00,69466,19:17:46,22,1787,State St & Eagle St (01787),0,0,2,,,71224,19:47:04,,,71224,19:47:04,0,00:00:00,door not opened
07/07/2025,12,4249,Monday,Weekday,East,15652357,69300,19:15:00,69466,19:17:46,21,2706,Hawk/Capitol Station - Washington Ave & Hawk St (02706),0,0,2,,,71187,19:46:27,,,71187,19:46:27,0,00:00:00,door not opened
07/07/2025,12,4249,Monday,Weekday,East,15652357,69300,19:15:00,69466,19:17:46,20,1789,Washington Ave & S. Swan St (01789),0,0,2,,,71170,19:46:10,,,71170,19:46:10,0,00:00:00,door not opened
07/07/2025,12,4249,Monday,Weekday,East,15652357,69300,19:15:00,69466,19:17:46,19,1788,Washington Ave & Dove St (01788),0,0,2,,,71148,19:45:48,,,71148,19:45:48,0,00:00:00,door not opened
07/07/2025,12,4249,Monday,Weekday,East,15652357,69300,19:15:00,69466,19:17:46,18,2663,Lark/Library Station - Washington Ave & Lark St (02663),0,0,2,70920.0,19:42:00,71088,19:44:48,70920.0,19:42:00,71121,19:45:21,33,00:00:33,door not opened
07/07/2025,12,4249,Monday,Weekday,East,15652357,69300,19:15:00,69466,19:17:46,17,263,Washington Ave & Henry Johnson Blvd (00263),0,4,2,,,70977,19:42:57,,,71029,19:43:49,52,00:00:52,doors opened
07/07/2025,12,4249,Monday,Weekday,East,15652357,69300,19:15:00,69466,19:17:46,16,2096,Washington Ave & Lexington Ave (02096),0,1,6,,,70877,19:41:17,,,70953,19:42:33,76,00:01:16,doors opened
07/07/2025,12,4249,Monday,Weekday,East,15652357,69300,19:15:00,69466,19:17:46,15,3253,Washington Ave & Robin St (Draper Hall) (03253),0,0,7,,,70843,19:40:43,,,70856,19:40:56,13,00:00:13,door not opened
07/07/2025,12,4249,Monday,Weekday,East,15652357,69300,19:15:00,69466,19:17:46,14,2109,Washington Ave & N. Lake Ave (02109),0,0,7,,,70798,19:39:58,,,70817,19:40:17,19,00:00:19,door not opened
07/07/2025,12,4249,Monday,Weekday,East,15652357,69300,19:15:00,69466,19:17:46,13,3255,Washington Ave & Quail St (03255),1,0,7,,,70733,19:38:53,,,70764,19:39:24,31,00:00:31,doors opened
07/07/2025,12,4249,Monday,Weekday,East,15652357,69300,19:15:00,69466,19:17:46,12,3256,Washington Ave & Ontario St (03256),4,2,6,70560.0,19:36:00,70662,19:37:42,70560.0,19:36:00,70707,19:38:27,45,00:00:45,doors opened
07/07/2025,12,4249,Monday,Weekday,East,15652357,69300,19:15:00,69466,19:17:46,11,2107,Washington Ave & Partridge St (02107),0,2,4,,,70625,19:37:05,,,70636,19:37:16,11,00:00:11,doors opened
07/07/2025,12,4249,Monday,Weekday,East,15652357,69300,19:15:00,69466,19:17:46,10,3257,Washington Ave & N. Main Ave (03257),0,0,6,,,70578,19:36:18,,,70578,19:36:18,0,00:00:00,door not opened
07/07/2025,12,4249,Monday,Weekday,East,15652357,69300,19:15:00,69466,19:17:46,9,1796,Washington Ave & N. Allen St (01796),1,2,6,70380.0,19:33:00,70532,19:35:32,70380.0,19:33:00,70550,19:35:50,18,00:00:18,doors opened
07/07/2025,12,4249,Monday,Weekday,East,15652357,69300,19:15:00,69466,19:17:46,8,11581,Washington Ave & Manning Blvd (11581),0,0,7,,,70493,19:34:53,,,70499,19:34:59,6,00:00:06,door not opened
07/07/2025,12,4249,Monday,Weekday,East,15652357,69300,19:15:00,69466,19:17:46,7,2180,Washington Ave & Homestead Ave (02180),0,1,7,,,70443,19:34:03,,,70461,19:34:21,18,00:00:18,doors opened
07/07/2025,12,4249,Monday,Weekday,East,15652357,69300,19:15:00,69466,19:17:46,6,2182,Washington Ave & Hawthorne St (02182),0,0,8,,,70422,19:33:42,,,70422,19:33:42,0,00:00:00,door not opened
07/07/2025,12,4249,Monday,Weekday,East,15652357,69300,19:15:00,69466,19:17:46,5,3304,Washington Ave & Clermont St (03304),0,0,8,,,70396,19:33:16,,,70396,19:33:16,0,00:00:00,door not opened
07/07/2025,12,4249,Monday,Weekday,West,15652360,72000,20:00:00,72241,20:04:01,14,1841,Washington Ave & Ontario St (01841),0,1,6,72840.0,20:14:00,72890,20:14:50,72840.0,20:14:00,72900,20:15:00,10,00:00:10,doors opened
07/07/2025,12,4249,Monday,Weekday,West,15652360,72000,20:00:00,72241,20:04:01,13,1842,Washington Ave & Quail St (01842),2,2,7,,,72824,20:13:44,,,72864,20:14:24,40,00:00:40,doors opened
07/07/2025,12,4249,Monday,Weekday,West,15652360,72000,20:00:00,72241,20:04:01,12,1837,Washington Ave & N. Lake Ave (01837),0,0,7,,,72802,20:13:22,,,72802,20:13:22,0,00:00:00,door not opened
07/07/2025,12,4249,Monday,Weekday,West,15652360,72000,20:00:00,72241,20:04:01,11,1843,Washington Ave & Robin St (01843),2,0,7,,,72758,20:12:38,,,72779,20:12:59,21,00:00:21,doors opened
07/07/2025,12,4249,Monday,Weekday,West,15652360,72000,20:00:00,72241,20:04:01,10,12943,Washington Ave & Lexington Ave (12943),0,0,5,,,72736,20:12:16,,,72736,20:12:16,0,00:00:00,door not opened
07/07/2025,12,4249,Monday,Weekday,West,15652360,72000,20:00:00,72241,20:04:01,9,12942,Washington Ave & Henry Johnson Blvd (12942),0,1,5,,,72649,20:10:49,,,72659,20:10:59,10,00:00:10,doors opened
07/07/2025,12,4249,Monday,Weekday,West,15652360,72000,20:00:00,72241,20:04:01,8,3239,Lark/Library Station - Washington Ave & Lark St (03239),0,0,6,72480.0,20:08:00,72612,20:10:12,72480.0,20:08:00,72612,20:10:12,0,00:00:00,door not opened
07/07/2025,12,4249,Monday,Weekday,West,15652360,72000,20:00:00,72241,20:04:01,7,3301,Washington Ave & S. Swan St (03301),1,0,6,,,72542,20:09:02,,,72558,20:09:18,16,00:00:16,doors opened
07/07/2025,12,4249,Monday,Weekday,West,15652360,72000,20:00:00,72241,20:04:01,6,3250,Hawk/Capitol Station - Washington Ave & Hawk St (03250),0,0,5,,,72522,20:08:42,,,72522,20:08:42,0,00:00:00,door not opened
07/07/2025,12,4249,Monday,Weekday,West,15652360,72000,20:00:00,72241,20:04:01,5,10087,State St & Eagle St (10087),0,0,5,,,72500,20:08:20,,,72500,20:08:20,0,00:00:00,door not opened
07/07/2025,12,4249,Monday,Weekday,West,15652360,72000,20:00:00,72241,20:04:01,4,2665,State/Downtown Station - State St & Lodge St (02665),4,0,5,72240.0,20:04:00,72384,20:06:24,72240.0,20:04:00,72452,20:07:32,68,00:01:08,doors opened
07/07/2025,12,4249,Monday,Weekday,West,15652360,72000,20:00:00,72241,20:04:01,3,3221,State Station - N. Pearl St & Ten Eyck Plaza (03221),0,0,1,,,72357,20:05:57,,,72357,20:05:57,0,00:00:00,door not opened
07/07/2025,12,4249,Monday,Weekday,West,15652360,72000,20:00:00,72241,20:04:01,2,3233,N. Pearl St & Sheridan Ave (03233),0,0,1,,,72303,20:05:03,,,72303,20:05:03,0,00:00:00,door not opened
07/07/2025,12,4249,Monday,Weekday,West,15652360,72000,20:00:00,72241,20:04:01,1,2168,Clinton Square Station - N. Pearl St & Clinton Ave (02168),0,0,1,,,72292,20:04:52,,,72292,20:04:52,0,00:00:00,door not opened
07/07/2025,12,4249,Monday,Weekday,West,15652360,72000,20:00:00,72241,20:04:01,0,9018,Broadway & Orange St (09018),0,0,1,72000.0,20:00:00,72241,20:04:01,72000.0,20:00:00,72241,20:04:01,0,00:00:00,door not opened
07/07/2025,12,4249,Monday,Weekday,West,15652360,72000,20:00:00,72241,20:04:01,27,7175,Crossgates Mall Station (07175),0,0,0,74220.0,20:37:00,74076,20:34:36,74220.0,20:37:00,74076,20:34:36,0,00:00:00,door not opened
07/07/2025,12,4249,Monday,Weekday,West,15652360,72000,20:00:00,72241,20:04:01,26,12828,Crossgates Commons Station (12828),0,2,0,73800.0,20:30:00,73834,20:30:34,73800.0,20:30:00,73861,20:31:01,27,00:00:27,doors opened
07/07/2025,12,4249,Monday,Weekday,West,15652360,72000,20:00:00,72241,20:04:01,25,12891,1475 Washington Ave (12891),0,4,2,,,73583,20:26:23,,,73600,20:26:40,17,00:00:17,doors opened
07/07/2025,12,4249,Monday,Weekday,West,15652360,72000,20:00:00,72241,20:04:01,24,7216,SUNY Collins Circle (07216),0,0,6,73440.0,20:24:00,73447,20:24:07,73440.0,20:24:00,73447,20:24:07,0,00:00:00,door not opened
07/07/2025,12,4249,Monday,Weekday,West,15652360,72000,20:00:00,72241,20:04:01,23,3262,1383 Washington Ave (Fairfield Inn) (03262),0,1,6,,,73337,20:22:17,,,73347,20:22:27,10,00:00:10,doors opened
07/07/2025,12,4249,Monday,Weekday,West,15652360,72000,20:00:00,72241,20:04:01,22,976,Washington Ave & Brevator St (00976),0,1,7,,,73221,20:20:21,,,73233,20:20:33,12,00:00:12,doors opened
07/07/2025,12,4249,Monday,Weekday,West,15652360,72000,20:00:00,72241,20:04:01,21,1959,Washington Ave & Colvin Ave (01959),0,0,8,,,73201,20:20:01,,,73201,20:20:01,0,00:00:00,door not opened
07/07/2025,12,4249,Monday,Weekday,West,15652360,72000,20:00:00,72241,20:04:01,20,3399,Washington Ave & Danker Ave (03399),0,0,8,,,73182,20:19:42,,,73182,20:19:42,0,00:00:00,door not opened
07/07/2025,12,4249,Monday,Weekday,West,15652360,72000,20:00:00,72241,20:04:01,19,1849,Washington Ave & Homestead Ave (01849),0,0,8,,,73163,20:19:23,,,73163,20:19:23,0,00:00:00,door not opened
07/07/2025,12,4249,Monday,Weekday,West,15652360,72000,20:00:00,72241,20:04:01,18,1846,Washington Ave & Manning Blvd (01846),1,0,8,,,73113,20:18:33,,,73127,20:18:47,14,00:00:14,doors opened
07/07/2025,12,4249,Monday,Weekday,West,15652360,72000,20:00:00,72241,20:04:01,17,3287,Washington Ave & N. Allen St (03287),2,1,7,73020.0,20:17:00,73055,20:17:35,73020.0,20:17:00,73070,20:17:50,15,00:00:15,doors opened
07/07/2025,12,4249,Monday,Weekday,West,15652360,72000,20:00:00,72241,20:04:01,16,3264,Washington Ave & N. Main Ave (03264),0,0,6,,,72993,20:16:33,,,73019,20:16:59,26,00:00:26,door not opened
07/07/2025,12,4249,Monday,Weekday,West,15652360,72000,20:00:00,72241,20:04:01,15,1839,Washington Ave & Partridge St (01839),0,0,6,,,72924,20:15:24,,,72924,20:15:24,0,00:00:00,door not opened
07/07/2025,12,4249,Monday,Weekday,East,15652354,64500,17:55:00,64986,18:03:06,24,3940,Broadway & Steuben St (03940),0,0,0,66660.0,18:31:00,66797,18:33:17,66660.0,18:31:00,66797,18:33:17,0,00:00:00,door not opened
07/07/2025,12,4249,Monday,Weekday,East,15652354,64500,17:55:00,64986,18:03:06,23,2509,State/Downtown Station - State St & S. Pearl St (02509),0,5,0,66480.0,18:28:00,66681,18:31:21,66480.0,18:28:00,66713,18:31:53,32,00:00:32,doors opened
07/07/2025,12,4249,Monday,Weekday,East,15652354,64500,17:55:00,64986,18:03:06,22,1787,State St & Eagle St (01787),0,0,5,,,66669,18:31:09,,,66669,18:31:09,0,00:00:00,door not opened
07/07/2025,12,4249,Monday,Weekday,East,15652354,64500,17:55:00,64986,18:03:06,21,2706,Hawk/Capitol Station - Washington Ave & Hawk St (02706),0,0,5,,,66635,18:30:35,,,66635,18:30:35,0,00:00:00,door not opened
07/07/2025,12,4249,Monday,Weekday,East,15652354,64500,17:55:00,64986,18:03:06,20,1789,Washington Ave & S. Swan St (01789),0,1,5,,,66586,18:29:46,,,66613,18:30:13,27,00:00:27,doors opened
07/07/2025,12,4249,Monday,Weekday,East,15652354,64500,17:55:00,64986,18:03:06,19,1788,Washington Ave & Dove St (01788),0,0,6,,,66565,18:29:25,,,66565,18:29:25,0,00:00:00,door not opened
07/07/2025,12,4249,Monday,Weekday,East,15652354,64500,17:55:00,64986,18:03:06,18,2663,Lark/Library Station - Washington Ave & Lark St (02663),0,0,6,66180.0,18:23:00,66514,18:28:34,66180.0,18:23:00,66542,18:29:02,28,00:00:28,doors opened
07/07/2025,12,4249,Monday,Weekday,East,15652354,64500,17:55:00,64986,18:03:06,17,263,Washington Ave & Henry Johnson Blvd (00263),0,0,6,,,66428,18:27:08,,,66468,18:27:48,40,00:00:40,door not opened
07/07/2025,12,4249,Monday,Weekday,East,15652354,64500,17:55:00,64986,18:03:06,16,2096,Washington Ave & Lexington Ave (02096),0,1,6,,,66366,18:26:06,,,66384,18:26:24,18,00:00:18,doors opened
07/07/2025,12,4249,Monday,Weekday,East,15652354,64500,17:55:00,64986,18:03:06,15,3253,Washington Ave & Robin St (Draper Hall) (03253),0,0,7,,,66351,18:25:51,,,66351,18:25:51,0,00:00:00,door not opened
07/07/2025,12,4249,Monday,Weekday,East,15652354,64500,17:55:00,64986,18:03:06,14,2109,Washington Ave & N. Lake Ave (02109),0,0,7,,,66328,18:25:28,,,66328,18:25:28,0,00:00:00,door not opened
07/07/2025,12,4249,Monday,Weekday,East,15652354,64500,17:55:00,64986,18:03:06,13,3255,Washington Ave & Quail St (03255),0,3,7,,,66272,18:24:32,,,66294,18:24:54,22,00:00:22,doors opened
07/07/2025,12,4249,Monday,Weekday,East,15652354,64500,17:55:00,64986,18:03:06,12,3256,Washington Ave & Ontario St (03256),0,0,10,65760.0,18:16:00,66250,18:24:10,65760.0,18:16:00,66250,18:24:10,0,00:00:00,door not opened
07/07/2025,12,4249,Monday,Weekday,East,15652354,64500,17:55:00,64986,18:03:06,11,2107,Washington Ave & Partridge St (02107),0,0,10,,,66213,18:23:33,,,66227,18:23:47,14,00:00:14,door not opened
07/07/2025,12,4249,Monday,Weekday,East,15652354,64500,17:55:00,64986,18:03:06,10,3257,Washington Ave & N. Main Ave (03257),0,3,10,,,66139,18:22:19,,,66163,18:22:43,24,00:00:24,doors opened
07/07/2025,12,4249,Monday,Weekday,East,15652354,64500,17:55:00,64986,18:03:06,9,1796,Washington Ave & N. Allen St (01796),0,6,13,65580.0,18:13:00,66090,18:21:30,65580.0,18:13:00,66105,18:21:45,15,00:00:15,doors opened
07/07/2025,12,4249,Monday,Weekday,East,15652354,64500,17:55:00,64986,18:03:06,8,11581,Washington Ave & Manning Blvd (11581),0,2,19,,,66009,18:20:09,,,66058,18:20:58,49,00:00:49,doors opened
07/07/2025,12,4249,Monday,Weekday,East,15652354,64500,17:55:00,64986,18:03:06,7,2180,Washington Ave & Homestead Ave (02180),0,1,21,,,65962,18:19:22,,,65971,18:19:31,9,00:00:09,doors opened
07/07/2025,12,4249,Monday,Weekday,East,15652354,64500,17:55:00,64986,18:03:06,6,2182,Washington Ave & Hawthorne St (02182),0,0,22,,,65939,18:18:59,,,65939,18:18:59,0,00:00:00,door not opened
07/07/2025,12,4249,Monday,Weekday,East,15652354,64500,17:55:00,64986,18:03:06,5,3304,Washington Ave & Clermont St (03304),0,0,22,,,65926,18:18:46,,,65926,18:18:46,0,00:00:00,door not opened
07/07/2025,12,4249,Monday,Weekday,East,15652354,64500,17:55:00,64986,18:03:06,4,3348,Washington Ave & Brevator St (03348),0,0,22,,,65912,18:18:32,,,65912,18:18:32,0,00:00:00,door not opened
07/07/2025,12,4249,Monday,Weekday,East,15652354,64500,17:55:00,64986,18:03:06,3,10134,Washington Ave & SUNY Exit Rd (10134),2,3,22,,,65743,18:15:43,,,65816,18:16:56,73,00:01:13,doors opened
07/07/2025,12,4249,Monday,Weekday,East,15652354,64500,17:55:00,64986,18:03:06,2,7216,SUNY Collins Circle (07216),6,0,23,65100.0,18:05:00,65619,18:13:39,65100.0,18:05:00,65650,18:14:10,31,00:00:31,doors opened
07/07/2025,12,4249,Monday,Weekday,East,15652354,64500,17:55:00,64986,18:03:06,1,12827,Crossgates Commons Station (12827),9,0,17,64800.0,18:00:00,65232,18:07:12,64800.0,18:00:00,65299,18:08:19,67,00:01:07,doors opened
07/07/2025,12,4249,Monday,Weekday,East,15652354,64500,17:55:00,64986,18:03:06,0,7175,Crossgates Mall Station (07175),8,0,8,64500.0,17:55:00,64986,18:03:06,64500.0,17:55:00,64986,18:03:06,0,00:00:00,doors opened
07/07/2025,12,4251,Monday,Weekday,East,15652737,52500,14:35:00,52599,14:36:39,24,3940,Broadway & Steuben St (03940),0,1,0,54780.0,15:13:00,54423,15:07:03,54780.0,15:13:00,54423,15:07:03,0,00:00:00,doors opened
07/07/2025,12,4251,Monday,Weekday,East,15652737,52500,14:35:00,52599,14:36:39,23,2509,State/Downtown Station - State St & S. Pearl St (02509),0,6,1,54600.0,15:10:00,54298,15:04:58,54600.0,15:10:00,54367,15:06:07,69,00:01:09,doors opened
07/07/2025,12,4251,Monday,Weekday,East,15652737,52500,14:35:00,52599,14:36:39,22,1787,State St & Eagle St (01787),0,0,7,,,54284,15:04:44,,,54284,15:04:44,0,00:00:00,door not opened
07/07/2025,12,4251,Monday,Weekday,East,15652737,52500,14:35:00,52599,14:36:39,21,2706,Hawk/Capitol Station - Washington Ave & Hawk St (02706),0,0,7,,,54248,15:04:08,,,54248,15:04:08,0,00:00:00,door not opened
07/07/2025,12,4251,Monday,Weekday,East,15652737,52500,14:35:00,52599,14:36:39,20,1789,Washington Ave & S. Swan St (01789),0,0,7,,,54228,15:03:48,,,54228,15:03:48,0,00:00:00,door not opened
07/07/2025,12,4251,Monday,Weekday,East,15652737,52500,14:35:00,52599,14:36:39,19,1788,Washington Ave & Dove St (01788),0,0,7,,,54208,15:03:28,,,54208,15:03:28,0,00:00:00,door not opened
07/07/2025,12,4251,Monday,Weekday,East,15652737,52500,14:35:00,52599,14:36:39,18,2663,Lark/Library Station - Washington Ave & Lark St (02663),0,2,7,54300.0,15:05:00,54144,15:02:24,54300.0,15:05:00,54182,15:03:02,38,00:00:38,doors opened
07/07/2025,12,4251,Monday,Weekday,East,15652737,52500,14:35:00,52599,14:36:39,17,263,Washington Ave & Henry Johnson Blvd (00263),0,2,9,,,54108,15:01:48,,,54121,15:02:01,13,00:00:13,doors opened
07/07/2025,12,4251,Monday,Weekday,East,15652737,52500,14:35:00,52599,14:36:39,16,2096,Washington Ave & Lexington Ave (02096),0,0,11,,,54017,15:00:17,,,54017,15:00:17,0,00:00:00,door not opened
07/07/2025,12,4251,Monday,Weekday,East,15652737,52500,14:35:00,52599,14:36:39,15,3253,Washington Ave & Robin St (Draper Hall) (03253),0,0,11,,,53991,14:59:51,,,53991,14:59:51,0,00:00:00,door not opened
07/07/2025,12,4251,Monday,Weekday,East,15652737,52500,14:35:00,52599,14:36:39,14,2109,Washington Ave & N. Lake Ave (02109),2,0,11,,,53939,14:58:59,,,53960,14:59:20,21,00:00:21,doors opened
07/07/2025,12,4251,Monday,Weekday,East,15652737,52500,14:35:00,52599,14:36:39,13,3255,Washington Ave & Quail St (03255),0,5,9,,,53893,14:58:13,,,53916,14:58:36,23,00:00:23,doors opened
07/07/2025,12,4251,Monday,Weekday,East,15652737,52500,14:35:00,52599,14:36:39,12,3256,Washington Ave & Ontario St (03256),1,2,14,53880.0,14:58:00,53853,14:57:33,53880.0,14:58:00,53871,14:57:51,18,00:00:18,doors opened
07/07/2025,12,4251,Monday,Weekday,East,15652737,52500,14:35:00,52599,14:36:39,11,2107,Washington Ave & Partridge St (02107),0,0,15,,,53834,14:57:14,,,53834,14:57:14,0,00:00:00,door not opened
07/07/2025,12,4251,Monday,Weekday,East,15652737,52500,14:35:00,52599,14:36:39,10,3257,Washington Ave & N. Main Ave (03257),0,0,15,,,53728,14:55:28,,,53757,14:55:57,29,00:00:29,door not opened
07/07/2025,12,4251,Monday,Weekday,East,15652737,52500,14:35:00,52599,14:36:39,9,1796,Washington Ave & N. Allen St (01796),1,4,15,53700.0,14:55:00,53675,14:54:35,53700.0,14:55:00,53694,14:54:54,19,00:00:19,doors opened
07/07/2025,12,4251,Monday,Weekday,East,15652737,52500,14:35:00,52599,14:36:39,8,11581,Washington Ave & Manning Blvd (11581),1,0,18,,,53628,14:53:48,,,53644,14:54:04,16,00:00:16,doors opened
07/07/2025,12,4251,Monday,Weekday,East,15652737,52500,14:35:00,52599,14:36:39,7,2180,Washington Ave & Homestead Ave (02180),0,1,17,,,53587,14:53:07,,,53603,14:53:23,16,00:00:16,doors opened
07/07/2025,12,4251,Monday,Weekday,East,15652737,52500,14:35:00,52599,14:36:39,6,2182,Washington Ave & Hawthorne St (02182),2,0,18,,,53545,14:52:25,,,53560,14:52:40,15,00:00:15,doors opened
07/07/2025,12,4251,Monday,Weekday,East,15652737,52500,14:35:00,52599,14:36:39,5,3304,Washington Ave & Clermont St (03304),0,2,16,,,53485,14:51:25,,,53519,14:51:59,34,00:00:34,doors opened
07/07/2025,12,4251,Monday,Weekday,East,15652737,52500,14:35:00,52599,14:36:39,4,3348,Washington Ave & Brevator St (03348),0,0,18,,,53470,14:51:10,,,53470,14:51:10,0,00:00:00,door not opened
07/07/2025,12,4251,Monday,Weekday,East,15652737,52500,14:35:00,52599,14:36:39,3,10134,Washington Ave & SUNY Exit Rd (10134),3,0,18,,,53339,14:48:59,,,53360,14:49:20,21,00:00:21,doors opened
07/07/2025,12,4251,Monday,Weekday,East,15652737,52500,14:35:00,52599,14:36:39,2,7216,SUNY Collins Circle (07216),5,0,15,53160.0,14:46:00,53218,14:46:58,53160.0,14:46:00,53251,14:47:31,33,00:00:33,doors opened
07/07/2025,12,4251,Monday,Weekday,East,15652737,52500,14:35:00,52599,14:36:39,1,12827,Crossgates Commons Station (12827),7,1,10,52860.0,14:41:00,52891,14:41:31,52860.0,14:41:00,52990,14:43:10,99,00:01:39,doors opened
07/07/2025,12,4251,Monday,Weekday,East,15652737,52500,14:35:00,52599,14:36:39,0,7175,Crossgates Mall Station (07175),4,0,4,52500.0,14:35:00,52599,14:36:39,52500.0,14:35:00,52599,14:36:39,0,00:00:00,doors opened
07/07/2025,12,4251,Monday,Weekday,West,15652739,55200,15:20:00,55234,15:20:34,26,7175,Crossgates Mall Station (07175),0,9,0,57780.0,16:03:00,57371,15:56:11,57780.0,16:03:00,57371,15:56:11,0,00:00:00,doors opened
07/07/2025,12,4251,Monday,Weekday,West,15652739,55200,15:20:00,55234,15:20:34,25,12828,Crossgates Commons Station (12828),0,2,9,57360.0,15:56:00,57180,15:53:00,57360.0,15:56:00,57208,15:53:28,28,00:00:28,doors opened
07/07/2025,12,4251,Monday,Weekday,West,15652739,55200,15:20:00,55234,15:20:34,24,12891,1475 Washington Ave (12891),0,1,11,,,56932,15:48:52,,,56945,15:49:05,13,00:00:13,doors opened
07/07/2025,12,4251,Monday,Weekday,West,15652739,55200,15:20:00,55234,15:20:34,23,7216,SUNY Collins Circle (07216),0,0,12,57000.0,15:50:00,56762,15:46:02,57000.0,15:50:00,56780,15:46:20,18,00:00:18,doors opened
07/07/2025,12,4251,Monday,Weekday,West,15652739,55200,15:20:00,55234,15:20:34,22,3262,1383 Washington Ave (Fairfield Inn) (03262),0,1,12,,,56624,15:43:44,,,56634,15:43:54,10,00:00:10,doors opened
07/07/2025,12,4251,Monday,Weekday,West,15652739,55200,15:20:00,55234,15:20:34,21,976,Washington Ave & Brevator St (00976),0,1,13,,,56493,15:41:33,,,56511,15:41:51,18,00:00:18,doors opened
07/07/2025,12,4251,Monday,Weekday,West,15652739,55200,15:20:00,55234,15:20:34,20,1959,Washington Ave & Colvin Ave (01959),1,1,14,,,56449,15:40:49,,,56467,15:41:07,18,00:00:18,doors opened
07/07/2025,12,4251,Monday,Weekday,West,15652739,55200,15:20:00,55234,15:20:34,19,3399,Washington Ave & Danker Ave (03399),0,0,14,,,56429,15:40:29,,,56429,15:40:29,0,00:00:00,door not opened
07/07/2025,12,4251,Monday,Weekday,West,15652739,55200,15:20:00,55234,15:20:34,18,1849,Washington Ave & Homestead Ave (01849),0,1,14,,,56391,15:39:51,,,56408,15:40:08,17,00:00:17,doors opened
07/07/2025,12,4251,Monday,Weekday,West,15652739,55200,15:20:00,55234,15:20:34,17,1846,Washington Ave & Manning Blvd (01846),0,0,15,,,56348,15:39:08,,,56367,15:39:27,19,00:00:19,door not opened
07/07/2025,12,4251,Monday,Weekday,West,15652739,55200,15:20:00,55234,15:20:34,16,3287,Washington Ave & N. Allen St (03287),3,2,15,56520.0,15:42:00,56293,15:38:13,56520.0,15:42:00,56318,15:38:38,25,00:00:25,doors opened
07/07/2025,12,4251,Monday,Weekday,West,15652739,55200,15:20:00,55234,15:20:34,15,3264,Washington Ave & N. Main Ave (03264),0,1,14,,,56233,15:37:13,,,56264,15:37:44,31,00:00:31,doors opened
07/07/2025,12,4251,Monday,Weekday,West,15652739,55200,15:20:00,55234,15:20:34,14,1839,Washington Ave & Partridge St (01839),0,0,15,,,56118,15:35:18,,,56135,15:35:35,17,00:00:17,door not opened
07/07/2025,12,4251,Monday,Weekday,West,15652739,55200,15:20:00,55234,15:20:34,13,1841,Washington Ave & Ontario St (01841),5,1,15,56220.0,15:37:00,56058,15:34:18,56220.0,15:37:00,56093,15:34:53,35,00:00:35,door not opened
07/07/2025,12,4251,Monday,Weekday,West,15652739,55200,15:20:00,55234,15:20:34,12,1837,Washington Ave & N. Lake Ave (01837),1,0,11,,,55911,15:31:51,,,55942,15:32:22,31,00:00:31,doors opened
07/07/2025,12,4251,Monday,Weekday,West,15652739,55200,15:20:00,55234,15:20:34,11,1843,Washington Ave & Robin St (01843),0,0,10,,,55891,15:31:31,,,55891,15:31:31,0,00:00:00,door not opened
07/07/2025,12,4251,Monday,Weekday,West,15652739,55200,15:20:00,55234,15:20:34,10,12943,Washington Ave & Lexington Ave (12943),0,1,10,,,55851,15:30:51,,,55865,15:31:05,14,00:00:14,doors opened
07/07/2025,12,4251,Monday,Weekday,West,15652739,55200,15:20:00,55234,15:20:34,9,12942,Washington Ave & Henry Johnson Blvd (12942),0,0,11,,,55805,15:30:05,,,55805,15:30:05,0,00:00:00,door not opened
07/07/2025,12,4251,Monday,Weekday,West,15652739,55200,15:20:00,55234,15:20:34,8,3239,Lark/Library Station - Washington Ave & Lark St (03239),2,2,11,55800.0,15:30:00,55740,15:29:00,55800.0,15:30:00,55765,15:29:25,25,00:00:25,doors opened
07/07/2025,12,4251,Monday,Weekday,West,15652739,55200,15:20:00,55234,15:20:34,7,3301,Washington Ave & S. Swan St (03301),1,2,11,,,55612,15:26:52,,,55666,15:27:46,54,00:00:54,doors opened
07/07/2025,12,4251,Monday,Weekday,West,15652739,55200,15:20:00,55234,15:20:34,6,3250,Hawk/Capitol Station - Washington Ave & Hawk St (03250),0,0,12,,,55592,15:26:32,,,55592,15:26:32,0,00:00:00,door not opened
07/07/2025,12,4251,Monday,Weekday,West,15652739,55200,15:20:00,55234,15:20:34,5,10087,State St & Eagle St (10087),0,0,12,,,55560,15:26:00,,,55560,15:26:00,0,00:00:00,door not opened
07/07/2025,12,4251,Monday,Weekday,West,15652739,55200,15:20:00,55234,15:20:34,4,2665,State/Downtown Station - State St & Lodge St (02665),8,0,12,55500.0,15:25:00,55470,15:24:30,55500.0,15:25:00,55525,15:25:25,55,00:00:55,doors opened
07/07/2025,12,4251,Monday,Weekday,West,15652739,55200,15:20:00,55234,15:20:34,3,3221,State Station - N. Pearl St & Ten Eyck Plaza (03221),4,0,4,,,55382,15:23:02,,,55453,15:24:13,71,00:01:11,doors opened
07/07/2025,12,4251,Monday,Weekday,West,15652739,55200,15:20:00,55234,15:20:34,2,3233,N. Pearl St & Sheridan Ave (03233),0,0,0,,,55327,15:22:07,,,55327,15:22:07,0,00:00:00,door not opened
07/07/2025,12,4251,Monday,Weekday,West,15652739,55200,15:20:00,55234,15:20:34,1,2168,Clinton Square Station - N. Pearl St & Clinton Ave (02168),0,0,0,,,55291,15:21:31,,,55291,15:21:31,0,00:00:00,door not opened
07/07/2025,12,4251,Monday,Weekday,West,15652739,55200,15:20:00,55234,15:20:34,0,9018,Broadway & Orange St (09018),0,0,0,55200.0,15:20:00,55234,15:20:34,55200.0,15:20:00,55234,15:20:34,0,00:00:00,door not opened
07/07/2025,12,4251,Monday,Weekday,East,15652740,58500,16:15:00,58571,16:16:11,24,3940,Broadway & Steuben St (03940),0,0,0,60840.0,16:54:00,60795,16:53:15,60840.0,16:54:00,60795,16:53:15,0,00:00:00,door not opened
07/07/2025,12,4251,Monday,Weekday,East,15652740,58500,16:15:00,58571,16:16:11,23,2509,State/Downtown Station - State St & S. Pearl St (02509),0,8,0,60660.0,16:51:00,60668,16:51:08,60660.0,16:51:00,60717,16:51:57,49,00:00:49,doors opened
07/07/2025,12,4251,Monday,Weekday,East,15652740,58500,16:15:00,58571,16:16:11,22,1787,State St & Eagle St (01787),0,0,8,,,60652,16:50:52,,,60652,16:50:52,0,00:00:00,door not opened
07/07/2025,12,4251,Monday,Weekday,East,15652740,58500,16:15:00,58571,16:16:11,21,2706,Hawk/Capitol Station - Washington Ave & Hawk St (02706),0,1,8,,,60518,16:48:38,,,60533,16:48:53,15,00:00:15,doors opened
07/07/2025,12,4251,Monday,Weekday,East,15652740,58500,16:15:00,58571,16:16:11,20,1789,Washington Ave & S. Swan St (01789),0,0,9,,,60500,16:48:20,,,60500,16:48:20,0,00:00:00,door not opened
07/07/2025,12,4251,Monday,Weekday,East,15652740,58500,16:15:00,58571,16:16:11,19,1788,Washington Ave & Dove St (01788),0,2,9,,,60459,16:47:39,,,60474,16:47:54,15,00:00:15,doors opened
07/07/2025,12,4251,Monday,Weekday,East,15652740,58500,16:15:00,58571,16:16:11,18,2663,Lark/Library Station - Washington Ave & Lark St (02663),0,6,11,60360.0,16:46:00,60397,16:46:37,60360.0,16:46:00,60432,16:47:12,35,00:00:35,doors opened
07/07/2025,12,4251,Monday,Weekday,East,15652740,58500,16:15:00,58571,16:16:11,17,263,Washington Ave & Henry Johnson Blvd (00263),0,3,17,,,60328,16:45:28,,,60357,16:45:57,29,00:00:29,doors opened
07/07/2025,12,4251,Monday,Weekday,East,15652740,58500,16:15:00,58571,16:16:11,16,2096,Washington Ave & Lexington Ave (02096),2,1,20,,,60270,16:44:30,,,60292,16:44:52,22,00:00:22,doors opened
07/07/2025,12,4251,Monday,Weekday,East,15652740,58500,16:15:00,58571,16:16:11,15,3253,Washington Ave & Robin St (Draper Hall) (03253),0,0,19,,,60254,16:44:14,,,60254,16:44:14,0,00:00:00,door not opened
07/07/2025,12,4251,Monday,Weekday,East,15652740,58500,16:15:00,58571,16:16:11,14,2109,Washington Ave & N. Lake Ave (02109),0,1,19,,,60199,16:43:19,,,60218,16:43:38,19,00:00:19,doors opened
07/07/2025,12,4251,Monday,Weekday,East,15652740,58500,16:15:00,58571,16:16:11,13,3255,Washington Ave & Quail St (03255),3,4,20,,,60120,16:42:00,,,60175,16:42:55,55,00:00:55,doors opened
07/07/2025,12,4251,Monday,Weekday,East,15652740,58500,16:15:00,58571,16:16:11,12,3256,Washington Ave & Ontario St (03256),0,1,21,59940.0,16:39:00,60057,16:40:57,59940.0,16:39:00,60098,16:41:38,41,00:00:41,doors opened
07/07/2025,12,4251,Monday,Weekday,East,15652740,58500,16:15:00,58571,16:16:11,11,2107,Washington Ave & Partridge St (02107),1,3,22,,,60013,16:40:13,,,60036,16:40:36,23,00:00:23,doors opened
07/07/2025,12,4251,Monday,Weekday,East,15652740,58500,16:15:00,58571,16:16:11,10,3257,Washington Ave & N. Main Ave (03257),0,1,24,,,59872,16:37:52,,,59924,16:38:44,52,00:00:52,doors opened
07/07/2025,12,4251,Monday,Weekday,East,15652740,58500,16:15:00,58571,16:16:11,9,1796,Washington Ave & N. Allen St (01796),0,0,25,59700.0,16:35:00,59847,16:37:27,59700.0,16:35:00,59847,16:37:27,0,00:00:00,door not opened
07/07/2025,12,4251,Monday,Weekday,East,15652740,58500,16:15:00,58571,16:16:11,8,11581,Washington Ave & Manning Blvd (11581),0,1,25,,,59790,16:36:30,,,59817,16:36:57,27,00:00:27,doors opened
07/07/2025,12,4251,Monday,Weekday,East,15652740,58500,16:15:00,58571,16:16:11,7,2180,Washington Ave & Homestead Ave (02180),0,1,26,,,59738,16:35:38,,,59768,16:36:08,30,00:00:30,doors opened
07/07/2025,12,4251,Monday,Weekday,East,15652740,58500,16:15:00,58571,16:16:11,6,2182,Washington Ave & Hawthorne St (02182),0,1,27,,,59699,16:34:59,,,59714,16:35:14,15,00:00:15,doors opened
07/07/2025,12,4251,Monday,Weekday,East,15652740,58500,16:15:00,58571,16:16:11,5,3304,Washington Ave & Clermont St (03304),0,0,28,,,59647,16:34:07,,,59647,16:34:07,0,00:00:00,door not opened
07/07/2025,12,4251,Monday,Weekday,East,15652740,58500,16:15:00,58571,16:16:11,4,3348,Washington Ave & Brevator St (03348),3,1,28,,,59541,16:32:21,,,59624,16:33:44,83,00:01:23,doors opened
07/07/2025,12,4251,Monday,Weekday,East,15652740,58500,16:15:00,58571,16:16:11,3,10134,Washington Ave & SUNY Exit Rd (10134),4,2,26,,,59366,16:29:26,,,59397,16:29:57,31,00:00:31,doors opened
07/07/2025,12,4251,Monday,Weekday,East,15652740,58500,16:15:00,58571,16:16:11,2,7216,SUNY Collins Circle (07216),2,0,24,59160.0,16:26:00,59158,16:25:58,59160.0,16:26:00,59217,16:26:57,59,00:00:59,doors opened
07/07/2025,12,4251,Monday,Weekday,East,15652740,58500,16:15:00,58571,16:16:11,1,12827,Crossgates Commons Station (12827),16,0,22,58860.0,16:21:00,58792,16:19:52,58860.0,16:21:00,58932,16:22:12,140,00:02:20,doors opened
07/07/2025,12,4251,Monday,Weekday,East,15652740,58500,16:15:00,58571,16:16:11,0,7175,Crossgates Mall Station (07175),6,0,6,58500.0,16:15:00,58571,16:16:11,58500.0,16:15:00,58571,16:16:11,0,00:00:00,doors opened
07/07/2025,12,4251,Monday,Weekday,West,15652742,61200,17:00:00,61285,17:01:25,19,1849,Washington Ave & Homestead Ave (01849),0,2,25,,,62601,17:23:21,,,62621,17:23:41,20,00:00:20,doors opened
07/07/2025,12,4251,Monday,Weekday,West,15652742,61200,17:00:00,61285,17:01:25,18,1846,Washington Ave & Manning Blvd (01846),0,1,27,,,62544,17:22:24,,,62578,17:22:58,34,00:00:34,doors opened
07/07/2025,12,4251,Monday,Weekday,West,15652742,61200,17:00:00,61285,17:01:25,17,3287,Washington Ave & N. Allen St (03287),2,5,28,62520.0,17:22:00,62490,17:21:30,62520.0,17:22:00,62517,17:21:57,27,00:00:27,doors opened
07/07/2025,12,4251,Monday,Weekday,West,15652742,61200,17:00:00,61285,17:01:25,16,3264,Washington Ave & N. Main Ave (03264),2,2,31,,,62440,17:20:40,,,62463,17:21:03,23,00:00:23,doors opened
07/07/2025,12,4251,Monday,Weekday,West,15652742,61200,17:00:00,61285,17:01:25,15,1839,Washington Ave & Partridge St (01839),1,0,31,,,62345,17:19:05,,,62372,17:19:32,27,00:00:27,doors opened
07/07/2025,12,4251,Monday,Weekday,West,15652742,61200,17:00:00,61285,17:01:25,14,1841,Washington Ave & Ontario St (01841),3,0,30,62280.0,17:18:00,62297,17:18:17,62280.0,17:18:00,62322,17:18:42,25,00:00:25,doors opened
07/07/2025,12,4251,Monday,Weekday,West,15652742,61200,17:00:00,61285,17:01:25,13,1842,Washington Ave & Quail St (01842),2,0,27,,,62217,17:16:57,,,62274,17:17:54,57,00:00:57,doors opened
07/07/2025,12,4251,Monday,Weekday,West,15652742,61200,17:00:00,61285,17:01:25,12,1837,Washington Ave & N. Lake Ave (01837),4,1,25,,,62133,17:15:33,,,62183,17:16:23,50,00:00:50,doors opened
07/07/2025,12,4251,Monday,Weekday,West,15652742,61200,17:00:00,61285,17:01:25,11,1843,Washington Ave & Robin St (01843),2,1,22,,,62087,17:14:47,,,62113,17:15:13,26,00:00:26,doors opened
07/07/2025,12,4251,Monday,Weekday,West,15652742,61200,17:00:00,61285,17:01:25,10,12943,Washington Ave & Lexington Ave (12943),0,0,21,,,62070,17:14:30,,,62070,17:14:30,0,00:00:00,door not opened
07/07/2025,12,4251,Monday,Weekday,West,15652742,61200,17:00:00,61285,17:01:25,9,12942,Washington Ave & Henry Johnson Blvd (12942),0,0,21,,,62034,17:13:54,,,62034,17:13:54,0,00:00:00,door not opened
07/07/2025,12,4251,Monday,Weekday,West,15652742,61200,17:00:00,61285,17:01:25,8,3239,Lark/Library Station - Washington Ave & Lark St (03239),4,2,21,61860.0,17:11:00,61879,17:11:19,61860.0,17:11:00,61977,17:12:57,98,00:01:38,doors opened
07/07/2025,12,4251,Monday,Weekday,West,15652742,61200,17:00:00,61285,17:01:25,7,3301,Washington Ave & S. Swan St (03301),7,1,19,,,61806,17:10:06,,,61845,17:10:45,39,00:00:39,doors opened
07/07/2025,12,4251,Monday,Weekday,West,15652742,61200,17:00:00,61285,17:01:25,6,3250,Hawk/Capitol Station - Washington Ave & Hawk St (03250),1,0,13,,,61706,17:08:26,,,61784,17:09:44,78,00:01:18,doors opened
07/07/2025,12,4251,Monday,Weekday,West,15652742,61200,17:00:00,61285,17:01:25,5,10087,State St & Eagle St (10087),0,0,12,,,61684,17:08:04,,,61684,17:08:04,0,00:00:00,door not opened
07/07/2025,12,4251,Monday,Weekday,West,15652742,61200,17:00:00,61285,17:01:25,4,2665,State/Downtown Station - State St & Lodge St (02665),4,0,12,61500.0,17:05:00,61552,17:05:52,61500.0,17:05:00,61582,17:06:22,30,00:00:30,doors opened
07/07/2025,12,4251,Monday,Weekday,West,15652742,61200,17:00:00,61285,17:01:25,3,3221,State Station - N. Pearl St & Ten Eyck Plaza (03221),4,0,8,,,61469,17:04:29,,,61524,17:05:24,55,00:00:55,doors opened
07/07/2025,12,4251,Monday,Weekday,West,15652742,61200,17:00:00,61285,17:01:25,2,3233,N. Pearl St & Sheridan Ave (03233),2,0,4,,,61421,17:03:41,,,61435,17:03:55,14,00:00:14,doors opened
07/07/2025,12,4251,Monday,Weekday,West,15652742,61200,17:00:00,61285,17:01:25,1,2168,Clinton Square Station - N. Pearl St & Clinton Ave (02168),0,0,2,,,61352,17:02:32,,,61352,17:02:32,0,00:00:00,door not opened
07/07/2025,12,4251,Monday,Weekday,West,15652742,61200,17:00:00,61285,17:01:25,0,9018,Broadway & Orange St (09018),2,0,2,61200.0,17:00:00,61285,17:01:25,61200.0,17:00:00,61285,17:01:25,0,00:00:00,doors opened
07/07/2025,12,4251,Monday,Weekday,West,15652742,61200,17:00:00,61285,17:01:25,27,7175,Crossgates Mall Station (07175),0,5,0,63840.0,17:44:00,63532,17:38:52,63840.0,17:44:00,63532,17:38:52,0,00:00:00,doors opened
07/07/2025,12,4251,Monday,Weekday,West,15652742,61200,17:00:00,61285,17:01:25,26,12828,Crossgates Commons Station (12828),4,11,5,63420.0,17:37:00,63290,17:34:50,63420.0,17:37:00,63322,17:35:22,32,00:00:32,doors opened
07/07/2025,12,4251,Monday,Weekday,West,15652742,61200,17:00:00,61285,17:01:25,25,12891,1475 Washington Ave (12891),0,1,12,,,63090,17:31:30,,,63099,17:31:39,9,00:00:09,doors opened
07/07/2025,12,4251,Monday,Weekday,West,15652742,61200,17:00:00,61285,17:01:25,24,7216,SUNY Collins Circle (07216),0,0,13,63000.0,17:30:00,63003,17:30:03,63000.0,17:30:00,63024,17:30:24,21,00:00:21,doors opened
07/07/2025,12,4251,Monday,Weekday,West,15652742,61200,17:00:00,61285,17:01:25,23,3262,1383 Washington Ave (Fairfield Inn) (03262),1,2,13,,,62844,17:27:24,,,62892,17:28:12,48,00:00:48,doors opened
07/07/2025,12,4251,Monday,Weekday,West,15652742,61200,17:00:00,61285,17:01:25,22,976,Washington Ave & Brevator St (00976),0,1,14,,,62734,17:25:34,,,62745,17:25:45,11,00:00:11,doors opened
07/07/2025,12,4251,Monday,Weekday,West,15652742,61200,17:00:00,61285,17:01:25,21,1959,Washington Ave & Colvin Ave (01959),0,6,15,,,62688,17:24:48,,,62709,17:25:09,21,00:00:21,doors opened
07/07/2025,12,4251,Monday,Weekday,West,15652742,61200,17:00:00,61285,17:01:25,20,3399,Washington Ave & Danker Ave (03399),0,4,21,,,62645,17:24:05,,,62666,17:24:26,21,00:00:21,doors opened
07/07/2025,12,4251,Monday,Weekday,East,15649935,22800,06:20:00,22816,06:20:16,10,3257,Washington Ave & N. Main Ave (03257),0,0,6,,,23920,06:38:40,,,23939,06:38:59,19,00:00:19,door not opened
07/07/2025,12,4251,Monday,Weekday,East,15649935,22800,06:20:00,22816,06:20:16,9,1796,Washington Ave & N. Allen St (01796),2,0,6,23820.0,06:37:00,23855,06:37:35,23820.0,06:37:00,23882,06:38:02,27,00:00:27,doors opened
07/07/2025,12,4251,Monday,Weekday,East,15649935,22800,06:20:00,22816,06:20:16,8,11581,Washington Ave & Manning Blvd (11581),0,0,4,,,23815,06:36:55,,,23820,06:37:00,5,00:00:05,door not opened
07/07/2025,12,4251,Monday,Weekday,East,15649935,22800,06:20:00,22816,06:20:16,7,2180,Washington Ave & Homestead Ave (02180),0,1,4,,,23762,06:36:02,,,23780,06:36:20,18,00:00:18,doors opened
07/07/2025,12,4251,Monday,Weekday,East,15649935,22800,06:20:00,22816,06:20:16,6,2182,Washington Ave & Hawthorne St (02182),0,0,5,,,23732,06:35:32,,,23732,06:35:32,0,00:00:00,door not opened
07/07/2025,12,4251,Monday,Weekday,East,15649935,22800,06:20:00,22816,06:20:16,5,3304,Washington Ave & Clermont St (03304),0,0,5,,,23710,06:35:10,,,23710,06:35:10,0,00:00:00,door not opened
07/07/2025,12,4251,Monday,Weekday,East,15649935,22800,06:20:00,22816,06:20:16,4,3348,Washington Ave & Brevator St (03348),0,0,5,,,23688,06:34:48,,,23688,06:34:48,0,00:00:00,door not opened
07/07/2025,12,4251,Monday,Weekday,East,15649935,22800,06:20:00,22816,06:20:16,3,10134,Washington Ave & SUNY Exit Rd (10134),4,0,5,,,23517,06:31:57,,,23545,06:32:25,28,00:00:28,doors opened
07/07/2025,12,4251,Monday,Weekday,East,15649935,22800,06:20:00,22816,06:20:16,2,7216,SUNY Collins Circle (07216),1,0,1,23340.0,06:29:00,23401,06:30:01,23340.0,06:29:00,23417,06:30:17,16,00:00:16,doors opened
07/07/2025,12,4251,Monday,Weekday,East,15649935,22800,06:20:00,22816,06:20:16,1,12827,Crossgates Commons Station (12827),0,0,0,23040.0,06:24:00,23082,06:24:42,23040.0,06:24:00,23134,06:25:34,52,00:00:52,doors opened
07/07/2025,12,4251,Monday,Weekday,East,15649935,22800,06:20:00,22816,06:20:16,0,7175,Crossgates Mall Station (07175),0,0,0,22800.0,06:20:00,22816,06:20:16,22800.0,06:20:00,22816,06:20:16,0,00:00:00,door not opened
07/07/2025,12,4251,Monday,Weekday,East,15649935,22800,06:20:00,22816,06:20:16,24,3940,Broadway & Steuben St (03940),0,0,0,24720.0,06:52:00,24649,06:50:49,24720.0,06:52:00,24649,06:50:49,0,00:00:00,door not opened
07/07/2025,12,4251,Monday,Weekday,East,15649935,22800,06:20:00,22816,06:20:16,23,2509,State/Downtown Station - State St & S. Pearl St (02509),0,0,0,24540.0,06:49:00,24591,06:49:51,24540.0,06:49:00,24591,06:49:51,0,00:00:00,door not opened
07/07/2025,12,4251,Monday,Weekday,East,15649935,22800,06:20:00,22816,06:20:16,22,1787,State St & Eagle St (01787),0,0,0,,,24548,06:49:08,,,24548,06:49:08,0,00:00:00,door not opened
07/07/2025,12,4251,Monday,Weekday,East,15649935,22800,06:20:00,22816,06:20:16,21,2706,Hawk/Capitol Station - Washington Ave & Hawk St (02706),0,1,0,,,24490,06:48:10,,,24499,06:48:19,9,00:00:09,doors opened
07/07/2025,12,4251,Monday,Weekday,East,15649935,22800,06:20:00,22816,06:20:16,20,1789,Washington Ave & S. Swan St (01789),0,1,1,,,24427,06:47:07,,,24466,06:47:46,39,00:00:39,doors opened
07/07/2025,12,4251,Monday,Weekday,East,15649935,22800,06:20:00,22816,06:20:16,19,1788,Washington Ave & Dove St (01788),0,0,2,,,24385,06:46:25,,,24405,06:46:45,20,00:00:20,door not opened
07/07/2025,12,4251,Monday,Weekday,East,15649935,22800,06:20:00,22816,06:20:16,18,2663,Lark/Library Station - Washington Ave & Lark St (02663),0,1,2,24240.0,06:44:00,24336,06:45:36,24240.0,06:44:00,24355,06:45:55,19,00:00:19,doors opened
07/07/2025,12,4251,Monday,Weekday,East,15649935,22800,06:20:00,22816,06:20:16,17,263,Washington Ave & Henry Johnson Blvd (00263),0,1,3,,,24286,06:44:46,,,24297,06:44:57,11,00:00:11,doors opened
07/07/2025,12,4251,Monday,Weekday,East,15649935,22800,06:20:00,22816,06:20:16,16,2096,Washington Ave & Lexington Ave (02096),1,1,4,,,24219,06:43:39,,,24257,06:44:17,38,00:00:38,doors opened
07/07/2025,12,4251,Monday,Weekday,East,15649935,22800,06:20:00,22816,06:20:16,15,3253,Washington Ave & Robin St (Draper Hall) (03253),0,1,4,,,24161,06:42:41,,,24200,06:43:20,39,00:00:39,doors opened
07/07/2025,12,4251,Monday,Weekday,East,15649935,22800,06:20:00,22816,06:20:16,14,2109,Washington Ave & N. Lake Ave (02109),0,1,5,,,24114,06:41:54,,,24136,06:42:16,22,00:00:22,doors opened
07/07/2025,12,4251,Monday,Weekday,East,15649935,22800,06:20:00,22816,06:20:16,13,3255,Washington Ave & Quail St (03255),0,0,6,,,24065,06:41:05,,,24083,06:41:23,18,00:00:18,door not opened
07/07/2025,12,4251,Monday,Weekday,East,15649935,22800,06:20:00,22816,06:20:16,12,3256,Washington Ave & Ontario St (03256),0,0,6,23940.0,06:39:00,24041,06:40:41,23940.0,06:39:00,24041,06:40:41,0,00:00:00,door not opened
07/07/2025,12,4251,Monday,Weekday,East,15649935,22800,06:20:00,22816,06:20:16,11,2107,Washington Ave & Partridge St (02107),0,0,6,,,24019,06:40:19,,,24019,06:40:19,0,00:00:00,door not opened
07/07/2025,12,4251,Monday,Weekday,East,15649939,28500,07:55:00,28637,07:57:17,24,3940,Broadway & Steuben St (03940),0,1,0,30840.0,08:34:00,30875,08:34:35,30840.0,08:34:00,30875,08:34:35,0,00:00:00,doors opened
07/07/2025,12,4251,Monday,Weekday,East,15649939,28500,07:55:00,28637,07:57:17,23,2509,State/Downtown Station - State St & S. Pearl St (02509),0,3,1,30660.0,08:31:00,30736,08:32:16,30660.0,08:31:00,30803,08:33:23,67,00:01:07,doors opened
07/07/2025,12,4251,Monday,Weekday,East,15649939,28500,07:55:00,28637,07:57:17,22,1787,State St & Eagle St (01787),0,0,4,,,30674,08:31:14,,,30674,08:31:14,0,00:00:00,door not opened
07/07/2025,12,4251,Monday,Weekday,East,15649939,28500,07:55:00,28637,07:57:17,21,2706,Hawk/Capitol Station - Washington Ave & Hawk St (02706),0,0,4,,,30591,08:29:51,,,30591,08:29:51,0,00:00:00,door not opened
07/07/2025,12,4251,Monday,Weekday,East,15649939,28500,07:55:00,28637,07:57:17,20,1789,Washington Ave & S. Swan St (01789),0,8,4,,,30496,08:28:16,,,30573,08:29:33,77,00:01:17,doors opened
07/07/2025,12,4251,Monday,Weekday,East,15649939,28500,07:55:00,28637,07:57:17,19,1788,Washington Ave & Dove St (01788),0,2,12,,,30436,08:27:16,,,30472,08:27:52,36,00:00:36,doors opened
07/07/2025,12,4251,Monday,Weekday,East,15649939,28500,07:55:00,28637,07:57:17,18,2663,Lark/Library Station - Washington Ave & Lark St (02663),1,4,14,30240.0,08:24:00,30383,08:26:23,30240.0,08:24:00,30415,08:26:55,32,00:00:32,doors opened
07/07/2025,12,4251,Monday,Weekday,East,15649939,28500,07:55:00,28637,07:57:17,17,263,Washington Ave & Henry Johnson Blvd (00263),0,1,17,,,30287,08:24:47,,,30346,08:25:46,59,00:00:59,doors opened
07/07/2025,12,4251,Monday,Weekday,East,15649939,28500,07:55:00,28637,07:57:17,16,2096,Washington Ave & Lexington Ave (02096),1,1,18,,,30171,08:22:51,,,30261,08:24:21,90,00:01:30,doors opened
07/07/2025,12,4251,Monday,Weekday,East,15649939,28500,07:55:00,28637,07:57:17,15,3253,Washington Ave & Robin St (Draper Hall) (03253),0,1,18,,,30101,08:21:41,,,30142,08:22:22,41,00:00:41,doors opened
07/07/2025,12,4251,Monday,Weekday,East,15649939,28500,07:55:00,28637,07:57:17,14,2109,Washington Ave & N. Lake Ave (02109),2,1,19,,,30053,08:20:53,,,30077,08:21:17,24,00:00:24,doors opened
07/07/2025,12,4251,Monday,Weekday,East,15649939,28500,07:55:00,28637,07:57:17,13,3255,Washington Ave & Quail St (03255),0,1,18,,,30009,08:20:09,,,30026,08:20:26,17,00:00:17,doors opened
07/07/2025,12,4251,Monday,Weekday,East,15649939,28500,07:55:00,28637,07:57:17,12,3256,Washington Ave & Ontario St (03256),1,1,19,29820.0,08:17:00,29960,08:19:20,29820.0,08:17:00,29987,08:19:47,27,00:00:27,doors opened
07/07/2025,12,4251,Monday,Weekday,East,15649939,28500,07:55:00,28637,07:57:17,11,2107,Washington Ave & Partridge St (02107),1,0,19,,,29924,08:18:44,,,29940,08:19:00,16,00:00:16,doors opened
07/07/2025,12,4251,Monday,Weekday,East,15649939,28500,07:55:00,28637,07:57:17,10,3257,Washington Ave & N. Main Ave (03257),3,2,18,,,29782,08:16:22,,,29829,08:17:09,47,00:00:47,doors opened
07/07/2025,12,4251,Monday,Weekday,East,15649939,28500,07:55:00,28637,07:57:17,9,1796,Washington Ave & N. Allen St (01796),2,0,17,29640.0,08:14:00,29730,08:15:30,29640.0,08:14:00,29752,08:15:52,22,00:00:22,doors opened
07/07/2025,12,4251,Monday,Weekday,East,15649939,28500,07:55:00,28637,07:57:17,8,11581,Washington Ave & Manning Blvd (11581),1,0,15,,,29660,08:14:20,,,29697,08:14:57,37,00:00:37,doors opened
07/07/2025,12,4251,Monday,Weekday,East,15649939,28500,07:55:00,28637,07:57:17,7,2180,Washington Ave & Homestead Ave (02180),1,0,14,,,29614,08:13:34,,,29636,08:13:56,22,00:00:22,doors opened
07/07/2025,12,4251,Monday,Weekday,East,15649939,28500,07:55:00,28637,07:57:17,6,2182,Washington Ave & Hawthorne St (02182),2,0,13,,,29554,08:12:34,,,29576,08:12:56,22,00:00:22,doors opened
07/07/2025,12,4251,Monday,Weekday,East,15649939,28500,07:55:00,28637,07:57:17,5,3304,Washington Ave & Clermont St (03304),3,0,11,,,29484,08:11:24,,,29529,08:12:09,45,00:00:45,doors opened
07/07/2025,12,4251,Monday,Weekday,East,15649939,28500,07:55:00,28637,07:57:17,4,3348,Washington Ave & Brevator St (03348),0,0,8,,,29467,08:11:07,,,29467,08:11:07,0,00:00:00,door not opened
07/07/2025,12,4251,Monday,Weekday,East,15649939,28500,07:55:00,28637,07:57:17,3,10134,Washington Ave & SUNY Exit Rd (10134),5,0,8,,,29306,08:08:26,,,29339,08:08:59,33,00:00:33,doors opened
07/07/2025,12,4251,Monday,Weekday,East,15649939,28500,07:55:00,28637,07:57:17,2,7216,SUNY Collins Circle (07216),0,0,3,29100.0,08:05:00,29216,08:06:56,29100.0,08:05:00,29216,08:06:56,0,00:00:00,door not opened
07/07/2025,12,4251,Monday,Weekday,East,15649939,28500,07:55:00,28637,07:57:17,1,12827,Crossgates Commons Station (12827),2,0,3,28800.0,08:00:00,28897,08:01:37,28800.0,08:00:00,28969,08:02:49,72,00:01:12,doors opened
07/07/2025,12,4251,Monday,Weekday,East,15649939,28500,07:55:00,28637,07:57:17,0,7175,Crossgates Mall Station (07175),1,0,1,28500.0,07:55:00,28637,07:57:17,28500.0,07:55:00,28637,07:57:17,0,00:00:00,doors opened
07/07/2025,12,4251,Monday,Weekday,West,15649941,31200,08:40:00,31230,08:40:30,27,7175,Crossgates Mall Station (07175),0,4,0,33720.0,09:22:00,33635,09:20:35,33720.0,09:22:00,33635,09:20:35,0,00:00:00,doors opened
07/07/2025,12,4251,Monday,Weekday,West,15649941,31200,08:40:00,31230,08:40:30,26,12828,Crossgates Commons Station (12828),0,6,4,33300.0,09:15:00,33374,09:16:14,33300.0,09:15:00,33396,09:16:36,22,00:00:22,doors opened
07/07/2025,12,4251,Monday,Weekday,West,15649941,31200,08:40:00,31230,08:40:30,25,12891,1475 Washington Ave (12891),3,0,10,,,33196,09:13:16,,,33213,09:13:33,17,00:00:17,doors opened
07/07/2025,12,4251,Monday,Weekday,West,15649941,31200,08:40:00,31230,08:40:30,24,7216,SUNY Collins Circle (07216),0,6,7,32940.0,09:09:00,33020,09:10:20,32940.0,09:09:00,33040,09:10:40,20,00:00:20,doors opened
07/07/2025,12,4251,Monday,Weekday,West,15649941,31200,08:40:00,31230,08:40:30,23,3262,1383 Washington Ave (Fairfield Inn) (03262),0,2,13,,,32841,09:07:21,,,32901,09:08:21,60,00:01:00,doors opened
07/07/2025,12,4251,Monday,Weekday,West,15649941,31200,08:40:00,31230,08:40:30,22,976,Washington Ave & Brevator St (00976),0,1,15,,,32636,09:03:56,,,32669,09:04:29,33,00:00:33,doors opened
07/07/2025,12,4251,Monday,Weekday,West,15649941,31200,08:40:00,31230,08:40:30,21,1959,Washington Ave & Colvin Ave (01959),1,1,16,,,32555,09:02:35,,,32608,09:03:28,53,00:00:53,doors opened
07/07/2025,12,4251,Monday,Weekday,West,15649941,31200,08:40:00,31230,08:40:30,20,3399,Washington Ave & Danker Ave (03399),0,0,16,,,32533,09:02:13,,,32533,09:02:13,0,00:00:00,door not opened
07/07/2025,12,4251,Monday,Weekday,West,15649941,31200,08:40:00,31230,08:40:30,19,1849,Washington Ave & Homestead Ave (01849),4,0,16,,,32491,09:01:31,,,32512,09:01:52,21,00:00:21,doors opened
07/07/2025,12,4251,Monday,Weekday,West,15649941,31200,08:40:00,31230,08:40:30,18,1846,Washington Ave & Manning Blvd (01846),1,0,12,,,32423,09:00:23,,,32459,09:00:59,36,00:00:36,doors opened
07/07/2025,12,4251,Monday,Weekday,West,15649941,31200,08:40:00,31230,08:40:30,17,3287,Washington Ave & N. Allen St (03287),1,1,11,32460.0,09:01:00,32375,08:59:35,32460.0,09:01:00,32392,08:59:52,17,00:00:17,doors opened
07/07/2025,12,4251,Monday,Weekday,West,15649941,31200,08:40:00,31230,08:40:30,16,3264,Washington Ave & N. Main Ave (03264),0,0,11,,,32347,08:59:07,,,32347,08:59:07,0,00:00:00,door not opened
07/07/2025,12,4251,Monday,Weekday,West,15649941,31200,08:40:00,31230,08:40:30,15,1839,Washington Ave & Partridge St (01839),1,1,11,,,32219,08:56:59,,,32257,08:57:37,38,00:00:38,doors opened
07/07/2025,12,4251,Monday,Weekday,West,15649941,31200,08:40:00,31230,08:40:30,14,1841,Washington Ave & Ontario St (01841),0,0,11,32220.0,08:57:00,32195,08:56:35,32220.0,08:57:00,32195,08:56:35,0,00:00:00,door not opened
07/07/2025,12,4251,Monday,Weekday,West,15649941,31200,08:40:00,31230,08:40:30,13,1842,Washington Ave & Quail St (01842),0,1,11,,,32156,08:55:56,,,32169,08:56:09,13,00:00:13,doors opened
07/07/2025,12,4251,Monday,Weekday,West,15649941,31200,08:40:00,31230,08:40:30,12,1837,Washington Ave & N. Lake Ave (01837),1,0,12,,,32112,08:55:12,,,32127,08:55:27,15,00:00:15,doors opened
07/07/2025,12,4251,Monday,Weekday,West,15649941,31200,08:40:00,31230,08:40:30,11,1843,Washington Ave & Robin St (01843),0,0,11,,,32090,08:54:50,,,32090,08:54:50,0,00:00:00,door not opened
07/07/2025,12,4251,Monday,Weekday,West,15649941,31200,08:40:00,31230,08:40:30,10,12943,Washington Ave & Lexington Ave (12943),1,2,11,,,32032,08:53:52,,,32053,08:54:13,21,00:00:21,doors opened
07/07/2025,12,4251,Monday,Weekday,West,15649941,31200,08:40:00,31230,08:40:30,9,12942,Washington Ave & Henry Johnson Blvd (12942),1,0,12,,,31934,08:52:14,,,31948,08:52:28,14,00:00:14,doors opened
07/07/2025,12,4251,Monday,Weekday,West,15649941,31200,08:40:00,31230,08:40:30,8,3239,Lark/Library Station - Washington Ave & Lark St (03239),2,0,11,31800.0,08:50:00,31853,08:50:53,31800.0,08:50:00,31877,08:51:17,24,00:00:24,doors opened
07/07/2025,12,4251,Monday,Weekday,West,15649941,31200,08:40:00,31230,08:40:30,7,3301,Washington Ave & S. Swan St (03301),3,2,9,,,31791,08:49:51,,,31817,08:50:17,26,00:00:26,doors opened
07/07/2025,12,4251,Monday,Weekday,West,15649941,31200,08:40:00,31230,08:40:30,6,3250,Hawk/Capitol Station - Washington Ave & Hawk St (03250),1,0,8,,,31751,08:49:11,,,31765,08:49:25,14,00:00:14,doors opened
07/07/2025,12,4251,Monday,Weekday,West,15649941,31200,08:40:00,31230,08:40:30,5,10087,State St & Eagle St (10087),0,0,7,,,31722,08:48:42,,,31722,08:48:42,0,00:00:00,door not opened
07/07/2025,12,4251,Monday,Weekday,West,15649941,31200,08:40:00,31230,08:40:30,4,2665,State/Downtown Station - State St & Lodge St (02665),2,0,7,31500.0,08:45:00,31625,08:47:05,31500.0,08:45:00,31651,08:47:31,26,00:00:26,doors opened
07/07/2025,12,4251,Monday,Weekday,West,15649941,31200,08:40:00,31230,08:40:30,3,3221,State Station - N. Pearl St & Ten Eyck Plaza (03221),4,0,5,,,31514,08:45:14,,,31604,08:46:44,90,00:01:30,doors opened
07/07/2025,12,4251,Monday,Weekday,West,15649941,31200,08:40:00,31230,08:40:30,2,3233,N. Pearl St & Sheridan Ave (03233),0,0,1,,,31455,08:44:15,,,31460,08:44:20,5,00:00:05,door not opened
07/07/2025,12,4251,Monday,Weekday,West,15649941,31200,08:40:00,31230,08:40:30,1,2168,Clinton Square Station - N. Pearl St & Clinton Ave (02168),1,0,1,,,31403,08:43:23,,,31433,08:43:53,30,00:00:30,doors opened
07/07/2025,12,4251,Monday,Weekday,West,15649941,31200,08:40:00,31230,08:40:30,0,9018,Broadway & Orange St (09018),0,0,0,31200.0,08:40:00,31230,08:40:30,31200.0,08:40:00,31230,08:40:30,0,00:00:00,door not opened
07/07/2025,12,4251,Monday,Weekday,West,15649945,37200,10:20:00,37387,10:23:07,13,1842,Washington Ave & Quail St (01842),3,1,9,,,38084,10:34:44,,,38119,10:35:19,35,00:00:35,doors opened
07/07/2025,12,4251,Monday,Weekday,West,15649945,37200,10:20:00,37387,10:23:07,12,1837,Washington Ave & N. Lake Ave (01837),0,0,7,,,38057,10:34:17,,,38057,10:34:17,0,00:00:00,door not opened
07/07/2025,12,4251,Monday,Weekday,West,15649945,37200,10:20:00,37387,10:23:07,11,1843,Washington Ave & Robin St (01843),0,0,7,,,38031,10:33:51,,,38031,10:33:51,0,00:00:00,door not opened
07/07/2025,12,4251,Monday,Weekday,West,15649945,37200,10:20:00,37387,10:23:07,10,12943,Washington Ave & Lexington Ave (12943),4,1,7,,,37941,10:32:21,,,38007,10:33:27,66,00:01:06,doors opened
07/07/2025,12,4251,Monday,Weekday,West,15649945,37200,10:20:00,37387,10:23:07,9,12942,Washington Ave & Henry Johnson Blvd (12942),0,0,4,,,37918,10:31:58,,,37918,10:31:58,0,00:00:00,door not opened
07/07/2025,12,4251,Monday,Weekday,West,15649945,37200,10:20:00,37387,10:23:07,8,3239,Lark/Library Station - Washington Ave & Lark St (03239),0,0,4,37740.0,10:29:00,37823,10:30:23,37740.0,10:29:00,37823,10:30:23,0,00:00:00,door not opened
07/07/2025,12,4251,Monday,Weekday,West,15649945,37200,10:20:00,37387,10:23:07,7,3301,Washington Ave & S. Swan St (03301),0,0,4,,,37744,10:29:04,,,37744,10:29:04,0,00:00:00,door not opened
07/07/2025,12,4251,Monday,Weekday,West,15649945,37200,10:20:00,37387,10:23:07,6,3250,Hawk/Capitol Station - Washington Ave & Hawk St (03250),0,0,4,,,37725,10:28:45,,,37725,10:28:45,0,00:00:00,door not opened
07/07/2025,12,4251,Monday,Weekday,West,15649945,37200,10:20:00,37387,10:23:07,5,10087,State St & Eagle St (10087),0,0,4,,,37703,10:28:23,,,37703,10:28:23,0,00:00:00,door not opened
07/07/2025,12,4251,Monday,Weekday,West,15649945,37200,10:20:00,37387,10:23:07,4,2665,State/Downtown Station - State St & Lodge St (02665),1,0,4,37440.0,10:24:00,37617,10:26:57,37440.0,10:24:00,37631,10:27:11,14,00:00:14,doors opened
07/07/2025,12,4251,Monday,Weekday,West,15649945,37200,10:20:00,37387,10:23:07,3,3221,State Station - N. Pearl St & Ten Eyck Plaza (03221),1,0,3,,,37542,10:25:42,,,37599,10:26:39,57,00:00:57,doors opened
07/07/2025,12,4251,Monday,Weekday,West,15649945,37200,10:20:00,37387,10:23:07,2,3233,N. Pearl St & Sheridan Ave (03233),0,0,2,,,37513,10:25:13,,,37513,10:25:13,0,00:00:00,door not opened
07/07/2025,12,4251,Monday,Weekday,West,15649945,37200,10:20:00,37387,10:23:07,1,2168,Clinton Square Station - N. Pearl St & Clinton Ave (02168),1,0,2,,,37445,10:24:05,,,37495,10:24:55,50,00:00:50,doors opened
07/07/2025,12,4251,Monday,Weekday,West,15649945,37200,10:20:00,37387,10:23:07,27,7175,Crossgates Mall Station (07175),0,3,0,39600.0,11:00:00,39422,10:57:02,39600.0,11:00:00,39422,10:57:02,0,00:00:00,doors opened
07/07/2025,12,4251,Monday,Weekday,West,15649945,37200,10:20:00,37387,10:23:07,0,9018,Broadway & Orange St (09018),0,0,1,37200.0,10:20:00,37387,10:23:07,37200.0,10:20:00,37387,10:23:07,0,00:00:00,door not opened
07/07/2025,12,4251,Monday,Weekday,West,15649945,37200,10:20:00,37387,10:23:07,26,12828,Crossgates Commons Station (12828),0,8,3,39180.0,10:53:00,39133,10:52:13,39180.0,10:53:00,39157,10:52:37,24,00:00:24,doors opened
07/07/2025,12,4251,Monday,Weekday,West,15649945,37200,10:20:00,37387,10:23:07,25,12891,1475 Washington Ave (12891),0,0,11,,,38941,10:49:01,,,38941,10:49:01,0,00:00:00,door not opened
07/07/2025,12,4251,Monday,Weekday,West,15649945,37200,10:20:00,37387,10:23:07,24,7216,SUNY Collins Circle (07216),0,5,11,38820.0,10:47:00,38792,10:46:32,38820.0,10:47:00,38813,10:46:53,21,00:00:21,doors opened
07/07/2025,12,4251,Monday,Weekday,West,15649945,37200,10:20:00,37387,10:23:07,23,3262,1383 Washington Ave (Fairfield Inn) (03262),0,2,16,,,38680,10:44:40,,,38695,10:44:55,15,00:00:15,doors opened
07/07/2025,12,4251,Monday,Weekday,West,15649945,37200,10:20:00,37387,10:23:07,22,976,Washington Ave & Brevator St (00976),0,0,18,,,38565,10:42:45,,,38565,10:42:45,0,00:00:00,door not opened
07/07/2025,12,4251,Monday,Weekday,West,15649945,37200,10:20:00,37387,10:23:07,21,1959,Washington Ave & Colvin Ave (01959),0,0,18,,,38500,10:41:40,,,38539,10:42:19,39,00:00:39,door not opened
07/07/2025,12,4251,Monday,Weekday,West,15649945,37200,10:20:00,37387,10:23:07,20,3399,Washington Ave & Danker Ave (03399),0,0,18,,,38470,10:41:10,,,38470,10:41:10,0,00:00:00,door not opened
07/07/2025,12,4251,Monday,Weekday,West,15649945,37200,10:20:00,37387,10:23:07,19,1849,Washington Ave & Homestead Ave (01849),3,0,18,,,38424,10:40:24,,,38447,10:40:47,23,00:00:23,doors opened
07/07/2025,12,4251,Monday,Weekday,West,15649945,37200,10:20:00,37387,10:23:07,18,1846,Washington Ave & Manning Blvd (01846),0,0,15,,,38375,10:39:35,,,38402,10:40:02,27,00:00:27,door not opened
07/07/2025,12,4251,Monday,Weekday,West,15649945,37200,10:20:00,37387,10:23:07,17,3287,Washington Ave & N. Allen St (03287),3,0,15,38400.0,10:40:00,38315,10:38:35,38400.0,10:40:00,38339,10:38:59,24,00:00:24,doors opened
07/07/2025,12,4251,Monday,Weekday,West,15649945,37200,10:20:00,37387,10:23:07,16,3264,Washington Ave & N. Main Ave (03264),3,0,12,,,38248,10:37:28,,,38276,10:37:56,28,00:00:28,doors opened
07/07/2025,12,4251,Monday,Weekday,West,15649945,37200,10:20:00,37387,10:23:07,15,1839,Washington Ave & Partridge St (01839),0,0,9,,,38165,10:36:05,,,38165,10:36:05,0,00:00:00,door not opened
07/07/2025,12,4251,Monday,Weekday,West,15649945,37200,10:20:00,37387,10:23:07,14,1841,Washington Ave & Ontario St (01841),0,0,9,38160.0,10:36:00,38144,10:35:44,38160.0,10:36:00,38144,10:35:44,0,00:00:00,door not opened
07/07/2025,12,4251,Monday,Weekday,East,15649950,45300,12:35:00,45370,12:36:10,24,3940,Broadway & Steuben St (03940),0,0,0,47460.0,13:11:00,47505,13:11:45,47460.0,13:11:00,47505,13:11:45,0,00:00:00,doors opened
07/07/2025,12,4251,Monday,Weekday,East,15649950,45300,12:35:00,45370,12:36:10,23,2509,State/Downtown Station - State St & S. Pearl St (02509),0,8,0,47280.0,13:08:00,47383,13:09:43,47280.0,13:08:00,47432,13:10:32,49,00:00:49,doors opened
07/07/2025,12,4251,Monday,Weekday,East,15649950,45300,12:35:00,45370,12:36:10,22,1787,State St & Eagle St (01787),0,0,8,,,47352,13:09:12,,,47367,13:09:27,15,00:00:15,doors opened
07/07/2025,12,4251,Monday,Weekday,East,15649950,45300,12:35:00,45370,12:36:10,21,2706,Hawk/Capitol Station - Washington Ave & Hawk St (02706),0,0,8,,,47241,13:07:21,,,47266,13:07:46,25,00:00:25,doors opened
07/07/2025,12,4251,Monday,Weekday,East,15649950,45300,12:35:00,45370,12:36:10,20,1789,Washington Ave & S. Swan St (01789),0,1,8,,,47167,13:06:07,,,47217,13:06:57,50,00:00:50,doors opened
07/07/2025,12,4251,Monday,Weekday,East,15649950,45300,12:35:00,45370,12:36:10,19,1788,Washington Ave & Dove St (01788),0,1,9,,,47110,13:05:10,,,47143,13:05:43,33,00:00:33,doors opened
07/07/2025,12,4251,Monday,Weekday,East,15649950,45300,12:35:00,45370,12:36:10,18,2663,Lark/Library Station - Washington Ave & Lark St (02663),0,11,10,46980.0,13:03:00,47016,13:03:36,46980.0,13:03:00,47080,13:04:40,64,00:01:04,doors opened
07/07/2025,12,4251,Monday,Weekday,East,15649950,45300,12:35:00,45370,12:36:10,17,263,Washington Ave & Henry Johnson Blvd (00263),0,0,21,,,46960,13:02:40,,,46960,13:02:40,0,00:00:00,door not opened
07/07/2025,12,4251,Monday,Weekday,East,15649950,45300,12:35:00,45370,12:36:10,16,2096,Washington Ave & Lexington Ave (02096),1,0,21,,,46887,13:01:27,,,46932,13:02:12,45,00:00:45,doors opened
07/07/2025,12,4251,Monday,Weekday,East,15649950,45300,12:35:00,45370,12:36:10,15,3253,Washington Ave & Robin St (Draper Hall) (03253),0,0,20,,,46869,13:01:09,,,46869,13:01:09,0,00:00:00,door not opened
07/07/2025,12,4251,Monday,Weekday,East,15649950,45300,12:35:00,45370,12:36:10,14,2109,Washington Ave & N. Lake Ave (02109),0,1,20,,,46788,12:59:48,,,46817,13:00:17,29,00:00:29,doors opened
07/07/2025,12,4251,Monday,Weekday,East,15649950,45300,12:35:00,45370,12:36:10,13,3255,Washington Ave & Quail St (03255),0,1,21,,,46727,12:58:47,,,46764,12:59:24,37,00:00:37,doors opened
07/07/2025,12,4251,Monday,Weekday,East,15649950,45300,12:35:00,45370,12:36:10,12,3256,Washington Ave & Ontario St (03256),0,0,22,46560.0,12:56:00,46700,12:58:20,46560.0,12:56:00,46705,12:58:25,5,00:00:05,door not opened
07/07/2025,12,4251,Monday,Weekday,East,15649950,45300,12:35:00,45370,12:36:10,11,2107,Washington Ave & Partridge St (02107),3,0,22,,,46627,12:57:07,,,46670,12:57:50,43,00:00:43,doors opened
07/07/2025,12,4251,Monday,Weekday,East,15649950,45300,12:35:00,45370,12:36:10,10,3257,Washington Ave & N. Main Ave (03257),1,1,19,,,46510,12:55:10,,,46557,12:55:57,47,00:00:47,doors opened
07/07/2025,12,4251,Monday,Weekday,East,15649950,45300,12:35:00,45370,12:36:10,9,1796,Washington Ave & N. Allen St (01796),0,1,19,46380.0,12:53:00,46425,12:53:45,46380.0,12:53:00,46481,12:54:41,56,00:00:56,doors opened
07/07/2025,12,4251,Monday,Weekday,East,15649950,45300,12:35:00,45370,12:36:10,8,11581,Washington Ave & Manning Blvd (11581),0,0,20,,,46391,12:53:11,,,46391,12:53:11,0,00:00:00,door not opened
07/07/2025,12,4251,Monday,Weekday,East,15649950,45300,12:35:00,45370,12:36:10,7,2180,Washington Ave & Homestead Ave (02180),1,0,20,,,46333,12:52:13,,,46349,12:52:29,16,00:00:16,doors opened
07/07/2025,12,4251,Monday,Weekday,East,15649950,45300,12:35:00,45370,12:36:10,6,2182,Washington Ave & Hawthorne St (02182),2,0,19,,,46287,12:51:27,,,46306,12:51:46,19,00:00:19,doors opened
07/07/2025,12,4251,Monday,Weekday,East,15649950,45300,12:35:00,45370,12:36:10,5,3304,Washington Ave & Clermont St (03304),2,1,17,,,46245,12:50:45,,,46260,12:51:00,15,00:00:15,doors opened
07/07/2025,12,4251,Monday,Weekday,East,15649950,45300,12:35:00,45370,12:36:10,4,3348,Washington Ave & Brevator St (03348),5,0,16,,,46196,12:49:56,,,46221,12:50:21,25,00:00:25,doors opened
07/07/2025,12,4251,Monday,Weekday,East,15649950,45300,12:35:00,45370,12:36:10,3,10134,Washington Ave & SUNY Exit Rd (10134),3,1,11,,,46015,12:46:55,,,46073,12:47:53,58,00:00:58,doors opened
07/07/2025,12,4251,Monday,Weekday,East,15649950,45300,12:35:00,45370,12:36:10,2,7216,SUNY Collins Circle (07216),0,0,9,45900.0,12:45:00,45916,12:45:16,45900.0,12:45:00,45916,12:45:16,0,00:00:00,door not opened
07/07/2025,12,4251,Monday,Weekday,East,15649950,45300,12:35:00,45370,12:36:10,1,12827,Crossgates Commons Station (12827),5,2,9,45600.0,12:40:00,45620,12:40:20,45600.0,12:40:00,45660,12:41:00,40,00:00:40,doors opened
07/07/2025,12,4251,Monday,Weekday,East,15649950,45300,12:35:00,45370,12:36:10,0,7175,Crossgates Mall Station (07175),6,0,6,45300.0,12:35:00,45370,12:36:10,45300.0,12:35:00,45370,12:36:10,0,00:00:00,doors opened
07/07/2025,12,6009,Monday,Weekday,East,15652508,84300,23:25:00,84423,23:27:03,24,3940,Broadway & Steuben St (03940),0,0,0,86100.0,23:55:00,86028,23:53:48,86100.0,23:55:00,86028,23:53:48,0,00:00:00,door not opened
07/07/2025,12,6009,Monday,Weekday,East,15652508,84300,23:25:00,84423,23:27:03,23,2509,State/Downtown Station - State St & S. Pearl St (02509),0,0,0,85980.0,23:53:00,85973,23:52:53,85980.0,23:53:00,85973,23:52:53,0,00:00:00,door not opened
07/07/2025,12,6009,Monday,Weekday,East,15652508,84300,23:25:00,84423,23:27:03,22,1787,State St & Eagle St (01787),0,0,0,,,85932,23:52:12,,,85932,23:52:12,0,00:00:00,door not opened
07/07/2025,12,6009,Monday,Weekday,East,15652508,84300,23:25:00,84423,23:27:03,21,2706,Hawk/Capitol Station - Washington Ave & Hawk St (02706),0,0,0,,,85876,23:51:16,,,85876,23:51:16,0,00:00:00,door not opened
07/07/2025,12,6009,Monday,Weekday,East,15652508,84300,23:25:00,84423,23:27:03,20,1789,Washington Ave & S. Swan St (01789),0,0,0,,,85859,23:50:59,,,85859,23:50:59,0,00:00:00,door not opened
07/07/2025,12,6009,Monday,Weekday,East,15652508,84300,23:25:00,84423,23:27:03,19,1788,Washington Ave & Dove St (01788),0,0,0,,,85839,23:50:39,,,85839,23:50:39,0,00:00:00,door not opened
07/07/2025,12,6009,Monday,Weekday,East,15652508,84300,23:25:00,84423,23:27:03,18,2663,Lark/Library Station - Washington Ave & Lark St (02663),0,0,0,85740.0,23:49:00,85794,23:49:54,85740.0,23:49:00,85794,23:49:54,0,00:00:00,door not opened
07/07/2025,12,6009,Monday,Weekday,East,15652508,84300,23:25:00,84423,23:27:03,17,263,Washington Ave & Henry Johnson Blvd (00263),0,0,0,,,85772,23:49:32,,,85772,23:49:32,0,00:00:00,door not opened
07/07/2025,12,6009,Monday,Weekday,East,15652508,84300,23:25:00,84423,23:27:03,16,2096,Washington Ave & Lexington Ave (02096),0,0,0,,,85691,23:48:11,,,85691,23:48:11,0,00:00:00,door not opened
07/07/2025,12,6009,Monday,Weekday,East,15652508,84300,23:25:00,84423,23:27:03,15,3253,Washington Ave & Robin St (Draper Hall) (03253),0,0,0,,,85673,23:47:53,,,85673,23:47:53,0,00:00:00,door not opened
07/07/2025,12,6009,Monday,Weekday,East,15652508,84300,23:25:00,84423,23:27:03,14,2109,Washington Ave & N. Lake Ave (02109),0,0,0,,,85637,23:47:17,,,85637,23:47:17,0,00:00:00,door not opened
07/07/2025,12,6009,Monday,Weekday,East,15652508,84300,23:25:00,84423,23:27:03,13,3255,Washington Ave & Quail St (03255),0,0,0,,,85584,23:46:24,,,85584,23:46:24,0,00:00:00,door not opened
07/07/2025,12,6009,Monday,Weekday,East,15652508,84300,23:25:00,84423,23:27:03,12,3256,Washington Ave & Ontario St (03256),0,0,0,85440.0,23:44:00,85528,23:45:28,85440.0,23:44:00,85547,23:45:47,19,00:00:19,doors opened
07/07/2025,12,6009,Monday,Weekday,East,15652508,84300,23:25:00,84423,23:27:03,11,2107,Washington Ave & Partridge St (02107),0,0,0,,,85488,23:44:48,,,85506,23:45:06,18,00:00:18,doors opened
07/07/2025,12,6009,Monday,Weekday,East,15652508,84300,23:25:00,84423,23:27:03,10,3257,Washington Ave & N. Main Ave (03257),0,4,0,,,85383,23:43:03,,,85434,23:43:54,51,00:00:51,doors opened
07/07/2025,12,6009,Monday,Weekday,East,15652508,84300,23:25:00,84423,23:27:03,9,1796,Washington Ave & N. Allen St (01796),0,0,4,85260.0,23:41:00,85355,23:42:35,85260.0,23:41:00,85355,23:42:35,0,00:00:00,door not opened
07/07/2025,12,6009,Monday,Weekday,East,15652508,84300,23:25:00,84423,23:27:03,8,11581,Washington Ave & Manning Blvd (11581),0,0,4,,,85322,23:42:02,,,85322,23:42:02,0,00:00:00,door not opened
07/07/2025,12,6009,Monday,Weekday,East,15652508,84300,23:25:00,84423,23:27:03,7,2180,Washington Ave & Homestead Ave (02180),0,0,4,,,85300,23:41:40,,,85300,23:41:40,0,00:00:00,door not opened
07/07/2025,12,6009,Monday,Weekday,East,15652508,84300,23:25:00,84423,23:27:03,6,2182,Washington Ave & Hawthorne St (02182),0,0,4,,,85277,23:41:17,,,85277,23:41:17,0,00:00:00,door not opened
07/07/2025,12,6009,Monday,Weekday,East,15652508,84300,23:25:00,84423,23:27:03,5,3304,Washington Ave & Clermont St (03304),0,0,4,,,85261,23:41:01,,,85261,23:41:01,0,00:00:00,door not opened
07/07/2025,12,6009,Monday,Weekday,East,15652508,84300,23:25:00,84423,23:27:03,4,3348,Washington Ave & Brevator St (03348),0,0,4,,,85246,23:40:46,,,85246,23:40:46,0,00:00:00,door not opened
07/07/2025,12,6009,Monday,Weekday,East,15652508,84300,23:25:00,84423,23:27:03,3,10134,Washington Ave & SUNY Exit Rd (10134),0,0,4,,,85124,23:38:44,,,85124,23:38:44,0,00:00:00,door not opened
07/07/2025,12,6009,Monday,Weekday,East,15652508,84300,23:25:00,84423,23:27:03,2,7216,SUNY Collins Circle (07216),1,0,4,84840.0,23:34:00,85009,23:36:49,84840.0,23:34:00,85026,23:37:06,17,00:00:17,doors opened
07/07/2025,12,6009,Monday,Weekday,East,15652508,84300,23:25:00,84423,23:27:03,1,12827,Crossgates Commons Station (12827),2,0,3,84540.0,23:29:00,84708,23:31:48,84540.0,23:29:00,84738,23:32:18,30,00:00:30,doors opened
07/07/2025,12,6009,Monday,Weekday,East,15652508,84300,23:25:00,84423,23:27:03,0,7175,Crossgates Mall Station (07175),1,0,1,84300.0,23:25:00,84423,23:27:03,84300.0,23:25:00,84423,23:27:03,0,00:00:00,doors opened
07/07/2025,12,6009,Monday,Weekday,West,15652511,86700,24:05:00,86816,24:06:56,15,1839,Washington Ave & Partridge St (01839),0,0,2,,,87581,24:19:41,,,87581,24:19:41,0,00:00:00,door not opened
07/07/2025,12,6009,Monday,Weekday,West,15652511,86700,24:05:00,86816,24:06:56,14,1841,Washington Ave & Ontario St (01841),0,2,2,87360.0,24:16:00,87522,24:18:42,87360.0,24:16:00,87556,24:19:16,34,00:00:34,doors opened
07/07/2025,12,6009,Monday,Weekday,West,15652511,86700,24:05:00,86816,24:06:56,13,1842,Washington Ave & Quail St (01842),1,1,4,,,87458,24:17:38,,,87499,24:18:19,41,00:00:41,doors opened
07/07/2025,12,6009,Monday,Weekday,West,15652511,86700,24:05:00,86816,24:06:56,12,1837,Washington Ave & N. Lake Ave (01837),0,0,4,,,87432,24:17:12,,,87432,24:17:12,0,00:00:00,door not opened
07/07/2025,12,6009,Monday,Weekday,West,15652511,86700,24:05:00,86816,24:06:56,11,1843,Washington Ave & Robin St (01843),0,0,4,,,87404,24:16:44,,,87404,24:16:44,0,00:00:00,door not opened
07/07/2025,12,6009,Monday,Weekday,West,15652511,86700,24:05:00,86816,24:06:56,10,12943,Washington Ave & Lexington Ave (12943),1,0,4,,,87318,24:15:18,,,87372,24:16:12,54,00:00:54,doors opened
07/07/2025,12,6009,Monday,Weekday,West,15652511,86700,24:05:00,86816,24:06:56,9,12942,Washington Ave & Henry Johnson Blvd (12942),0,0,3,,,87269,24:14:29,,,87269,24:14:29,0,00:00:00,door not opened
07/07/2025,12,6009,Monday,Weekday,West,15652511,86700,24:05:00,86816,24:06:56,8,3239,Lark/Library Station - Washington Ave & Lark St (03239),0,0,3,87060.0,24:11:00,87195,24:13:15,87060.0,24:11:00,87195,24:13:15,0,00:00:00,door not opened
07/07/2025,12,6009,Monday,Weekday,West,15652511,86700,24:05:00,86816,24:06:56,7,3301,Washington Ave & S. Swan St (03301),0,0,3,,,87145,24:12:25,,,87145,24:12:25,0,00:00:00,door not opened
07/07/2025,12,6009,Monday,Weekday,West,15652511,86700,24:05:00,86816,24:06:56,6,3250,Hawk/Capitol Station - Washington Ave & Hawk St (03250),0,0,3,,,87113,24:11:53,,,87113,24:11:53,0,00:00:00,door not opened
07/07/2025,12,6009,Monday,Weekday,West,15652511,86700,24:05:00,86816,24:06:56,5,10087,State St & Eagle St (10087),0,1,3,,,87019,24:10:19,,,87084,24:11:24,65,00:01:05,doors opened
07/07/2025,12,6009,Monday,Weekday,West,15652511,86700,24:05:00,86816,24:06:56,4,2665,State/Downtown Station - State St & Lodge St (02665),1,0,4,86880.0,24:08:00,86976,24:09:36,86880.0,24:08:00,86996,24:09:56,20,00:00:20,doors opened
07/07/2025,12,6009,Monday,Weekday,West,15652511,86700,24:05:00,86816,24:06:56,3,3221,State Station - N. Pearl St & Ten Eyck Plaza (03221),2,0,3,,,86905,24:08:25,,,86951,24:09:11,46,00:00:46,doors opened
07/07/2025,12,6009,Monday,Weekday,West,15652511,86700,24:05:00,86816,24:06:56,2,3233,N. Pearl St & Sheridan Ave (03233),0,0,1,,,86869,24:07:49,,,86869,24:07:49,0,00:00:00,door not opened
07/07/2025,12,6009,Monday,Weekday,West,15652511,86700,24:05:00,86816,24:06:56,1,2168,Clinton Square Station - N. Pearl St & Clinton Ave (02168),0,0,1,,,86853,24:07:33,,,86853,24:07:33,0,00:00:00,door not opened
07/07/2025,12,6009,Monday,Weekday,West,15652511,86700,24:05:00,86816,24:06:56,0,9018,Broadway & Orange St (09018),0,0,1,86700.0,24:05:00,86816,24:06:56,86700.0,24:05:00,86816,24:06:56,0,00:00:00,door not opened
07/07/2025,12,6009,Monday,Weekday,West,15652511,86700,24:05:00,86816,24:06:56,25,12891,1475 Washington Ave (12891),0,0,0,,,88431,24:33:51,,,88431,24:33:51,0,00:00:00,door not opened
07/07/2025,12,6009,Monday,Weekday,West,15652511,86700,24:05:00,86816,24:06:56,24,7216,SUNY Collins Circle (07216),0,0,0,87900.0,24:25:00,88180,24:29:40,87900.0,24:25:00,88180,24:29:40,0,00:00:00,door not opened
07/07/2025,12,6009,Monday,Weekday,West,15652511,86700,24:05:00,86816,24:06:56,23,3262,1383 Washington Ave (Fairfield Inn) (03262),0,1,0,,,88043,24:27:23,,,88059,24:27:39,16,00:00:16,doors opened
07/07/2025,12,6009,Monday,Weekday,West,15652511,86700,24:05:00,86816,24:06:56,22,976,Washington Ave & Brevator St (00976),0,0,1,,,87931,24:25:31,,,87931,24:25:31,0,00:00:00,door not opened
07/07/2025,12,6009,Monday,Weekday,West,15652511,86700,24:05:00,86816,24:06:56,21,1959,Washington Ave & Colvin Ave (01959),0,0,1,,,87887,24:24:47,,,87887,24:24:47,0,00:00:00,door not opened
07/07/2025,12,6009,Monday,Weekday,West,15652511,86700,24:05:00,86816,24:06:56,20,3399,Washington Ave & Danker Ave (03399),0,0,1,,,87820,24:23:40,,,87820,24:23:40,0,00:00:00,door not opened
07/07/2025,12,6009,Monday,Weekday,West,15652511,86700,24:05:00,86816,24:06:56,19,1849,Washington Ave & Homestead Ave (01849),0,0,1,,,87800,24:23:20,,,87800,24:23:20,0,00:00:00,door not opened
07/07/2025,12,6009,Monday,Weekday,West,15652511,86700,24:05:00,86816,24:06:56,18,1846,Washington Ave & Manning Blvd (01846),0,1,1,,,87740,24:22:20,,,87777,24:22:57,37,00:00:37,doors opened
07/07/2025,12,6009,Monday,Weekday,West,15652511,86700,24:05:00,86816,24:06:56,17,3287,Washington Ave & N. Allen St (03287),1,1,2,87540.0,24:19:00,87682,24:21:22,87540.0,24:19:00,87709,24:21:49,27,00:00:27,doors opened
07/07/2025,12,6009,Monday,Weekday,West,15652511,86700,24:05:00,86816,24:06:56,16,3264,Washington Ave & N. Main Ave (03264),0,0,2,,,87656,24:20:56,,,87656,24:20:56,0,00:00:00,door not opened
07/07/2025,12,6012,Monday,Weekday,East,15651794,53700,14:55:00,53923,14:58:43,24,3940,Broadway & Steuben St (03940),0,0,0,56040.0,15:34:00,56248,15:37:28,56040.0,15:34:00,56248,15:37:28,0,00:00:00,door not opened
07/07/2025,12,6012,Monday,Weekday,East,15651794,53700,14:55:00,53923,14:58:43,23,2509,State/Downtown Station - State St & S. Pearl St (02509),0,7,0,55860.0,15:31:00,56101,15:35:01,55860.0,15:31:00,56167,15:36:07,66,00:01:06,doors opened
07/07/2025,12,6012,Monday,Weekday,East,15651794,53700,14:55:00,53923,14:58:43,22,1787,State St & Eagle St (01787),0,0,7,,,56086,15:34:46,,,56086,15:34:46,0,00:00:00,door not opened
07/07/2025,12,6012,Monday,Weekday,East,15651794,53700,14:55:00,53923,14:58:43,21,2706,Hawk/Capitol Station - Washington Ave & Hawk St (02706),0,0,7,,,55962,15:32:42,,,55962,15:32:42,0,00:00:00,door not opened
07/07/2025,12,6012,Monday,Weekday,East,15651794,53700,14:55:00,53923,14:58:43,20,1789,Washington Ave & S. Swan St (01789),0,0,7,,,55868,15:31:08,,,55936,15:32:16,68,00:01:08,doors opened
07/07/2025,12,6012,Monday,Weekday,East,15651794,53700,14:55:00,53923,14:58:43,19,1788,Washington Ave & Dove St (01788),0,0,7,,,55812,15:30:12,,,55839,15:30:39,27,00:00:27,doors opened
07/07/2025,12,6012,Monday,Weekday,East,15651794,53700,14:55:00,53923,14:58:43,18,2663,Lark/Library Station - Washington Ave & Lark St (02663),0,2,7,55560.0,15:26:00,55717,15:28:37,55560.0,15:26:00,55781,15:29:41,64,00:01:04,doors opened
07/07/2025,12,6012,Monday,Weekday,East,15651794,53700,14:55:00,53923,14:58:43,17,263,Washington Ave & Henry Johnson Blvd (00263),0,0,9,,,55677,15:27:57,,,55677,15:27:57,0,00:00:00,door not opened
07/07/2025,12,6012,Monday,Weekday,East,15651794,53700,14:55:00,53923,14:58:43,16,2096,Washington Ave & Lexington Ave (02096),0,0,9,,,55616,15:26:56,,,55633,15:27:13,17,00:00:17,doors opened
07/07/2025,12,6012,Monday,Weekday,East,15651794,53700,14:55:00,53923,14:58:43,15,3253,Washington Ave & Robin St (Draper Hall) (03253),0,1,9,,,55566,15:26:06,,,55594,15:26:34,28,00:00:28,doors opened
07/07/2025,12,6012,Monday,Weekday,East,15651794,53700,14:55:00,53923,14:58:43,14,2109,Washington Ave & N. Lake Ave (02109),1,0,10,,,55526,15:25:26,,,55542,15:25:42,16,00:00:16,doors opened
07/07/2025,12,6012,Monday,Weekday,East,15651794,53700,14:55:00,53923,14:58:43,13,3255,Washington Ave & Quail St (03255),0,4,9,,,55446,15:24:06,,,55495,15:24:55,49,00:00:49,doors opened
07/07/2025,12,6012,Monday,Weekday,East,15651794,53700,14:55:00,53923,14:58:43,12,3256,Washington Ave & Ontario St (03256),1,0,13,55140.0,15:19:00,55396,15:23:16,55140.0,15:19:00,55422,15:23:42,26,00:00:26,doors opened
07/07/2025,12,6012,Monday,Weekday,East,15651794,53700,14:55:00,53923,14:58:43,11,2107,Washington Ave & Partridge St (02107),1,1,12,,,55349,15:22:29,,,55371,15:22:51,22,00:00:22,doors opened
07/07/2025,12,6012,Monday,Weekday,East,15651794,53700,14:55:00,53923,14:58:43,10,3257,Washington Ave & N. Main Ave (03257),0,1,12,,,55218,15:20:18,,,55245,15:20:45,27,00:00:27,doors opened
07/07/2025,12,6012,Monday,Weekday,East,15651794,53700,14:55:00,53923,14:58:43,9,1796,Washington Ave & N. Allen St (01796),0,4,13,54900.0,15:15:00,55163,15:19:23,54900.0,15:15:00,55185,15:19:45,22,00:00:22,doors opened
07/07/2025,12,6012,Monday,Weekday,East,15651794,53700,14:55:00,53923,14:58:43,8,11581,Washington Ave & Manning Blvd (11581),3,0,17,,,55084,15:18:04,,,55130,15:18:50,46,00:00:46,doors opened
07/07/2025,12,6012,Monday,Weekday,East,15651794,53700,14:55:00,53923,14:58:43,7,2180,Washington Ave & Homestead Ave (02180),0,3,14,,,55034,15:17:14,,,55052,15:17:32,18,00:00:18,doors opened
07/07/2025,12,6012,Monday,Weekday,East,15651794,53700,14:55:00,53923,14:58:43,6,2182,Washington Ave & Hawthorne St (02182),0,0,17,,,54986,15:16:26,,,55006,15:16:46,20,00:00:20,doors opened
07/07/2025,12,6012,Monday,Weekday,East,15651794,53700,14:55:00,53923,14:58:43,5,3304,Washington Ave & Clermont St (03304),0,0,17,,,54960,15:16:00,,,54960,15:16:00,0,00:00:00,door not opened
07/07/2025,12,6012,Monday,Weekday,East,15651794,53700,14:55:00,53923,14:58:43,4,3348,Washington Ave & Brevator St (03348),1,0,17,,,54923,15:15:23,,,54939,15:15:39,16,00:00:16,doors opened
07/07/2025,12,6012,Monday,Weekday,East,15651794,53700,14:55:00,53923,14:58:43,3,10134,Washington Ave & SUNY Exit Rd (10134),5,0,16,,,54746,15:12:26,,,54802,15:13:22,56,00:00:56,doors opened
07/07/2025,12,6012,Monday,Weekday,East,15651794,53700,14:55:00,53923,14:58:43,2,7216,SUNY Collins Circle (07216),1,2,11,54360.0,15:06:00,54593,15:09:53,54360.0,15:06:00,54619,15:10:19,26,00:00:26,doors opened
07/07/2025,12,6012,Monday,Weekday,East,15651794,53700,14:55:00,53923,14:58:43,1,12827,Crossgates Commons Station (12827),9,3,12,54060.0,15:01:00,54234,15:03:54,54060.0,15:01:00,54356,15:05:56,122,00:02:02,doors opened
07/07/2025,12,6012,Monday,Weekday,East,15651794,53700,14:55:00,53923,14:58:43,0,7175,Crossgates Mall Station (07175),6,0,6,53700.0,14:55:00,53923,14:58:43,53700.0,14:55:00,53923,14:58:43,0,00:00:00,doors opened
07/07/2025,12,6012,Monday,Weekday,West,15651796,56400,15:40:00,56509,15:41:49,26,7175,Crossgates Mall Station (07175),0,10,0,59040.0,16:24:00,59055,16:24:15,59040.0,16:24:00,59055,16:24:15,0,00:00:00,doors opened
07/07/2025,12,6012,Monday,Weekday,West,15651796,56400,15:40:00,56509,15:41:49,25,12828,Crossgates Commons Station (12828),1,7,10,58620.0,16:17:00,58745,16:19:05,58620.0,16:17:00,58776,16:19:36,31,00:00:31,doors opened
07/07/2025,12,6012,Monday,Weekday,West,15651796,56400,15:40:00,56509,15:41:49,24,12891,1475 Washington Ave (12891),1,0,16,,,58543,16:15:43,,,58554,16:15:54,11,00:00:11,doors opened
07/07/2025,12,6012,Monday,Weekday,West,15651796,56400,15:40:00,56509,15:41:49,23,7216,SUNY Collins Circle (07216),1,1,15,58260.0,16:11:00,58327,16:12:07,58260.0,16:11:00,58357,16:12:37,30,00:00:30,doors opened
07/07/2025,12,6012,Monday,Weekday,West,15651796,56400,15:40:00,56509,15:41:49,22,3262,1383 Washington Ave (Fairfield Inn) (03262),1,3,15,,,58163,16:09:23,,,58203,16:10:03,40,00:00:40,doors opened
07/07/2025,12,6012,Monday,Weekday,West,15651796,56400,15:40:00,56509,15:41:49,21,976,Washington Ave & Brevator St (00976),1,0,17,,,57998,16:06:38,,,58009,16:06:49,11,00:00:11,doors opened
07/07/2025,12,6012,Monday,Weekday,West,15651796,56400,15:40:00,56509,15:41:49,20,1959,Washington Ave & Colvin Ave (01959),0,1,16,,,57932,16:05:32,,,57969,16:06:09,37,00:00:37,doors opened
07/07/2025,12,6012,Monday,Weekday,West,15651796,56400,15:40:00,56509,15:41:49,19,3399,Washington Ave & Danker Ave (03399),0,0,17,,,57909,16:05:09,,,57909,16:05:09,0,00:00:00,door not opened
07/07/2025,12,6012,Monday,Weekday,West,15651796,56400,15:40:00,56509,15:41:49,18,1849,Washington Ave & Homestead Ave (01849),0,3,17,,,57864,16:04:24,,,57885,16:04:45,21,00:00:21,doors opened
07/07/2025,12,6012,Monday,Weekday,West,15651796,56400,15:40:00,56509,15:41:49,17,1846,Washington Ave & Manning Blvd (01846),1,0,20,,,57811,16:03:31,,,57841,16:04:01,30,00:00:30,doors opened
07/07/2025,12,6012,Monday,Weekday,West,15651796,56400,15:40:00,56509,15:41:49,16,3287,Washington Ave & N. Allen St (03287),2,3,19,57780.0,16:03:00,57750,16:02:30,57780.0,16:03:00,57776,16:02:56,26,00:00:26,doors opened
07/07/2025,12,6012,Monday,Weekday,West,15651796,56400,15:40:00,56509,15:41:49,15,3264,Washington Ave & N. Main Ave (03264),0,0,20,,,57716,16:01:56,,,57716,16:01:56,0,00:00:00,door not opened
07/07/2025,12,6012,Monday,Weekday,West,15651796,56400,15:40:00,56509,15:41:49,14,1839,Washington Ave & Partridge St (01839),0,0,20,,,57635,16:00:35,,,57635,16:00:35,0,00:00:00,door not opened
07/07/2025,12,6012,Monday,Weekday,West,15651796,56400,15:40:00,56509,15:41:49,13,1841,Washington Ave & Ontario St (01841),2,0,20,57480.0,15:58:00,57567,15:59:27,57480.0,15:58:00,57597,15:59:57,30,00:00:30,doors opened
07/07/2025,12,6012,Monday,Weekday,West,15651796,56400,15:40:00,56509,15:41:49,12,1837,Washington Ave & N. Lake Ave (01837),3,0,18,,,57404,15:56:44,,,57442,15:57:22,38,00:00:38,doors opened
07/07/2025,12,6012,Monday,Weekday,West,15651796,56400,15:40:00,56509,15:41:49,11,1843,Washington Ave & Robin St (01843),2,0,15,,,57341,15:55:41,,,57378,15:56:18,37,00:00:37,doors opened
07/07/2025,12,6012,Monday,Weekday,West,15651796,56400,15:40:00,56509,15:41:49,10,12943,Washington Ave & Lexington Ave (12943),0,0,13,,,57313,15:55:13,,,57313,15:55:13,0,00:00:00,door not opened
07/07/2025,12,6012,Monday,Weekday,West,15651796,56400,15:40:00,56509,15:41:49,9,12942,Washington Ave & Henry Johnson Blvd (12942),0,1,13,,,57262,15:54:22,,,57277,15:54:37,15,00:00:15,doors opened
07/07/2025,12,6012,Monday,Weekday,West,15651796,56400,15:40:00,56509,15:41:49,8,3239,Lark/Library Station - Washington Ave & Lark St (03239),3,0,14,57060.0,15:51:00,57132,15:52:12,57060.0,15:51:00,57200,15:53:20,68,00:01:08,doors opened
07/07/2025,12,6012,Monday,Weekday,West,15651796,56400,15:40:00,56509,15:41:49,4,2665,State/Downtown Station - State St & Lodge St (02665),4,0,9,56700.0,15:45:00,56840,15:47:20,56700.0,15:45:00,56890,15:48:10,50,00:00:50,doors opened
07/07/2025,12,6012,Monday,Weekday,West,15651796,56400,15:40:00,56509,15:41:49,3,3221,State Station - N. Pearl St & Ten Eyck Plaza (03221),4,0,5,,,56685,15:44:45,,,56777,15:46:17,92,00:01:32,doors opened
07/07/2025,12,6012,Monday,Weekday,West,15651796,56400,15:40:00,56509,15:41:49,2,3233,N. Pearl St & Sheridan Ave (03233),0,0,1,,,56643,15:44:03,,,56643,15:44:03,0,00:00:00,door not opened
07/07/2025,12,6012,Monday,Weekday,West,15651796,56400,15:40:00,56509,15:41:49,1,2168,Clinton Square Station - N. Pearl St & Clinton Ave (02168),0,0,1,,,56604,15:43:24,,,56604,15:43:24,0,00:00:00,door not opened
07/07/2025,12,6012,Monday,Weekday,West,15651796,56400,15:40:00,56509,15:41:49,0,9018,Broadway & Orange St (09018),1,0,1,56400.0,15:40:00,56509,15:41:49,56400.0,15:40:00,56509,15:41:49,0,00:00:00,doors opened
07/07/2025,12,6012,Monday,Weekday,West,15651796,56400,15:40:00,56509,15:41:49,7,3301,Washington Ave & S. Swan St (03301),2,0,11,,,57060,15:51:00,,,57087,15:51:27,27,00:00:27,doors opened
07/07/2025,12,6012,Monday,Weekday,West,15651796,56400,15:40:00,56509,15:41:49,6,3250,Hawk/Capitol Station - Washington Ave & Hawk St (03250),0,0,9,,,57038,15:50:38,,,57038,15:50:38,0,00:00:00,door not opened
07/07/2025,12,6012,Monday,Weekday,West,15651796,56400,15:40:00,56509,15:41:49,5,10087,State St & Eagle St (10087),0,0,9,,,56997,15:49:57,,,56997,15:49:57,0,00:00:00,door not opened
07/07/2025,12,6012,Monday,Weekday,East,15651902,59700,16:35:00,59851,16:37:31,6,2182,Washington Ave & Hawthorne St (02182),0,0,22,,,60973,16:56:13,,,60973,16:56:13,0,00:00:00,door not opened
07/07/2025,12,6012,Monday,Weekday,East,15651902,59700,16:35:00,59851,16:37:31,5,3304,Washington Ave & Clermont St (03304),1,0,22,,,60897,16:54:57,,,60944,16:55:44,47,00:00:47,doors opened
07/07/2025,12,6012,Monday,Weekday,East,15651902,59700,16:35:00,59851,16:37:31,4,3348,Washington Ave & Brevator St (03348),1,1,21,,,60854,16:54:14,,,60873,16:54:33,19,00:00:19,doors opened
07/07/2025,12,6012,Monday,Weekday,East,15651902,59700,16:35:00,59851,16:37:31,3,10134,Washington Ave & SUNY Exit Rd (10134),4,1,21,,,60677,16:51:17,,,60722,16:52:02,45,00:00:45,doors opened
07/07/2025,12,6012,Monday,Weekday,East,15651902,59700,16:35:00,59851,16:37:31,2,7216,SUNY Collins Circle (07216),6,1,18,60360.0,16:46:00,60487,16:48:07,60360.0,16:46:00,60546,16:49:06,59,00:00:59,doors opened
07/07/2025,12,6012,Monday,Weekday,East,15651902,59700,16:35:00,59851,16:37:31,1,12827,Crossgates Commons Station (12827),6,3,13,60060.0,16:41:00,60151,16:42:31,60060.0,16:41:00,60215,16:43:35,64,00:01:04,doors opened
07/07/2025,12,6012,Monday,Weekday,East,15651902,59700,16:35:00,59851,16:37:31,0,7175,Crossgates Mall Station (07175),10,0,10,59700.0,16:35:00,59851,16:37:31,59700.0,16:35:00,59851,16:37:31,0,00:00:00,doors opened
07/07/2025,12,6012,Monday,Weekday,East,15651902,59700,16:35:00,59851,16:37:31,19,1788,Washington Ave & Dove St (01788),0,0,11,,,61772,17:09:32,,,61772,17:09:32,0,00:00:00,door not opened
07/07/2025,12,6012,Monday,Weekday,East,15651902,59700,16:35:00,59851,16:37:31,18,2663,Lark/Library Station - Washington Ave & Lark St (02663),1,1,11,61560.0,17:06:00,61715,17:08:35,61560.0,17:06:00,61743,17:09:03,28,00:00:28,doors opened
07/07/2025,12,6012,Monday,Weekday,East,15651902,59700,16:35:00,59851,16:37:31,17,263,Washington Ave & Henry Johnson Blvd (00263),0,0,11,,,61667,17:07:47,,,61686,17:08:06,19,00:00:19,doors opened
07/07/2025,12,6012,Monday,Weekday,East,15651902,59700,16:35:00,59851,16:37:31,16,2096,Washington Ave & Lexington Ave (02096),0,0,11,,,61605,17:06:45,,,61605,17:06:45,0,00:00:00,door not opened
07/07/2025,12,6012,Monday,Weekday,East,15651902,59700,16:35:00,59851,16:37:31,15,3253,Washington Ave & Robin St (Draper Hall) (03253),0,1,11,,,61546,17:05:46,,,61583,17:06:23,37,00:00:37,doors opened
07/07/2025,12,6012,Monday,Weekday,East,15651902,59700,16:35:00,59851,16:37:31,14,2109,Washington Ave & N. Lake Ave (02109),1,1,12,,,61465,17:04:25,,,61524,17:05:24,59,00:00:59,doors opened
07/07/2025,12,6012,Monday,Weekday,East,15651902,59700,16:35:00,59851,16:37:31,13,3255,Washington Ave & Quail St (03255),0,1,12,,,61384,17:03:04,,,61433,17:03:53,49,00:00:49,doors opened
07/07/2025,12,6012,Monday,Weekday,East,15651902,59700,16:35:00,59851,16:37:31,12,3256,Washington Ave & Ontario St (03256),1,1,13,61140.0,16:59:00,61331,17:02:11,61140.0,16:59:00,61358,17:02:38,27,00:00:27,doors opened
07/07/2025,12,6012,Monday,Weekday,East,15651902,59700,16:35:00,59851,16:37:31,11,2107,Washington Ave & Partridge St (02107),0,2,13,,,61253,17:00:53,,,61307,17:01:47,54,00:00:54,doors opened
07/07/2025,12,6012,Monday,Weekday,East,15651902,59700,16:35:00,59851,16:37:31,10,3257,Washington Ave & N. Main Ave (03257),1,2,15,,,61165,16:59:25,,,61189,16:59:49,24,00:00:24,doors opened
07/07/2025,12,6012,Monday,Weekday,East,15651902,59700,16:35:00,59851,16:37:31,9,1796,Washington Ave & N. Allen St (01796),1,3,16,60900.0,16:55:00,61110,16:58:30,60900.0,16:55:00,61130,16:58:50,20,00:00:20,doors opened
07/07/2025,12,6012,Monday,Weekday,East,15651902,59700,16:35:00,59851,16:37:31,8,11581,Washington Ave & Manning Blvd (11581),0,2,18,,,61050,16:57:30,,,61076,16:57:56,26,00:00:26,doors opened
07/07/2025,12,6012,Monday,Weekday,East,15651902,59700,16:35:00,59851,16:37:31,7,2180,Washington Ave & Homestead Ave (02180),0,2,20,,,60999,16:56:39,,,61027,16:57:07,28,00:00:28,doors opened
07/07/2025,12,6012,Monday,Weekday,East,15651902,59700,16:35:00,59851,16:37:31,24,3940,Broadway & Steuben St (03940),0,1,0,62040.0,17:14:00,62147,17:15:47,62040.0,17:14:00,62147,17:15:47,0,00:00:00,door not opened
07/07/2025,12,6012,Monday,Weekday,East,15651902,59700,16:35:00,59851,16:37:31,23,2509,State/Downtown Station - State St & S. Pearl St (02509),0,10,1,61860.0,17:11:00,61977,17:12:57,61860.0,17:11:00,62055,17:14:15,78,00:01:18,doors opened
07/07/2025,12,6012,Monday,Weekday,East,15651902,59700,16:35:00,59851,16:37:31,22,1787,State St & Eagle St (01787),0,0,11,,,61955,17:12:35,,,61955,17:12:35,0,00:00:00,door not opened
07/07/2025,12,6012,Monday,Weekday,East,15651902,59700,16:35:00,59851,16:37:31,21,2706,Hawk/Capitol Station - Washington Ave & Hawk St (02706),0,0,11,,,61851,17:10:51,,,61912,17:11:52,61,00:01:01,doors opened
07/07/2025,12,6012,Monday,Weekday,East,15651902,59700,16:35:00,59851,16:37:31,20,1789,Washington Ave & S. Swan St (01789),0,0,11,,,61827,17:10:27,,,61827,17:10:27,0,00:00:00,door not opened
07/07/2025,12,6012,Monday,Weekday,East,15651906,65700,18:15:00,65970,18:19:30,24,3940,Broadway & Steuben St (03940),0,0,0,67800.0,18:50:00,68230,18:57:10,67800.0,18:50:00,68230,18:57:10,0,00:00:00,door not opened
07/07/2025,12,6012,Monday,Weekday,East,15651906,65700,18:15:00,65970,18:19:30,23,2509,State/Downtown Station - State St & S. Pearl St (02509),0,2,0,67620.0,18:47:00,68108,18:55:08,67620.0,18:47:00,68131,18:55:31,23,00:00:23,doors opened
07/07/2025,12,6012,Monday,Weekday,East,15651906,65700,18:15:00,65970,18:19:30,22,1787,State St & Eagle St (01787),0,0,2,,,68088,18:54:48,,,68088,18:54:48,0,00:00:00,door not opened
07/07/2025,12,6012,Monday,Weekday,East,15651906,65700,18:15:00,65970,18:19:30,21,2706,Hawk/Capitol Station - Washington Ave & Hawk St (02706),0,0,2,,,68012,18:53:32,,,68012,18:53:32,0,00:00:00,door not opened
07/07/2025,12,6012,Monday,Weekday,East,15651906,65700,18:15:00,65970,18:19:30,20,1789,Washington Ave & S. Swan St (01789),0,0,2,,,67937,18:52:17,,,67937,18:52:17,0,00:00:00,door not opened
07/07/2025,12,6012,Monday,Weekday,East,15651906,65700,18:15:00,65970,18:19:30,19,1788,Washington Ave & Dove St (01788),0,0,2,,,67898,18:51:38,,,67898,18:51:38,0,00:00:00,door not opened
07/07/2025,12,6012,Monday,Weekday,East,15651906,65700,18:15:00,65970,18:19:30,18,2663,Lark/Library Station - Washington Ave & Lark St (02663),1,0,2,67320.0,18:42:00,67818,18:50:18,67320.0,18:42:00,67874,18:51:14,56,00:00:56,doors opened
07/07/2025,12,6012,Monday,Weekday,East,15651906,65700,18:15:00,65970,18:19:30,17,263,Washington Ave & Henry Johnson Blvd (00263),0,0,1,,,67784,18:49:44,,,67784,18:49:44,0,00:00:00,door not opened
07/07/2025,12,6012,Monday,Weekday,East,15651906,65700,18:15:00,65970,18:19:30,16,2096,Washington Ave & Lexington Ave (02096),0,0,1,,,67688,18:48:08,,,67688,18:48:08,0,00:00:00,door not opened
07/07/2025,12,6012,Monday,Weekday,East,15651906,65700,18:15:00,65970,18:19:30,15,3253,Washington Ave & Robin St (Draper Hall) (03253),0,0,1,,,67623,18:47:03,,,67643,18:47:23,20,00:00:20,doors opened
07/07/2025,12,6012,Monday,Weekday,East,15651906,65700,18:15:00,65970,18:19:30,14,2109,Washington Ave & N. Lake Ave (02109),0,4,1,,,67579,18:46:19,,,67600,18:46:40,21,00:00:21,doors opened
07/07/2025,12,6012,Monday,Weekday,East,15651906,65700,18:15:00,65970,18:19:30,13,3255,Washington Ave & Quail St (03255),0,2,5,,,67497,18:44:57,,,67552,18:45:52,55,00:00:55,doors opened
07/07/2025,12,6012,Monday,Weekday,East,15651906,65700,18:15:00,65970,18:19:30,12,3256,Washington Ave & Ontario St (03256),0,0,7,66960.0,18:36:00,67479,18:44:39,66960.0,18:36:00,67479,18:44:39,0,00:00:00,door not opened
07/07/2025,12,6012,Monday,Weekday,East,15651906,65700,18:15:00,65970,18:19:30,11,2107,Washington Ave & Partridge St (02107),0,0,7,,,67440,18:44:00,,,67440,18:44:00,0,00:00:00,door not opened
07/07/2025,12,6012,Monday,Weekday,East,15651906,65700,18:15:00,65970,18:19:30,10,3257,Washington Ave & N. Main Ave (03257),0,0,7,,,67376,18:42:56,,,67376,18:42:56,0,00:00:00,door not opened
07/07/2025,12,6012,Monday,Weekday,East,15651906,65700,18:15:00,65970,18:19:30,9,1796,Washington Ave & N. Allen St (01796),0,1,7,66780.0,18:33:00,67303,18:41:43,66780.0,18:33:00,67344,18:42:24,41,00:00:41,doors opened
07/07/2025,12,6012,Monday,Weekday,East,15651906,65700,18:15:00,65970,18:19:30,8,11581,Washington Ave & Manning Blvd (11581),1,0,8,,,67249,18:40:49,,,67267,18:41:07,18,00:00:18,doors opened
07/07/2025,12,6012,Monday,Weekday,East,15651906,65700,18:15:00,65970,18:19:30,7,2180,Washington Ave & Homestead Ave (02180),0,4,7,,,67170,18:39:30,,,67224,18:40:24,54,00:00:54,doors opened
07/07/2025,12,6012,Monday,Weekday,East,15651906,65700,18:15:00,65970,18:19:30,6,2182,Washington Ave & Hawthorne St (02182),0,0,11,,,67124,18:38:44,,,67141,18:39:01,17,00:00:17,doors opened
07/07/2025,12,6012,Monday,Weekday,East,15651906,65700,18:15:00,65970,18:19:30,5,3304,Washington Ave & Clermont St (03304),0,2,11,,,67066,18:37:46,,,67084,18:38:04,18,00:00:18,doors opened
07/07/2025,12,6012,Monday,Weekday,East,15651906,65700,18:15:00,65970,18:19:30,4,3348,Washington Ave & Brevator St (03348),0,0,13,,,67053,18:37:33,,,67053,18:37:33,0,00:00:00,door not opened
07/07/2025,12,6012,Monday,Weekday,East,15651906,65700,18:15:00,65970,18:19:30,3,10134,Washington Ave & SUNY Exit Rd (10134),1,1,13,,,66887,18:34:47,,,66915,18:35:15,28,00:00:28,doors opened
07/07/2025,12,6012,Monday,Weekday,East,15651906,65700,18:15:00,65970,18:19:30,2,7216,SUNY Collins Circle (07216),3,0,13,66300.0,18:25:00,66713,18:31:53,66300.0,18:25:00,66739,18:32:19,26,00:00:26,doors opened
07/07/2025,12,6012,Monday,Weekday,East,15651906,65700,18:15:00,65970,18:19:30,1,12827,Crossgates Commons Station (12827),5,0,10,66000.0,18:20:00,66270,18:24:30,66000.0,18:20:00,66424,18:27:04,154,00:02:34,doors opened
07/07/2025,12,6012,Monday,Weekday,East,15651906,65700,18:15:00,65970,18:19:30,0,7175,Crossgates Mall Station (07175),5,0,5,65700.0,18:15:00,65970,18:19:30,65700.0,18:15:00,65970,18:19:30,0,00:00:00,doors opened
07/07/2025,12,6012,Monday,Weekday,East,15651912,71700,19:55:00,71946,19:59:06,24,3940,Broadway & Steuben St (03940),0,0,0,73740.0,20:29:00,74081,20:34:41,73740.0,20:29:00,74081,20:34:41,0,00:00:00,door not opened
07/07/2025,12,6012,Monday,Weekday,East,15651912,71700,19:55:00,71946,19:59:06,23,2509,State/Downtown Station - State St & S. Pearl St (02509),0,2,0,73560.0,20:26:00,73953,20:32:33,73560.0,20:26:00,74013,20:33:33,60,00:01:00,doors opened
07/07/2025,12,6012,Monday,Weekday,East,15651912,71700,19:55:00,71946,19:59:06,22,1787,State St & Eagle St (01787),0,0,2,,,73933,20:32:13,,,73933,20:32:13,0,00:00:00,door not opened
07/07/2025,12,6012,Monday,Weekday,East,15651912,71700,19:55:00,71946,19:59:06,21,2706,Hawk/Capitol Station - Washington Ave & Hawk St (02706),1,0,2,,,73823,20:30:23,,,73839,20:30:39,16,00:00:16,doors opened
07/07/2025,12,6012,Monday,Weekday,East,15651912,71700,19:55:00,71946,19:59:06,20,1789,Washington Ave & S. Swan St (01789),0,0,1,,,73803,20:30:03,,,73803,20:30:03,0,00:00:00,door not opened
07/07/2025,12,6012,Monday,Weekday,East,15651912,71700,19:55:00,71946,19:59:06,19,1788,Washington Ave & Dove St (01788),0,0,1,,,73780,20:29:40,,,73780,20:29:40,0,00:00:00,door not opened
07/07/2025,12,6012,Monday,Weekday,East,15651912,71700,19:55:00,71946,19:59:06,18,2663,Lark/Library Station - Washington Ave & Lark St (02663),1,0,1,73320.0,20:22:00,73719,20:28:39,73320.0,20:22:00,73747,20:29:07,28,00:00:28,doors opened
07/07/2025,12,6012,Monday,Weekday,East,15651912,71700,19:55:00,71946,19:59:06,17,263,Washington Ave & Henry Johnson Blvd (00263),0,0,0,,,73669,20:27:49,,,73686,20:28:06,17,00:00:17,doors opened
07/07/2025,12,6012,Monday,Weekday,East,15651912,71700,19:55:00,71946,19:59:06,16,2096,Washington Ave & Lexington Ave (02096),0,1,0,,,73522,20:25:22,,,73633,20:27:13,111,00:01:51,doors opened
07/07/2025,12,6012,Monday,Weekday,East,15651912,71700,19:55:00,71946,19:59:06,15,3253,Washington Ave & Robin St (Draper Hall) (03253),0,0,1,,,73502,20:25:02,,,73502,20:25:02,0,00:00:00,door not opened
07/07/2025,12,6012,Monday,Weekday,East,15651912,71700,19:55:00,71946,19:59:06,14,2109,Washington Ave & N. Lake Ave (02109),0,0,1,,,73429,20:23:49,,,73452,20:24:12,23,00:00:23,doors opened
07/07/2025,12,6012,Monday,Weekday,East,15651912,71700,19:55:00,71946,19:59:06,13,3255,Washington Ave & Quail St (03255),0,3,1,,,73361,20:22:41,,,73400,20:23:20,39,00:00:39,doors opened
07/07/2025,12,6012,Monday,Weekday,East,15651912,71700,19:55:00,71946,19:59:06,12,3256,Washington Ave & Ontario St (03256),0,0,4,72960.0,20:16:00,73299,20:21:39,72960.0,20:16:00,73339,20:22:19,40,00:00:40,doors opened
07/07/2025,12,6012,Monday,Weekday,East,15651912,71700,19:55:00,71946,19:59:06,11,2107,Washington Ave & Partridge St (02107),0,0,4,,,73278,20:21:18,,,73278,20:21:18,0,00:00:00,door not opened
07/07/2025,12,6012,Monday,Weekday,East,15651912,71700,19:55:00,71946,19:59:06,10,3257,Washington Ave & N. Main Ave (03257),0,3,4,,,73150,20:19:10,,,73193,20:19:53,43,00:00:43,doors opened
07/07/2025,12,6012,Monday,Weekday,East,15651912,71700,19:55:00,71946,19:59:06,9,1796,Washington Ave & N. Allen St (01796),2,3,7,72780.0,20:13:00,73069,20:17:49,72780.0,20:13:00,73111,20:18:31,42,00:00:42,doors opened
07/07/2025,12,6012,Monday,Weekday,East,15651912,71700,19:55:00,71946,19:59:06,8,11581,Washington Ave & Manning Blvd (11581),0,1,8,,,72968,20:16:08,,,73037,20:17:17,69,00:01:09,doors opened
07/07/2025,12,6012,Monday,Weekday,East,15651912,71700,19:55:00,71946,19:59:06,7,2180,Washington Ave & Homestead Ave (02180),0,1,9,,,72921,20:15:21,,,72939,20:15:39,18,00:00:18,doors opened
07/07/2025,12,6012,Monday,Weekday,East,15651912,71700,19:55:00,71946,19:59:06,6,2182,Washington Ave & Hawthorne St (02182),0,0,10,,,72894,20:14:54,,,72894,20:14:54,0,00:00:00,door not opened
07/07/2025,12,6012,Monday,Weekday,East,15651912,71700,19:55:00,71946,19:59:06,5,3304,Washington Ave & Clermont St (03304),0,0,10,,,72829,20:13:49,,,72864,20:14:24,35,00:00:35,doors opened
07/07/2025,12,6012,Monday,Weekday,East,15651912,71700,19:55:00,71946,19:59:06,4,3348,Washington Ave & Brevator St (03348),0,0,10,,,72782,20:13:02,,,72805,20:13:25,23,00:00:23,doors opened
07/07/2025,12,6012,Monday,Weekday,East,15651912,71700,19:55:00,71946,19:59:06,3,10134,Washington Ave & SUNY Exit Rd (10134),5,0,10,,,72609,20:10:09,,,72649,20:10:49,40,00:00:40,doors opened
07/07/2025,12,6012,Monday,Weekday,East,15651912,71700,19:55:00,71946,19:59:06,2,7216,SUNY Collins Circle (07216),4,0,5,72300.0,20:05:00,72436,20:07:16,72300.0,20:05:00,72464,20:07:44,28,00:00:28,doors opened
07/07/2025,12,6012,Monday,Weekday,East,15651912,71700,19:55:00,71946,19:59:06,1,12827,Crossgates Commons Station (12827),4,3,1,72000.0,20:00:00,72122,20:02:02,72000.0,20:00:00,72162,20:02:42,40,00:00:40,doors opened
07/07/2025,12,6012,Monday,Weekday,East,15651912,71700,19:55:00,71946,19:59:06,0,7175,Crossgates Mall Station (07175),0,0,0,71700.0,19:55:00,71946,19:59:06,71700.0,19:55:00,71946,19:59:06,0,00:00:00,door not opened
07/07/2025,12,6012,Monday,Weekday,East,15651916,77100,21:25:00,77196,21:26:36,24,3940,Broadway & Steuben St (03940),0,0,0,79080.0,21:58:00,79126,21:58:46,79080.0,21:58:00,79126,21:58:46,0,00:00:00,door not opened
07/07/2025,12,6012,Monday,Weekday,East,15651916,77100,21:25:00,77196,21:26:36,23,2509,State/Downtown Station - State St & S. Pearl St (02509),0,0,0,78960.0,21:56:00,79046,21:57:26,78960.0,21:56:00,79066,21:57:46,20,00:00:20,doors opened
07/07/2025,12,6012,Monday,Weekday,East,15651916,77100,21:25:00,77196,21:26:36,22,1787,State St & Eagle St (01787),0,0,0,,,79032,21:57:12,,,79032,21:57:12,0,00:00:00,door not opened
07/07/2025,12,6012,Monday,Weekday,East,15651916,77100,21:25:00,77196,21:26:36,21,2706,Hawk/Capitol Station - Washington Ave & Hawk St (02706),0,0,0,,,78985,21:56:25,,,78985,21:56:25,0,00:00:00,door not opened
07/07/2025,12,6012,Monday,Weekday,East,15651916,77100,21:25:00,77196,21:26:36,20,1789,Washington Ave & S. Swan St (01789),0,0,0,,,78967,21:56:07,,,78967,21:56:07,0,00:00:00,door not opened
07/07/2025,12,6012,Monday,Weekday,East,15651916,77100,21:25:00,77196,21:26:36,19,1788,Washington Ave & Dove St (01788),0,0,0,,,78947,21:55:47,,,78947,21:55:47,0,00:00:00,door not opened
07/07/2025,12,6012,Monday,Weekday,East,15651916,77100,21:25:00,77196,21:26:36,18,2663,Lark/Library Station - Washington Ave & Lark St (02663),0,0,0,78720.0,21:52:00,78884,21:54:44,78720.0,21:52:00,78901,21:55:01,17,00:00:17,doors opened
07/07/2025,12,6012,Monday,Weekday,East,15651916,77100,21:25:00,77196,21:26:36,17,263,Washington Ave & Henry Johnson Blvd (00263),0,0,0,,,78848,21:54:08,,,78848,21:54:08,0,00:00:00,door not opened
07/07/2025,12,6012,Monday,Weekday,East,15651916,77100,21:25:00,77196,21:26:36,16,2096,Washington Ave & Lexington Ave (02096),0,3,0,,,78666,21:51:06,,,78814,21:53:34,148,00:02:28,doors opened
07/07/2025,12,6012,Monday,Weekday,East,15651916,77100,21:25:00,77196,21:26:36,15,3253,Washington Ave & Robin St (Draper Hall) (03253),0,0,3,,,78648,21:50:48,,,78648,21:50:48,0,00:00:00,door not opened
07/07/2025,12,6012,Monday,Weekday,East,15651916,77100,21:25:00,77196,21:26:36,14,2109,Washington Ave & N. Lake Ave (02109),0,0,3,,,78619,21:50:19,,,78619,21:50:19,0,00:00:00,door not opened
07/07/2025,12,6012,Monday,Weekday,East,15651916,77100,21:25:00,77196,21:26:36,13,3255,Washington Ave & Quail St (03255),1,1,3,,,78522,21:48:42,,,78563,21:49:23,41,00:00:41,doors opened
07/07/2025,12,6012,Monday,Weekday,East,15651916,77100,21:25:00,77196,21:26:36,12,3256,Washington Ave & Ontario St (03256),0,0,3,78360.0,21:46:00,78502,21:48:22,78360.0,21:46:00,78502,21:48:22,0,00:00:00,door not opened
07/07/2025,12,6012,Monday,Weekday,East,15651916,77100,21:25:00,77196,21:26:36,11,2107,Washington Ave & Partridge St (02107),0,0,3,,,78477,21:47:57,,,78477,21:47:57,0,00:00:00,door not opened
07/07/2025,12,6012,Monday,Weekday,East,15651916,77100,21:25:00,77196,21:26:36,10,3257,Washington Ave & N. Main Ave (03257),0,5,3,,,78403,21:46:43,,,78421,21:47:01,18,00:00:18,doors opened
07/07/2025,12,6012,Monday,Weekday,East,15651916,77100,21:25:00,77196,21:26:36,9,1796,Washington Ave & N. Allen St (01796),0,4,8,78180.0,21:43:00,78345,21:45:45,78180.0,21:43:00,78368,21:46:08,23,00:00:23,doors opened
07/07/2025,12,6012,Monday,Weekday,East,15651916,77100,21:25:00,77196,21:26:36,8,11581,Washington Ave & Manning Blvd (11581),0,1,12,,,78294,21:44:54,,,78311,21:45:11,17,00:00:17,doors opened
07/07/2025,12,6012,Monday,Weekday,East,15651916,77100,21:25:00,77196,21:26:36,7,2180,Washington Ave & Homestead Ave (02180),0,0,13,,,78252,21:44:12,,,78269,21:44:29,17,00:00:17,doors opened
07/07/2025,12,6012,Monday,Weekday,East,15651916,77100,21:25:00,77196,21:26:36,6,2182,Washington Ave & Hawthorne St (02182),0,0,13,,,78225,21:43:45,,,78225,21:43:45,0,00:00:00,door not opened
07/07/2025,12,6012,Monday,Weekday,East,15651916,77100,21:25:00,77196,21:26:36,5,3304,Washington Ave & Clermont St (03304),0,0,13,,,78199,21:43:19,,,78199,21:43:19,0,00:00:00,door not opened
07/07/2025,12,6012,Monday,Weekday,East,15651916,77100,21:25:00,77196,21:26:36,4,3348,Washington Ave & Brevator St (03348),0,0,13,,,78160,21:42:40,,,78178,21:42:58,18,00:00:18,doors opened
07/07/2025,12,6012,Monday,Weekday,East,15651916,77100,21:25:00,77196,21:26:36,3,10134,Washington Ave & SUNY Exit Rd (10134),2,2,13,,,77984,21:39:44,,,78040,21:40:40,56,00:00:56,doors opened
07/07/2025,12,6012,Monday,Weekday,East,15651916,77100,21:25:00,77196,21:26:36,2,7216,SUNY Collins Circle (07216),3,1,13,77700.0,21:35:00,77857,21:37:37,77700.0,21:35:00,77882,21:38:02,25,00:00:25,doors opened
07/07/2025,12,6012,Monday,Weekday,East,15651916,77100,21:25:00,77196,21:26:36,1,12827,Crossgates Commons Station (12827),8,0,11,77400.0,21:30:00,77508,21:31:48,77400.0,21:30:00,77605,21:33:25,97,00:01:37,doors opened
07/07/2025,12,6012,Monday,Weekday,East,15651916,77100,21:25:00,77196,21:26:36,0,7175,Crossgates Mall Station (07175),3,0,3,77100.0,21:25:00,77196,21:26:36,77100.0,21:25:00,77196,21:26:36,0,00:00:00,doors opened
07/07/2025,12,4108,Monday,Weekday,East,15651681,66900,18:35:00,66896,18:34:56,24,3940,Broadway & Steuben St (03940),0,0,0,69000.0,19:10:00,68852,19:07:32,69000.0,19:10:00,68852,19:07:32,0,00:00:00,door not opened
07/07/2025,12,4108,Monday,Weekday,East,15651681,66900,18:35:00,66896,18:34:56,23,2509,State/Downtown Station - State St & S. Pearl St (02509),0,2,0,68820.0,19:07:00,68766,19:06:06,68820.0,19:07:00,68780,19:06:20,14,00:00:14,doors opened
07/07/2025,12,4108,Monday,Weekday,East,15651681,66900,18:35:00,66896,18:34:56,22,1787,State St & Eagle St (01787),0,0,2,,,68750,19:05:50,,,68750,19:05:50,0,00:00:00,door not opened
07/07/2025,12,4108,Monday,Weekday,East,15651681,66900,18:35:00,66896,18:34:56,21,2706,Hawk/Capitol Station - Washington Ave & Hawk St (02706),0,0,2,,,68636,19:03:56,,,68636,19:03:56,0,00:00:00,door not opened
07/07/2025,12,4108,Monday,Weekday,East,15651681,66900,18:35:00,66896,18:34:56,20,1789,Washington Ave & S. Swan St (01789),0,0,2,,,68616,19:03:36,,,68616,19:03:36,0,00:00:00,door not opened
07/07/2025,12,4108,Monday,Weekday,East,15651681,66900,18:35:00,66896,18:34:56,19,1788,Washington Ave & Dove St (01788),0,0,2,,,68582,19:03:02,,,68582,19:03:02,0,00:00:00,door not opened
07/07/2025,12,4108,Monday,Weekday,East,15651681,66900,18:35:00,66896,18:34:56,18,2663,Lark/Library Station - Washington Ave & Lark St (02663),0,0,2,68520.0,19:02:00,68562,19:02:42,68520.0,19:02:00,68562,19:02:42,0,00:00:00,door not opened
07/07/2025,12,4108,Monday,Weekday,East,15651681,66900,18:35:00,66896,18:34:56,17,263,Washington Ave & Henry Johnson Blvd (00263),0,0,2,,,68517,19:01:57,,,68517,19:01:57,0,00:00:00,door not opened
07/07/2025,12,4108,Monday,Weekday,East,15651681,66900,18:35:00,66896,18:34:56,16,2096,Washington Ave & Lexington Ave (02096),0,0,2,,,68430,19:00:30,,,68430,19:00:30,0,00:00:00,door not opened
07/07/2025,12,4108,Monday,Weekday,East,15651681,66900,18:35:00,66896,18:34:56,15,3253,Washington Ave & Robin St (Draper Hall) (03253),0,1,2,,,68388,18:59:48,,,68408,19:00:08,20,00:00:20,doors opened
07/07/2025,12,4108,Monday,Weekday,East,15651681,66900,18:35:00,66896,18:34:56,14,2109,Washington Ave & N. Lake Ave (02109),0,1,3,,,68311,18:58:31,,,68362,18:59:22,51,00:00:51,doors opened
07/07/2025,12,4108,Monday,Weekday,East,15651681,66900,18:35:00,66896,18:34:56,13,3255,Washington Ave & Quail St (03255),0,1,4,,,68264,18:57:44,,,68277,18:57:57,13,00:00:13,doors opened
07/07/2025,12,4108,Monday,Weekday,East,15651681,66900,18:35:00,66896,18:34:56,12,3256,Washington Ave & Ontario St (03256),0,1,5,68160.0,18:56:00,68226,18:57:06,68160.0,18:56:00,68240,18:57:20,14,00:00:14,doors opened
07/07/2025,12,4108,Monday,Weekday,East,15651681,66900,18:35:00,66896,18:34:56,11,2107,Washington Ave & Partridge St (02107),0,0,6,,,68207,18:56:47,,,68207,18:56:47,0,00:00:00,door not opened
07/07/2025,12,4108,Monday,Weekday,East,15651681,66900,18:35:00,66896,18:34:56,10,3257,Washington Ave & N. Main Ave (03257),0,1,6,,,68109,18:55:09,,,68145,18:55:45,36,00:00:36,doors opened
07/07/2025,12,4108,Monday,Weekday,East,15651681,66900,18:35:00,66896,18:34:56,9,1796,Washington Ave & N. Allen St (01796),0,0,7,67980.0,18:53:00,68077,18:54:37,67980.0,18:53:00,68077,18:54:37,0,00:00:00,door not opened
07/07/2025,12,4108,Monday,Weekday,East,15651681,66900,18:35:00,66896,18:34:56,8,11581,Washington Ave & Manning Blvd (11581),0,0,7,,,68044,18:54:04,,,68044,18:54:04,0,00:00:00,door not opened
07/07/2025,12,4108,Monday,Weekday,East,15651681,66900,18:35:00,66896,18:34:56,7,2180,Washington Ave & Homestead Ave (02180),0,0,7,,,68007,18:53:27,,,68007,18:53:27,0,00:00:00,door not opened
07/07/2025,12,4108,Monday,Weekday,East,15651681,66900,18:35:00,66896,18:34:56,6,2182,Washington Ave & Hawthorne St (02182),0,0,7,,,67983,18:53:03,,,67983,18:53:03,0,00:00:00,door not opened
07/07/2025,12,4108,Monday,Weekday,East,15651681,66900,18:35:00,66896,18:34:56,5,3304,Washington Ave & Clermont St (03304),0,1,7,,,67950,18:52:30,,,67958,18:52:38,8,00:00:08,doors opened
07/07/2025,12,4108,Monday,Weekday,East,15651681,66900,18:35:00,66896,18:34:56,4,3348,Washington Ave & Brevator St (03348),0,0,8,,,67937,18:52:17,,,67937,18:52:17,0,00:00:00,door not opened
07/07/2025,12,4108,Monday,Weekday,East,15651681,66900,18:35:00,66896,18:34:56,3,10134,Washington Ave & SUNY Exit Rd (10134),1,1,8,,,67771,18:49:31,,,67805,18:50:05,34,00:00:34,doors opened
07/07/2025,12,4108,Monday,Weekday,East,15651681,66900,18:35:00,66896,18:34:56,2,7216,SUNY Collins Circle (07216),0,3,8,67500.0,18:45:00,67612,18:46:52,67500.0,18:45:00,67632,18:47:12,20,00:00:20,doors opened
07/07/2025,12,4108,Monday,Weekday,East,15651681,66900,18:35:00,66896,18:34:56,1,12827,Crossgates Commons Station (12827),5,4,11,67200.0,18:40:00,67254,18:40:54,67200.0,18:40:00,67330,18:42:10,76,00:01:16,doors opened
07/07/2025,12,4108,Monday,Weekday,East,15651681,66900,18:35:00,66896,18:34:56,0,7175,Crossgates Mall Station (07175),10,0,10,66900.0,18:35:00,66896,18:34:56,66900.0,18:35:00,66896,18:34:56,0,00:00:00,doors opened
07/07/2025,12,4108,Monday,Weekday,West,15651684,69600,19:20:00,69604,19:20:04,27,7175,Crossgates Mall Station (07175),0,1,0,71880.0,19:58:00,71864,19:57:44,71880.0,19:58:00,71864,19:57:44,0,00:00:00,doors opened
07/07/2025,12,4108,Monday,Weekday,West,15651684,69600,19:20:00,69604,19:20:04,26,12828,Crossgates Commons Station (12828),0,12,1,71460.0,19:51:00,71583,19:53:03,71460.0,19:51:00,71621,19:53:41,38,00:00:38,doors opened
07/07/2025,12,4108,Monday,Weekday,West,15651684,69600,19:20:00,69604,19:20:04,25,12891,1475 Washington Ave (12891),0,1,13,,,71382,19:49:42,,,71397,19:49:57,15,00:00:15,doors opened
07/07/2025,12,4108,Monday,Weekday,West,15651684,69600,19:20:00,69604,19:20:04,24,7216,SUNY Collins Circle (07216),0,0,14,71100.0,19:45:00,71250,19:47:30,71100.0,19:45:00,71250,19:47:30,0,00:00:00,door not opened
07/07/2025,12,4108,Monday,Weekday,West,15651684,69600,19:20:00,69604,19:20:04,23,3262,1383 Washington Ave (Fairfield Inn) (03262),0,0,14,,,71145,19:45:45,,,71145,19:45:45,0,00:00:00,door not opened
07/07/2025,12,4108,Monday,Weekday,West,15651684,69600,19:20:00,69604,19:20:04,22,976,Washington Ave & Brevator St (00976),0,2,14,,,70969,19:42:49,,,70985,19:43:05,16,00:00:16,doors opened
07/07/2025,12,4108,Monday,Weekday,West,15651684,69600,19:20:00,69604,19:20:04,21,1959,Washington Ave & Colvin Ave (01959),0,1,16,,,70891,19:41:31,,,70943,19:42:23,52,00:00:52,doors opened
07/07/2025,12,4108,Monday,Weekday,West,15651684,69600,19:20:00,69604,19:20:04,20,3399,Washington Ave & Danker Ave (03399),0,0,17,,,70864,19:41:04,,,70864,19:41:04,0,00:00:00,door not opened
07/07/2025,12,4108,Monday,Weekday,West,15651684,69600,19:20:00,69604,19:20:04,19,1849,Washington Ave & Homestead Ave (01849),1,0,17,,,70823,19:40:23,,,70838,19:40:38,15,00:00:15,doors opened
07/07/2025,12,4108,Monday,Weekday,West,15651684,69600,19:20:00,69604,19:20:04,18,1846,Washington Ave & Manning Blvd (01846),0,0,16,,,70804,19:40:04,,,70804,19:40:04,0,00:00:00,door not opened
07/07/2025,12,4108,Monday,Weekday,West,15651684,69600,19:20:00,69604,19:20:04,17,3287,Washington Ave & N. Allen St (03287),0,0,16,70680.0,19:38:00,70727,19:38:47,70680.0,19:38:00,70727,19:38:47,0,00:00:00,door not opened
07/07/2025,12,4108,Monday,Weekday,West,15651684,69600,19:20:00,69604,19:20:04,16,3264,Washington Ave & N. Main Ave (03264),1,0,16,,,70629,19:37:09,,,70677,19:37:57,48,00:00:48,doors opened
07/07/2025,12,4108,Monday,Weekday,West,15651684,69600,19:20:00,69604,19:20:04,15,1839,Washington Ave & Partridge St (01839),0,0,15,,,70555,19:35:55,,,70555,19:35:55,0,00:00:00,door not opened
07/07/2025,12,4108,Monday,Weekday,West,15651684,69600,19:20:00,69604,19:20:04,14,1841,Washington Ave & Ontario St (01841),2,0,15,70500.0,19:35:00,70500,19:35:00,70500.0,19:35:00,70529,19:35:29,29,00:00:29,doors opened
07/07/2025,12,4108,Monday,Weekday,West,15651684,69600,19:20:00,69604,19:20:04,13,1842,Washington Ave & Quail St (01842),4,1,13,,,70428,19:33:48,,,70471,19:34:31,43,00:00:43,doors opened
07/07/2025,12,4108,Monday,Weekday,West,15651684,69600,19:20:00,69604,19:20:04,12,1837,Washington Ave & N. Lake Ave (01837),0,1,10,,,70382,19:33:02,,,70394,19:33:14,12,00:00:12,doors opened
07/07/2025,12,4108,Monday,Weekday,West,15651684,69600,19:20:00,69604,19:20:04,11,1843,Washington Ave & Robin St (01843),0,0,11,,,70357,19:32:37,,,70357,19:32:37,0,00:00:00,door not opened
07/07/2025,12,4108,Monday,Weekday,West,15651684,69600,19:20:00,69604,19:20:04,10,12943,Washington Ave & Lexington Ave (12943),0,1,11,,,70280,19:31:20,,,70327,19:32:07,47,00:00:47,doors opened
07/07/2025,12,4108,Monday,Weekday,West,15651684,69600,19:20:00,69604,19:20:04,9,12942,Washington Ave & Henry Johnson Blvd (12942),4,0,12,,,70197,19:29:57,,,70246,19:30:46,49,00:00:49,doors opened
07/07/2025,12,4108,Monday,Weekday,West,15651684,69600,19:20:00,69604,19:20:04,8,3239,Lark/Library Station - Washington Ave & Lark St (03239),1,0,8,70080.0,19:28:00,70084,19:28:04,70080.0,19:28:00,70106,19:28:26,22,00:00:22,doors opened
07/07/2025,12,4108,Monday,Weekday,West,15651684,69600,19:20:00,69604,19:20:04,7,3301,Washington Ave & S. Swan St (03301),0,0,7,,,70008,19:26:48,,,70008,19:26:48,0,00:00:00,door not opened
07/07/2025,12,4108,Monday,Weekday,West,15651684,69600,19:20:00,69604,19:20:04,6,3250,Hawk/Capitol Station - Washington Ave & Hawk St (03250),0,0,7,,,69966,19:26:06,,,69966,19:26:06,0,00:00:00,door not opened
07/07/2025,12,4108,Monday,Weekday,West,15651684,69600,19:20:00,69604,19:20:04,5,10087,State St & Eagle St (10087),1,0,7,,,69911,19:25:11,,,69927,19:25:27,16,00:00:16,doors opened
07/07/2025,12,4108,Monday,Weekday,West,15651684,69600,19:20:00,69604,19:20:04,4,2665,State/Downtown Station - State St & Lodge St (02665),2,0,6,69840.0,19:24:00,69830,19:23:50,69840.0,19:24:00,69855,19:24:15,25,00:00:25,doors opened
07/07/2025,12,4108,Monday,Weekday,West,15651684,69600,19:20:00,69604,19:20:04,3,3221,State Station - N. Pearl St & Ten Eyck Plaza (03221),1,0,4,,,69726,19:22:06,,,69795,19:23:15,69,00:01:09,doors opened
07/07/2025,12,4108,Monday,Weekday,West,15651684,69600,19:20:00,69604,19:20:04,2,3233,N. Pearl St & Sheridan Ave (03233),0,0,3,,,69662,19:21:02,,,69662,19:21:02,0,00:00:00,door not opened
07/07/2025,12,4108,Monday,Weekday,West,15651684,69600,19:20:00,69604,19:20:04,1,2168,Clinton Square Station - N. Pearl St & Clinton Ave (02168),0,0,3,,,69647,19:20:47,,,69647,19:20:47,0,00:00:00,door not opened
07/07/2025,12,4108,Monday,Weekday,West,15651684,69600,19:20:00,69604,19:20:04,0,9018,Broadway & Orange St (09018),0,0,3,69600.0,19:20:00,69604,19:20:04,69600.0,19:20:00,69604,19:20:04,0,00:00:00,door not opened
07/07/2025,12,4108,Monday,Weekday,West,15651688,75900,21:05:00,75967,21:06:07,16,3264,Washington Ave & N. Main Ave (03264),0,0,10,,,76864,21:21:04,,,76864,21:21:04,0,00:00:00,door not opened
07/07/2025,12,4108,Monday,Weekday,West,15651688,75900,21:05:00,75967,21:06:07,15,1839,Washington Ave & Partridge St (01839),0,0,10,,,76781,21:19:41,,,76781,21:19:41,0,00:00:00,door not opened
07/07/2025,12,4108,Monday,Weekday,West,15651688,75900,21:05:00,75967,21:06:07,14,1841,Washington Ave & Ontario St (01841),0,0,10,76740.0,21:19:00,76759,21:19:19,76740.0,21:19:00,76759,21:19:19,0,00:00:00,door not opened
07/07/2025,12,4108,Monday,Weekday,West,15651688,75900,21:05:00,75967,21:06:07,13,1842,Washington Ave & Quail St (01842),2,0,10,,,76681,21:18:01,,,76713,21:18:33,32,00:00:32,doors opened
07/07/2025,12,4108,Monday,Weekday,West,15651688,75900,21:05:00,75967,21:06:07,12,1837,Washington Ave & N. Lake Ave (01837),0,0,8,,,76640,21:17:20,,,76640,21:17:20,0,00:00:00,door not opened
07/07/2025,12,4108,Monday,Weekday,West,15651688,75900,21:05:00,75967,21:06:07,11,1843,Washington Ave & Robin St (01843),0,0,8,,,76613,21:16:53,,,76613,21:16:53,0,00:00:00,door not opened
07/07/2025,12,4108,Monday,Weekday,West,15651688,75900,21:05:00,75967,21:06:07,10,12943,Washington Ave & Lexington Ave (12943),0,0,8,,,76589,21:16:29,,,76589,21:16:29,0,00:00:00,door not opened
07/07/2025,12,4108,Monday,Weekday,West,15651688,75900,21:05:00,75967,21:06:07,9,12942,Washington Ave & Henry Johnson Blvd (12942),0,0,8,,,76553,21:15:53,,,76553,21:15:53,0,00:00:00,door not opened
07/07/2025,12,4108,Monday,Weekday,West,15651688,75900,21:05:00,75967,21:06:07,8,3239,Lark/Library Station - Washington Ave & Lark St (03239),3,0,8,76380.0,21:13:00,76405,21:13:25,76380.0,21:13:00,76466,21:14:26,61,00:01:01,doors opened
07/07/2025,12,4108,Monday,Weekday,West,15651688,75900,21:05:00,75967,21:06:07,7,3301,Washington Ave & S. Swan St (03301),1,0,5,,,76346,21:12:26,,,76362,21:12:42,16,00:00:16,doors opened
07/07/2025,12,4108,Monday,Weekday,West,15651688,75900,21:05:00,75967,21:06:07,6,3250,Hawk/Capitol Station - Washington Ave & Hawk St (03250),0,0,4,,,76321,21:12:01,,,76321,21:12:01,0,00:00:00,door not opened
07/07/2025,12,4108,Monday,Weekday,West,15651688,75900,21:05:00,75967,21:06:07,5,10087,State St & Eagle St (10087),0,0,4,,,76284,21:11:24,,,76284,21:11:24,0,00:00:00,door not opened
07/07/2025,12,4108,Monday,Weekday,West,15651688,75900,21:05:00,75967,21:06:07,4,2665,State/Downtown Station - State St & Lodge St (02665),3,0,4,76140.0,21:09:00,76186,21:09:46,76140.0,21:09:00,76213,21:10:13,27,00:00:27,doors opened
07/07/2025,12,4108,Monday,Weekday,West,15651688,75900,21:05:00,75967,21:06:07,3,3221,State Station - N. Pearl St & Ten Eyck Plaza (03221),0,0,1,,,76091,21:08:11,,,76091,21:08:11,0,00:00:00,door not opened
07/07/2025,12,4108,Monday,Weekday,West,15651688,75900,21:05:00,75967,21:06:07,2,3233,N. Pearl St & Sheridan Ave (03233),0,0,1,,,76030,21:07:10,,,76030,21:07:10,0,00:00:00,door not opened
07/07/2025,12,4108,Monday,Weekday,West,15651688,75900,21:05:00,75967,21:06:07,1,2168,Clinton Square Station - N. Pearl St & Clinton Ave (02168),0,0,1,,,76014,21:06:54,,,76014,21:06:54,0,00:00:00,door not opened
07/07/2025,12,4108,Monday,Weekday,West,15651688,75900,21:05:00,75967,21:06:07,0,9018,Broadway & Orange St (09018),0,0,1,75900.0,21:05:00,75967,21:06:07,75900.0,21:05:00,75967,21:06:07,0,00:00:00,door not opened
07/07/2025,12,4108,Monday,Weekday,West,15651688,75900,21:05:00,75967,21:06:07,27,7175,Crossgates Mall Station (07175),0,0,0,78000.0,21:40:00,78371,21:46:11,78000.0,21:40:00,78371,21:46:11,0,00:00:00,doors opened
07/07/2025,12,4108,Monday,Weekday,West,15651688,75900,21:05:00,75967,21:06:07,26,12828,Crossgates Commons Station (12828),0,6,0,77580.0,21:33:00,77680,21:34:40,77580.0,21:33:00,77705,21:35:05,25,00:00:25,doors opened
07/07/2025,12,4108,Monday,Weekday,West,15651688,75900,21:05:00,75967,21:06:07,25,12891,1475 Washington Ave (12891),0,0,6,,,77484,21:31:24,,,77484,21:31:24,0,00:00:00,door not opened
07/07/2025,12,4108,Monday,Weekday,West,15651688,75900,21:05:00,75967,21:06:07,24,7216,SUNY Collins Circle (07216),0,2,6,77280.0,21:28:00,77328,21:28:48,77280.0,21:28:00,77342,21:29:02,14,00:00:14,doors opened
07/07/2025,12,4108,Monday,Weekday,West,15651688,75900,21:05:00,75967,21:06:07,23,3262,1383 Washington Ave (Fairfield Inn) (03262),0,0,8,,,77194,21:26:34,,,77194,21:26:34,0,00:00:00,door not opened
07/07/2025,12,4108,Monday,Weekday,West,15651688,75900,21:05:00,75967,21:06:07,22,976,Washington Ave & Brevator St (00976),0,2,8,,,77045,21:24:05,,,77071,21:24:31,26,00:00:26,doors opened
07/07/2025,12,4108,Monday,Weekday,West,15651688,75900,21:05:00,75967,21:06:07,21,1959,Washington Ave & Colvin Ave (01959),0,0,10,,,77023,21:23:43,,,77023,21:23:43,0,00:00:00,door not opened
07/07/2025,12,4108,Monday,Weekday,West,15651688,75900,21:05:00,75967,21:06:07,20,3399,Washington Ave & Danker Ave (03399),0,0,10,,,76998,21:23:18,,,76998,21:23:18,0,00:00:00,door not opened
07/07/2025,12,4108,Monday,Weekday,West,15651688,75900,21:05:00,75967,21:06:07,19,1849,Washington Ave & Homestead Ave (01849),1,1,10,,,76952,21:22:32,,,76969,21:22:49,17,00:00:17,doors opened
07/07/2025,12,4108,Monday,Weekday,West,15651688,75900,21:05:00,75967,21:06:07,18,1846,Washington Ave & Manning Blvd (01846),0,0,10,,,76930,21:22:10,,,76930,21:22:10,0,00:00:00,door not opened
07/07/2025,12,4108,Monday,Weekday,West,15651688,75900,21:05:00,75967,21:06:07,17,3287,Washington Ave & N. Allen St (03287),0,0,10,76920.0,21:22:00,76899,21:21:39,76920.0,21:22:00,76899,21:21:39,0,00:00:00,door not opened
07/07/2025,12,4114,Monday,Weekday,West,15650114,28800,08:00:00,28828,08:00:28,27,7175,Crossgates Mall Station (07175),0,0,0,31320.0,08:42:00,31227,08:40:27,31320.0,08:42:00,31227,08:40:27,0,00:00:00,doors opened
07/07/2025,12,4114,Monday,Weekday,West,15650114,28800,08:00:00,28828,08:00:28,26,12828,Crossgates Commons Station (12828),0,0,0,30900.0,08:35:00,30983,08:36:23,30900.0,08:35:00,31009,08:36:49,26,00:00:26,doors opened
07/07/2025,12,4114,Monday,Weekday,West,15650114,28800,08:00:00,28828,08:00:28,25,12891,1475 Washington Ave (12891),0,0,0,,,30790,08:33:10,,,30790,08:33:10,0,00:00:00,door not opened
07/07/2025,12,4114,Monday,Weekday,West,15650114,28800,08:00:00,28828,08:00:28,24,7216,SUNY Collins Circle (07216),0,0,0,30540.0,08:29:00,30641,08:30:41,30540.0,08:29:00,30658,08:30:58,17,00:00:17,doors opened
07/07/2025,12,4114,Monday,Weekday,West,15650114,28800,08:00:00,28828,08:00:28,23,3262,1383 Washington Ave (Fairfield Inn) (03262),0,0,0,,,30454,08:27:34,,,30501,08:28:21,47,00:00:47,doors opened
07/07/2025,12,4114,Monday,Weekday,West,15650114,28800,08:00:00,28828,08:00:28,22,976,Washington Ave & Brevator St (00976),0,0,0,,,30330,08:25:30,,,30330,08:25:30,0,00:00:00,door not opened
07/07/2025,12,4114,Monday,Weekday,West,15650114,28800,08:00:00,28828,08:00:28,21,1959,Washington Ave & Colvin Ave (01959),0,0,0,,,30266,08:24:26,,,30289,08:24:49,23,00:00:23,doors opened
07/07/2025,12,4114,Monday,Weekday,West,15650114,28800,08:00:00,28828,08:00:28,20,3399,Washington Ave & Danker Ave (03399),0,0,0,,,30245,08:24:05,,,30245,08:24:05,0,00:00:00,door not opened
07/07/2025,12,4114,Monday,Weekday,West,15650114,28800,08:00:00,28828,08:00:28,19,1849,Washington Ave & Homestead Ave (01849),0,0,0,,,30196,08:23:16,,,30221,08:23:41,25,00:00:25,doors opened
07/07/2025,12,4114,Monday,Weekday,West,15650114,28800,08:00:00,28828,08:00:28,18,1846,Washington Ave & Manning Blvd (01846),0,0,0,,,30106,08:21:46,,,30169,08:22:49,63,00:01:03,doors opened
07/07/2025,12,4114,Monday,Weekday,West,15650114,28800,08:00:00,28828,08:00:28,17,3287,Washington Ave & N. Allen St (03287),0,0,0,30060.0,08:21:00,30028,08:20:28,30060.0,08:21:00,30064,08:21:04,36,00:00:36,doors opened
07/07/2025,12,4114,Monday,Weekday,West,15650114,28800,08:00:00,28828,08:00:28,16,3264,Washington Ave & N. Main Ave (03264),0,0,0,,,29937,08:18:57,,,29989,08:19:49,52,00:00:52,doors opened
07/07/2025,12,4114,Monday,Weekday,West,15650114,28800,08:00:00,28828,08:00:28,15,1839,Washington Ave & Partridge St (01839),0,0,0,,,29819,08:16:59,,,29836,08:17:16,17,00:00:17,doors opened
07/07/2025,12,4114,Monday,Weekday,West,15650114,28800,08:00:00,28828,08:00:28,14,1841,Washington Ave & Ontario St (01841),0,0,0,29820.0,08:17:00,29776,08:16:16,29820.0,08:17:00,29790,08:16:30,14,00:00:14,doors opened
07/07/2025,12,4114,Monday,Weekday,West,15650114,28800,08:00:00,28828,08:00:28,13,1842,Washington Ave & Quail St (01842),0,0,0,,,29753,08:15:53,,,29753,08:15:53,0,00:00:00,door not opened
07/07/2025,12,4114,Monday,Weekday,West,15650114,28800,08:00:00,28828,08:00:28,12,1837,Washington Ave & N. Lake Ave (01837),0,0,0,,,29672,08:14:32,,,29711,08:15:11,39,00:00:39,doors opened
07/07/2025,12,4114,Monday,Weekday,West,15650114,28800,08:00:00,28828,08:00:28,11,1843,Washington Ave & Robin St (01843),0,0,0,,,29619,08:13:39,,,29645,08:14:05,26,00:00:26,doors opened
07/07/2025,12,4114,Monday,Weekday,West,15650114,28800,08:00:00,28828,08:00:28,10,12943,Washington Ave & Lexington Ave (12943),0,0,0,,,29594,08:13:14,,,29594,08:13:14,0,00:00:00,door not opened
07/07/2025,12,4114,Monday,Weekday,West,15650114,28800,08:00:00,28828,08:00:28,9,12942,Washington Ave & Henry Johnson Blvd (12942),0,0,0,,,29516,08:11:56,,,29516,08:11:56,0,00:00:00,door not opened
07/07/2025,12,4114,Monday,Weekday,West,15650114,28800,08:00:00,28828,08:00:28,8,3239,Lark/Library Station - Washington Ave & Lark St (03239),0,0,0,29400.0,08:10:00,29320,08:08:40,29400.0,08:10:00,29456,08:10:56,136,00:02:16,doors opened
07/07/2025,12,4114,Monday,Weekday,West,15650114,28800,08:00:00,28828,08:00:28,7,3301,Washington Ave & S. Swan St (03301),0,0,0,,,29200,08:06:40,,,29275,08:07:55,75,00:01:15,doors opened
07/07/2025,12,4114,Monday,Weekday,West,15650114,28800,08:00:00,28828,08:00:28,6,3250,Hawk/Capitol Station - Washington Ave & Hawk St (03250),0,0,0,,,29175,08:06:15,,,29175,08:06:15,0,00:00:00,door not opened
07/07/2025,12,4114,Monday,Weekday,West,15650114,28800,08:00:00,28828,08:00:28,5,10087,State St & Eagle St (10087),0,0,0,,,29120,08:05:20,,,29120,08:05:20,0,00:00:00,door not opened
07/07/2025,12,4114,Monday,Weekday,West,15650114,28800,08:00:00,28828,08:00:28,4,2665,State/Downtown Station - State St & Lodge St (02665),0,0,0,29100.0,08:05:00,29061,08:04:21,29100.0,08:05:00,29086,08:04:46,25,00:00:25,doors opened
07/07/2025,12,4114,Monday,Weekday,West,15650114,28800,08:00:00,28828,08:00:28,3,3221,State Station - N. Pearl St & Ten Eyck Plaza (03221),0,0,0,,,28988,08:03:08,,,28988,08:03:08,0,00:00:00,door not opened
07/07/2025,12,4114,Monday,Weekday,West,15650114,28800,08:00:00,28828,08:00:28,2,3233,N. Pearl St & Sheridan Ave (03233),0,0,0,,,28901,08:01:41,,,28901,08:01:41,0,00:00:00,door not opened
07/07/2025,12,4114,Monday,Weekday,West,15650114,28800,08:00:00,28828,08:00:28,1,2168,Clinton Square Station - N. Pearl St & Clinton Ave (02168),0,0,0,,,28867,08:01:07,,,28885,08:01:25,18,00:00:18,doors opened
07/07/2025,12,4114,Monday,Weekday,West,15650114,28800,08:00:00,28828,08:00:28,0,9018,Broadway & Orange St (09018),0,0,0,28800.0,08:00:00,28828,08:00:28,28800.0,08:00:00,28828,08:00:28,0,00:00:00,doors opened
07/07/2025,12,4114,Monday,Weekday,East,15648682,51300,14:15:00,51297,14:14:57,24,3940,Broadway & Steuben St (03940),0,0,0,53520.0,14:52:00,53514,14:51:54,53520.0,14:52:00,53514,14:51:54,0,00:00:00,doors opened
07/07/2025,12,4114,Monday,Weekday,East,15648682,51300,14:15:00,51297,14:14:57,23,2509,State/Downtown Station - State St & S. Pearl St (02509),0,0,0,53340.0,14:49:00,53387,14:49:47,53340.0,14:49:00,53430,14:50:30,43,00:00:43,doors opened
07/07/2025,12,4114,Monday,Weekday,East,15648682,51300,14:15:00,51297,14:14:57,22,1787,State St & Eagle St (01787),0,0,0,,,53353,14:49:13,,,53369,14:49:29,16,00:00:16,doors opened
07/07/2025,12,4114,Monday,Weekday,East,15648682,51300,14:15:00,51297,14:14:57,21,2706,Hawk/Capitol Station - Washington Ave & Hawk St (02706),0,0,0,,,53292,14:48:12,,,53300,14:48:20,8,00:00:08,doors opened
07/07/2025,12,4114,Monday,Weekday,East,15648682,51300,14:15:00,51297,14:14:57,20,1789,Washington Ave & S. Swan St (01789),0,0,0,,,53228,14:47:08,,,53238,14:47:18,10,00:00:10,doors opened
07/07/2025,12,4114,Monday,Weekday,East,15648682,51300,14:15:00,51297,14:14:57,19,1788,Washington Ave & Dove St (01788),0,0,0,,,53175,14:46:15,,,53200,14:46:40,25,00:00:25,doors opened
07/07/2025,12,4114,Monday,Weekday,East,15648682,51300,14:15:00,51297,14:14:57,18,2663,Lark/Library Station - Washington Ave & Lark St (02663),0,0,0,53040.0,14:44:00,53091,14:44:51,53040.0,14:44:00,53146,14:45:46,55,00:00:55,doors opened
07/07/2025,12,4114,Monday,Weekday,East,15648682,51300,14:15:00,51297,14:14:57,17,263,Washington Ave & Henry Johnson Blvd (00263),0,0,0,,,53070,14:44:30,,,53070,14:44:30,0,00:00:00,door not opened
07/07/2025,12,4114,Monday,Weekday,East,15648682,51300,14:15:00,51297,14:14:57,16,2096,Washington Ave & Lexington Ave (02096),0,0,0,,,52931,14:42:11,,,53042,14:44:02,111,00:01:51,doors opened
07/07/2025,12,4114,Monday,Weekday,East,15648682,51300,14:15:00,51297,14:14:57,15,3253,Washington Ave & Robin St (Draper Hall) (03253),0,0,0,,,52916,14:41:56,,,52916,14:41:56,0,00:00:00,door not opened
07/07/2025,12,4114,Monday,Weekday,East,15648682,51300,14:15:00,51297,14:14:57,14,2109,Washington Ave & N. Lake Ave (02109),0,0,0,,,52852,14:40:52,,,52875,14:41:15,23,00:00:23,doors opened
07/07/2025,12,4114,Monday,Weekday,East,15648682,51300,14:15:00,51297,14:14:57,13,3255,Washington Ave & Quail St (03255),0,0,0,,,52786,14:39:46,,,52824,14:40:24,38,00:00:38,doors opened
07/07/2025,12,4114,Monday,Weekday,East,15648682,51300,14:15:00,51297,14:14:57,12,3256,Washington Ave & Ontario St (03256),0,0,0,52620.0,14:37:00,52748,14:39:08,52620.0,14:37:00,52762,14:39:22,14,00:00:14,doors opened
07/07/2025,12,4114,Monday,Weekday,East,15648682,51300,14:15:00,51297,14:14:57,11,2107,Washington Ave & Partridge St (02107),0,0,0,,,52692,14:38:12,,,52725,14:38:45,33,00:00:33,doors opened
07/07/2025,12,4114,Monday,Weekday,East,15648682,51300,14:15:00,51297,14:14:57,10,3257,Washington Ave & N. Main Ave (03257),0,0,0,,,52591,14:36:31,,,52618,14:36:58,27,00:00:27,doors opened
07/07/2025,12,4114,Monday,Weekday,East,15648682,51300,14:15:00,51297,14:14:57,9,1796,Washington Ave & N. Allen St (01796),0,0,0,52440.0,14:34:00,52537,14:35:37,52440.0,14:34:00,52554,14:35:54,17,00:00:17,doors opened
07/07/2025,12,4114,Monday,Weekday,East,15648682,51300,14:15:00,51297,14:14:57,8,11581,Washington Ave & Manning Blvd (11581),0,0,0,,,52450,14:34:10,,,52497,14:34:57,47,00:00:47,doors opened
07/07/2025,12,4114,Monday,Weekday,East,15648682,51300,14:15:00,51297,14:14:57,7,2180,Washington Ave & Homestead Ave (02180),0,0,0,,,52394,14:33:14,,,52409,14:33:29,15,00:00:15,doors opened
07/07/2025,12,4114,Monday,Weekday,East,15648682,51300,14:15:00,51297,14:14:57,6,2182,Washington Ave & Hawthorne St (02182),0,0,0,,,52346,14:32:26,,,52359,14:32:39,13,00:00:13,doors opened
07/07/2025,12,4114,Monday,Weekday,East,15648682,51300,14:15:00,51297,14:14:57,5,3304,Washington Ave & Clermont St (03304),0,0,0,,,52297,14:31:37,,,52311,14:31:51,14,00:00:14,doors opened
07/07/2025,12,4114,Monday,Weekday,East,15648682,51300,14:15:00,51297,14:14:57,4,3348,Washington Ave & Brevator St (03348),0,0,0,,,52254,14:30:54,,,52272,14:31:12,18,00:00:18,doors opened
07/07/2025,12,4114,Monday,Weekday,East,15648682,51300,14:15:00,51297,14:14:57,3,10134,Washington Ave & SUNY Exit Rd (10134),0,0,0,,,52040,14:27:20,,,52113,14:28:33,73,00:01:13,doors opened
07/07/2025,12,4114,Monday,Weekday,East,15648682,51300,14:15:00,51297,14:14:57,2,7216,SUNY Collins Circle (07216),0,0,0,51960.0,14:26:00,51899,14:24:59,51960.0,14:26:00,51915,14:25:15,16,00:00:16,doors opened
07/07/2025,12,4114,Monday,Weekday,East,15648682,51300,14:15:00,51297,14:14:57,1,12827,Crossgates Commons Station (12827),0,0,0,51660.0,14:21:00,51528,14:18:48,51660.0,14:21:00,51655,14:20:55,127,00:02:07,doors opened
07/07/2025,12,4114,Monday,Weekday,East,15648682,51300,14:15:00,51297,14:14:57,0,7175,Crossgates Mall Station (07175),0,0,0,51300.0,14:15:00,51297,14:14:57,51300.0,14:15:00,51297,14:14:57,0,00:00:00,doors opened
07/07/2025,12,4119,Monday,Weekday,West,15650629,24300,06:45:00,24296,06:44:56,27,7175,Crossgates Mall Station (07175),0,2,1,26580.0,07:23:00,26215,07:16:55,26580.0,07:23:00,26215,07:16:55,0,00:00:00,doors opened
07/07/2025,12,4119,Monday,Weekday,West,15650629,24300,06:45:00,24296,06:44:56,26,12828,Crossgates Commons Station (12828),0,2,3,26220.0,07:17:00,25973,07:12:53,26220.0,07:17:00,25991,07:13:11,18,00:00:18,doors opened
07/07/2025,12,4119,Monday,Weekday,West,15650629,24300,06:45:00,24296,06:44:56,25,12891,1475 Washington Ave (12891),0,1,5,,,25774,07:09:34,,,25784,07:09:44,10,00:00:10,doors opened
07/07/2025,12,4119,Monday,Weekday,West,15650629,24300,06:45:00,24296,06:44:56,24,7216,SUNY Collins Circle (07216),0,2,6,25860.0,07:11:00,25674,07:07:54,25860.0,07:11:00,25689,07:08:09,15,00:00:15,doors opened
07/07/2025,12,4119,Monday,Weekday,West,15650629,24300,06:45:00,24296,06:44:56,23,3262,1383 Washington Ave (Fairfield Inn) (03262),1,2,8,,,25572,07:06:12,,,25595,07:06:35,23,00:00:23,doors opened
07/07/2025,12,4119,Monday,Weekday,West,15650629,24300,06:45:00,24296,06:44:56,22,976,Washington Ave & Brevator St (00976),1,0,9,,,25440,07:04:00,,,25454,07:04:14,14,00:00:14,doors opened
07/07/2025,12,4119,Monday,Weekday,West,15650629,24300,06:45:00,24296,06:44:56,21,1959,Washington Ave & Colvin Ave (01959),0,0,8,,,25415,07:03:35,,,25415,07:03:35,0,00:00:00,door not opened
07/07/2025,12,4119,Monday,Weekday,West,15650629,24300,06:45:00,24296,06:44:56,20,3399,Washington Ave & Danker Ave (03399),0,0,8,,,25374,07:02:54,,,25374,07:02:54,0,00:00:00,door not opened
07/07/2025,12,4119,Monday,Weekday,West,15650629,24300,06:45:00,24296,06:44:56,19,1849,Washington Ave & Homestead Ave (01849),0,0,8,,,25351,07:02:31,,,25351,07:02:31,0,00:00:00,door not opened
07/07/2025,12,4119,Monday,Weekday,West,15650629,24300,06:45:00,24296,06:44:56,18,1846,Washington Ave & Manning Blvd (01846),0,0,8,,,25319,07:01:59,,,25319,07:01:59,0,00:00:00,door not opened
07/07/2025,12,4119,Monday,Weekday,West,15650629,24300,06:45:00,24296,06:44:56,17,3287,Washington Ave & N. Allen St (03287),1,1,8,25440.0,07:04:00,25232,07:00:32,25440.0,07:04:00,25245,07:00:45,13,00:00:13,doors opened
07/07/2025,12,4119,Monday,Weekday,West,15650629,24300,06:45:00,24296,06:44:56,16,3264,Washington Ave & N. Main Ave (03264),0,0,8,,,25203,07:00:03,,,25203,07:00:03,0,00:00:00,door not opened
07/07/2025,12,4119,Monday,Weekday,West,15650629,24300,06:45:00,24296,06:44:56,15,1839,Washington Ave & Partridge St (01839),0,0,8,,,25136,06:58:56,,,25136,06:58:56,0,00:00:00,door not opened
07/07/2025,12,4119,Monday,Weekday,West,15650629,24300,06:45:00,24296,06:44:56,14,1841,Washington Ave & Ontario St (01841),1,0,8,25200.0,07:00:00,25063,06:57:43,25200.0,07:00:00,25097,06:58:17,34,00:00:34,doors opened
07/07/2025,12,4119,Monday,Weekday,West,15650629,24300,06:45:00,24296,06:44:56,13,1842,Washington Ave & Quail St (01842),2,0,7,,,24941,06:55:41,,,25042,06:57:22,101,00:01:41,doors opened
07/07/2025,12,4119,Monday,Weekday,West,15650629,24300,06:45:00,24296,06:44:56,12,1837,Washington Ave & N. Lake Ave (01837),0,0,5,,,24919,06:55:19,,,24919,06:55:19,0,00:00:00,door not opened
07/07/2025,12,4119,Monday,Weekday,West,15650629,24300,06:45:00,24296,06:44:56,11,1843,Washington Ave & Robin St (01843),0,0,5,,,24863,06:54:23,,,24863,06:54:23,0,00:00:00,door not opened
07/07/2025,12,4119,Monday,Weekday,West,15650629,24300,06:45:00,24296,06:44:56,10,12943,Washington Ave & Lexington Ave (12943),0,0,5,,,24842,06:54:02,,,24842,06:54:02,0,00:00:00,door not opened
07/07/2025,12,4119,Monday,Weekday,West,15650629,24300,06:45:00,24296,06:44:56,9,12942,Washington Ave & Henry Johnson Blvd (12942),1,0,5,,,24772,06:52:52,,,24783,06:53:03,11,00:00:11,doors opened
07/07/2025,12,4119,Monday,Weekday,West,15650629,24300,06:45:00,24296,06:44:56,8,3239,Lark/Library Station - Washington Ave & Lark St (03239),2,2,4,24840.0,06:54:00,24667,06:51:07,24840.0,06:54:00,24695,06:51:35,28,00:00:28,doors opened
07/07/2025,12,4119,Monday,Weekday,West,15650629,24300,06:45:00,24296,06:44:56,7,3301,Washington Ave & S. Swan St (03301),0,1,4,,,24588,06:49:48,,,24629,06:50:29,41,00:00:41,doors opened
07/07/2025,12,4119,Monday,Weekday,West,15650629,24300,06:45:00,24296,06:44:56,6,3250,Hawk/Capitol Station - Washington Ave & Hawk St (03250),0,0,5,,,24566,06:49:26,,,24566,06:49:26,0,00:00:00,door not opened
07/07/2025,12,4119,Monday,Weekday,West,15650629,24300,06:45:00,24296,06:44:56,5,10087,State St & Eagle St (10087),0,0,5,,,24538,06:48:58,,,24538,06:48:58,0,00:00:00,door not opened
07/07/2025,12,4119,Monday,Weekday,West,15650629,24300,06:45:00,24296,06:44:56,4,2665,State/Downtown Station - State St & Lodge St (02665),0,0,5,24540.0,06:49:00,24497,06:48:17,24540.0,06:49:00,24507,06:48:27,10,00:00:10,doors opened
07/07/2025,12,4119,Monday,Weekday,West,15650629,24300,06:45:00,24296,06:44:56,3,3221,State Station - N. Pearl St & Ten Eyck Plaza (03221),3,0,5,,,24395,06:46:35,,,24472,06:47:52,77,00:01:17,doors opened
07/07/2025,12,4119,Monday,Weekday,West,15650629,24300,06:45:00,24296,06:44:56,2,3233,N. Pearl St & Sheridan Ave (03233),0,0,2,,,24366,06:46:06,,,24366,06:46:06,0,00:00:00,door not opened
07/07/2025,12,4119,Monday,Weekday,West,15650629,24300,06:45:00,24296,06:44:56,1,2168,Clinton Square Station - N. Pearl St & Clinton Ave (02168),1,0,2,,,24336,06:45:36,,,24354,06:45:54,18,00:00:18,doors opened
07/07/2025,12,4119,Monday,Weekday,West,15650629,24300,06:45:00,24296,06:44:56,0,9018,Broadway & Orange St (09018),0,0,1,24300.0,06:45:00,24296,06:44:56,24300.0,06:45:00,24296,06:44:56,0,00:00:00,door not opened
07/07/2025,12,4119,Monday,Weekday,East,15650639,38100,10:35:00,38209,10:36:49,24,3940,Broadway & Steuben St (03940),0,0,0,40140.0,11:09:00,40103,11:08:23,40140.0,11:09:00,40103,11:08:23,0,00:00:00,door not opened
07/07/2025,12,4119,Monday,Weekday,East,15650639,38100,10:35:00,38209,10:36:49,23,2509,State/Downtown Station - State St & S. Pearl St (02509),0,2,0,39960.0,11:06:00,39939,11:05:39,39960.0,11:06:00,40017,11:06:57,78,00:01:18,doors opened
07/07/2025,12,4119,Monday,Weekday,East,15650639,38100,10:35:00,38209,10:36:49,22,1787,State St & Eagle St (01787),0,0,2,,,39924,11:05:24,,,39924,11:05:24,0,00:00:00,door not opened
07/07/2025,12,4119,Monday,Weekday,East,15650639,38100,10:35:00,38209,10:36:49,21,2706,Hawk/Capitol Station - Washington Ave & Hawk St (02706),0,0,2,,,39876,11:04:36,,,39876,11:04:36,0,00:00:00,door not opened
07/07/2025,12,4119,Monday,Weekday,East,15650639,38100,10:35:00,38209,10:36:49,20,1789,Washington Ave & S. Swan St (01789),0,0,2,,,39848,11:04:08,,,39848,11:04:08,0,00:00:00,door not opened
07/07/2025,12,4119,Monday,Weekday,East,15650639,38100,10:35:00,38209,10:36:49,19,1788,Washington Ave & Dove St (01788),0,0,2,,,39761,11:02:41,,,39761,11:02:41,0,00:00:00,door not opened
07/07/2025,12,4119,Monday,Weekday,East,15650639,38100,10:35:00,38209,10:36:49,18,2663,Lark/Library Station - Washington Ave & Lark St (02663),0,2,2,39660.0,11:01:00,39642,11:00:42,39660.0,11:01:00,39703,11:01:43,61,00:01:01,doors opened
07/07/2025,12,4119,Monday,Weekday,East,15650639,38100,10:35:00,38209,10:36:49,17,263,Washington Ave & Henry Johnson Blvd (00263),0,0,4,,,39601,11:00:01,,,39601,11:00:01,0,00:00:00,door not opened
07/07/2025,12,4119,Monday,Weekday,East,15650639,38100,10:35:00,38209,10:36:49,16,2096,Washington Ave & Lexington Ave (02096),0,3,4,,,39494,10:58:14,,,39568,10:59:28,74,00:01:14,doors opened
07/07/2025,12,4119,Monday,Weekday,East,15650639,38100,10:35:00,38209,10:36:49,15,3253,Washington Ave & Robin St (Draper Hall) (03253),0,0,7,,,39467,10:57:47,,,39467,10:57:47,0,00:00:00,door not opened
07/07/2025,12,4119,Monday,Weekday,East,15650639,38100,10:35:00,38209,10:36:49,14,2109,Washington Ave & N. Lake Ave (02109),0,0,7,,,39437,10:57:17,,,39437,10:57:17,0,00:00:00,door not opened
07/07/2025,12,4119,Monday,Weekday,East,15650639,38100,10:35:00,38209,10:36:49,13,3255,Washington Ave & Quail St (03255),0,0,7,,,39385,10:56:25,,,39385,10:56:25,0,00:00:00,door not opened
07/07/2025,12,4119,Monday,Weekday,East,15650639,38100,10:35:00,38209,10:36:49,12,3256,Washington Ave & Ontario St (03256),0,0,7,39300.0,10:55:00,39331,10:55:31,39300.0,10:55:00,39331,10:55:31,0,00:00:00,door not opened
07/07/2025,12,4119,Monday,Weekday,East,15650639,38100,10:35:00,38209,10:36:49,11,2107,Washington Ave & Partridge St (02107),0,0,7,,,39311,10:55:11,,,39311,10:55:11,0,00:00:00,door not opened
07/07/2025,12,4119,Monday,Weekday,East,15650639,38100,10:35:00,38209,10:36:49,10,3257,Washington Ave & N. Main Ave (03257),0,0,7,,,39247,10:54:07,,,39247,10:54:07,0,00:00:00,door not opened
07/07/2025,12,4119,Monday,Weekday,East,15650639,38100,10:35:00,38209,10:36:49,9,1796,Washington Ave & N. Allen St (01796),0,0,7,39180.0,10:53:00,39214,10:53:34,39180.0,10:53:00,39214,10:53:34,0,00:00:00,door not opened
07/07/2025,12,4119,Monday,Weekday,East,15650639,38100,10:35:00,38209,10:36:49,8,11581,Washington Ave & Manning Blvd (11581),0,0,7,,,39180,10:53:00,,,39180,10:53:00,0,00:00:00,door not opened
07/07/2025,12,4119,Monday,Weekday,East,15650639,38100,10:35:00,38209,10:36:49,7,2180,Washington Ave & Homestead Ave (02180),0,0,7,,,39100,10:51:40,,,39100,10:51:40,0,00:00:00,door not opened
07/07/2025,12,4119,Monday,Weekday,East,15650639,38100,10:35:00,38209,10:36:49,6,2182,Washington Ave & Hawthorne St (02182),0,0,7,,,39079,10:51:19,,,39079,10:51:19,0,00:00:00,door not opened
07/07/2025,12,4119,Monday,Weekday,East,15650639,38100,10:35:00,38209,10:36:49,5,3304,Washington Ave & Clermont St (03304),0,0,7,,,39066,10:51:06,,,39066,10:51:06,0,00:00:00,door not opened
07/07/2025,12,4119,Monday,Weekday,East,15650639,38100,10:35:00,38209,10:36:49,4,3348,Washington Ave & Brevator St (03348),0,0,7,,,39049,10:50:49,,,39049,10:50:49,0,00:00:00,door not opened
07/07/2025,12,4119,Monday,Weekday,East,15650639,38100,10:35:00,38209,10:36:49,3,10134,Washington Ave & SUNY Exit Rd (10134),0,1,7,,,38897,10:48:17,,,38913,10:48:33,16,00:00:16,doors opened
07/07/2025,12,4119,Monday,Weekday,East,15650639,38100,10:35:00,38209,10:36:49,2,7216,SUNY Collins Circle (07216),1,0,8,38700.0,10:45:00,38783,10:46:23,38700.0,10:45:00,38797,10:46:37,14,00:00:14,doors opened
07/07/2025,12,4119,Monday,Weekday,East,15650639,38100,10:35:00,38209,10:36:49,1,12827,Crossgates Commons Station (12827),6,0,7,38400.0,10:40:00,38501,10:41:41,38400.0,10:40:00,38544,10:42:24,43,00:00:43,doors opened
07/07/2025,12,4119,Monday,Weekday,East,15650639,38100,10:35:00,38209,10:36:49,0,7175,Crossgates Mall Station (07175),1,0,1,38100.0,10:35:00,38209,10:36:49,38100.0,10:35:00,38209,10:36:49,0,00:00:00,doors opened
07/07/2025,12,4119,Monday,Weekday,West,15650642,40800,11:20:00,40799,11:19:59,27,7175,Crossgates Mall Station (07175),0,9,0,43200.0,12:00:00,42763,11:52:43,43200.0,12:00:00,42763,11:52:43,0,00:00:00,doors opened
07/07/2025,12,4119,Monday,Weekday,West,15650642,40800,11:20:00,40799,11:19:59,26,12828,Crossgates Commons Station (12828),1,5,9,42780.0,11:53:00,42504,11:48:24,42780.0,11:53:00,42528,11:48:48,24,00:00:24,doors opened
07/07/2025,12,4119,Monday,Weekday,West,15650642,40800,11:20:00,40799,11:19:59,25,12891,1475 Washington Ave (12891),0,0,13,,,42343,11:45:43,,,42343,11:45:43,0,00:00:00,door not opened
07/07/2025,12,4119,Monday,Weekday,West,15650642,40800,11:20:00,40799,11:19:59,24,7216,SUNY Collins Circle (07216),0,3,13,42420.0,11:47:00,42204,11:43:24,42420.0,11:47:00,42221,11:43:41,17,00:00:17,doors opened
07/07/2025,12,4119,Monday,Weekday,West,15650642,40800,11:20:00,40799,11:19:59,23,3262,1383 Washington Ave (Fairfield Inn) (03262),0,0,16,,,42135,11:42:15,,,42135,11:42:15,0,00:00:00,door not opened
07/07/2025,12,4119,Monday,Weekday,West,15650642,40800,11:20:00,40799,11:19:59,22,976,Washington Ave & Brevator St (00976),1,0,16,,,42010,11:40:10,,,42025,11:40:25,15,00:00:15,doors opened
07/07/2025,12,4119,Monday,Weekday,West,15650642,40800,11:20:00,40799,11:19:59,21,1959,Washington Ave & Colvin Ave (01959),0,0,15,,,41992,11:39:52,,,41992,11:39:52,0,00:00:00,door not opened
07/07/2025,12,4119,Monday,Weekday,West,15650642,40800,11:20:00,40799,11:19:59,20,3399,Washington Ave & Danker Ave (03399),0,0,15,,,41940,11:39:00,,,41940,11:39:00,0,00:00:00,door not opened
07/07/2025,12,4119,Monday,Weekday,West,15650642,40800,11:20:00,40799,11:19:59,19,1849,Washington Ave & Homestead Ave (01849),1,0,15,,,41903,11:38:23,,,41918,11:38:38,15,00:00:15,doors opened
07/07/2025,12,4119,Monday,Weekday,West,15650642,40800,11:20:00,40799,11:19:59,18,1846,Washington Ave & Manning Blvd (01846),0,0,14,,,41880,11:38:00,,,41880,11:38:00,0,00:00:00,door not opened
07/07/2025,12,4119,Monday,Weekday,West,15650642,40800,11:20:00,40799,11:19:59,17,3287,Washington Ave & N. Allen St (03287),1,0,14,42000.0,11:40:00,41789,11:36:29,42000.0,11:40:00,41805,11:36:45,16,00:00:16,doors opened
07/07/2025,12,4119,Monday,Weekday,West,15650642,40800,11:20:00,40799,11:19:59,16,3264,Washington Ave & N. Main Ave (03264),1,2,13,,,41724,11:35:24,,,41754,11:35:54,30,00:00:30,doors opened
07/07/2025,12,4119,Monday,Weekday,West,15650642,40800,11:20:00,40799,11:19:59,15,1839,Washington Ave & Partridge St (01839),0,0,14,,,41629,11:33:49,,,41629,11:33:49,0,00:00:00,door not opened
07/07/2025,12,4119,Monday,Weekday,West,15650642,40800,11:20:00,40799,11:19:59,14,1841,Washington Ave & Ontario St (01841),1,0,14,41760.0,11:36:00,41565,11:32:45,41760.0,11:36:00,41594,11:33:14,29,00:00:29,doors opened
07/07/2025,12,4119,Monday,Weekday,West,15650642,40800,11:20:00,40799,11:19:59,13,1842,Washington Ave & Quail St (01842),2,1,13,,,41495,11:31:35,,,41541,11:32:21,46,00:00:46,doors opened
07/07/2025,12,4119,Monday,Weekday,West,15650642,40800,11:20:00,40799,11:19:59,12,1837,Washington Ave & N. Lake Ave (01837),0,0,12,,,41470,11:31:10,,,41470,11:31:10,0,00:00:00,door not opened
07/07/2025,12,4119,Monday,Weekday,West,15650642,40800,11:20:00,40799,11:19:59,11,1843,Washington Ave & Robin St (01843),1,0,12,,,41431,11:30:31,,,41445,11:30:45,14,00:00:14,doors opened
07/07/2025,12,4119,Monday,Weekday,West,15650642,40800,11:20:00,40799,11:19:59,10,12943,Washington Ave & Lexington Ave (12943),0,1,11,,,41390,11:29:50,,,41406,11:30:06,16,00:00:16,doors opened
07/07/2025,12,4119,Monday,Weekday,West,15650642,40800,11:20:00,40799,11:19:59,9,12942,Washington Ave & Henry Johnson Blvd (12942),2,0,12,,,41316,11:28:36,,,41353,11:29:13,37,00:00:37,doors opened
07/07/2025,12,4119,Monday,Weekday,West,15650642,40800,11:20:00,40799,11:19:59,8,3239,Lark/Library Station - Washington Ave & Lark St (03239),2,0,10,41340.0,11:29:00,41226,11:27:06,41340.0,11:29:00,41254,11:27:34,28,00:00:28,doors opened
07/07/2025,12,4119,Monday,Weekday,West,15650642,40800,11:20:00,40799,11:19:59,7,3301,Washington Ave & S. Swan St (03301),0,0,8,,,41189,11:26:29,,,41189,11:26:29,0,00:00:00,door not opened
07/07/2025,12,4119,Monday,Weekday,West,15650642,40800,11:20:00,40799,11:19:59,6,3250,Hawk/Capitol Station - Washington Ave & Hawk St (03250),0,0,8,,,41165,11:26:05,,,41165,11:26:05,0,00:00:00,door not opened
07/07/2025,12,4119,Monday,Weekday,West,15650642,40800,11:20:00,40799,11:19:59,5,10087,State St & Eagle St (10087),0,0,8,,,41108,11:25:08,,,41108,11:25:08,0,00:00:00,door not opened
07/07/2025,12,4119,Monday,Weekday,West,15650642,40800,11:20:00,40799,11:19:59,4,2665,State/Downtown Station - State St & Lodge St (02665),4,0,8,41040.0,11:24:00,41032,11:23:52,41040.0,11:24:00,41081,11:24:41,49,00:00:49,doors opened
07/07/2025,12,4119,Monday,Weekday,West,15650642,40800,11:20:00,40799,11:19:59,3,3221,State Station - N. Pearl St & Ten Eyck Plaza (03221),3,0,4,,,40927,11:22:07,,,41007,11:23:27,80,00:01:20,doors opened
07/07/2025,12,4119,Monday,Weekday,West,15650642,40800,11:20:00,40799,11:19:59,2,3233,N. Pearl St & Sheridan Ave (03233),0,0,1,,,40880,11:21:20,,,40880,11:21:20,0,00:00:00,door not opened
07/07/2025,12,4119,Monday,Weekday,West,15650642,40800,11:20:00,40799,11:19:59,1,2168,Clinton Square Station - N. Pearl St & Clinton Ave (02168),0,0,1,,,40869,11:21:09,,,40869,11:21:09,0,00:00:00,door not opened
07/07/2025,12,4119,Monday,Weekday,West,15650642,40800,11:20:00,40799,11:19:59,0,9018,Broadway & Orange St (09018),0,0,1,40800.0,11:20:00,40799,11:19:59,40800.0,11:20:00,40799,11:19:59,0,00:00:00,door not opened
07/07/2025,12,4119,Monday,Weekday,West,15650646,46800,13:00:00,46796,12:59:56,27,7175,Crossgates Mall Station (07175),0,5,0,49200.0,13:40:00,48845,13:34:05,49200.0,13:40:00,48845,13:34:05,0,00:00:00,doors opened
07/07/2025,12,4119,Monday,Weekday,West,15650646,46800,13:00:00,46796,12:59:56,26,12828,Crossgates Commons Station (12828),4,1,5,48780.0,13:33:00,48539,13:28:59,48780.0,13:33:00,48575,13:29:35,36,00:00:36,doors opened
07/07/2025,12,4119,Monday,Weekday,West,15650646,46800,13:00:00,46796,12:59:56,25,12891,1475 Washington Ave (12891),1,0,2,,,48346,13:25:46,,,48361,13:26:01,15,00:00:15,doors opened
07/07/2025,12,4119,Monday,Weekday,West,15650646,46800,13:00:00,46796,12:59:56,24,7216,SUNY Collins Circle (07216),0,1,1,48420.0,13:27:00,48182,13:23:02,48420.0,13:27:00,48201,13:23:21,19,00:00:19,doors opened
07/07/2025,12,4119,Monday,Weekday,West,15650646,46800,13:00:00,46796,12:59:56,23,3262,1383 Washington Ave (Fairfield Inn) (03262),0,0,2,,,48087,13:21:27,,,48087,13:21:27,0,00:00:00,door not opened
07/07/2025,12,4119,Monday,Weekday,West,15650646,46800,13:00:00,46796,12:59:56,22,976,Washington Ave & Brevator St (00976),0,0,2,,,47931,13:18:51,,,47931,13:18:51,0,00:00:00,door not opened
07/07/2025,12,4119,Monday,Weekday,West,15650646,46800,13:00:00,46796,12:59:56,21,1959,Washington Ave & Colvin Ave (01959),0,0,2,,,47912,13:18:32,,,47912,13:18:32,0,00:00:00,door not opened
07/07/2025,12,4119,Monday,Weekday,West,15650646,46800,13:00:00,46796,12:59:56,20,3399,Washington Ave & Danker Ave (03399),0,0,2,,,47887,13:18:07,,,47887,13:18:07,0,00:00:00,door not opened
07/07/2025,12,4119,Monday,Weekday,West,15650646,46800,13:00:00,46796,12:59:56,19,1849,Washington Ave & Homestead Ave (01849),1,0,2,,,47844,13:17:24,,,47859,13:17:39,15,00:00:15,doors opened
07/07/2025,12,4119,Monday,Weekday,West,15650646,46800,13:00:00,46796,12:59:56,18,1846,Washington Ave & Manning Blvd (01846),0,0,1,,,47822,13:17:02,,,47822,13:17:02,0,00:00:00,door not opened
07/07/2025,12,4119,Monday,Weekday,West,15650646,46800,13:00:00,46796,12:59:56,17,3287,Washington Ave & N. Allen St (03287),0,1,1,48000.0,13:20:00,47729,13:15:29,48000.0,13:20:00,47743,13:15:43,14,00:00:14,doors opened
07/07/2025,12,4119,Monday,Weekday,West,15650646,46800,13:00:00,46796,12:59:56,16,3264,Washington Ave & N. Main Ave (03264),0,0,2,,,47701,13:15:01,,,47701,13:15:01,0,00:00:00,door not opened
07/07/2025,12,4119,Monday,Weekday,West,15650646,46800,13:00:00,46796,12:59:56,15,1839,Washington Ave & Partridge St (01839),0,0,2,,,47582,13:13:02,,,47582,13:13:02,0,00:00:00,door not opened
07/07/2025,12,4119,Monday,Weekday,West,15650646,46800,13:00:00,46796,12:59:56,14,1841,Washington Ave & Ontario St (01841),0,0,2,47760.0,13:16:00,47559,13:12:39,47760.0,13:16:00,47559,13:12:39,0,00:00:00,door not opened
07/07/2025,12,4119,Monday,Weekday,West,15650646,46800,13:00:00,46796,12:59:56,13,1842,Washington Ave & Quail St (01842),1,1,2,,,47513,13:11:53,,,47539,13:12:19,26,00:00:26,doors opened
07/07/2025,12,4119,Monday,Weekday,West,15650646,46800,13:00:00,46796,12:59:56,12,1837,Washington Ave & N. Lake Ave (01837),0,0,2,,,47490,13:11:30,,,47490,13:11:30,0,00:00:00,door not opened
07/07/2025,12,4119,Monday,Weekday,West,15650646,46800,13:00:00,46796,12:59:56,11,1843,Washington Ave & Robin St (01843),0,0,2,,,47472,13:11:12,,,47472,13:11:12,0,00:00:00,door not opened
07/07/2025,12,4119,Monday,Weekday,West,15650646,46800,13:00:00,46796,12:59:56,10,12943,Washington Ave & Lexington Ave (12943),0,0,2,,,47453,13:10:53,,,47453,13:10:53,0,00:00:00,door not opened
07/07/2025,12,4119,Monday,Weekday,West,15650646,46800,13:00:00,46796,12:59:56,9,12942,Washington Ave & Henry Johnson Blvd (12942),0,0,2,,,47400,13:10:00,,,47400,13:10:00,0,00:00:00,door not opened
07/07/2025,12,4119,Monday,Weekday,West,15650646,46800,13:00:00,46796,12:59:56,8,3239,Lark/Library Station - Washington Ave & Lark St (03239),0,3,2,47340.0,13:09:00,47277,13:07:57,47340.0,13:09:00,47328,13:08:48,51,00:00:51,doors opened
07/07/2025,12,4119,Monday,Weekday,West,15650646,46800,13:00:00,46796,12:59:56,7,3301,Washington Ave & S. Swan St (03301),0,2,5,,,47143,13:05:43,,,47213,13:06:53,70,00:01:10,doors opened
07/07/2025,12,4119,Monday,Weekday,West,15650646,46800,13:00:00,46796,12:59:56,6,3250,Hawk/Capitol Station - Washington Ave & Hawk St (03250),0,0,7,,,47122,13:05:22,,,47122,13:05:22,0,00:00:00,door not opened
07/07/2025,12,4119,Monday,Weekday,West,15650646,46800,13:00:00,46796,12:59:56,5,10087,State St & Eagle St (10087),0,0,7,,,47093,13:04:53,,,47093,13:04:53,0,00:00:00,door not opened
07/07/2025,12,4119,Monday,Weekday,West,15650646,46800,13:00:00,46796,12:59:56,4,2665,State/Downtown Station - State St & Lodge St (02665),0,0,7,47040.0,13:04:00,47014,13:03:34,47040.0,13:04:00,47036,13:03:56,22,00:00:22,doors opened
07/07/2025,12,4119,Monday,Weekday,West,15650646,46800,13:00:00,46796,12:59:56,3,3221,State Station - N. Pearl St & Ten Eyck Plaza (03221),7,0,7,,,46942,13:02:22,,,46986,13:03:06,44,00:00:44,doors opened
07/07/2025,12,4119,Monday,Weekday,West,15650646,46800,13:00:00,46796,12:59:56,2,3233,N. Pearl St & Sheridan Ave (03233),0,0,0,,,46892,13:01:32,,,46892,13:01:32,0,00:00:00,door not opened
07/07/2025,12,4119,Monday,Weekday,West,15650646,46800,13:00:00,46796,12:59:56,1,2168,Clinton Square Station - N. Pearl St & Clinton Ave (02168),0,0,0,,,46864,13:01:04,,,46864,13:01:04,0,00:00:00,door not opened
07/07/2025,12,4119,Monday,Weekday,West,15650646,46800,13:00:00,46796,12:59:56,0,9018,Broadway & Orange St (09018),0,0,0,46800.0,13:00:00,46796,12:59:56,46800.0,13:00:00,46796,12:59:56,0,00:00:00,door not opened
07/07/2025,12,4119,Monday,Weekday,West,15651762,54000,15:00:00,54106,15:01:46,27,7175,Crossgates Mall Station (07175),0,7,0,56520.0,15:42:00,56074,15:34:34,56520.0,15:42:00,56074,15:34:34,0,00:00:00,doors opened
07/07/2025,12,4119,Monday,Weekday,West,15651762,54000,15:00:00,54106,15:01:46,26,12828,Crossgates Commons Station (12828),1,8,7,56100.0,15:35:00,55747,15:29:07,56100.0,15:35:00,55774,15:29:34,27,00:00:27,doors opened
07/07/2025,12,4119,Monday,Weekday,West,15651762,54000,15:00:00,54106,15:01:46,25,12891,1475 Washington Ave (12891),0,0,14,,,55591,15:26:31,,,55591,15:26:31,0,00:00:00,door not opened
07/07/2025,12,4119,Monday,Weekday,West,15651762,54000,15:00:00,54106,15:01:46,24,7216,SUNY Collins Circle (07216),0,2,14,55740.0,15:29:00,55509,15:25:09,55740.0,15:29:00,55524,15:25:24,15,00:00:15,doors opened
07/07/2025,12,4119,Monday,Weekday,West,15651762,54000,15:00:00,54106,15:01:46,23,3262,1383 Washington Ave (Fairfield Inn) (03262),2,1,16,,,55341,15:22:21,,,55367,15:22:47,26,00:00:26,doors opened
07/07/2025,12,4119,Monday,Weekday,West,15651762,54000,15:00:00,54106,15:01:46,22,976,Washington Ave & Brevator St (00976),0,0,15,,,55233,15:20:33,,,55233,15:20:33,0,00:00:00,door not opened
07/07/2025,12,4119,Monday,Weekday,West,15651762,54000,15:00:00,54106,15:01:46,21,1959,Washington Ave & Colvin Ave (01959),0,1,15,,,55198,15:19:58,,,55212,15:20:12,14,00:00:14,doors opened
07/07/2025,12,4119,Monday,Weekday,West,15651762,54000,15:00:00,54106,15:01:46,20,3399,Washington Ave & Danker Ave (03399),0,0,16,,,55177,15:19:37,,,55177,15:19:37,0,00:00:00,door not opened
07/07/2025,12,4119,Monday,Weekday,West,15651762,54000,15:00:00,54106,15:01:46,6,3250,Hawk/Capitol Station - Washington Ave & Hawk St (03250),1,0,4,,,54426,15:07:06,,,54443,15:07:23,17,00:00:17,doors opened
07/07/2025,12,4119,Monday,Weekday,West,15651762,54000,15:00:00,54106,15:01:46,5,10087,State St & Eagle St (10087),1,0,3,,,54387,15:06:27,,,54400,15:06:40,13,00:00:13,doors opened
07/07/2025,12,4119,Monday,Weekday,West,15651762,54000,15:00:00,54106,15:01:46,4,2665,State/Downtown Station - State St & Lodge St (02665),0,0,2,54240.0,15:04:00,54330,15:05:30,54240.0,15:04:00,54344,15:05:44,14,00:00:14,doors opened
07/07/2025,12,4119,Monday,Weekday,West,15651762,54000,15:00:00,54106,15:01:46,3,3221,State Station - N. Pearl St & Ten Eyck Plaza (03221),1,0,2,,,54228,15:03:48,,,54306,15:05:06,78,00:01:18,doors opened
07/07/2025,12,4119,Monday,Weekday,West,15651762,54000,15:00:00,54106,15:01:46,2,3233,N. Pearl St & Sheridan Ave (03233),0,0,1,,,54165,15:02:45,,,54165,15:02:45,0,00:00:00,door not opened
07/07/2025,12,4119,Monday,Weekday,West,15651762,54000,15:00:00,54106,15:01:46,1,2168,Clinton Square Station - N. Pearl St & Clinton Ave (02168),0,0,1,,,54147,15:02:27,,,54147,15:02:27,0,00:00:00,door not opened
07/07/2025,12,4119,Monday,Weekday,West,15651762,54000,15:00:00,54106,15:01:46,0,9018,Broadway & Orange St (09018),0,0,1,54000.0,15:00:00,54106,15:01:46,54000.0,15:00:00,54106,15:01:46,0,00:00:00,door not opened
07/07/2025,12,4119,Monday,Weekday,West,15651762,54000,15:00:00,54106,15:01:46,19,1849,Washington Ave & Homestead Ave (01849),0,0,16,,,55156,15:19:16,,,55156,15:19:16,0,00:00:00,door not opened
07/07/2025,12,4119,Monday,Weekday,West,15651762,54000,15:00:00,54106,15:01:46,18,1846,Washington Ave & Manning Blvd (01846),2,0,16,,,55081,15:18:01,,,55132,15:18:52,51,00:00:51,doors opened
07/07/2025,12,4119,Monday,Weekday,West,15651762,54000,15:00:00,54106,15:01:46,17,3287,Washington Ave & N. Allen St (03287),0,2,14,55260.0,15:21:00,55034,15:17:14,55260.0,15:21:00,55053,15:17:33,19,00:00:19,doors opened
07/07/2025,12,4119,Monday,Weekday,West,15651762,54000,15:00:00,54106,15:01:46,16,3264,Washington Ave & N. Main Ave (03264),0,0,16,,,55008,15:16:48,,,55008,15:16:48,0,00:00:00,door not opened
07/07/2025,12,4119,Monday,Weekday,West,15651762,54000,15:00:00,54106,15:01:46,15,1839,Washington Ave & Partridge St (01839),2,0,16,,,54904,15:15:04,,,54923,15:15:23,19,00:00:19,doors opened
07/07/2025,12,4119,Monday,Weekday,West,15651762,54000,15:00:00,54106,15:01:46,14,1841,Washington Ave & Ontario St (01841),4,0,14,54960.0,15:16:00,54855,15:14:15,54960.0,15:16:00,54882,15:14:42,27,00:00:27,doors opened
07/07/2025,12,4119,Monday,Weekday,West,15651762,54000,15:00:00,54106,15:01:46,13,1842,Washington Ave & Quail St (01842),3,1,10,,,54769,15:12:49,,,54833,15:13:53,64,00:01:04,doors opened
07/07/2025,12,4119,Monday,Weekday,West,15651762,54000,15:00:00,54106,15:01:46,12,1837,Washington Ave & N. Lake Ave (01837),0,2,8,,,54710,15:11:50,,,54742,15:12:22,32,00:00:32,doors opened
07/07/2025,12,4119,Monday,Weekday,West,15651762,54000,15:00:00,54106,15:01:46,11,1843,Washington Ave & Robin St (01843),0,0,10,,,54691,15:11:31,,,54691,15:11:31,0,00:00:00,door not opened
07/07/2025,12,4119,Monday,Weekday,West,15651762,54000,15:00:00,54106,15:01:46,10,12943,Washington Ave & Lexington Ave (12943),1,0,10,,,54655,15:10:55,,,54669,15:11:09,14,00:00:14,doors opened
07/07/2025,12,4119,Monday,Weekday,West,15651762,54000,15:00:00,54106,15:01:46,9,12942,Washington Ave & Henry Johnson Blvd (12942),2,0,9,,,54599,15:09:59,,,54612,15:10:12,13,00:00:13,doors opened
07/07/2025,12,4119,Monday,Weekday,West,15651762,54000,15:00:00,54106,15:01:46,8,3239,Lark/Library Station - Washington Ave & Lark St (03239),1,0,7,54540.0,15:09:00,54544,15:09:04,54540.0,15:09:00,54559,15:09:19,15,00:00:15,doors opened
07/07/2025,12,4119,Monday,Weekday,West,15651762,54000,15:00:00,54106,15:01:46,7,3301,Washington Ave & S. Swan St (03301),2,0,6,,,54465,15:07:45,,,54487,15:08:07,22,00:00:22,doors opened
07/07/2025,12,4119,Monday,Weekday,East,15651765,57300,15:55:00,57420,15:57:00,0,7175,Crossgates Mall Station (07175),6,0,7,57300.0,15:55:00,57420,15:57:00,57300.0,15:55:00,57420,15:57:00,0,00:00:00,doors opened
07/07/2025,12,4119,Monday,Weekday,East,15651765,57300,15:55:00,57420,15:57:00,13,3253,Washington Ave & Robin St (Draper Hall) (03253),1,0,17,,,59084,16:24:44,,,59121,16:25:21,37,00:00:37,doors opened
07/07/2025,12,4119,Monday,Weekday,East,15651765,57300,15:55:00,57420,15:57:00,12,2109,Washington Ave & N. Lake Ave (02109),2,4,16,,,58998,16:23:18,,,59062,16:24:22,64,00:01:04,doors opened
07/07/2025,12,4119,Monday,Weekday,East,15651765,57300,15:55:00,57420,15:57:00,11,3256,Washington Ave & Ontario St (03256),0,8,18,58740.0,16:19:00,58885,16:21:25,58740.0,16:19:00,58905,16:21:45,20,00:00:20,doors opened
07/07/2025,12,4119,Monday,Weekday,East,15651765,57300,15:55:00,57420,15:57:00,10,3257,Washington Ave & N. Main Ave (03257),0,0,26,,,58787,16:19:47,,,58787,16:19:47,0,00:00:00,door not opened
07/07/2025,12,4119,Monday,Weekday,East,15651765,57300,15:55:00,57420,15:57:00,9,1796,Washington Ave & N. Allen St (01796),0,2,26,58500.0,16:15:00,58722,16:18:42,58500.0,16:15:00,58737,16:18:57,15,00:00:15,doors opened
07/07/2025,12,4119,Monday,Weekday,East,15651765,57300,15:55:00,57420,15:57:00,8,11581,Washington Ave & Manning Blvd (11581),2,0,28,,,58664,16:17:44,,,58693,16:18:13,29,00:00:29,doors opened
07/07/2025,12,4119,Monday,Weekday,East,15651765,57300,15:55:00,57420,15:57:00,7,2180,Washington Ave & Homestead Ave (02180),0,2,26,,,58627,16:17:07,,,58643,16:17:23,16,00:00:16,doors opened
07/07/2025,12,4119,Monday,Weekday,East,15651765,57300,15:55:00,57420,15:57:00,6,2182,Washington Ave & Hawthorne St (02182),2,0,28,,,58571,16:16:11,,,58603,16:16:43,32,00:00:32,doors opened
07/07/2025,12,4119,Monday,Weekday,East,15651765,57300,15:55:00,57420,15:57:00,5,3304,Washington Ave & Clermont St (03304),0,1,26,,,58504,16:15:04,,,58544,16:15:44,40,00:00:40,doors opened
07/07/2025,12,4119,Monday,Weekday,East,15651765,57300,15:55:00,57420,15:57:00,4,3348,Washington Ave & Brevator St (03348),0,0,27,,,58492,16:14:52,,,58492,16:14:52,0,00:00:00,door not opened
07/07/2025,12,4119,Monday,Weekday,East,15651765,57300,15:55:00,57420,15:57:00,3,10134,Washington Ave & SUNY Exit Rd (10134),1,0,27,,,58353,16:12:33,,,58373,16:12:53,20,00:00:20,doors opened
07/07/2025,12,4119,Monday,Weekday,East,15651765,57300,15:55:00,57420,15:57:00,2,7216,SUNY Collins Circle (07216),5,0,26,57960.0,16:06:00,58234,16:10:34,57960.0,16:06:00,58262,16:11:02,28,00:00:28,doors opened
07/07/2025,12,4119,Monday,Weekday,East,15651765,57300,15:55:00,57420,15:57:00,1,12827,Crossgates Commons Station (12827),15,1,21,57660.0,16:01:00,57715,16:01:55,57660.0,16:01:00,57927,16:05:27,212,00:03:32,doors opened
07/07/2025,12,4119,Monday,Weekday,East,15651765,57300,15:55:00,57420,15:57:00,22,3940,Broadway & Steuben St (03940),0,0,0,59640.0,16:34:00,59921,16:38:41,59640.0,16:34:00,59921,16:38:41,0,00:00:00,door not opened
07/07/2025,12,4119,Monday,Weekday,East,15651765,57300,15:55:00,57420,15:57:00,21,2509,State/Downtown Station - State St & S. Pearl St (02509),0,5,0,59460.0,16:31:00,59795,16:36:35,59460.0,16:31:00,59871,16:37:51,76,00:01:16,doors opened
07/07/2025,12,4119,Monday,Weekday,East,15651765,57300,15:55:00,57420,15:57:00,20,1787,State St & Eagle St (01787),0,0,5,,,59778,16:36:18,,,59778,16:36:18,0,00:00:00,door not opened
07/07/2025,12,4119,Monday,Weekday,East,15651765,57300,15:55:00,57420,15:57:00,19,2706,Hawk/Capitol Station - Washington Ave & Hawk St (02706),0,0,5,,,59606,16:33:26,,,59606,16:33:26,0,00:00:00,door not opened
07/07/2025,12,4119,Monday,Weekday,East,15651765,57300,15:55:00,57420,15:57:00,18,1789,Washington Ave & S. Swan St (01789),0,0,5,,,59550,16:32:30,,,59550,16:32:30,0,00:00:00,door not opened
07/07/2025,12,4119,Monday,Weekday,East,15651765,57300,15:55:00,57420,15:57:00,17,1788,Washington Ave & Dove St (01788),1,0,5,,,59512,16:31:52,,,59522,16:32:02,10,00:00:10,doors opened
07/07/2025,12,4119,Monday,Weekday,East,15651765,57300,15:55:00,57420,15:57:00,16,2663,Lark/Library Station - Washington Ave & Lark St (02663),0,4,4,59160.0,16:26:00,59425,16:30:25,59160.0,16:26:00,59475,16:31:15,50,00:00:50,doors opened
07/07/2025,12,4119,Monday,Weekday,East,15651765,57300,15:55:00,57420,15:57:00,15,263,Washington Ave & Henry Johnson Blvd (00263),0,3,8,,,59307,16:28:27,,,59404,16:30:04,97,00:01:37,doors opened
07/07/2025,12,4119,Monday,Weekday,East,15651765,57300,15:55:00,57420,15:57:00,14,2096,Washington Ave & Lexington Ave (02096),0,6,11,,,59140,16:25:40,,,59250,16:27:30,110,00:01:50,doors opened
07/07/2025,12,4119,Monday,Weekday,West,15651767,60000,16:40:00,60029,16:40:29,27,7175,Crossgates Mall Station (07175),0,3,0,62700.0,17:25:00,62340,17:19:00,62700.0,17:25:00,62340,17:19:00,0,00:00:00,doors opened
07/07/2025,12,4119,Monday,Weekday,West,15651767,60000,16:40:00,60029,16:40:29,26,12828,Crossgates Commons Station (12828),2,6,3,62280.0,17:18:00,62015,17:13:35,62280.0,17:18:00,62041,17:14:01,26,00:00:26,doors opened
07/07/2025,12,4119,Monday,Weekday,West,15651767,60000,16:40:00,60029,16:40:29,25,12891,1475 Washington Ave (12891),0,0,7,,,61796,17:09:56,,,61796,17:09:56,0,00:00:00,door not opened
07/07/2025,12,4119,Monday,Weekday,West,15651767,60000,16:40:00,60029,16:40:29,24,7216,SUNY Collins Circle (07216),1,1,7,61860.0,17:11:00,61661,17:07:41,61860.0,17:11:00,61679,17:07:59,18,00:00:18,doors opened
07/07/2025,12,4119,Monday,Weekday,West,15651767,60000,16:40:00,60029,16:40:29,23,3262,1383 Washington Ave (Fairfield Inn) (03262),0,4,7,,,61511,17:05:11,,,61546,17:05:46,35,00:00:35,doors opened
07/07/2025,12,4119,Monday,Weekday,West,15651767,60000,16:40:00,60029,16:40:29,22,976,Washington Ave & Brevator St (00976),0,2,11,,,61361,17:02:41,,,61374,17:02:54,13,00:00:13,doors opened
07/07/2025,12,4119,Monday,Weekday,West,15651767,60000,16:40:00,60029,16:40:29,21,1959,Washington Ave & Colvin Ave (01959),1,2,13,,,61279,17:01:19,,,61340,17:02:20,61,00:01:01,doors opened
07/07/2025,12,4119,Monday,Weekday,West,15651767,60000,16:40:00,60029,16:40:29,20,3399,Washington Ave & Danker Ave (03399),0,0,14,,,61241,17:00:41,,,61241,17:00:41,0,00:00:00,door not opened
07/07/2025,12,4119,Monday,Weekday,West,15651767,60000,16:40:00,60029,16:40:29,19,1849,Washington Ave & Homestead Ave (01849),0,0,14,,,61223,17:00:23,,,61223,17:00:23,0,00:00:00,door not opened
07/07/2025,12,4119,Monday,Weekday,West,15651767,60000,16:40:00,60029,16:40:29,18,1846,Washington Ave & Manning Blvd (01846),0,0,14,,,61202,17:00:02,,,61202,17:00:02,0,00:00:00,door not opened
07/07/2025,12,4119,Monday,Weekday,West,15651767,60000,16:40:00,60029,16:40:29,17,3287,Washington Ave & N. Allen St (03287),0,1,14,61380.0,17:03:00,61155,16:59:15,61380.0,17:03:00,61171,16:59:31,16,00:00:16,doors opened
07/07/2025,12,4119,Monday,Weekday,West,15651767,60000,16:40:00,60029,16:40:29,16,3264,Washington Ave & N. Main Ave (03264),0,1,15,,,61092,16:58:12,,,61125,16:58:45,33,00:00:33,doors opened
07/07/2025,12,4119,Monday,Weekday,West,15651767,60000,16:40:00,60029,16:40:29,15,1839,Washington Ave & Partridge St (01839),0,0,16,,,61023,16:57:03,,,61023,16:57:03,0,00:00:00,door not opened
07/07/2025,12,4119,Monday,Weekday,West,15651767,60000,16:40:00,60029,16:40:29,14,1841,Washington Ave & Ontario St (01841),1,1,16,61080.0,16:58:00,60976,16:56:16,61080.0,16:58:00,61000,16:56:40,24,00:00:24,doors opened
07/07/2025,12,4119,Monday,Weekday,West,15651767,60000,16:40:00,60029,16:40:29,13,1842,Washington Ave & Quail St (01842),0,0,16,,,60955,16:55:55,,,60955,16:55:55,0,00:00:00,door not opened
07/07/2025,12,4119,Monday,Weekday,West,15651767,60000,16:40:00,60029,16:40:29,12,1837,Washington Ave & N. Lake Ave (01837),2,1,16,,,60884,16:54:44,,,60921,16:55:21,37,00:00:37,doors opened
07/07/2025,12,4119,Monday,Weekday,West,15651767,60000,16:40:00,60029,16:40:29,11,1843,Washington Ave & Robin St (01843),1,3,15,,,60822,16:53:42,,,60861,16:54:21,39,00:00:39,doors opened
07/07/2025,12,4119,Monday,Weekday,West,15651767,60000,16:40:00,60029,16:40:29,10,12943,Washington Ave & Lexington Ave (12943),2,0,17,,,60769,16:52:49,,,60796,16:53:16,27,00:00:27,doors opened
07/07/2025,12,4119,Monday,Weekday,West,15651767,60000,16:40:00,60029,16:40:29,9,12942,Washington Ave & Henry Johnson Blvd (12942),0,1,15,,,60715,16:51:55,,,60722,16:52:02,7,00:00:07,doors opened
07/07/2025,12,4119,Monday,Weekday,West,15651767,60000,16:40:00,60029,16:40:29,8,3239,Lark/Library Station - Washington Ave & Lark St (03239),0,3,16,60660.0,16:51:00,60608,16:50:08,60660.0,16:51:00,60651,16:50:51,43,00:00:43,doors opened
07/07/2025,12,4119,Monday,Weekday,West,15651767,60000,16:40:00,60029,16:40:29,7,3301,Washington Ave & S. Swan St (03301),3,0,19,,,60519,16:48:39,,,60571,16:49:31,52,00:00:52,doors opened
07/07/2025,12,4119,Monday,Weekday,West,15651767,60000,16:40:00,60029,16:40:29,6,3250,Hawk/Capitol Station - Washington Ave & Hawk St (03250),3,0,16,,,60420,16:47:00,,,60492,16:48:12,72,00:01:12,doors opened
07/07/2025,12,4119,Monday,Weekday,West,15651767,60000,16:40:00,60029,16:40:29,5,10087,State St & Eagle St (10087),1,0,13,,,60381,16:46:21,,,60391,16:46:31,10,00:00:10,doors opened
07/07/2025,12,4119,Monday,Weekday,West,15651767,60000,16:40:00,60029,16:40:29,4,2665,State/Downtown Station - State St & Lodge St (02665),9,0,12,60300.0,16:45:00,60218,16:43:38,60300.0,16:45:00,60340,16:45:40,122,00:02:02,doors opened
07/07/2025,12,4119,Monday,Weekday,West,15651767,60000,16:40:00,60029,16:40:29,3,3221,State Station - N. Pearl St & Ten Eyck Plaza (03221),3,0,3,,,60108,16:41:48,,,60195,16:43:15,87,00:01:27,doors opened
07/07/2025,12,4119,Monday,Weekday,West,15651767,60000,16:40:00,60029,16:40:29,2,3233,N. Pearl St & Sheridan Ave (03233),0,0,0,,,60089,16:41:29,,,60089,16:41:29,0,00:00:00,door not opened
07/07/2025,12,4119,Monday,Weekday,West,15651767,60000,16:40:00,60029,16:40:29,1,2168,Clinton Square Station - N. Pearl St & Clinton Ave (02168),0,0,0,,,60074,16:41:14,,,60074,16:41:14,0,00:00:00,door not opened
07/07/2025,12,4119,Monday,Weekday,West,15651767,60000,16:40:00,60029,16:40:29,0,9018,Broadway & Orange St (09018),0,0,0,60000.0,16:40:00,60029,16:40:29,60000.0,16:40:00,60029,16:40:29,0,00:00:00,doors opened
07/07/2025,12,4119,Monday,Weekday,East,15651768,63300,17:35:00,62360,17:19:20,0,7175,Crossgates Mall Station (07175),0,0,0,63300.0,17:35:00,62360,17:19:20,63300.0,17:35:00,62360,17:19:20,0,00:00:00,doors opened
07/07/2025,12,4121,Monday,Weekday,West,15651574,70800,19:40:00,71089,19:44:49,27,7175,Crossgates Mall Station (07175),0,0,0,73020.0,20:17:00,72938,20:15:38,73020.0,20:17:00,72938,20:15:38,0,00:00:00,door not opened
07/07/2025,12,4121,Monday,Weekday,West,15651574,70800,19:40:00,71089,19:44:49,26,12828,Crossgates Commons Station (12828),0,6,0,72600.0,20:10:00,72667,20:11:07,72600.0,20:10:00,72689,20:11:29,22,00:00:22,doors opened
07/07/2025,12,4121,Monday,Weekday,West,15651574,70800,19:40:00,71089,19:44:49,25,12891,1475 Washington Ave (12891),0,0,6,,,72488,20:08:08,,,72488,20:08:08,0,00:00:00,door not opened
07/07/2025,12,4121,Monday,Weekday,West,15651574,70800,19:40:00,71089,19:44:49,24,7216,SUNY Collins Circle (07216),0,0,6,72240.0,20:04:00,72406,20:06:46,72240.0,20:04:00,72406,20:06:46,0,00:00:00,door not opened
07/07/2025,12,4121,Monday,Weekday,West,15651574,70800,19:40:00,71089,19:44:49,23,3262,1383 Washington Ave (Fairfield Inn) (03262),0,1,6,,,72277,20:04:37,,,72286,20:04:46,9,00:00:09,doors opened
07/07/2025,12,4121,Monday,Weekday,West,15651574,70800,19:40:00,71089,19:44:49,22,976,Washington Ave & Brevator St (00976),0,0,7,,,72173,20:02:53,,,72173,20:02:53,0,00:00:00,door not opened
07/07/2025,12,4121,Monday,Weekday,West,15651574,70800,19:40:00,71089,19:44:49,21,1959,Washington Ave & Colvin Ave (01959),0,0,7,,,72144,20:02:24,,,72144,20:02:24,0,00:00:00,door not opened
07/07/2025,12,4121,Monday,Weekday,West,15651574,70800,19:40:00,71089,19:44:49,20,3399,Washington Ave & Danker Ave (03399),0,0,7,,,72112,20:01:52,,,72112,20:01:52,0,00:00:00,door not opened
07/07/2025,12,4121,Monday,Weekday,West,15651574,70800,19:40:00,71089,19:44:49,19,1849,Washington Ave & Homestead Ave (01849),0,1,7,,,72078,20:01:18,,,72090,20:01:30,12,00:00:12,doors opened
07/07/2025,12,4121,Monday,Weekday,West,15651574,70800,19:40:00,71089,19:44:49,18,1846,Washington Ave & Manning Blvd (01846),0,2,8,,,71999,19:59:59,,,72052,20:00:52,53,00:00:53,doors opened
07/07/2025,12,4121,Monday,Weekday,West,15651574,70800,19:40:00,71089,19:44:49,17,3287,Washington Ave & N. Allen St (03287),5,5,10,71820.0,19:57:00,71915,19:58:35,71820.0,19:57:00,71962,19:59:22,47,00:00:47,doors opened
07/07/2025,12,4121,Monday,Weekday,West,15651574,70800,19:40:00,71089,19:44:49,16,3264,Washington Ave & N. Main Ave (03264),0,0,10,,,71877,19:57:57,,,71877,19:57:57,0,00:00:00,door not opened
07/07/2025,12,4121,Monday,Weekday,West,15651574,70800,19:40:00,71089,19:44:49,15,1839,Washington Ave & Partridge St (01839),0,0,10,,,71835,19:57:15,,,71835,19:57:15,0,00:00:00,door not opened
07/07/2025,12,4121,Monday,Weekday,West,15651574,70800,19:40:00,71089,19:44:49,14,1841,Washington Ave & Ontario St (01841),1,1,10,71640.0,19:54:00,71800,19:56:40,71640.0,19:54:00,71811,19:56:51,11,00:00:11,doors opened
07/07/2025,12,4121,Monday,Weekday,West,15651574,70800,19:40:00,71089,19:44:49,13,1842,Washington Ave & Quail St (01842),3,0,10,,,71738,19:55:38,,,71775,19:56:15,37,00:00:37,doors opened
07/07/2025,12,4121,Monday,Weekday,West,15651574,70800,19:40:00,71089,19:44:49,12,1837,Washington Ave & N. Lake Ave (01837),2,0,7,,,71678,19:54:38,,,71706,19:55:06,28,00:00:28,doors opened
07/07/2025,12,4121,Monday,Weekday,West,15651574,70800,19:40:00,71089,19:44:49,11,1843,Washington Ave & Robin St (01843),1,0,5,,,71641,19:54:01,,,71652,19:54:12,11,00:00:11,doors opened
07/07/2025,12,4121,Monday,Weekday,West,15651574,70800,19:40:00,71089,19:44:49,10,12943,Washington Ave & Lexington Ave (12943),1,0,4,,,71586,19:53:06,,,71598,19:53:18,12,00:00:12,doors opened
07/07/2025,12,4121,Monday,Weekday,West,15651574,70800,19:40:00,71089,19:44:49,9,12942,Washington Ave & Henry Johnson Blvd (12942),0,0,3,,,71563,19:52:43,,,71563,19:52:43,0,00:00:00,door not opened
07/07/2025,12,4121,Monday,Weekday,West,15651574,70800,19:40:00,71089,19:44:49,8,3239,Lark/Library Station - Washington Ave & Lark St (03239),0,0,3,71280.0,19:48:00,71471,19:51:11,71280.0,19:48:00,71471,19:51:11,0,00:00:00,door not opened
07/07/2025,12,4121,Monday,Weekday,West,15651574,70800,19:40:00,71089,19:44:49,7,3301,Washington Ave & S. Swan St (03301),1,0,3,,,71414,19:50:14,,,71426,19:50:26,12,00:00:12,doors opened
07/07/2025,12,4121,Monday,Weekday,West,15651574,70800,19:40:00,71089,19:44:49,6,3250,Hawk/Capitol Station - Washington Ave & Hawk St (03250),0,0,2,,,71395,19:49:55,,,71395,19:49:55,0,00:00:00,door not opened
07/07/2025,12,4121,Monday,Weekday,West,15651574,70800,19:40:00,71089,19:44:49,5,10087,State St & Eagle St (10087),0,0,2,,,71374,19:49:34,,,71374,19:49:34,0,00:00:00,door not opened
07/07/2025,12,4121,Monday,Weekday,West,15651574,70800,19:40:00,71089,19:44:49,4,2665,State/Downtown Station - State St & Lodge St (02665),2,0,2,71040.0,19:44:00,71331,19:48:51,71040.0,19:44:00,71345,19:49:05,14,00:00:14,doors opened
07/07/2025,12,4121,Monday,Weekday,West,15651574,70800,19:40:00,71089,19:44:49,3,3221,State Station - N. Pearl St & Ten Eyck Plaza (03221),0,0,0,,,71251,19:47:31,,,71251,19:47:31,0,00:00:00,door not opened
07/07/2025,12,4121,Monday,Weekday,West,15651574,70800,19:40:00,71089,19:44:49,2,3233,N. Pearl St & Sheridan Ave (03233),0,0,0,,,71208,19:46:48,,,71208,19:46:48,0,00:00:00,door not opened
07/07/2025,12,4121,Monday,Weekday,West,15651574,70800,19:40:00,71089,19:44:49,1,2168,Clinton Square Station - N. Pearl St & Clinton Ave (02168),0,0,0,,,71132,19:45:32,,,71132,19:45:32,0,00:00:00,door not opened
07/07/2025,12,4121,Monday,Weekday,West,15651574,70800,19:40:00,71089,19:44:49,0,9018,Broadway & Orange St (09018),3,3,0,70800.0,19:40:00,71089,19:44:49,70800.0,19:40:00,71089,19:44:49,0,00:00:00,doors opened
07/07/2025,12,4122,Monday,Weekday,East,15650423,47700,13:15:00,48107,13:21:47,24,3940,Broadway & Steuben St (03940),0,0,0,49860.0,13:51:00,50071,13:54:31,49860.0,13:51:00,50071,13:54:31,0,00:00:00,door not opened
07/07/2025,12,4122,Monday,Weekday,East,15650423,47700,13:15:00,48107,13:21:47,23,2509,State/Downtown Station - State St & S. Pearl St (02509),0,1,0,49680.0,13:48:00,49985,13:53:05,49680.0,13:48:00,50005,13:53:25,20,00:00:20,doors opened
07/07/2025,12,4122,Monday,Weekday,East,15650423,47700,13:15:00,48107,13:21:47,22,1787,State St & Eagle St (01787),0,0,1,,,49968,13:52:48,,,49968,13:52:48,0,00:00:00,door not opened
07/07/2025,12,4122,Monday,Weekday,East,15650423,47700,13:15:00,48107,13:21:47,21,2706,Hawk/Capitol Station - Washington Ave & Hawk St (02706),0,0,1,,,49906,13:51:46,,,49906,13:51:46,0,00:00:00,door not opened
07/07/2025,12,4122,Monday,Weekday,East,15650423,47700,13:15:00,48107,13:21:47,20,1789,Washington Ave & S. Swan St (01789),0,0,1,,,49877,13:51:17,,,49877,13:51:17,0,00:00:00,door not opened
07/07/2025,12,4122,Monday,Weekday,East,15650423,47700,13:15:00,48107,13:21:47,19,1788,Washington Ave & Dove St (01788),0,0,1,,,49847,13:50:47,,,49847,13:50:47,0,00:00:00,door not opened
07/07/2025,12,4122,Monday,Weekday,East,15650423,47700,13:15:00,48107,13:21:47,18,2663,Lark/Library Station - Washington Ave & Lark St (02663),0,0,1,49380.0,13:43:00,49780,13:49:40,49380.0,13:43:00,49780,13:49:40,0,00:00:00,door not opened
07/07/2025,12,4122,Monday,Weekday,East,15650423,47700,13:15:00,48107,13:21:47,17,263,Washington Ave & Henry Johnson Blvd (00263),0,5,1,,,49683,13:48:03,,,49716,13:48:36,33,00:00:33,doors opened
07/07/2025,12,4122,Monday,Weekday,East,15650423,47700,13:15:00,48107,13:21:47,16,2096,Washington Ave & Lexington Ave (02096),0,4,6,,,49572,13:46:12,,,49614,13:46:54,42,00:00:42,doors opened
07/07/2025,12,4122,Monday,Weekday,East,15650423,47700,13:15:00,48107,13:21:47,15,3253,Washington Ave & Robin St (Draper Hall) (03253),0,0,10,,,49553,13:45:53,,,49553,13:45:53,0,00:00:00,door not opened
07/07/2025,12,4122,Monday,Weekday,East,15650423,47700,13:15:00,48107,13:21:47,14,2109,Washington Ave & N. Lake Ave (02109),1,0,10,,,49504,13:45:04,,,49520,13:45:20,16,00:00:16,doors opened
07/07/2025,12,4122,Monday,Weekday,East,15650423,47700,13:15:00,48107,13:21:47,13,3255,Washington Ave & Quail St (03255),0,1,9,,,49461,13:44:21,,,49472,13:44:32,11,00:00:11,doors opened
07/07/2025,12,4122,Monday,Weekday,East,15650423,47700,13:15:00,48107,13:21:47,12,3256,Washington Ave & Ontario St (03256),1,1,10,48960.0,13:36:00,49416,13:43:36,48960.0,13:36:00,49433,13:43:53,17,00:00:17,doors opened
07/07/2025,12,4122,Monday,Weekday,East,15650423,47700,13:15:00,48107,13:21:47,11,2107,Washington Ave & Partridge St (02107),0,0,10,,,49397,13:43:17,,,49397,13:43:17,0,00:00:00,door not opened
07/07/2025,12,4122,Monday,Weekday,East,15650423,47700,13:15:00,48107,13:21:47,10,3257,Washington Ave & N. Main Ave (03257),0,0,10,,,49319,13:41:59,,,49319,13:41:59,0,00:00:00,door not opened
07/07/2025,12,4122,Monday,Weekday,East,15650423,47700,13:15:00,48107,13:21:47,9,1796,Washington Ave & N. Allen St (01796),1,0,10,48780.0,13:33:00,49230,13:40:30,48780.0,13:33:00,49249,13:40:49,19,00:00:19,doors opened
07/07/2025,12,4122,Monday,Weekday,East,15650423,47700,13:15:00,48107,13:21:47,8,11581,Washington Ave & Manning Blvd (11581),0,0,9,,,49199,13:39:59,,,49199,13:39:59,0,00:00:00,door not opened
07/07/2025,12,4122,Monday,Weekday,East,15650423,47700,13:15:00,48107,13:21:47,7,2180,Washington Ave & Homestead Ave (02180),0,0,9,,,49176,13:39:36,,,49176,13:39:36,0,00:00:00,door not opened
07/07/2025,12,4122,Monday,Weekday,East,15650423,47700,13:15:00,48107,13:21:47,6,2182,Washington Ave & Hawthorne St (02182),1,1,9,,,49127,13:38:47,,,49144,13:39:04,17,00:00:17,doors opened
07/07/2025,12,4122,Monday,Weekday,East,15650423,47700,13:15:00,48107,13:21:47,5,3304,Washington Ave & Clermont St (03304),0,0,9,,,49110,13:38:30,,,49110,13:38:30,0,00:00:00,door not opened
07/07/2025,12,4122,Monday,Weekday,East,15650423,47700,13:15:00,48107,13:21:47,4,3348,Washington Ave & Brevator St (03348),0,0,9,,,49080,13:38:00,,,49080,13:38:00,0,00:00:00,door not opened
07/07/2025,12,4122,Monday,Weekday,East,15650423,47700,13:15:00,48107,13:21:47,3,10134,Washington Ave & SUNY Exit Rd (10134),2,0,9,,,48901,13:35:01,,,48945,13:35:45,44,00:00:44,doors opened
07/07/2025,12,4122,Monday,Weekday,East,15650423,47700,13:15:00,48107,13:21:47,2,7216,SUNY Collins Circle (07216),1,0,7,48300.0,13:25:00,48768,13:32:48,48300.0,13:25:00,48782,13:33:02,14,00:00:14,doors opened
07/07/2025,12,4122,Monday,Weekday,East,15650423,47700,13:15:00,48107,13:21:47,1,12827,Crossgates Commons Station (12827),6,0,6,48000.0,13:20:00,48420,13:27:00,48000.0,13:20:00,48476,13:27:56,56,00:00:56,doors opened
07/07/2025,12,4122,Monday,Weekday,East,15650423,47700,13:15:00,48107,13:21:47,0,7175,Crossgates Mall Station (07175),0,0,0,47700.0,13:15:00,48107,13:21:47,47700.0,13:15:00,48107,13:21:47,0,00:00:00,doors opened
07/07/2025,12,4122,Monday,Weekday,West,15650426,50400,14:00:00,50399,13:59:59,27,7175,Crossgates Mall Station (07175),0,2,0,52860.0,14:41:00,52748,14:39:08,52860.0,14:41:00,52748,14:39:08,0,00:00:00,doors opened
07/07/2025,12,4122,Monday,Weekday,West,15650426,50400,14:00:00,50399,13:59:59,26,12828,Crossgates Commons Station (12828),0,7,2,52440.0,14:34:00,52448,14:34:08,52440.0,14:34:00,52479,14:34:39,31,00:00:31,doors opened
07/07/2025,12,4122,Monday,Weekday,West,15650426,50400,14:00:00,50399,13:59:59,25,12891,1475 Washington Ave (12891),0,0,9,,,52280,14:31:20,,,52280,14:31:20,0,00:00:00,door not opened
07/07/2025,12,4122,Monday,Weekday,West,15650426,50400,14:00:00,50399,13:59:59,24,7216,SUNY Collins Circle (07216),0,0,9,52080.0,14:28:00,52136,14:28:56,52080.0,14:28:00,52136,14:28:56,0,00:00:00,door not opened
07/07/2025,12,4122,Monday,Weekday,West,15650426,50400,14:00:00,50399,13:59:59,23,3262,1383 Washington Ave (Fairfield Inn) (03262),0,2,9,,,51993,14:26:33,,,52013,14:26:53,20,00:00:20,doors opened
07/07/2025,12,4122,Monday,Weekday,West,15650426,50400,14:00:00,50399,13:59:59,22,976,Washington Ave & Brevator St (00976),1,0,11,,,51844,14:24:04,,,51872,14:24:32,28,00:00:28,doors opened
07/07/2025,12,4122,Monday,Weekday,West,15650426,50400,14:00:00,50399,13:59:59,21,1959,Washington Ave & Colvin Ave (01959),0,0,10,,,51823,14:23:43,,,51823,14:23:43,0,00:00:00,door not opened
07/07/2025,12,4122,Monday,Weekday,West,15650426,50400,14:00:00,50399,13:59:59,20,3399,Washington Ave & Danker Ave (03399),1,0,10,,,51764,14:22:44,,,51779,14:22:59,15,00:00:15,doors opened
07/07/2025,12,4122,Monday,Weekday,West,15650426,50400,14:00:00,50399,13:59:59,19,1849,Washington Ave & Homestead Ave (01849),0,0,9,,,51743,14:22:23,,,51743,14:22:23,0,00:00:00,door not opened
07/07/2025,12,4122,Monday,Weekday,West,15650426,50400,14:00:00,50399,13:59:59,18,1846,Washington Ave & Manning Blvd (01846),0,0,9,,,51720,14:22:00,,,51720,14:22:00,0,00:00:00,door not opened
07/07/2025,12,4122,Monday,Weekday,West,15650426,50400,14:00:00,50399,13:59:59,17,3287,Washington Ave & N. Allen St (03287),0,1,9,51660.0,14:21:00,51635,14:20:35,51660.0,14:21:00,51650,14:20:50,15,00:00:15,doors opened
07/07/2025,12,4122,Monday,Weekday,West,15650426,50400,14:00:00,50399,13:59:59,16,3264,Washington Ave & N. Main Ave (03264),0,0,10,,,51604,14:20:04,,,51604,14:20:04,0,00:00:00,door not opened
07/07/2025,12,4122,Monday,Weekday,West,15650426,50400,14:00:00,50399,13:59:59,15,1839,Washington Ave & Partridge St (01839),0,0,10,,,51481,14:18:01,,,51481,14:18:01,0,00:00:00,door not opened
07/07/2025,12,4122,Monday,Weekday,West,15650426,50400,14:00:00,50399,13:59:59,14,1841,Washington Ave & Ontario St (01841),0,5,10,51360.0,14:16:00,51406,14:16:46,51360.0,14:16:00,51448,14:17:28,42,00:00:42,doors opened
07/07/2025,12,4122,Monday,Weekday,West,15650426,50400,14:00:00,50399,13:59:59,13,1842,Washington Ave & Quail St (01842),4,0,15,,,51341,14:15:41,,,51380,14:16:20,39,00:00:39,doors opened
07/07/2025,12,4122,Monday,Weekday,West,15650426,50400,14:00:00,50399,13:59:59,12,1837,Washington Ave & N. Lake Ave (01837),0,2,11,,,51259,14:14:19,,,51310,14:15:10,51,00:00:51,doors opened
07/07/2025,12,4122,Monday,Weekday,West,15650426,50400,14:00:00,50399,13:59:59,11,1843,Washington Ave & Robin St (01843),1,2,13,,,51214,14:13:34,,,51232,14:13:52,18,00:00:18,doors opened
07/07/2025,12,4122,Monday,Weekday,West,15650426,50400,14:00:00,50399,13:59:59,10,12943,Washington Ave & Lexington Ave (12943),0,0,14,,,51187,14:13:07,,,51187,14:13:07,0,00:00:00,door not opened
07/07/2025,12,4122,Monday,Weekday,West,15650426,50400,14:00:00,50399,13:59:59,9,12942,Washington Ave & Henry Johnson Blvd (12942),5,1,14,,,51113,14:11:53,,,51152,14:12:32,39,00:00:39,doors opened
07/07/2025,12,4122,Monday,Weekday,West,15650426,50400,14:00:00,50399,13:59:59,8,3239,Lark/Library Station - Washington Ave & Lark St (03239),1,2,10,50940.0,14:09:00,50945,14:09:05,50940.0,14:09:00,50976,14:09:36,31,00:00:31,doors opened
07/07/2025,12,4122,Monday,Weekday,West,15650426,50400,14:00:00,50399,13:59:59,7,3301,Washington Ave & S. Swan St (03301),2,0,11,,,50812,14:06:52,,,50880,14:08:00,68,00:01:08,doors opened
07/07/2025,12,4122,Monday,Weekday,West,15650426,50400,14:00:00,50399,13:59:59,6,3250,Hawk/Capitol Station - Washington Ave & Hawk St (03250),0,0,9,,,50789,14:06:29,,,50789,14:06:29,0,00:00:00,door not opened
07/07/2025,12,4122,Monday,Weekday,West,15650426,50400,14:00:00,50399,13:59:59,5,10087,State St & Eagle St (10087),0,0,9,,,50742,14:05:42,,,50742,14:05:42,0,00:00:00,door not opened
07/07/2025,12,4122,Monday,Weekday,West,15650426,50400,14:00:00,50399,13:59:59,4,2665,State/Downtown Station - State St & Lodge St (02665),3,1,9,50640.0,14:04:00,50629,14:03:49,50640.0,14:04:00,50663,14:04:23,34,00:00:34,doors opened
07/07/2025,12,4122,Monday,Weekday,West,15650426,50400,14:00:00,50399,13:59:59,3,3221,State Station - N. Pearl St & Ten Eyck Plaza (03221),5,0,7,,,50516,14:01:56,,,50600,14:03:20,84,00:01:24,doors opened
07/07/2025,12,4122,Monday,Weekday,West,15650426,50400,14:00:00,50399,13:59:59,2,3233,N. Pearl St & Sheridan Ave (03233),0,0,2,,,50442,14:00:42,,,50442,14:00:42,0,00:00:00,door not opened
07/07/2025,12,4122,Monday,Weekday,West,15650426,50400,14:00:00,50399,13:59:59,1,2168,Clinton Square Station - N. Pearl St & Clinton Ave (02168),1,0,2,,,50406,14:00:06,,,50425,14:00:25,19,00:00:19,doors opened
07/07/2025,12,4122,Monday,Weekday,West,15650426,50400,14:00:00,50399,13:59:59,0,9018,Broadway & Orange St (09018),0,0,1,50400.0,14:00:00,50399,13:59:59,50400.0,14:00:00,50399,13:59:59,0,00:00:00,door not opened
07/07/2025,12,4125,Monday,Weekday,West,15648694,51600,14:20:00,51641,14:20:41,27,7175,Crossgates Mall Station (07175),0,10,0,54060.0,15:01:00,53947,14:59:07,54060.0,15:01:00,53947,14:59:07,0,00:00:00,doors opened
07/07/2025,12,4125,Monday,Weekday,West,15648694,51600,14:20:00,51641,14:20:41,26,12828,Crossgates Commons Station (12828),1,1,10,53640.0,14:54:00,53676,14:54:36,53640.0,14:54:00,53698,14:54:58,22,00:00:22,doors opened
07/07/2025,12,4125,Monday,Weekday,West,15648694,51600,14:20:00,51641,14:20:41,25,12891,1475 Washington Ave (12891),0,0,10,,,53481,14:51:21,,,53481,14:51:21,0,00:00:00,door not opened
07/07/2025,12,4125,Monday,Weekday,West,15648694,51600,14:20:00,51641,14:20:41,24,7216,SUNY Collins Circle (07216),0,0,10,53280.0,14:48:00,53353,14:49:13,53280.0,14:48:00,53353,14:49:13,0,00:00:00,door not opened
07/07/2025,12,4125,Monday,Weekday,West,15648694,51600,14:20:00,51641,14:20:41,23,3262,1383 Washington Ave (Fairfield Inn) (03262),1,2,10,,,53209,14:46:49,,,53225,14:47:05,16,00:00:16,doors opened
07/07/2025,12,4125,Monday,Weekday,West,15648694,51600,14:20:00,51641,14:20:41,22,976,Washington Ave & Brevator St (00976),0,2,11,,,53044,14:44:04,,,53075,14:44:35,31,00:00:31,doors opened
07/07/2025,12,4125,Monday,Weekday,West,15648694,51600,14:20:00,51641,14:20:41,21,1959,Washington Ave & Colvin Ave (01959),0,1,13,,,53003,14:43:23,,,53020,14:43:40,17,00:00:17,doors opened
07/07/2025,12,4125,Monday,Weekday,West,15648694,51600,14:20:00,51641,14:20:41,20,3399,Washington Ave & Danker Ave (03399),0,1,14,,,52924,14:42:04,,,52975,14:42:55,51,00:00:51,doors opened
07/07/2025,12,4125,Monday,Weekday,West,15648694,51600,14:20:00,51641,14:20:41,19,1849,Washington Ave & Homestead Ave (01849),0,0,15,,,52901,14:41:41,,,52901,14:41:41,0,00:00:00,door not opened
07/07/2025,12,4125,Monday,Weekday,West,15648694,51600,14:20:00,51641,14:20:41,18,1846,Washington Ave & Manning Blvd (01846),0,2,15,,,52804,14:40:04,,,52875,14:41:15,71,00:01:11,doors opened
07/07/2025,12,4125,Monday,Weekday,West,15648694,51600,14:20:00,51641,14:20:41,17,3287,Washington Ave & N. Allen St (03287),0,0,17,52860.0,14:41:00,52777,14:39:37,52860.0,14:41:00,52777,14:39:37,0,00:00:00,door not opened
07/07/2025,12,4125,Monday,Weekday,West,15648694,51600,14:20:00,51641,14:20:41,16,3264,Washington Ave & N. Main Ave (03264),0,0,17,,,52739,14:38:59,,,52739,14:38:59,0,00:00:00,door not opened
07/07/2025,12,4125,Monday,Weekday,West,15648694,51600,14:20:00,51641,14:20:41,15,1839,Washington Ave & Partridge St (01839),4,0,17,,,52568,14:36:08,,,52613,14:36:53,45,00:00:45,doors opened
07/07/2025,12,4125,Monday,Weekday,West,15648694,51600,14:20:00,51641,14:20:41,14,1841,Washington Ave & Ontario St (01841),0,0,13,52560.0,14:36:00,52545,14:35:45,52560.0,14:36:00,52545,14:35:45,0,00:00:00,door not opened
07/07/2025,12,4125,Monday,Weekday,West,15648694,51600,14:20:00,51641,14:20:41,13,1842,Washington Ave & Quail St (01842),3,0,13,,,52481,14:34:41,,,52525,14:35:25,44,00:00:44,doors opened
07/07/2025,12,4125,Monday,Weekday,West,15648694,51600,14:20:00,51641,14:20:41,12,1837,Washington Ave & N. Lake Ave (01837),1,0,10,,,52417,14:33:37,,,52456,14:34:16,39,00:00:39,doors opened
07/07/2025,12,4125,Monday,Weekday,West,15648694,51600,14:20:00,51641,14:20:41,11,1843,Washington Ave & Robin St (01843),0,1,9,,,52374,14:32:54,,,52392,14:33:12,18,00:00:18,doors opened
07/07/2025,12,4125,Monday,Weekday,West,15648694,51600,14:20:00,51641,14:20:41,10,12943,Washington Ave & Lexington Ave (12943),0,0,10,,,52354,14:32:34,,,52354,14:32:34,0,00:00:00,door not opened
07/07/2025,12,4125,Monday,Weekday,West,15648694,51600,14:20:00,51641,14:20:41,9,12942,Washington Ave & Henry Johnson Blvd (12942),0,0,10,,,52309,14:31:49,,,52309,14:31:49,0,00:00:00,door not opened
07/07/2025,12,4125,Monday,Weekday,West,15648694,51600,14:20:00,51641,14:20:41,8,3239,Lark/Library Station - Washington Ave & Lark St (03239),0,0,10,52140.0,14:29:00,52147,14:29:07,52140.0,14:29:00,52171,14:29:31,24,00:00:24,doors opened
07/07/2025,12,4125,Monday,Weekday,West,15648694,51600,14:20:00,51641,14:20:41,7,3301,Washington Ave & S. Swan St (03301),6,0,10,,,52013,14:26:53,,,52076,14:27:56,63,00:01:03,doors opened
07/07/2025,12,4125,Monday,Weekday,West,15648694,51600,14:20:00,51641,14:20:41,6,3250,Hawk/Capitol Station - Washington Ave & Hawk St (03250),0,0,4,,,51990,14:26:30,,,51990,14:26:30,0,00:00:00,door not opened
07/07/2025,12,4125,Monday,Weekday,West,15648694,51600,14:20:00,51641,14:20:41,5,10087,State St & Eagle St (10087),0,1,4,,,51932,14:25:32,,,51948,14:25:48,16,00:00:16,doors opened
07/07/2025,12,4125,Monday,Weekday,West,15648694,51600,14:20:00,51641,14:20:41,4,2665,State/Downtown Station - State St & Lodge St (02665),2,2,5,51840.0,14:24:00,51883,14:24:43,51840.0,14:24:00,51901,14:25:01,18,00:00:18,doors opened
07/07/2025,12,4125,Monday,Weekday,West,15648694,51600,14:20:00,51641,14:20:41,3,3221,State Station - N. Pearl St & Ten Eyck Plaza (03221),5,0,5,,,51813,14:23:33,,,51853,14:24:13,40,00:00:40,doors opened
07/07/2025,12,4125,Monday,Weekday,West,15648694,51600,14:20:00,51641,14:20:41,2,3233,N. Pearl St & Sheridan Ave (03233),0,0,0,,,51729,14:22:09,,,51729,14:22:09,0,00:00:00,door not opened
07/07/2025,12,4125,Monday,Weekday,West,15648694,51600,14:20:00,51641,14:20:41,1,2168,Clinton Square Station - N. Pearl St & Clinton Ave (02168),0,0,0,,,51669,14:21:09,,,51702,14:21:42,33,00:00:33,doors opened
07/07/2025,12,4125,Monday,Weekday,West,15648694,51600,14:20:00,51641,14:20:41,0,9018,Broadway & Orange St (09018),0,0,0,51600.0,14:20:00,51641,14:20:41,51600.0,14:20:00,51641,14:20:41,0,00:00:00,door not opened
07/07/2025,12,4125,Monday,Weekday,West,15648637,39600,11:00:00,39590,10:59:50,27,7175,Crossgates Mall Station (07175),0,7,0,42000.0,11:40:00,41871,11:37:51,42000.0,11:40:00,41871,11:37:51,0,00:00:00,doors opened
07/07/2025,12,4125,Monday,Weekday,West,15648637,39600,11:00:00,39590,10:59:50,26,12828,Crossgates Commons Station (12828),0,2,7,41580.0,11:33:00,41587,11:33:07,41580.0,11:33:00,41608,11:33:28,21,00:00:21,doors opened
07/07/2025,12,4125,Monday,Weekday,West,15648637,39600,11:00:00,39590,10:59:50,25,12891,1475 Washington Ave (12891),1,0,9,,,41400,11:30:00,,,41410,11:30:10,10,00:00:10,doors opened
07/07/2025,12,4125,Monday,Weekday,West,15648637,39600,11:00:00,39590,10:59:50,24,7216,SUNY Collins Circle (07216),0,5,8,41220.0,11:27:00,41230,11:27:10,41220.0,11:27:00,41247,11:27:27,17,00:00:17,doors opened
07/07/2025,12,4125,Monday,Weekday,West,15648637,39600,11:00:00,39590,10:59:50,23,3262,1383 Washington Ave (Fairfield Inn) (03262),0,1,13,,,41076,11:24:36,,,41091,11:24:51,15,00:00:15,doors opened
07/07/2025,12,4125,Monday,Weekday,West,15648637,39600,11:00:00,39590,10:59:50,22,976,Washington Ave & Brevator St (00976),0,0,14,,,40961,11:22:41,,,40961,11:22:41,0,00:00:00,door not opened
07/07/2025,12,4125,Monday,Weekday,West,15648637,39600,11:00:00,39590,10:59:50,21,1959,Washington Ave & Colvin Ave (01959),1,2,14,,,40871,11:21:11,,,40934,11:22:14,63,00:01:03,doors opened
07/07/2025,12,4125,Monday,Weekday,West,15648637,39600,11:00:00,39590,10:59:50,20,3399,Washington Ave & Danker Ave (03399),0,0,15,,,40825,11:20:25,,,40825,11:20:25,0,00:00:00,door not opened
07/07/2025,12,4125,Monday,Weekday,West,15648637,39600,11:00:00,39590,10:59:50,19,1849,Washington Ave & Homestead Ave (01849),2,0,15,,,40764,11:19:24,,,40799,11:19:59,35,00:00:35,doors opened
07/07/2025,12,4125,Monday,Weekday,West,15648637,39600,11:00:00,39590,10:59:50,18,1846,Washington Ave & Manning Blvd (01846),0,0,13,,,40741,11:19:01,,,40741,11:19:01,0,00:00:00,door not opened
07/07/2025,12,4125,Monday,Weekday,West,15648637,39600,11:00:00,39590,10:59:50,17,3287,Washington Ave & N. Allen St (03287),3,0,13,40800.0,11:20:00,40657,11:17:37,40800.0,11:20:00,40681,11:18:01,24,00:00:24,doors opened
07/07/2025,12,4125,Monday,Weekday,West,15648637,39600,11:00:00,39590,10:59:50,16,3264,Washington Ave & N. Main Ave (03264),2,0,10,,,40602,11:16:42,,,40621,11:17:01,19,00:00:19,doors opened
07/07/2025,12,4125,Monday,Weekday,West,15648637,39600,11:00:00,39590,10:59:50,15,1839,Washington Ave & Partridge St (01839),1,0,8,,,40484,11:14:44,,,40499,11:14:59,15,00:00:15,doors opened
07/07/2025,12,4125,Monday,Weekday,West,15648637,39600,11:00:00,39590,10:59:50,14,1841,Washington Ave & Ontario St (01841),3,0,7,40560.0,11:16:00,40426,11:13:46,40560.0,11:16:00,40458,11:14:18,32,00:00:32,doors opened
07/07/2025,12,4125,Monday,Weekday,West,15648637,39600,11:00:00,39590,10:59:50,13,1842,Washington Ave & Quail St (01842),2,0,4,,,40360,11:12:40,,,40400,11:13:20,40,00:00:40,doors opened
07/07/2025,12,4125,Monday,Weekday,West,15648637,39600,11:00:00,39590,10:59:50,12,1837,Washington Ave & N. Lake Ave (01837),2,2,2,,,40285,11:11:25,,,40333,11:12:13,48,00:00:48,doors opened
07/07/2025,12,4125,Monday,Weekday,West,15648637,39600,11:00:00,39590,10:59:50,11,1843,Washington Ave & Robin St (01843),0,0,2,,,40267,11:11:07,,,40267,11:11:07,0,00:00:00,door not opened
07/07/2025,12,4125,Monday,Weekday,West,15648637,39600,11:00:00,39590,10:59:50,10,12943,Washington Ave & Lexington Ave (12943),0,0,2,,,40241,11:10:41,,,40241,11:10:41,0,00:00:00,door not opened
07/07/2025,12,4125,Monday,Weekday,West,15648637,39600,11:00:00,39590,10:59:50,9,12942,Washington Ave & Henry Johnson Blvd (12942),0,0,2,,,40201,11:10:01,,,40201,11:10:01,0,00:00:00,door not opened
07/07/2025,12,4125,Monday,Weekday,West,15648637,39600,11:00:00,39590,10:59:50,8,3239,Lark/Library Station - Washington Ave & Lark St (03239),2,1,2,40140.0,11:09:00,40039,11:07:19,40140.0,11:09:00,40143,11:09:03,104,00:01:44,doors opened
07/07/2025,12,4125,Monday,Weekday,West,15648637,39600,11:00:00,39590,10:59:50,7,3301,Washington Ave & S. Swan St (03301),0,0,1,,,39994,11:06:34,,,39994,11:06:34,0,00:00:00,door not opened
07/07/2025,12,4125,Monday,Weekday,West,15648637,39600,11:00:00,39590,10:59:50,6,3250,Hawk/Capitol Station - Washington Ave & Hawk St (03250),0,0,1,,,39941,11:05:41,,,39941,11:05:41,0,00:00:00,door not opened
07/07/2025,12,4125,Monday,Weekday,West,15648637,39600,11:00:00,39590,10:59:50,5,10087,State St & Eagle St (10087),0,0,1,,,39915,11:05:15,,,39915,11:05:15,0,00:00:00,door not opened
07/07/2025,12,4125,Monday,Weekday,West,15648637,39600,11:00:00,39590,10:59:50,4,2665,State/Downtown Station - State St & Lodge St (02665),1,1,1,39840.0,11:04:00,39795,11:03:15,39840.0,11:04:00,39843,11:04:03,48,00:00:48,doors opened
07/07/2025,12,4125,Monday,Weekday,West,15648637,39600,11:00:00,39590,10:59:50,3,3221,State Station - N. Pearl St & Ten Eyck Plaza (03221),0,0,1,,,39706,11:01:46,,,39706,11:01:46,0,00:00:00,door not opened
07/07/2025,12,4125,Monday,Weekday,West,15648637,39600,11:00:00,39590,10:59:50,2,3233,N. Pearl St & Sheridan Ave (03233),0,0,1,,,39635,11:00:35,,,39635,11:00:35,0,00:00:00,door not opened
07/07/2025,12,4125,Monday,Weekday,West,15648637,39600,11:00:00,39590,10:59:50,1,2168,Clinton Square Station - N. Pearl St & Clinton Ave (02168),0,0,1,,,39590,10:59:50,,,39607,11:00:07,17,00:00:17,door not opened
07/07/2025,12,4125,Monday,Weekday,West,15648637,39600,11:00:00,39590,10:59:50,0,9018,Broadway & Orange St (09018),1,0,1,39600.0,11:00:00,39590,10:59:50,39600.0,11:00:00,39590,10:59:50,0,00:00:00,doors opened
07/07/2025,12,4125,Monday,Weekday,East,15648634,36900,10:15:00,36896,10:14:56,14,2109,Washington Ave & N. Lake Ave (02109),0,0,2,,,38240,10:37:20,,,38240,10:37:20,0,00:00:00,door not opened
07/07/2025,12,4125,Monday,Weekday,East,15648634,36900,10:15:00,36896,10:14:56,13,3255,Washington Ave & Quail St (03255),0,0,2,,,38188,10:36:28,,,38188,10:36:28,0,00:00:00,door not opened
07/07/2025,12,4125,Monday,Weekday,East,15648634,36900,10:15:00,36896,10:14:56,12,3256,Washington Ave & Ontario St (03256),0,0,2,38100.0,10:35:00,38122,10:35:22,38100.0,10:35:00,38122,10:35:22,0,00:00:00,door not opened
07/07/2025,12,4125,Monday,Weekday,East,15648634,36900,10:15:00,36896,10:14:56,11,2107,Washington Ave & Partridge St (02107),0,0,2,,,38100,10:35:00,,,38100,10:35:00,0,00:00:00,door not opened
07/07/2025,12,4125,Monday,Weekday,East,15648634,36900,10:15:00,36896,10:14:56,10,3257,Washington Ave & N. Main Ave (03257),0,0,2,,,37977,10:32:57,,,37977,10:32:57,0,00:00:00,door not opened
07/07/2025,12,4125,Monday,Weekday,East,15648634,36900,10:15:00,36896,10:14:56,9,1796,Washington Ave & N. Allen St (01796),0,1,2,37980.0,10:33:00,37911,10:31:51,37980.0,10:33:00,37922,10:32:02,11,00:00:11,doors opened
07/07/2025,12,4125,Monday,Weekday,East,15648634,36900,10:15:00,36896,10:14:56,8,11581,Washington Ave & Manning Blvd (11581),0,0,3,,,37866,10:31:06,,,37866,10:31:06,0,00:00:00,door not opened
07/07/2025,12,4125,Monday,Weekday,East,15648634,36900,10:15:00,36896,10:14:56,7,2180,Washington Ave & Homestead Ave (02180),0,0,3,,,37818,10:30:18,,,37818,10:30:18,0,00:00:00,door not opened
07/07/2025,12,4125,Monday,Weekday,East,15648634,36900,10:15:00,36896,10:14:56,6,2182,Washington Ave & Hawthorne St (02182),0,0,3,,,37791,10:29:51,,,37791,10:29:51,0,00:00:00,door not opened
07/07/2025,12,4125,Monday,Weekday,East,15648634,36900,10:15:00,36896,10:14:56,5,3304,Washington Ave & Clermont St (03304),0,0,3,,,37771,10:29:31,,,37771,10:29:31,0,00:00:00,door not opened
07/07/2025,12,4125,Monday,Weekday,East,15648634,36900,10:15:00,36896,10:14:56,4,3348,Washington Ave & Brevator St (03348),0,2,3,,,37677,10:27:57,,,37713,10:28:33,36,00:00:36,doors opened
07/07/2025,12,4125,Monday,Weekday,East,15648634,36900,10:15:00,36896,10:14:56,3,10134,Washington Ave & SUNY Exit Rd (10134),1,0,5,,,37538,10:25:38,,,37554,10:25:54,16,00:00:16,doors opened
07/07/2025,12,4125,Monday,Weekday,East,15648634,36900,10:15:00,36896,10:14:56,2,7216,SUNY Collins Circle (07216),0,1,4,37500.0,10:25:00,37417,10:23:37,37500.0,10:25:00,37431,10:23:51,14,00:00:14,doors opened
07/07/2025,12,4125,Monday,Weekday,East,15648634,36900,10:15:00,36896,10:14:56,1,12827,Crossgates Commons Station (12827),3,0,5,37200.0,10:20:00,37127,10:18:47,37200.0,10:20:00,37160,10:19:20,33,00:00:33,doors opened
07/07/2025,12,4125,Monday,Weekday,East,15648634,36900,10:15:00,36896,10:14:56,0,7175,Crossgates Mall Station (07175),2,0,2,36900.0,10:15:00,36896,10:14:56,36900.0,10:15:00,36896,10:14:56,0,00:00:00,doors opened
07/07/2025,12,4125,Monday,Weekday,East,15648634,36900,10:15:00,36896,10:14:56,24,3940,Broadway & Steuben St (03940),0,0,0,38940.0,10:49:00,38973,10:49:33,38940.0,10:49:00,38973,10:49:33,0,00:00:00,door not opened
07/07/2025,12,4125,Monday,Weekday,East,15648634,36900,10:15:00,36896,10:14:56,23,2509,State/Downtown Station - State St & S. Pearl St (02509),0,2,0,38760.0,10:46:00,38801,10:46:41,38760.0,10:46:00,38875,10:47:55,74,00:01:14,doors opened
07/07/2025,12,4125,Monday,Weekday,East,15648634,36900,10:15:00,36896,10:14:56,22,1787,State St & Eagle St (01787),0,0,2,,,38753,10:45:53,,,38753,10:45:53,0,00:00:00,door not opened
07/07/2025,12,4125,Monday,Weekday,East,15648634,36900,10:15:00,36896,10:14:56,21,2706,Hawk/Capitol Station - Washington Ave & Hawk St (02706),0,0,2,,,38687,10:44:47,,,38687,10:44:47,0,00:00:00,door not opened
07/07/2025,12,4125,Monday,Weekday,East,15648634,36900,10:15:00,36896,10:14:56,20,1789,Washington Ave & S. Swan St (01789),0,0,2,,,38649,10:44:09,,,38649,10:44:09,0,00:00:00,door not opened
07/07/2025,12,4125,Monday,Weekday,East,15648634,36900,10:15:00,36896,10:14:56,19,1788,Washington Ave & Dove St (01788),1,0,2,,,38527,10:42:07,,,38559,10:42:39,32,00:00:32,doors opened
07/07/2025,12,4125,Monday,Weekday,East,15648634,36900,10:15:00,36896,10:14:56,18,2663,Lark/Library Station - Washington Ave & Lark St (02663),1,2,1,38460.0,10:41:00,38424,10:40:24,38460.0,10:41:00,38487,10:41:27,63,00:01:03,doors opened
07/07/2025,12,4125,Monday,Weekday,East,15648634,36900,10:15:00,36896,10:14:56,17,263,Washington Ave & Henry Johnson Blvd (00263),0,0,2,,,38399,10:39:59,,,38399,10:39:59,0,00:00:00,door not opened
07/07/2025,12,4125,Monday,Weekday,East,15648634,36900,10:15:00,36896,10:14:56,16,2096,Washington Ave & Lexington Ave (02096),0,0,2,,,38297,10:38:17,,,38297,10:38:17,0,00:00:00,door not opened
07/07/2025,12,4125,Monday,Weekday,East,15648634,36900,10:15:00,36896,10:14:56,15,3253,Washington Ave & Robin St (Draper Hall) (03253),0,0,2,,,38276,10:37:56,,,38276,10:37:56,0,00:00:00,door not opened
07/07/2025,12,4125,Monday,Weekday,East,15648691,48900,13:35:00,49026,13:37:06,24,3940,Broadway & Steuben St (03940),0,0,0,51060.0,14:11:00,51296,14:14:56,51060.0,14:11:00,51296,14:14:56,0,00:00:00,door not opened
07/07/2025,12,4125,Monday,Weekday,East,15648691,48900,13:35:00,49026,13:37:06,23,2509,State/Downtown Station - State St & S. Pearl St (02509),0,2,0,50880.0,14:08:00,51155,14:12:35,50880.0,14:08:00,51230,14:13:50,75,00:01:15,doors opened
07/07/2025,12,4125,Monday,Weekday,East,15648691,48900,13:35:00,49026,13:37:06,22,1787,State St & Eagle St (01787),0,0,2,,,51140,14:12:20,,,51140,14:12:20,0,00:00:00,door not opened
07/07/2025,12,4125,Monday,Weekday,East,15648691,48900,13:35:00,49026,13:37:06,21,2706,Hawk/Capitol Station - Washington Ave & Hawk St (02706),0,0,2,,,51006,14:10:06,,,51006,14:10:06,0,00:00:00,door not opened
07/07/2025,12,4125,Monday,Weekday,East,15648691,48900,13:35:00,49026,13:37:06,20,1789,Washington Ave & S. Swan St (01789),0,0,2,,,50954,14:09:14,,,50954,14:09:14,0,00:00:00,door not opened
07/07/2025,12,4125,Monday,Weekday,East,15648691,48900,13:35:00,49026,13:37:06,19,1788,Washington Ave & Dove St (01788),0,0,2,,,50882,14:08:02,,,50882,14:08:02,0,00:00:00,door not opened
07/07/2025,12,4125,Monday,Weekday,East,15648691,48900,13:35:00,49026,13:37:06,18,2663,Lark/Library Station - Washington Ave & Lark St (02663),0,0,2,50580.0,14:03:00,50825,14:07:05,50580.0,14:03:00,50825,14:07:05,0,00:00:00,door not opened
07/07/2025,12,4125,Monday,Weekday,East,15648691,48900,13:35:00,49026,13:37:06,17,263,Washington Ave & Henry Johnson Blvd (00263),0,1,2,,,50679,14:04:39,,,50746,14:05:46,67,00:01:07,doors opened
07/07/2025,12,4125,Monday,Weekday,East,15648691,48900,13:35:00,49026,13:37:06,16,2096,Washington Ave & Lexington Ave (02096),0,0,3,,,50655,14:04:15,,,50655,14:04:15,0,00:00:00,door not opened
07/07/2025,12,4125,Monday,Weekday,East,15648691,48900,13:35:00,49026,13:37:06,15,3253,Washington Ave & Robin St (Draper Hall) (03253),0,0,3,,,50634,14:03:54,,,50634,14:03:54,0,00:00:00,door not opened
07/07/2025,12,4125,Monday,Weekday,East,15648691,48900,13:35:00,49026,13:37:06,14,2109,Washington Ave & N. Lake Ave (02109),0,1,3,,,50574,14:02:54,,,50595,14:03:15,21,00:00:21,doors opened
07/07/2025,12,4125,Monday,Weekday,East,15648691,48900,13:35:00,49026,13:37:06,13,3255,Washington Ave & Quail St (03255),0,7,4,,,50499,14:01:39,,,50543,14:02:23,44,00:00:44,doors opened
07/07/2025,12,4125,Monday,Weekday,East,15648691,48900,13:35:00,49026,13:37:06,12,3256,Washington Ave & Ontario St (03256),1,0,11,50160.0,13:56:00,50443,14:00:43,50160.0,13:56:00,50476,14:01:16,33,00:00:33,doors opened
07/07/2025,12,4125,Monday,Weekday,East,15648691,48900,13:35:00,49026,13:37:06,11,2107,Washington Ave & Partridge St (02107),0,2,10,,,50403,14:00:03,,,50417,14:00:17,14,00:00:14,doors opened
07/07/2025,12,4125,Monday,Weekday,East,15648691,48900,13:35:00,49026,13:37:06,10,3257,Washington Ave & N. Main Ave (03257),1,0,12,,,50293,13:58:13,,,50339,13:58:59,46,00:00:46,doors opened
07/07/2025,12,4125,Monday,Weekday,East,15648691,48900,13:35:00,49026,13:37:06,9,1796,Washington Ave & N. Allen St (01796),6,8,11,49980.0,13:53:00,50191,13:56:31,49980.0,13:53:00,50255,13:57:35,64,00:01:04,doors opened
07/07/2025,12,4125,Monday,Weekday,East,15648691,48900,13:35:00,49026,13:37:06,8,11581,Washington Ave & Manning Blvd (11581),3,0,13,,,50109,13:55:09,,,50158,13:55:58,49,00:00:49,doors opened
07/07/2025,12,4125,Monday,Weekday,East,15648691,48900,13:35:00,49026,13:37:06,7,2180,Washington Ave & Homestead Ave (02180),1,0,10,,,50064,13:54:24,,,50079,13:54:39,15,00:00:15,doors opened
07/07/2025,12,4125,Monday,Weekday,East,15648691,48900,13:35:00,49026,13:37:06,6,2182,Washington Ave & Hawthorne St (02182),0,0,9,,,50037,13:53:57,,,50037,13:53:57,0,00:00:00,door not opened
07/07/2025,12,4125,Monday,Weekday,East,15648691,48900,13:35:00,49026,13:37:06,5,3304,Washington Ave & Clermont St (03304),0,0,9,,,50018,13:53:38,,,50018,13:53:38,0,00:00:00,door not opened
07/07/2025,12,4125,Monday,Weekday,East,15648691,48900,13:35:00,49026,13:37:06,4,3348,Washington Ave & Brevator St (03348),0,0,9,,,49996,13:53:16,,,49996,13:53:16,0,00:00:00,door not opened
07/07/2025,12,4125,Monday,Weekday,East,15648691,48900,13:35:00,49026,13:37:06,3,10134,Washington Ave & SUNY Exit Rd (10134),0,1,9,,,49816,13:50:16,,,49831,13:50:31,15,00:00:15,doors opened
07/07/2025,12,4125,Monday,Weekday,East,15648691,48900,13:35:00,49026,13:37:06,2,7216,SUNY Collins Circle (07216),1,0,10,49500.0,13:45:00,49627,13:47:07,49500.0,13:45:00,49640,13:47:20,13,00:00:13,doors opened
07/07/2025,12,4125,Monday,Weekday,East,15648691,48900,13:35:00,49026,13:37:06,1,12827,Crossgates Commons Station (12827),6,0,9,49200.0,13:40:00,49324,13:42:04,49200.0,13:40:00,49383,13:43:03,59,00:00:59,doors opened
07/07/2025,12,4125,Monday,Weekday,East,15648691,48900,13:35:00,49026,13:37:06,0,7175,Crossgates Mall Station (07175),3,0,3,48900.0,13:35:00,49026,13:37:06,48900.0,13:35:00,49026,13:37:06,0,00:00:00,doors opened
07/07/2025,12,4131,Monday,Weekday,East,15649537,32100,08:55:00,32115,08:55:15,24,3940,Broadway & Steuben St (03940),0,0,0,34200.0,09:30:00,34108,09:28:28,34200.0,09:30:00,34108,09:28:28,0,00:00:00,door not opened
07/07/2025,12,4131,Monday,Weekday,East,15649537,32100,08:55:00,32115,08:55:15,23,2509,State/Downtown Station - State St & S. Pearl St (02509),0,5,0,34020.0,09:27:00,33949,09:25:49,34020.0,09:27:00,34027,09:27:07,78,00:01:18,doors opened
07/07/2025,12,4131,Monday,Weekday,East,15649537,32100,08:55:00,32115,08:55:15,22,1787,State St & Eagle St (01787),0,0,5,,,33937,09:25:37,,,33937,09:25:37,0,00:00:00,door not opened
07/07/2025,12,4131,Monday,Weekday,East,15649537,32100,08:55:00,32115,08:55:15,21,2706,Hawk/Capitol Station - Washington Ave & Hawk St (02706),0,0,5,,,33880,09:24:40,,,33880,09:24:40,0,00:00:00,door not opened
07/07/2025,12,4131,Monday,Weekday,East,15649537,32100,08:55:00,32115,08:55:15,20,1789,Washington Ave & S. Swan St (01789),0,0,5,,,33858,09:24:18,,,33858,09:24:18,0,00:00:00,door not opened
07/07/2025,12,4131,Monday,Weekday,East,15649537,32100,08:55:00,32115,08:55:15,19,1788,Washington Ave & Dove St (01788),2,1,5,,,33786,09:23:06,,,33831,09:23:51,45,00:00:45,doors opened
07/07/2025,12,4131,Monday,Weekday,East,15649537,32100,08:55:00,32115,08:55:15,18,2663,Lark/Library Station - Washington Ave & Lark St (02663),0,2,4,33660.0,09:21:00,33741,09:22:21,33660.0,09:21:00,33758,09:22:38,17,00:00:17,doors opened
07/07/2025,12,4131,Monday,Weekday,East,15649537,32100,08:55:00,32115,08:55:15,17,263,Washington Ave & Henry Johnson Blvd (00263),0,0,6,,,33712,09:21:52,,,33712,09:21:52,0,00:00:00,door not opened
07/07/2025,12,4131,Monday,Weekday,East,15649537,32100,08:55:00,32115,08:55:15,16,2096,Washington Ave & Lexington Ave (02096),0,0,6,,,33620,09:20:20,,,33620,09:20:20,0,00:00:00,door not opened
07/07/2025,12,4131,Monday,Weekday,East,15649537,32100,08:55:00,32115,08:55:15,15,3253,Washington Ave & Robin St (Draper Hall) (03253),0,1,6,,,33523,09:18:43,,,33561,09:19:21,38,00:00:38,doors opened
07/07/2025,12,4131,Monday,Weekday,East,15649537,32100,08:55:00,32115,08:55:15,14,2109,Washington Ave & N. Lake Ave (02109),0,0,7,,,33504,09:18:24,,,33504,09:18:24,0,00:00:00,door not opened
07/07/2025,12,4131,Monday,Weekday,East,15649537,32100,08:55:00,32115,08:55:15,13,3255,Washington Ave & Quail St (03255),2,2,7,,,33427,09:17:07,,,33475,09:17:55,48,00:00:48,doors opened
07/07/2025,12,4131,Monday,Weekday,East,15649537,32100,08:55:00,32115,08:55:15,12,3256,Washington Ave & Ontario St (03256),1,0,7,33300.0,09:15:00,33389,09:16:29,33300.0,09:15:00,33402,09:16:42,13,00:00:13,doors opened
07/07/2025,12,4131,Monday,Weekday,East,15649537,32100,08:55:00,32115,08:55:15,11,2107,Washington Ave & Partridge St (02107),1,0,6,,,33345,09:15:45,,,33358,09:15:58,13,00:00:13,doors opened
07/07/2025,12,4131,Monday,Weekday,East,15649537,32100,08:55:00,32115,08:55:15,10,3257,Washington Ave & N. Main Ave (03257),0,0,5,,,33256,09:14:16,,,33256,09:14:16,0,00:00:00,door not opened
07/07/2025,12,4131,Monday,Weekday,East,15649537,32100,08:55:00,32115,08:55:15,9,1796,Washington Ave & N. Allen St (01796),0,0,5,33180.0,09:13:00,33226,09:13:46,33180.0,09:13:00,33226,09:13:46,0,00:00:00,door not opened
07/07/2025,12,4131,Monday,Weekday,East,15649537,32100,08:55:00,32115,08:55:15,8,11581,Washington Ave & Manning Blvd (11581),1,0,5,,,33135,09:12:15,,,33171,09:12:51,36,00:00:36,doors opened
07/07/2025,12,4131,Monday,Weekday,East,15649537,32100,08:55:00,32115,08:55:15,7,2180,Washington Ave & Homestead Ave (02180),0,0,4,,,33110,09:11:50,,,33110,09:11:50,0,00:00:00,door not opened
07/07/2025,12,4131,Monday,Weekday,East,15649537,32100,08:55:00,32115,08:55:15,6,2182,Washington Ave & Hawthorne St (02182),1,1,4,,,33071,09:11:11,,,33086,09:11:26,15,00:00:15,doors opened
07/07/2025,12,4131,Monday,Weekday,East,15649537,32100,08:55:00,32115,08:55:15,5,3304,Washington Ave & Clermont St (03304),1,1,4,,,33001,09:10:01,,,33042,09:10:42,41,00:00:41,doors opened
07/07/2025,12,4131,Monday,Weekday,East,15649537,32100,08:55:00,32115,08:55:15,4,3348,Washington Ave & Brevator St (03348),0,0,4,,,32987,09:09:47,,,32987,09:09:47,0,00:00:00,door not opened
07/07/2025,12,4131,Monday,Weekday,East,15649537,32100,08:55:00,32115,08:55:15,3,10134,Washington Ave & SUNY Exit Rd (10134),2,0,4,,,32851,09:07:31,,,32870,09:07:50,19,00:00:19,doors opened
07/07/2025,12,4131,Monday,Weekday,East,15649537,32100,08:55:00,32115,08:55:15,2,7216,SUNY Collins Circle (07216),0,1,2,32700.0,09:05:00,32688,09:04:48,32700.0,09:05:00,32700,09:05:00,12,00:00:12,doors opened
07/07/2025,12,4131,Monday,Weekday,East,15649537,32100,08:55:00,32115,08:55:15,1,12827,Crossgates Commons Station (12827),4,3,3,32400.0,09:00:00,32399,08:59:59,32400.0,09:00:00,32462,09:01:02,63,00:01:03,doors opened
07/07/2025,12,4131,Monday,Weekday,East,15649537,32100,08:55:00,32115,08:55:15,0,7175,Crossgates Mall Station (07175),2,0,2,32100.0,08:55:00,32115,08:55:15,32100.0,08:55:00,32115,08:55:15,0,00:00:00,doors opened
07/07/2025,12,4131,Monday,Weekday,West,15649540,34800,09:40:00,34802,09:40:02,19,1849,Washington Ave & Homestead Ave (01849),0,0,19,,,36148,10:02:28,,,36148,10:02:28,0,00:00:00,door not opened
07/07/2025,12,4131,Monday,Weekday,West,15649540,34800,09:40:00,34802,09:40:02,18,1846,Washington Ave & Manning Blvd (01846),1,0,19,,,36085,10:01:25,,,36120,10:02:00,35,00:00:35,doors opened
07/07/2025,12,4131,Monday,Weekday,West,15649540,34800,09:40:00,34802,09:40:02,17,3287,Washington Ave & N. Allen St (03287),0,0,18,36000.0,10:00:00,36055,10:00:55,36000.0,10:00:00,36055,10:00:55,0,00:00:00,door not opened
07/07/2025,12,4131,Monday,Weekday,West,15649540,34800,09:40:00,34802,09:40:02,16,3264,Washington Ave & N. Main Ave (03264),0,1,18,,,35997,09:59:57,,,36008,10:00:08,11,00:00:11,doors opened
07/07/2025,12,4131,Monday,Weekday,West,15649540,34800,09:40:00,34802,09:40:02,15,1839,Washington Ave & Partridge St (01839),1,0,19,,,35891,09:58:11,,,35915,09:58:35,24,00:00:24,doors opened
07/07/2025,12,4131,Monday,Weekday,West,15649540,34800,09:40:00,34802,09:40:02,14,1841,Washington Ave & Ontario St (01841),4,0,18,35760.0,09:56:00,35826,09:57:06,35760.0,09:56:00,35869,09:57:49,43,00:00:43,doors opened
07/07/2025,12,4131,Monday,Weekday,West,15649540,34800,09:40:00,34802,09:40:02,13,1842,Washington Ave & Quail St (01842),7,0,14,,,35749,09:55:49,,,35803,09:56:43,54,00:00:54,doors opened
07/07/2025,12,4131,Monday,Weekday,West,15649540,34800,09:40:00,34802,09:40:02,12,1837,Washington Ave & N. Lake Ave (01837),0,3,7,,,35710,09:55:10,,,35722,09:55:22,12,00:00:12,doors opened
07/07/2025,12,4131,Monday,Weekday,West,15649540,34800,09:40:00,34802,09:40:02,11,1843,Washington Ave & Robin St (01843),0,0,10,,,35674,09:54:34,,,35686,09:54:46,12,00:00:12,doors opened
07/07/2025,12,4131,Monday,Weekday,West,15649540,34800,09:40:00,34802,09:40:02,10,12943,Washington Ave & Lexington Ave (12943),1,0,10,,,35585,09:53:05,,,35649,09:54:09,64,00:01:04,doors opened
07/07/2025,12,4131,Monday,Weekday,West,15649540,34800,09:40:00,34802,09:40:02,9,12942,Washington Ave & Henry Johnson Blvd (12942),1,0,9,,,35513,09:51:53,,,35528,09:52:08,15,00:00:15,doors opened
07/07/2025,12,4131,Monday,Weekday,West,15649540,34800,09:40:00,34802,09:40:02,8,3239,Lark/Library Station - Washington Ave & Lark St (03239),1,1,8,35340.0,09:49:00,35352,09:49:12,35340.0,09:49:00,35426,09:50:26,74,00:01:14,doors opened
07/07/2025,12,4131,Monday,Weekday,West,15649540,34800,09:40:00,34802,09:40:02,7,3301,Washington Ave & S. Swan St (03301),0,1,8,,,35271,09:47:51,,,35304,09:48:24,33,00:00:33,doors opened
07/07/2025,12,4131,Monday,Weekday,West,15649540,34800,09:40:00,34802,09:40:02,27,7175,Crossgates Mall Station (07175),0,5,0,37200.0,10:20:00,37224,10:20:24,37200.0,10:20:00,37224,10:20:24,0,00:00:00,doors opened
07/07/2025,12,4131,Monday,Weekday,West,15649540,34800,09:40:00,34802,09:40:02,26,12828,Crossgates Commons Station (12828),1,10,5,36780.0,10:13:00,36975,10:16:15,36780.0,10:13:00,37004,10:16:44,29,00:00:29,doors opened
07/07/2025,12,4131,Monday,Weekday,West,15649540,34800,09:40:00,34802,09:40:02,25,12891,1475 Washington Ave (12891),0,0,14,,,36733,10:12:13,,,36733,10:12:13,0,00:00:00,door not opened
07/07/2025,12,4131,Monday,Weekday,West,15649540,34800,09:40:00,34802,09:40:02,24,7216,SUNY Collins Circle (07216),0,3,14,36420.0,10:07:00,36530,10:08:50,36420.0,10:07:00,36598,10:09:58,68,00:01:08,doors opened
07/07/2025,12,4131,Monday,Weekday,West,15649540,34800,09:40:00,34802,09:40:02,6,3250,Hawk/Capitol Station - Washington Ave & Hawk St (03250),0,0,9,,,35251,09:47:31,,,35251,09:47:31,0,00:00:00,door not opened
07/07/2025,12,4131,Monday,Weekday,West,15649540,34800,09:40:00,34802,09:40:02,5,10087,State St & Eagle St (10087),0,0,9,,,35221,09:47:01,,,35221,09:47:01,0,00:00:00,door not opened
07/07/2025,12,4131,Monday,Weekday,West,15649540,34800,09:40:00,34802,09:40:02,4,2665,State/Downtown Station - State St & Lodge St (02665),5,0,9,35040.0,09:44:00,35043,09:44:03,35040.0,09:44:00,35099,09:44:59,56,00:00:56,doors opened
07/07/2025,12,4131,Monday,Weekday,West,15649540,34800,09:40:00,34802,09:40:02,3,3221,State Station - N. Pearl St & Ten Eyck Plaza (03221),4,0,4,,,34958,09:42:38,,,35018,09:43:38,60,00:01:00,doors opened
07/07/2025,12,4131,Monday,Weekday,West,15649540,34800,09:40:00,34802,09:40:02,2,3233,N. Pearl St & Sheridan Ave (03233),0,0,0,,,34919,09:41:59,,,34919,09:41:59,0,00:00:00,door not opened
07/07/2025,12,4131,Monday,Weekday,West,15649540,34800,09:40:00,34802,09:40:02,1,2168,Clinton Square Station - N. Pearl St & Clinton Ave (02168),0,0,0,,,34882,09:41:22,,,34882,09:41:22,0,00:00:00,door not opened
07/07/2025,12,4131,Monday,Weekday,West,15649540,34800,09:40:00,34802,09:40:02,0,9018,Broadway & Orange St (09018),0,0,0,34800.0,09:40:00,34802,09:40:02,34800.0,09:40:00,34802,09:40:02,0,00:00:00,door not opened
07/07/2025,12,4131,Monday,Weekday,West,15649540,34800,09:40:00,34802,09:40:02,23,3262,1383 Washington Ave (Fairfield Inn) (03262),1,5,17,,,36383,10:06:23,,,36446,10:07:26,63,00:01:03,doors opened
07/07/2025,12,4131,Monday,Weekday,West,15649540,34800,09:40:00,34802,09:40:02,22,976,Washington Ave & Brevator St (00976),1,0,21,,,36255,10:04:15,,,36274,10:04:34,19,00:00:19,doors opened
07/07/2025,12,4131,Monday,Weekday,West,15649540,34800,09:40:00,34802,09:40:02,21,1959,Washington Ave & Colvin Ave (01959),1,0,20,,,36217,10:03:37,,,36230,10:03:50,13,00:00:13,doors opened
07/07/2025,12,4131,Monday,Weekday,West,15649540,34800,09:40:00,34802,09:40:02,20,3399,Washington Ave & Danker Ave (03399),0,0,19,,,36174,10:02:54,,,36174,10:02:54,0,00:00:00,door not opened
07/07/2025,12,4131,Monday,Weekday,East,15649545,42900,11:55:00,42921,11:55:21,4,3348,Washington Ave & Brevator St (03348),0,0,10,,,43910,12:11:50,,,43910,12:11:50,0,00:00:00,door not opened
07/07/2025,12,4131,Monday,Weekday,East,15649545,42900,11:55:00,42921,11:55:21,3,10134,Washington Ave & SUNY Exit Rd (10134),4,0,10,,,43740,12:09:00,,,43786,12:09:46,46,00:00:46,doors opened
07/07/2025,12,4131,Monday,Weekday,East,15649545,42900,11:55:00,42921,11:55:21,2,7216,SUNY Collins Circle (07216),3,2,6,43500.0,12:05:00,43535,12:05:35,43500.0,12:05:00,43579,12:06:19,44,00:00:44,doors opened
07/07/2025,12,4131,Monday,Weekday,East,15649545,42900,11:55:00,42921,11:55:21,1,12827,Crossgates Commons Station (12827),2,1,5,43200.0,12:00:00,43276,12:01:16,43200.0,12:00:00,43304,12:01:44,28,00:00:28,doors opened
07/07/2025,12,4131,Monday,Weekday,East,15649545,42900,11:55:00,42921,11:55:21,0,7175,Crossgates Mall Station (07175),4,0,4,42900.0,11:55:00,42921,11:55:21,42900.0,11:55:00,42921,11:55:21,0,00:00:00,doors opened
07/07/2025,12,4131,Monday,Weekday,East,15649545,42900,11:55:00,42921,11:55:21,24,3940,Broadway & Steuben St (03940),0,0,0,45000.0,12:30:00,44917,12:28:37,45000.0,12:30:00,44917,12:28:37,0,00:00:00,door not opened
07/07/2025,12,4131,Monday,Weekday,East,15649545,42900,11:55:00,42921,11:55:21,23,2509,State/Downtown Station - State St & S. Pearl St (02509),0,5,0,44820.0,12:27:00,44796,12:26:36,44820.0,12:27:00,44862,12:27:42,66,00:01:06,doors opened
07/07/2025,12,4131,Monday,Weekday,East,15649545,42900,11:55:00,42921,11:55:21,22,1787,State St & Eagle St (01787),0,0,5,,,44779,12:26:19,,,44779,12:26:19,0,00:00:00,door not opened
07/07/2025,12,4131,Monday,Weekday,East,15649545,42900,11:55:00,42921,11:55:21,21,2706,Hawk/Capitol Station - Washington Ave & Hawk St (02706),0,0,5,,,44737,12:25:37,,,44737,12:25:37,0,00:00:00,door not opened
07/07/2025,12,4131,Monday,Weekday,East,15649545,42900,11:55:00,42921,11:55:21,20,1789,Washington Ave & S. Swan St (01789),0,0,5,,,44698,12:24:58,,,44698,12:24:58,0,00:00:00,door not opened
07/07/2025,12,4131,Monday,Weekday,East,15649545,42900,11:55:00,42921,11:55:21,19,1788,Washington Ave & Dove St (01788),0,1,5,,,44617,12:23:37,,,44627,12:23:47,10,00:00:10,doors opened
07/07/2025,12,4131,Monday,Weekday,East,15649545,42900,11:55:00,42921,11:55:21,18,2663,Lark/Library Station - Washington Ave & Lark St (02663),2,2,6,44520.0,12:22:00,44554,12:22:34,44520.0,12:22:00,44592,12:23:12,38,00:00:38,doors opened
07/07/2025,12,4131,Monday,Weekday,East,15649545,42900,11:55:00,42921,11:55:21,17,263,Washington Ave & Henry Johnson Blvd (00263),0,1,6,,,44466,12:21:06,,,44508,12:21:48,42,00:00:42,doors opened
07/07/2025,12,4131,Monday,Weekday,East,15649545,42900,11:55:00,42921,11:55:21,16,2096,Washington Ave & Lexington Ave (02096),0,0,7,,,44439,12:20:39,,,44439,12:20:39,0,00:00:00,door not opened
07/07/2025,12,4131,Monday,Weekday,East,15649545,42900,11:55:00,42921,11:55:21,15,3253,Washington Ave & Robin St (Draper Hall) (03253),0,0,7,,,44402,12:20:02,,,44402,12:20:02,0,00:00:00,door not opened
07/07/2025,12,4131,Monday,Weekday,East,15649545,42900,11:55:00,42921,11:55:21,14,2109,Washington Ave & N. Lake Ave (02109),0,3,7,,,44328,12:18:48,,,44355,12:19:15,27,00:00:27,doors opened
07/07/2025,12,4131,Monday,Weekday,East,15649545,42900,11:55:00,42921,11:55:21,13,3255,Washington Ave & Quail St (03255),0,1,10,,,44278,12:17:58,,,44301,12:18:21,23,00:00:23,doors opened
07/07/2025,12,4131,Monday,Weekday,East,15649545,42900,11:55:00,42921,11:55:21,12,3256,Washington Ave & Ontario St (03256),0,1,11,44160.0,12:16:00,44239,12:17:19,44160.0,12:16:00,44253,12:17:33,14,00:00:14,doors opened
07/07/2025,12,4131,Monday,Weekday,East,15649545,42900,11:55:00,42921,11:55:21,11,2107,Washington Ave & Partridge St (02107),0,0,12,,,44218,12:16:58,,,44218,12:16:58,0,00:00:00,door not opened
07/07/2025,12,4131,Monday,Weekday,East,15649545,42900,11:55:00,42921,11:55:21,10,3257,Washington Ave & N. Main Ave (03257),0,0,12,,,44158,12:15:58,,,44158,12:15:58,0,00:00:00,door not opened
07/07/2025,12,4131,Monday,Weekday,East,15649545,42900,11:55:00,42921,11:55:21,9,1796,Washington Ave & N. Allen St (01796),7,4,12,43980.0,12:13:00,44075,12:14:35,43980.0,12:13:00,44107,12:15:07,32,00:00:32,doors opened
07/07/2025,12,4131,Monday,Weekday,East,15649545,42900,11:55:00,42921,11:55:21,8,11581,Washington Ave & Manning Blvd (11581),0,0,9,,,44042,12:14:02,,,44042,12:14:02,0,00:00:00,door not opened
07/07/2025,12,4131,Monday,Weekday,East,15649545,42900,11:55:00,42921,11:55:21,7,2180,Washington Ave & Homestead Ave (02180),0,1,9,,,43997,12:13:17,,,44011,12:13:31,14,00:00:14,doors opened
07/07/2025,12,4131,Monday,Weekday,East,15649545,42900,11:55:00,42921,11:55:21,6,2182,Washington Ave & Hawthorne St (02182),1,0,10,,,43959,12:12:39,,,43974,12:12:54,15,00:00:15,doors opened
07/07/2025,12,4131,Monday,Weekday,East,15649545,42900,11:55:00,42921,11:55:21,5,3304,Washington Ave & Clermont St (03304),0,1,9,,,43923,12:12:03,,,43934,12:12:14,11,00:00:11,doors opened
07/07/2025,12,4131,Monday,Weekday,West,15649548,45600,12:40:00,45631,12:40:31,14,1841,Washington Ave & Ontario St (01841),0,0,7,46560.0,12:56:00,46481,12:54:41,46560.0,12:56:00,46481,12:54:41,0,00:00:00,door not opened
07/07/2025,12,4131,Monday,Weekday,West,15649548,45600,12:40:00,45631,12:40:31,13,1842,Washington Ave & Quail St (01842),0,0,7,,,46462,12:54:22,,,46462,12:54:22,0,00:00:00,door not opened
07/07/2025,12,4131,Monday,Weekday,West,15649548,45600,12:40:00,45631,12:40:31,12,1837,Washington Ave & N. Lake Ave (01837),1,1,7,,,46338,12:52:18,,,46391,12:53:11,53,00:00:53,doors opened
07/07/2025,12,4131,Monday,Weekday,West,15649548,45600,12:40:00,45631,12:40:31,11,1843,Washington Ave & Robin St (01843),0,2,7,,,46292,12:51:32,,,46304,12:51:44,12,00:00:12,doors opened
07/07/2025,12,4131,Monday,Weekday,West,15649548,45600,12:40:00,45631,12:40:31,10,12943,Washington Ave & Lexington Ave (12943),2,0,9,,,46248,12:50:48,,,46264,12:51:04,16,00:00:16,doors opened
07/07/2025,12,4131,Monday,Weekday,West,15649548,45600,12:40:00,45631,12:40:31,9,12942,Washington Ave & Henry Johnson Blvd (12942),0,0,7,,,46202,12:50:02,,,46202,12:50:02,0,00:00:00,door not opened
07/07/2025,12,4131,Monday,Weekday,West,15649548,45600,12:40:00,45631,12:40:31,8,3239,Lark/Library Station - Washington Ave & Lark St (03239),2,0,7,46140.0,12:49:00,46087,12:48:07,46140.0,12:49:00,46170,12:49:30,83,00:01:23,doors opened
07/07/2025,12,4131,Monday,Weekday,West,15649548,45600,12:40:00,45631,12:40:31,7,3301,Washington Ave & S. Swan St (03301),0,1,5,,,45993,12:46:33,,,46017,12:46:57,24,00:00:24,doors opened
07/07/2025,12,4131,Monday,Weekday,West,15649548,45600,12:40:00,45631,12:40:31,6,3250,Hawk/Capitol Station - Washington Ave & Hawk St (03250),2,1,6,,,45948,12:45:48,,,45967,12:46:07,19,00:00:19,doors opened
07/07/2025,12,4131,Monday,Weekday,West,15649548,45600,12:40:00,45631,12:40:31,5,10087,State St & Eagle St (10087),0,0,5,,,45921,12:45:21,,,45921,12:45:21,0,00:00:00,door not opened
07/07/2025,12,4131,Monday,Weekday,West,15649548,45600,12:40:00,45631,12:40:31,4,2665,State/Downtown Station - State St & Lodge St (02665),1,0,5,45840.0,12:44:00,45875,12:44:35,45840.0,12:44:00,45888,12:44:48,13,00:00:13,doors opened
07/07/2025,12,4131,Monday,Weekday,West,15649548,45600,12:40:00,45631,12:40:31,3,3221,State Station - N. Pearl St & Ten Eyck Plaza (03221),1,0,4,,,45781,12:43:01,,,45850,12:44:10,69,00:01:09,doors opened
07/07/2025,12,4131,Monday,Weekday,West,15649548,45600,12:40:00,45631,12:40:31,2,3233,N. Pearl St & Sheridan Ave (03233),0,0,3,,,45713,12:41:53,,,45713,12:41:53,0,00:00:00,door not opened
07/07/2025,12,4131,Monday,Weekday,West,15649548,45600,12:40:00,45631,12:40:31,1,2168,Clinton Square Station - N. Pearl St & Clinton Ave (02168),2,0,3,,,45670,12:41:10,,,45696,12:41:36,26,00:00:26,doors opened
07/07/2025,12,4131,Monday,Weekday,West,15649548,45600,12:40:00,45631,12:40:31,0,9018,Broadway & Orange St (09018),0,0,1,45600.0,12:40:00,45631,12:40:31,45600.0,12:40:00,45631,12:40:31,0,00:00:00,door not opened
07/07/2025,12,4131,Monday,Weekday,West,15649548,45600,12:40:00,45631,12:40:31,27,7175,Crossgates Mall Station (07175),0,1,0,48000.0,13:20:00,47713,13:15:13,48000.0,13:20:00,47713,13:15:13,0,00:00:00,doors opened
07/07/2025,12,4131,Monday,Weekday,West,15649548,45600,12:40:00,45631,12:40:31,26,12828,Crossgates Commons Station (12828),0,4,1,47580.0,13:13:00,47480,13:11:20,47580.0,13:13:00,47496,13:11:36,16,00:00:16,doors opened
07/07/2025,12,4131,Monday,Weekday,West,15649548,45600,12:40:00,45631,12:40:31,25,12891,1475 Washington Ave (12891),1,0,5,,,47250,13:07:30,,,47266,13:07:46,16,00:00:16,doors opened
07/07/2025,12,4131,Monday,Weekday,West,15649548,45600,12:40:00,45631,12:40:31,24,7216,SUNY Collins Circle (07216),0,0,4,47220.0,13:07:00,47164,13:06:04,47220.0,13:07:00,47172,13:06:12,8,00:00:08,doors opened
07/07/2025,12,4131,Monday,Weekday,West,15649548,45600,12:40:00,45631,12:40:31,23,3262,1383 Washington Ave (Fairfield Inn) (03262),0,0,4,,,47031,13:03:51,,,47031,13:03:51,0,00:00:00,door not opened
07/07/2025,12,4131,Monday,Weekday,West,15649548,45600,12:40:00,45631,12:40:31,22,976,Washington Ave & Brevator St (00976),0,0,4,,,46899,13:01:39,,,46899,13:01:39,0,00:00:00,door not opened
07/07/2025,12,4131,Monday,Weekday,West,15649548,45600,12:40:00,45631,12:40:31,21,1959,Washington Ave & Colvin Ave (01959),0,0,4,,,46860,13:01:00,,,46860,13:01:00,0,00:00:00,door not opened
07/07/2025,12,4131,Monday,Weekday,West,15649548,45600,12:40:00,45631,12:40:31,20,3399,Washington Ave & Danker Ave (03399),0,0,4,,,46791,12:59:51,,,46791,12:59:51,0,00:00:00,door not opened
07/07/2025,12,4131,Monday,Weekday,West,15649548,45600,12:40:00,45631,12:40:31,19,1849,Washington Ave & Homestead Ave (01849),0,2,4,,,46752,12:59:12,,,46766,12:59:26,14,00:00:14,doors opened
07/07/2025,12,4131,Monday,Weekday,West,15649548,45600,12:40:00,45631,12:40:31,18,1846,Washington Ave & Manning Blvd (01846),0,0,6,,,46670,12:57:50,,,46670,12:57:50,0,00:00:00,door not opened
07/07/2025,12,4131,Monday,Weekday,West,15649548,45600,12:40:00,45631,12:40:31,17,3287,Washington Ave & N. Allen St (03287),0,0,6,46800.0,13:00:00,46611,12:56:51,46800.0,13:00:00,46611,12:56:51,0,00:00:00,door not opened
07/07/2025,12,4131,Monday,Weekday,West,15649548,45600,12:40:00,45631,12:40:31,16,3264,Washington Ave & N. Main Ave (03264),0,0,6,,,46575,12:56:15,,,46575,12:56:15,0,00:00:00,door not opened
07/07/2025,12,4131,Monday,Weekday,West,15649548,45600,12:40:00,45631,12:40:31,15,1839,Washington Ave & Partridge St (01839),0,1,6,,,46502,12:55:02,,,46514,12:55:14,12,00:00:12,doors opened
07/07/2025,12,1900,Monday,Weekday,West,15649800,22800,06:20:00,22973,06:22:53,17,3287,Washington Ave & N. Allen St (03287),3,0,23,23880.0,06:38:00,24272,06:44:32,23880.0,06:38:00,24296,06:44:56,24,00:00:24,doors opened
07/07/2025,12,1900,Monday,Weekday,West,15649800,22800,06:20:00,22973,06:22:53,16,3264,Washington Ave & N. Main Ave (03264),2,0,20,,,24199,06:43:19,,,24238,06:43:58,39,00:00:39,doors opened
07/07/2025,12,1900,Monday,Weekday,West,15649800,22800,06:20:00,22973,06:22:53,15,1839,Washington Ave & Partridge St (01839),0,0,18,,,24108,06:41:48,,,24108,06:41:48,0,00:00:00,door not opened
07/07/2025,12,1900,Monday,Weekday,West,15649800,22800,06:20:00,22973,06:22:53,14,1841,Washington Ave & Ontario St (01841),2,0,18,23640.0,06:34:00,24048,06:40:48,23640.0,06:34:00,24073,06:41:13,25,00:00:25,doors opened
07/07/2025,12,1900,Monday,Weekday,West,15649800,22800,06:20:00,22973,06:22:53,13,1842,Washington Ave & Quail St (01842),7,0,16,,,23928,06:38:48,,,24023,06:40:23,95,00:01:35,doors opened
07/07/2025,12,1900,Monday,Weekday,West,15649800,22800,06:20:00,22973,06:22:53,12,1837,Washington Ave & N. Lake Ave (01837),3,0,9,,,23862,06:37:42,,,23898,06:38:18,36,00:00:36,doors opened
07/07/2025,12,1900,Monday,Weekday,West,15649800,22800,06:20:00,22973,06:22:53,11,1843,Washington Ave & Robin St (01843),1,0,6,,,23816,06:36:56,,,23834,06:37:14,18,00:00:18,doors opened
07/07/2025,12,1900,Monday,Weekday,West,15649800,22800,06:20:00,22973,06:22:53,10,12943,Washington Ave & Lexington Ave (12943),1,0,5,,,23761,06:36:01,,,23785,06:36:25,24,00:00:24,doors opened
07/07/2025,12,1900,Monday,Weekday,West,15649800,22800,06:20:00,22973,06:22:53,9,12942,Washington Ave & Henry Johnson Blvd (12942),1,0,4,,,23694,06:34:54,,,23709,06:35:09,15,00:00:15,doors opened
07/07/2025,12,1900,Monday,Weekday,West,15649800,22800,06:20:00,22973,06:22:53,8,3239,Lark/Library Station - Washington Ave & Lark St (03239),1,0,3,23280.0,06:28:00,23527,06:32:07,23280.0,06:28:00,23564,06:32:44,37,00:00:37,doors opened
07/07/2025,12,1900,Monday,Weekday,West,15649800,22800,06:20:00,22973,06:22:53,7,3301,Washington Ave & S. Swan St (03301),0,0,2,,,23474,06:31:14,,,23474,06:31:14,0,00:00:00,door not opened
07/07/2025,12,1900,Monday,Weekday,West,15649800,22800,06:20:00,22973,06:22:53,6,3250,Hawk/Capitol Station - Washington Ave & Hawk St (03250),1,1,2,,,23401,06:30:01,,,23452,06:30:52,51,00:00:51,doors opened
07/07/2025,12,1900,Monday,Weekday,West,15649800,22800,06:20:00,22973,06:22:53,5,10087,State St & Eagle St (10087),0,0,2,,,23374,06:29:34,,,23374,06:29:34,0,00:00:00,door not opened
07/07/2025,12,1900,Monday,Weekday,West,15649800,22800,06:20:00,22973,06:22:53,4,2665,State/Downtown Station - State St & Lodge St (02665),0,0,2,23040.0,06:24:00,23254,06:27:34,23040.0,06:24:00,23269,06:27:49,15,00:00:15,doors opened
07/07/2025,12,1900,Monday,Weekday,West,15649800,22800,06:20:00,22973,06:22:53,3,3221,State Station - N. Pearl St & Ten Eyck Plaza (03221),1,0,2,,,23067,06:24:27,,,23226,06:27:06,159,00:02:39,doors opened
07/07/2025,12,1900,Monday,Weekday,West,15649800,22800,06:20:00,22973,06:22:53,2,3233,N. Pearl St & Sheridan Ave (03233),0,0,1,,,23029,06:23:49,,,23029,06:23:49,0,00:00:00,door not opened
07/07/2025,12,1900,Monday,Weekday,West,15649800,22800,06:20:00,22973,06:22:53,1,2168,Clinton Square Station - N. Pearl St & Clinton Ave (02168),0,0,1,,,23016,06:23:36,,,23016,06:23:36,0,00:00:00,door not opened
07/07/2025,12,1900,Monday,Weekday,West,15649800,22800,06:20:00,22973,06:22:53,0,9018,Broadway & Orange St (09018),0,0,1,22800.0,06:20:00,22973,06:22:53,22800.0,06:20:00,22973,06:22:53,0,00:00:00,door not opened
07/07/2025,12,1900,Monday,Weekday,West,15649800,22800,06:20:00,22973,06:22:53,27,7175,Crossgates Mall Station (07175),0,8,0,25020.0,06:57:00,25256,07:00:56,25020.0,06:57:00,25256,07:00:56,0,00:00:00,doors opened
07/07/2025,12,1900,Monday,Weekday,West,15649800,22800,06:20:00,22973,06:22:53,26,12828,Crossgates Commons Station (12828),0,10,8,24660.0,06:51:00,25017,06:56:57,24660.0,06:51:00,25045,06:57:25,28,00:00:28,doors opened
07/07/2025,12,1900,Monday,Weekday,West,15649800,22800,06:20:00,22973,06:22:53,25,12891,1475 Washington Ave (12891),0,0,18,,,24855,06:54:15,,,24855,06:54:15,0,00:00:00,door not opened
07/07/2025,12,1900,Monday,Weekday,West,15649800,22800,06:20:00,22973,06:22:53,24,7216,SUNY Collins Circle (07216),0,5,18,24300.0,06:45:00,24724,06:52:04,24300.0,06:45:00,24747,06:52:27,23,00:00:23,doors opened
07/07/2025,12,1900,Monday,Weekday,West,15649800,22800,06:20:00,22973,06:22:53,23,3262,1383 Washington Ave (Fairfield Inn) (03262),1,2,23,,,24603,06:50:03,,,24625,06:50:25,22,00:00:22,doors opened
07/07/2025,12,1900,Monday,Weekday,West,15649800,22800,06:20:00,22973,06:22:53,22,976,Washington Ave & Brevator St (00976),1,1,24,,,24462,06:47:42,,,24479,06:47:59,17,00:00:17,doors opened
07/07/2025,12,1900,Monday,Weekday,West,15649800,22800,06:20:00,22973,06:22:53,21,1959,Washington Ave & Colvin Ave (01959),0,1,24,,,24422,06:47:02,,,24439,06:47:19,17,00:00:17,doors opened
07/07/2025,12,1900,Monday,Weekday,West,15649800,22800,06:20:00,22973,06:22:53,20,3399,Washington Ave & Danker Ave (03399),0,0,25,,,24399,06:46:39,,,24399,06:46:39,0,00:00:00,door not opened
07/07/2025,12,1900,Monday,Weekday,West,15649800,22800,06:20:00,22973,06:22:53,19,1849,Washington Ave & Homestead Ave (01849),0,0,25,,,24381,06:46:21,,,24381,06:46:21,0,00:00:00,door not opened
07/07/2025,12,1900,Monday,Weekday,West,15649800,22800,06:20:00,22973,06:22:53,18,1846,Washington Ave & Manning Blvd (01846),2,0,25,,,24327,06:45:27,,,24359,06:45:59,32,00:00:32,doors opened
07/07/2025,12,4104,Monday,Weekday,East,15652608,54900,15:15:00,54900,15:15:00,1,12827,Crossgates Commons Station (12827),6,4,11,55260.0,15:21:00,55146,15:19:06,55260.0,15:21:00,55211,15:20:11,65,00:01:05,doors opened
07/07/2025,12,4104,Monday,Weekday,East,15652608,54900,15:15:00,54900,15:15:00,0,7175,Crossgates Mall Station (07175),9,0,9,54900.0,15:15:00,54900,15:15:00,54900.0,15:15:00,54900,15:15:00,0,00:00:00,doors opened
07/07/2025,12,4104,Monday,Weekday,East,15652608,54900,15:15:00,54900,15:15:00,22,3940,Broadway & Steuben St (03940),0,0,0,57240.0,15:54:00,57299,15:54:59,57240.0,15:54:00,57299,15:54:59,0,00:00:00,door not opened
07/07/2025,12,4104,Monday,Weekday,East,15652608,54900,15:15:00,54900,15:15:00,21,2509,State/Downtown Station - State St & S. Pearl St (02509),0,7,0,57060.0,15:51:00,57145,15:52:25,57060.0,15:51:00,57216,15:53:36,71,00:01:11,doors opened
07/07/2025,12,4104,Monday,Weekday,East,15652608,54900,15:15:00,54900,15:15:00,20,1787,State St & Eagle St (01787),0,0,7,,,57130,15:52:10,,,57130,15:52:10,0,00:00:00,door not opened
07/07/2025,12,4104,Monday,Weekday,East,15652608,54900,15:15:00,54900,15:15:00,19,2706,Hawk/Capitol Station - Washington Ave & Hawk St (02706),0,0,7,,,56988,15:49:48,,,56988,15:49:48,0,00:00:00,door not opened
07/07/2025,12,4104,Monday,Weekday,East,15652608,54900,15:15:00,54900,15:15:00,18,1789,Washington Ave & S. Swan St (01789),0,0,7,,,56923,15:48:43,,,56923,15:48:43,0,00:00:00,door not opened
07/07/2025,12,4104,Monday,Weekday,East,15652608,54900,15:15:00,54900,15:15:00,17,1788,Washington Ave & Dove St (01788),1,1,7,,,56862,15:47:42,,,56879,15:47:59,17,00:00:17,doors opened
07/07/2025,12,4104,Monday,Weekday,East,15652608,54900,15:15:00,54900,15:15:00,16,2663,Lark/Library Station - Washington Ave & Lark St (02663),1,0,7,56760.0,15:46:00,56794,15:46:34,56760.0,15:46:00,56827,15:47:07,33,00:00:33,doors opened
07/07/2025,12,4104,Monday,Weekday,East,15652608,54900,15:15:00,54900,15:15:00,15,263,Washington Ave & Henry Johnson Blvd (00263),0,1,6,,,56704,15:45:04,,,56751,15:45:51,47,00:00:47,doors opened
07/07/2025,12,4104,Monday,Weekday,East,15652608,54900,15:15:00,54900,15:15:00,14,2096,Washington Ave & Lexington Ave (02096),0,0,7,,,56656,15:44:16,,,56656,15:44:16,0,00:00:00,door not opened
07/07/2025,12,4104,Monday,Weekday,East,15652608,54900,15:15:00,54900,15:15:00,13,3253,Washington Ave & Robin St (Draper Hall) (03253),0,0,7,,,56596,15:43:16,,,56596,15:43:16,0,00:00:00,door not opened
07/07/2025,12,4104,Monday,Weekday,East,15652608,54900,15:15:00,54900,15:15:00,12,2109,Washington Ave & N. Lake Ave (02109),0,0,7,,,56551,15:42:31,,,56551,15:42:31,0,00:00:00,door not opened
07/07/2025,12,4104,Monday,Weekday,East,15652608,54900,15:15:00,54900,15:15:00,11,3256,Washington Ave & Ontario St (03256),0,9,7,56340.0,15:39:00,56403,15:40:03,56340.0,15:39:00,56435,15:40:35,32,00:00:32,doors opened
07/07/2025,12,4104,Monday,Weekday,East,15652608,54900,15:15:00,54900,15:15:00,10,3257,Washington Ave & N. Main Ave (03257),3,1,16,,,56243,15:37:23,,,56270,15:37:50,27,00:00:27,doors opened
07/07/2025,12,4104,Monday,Weekday,East,15652608,54900,15:15:00,54900,15:15:00,9,1796,Washington Ave & N. Allen St (01796),0,0,14,56100.0,15:35:00,56212,15:36:52,56100.0,15:35:00,56212,15:36:52,0,00:00:00,door not opened
07/07/2025,12,4104,Monday,Weekday,East,15652608,54900,15:15:00,54900,15:15:00,8,11581,Washington Ave & Manning Blvd (11581),0,2,14,,,56100,15:35:00,,,56177,15:36:17,77,00:01:17,doors opened
07/07/2025,12,4104,Monday,Weekday,East,15652608,54900,15:15:00,54900,15:15:00,7,2180,Washington Ave & Homestead Ave (02180),0,0,16,,,56076,15:34:36,,,56076,15:34:36,0,00:00:00,door not opened
07/07/2025,12,4104,Monday,Weekday,East,15652608,54900,15:15:00,54900,15:15:00,6,2182,Washington Ave & Hawthorne St (02182),0,1,16,,,56027,15:33:47,,,56047,15:34:07,20,00:00:20,doors opened
07/07/2025,12,4104,Monday,Weekday,East,15652608,54900,15:15:00,54900,15:15:00,5,3304,Washington Ave & Clermont St (03304),0,0,17,,,55997,15:33:17,,,55997,15:33:17,0,00:00:00,door not opened
07/07/2025,12,4104,Monday,Weekday,East,15652608,54900,15:15:00,54900,15:15:00,4,3348,Washington Ave & Brevator St (03348),1,0,17,,,55893,15:31:33,,,55952,15:32:32,59,00:00:59,doors opened
07/07/2025,12,4104,Monday,Weekday,East,15652608,54900,15:15:00,54900,15:15:00,3,10134,Washington Ave & SUNY Exit Rd (10134),2,0,16,,,55720,15:28:40,,,55767,15:29:27,47,00:00:47,doors opened
07/07/2025,12,4104,Monday,Weekday,East,15652608,54900,15:15:00,54900,15:15:00,2,7216,SUNY Collins Circle (07216),4,1,14,55560.0,15:26:00,55536,15:25:36,55560.0,15:26:00,55604,15:26:44,68,00:01:08,doors opened
07/07/2025,12,4104,Monday,Weekday,West,15652610,57600,16:00:00,57859,16:04:19,15,3264,Washington Ave & N. Main Ave (03264),0,3,23,,,59138,16:25:38,,,59158,16:25:58,20,00:00:20,doors opened
07/07/2025,12,4104,Monday,Weekday,West,15652610,57600,16:00:00,57859,16:04:19,14,1839,Washington Ave & Partridge St (01839),1,3,26,,,59002,16:23:22,,,59026,16:23:46,24,00:00:24,doors opened
07/07/2025,12,4104,Monday,Weekday,West,15652610,57600,16:00:00,57859,16:04:19,13,1841,Washington Ave & Ontario St (01841),2,2,28,58680.0,16:18:00,58944,16:22:24,58680.0,16:18:00,58974,16:22:54,30,00:00:30,doors opened
07/07/2025,12,4104,Monday,Weekday,West,15652610,57600,16:00:00,57859,16:04:19,12,1837,Washington Ave & N. Lake Ave (01837),4,2,28,,,58821,16:20:21,,,58833,16:20:33,12,00:00:12,doors opened
07/07/2025,12,4104,Monday,Weekday,West,15652610,57600,16:00:00,57859,16:04:19,11,1843,Washington Ave & Robin St (01843),2,0,26,,,58772,16:19:32,,,58793,16:19:53,21,00:00:21,doors opened
07/07/2025,12,4104,Monday,Weekday,West,15652610,57600,16:00:00,57859,16:04:19,10,12943,Washington Ave & Lexington Ave (12943),0,2,24,,,58701,16:18:21,,,58716,16:18:36,15,00:00:15,doors opened
07/07/2025,12,4104,Monday,Weekday,West,15652610,57600,16:00:00,57859,16:04:19,9,12942,Washington Ave & Henry Johnson Blvd (12942),0,0,26,,,58596,16:16:36,,,58596,16:16:36,0,00:00:00,door not opened
07/07/2025,12,4104,Monday,Weekday,West,15652610,57600,16:00:00,57859,16:04:19,8,3239,Lark/Library Station - Washington Ave & Lark St (03239),0,1,26,58260.0,16:11:00,58444,16:14:04,58260.0,16:11:00,58526,16:15:26,82,00:01:22,doors opened
07/07/2025,12,4104,Monday,Weekday,West,15652610,57600,16:00:00,57859,16:04:19,7,3301,Washington Ave & S. Swan St (03301),7,0,27,,,58368,16:12:48,,,58407,16:13:27,39,00:00:39,doors opened
07/07/2025,12,4104,Monday,Weekday,West,15652610,57600,16:00:00,57859,16:04:19,6,3250,Hawk/Capitol Station - Washington Ave & Hawk St (03250),1,0,20,,,58324,16:12:04,,,58341,16:12:21,17,00:00:17,doors opened
07/07/2025,12,4104,Monday,Weekday,West,15652610,57600,16:00:00,57859,16:04:19,5,10087,State St & Eagle St (10087),0,0,19,,,58298,16:11:38,,,58298,16:11:38,0,00:00:00,door not opened
07/07/2025,12,4104,Monday,Weekday,West,15652610,57600,16:00:00,57859,16:04:19,4,2665,State/Downtown Station - State St & Lodge St (02665),10,0,19,57900.0,16:05:00,58139,16:08:59,57900.0,16:05:00,58239,16:10:39,100,00:01:40,doors opened
07/07/2025,12,4104,Monday,Weekday,West,15652610,57600,16:00:00,57859,16:04:19,3,3221,State Station - N. Pearl St & Ten Eyck Plaza (03221),6,0,9,,,58000,16:06:40,,,58108,16:08:28,108,00:01:48,doors opened
07/07/2025,12,4104,Monday,Weekday,West,15652610,57600,16:00:00,57859,16:04:19,2,3233,N. Pearl St & Sheridan Ave (03233),0,0,3,,,57934,16:05:34,,,57934,16:05:34,0,00:00:00,door not opened
07/07/2025,12,4104,Monday,Weekday,West,15652610,57600,16:00:00,57859,16:04:19,1,2168,Clinton Square Station - N. Pearl St & Clinton Ave (02168),1,0,3,,,57890,16:04:50,,,57915,16:05:15,25,00:00:25,doors opened
07/07/2025,12,4104,Monday,Weekday,West,15652610,57600,16:00:00,57859,16:04:19,0,9018,Broadway & Orange St (09018),2,0,2,57600.0,16:00:00,57859,16:04:19,57600.0,16:00:00,57859,16:04:19,0,00:00:00,doors opened
07/07/2025,12,4104,Monday,Weekday,West,15652610,57600,16:00:00,57859,16:04:19,26,7175,Crossgates Mall Station (07175),0,9,0,60300.0,16:45:00,60643,16:50:43,60300.0,16:45:00,60643,16:50:43,0,00:00:00,doors opened
07/07/2025,12,4104,Monday,Weekday,West,15652610,57600,16:00:00,57859,16:04:19,25,12828,Crossgates Commons Station (12828),0,10,9,59880.0,16:38:00,60342,16:45:42,59880.0,16:38:00,60372,16:46:12,30,00:00:30,doors opened
07/07/2025,12,4104,Monday,Weekday,West,15652610,57600,16:00:00,57859,16:04:19,24,12891,1475 Washington Ave (12891),1,0,19,,,60025,16:40:25,,,60138,16:42:18,113,00:01:53,doors opened
07/07/2025,12,4104,Monday,Weekday,West,15652610,57600,16:00:00,57859,16:04:19,23,7216,SUNY Collins Circle (07216),1,2,18,59460.0,16:31:00,59833,16:37:13,59460.0,16:31:00,59856,16:37:36,23,00:00:23,doors opened
07/07/2025,12,4104,Monday,Weekday,West,15652610,57600,16:00:00,57859,16:04:19,22,3262,1383 Washington Ave (Fairfield Inn) (03262),1,6,19,,,59649,16:34:09,,,59701,16:35:01,52,00:00:52,doors opened
07/07/2025,12,4104,Monday,Weekday,West,15652610,57600,16:00:00,57859,16:04:19,21,976,Washington Ave & Brevator St (00976),0,1,24,,,59503,16:31:43,,,59521,16:32:01,18,00:00:18,doors opened
07/07/2025,12,4104,Monday,Weekday,West,15652610,57600,16:00:00,57859,16:04:19,20,1959,Washington Ave & Colvin Ave (01959),0,0,25,,,59480,16:31:20,,,59480,16:31:20,0,00:00:00,door not opened
07/07/2025,12,4104,Monday,Weekday,West,15652610,57600,16:00:00,57859,16:04:19,19,3399,Washington Ave & Danker Ave (03399),0,1,25,,,59407,16:30:07,,,59419,16:30:19,12,00:00:12,doors opened
07/07/2025,12,4104,Monday,Weekday,West,15652610,57600,16:00:00,57859,16:04:19,18,1849,Washington Ave & Homestead Ave (01849),0,1,26,,,59365,16:29:25,,,59378,16:29:38,13,00:00:13,doors opened
07/07/2025,12,4104,Monday,Weekday,West,15652610,57600,16:00:00,57859,16:04:19,17,1846,Washington Ave & Manning Blvd (01846),5,1,27,,,59234,16:27:14,,,59337,16:28:57,103,00:01:43,doors opened
07/07/2025,12,4104,Monday,Weekday,West,15652610,57600,16:00:00,57859,16:04:19,16,3287,Washington Ave & N. Allen St (03287),0,0,23,58980.0,16:23:00,59199,16:26:39,58980.0,16:23:00,59199,16:26:39,0,00:00:00,door not opened
07/07/2025,12,4104,Monday,Weekday,East,15652611,60900,16:55:00,60974,16:56:14,24,3940,Broadway & Steuben St (03940),0,1,0,63240.0,17:34:00,63093,17:31:33,63240.0,17:34:00,63093,17:31:33,0,00:00:00,doors opened
07/07/2025,12,4104,Monday,Weekday,East,15652611,60900,16:55:00,60974,16:56:14,23,2509,State/Downtown Station - State St & S. Pearl St (02509),1,7,1,63060.0,17:31:00,63008,17:30:08,63060.0,17:31:00,63028,17:30:28,20,00:00:20,doors opened
07/07/2025,12,4104,Monday,Weekday,East,15652611,60900,16:55:00,60974,16:56:14,22,1787,State St & Eagle St (01787),0,0,7,,,62991,17:29:51,,,62991,17:29:51,0,00:00:00,door not opened
07/07/2025,12,4104,Monday,Weekday,East,15652611,60900,16:55:00,60974,16:56:14,21,2706,Hawk/Capitol Station - Washington Ave & Hawk St (02706),0,0,7,,,62872,17:27:52,,,62872,17:27:52,0,00:00:00,door not opened
07/07/2025,12,4104,Monday,Weekday,East,15652611,60900,16:55:00,60974,16:56:14,20,1789,Washington Ave & S. Swan St (01789),0,1,7,,,62789,17:26:29,,,62841,17:27:21,52,00:00:52,doors opened
07/07/2025,12,4104,Monday,Weekday,East,15652611,60900,16:55:00,60974,16:56:14,19,1788,Washington Ave & Dove St (01788),0,0,8,,,62759,17:25:59,,,62759,17:25:59,0,00:00:00,door not opened
07/07/2025,12,4104,Monday,Weekday,East,15652611,60900,16:55:00,60974,16:56:14,18,2663,Lark/Library Station - Washington Ave & Lark St (02663),1,5,8,62760.0,17:26:00,62677,17:24:37,62760.0,17:26:00,62726,17:25:26,49,00:00:49,doors opened
07/07/2025,12,4104,Monday,Weekday,East,15652611,60900,16:55:00,60974,16:56:14,17,263,Washington Ave & Henry Johnson Blvd (00263),0,0,12,,,62636,17:23:56,,,62636,17:23:56,0,00:00:00,door not opened
07/07/2025,12,4104,Monday,Weekday,East,15652611,60900,16:55:00,60974,16:56:14,16,2096,Washington Ave & Lexington Ave (02096),2,0,12,,,62550,17:22:30,,,62573,17:22:53,23,00:00:23,doors opened
07/07/2025,12,4104,Monday,Weekday,East,15652611,60900,16:55:00,60974,16:56:14,15,3253,Washington Ave & Robin St (Draper Hall) (03253),0,0,10,,,62531,17:22:11,,,62531,17:22:11,0,00:00:00,door not opened
07/07/2025,12,4104,Monday,Weekday,East,15652611,60900,16:55:00,60974,16:56:14,14,2109,Washington Ave & N. Lake Ave (02109),0,1,10,,,62487,17:21:27,,,62500,17:21:40,13,00:00:13,doors opened
07/07/2025,12,4104,Monday,Weekday,East,15652611,60900,16:55:00,60974,16:56:14,13,3255,Washington Ave & Quail St (03255),4,2,11,,,62403,17:20:03,,,62458,17:20:58,55,00:00:55,doors opened
07/07/2025,12,4104,Monday,Weekday,East,15652611,60900,16:55:00,60974,16:56:14,12,3256,Washington Ave & Ontario St (03256),0,1,9,62340.0,17:19:00,62355,17:19:15,62340.0,17:19:00,62378,17:19:38,23,00:00:23,doors opened
07/07/2025,12,4104,Monday,Weekday,East,15652611,60900,16:55:00,60974,16:56:14,11,2107,Washington Ave & Partridge St (02107),0,2,10,,,62316,17:18:36,,,62329,17:18:49,13,00:00:13,doors opened
07/07/2025,12,4104,Monday,Weekday,East,15652611,60900,16:55:00,60974,16:56:14,10,3257,Washington Ave & N. Main Ave (03257),0,0,12,,,62228,17:17:08,,,62228,17:17:08,0,00:00:00,door not opened
07/07/2025,12,4104,Monday,Weekday,East,15652611,60900,16:55:00,60974,16:56:14,9,1796,Washington Ave & N. Allen St (01796),0,0,12,62100.0,17:15:00,62197,17:16:37,62100.0,17:15:00,62197,17:16:37,0,00:00:00,door not opened
07/07/2025,12,4104,Monday,Weekday,East,15652611,60900,16:55:00,60974,16:56:14,8,11581,Washington Ave & Manning Blvd (11581),0,0,12,,,62160,17:16:00,,,62160,17:16:00,0,00:00:00,door not opened
07/07/2025,12,4104,Monday,Weekday,East,15652611,60900,16:55:00,60974,16:56:14,7,2180,Washington Ave & Homestead Ave (02180),0,1,12,,,62076,17:14:36,,,62106,17:15:06,30,00:00:30,doors opened
07/07/2025,12,4104,Monday,Weekday,East,15652611,60900,16:55:00,60974,16:56:14,6,2182,Washington Ave & Hawthorne St (02182),0,1,13,,,62033,17:13:53,,,62048,17:14:08,15,00:00:15,doors opened
07/07/2025,12,4104,Monday,Weekday,East,15652611,60900,16:55:00,60974,16:56:14,5,3304,Washington Ave & Clermont St (03304),0,0,14,,,62004,17:13:24,,,62004,17:13:24,0,00:00:00,door not opened
07/07/2025,12,4104,Monday,Weekday,East,15652611,60900,16:55:00,60974,16:56:14,4,3348,Washington Ave & Brevator St (03348),1,0,14,,,61954,17:12:34,,,61974,17:12:54,20,00:00:20,doors opened
07/07/2025,12,4104,Monday,Weekday,East,15652611,60900,16:55:00,60974,16:56:14,3,10134,Washington Ave & SUNY Exit Rd (10134),3,1,13,,,61770,17:09:30,,,61801,17:10:01,31,00:00:31,doors opened
07/07/2025,12,4104,Monday,Weekday,East,15652611,60900,16:55:00,60974,16:56:14,2,7216,SUNY Collins Circle (07216),4,0,11,61560.0,17:06:00,61627,17:07:07,61560.0,17:06:00,61669,17:07:49,42,00:00:42,doors opened
07/07/2025,12,4104,Monday,Weekday,East,15652611,60900,16:55:00,60974,16:56:14,1,12827,Crossgates Commons Station (12827),3,2,7,61260.0,17:01:00,61280,17:01:20,61260.0,17:01:00,61379,17:02:59,99,00:01:39,doors opened
07/07/2025,12,4104,Monday,Weekday,East,15652611,60900,16:55:00,60974,16:56:14,0,7175,Crossgates Mall Station (07175),6,0,6,60900.0,16:55:00,60974,16:56:14,60900.0,16:55:00,60974,16:56:14,0,00:00:00,doors opened
07/07/2025,12,4104,Monday,Weekday,West,15652613,63600,17:40:00,63756,17:42:36,13,1842,Washington Ave & Quail St (01842),2,3,22,,,64733,17:58:53,,,64794,17:59:54,61,00:01:01,doors opened
07/07/2025,12,4104,Monday,Weekday,West,15652613,63600,17:40:00,63756,17:42:36,12,1837,Washington Ave & N. Lake Ave (01837),1,0,23,,,64682,17:58:02,,,64704,17:58:24,22,00:00:22,doors opened
07/07/2025,12,4104,Monday,Weekday,West,15652613,63600,17:40:00,63756,17:42:36,11,1843,Washington Ave & Robin St (01843),2,1,22,,,64626,17:57:06,,,64657,17:57:37,31,00:00:31,doors opened
07/07/2025,12,4104,Monday,Weekday,West,15652613,63600,17:40:00,63756,17:42:36,10,12943,Washington Ave & Lexington Ave (12943),0,1,21,,,64581,17:56:21,,,64598,17:56:38,17,00:00:17,doors opened
07/07/2025,12,4104,Monday,Weekday,West,15652613,63600,17:40:00,63756,17:42:36,9,12942,Washington Ave & Henry Johnson Blvd (12942),4,1,22,,,64490,17:54:50,,,64527,17:55:27,37,00:00:37,doors opened
07/07/2025,12,4104,Monday,Weekday,West,15652613,63600,17:40:00,63756,17:42:36,8,3239,Lark/Library Station - Washington Ave & Lark St (03239),4,1,19,64200.0,17:50:00,64385,17:53:05,64200.0,17:50:00,64438,17:53:58,53,00:00:53,doors opened
07/07/2025,12,4104,Monday,Weekday,West,15652613,63600,17:40:00,63756,17:42:36,7,3301,Washington Ave & S. Swan St (03301),1,0,16,,,64243,17:50:43,,,64317,17:51:57,74,00:01:14,doors opened
07/07/2025,12,4104,Monday,Weekday,West,15652613,63600,17:40:00,63756,17:42:36,6,3250,Hawk/Capitol Station - Washington Ave & Hawk St (03250),4,0,15,,,64190,17:49:50,,,64217,17:50:17,27,00:00:27,doors opened
07/07/2025,12,4104,Monday,Weekday,West,15652613,63600,17:40:00,63756,17:42:36,5,10087,State St & Eagle St (10087),0,0,11,,,64162,17:49:22,,,64162,17:49:22,0,00:00:00,door not opened
07/07/2025,12,4104,Monday,Weekday,West,15652613,63600,17:40:00,63756,17:42:36,4,2665,State/Downtown Station - State St & Lodge St (02665),5,0,11,63900.0,17:45:00,64026,17:47:06,63900.0,17:45:00,64107,17:48:27,81,00:01:21,doors opened
07/07/2025,12,4104,Monday,Weekday,West,15652613,63600,17:40:00,63756,17:42:36,3,3221,State Station - N. Pearl St & Ten Eyck Plaza (03221),1,0,6,,,63948,17:45:48,,,63996,17:46:36,48,00:00:48,doors opened
07/07/2025,12,4104,Monday,Weekday,West,15652613,63600,17:40:00,63756,17:42:36,2,3233,N. Pearl St & Sheridan Ave (03233),0,0,5,,,63903,17:45:03,,,63903,17:45:03,0,00:00:00,door not opened
07/07/2025,12,4104,Monday,Weekday,West,15652613,63600,17:40:00,63756,17:42:36,1,2168,Clinton Square Station - N. Pearl St & Clinton Ave (02168),4,0,5,,,63835,17:43:55,,,63874,17:44:34,39,00:00:39,doors opened
07/07/2025,12,4104,Monday,Weekday,West,15652613,63600,17:40:00,63756,17:42:36,0,9018,Broadway & Orange St (09018),1,0,1,63600.0,17:40:00,63756,17:42:36,63600.0,17:40:00,63756,17:42:36,0,00:00:00,doors opened
07/07/2025,12,4104,Monday,Weekday,West,15652613,63600,17:40:00,63756,17:42:36,27,7175,Crossgates Mall Station (07175),0,11,0,66060.0,18:21:00,66278,18:24:38,66060.0,18:21:00,66278,18:24:38,0,00:00:00,doors opened
07/07/2025,12,4104,Monday,Weekday,West,15652613,63600,17:40:00,63756,17:42:36,26,12828,Crossgates Commons Station (12828),0,17,11,65640.0,18:14:00,65989,18:19:49,65640.0,18:14:00,66021,18:20:21,32,00:00:32,doors opened
07/07/2025,12,4104,Monday,Weekday,West,15652613,63600,17:40:00,63756,17:42:36,25,12891,1475 Washington Ave (12891),1,0,28,,,65772,18:16:12,,,65787,18:16:27,15,00:00:15,doors opened
07/07/2025,12,4104,Monday,Weekday,West,15652613,63600,17:40:00,63756,17:42:36,24,7216,SUNY Collins Circle (07216),0,4,27,65280.0,18:08:00,65628,18:13:48,65280.0,18:08:00,65647,18:14:07,19,00:00:19,doors opened
07/07/2025,12,4104,Monday,Weekday,West,15652613,63600,17:40:00,63756,17:42:36,23,3262,1383 Washington Ave (Fairfield Inn) (03262),5,2,31,,,65493,18:11:33,,,65531,18:12:11,38,00:00:38,doors opened
07/07/2025,12,4104,Monday,Weekday,West,15652613,63600,17:40:00,63756,17:42:36,22,976,Washington Ave & Brevator St (00976),0,0,28,,,65363,18:09:23,,,65363,18:09:23,0,00:00:00,door not opened
07/07/2025,12,4104,Monday,Weekday,West,15652613,63600,17:40:00,63756,17:42:36,21,1959,Washington Ave & Colvin Ave (01959),1,2,28,,,65286,18:08:06,,,65317,18:08:37,31,00:00:31,doors opened
07/07/2025,12,4104,Monday,Weekday,West,15652613,63600,17:40:00,63756,17:42:36,20,3399,Washington Ave & Danker Ave (03399),0,0,29,,,65262,18:07:42,,,65262,18:07:42,0,00:00:00,door not opened
07/07/2025,12,4104,Monday,Weekday,West,15652613,63600,17:40:00,63756,17:42:36,19,1849,Washington Ave & Homestead Ave (01849),2,1,29,,,65191,18:06:31,,,65237,18:07:17,46,00:00:46,doors opened
07/07/2025,12,4104,Monday,Weekday,West,15652613,63600,17:40:00,63756,17:42:36,18,1846,Washington Ave & Manning Blvd (01846),0,0,28,,,65169,18:06:09,,,65169,18:06:09,0,00:00:00,door not opened
07/07/2025,12,4104,Monday,Weekday,West,15652613,63600,17:40:00,63756,17:42:36,17,3287,Washington Ave & N. Allen St (03287),5,0,28,64860.0,18:01:00,65061,18:04:21,64860.0,18:01:00,65136,18:05:36,75,00:01:15,doors opened
07/07/2025,12,4104,Monday,Weekday,West,15652613,63600,17:40:00,63756,17:42:36,16,3264,Washington Ave & N. Main Ave (03264),1,1,23,,,64970,18:02:50,,,65028,18:03:48,58,00:00:58,doors opened
07/07/2025,12,4104,Monday,Weekday,West,15652613,63600,17:40:00,63756,17:42:36,15,1839,Washington Ave & Partridge St (01839),0,1,23,,,64882,18:01:22,,,64900,18:01:40,18,00:00:18,doors opened
07/07/2025,12,4104,Monday,Weekday,West,15652613,63600,17:40:00,63756,17:42:36,14,1841,Washington Ave & Ontario St (01841),2,0,24,64620.0,17:57:00,64819,18:00:19,64620.0,17:57:00,64857,18:00:57,38,00:00:38,doors opened
07/07/2025,12,4104,Monday,Weekday,East,15652725,72900,20:15:00,73151,20:19:11,24,3940,Broadway & Steuben St (03940),0,0,0,74940.0,20:49:00,74962,20:49:22,74940.0,20:49:00,74962,20:49:22,0,00:00:00,door not opened
07/07/2025,12,4104,Monday,Weekday,East,15652725,72900,20:15:00,73151,20:19:11,23,2509,State/Downtown Station - State St & S. Pearl St (02509),0,4,0,74760.0,20:46:00,74870,20:47:50,74760.0,20:46:00,74902,20:48:22,32,00:00:32,doors opened
07/07/2025,12,4104,Monday,Weekday,East,15652725,72900,20:15:00,73151,20:19:11,22,1787,State St & Eagle St (01787),0,0,4,,,74850,20:47:30,,,74850,20:47:30,0,00:00:00,door not opened
07/07/2025,12,4104,Monday,Weekday,East,15652725,72900,20:15:00,73151,20:19:11,21,2706,Hawk/Capitol Station - Washington Ave & Hawk St (02706),0,0,4,,,74720,20:45:20,,,74720,20:45:20,0,00:00:00,door not opened
07/07/2025,12,4104,Monday,Weekday,East,15652725,72900,20:15:00,73151,20:19:11,20,1789,Washington Ave & S. Swan St (01789),0,0,4,,,74705,20:45:05,,,74705,20:45:05,0,00:00:00,door not opened
07/07/2025,12,4104,Monday,Weekday,East,15652725,72900,20:15:00,73151,20:19:11,19,1788,Washington Ave & Dove St (01788),0,0,4,,,74684,20:44:44,,,74684,20:44:44,0,00:00:00,door not opened
07/07/2025,12,4104,Monday,Weekday,East,15652725,72900,20:15:00,73151,20:19:11,18,2663,Lark/Library Station - Washington Ave & Lark St (02663),0,0,4,74520.0,20:42:00,74640,20:44:00,74520.0,20:42:00,74640,20:44:00,0,00:00:00,door not opened
07/07/2025,12,4104,Monday,Weekday,East,15652725,72900,20:15:00,73151,20:19:11,17,263,Washington Ave & Henry Johnson Blvd (00263),0,0,4,,,74616,20:43:36,,,74616,20:43:36,0,00:00:00,door not opened
07/07/2025,12,4104,Monday,Weekday,East,15652725,72900,20:15:00,73151,20:19:11,16,2096,Washington Ave & Lexington Ave (02096),0,1,4,,,74527,20:42:07,,,74567,20:42:47,40,00:00:40,doors opened
07/07/2025,12,4104,Monday,Weekday,East,15652725,72900,20:15:00,73151,20:19:11,15,3253,Washington Ave & Robin St (Draper Hall) (03253),0,0,5,,,74509,20:41:49,,,74509,20:41:49,0,00:00:00,door not opened
07/07/2025,12,4104,Monday,Weekday,East,15652725,72900,20:15:00,73151,20:19:11,14,2109,Washington Ave & N. Lake Ave (02109),1,4,5,,,74450,20:40:50,,,74475,20:41:15,25,00:00:25,doors opened
07/07/2025,12,4104,Monday,Weekday,East,15652725,72900,20:15:00,73151,20:19:11,13,3255,Washington Ave & Quail St (03255),0,4,8,,,74381,20:39:41,,,74421,20:40:21,40,00:00:40,doors opened
07/07/2025,12,4104,Monday,Weekday,East,15652725,72900,20:15:00,73151,20:19:11,12,3256,Washington Ave & Ontario St (03256),0,1,12,74160.0,20:36:00,74328,20:38:48,74160.0,20:36:00,74356,20:39:16,28,00:00:28,doors opened
07/07/2025,12,4104,Monday,Weekday,East,15652725,72900,20:15:00,73151,20:19:11,11,2107,Washington Ave & Partridge St (02107),1,0,13,,,74285,20:38:05,,,74305,20:38:25,20,00:00:20,doors opened
07/07/2025,12,4104,Monday,Weekday,East,15652725,72900,20:15:00,73151,20:19:11,10,3257,Washington Ave & N. Main Ave (03257),0,0,12,,,74218,20:36:58,,,74218,20:36:58,0,00:00:00,door not opened
07/07/2025,12,4104,Monday,Weekday,East,15652725,72900,20:15:00,73151,20:19:11,9,1796,Washington Ave & N. Allen St (01796),0,2,12,73980.0,20:33:00,74131,20:35:31,73980.0,20:33:00,74148,20:35:48,17,00:00:17,doors opened
07/07/2025,12,4104,Monday,Weekday,East,15652725,72900,20:15:00,73151,20:19:11,8,11581,Washington Ave & Manning Blvd (11581),0,0,14,,,74100,20:35:00,,,74100,20:35:00,0,00:00:00,door not opened
07/07/2025,12,4104,Monday,Weekday,East,15652725,72900,20:15:00,73151,20:19:11,7,2180,Washington Ave & Homestead Ave (02180),0,0,14,,,74077,20:34:37,,,74077,20:34:37,0,00:00:00,door not opened
07/07/2025,12,4104,Monday,Weekday,East,15652725,72900,20:15:00,73151,20:19:11,6,2182,Washington Ave & Hawthorne St (02182),0,0,14,,,74018,20:33:38,,,74018,20:33:38,0,00:00:00,door not opened
07/07/2025,12,4104,Monday,Weekday,East,15652725,72900,20:15:00,73151,20:19:11,5,3304,Washington Ave & Clermont St (03304),2,1,14,,,73956,20:32:36,,,73982,20:33:02,26,00:00:26,doors opened
07/07/2025,12,4104,Monday,Weekday,East,15652725,72900,20:15:00,73151,20:19:11,4,3348,Washington Ave & Brevator St (03348),2,0,13,,,73911,20:31:51,,,73933,20:32:13,22,00:00:22,doors opened
07/07/2025,12,4104,Monday,Weekday,East,15652725,72900,20:15:00,73151,20:19:11,3,10134,Washington Ave & SUNY Exit Rd (10134),1,2,11,,,73777,20:29:37,,,73795,20:29:55,18,00:00:18,doors opened
07/07/2025,12,4104,Monday,Weekday,East,15652725,72900,20:15:00,73151,20:19:11,2,7216,SUNY Collins Circle (07216),5,0,12,73500.0,20:25:00,73626,20:27:06,73500.0,20:25:00,73658,20:27:38,32,00:00:32,doors opened
07/07/2025,12,4104,Monday,Weekday,East,15652725,72900,20:15:00,73151,20:19:11,1,12827,Crossgates Commons Station (12827),7,0,7,73200.0,20:20:00,73312,20:21:52,73200.0,20:20:00,73359,20:22:39,47,00:00:47,doors opened
07/07/2025,12,4104,Monday,Weekday,East,15652725,72900,20:15:00,73151,20:19:11,0,7175,Crossgates Mall Station (07175),0,0,0,72900.0,20:15:00,73151,20:19:11,72900.0,20:15:00,73151,20:19:11,0,00:00:00,door not opened
07/07/2025,12,4104,Monday,Weekday,East,15652731,78900,21:55:00,79041,21:57:21,24,3940,Broadway & Steuben St (03940),0,0,0,80880.0,22:28:00,81124,22:32:04,80880.0,22:28:00,81124,22:32:04,0,00:00:00,door not opened
07/07/2025,12,4104,Monday,Weekday,East,15652731,78900,21:55:00,79041,21:57:21,23,2509,State/Downtown Station - State St & S. Pearl St (02509),0,1,0,80760.0,22:26:00,80996,22:29:56,80760.0,22:26:00,81064,22:31:04,68,00:01:08,doors opened
07/07/2025,12,4104,Monday,Weekday,East,15652731,78900,21:55:00,79041,21:57:21,22,1787,State St & Eagle St (01787),0,0,1,,,80978,22:29:38,,,80978,22:29:38,0,00:00:00,door not opened
07/07/2025,12,4104,Monday,Weekday,East,15652731,78900,21:55:00,79041,21:57:21,21,2706,Hawk/Capitol Station - Washington Ave & Hawk St (02706),0,0,1,,,80841,22:27:21,,,80841,22:27:21,0,00:00:00,door not opened
07/07/2025,12,4104,Monday,Weekday,East,15652731,78900,21:55:00,79041,21:57:21,20,1789,Washington Ave & S. Swan St (01789),0,0,1,,,80823,22:27:03,,,80823,22:27:03,0,00:00:00,door not opened
07/07/2025,12,4104,Monday,Weekday,East,15652731,78900,21:55:00,79041,21:57:21,19,1788,Washington Ave & Dove St (01788),0,0,1,,,80799,22:26:39,,,80799,22:26:39,0,00:00:00,door not opened
07/07/2025,12,4104,Monday,Weekday,East,15652731,78900,21:55:00,79041,21:57:21,18,2663,Lark/Library Station - Washington Ave & Lark St (02663),0,1,1,80520.0,22:22:00,80703,22:25:03,80520.0,22:22:00,80756,22:25:56,53,00:00:53,doors opened
07/07/2025,12,4104,Monday,Weekday,East,15652731,78900,21:55:00,79041,21:57:21,17,263,Washington Ave & Henry Johnson Blvd (00263),0,2,2,,,80600,22:23:20,,,80677,22:24:37,77,00:01:17,doors opened
07/07/2025,12,4104,Monday,Weekday,East,15652731,78900,21:55:00,79041,21:57:21,16,2096,Washington Ave & Lexington Ave (02096),0,0,4,,,80572,22:22:52,,,80572,22:22:52,0,00:00:00,door not opened
07/07/2025,12,4104,Monday,Weekday,East,15652731,78900,21:55:00,79041,21:57:21,15,3253,Washington Ave & Robin St (Draper Hall) (03253),0,0,4,,,80509,22:21:49,,,80509,22:21:49,0,00:00:00,door not opened
07/07/2025,12,4104,Monday,Weekday,East,15652731,78900,21:55:00,79041,21:57:21,14,2109,Washington Ave & N. Lake Ave (02109),0,2,4,,,80447,22:20:47,,,80475,22:21:15,28,00:00:28,doors opened
07/07/2025,12,4104,Monday,Weekday,East,15652731,78900,21:55:00,79041,21:57:21,13,3255,Washington Ave & Quail St (03255),0,2,6,,,80370,22:19:30,,,80419,22:20:19,49,00:00:49,doors opened
07/07/2025,12,4104,Monday,Weekday,East,15652731,78900,21:55:00,79041,21:57:21,12,3256,Washington Ave & Ontario St (03256),0,2,8,80160.0,22:16:00,80322,22:18:42,80160.0,22:16:00,80346,22:19:06,24,00:00:24,doors opened
07/07/2025,12,4104,Monday,Weekday,East,15652731,78900,21:55:00,79041,21:57:21,11,2107,Washington Ave & Partridge St (02107),0,0,10,,,80302,22:18:22,,,80302,22:18:22,0,00:00:00,door not opened
07/07/2025,12,4104,Monday,Weekday,East,15652731,78900,21:55:00,79041,21:57:21,10,3257,Washington Ave & N. Main Ave (03257),0,0,10,,,80185,22:16:25,,,80211,22:16:51,26,00:00:26,doors opened
07/07/2025,12,4104,Monday,Weekday,East,15652731,78900,21:55:00,79041,21:57:21,9,1796,Washington Ave & N. Allen St (01796),0,1,10,79980.0,22:13:00,80135,22:15:35,79980.0,22:13:00,80151,22:15:51,16,00:00:16,doors opened
07/07/2025,12,4104,Monday,Weekday,East,15652731,78900,21:55:00,79041,21:57:21,8,11581,Washington Ave & Manning Blvd (11581),0,1,11,,,80084,22:14:44,,,80098,22:14:58,14,00:00:14,doors opened
07/07/2025,12,4104,Monday,Weekday,East,15652731,78900,21:55:00,79041,21:57:21,7,2180,Washington Ave & Homestead Ave (02180),0,0,12,,,80062,22:14:22,,,80062,22:14:22,0,00:00:00,door not opened
07/07/2025,12,4104,Monday,Weekday,East,15652731,78900,21:55:00,79041,21:57:21,6,2182,Washington Ave & Hawthorne St (02182),0,0,12,,,80018,22:13:38,,,80018,22:13:38,0,00:00:00,door not opened
07/07/2025,12,4104,Monday,Weekday,East,15652731,78900,21:55:00,79041,21:57:21,5,3304,Washington Ave & Clermont St (03304),0,0,12,,,80000,22:13:20,,,80000,22:13:20,0,00:00:00,door not opened
07/07/2025,12,4104,Monday,Weekday,East,15652731,78900,21:55:00,79041,21:57:21,4,3348,Washington Ave & Brevator St (03348),0,0,12,,,79968,22:12:48,,,79968,22:12:48,0,00:00:00,door not opened
07/07/2025,12,4104,Monday,Weekday,East,15652731,78900,21:55:00,79041,21:57:21,3,10134,Washington Ave & SUNY Exit Rd (10134),1,4,12,,,79814,22:10:14,,,79833,22:10:33,19,00:00:19,doors opened
07/07/2025,12,4104,Monday,Weekday,East,15652731,78900,21:55:00,79041,21:57:21,2,7216,SUNY Collins Circle (07216),1,0,15,79500.0,22:05:00,79687,22:08:07,79500.0,22:05:00,79699,22:08:19,12,00:00:12,doors opened
07/07/2025,12,4104,Monday,Weekday,East,15652731,78900,21:55:00,79041,21:57:21,1,12827,Crossgates Commons Station (12827),9,0,14,79200.0,22:00:00,79315,22:01:55,79200.0,22:00:00,79436,22:03:56,121,00:02:01,doors opened
07/07/2025,12,4104,Monday,Weekday,East,15652731,78900,21:55:00,79041,21:57:21,0,7175,Crossgates Mall Station (07175),5,0,5,78900.0,21:55:00,79041,21:57:21,78900.0,21:55:00,79041,21:57:21,0,00:00:00,doors opened
07/07/2025,12,4104,Monday,Weekday,West,15652733,81300,22:35:00,81630,22:40:30,27,7175,Crossgates Mall Station (07175),0,1,0,83160.0,23:06:00,83625,23:13:45,83160.0,23:06:00,83625,23:13:45,0,00:00:00,doors opened
07/07/2025,12,4104,Monday,Weekday,West,15652733,81300,22:35:00,81630,22:40:30,26,12828,Crossgates Commons Station (12828),0,1,1,82860.0,23:01:00,83363,23:09:23,82860.0,23:01:00,83377,23:09:37,14,00:00:14,doors opened
07/07/2025,12,4104,Monday,Weekday,West,15652733,81300,22:35:00,81630,22:40:30,25,12891,1475 Washington Ave (12891),0,0,2,,,83166,23:06:06,,,83166,23:06:06,0,00:00:00,door not opened
07/07/2025,12,4104,Monday,Weekday,West,15652733,81300,22:35:00,81630,22:40:30,24,7216,SUNY Collins Circle (07216),0,0,2,82560.0,22:56:00,83013,23:03:33,82560.0,22:56:00,83013,23:03:33,0,00:00:00,door not opened
07/07/2025,12,4104,Monday,Weekday,West,15652733,81300,22:35:00,81630,22:40:30,23,3262,1383 Washington Ave (Fairfield Inn) (03262),0,0,2,,,82888,23:01:28,,,82888,23:01:28,0,00:00:00,door not opened
07/07/2025,12,4104,Monday,Weekday,West,15652733,81300,22:35:00,81630,22:40:30,22,976,Washington Ave & Brevator St (00976),0,0,2,,,82729,22:58:49,,,82729,22:58:49,0,00:00:00,door not opened
07/07/2025,12,4104,Monday,Weekday,West,15652733,81300,22:35:00,81630,22:40:30,21,1959,Washington Ave & Colvin Ave (01959),0,0,2,,,82707,22:58:27,,,82707,22:58:27,0,00:00:00,door not opened
07/07/2025,12,4104,Monday,Weekday,West,15652733,81300,22:35:00,81630,22:40:30,20,3399,Washington Ave & Danker Ave (03399),0,0,2,,,82658,22:57:38,,,82658,22:57:38,0,00:00:00,door not opened
07/07/2025,12,4104,Monday,Weekday,West,15652733,81300,22:35:00,81630,22:40:30,19,1849,Washington Ave & Homestead Ave (01849),0,0,2,,,82636,22:57:16,,,82636,22:57:16,0,00:00:00,door not opened
07/07/2025,12,4104,Monday,Weekday,West,15652733,81300,22:35:00,81630,22:40:30,18,1846,Washington Ave & Manning Blvd (01846),0,1,2,,,82574,22:56:14,,,82614,22:56:54,40,00:00:40,doors opened
07/07/2025,12,4104,Monday,Weekday,West,15652733,81300,22:35:00,81630,22:40:30,17,3287,Washington Ave & N. Allen St (03287),0,3,3,82200.0,22:50:00,82524,22:55:24,82200.0,22:50:00,82541,22:55:41,17,00:00:17,doors opened
07/07/2025,12,4104,Monday,Weekday,West,15652733,81300,22:35:00,81630,22:40:30,16,3264,Washington Ave & N. Main Ave (03264),0,1,6,,,82443,22:54:03,,,82491,22:54:51,48,00:00:48,doors opened
07/07/2025,12,4104,Monday,Weekday,West,15652733,81300,22:35:00,81630,22:40:30,15,1839,Washington Ave & Partridge St (01839),0,0,7,,,82395,22:53:15,,,82395,22:53:15,0,00:00:00,door not opened
07/07/2025,12,4104,Monday,Weekday,West,15652733,81300,22:35:00,81630,22:40:30,14,1841,Washington Ave & Ontario St (01841),0,0,7,82020.0,22:47:00,82373,22:52:53,82020.0,22:47:00,82373,22:52:53,0,00:00:00,door not opened
07/07/2025,12,4104,Monday,Weekday,West,15652733,81300,22:35:00,81630,22:40:30,13,1842,Washington Ave & Quail St (01842),1,3,7,,,82314,22:51:54,,,82339,22:52:19,25,00:00:25,doors opened
07/07/2025,12,4104,Monday,Weekday,West,15652733,81300,22:35:00,81630,22:40:30,12,1837,Washington Ave & N. Lake Ave (01837),1,0,9,,,82270,22:51:10,,,82285,22:51:25,15,00:00:15,doors opened
07/07/2025,12,4104,Monday,Weekday,West,15652733,81300,22:35:00,81630,22:40:30,11,1843,Washington Ave & Robin St (01843),0,1,8,,,82234,22:50:34,,,82244,22:50:44,10,00:00:10,doors opened
07/07/2025,12,4104,Monday,Weekday,West,15652733,81300,22:35:00,81630,22:40:30,10,12943,Washington Ave & Lexington Ave (12943),1,0,9,,,82180,22:49:40,,,82205,22:50:05,25,00:00:25,doors opened
07/07/2025,12,4104,Monday,Weekday,West,15652733,81300,22:35:00,81630,22:40:30,9,12942,Washington Ave & Henry Johnson Blvd (12942),1,0,8,,,82129,22:48:49,,,82138,22:48:58,9,00:00:09,doors opened
07/07/2025,12,4104,Monday,Weekday,West,15652733,81300,22:35:00,81630,22:40:30,8,3239,Lark/Library Station - Washington Ave & Lark St (03239),2,1,7,81720.0,22:42:00,82016,22:46:56,81720.0,22:42:00,82081,22:48:01,65,00:01:05,doors opened
07/07/2025,12,4104,Monday,Weekday,West,15652733,81300,22:35:00,81630,22:40:30,7,3301,Washington Ave & S. Swan St (03301),1,0,6,,,81931,22:45:31,,,81952,22:45:52,21,00:00:21,doors opened
07/07/2025,12,4104,Monday,Weekday,West,15652733,81300,22:35:00,81630,22:40:30,6,3250,Hawk/Capitol Station - Washington Ave & Hawk St (03250),0,0,5,,,81911,22:45:11,,,81911,22:45:11,0,00:00:00,door not opened
07/07/2025,12,4104,Monday,Weekday,West,15652733,81300,22:35:00,81630,22:40:30,5,10087,State St & Eagle St (10087),0,0,5,,,81885,22:44:45,,,81885,22:44:45,0,00:00:00,door not opened
07/07/2025,12,4104,Monday,Weekday,West,15652733,81300,22:35:00,81630,22:40:30,4,2665,State/Downtown Station - State St & Lodge St (02665),5,1,5,81540.0,22:39:00,81815,22:43:35,81540.0,22:39:00,81857,22:44:17,42,00:00:42,doors opened
07/07/2025,12,4104,Monday,Weekday,West,15652733,81300,22:35:00,81630,22:40:30,3,3221,State Station - N. Pearl St & Ten Eyck Plaza (03221),0,0,1,,,81766,22:42:46,,,81766,22:42:46,0,00:00:00,door not opened
07/07/2025,12,4104,Monday,Weekday,West,15652733,81300,22:35:00,81630,22:40:30,2,3233,N. Pearl St & Sheridan Ave (03233),0,0,1,,,81736,22:42:16,,,81736,22:42:16,0,00:00:00,door not opened
07/07/2025,12,4104,Monday,Weekday,West,15652733,81300,22:35:00,81630,22:40:30,1,2168,Clinton Square Station - N. Pearl St & Clinton Ave (02168),1,0,1,,,81706,22:41:46,,,81721,22:42:01,15,00:00:15,doors opened
07/07/2025,12,4104,Monday,Weekday,West,15652733,81300,22:35:00,81630,22:40:30,0,9018,Broadway & Orange St (09018),0,0,0,81300.0,22:35:00,81630,22:40:30,81300.0,22:35:00,81630,22:40:30,0,00:00:00,door not opened
07/07/2025,12,4123,Monday,Weekday,East,15649748,34500,09:35:00,34517,09:35:17,24,3940,Broadway & Steuben St (03940),0,0,0,36540.0,10:09:00,36654,10:10:54,36540.0,10:09:00,36654,10:10:54,0,00:00:00,door not opened
07/07/2025,12,4123,Monday,Weekday,East,15649748,34500,09:35:00,34517,09:35:17,23,2509,State/Downtown Station - State St & S. Pearl St (02509),0,7,0,36360.0,10:06:00,36550,10:09:10,36360.0,10:06:00,36580,10:09:40,30,00:00:30,doors opened
07/07/2025,12,4123,Monday,Weekday,East,15649748,34500,09:35:00,34517,09:35:17,22,1787,State St & Eagle St (01787),0,0,7,,,36534,10:08:54,,,36534,10:08:54,0,00:00:00,door not opened
07/07/2025,12,4123,Monday,Weekday,East,15649748,34500,09:35:00,34517,09:35:17,21,2706,Hawk/Capitol Station - Washington Ave & Hawk St (02706),0,0,7,,,36406,10:06:46,,,36406,10:06:46,0,00:00:00,door not opened
07/07/2025,12,4123,Monday,Weekday,East,15649748,34500,09:35:00,34517,09:35:17,20,1789,Washington Ave & S. Swan St (01789),0,2,7,,,36365,10:06:05,,,36385,10:06:25,20,00:00:20,doors opened
07/07/2025,12,4123,Monday,Weekday,East,15649748,34500,09:35:00,34517,09:35:17,19,1788,Washington Ave & Dove St (01788),0,0,9,,,36340,10:05:40,,,36340,10:05:40,0,00:00:00,door not opened
07/07/2025,12,4123,Monday,Weekday,East,15649748,34500,09:35:00,34517,09:35:17,18,2663,Lark/Library Station - Washington Ave & Lark St (02663),0,1,9,36060.0,10:01:00,36265,10:04:25,36060.0,10:01:00,36302,10:05:02,37,00:00:37,doors opened
07/07/2025,12,4123,Monday,Weekday,East,15649748,34500,09:35:00,34517,09:35:17,17,263,Washington Ave & Henry Johnson Blvd (00263),0,2,10,,,36182,10:03:02,,,36227,10:03:47,45,00:00:45,doors opened
07/07/2025,12,4123,Monday,Weekday,East,15649748,34500,09:35:00,34517,09:35:17,16,2096,Washington Ave & Lexington Ave (02096),0,0,12,,,36153,10:02:33,,,36153,10:02:33,0,00:00:00,door not opened
07/07/2025,12,4123,Monday,Weekday,East,15649748,34500,09:35:00,34517,09:35:17,15,3253,Washington Ave & Robin St (Draper Hall) (03253),0,0,12,,,36100,10:01:40,,,36100,10:01:40,0,00:00:00,door not opened
07/07/2025,12,4123,Monday,Weekday,East,15649748,34500,09:35:00,34517,09:35:17,14,2109,Washington Ave & N. Lake Ave (02109),2,0,12,,,36021,10:00:21,,,36070,10:01:10,49,00:00:49,doors opened
07/07/2025,12,4123,Monday,Weekday,East,15649748,34500,09:35:00,34517,09:35:17,13,3255,Washington Ave & Quail St (03255),1,1,10,,,35956,09:59:16,,,35993,09:59:53,37,00:00:37,doors opened
07/07/2025,12,4123,Monday,Weekday,East,15649748,34500,09:35:00,34517,09:35:17,12,3256,Washington Ave & Ontario St (03256),0,0,10,35700.0,09:55:00,35936,09:58:56,35700.0,09:55:00,35936,09:58:56,0,00:00:00,door not opened
07/07/2025,12,4123,Monday,Weekday,East,15649748,34500,09:35:00,34517,09:35:17,11,2107,Washington Ave & Partridge St (02107),1,1,10,,,35885,09:58:05,,,35911,09:58:31,26,00:00:26,doors opened
07/07/2025,12,4123,Monday,Weekday,East,15649748,34500,09:35:00,34517,09:35:17,10,3257,Washington Ave & N. Main Ave (03257),0,0,10,,,35819,09:56:59,,,35819,09:56:59,0,00:00:00,door not opened
07/07/2025,12,4123,Monday,Weekday,East,15649748,34500,09:35:00,34517,09:35:17,9,1796,Washington Ave & N. Allen St (01796),0,0,10,35580.0,09:53:00,35749,09:55:49,35580.0,09:53:00,35749,09:55:49,0,00:00:00,door not opened
07/07/2025,12,4123,Monday,Weekday,East,15649748,34500,09:35:00,34517,09:35:17,8,11581,Washington Ave & Manning Blvd (11581),2,0,10,,,35642,09:54:02,,,35696,09:54:56,54,00:00:54,doors opened
07/07/2025,12,4123,Monday,Weekday,East,15649748,34500,09:35:00,34517,09:35:17,7,2180,Washington Ave & Homestead Ave (02180),3,0,8,,,35567,09:52:47,,,35604,09:53:24,37,00:00:37,doors opened
07/07/2025,12,4123,Monday,Weekday,East,15649748,34500,09:35:00,34517,09:35:17,6,2182,Washington Ave & Hawthorne St (02182),0,0,5,,,35542,09:52:22,,,35542,09:52:22,0,00:00:00,door not opened
07/07/2025,12,4123,Monday,Weekday,East,15649748,34500,09:35:00,34517,09:35:17,5,3304,Washington Ave & Clermont St (03304),1,0,5,,,35466,09:51:06,,,35511,09:51:51,45,00:00:45,doors opened
07/07/2025,12,4123,Monday,Weekday,East,15649748,34500,09:35:00,34517,09:35:17,4,3348,Washington Ave & Brevator St (03348),1,0,4,,,35424,09:50:24,,,35443,09:50:43,19,00:00:19,doors opened
07/07/2025,12,4123,Monday,Weekday,East,15649748,34500,09:35:00,34517,09:35:17,3,10134,Washington Ave & SUNY Exit Rd (10134),0,0,3,,,35309,09:48:29,,,35309,09:48:29,0,00:00:00,door not opened
07/07/2025,12,4123,Monday,Weekday,East,15649748,34500,09:35:00,34517,09:35:17,2,7216,SUNY Collins Circle (07216),0,1,3,35100.0,09:45:00,35155,09:45:55,35100.0,09:45:00,35171,09:46:11,16,00:00:16,doors opened
07/07/2025,12,4123,Monday,Weekday,East,15649748,34500,09:35:00,34517,09:35:17,1,12827,Crossgates Commons Station (12827),4,0,4,34800.0,09:40:00,34844,09:40:44,34800.0,09:40:00,34896,09:41:36,52,00:00:52,doors opened
07/07/2025,12,4123,Monday,Weekday,East,15649748,34500,09:35:00,34517,09:35:17,0,7175,Crossgates Mall Station (07175),0,0,0,34500.0,09:35:00,34517,09:35:17,34500.0,09:35:00,34517,09:35:17,0,00:00:00,doors opened
07/07/2025,12,4123,Monday,Weekday,East,15649752,40500,11:15:00,41253,11:27:33,23,2509,State/Downtown Station - State St & S. Pearl St (02509),0,3,0,42420.0,11:47:00,43198,11:59:58,42420.0,11:47:00,43249,12:00:49,51,00:00:51,doors opened
07/07/2025,12,4123,Monday,Weekday,East,15649752,40500,11:15:00,41253,11:27:33,22,1787,State St & Eagle St (01787),0,0,3,,,43183,11:59:43,,,43183,11:59:43,0,00:00:00,door not opened
07/07/2025,12,4123,Monday,Weekday,East,15649752,40500,11:15:00,41253,11:27:33,21,2706,Hawk/Capitol Station - Washington Ave & Hawk St (02706),0,0,3,,,43056,11:57:36,,,43056,11:57:36,0,00:00:00,door not opened
07/07/2025,12,4123,Monday,Weekday,East,15649752,40500,11:15:00,41253,11:27:33,20,1789,Washington Ave & S. Swan St (01789),0,0,3,,,43030,11:57:10,,,43030,11:57:10,0,00:00:00,door not opened
07/07/2025,12,4123,Monday,Weekday,East,15649752,40500,11:15:00,41253,11:27:33,19,1788,Washington Ave & Dove St (01788),0,0,3,,,42949,11:55:49,,,42949,11:55:49,0,00:00:00,door not opened
07/07/2025,12,4123,Monday,Weekday,East,15649752,40500,11:15:00,41253,11:27:33,18,2663,Lark/Library Station - Washington Ave & Lark St (02663),0,2,3,42120.0,11:42:00,42863,11:54:23,42120.0,11:42:00,42924,11:55:24,61,00:01:01,doors opened
07/07/2025,12,4123,Monday,Weekday,East,15649752,40500,11:15:00,41253,11:27:33,17,263,Washington Ave & Henry Johnson Blvd (00263),0,0,5,,,42834,11:53:54,,,42834,11:53:54,0,00:00:00,door not opened
07/07/2025,12,4123,Monday,Weekday,East,15649752,40500,11:15:00,41253,11:27:33,16,2096,Washington Ave & Lexington Ave (02096),0,0,5,,,42782,11:53:02,,,42782,11:53:02,0,00:00:00,door not opened
07/07/2025,12,4123,Monday,Weekday,East,15649752,40500,11:15:00,41253,11:27:33,15,3253,Washington Ave & Robin St (Draper Hall) (03253),0,0,5,,,42719,11:51:59,,,42719,11:51:59,0,00:00:00,door not opened
07/07/2025,12,4123,Monday,Weekday,East,15649752,40500,11:15:00,41253,11:27:33,14,2109,Washington Ave & N. Lake Ave (02109),0,2,5,,,42648,11:50:48,,,42673,11:51:13,25,00:00:25,doors opened
07/07/2025,12,4123,Monday,Weekday,East,15649752,40500,11:15:00,41253,11:27:33,13,3255,Washington Ave & Quail St (03255),1,2,7,,,42572,11:49:32,,,42621,11:50:21,49,00:00:49,doors opened
07/07/2025,12,4123,Monday,Weekday,East,15649752,40500,11:15:00,41253,11:27:33,12,3256,Washington Ave & Ontario St (03256),0,0,8,41760.0,11:36:00,42556,11:49:16,41760.0,11:36:00,42556,11:49:16,0,00:00:00,door not opened
07/07/2025,12,4123,Monday,Weekday,East,15649752,40500,11:15:00,41253,11:27:33,11,2107,Washington Ave & Partridge St (02107),1,0,8,,,42501,11:48:21,,,42535,11:48:55,34,00:00:34,doors opened
07/07/2025,12,4123,Monday,Weekday,East,15649752,40500,11:15:00,41253,11:27:33,24,3940,Broadway & Steuben St (03940),0,0,0,42600.0,11:50:00,43330,12:02:10,42600.0,11:50:00,43330,12:02:10,0,00:00:00,door not opened
07/07/2025,12,4123,Monday,Weekday,East,15649752,40500,11:15:00,41253,11:27:33,10,3257,Washington Ave & N. Main Ave (03257),2,0,7,,,42405,11:46:45,,,42433,11:47:13,28,00:00:28,doors opened
07/07/2025,12,4123,Monday,Weekday,East,15649752,40500,11:15:00,41253,11:27:33,9,1796,Washington Ave & N. Allen St (01796),0,2,5,41580.0,11:33:00,42331,11:45:31,41580.0,11:33:00,42351,11:45:51,20,00:00:20,doors opened
07/07/2025,12,4123,Monday,Weekday,East,15649752,40500,11:15:00,41253,11:27:33,8,11581,Washington Ave & Manning Blvd (11581),1,1,7,,,42249,11:44:09,,,42300,11:45:00,51,00:00:51,doors opened
07/07/2025,12,4123,Monday,Weekday,East,15649752,40500,11:15:00,41253,11:27:33,7,2180,Washington Ave & Homestead Ave (02180),1,1,7,,,42186,11:43:06,,,42200,11:43:20,14,00:00:14,doors opened
07/07/2025,12,4123,Monday,Weekday,East,15649752,40500,11:15:00,41253,11:27:33,6,2182,Washington Ave & Hawthorne St (02182),0,0,7,,,42165,11:42:45,,,42165,11:42:45,0,00:00:00,door not opened
07/07/2025,12,4123,Monday,Weekday,East,15649752,40500,11:15:00,41253,11:27:33,5,3304,Washington Ave & Clermont St (03304),0,1,7,,,42133,11:42:13,,,42143,11:42:23,10,00:00:10,doors opened
07/07/2025,12,4123,Monday,Weekday,East,15649752,40500,11:15:00,41253,11:27:33,4,3348,Washington Ave & Brevator St (03348),0,0,8,,,42123,11:42:03,,,42123,11:42:03,0,00:00:00,door not opened
07/07/2025,12,4123,Monday,Weekday,East,15649752,40500,11:15:00,41253,11:27:33,3,10134,Washington Ave & SUNY Exit Rd (10134),0,0,8,,,41999,11:39:59,,,41999,11:39:59,0,00:00:00,door not opened
07/07/2025,12,4123,Monday,Weekday,East,15649752,40500,11:15:00,41253,11:27:33,2,7216,SUNY Collins Circle (07216),1,0,8,41100.0,11:25:00,41883,11:38:03,41100.0,11:25:00,41895,11:38:15,12,00:00:12,doors opened
07/07/2025,12,4123,Monday,Weekday,East,15649752,40500,11:15:00,41253,11:27:33,1,12827,Crossgates Commons Station (12827),6,0,7,40800.0,11:20:00,41516,11:31:56,40800.0,11:20:00,41574,11:32:54,58,00:00:58,doors opened
07/07/2025,12,4123,Monday,Weekday,East,15649752,40500,11:15:00,41253,11:27:33,0,7175,Crossgates Mall Station (07175),4,3,1,40500.0,11:15:00,41253,11:27:33,40500.0,11:15:00,41253,11:27:33,0,00:00:00,doors opened
07/07/2025,12,4123,Monday,Weekday,West,15649755,43200,12:00:00,43435,12:03:55,20,3399,Washington Ave & Danker Ave (03399),0,1,20,,,44873,12:27:53,,,44884,12:28:04,11,00:00:11,doors opened
07/07/2025,12,4123,Monday,Weekday,West,15649755,43200,12:00:00,43435,12:03:55,19,1849,Washington Ave & Homestead Ave (01849),0,0,21,,,44850,12:27:30,,,44850,12:27:30,0,00:00:00,door not opened
07/07/2025,12,4123,Monday,Weekday,West,15649755,43200,12:00:00,43435,12:03:55,18,1846,Washington Ave & Manning Blvd (01846),0,1,21,,,44794,12:26:34,,,44821,12:27:01,27,00:00:27,doors opened
07/07/2025,12,4123,Monday,Weekday,West,15649755,43200,12:00:00,43435,12:03:55,17,3287,Washington Ave & N. Allen St (03287),5,2,22,44400.0,12:20:00,44731,12:25:31,44400.0,12:20:00,44763,12:26:03,32,00:00:32,doors opened
07/07/2025,12,4123,Monday,Weekday,West,15649755,43200,12:00:00,43435,12:03:55,16,3264,Washington Ave & N. Main Ave (03264),2,0,19,,,44675,12:24:35,,,44695,12:24:55,20,00:00:20,doors opened
07/07/2025,12,4123,Monday,Weekday,West,15649755,43200,12:00:00,43435,12:03:55,15,1839,Washington Ave & Partridge St (01839),2,0,17,,,44526,12:22:06,,,44567,12:22:47,41,00:00:41,doors opened
07/07/2025,12,4123,Monday,Weekday,West,15649755,43200,12:00:00,43435,12:03:55,14,1841,Washington Ave & Ontario St (01841),0,0,15,44160.0,12:16:00,44506,12:21:46,44160.0,12:16:00,44506,12:21:46,0,00:00:00,door not opened
07/07/2025,12,4123,Monday,Weekday,West,15649755,43200,12:00:00,43435,12:03:55,13,1842,Washington Ave & Quail St (01842),5,2,15,,,44378,12:19:38,,,44480,12:21:20,102,00:01:42,doors opened
07/07/2025,12,4123,Monday,Weekday,West,15649755,43200,12:00:00,43435,12:03:55,12,1837,Washington Ave & N. Lake Ave (01837),3,0,12,,,44306,12:18:26,,,44352,12:19:12,46,00:00:46,doors opened
07/07/2025,12,4123,Monday,Weekday,West,15649755,43200,12:00:00,43435,12:03:55,11,1843,Washington Ave & Robin St (01843),0,0,9,,,44285,12:18:05,,,44285,12:18:05,0,00:00:00,door not opened
07/07/2025,12,4123,Monday,Weekday,West,15649755,43200,12:00:00,43435,12:03:55,10,12943,Washington Ave & Lexington Ave (12943),0,0,9,,,44247,12:17:27,,,44247,12:17:27,0,00:00:00,door not opened
07/07/2025,12,4123,Monday,Weekday,West,15649755,43200,12:00:00,43435,12:03:55,9,12942,Washington Ave & Henry Johnson Blvd (12942),0,0,9,,,44171,12:16:11,,,44171,12:16:11,0,00:00:00,door not opened
07/07/2025,12,4123,Monday,Weekday,West,15649755,43200,12:00:00,43435,12:03:55,8,3239,Lark/Library Station - Washington Ave & Lark St (03239),0,2,9,43740.0,12:09:00,44050,12:14:10,43740.0,12:09:00,44120,12:15:20,70,00:01:10,doors opened
07/07/2025,12,4123,Monday,Weekday,West,15649755,43200,12:00:00,43435,12:03:55,27,7175,Crossgates Mall Station (07175),0,9,0,45600.0,12:40:00,45974,12:46:14,45600.0,12:40:00,45974,12:46:14,0,00:00:00,doors opened
07/07/2025,12,4123,Monday,Weekday,West,15649755,43200,12:00:00,43435,12:03:55,26,12828,Crossgates Commons Station (12828),1,7,9,45180.0,12:33:00,45684,12:41:24,45180.0,12:33:00,45714,12:41:54,30,00:00:30,doors opened
07/07/2025,12,4123,Monday,Weekday,West,15649755,43200,12:00:00,43435,12:03:55,25,12891,1475 Washington Ave (12891),1,0,15,,,45463,12:37:43,,,45525,12:38:45,62,00:01:02,doors opened
07/07/2025,12,4123,Monday,Weekday,West,15649755,43200,12:00:00,43435,12:03:55,24,7216,SUNY Collins Circle (07216),0,2,14,44820.0,12:27:00,45276,12:34:36,44820.0,12:27:00,45292,12:34:52,16,00:00:16,doors opened
07/07/2025,12,4123,Monday,Weekday,West,15649755,43200,12:00:00,43435,12:03:55,23,3262,1383 Washington Ave (Fairfield Inn) (03262),0,3,16,,,45149,12:32:29,,,45165,12:32:45,16,00:00:16,doors opened
07/07/2025,12,4123,Monday,Weekday,West,15649755,43200,12:00:00,43435,12:03:55,22,976,Washington Ave & Brevator St (00976),1,1,19,,,45007,12:30:07,,,45035,12:30:35,28,00:00:28,doors opened
07/07/2025,12,4123,Monday,Weekday,West,15649755,43200,12:00:00,43435,12:03:55,21,1959,Washington Ave & Colvin Ave (01959),1,2,19,,,44923,12:28:43,,,44983,12:29:43,60,00:01:00,doors opened
07/07/2025,12,4123,Monday,Weekday,West,15649755,43200,12:00:00,43435,12:03:55,7,3301,Washington Ave & S. Swan St (03301),1,0,11,,,43989,12:13:09,,,44006,12:13:26,17,00:00:17,doors opened
07/07/2025,12,4123,Monday,Weekday,West,15649755,43200,12:00:00,43435,12:03:55,6,3250,Hawk/Capitol Station - Washington Ave & Hawk St (03250),0,0,10,,,43925,12:12:05,,,43925,12:12:05,0,00:00:00,door not opened
07/07/2025,12,4123,Monday,Weekday,West,15649755,43200,12:00:00,43435,12:03:55,5,10087,State St & Eagle St (10087),1,0,10,,,43837,12:10:37,,,43861,12:11:01,24,00:00:24,doors opened
07/07/2025,12,4123,Monday,Weekday,West,15649755,43200,12:00:00,43435,12:03:55,4,2665,State/Downtown Station - State St & Lodge St (02665),5,0,9,43440.0,12:04:00,43697,12:08:17,43440.0,12:04:00,43736,12:08:56,39,00:00:39,doors opened
07/07/2025,12,4123,Monday,Weekday,West,15649755,43200,12:00:00,43435,12:03:55,3,3221,State Station - N. Pearl St & Ten Eyck Plaza (03221),2,0,4,,,43640,12:07:20,,,43667,12:07:47,27,00:00:27,doors opened
07/07/2025,12,4123,Monday,Weekday,West,15649755,43200,12:00:00,43435,12:03:55,2,3233,N. Pearl St & Sheridan Ave (03233),0,0,2,,,43585,12:06:25,,,43585,12:06:25,0,00:00:00,door not opened
07/07/2025,12,4123,Monday,Weekday,West,15649755,43200,12:00:00,43435,12:03:55,1,2168,Clinton Square Station - N. Pearl St & Clinton Ave (02168),2,0,2,,,43527,12:05:27,,,43568,12:06:08,41,00:00:41,doors opened
07/07/2025,12,4123,Monday,Weekday,West,15649755,43200,12:00:00,43435,12:03:55,0,9018,Broadway & Orange St (09018),0,0,0,43200.0,12:00:00,43435,12:03:55,43200.0,12:00:00,43435,12:03:55,0,00:00:00,door not opened
07/07/2025,12,4123,Monday,Weekday,East,15649758,46500,12:55:00,46506,12:55:06,24,3940,Broadway & Steuben St (03940),0,0,0,48660.0,13:31:00,48829,13:33:49,48660.0,13:31:00,48829,13:33:49,0,00:00:00,door not opened
07/07/2025,12,4123,Monday,Weekday,East,15649758,46500,12:55:00,46506,12:55:06,23,2509,State/Downtown Station - State St & S. Pearl St (02509),0,0,0,48480.0,13:28:00,48761,13:32:41,48480.0,13:28:00,48761,13:32:41,0,00:00:00,door not opened
07/07/2025,12,4123,Monday,Weekday,East,15649758,46500,12:55:00,46506,12:55:06,22,1787,State St & Eagle St (01787),0,2,0,,,48657,13:30:57,,,48700,13:31:40,43,00:00:43,doors opened
07/07/2025,12,4123,Monday,Weekday,East,15649758,46500,12:55:00,46506,12:55:06,21,2706,Hawk/Capitol Station - Washington Ave & Hawk St (02706),0,0,2,,,48553,13:29:13,,,48553,13:29:13,0,00:00:00,door not opened
07/07/2025,12,4123,Monday,Weekday,East,15649758,46500,12:55:00,46506,12:55:06,20,1789,Washington Ave & S. Swan St (01789),0,4,2,,,48401,13:26:41,,,48486,13:28:06,85,00:01:25,doors opened
07/07/2025,12,4123,Monday,Weekday,East,15649758,46500,12:55:00,46506,12:55:06,19,1788,Washington Ave & Dove St (01788),0,1,6,,,48347,13:25:47,,,48361,13:26:01,14,00:00:14,doors opened
07/07/2025,12,4123,Monday,Weekday,East,15649758,46500,12:55:00,46506,12:55:06,18,2663,Lark/Library Station - Washington Ave & Lark St (02663),0,1,7,48180.0,13:23:00,48268,13:24:28,48180.0,13:23:00,48313,13:25:13,45,00:00:45,doors opened
07/07/2025,12,4123,Monday,Weekday,East,15649758,46500,12:55:00,46506,12:55:06,17,263,Washington Ave & Henry Johnson Blvd (00263),0,1,8,,,48190,13:23:10,,,48224,13:23:44,34,00:00:34,doors opened
07/07/2025,12,4123,Monday,Weekday,East,15649758,46500,12:55:00,46506,12:55:06,16,2096,Washington Ave & Lexington Ave (02096),0,0,9,,,48078,13:21:18,,,48078,13:21:18,0,00:00:00,door not opened
07/07/2025,12,4123,Monday,Weekday,East,15649758,46500,12:55:00,46506,12:55:06,15,3253,Washington Ave & Robin St (Draper Hall) (03253),0,2,9,,,48040,13:20:40,,,48061,13:21:01,21,00:00:21,doors opened
07/07/2025,12,4123,Monday,Weekday,East,15649758,46500,12:55:00,46506,12:55:06,14,2109,Washington Ave & N. Lake Ave (02109),0,0,11,,,48019,13:20:19,,,48019,13:20:19,0,00:00:00,door not opened
07/07/2025,12,4123,Monday,Weekday,East,15649758,46500,12:55:00,46506,12:55:06,13,3255,Washington Ave & Quail St (03255),0,6,11,,,47944,13:19:04,,,47973,13:19:33,29,00:00:29,doors opened
07/07/2025,12,4123,Monday,Weekday,East,15649758,46500,12:55:00,46506,12:55:06,12,3256,Washington Ave & Ontario St (03256),0,3,17,47760.0,13:16:00,47905,13:18:25,47760.0,13:16:00,47921,13:18:41,16,00:00:16,doors opened
07/07/2025,12,4123,Monday,Weekday,East,15649758,46500,12:55:00,46506,12:55:06,11,2107,Washington Ave & Partridge St (02107),2,0,20,,,47861,13:17:41,,,47882,13:18:02,21,00:00:21,doors opened
07/07/2025,12,4123,Monday,Weekday,East,15649758,46500,12:55:00,46506,12:55:06,10,3257,Washington Ave & N. Main Ave (03257),0,1,18,,,47714,13:15:14,,,47757,13:15:57,43,00:00:43,doors opened
07/07/2025,12,4123,Monday,Weekday,East,15649758,46500,12:55:00,46506,12:55:06,9,1796,Washington Ave & N. Allen St (01796),1,0,19,47580.0,13:13:00,47653,13:14:13,47580.0,13:13:00,47670,13:14:30,17,00:00:17,doors opened
07/07/2025,12,4123,Monday,Weekday,East,15649758,46500,12:55:00,46506,12:55:06,8,11581,Washington Ave & Manning Blvd (11581),1,1,18,,,47587,13:13:07,,,47623,13:13:43,36,00:00:36,doors opened
07/07/2025,12,4123,Monday,Weekday,East,15649758,46500,12:55:00,46506,12:55:06,7,2180,Washington Ave & Homestead Ave (02180),0,0,18,,,47570,13:12:50,,,47570,13:12:50,0,00:00:00,door not opened
07/07/2025,12,4123,Monday,Weekday,East,15649758,46500,12:55:00,46506,12:55:06,6,2182,Washington Ave & Hawthorne St (02182),0,0,18,,,47549,13:12:29,,,47549,13:12:29,0,00:00:00,door not opened
07/07/2025,12,4123,Monday,Weekday,East,15649758,46500,12:55:00,46506,12:55:06,5,3304,Washington Ave & Clermont St (03304),0,0,18,,,47535,13:12:15,,,47535,13:12:15,0,00:00:00,door not opened
07/07/2025,12,4123,Monday,Weekday,East,15649758,46500,12:55:00,46506,12:55:06,4,3348,Washington Ave & Brevator St (03348),0,0,18,,,47517,13:11:57,,,47517,13:11:57,0,00:00:00,door not opened
07/07/2025,12,4123,Monday,Weekday,East,15649758,46500,12:55:00,46506,12:55:06,3,10134,Washington Ave & SUNY Exit Rd (10134),0,1,18,,,47379,13:09:39,,,47395,13:09:55,16,00:00:16,doors opened
07/07/2025,12,4123,Monday,Weekday,East,15649758,46500,12:55:00,46506,12:55:06,2,7216,SUNY Collins Circle (07216),2,1,19,47100.0,13:05:00,47258,13:07:38,47100.0,13:05:00,47275,13:07:55,17,00:00:17,doors opened
07/07/2025,12,4123,Monday,Weekday,East,15649758,46500,12:55:00,46506,12:55:06,1,12827,Crossgates Commons Station (12827),17,0,18,46800.0,13:00:00,46813,13:00:13,46800.0,13:00:00,47003,13:03:23,190,00:03:10,doors opened
07/07/2025,12,4123,Monday,Weekday,East,15649758,46500,12:55:00,46506,12:55:06,0,7175,Crossgates Mall Station (07175),1,0,1,46500.0,12:55:00,46506,12:55:06,46500.0,12:55:00,46506,12:55:06,0,00:00:00,doors opened
07/07/2025,12,4123,Monday,Weekday,West,15649863,49200,13:40:00,49231,13:40:31,27,7175,Crossgates Mall Station (07175),0,7,0,51660.0,14:21:00,51510,14:18:30,51660.0,14:21:00,51510,14:18:30,0,00:00:00,doors opened
07/07/2025,12,4123,Monday,Weekday,West,15649863,49200,13:40:00,49231,13:40:31,26,12828,Crossgates Commons Station (12828),0,16,7,51240.0,14:14:00,51256,14:14:16,51240.0,14:14:00,51256,14:14:16,0,00:00:00,door not opened
07/07/2025,12,4123,Monday,Weekday,West,15649863,49200,13:40:00,49231,13:40:31,25,12891,1475 Washington Ave (12891),2,0,23,,,51040,14:10:40,,,51056,14:10:56,16,00:00:16,doors opened
07/07/2025,12,4123,Monday,Weekday,West,15649863,49200,13:40:00,49231,13:40:31,24,7216,SUNY Collins Circle (07216),0,4,21,50880.0,14:08:00,50885,14:08:05,50880.0,14:08:00,50903,14:08:23,18,00:00:18,doors opened
07/07/2025,12,4123,Monday,Weekday,West,15649863,49200,13:40:00,49231,13:40:31,23,3262,1383 Washington Ave (Fairfield Inn) (03262),1,2,25,,,50764,14:06:04,,,50784,14:06:24,20,00:00:20,doors opened
07/07/2025,12,4123,Monday,Weekday,West,15649863,49200,13:40:00,49231,13:40:31,22,976,Washington Ave & Brevator St (00976),0,0,26,,,50633,14:03:53,,,50633,14:03:53,0,00:00:00,door not opened
07/07/2025,12,4123,Monday,Weekday,West,15649863,49200,13:40:00,49231,13:40:31,21,1959,Washington Ave & Colvin Ave (01959),2,0,26,,,50539,14:02:19,,,50607,14:03:27,68,00:01:08,doors opened
07/07/2025,12,4123,Monday,Weekday,West,15649863,49200,13:40:00,49231,13:40:31,20,3399,Washington Ave & Danker Ave (03399),0,0,24,,,50507,14:01:47,,,50507,14:01:47,0,00:00:00,door not opened
07/07/2025,12,4123,Monday,Weekday,West,15649863,49200,13:40:00,49231,13:40:31,19,1849,Washington Ave & Homestead Ave (01849),0,0,24,,,50483,14:01:23,,,50483,14:01:23,0,00:00:00,door not opened
07/07/2025,12,4123,Monday,Weekday,West,15649863,49200,13:40:00,49231,13:40:31,18,1846,Washington Ave & Manning Blvd (01846),1,0,24,,,50411,14:00:11,,,50457,14:00:57,46,00:00:46,doors opened
07/07/2025,12,4123,Monday,Weekday,West,15649863,49200,13:40:00,49231,13:40:31,17,3287,Washington Ave & N. Allen St (03287),4,3,23,50460.0,14:01:00,50321,13:58:41,50460.0,14:01:00,50377,13:59:37,56,00:00:56,doors opened
07/07/2025,12,4123,Monday,Weekday,West,15649863,49200,13:40:00,49231,13:40:31,16,3264,Washington Ave & N. Main Ave (03264),1,0,22,,,50224,13:57:04,,,50277,13:57:57,53,00:00:53,doors opened
07/07/2025,12,4123,Monday,Weekday,West,15649863,49200,13:40:00,49231,13:40:31,15,1839,Washington Ave & Partridge St (01839),1,0,21,,,50114,13:55:14,,,50152,13:55:52,38,00:00:38,doors opened
07/07/2025,12,4123,Monday,Weekday,West,15649863,49200,13:40:00,49231,13:40:31,14,1841,Washington Ave & Ontario St (01841),0,0,20,50160.0,13:56:00,50088,13:54:48,50160.0,13:56:00,50088,13:54:48,0,00:00:00,door not opened
07/07/2025,12,4123,Monday,Weekday,West,15649863,49200,13:40:00,49231,13:40:31,13,1842,Washington Ave & Quail St (01842),2,0,20,,,50027,13:53:47,,,50062,13:54:22,35,00:00:35,doors opened
07/07/2025,12,4123,Monday,Weekday,West,15649863,49200,13:40:00,49231,13:40:31,12,1837,Washington Ave & N. Lake Ave (01837),3,1,18,,,49955,13:52:35,,,49999,13:53:19,44,00:00:44,doors opened
07/07/2025,12,4123,Monday,Weekday,West,15649863,49200,13:40:00,49231,13:40:31,11,1843,Washington Ave & Robin St (01843),2,0,16,,,49906,13:51:46,,,49929,13:52:09,23,00:00:23,doors opened
07/07/2025,12,4123,Monday,Weekday,West,15649863,49200,13:40:00,49231,13:40:31,8,3239,Lark/Library Station - Washington Ave & Lark St (03239),3,1,11,49740.0,13:49:00,49683,13:48:03,49740.0,13:49:00,49763,13:49:23,80,00:01:20,doors opened
07/07/2025,12,4123,Monday,Weekday,West,15649863,49200,13:40:00,49231,13:40:31,7,3301,Washington Ave & S. Swan St (03301),0,0,9,,,49621,13:47:01,,,49621,13:47:01,0,00:00:00,door not opened
07/07/2025,12,4123,Monday,Weekday,West,15649863,49200,13:40:00,49231,13:40:31,6,3250,Hawk/Capitol Station - Washington Ave & Hawk St (03250),0,0,9,,,49592,13:46:32,,,49592,13:46:32,0,00:00:00,door not opened
07/07/2025,12,4123,Monday,Weekday,West,15649863,49200,13:40:00,49231,13:40:31,5,10087,State St & Eagle St (10087),0,0,9,,,49564,13:46:04,,,49564,13:46:04,0,00:00:00,door not opened
07/07/2025,12,4123,Monday,Weekday,West,15649863,49200,13:40:00,49231,13:40:31,4,2665,State/Downtown Station - State St & Lodge St (02665),6,1,9,49440.0,13:44:00,49403,13:43:23,49440.0,13:44:00,49453,13:44:13,50,00:00:50,doors opened
07/07/2025,12,4123,Monday,Weekday,West,15649863,49200,13:40:00,49231,13:40:31,3,3221,State Station - N. Pearl St & Ten Eyck Plaza (03221),2,0,4,,,49342,13:42:22,,,49374,13:42:54,32,00:00:32,doors opened
07/07/2025,12,4123,Monday,Weekday,West,15649863,49200,13:40:00,49231,13:40:31,2,3233,N. Pearl St & Sheridan Ave (03233),0,0,2,,,49280,13:41:20,,,49280,13:41:20,0,00:00:00,door not opened
07/07/2025,12,4123,Monday,Weekday,West,15649863,49200,13:40:00,49231,13:40:31,1,2168,Clinton Square Station - N. Pearl St & Clinton Ave (02168),0,0,2,,,49268,13:41:08,,,49268,13:41:08,0,00:00:00,door not opened
07/07/2025,12,4123,Monday,Weekday,West,15649863,49200,13:40:00,49231,13:40:31,0,9018,Broadway & Orange St (09018),1,0,2,49200.0,13:40:00,49231,13:40:31,49200.0,13:40:00,49231,13:40:31,0,00:00:00,doors opened
07/07/2025,12,4123,Monday,Weekday,West,15649863,49200,13:40:00,49231,13:40:31,10,12943,Washington Ave & Lexington Ave (12943),0,0,14,,,49880,13:51:20,,,49880,13:51:20,0,00:00:00,door not opened
07/07/2025,12,4123,Monday,Weekday,West,15649863,49200,13:40:00,49231,13:40:31,9,12942,Washington Ave & Henry Johnson Blvd (12942),3,0,14,,,49802,13:50:02,,,49829,13:50:29,27,00:00:27,doors opened
