opd_date,line_name,vehicle_name,day_of_week,schedule,direction,trip_id,trip_nom_dep_time,trip_nom_dep_time_hhmmss,trip_act_dep_time,trip_act_dep_time_hhmmss,pattern_idx,point_code,point_name,psngr_in,psngr_out,psngr_load,nom_arr_time,nom_arr_time_hhmmss,act_arr_time,act_arr_time_hhmmss,nom_dep_time,nom_dep_time_hhmmss,act_dep_time,act_dep_time_hhmmss,act_dwelltime,act_dwelltime_hhmmss,doors
07/05/2025,12,4081,Saturday,Saturday,East,15658828,52800,14:40:00,53047,14:44:07,12,3256,Washington Ave & Ontario St (03256),0,0,14,54060.0,15:01:00,54307,15:05:07,54060.0,15:01:00,54307,15:05:07,0,00:00:00,door not opened
07/05/2025,12,4081,Saturday,Saturday,East,15658828,52800,14:40:00,53047,14:44:07,11,2107,Washington Ave & Partridge St (02107),0,2,14,,,54269,15:04:29,,,54284,15:04:44,15,00:00:15,doors opened
07/05/2025,12,4081,Saturday,Saturday,East,15658828,52800,14:40:00,53047,14:44:07,10,3257,Washington Ave & N. Main Ave (03257),0,1,16,,,54176,15:02:56,,,54218,15:03:38,42,00:00:42,doors opened
07/05/2025,12,4081,Saturday,Saturday,East,15658828,52800,14:40:00,53047,14:44:07,9,1796,Washington Ave & N. Allen St (01796),0,0,17,53940.0,14:59:00,54151,15:02:31,53940.0,14:59:00,54151,15:02:31,0,00:00:00,door not opened
07/05/2025,12,4081,Saturday,Saturday,East,15658828,52800,14:40:00,53047,14:44:07,8,11581,Washington Ave & Manning Blvd (11581),0,0,17,,,54115,15:01:55,,,54115,15:01:55,0,00:00:00,door not opened
07/05/2025,12,4081,Saturday,Saturday,East,15658828,52800,14:40:00,53047,14:44:07,7,2180,Washington Ave & Homestead Ave (02180),0,4,17,,,54036,15:00:36,,,54065,15:01:05,29,00:00:29,doors opened
07/05/2025,12,4081,Saturday,Saturday,East,15658828,52800,14:40:00,53047,14:44:07,6,2182,Washington Ave & Hawthorne St (02182),1,0,21,,,53990,14:59:50,,,54005,15:00:05,15,00:00:15,doors opened
07/05/2025,12,4081,Saturday,Saturday,East,15658828,52800,14:40:00,53047,14:44:07,5,3304,Washington Ave & Clermont St (03304),0,1,20,,,53928,14:58:48,,,53945,14:59:05,17,00:00:17,doors opened
07/05/2025,12,4081,Saturday,Saturday,East,15658828,52800,14:40:00,53047,14:44:07,4,3348,Washington Ave & Brevator St (03348),0,0,21,,,53915,14:58:35,,,53915,14:58:35,0,00:00:00,door not opened
07/05/2025,12,4081,Saturday,Saturday,East,15658828,52800,14:40:00,53047,14:44:07,3,10134,Washington Ave & SUNY Exit Rd (10134),3,0,21,,,53750,14:55:50,,,53780,14:56:20,30,00:00:30,doors opened
07/05/2025,12,4081,Saturday,Saturday,East,15658828,52800,14:40:00,53047,14:44:07,2,7216,SUNY Collins Circle (07216),2,0,18,53520.0,14:52:00,53644,14:54:04,53520.0,14:52:00,53660,14:54:20,16,00:00:16,doors opened
07/05/2025,12,4081,Saturday,Saturday,East,15658828,52800,14:40:00,53047,14:44:07,1,12827,Crossgates Commons Station (12827),14,0,16,53220.0,14:47:00,53358,14:49:18,53220.0,14:47:00,53428,14:50:28,70,00:01:10,doors opened
07/05/2025,12,4081,Saturday,Saturday,East,15658828,52800,14:40:00,53047,14:44:07,0,7175,Crossgates Mall Station (07175),2,0,2,52800.0,14:40:00,53047,14:44:07,52800.0,14:40:00,53047,14:44:07,0,00:00:00,doors opened
07/05/2025,12,4081,Saturday,Saturday,East,15658828,52800,14:40:00,53047,14:44:07,24,3940,Broadway & Steuben St (03940),0,0,0,54960.0,15:16:00,54967,15:16:07,54960.0,15:16:00,54967,15:16:07,0,00:00:00,door not opened
07/05/2025,12,4081,Saturday,Saturday,East,15658828,52800,14:40:00,53047,14:44:07,23,2509,State/Downtown Station - State St & S. Pearl St (02509),0,2,0,54720.0,15:12:00,54883,15:14:43,54720.0,15:12:00,54918,15:15:18,35,00:00:35,doors opened
07/05/2025,12,4081,Saturday,Saturday,East,15658828,52800,14:40:00,53047,14:44:07,22,1787,State St & Eagle St (01787),0,0,2,,,54864,15:14:24,,,54864,15:14:24,0,00:00:00,door not opened
07/05/2025,12,4081,Saturday,Saturday,East,15658828,52800,14:40:00,53047,14:44:07,21,2706,Hawk/Capitol Station - Washington Ave & Hawk St (02706),0,0,2,,,54750,15:12:30,,,54750,15:12:30,0,00:00:00,door not opened
07/05/2025,12,4081,Saturday,Saturday,East,15658828,52800,14:40:00,53047,14:44:07,20,1789,Washington Ave & S. Swan St (01789),0,1,2,,,54720,15:12:00,,,54733,15:12:13,13,00:00:13,doors opened
07/05/2025,12,4081,Saturday,Saturday,East,15658828,52800,14:40:00,53047,14:44:07,19,1788,Washington Ave & Dove St (01788),0,0,3,,,54699,15:11:39,,,54699,15:11:39,0,00:00:00,door not opened
07/05/2025,12,4081,Saturday,Saturday,East,15658828,52800,14:40:00,53047,14:44:07,18,2663,Lark/Library Station - Washington Ave & Lark St (02663),0,2,3,54420.0,15:07:00,54612,15:10:12,54420.0,15:07:00,54646,15:10:46,34,00:00:34,doors opened
07/05/2025,12,4081,Saturday,Saturday,East,15658828,52800,14:40:00,53047,14:44:07,17,263,Washington Ave & Henry Johnson Blvd (00263),0,2,5,,,54558,15:09:18,,,54587,15:09:47,29,00:00:29,doors opened
07/05/2025,12,4081,Saturday,Saturday,East,15658828,52800,14:40:00,53047,14:44:07,16,2096,Washington Ave & Lexington Ave (02096),0,1,7,,,54457,15:07:37,,,54525,15:08:45,68,00:01:08,doors opened
07/05/2025,12,4081,Saturday,Saturday,East,15658828,52800,14:40:00,53047,14:44:07,15,3253,Washington Ave & Robin St (Draper Hall) (03253),0,1,8,,,54414,15:06:54,,,54439,15:07:19,25,00:00:25,doors opened
07/05/2025,12,4081,Saturday,Saturday,East,15658828,52800,14:40:00,53047,14:44:07,14,2109,Washington Ave & N. Lake Ave (02109),0,0,9,,,54393,15:06:33,,,54393,15:06:33,0,00:00:00,door not opened
07/05/2025,12,4081,Saturday,Saturday,East,15658828,52800,14:40:00,53047,14:44:07,13,3255,Washington Ave & Quail St (03255),1,6,9,,,54326,15:05:26,,,54365,15:06:05,39,00:00:39,doors opened
07/05/2025,12,4081,Saturday,Saturday,West,15658830,55200,15:20:00,55299,15:21:39,27,7175,Crossgates Mall Station (07175),0,10,0,57420.0,15:57:00,57223,15:53:43,57420.0,15:57:00,57223,15:53:43,0,00:00:00,doors opened
07/05/2025,12,4081,Saturday,Saturday,West,15658830,55200,15:20:00,55299,15:21:39,26,12828,Crossgates Commons Station (12828),0,8,10,57000.0,15:50:00,56964,15:49:24,57000.0,15:50:00,56964,15:49:24,0,00:00:00,door not opened
07/05/2025,12,4081,Saturday,Saturday,West,15658830,55200,15:20:00,55299,15:21:39,25,12891,1475 Washington Ave (12891),0,0,18,,,56807,15:46:47,,,56807,15:46:47,0,00:00:00,door not opened
07/05/2025,12,4081,Saturday,Saturday,West,15658830,55200,15:20:00,55299,15:21:39,24,7216,SUNY Collins Circle (07216),0,2,18,56640.0,15:44:00,56695,15:44:55,56640.0,15:44:00,56714,15:45:14,19,00:00:19,doors opened
07/05/2025,12,4081,Saturday,Saturday,West,15658830,55200,15:20:00,55299,15:21:39,23,3262,1383 Washington Ave (Fairfield Inn) (03262),0,0,20,,,56611,15:43:31,,,56611,15:43:31,0,00:00:00,door not opened
07/05/2025,12,4081,Saturday,Saturday,West,15658830,55200,15:20:00,55299,15:21:39,22,976,Washington Ave & Brevator St (00976),0,0,20,,,56487,15:41:27,,,56487,15:41:27,0,00:00:00,door not opened
07/05/2025,12,4081,Saturday,Saturday,West,15658830,55200,15:20:00,55299,15:21:39,21,1959,Washington Ave & Colvin Ave (01959),0,0,20,,,56464,15:41:04,,,56464,15:41:04,0,00:00:00,door not opened
07/05/2025,12,4081,Saturday,Saturday,West,15658830,55200,15:20:00,55299,15:21:39,20,3399,Washington Ave & Danker Ave (03399),0,0,20,,,56435,15:40:35,,,56435,15:40:35,0,00:00:00,door not opened
07/05/2025,12,4081,Saturday,Saturday,West,15658830,55200,15:20:00,55299,15:21:39,19,1849,Washington Ave & Homestead Ave (01849),0,0,20,,,56415,15:40:15,,,56415,15:40:15,0,00:00:00,door not opened
07/05/2025,12,4081,Saturday,Saturday,West,15658830,55200,15:20:00,55299,15:21:39,18,1846,Washington Ave & Manning Blvd (01846),0,0,20,,,56396,15:39:56,,,56396,15:39:56,0,00:00:00,door not opened
07/05/2025,12,4081,Saturday,Saturday,West,15658830,55200,15:20:00,55299,15:21:39,17,3287,Washington Ave & N. Allen St (03287),3,1,20,56280.0,15:38:00,56289,15:38:09,56280.0,15:38:00,56327,15:38:47,38,00:00:38,doors opened
07/05/2025,12,4081,Saturday,Saturday,West,15658830,55200,15:20:00,55299,15:21:39,16,3264,Washington Ave & N. Main Ave (03264),0,2,18,,,56225,15:37:05,,,56258,15:37:38,33,00:00:33,doors opened
07/05/2025,12,4081,Saturday,Saturday,West,15658830,55200,15:20:00,55299,15:21:39,15,1839,Washington Ave & Partridge St (01839),0,0,20,,,56185,15:36:25,,,56185,15:36:25,0,00:00:00,door not opened
07/05/2025,12,4081,Saturday,Saturday,West,15658830,55200,15:20:00,55299,15:21:39,14,1841,Washington Ave & Ontario St (01841),6,1,20,56040.0,15:34:00,56111,15:35:11,56040.0,15:34:00,56144,15:35:44,33,00:00:33,doors opened
07/05/2025,12,4081,Saturday,Saturday,West,15658830,55200,15:20:00,55299,15:21:39,13,1842,Washington Ave & Quail St (01842),3,0,15,,,56026,15:33:46,,,56086,15:34:46,60,00:01:00,doors opened
07/05/2025,12,4081,Saturday,Saturday,West,15658830,55200,15:20:00,55299,15:21:39,12,1837,Washington Ave & N. Lake Ave (01837),0,0,12,,,55998,15:33:18,,,55998,15:33:18,0,00:00:00,door not opened
07/05/2025,12,4081,Saturday,Saturday,West,15658830,55200,15:20:00,55299,15:21:39,11,1843,Washington Ave & Robin St (01843),0,0,12,,,55946,15:32:26,,,55946,15:32:26,0,00:00:00,door not opened
07/05/2025,12,4081,Saturday,Saturday,West,15658830,55200,15:20:00,55299,15:21:39,10,12943,Washington Ave & Lexington Ave (12943),1,0,12,,,55888,15:31:28,,,55921,15:32:01,33,00:00:33,doors opened
07/05/2025,12,4081,Saturday,Saturday,West,15658830,55200,15:20:00,55299,15:21:39,9,12942,Washington Ave & Henry Johnson Blvd (12942),0,0,11,,,55832,15:30:32,,,55832,15:30:32,0,00:00:00,door not opened
07/05/2025,12,4081,Saturday,Saturday,West,15658830,55200,15:20:00,55299,15:21:39,8,3239,Lark/Library Station - Washington Ave & Lark St (03239),1,1,11,55680.0,15:28:00,55751,15:29:11,55680.0,15:28:00,55779,15:29:39,28,00:00:28,doors opened
07/05/2025,12,4081,Saturday,Saturday,West,15658830,55200,15:20:00,55299,15:21:39,7,3301,Washington Ave & S. Swan St (03301),2,0,11,,,55695,15:28:15,,,55712,15:28:32,17,00:00:17,doors opened
07/05/2025,12,4081,Saturday,Saturday,West,15658830,55200,15:20:00,55299,15:21:39,6,3250,Hawk/Capitol Station - Washington Ave & Hawk St (03250),0,0,9,,,55672,15:27:52,,,55672,15:27:52,0,00:00:00,door not opened
07/05/2025,12,4081,Saturday,Saturday,West,15658830,55200,15:20:00,55299,15:21:39,5,10087,State St & Eagle St (10087),0,0,9,,,55648,15:27:28,,,55648,15:27:28,0,00:00:00,door not opened
07/05/2025,12,4081,Saturday,Saturday,West,15658830,55200,15:20:00,55299,15:21:39,4,2665,State/Downtown Station - State St & Lodge St (02665),6,0,9,55440.0,15:24:00,55563,15:26:03,55440.0,15:24:00,55604,15:26:44,41,00:00:41,doors opened
07/05/2025,12,4081,Saturday,Saturday,West,15658830,55200,15:20:00,55299,15:21:39,3,3221,State Station - N. Pearl St & Ten Eyck Plaza (03221),3,0,3,,,55482,15:24:42,,,55544,15:25:44,62,00:01:02,doors opened
07/05/2025,12,4081,Saturday,Saturday,West,15658830,55200,15:20:00,55299,15:21:39,2,3233,N. Pearl St & Sheridan Ave (03233),0,0,0,,,55394,15:23:14,,,55394,15:23:14,0,00:00:00,door not opened
07/05/2025,12,4081,Saturday,Saturday,West,15658830,55200,15:20:00,55299,15:21:39,1,2168,Clinton Square Station - N. Pearl St & Clinton Ave (02168),0,0,0,,,55343,15:22:23,,,55343,15:22:23,0,00:00:00,door not opened
07/05/2025,12,4081,Saturday,Saturday,West,15658830,55200,15:20:00,55299,15:21:39,0,9018,Broadway & Orange St (09018),0,0,0,55200.0,15:20:00,55299,15:21:39,55200.0,15:20:00,55299,15:21:39,0,00:00:00,door not opened
07/05/2025,12,4081,Saturday,Saturday,East,15658835,64800,18:00:00,65205,18:06:45,24,3940,Broadway & Steuben St (03940),0,0,0,66960.0,18:36:00,67166,18:39:26,66960.0,18:36:00,67166,18:39:26,0,00:00:00,door not opened
07/05/2025,12,4081,Saturday,Saturday,East,15658835,64800,18:00:00,65205,18:06:45,23,2509,State/Downtown Station - State St & S. Pearl St (02509),0,8,0,66720.0,18:32:00,67005,18:36:45,66720.0,18:32:00,67081,18:38:01,76,00:01:16,doors opened
07/05/2025,12,4081,Saturday,Saturday,East,15658835,64800,18:00:00,65205,18:06:45,22,1787,State St & Eagle St (01787),0,0,8,,,66980,18:36:20,,,66980,18:36:20,0,00:00:00,door not opened
07/05/2025,12,4081,Saturday,Saturday,East,15658835,64800,18:00:00,65205,18:06:45,21,2706,Hawk/Capitol Station - Washington Ave & Hawk St (02706),0,0,8,,,66910,18:35:10,,,66910,18:35:10,0,00:00:00,door not opened
07/05/2025,12,4081,Saturday,Saturday,East,15658835,64800,18:00:00,65205,18:06:45,20,1789,Washington Ave & S. Swan St (01789),0,1,8,,,66877,18:34:37,,,66886,18:34:46,9,00:00:09,doors opened
07/05/2025,12,4081,Saturday,Saturday,East,15658835,64800,18:00:00,65205,18:06:45,19,1788,Washington Ave & Dove St (01788),0,0,9,,,66852,18:34:12,,,66852,18:34:12,0,00:00:00,door not opened
07/05/2025,12,4081,Saturday,Saturday,East,15658835,64800,18:00:00,65205,18:06:45,18,2663,Lark/Library Station - Washington Ave & Lark St (02663),1,3,9,66420.0,18:27:00,66746,18:32:26,66420.0,18:27:00,66824,18:33:44,78,00:01:18,doors opened
07/05/2025,12,4081,Saturday,Saturday,East,15658835,64800,18:00:00,65205,18:06:45,17,263,Washington Ave & Henry Johnson Blvd (00263),0,0,11,,,66711,18:31:51,,,66711,18:31:51,0,00:00:00,door not opened
07/05/2025,12,4081,Saturday,Saturday,East,15658835,64800,18:00:00,65205,18:06:45,16,2096,Washington Ave & Lexington Ave (02096),0,0,11,,,66644,18:30:44,,,66644,18:30:44,0,00:00:00,door not opened
07/05/2025,12,4081,Saturday,Saturday,East,15658835,64800,18:00:00,65205,18:06:45,15,3253,Washington Ave & Robin St (Draper Hall) (03253),0,0,11,,,66593,18:29:53,,,66593,18:29:53,0,00:00:00,door not opened
07/05/2025,12,4081,Saturday,Saturday,East,15658835,64800,18:00:00,65205,18:06:45,14,2109,Washington Ave & N. Lake Ave (02109),1,0,11,,,66555,18:29:15,,,66568,18:29:28,13,00:00:13,doors opened
07/05/2025,12,4081,Saturday,Saturday,East,15658835,64800,18:00:00,65205,18:06:45,13,3255,Washington Ave & Quail St (03255),0,5,10,,,66473,18:27:53,,,66529,18:28:49,56,00:00:56,doors opened
07/05/2025,12,4081,Saturday,Saturday,East,15658835,64800,18:00:00,65205,18:06:45,12,3256,Washington Ave & Ontario St (03256),0,0,15,66060.0,18:21:00,66454,18:27:34,66060.0,18:21:00,66454,18:27:34,0,00:00:00,door not opened
07/05/2025,12,4081,Saturday,Saturday,East,15658835,64800,18:00:00,65205,18:06:45,11,2107,Washington Ave & Partridge St (02107),0,1,15,,,66419,18:26:59,,,66432,18:27:12,13,00:00:13,doors opened
07/05/2025,12,4081,Saturday,Saturday,East,15658835,64800,18:00:00,65205,18:06:45,10,3257,Washington Ave & N. Main Ave (03257),0,0,16,,,66342,18:25:42,,,66342,18:25:42,0,00:00:00,door not opened
07/05/2025,12,4081,Saturday,Saturday,East,15658835,64800,18:00:00,65205,18:06:45,9,1796,Washington Ave & N. Allen St (01796),3,3,16,65940.0,18:19:00,66267,18:24:27,65940.0,18:19:00,66289,18:24:49,22,00:00:22,doors opened
07/05/2025,12,4081,Saturday,Saturday,East,15658835,64800,18:00:00,65205,18:06:45,2,7216,SUNY Collins Circle (07216),3,4,16,65520.0,18:12:00,65814,18:16:54,65520.0,18:12:00,65814,18:16:54,0,00:00:00,door not opened
07/05/2025,12,4081,Saturday,Saturday,East,15658835,64800,18:00:00,65205,18:06:45,1,12827,Crossgates Commons Station (12827),7,1,17,65220.0,18:07:00,65513,18:11:53,65220.0,18:07:00,65546,18:12:26,33,00:00:33,doors opened
07/05/2025,12,4081,Saturday,Saturday,East,15658835,64800,18:00:00,65205,18:06:45,0,7175,Crossgates Mall Station (07175),9,0,11,64800.0,18:00:00,65205,18:06:45,64800.0,18:00:00,65205,18:06:45,0,00:00:00,doors opened
07/05/2025,12,4081,Saturday,Saturday,West,15658837,67200,18:40:00,67204,18:40:04,1,2168,Clinton Square Station - N. Pearl St & Clinton Ave (02168),0,0,0,,,67342,18:42:22,,,67342,18:42:22,0,00:00:00,door not opened
07/05/2025,12,4081,Saturday,Saturday,West,15658837,67200,18:40:00,67204,18:40:04,0,9018,Broadway & Orange St (09018),0,0,0,67200.0,18:40:00,67204,18:40:04,67200.0,18:40:00,67204,18:40:04,0,00:00:00,door not opened
07/05/2025,12,4081,Saturday,Saturday,West,15658837,67200,18:40:00,67204,18:40:04,27,7175,Crossgates Mall Station (07175),0,3,0,69360.0,19:16:00,68803,19:06:43,69360.0,19:16:00,68803,19:06:43,0,00:00:00,doors opened
07/05/2025,12,4081,Saturday,Saturday,West,15658837,67200,18:40:00,67204,18:40:04,26,12828,Crossgates Commons Station (12828),1,3,3,68940.0,19:09:00,68546,19:02:26,68940.0,19:09:00,68546,19:02:26,0,00:00:00,door not opened
07/05/2025,12,4081,Saturday,Saturday,West,15658837,67200,18:40:00,67204,18:40:04,25,12891,1475 Washington Ave (12891),0,0,5,,,68400,19:00:00,,,68400,19:00:00,0,00:00:00,door not opened
07/05/2025,12,4081,Saturday,Saturday,West,15658837,67200,18:40:00,67204,18:40:04,24,7216,SUNY Collins Circle (07216),0,0,5,68580.0,19:03:00,68304,18:58:24,68580.0,19:03:00,68304,18:58:24,0,00:00:00,door not opened
07/05/2025,12,4081,Saturday,Saturday,West,15658837,67200,18:40:00,67204,18:40:04,23,3262,1383 Washington Ave (Fairfield Inn) (03262),0,0,5,,,68220,18:57:00,,,68220,18:57:00,0,00:00:00,door not opened
07/05/2025,12,4081,Saturday,Saturday,West,15658837,67200,18:40:00,67204,18:40:04,22,976,Washington Ave & Brevator St (00976),0,0,5,,,68114,18:55:14,,,68114,18:55:14,0,00:00:00,door not opened
07/05/2025,12,4081,Saturday,Saturday,West,15658837,67200,18:40:00,67204,18:40:04,21,1959,Washington Ave & Colvin Ave (01959),0,0,5,,,68096,18:54:56,,,68096,18:54:56,0,00:00:00,door not opened
07/05/2025,12,4081,Saturday,Saturday,West,15658837,67200,18:40:00,67204,18:40:04,20,3399,Washington Ave & Danker Ave (03399),0,0,5,,,68075,18:54:35,,,68075,18:54:35,0,00:00:00,door not opened
07/05/2025,12,4081,Saturday,Saturday,West,15658837,67200,18:40:00,67204,18:40:04,19,1849,Washington Ave & Homestead Ave (01849),0,0,5,,,68056,18:54:16,,,68056,18:54:16,0,00:00:00,door not opened
07/05/2025,12,4081,Saturday,Saturday,West,15658837,67200,18:40:00,67204,18:40:04,18,1846,Washington Ave & Manning Blvd (01846),0,0,5,,,68042,18:54:02,,,68042,18:54:02,0,00:00:00,door not opened
07/05/2025,12,4081,Saturday,Saturday,West,15658837,67200,18:40:00,67204,18:40:04,17,3287,Washington Ave & N. Allen St (03287),0,0,5,68220.0,18:57:00,68008,18:53:28,68220.0,18:57:00,68008,18:53:28,0,00:00:00,door not opened
07/05/2025,12,4081,Saturday,Saturday,West,15658837,67200,18:40:00,67204,18:40:04,16,3264,Washington Ave & N. Main Ave (03264),1,0,5,,,67957,18:52:37,,,67972,18:52:52,15,00:00:15,doors opened
07/05/2025,12,4081,Saturday,Saturday,West,15658837,67200,18:40:00,67204,18:40:04,15,1839,Washington Ave & Partridge St (01839),0,0,4,,,67891,18:51:31,,,67891,18:51:31,0,00:00:00,door not opened
07/05/2025,12,4081,Saturday,Saturday,West,15658837,67200,18:40:00,67204,18:40:04,14,1841,Washington Ave & Ontario St (01841),0,0,4,68040.0,18:54:00,67874,18:51:14,68040.0,18:54:00,67874,18:51:14,0,00:00:00,door not opened
07/05/2025,12,4081,Saturday,Saturday,West,15658837,67200,18:40:00,67204,18:40:04,13,1842,Washington Ave & Quail St (01842),3,2,4,,,67793,18:49:53,,,67850,18:50:50,57,00:00:57,doors opened
07/05/2025,12,4081,Saturday,Saturday,West,15658837,67200,18:40:00,67204,18:40:04,12,1837,Washington Ave & N. Lake Ave (01837),0,0,3,,,67772,18:49:32,,,67772,18:49:32,0,00:00:00,door not opened
07/05/2025,12,4081,Saturday,Saturday,West,15658837,67200,18:40:00,67204,18:40:04,11,1843,Washington Ave & Robin St (01843),0,0,3,,,67749,18:49:09,,,67749,18:49:09,0,00:00:00,door not opened
07/05/2025,12,4081,Saturday,Saturday,West,15658837,67200,18:40:00,67204,18:40:04,10,12943,Washington Ave & Lexington Ave (12943),0,0,3,,,67727,18:48:47,,,67727,18:48:47,0,00:00:00,door not opened
07/05/2025,12,4081,Saturday,Saturday,West,15658837,67200,18:40:00,67204,18:40:04,9,12942,Washington Ave & Henry Johnson Blvd (12942),2,0,3,,,67680,18:48:00,,,67699,18:48:19,19,00:00:19,doors opened
07/05/2025,12,4081,Saturday,Saturday,West,15658837,67200,18:40:00,67204,18:40:04,8,3239,Lark/Library Station - Washington Ave & Lark St (03239),0,0,1,67680.0,18:48:00,67635,18:47:15,67680.0,18:48:00,67635,18:47:15,0,00:00:00,door not opened
07/05/2025,12,4081,Saturday,Saturday,West,15658837,67200,18:40:00,67204,18:40:04,7,3301,Washington Ave & S. Swan St (03301),0,0,1,,,67580,18:46:20,,,67580,18:46:20,0,00:00:00,door not opened
07/05/2025,12,4081,Saturday,Saturday,West,15658837,67200,18:40:00,67204,18:40:04,6,3250,Hawk/Capitol Station - Washington Ave & Hawk St (03250),0,0,1,,,67528,18:45:28,,,67528,18:45:28,0,00:00:00,door not opened
07/05/2025,12,4081,Saturday,Saturday,West,15658837,67200,18:40:00,67204,18:40:04,5,10087,State St & Eagle St (10087),0,0,1,,,67494,18:44:54,,,67494,18:44:54,0,00:00:00,door not opened
07/05/2025,12,4081,Saturday,Saturday,West,15658837,67200,18:40:00,67204,18:40:04,4,2665,State/Downtown Station - State St & Lodge St (02665),0,0,1,67440.0,18:44:00,67458,18:44:18,67440.0,18:44:00,67458,18:44:18,0,00:00:00,door not opened
07/05/2025,12,4081,Saturday,Saturday,West,15658837,67200,18:40:00,67204,18:40:04,3,3221,State Station - N. Pearl St & Ten Eyck Plaza (03221),1,0,1,,,67411,18:43:31,,,67422,18:43:42,11,00:00:11,doors opened
07/05/2025,12,4081,Saturday,Saturday,West,15658837,67200,18:40:00,67204,18:40:04,2,3233,N. Pearl St & Sheridan Ave (03233),0,0,0,,,67381,18:43:01,,,67381,18:43:01,0,00:00:00,door not opened
07/05/2025,12,4130,Saturday,Saturday,West,15657685,34200,09:30:00,34349,09:32:29,27,7175,Crossgates Mall Station (07175),0,15,0,36420.0,10:07:00,36312,10:05:12,36420.0,10:07:00,36312,10:05:12,0,00:00:00,doors opened
07/05/2025,12,4130,Saturday,Saturday,West,15657685,34200,09:30:00,34349,09:32:29,26,12828,Crossgates Commons Station (12828),0,4,15,36000.0,10:00:00,36082,10:01:22,36000.0,10:00:00,36107,10:01:47,25,00:00:25,doors opened
07/05/2025,12,4130,Saturday,Saturday,West,15657685,34200,09:30:00,34349,09:32:29,9,12942,Washington Ave & Henry Johnson Blvd (12942),1,0,19,,,34912,09:41:52,,,34923,09:42:03,11,00:00:11,doors opened
07/05/2025,12,4130,Saturday,Saturday,West,15657685,34200,09:30:00,34349,09:32:29,8,3239,Lark/Library Station - Washington Ave & Lark St (03239),2,0,18,34680.0,09:38:00,34802,09:40:02,34680.0,09:38:00,34821,09:40:21,19,00:00:19,doors opened
07/05/2025,12,4130,Saturday,Saturday,West,15657685,34200,09:30:00,34349,09:32:29,7,3301,Washington Ave & S. Swan St (03301),0,0,16,,,34742,09:39:02,,,34742,09:39:02,0,00:00:00,door not opened
07/05/2025,12,4130,Saturday,Saturday,West,15657685,34200,09:30:00,34349,09:32:29,6,3250,Hawk/Capitol Station - Washington Ave & Hawk St (03250),0,0,16,,,34702,09:38:22,,,34702,09:38:22,0,00:00:00,door not opened
07/05/2025,12,4130,Saturday,Saturday,West,15657685,34200,09:30:00,34349,09:32:29,5,10087,State St & Eagle St (10087),0,0,16,,,34679,09:37:59,,,34679,09:37:59,0,00:00:00,door not opened
07/05/2025,12,4130,Saturday,Saturday,West,15657685,34200,09:30:00,34349,09:32:29,4,2665,State/Downtown Station - State St & Lodge St (02665),4,1,16,34440.0,09:34:00,34578,09:36:18,34440.0,09:34:00,34613,09:36:53,35,00:00:35,doors opened
07/05/2025,12,4130,Saturday,Saturday,West,15657685,34200,09:30:00,34349,09:32:29,3,3221,State Station - N. Pearl St & Ten Eyck Plaza (03221),13,0,13,,,34468,09:34:28,,,34549,09:35:49,81,00:01:21,doors opened
07/05/2025,12,4130,Saturday,Saturday,West,15657685,34200,09:30:00,34349,09:32:29,2,3233,N. Pearl St & Sheridan Ave (03233),0,0,0,,,34436,09:33:56,,,34436,09:33:56,0,00:00:00,door not opened
07/05/2025,12,4130,Saturday,Saturday,West,15657685,34200,09:30:00,34349,09:32:29,1,2168,Clinton Square Station - N. Pearl St & Clinton Ave (02168),0,0,0,,,34406,09:33:26,,,34406,09:33:26,0,00:00:00,door not opened
07/05/2025,12,4130,Saturday,Saturday,West,15657685,34200,09:30:00,34349,09:32:29,0,9018,Broadway & Orange St (09018),0,0,0,34200.0,09:30:00,34349,09:32:29,34200.0,09:30:00,34349,09:32:29,0,00:00:00,door not opened
07/05/2025,12,4130,Saturday,Saturday,East,15657690,42000,11:40:00,42142,11:42:22,24,3940,Broadway & Steuben St (03940),0,0,0,43980.0,12:13:00,43917,12:11:57,43980.0,12:13:00,43917,12:11:57,0,00:00:00,door not opened
07/05/2025,12,4130,Saturday,Saturday,East,15657690,42000,11:40:00,42142,11:42:22,23,2509,State/Downtown Station - State St & S. Pearl St (02509),0,1,0,43740.0,12:09:00,43810,12:10:10,43740.0,12:09:00,43823,12:10:23,13,00:00:13,doors opened
07/05/2025,12,4130,Saturday,Saturday,East,15657690,42000,11:40:00,42142,11:42:22,22,1787,State St & Eagle St (01787),0,0,1,,,43793,12:09:53,,,43793,12:09:53,0,00:00:00,door not opened
07/05/2025,12,4130,Saturday,Saturday,East,15657690,42000,11:40:00,42142,11:42:22,21,2706,Hawk/Capitol Station - Washington Ave & Hawk St (02706),0,2,1,,,43663,12:07:43,,,43674,12:07:54,11,00:00:11,doors opened
07/05/2025,12,4130,Saturday,Saturday,East,15657690,42000,11:40:00,42142,11:42:22,20,1789,Washington Ave & S. Swan St (01789),0,0,3,,,43642,12:07:22,,,43642,12:07:22,0,00:00:00,door not opened
07/05/2025,12,4130,Saturday,Saturday,East,15657690,42000,11:40:00,42142,11:42:22,19,1788,Washington Ave & Dove St (01788),0,0,3,,,43611,12:06:51,,,43611,12:06:51,0,00:00:00,door not opened
07/05/2025,12,4130,Saturday,Saturday,East,15657690,42000,11:40:00,42142,11:42:22,18,2663,Lark/Library Station - Washington Ave & Lark St (02663),0,1,3,43500.0,12:05:00,43580,12:06:20,43500.0,12:05:00,43591,12:06:31,11,00:00:11,doors opened
07/05/2025,12,4130,Saturday,Saturday,East,15657690,42000,11:40:00,42142,11:42:22,17,263,Washington Ave & Henry Johnson Blvd (00263),0,0,4,,,43547,12:05:47,,,43547,12:05:47,0,00:00:00,door not opened
07/05/2025,12,4130,Saturday,Saturday,East,15657690,42000,11:40:00,42142,11:42:22,16,2096,Washington Ave & Lexington Ave (02096),0,0,4,,,43449,12:04:09,,,43449,12:04:09,0,00:00:00,door not opened
07/05/2025,12,4130,Saturday,Saturday,East,15657690,42000,11:40:00,42142,11:42:22,15,3253,Washington Ave & Robin St (Draper Hall) (03253),0,1,4,,,43412,12:03:32,,,43432,12:03:52,20,00:00:20,doors opened
07/05/2025,12,4130,Saturday,Saturday,East,15657690,42000,11:40:00,42142,11:42:22,14,2109,Washington Ave & N. Lake Ave (02109),0,1,5,,,43364,12:02:44,,,43391,12:03:11,27,00:00:27,doors opened
07/05/2025,12,4130,Saturday,Saturday,East,15657690,42000,11:40:00,42142,11:42:22,13,3255,Washington Ave & Quail St (03255),0,0,6,,,43341,12:02:21,,,43341,12:02:21,0,00:00:00,door not opened
07/05/2025,12,4130,Saturday,Saturday,East,15657690,42000,11:40:00,42142,11:42:22,12,3256,Washington Ave & Ontario St (03256),0,1,6,43140.0,11:59:00,43271,12:01:11,43140.0,11:59:00,43286,12:01:26,15,00:00:15,doors opened
07/05/2025,12,4130,Saturday,Saturday,East,15657690,42000,11:40:00,42142,11:42:22,11,2107,Washington Ave & Partridge St (02107),0,0,7,,,43245,12:00:45,,,43245,12:00:45,0,00:00:00,door not opened
07/05/2025,12,4130,Saturday,Saturday,East,15657690,42000,11:40:00,42142,11:42:22,10,3257,Washington Ave & N. Main Ave (03257),0,1,7,,,43157,11:59:17,,,43191,11:59:51,34,00:00:34,doors opened
07/05/2025,12,4130,Saturday,Saturday,East,15657690,42000,11:40:00,42142,11:42:22,9,1796,Washington Ave & N. Allen St (01796),2,0,8,43020.0,11:57:00,43104,11:58:24,43020.0,11:57:00,43125,11:58:45,21,00:00:21,doors opened
07/05/2025,12,4130,Saturday,Saturday,East,15657690,42000,11:40:00,42142,11:42:22,8,11581,Washington Ave & Manning Blvd (11581),0,0,6,,,43076,11:57:56,,,43076,11:57:56,0,00:00:00,door not opened
07/05/2025,12,4130,Saturday,Saturday,East,15657690,42000,11:40:00,42142,11:42:22,7,2180,Washington Ave & Homestead Ave (02180),2,0,6,,,42993,11:56:33,,,43010,11:56:50,17,00:00:17,doors opened
07/05/2025,12,4130,Saturday,Saturday,East,15657690,42000,11:40:00,42142,11:42:22,6,2182,Washington Ave & Hawthorne St (02182),0,0,4,,,42970,11:56:10,,,42970,11:56:10,0,00:00:00,door not opened
07/05/2025,12,4130,Saturday,Saturday,East,15657690,42000,11:40:00,42142,11:42:22,5,3304,Washington Ave & Clermont St (03304),0,0,4,,,42955,11:55:55,,,42955,11:55:55,0,00:00:00,door not opened
07/05/2025,12,4130,Saturday,Saturday,East,15657690,42000,11:40:00,42142,11:42:22,4,3348,Washington Ave & Brevator St (03348),0,0,4,,,42937,11:55:37,,,42937,11:55:37,0,00:00:00,door not opened
07/05/2025,12,4130,Saturday,Saturday,East,15657690,42000,11:40:00,42142,11:42:22,3,10134,Washington Ave & SUNY Exit Rd (10134),0,0,4,,,42820,11:53:40,,,42820,11:53:40,0,00:00:00,door not opened
07/05/2025,12,4130,Saturday,Saturday,East,15657690,42000,11:40:00,42142,11:42:22,2,7216,SUNY Collins Circle (07216),0,4,4,42600.0,11:50:00,42707,11:51:47,42600.0,11:50:00,42724,11:52:04,17,00:00:17,doors opened
07/05/2025,12,4130,Saturday,Saturday,East,15657690,42000,11:40:00,42142,11:42:22,1,12827,Crossgates Commons Station (12827),4,3,8,42360.0,11:46:00,42448,11:47:28,42360.0,11:46:00,42489,11:48:09,41,00:00:41,doors opened
07/05/2025,12,4130,Saturday,Saturday,East,15657690,42000,11:40:00,42142,11:42:22,0,7175,Crossgates Mall Station (07175),7,0,7,42000.0,11:40:00,42142,11:42:22,42000.0,11:40:00,42142,11:42:22,0,00:00:00,doors opened
07/05/2025,12,4130,Saturday,Saturday,West,15657692,44400,12:20:00,44484,12:21:24,27,7175,Crossgates Mall Station (07175),0,6,0,46620.0,12:57:00,46449,12:54:09,46620.0,12:57:00,46449,12:54:09,0,00:00:00,doors opened
07/05/2025,12,4130,Saturday,Saturday,West,15657692,44400,12:20:00,44484,12:21:24,26,12828,Crossgates Commons Station (12828),1,3,6,46200.0,12:50:00,46205,12:50:05,46200.0,12:50:00,46236,12:50:36,31,00:00:31,doors opened
07/05/2025,12,4130,Saturday,Saturday,West,15657692,44400,12:20:00,44484,12:21:24,25,12891,1475 Washington Ave (12891),0,0,8,,,46055,12:47:35,,,46055,12:47:35,0,00:00:00,door not opened
07/05/2025,12,4130,Saturday,Saturday,West,15657692,44400,12:20:00,44484,12:21:24,24,7216,SUNY Collins Circle (07216),0,2,8,45840.0,12:44:00,45921,12:45:21,45840.0,12:44:00,45921,12:45:21,0,00:00:00,door not opened
07/05/2025,12,4130,Saturday,Saturday,West,15657692,44400,12:20:00,44484,12:21:24,23,3262,1383 Washington Ave (Fairfield Inn) (03262),0,0,10,,,45827,12:43:47,,,45827,12:43:47,0,00:00:00,door not opened
07/05/2025,12,4130,Saturday,Saturday,West,15657692,44400,12:20:00,44484,12:21:24,22,976,Washington Ave & Brevator St (00976),0,1,10,,,45680,12:41:20,,,45697,12:41:37,17,00:00:17,doors opened
07/05/2025,12,4130,Saturday,Saturday,West,15657692,44400,12:20:00,44484,12:21:24,21,1959,Washington Ave & Colvin Ave (01959),3,2,11,,,45605,12:40:05,,,45658,12:40:58,53,00:00:53,doors opened
07/05/2025,12,4130,Saturday,Saturday,West,15657692,44400,12:20:00,44484,12:21:24,20,3399,Washington Ave & Danker Ave (03399),0,0,10,,,45584,12:39:44,,,45584,12:39:44,0,00:00:00,door not opened
07/05/2025,12,4130,Saturday,Saturday,West,15657692,44400,12:20:00,44484,12:21:24,19,1849,Washington Ave & Homestead Ave (01849),0,0,10,,,45563,12:39:23,,,45563,12:39:23,0,00:00:00,door not opened
07/05/2025,12,4130,Saturday,Saturday,West,15657692,44400,12:20:00,44484,12:21:24,18,1846,Washington Ave & Manning Blvd (01846),0,0,10,,,45537,12:38:57,,,45537,12:38:57,0,00:00:00,door not opened
07/05/2025,12,4130,Saturday,Saturday,West,15657692,44400,12:20:00,44484,12:21:24,17,3287,Washington Ave & N. Allen St (03287),1,0,10,45480.0,12:38:00,45448,12:37:28,45480.0,12:38:00,45463,12:37:43,15,00:00:15,doors opened
07/05/2025,12,4130,Saturday,Saturday,West,15657692,44400,12:20:00,44484,12:21:24,16,3264,Washington Ave & N. Main Ave (03264),0,0,9,,,45420,12:37:00,,,45420,12:37:00,0,00:00:00,door not opened
07/05/2025,12,4130,Saturday,Saturday,West,15657692,44400,12:20:00,44484,12:21:24,15,1839,Washington Ave & Partridge St (01839),1,0,9,,,45334,12:35:34,,,45350,12:35:50,16,00:00:16,doors opened
07/05/2025,12,4130,Saturday,Saturday,West,15657692,44400,12:20:00,44484,12:21:24,14,1841,Washington Ave & Ontario St (01841),1,0,8,45240.0,12:34:00,45287,12:34:47,45240.0,12:34:00,45311,12:35:11,24,00:00:24,doors opened
07/05/2025,12,4130,Saturday,Saturday,West,15657692,44400,12:20:00,44484,12:21:24,13,1842,Washington Ave & Quail St (01842),0,0,7,,,45263,12:34:23,,,45263,12:34:23,0,00:00:00,door not opened
07/05/2025,12,4130,Saturday,Saturday,West,15657692,44400,12:20:00,44484,12:21:24,12,1837,Washington Ave & N. Lake Ave (01837),0,0,7,,,45197,12:33:17,,,45197,12:33:17,0,00:00:00,door not opened
07/05/2025,12,4130,Saturday,Saturday,West,15657692,44400,12:20:00,44484,12:21:24,11,1843,Washington Ave & Robin St (01843),2,0,7,,,45152,12:32:32,,,45167,12:32:47,15,00:00:15,doors opened
07/05/2025,12,4130,Saturday,Saturday,West,15657692,44400,12:20:00,44484,12:21:24,10,12943,Washington Ave & Lexington Ave (12943),1,0,5,,,45074,12:31:14,,,45124,12:32:04,50,00:00:50,doors opened
07/05/2025,12,4130,Saturday,Saturday,West,15657692,44400,12:20:00,44484,12:21:24,9,12942,Washington Ave & Henry Johnson Blvd (12942),0,0,4,,,45027,12:30:27,,,45027,12:30:27,0,00:00:00,door not opened
07/05/2025,12,4130,Saturday,Saturday,West,15657692,44400,12:20:00,44484,12:21:24,8,3239,Lark/Library Station - Washington Ave & Lark St (03239),1,2,4,44880.0,12:28:00,44915,12:28:35,44880.0,12:28:00,44991,12:29:51,76,00:01:16,doors opened
07/05/2025,12,4130,Saturday,Saturday,West,15657692,44400,12:20:00,44484,12:21:24,7,3301,Washington Ave & S. Swan St (03301),0,0,5,,,44879,12:27:59,,,44879,12:27:59,0,00:00:00,door not opened
07/05/2025,12,4130,Saturday,Saturday,West,15657692,44400,12:20:00,44484,12:21:24,6,3250,Hawk/Capitol Station - Washington Ave & Hawk St (03250),0,0,5,,,44849,12:27:29,,,44849,12:27:29,0,00:00:00,door not opened
07/05/2025,12,4130,Saturday,Saturday,West,15657692,44400,12:20:00,44484,12:21:24,5,10087,State St & Eagle St (10087),0,0,5,,,44824,12:27:04,,,44824,12:27:04,0,00:00:00,door not opened
07/05/2025,12,4130,Saturday,Saturday,West,15657692,44400,12:20:00,44484,12:21:24,4,2665,State/Downtown Station - State St & Lodge St (02665),0,0,5,44640.0,12:24:00,44728,12:25:28,44640.0,12:24:00,44728,12:25:28,0,00:00:00,door not opened
07/05/2025,12,4130,Saturday,Saturday,West,15657692,44400,12:20:00,44484,12:21:24,3,3221,State Station - N. Pearl St & Ten Eyck Plaza (03221),1,0,5,,,44667,12:24:27,,,44706,12:25:06,39,00:00:39,doors opened
07/05/2025,12,4130,Saturday,Saturday,West,15657692,44400,12:20:00,44484,12:21:24,2,3233,N. Pearl St & Sheridan Ave (03233),0,0,4,,,44618,12:23:38,,,44618,12:23:38,0,00:00:00,door not opened
07/05/2025,12,4130,Saturday,Saturday,West,15657692,44400,12:20:00,44484,12:21:24,1,2168,Clinton Square Station - N. Pearl St & Clinton Ave (02168),3,0,4,,,44542,12:22:22,,,44604,12:23:24,62,00:01:02,doors opened
07/05/2025,12,4130,Saturday,Saturday,West,15657692,44400,12:20:00,44484,12:21:24,0,9018,Broadway & Orange St (09018),1,0,1,44400.0,12:20:00,44484,12:21:24,44400.0,12:20:00,44484,12:21:24,0,00:00:00,doors opened
07/05/2025,12,4130,Saturday,Saturday,East,15657695,51600,14:20:00,51693,14:21:33,23,2509,State/Downtown Station - State St & S. Pearl St (02509),0,1,0,53520.0,14:52:00,53315,14:48:35,53520.0,14:52:00,53315,14:48:35,0,00:00:00,doors opened
07/05/2025,12,4130,Saturday,Saturday,East,15657695,51600,14:20:00,51693,14:21:33,22,1787,State St & Eagle St (01787),0,0,1,,,53302,14:48:22,,,53302,14:48:22,0,00:00:00,door not opened
07/05/2025,12,4130,Saturday,Saturday,East,15657695,51600,14:20:00,51693,14:21:33,21,2706,Hawk/Capitol Station - Washington Ave & Hawk St (02706),0,0,1,,,53225,14:47:05,,,53225,14:47:05,0,00:00:00,door not opened
07/05/2025,12,4130,Saturday,Saturday,East,15657695,51600,14:20:00,51693,14:21:33,20,1789,Washington Ave & S. Swan St (01789),1,1,1,,,53159,14:45:59,,,53205,14:46:45,46,00:00:46,doors opened
07/05/2025,12,4130,Saturday,Saturday,East,15657695,51600,14:20:00,51693,14:21:33,19,1788,Washington Ave & Dove St (01788),0,1,1,,,53102,14:45:02,,,53135,14:45:35,33,00:00:33,doors opened
07/05/2025,12,4130,Saturday,Saturday,East,15657695,51600,14:20:00,51693,14:21:33,18,2663,Lark/Library Station - Washington Ave & Lark St (02663),0,0,2,53220.0,14:47:00,53063,14:44:23,53220.0,14:47:00,53077,14:44:37,14,00:00:14,doors opened
07/05/2025,12,4130,Saturday,Saturday,East,15657695,51600,14:20:00,51693,14:21:33,17,263,Washington Ave & Henry Johnson Blvd (00263),0,2,2,,,53001,14:43:21,,,53020,14:43:40,19,00:00:19,doors opened
07/05/2025,12,4130,Saturday,Saturday,East,15657695,51600,14:20:00,51693,14:21:33,16,2096,Washington Ave & Lexington Ave (02096),0,0,4,,,52971,14:42:51,,,52971,14:42:51,0,00:00:00,door not opened
07/05/2025,12,4130,Saturday,Saturday,East,15657695,51600,14:20:00,51693,14:21:33,15,3253,Washington Ave & Robin St (Draper Hall) (03253),0,0,4,,,52955,14:42:35,,,52955,14:42:35,0,00:00:00,door not opened
07/05/2025,12,4130,Saturday,Saturday,East,15657695,51600,14:20:00,51693,14:21:33,14,2109,Washington Ave & N. Lake Ave (02109),0,0,4,,,52929,14:42:09,,,52929,14:42:09,0,00:00:00,door not opened
07/05/2025,12,4130,Saturday,Saturday,East,15657695,51600,14:20:00,51693,14:21:33,13,3255,Washington Ave & Quail St (03255),0,3,4,,,52840,14:40:40,,,52874,14:41:14,34,00:00:34,doors opened
07/05/2025,12,4130,Saturday,Saturday,East,15657695,51600,14:20:00,51693,14:21:33,12,3256,Washington Ave & Ontario St (03256),1,0,7,52860.0,14:41:00,52802,14:40:02,52860.0,14:41:00,52813,14:40:13,11,00:00:11,doors opened
07/05/2025,12,4130,Saturday,Saturday,East,15657695,51600,14:20:00,51693,14:21:33,11,2107,Washington Ave & Partridge St (02107),0,0,6,,,52786,14:39:46,,,52786,14:39:46,0,00:00:00,door not opened
07/05/2025,12,4130,Saturday,Saturday,East,15657695,51600,14:20:00,51693,14:21:33,10,3257,Washington Ave & N. Main Ave (03257),0,1,6,,,52704,14:38:24,,,52729,14:38:49,25,00:00:25,doors opened
07/05/2025,12,4130,Saturday,Saturday,East,15657695,51600,14:20:00,51693,14:21:33,9,1796,Washington Ave & N. Allen St (01796),0,0,7,52740.0,14:39:00,52663,14:37:43,52740.0,14:39:00,52663,14:37:43,0,00:00:00,door not opened
07/05/2025,12,4130,Saturday,Saturday,East,15657695,51600,14:20:00,51693,14:21:33,8,11581,Washington Ave & Manning Blvd (11581),0,0,7,,,52624,14:37:04,,,52624,14:37:04,0,00:00:00,door not opened
07/05/2025,12,4130,Saturday,Saturday,East,15657695,51600,14:20:00,51693,14:21:33,7,2180,Washington Ave & Homestead Ave (02180),0,1,7,,,52583,14:36:23,,,52604,14:36:44,21,00:00:21,doors opened
07/05/2025,12,4130,Saturday,Saturday,East,15657695,51600,14:20:00,51693,14:21:33,6,2182,Washington Ave & Hawthorne St (02182),0,0,8,,,52561,14:36:01,,,52561,14:36:01,0,00:00:00,door not opened
07/05/2025,12,4130,Saturday,Saturday,East,15657695,51600,14:20:00,51693,14:21:33,5,3304,Washington Ave & Clermont St (03304),1,0,8,,,52487,14:34:47,,,52535,14:35:35,48,00:00:48,doors opened
07/05/2025,12,4130,Saturday,Saturday,East,15657695,51600,14:20:00,51693,14:21:33,4,3348,Washington Ave & Brevator St (03348),0,0,7,,,52474,14:34:34,,,52474,14:34:34,0,00:00:00,door not opened
07/05/2025,12,4130,Saturday,Saturday,East,15657695,51600,14:20:00,51693,14:21:33,3,10134,Washington Ave & SUNY Exit Rd (10134),0,0,7,,,52363,14:32:43,,,52363,14:32:43,0,00:00:00,door not opened
07/05/2025,12,4130,Saturday,Saturday,East,15657695,51600,14:20:00,51693,14:21:33,2,7216,SUNY Collins Circle (07216),0,0,7,52320.0,14:32:00,52280,14:31:20,52320.0,14:32:00,52280,14:31:20,0,00:00:00,door not opened
07/05/2025,12,4130,Saturday,Saturday,East,15657695,51600,14:20:00,51693,14:21:33,1,12827,Crossgates Commons Station (12827),5,3,7,52020.0,14:27:00,52057,14:27:37,52020.0,14:27:00,52057,14:27:37,0,00:00:00,door not opened
07/05/2025,12,4130,Saturday,Saturday,East,15657695,51600,14:20:00,51693,14:21:33,0,7175,Crossgates Mall Station (07175),5,0,5,51600.0,14:20:00,51693,14:21:33,51600.0,14:20:00,51693,14:21:33,0,00:00:00,doors opened
07/05/2025,12,4130,Saturday,Saturday,East,15657347,61200,17:00:00,61340,17:02:20,24,3940,Broadway & Steuben St (03940),0,2,0,63360.0,17:36:00,63259,17:34:19,63360.0,17:36:00,63259,17:34:19,0,00:00:00,doors opened
07/05/2025,12,4130,Saturday,Saturday,East,15657347,61200,17:00:00,61340,17:02:20,23,2509,State/Downtown Station - State St & S. Pearl St (02509),0,8,2,63120.0,17:32:00,63101,17:31:41,63120.0,17:32:00,63189,17:33:09,88,00:01:28,doors opened
07/05/2025,12,4130,Saturday,Saturday,East,15657347,61200,17:00:00,61340,17:02:20,22,1787,State St & Eagle St (01787),0,0,10,,,63082,17:31:22,,,63082,17:31:22,0,00:00:00,door not opened
07/05/2025,12,4130,Saturday,Saturday,East,15657347,61200,17:00:00,61340,17:02:20,21,2706,Hawk/Capitol Station - Washington Ave & Hawk St (02706),0,0,10,,,63036,17:30:36,,,63036,17:30:36,0,00:00:00,door not opened
07/05/2025,12,4130,Saturday,Saturday,East,15657347,61200,17:00:00,61340,17:02:20,20,1789,Washington Ave & S. Swan St (01789),0,0,10,,,63015,17:30:15,,,63015,17:30:15,0,00:00:00,door not opened
07/05/2025,12,4130,Saturday,Saturday,East,15657347,61200,17:00:00,61340,17:02:20,19,1788,Washington Ave & Dove St (01788),0,0,10,,,62993,17:29:53,,,62993,17:29:53,0,00:00:00,door not opened
07/05/2025,12,4130,Saturday,Saturday,East,15657347,61200,17:00:00,61340,17:02:20,18,2663,Lark/Library Station - Washington Ave & Lark St (02663),0,0,10,62820.0,17:27:00,62971,17:29:31,62820.0,17:27:00,62971,17:29:31,0,00:00:00,door not opened
07/05/2025,12,4130,Saturday,Saturday,East,15657347,61200,17:00:00,61340,17:02:20,17,263,Washington Ave & Henry Johnson Blvd (00263),0,1,10,,,62838,17:27:18,,,62856,17:27:36,18,00:00:18,doors opened
07/05/2025,12,4130,Saturday,Saturday,East,15657347,61200,17:00:00,61340,17:02:20,16,2096,Washington Ave & Lexington Ave (02096),0,1,11,,,62696,17:24:56,,,62804,17:26:44,108,00:01:48,doors opened
07/05/2025,12,4130,Saturday,Saturday,East,15657347,61200,17:00:00,61340,17:02:20,15,3253,Washington Ave & Robin St (Draper Hall) (03253),0,0,12,,,62678,17:24:38,,,62678,17:24:38,0,00:00:00,door not opened
07/05/2025,12,4130,Saturday,Saturday,East,15657347,61200,17:00:00,61340,17:02:20,14,2109,Washington Ave & N. Lake Ave (02109),0,0,12,,,62658,17:24:18,,,62658,17:24:18,0,00:00:00,door not opened
07/05/2025,12,4130,Saturday,Saturday,East,15657347,61200,17:00:00,61340,17:02:20,13,3255,Washington Ave & Quail St (03255),0,0,12,,,62632,17:23:52,,,62632,17:23:52,0,00:00:00,door not opened
07/05/2025,12,4130,Saturday,Saturday,East,15657347,61200,17:00:00,61340,17:02:20,12,3256,Washington Ave & Ontario St (03256),0,0,12,62460.0,17:21:00,62612,17:23:32,62460.0,17:21:00,62612,17:23:32,0,00:00:00,door not opened
07/05/2025,12,4130,Saturday,Saturday,East,15657347,61200,17:00:00,61340,17:02:20,11,2107,Washington Ave & Partridge St (02107),0,0,12,,,62580,17:23:00,,,62580,17:23:00,0,00:00:00,door not opened
07/05/2025,12,4130,Saturday,Saturday,East,15657347,61200,17:00:00,61340,17:02:20,10,3257,Washington Ave & N. Main Ave (03257),0,1,12,,,62477,17:21:17,,,62495,17:21:35,18,00:00:18,doors opened
07/05/2025,12,4130,Saturday,Saturday,East,15657347,61200,17:00:00,61340,17:02:20,9,1796,Washington Ave & N. Allen St (01796),0,2,13,62340.0,17:19:00,62429,17:20:29,62340.0,17:19:00,62445,17:20:45,16,00:00:16,doors opened
07/05/2025,12,4130,Saturday,Saturday,East,15657347,61200,17:00:00,61340,17:02:20,8,11581,Washington Ave & Manning Blvd (11581),0,1,15,,,62376,17:19:36,,,62394,17:19:54,18,00:00:18,doors opened
07/05/2025,12,4130,Saturday,Saturday,East,15657347,61200,17:00:00,61340,17:02:20,7,2180,Washington Ave & Homestead Ave (02180),0,0,16,,,62349,17:19:09,,,62349,17:19:09,0,00:00:00,door not opened
07/05/2025,12,4130,Saturday,Saturday,East,15657347,61200,17:00:00,61340,17:02:20,6,2182,Washington Ave & Hawthorne St (02182),0,0,16,,,62325,17:18:45,,,62325,17:18:45,0,00:00:00,door not opened
07/05/2025,12,4130,Saturday,Saturday,East,15657347,61200,17:00:00,61340,17:02:20,5,3304,Washington Ave & Clermont St (03304),0,0,16,,,62310,17:18:30,,,62310,17:18:30,0,00:00:00,door not opened
07/05/2025,12,4130,Saturday,Saturday,East,15657347,61200,17:00:00,61340,17:02:20,4,3348,Washington Ave & Brevator St (03348),0,0,16,,,62295,17:18:15,,,62295,17:18:15,0,00:00:00,door not opened
07/05/2025,12,4130,Saturday,Saturday,East,15657347,61200,17:00:00,61340,17:02:20,3,10134,Washington Ave & SUNY Exit Rd (10134),0,1,16,,,62161,17:16:01,,,62179,17:16:19,18,00:00:18,doors opened
07/05/2025,12,4130,Saturday,Saturday,East,15657347,61200,17:00:00,61340,17:02:20,2,7216,SUNY Collins Circle (07216),0,0,17,61920.0,17:12:00,62065,17:14:25,61920.0,17:12:00,62065,17:14:25,0,00:00:00,door not opened
07/05/2025,12,4130,Saturday,Saturday,East,15657347,61200,17:00:00,61340,17:02:20,1,12827,Crossgates Commons Station (12827),7,5,17,61620.0,17:07:00,61707,17:08:27,61620.0,17:07:00,61819,17:10:19,112,00:01:52,doors opened
07/05/2025,12,4130,Saturday,Saturday,East,15657347,61200,17:00:00,61340,17:02:20,0,7175,Crossgates Mall Station (07175),15,0,15,61200.0,17:00:00,61340,17:02:20,61200.0,17:00:00,61340,17:02:20,0,00:00:00,doors opened
07/05/2025,12,4130,Saturday,Saturday,West,15657349,63600,17:40:00,63656,17:40:56,27,7175,Crossgates Mall Station (07175),0,3,0,65820.0,18:17:00,65787,18:16:27,65820.0,18:17:00,65787,18:16:27,0,00:00:00,doors opened
07/05/2025,12,4130,Saturday,Saturday,West,15657349,63600,17:40:00,63656,17:40:56,26,12828,Crossgates Commons Station (12828),0,4,3,65400.0,18:10:00,65477,18:11:17,65400.0,18:10:00,65518,18:11:58,41,00:00:41,doors opened
07/05/2025,12,4130,Saturday,Saturday,West,15657349,63600,17:40:00,63656,17:40:56,25,12891,1475 Washington Ave (12891),1,0,7,,,65253,18:07:33,,,65293,18:08:13,40,00:00:40,doors opened
07/05/2025,12,4130,Saturday,Saturday,West,15657349,63600,17:40:00,63656,17:40:56,24,7216,SUNY Collins Circle (07216),0,1,6,65040.0,18:04:00,65137,18:05:37,65040.0,18:04:00,65152,18:05:52,15,00:00:15,doors opened
07/05/2025,12,4130,Saturday,Saturday,West,15657349,63600,17:40:00,63656,17:40:56,23,3262,1383 Washington Ave (Fairfield Inn) (03262),1,3,7,,,65004,18:03:24,,,65039,18:03:59,35,00:00:35,doors opened
07/05/2025,12,4130,Saturday,Saturday,West,15657349,63600,17:40:00,63656,17:40:56,22,976,Washington Ave & Brevator St (00976),0,0,9,,,64880,18:01:20,,,64880,18:01:20,0,00:00:00,door not opened
07/05/2025,12,4130,Saturday,Saturday,West,15657349,63600,17:40:00,63656,17:40:56,21,1959,Washington Ave & Colvin Ave (01959),1,0,9,,,64839,18:00:39,,,64858,18:00:58,19,00:00:19,doors opened
07/05/2025,12,4130,Saturday,Saturday,West,15657349,63600,17:40:00,63656,17:40:56,20,3399,Washington Ave & Danker Ave (03399),0,1,8,,,64793,17:59:53,,,64813,18:00:13,20,00:00:20,doors opened
07/05/2025,12,4130,Saturday,Saturday,West,15657349,63600,17:40:00,63656,17:40:56,19,1849,Washington Ave & Homestead Ave (01849),0,0,9,,,64753,17:59:13,,,64767,17:59:27,14,00:00:14,doors opened
07/05/2025,12,4130,Saturday,Saturday,West,15657349,63600,17:40:00,63656,17:40:56,18,1846,Washington Ave & Manning Blvd (01846),1,0,9,,,64683,17:58:03,,,64731,17:58:51,48,00:00:48,doors opened
07/05/2025,12,4130,Saturday,Saturday,West,15657349,63600,17:40:00,63656,17:40:56,17,3287,Washington Ave & N. Allen St (03287),1,0,8,64680.0,17:58:00,64585,17:56:25,64680.0,17:58:00,64649,17:57:29,64,00:01:04,doors opened
07/05/2025,12,4130,Saturday,Saturday,West,15657349,63600,17:40:00,63656,17:40:56,16,3264,Washington Ave & N. Main Ave (03264),1,0,7,,,64530,17:55:30,,,64549,17:55:49,19,00:00:19,doors opened
07/05/2025,12,4130,Saturday,Saturday,West,15657349,63600,17:40:00,63656,17:40:56,15,1839,Washington Ave & Partridge St (01839),2,0,6,,,64440,17:54:00,,,64472,17:54:32,32,00:00:32,doors opened
07/05/2025,12,4130,Saturday,Saturday,West,15657349,63600,17:40:00,63656,17:40:56,14,1841,Washington Ave & Ontario St (01841),1,1,4,64440.0,17:54:00,64389,17:53:09,64440.0,17:54:00,64415,17:53:35,26,00:00:26,doors opened
07/05/2025,12,4130,Saturday,Saturday,West,15657349,63600,17:40:00,63656,17:40:56,13,1842,Washington Ave & Quail St (01842),0,0,4,,,64365,17:52:45,,,64365,17:52:45,0,00:00:00,door not opened
07/05/2025,12,4130,Saturday,Saturday,West,15657349,63600,17:40:00,63656,17:40:56,12,1837,Washington Ave & N. Lake Ave (01837),0,0,4,,,64313,17:51:53,,,64313,17:51:53,0,00:00:00,door not opened
07/05/2025,12,4130,Saturday,Saturday,West,15657349,63600,17:40:00,63656,17:40:56,11,1843,Washington Ave & Robin St (01843),0,0,4,,,64266,17:51:06,,,64266,17:51:06,0,00:00:00,door not opened
07/05/2025,12,4130,Saturday,Saturday,West,15657349,63600,17:40:00,63656,17:40:56,10,12943,Washington Ave & Lexington Ave (12943),0,0,4,,,64209,17:50:09,,,64209,17:50:09,0,00:00:00,door not opened
07/05/2025,12,4130,Saturday,Saturday,West,15657349,63600,17:40:00,63656,17:40:56,9,12942,Washington Ave & Henry Johnson Blvd (12942),0,0,4,,,64184,17:49:44,,,64184,17:49:44,0,00:00:00,door not opened
07/05/2025,12,4130,Saturday,Saturday,West,15657349,63600,17:40:00,63656,17:40:56,8,3239,Lark/Library Station - Washington Ave & Lark St (03239),0,1,4,64080.0,17:48:00,64080,17:48:00,64080.0,17:48:00,64100,17:48:20,20,00:00:20,doors opened
07/05/2025,12,4130,Saturday,Saturday,West,15657349,63600,17:40:00,63656,17:40:56,7,3301,Washington Ave & S. Swan St (03301),0,0,5,,,64030,17:47:10,,,64030,17:47:10,0,00:00:00,door not opened
07/05/2025,12,4130,Saturday,Saturday,West,15657349,63600,17:40:00,63656,17:40:56,6,3250,Hawk/Capitol Station - Washington Ave & Hawk St (03250),0,0,5,,,64003,17:46:43,,,64003,17:46:43,0,00:00:00,door not opened
07/05/2025,12,4130,Saturday,Saturday,West,15657349,63600,17:40:00,63656,17:40:56,5,10087,State St & Eagle St (10087),0,0,5,,,63970,17:46:10,,,63970,17:46:10,0,00:00:00,door not opened
07/05/2025,12,4130,Saturday,Saturday,West,15657349,63600,17:40:00,63656,17:40:56,4,2665,State/Downtown Station - State St & Lodge St (02665),4,0,5,63840.0,17:44:00,63838,17:43:58,63840.0,17:44:00,63877,17:44:37,39,00:00:39,doors opened
07/05/2025,12,4130,Saturday,Saturday,West,15657349,63600,17:40:00,63656,17:40:56,3,3221,State Station - N. Pearl St & Ten Eyck Plaza (03221),1,0,1,,,63781,17:43:01,,,63806,17:43:26,25,00:00:25,doors opened
07/05/2025,12,4130,Saturday,Saturday,West,15657349,63600,17:40:00,63656,17:40:56,2,3233,N. Pearl St & Sheridan Ave (03233),0,0,0,,,63731,17:42:11,,,63731,17:42:11,0,00:00:00,door not opened
07/05/2025,12,4130,Saturday,Saturday,West,15657349,63600,17:40:00,63656,17:40:56,1,2168,Clinton Square Station - N. Pearl St & Clinton Ave (02168),0,0,0,,,63709,17:41:49,,,63709,17:41:49,0,00:00:00,door not opened
07/05/2025,12,4130,Saturday,Saturday,West,15657349,63600,17:40:00,63656,17:40:56,0,9018,Broadway & Orange St (09018),0,0,0,63600.0,17:40:00,63656,17:40:56,63600.0,17:40:00,63656,17:40:56,0,00:00:00,door not opened
07/05/2025,12,4130,Saturday,Saturday,East,15657352,70800,19:40:00,71045,19:44:05,5,3304,Washington Ave & Clermont St (03304),0,1,19,,,72061,20:01:01,,,72111,20:01:51,50,00:00:50,doors opened
07/05/2025,12,4130,Saturday,Saturday,East,15657352,70800,19:40:00,71045,19:44:05,4,3348,Washington Ave & Brevator St (03348),0,1,20,,,72017,20:00:17,,,72037,20:00:37,20,00:00:20,doors opened
07/05/2025,12,4130,Saturday,Saturday,East,15657352,70800,19:40:00,71045,19:44:05,3,10134,Washington Ave & SUNY Exit Rd (10134),2,0,21,,,71850,19:57:30,,,71895,19:58:15,45,00:00:45,doors opened
07/05/2025,12,4130,Saturday,Saturday,East,15657352,70800,19:40:00,71045,19:44:05,2,7216,SUNY Collins Circle (07216),3,0,19,71520.0,19:52:00,71709,19:55:09,71520.0,19:52:00,71742,19:55:42,33,00:00:33,doors opened
07/05/2025,12,4130,Saturday,Saturday,East,15657352,70800,19:40:00,71045,19:44:05,1,12827,Crossgates Commons Station (12827),9,1,16,71220.0,19:47:00,71350,19:49:10,71220.0,19:47:00,71459,19:50:59,109,00:01:49,doors opened
07/05/2025,12,4130,Saturday,Saturday,East,15657352,70800,19:40:00,71045,19:44:05,0,7175,Crossgates Mall Station (07175),8,0,8,70800.0,19:40:00,71045,19:44:05,70800.0,19:40:00,71045,19:44:05,0,00:00:00,doors opened
07/05/2025,12,4130,Saturday,Saturday,East,15657352,70800,19:40:00,71045,19:44:05,24,3940,Broadway & Steuben St (03940),0,0,0,72900.0,20:15:00,73345,20:22:25,72900.0,20:15:00,73345,20:22:25,0,00:00:00,door not opened
07/05/2025,12,4130,Saturday,Saturday,East,15657352,70800,19:40:00,71045,19:44:05,23,2509,State/Downtown Station - State St & S. Pearl St (02509),0,1,0,72660.0,20:11:00,73251,20:20:51,72660.0,20:11:00,73267,20:21:07,16,00:00:16,doors opened
07/05/2025,12,4130,Saturday,Saturday,East,15657352,70800,19:40:00,71045,19:44:05,22,1787,State St & Eagle St (01787),0,0,1,,,73238,20:20:38,,,73238,20:20:38,0,00:00:00,door not opened
07/05/2025,12,4130,Saturday,Saturday,East,15657352,70800,19:40:00,71045,19:44:05,21,2706,Hawk/Capitol Station - Washington Ave & Hawk St (02706),0,0,1,,,73165,20:19:25,,,73165,20:19:25,0,00:00:00,door not opened
07/05/2025,12,4130,Saturday,Saturday,East,15657352,70800,19:40:00,71045,19:44:05,20,1789,Washington Ave & S. Swan St (01789),0,1,1,,,73096,20:18:16,,,73142,20:19:02,46,00:00:46,doors opened
07/05/2025,12,4130,Saturday,Saturday,East,15657352,70800,19:40:00,71045,19:44:05,19,1788,Washington Ave & Dove St (01788),0,1,2,,,73042,20:17:22,,,73071,20:17:51,29,00:00:29,doors opened
07/05/2025,12,4130,Saturday,Saturday,East,15657352,70800,19:40:00,71045,19:44:05,18,2663,Lark/Library Station - Washington Ave & Lark St (02663),1,2,3,72420.0,20:07:00,72936,20:15:36,72420.0,20:07:00,73012,20:16:52,76,00:01:16,doors opened
07/05/2025,12,4130,Saturday,Saturday,East,15657352,70800,19:40:00,71045,19:44:05,17,263,Washington Ave & Henry Johnson Blvd (00263),0,0,4,,,72879,20:14:39,,,72879,20:14:39,0,00:00:00,door not opened
07/05/2025,12,4130,Saturday,Saturday,East,15657352,70800,19:40:00,71045,19:44:05,16,2096,Washington Ave & Lexington Ave (02096),2,3,4,,,72643,20:10:43,,,72847,20:14:07,204,00:03:24,doors opened
07/05/2025,12,4130,Saturday,Saturday,East,15657352,70800,19:40:00,71045,19:44:05,15,3253,Washington Ave & Robin St (Draper Hall) (03253),0,0,5,,,72607,20:10:07,,,72607,20:10:07,0,00:00:00,door not opened
07/05/2025,12,4130,Saturday,Saturday,East,15657352,70800,19:40:00,71045,19:44:05,14,2109,Washington Ave & N. Lake Ave (02109),1,0,5,,,72541,20:09:01,,,72567,20:09:27,26,00:00:26,doors opened
07/05/2025,12,4130,Saturday,Saturday,East,15657352,70800,19:40:00,71045,19:44:05,13,3255,Washington Ave & Quail St (03255),0,11,4,,,72484,20:08:04,,,72512,20:08:32,28,00:00:28,doors opened
07/05/2025,12,4130,Saturday,Saturday,East,15657352,70800,19:40:00,71045,19:44:05,12,3256,Washington Ave & Ontario St (03256),0,3,15,72060.0,20:01:00,72435,20:07:15,72060.0,20:01:00,72459,20:07:39,24,00:00:24,doors opened
07/05/2025,12,4130,Saturday,Saturday,East,15657352,70800,19:40:00,71045,19:44:05,11,2107,Washington Ave & Partridge St (02107),0,1,18,,,72388,20:06:28,,,72406,20:06:46,18,00:00:18,doors opened
07/05/2025,12,4130,Saturday,Saturday,East,15657352,70800,19:40:00,71045,19:44:05,10,3257,Washington Ave & N. Main Ave (03257),0,0,19,,,72313,20:05:13,,,72313,20:05:13,0,00:00:00,door not opened
07/05/2025,12,4130,Saturday,Saturday,East,15657352,70800,19:40:00,71045,19:44:05,9,1796,Washington Ave & N. Allen St (01796),2,2,19,71940.0,19:59:00,72221,20:03:41,71940.0,19:59:00,72279,20:04:39,58,00:00:58,doors opened
07/05/2025,12,4130,Saturday,Saturday,East,15657352,70800,19:40:00,71045,19:44:05,8,11581,Washington Ave & Manning Blvd (11581),0,0,19,,,72186,20:03:06,,,72186,20:03:06,0,00:00:00,door not opened
07/05/2025,12,4130,Saturday,Saturday,East,15657352,70800,19:40:00,71045,19:44:05,7,2180,Washington Ave & Homestead Ave (02180),0,0,19,,,72166,20:02:46,,,72166,20:02:46,0,00:00:00,door not opened
07/05/2025,12,4130,Saturday,Saturday,East,15657352,70800,19:40:00,71045,19:44:05,6,2182,Washington Ave & Hawthorne St (02182),0,0,19,,,72141,20:02:21,,,72141,20:02:21,0,00:00:00,door not opened
07/05/2025,12,4130,Saturday,Saturday,West,15657354,73200,20:20:00,73395,20:23:15,27,7175,Crossgates Mall Station (07175),0,0,0,75300.0,20:55:00,75687,21:01:27,75300.0,20:55:00,75687,21:01:27,0,00:00:00,doors opened
07/05/2025,12,4130,Saturday,Saturday,West,15657354,73200,20:20:00,73395,20:23:15,26,12828,Crossgates Commons Station (12828),0,7,0,74880.0,20:48:00,75326,20:55:26,74880.0,20:48:00,75362,20:56:02,36,00:00:36,doors opened
07/05/2025,12,4130,Saturday,Saturday,West,15657354,73200,20:20:00,73395,20:23:15,25,12891,1475 Washington Ave (12891),0,0,7,,,75141,20:52:21,,,75141,20:52:21,0,00:00:00,door not opened
07/05/2025,12,4130,Saturday,Saturday,West,15657354,73200,20:20:00,73395,20:23:15,24,7216,SUNY Collins Circle (07216),0,2,7,74580.0,20:43:00,75001,20:50:01,74580.0,20:43:00,75043,20:50:43,42,00:00:42,doors opened
07/05/2025,12,4130,Saturday,Saturday,West,15657354,73200,20:20:00,73395,20:23:15,23,3262,1383 Washington Ave (Fairfield Inn) (03262),0,0,9,,,74915,20:48:35,,,74915,20:48:35,0,00:00:00,door not opened
07/05/2025,12,4130,Saturday,Saturday,West,15657354,73200,20:20:00,73395,20:23:15,22,976,Washington Ave & Brevator St (00976),2,0,9,,,74778,20:46:18,,,74798,20:46:38,20,00:00:20,doors opened
07/05/2025,12,4130,Saturday,Saturday,West,15657354,73200,20:20:00,73395,20:23:15,21,1959,Washington Ave & Colvin Ave (01959),2,0,7,,,74697,20:44:57,,,74755,20:45:55,58,00:00:58,doors opened
07/05/2025,12,4130,Saturday,Saturday,West,15657354,73200,20:20:00,73395,20:23:15,20,3399,Washington Ave & Danker Ave (03399),0,0,5,,,74677,20:44:37,,,74677,20:44:37,0,00:00:00,door not opened
07/05/2025,12,4130,Saturday,Saturday,West,15657354,73200,20:20:00,73395,20:23:15,19,1849,Washington Ave & Homestead Ave (01849),0,0,5,,,74657,20:44:17,,,74657,20:44:17,0,00:00:00,door not opened
07/05/2025,12,4130,Saturday,Saturday,West,15657354,73200,20:20:00,73395,20:23:15,18,1846,Washington Ave & Manning Blvd (01846),0,0,5,,,74635,20:43:55,,,74635,20:43:55,0,00:00:00,door not opened
07/05/2025,12,4130,Saturday,Saturday,West,15657354,73200,20:20:00,73395,20:23:15,17,3287,Washington Ave & N. Allen St (03287),1,2,5,74220.0,20:37:00,74494,20:41:34,74220.0,20:37:00,74562,20:42:42,68,00:01:08,doors opened
07/05/2025,12,4130,Saturday,Saturday,West,15657354,73200,20:20:00,73395,20:23:15,16,3264,Washington Ave & N. Main Ave (03264),1,1,6,,,74442,20:40:42,,,74462,20:41:02,20,00:00:20,doors opened
07/05/2025,12,4130,Saturday,Saturday,West,15657354,73200,20:20:00,73395,20:23:15,15,1839,Washington Ave & Partridge St (01839),0,0,6,,,74398,20:39:58,,,74398,20:39:58,0,00:00:00,door not opened
07/05/2025,12,4130,Saturday,Saturday,West,15657354,73200,20:20:00,73395,20:23:15,14,1841,Washington Ave & Ontario St (01841),0,0,6,74040.0,20:34:00,74379,20:39:39,74040.0,20:34:00,74379,20:39:39,0,00:00:00,door not opened
07/05/2025,12,4130,Saturday,Saturday,West,15657354,73200,20:20:00,73395,20:23:15,13,1842,Washington Ave & Quail St (01842),3,1,6,,,74316,20:38:36,,,74355,20:39:15,39,00:00:39,doors opened
07/05/2025,12,4130,Saturday,Saturday,West,15657354,73200,20:20:00,73395,20:23:15,12,1837,Washington Ave & N. Lake Ave (01837),0,0,4,,,74291,20:38:11,,,74291,20:38:11,0,00:00:00,door not opened
07/05/2025,12,4130,Saturday,Saturday,West,15657354,73200,20:20:00,73395,20:23:15,11,1843,Washington Ave & Robin St (01843),0,0,4,,,74248,20:37:28,,,74248,20:37:28,0,00:00:00,door not opened
07/05/2025,12,4130,Saturday,Saturday,West,15657354,73200,20:20:00,73395,20:23:15,10,12943,Washington Ave & Lexington Ave (12943),0,1,4,,,74210,20:36:50,,,74222,20:37:02,12,00:00:12,doors opened
07/05/2025,12,4130,Saturday,Saturday,West,15657354,73200,20:20:00,73395,20:23:15,9,12942,Washington Ave & Henry Johnson Blvd (12942),2,0,5,,,74152,20:35:52,,,74178,20:36:18,26,00:00:26,doors opened
07/05/2025,12,4130,Saturday,Saturday,West,15657354,73200,20:20:00,73395,20:23:15,8,3239,Lark/Library Station - Washington Ave & Lark St (03239),0,0,3,73680.0,20:28:00,74090,20:34:50,73680.0,20:28:00,74090,20:34:50,0,00:00:00,door not opened
07/05/2025,12,4130,Saturday,Saturday,West,15657354,73200,20:20:00,73395,20:23:15,7,3301,Washington Ave & S. Swan St (03301),0,0,3,,,73998,20:33:18,,,73998,20:33:18,0,00:00:00,door not opened
07/05/2025,12,4130,Saturday,Saturday,West,15657354,73200,20:20:00,73395,20:23:15,6,3250,Hawk/Capitol Station - Washington Ave & Hawk St (03250),1,0,3,,,73912,20:31:52,,,73957,20:32:37,45,00:00:45,doors opened
07/05/2025,12,4130,Saturday,Saturday,West,15657354,73200,20:20:00,73395,20:23:15,5,10087,State St & Eagle St (10087),0,0,2,,,73880,20:31:20,,,73880,20:31:20,0,00:00:00,door not opened
07/05/2025,12,4130,Saturday,Saturday,West,15657354,73200,20:20:00,73395,20:23:15,4,2665,State/Downtown Station - State St & Lodge St (02665),2,0,2,73440.0,20:24:00,73808,20:30:08,73440.0,20:24:00,73835,20:30:35,27,00:00:27,doors opened
07/05/2025,12,4130,Saturday,Saturday,West,15657354,73200,20:20:00,73395,20:23:15,3,3221,State Station - N. Pearl St & Ten Eyck Plaza (03221),0,0,0,,,73701,20:28:21,,,73701,20:28:21,0,00:00:00,door not opened
07/05/2025,12,4130,Saturday,Saturday,West,15657354,73200,20:20:00,73395,20:23:15,2,3233,N. Pearl St & Sheridan Ave (03233),0,0,0,,,73662,20:27:42,,,73662,20:27:42,0,00:00:00,door not opened
07/05/2025,12,4130,Saturday,Saturday,West,15657354,73200,20:20:00,73395,20:23:15,1,2168,Clinton Square Station - N. Pearl St & Clinton Ave (02168),0,0,0,,,73624,20:27:04,,,73624,20:27:04,0,00:00:00,door not opened
07/05/2025,12,4130,Saturday,Saturday,West,15657354,73200,20:20:00,73395,20:23:15,0,9018,Broadway & Orange St (09018),1,1,0,73200.0,20:20:00,73395,20:23:15,73200.0,20:20:00,73395,20:23:15,0,00:00:00,door not opened
07/05/2025,12,4198,Saturday,Saturday,West,15657341,84600,23:30:00,84927,23:35:27,27,7175,Crossgates Mall Station (07175),0,2,0,86520.0,24:02:00,86791,24:06:31,86520.0,24:02:00,86791,24:06:31,0,00:00:00,doors opened
07/05/2025,12,4198,Saturday,Saturday,West,15657341,84600,23:30:00,84927,23:35:27,25,12891,1475 Washington Ave (12891),0,0,2,,,86411,24:00:11,,,86411,24:00:11,0,00:00:00,door not opened
07/05/2025,12,4198,Saturday,Saturday,West,15657341,84600,23:30:00,84927,23:35:27,24,7216,SUNY Collins Circle (07216),0,0,2,85800.0,23:50:00,86333,23:58:53,85800.0,23:50:00,86333,23:58:53,0,00:00:00,door not opened
07/05/2025,12,4198,Saturday,Saturday,West,15657341,84600,23:30:00,84927,23:35:27,23,3262,1383 Washington Ave (Fairfield Inn) (03262),0,1,2,,,86240,23:57:20,,,86253,23:57:33,13,00:00:13,doors opened
07/05/2025,12,4198,Saturday,Saturday,West,15657341,84600,23:30:00,84927,23:35:27,22,976,Washington Ave & Brevator St (00976),0,0,3,,,86124,23:55:24,,,86124,23:55:24,0,00:00:00,door not opened
07/05/2025,12,4198,Saturday,Saturday,West,15657341,84600,23:30:00,84927,23:35:27,21,1959,Washington Ave & Colvin Ave (01959),0,0,3,,,86078,23:54:38,,,86078,23:54:38,0,00:00:00,door not opened
07/05/2025,12,4198,Saturday,Saturday,West,15657341,84600,23:30:00,84927,23:35:27,20,3399,Washington Ave & Danker Ave (03399),0,0,3,,,86014,23:53:34,,,86014,23:53:34,0,00:00:00,door not opened
07/05/2025,12,4198,Saturday,Saturday,West,15657341,84600,23:30:00,84927,23:35:27,19,1849,Washington Ave & Homestead Ave (01849),0,0,3,,,85996,23:53:16,,,85996,23:53:16,0,00:00:00,door not opened
07/05/2025,12,4198,Saturday,Saturday,West,15657341,84600,23:30:00,84927,23:35:27,18,1846,Washington Ave & Manning Blvd (01846),0,0,3,,,85968,23:52:48,,,85968,23:52:48,0,00:00:00,door not opened
07/05/2025,12,4198,Saturday,Saturday,West,15657341,84600,23:30:00,84927,23:35:27,17,3287,Washington Ave & N. Allen St (03287),1,3,3,85500.0,23:45:00,85886,23:51:26,85500.0,23:45:00,85902,23:51:42,16,00:00:16,doors opened
07/05/2025,12,4198,Saturday,Saturday,West,15657341,84600,23:30:00,84927,23:35:27,16,3264,Washington Ave & N. Main Ave (03264),0,0,5,,,85851,23:50:51,,,85851,23:50:51,0,00:00:00,door not opened
07/05/2025,12,4198,Saturday,Saturday,West,15657341,84600,23:30:00,84927,23:35:27,15,1839,Washington Ave & Partridge St (01839),0,2,5,,,85738,23:48:58,,,85755,23:49:15,17,00:00:17,doors opened
07/05/2025,12,4198,Saturday,Saturday,West,15657341,84600,23:30:00,84927,23:35:27,14,1841,Washington Ave & Ontario St (01841),0,0,7,85320.0,23:42:00,85716,23:48:36,85320.0,23:42:00,85716,23:48:36,0,00:00:00,door not opened
07/05/2025,12,4198,Saturday,Saturday,West,15657341,84600,23:30:00,84927,23:35:27,13,1842,Washington Ave & Quail St (01842),1,5,7,,,85655,23:47:35,,,85692,23:48:12,37,00:00:37,doors opened
07/05/2025,12,4198,Saturday,Saturday,West,15657341,84600,23:30:00,84927,23:35:27,12,1837,Washington Ave & N. Lake Ave (01837),0,0,11,,,85628,23:47:08,,,85628,23:47:08,0,00:00:00,door not opened
07/05/2025,12,4198,Saturday,Saturday,West,15657341,84600,23:30:00,84927,23:35:27,11,1843,Washington Ave & Robin St (01843),0,0,11,,,85584,23:46:24,,,85584,23:46:24,0,00:00:00,door not opened
07/05/2025,12,4198,Saturday,Saturday,West,15657341,84600,23:30:00,84927,23:35:27,10,12943,Washington Ave & Lexington Ave (12943),0,1,11,,,85523,23:45:23,,,85559,23:45:59,36,00:00:36,doors opened
07/05/2025,12,4198,Saturday,Saturday,West,15657341,84600,23:30:00,84927,23:35:27,9,12942,Washington Ave & Henry Johnson Blvd (12942),0,0,12,,,85476,23:44:36,,,85476,23:44:36,0,00:00:00,door not opened
07/05/2025,12,4198,Saturday,Saturday,West,15657341,84600,23:30:00,84927,23:35:27,8,3239,Lark/Library Station - Washington Ave & Lark St (03239),0,0,12,84960.0,23:36:00,85324,23:42:04,84960.0,23:36:00,85336,23:42:16,12,00:00:12,doors opened
07/05/2025,12,4198,Saturday,Saturday,West,15657341,84600,23:30:00,84927,23:35:27,7,3301,Washington Ave & S. Swan St (03301),0,0,12,,,85278,23:41:18,,,85278,23:41:18,0,00:00:00,door not opened
07/05/2025,12,4198,Saturday,Saturday,West,15657341,84600,23:30:00,84927,23:35:27,6,3250,Hawk/Capitol Station - Washington Ave & Hawk St (03250),0,0,12,,,85239,23:40:39,,,85239,23:40:39,0,00:00:00,door not opened
07/05/2025,12,4198,Saturday,Saturday,West,15657341,84600,23:30:00,84927,23:35:27,5,10087,State St & Eagle St (10087),0,0,12,,,85209,23:40:09,,,85209,23:40:09,0,00:00:00,door not opened
07/05/2025,12,4198,Saturday,Saturday,West,15657341,84600,23:30:00,84927,23:35:27,4,2665,State/Downtown Station - State St & Lodge St (02665),8,0,12,84780.0,23:33:00,85078,23:37:58,84780.0,23:33:00,85137,23:38:57,59,00:00:59,doors opened
07/05/2025,12,4198,Saturday,Saturday,West,15657341,84600,23:30:00,84927,23:35:27,3,3221,State Station - N. Pearl St & Ten Eyck Plaza (03221),0,0,4,,,85045,23:37:25,,,85045,23:37:25,0,00:00:00,door not opened
07/05/2025,12,4198,Saturday,Saturday,West,15657341,84600,23:30:00,84927,23:35:27,2,3233,N. Pearl St & Sheridan Ave (03233),0,0,4,,,85011,23:36:51,,,85011,23:36:51,0,00:00:00,door not opened
07/05/2025,12,4198,Saturday,Saturday,West,15657341,84600,23:30:00,84927,23:35:27,1,2168,Clinton Square Station - N. Pearl St & Clinton Ave (02168),3,0,4,,,84959,23:35:59,,,84994,23:36:34,35,00:00:35,doors opened
07/05/2025,12,4198,Saturday,Saturday,West,15657341,84600,23:30:00,84927,23:35:27,0,9018,Broadway & Orange St (09018),0,0,1,84600.0,23:30:00,84927,23:35:27,84600.0,23:30:00,84927,23:35:27,0,00:00:00,door not opened
07/05/2025,12,4198,Saturday,Saturday,East,15657332,72000,20:00:00,72068,20:01:08,24,3940,Broadway & Steuben St (03940),0,0,0,74100.0,20:35:00,74587,20:43:07,74100.0,20:35:00,74587,20:43:07,0,00:00:00,door not opened
07/05/2025,12,4198,Saturday,Saturday,East,15657332,72000,20:00:00,72068,20:01:08,23,2509,State/Downtown Station - State St & S. Pearl St (02509),1,7,0,73860.0,20:31:00,73897,20:31:37,73860.0,20:31:00,73926,20:32:06,29,00:00:29,doors opened
07/05/2025,12,4198,Saturday,Saturday,East,15657332,72000,20:00:00,72068,20:01:08,22,1787,State St & Eagle St (01787),0,0,6,,,73881,20:31:21,,,73881,20:31:21,0,00:00:00,door not opened
07/05/2025,12,4198,Saturday,Saturday,East,15657332,72000,20:00:00,72068,20:01:08,21,2706,Hawk/Capitol Station - Washington Ave & Hawk St (02706),0,0,6,,,73819,20:30:19,,,73819,20:30:19,0,00:00:00,door not opened
07/05/2025,12,4198,Saturday,Saturday,East,15657332,72000,20:00:00,72068,20:01:08,20,1789,Washington Ave & S. Swan St (01789),0,0,6,,,73804,20:30:04,,,73804,20:30:04,0,00:00:00,door not opened
07/05/2025,12,4198,Saturday,Saturday,East,15657332,72000,20:00:00,72068,20:01:08,19,1788,Washington Ave & Dove St (01788),0,0,6,,,73786,20:29:46,,,73786,20:29:46,0,00:00:00,door not opened
07/05/2025,12,4198,Saturday,Saturday,East,15657332,72000,20:00:00,72068,20:01:08,18,2663,Lark/Library Station - Washington Ave & Lark St (02663),0,4,6,73620.0,20:27:00,73717,20:28:37,73620.0,20:27:00,73760,20:29:20,43,00:00:43,doors opened
07/05/2025,12,4198,Saturday,Saturday,East,15657332,72000,20:00:00,72068,20:01:08,17,263,Washington Ave & Henry Johnson Blvd (00263),0,0,10,,,73664,20:27:44,,,73664,20:27:44,0,00:00:00,door not opened
07/05/2025,12,4198,Saturday,Saturday,East,15657332,72000,20:00:00,72068,20:01:08,16,2096,Washington Ave & Lexington Ave (02096),0,0,10,,,73480,20:24:40,,,73480,20:24:40,0,00:00:00,door not opened
07/05/2025,12,4198,Saturday,Saturday,East,15657332,72000,20:00:00,72068,20:01:08,15,3253,Washington Ave & Robin St (Draper Hall) (03253),0,0,10,,,73421,20:23:41,,,73421,20:23:41,0,00:00:00,door not opened
07/05/2025,12,4198,Saturday,Saturday,East,15657332,72000,20:00:00,72068,20:01:08,14,2109,Washington Ave & N. Lake Ave (02109),0,3,10,,,73364,20:22:44,,,73386,20:23:06,22,00:00:22,doors opened
07/05/2025,12,4198,Saturday,Saturday,East,15657332,72000,20:00:00,72068,20:01:08,13,3255,Washington Ave & Quail St (03255),0,1,13,,,73299,20:21:39,,,73333,20:22:13,34,00:00:34,doors opened
07/05/2025,12,4198,Saturday,Saturday,East,15657332,72000,20:00:00,72068,20:01:08,12,3256,Washington Ave & Ontario St (03256),0,2,14,73260.0,20:21:00,73235,20:20:35,73260.0,20:21:00,73269,20:21:09,34,00:00:34,doors opened
07/05/2025,12,4198,Saturday,Saturday,East,15657332,72000,20:00:00,72068,20:01:08,11,2107,Washington Ave & Partridge St (02107),0,0,16,,,73207,20:20:07,,,73207,20:20:07,0,00:00:00,door not opened
07/05/2025,12,4198,Saturday,Saturday,East,15657332,72000,20:00:00,72068,20:01:08,10,3257,Washington Ave & N. Main Ave (03257),0,4,16,,,73107,20:18:27,,,73130,20:18:50,23,00:00:23,doors opened
07/05/2025,12,4198,Saturday,Saturday,East,15657332,72000,20:00:00,72068,20:01:08,9,1796,Washington Ave & N. Allen St (01796),0,0,20,73140.0,20:19:00,73055,20:17:35,73140.0,20:19:00,73068,20:17:48,13,00:00:13,door not opened
07/05/2025,12,4198,Saturday,Saturday,East,15657332,72000,20:00:00,72068,20:01:08,5,3304,Washington Ave & Clermont St (03304),0,1,20,,,73055,20:17:35,,,73055,20:17:35,0,00:00:00,doors opened
07/05/2025,12,4198,Saturday,Saturday,East,15657332,72000,20:00:00,72068,20:01:08,4,3348,Washington Ave & Brevator St (03348),0,0,21,,,73029,20:17:09,,,73029,20:17:09,0,00:00:00,door not opened
07/05/2025,12,4198,Saturday,Saturday,East,15657332,72000,20:00:00,72068,20:01:08,3,10134,Washington Ave & SUNY Exit Rd (10134),1,0,21,,,72787,20:13:07,,,72853,20:14:13,66,00:01:06,doors opened
07/05/2025,12,4198,Saturday,Saturday,East,15657332,72000,20:00:00,72068,20:01:08,1,12827,Crossgates Commons Station (12827),7,1,20,72420.0,20:07:00,72333,20:05:33,72420.0,20:07:00,72401,20:06:41,68,00:01:08,doors opened
07/05/2025,12,4198,Saturday,Saturday,East,15657332,72000,20:00:00,72068,20:01:08,0,7175,Crossgates Mall Station (07175),8,0,14,72000.0,20:00:00,72068,20:01:08,72000.0,20:00:00,72068,20:01:08,0,00:00:00,doors opened
07/05/2025,12,4198,Saturday,Saturday,West,15657334,74400,20:40:00,74638,20:43:58,0,9018,Broadway & Orange St (09018),0,0,0,74400.0,20:40:00,74638,20:43:58,74400.0,20:40:00,74638,20:43:58,0,00:00:00,door not opened
07/05/2025,12,4198,Saturday,Saturday,West,15657334,74400,20:40:00,74638,20:43:58,27,7175,Crossgates Mall Station (07175),0,0,0,76440.0,21:14:00,76838,21:20:38,76440.0,21:14:00,76838,21:20:38,0,00:00:00,doors opened
07/05/2025,12,4198,Saturday,Saturday,West,15657334,74400,20:40:00,74638,20:43:58,26,12828,Crossgates Commons Station (12828),0,1,0,76020.0,21:07:00,76155,21:09:15,76020.0,21:07:00,76170,21:09:30,15,00:00:15,doors opened
07/05/2025,12,4198,Saturday,Saturday,West,15657334,74400,20:40:00,74638,20:43:58,25,12891,1475 Washington Ave (12891),0,0,1,,,75980,21:06:20,,,75980,21:06:20,0,00:00:00,door not opened
07/05/2025,12,4198,Saturday,Saturday,West,15657334,74400,20:40:00,74638,20:43:58,24,7216,SUNY Collins Circle (07216),0,0,1,75720.0,21:02:00,75894,21:04:54,75720.0,21:02:00,75894,21:04:54,0,00:00:00,door not opened
07/05/2025,12,4198,Saturday,Saturday,West,15657334,74400,20:40:00,74638,20:43:58,23,3262,1383 Washington Ave (Fairfield Inn) (03262),0,0,1,,,75804,21:03:24,,,75804,21:03:24,0,00:00:00,door not opened
07/05/2025,12,4198,Saturday,Saturday,West,15657334,74400,20:40:00,74638,20:43:58,22,976,Washington Ave & Brevator St (00976),0,0,1,,,75676,21:01:16,,,75676,21:01:16,0,00:00:00,door not opened
07/05/2025,12,4198,Saturday,Saturday,West,15657334,74400,20:40:00,74638,20:43:58,21,1959,Washington Ave & Colvin Ave (01959),0,0,1,,,75654,21:00:54,,,75654,21:00:54,0,00:00:00,door not opened
07/05/2025,12,4198,Saturday,Saturday,West,15657334,74400,20:40:00,74638,20:43:58,20,3399,Washington Ave & Danker Ave (03399),0,0,1,,,75584,20:59:44,,,75584,20:59:44,0,00:00:00,door not opened
07/05/2025,12,4198,Saturday,Saturday,West,15657334,74400,20:40:00,74638,20:43:58,19,1849,Washington Ave & Homestead Ave (01849),0,0,1,,,75566,20:59:26,,,75566,20:59:26,0,00:00:00,door not opened
07/05/2025,12,4198,Saturday,Saturday,West,15657334,74400,20:40:00,74638,20:43:58,18,1846,Washington Ave & Manning Blvd (01846),0,0,1,,,75544,20:59:04,,,75544,20:59:04,0,00:00:00,door not opened
07/05/2025,12,4198,Saturday,Saturday,West,15657334,74400,20:40:00,74638,20:43:58,17,3287,Washington Ave & N. Allen St (03287),0,0,1,75360.0,20:56:00,75512,20:58:32,75360.0,20:56:00,75512,20:58:32,0,00:00:00,door not opened
07/05/2025,12,4198,Saturday,Saturday,West,15657334,74400,20:40:00,74638,20:43:58,16,3264,Washington Ave & N. Main Ave (03264),0,0,1,,,75473,20:57:53,,,75473,20:57:53,0,00:00:00,door not opened
07/05/2025,12,4198,Saturday,Saturday,West,15657334,74400,20:40:00,74638,20:43:58,15,1839,Washington Ave & Partridge St (01839),0,0,1,,,75410,20:56:50,,,75410,20:56:50,0,00:00:00,door not opened
07/05/2025,12,4198,Saturday,Saturday,West,15657334,74400,20:40:00,74638,20:43:58,14,1841,Washington Ave & Ontario St (01841),0,2,1,75180.0,20:53:00,75343,20:55:43,75180.0,20:53:00,75385,20:56:25,42,00:00:42,doors opened
07/05/2025,12,4198,Saturday,Saturday,West,15657334,74400,20:40:00,74638,20:43:58,13,1842,Washington Ave & Quail St (01842),1,0,3,,,75277,20:54:37,,,75314,20:55:14,37,00:00:37,doors opened
07/05/2025,12,4198,Saturday,Saturday,West,15657334,74400,20:40:00,74638,20:43:58,12,1837,Washington Ave & N. Lake Ave (01837),0,0,2,,,75248,20:54:08,,,75248,20:54:08,0,00:00:00,door not opened
07/05/2025,12,4198,Saturday,Saturday,West,15657334,74400,20:40:00,74638,20:43:58,11,1843,Washington Ave & Robin St (01843),0,0,2,,,75199,20:53:19,,,75199,20:53:19,0,00:00:00,door not opened
07/05/2025,12,4198,Saturday,Saturday,West,15657334,74400,20:40:00,74638,20:43:58,10,12943,Washington Ave & Lexington Ave (12943),0,0,2,,,75175,20:52:55,,,75175,20:52:55,0,00:00:00,door not opened
07/05/2025,12,4198,Saturday,Saturday,West,15657334,74400,20:40:00,74638,20:43:58,9,12942,Washington Ave & Henry Johnson Blvd (12942),0,0,2,,,75117,20:51:57,,,75117,20:51:57,0,00:00:00,door not opened
07/05/2025,12,4198,Saturday,Saturday,West,15657334,74400,20:40:00,74638,20:43:58,8,3239,Lark/Library Station - Washington Ave & Lark St (03239),1,0,2,74820.0,20:47:00,75030,20:50:30,74820.0,20:47:00,75049,20:50:49,19,00:00:19,doors opened
07/05/2025,12,4198,Saturday,Saturday,West,15657334,74400,20:40:00,74638,20:43:58,7,3301,Washington Ave & S. Swan St (03301),1,0,1,,,74975,20:49:35,,,74988,20:49:48,13,00:00:13,doors opened
07/05/2025,12,4198,Saturday,Saturday,West,15657334,74400,20:40:00,74638,20:43:58,6,3250,Hawk/Capitol Station - Washington Ave & Hawk St (03250),0,0,0,,,74950,20:49:10,,,74950,20:49:10,0,00:00:00,door not opened
07/05/2025,12,4198,Saturday,Saturday,West,15657334,74400,20:40:00,74638,20:43:58,5,10087,State St & Eagle St (10087),0,0,0,,,74922,20:48:42,,,74922,20:48:42,0,00:00:00,door not opened
07/05/2025,12,4198,Saturday,Saturday,West,15657334,74400,20:40:00,74638,20:43:58,4,2665,State/Downtown Station - State St & Lodge St (02665),0,0,0,74640.0,20:44:00,74853,20:47:33,74640.0,20:44:00,74853,20:47:33,0,00:00:00,door not opened
07/05/2025,12,4198,Saturday,Saturday,West,15657334,74400,20:40:00,74638,20:43:58,3,3221,State Station - N. Pearl St & Ten Eyck Plaza (03221),0,0,0,,,74747,20:45:47,,,74747,20:45:47,0,00:00:00,door not opened
07/05/2025,12,4198,Saturday,Saturday,West,15657334,74400,20:40:00,74638,20:43:58,2,3233,N. Pearl St & Sheridan Ave (03233),0,0,0,,,74705,20:45:05,,,74705,20:45:05,0,00:00:00,door not opened
07/05/2025,12,4198,Saturday,Saturday,West,15657334,74400,20:40:00,74638,20:43:58,1,2168,Clinton Square Station - N. Pearl St & Clinton Ave (02168),0,0,0,,,74670,20:44:30,,,74670,20:44:30,0,00:00:00,door not opened
07/05/2025,12,4198,Saturday,Saturday,East,15657335,76800,21:20:00,76970,21:22:50,24,3940,Broadway & Steuben St (03940),0,0,0,78840.0,21:54:00,79133,21:58:53,78840.0,21:54:00,79133,21:58:53,0,00:00:00,door not opened
07/05/2025,12,4198,Saturday,Saturday,East,15657335,76800,21:20:00,76970,21:22:50,23,2509,State/Downtown Station - State St & S. Pearl St (02509),0,7,0,78600.0,21:50:00,78983,21:56:23,78600.0,21:50:00,79052,21:57:32,69,00:01:09,doors opened
07/05/2025,12,4198,Saturday,Saturday,East,15657335,76800,21:20:00,76970,21:22:50,22,1787,State St & Eagle St (01787),0,0,7,,,78963,21:56:03,,,78963,21:56:03,0,00:00:00,door not opened
07/05/2025,12,4198,Saturday,Saturday,East,15657335,76800,21:20:00,76970,21:22:50,21,2706,Hawk/Capitol Station - Washington Ave & Hawk St (02706),0,0,7,,,78924,21:55:24,,,78924,21:55:24,0,00:00:00,door not opened
07/05/2025,12,4198,Saturday,Saturday,East,15657335,76800,21:20:00,76970,21:22:50,20,1789,Washington Ave & S. Swan St (01789),0,1,7,,,78874,21:54:34,,,78899,21:54:59,25,00:00:25,doors opened
07/05/2025,12,4198,Saturday,Saturday,East,15657335,76800,21:20:00,76970,21:22:50,19,1788,Washington Ave & Dove St (01788),0,0,8,,,78851,21:54:11,,,78851,21:54:11,0,00:00:00,door not opened
07/05/2025,12,4198,Saturday,Saturday,East,15657335,76800,21:20:00,76970,21:22:50,18,2663,Lark/Library Station - Washington Ave & Lark St (02663),1,2,8,78360.0,21:46:00,78754,21:52:34,78360.0,21:46:00,78829,21:53:49,75,00:01:15,doors opened
07/05/2025,12,4198,Saturday,Saturday,East,15657335,76800,21:20:00,76970,21:22:50,17,263,Washington Ave & Henry Johnson Blvd (00263),3,0,9,,,78673,21:51:13,,,78693,21:51:33,20,00:00:20,doors opened
07/05/2025,12,4198,Saturday,Saturday,East,15657335,76800,21:20:00,76970,21:22:50,16,2096,Washington Ave & Lexington Ave (02096),0,0,6,,,78552,21:49:12,,,78552,21:49:12,0,00:00:00,door not opened
07/05/2025,12,4198,Saturday,Saturday,East,15657335,76800,21:20:00,76970,21:22:50,15,3253,Washington Ave & Robin St (Draper Hall) (03253),0,1,6,,,78511,21:48:31,,,78533,21:48:53,22,00:00:22,doors opened
07/05/2025,12,4198,Saturday,Saturday,East,15657335,76800,21:20:00,76970,21:22:50,14,2109,Washington Ave & N. Lake Ave (02109),0,1,7,,,78464,21:47:44,,,78484,21:48:04,20,00:00:20,doors opened
07/05/2025,12,4198,Saturday,Saturday,East,15657335,76800,21:20:00,76970,21:22:50,13,3255,Washington Ave & Quail St (03255),0,14,8,,,78400,21:46:40,,,78433,21:47:13,33,00:00:33,doors opened
07/05/2025,12,4198,Saturday,Saturday,East,15657335,76800,21:20:00,76970,21:22:50,12,3256,Washington Ave & Ontario St (03256),1,8,22,78000.0,21:40:00,78329,21:45:29,78000.0,21:40:00,78369,21:46:09,40,00:00:40,doors opened
07/05/2025,12,4198,Saturday,Saturday,East,15657335,76800,21:20:00,76970,21:22:50,11,2107,Washington Ave & Partridge St (02107),0,1,29,,,78286,21:44:46,,,78299,21:44:59,13,00:00:13,doors opened
07/05/2025,12,4198,Saturday,Saturday,East,15657335,76800,21:20:00,76970,21:22:50,10,3257,Washington Ave & N. Main Ave (03257),0,4,30,,,78206,21:43:26,,,78226,21:43:46,20,00:00:20,doors opened
07/05/2025,12,4198,Saturday,Saturday,East,15657335,76800,21:20:00,76970,21:22:50,9,1796,Washington Ave & N. Allen St (01796),0,3,34,77880.0,21:38:00,78154,21:42:34,77880.0,21:38:00,78167,21:42:47,13,00:00:13,doors opened
07/05/2025,12,4198,Saturday,Saturday,East,15657335,76800,21:20:00,76970,21:22:50,8,11581,Washington Ave & Manning Blvd (11581),2,3,37,,,78060,21:41:00,,,78112,21:41:52,52,00:00:52,doors opened
07/05/2025,12,4198,Saturday,Saturday,East,15657335,76800,21:20:00,76970,21:22:50,7,2180,Washington Ave & Homestead Ave (02180),0,0,38,,,78037,21:40:37,,,78037,21:40:37,0,00:00:00,door not opened
07/05/2025,12,4198,Saturday,Saturday,East,15657335,76800,21:20:00,76970,21:22:50,6,2182,Washington Ave & Hawthorne St (02182),0,0,38,,,78014,21:40:14,,,78014,21:40:14,0,00:00:00,door not opened
07/05/2025,12,4198,Saturday,Saturday,East,15657335,76800,21:20:00,76970,21:22:50,5,3304,Washington Ave & Clermont St (03304),0,1,38,,,77974,21:39:34,,,77989,21:39:49,15,00:00:15,doors opened
07/05/2025,12,4198,Saturday,Saturday,East,15657335,76800,21:20:00,76970,21:22:50,4,3348,Washington Ave & Brevator St (03348),1,0,39,,,77931,21:38:51,,,77947,21:39:07,16,00:00:16,doors opened
07/05/2025,12,4198,Saturday,Saturday,East,15657335,76800,21:20:00,76970,21:22:50,3,10134,Washington Ave & SUNY Exit Rd (10134),1,1,38,,,77771,21:36:11,,,77813,21:36:53,42,00:00:42,doors opened
07/05/2025,12,4198,Saturday,Saturday,East,15657335,76800,21:20:00,76970,21:22:50,2,7216,SUNY Collins Circle (07216),1,1,38,77460.0,21:31:00,77639,21:33:59,77460.0,21:31:00,77660,21:34:20,21,00:00:21,doors opened
07/05/2025,12,4198,Saturday,Saturday,East,15657335,76800,21:20:00,76970,21:22:50,1,12827,Crossgates Commons Station (12827),9,0,38,77160.0,21:26:00,77245,21:27:25,77160.0,21:26:00,77362,21:29:22,117,00:01:57,doors opened
07/05/2025,12,4198,Saturday,Saturday,East,15657335,76800,21:20:00,76970,21:22:50,0,7175,Crossgates Mall Station (07175),29,0,29,76800.0,21:20:00,76970,21:22:50,76800.0,21:20:00,76970,21:22:50,0,00:00:00,doors opened
07/05/2025,12,4198,Saturday,Saturday,West,15657337,79200,22:00:00,79195,21:59:55,23,3262,1383 Washington Ave (Fairfield Inn) (03262),0,2,6,,,80903,22:28:23,,,80919,22:28:39,16,00:00:16,doors opened
07/05/2025,12,4198,Saturday,Saturday,West,15657337,79200,22:00:00,79195,21:59:55,22,976,Washington Ave & Brevator St (00976),0,0,8,,,80787,22:26:27,,,80787,22:26:27,0,00:00:00,door not opened
07/05/2025,12,4198,Saturday,Saturday,West,15657337,79200,22:00:00,79195,21:59:55,21,1959,Washington Ave & Colvin Ave (01959),2,1,8,,,80695,22:24:55,,,80749,22:25:49,54,00:00:54,doors opened
07/05/2025,12,4198,Saturday,Saturday,West,15657337,79200,22:00:00,79195,21:59:55,20,3399,Washington Ave & Danker Ave (03399),0,0,7,,,80676,22:24:36,,,80676,22:24:36,0,00:00:00,door not opened
07/05/2025,12,4198,Saturday,Saturday,West,15657337,79200,22:00:00,79195,21:59:55,19,1849,Washington Ave & Homestead Ave (01849),0,0,7,,,80655,22:24:15,,,80655,22:24:15,0,00:00:00,door not opened
07/05/2025,12,4198,Saturday,Saturday,West,15657337,79200,22:00:00,79195,21:59:55,18,1846,Washington Ave & Manning Blvd (01846),0,1,7,,,80599,22:23:19,,,80631,22:23:51,32,00:00:32,doors opened
07/05/2025,12,4198,Saturday,Saturday,West,15657337,79200,22:00:00,79195,21:59:55,17,3287,Washington Ave & N. Allen St (03287),1,0,8,80100.0,22:15:00,80553,22:22:33,80100.0,22:15:00,80566,22:22:46,13,00:00:13,doors opened
07/05/2025,12,4198,Saturday,Saturday,West,15657337,79200,22:00:00,79195,21:59:55,16,3264,Washington Ave & N. Main Ave (03264),0,0,7,,,80524,22:22:04,,,80524,22:22:04,0,00:00:00,door not opened
07/05/2025,12,4198,Saturday,Saturday,West,15657337,79200,22:00:00,79195,21:59:55,15,1839,Washington Ave & Partridge St (01839),1,0,7,,,80460,22:21:00,,,80477,22:21:17,17,00:00:17,doors opened
07/05/2025,12,4198,Saturday,Saturday,West,15657337,79200,22:00:00,79195,21:59:55,14,1841,Washington Ave & Ontario St (01841),0,0,6,79920.0,22:12:00,80441,22:20:41,79920.0,22:12:00,80441,22:20:41,0,00:00:00,door not opened
07/05/2025,12,4198,Saturday,Saturday,West,15657337,79200,22:00:00,79195,21:59:55,13,1842,Washington Ave & Quail St (01842),0,0,6,,,80420,22:20:20,,,80420,22:20:20,0,00:00:00,door not opened
07/05/2025,12,4198,Saturday,Saturday,West,15657337,79200,22:00:00,79195,21:59:55,12,1837,Washington Ave & N. Lake Ave (01837),0,0,6,,,80352,22:19:12,,,80352,22:19:12,0,00:00:00,door not opened
07/05/2025,12,4198,Saturday,Saturday,West,15657337,79200,22:00:00,79195,21:59:55,11,1843,Washington Ave & Robin St (01843),0,0,6,,,80324,22:18:44,,,80324,22:18:44,0,00:00:00,door not opened
07/05/2025,12,4198,Saturday,Saturday,West,15657337,79200,22:00:00,79195,21:59:55,10,12943,Washington Ave & Lexington Ave (12943),0,0,6,,,80290,22:18:10,,,80290,22:18:10,0,00:00:00,door not opened
07/05/2025,12,4198,Saturday,Saturday,West,15657337,79200,22:00:00,79195,21:59:55,9,12942,Washington Ave & Henry Johnson Blvd (12942),1,0,6,,,80208,22:16:48,,,80222,22:17:02,14,00:00:14,doors opened
07/05/2025,12,4198,Saturday,Saturday,West,15657337,79200,22:00:00,79195,21:59:55,8,3239,Lark/Library Station - Washington Ave & Lark St (03239),2,2,5,79560.0,22:06:00,80079,22:14:39,79560.0,22:06:00,80106,22:15:06,27,00:00:27,doors opened
07/05/2025,12,4198,Saturday,Saturday,West,15657337,79200,22:00:00,79195,21:59:55,7,3301,Washington Ave & S. Swan St (03301),0,0,5,,,80045,22:14:05,,,80045,22:14:05,0,00:00:00,door not opened
07/05/2025,12,4198,Saturday,Saturday,West,15657337,79200,22:00:00,79195,21:59:55,6,3250,Hawk/Capitol Station - Washington Ave & Hawk St (03250),0,0,5,,,80025,22:13:45,,,80025,22:13:45,0,00:00:00,door not opened
07/05/2025,12,4198,Saturday,Saturday,West,15657337,79200,22:00:00,79195,21:59:55,5,10087,State St & Eagle St (10087),0,0,5,,,79995,22:13:15,,,79995,22:13:15,0,00:00:00,door not opened
07/05/2025,12,4198,Saturday,Saturday,West,15657337,79200,22:00:00,79195,21:59:55,4,2665,State/Downtown Station - State St & Lodge St (02665),3,0,5,79380.0,22:03:00,79880,22:11:20,79380.0,22:03:00,79899,22:11:39,19,00:00:19,doors opened
07/05/2025,12,4198,Saturday,Saturday,West,15657337,79200,22:00:00,79195,21:59:55,3,3221,State Station - N. Pearl St & Ten Eyck Plaza (03221),0,0,2,,,79818,22:10:18,,,79818,22:10:18,0,00:00:00,door not opened
07/05/2025,12,4198,Saturday,Saturday,West,15657337,79200,22:00:00,79195,21:59:55,2,3233,N. Pearl St & Sheridan Ave (03233),0,0,2,,,79762,22:09:22,,,79762,22:09:22,0,00:00:00,door not opened
07/05/2025,12,4198,Saturday,Saturday,West,15657337,79200,22:00:00,79195,21:59:55,1,2168,Clinton Square Station - N. Pearl St & Clinton Ave (02168),1,0,2,,,79718,22:08:38,,,79743,22:09:03,25,00:00:25,doors opened
07/05/2025,12,4198,Saturday,Saturday,West,15657337,79200,22:00:00,79195,21:59:55,0,9018,Broadway & Orange St (09018),1,0,1,79200.0,22:00:00,79195,21:59:55,79200.0,22:00:00,79195,21:59:55,0,00:00:00,door not opened
07/05/2025,12,4198,Saturday,Saturday,West,15657337,79200,22:00:00,79195,21:59:55,27,7175,Crossgates Mall Station (07175),0,5,0,81180.0,22:33:00,81605,22:40:05,81180.0,22:33:00,81605,22:40:05,0,00:00:00,doors opened
07/05/2025,12,4198,Saturday,Saturday,West,15657337,79200,22:00:00,79195,21:59:55,26,12828,Crossgates Commons Station (12828),3,2,5,80760.0,22:26:00,81338,22:35:38,80760.0,22:26:00,81370,22:36:10,32,00:00:32,doors opened
07/05/2025,12,4198,Saturday,Saturday,West,15657337,79200,22:00:00,79195,21:59:55,25,12891,1475 Washington Ave (12891),0,2,4,,,81130,22:32:10,,,81141,22:32:21,11,00:00:11,doors opened
07/05/2025,12,4198,Saturday,Saturday,West,15657337,79200,22:00:00,79195,21:59:55,24,7216,SUNY Collins Circle (07216),0,0,6,80460.0,22:21:00,81030,22:30:30,80460.0,22:21:00,81030,22:30:30,0,00:00:00,door not opened
07/05/2025,12,4198,Saturday,Saturday,East,15657338,81300,22:35:00,81670,22:41:10,24,3940,Broadway & Steuben St (03940),0,1,0,83220.0,23:07:00,83547,23:12:27,83220.0,23:07:00,83547,23:12:27,0,00:00:00,doors opened
07/05/2025,12,4198,Saturday,Saturday,East,15657338,81300,22:35:00,81670,22:41:10,23,2509,State/Downtown Station - State St & S. Pearl St (02509),0,3,1,82980.0,23:03:00,83423,23:10:23,82980.0,23:03:00,83475,23:11:15,52,00:00:52,doors opened
07/05/2025,12,4198,Saturday,Saturday,East,15657338,81300,22:35:00,81670,22:41:10,22,1787,State St & Eagle St (01787),0,0,4,,,83405,23:10:05,,,83405,23:10:05,0,00:00:00,door not opened
07/05/2025,12,4198,Saturday,Saturday,East,15657338,81300,22:35:00,81670,22:41:10,21,2706,Hawk/Capitol Station - Washington Ave & Hawk St (02706),0,0,4,,,83369,23:09:29,,,83369,23:09:29,0,00:00:00,door not opened
07/05/2025,12,4198,Saturday,Saturday,East,15657338,81300,22:35:00,81670,22:41:10,20,1789,Washington Ave & S. Swan St (01789),0,0,4,,,83348,23:09:08,,,83348,23:09:08,0,00:00:00,door not opened
07/05/2025,12,4198,Saturday,Saturday,East,15657338,81300,22:35:00,81670,22:41:10,19,1788,Washington Ave & Dove St (01788),0,3,4,,,83292,23:08:12,,,83315,23:08:35,23,00:00:23,doors opened
07/05/2025,12,4198,Saturday,Saturday,East,15657338,81300,22:35:00,81670,22:41:10,18,2663,Lark/Library Station - Washington Ave & Lark St (02663),0,0,7,82800.0,23:00:00,83255,23:07:35,82800.0,23:00:00,83265,23:07:45,10,00:00:10,doors opened
07/05/2025,12,4198,Saturday,Saturday,East,15657338,81300,22:35:00,81670,22:41:10,17,263,Washington Ave & Henry Johnson Blvd (00263),0,2,7,,,83124,23:05:24,,,83179,23:06:19,55,00:00:55,doors opened
07/05/2025,12,4198,Saturday,Saturday,East,15657338,81300,22:35:00,81670,22:41:10,16,2096,Washington Ave & Lexington Ave (02096),0,1,9,,,83003,23:03:23,,,83092,23:04:52,89,00:01:29,doors opened
07/05/2025,12,4198,Saturday,Saturday,East,15657338,81300,22:35:00,81670,22:41:10,15,3253,Washington Ave & Robin St (Draper Hall) (03253),0,1,10,,,82957,23:02:37,,,82979,23:02:59,22,00:00:22,doors opened
07/05/2025,12,4198,Saturday,Saturday,East,15657338,81300,22:35:00,81670,22:41:10,14,2109,Washington Ave & N. Lake Ave (02109),1,1,11,,,82906,23:01:46,,,82932,23:02:12,26,00:00:26,doors opened
07/05/2025,12,4198,Saturday,Saturday,East,15657338,81300,22:35:00,81670,22:41:10,13,3255,Washington Ave & Quail St (03255),0,4,11,,,82812,23:00:12,,,82873,23:01:13,61,00:01:01,doors opened
07/05/2025,12,4198,Saturday,Saturday,East,15657338,81300,22:35:00,81670,22:41:10,12,3256,Washington Ave & Ontario St (03256),0,0,15,82500.0,22:55:00,82792,22:59:52,82500.0,22:55:00,82792,22:59:52,0,00:00:00,door not opened
07/05/2025,12,4198,Saturday,Saturday,East,15657338,81300,22:35:00,81670,22:41:10,11,2107,Washington Ave & Partridge St (02107),0,0,15,,,82775,22:59:35,,,82775,22:59:35,0,00:00:00,door not opened
07/05/2025,12,4198,Saturday,Saturday,East,15657338,81300,22:35:00,81670,22:41:10,10,3257,Washington Ave & N. Main Ave (03257),0,0,15,,,82736,22:58:56,,,82736,22:58:56,0,00:00:00,door not opened
07/05/2025,12,4198,Saturday,Saturday,East,15657338,81300,22:35:00,81670,22:41:10,9,1796,Washington Ave & N. Allen St (01796),0,0,15,82380.0,22:53:00,82708,22:58:28,82380.0,22:53:00,82708,22:58:28,0,00:00:00,door not opened
07/05/2025,12,4198,Saturday,Saturday,East,15657338,81300,22:35:00,81670,22:41:10,8,11581,Washington Ave & Manning Blvd (11581),0,0,15,,,82675,22:57:55,,,82675,22:57:55,0,00:00:00,door not opened
07/05/2025,12,4198,Saturday,Saturday,East,15657338,81300,22:35:00,81670,22:41:10,7,2180,Washington Ave & Homestead Ave (02180),0,0,15,,,82658,22:57:38,,,82658,22:57:38,0,00:00:00,door not opened
07/05/2025,12,4198,Saturday,Saturday,East,15657338,81300,22:35:00,81670,22:41:10,6,2182,Washington Ave & Hawthorne St (02182),0,0,15,,,82639,22:57:19,,,82639,22:57:19,0,00:00:00,door not opened
07/05/2025,12,4198,Saturday,Saturday,East,15657338,81300,22:35:00,81670,22:41:10,5,3304,Washington Ave & Clermont St (03304),0,1,15,,,82604,22:56:44,,,82616,22:56:56,12,00:00:12,doors opened
07/05/2025,12,4198,Saturday,Saturday,East,15657338,81300,22:35:00,81670,22:41:10,3,10134,Washington Ave & SUNY Exit Rd (10134),4,1,16,,,82401,22:53:21,,,82481,22:54:41,80,00:01:20,doors opened
07/05/2025,12,4198,Saturday,Saturday,East,15657338,81300,22:35:00,81670,22:41:10,2,7216,SUNY Collins Circle (07216),1,1,13,81960.0,22:46:00,82267,22:51:07,81960.0,22:46:00,82282,22:51:22,15,00:00:15,doors opened
07/05/2025,12,4198,Saturday,Saturday,East,15657338,81300,22:35:00,81670,22:41:10,1,12827,Crossgates Commons Station (12827),7,0,13,81660.0,22:41:00,81918,22:45:18,81660.0,22:41:00,82005,22:46:45,87,00:01:27,doors opened
07/05/2025,12,4198,Saturday,Saturday,East,15657338,81300,22:35:00,81670,22:41:10,0,7175,Crossgates Mall Station (07175),6,0,6,81300.0,22:35:00,81670,22:41:10,81300.0,22:35:00,81670,22:41:10,0,00:00:00,doors opened
07/05/2025,12,4200,Saturday,Saturday,East,15656240,38400,10:40:00,38624,10:43:44,11,2107,Washington Ave & Partridge St (02107),1,1,4,,,39877,11:04:37,,,39904,11:05:04,27,00:00:27,doors opened
07/05/2025,12,4200,Saturday,Saturday,East,15656240,38400,10:40:00,38624,10:43:44,10,3257,Washington Ave & N. Main Ave (03257),0,0,4,,,39790,11:03:10,,,39790,11:03:10,0,00:00:00,door not opened
07/05/2025,12,4200,Saturday,Saturday,East,15656240,38400,10:40:00,38624,10:43:44,9,1796,Washington Ave & N. Allen St (01796),0,0,4,39420.0,10:57:00,39760,11:02:40,39420.0,10:57:00,39760,11:02:40,0,00:00:00,door not opened
07/05/2025,12,4200,Saturday,Saturday,East,15656240,38400,10:40:00,38624,10:43:44,8,11581,Washington Ave & Manning Blvd (11581),0,1,4,,,39671,11:01:11,,,39712,11:01:52,41,00:00:41,doors opened
07/05/2025,12,4200,Saturday,Saturday,East,15656240,38400,10:40:00,38624,10:43:44,7,2180,Washington Ave & Homestead Ave (02180),0,0,5,,,39650,11:00:50,,,39650,11:00:50,0,00:00:00,door not opened
07/05/2025,12,4200,Saturday,Saturday,East,15656240,38400,10:40:00,38624,10:43:44,6,2182,Washington Ave & Hawthorne St (02182),0,0,5,,,39612,11:00:12,,,39625,11:00:25,13,00:00:13,door not opened
07/05/2025,12,4200,Saturday,Saturday,East,15656240,38400,10:40:00,38624,10:43:44,4,3348,Washington Ave & Brevator St (03348),0,1,5,,,39609,11:00:09,,,39612,11:00:12,3,00:00:03,doors opened
07/05/2025,12,4200,Saturday,Saturday,East,15656240,38400,10:40:00,38624,10:43:44,3,10134,Washington Ave & SUNY Exit Rd (10134),1,0,6,,,39427,10:57:07,,,39450,10:57:30,23,00:00:23,doors opened
07/05/2025,12,4200,Saturday,Saturday,East,15656240,38400,10:40:00,38624,10:43:44,2,7216,SUNY Collins Circle (07216),2,1,5,39000.0,10:50:00,39371,10:56:11,39000.0,10:50:00,39383,10:56:23,12,00:00:12,door not opened
07/05/2025,12,4200,Saturday,Saturday,East,15656240,38400,10:40:00,38624,10:43:44,0,7175,Crossgates Mall Station (07175),2,0,4,38400.0,10:40:00,38624,10:43:44,38400.0,10:40:00,38624,10:43:44,0,00:00:00,doors opened
07/05/2025,12,4200,Saturday,Saturday,East,15656240,38400,10:40:00,38624,10:43:44,24,3940,Broadway & Steuben St (03940),0,0,0,40380.0,11:13:00,40625,11:17:05,40380.0,11:13:00,40625,11:17:05,0,00:00:00,door not opened
07/05/2025,12,4200,Saturday,Saturday,East,15656240,38400,10:40:00,38624,10:43:44,23,2509,State/Downtown Station - State St & S. Pearl St (02509),0,0,0,40140.0,11:09:00,40442,11:14:02,40140.0,11:09:00,40571,11:16:11,129,00:02:09,doors opened
07/05/2025,12,4200,Saturday,Saturday,East,15656240,38400,10:40:00,38624,10:43:44,22,1787,State St & Eagle St (01787),0,0,0,,,40420,11:13:40,,,40420,11:13:40,0,00:00:00,door not opened
07/05/2025,12,4200,Saturday,Saturday,East,15656240,38400,10:40:00,38624,10:43:44,21,2706,Hawk/Capitol Station - Washington Ave & Hawk St (02706),0,0,0,,,40378,11:12:58,,,40378,11:12:58,0,00:00:00,door not opened
07/05/2025,12,4200,Saturday,Saturday,East,15656240,38400,10:40:00,38624,10:43:44,20,1789,Washington Ave & S. Swan St (01789),0,0,0,,,40359,11:12:39,,,40359,11:12:39,0,00:00:00,door not opened
07/05/2025,12,4200,Saturday,Saturday,East,15656240,38400,10:40:00,38624,10:43:44,19,1788,Washington Ave & Dove St (01788),0,0,0,,,40312,11:11:52,,,40312,11:11:52,0,00:00:00,door not opened
07/05/2025,12,4200,Saturday,Saturday,East,15656240,38400,10:40:00,38624,10:43:44,18,2663,Lark/Library Station - Washington Ave & Lark St (02663),0,3,0,39900.0,11:05:00,40227,11:10:27,39900.0,11:05:00,40291,11:11:31,64,00:01:04,doors opened
07/05/2025,12,4200,Saturday,Saturday,East,15656240,38400,10:40:00,38624,10:43:44,17,263,Washington Ave & Henry Johnson Blvd (00263),0,1,3,,,40181,11:09:41,,,40195,11:09:55,14,00:00:14,doors opened
07/05/2025,12,4200,Saturday,Saturday,East,15656240,38400,10:40:00,38624,10:43:44,16,2096,Washington Ave & Lexington Ave (02096),0,0,4,,,40093,11:08:13,,,40093,11:08:13,0,00:00:00,door not opened
07/05/2025,12,4200,Saturday,Saturday,East,15656240,38400,10:40:00,38624,10:43:44,15,3253,Washington Ave & Robin St (Draper Hall) (03253),0,0,4,,,40076,11:07:56,,,40076,11:07:56,0,00:00:00,door not opened
07/05/2025,12,4200,Saturday,Saturday,East,15656240,38400,10:40:00,38624,10:43:44,14,2109,Washington Ave & N. Lake Ave (02109),0,0,4,,,40031,11:07:11,,,40031,11:07:11,0,00:00:00,door not opened
07/05/2025,12,4200,Saturday,Saturday,East,15656240,38400,10:40:00,38624,10:43:44,13,3255,Washington Ave & Quail St (03255),0,0,4,,,39979,11:06:19,,,39979,11:06:19,0,00:00:00,door not opened
07/05/2025,12,4200,Saturday,Saturday,East,15656240,38400,10:40:00,38624,10:43:44,12,3256,Washington Ave & Ontario St (03256),0,0,4,39540.0,10:59:00,39931,11:05:31,39540.0,10:59:00,39931,11:05:31,0,00:00:00,door not opened
07/05/2025,12,4200,Saturday,Saturday,West,15656242,40800,11:20:00,41177,11:26:17,23,3262,1383 Washington Ave (Fairfield Inn) (03262),2,0,14,,,42662,11:51:02,,,42662,11:51:02,0,00:00:00,door not opened
07/05/2025,12,4200,Saturday,Saturday,West,15656242,40800,11:20:00,41177,11:26:17,22,976,Washington Ave & Brevator St (00976),1,0,12,,,42461,11:47:41,,,42479,11:47:59,18,00:00:18,doors opened
07/05/2025,12,4200,Saturday,Saturday,West,15656242,40800,11:20:00,41177,11:26:17,21,1959,Washington Ave & Colvin Ave (01959),0,0,11,,,42438,11:47:18,,,42438,11:47:18,0,00:00:00,door not opened
07/05/2025,12,4200,Saturday,Saturday,West,15656242,40800,11:20:00,41177,11:26:17,20,3399,Washington Ave & Danker Ave (03399),0,0,11,,,42410,11:46:50,,,42410,11:46:50,0,00:00:00,door not opened
07/05/2025,12,4200,Saturday,Saturday,West,15656242,40800,11:20:00,41177,11:26:17,19,1849,Washington Ave & Homestead Ave (01849),0,0,11,,,42391,11:46:31,,,42391,11:46:31,0,00:00:00,door not opened
07/05/2025,12,4200,Saturday,Saturday,West,15656242,40800,11:20:00,41177,11:26:17,18,1846,Washington Ave & Manning Blvd (01846),0,0,11,,,42372,11:46:12,,,42372,11:46:12,0,00:00:00,door not opened
07/05/2025,12,4200,Saturday,Saturday,West,15656242,40800,11:20:00,41177,11:26:17,17,3287,Washington Ave & N. Allen St (03287),1,0,11,41880.0,11:38:00,42324,11:45:24,41880.0,11:38:00,42340,11:45:40,16,00:00:16,doors opened
07/05/2025,12,4200,Saturday,Saturday,West,15656242,40800,11:20:00,41177,11:26:17,16,3264,Washington Ave & N. Main Ave (03264),2,0,10,,,42252,11:44:12,,,42291,11:44:51,39,00:00:39,doors opened
07/05/2025,12,4200,Saturday,Saturday,West,15656242,40800,11:20:00,41177,11:26:17,15,1839,Washington Ave & Partridge St (01839),1,1,8,,,42161,11:42:41,,,42201,11:43:21,40,00:00:40,doors opened
07/05/2025,12,4200,Saturday,Saturday,West,15656242,40800,11:20:00,41177,11:26:17,14,1841,Washington Ave & Ontario St (01841),0,1,8,41640.0,11:34:00,42102,11:41:42,41640.0,11:34:00,42137,11:42:17,35,00:00:35,doors opened
07/05/2025,12,4200,Saturday,Saturday,West,15656242,40800,11:20:00,41177,11:26:17,13,1842,Washington Ave & Quail St (01842),3,2,9,,,42046,11:40:46,,,42078,11:41:18,32,00:00:32,doors opened
07/05/2025,12,4200,Saturday,Saturday,West,15656242,40800,11:20:00,41177,11:26:17,12,1837,Washington Ave & N. Lake Ave (01837),1,1,8,,,42004,11:40:04,,,42019,11:40:19,15,00:00:15,doors opened
07/05/2025,12,4200,Saturday,Saturday,West,15656242,40800,11:20:00,41177,11:26:17,11,1843,Washington Ave & Robin St (01843),0,0,8,,,41983,11:39:43,,,41983,11:39:43,0,00:00:00,door not opened
07/05/2025,12,4200,Saturday,Saturday,West,15656242,40800,11:20:00,41177,11:26:17,10,12943,Washington Ave & Lexington Ave (12943),0,0,8,,,41957,11:39:17,,,41957,11:39:17,0,00:00:00,door not opened
07/05/2025,12,4200,Saturday,Saturday,West,15656242,40800,11:20:00,41177,11:26:17,9,12942,Washington Ave & Henry Johnson Blvd (12942),2,0,8,,,41869,11:37:49,,,41890,11:38:10,21,00:00:21,doors opened
07/05/2025,12,4200,Saturday,Saturday,West,15656242,40800,11:20:00,41177,11:26:17,8,3239,Lark/Library Station - Washington Ave & Lark St (03239),2,1,6,41280.0,11:28:00,41676,11:34:36,41280.0,11:28:00,41757,11:35:57,81,00:01:21,doors opened
07/05/2025,12,4200,Saturday,Saturday,West,15656242,40800,11:20:00,41177,11:26:17,7,3301,Washington Ave & S. Swan St (03301),0,1,5,,,41620,11:33:40,,,41638,11:33:58,18,00:00:18,doors opened
07/05/2025,12,4200,Saturday,Saturday,West,15656242,40800,11:20:00,41177,11:26:17,6,3250,Hawk/Capitol Station - Washington Ave & Hawk St (03250),0,0,6,,,41599,11:33:19,,,41599,11:33:19,0,00:00:00,door not opened
07/05/2025,12,4200,Saturday,Saturday,West,15656242,40800,11:20:00,41177,11:26:17,5,10087,State St & Eagle St (10087),0,0,6,,,41576,11:32:56,,,41576,11:32:56,0,00:00:00,door not opened
07/05/2025,12,4200,Saturday,Saturday,West,15656242,40800,11:20:00,41177,11:26:17,4,2665,State/Downtown Station - State St & Lodge St (02665),0,0,6,41040.0,11:24:00,41506,11:31:46,41040.0,11:24:00,41518,11:31:58,12,00:00:12,doors opened
07/05/2025,12,4200,Saturday,Saturday,West,15656242,40800,11:20:00,41177,11:26:17,3,3221,State Station - N. Pearl St & Ten Eyck Plaza (03221),3,0,6,,,41370,11:29:30,,,41479,11:31:19,109,00:01:49,doors opened
07/05/2025,12,4200,Saturday,Saturday,West,15656242,40800,11:20:00,41177,11:26:17,2,3233,N. Pearl St & Sheridan Ave (03233),0,0,3,,,41318,11:28:38,,,41318,11:28:38,0,00:00:00,door not opened
07/05/2025,12,4200,Saturday,Saturday,West,15656242,40800,11:20:00,41177,11:26:17,1,2168,Clinton Square Station - N. Pearl St & Clinton Ave (02168),2,0,3,,,41265,11:27:45,,,41302,11:28:22,37,00:00:37,doors opened
07/05/2025,12,4200,Saturday,Saturday,West,15656242,40800,11:20:00,41177,11:26:17,0,9018,Broadway & Orange St (09018),1,0,1,40800.0,11:20:00,41177,11:26:17,40800.0,11:20:00,41177,11:26:17,0,00:00:00,doors opened
07/05/2025,12,4200,Saturday,Saturday,West,15656242,40800,11:20:00,41177,11:26:17,27,7175,Crossgates Mall Station (07175),0,6,0,43020.0,11:57:00,43341,12:02:21,43020.0,11:57:00,43341,12:02:21,0,00:00:00,doors opened
07/05/2025,12,4200,Saturday,Saturday,West,15656242,40800,11:20:00,41177,11:26:17,26,12828,Crossgates Commons Station (12828),0,9,6,42600.0,11:50:00,43069,11:57:49,42600.0,11:50:00,43098,11:58:18,29,00:00:29,doors opened
07/05/2025,12,4200,Saturday,Saturday,West,15656242,40800,11:20:00,41177,11:26:17,25,12891,1475 Washington Ave (12891),1,0,15,,,42815,11:53:35,,,42827,11:53:47,12,00:00:12,doors opened
07/05/2025,12,4200,Saturday,Saturday,West,15656242,40800,11:20:00,41177,11:26:17,24,7216,SUNY Collins Circle (07216),1,1,14,42240.0,11:44:00,42719,11:51:59,42240.0,11:44:00,42737,11:52:17,18,00:00:18,doors opened
07/05/2025,12,4203,Saturday,Saturday,West,15657685,34200,09:30:00,35012,09:43:32,21,1959,Washington Ave & Colvin Ave (01959),0,6,0,,,35983,09:59:43,,,35983,09:59:43,0,00:00:00,doors opened
07/05/2025,12,4203,Saturday,Saturday,West,15657685,34200,09:30:00,35012,09:43:32,20,3399,Washington Ave & Danker Ave (03399),1,0,6,,,35927,09:58:47,,,35945,09:59:05,18,00:00:18,doors opened
07/05/2025,12,4203,Saturday,Saturday,West,15657685,34200,09:30:00,35012,09:43:32,19,1849,Washington Ave & Homestead Ave (01849),0,0,5,,,35907,09:58:27,,,35907,09:58:27,0,00:00:00,door not opened
07/05/2025,12,4203,Saturday,Saturday,West,15657685,34200,09:30:00,35012,09:43:32,18,1846,Washington Ave & Manning Blvd (01846),0,0,5,,,35877,09:57:57,,,35877,09:57:57,0,00:00:00,door not opened
07/05/2025,12,4203,Saturday,Saturday,West,15657685,34200,09:30:00,35012,09:43:32,17,3287,Washington Ave & N. Allen St (03287),0,0,5,35280.0,09:48:00,35815,09:56:55,35280.0,09:48:00,35815,09:56:55,0,00:00:00,door not opened
07/05/2025,12,4203,Saturday,Saturday,West,15657685,34200,09:30:00,35012,09:43:32,16,3264,Washington Ave & N. Main Ave (03264),0,0,5,,,35751,09:55:51,,,35751,09:55:51,0,00:00:00,door not opened
07/05/2025,12,4203,Saturday,Saturday,West,15657685,34200,09:30:00,35012,09:43:32,15,1839,Washington Ave & Partridge St (01839),0,0,5,,,35692,09:54:52,,,35692,09:54:52,0,00:00:00,door not opened
07/05/2025,12,4203,Saturday,Saturday,West,15657685,34200,09:30:00,35012,09:43:32,14,1841,Washington Ave & Ontario St (01841),1,0,5,35040.0,09:44:00,35653,09:54:13,35040.0,09:44:00,35670,09:54:30,17,00:00:17,doors opened
07/05/2025,12,4203,Saturday,Saturday,West,15657685,34200,09:30:00,35012,09:43:32,13,1842,Washington Ave & Quail St (01842),0,0,4,,,35632,09:53:52,,,35632,09:53:52,0,00:00:00,door not opened
07/05/2025,12,4203,Saturday,Saturday,West,15657685,34200,09:30:00,35012,09:43:32,12,1837,Washington Ave & N. Lake Ave (01837),0,0,4,,,35596,09:53:16,,,35596,09:53:16,0,00:00:00,door not opened
07/05/2025,12,4203,Saturday,Saturday,West,15657685,34200,09:30:00,35012,09:43:32,11,1843,Washington Ave & Robin St (01843),0,0,4,,,35556,09:52:36,,,35556,09:52:36,0,00:00:00,door not opened
07/05/2025,12,4203,Saturday,Saturday,West,15657685,34200,09:30:00,35012,09:43:32,10,12943,Washington Ave & Lexington Ave (12943),0,0,4,,,35533,09:52:13,,,35533,09:52:13,0,00:00:00,door not opened
07/05/2025,12,4203,Saturday,Saturday,West,15657685,34200,09:30:00,35012,09:43:32,9,12942,Washington Ave & Henry Johnson Blvd (12942),0,0,4,,,35506,09:51:46,,,35506,09:51:46,0,00:00:00,door not opened
07/05/2025,12,4203,Saturday,Saturday,West,15657685,34200,09:30:00,35012,09:43:32,8,3239,Lark/Library Station - Washington Ave & Lark St (03239),1,0,4,34680.0,09:38:00,35412,09:50:12,34680.0,09:38:00,35445,09:50:45,33,00:00:33,doors opened
07/05/2025,12,4203,Saturday,Saturday,West,15657685,34200,09:30:00,35012,09:43:32,7,3301,Washington Ave & S. Swan St (03301),0,0,3,,,35380,09:49:40,,,35380,09:49:40,0,00:00:00,door not opened
07/05/2025,12,4203,Saturday,Saturday,West,15657685,34200,09:30:00,35012,09:43:32,6,3250,Hawk/Capitol Station - Washington Ave & Hawk St (03250),0,0,3,,,35360,09:49:20,,,35360,09:49:20,0,00:00:00,door not opened
07/05/2025,12,4203,Saturday,Saturday,West,15657685,34200,09:30:00,35012,09:43:32,5,10087,State St & Eagle St (10087),0,0,3,,,35333,09:48:53,,,35333,09:48:53,0,00:00:00,door not opened
07/05/2025,12,4203,Saturday,Saturday,West,15657685,34200,09:30:00,35012,09:43:32,4,2665,State/Downtown Station - State St & Lodge St (02665),3,0,3,34440.0,09:34:00,35238,09:47:18,34440.0,09:34:00,35268,09:47:48,30,00:00:30,doors opened
07/05/2025,12,4203,Saturday,Saturday,West,15657685,34200,09:30:00,35012,09:43:32,3,3221,State Station - N. Pearl St & Ten Eyck Plaza (03221),0,0,0,,,35145,09:45:45,,,35145,09:45:45,0,00:00:00,door not opened
07/05/2025,12,4203,Saturday,Saturday,West,15657685,34200,09:30:00,35012,09:43:32,2,3233,N. Pearl St & Sheridan Ave (03233),0,0,0,,,35115,09:45:15,,,35115,09:45:15,0,00:00:00,door not opened
07/05/2025,12,4203,Saturday,Saturday,West,15657685,34200,09:30:00,35012,09:43:32,1,2168,Clinton Square Station - N. Pearl St & Clinton Ave (02168),0,0,0,,,35087,09:44:47,,,35087,09:44:47,0,00:00:00,door not opened
07/05/2025,12,4203,Saturday,Saturday,West,15657685,34200,09:30:00,35012,09:43:32,0,9018,Broadway & Orange St (09018),0,0,0,34200.0,09:30:00,35012,09:43:32,34200.0,09:30:00,35012,09:43:32,0,00:00:00,door not opened
07/05/2025,12,4222,Saturday,Saturday,East,15658040,60000,16:40:00,60016,16:40:16,24,3940,Broadway & Steuben St (03940),0,0,0,62160.0,17:16:00,62012,17:13:32,62160.0,17:16:00,62012,17:13:32,0,00:00:00,door not opened
07/05/2025,12,4222,Saturday,Saturday,East,15658040,60000,16:40:00,60016,16:40:16,23,2509,State/Downtown Station - State St & S. Pearl St (02509),0,0,0,61920.0,17:12:00,61961,17:12:41,61920.0,17:12:00,61961,17:12:41,0,00:00:00,door not opened
07/05/2025,12,4222,Saturday,Saturday,East,15658040,60000,16:40:00,60016,16:40:16,22,1787,State St & Eagle St (01787),0,0,0,,,61892,17:11:32,,,61892,17:11:32,0,00:00:00,door not opened
07/05/2025,12,4222,Saturday,Saturday,East,15658040,60000,16:40:00,60016,16:40:16,21,2706,Hawk/Capitol Station - Washington Ave & Hawk St (02706),0,0,0,,,61769,17:09:29,,,61769,17:09:29,0,00:00:00,door not opened
07/05/2025,12,4222,Saturday,Saturday,East,15658040,60000,16:40:00,60016,16:40:16,20,1789,Washington Ave & S. Swan St (01789),0,0,0,,,61753,17:09:13,,,61753,17:09:13,0,00:00:00,door not opened
07/05/2025,12,4222,Saturday,Saturday,East,15658040,60000,16:40:00,60016,16:40:16,19,1788,Washington Ave & Dove St (01788),0,0,0,,,61735,17:08:55,,,61735,17:08:55,0,00:00:00,door not opened
07/05/2025,12,4222,Saturday,Saturday,East,15658040,60000,16:40:00,60016,16:40:16,18,2663,Lark/Library Station - Washington Ave & Lark St (02663),0,1,0,61620.0,17:07:00,61592,17:06:32,61620.0,17:07:00,61633,17:07:13,41,00:00:41,doors opened
07/05/2025,12,4222,Saturday,Saturday,East,15658040,60000,16:40:00,60016,16:40:16,17,263,Washington Ave & Henry Johnson Blvd (00263),0,0,1,,,61545,17:05:45,,,61545,17:05:45,0,00:00:00,door not opened
07/05/2025,12,4222,Saturday,Saturday,East,15658040,60000,16:40:00,60016,16:40:16,16,2096,Washington Ave & Lexington Ave (02096),0,0,1,,,61444,17:04:04,,,61444,17:04:04,0,00:00:00,door not opened
07/05/2025,12,4222,Saturday,Saturday,East,15658040,60000,16:40:00,60016,16:40:16,15,3253,Washington Ave & Robin St (Draper Hall) (03253),0,1,1,,,61371,17:02:51,,,61390,17:03:10,19,00:00:19,doors opened
07/05/2025,12,4222,Saturday,Saturday,East,15658040,60000,16:40:00,60016,16:40:16,14,2109,Washington Ave & N. Lake Ave (02109),0,1,2,,,61277,17:01:17,,,61347,17:02:27,70,00:01:10,doors opened
07/05/2025,12,4222,Saturday,Saturday,East,15658040,60000,16:40:00,60016,16:40:16,13,3255,Washington Ave & Quail St (03255),0,3,3,,,61201,17:00:01,,,61247,17:00:47,46,00:00:46,doors opened
07/05/2025,12,4222,Saturday,Saturday,East,15658040,60000,16:40:00,60016,16:40:16,12,3256,Washington Ave & Ontario St (03256),0,3,6,61260.0,17:01:00,61146,16:59:06,61260.0,17:01:00,61177,16:59:37,31,00:00:31,doors opened
07/05/2025,12,4222,Saturday,Saturday,East,15658040,60000,16:40:00,60016,16:40:16,11,2107,Washington Ave & Partridge St (02107),0,1,9,,,61106,16:58:26,,,61118,16:58:38,12,00:00:12,doors opened
07/05/2025,12,4222,Saturday,Saturday,East,15658040,60000,16:40:00,60016,16:40:16,10,3257,Washington Ave & N. Main Ave (03257),0,1,10,,,61025,16:57:05,,,61055,16:57:35,30,00:00:30,doors opened
07/05/2025,12,4222,Saturday,Saturday,East,15658040,60000,16:40:00,60016,16:40:16,9,1796,Washington Ave & N. Allen St (01796),0,0,11,61140.0,16:59:00,60994,16:56:34,61140.0,16:59:00,60994,16:56:34,0,00:00:00,door not opened
07/05/2025,12,4222,Saturday,Saturday,East,15658040,60000,16:40:00,60016,16:40:16,8,11581,Washington Ave & Manning Blvd (11581),0,1,11,,,60941,16:55:41,,,60958,16:55:58,17,00:00:17,doors opened
07/05/2025,12,4222,Saturday,Saturday,East,15658040,60000,16:40:00,60016,16:40:16,7,2180,Washington Ave & Homestead Ave (02180),0,0,12,,,60921,16:55:21,,,60921,16:55:21,0,00:00:00,door not opened
07/05/2025,12,4222,Saturday,Saturday,East,15658040,60000,16:40:00,60016,16:40:16,6,2182,Washington Ave & Hawthorne St (02182),0,0,12,,,60895,16:54:55,,,60895,16:54:55,0,00:00:00,door not opened
07/05/2025,12,4222,Saturday,Saturday,East,15658040,60000,16:40:00,60016,16:40:16,5,3304,Washington Ave & Clermont St (03304),0,0,12,,,60877,16:54:37,,,60877,16:54:37,0,00:00:00,door not opened
07/05/2025,12,4222,Saturday,Saturday,East,15658040,60000,16:40:00,60016,16:40:16,4,3348,Washington Ave & Brevator St (03348),0,0,12,,,60848,16:54:08,,,60848,16:54:08,0,00:00:00,door not opened
07/05/2025,12,4222,Saturday,Saturday,East,15658040,60000,16:40:00,60016,16:40:16,3,10134,Washington Ave & SUNY Exit Rd (10134),0,0,12,,,60739,16:52:19,,,60739,16:52:19,0,00:00:00,door not opened
07/05/2025,12,4222,Saturday,Saturday,East,15658040,60000,16:40:00,60016,16:40:16,2,7216,SUNY Collins Circle (07216),0,1,12,60720.0,16:52:00,60627,16:50:27,60720.0,16:52:00,60643,16:50:43,16,00:00:16,doors opened
07/05/2025,12,4222,Saturday,Saturday,East,15658040,60000,16:40:00,60016,16:40:16,1,12827,Crossgates Commons Station (12827),7,0,13,60420.0,16:47:00,60293,16:44:53,60420.0,16:47:00,60379,16:46:19,86,00:01:26,doors opened
07/05/2025,12,4222,Saturday,Saturday,East,15658040,60000,16:40:00,60016,16:40:16,0,7175,Crossgates Mall Station (07175),6,0,6,60000.0,16:40:00,60016,16:40:16,60000.0,16:40:00,60016,16:40:16,0,00:00:00,doors opened
07/05/2025,12,4222,Saturday,Saturday,West,15658042,62400,17:20:00,62665,17:24:25,27,7175,Crossgates Mall Station (07175),0,3,0,64620.0,17:57:00,64578,17:56:18,64620.0,17:57:00,64578,17:56:18,0,00:00:00,doors opened
07/05/2025,12,4222,Saturday,Saturday,West,15658042,62400,17:20:00,62665,17:24:25,26,12828,Crossgates Commons Station (12828),0,4,3,64200.0,17:50:00,64315,17:51:55,64200.0,17:50:00,64337,17:52:17,22,00:00:22,doors opened
07/05/2025,12,4222,Saturday,Saturday,West,15658042,62400,17:20:00,62665,17:24:25,25,12891,1475 Washington Ave (12891),0,0,7,,,64154,17:49:14,,,64154,17:49:14,0,00:00:00,door not opened
07/05/2025,12,4222,Saturday,Saturday,West,15658042,62400,17:20:00,62665,17:24:25,24,7216,SUNY Collins Circle (07216),4,0,7,63840.0,17:44:00,64006,17:46:46,63840.0,17:44:00,64029,17:47:09,23,00:00:23,doors opened
07/05/2025,12,4222,Saturday,Saturday,West,15658042,62400,17:20:00,62665,17:24:25,23,3262,1383 Washington Ave (Fairfield Inn) (03262),0,0,3,,,63925,17:45:25,,,63925,17:45:25,0,00:00:00,door not opened
07/05/2025,12,4222,Saturday,Saturday,West,15658042,62400,17:20:00,62665,17:24:25,22,976,Washington Ave & Brevator St (00976),0,0,3,,,63832,17:43:52,,,63832,17:43:52,0,00:00:00,door not opened
07/05/2025,12,4222,Saturday,Saturday,West,15658042,62400,17:20:00,62665,17:24:25,21,1959,Washington Ave & Colvin Ave (01959),0,0,3,,,63814,17:43:34,,,63814,17:43:34,0,00:00:00,door not opened
07/05/2025,12,4222,Saturday,Saturday,West,15658042,62400,17:20:00,62665,17:24:25,20,3399,Washington Ave & Danker Ave (03399),0,0,3,,,63743,17:42:23,,,63743,17:42:23,0,00:00:00,door not opened
07/05/2025,12,4222,Saturday,Saturday,West,15658042,62400,17:20:00,62665,17:24:25,19,1849,Washington Ave & Homestead Ave (01849),0,2,3,,,63696,17:41:36,,,63721,17:42:01,25,00:00:25,doors opened
07/05/2025,12,4222,Saturday,Saturday,West,15658042,62400,17:20:00,62665,17:24:25,18,1846,Washington Ave & Manning Blvd (01846),0,1,5,,,63660,17:41:00,,,63672,17:41:12,12,00:00:12,doors opened
07/05/2025,12,4222,Saturday,Saturday,West,15658042,62400,17:20:00,62665,17:24:25,17,3287,Washington Ave & N. Allen St (03287),0,1,6,63480.0,17:38:00,63613,17:40:13,63480.0,17:38:00,63627,17:40:27,14,00:00:14,doors opened
07/05/2025,12,4222,Saturday,Saturday,West,15658042,62400,17:20:00,62665,17:24:25,16,3264,Washington Ave & N. Main Ave (03264),0,0,7,,,63588,17:39:48,,,63588,17:39:48,0,00:00:00,door not opened
07/05/2025,12,4222,Saturday,Saturday,West,15658042,62400,17:20:00,62665,17:24:25,2,3233,N. Pearl St & Sheridan Ave (03233),0,0,0,,,62766,17:26:06,,,62766,17:26:06,0,00:00:00,door not opened
07/05/2025,12,4222,Saturday,Saturday,West,15658042,62400,17:20:00,62665,17:24:25,1,2168,Clinton Square Station - N. Pearl St & Clinton Ave (02168),0,0,0,,,62702,17:25:02,,,62702,17:25:02,0,00:00:00,door not opened
07/05/2025,12,4222,Saturday,Saturday,West,15658042,62400,17:20:00,62665,17:24:25,0,9018,Broadway & Orange St (09018),0,0,0,62400.0,17:20:00,62665,17:24:25,62400.0,17:20:00,62665,17:24:25,0,00:00:00,door not opened
07/05/2025,12,4222,Saturday,Saturday,West,15658042,62400,17:20:00,62665,17:24:25,15,1839,Washington Ave & Partridge St (01839),0,0,7,,,63506,17:38:26,,,63506,17:38:26,0,00:00:00,door not opened
07/05/2025,12,4222,Saturday,Saturday,West,15658042,62400,17:20:00,62665,17:24:25,14,1841,Washington Ave & Ontario St (01841),1,0,7,63240.0,17:34:00,63444,17:37:24,63240.0,17:34:00,63468,17:37:48,24,00:00:24,doors opened
07/05/2025,12,4222,Saturday,Saturday,West,15658042,62400,17:20:00,62665,17:24:25,13,1842,Washington Ave & Quail St (01842),1,2,6,,,63402,17:36:42,,,63420,17:37:00,18,00:00:18,doors opened
07/05/2025,12,4222,Saturday,Saturday,West,15658042,62400,17:20:00,62665,17:24:25,12,1837,Washington Ave & N. Lake Ave (01837),0,0,7,,,63381,17:36:21,,,63381,17:36:21,0,00:00:00,door not opened
07/05/2025,12,4222,Saturday,Saturday,West,15658042,62400,17:20:00,62665,17:24:25,11,1843,Washington Ave & Robin St (01843),0,0,7,,,63323,17:35:23,,,63323,17:35:23,0,00:00:00,door not opened
07/05/2025,12,4222,Saturday,Saturday,West,15658042,62400,17:20:00,62665,17:24:25,10,12943,Washington Ave & Lexington Ave (12943),0,0,7,,,63301,17:35:01,,,63301,17:35:01,0,00:00:00,door not opened
07/05/2025,12,4222,Saturday,Saturday,West,15658042,62400,17:20:00,62665,17:24:25,9,12942,Washington Ave & Henry Johnson Blvd (12942),0,0,7,,,63267,17:34:27,,,63267,17:34:27,0,00:00:00,door not opened
07/05/2025,12,4222,Saturday,Saturday,West,15658042,62400,17:20:00,62665,17:24:25,8,3239,Lark/Library Station - Washington Ave & Lark St (03239),2,1,7,62880.0,17:28:00,63184,17:33:04,62880.0,17:28:00,63214,17:33:34,30,00:00:30,doors opened
07/05/2025,12,4222,Saturday,Saturday,West,15658042,62400,17:20:00,62665,17:24:25,7,3301,Washington Ave & S. Swan St (03301),0,0,6,,,63155,17:32:35,,,63155,17:32:35,0,00:00:00,door not opened
07/05/2025,12,4222,Saturday,Saturday,West,15658042,62400,17:20:00,62665,17:24:25,6,3250,Hawk/Capitol Station - Washington Ave & Hawk St (03250),2,0,6,,,63080,17:31:20,,,63133,17:32:13,53,00:00:53,doors opened
07/05/2025,12,4222,Saturday,Saturday,West,15658042,62400,17:20:00,62665,17:24:25,5,10087,State St & Eagle St (10087),0,0,4,,,63056,17:30:56,,,63056,17:30:56,0,00:00:00,door not opened
07/05/2025,12,4222,Saturday,Saturday,West,15658042,62400,17:20:00,62665,17:24:25,4,2665,State/Downtown Station - State St & Lodge St (02665),3,0,4,62640.0,17:24:00,62881,17:28:01,62640.0,17:24:00,62934,17:28:54,53,00:00:53,doors opened
07/05/2025,12,4222,Saturday,Saturday,West,15658042,62400,17:20:00,62665,17:24:25,3,3221,State Station - N. Pearl St & Ten Eyck Plaza (03221),1,0,1,,,62835,17:27:15,,,62853,17:27:33,18,00:00:18,doors opened
07/05/2025,12,4223,Saturday,Saturday,West,15655301,37200,10:20:00,37195,10:19:55,27,7175,Crossgates Mall Station (07175),0,6,0,39420.0,10:57:00,39112,10:51:52,39420.0,10:57:00,39112,10:51:52,0,00:00:00,doors opened
07/05/2025,12,4223,Saturday,Saturday,West,15655301,37200,10:20:00,37195,10:19:55,26,12828,Crossgates Commons Station (12828),0,7,6,39000.0,10:50:00,38899,10:48:19,39000.0,10:50:00,38920,10:48:40,21,00:00:21,doors opened
07/05/2025,12,4223,Saturday,Saturday,West,15655301,37200,10:20:00,37195,10:19:55,25,12891,1475 Washington Ave (12891),0,0,13,,,38731,10:45:31,,,38731,10:45:31,0,00:00:00,door not opened
07/05/2025,12,4223,Saturday,Saturday,West,15655301,37200,10:20:00,37195,10:19:55,24,7216,SUNY Collins Circle (07216),0,0,13,38640.0,10:44:00,38646,10:44:06,38640.0,10:44:00,38646,10:44:06,0,00:00:00,door not opened
07/05/2025,12,4223,Saturday,Saturday,West,15655301,37200,10:20:00,37195,10:19:55,23,3262,1383 Washington Ave (Fairfield Inn) (03262),0,3,13,,,38532,10:42:12,,,38548,10:42:28,16,00:00:16,doors opened
07/05/2025,12,4223,Saturday,Saturday,West,15655301,37200,10:20:00,37195,10:19:55,22,976,Washington Ave & Brevator St (00976),0,0,16,,,38427,10:40:27,,,38427,10:40:27,0,00:00:00,door not opened
07/05/2025,12,4223,Saturday,Saturday,West,15655301,37200,10:20:00,37195,10:19:55,21,1959,Washington Ave & Colvin Ave (01959),0,2,16,,,38392,10:39:52,,,38404,10:40:04,12,00:00:12,doors opened
07/05/2025,12,4223,Saturday,Saturday,West,15655301,37200,10:20:00,37195,10:19:55,20,3399,Washington Ave & Danker Ave (03399),0,0,18,,,38373,10:39:33,,,38373,10:39:33,0,00:00:00,door not opened
07/05/2025,12,4223,Saturday,Saturday,West,15655301,37200,10:20:00,37195,10:19:55,19,1849,Washington Ave & Homestead Ave (01849),0,0,18,,,38356,10:39:16,,,38356,10:39:16,0,00:00:00,door not opened
07/05/2025,12,4223,Saturday,Saturday,West,15655301,37200,10:20:00,37195,10:19:55,18,1846,Washington Ave & Manning Blvd (01846),0,0,18,,,38334,10:38:54,,,38334,10:38:54,0,00:00:00,door not opened
07/05/2025,12,4223,Saturday,Saturday,West,15655301,37200,10:20:00,37195,10:19:55,17,3287,Washington Ave & N. Allen St (03287),2,0,18,38280.0,10:38:00,38239,10:37:19,38280.0,10:38:00,38261,10:37:41,22,00:00:22,doors opened
07/05/2025,12,4223,Saturday,Saturday,West,15655301,37200,10:20:00,37195,10:19:55,16,3264,Washington Ave & N. Main Ave (03264),2,1,16,,,38156,10:35:56,,,38211,10:36:51,55,00:00:55,doors opened
07/05/2025,12,4223,Saturday,Saturday,West,15655301,37200,10:20:00,37195,10:19:55,15,1839,Washington Ave & Partridge St (01839),2,0,15,,,38062,10:34:22,,,38091,10:34:51,29,00:00:29,doors opened
07/05/2025,12,4223,Saturday,Saturday,West,15655301,37200,10:20:00,37195,10:19:55,14,1841,Washington Ave & Ontario St (01841),3,1,13,38040.0,10:34:00,38017,10:33:37,38040.0,10:34:00,38041,10:34:01,24,00:00:24,doors opened
07/05/2025,12,4223,Saturday,Saturday,West,15655301,37200,10:20:00,37195,10:19:55,13,1842,Washington Ave & Quail St (01842),2,0,11,,,37952,10:32:32,,,37997,10:33:17,45,00:00:45,doors opened
07/05/2025,12,4223,Saturday,Saturday,West,15655301,37200,10:20:00,37195,10:19:55,12,1837,Washington Ave & N. Lake Ave (01837),1,0,9,,,37875,10:31:15,,,37928,10:32:08,53,00:00:53,doors opened
07/05/2025,12,4223,Saturday,Saturday,West,15655301,37200,10:20:00,37195,10:19:55,11,1843,Washington Ave & Robin St (01843),3,1,8,,,37829,10:30:29,,,37854,10:30:54,25,00:00:25,doors opened
07/05/2025,12,4223,Saturday,Saturday,West,15655301,37200,10:20:00,37195,10:19:55,10,12943,Washington Ave & Lexington Ave (12943),0,0,6,,,37808,10:30:08,,,37808,10:30:08,0,00:00:00,door not opened
07/05/2025,12,4223,Saturday,Saturday,West,15655301,37200,10:20:00,37195,10:19:55,9,12942,Washington Ave & Henry Johnson Blvd (12942),0,0,6,,,37721,10:28:41,,,37721,10:28:41,0,00:00:00,door not opened
07/05/2025,12,4223,Saturday,Saturday,West,15655301,37200,10:20:00,37195,10:19:55,8,3239,Lark/Library Station - Washington Ave & Lark St (03239),1,0,6,37680.0,10:28:00,37672,10:27:52,37680.0,10:28:00,37693,10:28:13,21,00:00:21,doors opened
07/05/2025,12,4223,Saturday,Saturday,West,15655301,37200,10:20:00,37195,10:19:55,7,3301,Washington Ave & S. Swan St (03301),0,0,5,,,37625,10:27:05,,,37625,10:27:05,0,00:00:00,door not opened
07/05/2025,12,4223,Saturday,Saturday,West,15655301,37200,10:20:00,37195,10:19:55,6,3250,Hawk/Capitol Station - Washington Ave & Hawk St (03250),0,0,5,,,37564,10:26:04,,,37564,10:26:04,0,00:00:00,door not opened
07/05/2025,12,4223,Saturday,Saturday,West,15655301,37200,10:20:00,37195,10:19:55,5,10087,State St & Eagle St (10087),0,0,5,,,37540,10:25:40,,,37540,10:25:40,0,00:00:00,door not opened
07/05/2025,12,4223,Saturday,Saturday,West,15655301,37200,10:20:00,37195,10:19:55,4,2665,State/Downtown Station - State St & Lodge St (02665),3,0,5,37440.0,10:24:00,37413,10:23:33,37440.0,10:24:00,37438,10:23:58,25,00:00:25,doors opened
07/05/2025,12,4223,Saturday,Saturday,West,15655301,37200,10:20:00,37195,10:19:55,3,3221,State Station - N. Pearl St & Ten Eyck Plaza (03221),1,0,2,,,37300,10:21:40,,,37392,10:23:12,92,00:01:32,doors opened
07/05/2025,12,4223,Saturday,Saturday,West,15655301,37200,10:20:00,37195,10:19:55,0,9018,Broadway & Orange St (09018),0,0,1,37200.0,10:20:00,37195,10:19:55,37200.0,10:20:00,37195,10:19:55,0,00:00:00,door not opened
07/05/2025,12,4223,Saturday,Saturday,East,15655304,44400,12:20:00,44396,12:19:56,21,2706,Hawk/Capitol Station - Washington Ave & Hawk St (02706),0,1,3,,,46013,12:46:53,,,46021,12:47:01,8,00:00:08,doors opened
07/05/2025,12,4223,Saturday,Saturday,East,15655304,44400,12:20:00,44396,12:19:56,20,1789,Washington Ave & S. Swan St (01789),0,0,4,,,45992,12:46:32,,,45992,12:46:32,0,00:00:00,door not opened
07/05/2025,12,4223,Saturday,Saturday,East,15655304,44400,12:20:00,44396,12:19:56,19,1788,Washington Ave & Dove St (01788),1,0,4,,,45912,12:45:12,,,45938,12:45:38,26,00:00:26,doors opened
07/05/2025,12,4223,Saturday,Saturday,East,15655304,44400,12:20:00,44396,12:19:56,18,2663,Lark/Library Station - Washington Ave & Lark St (02663),0,0,3,46020.0,12:47:00,45892,12:44:52,46020.0,12:47:00,45892,12:44:52,0,00:00:00,door not opened
07/05/2025,12,4223,Saturday,Saturday,East,15655304,44400,12:20:00,44396,12:19:56,17,263,Washington Ave & Henry Johnson Blvd (00263),0,0,3,,,45860,12:44:20,,,45860,12:44:20,0,00:00:00,door not opened
07/05/2025,12,4223,Saturday,Saturday,East,15655304,44400,12:20:00,44396,12:19:56,16,2096,Washington Ave & Lexington Ave (02096),0,0,3,,,45784,12:43:04,,,45784,12:43:04,0,00:00:00,door not opened
07/05/2025,12,4223,Saturday,Saturday,East,15655304,44400,12:20:00,44396,12:19:56,15,3253,Washington Ave & Robin St (Draper Hall) (03253),0,0,3,,,45765,12:42:45,,,45765,12:42:45,0,00:00:00,door not opened
07/05/2025,12,4223,Saturday,Saturday,East,15655304,44400,12:20:00,44396,12:19:56,14,2109,Washington Ave & N. Lake Ave (02109),0,0,3,,,45729,12:42:09,,,45729,12:42:09,0,00:00:00,door not opened
07/05/2025,12,4223,Saturday,Saturday,East,15655304,44400,12:20:00,44396,12:19:56,13,3255,Washington Ave & Quail St (03255),0,0,3,,,45674,12:41:14,,,45674,12:41:14,0,00:00:00,door not opened
07/05/2025,12,4223,Saturday,Saturday,East,15655304,44400,12:20:00,44396,12:19:56,12,3256,Washington Ave & Ontario St (03256),0,0,3,45660.0,12:41:00,45661,12:41:01,45660.0,12:41:00,45661,12:41:01,0,00:00:00,door not opened
07/05/2025,12,4223,Saturday,Saturday,East,15655304,44400,12:20:00,44396,12:19:56,11,2107,Washington Ave & Partridge St (02107),0,0,3,,,45644,12:40:44,,,45644,12:40:44,0,00:00:00,door not opened
07/05/2025,12,4223,Saturday,Saturday,East,15655304,44400,12:20:00,44396,12:19:56,10,3257,Washington Ave & N. Main Ave (03257),0,2,3,,,45544,12:39:04,,,45588,12:39:48,44,00:00:44,doors opened
07/05/2025,12,4223,Saturday,Saturday,East,15655304,44400,12:20:00,44396,12:19:56,9,1796,Washington Ave & N. Allen St (01796),0,1,5,45540.0,12:39:00,45499,12:38:19,45540.0,12:39:00,45514,12:38:34,15,00:00:15,doors opened
07/05/2025,12,4223,Saturday,Saturday,East,15655304,44400,12:20:00,44396,12:19:56,8,11581,Washington Ave & Manning Blvd (11581),1,1,6,,,45415,12:36:55,,,45470,12:37:50,55,00:00:55,doors opened
07/05/2025,12,4223,Saturday,Saturday,East,15655304,44400,12:20:00,44396,12:19:56,7,2180,Washington Ave & Homestead Ave (02180),0,0,6,,,45336,12:35:36,,,45336,12:35:36,0,00:00:00,door not opened
07/05/2025,12,4223,Saturday,Saturday,East,15655304,44400,12:20:00,44396,12:19:56,6,2182,Washington Ave & Hawthorne St (02182),0,1,6,,,45291,12:34:51,,,45307,12:35:07,16,00:00:16,doors opened
07/05/2025,12,4223,Saturday,Saturday,East,15655304,44400,12:20:00,44396,12:19:56,5,3304,Washington Ave & Clermont St (03304),0,0,7,,,45275,12:34:35,,,45275,12:34:35,0,00:00:00,door not opened
07/05/2025,12,4223,Saturday,Saturday,East,15655304,44400,12:20:00,44396,12:19:56,4,3348,Washington Ave & Brevator St (03348),0,0,7,,,45225,12:33:45,,,45225,12:33:45,0,00:00:00,door not opened
07/05/2025,12,4223,Saturday,Saturday,East,15655304,44400,12:20:00,44396,12:19:56,3,10134,Washington Ave & SUNY Exit Rd (10134),4,0,7,,,45037,12:30:37,,,45097,12:31:37,60,00:01:00,doors opened
07/05/2025,12,4223,Saturday,Saturday,East,15655304,44400,12:20:00,44396,12:19:56,2,7216,SUNY Collins Circle (07216),2,0,3,45120.0,12:32:00,44880,12:28:00,45120.0,12:32:00,44927,12:28:47,47,00:00:47,doors opened
07/05/2025,12,4223,Saturday,Saturday,East,15655304,44400,12:20:00,44396,12:19:56,1,12827,Crossgates Commons Station (12827),0,2,1,44820.0,12:27:00,44604,12:23:24,44820.0,12:27:00,44677,12:24:37,73,00:01:13,doors opened
07/05/2025,12,4223,Saturday,Saturday,East,15655304,44400,12:20:00,44396,12:19:56,0,7175,Crossgates Mall Station (07175),3,0,3,44400.0,12:20:00,44396,12:19:56,44400.0,12:20:00,44396,12:19:56,0,00:00:00,doors opened
07/05/2025,12,4223,Saturday,Saturday,East,15655304,44400,12:20:00,44396,12:19:56,24,3940,Broadway & Steuben St (03940),0,0,0,46500.0,12:55:00,46512,12:55:12,46500.0,12:55:00,46512,12:55:12,0,00:00:00,door not opened
07/05/2025,12,4223,Saturday,Saturday,East,15655304,44400,12:20:00,44396,12:19:56,23,2509,State/Downtown Station - State St & S. Pearl St (02509),0,3,0,46260.0,12:51:00,46159,12:49:19,46260.0,12:51:00,46176,12:49:36,17,00:00:17,doors opened
07/05/2025,12,4223,Saturday,Saturday,East,15655304,44400,12:20:00,44396,12:19:56,22,1787,State St & Eagle St (01787),0,0,3,,,46143,12:49:03,,,46143,12:49:03,0,00:00:00,door not opened
07/05/2025,12,4223,Saturday,Saturday,West,15655306,46800,13:00:00,46792,12:59:52,27,7175,Crossgates Mall Station (07175),0,7,0,49020.0,13:37:00,48610,13:30:10,49020.0,13:37:00,48610,13:30:10,0,00:00:00,doors opened
07/05/2025,12,4223,Saturday,Saturday,West,15655306,46800,13:00:00,46792,12:59:52,26,12828,Crossgates Commons Station (12828),2,3,7,48600.0,13:30:00,48344,13:25:44,48600.0,13:30:00,48383,13:26:23,39,00:00:39,doors opened
07/05/2025,12,4223,Saturday,Saturday,West,15655306,46800,13:00:00,46792,12:59:52,25,12891,1475 Washington Ave (12891),0,0,8,,,48174,13:22:54,,,48174,13:22:54,0,00:00:00,door not opened
07/05/2025,12,4223,Saturday,Saturday,West,15655306,46800,13:00:00,46792,12:59:52,24,7216,SUNY Collins Circle (07216),0,2,8,48240.0,13:24:00,48064,13:21:04,48240.0,13:24:00,48085,13:21:25,21,00:00:21,doors opened
07/05/2025,12,4223,Saturday,Saturday,West,15655306,46800,13:00:00,46792,12:59:52,23,3262,1383 Washington Ave (Fairfield Inn) (03262),1,0,10,,,47964,13:19:24,,,47985,13:19:45,21,00:00:21,doors opened
07/05/2025,12,4223,Saturday,Saturday,West,15655306,46800,13:00:00,46792,12:59:52,22,976,Washington Ave & Brevator St (00976),0,0,9,,,47852,13:17:32,,,47852,13:17:32,0,00:00:00,door not opened
07/05/2025,12,4223,Saturday,Saturday,West,15655306,46800,13:00:00,46792,12:59:52,21,1959,Washington Ave & Colvin Ave (01959),0,0,9,,,47831,13:17:11,,,47831,13:17:11,0,00:00:00,door not opened
07/05/2025,12,4223,Saturday,Saturday,West,15655306,46800,13:00:00,46792,12:59:52,20,3399,Washington Ave & Danker Ave (03399),0,0,9,,,47759,13:15:59,,,47759,13:15:59,0,00:00:00,door not opened
07/05/2025,12,4223,Saturday,Saturday,West,15655306,46800,13:00:00,46792,12:59:52,19,1849,Washington Ave & Homestead Ave (01849),0,0,9,,,47736,13:15:36,,,47736,13:15:36,0,00:00:00,door not opened
07/05/2025,12,4223,Saturday,Saturday,West,15655306,46800,13:00:00,46792,12:59:52,18,1846,Washington Ave & Manning Blvd (01846),0,0,9,,,47703,13:15:03,,,47703,13:15:03,0,00:00:00,door not opened
07/05/2025,12,4223,Saturday,Saturday,West,15655306,46800,13:00:00,46792,12:59:52,17,3287,Washington Ave & N. Allen St (03287),1,1,9,47880.0,13:18:00,47657,13:14:17,47880.0,13:18:00,47672,13:14:32,15,00:00:15,doors opened
07/05/2025,12,4223,Saturday,Saturday,West,15655306,46800,13:00:00,46792,12:59:52,16,3264,Washington Ave & N. Main Ave (03264),2,0,9,,,47598,13:13:18,,,47625,13:13:45,27,00:00:27,doors opened
07/05/2025,12,4223,Saturday,Saturday,West,15655306,46800,13:00:00,46792,12:59:52,15,1839,Washington Ave & Partridge St (01839),0,0,7,,,47517,13:11:57,,,47517,13:11:57,0,00:00:00,door not opened
07/05/2025,12,4223,Saturday,Saturday,West,15655306,46800,13:00:00,46792,12:59:52,14,1841,Washington Ave & Ontario St (01841),0,0,7,47640.0,13:14:00,47494,13:11:34,47640.0,13:14:00,47494,13:11:34,0,00:00:00,door not opened
07/05/2025,12,4223,Saturday,Saturday,West,15655306,46800,13:00:00,46792,12:59:52,13,1842,Washington Ave & Quail St (01842),2,0,7,,,47433,13:10:33,,,47476,13:11:16,43,00:00:43,doors opened
07/05/2025,12,4223,Saturday,Saturday,West,15655306,46800,13:00:00,46792,12:59:52,12,1837,Washington Ave & N. Lake Ave (01837),0,0,5,,,47412,13:10:12,,,47412,13:10:12,0,00:00:00,door not opened
07/05/2025,12,4223,Saturday,Saturday,West,15655306,46800,13:00:00,46792,12:59:52,11,1843,Washington Ave & Robin St (01843),0,0,5,,,47391,13:09:51,,,47391,13:09:51,0,00:00:00,door not opened
07/05/2025,12,4223,Saturday,Saturday,West,15655306,46800,13:00:00,46792,12:59:52,10,12943,Washington Ave & Lexington Ave (12943),0,0,5,,,47347,13:09:07,,,47347,13:09:07,0,00:00:00,door not opened
07/05/2025,12,4223,Saturday,Saturday,West,15655306,46800,13:00:00,46792,12:59:52,9,12942,Washington Ave & Henry Johnson Blvd (12942),3,0,5,,,47266,13:07:46,,,47317,13:08:37,51,00:00:51,doors opened
07/05/2025,12,4223,Saturday,Saturday,West,15655306,46800,13:00:00,46792,12:59:52,8,3239,Lark/Library Station - Washington Ave & Lark St (03239),0,1,2,47280.0,13:08:00,47151,13:05:51,47280.0,13:08:00,47164,13:06:04,13,00:00:13,doors opened
07/05/2025,12,4223,Saturday,Saturday,West,15655306,46800,13:00:00,46792,12:59:52,7,3301,Washington Ave & S. Swan St (03301),0,0,3,,,47093,13:04:53,,,47093,13:04:53,0,00:00:00,door not opened
07/05/2025,12,4223,Saturday,Saturday,West,15655306,46800,13:00:00,46792,12:59:52,6,3250,Hawk/Capitol Station - Washington Ave & Hawk St (03250),0,0,3,,,47066,13:04:26,,,47066,13:04:26,0,00:00:00,door not opened
07/05/2025,12,4223,Saturday,Saturday,West,15655306,46800,13:00:00,46792,12:59:52,5,10087,State St & Eagle St (10087),0,0,3,,,47043,13:04:03,,,47043,13:04:03,0,00:00:00,door not opened
07/05/2025,12,4223,Saturday,Saturday,West,15655306,46800,13:00:00,46792,12:59:52,4,2665,State/Downtown Station - State St & Lodge St (02665),1,0,3,47040.0,13:04:00,46919,13:01:59,47040.0,13:04:00,46962,13:02:42,43,00:00:43,doors opened
07/05/2025,12,4223,Saturday,Saturday,West,15655306,46800,13:00:00,46792,12:59:52,3,3221,State Station - N. Pearl St & Ten Eyck Plaza (03221),1,0,2,,,46869,13:01:09,,,46890,13:01:30,21,00:00:21,doors opened
07/05/2025,12,4223,Saturday,Saturday,West,15655306,46800,13:00:00,46792,12:59:52,2,3233,N. Pearl St & Sheridan Ave (03233),0,0,1,,,46832,13:00:32,,,46832,13:00:32,0,00:00:00,door not opened
07/05/2025,12,4223,Saturday,Saturday,West,15655306,46800,13:00:00,46792,12:59:52,1,2168,Clinton Square Station - N. Pearl St & Clinton Ave (02168),0,0,1,,,46819,13:00:19,,,46819,13:00:19,0,00:00:00,door not opened
07/05/2025,12,4223,Saturday,Saturday,West,15655306,46800,13:00:00,46792,12:59:52,0,9018,Broadway & Orange St (09018),1,0,1,46800.0,13:00:00,46792,12:59:52,46800.0,13:00:00,46792,12:59:52,0,00:00:00,doors opened
07/05/2025,12,4223,Saturday,Saturday,East,15655298,34800,09:40:00,34795,09:39:55,24,3940,Broadway & Steuben St (03940),0,1,0,36720.0,10:12:00,36642,10:10:42,36720.0,10:12:00,36642,10:10:42,0,00:00:00,doors opened
07/05/2025,12,4223,Saturday,Saturday,East,15655298,34800,09:40:00,34795,09:39:55,23,2509,State/Downtown Station - State St & S. Pearl St (02509),0,1,1,36480.0,10:08:00,36519,10:08:39,36480.0,10:08:00,36587,10:09:47,68,00:01:08,doors opened
07/05/2025,12,4223,Saturday,Saturday,East,15655298,34800,09:40:00,34795,09:39:55,22,1787,State St & Eagle St (01787),0,0,2,,,36505,10:08:25,,,36505,10:08:25,0,00:00:00,door not opened
07/05/2025,12,4223,Saturday,Saturday,East,15655298,34800,09:40:00,34795,09:39:55,21,2706,Hawk/Capitol Station - Washington Ave & Hawk St (02706),0,0,2,,,36397,10:06:37,,,36397,10:06:37,0,00:00:00,door not opened
07/05/2025,12,4223,Saturday,Saturday,East,15655298,34800,09:40:00,34795,09:39:55,20,1789,Washington Ave & S. Swan St (01789),0,1,2,,,36361,10:06:01,,,36373,10:06:13,12,00:00:12,doors opened
07/05/2025,12,4223,Saturday,Saturday,East,15655298,34800,09:40:00,34795,09:39:55,19,1788,Washington Ave & Dove St (01788),0,0,3,,,36341,10:05:41,,,36341,10:05:41,0,00:00:00,door not opened
07/05/2025,12,4223,Saturday,Saturday,East,15655298,34800,09:40:00,34795,09:39:55,18,2663,Lark/Library Station - Washington Ave & Lark St (02663),1,0,3,36240.0,10:04:00,36274,10:04:34,36240.0,10:04:00,36315,10:05:15,41,00:00:41,doors opened
07/05/2025,12,4223,Saturday,Saturday,East,15655298,34800,09:40:00,34795,09:39:55,17,263,Washington Ave & Henry Johnson Blvd (00263),1,1,2,,,36238,10:03:58,,,36252,10:04:12,14,00:00:14,doors opened
07/05/2025,12,4223,Saturday,Saturday,East,15655298,34800,09:40:00,34795,09:39:55,16,2096,Washington Ave & Lexington Ave (02096),0,0,2,,,36208,10:03:28,,,36208,10:03:28,0,00:00:00,door not opened
07/05/2025,12,4223,Saturday,Saturday,East,15655298,34800,09:40:00,34795,09:39:55,15,3253,Washington Ave & Robin St (Draper Hall) (03253),0,0,2,,,36110,10:01:50,,,36110,10:01:50,0,00:00:00,door not opened
07/05/2025,12,4223,Saturday,Saturday,East,15655298,34800,09:40:00,34795,09:39:55,14,2109,Washington Ave & N. Lake Ave (02109),1,0,2,,,36019,10:00:19,,,36068,10:01:08,49,00:00:49,doors opened
07/05/2025,12,4223,Saturday,Saturday,East,15655298,34800,09:40:00,34795,09:39:55,13,3255,Washington Ave & Quail St (03255),0,1,1,,,35983,09:59:43,,,35995,09:59:55,12,00:00:12,doors opened
07/05/2025,12,4223,Saturday,Saturday,East,15655298,34800,09:40:00,34795,09:39:55,12,3256,Washington Ave & Ontario St (03256),0,0,2,35940.0,09:59:00,35966,09:59:26,35940.0,09:59:00,35966,09:59:26,0,00:00:00,door not opened
07/05/2025,12,4223,Saturday,Saturday,East,15655298,34800,09:40:00,34795,09:39:55,11,2107,Washington Ave & Partridge St (02107),0,4,2,,,35912,09:58:32,,,35931,09:58:51,19,00:00:19,doors opened
07/05/2025,12,4223,Saturday,Saturday,East,15655298,34800,09:40:00,34795,09:39:55,10,3257,Washington Ave & N. Main Ave (03257),0,0,6,,,35871,09:57:51,,,35871,09:57:51,0,00:00:00,door not opened
07/05/2025,12,4223,Saturday,Saturday,East,15655298,34800,09:40:00,34795,09:39:55,9,1796,Washington Ave & N. Allen St (01796),0,0,6,35820.0,09:57:00,35811,09:56:51,35820.0,09:57:00,35811,09:56:51,0,00:00:00,door not opened
07/05/2025,12,4223,Saturday,Saturday,East,15655298,34800,09:40:00,34795,09:39:55,8,11581,Washington Ave & Manning Blvd (11581),1,0,6,,,35715,09:55:15,,,35751,09:55:51,36,00:00:36,doors opened
07/05/2025,12,4223,Saturday,Saturday,East,15655298,34800,09:40:00,34795,09:39:55,7,2180,Washington Ave & Homestead Ave (02180),1,1,5,,,35668,09:54:28,,,35692,09:54:52,24,00:00:24,doors opened
07/05/2025,12,4223,Saturday,Saturday,East,15655298,34800,09:40:00,34795,09:39:55,6,2182,Washington Ave & Hawthorne St (02182),0,0,5,,,35645,09:54:05,,,35645,09:54:05,0,00:00:00,door not opened
07/05/2025,12,4223,Saturday,Saturday,East,15655298,34800,09:40:00,34795,09:39:55,5,3304,Washington Ave & Clermont St (03304),0,0,5,,,35624,09:53:44,,,35624,09:53:44,0,00:00:00,door not opened
07/05/2025,12,4223,Saturday,Saturday,East,15655298,34800,09:40:00,34795,09:39:55,4,3348,Washington Ave & Brevator St (03348),0,1,5,,,35580,09:53:00,,,35605,09:53:25,25,00:00:25,doors opened
07/05/2025,12,4223,Saturday,Saturday,East,15655298,34800,09:40:00,34795,09:39:55,3,10134,Washington Ave & SUNY Exit Rd (10134),0,1,6,,,35447,09:50:47,,,35470,09:51:10,23,00:00:23,doors opened
07/05/2025,12,4223,Saturday,Saturday,East,15655298,34800,09:40:00,34795,09:39:55,2,7216,SUNY Collins Circle (07216),1,0,7,35400.0,09:50:00,35330,09:48:50,35400.0,09:50:00,35346,09:49:06,16,00:00:16,doors opened
07/05/2025,12,4223,Saturday,Saturday,East,15655298,34800,09:40:00,34795,09:39:55,1,12827,Crossgates Commons Station (12827),6,0,6,35160.0,09:46:00,35111,09:45:11,35160.0,09:46:00,35111,09:45:11,0,00:00:00,door not opened
07/05/2025,12,4223,Saturday,Saturday,East,15655298,34800,09:40:00,34795,09:39:55,0,7175,Crossgates Mall Station (07175),0,0,0,34800.0,09:40:00,34795,09:39:55,34800.0,09:40:00,34795,09:39:55,0,00:00:00,doors opened
07/05/2025,12,4226,Saturday,Saturday,East,15655454,46800,13:00:00,46964,13:02:44,24,3940,Broadway & Steuben St (03940),0,0,0,48960.0,13:36:00,48849,13:34:09,48960.0,13:36:00,48849,13:34:09,0,00:00:00,door not opened
07/05/2025,12,4226,Saturday,Saturday,East,15655454,46800,13:00:00,46964,13:02:44,23,2509,State/Downtown Station - State St & S. Pearl St (02509),0,0,0,48720.0,13:32:00,48761,13:32:41,48720.0,13:32:00,48771,13:32:51,10,00:00:10,doors opened
07/05/2025,12,4226,Saturday,Saturday,East,15655454,46800,13:00:00,46964,13:02:44,22,1787,State St & Eagle St (01787),0,0,0,,,48738,13:32:18,,,48738,13:32:18,0,00:00:00,door not opened
07/05/2025,12,4226,Saturday,Saturday,East,15655454,46800,13:00:00,46964,13:02:44,21,2706,Hawk/Capitol Station - Washington Ave & Hawk St (02706),0,0,0,,,48611,13:30:11,,,48611,13:30:11,0,00:00:00,door not opened
07/05/2025,12,4226,Saturday,Saturday,East,15655454,46800,13:00:00,46964,13:02:44,20,1789,Washington Ave & S. Swan St (01789),0,1,0,,,48584,13:29:44,,,48595,13:29:55,11,00:00:11,doors opened
07/05/2025,12,4226,Saturday,Saturday,East,15655454,46800,13:00:00,46964,13:02:44,19,1788,Washington Ave & Dove St (01788),0,0,1,,,48536,13:28:56,,,48536,13:28:56,0,00:00:00,door not opened
07/05/2025,12,4226,Saturday,Saturday,East,15655454,46800,13:00:00,46964,13:02:44,18,2663,Lark/Library Station - Washington Ave & Lark St (02663),0,0,1,48420.0,13:27:00,48512,13:28:32,48420.0,13:27:00,48519,13:28:39,7,00:00:07,doors opened
07/05/2025,12,4226,Saturday,Saturday,East,15655454,46800,13:00:00,46964,13:02:44,17,263,Washington Ave & Henry Johnson Blvd (00263),0,2,1,,,48455,13:27:35,,,48471,13:27:51,16,00:00:16,doors opened
07/05/2025,12,4226,Saturday,Saturday,East,15655454,46800,13:00:00,46964,13:02:44,16,2096,Washington Ave & Lexington Ave (02096),0,2,3,,,48354,13:25:54,,,48423,13:27:03,69,00:01:09,doors opened
07/05/2025,12,4226,Saturday,Saturday,East,15655454,46800,13:00:00,46964,13:02:44,15,3253,Washington Ave & Robin St (Draper Hall) (03253),0,0,5,,,48336,13:25:36,,,48336,13:25:36,0,00:00:00,door not opened
07/05/2025,12,4226,Saturday,Saturday,East,15655454,46800,13:00:00,46964,13:02:44,14,2109,Washington Ave & N. Lake Ave (02109),0,0,5,,,48309,13:25:09,,,48309,13:25:09,0,00:00:00,door not opened
07/05/2025,12,4226,Saturday,Saturday,East,15655454,46800,13:00:00,46964,13:02:44,13,3255,Washington Ave & Quail St (03255),0,4,5,,,48239,13:23:59,,,48258,13:24:18,19,00:00:19,doors opened
07/05/2025,12,4226,Saturday,Saturday,East,15655454,46800,13:00:00,46964,13:02:44,12,3256,Washington Ave & Ontario St (03256),0,0,9,48060.0,13:21:00,48218,13:23:38,48060.0,13:21:00,48218,13:23:38,0,00:00:00,door not opened
07/05/2025,12,4226,Saturday,Saturday,East,15655454,46800,13:00:00,46964,13:02:44,11,2107,Washington Ave & Partridge St (02107),1,1,9,,,48186,13:23:06,,,48198,13:23:18,12,00:00:12,doors opened
07/05/2025,12,4226,Saturday,Saturday,East,15655454,46800,13:00:00,46964,13:02:44,10,3257,Washington Ave & N. Main Ave (03257),0,0,9,,,48077,13:21:17,,,48077,13:21:17,0,00:00:00,door not opened
07/05/2025,12,4226,Saturday,Saturday,East,15655454,46800,13:00:00,46964,13:02:44,9,1796,Washington Ave & N. Allen St (01796),2,0,9,47940.0,13:19:00,48032,13:20:32,47940.0,13:19:00,48046,13:20:46,14,00:00:14,doors opened
07/05/2025,12,4226,Saturday,Saturday,East,15655454,46800,13:00:00,46964,13:02:44,8,11581,Washington Ave & Manning Blvd (11581),0,0,7,,,48000,13:20:00,,,48000,13:20:00,0,00:00:00,door not opened
07/05/2025,12,4226,Saturday,Saturday,East,15655454,46800,13:00:00,46964,13:02:44,7,2180,Washington Ave & Homestead Ave (02180),1,0,7,,,47966,13:19:26,,,47980,13:19:40,14,00:00:14,doors opened
07/05/2025,12,4226,Saturday,Saturday,East,15655454,46800,13:00:00,46964,13:02:44,6,2182,Washington Ave & Hawthorne St (02182),0,0,6,,,47941,13:19:01,,,47941,13:19:01,0,00:00:00,door not opened
07/05/2025,12,4226,Saturday,Saturday,East,15655454,46800,13:00:00,46964,13:02:44,5,3304,Washington Ave & Clermont St (03304),0,0,6,,,47923,13:18:43,,,47923,13:18:43,0,00:00:00,door not opened
07/05/2025,12,4226,Saturday,Saturday,East,15655454,46800,13:00:00,46964,13:02:44,4,3348,Washington Ave & Brevator St (03348),0,1,6,,,47880,13:18:00,,,47903,13:18:23,23,00:00:23,doors opened
07/05/2025,12,4226,Saturday,Saturday,East,15655454,46800,13:00:00,46964,13:02:44,3,10134,Washington Ave & SUNY Exit Rd (10134),0,0,7,,,47764,13:16:04,,,47764,13:16:04,0,00:00:00,door not opened
07/05/2025,12,4226,Saturday,Saturday,East,15655454,46800,13:00:00,46964,13:02:44,2,7216,SUNY Collins Circle (07216),1,0,7,47520.0,13:12:00,47636,13:13:56,47520.0,13:12:00,47646,13:14:06,10,00:00:10,doors opened
07/05/2025,12,4226,Saturday,Saturday,East,15655454,46800,13:00:00,46964,13:02:44,1,12827,Crossgates Commons Station (12827),4,5,6,47220.0,13:07:00,47237,13:07:17,47220.0,13:07:00,47280,13:08:00,43,00:00:43,doors opened
07/05/2025,12,4226,Saturday,Saturday,East,15655454,46800,13:00:00,46964,13:02:44,0,7175,Crossgates Mall Station (07175),7,0,7,46800.0,13:00:00,46964,13:02:44,46800.0,13:00:00,46964,13:02:44,0,00:00:00,doors opened
07/05/2025,12,4226,Saturday,Saturday,West,15655456,49200,13:40:00,49412,13:43:32,27,7175,Crossgates Mall Station (07175),0,8,0,51420.0,14:17:00,51359,14:15:59,51420.0,14:17:00,51359,14:15:59,0,00:00:00,doors opened
07/05/2025,12,4226,Saturday,Saturday,West,15655456,49200,13:40:00,49412,13:43:32,26,12828,Crossgates Commons Station (12828),1,10,8,51000.0,14:10:00,51066,14:11:06,51000.0,14:10:00,51093,14:11:33,27,00:00:27,doors opened
07/05/2025,12,4226,Saturday,Saturday,West,15655456,49200,13:40:00,49412,13:43:32,25,12891,1475 Washington Ave (12891),0,2,17,,,50884,14:08:04,,,50900,14:08:20,16,00:00:16,doors opened
07/05/2025,12,4226,Saturday,Saturday,West,15655456,49200,13:40:00,49412,13:43:32,24,7216,SUNY Collins Circle (07216),0,0,19,50640.0,14:04:00,50797,14:06:37,50640.0,14:04:00,50797,14:06:37,0,00:00:00,door not opened
07/05/2025,12,4226,Saturday,Saturday,West,15655456,49200,13:40:00,49412,13:43:32,23,3262,1383 Washington Ave (Fairfield Inn) (03262),0,0,19,,,50718,14:05:18,,,50718,14:05:18,0,00:00:00,door not opened
07/05/2025,12,4226,Saturday,Saturday,West,15655456,49200,13:40:00,49412,13:43:32,22,976,Washington Ave & Brevator St (00976),0,2,19,,,50554,14:02:34,,,50565,14:02:45,11,00:00:11,doors opened
07/05/2025,12,4226,Saturday,Saturday,West,15655456,49200,13:40:00,49412,13:43:32,21,1959,Washington Ave & Colvin Ave (01959),5,0,21,,,50411,14:00:11,,,50529,14:02:09,118,00:01:58,doors opened
07/05/2025,12,4226,Saturday,Saturday,West,15655456,49200,13:40:00,49412,13:43:32,20,3399,Washington Ave & Danker Ave (03399),0,0,16,,,50386,13:59:46,,,50386,13:59:46,0,00:00:00,door not opened
07/05/2025,12,4226,Saturday,Saturday,West,15655456,49200,13:40:00,49412,13:43:32,19,1849,Washington Ave & Homestead Ave (01849),0,1,16,,,50354,13:59:14,,,50362,13:59:22,8,00:00:08,doors opened
07/05/2025,12,4226,Saturday,Saturday,West,15655456,49200,13:40:00,49412,13:43:32,18,1846,Washington Ave & Manning Blvd (01846),0,1,17,,,50306,13:58:26,,,50328,13:58:48,22,00:00:22,doors opened
07/05/2025,12,4226,Saturday,Saturday,West,15655456,49200,13:40:00,49412,13:43:32,17,3287,Washington Ave & N. Allen St (03287),3,0,18,50280.0,13:58:00,50251,13:57:31,50280.0,13:58:00,50274,13:57:54,23,00:00:23,doors opened
07/05/2025,12,4226,Saturday,Saturday,West,15655456,49200,13:40:00,49412,13:43:32,16,3264,Washington Ave & N. Main Ave (03264),2,0,15,,,50197,13:56:37,,,50217,13:56:57,20,00:00:20,doors opened
07/05/2025,12,4226,Saturday,Saturday,West,15655456,49200,13:40:00,49412,13:43:32,15,1839,Washington Ave & Partridge St (01839),0,0,13,,,50135,13:55:35,,,50135,13:55:35,0,00:00:00,door not opened
07/05/2025,12,4226,Saturday,Saturday,West,15655456,49200,13:40:00,49412,13:43:32,14,1841,Washington Ave & Ontario St (01841),2,0,13,50040.0,13:54:00,50076,13:54:36,50040.0,13:54:00,50109,13:55:09,33,00:00:33,doors opened
07/05/2025,12,4226,Saturday,Saturday,West,15655456,49200,13:40:00,49412,13:43:32,13,1842,Washington Ave & Quail St (01842),2,0,11,,,50015,13:53:35,,,50053,13:54:13,38,00:00:38,doors opened
07/05/2025,12,4226,Saturday,Saturday,West,15655456,49200,13:40:00,49412,13:43:32,12,1837,Washington Ave & N. Lake Ave (01837),2,0,9,,,49942,13:52:22,,,49986,13:53:06,44,00:00:44,doors opened
07/05/2025,12,4226,Saturday,Saturday,West,15655456,49200,13:40:00,49412,13:43:32,11,1843,Washington Ave & Robin St (01843),0,0,7,,,49920,13:52:00,,,49920,13:52:00,0,00:00:00,door not opened
07/05/2025,12,4226,Saturday,Saturday,West,15655456,49200,13:40:00,49412,13:43:32,10,12943,Washington Ave & Lexington Ave (12943),0,0,7,,,49884,13:51:24,,,49884,13:51:24,0,00:00:00,door not opened
07/05/2025,12,4226,Saturday,Saturday,West,15655456,49200,13:40:00,49412,13:43:32,9,12942,Washington Ave & Henry Johnson Blvd (12942),0,0,7,,,49837,13:50:37,,,49837,13:50:37,0,00:00:00,door not opened
07/05/2025,12,4226,Saturday,Saturday,West,15655456,49200,13:40:00,49412,13:43:32,8,3239,Lark/Library Station - Washington Ave & Lark St (03239),1,1,7,49680.0,13:48:00,49751,13:49:11,49680.0,13:48:00,49779,13:49:39,28,00:00:28,doors opened
07/05/2025,12,4226,Saturday,Saturday,West,15655456,49200,13:40:00,49412,13:43:32,7,3301,Washington Ave & S. Swan St (03301),0,0,7,,,49711,13:48:31,,,49711,13:48:31,0,00:00:00,door not opened
07/05/2025,12,4226,Saturday,Saturday,West,15655456,49200,13:40:00,49412,13:43:32,6,3250,Hawk/Capitol Station - Washington Ave & Hawk St (03250),0,0,7,,,49688,13:48:08,,,49688,13:48:08,0,00:00:00,door not opened
07/05/2025,12,4226,Saturday,Saturday,West,15655456,49200,13:40:00,49412,13:43:32,5,10087,State St & Eagle St (10087),0,0,7,,,49660,13:47:40,,,49660,13:47:40,0,00:00:00,door not opened
07/05/2025,12,4226,Saturday,Saturday,West,15655456,49200,13:40:00,49412,13:43:32,4,2665,State/Downtown Station - State St & Lodge St (02665),0,0,7,49440.0,13:44:00,49585,13:46:25,49440.0,13:44:00,49585,13:46:25,0,00:00:00,door not opened
07/05/2025,12,4226,Saturday,Saturday,West,15655456,49200,13:40:00,49412,13:43:32,3,3221,State Station - N. Pearl St & Ten Eyck Plaza (03221),2,0,7,,,49543,13:45:43,,,49557,13:45:57,14,00:00:14,doors opened
07/05/2025,12,4226,Saturday,Saturday,West,15655456,49200,13:40:00,49412,13:43:32,2,3233,N. Pearl St & Sheridan Ave (03233),1,0,5,,,49500,13:45:00,,,49511,13:45:11,11,00:00:11,doors opened
07/05/2025,12,4226,Saturday,Saturday,West,15655456,49200,13:40:00,49412,13:43:32,1,2168,Clinton Square Station - N. Pearl St & Clinton Ave (02168),3,0,4,,,49456,13:44:16,,,49483,13:44:43,27,00:00:27,doors opened
07/05/2025,12,4226,Saturday,Saturday,West,15655456,49200,13:40:00,49412,13:43:32,0,9018,Broadway & Orange St (09018),1,0,1,49200.0,13:40:00,49412,13:43:32,49200.0,13:40:00,49412,13:43:32,0,00:00:00,doors opened
07/05/2025,12,4226,Saturday,Saturday,East,15655449,37200,10:20:00,37610,10:26:50,24,3940,Broadway & Steuben St (03940),0,1,0,39180.0,10:53:00,39690,11:01:30,39180.0,10:53:00,39690,11:01:30,0,00:00:00,doors opened
07/05/2025,12,4226,Saturday,Saturday,East,15655449,37200,10:20:00,37610,10:26:50,23,2509,State/Downtown Station - State St & S. Pearl St (02509),0,1,1,38940.0,10:49:00,39548,10:59:08,38940.0,10:49:00,39621,11:00:21,73,00:01:13,doors opened
07/05/2025,12,4226,Saturday,Saturday,East,15655449,37200,10:20:00,37610,10:26:50,20,1789,Washington Ave & S. Swan St (01789),0,0,2,,,39368,10:56:08,,,39532,10:58:52,164,00:02:44,door not opened
07/05/2025,12,4226,Saturday,Saturday,East,15655449,37200,10:20:00,37610,10:26:50,9,1796,Washington Ave & N. Allen St (01796),11,11,2,38220.0,10:37:00,38683,10:44:43,38220.0,10:37:00,38950,10:49:10,267,00:04:27,doors opened
07/05/2025,12,4226,Saturday,Saturday,East,15655449,37200,10:20:00,37610,10:26:50,0,7175,Crossgates Mall Station (07175),2,0,2,37200.0,10:20:00,37610,10:26:50,37200.0,10:20:00,37610,10:26:50,0,00:00:00,doors opened
07/05/2025,12,4226,Saturday,Saturday,West,15655451,39600,11:00:00,39768,11:02:48,27,7175,Crossgates Mall Station (07175),0,20,0,41820.0,11:37:00,42182,11:43:02,41820.0,11:37:00,42182,11:43:02,0,00:00:00,doors opened
07/05/2025,12,4226,Saturday,Saturday,West,15655451,39600,11:00:00,39768,11:02:48,26,12828,Crossgates Commons Station (12828),0,7,20,41400.0,11:30:00,41910,11:38:30,41400.0,11:30:00,41934,11:38:54,24,00:00:24,doors opened
07/05/2025,12,4226,Saturday,Saturday,West,15655451,39600,11:00:00,39768,11:02:48,25,12891,1475 Washington Ave (12891),3,0,27,,,41733,11:35:33,,,41754,11:35:54,21,00:00:21,doors opened
07/05/2025,12,4226,Saturday,Saturday,West,15655451,39600,11:00:00,39768,11:02:48,24,7216,SUNY Collins Circle (07216),0,3,24,41040.0,11:24:00,41639,11:33:59,41040.0,11:24:00,41662,11:34:22,23,00:00:23,doors opened
07/05/2025,12,4226,Saturday,Saturday,West,15655451,39600,11:00:00,39768,11:02:48,23,3262,1383 Washington Ave (Fairfield Inn) (03262),1,0,27,,,41532,11:32:12,,,41543,11:32:23,11,00:00:11,doors opened
07/05/2025,12,4226,Saturday,Saturday,West,15655451,39600,11:00:00,39768,11:02:48,22,976,Washington Ave & Brevator St (00976),0,0,26,,,41401,11:30:01,,,41401,11:30:01,0,00:00:00,door not opened
07/05/2025,12,4226,Saturday,Saturday,West,15655451,39600,11:00:00,39768,11:02:48,21,1959,Washington Ave & Colvin Ave (01959),2,0,26,,,41315,11:28:35,,,41378,11:29:38,63,00:01:03,doors opened
07/05/2025,12,4226,Saturday,Saturday,West,15655451,39600,11:00:00,39768,11:02:48,20,3399,Washington Ave & Danker Ave (03399),0,0,24,,,41279,11:27:59,,,41279,11:27:59,0,00:00:00,door not opened
07/05/2025,12,4226,Saturday,Saturday,West,15655451,39600,11:00:00,39768,11:02:48,19,1849,Washington Ave & Homestead Ave (01849),1,0,24,,,41240,11:27:20,,,41255,11:27:35,15,00:00:15,doors opened
07/05/2025,12,4226,Saturday,Saturday,West,15655451,39600,11:00:00,39768,11:02:48,18,1846,Washington Ave & Manning Blvd (01846),0,0,23,,,41212,11:26:52,,,41212,11:26:52,0,00:00:00,door not opened
07/05/2025,12,4226,Saturday,Saturday,West,15655451,39600,11:00:00,39768,11:02:48,17,3287,Washington Ave & N. Allen St (03287),4,0,23,40680.0,11:18:00,41121,11:25:21,40680.0,11:18:00,41151,11:25:51,30,00:00:30,doors opened
07/05/2025,12,4226,Saturday,Saturday,West,15655451,39600,11:00:00,39768,11:02:48,16,3264,Washington Ave & N. Main Ave (03264),2,0,19,,,41053,11:24:13,,,41089,11:24:49,36,00:00:36,doors opened
07/05/2025,12,4226,Saturday,Saturday,West,15655451,39600,11:00:00,39768,11:02:48,15,1839,Washington Ave & Partridge St (01839),0,0,17,,,41009,11:23:29,,,41009,11:23:29,0,00:00:00,door not opened
07/05/2025,12,4226,Saturday,Saturday,West,15655451,39600,11:00:00,39768,11:02:48,14,1841,Washington Ave & Ontario St (01841),4,0,17,40440.0,11:14:00,40960,11:22:40,40440.0,11:14:00,40988,11:23:08,28,00:00:28,doors opened
07/05/2025,12,4226,Saturday,Saturday,West,15655451,39600,11:00:00,39768,11:02:48,13,1842,Washington Ave & Quail St (01842),2,0,13,,,40897,11:21:37,,,40935,11:22:15,38,00:00:38,doors opened
07/05/2025,12,4226,Saturday,Saturday,West,15655451,39600,11:00:00,39768,11:02:48,12,1837,Washington Ave & N. Lake Ave (01837),0,0,11,,,40869,11:21:09,,,40869,11:21:09,0,00:00:00,door not opened
07/05/2025,12,4226,Saturday,Saturday,West,15655451,39600,11:00:00,39768,11:02:48,11,1843,Washington Ave & Robin St (01843),0,1,11,,,40838,11:20:38,,,40847,11:20:47,9,00:00:09,doors opened
07/05/2025,12,4226,Saturday,Saturday,West,15655451,39600,11:00:00,39768,11:02:48,10,12943,Washington Ave & Lexington Ave (12943),0,0,12,,,40812,11:20:12,,,40812,11:20:12,0,00:00:00,door not opened
07/05/2025,12,4226,Saturday,Saturday,West,15655451,39600,11:00:00,39768,11:02:48,9,12942,Washington Ave & Henry Johnson Blvd (12942),0,0,12,,,40782,11:19:42,,,40782,11:19:42,0,00:00:00,door not opened
07/05/2025,12,4226,Saturday,Saturday,West,15655451,39600,11:00:00,39768,11:02:48,8,3239,Lark/Library Station - Washington Ave & Lark St (03239),0,2,12,40080.0,11:08:00,40675,11:17:55,40080.0,11:08:00,40697,11:18:17,22,00:00:22,doors opened
07/05/2025,12,4226,Saturday,Saturday,West,15655451,39600,11:00:00,39768,11:02:48,7,3301,Washington Ave & S. Swan St (03301),1,0,14,,,40604,11:16:44,,,40617,11:16:57,13,00:00:13,doors opened
07/05/2025,12,4226,Saturday,Saturday,West,15655451,39600,11:00:00,39768,11:02:48,6,3250,Hawk/Capitol Station - Washington Ave & Hawk St (03250),1,0,13,,,40562,11:16:02,,,40575,11:16:15,13,00:00:13,doors opened
07/05/2025,12,4226,Saturday,Saturday,West,15655451,39600,11:00:00,39768,11:02:48,5,10087,State St & Eagle St (10087),0,0,12,,,40536,11:15:36,,,40536,11:15:36,0,00:00:00,door not opened
07/05/2025,12,4226,Saturday,Saturday,West,15655451,39600,11:00:00,39768,11:02:48,4,2665,State/Downtown Station - State St & Lodge St (02665),4,0,12,39840.0,11:04:00,40365,11:12:45,39840.0,11:04:00,40412,11:13:32,47,00:00:47,doors opened
07/05/2025,12,4226,Saturday,Saturday,West,15655451,39600,11:00:00,39768,11:02:48,3,3221,State Station - N. Pearl St & Ten Eyck Plaza (03221),4,0,8,,,40229,11:10:29,,,40339,11:12:19,110,00:01:50,doors opened
07/05/2025,12,4226,Saturday,Saturday,West,15655451,39600,11:00:00,39768,11:02:48,2,3233,N. Pearl St & Sheridan Ave (03233),0,0,4,,,40194,11:09:54,,,40194,11:09:54,0,00:00:00,door not opened
07/05/2025,12,4226,Saturday,Saturday,West,15655451,39600,11:00:00,39768,11:02:48,1,2168,Clinton Square Station - N. Pearl St & Clinton Ave (02168),4,0,4,,,40099,11:08:19,,,40149,11:09:09,50,00:00:50,doors opened
07/05/2025,12,4226,Saturday,Saturday,West,15655451,39600,11:00:00,39768,11:02:48,0,9018,Broadway & Orange St (09018),1,1,0,39600.0,11:00:00,39768,11:02:48,39600.0,11:00:00,39768,11:02:48,0,00:00:00,door not opened
07/05/2025,12,4233,Saturday,Saturday,East,15657106,49200,13:40:00,49510,13:45:10,24,3940,Broadway & Steuben St (03940),0,0,0,51360.0,14:16:00,51365,14:16:05,51360.0,14:16:00,51365,14:16:05,0,00:00:00,door not opened
07/05/2025,12,4233,Saturday,Saturday,East,15657106,49200,13:40:00,49510,13:45:10,23,2509,State/Downtown Station - State St & S. Pearl St (02509),0,4,0,51120.0,14:12:00,51253,14:14:13,51120.0,14:12:00,51306,14:15:06,53,00:00:53,doors opened
07/05/2025,12,4233,Saturday,Saturday,East,15657106,49200,13:40:00,49510,13:45:10,22,1787,State St & Eagle St (01787),0,0,4,,,51239,14:13:59,,,51239,14:13:59,0,00:00:00,door not opened
07/05/2025,12,4233,Saturday,Saturday,East,15657106,49200,13:40:00,49510,13:45:10,21,2706,Hawk/Capitol Station - Washington Ave & Hawk St (02706),0,0,4,,,51201,14:13:21,,,51201,14:13:21,0,00:00:00,door not opened
07/05/2025,12,4233,Saturday,Saturday,East,15657106,49200,13:40:00,49510,13:45:10,20,1789,Washington Ave & S. Swan St (01789),1,2,4,,,51120,14:12:00,,,51178,14:12:58,58,00:00:58,doors opened
07/05/2025,12,4233,Saturday,Saturday,East,15657106,49200,13:40:00,49510,13:45:10,19,1788,Washington Ave & Dove St (01788),0,0,5,,,51097,14:11:37,,,51097,14:11:37,0,00:00:00,door not opened
07/05/2025,12,4233,Saturday,Saturday,East,15657106,49200,13:40:00,49510,13:45:10,18,2663,Lark/Library Station - Washington Ave & Lark St (02663),0,0,5,50820.0,14:07:00,51076,14:11:16,50820.0,14:07:00,51076,14:11:16,0,00:00:00,door not opened
07/05/2025,12,4233,Saturday,Saturday,East,15657106,49200,13:40:00,49510,13:45:10,17,263,Washington Ave & Henry Johnson Blvd (00263),0,0,5,,,51032,14:10:32,,,51032,14:10:32,0,00:00:00,door not opened
07/05/2025,12,4233,Saturday,Saturday,East,15657106,49200,13:40:00,49510,13:45:10,16,2096,Washington Ave & Lexington Ave (02096),0,1,5,,,50932,14:08:52,,,51007,14:10:07,75,00:01:15,doors opened
07/05/2025,12,4233,Saturday,Saturday,East,15657106,49200,13:40:00,49510,13:45:10,15,3253,Washington Ave & Robin St (Draper Hall) (03253),0,0,6,,,50915,14:08:35,,,50915,14:08:35,0,00:00:00,door not opened
07/05/2025,12,4233,Saturday,Saturday,East,15657106,49200,13:40:00,49510,13:45:10,14,2109,Washington Ave & N. Lake Ave (02109),0,0,6,,,50894,14:08:14,,,50894,14:08:14,0,00:00:00,door not opened
07/05/2025,12,4233,Saturday,Saturday,East,15657106,49200,13:40:00,49510,13:45:10,13,3255,Washington Ave & Quail St (03255),0,8,6,,,50807,14:06:47,,,50838,14:07:18,31,00:00:31,doors opened
07/05/2025,12,4233,Saturday,Saturday,East,15657106,49200,13:40:00,49510,13:45:10,12,3256,Washington Ave & Ontario St (03256),1,0,14,50460.0,14:01:00,50769,14:06:09,50460.0,14:01:00,50787,14:06:27,18,00:00:18,doors opened
07/05/2025,12,4233,Saturday,Saturday,East,15657106,49200,13:40:00,49510,13:45:10,11,2107,Washington Ave & Partridge St (02107),0,0,13,,,50735,14:05:35,,,50748,14:05:48,13,00:00:13,doors opened
07/05/2025,12,4233,Saturday,Saturday,East,15657106,49200,13:40:00,49510,13:45:10,10,3257,Washington Ave & N. Main Ave (03257),0,1,13,,,50662,14:04:22,,,50691,14:04:51,29,00:00:29,doors opened
07/05/2025,12,4233,Saturday,Saturday,East,15657106,49200,13:40:00,49510,13:45:10,9,1796,Washington Ave & N. Allen St (01796),1,1,14,50340.0,13:59:00,50610,14:03:30,50340.0,13:59:00,50634,14:03:54,24,00:00:24,doors opened
07/05/2025,12,4233,Saturday,Saturday,East,15657106,49200,13:40:00,49510,13:45:10,8,11581,Washington Ave & Manning Blvd (11581),3,0,14,,,50534,14:02:14,,,50580,14:03:00,46,00:00:46,doors opened
07/05/2025,12,4233,Saturday,Saturday,East,15657106,49200,13:40:00,49510,13:45:10,7,2180,Washington Ave & Homestead Ave (02180),0,0,11,,,50492,14:01:32,,,50492,14:01:32,0,00:00:00,door not opened
07/05/2025,12,4233,Saturday,Saturday,East,15657106,49200,13:40:00,49510,13:45:10,6,2182,Washington Ave & Hawthorne St (02182),0,0,11,,,50468,14:01:08,,,50468,14:01:08,0,00:00:00,door not opened
07/05/2025,12,4233,Saturday,Saturday,East,15657106,49200,13:40:00,49510,13:45:10,5,3304,Washington Ave & Clermont St (03304),1,0,11,,,50415,14:00:15,,,50442,14:00:42,27,00:00:27,doors opened
07/05/2025,12,4233,Saturday,Saturday,East,15657106,49200,13:40:00,49510,13:45:10,4,3348,Washington Ave & Brevator St (03348),0,0,10,,,50402,14:00:02,,,50402,14:00:02,0,00:00:00,door not opened
07/05/2025,12,4233,Saturday,Saturday,East,15657106,49200,13:40:00,49510,13:45:10,3,10134,Washington Ave & SUNY Exit Rd (10134),0,0,10,,,50285,13:58:05,,,50285,13:58:05,0,00:00:00,door not opened
07/05/2025,12,4233,Saturday,Saturday,East,15657106,49200,13:40:00,49510,13:45:10,2,7216,SUNY Collins Circle (07216),1,0,10,49920.0,13:52:00,50120,13:55:20,49920.0,13:52:00,50135,13:55:35,15,00:00:15,doors opened
07/05/2025,12,4233,Saturday,Saturday,East,15657106,49200,13:40:00,49510,13:45:10,1,12827,Crossgates Commons Station (12827),5,1,9,49620.0,13:47:00,49801,13:50:01,49620.0,13:47:00,49913,13:51:53,112,00:01:52,doors opened
07/05/2025,12,4233,Saturday,Saturday,East,15657106,49200,13:40:00,49510,13:45:10,0,7175,Crossgates Mall Station (07175),5,0,5,49200.0,13:40:00,49510,13:45:10,49200.0,13:40:00,49510,13:45:10,0,00:00:00,doors opened
07/05/2025,12,4233,Saturday,Saturday,West,15657108,51600,14:20:00,51879,14:24:39,27,7175,Crossgates Mall Station (07175),0,8,0,53820.0,14:57:00,54035,15:00:35,53820.0,14:57:00,54035,15:00:35,0,00:00:00,doors opened
07/05/2025,12,4233,Saturday,Saturday,West,15657108,51600,14:20:00,51879,14:24:39,26,12828,Crossgates Commons Station (12828),0,10,8,53400.0,14:50:00,53758,14:55:58,53400.0,14:50:00,53784,14:56:24,26,00:00:26,doors opened
07/05/2025,12,4233,Saturday,Saturday,West,15657108,51600,14:20:00,51879,14:24:39,25,12891,1475 Washington Ave (12891),3,0,18,,,53560,14:52:40,,,53590,14:53:10,30,00:00:30,doors opened
07/05/2025,12,4233,Saturday,Saturday,West,15657108,51600,14:20:00,51879,14:24:39,24,7216,SUNY Collins Circle (07216),0,1,15,53040.0,14:44:00,53459,14:50:59,53040.0,14:44:00,53473,14:51:13,14,00:00:14,doors opened
07/05/2025,12,4233,Saturday,Saturday,West,15657108,51600,14:20:00,51879,14:24:39,23,3262,1383 Washington Ave (Fairfield Inn) (03262),1,1,16,,,53363,14:49:23,,,53383,14:49:43,20,00:00:20,doors opened
07/05/2025,12,4233,Saturday,Saturday,West,15657108,51600,14:20:00,51879,14:24:39,22,976,Washington Ave & Brevator St (00976),0,0,16,,,53251,14:47:31,,,53251,14:47:31,0,00:00:00,door not opened
07/05/2025,12,4233,Saturday,Saturday,West,15657108,51600,14:20:00,51879,14:24:39,21,1959,Washington Ave & Colvin Ave (01959),2,1,16,,,53194,14:46:34,,,53230,14:47:10,36,00:00:36,doors opened
07/05/2025,12,4233,Saturday,Saturday,West,15657108,51600,14:20:00,51879,14:24:39,20,3399,Washington Ave & Danker Ave (03399),1,0,15,,,53144,14:45:44,,,53165,14:46:05,21,00:00:21,doors opened
07/05/2025,12,4233,Saturday,Saturday,West,15657108,51600,14:20:00,51879,14:24:39,19,1849,Washington Ave & Homestead Ave (01849),0,0,14,,,53119,14:45:19,,,53119,14:45:19,0,00:00:00,door not opened
07/05/2025,12,4233,Saturday,Saturday,West,15657108,51600,14:20:00,51879,14:24:39,18,1846,Washington Ave & Manning Blvd (01846),1,0,14,,,53071,14:44:31,,,53093,14:44:53,22,00:00:22,doors opened
07/05/2025,12,4233,Saturday,Saturday,West,15657108,51600,14:20:00,51879,14:24:39,17,3287,Washington Ave & N. Allen St (03287),2,0,13,52680.0,14:38:00,53016,14:43:36,52680.0,14:38:00,53035,14:43:55,19,00:00:19,doors opened
07/05/2025,12,4233,Saturday,Saturday,West,15657108,51600,14:20:00,51879,14:24:39,16,3264,Washington Ave & N. Main Ave (03264),0,1,11,,,52977,14:42:57,,,52988,14:43:08,11,00:00:11,doors opened
07/05/2025,12,4233,Saturday,Saturday,West,15657108,51600,14:20:00,51879,14:24:39,2,3233,N. Pearl St & Sheridan Ave (03233),0,0,1,,,51997,14:26:37,,,51997,14:26:37,0,00:00:00,door not opened
07/05/2025,12,4233,Saturday,Saturday,West,15657108,51600,14:20:00,51879,14:24:39,1,2168,Clinton Square Station - N. Pearl St & Clinton Ave (02168),0,0,1,,,51940,14:25:40,,,51940,14:25:40,0,00:00:00,door not opened
07/05/2025,12,4233,Saturday,Saturday,West,15657108,51600,14:20:00,51879,14:24:39,0,9018,Broadway & Orange St (09018),1,0,1,51600.0,14:20:00,51879,14:24:39,51600.0,14:20:00,51879,14:24:39,0,00:00:00,doors opened
07/05/2025,12,4233,Saturday,Saturday,West,15657108,51600,14:20:00,51879,14:24:39,15,1839,Washington Ave & Partridge St (01839),1,0,12,,,52894,14:41:34,,,52912,14:41:52,18,00:00:18,doors opened
07/05/2025,12,4233,Saturday,Saturday,West,15657108,51600,14:20:00,51879,14:24:39,14,1841,Washington Ave & Ontario St (01841),0,0,11,52440.0,14:34:00,52871,14:41:11,52440.0,14:34:00,52871,14:41:11,0,00:00:00,door not opened
07/05/2025,12,4233,Saturday,Saturday,West,15657108,51600,14:20:00,51879,14:24:39,13,1842,Washington Ave & Quail St (01842),5,0,11,,,52722,14:38:42,,,52823,14:40:23,101,00:01:41,doors opened
07/05/2025,12,4233,Saturday,Saturday,West,15657108,51600,14:20:00,51879,14:24:39,12,1837,Washington Ave & N. Lake Ave (01837),0,0,6,,,52697,14:38:17,,,52697,14:38:17,0,00:00:00,door not opened
07/05/2025,12,4233,Saturday,Saturday,West,15657108,51600,14:20:00,51879,14:24:39,11,1843,Washington Ave & Robin St (01843),0,0,6,,,52636,14:37:16,,,52636,14:37:16,0,00:00:00,door not opened
07/05/2025,12,4233,Saturday,Saturday,West,15657108,51600,14:20:00,51879,14:24:39,10,12943,Washington Ave & Lexington Ave (12943),0,0,6,,,52610,14:36:50,,,52610,14:36:50,0,00:00:00,door not opened
07/05/2025,12,4233,Saturday,Saturday,West,15657108,51600,14:20:00,51879,14:24:39,9,12942,Washington Ave & Henry Johnson Blvd (12942),2,1,6,,,52548,14:35:48,,,52570,14:36:10,22,00:00:22,doors opened
07/05/2025,12,4233,Saturday,Saturday,West,15657108,51600,14:20:00,51879,14:24:39,8,3239,Lark/Library Station - Washington Ave & Lark St (03239),1,0,5,52080.0,14:28:00,52441,14:34:01,52080.0,14:28:00,52471,14:34:31,30,00:00:30,doors opened
07/05/2025,12,4233,Saturday,Saturday,West,15657108,51600,14:20:00,51879,14:24:39,7,3301,Washington Ave & S. Swan St (03301),1,0,4,,,52358,14:32:38,,,52382,14:33:02,24,00:00:24,doors opened
07/05/2025,12,4233,Saturday,Saturday,West,15657108,51600,14:20:00,51879,14:24:39,6,3250,Hawk/Capitol Station - Washington Ave & Hawk St (03250),0,0,3,,,52310,14:31:50,,,52310,14:31:50,0,00:00:00,door not opened
07/05/2025,12,4233,Saturday,Saturday,West,15657108,51600,14:20:00,51879,14:24:39,5,10087,State St & Eagle St (10087),0,0,3,,,52269,14:31:09,,,52269,14:31:09,0,00:00:00,door not opened
07/05/2025,12,4233,Saturday,Saturday,West,15657108,51600,14:20:00,51879,14:24:39,4,2665,State/Downtown Station - State St & Lodge St (02665),0,1,3,51840.0,14:24:00,52155,14:29:15,51840.0,14:24:00,52194,14:29:54,39,00:00:39,doors opened
07/05/2025,12,4233,Saturday,Saturday,West,15657108,51600,14:20:00,51879,14:24:39,3,3221,State Station - N. Pearl St & Ten Eyck Plaza (03221),3,0,4,,,52042,14:27:22,,,52139,14:28:59,97,00:01:37,doors opened
07/05/2025,12,4233,Saturday,Saturday,East,15657101,39600,11:00:00,39683,11:01:23,2,7216,SUNY Collins Circle (07216),0,0,5,40200.0,11:10:00,40188,11:09:48,40200.0,11:10:00,40188,11:09:48,0,00:00:00,door not opened
07/05/2025,12,4233,Saturday,Saturday,East,15657101,39600,11:00:00,39683,11:01:23,1,12827,Crossgates Commons Station (12827),3,0,5,39960.0,11:06:00,39995,11:06:35,39960.0,11:06:00,39995,11:06:35,0,00:00:00,door not opened
07/05/2025,12,4233,Saturday,Saturday,East,15657101,39600,11:00:00,39683,11:01:23,0,7175,Crossgates Mall Station (07175),2,0,2,39600.0,11:00:00,39683,11:01:23,39600.0,11:00:00,39683,11:01:23,0,00:00:00,doors opened
07/05/2025,12,4233,Saturday,Saturday,East,15657101,39600,11:00:00,39683,11:01:23,23,2509,State/Downtown Station - State St & S. Pearl St (02509),0,1,0,41340.0,11:29:00,41213,11:26:53,41340.0,11:29:00,41213,11:26:53,0,00:00:00,doors opened
07/05/2025,12,4233,Saturday,Saturday,East,15657101,39600,11:00:00,39683,11:01:23,22,1787,State St & Eagle St (01787),0,0,1,,,41201,11:26:41,,,41201,11:26:41,0,00:00:00,door not opened
07/05/2025,12,4233,Saturday,Saturday,East,15657101,39600,11:00:00,39683,11:01:23,21,2706,Hawk/Capitol Station - Washington Ave & Hawk St (02706),0,0,1,,,41141,11:25:41,,,41141,11:25:41,0,00:00:00,door not opened
07/05/2025,12,4233,Saturday,Saturday,East,15657101,39600,11:00:00,39683,11:01:23,20,1789,Washington Ave & S. Swan St (01789),0,0,1,,,41121,11:25:21,,,41121,11:25:21,0,00:00:00,door not opened
07/05/2025,12,4233,Saturday,Saturday,East,15657101,39600,11:00:00,39683,11:01:23,19,1788,Washington Ave & Dove St (01788),0,0,1,,,41087,11:24:47,,,41087,11:24:47,0,00:00:00,door not opened
07/05/2025,12,4233,Saturday,Saturday,East,15657101,39600,11:00:00,39683,11:01:23,18,2663,Lark/Library Station - Washington Ave & Lark St (02663),0,0,1,41100.0,11:25:00,41069,11:24:29,41100.0,11:25:00,41069,11:24:29,0,00:00:00,door not opened
07/05/2025,12,4233,Saturday,Saturday,East,15657101,39600,11:00:00,39683,11:01:23,17,263,Washington Ave & Henry Johnson Blvd (00263),0,0,1,,,41028,11:23:48,,,41028,11:23:48,0,00:00:00,door not opened
07/05/2025,12,4233,Saturday,Saturday,East,15657101,39600,11:00:00,39683,11:01:23,16,2096,Washington Ave & Lexington Ave (02096),0,0,1,,,40923,11:22:03,,,40923,11:22:03,0,00:00:00,door not opened
07/05/2025,12,4233,Saturday,Saturday,East,15657101,39600,11:00:00,39683,11:01:23,15,3253,Washington Ave & Robin St (Draper Hall) (03253),0,1,1,,,40888,11:21:28,,,40904,11:21:44,16,00:00:16,doors opened
07/05/2025,12,4233,Saturday,Saturday,East,15657101,39600,11:00:00,39683,11:01:23,14,2109,Washington Ave & N. Lake Ave (02109),0,0,2,,,40874,11:21:14,,,40874,11:21:14,0,00:00:00,door not opened
07/05/2025,12,4233,Saturday,Saturday,East,15657101,39600,11:00:00,39683,11:01:23,13,3255,Washington Ave & Quail St (03255),0,0,2,,,40821,11:20:21,,,40821,11:20:21,0,00:00:00,door not opened
07/05/2025,12,4233,Saturday,Saturday,East,15657101,39600,11:00:00,39683,11:01:23,12,3256,Washington Ave & Ontario St (03256),0,1,2,40740.0,11:19:00,40771,11:19:31,40740.0,11:19:00,40790,11:19:50,19,00:00:19,doors opened
07/05/2025,12,4233,Saturday,Saturday,East,15657101,39600,11:00:00,39683,11:01:23,11,2107,Washington Ave & Partridge St (02107),0,0,3,,,40754,11:19:14,,,40754,11:19:14,0,00:00:00,door not opened
07/05/2025,12,4233,Saturday,Saturday,East,15657101,39600,11:00:00,39683,11:01:23,10,3257,Washington Ave & N. Main Ave (03257),0,1,3,,,40629,11:17:09,,,40672,11:17:52,43,00:00:43,doors opened
07/05/2025,12,4233,Saturday,Saturday,East,15657101,39600,11:00:00,39683,11:01:23,9,1796,Washington Ave & N. Allen St (01796),0,0,4,40620.0,11:17:00,40604,11:16:44,40620.0,11:17:00,40604,11:16:44,0,00:00:00,door not opened
07/05/2025,12,4233,Saturday,Saturday,East,15657101,39600,11:00:00,39683,11:01:23,8,11581,Washington Ave & Manning Blvd (11581),0,0,4,,,40568,11:16:08,,,40568,11:16:08,0,00:00:00,door not opened
07/05/2025,12,4233,Saturday,Saturday,East,15657101,39600,11:00:00,39683,11:01:23,7,2180,Washington Ave & Homestead Ave (02180),0,0,4,,,40530,11:15:30,,,40530,11:15:30,0,00:00:00,door not opened
07/05/2025,12,4233,Saturday,Saturday,East,15657101,39600,11:00:00,39683,11:01:23,6,2182,Washington Ave & Hawthorne St (02182),0,1,4,,,40487,11:14:47,,,40505,11:15:05,18,00:00:18,doors opened
07/05/2025,12,4233,Saturday,Saturday,East,15657101,39600,11:00:00,39683,11:01:23,5,3304,Washington Ave & Clermont St (03304),0,0,5,,,40472,11:14:32,,,40472,11:14:32,0,00:00:00,door not opened
07/05/2025,12,4233,Saturday,Saturday,East,15657101,39600,11:00:00,39683,11:01:23,4,3348,Washington Ave & Brevator St (03348),0,0,5,,,40426,11:13:46,,,40426,11:13:46,0,00:00:00,door not opened
07/05/2025,12,4233,Saturday,Saturday,East,15657101,39600,11:00:00,39683,11:01:23,3,10134,Washington Ave & SUNY Exit Rd (10134),1,1,5,,,40290,11:11:30,,,40305,11:11:45,15,00:00:15,doors opened
07/05/2025,12,4233,Saturday,Saturday,West,15657103,42000,11:40:00,42228,11:43:48,20,3399,Washington Ave & Danker Ave (03399),0,2,19,,,43239,12:00:39,,,43259,12:00:59,20,00:00:20,doors opened
07/05/2025,12,4233,Saturday,Saturday,West,15657103,42000,11:40:00,42228,11:43:48,19,1849,Washington Ave & Homestead Ave (01849),0,0,21,,,43220,12:00:20,,,43220,12:00:20,0,00:00:00,door not opened
07/05/2025,12,4233,Saturday,Saturday,West,15657103,42000,11:40:00,42228,11:43:48,18,1846,Washington Ave & Manning Blvd (01846),0,0,21,,,43202,12:00:02,,,43202,12:00:02,0,00:00:00,door not opened
07/05/2025,12,4233,Saturday,Saturday,West,15657103,42000,11:40:00,42228,11:43:48,17,3287,Washington Ave & N. Allen St (03287),7,0,21,43080.0,11:58:00,43109,11:58:29,43080.0,11:58:00,43176,11:59:36,67,00:01:07,doors opened
07/05/2025,12,4233,Saturday,Saturday,West,15657103,42000,11:40:00,42228,11:43:48,16,3264,Washington Ave & N. Main Ave (03264),1,0,14,,,43063,11:57:43,,,43081,11:58:01,18,00:00:18,doors opened
07/05/2025,12,4233,Saturday,Saturday,West,15657103,42000,11:40:00,42228,11:43:48,15,1839,Washington Ave & Partridge St (01839),0,1,13,,,42992,11:56:32,,,43021,11:57:01,29,00:00:29,doors opened
07/05/2025,12,4233,Saturday,Saturday,West,15657103,42000,11:40:00,42228,11:43:48,14,1841,Washington Ave & Ontario St (01841),1,0,14,42840.0,11:54:00,42940,11:55:40,42840.0,11:54:00,42970,11:56:10,30,00:00:30,doors opened
07/05/2025,12,4233,Saturday,Saturday,West,15657103,42000,11:40:00,42228,11:43:48,13,1842,Washington Ave & Quail St (01842),2,0,13,,,42872,11:54:32,,,42917,11:55:17,45,00:00:45,doors opened
07/05/2025,12,4233,Saturday,Saturday,West,15657103,42000,11:40:00,42228,11:43:48,12,1837,Washington Ave & N. Lake Ave (01837),0,1,11,,,42830,11:53:50,,,42848,11:54:08,18,00:00:18,doors opened
07/05/2025,12,4233,Saturday,Saturday,West,15657103,42000,11:40:00,42228,11:43:48,11,1843,Washington Ave & Robin St (01843),0,0,12,,,42807,11:53:27,,,42807,11:53:27,0,00:00:00,door not opened
07/05/2025,12,4233,Saturday,Saturday,West,15657103,42000,11:40:00,42228,11:43:48,10,12943,Washington Ave & Lexington Ave (12943),2,0,12,,,42744,11:52:24,,,42783,11:53:03,39,00:00:39,doors opened
07/05/2025,12,4233,Saturday,Saturday,West,15657103,42000,11:40:00,42228,11:43:48,9,12942,Washington Ave & Henry Johnson Blvd (12942),0,0,10,,,42712,11:51:52,,,42712,11:51:52,0,00:00:00,door not opened
07/05/2025,12,4233,Saturday,Saturday,West,15657103,42000,11:40:00,42228,11:43:48,8,3239,Lark/Library Station - Washington Ave & Lark St (03239),3,1,10,42480.0,11:48:00,42643,11:50:43,42480.0,11:48:00,42682,11:51:22,39,00:00:39,doors opened
07/05/2025,12,4233,Saturday,Saturday,West,15657103,42000,11:40:00,42228,11:43:48,27,7175,Crossgates Mall Station (07175),0,11,0,44220.0,12:17:00,44081,12:14:41,44220.0,12:17:00,44081,12:14:41,0,00:00:00,doors opened
07/05/2025,12,4233,Saturday,Saturday,West,15657103,42000,11:40:00,42228,11:43:48,26,12828,Crossgates Commons Station (12828),1,12,11,43800.0,12:10:00,43817,12:10:17,43800.0,12:10:00,43844,12:10:44,27,00:00:27,doors opened
07/05/2025,12,4233,Saturday,Saturday,West,15657103,42000,11:40:00,42228,11:43:48,25,12891,1475 Washington Ave (12891),0,0,22,,,43656,12:07:36,,,43656,12:07:36,0,00:00:00,door not opened
07/05/2025,12,4233,Saturday,Saturday,West,15657103,42000,11:40:00,42228,11:43:48,24,7216,SUNY Collins Circle (07216),2,0,22,43440.0,12:04:00,43500,12:05:00,43440.0,12:04:00,43549,12:05:49,49,00:00:49,doors opened
07/05/2025,12,4233,Saturday,Saturday,West,15657103,42000,11:40:00,42228,11:43:48,23,3262,1383 Washington Ave (Fairfield Inn) (03262),0,0,20,,,43421,12:03:41,,,43421,12:03:41,0,00:00:00,door not opened
07/05/2025,12,4233,Saturday,Saturday,West,15657103,42000,11:40:00,42228,11:43:48,22,976,Washington Ave & Brevator St (00976),1,0,20,,,43297,12:01:37,,,43313,12:01:53,16,00:00:16,doors opened
07/05/2025,12,4233,Saturday,Saturday,West,15657103,42000,11:40:00,42228,11:43:48,21,1959,Washington Ave & Colvin Ave (01959),0,0,19,,,43280,12:01:20,,,43280,12:01:20,0,00:00:00,door not opened
07/05/2025,12,4233,Saturday,Saturday,West,15657103,42000,11:40:00,42228,11:43:48,7,3301,Washington Ave & S. Swan St (03301),1,0,8,,,42577,11:49:37,,,42608,11:50:08,31,00:00:31,doors opened
07/05/2025,12,4233,Saturday,Saturday,West,15657103,42000,11:40:00,42228,11:43:48,6,3250,Hawk/Capitol Station - Washington Ave & Hawk St (03250),3,0,7,,,42517,11:48:37,,,42552,11:49:12,35,00:00:35,doors opened
07/05/2025,12,4233,Saturday,Saturday,West,15657103,42000,11:40:00,42228,11:43:48,5,10087,State St & Eagle St (10087),0,0,4,,,42491,11:48:11,,,42491,11:48:11,0,00:00:00,door not opened
07/05/2025,12,4233,Saturday,Saturday,West,15657103,42000,11:40:00,42228,11:43:48,4,2665,State/Downtown Station - State St & Lodge St (02665),4,0,4,42240.0,11:44:00,42373,11:46:13,42240.0,11:44:00,42414,11:46:54,41,00:00:41,doors opened
07/05/2025,12,4233,Saturday,Saturday,West,15657103,42000,11:40:00,42228,11:43:48,3,3221,State Station - N. Pearl St & Ten Eyck Plaza (03221),0,0,0,,,42324,11:45:24,,,42351,11:45:51,27,00:00:27,doors opened
07/05/2025,12,4233,Saturday,Saturday,West,15657103,42000,11:40:00,42228,11:43:48,2,3233,N. Pearl St & Sheridan Ave (03233),0,0,0,,,42289,11:44:49,,,42289,11:44:49,0,00:00:00,door not opened
07/05/2025,12,4233,Saturday,Saturday,West,15657103,42000,11:40:00,42228,11:43:48,1,2168,Clinton Square Station - N. Pearl St & Clinton Ave (02168),0,0,0,,,42281,11:44:41,,,42281,11:44:41,0,00:00:00,door not opened
07/05/2025,12,4233,Saturday,Saturday,West,15657103,42000,11:40:00,42228,11:43:48,0,9018,Broadway & Orange St (09018),0,0,0,42000.0,11:40:00,42228,11:43:48,42000.0,11:40:00,42228,11:43:48,0,00:00:00,door not opened
07/05/2025,12,4233,Saturday,Saturday,East,15659015,54000,15:00:00,54261,15:04:21,24,3940,Broadway & Steuben St (03940),0,0,0,56160.0,15:36:00,56317,15:38:37,56160.0,15:36:00,56317,15:38:37,0,00:00:00,doors opened
07/05/2025,12,4233,Saturday,Saturday,East,15659015,54000,15:00:00,54261,15:04:21,23,2509,State/Downtown Station - State St & S. Pearl St (02509),0,2,0,55920.0,15:32:00,56189,15:36:29,55920.0,15:32:00,56256,15:37:36,67,00:01:07,doors opened
07/05/2025,12,4233,Saturday,Saturday,East,15659015,54000,15:00:00,54261,15:04:21,22,1787,State St & Eagle St (01787),0,0,2,,,56173,15:36:13,,,56173,15:36:13,0,00:00:00,door not opened
07/05/2025,12,4233,Saturday,Saturday,East,15659015,54000,15:00:00,54261,15:04:21,21,2706,Hawk/Capitol Station - Washington Ave & Hawk St (02706),0,0,2,,,56096,15:34:56,,,56096,15:34:56,0,00:00:00,door not opened
07/05/2025,12,4233,Saturday,Saturday,East,15659015,54000,15:00:00,54261,15:04:21,20,1789,Washington Ave & S. Swan St (01789),0,1,2,,,56062,15:34:22,,,56074,15:34:34,12,00:00:12,doors opened
07/05/2025,12,4233,Saturday,Saturday,East,15659015,54000,15:00:00,54261,15:04:21,19,1788,Washington Ave & Dove St (01788),0,0,3,,,56038,15:33:58,,,56038,15:33:58,0,00:00:00,door not opened
07/05/2025,12,4233,Saturday,Saturday,East,15659015,54000,15:00:00,54261,15:04:21,18,2663,Lark/Library Station - Washington Ave & Lark St (02663),0,2,3,55620.0,15:27:00,55947,15:32:27,55620.0,15:27:00,56016,15:33:36,69,00:01:09,doors opened
07/05/2025,12,4233,Saturday,Saturday,East,15659015,54000,15:00:00,54261,15:04:21,17,263,Washington Ave & Henry Johnson Blvd (00263),0,0,5,,,55909,15:31:49,,,55909,15:31:49,0,00:00:00,door not opened
07/05/2025,12,4233,Saturday,Saturday,East,15659015,54000,15:00:00,54261,15:04:21,16,2096,Washington Ave & Lexington Ave (02096),0,1,5,,,55765,15:29:25,,,55870,15:31:10,105,00:01:45,doors opened
07/05/2025,12,4233,Saturday,Saturday,East,15659015,54000,15:00:00,54261,15:04:21,15,3253,Washington Ave & Robin St (Draper Hall) (03253),0,2,6,,,55719,15:28:39,,,55744,15:29:04,25,00:00:25,doors opened
07/05/2025,12,4233,Saturday,Saturday,East,15659015,54000,15:00:00,54261,15:04:21,14,2109,Washington Ave & N. Lake Ave (02109),0,0,8,,,55698,15:28:18,,,55698,15:28:18,0,00:00:00,door not opened
07/05/2025,12,4233,Saturday,Saturday,East,15659015,54000,15:00:00,54261,15:04:21,13,3255,Washington Ave & Quail St (03255),0,6,8,,,55614,15:26:54,,,55664,15:27:44,50,00:00:50,doors opened
07/05/2025,12,4233,Saturday,Saturday,East,15659015,54000,15:00:00,54261,15:04:21,12,3256,Washington Ave & Ontario St (03256),0,2,14,55260.0,15:21:00,55579,15:26:19,55260.0,15:21:00,55590,15:26:30,11,00:00:11,doors opened
07/05/2025,12,4233,Saturday,Saturday,East,15659015,54000,15:00:00,54261,15:04:21,11,2107,Washington Ave & Partridge St (02107),0,0,16,,,55557,15:25:57,,,55557,15:25:57,0,00:00:00,door not opened
07/05/2025,12,4233,Saturday,Saturday,East,15659015,54000,15:00:00,54261,15:04:21,10,3257,Washington Ave & N. Main Ave (03257),0,0,16,,,55499,15:24:59,,,55499,15:24:59,0,00:00:00,door not opened
07/05/2025,12,4233,Saturday,Saturday,East,15659015,54000,15:00:00,54261,15:04:21,9,1796,Washington Ave & N. Allen St (01796),0,0,16,55140.0,15:19:00,55470,15:24:30,55140.0,15:19:00,55470,15:24:30,0,00:00:00,door not opened
07/05/2025,12,4233,Saturday,Saturday,East,15659015,54000,15:00:00,54261,15:04:21,8,11581,Washington Ave & Manning Blvd (11581),0,0,16,,,55438,15:23:58,,,55438,15:23:58,0,00:00:00,door not opened
07/05/2025,12,4233,Saturday,Saturday,East,15659015,54000,15:00:00,54261,15:04:21,7,2180,Washington Ave & Homestead Ave (02180),0,3,16,,,55370,15:22:50,,,55385,15:23:05,15,00:00:15,doors opened
07/05/2025,12,4233,Saturday,Saturday,East,15659015,54000,15:00:00,54261,15:04:21,6,2182,Washington Ave & Hawthorne St (02182),0,0,19,,,55348,15:22:28,,,55348,15:22:28,0,00:00:00,door not opened
07/05/2025,12,4233,Saturday,Saturday,East,15659015,54000,15:00:00,54261,15:04:21,5,3304,Washington Ave & Clermont St (03304),0,0,19,,,55327,15:22:07,,,55327,15:22:07,0,00:00:00,door not opened
07/05/2025,12,4233,Saturday,Saturday,East,15659015,54000,15:00:00,54261,15:04:21,4,3348,Washington Ave & Brevator St (03348),1,0,19,,,55268,15:21:08,,,55301,15:21:41,33,00:00:33,doors opened
07/05/2025,12,4233,Saturday,Saturday,East,15659015,54000,15:00:00,54261,15:04:21,3,10134,Washington Ave & SUNY Exit Rd (10134),0,0,18,,,55160,15:19:20,,,55160,15:19:20,0,00:00:00,door not opened
07/05/2025,12,4233,Saturday,Saturday,East,15659015,54000,15:00:00,54261,15:04:21,2,7216,SUNY Collins Circle (07216),1,0,18,54720.0,15:12:00,54998,15:16:38,54720.0,15:12:00,55014,15:16:54,16,00:00:16,doors opened
07/05/2025,12,4233,Saturday,Saturday,East,15659015,54000,15:00:00,54261,15:04:21,1,12827,Crossgates Commons Station (12827),14,2,17,54420.0,15:07:00,54660,15:11:00,54420.0,15:07:00,54741,15:12:21,81,00:01:21,doors opened
07/05/2025,12,4233,Saturday,Saturday,East,15659015,54000,15:00:00,54261,15:04:21,0,7175,Crossgates Mall Station (07175),5,0,5,54000.0,15:00:00,54261,15:04:21,54000.0,15:00:00,54261,15:04:21,0,00:00:00,doors opened
07/05/2025,12,4238,Saturday,Saturday,East,15659127,43200,12:00:00,43303,12:01:43,24,3940,Broadway & Steuben St (03940),0,0,0,45240.0,12:34:00,45415,12:36:55,45240.0,12:34:00,45415,12:36:55,0,00:00:00,door not opened
07/05/2025,12,4238,Saturday,Saturday,East,15659127,43200,12:00:00,43303,12:01:43,23,2509,State/Downtown Station - State St & S. Pearl St (02509),3,7,0,45000.0,12:30:00,45122,12:32:02,45000.0,12:30:00,45328,12:35:28,206,00:03:26,doors opened
07/05/2025,12,4238,Saturday,Saturday,East,15659127,43200,12:00:00,43303,12:01:43,22,1787,State St & Eagle St (01787),0,0,4,,,45099,12:31:39,,,45099,12:31:39,0,00:00:00,door not opened
07/05/2025,12,4238,Saturday,Saturday,East,15659127,43200,12:00:00,43303,12:01:43,21,2706,Hawk/Capitol Station - Washington Ave & Hawk St (02706),0,0,4,,,44970,12:29:30,,,44970,12:29:30,0,00:00:00,door not opened
07/05/2025,12,4238,Saturday,Saturday,East,15659127,43200,12:00:00,43303,12:01:43,20,1789,Washington Ave & S. Swan St (01789),0,0,4,,,44950,12:29:10,,,44950,12:29:10,0,00:00:00,door not opened
07/05/2025,12,4238,Saturday,Saturday,East,15659127,43200,12:00:00,43303,12:01:43,19,1788,Washington Ave & Dove St (01788),0,0,4,,,44929,12:28:49,,,44929,12:28:49,0,00:00:00,door not opened
07/05/2025,12,4238,Saturday,Saturday,East,15659127,43200,12:00:00,43303,12:01:43,18,2663,Lark/Library Station - Washington Ave & Lark St (02663),0,0,4,44760.0,12:26:00,44907,12:28:27,44760.0,12:26:00,44907,12:28:27,0,00:00:00,door not opened
07/05/2025,12,4238,Saturday,Saturday,East,15659127,43200,12:00:00,43303,12:01:43,17,263,Washington Ave & Henry Johnson Blvd (00263),0,0,4,,,44859,12:27:39,,,44859,12:27:39,0,00:00:00,door not opened
07/05/2025,12,4238,Saturday,Saturday,East,15659127,43200,12:00:00,43303,12:01:43,16,2096,Washington Ave & Lexington Ave (02096),0,0,4,,,44768,12:26:08,,,44768,12:26:08,0,00:00:00,door not opened
07/05/2025,12,4238,Saturday,Saturday,East,15659127,43200,12:00:00,43303,12:01:43,15,3253,Washington Ave & Robin St (Draper Hall) (03253),0,0,4,,,44739,12:25:39,,,44739,12:25:39,0,00:00:00,door not opened
07/05/2025,12,4238,Saturday,Saturday,East,15659127,43200,12:00:00,43303,12:01:43,14,2109,Washington Ave & N. Lake Ave (02109),1,0,4,,,44688,12:24:48,,,44714,12:25:14,26,00:00:26,doors opened
07/05/2025,12,4238,Saturday,Saturday,East,15659127,43200,12:00:00,43303,12:01:43,13,3255,Washington Ave & Quail St (03255),0,6,3,,,44632,12:23:52,,,44661,12:24:21,29,00:00:29,doors opened
07/05/2025,12,4238,Saturday,Saturday,East,15659127,43200,12:00:00,43303,12:01:43,12,3256,Washington Ave & Ontario St (03256),0,0,9,44400.0,12:20:00,44614,12:23:34,44400.0,12:20:00,44614,12:23:34,0,00:00:00,door not opened
07/05/2025,12,4238,Saturday,Saturday,East,15659127,43200,12:00:00,43303,12:01:43,11,2107,Washington Ave & Partridge St (02107),0,0,9,,,44594,12:23:14,,,44594,12:23:14,0,00:00:00,door not opened
07/05/2025,12,4238,Saturday,Saturday,East,15659127,43200,12:00:00,43303,12:01:43,10,3257,Washington Ave & N. Main Ave (03257),0,0,9,,,44514,12:21:54,,,44514,12:21:54,0,00:00:00,door not opened
07/05/2025,12,4238,Saturday,Saturday,East,15659127,43200,12:00:00,43303,12:01:43,9,1796,Washington Ave & N. Allen St (01796),0,1,9,44280.0,12:18:00,44432,12:20:32,44280.0,12:18:00,44464,12:21:04,32,00:00:32,doors opened
07/05/2025,12,4238,Saturday,Saturday,East,15659127,43200,12:00:00,43303,12:01:43,8,11581,Washington Ave & Manning Blvd (11581),0,0,10,,,44400,12:20:00,,,44400,12:20:00,0,00:00:00,door not opened
07/05/2025,12,4238,Saturday,Saturday,East,15659127,43200,12:00:00,43303,12:01:43,7,2180,Washington Ave & Homestead Ave (02180),0,2,10,,,44336,12:18:56,,,44359,12:19:19,23,00:00:23,doors opened
07/05/2025,12,4238,Saturday,Saturday,East,15659127,43200,12:00:00,43303,12:01:43,6,2182,Washington Ave & Hawthorne St (02182),0,0,12,,,44313,12:18:33,,,44313,12:18:33,0,00:00:00,door not opened
07/05/2025,12,4238,Saturday,Saturday,East,15659127,43200,12:00:00,43303,12:01:43,5,3304,Washington Ave & Clermont St (03304),0,0,12,,,44299,12:18:19,,,44299,12:18:19,0,00:00:00,door not opened
07/05/2025,12,4238,Saturday,Saturday,East,15659127,43200,12:00:00,43303,12:01:43,4,3348,Washington Ave & Brevator St (03348),0,0,12,,,44279,12:17:59,,,44279,12:17:59,0,00:00:00,door not opened
07/05/2025,12,4238,Saturday,Saturday,East,15659127,43200,12:00:00,43303,12:01:43,3,10134,Washington Ave & SUNY Exit Rd (10134),1,0,12,,,44134,12:15:34,,,44153,12:15:53,19,00:00:19,doors opened
07/05/2025,12,4238,Saturday,Saturday,East,15659127,43200,12:00:00,43303,12:01:43,2,7216,SUNY Collins Circle (07216),0,2,11,43860.0,12:11:00,44021,12:13:41,43860.0,12:11:00,44039,12:13:59,18,00:00:18,doors opened
07/05/2025,12,4238,Saturday,Saturday,East,15659127,43200,12:00:00,43303,12:01:43,1,12827,Crossgates Commons Station (12827),7,0,13,43620.0,12:07:00,43622,12:07:02,43620.0,12:07:00,43762,12:09:22,140,00:02:20,doors opened
07/05/2025,12,4238,Saturday,Saturday,East,15659127,43200,12:00:00,43303,12:01:43,0,7175,Crossgates Mall Station (07175),4,0,6,43200.0,12:00:00,43303,12:01:43,43200.0,12:00:00,43303,12:01:43,0,00:00:00,doors opened
07/05/2025,12,4238,Saturday,Saturday,West,15659129,45600,12:40:00,45849,12:44:09,27,7175,Crossgates Mall Station (07175),0,0,0,47820.0,13:17:00,48060,13:21:00,47820.0,13:17:00,48060,13:21:00,0,00:00:00,door not opened
07/05/2025,12,4238,Saturday,Saturday,West,15659129,45600,12:40:00,45849,12:44:09,26,12828,Crossgates Commons Station (12828),4,14,0,47400.0,13:10:00,47759,13:15:59,47400.0,13:10:00,47802,13:16:42,43,00:00:43,doors opened
07/05/2025,12,4238,Saturday,Saturday,West,15659129,45600,12:40:00,45849,12:44:09,25,12891,1475 Washington Ave (12891),2,0,10,,,47511,13:11:51,,,47537,13:12:17,26,00:00:26,doors opened
07/05/2025,12,4238,Saturday,Saturday,West,15659129,45600,12:40:00,45849,12:44:09,24,7216,SUNY Collins Circle (07216),1,2,8,47040.0,13:04:00,47386,13:09:46,47040.0,13:04:00,47401,13:10:01,15,00:00:15,doors opened
07/05/2025,12,4238,Saturday,Saturday,West,15659129,45600,12:40:00,45849,12:44:09,23,3262,1383 Washington Ave (Fairfield Inn) (03262),0,1,9,,,47291,13:08:11,,,47299,13:08:19,8,00:00:08,doors opened
07/05/2025,12,4238,Saturday,Saturday,West,15659129,45600,12:40:00,45849,12:44:09,22,976,Washington Ave & Brevator St (00976),0,0,10,,,47187,13:06:27,,,47187,13:06:27,0,00:00:00,door not opened
07/05/2025,12,4238,Saturday,Saturday,West,15659129,45600,12:40:00,45849,12:44:09,21,1959,Washington Ave & Colvin Ave (01959),0,3,10,,,47148,13:05:48,,,47164,13:06:04,16,00:00:16,doors opened
07/05/2025,12,4238,Saturday,Saturday,West,15659129,45600,12:40:00,45849,12:44:09,20,3399,Washington Ave & Danker Ave (03399),0,3,13,,,47094,13:04:54,,,47117,13:05:17,23,00:00:23,doors opened
07/05/2025,12,4238,Saturday,Saturday,West,15659129,45600,12:40:00,45849,12:44:09,19,1849,Washington Ave & Homestead Ave (01849),0,0,16,,,47072,13:04:32,,,47072,13:04:32,0,00:00:00,door not opened
07/05/2025,12,4238,Saturday,Saturday,West,15659129,45600,12:40:00,45849,12:44:09,18,1846,Washington Ave & Manning Blvd (01846),1,0,16,,,46999,13:03:19,,,47051,13:04:11,52,00:00:52,doors opened
07/05/2025,12,4238,Saturday,Saturday,West,15659129,45600,12:40:00,45849,12:44:09,4,2665,State/Downtown Station - State St & Lodge St (02665),2,0,2,45840.0,12:44:00,46084,12:48:04,45840.0,12:44:00,46131,12:48:51,47,00:00:47,doors opened
07/05/2025,12,4238,Saturday,Saturday,West,15659129,45600,12:40:00,45849,12:44:09,3,3221,State Station - N. Pearl St & Ten Eyck Plaza (03221),2,2,0,,,46008,12:46:48,,,46052,12:47:32,44,00:00:44,doors opened
07/05/2025,12,4238,Saturday,Saturday,West,15659129,45600,12:40:00,45849,12:44:09,2,3233,N. Pearl St & Sheridan Ave (03233),0,0,0,,,45950,12:45:50,,,45950,12:45:50,0,00:00:00,door not opened
07/05/2025,12,4238,Saturday,Saturday,West,15659129,45600,12:40:00,45849,12:44:09,1,2168,Clinton Square Station - N. Pearl St & Clinton Ave (02168),0,0,0,,,45892,12:44:52,,,45892,12:44:52,0,00:00:00,door not opened
07/05/2025,12,4238,Saturday,Saturday,West,15659129,45600,12:40:00,45849,12:44:09,0,9018,Broadway & Orange St (09018),0,0,0,45600.0,12:40:00,45849,12:44:09,45600.0,12:40:00,45849,12:44:09,0,00:00:00,doors opened
07/05/2025,12,4238,Saturday,Saturday,West,15659129,45600,12:40:00,45849,12:44:09,17,3287,Washington Ave & N. Allen St (03287),1,2,15,46680.0,12:58:00,46948,13:02:28,46680.0,12:58:00,46967,13:02:47,19,00:00:19,doors opened
07/05/2025,12,4238,Saturday,Saturday,West,15659129,45600,12:40:00,45849,12:44:09,16,3264,Washington Ave & N. Main Ave (03264),3,0,16,,,46838,13:00:38,,,46914,13:01:54,76,00:01:16,doors opened
07/05/2025,12,4238,Saturday,Saturday,West,15659129,45600,12:40:00,45849,12:44:09,15,1839,Washington Ave & Partridge St (01839),1,0,13,,,46726,12:58:46,,,46751,12:59:11,25,00:00:25,doors opened
07/05/2025,12,4238,Saturday,Saturday,West,15659129,45600,12:40:00,45849,12:44:09,14,1841,Washington Ave & Ontario St (01841),1,1,12,46440.0,12:54:00,46663,12:57:43,46440.0,12:54:00,46695,12:58:15,32,00:00:32,doors opened
07/05/2025,12,4238,Saturday,Saturday,West,15659129,45600,12:40:00,45849,12:44:09,13,1842,Washington Ave & Quail St (01842),6,0,12,,,46551,12:55:51,,,46639,12:57:19,88,00:01:28,doors opened
07/05/2025,12,4238,Saturday,Saturday,West,15659129,45600,12:40:00,45849,12:44:09,12,1837,Washington Ave & N. Lake Ave (01837),1,0,6,,,46486,12:54:46,,,46523,12:55:23,37,00:00:37,doors opened
07/05/2025,12,4238,Saturday,Saturday,West,15659129,45600,12:40:00,45849,12:44:09,11,1843,Washington Ave & Robin St (01843),2,0,5,,,46434,12:53:54,,,46459,12:54:19,25,00:00:25,doors opened
07/05/2025,12,4238,Saturday,Saturday,West,15659129,45600,12:40:00,45849,12:44:09,10,12943,Washington Ave & Lexington Ave (12943),1,0,3,,,46382,12:53:02,,,46405,12:53:25,23,00:00:23,doors opened
07/05/2025,12,4238,Saturday,Saturday,West,15659129,45600,12:40:00,45849,12:44:09,9,12942,Washington Ave & Henry Johnson Blvd (12942),0,0,2,,,46357,12:52:37,,,46357,12:52:37,0,00:00:00,door not opened
07/05/2025,12,4238,Saturday,Saturday,West,15659129,45600,12:40:00,45849,12:44:09,8,3239,Lark/Library Station - Washington Ave & Lark St (03239),1,1,2,46080.0,12:48:00,46255,12:50:55,46080.0,12:48:00,46305,12:51:45,50,00:00:50,doors opened
07/05/2025,12,4238,Saturday,Saturday,West,15659129,45600,12:40:00,45849,12:44:09,7,3301,Washington Ave & S. Swan St (03301),0,0,2,,,46224,12:50:24,,,46224,12:50:24,0,00:00:00,door not opened
07/05/2025,12,4238,Saturday,Saturday,West,15659129,45600,12:40:00,45849,12:44:09,6,3250,Hawk/Capitol Station - Washington Ave & Hawk St (03250),0,0,2,,,46203,12:50:03,,,46203,12:50:03,0,00:00:00,door not opened
07/05/2025,12,4238,Saturday,Saturday,West,15659129,45600,12:40:00,45849,12:44:09,5,10087,State St & Eagle St (10087),0,0,2,,,46175,12:49:35,,,46175,12:49:35,0,00:00:00,door not opened
07/05/2025,12,4238,Saturday,Saturday,East,15659239,55200,15:20:00,55807,15:30:07,16,2096,Washington Ave & Lexington Ave (02096),0,1,18,,,57377,15:56:17,,,57425,15:57:05,48,00:00:48,doors opened
07/05/2025,12,4238,Saturday,Saturday,East,15659239,55200,15:20:00,55807,15:30:07,15,3253,Washington Ave & Robin St (Draper Hall) (03253),0,0,19,,,57359,15:55:59,,,57359,15:55:59,0,00:00:00,door not opened
07/05/2025,12,4238,Saturday,Saturday,East,15659239,55200,15:20:00,55807,15:30:07,14,2109,Washington Ave & N. Lake Ave (02109),0,1,19,,,57317,15:55:17,,,57331,15:55:31,14,00:00:14,doors opened
07/05/2025,12,4238,Saturday,Saturday,East,15659239,55200,15:20:00,55807,15:30:07,13,3255,Washington Ave & Quail St (03255),0,8,20,,,57233,15:53:53,,,57289,15:54:49,56,00:00:56,doors opened
07/05/2025,12,4238,Saturday,Saturday,East,15659239,55200,15:20:00,55807,15:30:07,12,3256,Washington Ave & Ontario St (03256),0,0,28,56460.0,15:41:00,57211,15:53:31,56460.0,15:41:00,57211,15:53:31,0,00:00:00,door not opened
07/05/2025,12,4238,Saturday,Saturday,East,15659239,55200,15:20:00,55807,15:30:07,11,2107,Washington Ave & Partridge St (02107),0,3,28,,,57164,15:52:44,,,57184,15:53:04,20,00:00:20,doors opened
07/05/2025,12,4238,Saturday,Saturday,East,15659239,55200,15:20:00,55807,15:30:07,10,3257,Washington Ave & N. Main Ave (03257),0,0,31,,,57109,15:51:49,,,57109,15:51:49,0,00:00:00,door not opened
07/05/2025,12,4238,Saturday,Saturday,East,15659239,55200,15:20:00,55807,15:30:07,9,1796,Washington Ave & N. Allen St (01796),1,1,31,56340.0,15:39:00,57031,15:50:31,56340.0,15:39:00,57076,15:51:16,45,00:00:45,doors opened
07/05/2025,12,4238,Saturday,Saturday,East,15659239,55200,15:20:00,55807,15:30:07,8,11581,Washington Ave & Manning Blvd (11581),1,2,31,,,56976,15:49:36,,,56998,15:49:58,22,00:00:22,doors opened
07/05/2025,12,4238,Saturday,Saturday,East,15659239,55200,15:20:00,55807,15:30:07,7,2180,Washington Ave & Homestead Ave (02180),0,0,32,,,56956,15:49:16,,,56956,15:49:16,0,00:00:00,door not opened
07/05/2025,12,4238,Saturday,Saturday,East,15659239,55200,15:20:00,55807,15:30:07,6,2182,Washington Ave & Hawthorne St (02182),0,0,32,,,56921,15:48:41,,,56921,15:48:41,0,00:00:00,door not opened
07/05/2025,12,4238,Saturday,Saturday,East,15659239,55200,15:20:00,55807,15:30:07,5,3304,Washington Ave & Clermont St (03304),0,2,32,,,56856,15:47:36,,,56889,15:48:09,33,00:00:33,doors opened
07/05/2025,12,4238,Saturday,Saturday,East,15659239,55200,15:20:00,55807,15:30:07,4,3348,Washington Ave & Brevator St (03348),0,0,34,,,56846,15:47:26,,,56846,15:47:26,0,00:00:00,door not opened
07/05/2025,12,4238,Saturday,Saturday,East,15659239,55200,15:20:00,55807,15:30:07,3,10134,Washington Ave & SUNY Exit Rd (10134),0,0,34,,,56731,15:45:31,,,56731,15:45:31,0,00:00:00,door not opened
07/05/2025,12,4238,Saturday,Saturday,East,15659239,55200,15:20:00,55807,15:30:07,2,7216,SUNY Collins Circle (07216),5,1,34,55920.0,15:32:00,56578,15:42:58,55920.0,15:32:00,56625,15:43:45,47,00:00:47,doors opened
07/05/2025,12,4238,Saturday,Saturday,East,15659239,55200,15:20:00,55807,15:30:07,1,12827,Crossgates Commons Station (12827),13,4,30,55620.0,15:27:00,56151,15:35:51,55620.0,15:27:00,56354,15:39:14,203,00:03:23,doors opened
07/05/2025,12,4238,Saturday,Saturday,East,15659239,55200,15:20:00,55807,15:30:07,0,7175,Crossgates Mall Station (07175),21,0,21,55200.0,15:20:00,55807,15:30:07,55200.0,15:20:00,55807,15:30:07,0,00:00:00,doors opened
07/05/2025,12,4238,Saturday,Saturday,East,15659239,55200,15:20:00,55807,15:30:07,24,3940,Broadway & Steuben St (03940),0,0,0,57360.0,15:56:00,57914,16:05:14,57360.0,15:56:00,57914,16:05:14,0,00:00:00,door not opened
07/05/2025,12,4238,Saturday,Saturday,East,15659239,55200,15:20:00,55807,15:30:07,23,2509,State/Downtown Station - State St & S. Pearl St (02509),0,10,0,57120.0,15:52:00,57760,16:02:40,57120.0,15:52:00,57800,16:03:20,40,00:00:40,doors opened
07/05/2025,12,4238,Saturday,Saturday,East,15659239,55200,15:20:00,55807,15:30:07,22,1787,State St & Eagle St (01787),0,0,10,,,57745,16:02:25,,,57745,16:02:25,0,00:00:00,door not opened
07/05/2025,12,4238,Saturday,Saturday,East,15659239,55200,15:20:00,55807,15:30:07,21,2706,Hawk/Capitol Station - Washington Ave & Hawk St (02706),0,0,10,,,57673,16:01:13,,,57673,16:01:13,0,00:00:00,door not opened
07/05/2025,12,4238,Saturday,Saturday,East,15659239,55200,15:20:00,55807,15:30:07,20,1789,Washington Ave & S. Swan St (01789),0,0,10,,,57651,16:00:51,,,57651,16:00:51,0,00:00:00,door not opened
07/05/2025,12,4238,Saturday,Saturday,East,15659239,55200,15:20:00,55807,15:30:07,19,1788,Washington Ave & Dove St (01788),0,2,10,,,57608,16:00:08,,,57624,16:00:24,16,00:00:16,doors opened
07/05/2025,12,4238,Saturday,Saturday,East,15659239,55200,15:20:00,55807,15:30:07,18,2663,Lark/Library Station - Washington Ave & Lark St (02663),1,5,12,56820.0,15:47:00,57505,15:58:25,56820.0,15:47:00,57579,15:59:39,74,00:01:14,doors opened
07/05/2025,12,4238,Saturday,Saturday,East,15659239,55200,15:20:00,55807,15:30:07,17,263,Washington Ave & Henry Johnson Blvd (00263),0,2,16,,,57456,15:57:36,,,57475,15:57:55,19,00:00:19,doors opened
07/05/2025,12,4238,Saturday,Saturday,West,15659241,57600,16:00:00,57966,16:06:06,27,7175,Crossgates Mall Station (07175),0,0,0,59820.0,16:37:00,60104,16:41:44,59820.0,16:37:00,60104,16:41:44,0,00:00:00,door not opened
07/05/2025,12,4238,Saturday,Saturday,West,15659241,57600,16:00:00,57966,16:06:06,26,12828,Crossgates Commons Station (12828),3,13,0,59400.0,16:30:00,59811,16:36:51,59400.0,16:30:00,59868,16:37:48,57,00:00:57,doors opened
07/05/2025,12,4238,Saturday,Saturday,West,15659241,57600,16:00:00,57966,16:06:06,25,12891,1475 Washington Ave (12891),1,0,10,,,59621,16:33:41,,,59641,16:34:01,20,00:00:20,doors opened
07/05/2025,12,4238,Saturday,Saturday,West,15659241,57600,16:00:00,57966,16:06:06,24,7216,SUNY Collins Circle (07216),1,1,9,59040.0,16:24:00,59486,16:31:26,59040.0,16:24:00,59530,16:32:10,44,00:00:44,doors opened
07/05/2025,12,4238,Saturday,Saturday,West,15659241,57600,16:00:00,57966,16:06:06,23,3262,1383 Washington Ave (Fairfield Inn) (03262),1,0,9,,,59379,16:29:39,,,59403,16:30:03,24,00:00:24,doors opened
07/05/2025,12,4238,Saturday,Saturday,West,15659241,57600,16:00:00,57966,16:06:06,22,976,Washington Ave & Brevator St (00976),0,3,8,,,59259,16:27:39,,,59274,16:27:54,15,00:00:15,doors opened
07/05/2025,12,4238,Saturday,Saturday,West,15659241,57600,16:00:00,57966,16:06:06,21,1959,Washington Ave & Colvin Ave (01959),0,1,11,,,59200,16:26:40,,,59237,16:27:17,37,00:00:37,doors opened
07/05/2025,12,4238,Saturday,Saturday,West,15659241,57600,16:00:00,57966,16:06:06,20,3399,Washington Ave & Danker Ave (03399),1,0,12,,,59155,16:25:55,,,59174,16:26:14,19,00:00:19,doors opened
07/05/2025,12,4238,Saturday,Saturday,West,15659241,57600,16:00:00,57966,16:06:06,19,1849,Washington Ave & Homestead Ave (01849),0,1,11,,,59117,16:25:17,,,59130,16:25:30,13,00:00:13,doors opened
07/05/2025,12,4238,Saturday,Saturday,West,15659241,57600,16:00:00,57966,16:06:06,18,1846,Washington Ave & Manning Blvd (01846),2,0,12,,,59046,16:24:06,,,59093,16:24:53,47,00:00:47,doors opened
07/05/2025,12,4238,Saturday,Saturday,West,15659241,57600,16:00:00,57966,16:06:06,17,3287,Washington Ave & N. Allen St (03287),1,1,10,58680.0,16:18:00,58998,16:23:18,58680.0,16:18:00,59016,16:23:36,18,00:00:18,doors opened
07/05/2025,12,4238,Saturday,Saturday,West,15659241,57600,16:00:00,57966,16:06:06,16,3264,Washington Ave & N. Main Ave (03264),2,0,10,,,58929,16:22:09,,,58962,16:22:42,33,00:00:33,doors opened
07/05/2025,12,4238,Saturday,Saturday,West,15659241,57600,16:00:00,57966,16:06:06,15,1839,Washington Ave & Partridge St (01839),1,0,8,,,58812,16:20:12,,,58837,16:20:37,25,00:00:25,doors opened
07/05/2025,12,4238,Saturday,Saturday,West,15659241,57600,16:00:00,57966,16:06:06,14,1841,Washington Ave & Ontario St (01841),2,0,7,58440.0,16:14:00,58759,16:19:19,58440.0,16:14:00,58790,16:19:50,31,00:00:31,doors opened
07/05/2025,12,4238,Saturday,Saturday,West,15659241,57600,16:00:00,57966,16:06:06,13,1842,Washington Ave & Quail St (01842),2,0,5,,,58665,16:17:45,,,58735,16:18:55,70,00:01:10,doors opened
07/05/2025,12,4238,Saturday,Saturday,West,15659241,57600,16:00:00,57966,16:06:06,12,1837,Washington Ave & N. Lake Ave (01837),0,0,3,,,58640,16:17:20,,,58640,16:17:20,0,00:00:00,door not opened
07/05/2025,12,4238,Saturday,Saturday,West,15659241,57600,16:00:00,57966,16:06:06,11,1843,Washington Ave & Robin St (01843),1,0,3,,,58548,16:15:48,,,58587,16:16:27,39,00:00:39,doors opened
07/05/2025,12,4238,Saturday,Saturday,West,15659241,57600,16:00:00,57966,16:06:06,10,12943,Washington Ave & Lexington Ave (12943),0,0,2,,,58524,16:15:24,,,58524,16:15:24,0,00:00:00,door not opened
07/05/2025,12,4238,Saturday,Saturday,West,15659241,57600,16:00:00,57966,16:06:06,9,12942,Washington Ave & Henry Johnson Blvd (12942),1,0,2,,,58476,16:14:36,,,58494,16:14:54,18,00:00:18,doors opened
07/05/2025,12,4238,Saturday,Saturday,West,15659241,57600,16:00:00,57966,16:06:06,8,3239,Lark/Library Station - Washington Ave & Lark St (03239),1,3,1,58080.0,16:08:00,58382,16:13:02,58080.0,16:08:00,58421,16:13:41,39,00:00:39,doors opened
07/05/2025,12,4238,Saturday,Saturday,West,15659241,57600,16:00:00,57966,16:06:06,7,3301,Washington Ave & S. Swan St (03301),1,0,3,,,58286,16:11:26,,,58347,16:12:27,61,00:01:01,doors opened
07/05/2025,12,4238,Saturday,Saturday,West,15659241,57600,16:00:00,57966,16:06:06,6,3250,Hawk/Capitol Station - Washington Ave & Hawk St (03250),0,0,2,,,58266,16:11:06,,,58266,16:11:06,0,00:00:00,door not opened
07/05/2025,12,4238,Saturday,Saturday,West,15659241,57600,16:00:00,57966,16:06:06,5,10087,State St & Eagle St (10087),0,0,2,,,58243,16:10:43,,,58243,16:10:43,0,00:00:00,door not opened
07/05/2025,12,4238,Saturday,Saturday,West,15659241,57600,16:00:00,57966,16:06:06,4,2665,State/Downtown Station - State St & Lodge St (02665),1,0,2,57840.0,16:04:00,58126,16:08:46,57840.0,16:04:00,58205,16:10:05,79,00:01:19,doors opened
07/05/2025,12,4238,Saturday,Saturday,West,15659241,57600,16:00:00,57966,16:06:06,3,3221,State Station - N. Pearl St & Ten Eyck Plaza (03221),1,0,1,,,58066,16:07:46,,,58099,16:08:19,33,00:00:33,doors opened
07/05/2025,12,4238,Saturday,Saturday,West,15659241,57600,16:00:00,57966,16:06:06,2,3233,N. Pearl St & Sheridan Ave (03233),0,0,0,,,58029,16:07:09,,,58029,16:07:09,0,00:00:00,door not opened
07/05/2025,12,4238,Saturday,Saturday,West,15659241,57600,16:00:00,57966,16:06:06,1,2168,Clinton Square Station - N. Pearl St & Clinton Ave (02168),0,0,0,,,58018,16:06:58,,,58018,16:06:58,0,00:00:00,door not opened
07/05/2025,12,4238,Saturday,Saturday,West,15659241,57600,16:00:00,57966,16:06:06,0,9018,Broadway & Orange St (09018),0,0,0,57600.0,16:00:00,57966,16:06:06,57600.0,16:00:00,57966,16:06:06,0,00:00:00,door not opened
07/05/2025,12,4238,Saturday,Saturday,East,15659246,67200,18:40:00,67368,18:42:48,24,3940,Broadway & Steuben St (03940),0,1,0,69360.0,19:16:00,69227,19:13:47,69360.0,19:16:00,69227,19:13:47,0,00:00:00,doors opened
07/05/2025,12,4238,Saturday,Saturday,East,15659246,67200,18:40:00,67368,18:42:48,23,2509,State/Downtown Station - State St & S. Pearl St (02509),0,0,1,69120.0,19:12:00,69173,19:12:53,69120.0,19:12:00,69173,19:12:53,0,00:00:00,door not opened
07/05/2025,12,4238,Saturday,Saturday,East,15659246,67200,18:40:00,67368,18:42:48,22,1787,State St & Eagle St (01787),0,0,1,,,69096,19:11:36,,,69096,19:11:36,0,00:00:00,door not opened
07/05/2025,12,4238,Saturday,Saturday,East,15659246,67200,18:40:00,67368,18:42:48,14,2109,Washington Ave & N. Lake Ave (02109),0,2,6,,,68686,19:04:46,,,68710,19:05:10,24,00:00:24,doors opened
07/05/2025,12,4238,Saturday,Saturday,East,15659246,67200,18:40:00,67368,18:42:48,13,3255,Washington Ave & Quail St (03255),0,0,8,,,68661,19:04:21,,,68661,19:04:21,0,00:00:00,door not opened
07/05/2025,12,4238,Saturday,Saturday,East,15659246,67200,18:40:00,67368,18:42:48,12,3256,Washington Ave & Ontario St (03256),0,6,8,68460.0,19:01:00,68586,19:03:06,68460.0,19:01:00,68612,19:03:32,26,00:00:26,doors opened
07/05/2025,12,4238,Saturday,Saturday,East,15659246,67200,18:40:00,67368,18:42:48,11,2107,Washington Ave & Partridge St (02107),0,0,14,,,68563,19:02:43,,,68563,19:02:43,0,00:00:00,door not opened
07/05/2025,12,4238,Saturday,Saturday,East,15659246,67200,18:40:00,67368,18:42:48,10,3257,Washington Ave & N. Main Ave (03257),0,3,14,,,68476,19:01:16,,,68504,19:01:44,28,00:00:28,doors opened
07/05/2025,12,4238,Saturday,Saturday,East,15659246,67200,18:40:00,67368,18:42:48,9,1796,Washington Ave & N. Allen St (01796),0,1,17,68340.0,18:59:00,68429,19:00:29,68340.0,18:59:00,68444,19:00:44,15,00:00:15,doors opened
07/05/2025,12,4238,Saturday,Saturday,East,15659246,67200,18:40:00,67368,18:42:48,8,11581,Washington Ave & Manning Blvd (11581),0,0,18,,,68397,18:59:57,,,68397,18:59:57,0,00:00:00,door not opened
07/05/2025,12,4238,Saturday,Saturday,East,15659246,67200,18:40:00,67368,18:42:48,7,2180,Washington Ave & Homestead Ave (02180),0,1,18,,,68357,18:59:17,,,68372,18:59:32,15,00:00:15,doors opened
07/05/2025,12,4238,Saturday,Saturday,East,15659246,67200,18:40:00,67368,18:42:48,6,2182,Washington Ave & Hawthorne St (02182),0,0,19,,,68333,18:58:53,,,68333,18:58:53,0,00:00:00,door not opened
07/05/2025,12,4238,Saturday,Saturday,East,15659246,67200,18:40:00,67368,18:42:48,5,3304,Washington Ave & Clermont St (03304),0,0,19,,,68312,18:58:32,,,68312,18:58:32,0,00:00:00,door not opened
07/05/2025,12,4238,Saturday,Saturday,East,15659246,67200,18:40:00,67368,18:42:48,4,3348,Washington Ave & Brevator St (03348),3,0,19,,,68261,18:57:41,,,68291,18:58:11,30,00:00:30,doors opened
07/05/2025,12,4238,Saturday,Saturday,East,15659246,67200,18:40:00,67368,18:42:48,3,10134,Washington Ave & SUNY Exit Rd (10134),0,1,16,,,68137,18:55:37,,,68149,18:55:49,12,00:00:12,doors opened
07/05/2025,12,4238,Saturday,Saturday,East,15659246,67200,18:40:00,67368,18:42:48,2,7216,SUNY Collins Circle (07216),0,4,17,67920.0,18:52:00,68024,18:53:44,67920.0,18:52:00,68038,18:53:58,14,00:00:14,doors opened
07/05/2025,12,4238,Saturday,Saturday,East,15659246,67200,18:40:00,67368,18:42:48,1,12827,Crossgates Commons Station (12827),11,0,21,67620.0,18:47:00,67698,18:48:18,67620.0,18:47:00,67782,18:49:42,84,00:01:24,doors opened
07/05/2025,12,4238,Saturday,Saturday,East,15659246,67200,18:40:00,67368,18:42:48,0,7175,Crossgates Mall Station (07175),10,0,10,67200.0,18:40:00,67368,18:42:48,67200.0,18:40:00,67368,18:42:48,0,00:00:00,doors opened
07/05/2025,12,4238,Saturday,Saturday,East,15659246,67200,18:40:00,67368,18:42:48,21,2706,Hawk/Capitol Station - Washington Ave & Hawk St (02706),0,0,1,,,69056,19:10:56,,,69056,19:10:56,0,00:00:00,door not opened
07/05/2025,12,4238,Saturday,Saturday,East,15659246,67200,18:40:00,67368,18:42:48,20,1789,Washington Ave & S. Swan St (01789),0,0,1,,,69037,19:10:37,,,69037,19:10:37,0,00:00:00,door not opened
07/05/2025,12,4238,Saturday,Saturday,East,15659246,67200,18:40:00,67368,18:42:48,19,1788,Washington Ave & Dove St (01788),0,3,1,,,68963,19:09:23,,,68983,19:09:43,20,00:00:20,doors opened
07/05/2025,12,4238,Saturday,Saturday,East,15659246,67200,18:40:00,67368,18:42:48,18,2663,Lark/Library Station - Washington Ave & Lark St (02663),0,0,4,68820.0,19:07:00,68943,19:09:03,68820.0,19:07:00,68943,19:09:03,0,00:00:00,door not opened
07/05/2025,12,4238,Saturday,Saturday,East,15659246,67200,18:40:00,67368,18:42:48,17,263,Washington Ave & Henry Johnson Blvd (00263),0,0,4,,,68862,19:07:42,,,68862,19:07:42,0,00:00:00,door not opened
07/05/2025,12,4238,Saturday,Saturday,East,15659246,67200,18:40:00,67368,18:42:48,16,2096,Washington Ave & Lexington Ave (02096),0,2,4,,,68760,19:06:00,,,68813,19:06:53,53,00:00:53,doors opened
07/05/2025,12,4238,Saturday,Saturday,East,15659246,67200,18:40:00,67368,18:42:48,15,3253,Washington Ave & Robin St (Draper Hall) (03253),0,0,6,,,68741,19:05:41,,,68741,19:05:41,0,00:00:00,door not opened
07/05/2025,12,4238,Saturday,Saturday,West,15659248,69600,19:20:00,69820,19:23:40,20,3399,Washington Ave & Danker Ave (03399),0,0,12,,,71045,19:44:05,,,71045,19:44:05,0,00:00:00,door not opened
07/05/2025,12,4238,Saturday,Saturday,West,15659248,69600,19:20:00,69820,19:23:40,19,1849,Washington Ave & Homestead Ave (01849),0,1,12,,,71008,19:43:28,,,71022,19:43:42,14,00:00:14,doors opened
07/05/2025,12,4238,Saturday,Saturday,West,15659248,69600,19:20:00,69820,19:23:40,18,1846,Washington Ave & Manning Blvd (01846),1,0,13,,,70898,19:41:38,,,70969,19:42:49,71,00:01:11,doors opened
07/05/2025,12,4238,Saturday,Saturday,West,15659248,69600,19:20:00,69820,19:23:40,17,3287,Washington Ave & N. Allen St (03287),0,0,12,70620.0,19:37:00,70848,19:40:48,70620.0,19:37:00,70848,19:40:48,0,00:00:00,door not opened
07/05/2025,12,4238,Saturday,Saturday,West,15659248,69600,19:20:00,69820,19:23:40,16,3264,Washington Ave & N. Main Ave (03264),0,0,12,,,70799,19:39:59,,,70799,19:39:59,0,00:00:00,door not opened
07/05/2025,12,4238,Saturday,Saturday,West,15659248,69600,19:20:00,69820,19:23:40,15,1839,Washington Ave & Partridge St (01839),0,0,12,,,70725,19:38:45,,,70725,19:38:45,0,00:00:00,door not opened
07/05/2025,12,4238,Saturday,Saturday,West,15659248,69600,19:20:00,69820,19:23:40,14,1841,Washington Ave & Ontario St (01841),2,0,12,70440.0,19:34:00,70665,19:37:45,70440.0,19:34:00,70701,19:38:21,36,00:00:36,doors opened
07/05/2025,12,4238,Saturday,Saturday,West,15659248,69600,19:20:00,69820,19:23:40,13,1842,Washington Ave & Quail St (01842),2,0,10,,,70594,19:36:34,,,70639,19:37:19,45,00:00:45,doors opened
07/05/2025,12,4238,Saturday,Saturday,West,15659248,69600,19:20:00,69820,19:23:40,12,1837,Washington Ave & N. Lake Ave (01837),3,0,8,,,70525,19:35:25,,,70564,19:36:04,39,00:00:39,doors opened
07/05/2025,12,4238,Saturday,Saturday,West,15659248,69600,19:20:00,69820,19:23:40,11,1843,Washington Ave & Robin St (01843),0,0,5,,,70503,19:35:03,,,70503,19:35:03,0,00:00:00,door not opened
07/05/2025,12,4238,Saturday,Saturday,West,15659248,69600,19:20:00,69820,19:23:40,10,12943,Washington Ave & Lexington Ave (12943),0,0,5,,,70480,19:34:40,,,70480,19:34:40,0,00:00:00,door not opened
07/05/2025,12,4238,Saturday,Saturday,West,15659248,69600,19:20:00,69820,19:23:40,9,12942,Washington Ave & Henry Johnson Blvd (12942),1,1,5,,,70393,19:33:13,,,70452,19:34:12,59,00:00:59,doors opened
07/05/2025,12,4238,Saturday,Saturday,West,15659248,69600,19:20:00,69820,19:23:40,8,3239,Lark/Library Station - Washington Ave & Lark St (03239),0,0,5,70080.0,19:28:00,70353,19:32:33,70080.0,19:28:00,70353,19:32:33,0,00:00:00,door not opened
07/05/2025,12,4238,Saturday,Saturday,West,15659248,69600,19:20:00,69820,19:23:40,7,3301,Washington Ave & S. Swan St (03301),0,0,5,,,70295,19:31:35,,,70295,19:31:35,0,00:00:00,door not opened
07/05/2025,12,4238,Saturday,Saturday,West,15659248,69600,19:20:00,69820,19:23:40,6,3250,Hawk/Capitol Station - Washington Ave & Hawk St (03250),0,0,5,,,70246,19:30:46,,,70246,19:30:46,0,00:00:00,door not opened
07/05/2025,12,4238,Saturday,Saturday,West,15659248,69600,19:20:00,69820,19:23:40,5,10087,State St & Eagle St (10087),0,0,5,,,70223,19:30:23,,,70223,19:30:23,0,00:00:00,door not opened
07/05/2025,12,4238,Saturday,Saturday,West,15659248,69600,19:20:00,69820,19:23:40,4,2665,State/Downtown Station - State St & Lodge St (02665),2,0,5,69840.0,19:24:00,70107,19:28:27,69840.0,19:24:00,70135,19:28:55,28,00:00:28,doors opened
07/05/2025,12,4238,Saturday,Saturday,West,15659248,69600,19:20:00,69820,19:23:40,3,3221,State Station - N. Pearl St & Ten Eyck Plaza (03221),2,0,3,,,69983,19:26:23,,,70071,19:27:51,88,00:01:28,doors opened
07/05/2025,12,4238,Saturday,Saturday,West,15659248,69600,19:20:00,69820,19:23:40,2,3233,N. Pearl St & Sheridan Ave (03233),0,0,1,,,69902,19:25:02,,,69902,19:25:02,0,00:00:00,door not opened
07/05/2025,12,4238,Saturday,Saturday,West,15659248,69600,19:20:00,69820,19:23:40,1,2168,Clinton Square Station - N. Pearl St & Clinton Ave (02168),0,0,1,,,69864,19:24:24,,,69864,19:24:24,0,00:00:00,door not opened
07/05/2025,12,4238,Saturday,Saturday,West,15659248,69600,19:20:00,69820,19:23:40,0,9018,Broadway & Orange St (09018),1,0,1,69600.0,19:20:00,69820,19:23:40,69600.0,19:20:00,69820,19:23:40,0,00:00:00,doors opened
07/05/2025,12,4238,Saturday,Saturday,West,15659248,69600,19:20:00,69820,19:23:40,27,7175,Crossgates Mall Station (07175),0,7,0,71760.0,19:56:00,71865,19:57:45,71760.0,19:56:00,71865,19:57:45,0,00:00:00,doors opened
07/05/2025,12,4238,Saturday,Saturday,West,15659248,69600,19:20:00,69820,19:23:40,26,12828,Crossgates Commons Station (12828),0,6,7,71340.0,19:49:00,71612,19:53:32,71340.0,19:49:00,71647,19:54:07,35,00:00:35,doors opened
07/05/2025,12,4238,Saturday,Saturday,West,15659248,69600,19:20:00,69820,19:23:40,25,12891,1475 Washington Ave (12891),2,0,13,,,71423,19:50:23,,,71447,19:50:47,24,00:00:24,doors opened
07/05/2025,12,4238,Saturday,Saturday,West,15659248,69600,19:20:00,69820,19:23:40,24,7216,SUNY Collins Circle (07216),1,0,11,70980.0,19:43:00,71305,19:48:25,70980.0,19:43:00,71330,19:48:50,25,00:00:25,doors opened
07/05/2025,12,4238,Saturday,Saturday,West,15659248,69600,19:20:00,69820,19:23:40,23,3262,1383 Washington Ave (Fairfield Inn) (03262),0,2,10,,,71207,19:46:47,,,71219,19:46:59,12,00:00:12,doors opened
07/05/2025,12,4238,Saturday,Saturday,West,15659248,69600,19:20:00,69820,19:23:40,22,976,Washington Ave & Brevator St (00976),0,0,12,,,71102,19:45:02,,,71102,19:45:02,0,00:00:00,door not opened
07/05/2025,12,4238,Saturday,Saturday,West,15659248,69600,19:20:00,69820,19:23:40,21,1959,Washington Ave & Colvin Ave (01959),0,0,12,,,71082,19:44:42,,,71082,19:44:42,0,00:00:00,door not opened
07/05/2025,12,4239,Saturday,Saturday,East,15659273,58800,16:20:00,58891,16:21:31,11,2107,Washington Ave & Partridge St (02107),0,3,6,,,60108,16:41:48,,,60124,16:42:04,16,00:00:16,doors opened
07/05/2025,12,4239,Saturday,Saturday,East,15659273,58800,16:20:00,58891,16:21:31,10,3257,Washington Ave & N. Main Ave (03257),0,1,9,,,60013,16:40:13,,,60043,16:40:43,30,00:00:30,doors opened
07/05/2025,12,4239,Saturday,Saturday,East,15659273,58800,16:20:00,58891,16:21:31,9,1796,Washington Ave & N. Allen St (01796),0,2,10,59940.0,16:39:00,59963,16:39:23,59940.0,16:39:00,59981,16:39:41,18,00:00:18,doors opened
07/05/2025,12,4239,Saturday,Saturday,East,15659273,58800,16:20:00,58891,16:21:31,8,11581,Washington Ave & Manning Blvd (11581),0,0,12,,,59936,16:38:56,,,59936,16:38:56,0,00:00:00,door not opened
07/05/2025,12,4239,Saturday,Saturday,East,15659273,58800,16:20:00,58891,16:21:31,7,2180,Washington Ave & Homestead Ave (02180),0,0,12,,,59903,16:38:23,,,59903,16:38:23,0,00:00:00,door not opened
07/05/2025,12,4239,Saturday,Saturday,East,15659273,58800,16:20:00,58891,16:21:31,6,2182,Washington Ave & Hawthorne St (02182),0,0,12,,,59853,16:37:33,,,59853,16:37:33,0,00:00:00,door not opened
07/05/2025,12,4239,Saturday,Saturday,East,15659273,58800,16:20:00,58891,16:21:31,5,3304,Washington Ave & Clermont St (03304),0,0,12,,,59828,16:37:08,,,59828,16:37:08,0,00:00:00,door not opened
07/05/2025,12,4239,Saturday,Saturday,East,15659273,58800,16:20:00,58891,16:21:31,4,3348,Washington Ave & Brevator St (03348),0,4,12,,,59791,16:36:31,,,59809,16:36:49,18,00:00:18,doors opened
07/05/2025,12,4239,Saturday,Saturday,East,15659273,58800,16:20:00,58891,16:21:31,3,10134,Washington Ave & SUNY Exit Rd (10134),1,0,16,,,59651,16:34:11,,,59670,16:34:30,19,00:00:19,doors opened
07/05/2025,12,4239,Saturday,Saturday,East,15659273,58800,16:20:00,58891,16:21:31,2,7216,SUNY Collins Circle (07216),1,1,15,59520.0,16:32:00,59521,16:32:01,59520.0,16:32:00,59556,16:32:36,35,00:00:35,doors opened
07/05/2025,12,4239,Saturday,Saturday,East,15659273,58800,16:20:00,58891,16:21:31,1,12827,Crossgates Commons Station (12827),7,0,15,59220.0,16:27:00,59200,16:26:40,59220.0,16:27:00,59295,16:28:15,95,00:01:35,doors opened
07/05/2025,12,4239,Saturday,Saturday,East,15659273,58800,16:20:00,58891,16:21:31,0,7175,Crossgates Mall Station (07175),8,0,8,58800.0,16:20:00,58891,16:21:31,58800.0,16:20:00,58891,16:21:31,0,00:00:00,doors opened
07/05/2025,12,4239,Saturday,Saturday,East,15659273,58800,16:20:00,58891,16:21:31,24,3940,Broadway & Steuben St (03940),0,0,0,60960.0,16:56:00,60881,16:54:41,60960.0,16:56:00,60881,16:54:41,0,00:00:00,door not opened
07/05/2025,12,4239,Saturday,Saturday,East,15659273,58800,16:20:00,58891,16:21:31,23,2509,State/Downtown Station - State St & S. Pearl St (02509),0,2,0,60720.0,16:52:00,60750,16:52:30,60720.0,16:52:00,60820,16:53:40,70,00:01:10,doors opened
07/05/2025,12,4239,Saturday,Saturday,East,15659273,58800,16:20:00,58891,16:21:31,22,1787,State St & Eagle St (01787),0,0,2,,,60732,16:52:12,,,60732,16:52:12,0,00:00:00,door not opened
07/05/2025,12,4239,Saturday,Saturday,East,15659273,58800,16:20:00,58891,16:21:31,21,2706,Hawk/Capitol Station - Washington Ave & Hawk St (02706),1,0,2,,,60639,16:50:39,,,60649,16:50:49,10,00:00:10,doors opened
07/05/2025,12,4239,Saturday,Saturday,East,15659273,58800,16:20:00,58891,16:21:31,20,1789,Washington Ave & S. Swan St (01789),0,0,1,,,60614,16:50:14,,,60614,16:50:14,0,00:00:00,door not opened
07/05/2025,12,4239,Saturday,Saturday,East,15659273,58800,16:20:00,58891,16:21:31,19,1788,Washington Ave & Dove St (01788),0,0,1,,,60589,16:49:49,,,60589,16:49:49,0,00:00:00,door not opened
07/05/2025,12,4239,Saturday,Saturday,East,15659273,58800,16:20:00,58891,16:21:31,18,2663,Lark/Library Station - Washington Ave & Lark St (02663),0,3,1,60420.0,16:47:00,60507,16:48:27,60420.0,16:47:00,60563,16:49:23,56,00:00:56,doors opened
07/05/2025,12,4239,Saturday,Saturday,East,15659273,58800,16:20:00,58891,16:21:31,17,263,Washington Ave & Henry Johnson Blvd (00263),0,0,4,,,60482,16:48:02,,,60482,16:48:02,0,00:00:00,door not opened
07/05/2025,12,4239,Saturday,Saturday,East,15659273,58800,16:20:00,58891,16:21:31,16,2096,Washington Ave & Lexington Ave (02096),0,1,4,,,60336,16:45:36,,,60428,16:47:08,92,00:01:32,doors opened
07/05/2025,12,4239,Saturday,Saturday,East,15659273,58800,16:20:00,58891,16:21:31,15,3253,Washington Ave & Robin St (Draper Hall) (03253),0,0,5,,,60289,16:44:49,,,60316,16:45:16,27,00:00:27,doors opened
07/05/2025,12,4239,Saturday,Saturday,East,15659273,58800,16:20:00,58891,16:21:31,14,2109,Washington Ave & N. Lake Ave (02109),1,2,5,,,60210,16:43:30,,,60264,16:44:24,54,00:00:54,doors opened
07/05/2025,12,4239,Saturday,Saturday,East,15659273,58800,16:20:00,58891,16:21:31,13,3255,Washington Ave & Quail St (03255),0,0,6,,,60187,16:43:07,,,60187,16:43:07,0,00:00:00,door not opened
07/05/2025,12,4239,Saturday,Saturday,East,15659273,58800,16:20:00,58891,16:21:31,12,3256,Washington Ave & Ontario St (03256),0,0,6,60060.0,16:41:00,60163,16:42:43,60060.0,16:41:00,60163,16:42:43,0,00:00:00,door not opened
07/05/2025,12,4239,Saturday,Saturday,West,15659275,61200,17:00:00,61551,17:05:51,27,7175,Crossgates Mall Station (07175),0,12,3,63420.0,17:37:00,63691,17:41:31,63420.0,17:37:00,63691,17:41:31,0,00:00:00,doors opened
07/05/2025,12,4239,Saturday,Saturday,West,15659275,61200,17:00:00,61551,17:05:51,26,12828,Crossgates Commons Station (12828),2,2,15,63000.0,17:30:00,63406,17:36:46,63000.0,17:30:00,63430,17:37:10,24,00:00:24,doors opened
07/05/2025,12,4239,Saturday,Saturday,West,15659275,61200,17:00:00,61551,17:05:51,25,12891,1475 Washington Ave (12891),1,0,15,,,63157,17:32:37,,,63169,17:32:49,12,00:00:12,doors opened
07/05/2025,12,4239,Saturday,Saturday,West,15659275,61200,17:00:00,61551,17:05:51,24,7216,SUNY Collins Circle (07216),3,0,14,62640.0,17:24:00,63045,17:30:45,62640.0,17:24:00,63069,17:31:09,24,00:00:24,doors opened
07/05/2025,12,4239,Saturday,Saturday,West,15659275,61200,17:00:00,61551,17:05:51,23,3262,1383 Washington Ave (Fairfield Inn) (03262),1,0,11,,,62921,17:28:41,,,62937,17:28:57,16,00:00:16,doors opened
07/05/2025,12,4239,Saturday,Saturday,West,15659275,61200,17:00:00,61551,17:05:51,22,976,Washington Ave & Brevator St (00976),0,0,10,,,62789,17:26:29,,,62789,17:26:29,0,00:00:00,door not opened
07/05/2025,12,4239,Saturday,Saturday,West,15659275,61200,17:00:00,61551,17:05:51,21,1959,Washington Ave & Colvin Ave (01959),0,0,10,,,62769,17:26:09,,,62769,17:26:09,0,00:00:00,door not opened
07/05/2025,12,4239,Saturday,Saturday,West,15659275,61200,17:00:00,61551,17:05:51,20,3399,Washington Ave & Danker Ave (03399),0,0,10,,,62738,17:25:38,,,62738,17:25:38,0,00:00:00,door not opened
07/05/2025,12,4239,Saturday,Saturday,West,15659275,61200,17:00:00,61551,17:05:51,19,1849,Washington Ave & Homestead Ave (01849),0,0,10,,,62717,17:25:17,,,62717,17:25:17,0,00:00:00,door not opened
07/05/2025,12,4239,Saturday,Saturday,West,15659275,61200,17:00:00,61551,17:05:51,18,1846,Washington Ave & Manning Blvd (01846),0,1,10,,,62680,17:24:40,,,62695,17:24:55,15,00:00:15,doors opened
07/05/2025,12,4239,Saturday,Saturday,West,15659275,61200,17:00:00,61551,17:05:51,17,3287,Washington Ave & N. Allen St (03287),2,0,11,62280.0,17:18:00,62600,17:23:20,62280.0,17:18:00,62632,17:23:52,32,00:00:32,doors opened
07/05/2025,12,4239,Saturday,Saturday,West,15659275,61200,17:00:00,61551,17:05:51,16,3264,Washington Ave & N. Main Ave (03264),0,0,9,,,62568,17:22:48,,,62568,17:22:48,0,00:00:00,door not opened
07/05/2025,12,4239,Saturday,Saturday,West,15659275,61200,17:00:00,61551,17:05:51,15,1839,Washington Ave & Partridge St (01839),0,1,9,,,62460,17:21:00,,,62493,17:21:33,33,00:00:33,doors opened
07/05/2025,12,4239,Saturday,Saturday,West,15659275,61200,17:00:00,61551,17:05:51,14,1841,Washington Ave & Ontario St (01841),0,0,10,62040.0,17:14:00,62438,17:20:38,62040.0,17:14:00,62438,17:20:38,0,00:00:00,door not opened
07/05/2025,12,4239,Saturday,Saturday,West,15659275,61200,17:00:00,61551,17:05:51,13,1842,Washington Ave & Quail St (01842),1,0,10,,,62386,17:19:46,,,62404,17:20:04,18,00:00:18,doors opened
07/05/2025,12,4239,Saturday,Saturday,West,15659275,61200,17:00:00,61551,17:05:51,12,1837,Washington Ave & N. Lake Ave (01837),0,1,9,,,62333,17:18:53,,,62358,17:19:18,25,00:00:25,doors opened
07/05/2025,12,4239,Saturday,Saturday,West,15659275,61200,17:00:00,61551,17:05:51,11,1843,Washington Ave & Robin St (01843),0,0,10,,,62309,17:18:29,,,62309,17:18:29,0,00:00:00,door not opened
07/05/2025,12,4239,Saturday,Saturday,West,15659275,61200,17:00:00,61551,17:05:51,10,12943,Washington Ave & Lexington Ave (12943),1,1,10,,,62253,17:17:33,,,62284,17:18:04,31,00:00:31,doors opened
07/05/2025,12,4239,Saturday,Saturday,West,15659275,61200,17:00:00,61551,17:05:51,9,12942,Washington Ave & Henry Johnson Blvd (12942),1,0,10,,,62206,17:16:46,,,62224,17:17:04,18,00:00:18,doors opened
07/05/2025,12,4239,Saturday,Saturday,West,15659275,61200,17:00:00,61551,17:05:51,8,3239,Lark/Library Station - Washington Ave & Lark St (03239),5,2,9,61680.0,17:08:00,62045,17:14:05,61680.0,17:08:00,62161,17:16:01,116,00:01:56,doors opened
07/05/2025,12,4239,Saturday,Saturday,West,15659275,61200,17:00:00,61551,17:05:51,7,3301,Washington Ave & S. Swan St (03301),0,0,6,,,61993,17:13:13,,,61993,17:13:13,0,00:00:00,door not opened
07/05/2025,12,4239,Saturday,Saturday,West,15659275,61200,17:00:00,61551,17:05:51,6,3250,Hawk/Capitol Station - Washington Ave & Hawk St (03250),1,0,6,,,61932,17:12:12,,,61947,17:12:27,15,00:00:15,doors opened
07/05/2025,12,4239,Saturday,Saturday,West,15659275,61200,17:00:00,61551,17:05:51,5,10087,State St & Eagle St (10087),0,0,5,,,61905,17:11:45,,,61905,17:11:45,0,00:00:00,door not opened
07/05/2025,12,4239,Saturday,Saturday,West,15659275,61200,17:00:00,61551,17:05:51,4,2665,State/Downtown Station - State St & Lodge St (02665),0,0,5,61440.0,17:04:00,61836,17:10:36,61440.0,17:04:00,61870,17:11:10,34,00:00:34,doors opened
07/05/2025,12,4239,Saturday,Saturday,West,15659275,61200,17:00:00,61551,17:05:51,3,3221,State Station - N. Pearl St & Ten Eyck Plaza (03221),4,0,5,,,61666,17:07:46,,,61807,17:10:07,141,00:02:21,doors opened
07/05/2025,12,4239,Saturday,Saturday,West,15659275,61200,17:00:00,61551,17:05:51,2,3233,N. Pearl St & Sheridan Ave (03233),0,0,1,,,61628,17:07:08,,,61628,17:07:08,0,00:00:00,door not opened
07/05/2025,12,4239,Saturday,Saturday,West,15659275,61200,17:00:00,61551,17:05:51,1,2168,Clinton Square Station - N. Pearl St & Clinton Ave (02168),0,0,1,,,61591,17:06:31,,,61591,17:06:31,0,00:00:00,door not opened
07/05/2025,12,4239,Saturday,Saturday,West,15659275,61200,17:00:00,61551,17:05:51,0,9018,Broadway & Orange St (09018),1,0,1,61200.0,17:00:00,61551,17:05:51,61200.0,17:00:00,61551,17:05:51,0,00:00:00,doors opened
07/05/2025,12,4239,Saturday,Saturday,East,15659278,68400,19:00:00,68399,18:59:59,19,1788,Washington Ave & Dove St (01788),0,0,2,,,70298,19:31:38,,,70298,19:31:38,0,00:00:00,door not opened
07/05/2025,12,4239,Saturday,Saturday,East,15659278,68400,19:00:00,68399,18:59:59,18,2663,Lark/Library Station - Washington Ave & Lark St (02663),0,2,2,70020.0,19:27:00,70175,19:29:35,70020.0,19:27:00,70235,19:30:35,60,00:01:00,doors opened
07/05/2025,12,4239,Saturday,Saturday,East,15659278,68400,19:00:00,68399,18:59:59,17,263,Washington Ave & Henry Johnson Blvd (00263),0,2,4,,,70079,19:27:59,,,70095,19:28:15,16,00:00:16,doors opened
07/05/2025,12,4239,Saturday,Saturday,East,15659278,68400,19:00:00,68399,18:59:59,16,2096,Washington Ave & Lexington Ave (02096),1,1,6,,,69953,19:25:53,,,70052,19:27:32,99,00:01:39,doors opened
07/05/2025,12,4239,Saturday,Saturday,East,15659278,68400,19:00:00,68399,18:59:59,15,3253,Washington Ave & Robin St (Draper Hall) (03253),0,0,6,,,69936,19:25:36,,,69936,19:25:36,0,00:00:00,door not opened
07/05/2025,12,4239,Saturday,Saturday,East,15659278,68400,19:00:00,68399,18:59:59,14,2109,Washington Ave & N. Lake Ave (02109),0,2,6,,,69893,19:24:53,,,69911,19:25:11,18,00:00:18,doors opened
07/05/2025,12,4239,Saturday,Saturday,East,15659278,68400,19:00:00,68399,18:59:59,13,3255,Washington Ave & Quail St (03255),0,6,8,,,69843,19:24:03,,,69867,19:24:27,24,00:00:24,doors opened
07/05/2025,12,4239,Saturday,Saturday,East,15659278,68400,19:00:00,68399,18:59:59,12,3256,Washington Ave & Ontario St (03256),0,0,14,69660.0,19:21:00,69824,19:23:44,69660.0,19:21:00,69824,19:23:44,0,00:00:00,door not opened
07/05/2025,12,4239,Saturday,Saturday,East,15659278,68400,19:00:00,68399,18:59:59,11,2107,Washington Ave & Partridge St (02107),0,2,14,,,69785,19:23:05,,,69800,19:23:20,15,00:00:15,doors opened
07/05/2025,12,4239,Saturday,Saturday,East,15659278,68400,19:00:00,68399,18:59:59,10,3257,Washington Ave & N. Main Ave (03257),1,0,16,,,69691,19:21:31,,,69711,19:21:51,20,00:00:20,doors opened
07/05/2025,12,4239,Saturday,Saturday,East,15659278,68400,19:00:00,68399,18:59:59,9,1796,Washington Ave & N. Allen St (01796),1,2,15,69540.0,19:19:00,69630,19:20:30,69540.0,19:19:00,69657,19:20:57,27,00:00:27,doors opened
07/05/2025,12,4239,Saturday,Saturday,East,15659278,68400,19:00:00,68399,18:59:59,8,11581,Washington Ave & Manning Blvd (11581),0,0,16,,,69599,19:19:59,,,69599,19:19:59,0,00:00:00,door not opened
07/05/2025,12,4239,Saturday,Saturday,East,15659278,68400,19:00:00,68399,18:59:59,7,2180,Washington Ave & Homestead Ave (02180),0,4,16,,,69535,19:18:55,,,69555,19:19:15,20,00:00:20,doors opened
07/05/2025,12,4239,Saturday,Saturday,East,15659278,68400,19:00:00,68399,18:59:59,6,2182,Washington Ave & Hawthorne St (02182),0,0,20,,,69511,19:18:31,,,69511,19:18:31,0,00:00:00,door not opened
07/05/2025,12,4239,Saturday,Saturday,East,15659278,68400,19:00:00,68399,18:59:59,5,3304,Washington Ave & Clermont St (03304),0,1,20,,,69430,19:17:10,,,69486,19:18:06,56,00:00:56,doors opened
07/05/2025,12,4239,Saturday,Saturday,East,15659278,68400,19:00:00,68399,18:59:59,4,3348,Washington Ave & Brevator St (03348),0,0,21,,,69417,19:16:57,,,69417,19:16:57,0,00:00:00,door not opened
07/05/2025,12,4239,Saturday,Saturday,East,15659278,68400,19:00:00,68399,18:59:59,3,10134,Washington Ave & SUNY Exit Rd (10134),7,1,21,,,69182,19:13:02,,,69245,19:14:05,63,00:01:03,doors opened
07/05/2025,12,4239,Saturday,Saturday,East,15659278,68400,19:00:00,68399,18:59:59,2,7216,SUNY Collins Circle (07216),2,0,15,69120.0,19:12:00,68992,19:09:52,69120.0,19:12:00,69061,19:11:01,69,00:01:09,doors opened
07/05/2025,12,4239,Saturday,Saturday,East,15659278,68400,19:00:00,68399,18:59:59,1,12827,Crossgates Commons Station (12827),3,9,13,68820.0,19:07:00,68785,19:06:25,68820.0,19:07:00,68785,19:06:25,0,00:00:00,door not opened
07/05/2025,12,4239,Saturday,Saturday,East,15659278,68400,19:00:00,68399,18:59:59,0,7175,Crossgates Mall Station (07175),19,0,19,68400.0,19:00:00,68399,18:59:59,68400.0,19:00:00,68399,18:59:59,0,00:00:00,doors opened
07/05/2025,12,4239,Saturday,Saturday,East,15659278,68400,19:00:00,68399,18:59:59,24,3940,Broadway & Steuben St (03940),0,0,0,70560.0,19:36:00,70495,19:34:55,70560.0,19:36:00,70495,19:34:55,0,00:00:00,door not opened
07/05/2025,12,4239,Saturday,Saturday,East,15659278,68400,19:00:00,68399,18:59:59,23,2509,State/Downtown Station - State St & S. Pearl St (02509),0,2,0,70320.0,19:32:00,70391,19:33:11,70320.0,19:32:00,70420,19:33:40,29,00:00:29,doors opened
07/05/2025,12,4239,Saturday,Saturday,East,15659278,68400,19:00:00,68399,18:59:59,22,1787,State St & Eagle St (01787),0,0,2,,,70379,19:32:59,,,70379,19:32:59,0,00:00:00,door not opened
07/05/2025,12,4239,Saturday,Saturday,East,15659278,68400,19:00:00,68399,18:59:59,21,2706,Hawk/Capitol Station - Washington Ave & Hawk St (02706),0,0,2,,,70340,19:32:20,,,70340,19:32:20,0,00:00:00,door not opened
07/05/2025,12,4239,Saturday,Saturday,East,15659278,68400,19:00:00,68399,18:59:59,20,1789,Washington Ave & S. Swan St (01789),0,0,2,,,70321,19:32:01,,,70321,19:32:01,0,00:00:00,door not opened
07/05/2025,12,4239,Saturday,Saturday,West,15659280,70800,19:40:00,71079,19:44:39,18,1846,Washington Ave & Manning Blvd (01846),0,0,5,,,71884,19:58:04,,,71884,19:58:04,0,00:00:00,door not opened
07/05/2025,12,4239,Saturday,Saturday,West,15659280,70800,19:40:00,71079,19:44:39,17,3287,Washington Ave & N. Allen St (03287),0,0,5,71820.0,19:57:00,71808,19:56:48,71820.0,19:57:00,71808,19:56:48,0,00:00:00,door not opened
07/05/2025,12,4239,Saturday,Saturday,West,15659280,70800,19:40:00,71079,19:44:39,16,3264,Washington Ave & N. Main Ave (03264),0,1,5,,,71741,19:55:41,,,71758,19:55:58,17,00:00:17,doors opened
07/05/2025,12,4239,Saturday,Saturday,West,15659280,70800,19:40:00,71079,19:44:39,15,1839,Washington Ave & Partridge St (01839),0,0,6,,,71694,19:54:54,,,71694,19:54:54,0,00:00:00,door not opened
07/05/2025,12,4239,Saturday,Saturday,West,15659280,70800,19:40:00,71079,19:44:39,14,1841,Washington Ave & Ontario St (01841),0,0,6,71640.0,19:54:00,71675,19:54:35,71640.0,19:54:00,71675,19:54:35,0,00:00:00,door not opened
07/05/2025,12,4239,Saturday,Saturday,West,15659280,70800,19:40:00,71079,19:44:39,13,1842,Washington Ave & Quail St (01842),0,0,6,,,71657,19:54:17,,,71657,19:54:17,0,00:00:00,door not opened
07/05/2025,12,4239,Saturday,Saturday,West,15659280,70800,19:40:00,71079,19:44:39,12,1837,Washington Ave & N. Lake Ave (01837),0,0,6,,,71599,19:53:19,,,71599,19:53:19,0,00:00:00,door not opened
07/05/2025,12,4239,Saturday,Saturday,West,15659280,70800,19:40:00,71079,19:44:39,11,1843,Washington Ave & Robin St (01843),0,0,6,,,71582,19:53:02,,,71582,19:53:02,0,00:00:00,door not opened
07/05/2025,12,4239,Saturday,Saturday,West,15659280,70800,19:40:00,71079,19:44:39,10,12943,Washington Ave & Lexington Ave (12943),0,0,6,,,71562,19:52:42,,,71562,19:52:42,0,00:00:00,door not opened
07/05/2025,12,4239,Saturday,Saturday,West,15659280,70800,19:40:00,71079,19:44:39,9,12942,Washington Ave & Henry Johnson Blvd (12942),5,0,6,,,71507,19:51:47,,,71537,19:52:17,30,00:00:30,doors opened
07/05/2025,12,4239,Saturday,Saturday,West,15659280,70800,19:40:00,71079,19:44:39,8,3239,Lark/Library Station - Washington Ave & Lark St (03239),0,0,1,71280.0,19:48:00,71411,19:50:11,71280.0,19:48:00,71411,19:50:11,0,00:00:00,door not opened
07/05/2025,12,4239,Saturday,Saturday,West,15659280,70800,19:40:00,71079,19:44:39,7,3301,Washington Ave & S. Swan St (03301),0,0,1,,,71332,19:48:52,,,71332,19:48:52,0,00:00:00,door not opened
07/05/2025,12,4239,Saturday,Saturday,West,15659280,70800,19:40:00,71079,19:44:39,6,3250,Hawk/Capitol Station - Washington Ave & Hawk St (03250),0,0,1,,,71296,19:48:16,,,71296,19:48:16,0,00:00:00,door not opened
07/05/2025,12,4239,Saturday,Saturday,West,15659280,70800,19:40:00,71079,19:44:39,5,10087,State St & Eagle St (10087),0,0,1,,,71275,19:47:55,,,71275,19:47:55,0,00:00:00,door not opened
07/05/2025,12,4239,Saturday,Saturday,West,15659280,70800,19:40:00,71079,19:44:39,4,2665,State/Downtown Station - State St & Lodge St (02665),0,0,1,71040.0,19:44:00,71239,19:47:19,71040.0,19:44:00,71249,19:47:29,10,00:00:10,doors opened
07/05/2025,12,4239,Saturday,Saturday,West,15659280,70800,19:40:00,71079,19:44:39,3,3221,State Station - N. Pearl St & Ten Eyck Plaza (03221),0,0,1,,,71187,19:46:27,,,71214,19:46:54,27,00:00:27,doors opened
07/05/2025,12,4239,Saturday,Saturday,West,15659280,70800,19:40:00,71079,19:44:39,2,3233,N. Pearl St & Sheridan Ave (03233),0,0,1,,,71158,19:45:58,,,71158,19:45:58,0,00:00:00,door not opened
07/05/2025,12,4239,Saturday,Saturday,West,15659280,70800,19:40:00,71079,19:44:39,1,2168,Clinton Square Station - N. Pearl St & Clinton Ave (02168),0,0,1,,,71120,19:45:20,,,71120,19:45:20,0,00:00:00,door not opened
07/05/2025,12,4239,Saturday,Saturday,West,15659280,70800,19:40:00,71079,19:44:39,0,9018,Broadway & Orange St (09018),1,0,1,70800.0,19:40:00,71079,19:44:39,70800.0,19:40:00,71079,19:44:39,0,00:00:00,doors opened
07/05/2025,12,4239,Saturday,Saturday,West,15659280,70800,19:40:00,71079,19:44:39,27,7175,Crossgates Mall Station (07175),0,3,0,72960.0,20:16:00,72882,20:14:42,72960.0,20:16:00,72882,20:14:42,0,00:00:00,doors opened
07/05/2025,12,4239,Saturday,Saturday,West,15659280,70800,19:40:00,71079,19:44:39,26,12828,Crossgates Commons Station (12828),0,3,3,72540.0,20:09:00,72575,20:09:35,72540.0,20:09:00,72601,20:10:01,26,00:00:26,doors opened
07/05/2025,12,4239,Saturday,Saturday,West,15659280,70800,19:40:00,71079,19:44:39,25,12891,1475 Washington Ave (12891),0,0,6,,,72369,20:06:09,,,72369,20:06:09,0,00:00:00,door not opened
07/05/2025,12,4239,Saturday,Saturday,West,15659280,70800,19:40:00,71079,19:44:39,24,7216,SUNY Collins Circle (07216),0,0,6,72180.0,20:03:00,72272,20:04:32,72180.0,20:03:00,72284,20:04:44,12,00:00:12,doors opened
07/05/2025,12,4239,Saturday,Saturday,West,15659280,70800,19:40:00,71079,19:44:39,23,3262,1383 Washington Ave (Fairfield Inn) (03262),0,1,6,,,72154,20:02:34,,,72188,20:03:08,34,00:00:34,doors opened
07/05/2025,12,4239,Saturday,Saturday,West,15659280,70800,19:40:00,71079,19:44:39,22,976,Washington Ave & Brevator St (00976),0,0,7,,,72030,20:00:30,,,72030,20:00:30,0,00:00:00,door not opened
07/05/2025,12,4239,Saturday,Saturday,West,15659280,70800,19:40:00,71079,19:44:39,21,1959,Washington Ave & Colvin Ave (01959),2,1,7,,,71969,19:59:29,,,71989,19:59:49,20,00:00:20,doors opened
07/05/2025,12,4239,Saturday,Saturday,West,15659280,70800,19:40:00,71079,19:44:39,20,3399,Washington Ave & Danker Ave (03399),0,0,6,,,71946,19:59:06,,,71946,19:59:06,0,00:00:00,door not opened
07/05/2025,12,4239,Saturday,Saturday,West,15659280,70800,19:40:00,71079,19:44:39,19,1849,Washington Ave & Homestead Ave (01849),1,0,6,,,71905,19:58:25,,,71922,19:58:42,17,00:00:17,doors opened
07/05/2025,12,4239,Saturday,Saturday,East,15659283,78000,21:40:00,78210,21:43:30,21,2706,Hawk/Capitol Station - Washington Ave & Hawk St (02706),0,0,3,,,79737,22:08:57,,,79737,22:08:57,0,00:00:00,door not opened
07/05/2025,12,4239,Saturday,Saturday,East,15659283,78000,21:40:00,78210,21:43:30,20,1789,Washington Ave & S. Swan St (01789),0,0,3,,,79716,22:08:36,,,79716,22:08:36,0,00:00:00,door not opened
07/05/2025,12,4239,Saturday,Saturday,East,15659283,78000,21:40:00,78210,21:43:30,19,1788,Washington Ave & Dove St (01788),0,0,3,,,79694,22:08:14,,,79694,22:08:14,0,00:00:00,door not opened
07/05/2025,12,4239,Saturday,Saturday,East,15659283,78000,21:40:00,78210,21:43:30,18,2663,Lark/Library Station - Washington Ave & Lark St (02663),0,0,3,79560.0,22:06:00,79678,22:07:58,79560.0,22:06:00,79678,22:07:58,0,00:00:00,door not opened
07/05/2025,12,4239,Saturday,Saturday,East,15659283,78000,21:40:00,78210,21:43:30,17,263,Washington Ave & Henry Johnson Blvd (00263),0,0,3,,,79606,22:06:46,,,79606,22:06:46,0,00:00:00,door not opened
07/05/2025,12,4239,Saturday,Saturday,East,15659283,78000,21:40:00,78210,21:43:30,16,2096,Washington Ave & Lexington Ave (02096),0,0,3,,,79497,22:04:57,,,79572,22:06:12,75,00:01:15,doors opened
07/05/2025,12,4239,Saturday,Saturday,East,15659283,78000,21:40:00,78210,21:43:30,15,3253,Washington Ave & Robin St (Draper Hall) (03253),0,0,3,,,79479,22:04:39,,,79479,22:04:39,0,00:00:00,door not opened
07/05/2025,12,4239,Saturday,Saturday,East,15659283,78000,21:40:00,78210,21:43:30,14,2109,Washington Ave & N. Lake Ave (02109),0,1,3,,,79435,22:03:55,,,79450,22:04:10,15,00:00:15,doors opened
07/05/2025,12,4239,Saturday,Saturday,East,15659283,78000,21:40:00,78210,21:43:30,13,3255,Washington Ave & Quail St (03255),0,6,4,,,79359,22:02:39,,,79403,22:03:23,44,00:00:44,doors opened
07/05/2025,12,4239,Saturday,Saturday,East,15659283,78000,21:40:00,78210,21:43:30,12,3256,Washington Ave & Ontario St (03256),1,1,10,79200.0,22:00:00,79321,22:02:01,79200.0,22:00:00,79338,22:02:18,17,00:00:17,doors opened
07/05/2025,12,4239,Saturday,Saturday,East,15659283,78000,21:40:00,78210,21:43:30,11,2107,Washington Ave & Partridge St (02107),0,2,10,,,79281,22:01:21,,,79299,22:01:39,18,00:00:18,doors opened
07/05/2025,12,4239,Saturday,Saturday,East,15659283,78000,21:40:00,78210,21:43:30,10,3257,Washington Ave & N. Main Ave (03257),0,0,12,,,79208,22:00:08,,,79208,22:00:08,0,00:00:00,door not opened
07/05/2025,12,4239,Saturday,Saturday,East,15659283,78000,21:40:00,78210,21:43:30,9,1796,Washington Ave & N. Allen St (01796),0,1,12,79080.0,21:58:00,79161,21:59:21,79080.0,21:58:00,79178,21:59:38,17,00:00:17,doors opened
07/05/2025,12,4239,Saturday,Saturday,East,15659283,78000,21:40:00,78210,21:43:30,8,11581,Washington Ave & Manning Blvd (11581),0,0,13,,,79132,21:58:52,,,79132,21:58:52,0,00:00:00,door not opened
07/05/2025,12,4239,Saturday,Saturday,East,15659283,78000,21:40:00,78210,21:43:30,7,2180,Washington Ave & Homestead Ave (02180),0,0,13,,,79067,21:57:47,,,79067,21:57:47,0,00:00:00,door not opened
07/05/2025,12,4239,Saturday,Saturday,East,15659283,78000,21:40:00,78210,21:43:30,6,2182,Washington Ave & Hawthorne St (02182),0,0,13,,,79041,21:57:21,,,79041,21:57:21,0,00:00:00,door not opened
07/05/2025,12,4239,Saturday,Saturday,East,15659283,78000,21:40:00,78210,21:43:30,5,3304,Washington Ave & Clermont St (03304),0,0,13,,,79023,21:57:03,,,79023,21:57:03,0,00:00:00,door not opened
07/05/2025,12,4239,Saturday,Saturday,East,15659283,78000,21:40:00,78210,21:43:30,4,3348,Washington Ave & Brevator St (03348),0,0,13,,,79005,21:56:45,,,79005,21:56:45,0,00:00:00,door not opened
07/05/2025,12,4239,Saturday,Saturday,East,15659283,78000,21:40:00,78210,21:43:30,3,10134,Washington Ave & SUNY Exit Rd (10134),0,0,13,,,78878,21:54:38,,,78878,21:54:38,0,00:00:00,door not opened
07/05/2025,12,4239,Saturday,Saturday,East,15659283,78000,21:40:00,78210,21:43:30,2,7216,SUNY Collins Circle (07216),0,0,13,78660.0,21:51:00,78791,21:53:11,78660.0,21:51:00,78791,21:53:11,0,00:00:00,door not opened
07/05/2025,12,4239,Saturday,Saturday,East,15659283,78000,21:40:00,78210,21:43:30,1,12827,Crossgates Commons Station (12827),4,0,13,78360.0,21:46:00,78543,21:49:03,78360.0,21:46:00,78543,21:49:03,0,00:00:00,door not opened
07/05/2025,12,4239,Saturday,Saturday,East,15659283,78000,21:40:00,78210,21:43:30,0,7175,Crossgates Mall Station (07175),9,0,9,78000.0,21:40:00,78210,21:43:30,78000.0,21:40:00,78210,21:43:30,0,00:00:00,doors opened
07/05/2025,12,4239,Saturday,Saturday,East,15659283,78000,21:40:00,78210,21:43:30,24,3940,Broadway & Steuben St (03940),0,2,0,80040.0,22:14:00,80058,22:14:18,80040.0,22:14:00,80058,22:14:18,0,00:00:00,doors opened
07/05/2025,12,4239,Saturday,Saturday,East,15659283,78000,21:40:00,78210,21:43:30,23,2509,State/Downtown Station - State St & S. Pearl St (02509),1,2,2,79800.0,22:10:00,79889,22:11:29,79800.0,22:10:00,79943,22:12:23,54,00:00:54,doors opened
07/05/2025,12,4239,Saturday,Saturday,East,15659283,78000,21:40:00,78210,21:43:30,22,1787,State St & Eagle St (01787),0,0,3,,,79872,22:11:12,,,79872,22:11:12,0,00:00:00,door not opened
07/05/2025,12,4239,Saturday,Saturday,West,15659286,81000,22:30:00,81271,22:34:31,18,1846,Washington Ave & Manning Blvd (01846),0,1,5,,,82032,22:47:12,,,82070,22:47:50,38,00:00:38,doors opened
07/05/2025,12,4239,Saturday,Saturday,West,15659286,81000,22:30:00,81271,22:34:31,17,3287,Washington Ave & N. Allen St (03287),0,1,6,81900.0,22:45:00,81986,22:46:26,81900.0,22:45:00,82002,22:46:42,16,00:00:16,doors opened
07/05/2025,12,4239,Saturday,Saturday,West,15659286,81000,22:30:00,81271,22:34:31,16,3264,Washington Ave & N. Main Ave (03264),0,0,7,,,81956,22:45:56,,,81956,22:45:56,0,00:00:00,door not opened
07/05/2025,12,4239,Saturday,Saturday,West,15659286,81000,22:30:00,81271,22:34:31,15,1839,Washington Ave & Partridge St (01839),0,0,7,,,81888,22:44:48,,,81888,22:44:48,0,00:00:00,door not opened
07/05/2025,12,4239,Saturday,Saturday,West,15659286,81000,22:30:00,81271,22:34:31,14,1841,Washington Ave & Ontario St (01841),2,0,7,81720.0,22:42:00,81819,22:43:39,81720.0,22:42:00,81862,22:44:22,43,00:00:43,doors opened
07/05/2025,12,4239,Saturday,Saturday,West,15659286,81000,22:30:00,81271,22:34:31,13,1842,Washington Ave & Quail St (01842),2,3,5,,,81759,22:42:39,,,81798,22:43:18,39,00:00:39,doors opened
07/05/2025,12,4239,Saturday,Saturday,West,15659286,81000,22:30:00,81271,22:34:31,12,1837,Washington Ave & N. Lake Ave (01837),0,0,6,,,81737,22:42:17,,,81737,22:42:17,0,00:00:00,door not opened
07/05/2025,12,4239,Saturday,Saturday,West,15659286,81000,22:30:00,81271,22:34:31,11,1843,Washington Ave & Robin St (01843),1,0,6,,,81699,22:41:39,,,81714,22:41:54,15,00:00:15,doors opened
07/05/2025,12,4239,Saturday,Saturday,West,15659286,81000,22:30:00,81271,22:34:31,10,12943,Washington Ave & Lexington Ave (12943),0,0,5,,,81679,22:41:19,,,81679,22:41:19,0,00:00:00,door not opened
07/05/2025,12,4239,Saturday,Saturday,West,15659286,81000,22:30:00,81271,22:34:31,9,12942,Washington Ave & Henry Johnson Blvd (12942),0,0,5,,,81646,22:40:46,,,81646,22:40:46,0,00:00:00,door not opened
07/05/2025,12,4239,Saturday,Saturday,West,15659286,81000,22:30:00,81271,22:34:31,8,3239,Lark/Library Station - Washington Ave & Lark St (03239),2,0,5,81360.0,22:36:00,81532,22:38:52,81360.0,22:36:00,81582,22:39:42,50,00:00:50,doors opened
07/05/2025,12,4239,Saturday,Saturday,West,15659286,81000,22:30:00,81271,22:34:31,7,3301,Washington Ave & S. Swan St (03301),0,0,3,,,81499,22:38:19,,,81499,22:38:19,0,00:00:00,door not opened
07/05/2025,12,4239,Saturday,Saturday,West,15659286,81000,22:30:00,81271,22:34:31,6,3250,Hawk/Capitol Station - Washington Ave & Hawk St (03250),0,0,3,,,81478,22:37:58,,,81478,22:37:58,0,00:00:00,door not opened
07/05/2025,12,4239,Saturday,Saturday,West,15659286,81000,22:30:00,81271,22:34:31,27,7175,Crossgates Mall Station (07175),0,0,2,82920.0,23:02:00,82989,23:03:09,82920.0,23:02:00,82989,23:03:09,0,00:00:00,doors opened
07/05/2025,12,4239,Saturday,Saturday,West,15659286,81000,22:30:00,81271,22:34:31,26,12828,Crossgates Commons Station (12828),0,2,2,82500.0,22:55:00,82728,22:58:48,82500.0,22:55:00,82755,22:59:15,27,00:00:27,doors opened
07/05/2025,12,4239,Saturday,Saturday,West,15659286,81000,22:30:00,81271,22:34:31,25,12891,1475 Washington Ave (12891),0,1,4,,,82528,22:55:28,,,82540,22:55:40,12,00:00:12,doors opened
07/05/2025,12,4239,Saturday,Saturday,West,15659286,81000,22:30:00,81271,22:34:31,24,7216,SUNY Collins Circle (07216),1,0,5,82200.0,22:50:00,82424,22:53:44,82200.0,22:50:00,82440,22:54:00,16,00:00:16,doors opened
07/05/2025,12,4239,Saturday,Saturday,West,15659286,81000,22:30:00,81271,22:34:31,23,3262,1383 Washington Ave (Fairfield Inn) (03262),0,0,4,,,82332,22:52:12,,,82332,22:52:12,0,00:00:00,door not opened
07/05/2025,12,4239,Saturday,Saturday,West,15659286,81000,22:30:00,81271,22:34:31,22,976,Washington Ave & Brevator St (00976),0,0,4,,,82197,22:49:57,,,82197,22:49:57,0,00:00:00,door not opened
07/05/2025,12,4239,Saturday,Saturday,West,15659286,81000,22:30:00,81271,22:34:31,21,1959,Washington Ave & Colvin Ave (01959),0,1,4,,,82146,22:49:06,,,82170,22:49:30,24,00:00:24,doors opened
07/05/2025,12,4239,Saturday,Saturday,West,15659286,81000,22:30:00,81271,22:34:31,20,3399,Washington Ave & Danker Ave (03399),0,0,5,,,82120,22:48:40,,,82120,22:48:40,0,00:00:00,door not opened
07/05/2025,12,4239,Saturday,Saturday,West,15659286,81000,22:30:00,81271,22:34:31,19,1849,Washington Ave & Homestead Ave (01849),0,0,5,,,82100,22:48:20,,,82100,22:48:20,0,00:00:00,door not opened
07/05/2025,12,4239,Saturday,Saturday,West,15659286,81000,22:30:00,81271,22:34:31,5,10087,State St & Eagle St (10087),0,0,3,,,81450,22:37:30,,,81450,22:37:30,0,00:00:00,door not opened
07/05/2025,12,4239,Saturday,Saturday,West,15659286,81000,22:30:00,81271,22:34:31,4,2665,State/Downtown Station - State St & Lodge St (02665),0,0,3,81180.0,22:33:00,81427,22:37:07,81180.0,22:33:00,81427,22:37:07,0,00:00:00,door not opened
07/05/2025,12,4239,Saturday,Saturday,West,15659286,81000,22:30:00,81271,22:34:31,3,3221,State Station - N. Pearl St & Ten Eyck Plaza (03221),1,0,3,,,81358,22:35:58,,,81374,22:36:14,16,00:00:16,doors opened
07/05/2025,12,4239,Saturday,Saturday,West,15659286,81000,22:30:00,81271,22:34:31,2,3233,N. Pearl St & Sheridan Ave (03233),0,0,2,,,81316,22:35:16,,,81316,22:35:16,0,00:00:00,door not opened
07/05/2025,12,4239,Saturday,Saturday,West,15659286,81000,22:30:00,81271,22:34:31,1,2168,Clinton Square Station - N. Pearl St & Clinton Ave (02168),0,0,2,,,81304,22:35:04,,,81304,22:35:04,0,00:00:00,door not opened
07/05/2025,12,4239,Saturday,Saturday,West,15659286,81000,22:30:00,81271,22:34:31,0,9018,Broadway & Orange St (09018),0,0,2,81000.0,22:30:00,81271,22:34:31,81000.0,22:30:00,81271,22:34:31,0,00:00:00,door not opened
07/05/2025,12,4239,Saturday,Saturday,East,15659287,83100,23:05:00,83165,23:06:05,16,2096,Washington Ave & Lexington Ave (02096),1,1,11,,,84549,23:29:09,,,84643,23:30:43,94,00:01:34,doors opened
07/05/2025,12,4239,Saturday,Saturday,East,15659287,83100,23:05:00,83165,23:06:05,15,3253,Washington Ave & Robin St (Draper Hall) (03253),0,0,11,,,84528,23:28:48,,,84528,23:28:48,0,00:00:00,door not opened
07/05/2025,12,4239,Saturday,Saturday,East,15659287,83100,23:05:00,83165,23:06:05,14,2109,Washington Ave & N. Lake Ave (02109),1,1,11,,,84465,23:27:45,,,84485,23:28:05,20,00:00:20,doors opened
07/05/2025,12,4239,Saturday,Saturday,East,15659287,83100,23:05:00,83165,23:06:05,13,3255,Washington Ave & Quail St (03255),3,3,11,,,84374,23:26:14,,,84435,23:27:15,61,00:01:01,doors opened
07/05/2025,12,4239,Saturday,Saturday,East,15659287,83100,23:05:00,83165,23:06:05,12,3256,Washington Ave & Ontario St (03256),0,1,11,84240.0,23:24:00,84336,23:25:36,84240.0,23:24:00,84349,23:25:49,13,00:00:13,doors opened
07/05/2025,12,4239,Saturday,Saturday,East,15659287,83100,23:05:00,83165,23:06:05,11,2107,Washington Ave & Partridge St (02107),1,0,12,,,84298,23:24:58,,,84308,23:25:08,10,00:00:10,doors opened
07/05/2025,12,4239,Saturday,Saturday,East,15659287,83100,23:05:00,83165,23:06:05,10,3257,Washington Ave & N. Main Ave (03257),0,0,11,,,84245,23:24:05,,,84245,23:24:05,0,00:00:00,door not opened
07/05/2025,12,4239,Saturday,Saturday,East,15659287,83100,23:05:00,83165,23:06:05,9,1796,Washington Ave & N. Allen St (01796),1,1,11,84120.0,23:22:00,84148,23:22:28,84120.0,23:22:00,84219,23:23:39,71,00:01:11,doors opened
07/05/2025,12,4239,Saturday,Saturday,East,15659287,83100,23:05:00,83165,23:06:05,8,11581,Washington Ave & Manning Blvd (11581),0,1,11,,,84067,23:21:07,,,84112,23:21:52,45,00:00:45,doors opened
07/05/2025,12,4239,Saturday,Saturday,East,15659287,83100,23:05:00,83165,23:06:05,7,2180,Washington Ave & Homestead Ave (02180),0,0,12,,,84045,23:20:45,,,84045,23:20:45,0,00:00:00,door not opened
07/05/2025,12,4239,Saturday,Saturday,East,15659287,83100,23:05:00,83165,23:06:05,6,2182,Washington Ave & Hawthorne St (02182),0,0,12,,,84023,23:20:23,,,84023,23:20:23,0,00:00:00,door not opened
07/05/2025,12,4239,Saturday,Saturday,East,15659287,83100,23:05:00,83165,23:06:05,5,3304,Washington Ave & Clermont St (03304),0,0,12,,,84006,23:20:06,,,84006,23:20:06,0,00:00:00,door not opened
07/05/2025,12,4239,Saturday,Saturday,East,15659287,83100,23:05:00,83165,23:06:05,4,3348,Washington Ave & Brevator St (03348),0,0,12,,,83988,23:19:48,,,83988,23:19:48,0,00:00:00,door not opened
07/05/2025,12,4239,Saturday,Saturday,East,15659287,83100,23:05:00,83165,23:06:05,24,3940,Broadway & Steuben St (03940),0,1,0,84960.0,23:36:00,85107,23:38:27,84960.0,23:36:00,85107,23:38:27,0,00:00:00,door not opened
07/05/2025,12,4239,Saturday,Saturday,East,15659287,83100,23:05:00,83165,23:06:05,23,2509,State/Downtown Station - State St & S. Pearl St (02509),0,5,1,84720.0,23:32:00,84972,23:36:12,84720.0,23:32:00,84996,23:36:36,24,00:00:24,doors opened
07/05/2025,12,4239,Saturday,Saturday,East,15659287,83100,23:05:00,83165,23:06:05,22,1787,State St & Eagle St (01787),0,0,6,,,84957,23:35:57,,,84957,23:35:57,0,00:00:00,door not opened
07/05/2025,12,4239,Saturday,Saturday,East,15659287,83100,23:05:00,83165,23:06:05,21,2706,Hawk/Capitol Station - Washington Ave & Hawk St (02706),0,0,6,,,84893,23:34:53,,,84893,23:34:53,0,00:00:00,door not opened
07/05/2025,12,4239,Saturday,Saturday,East,15659287,83100,23:05:00,83165,23:06:05,20,1789,Washington Ave & S. Swan St (01789),0,0,6,,,84864,23:34:24,,,84864,23:34:24,0,00:00:00,door not opened
07/05/2025,12,4239,Saturday,Saturday,East,15659287,83100,23:05:00,83165,23:06:05,19,1788,Washington Ave & Dove St (01788),0,0,6,,,84815,23:33:35,,,84815,23:33:35,0,00:00:00,door not opened
07/05/2025,12,4239,Saturday,Saturday,East,15659287,83100,23:05:00,83165,23:06:05,18,2663,Lark/Library Station - Washington Ave & Lark St (02663),0,5,6,84540.0,23:29:00,84696,23:31:36,84540.0,23:29:00,84772,23:32:52,76,00:01:16,doors opened
07/05/2025,12,4239,Saturday,Saturday,East,15659287,83100,23:05:00,83165,23:06:05,17,263,Washington Ave & Henry Johnson Blvd (00263),0,0,11,,,84671,23:31:11,,,84671,23:31:11,0,00:00:00,door not opened
07/05/2025,12,4239,Saturday,Saturday,East,15659287,83100,23:05:00,83165,23:06:05,3,10134,Washington Ave & SUNY Exit Rd (10134),1,1,12,,,83838,23:17:18,,,83860,23:17:40,22,00:00:22,doors opened
07/05/2025,12,4239,Saturday,Saturday,East,15659287,83100,23:05:00,83165,23:06:05,2,7216,SUNY Collins Circle (07216),0,0,12,83700.0,23:15:00,83745,23:15:45,83700.0,23:15:00,83745,23:15:45,0,00:00:00,door not opened
07/05/2025,12,4239,Saturday,Saturday,East,15659287,83100,23:05:00,83165,23:06:05,1,12827,Crossgates Commons Station (12827),6,0,12,83460.0,23:11:00,83410,23:10:10,83460.0,23:11:00,83517,23:11:57,107,00:01:47,doors opened
07/05/2025,12,4239,Saturday,Saturday,East,15659287,83100,23:05:00,83165,23:06:05,0,7175,Crossgates Mall Station (07175),4,0,6,83100.0,23:05:00,83165,23:06:05,83100.0,23:05:00,83165,23:06:05,0,00:00:00,doors opened
07/05/2025,12,4248,Saturday,Saturday,East,15657880,74400,20:40:00,74411,20:40:11,5,3304,Washington Ave & Clermont St (03304),0,0,7,,,75355,20:55:55,,,75355,20:55:55,0,00:00:00,door not opened
07/05/2025,12,4248,Saturday,Saturday,East,15657880,74400,20:40:00,74411,20:40:11,4,3348,Washington Ave & Brevator St (03348),0,0,7,,,75335,20:55:35,,,75335,20:55:35,0,00:00:00,door not opened
07/05/2025,12,4248,Saturday,Saturday,East,15657880,74400,20:40:00,74411,20:40:11,3,10134,Washington Ave & SUNY Exit Rd (10134),0,1,7,,,75183,20:53:03,,,75199,20:53:19,16,00:00:16,doors opened
07/05/2025,12,4248,Saturday,Saturday,East,15657880,74400,20:40:00,74411,20:40:11,2,7216,SUNY Collins Circle (07216),0,0,8,75120.0,20:52:00,75090,20:51:30,75120.0,20:52:00,75090,20:51:30,0,00:00:00,door not opened
07/05/2025,12,4248,Saturday,Saturday,East,15657880,74400,20:40:00,74411,20:40:11,1,12827,Crossgates Commons Station (12827),4,0,8,74820.0,20:47:00,74737,20:45:37,74820.0,20:47:00,74846,20:47:26,109,00:01:49,doors opened
07/05/2025,12,4248,Saturday,Saturday,East,15657880,74400,20:40:00,74411,20:40:11,0,7175,Crossgates Mall Station (07175),3,0,4,74400.0,20:40:00,74411,20:40:11,74400.0,20:40:00,74411,20:40:11,0,00:00:00,doors opened
07/05/2025,12,4248,Saturday,Saturday,East,15657880,74400,20:40:00,74411,20:40:11,24,3940,Broadway & Steuben St (03940),0,0,0,76500.0,21:15:00,76281,21:11:21,76500.0,21:15:00,76281,21:11:21,0,00:00:00,door not opened
07/05/2025,12,4248,Saturday,Saturday,East,15657880,74400,20:40:00,74411,20:40:11,23,2509,State/Downtown Station - State St & S. Pearl St (02509),0,1,0,76260.0,21:11:00,76116,21:08:36,76260.0,21:11:00,76200,21:10:00,84,00:01:24,doors opened
07/05/2025,12,4248,Saturday,Saturday,East,15657880,74400,20:40:00,74411,20:40:11,22,1787,State St & Eagle St (01787),0,0,1,,,76096,21:08:16,,,76096,21:08:16,0,00:00:00,door not opened
07/05/2025,12,4248,Saturday,Saturday,East,15657880,74400,20:40:00,74411,20:40:11,21,2706,Hawk/Capitol Station - Washington Ave & Hawk St (02706),0,0,1,,,76060,21:07:40,,,76060,21:07:40,0,00:00:00,door not opened
07/05/2025,12,4248,Saturday,Saturday,East,15657880,74400,20:40:00,74411,20:40:11,20,1789,Washington Ave & S. Swan St (01789),0,0,1,,,76026,21:07:06,,,76047,21:07:27,21,00:00:21,door not opened
07/05/2025,12,4248,Saturday,Saturday,East,15657880,74400,20:40:00,74411,20:40:11,19,1788,Washington Ave & Dove St (01788),0,0,1,,,76005,21:06:45,,,76005,21:06:45,0,00:00:00,door not opened
07/05/2025,12,4248,Saturday,Saturday,East,15657880,74400,20:40:00,74411,20:40:11,18,2663,Lark/Library Station - Washington Ave & Lark St (02663),0,0,1,76020.0,21:07:00,75989,21:06:29,76020.0,21:07:00,75989,21:06:29,0,00:00:00,door not opened
07/05/2025,12,4248,Saturday,Saturday,East,15657880,74400,20:40:00,74411,20:40:11,17,263,Washington Ave & Henry Johnson Blvd (00263),0,0,1,,,75881,21:04:41,,,75938,21:05:38,57,00:00:57,door not opened
07/05/2025,12,4248,Saturday,Saturday,East,15657880,74400,20:40:00,74411,20:40:11,16,2096,Washington Ave & Lexington Ave (02096),0,0,1,,,75845,21:04:05,,,75845,21:04:05,0,00:00:00,door not opened
07/05/2025,12,4248,Saturday,Saturday,East,15657880,74400,20:40:00,74411,20:40:11,15,3253,Washington Ave & Robin St (Draper Hall) (03253),0,1,1,,,75807,21:03:27,,,75826,21:03:46,19,00:00:19,doors opened
07/05/2025,12,4248,Saturday,Saturday,East,15657880,74400,20:40:00,74411,20:40:11,14,2109,Washington Ave & N. Lake Ave (02109),0,0,2,,,75766,21:02:46,,,75785,21:03:05,19,00:00:19,door not opened
07/05/2025,12,4248,Saturday,Saturday,East,15657880,74400,20:40:00,74411,20:40:11,13,3255,Washington Ave & Quail St (03255),0,3,2,,,75684,21:01:24,,,75735,21:02:15,51,00:00:51,doors opened
07/05/2025,12,4248,Saturday,Saturday,East,15657880,74400,20:40:00,74411,20:40:11,12,3256,Washington Ave & Ontario St (03256),0,0,5,75660.0,21:01:00,75664,21:01:04,75660.0,21:01:00,75664,21:01:04,0,00:00:00,door not opened
07/05/2025,12,4248,Saturday,Saturday,East,15657880,74400,20:40:00,74411,20:40:11,11,2107,Washington Ave & Partridge St (02107),0,0,5,,,75641,21:00:41,,,75641,21:00:41,0,00:00:00,door not opened
07/05/2025,12,4248,Saturday,Saturday,East,15657880,74400,20:40:00,74411,20:40:11,10,3257,Washington Ave & N. Main Ave (03257),0,0,5,,,75561,20:59:21,,,75588,20:59:48,27,00:00:27,door not opened
07/05/2025,12,4248,Saturday,Saturday,East,15657880,74400,20:40:00,74411,20:40:11,9,1796,Washington Ave & N. Allen St (01796),0,1,5,75540.0,20:59:00,75506,20:58:26,75540.0,20:59:00,75519,20:58:39,13,00:00:13,doors opened
07/05/2025,12,4248,Saturday,Saturday,East,15657880,74400,20:40:00,74411,20:40:11,8,11581,Washington Ave & Manning Blvd (11581),0,1,6,,,75413,20:56:53,,,75471,20:57:51,58,00:00:58,doors opened
07/05/2025,12,4248,Saturday,Saturday,East,15657880,74400,20:40:00,74411,20:40:11,7,2180,Washington Ave & Homestead Ave (02180),0,0,7,,,75392,20:56:32,,,75392,20:56:32,0,00:00:00,door not opened
07/05/2025,12,4248,Saturday,Saturday,East,15657880,74400,20:40:00,74411,20:40:11,6,2182,Washington Ave & Hawthorne St (02182),0,0,7,,,75370,20:56:10,,,75370,20:56:10,0,00:00:00,door not opened
07/05/2025,12,4248,Saturday,Saturday,West,15657882,76800,21:20:00,76799,21:19:59,27,7175,Crossgates Mall Station (07175),0,0,0,78840.0,21:54:00,78727,21:52:07,78840.0,21:54:00,78727,21:52:07,0,00:00:00,doors opened
07/05/2025,12,4248,Saturday,Saturday,West,15657882,76800,21:20:00,76799,21:19:59,26,12828,Crossgates Commons Station (12828),0,1,0,78420.0,21:47:00,78485,21:48:05,78420.0,21:47:00,78499,21:48:19,14,00:00:14,doors opened
07/05/2025,12,4248,Saturday,Saturday,West,15657882,76800,21:20:00,76799,21:19:59,25,12891,1475 Washington Ave (12891),0,0,1,,,78300,21:45:00,,,78300,21:45:00,0,00:00:00,door not opened
07/05/2025,12,4248,Saturday,Saturday,West,15657882,76800,21:20:00,76799,21:19:59,24,7216,SUNY Collins Circle (07216),0,0,1,78120.0,21:42:00,78190,21:43:10,78120.0,21:42:00,78190,21:43:10,0,00:00:00,door not opened
07/05/2025,12,4248,Saturday,Saturday,West,15657882,76800,21:20:00,76799,21:19:59,23,3262,1383 Washington Ave (Fairfield Inn) (03262),0,0,1,,,78085,21:41:25,,,78085,21:41:25,0,00:00:00,door not opened
07/05/2025,12,4248,Saturday,Saturday,West,15657882,76800,21:20:00,76799,21:19:59,22,976,Washington Ave & Brevator St (00976),0,0,1,,,77932,21:38:52,,,77932,21:38:52,0,00:00:00,door not opened
07/05/2025,12,4248,Saturday,Saturday,West,15657882,76800,21:20:00,76799,21:19:59,21,1959,Washington Ave & Colvin Ave (01959),0,0,1,,,77908,21:38:28,,,77908,21:38:28,0,00:00:00,door not opened
07/05/2025,12,4248,Saturday,Saturday,West,15657882,76800,21:20:00,76799,21:19:59,20,3399,Washington Ave & Danker Ave (03399),0,0,1,,,77873,21:37:53,,,77873,21:37:53,0,00:00:00,door not opened
07/05/2025,12,4248,Saturday,Saturday,West,15657882,76800,21:20:00,76799,21:19:59,19,1849,Washington Ave & Homestead Ave (01849),0,1,1,,,77837,21:37:17,,,77850,21:37:30,13,00:00:13,doors opened
07/05/2025,12,4248,Saturday,Saturday,West,15657882,76800,21:20:00,76799,21:19:59,18,1846,Washington Ave & Manning Blvd (01846),0,0,2,,,77776,21:36:16,,,77809,21:36:49,33,00:00:33,door not opened
07/05/2025,12,4248,Saturday,Saturday,West,15657882,76800,21:20:00,76799,21:19:59,17,3287,Washington Ave & N. Allen St (03287),0,0,2,77760.0,21:36:00,77740,21:35:40,77760.0,21:36:00,77740,21:35:40,0,00:00:00,door not opened
07/05/2025,12,4248,Saturday,Saturday,West,15657882,76800,21:20:00,76799,21:19:59,16,3264,Washington Ave & N. Main Ave (03264),0,3,2,,,77692,21:34:52,,,77703,21:35:03,11,00:00:11,doors opened
07/05/2025,12,4248,Saturday,Saturday,West,15657882,76800,21:20:00,76799,21:19:59,15,1839,Washington Ave & Partridge St (01839),0,0,5,,,77646,21:34:06,,,77646,21:34:06,0,00:00:00,door not opened
07/05/2025,12,4248,Saturday,Saturday,West,15657882,76800,21:20:00,76799,21:19:59,14,1841,Washington Ave & Ontario St (01841),0,0,5,77580.0,21:33:00,77628,21:33:48,77580.0,21:33:00,77628,21:33:48,0,00:00:00,door not opened
07/05/2025,12,4248,Saturday,Saturday,West,15657882,76800,21:20:00,76799,21:19:59,13,1842,Washington Ave & Quail St (01842),0,0,5,,,77610,21:33:30,,,77610,21:33:30,0,00:00:00,door not opened
07/05/2025,12,4248,Saturday,Saturday,West,15657882,76800,21:20:00,76799,21:19:59,12,1837,Washington Ave & N. Lake Ave (01837),0,4,5,,,77535,21:32:15,,,77587,21:33:07,52,00:00:52,doors opened
07/05/2025,12,4248,Saturday,Saturday,West,15657882,76800,21:20:00,76799,21:19:59,11,1843,Washington Ave & Robin St (01843),1,0,9,,,77498,21:31:38,,,77516,21:31:56,18,00:00:18,doors opened
07/05/2025,12,4248,Saturday,Saturday,West,15657882,76800,21:20:00,76799,21:19:59,10,12943,Washington Ave & Lexington Ave (12943),0,0,8,,,77468,21:31:08,,,77468,21:31:08,0,00:00:00,door not opened
07/05/2025,12,4248,Saturday,Saturday,West,15657882,76800,21:20:00,76799,21:19:59,9,12942,Washington Ave & Henry Johnson Blvd (12942),3,0,8,,,77388,21:29:48,,,77406,21:30:06,18,00:00:18,doors opened
07/05/2025,12,4248,Saturday,Saturday,West,15657882,76800,21:20:00,76799,21:19:59,8,3239,Lark/Library Station - Washington Ave & Lark St (03239),0,0,5,77220.0,21:27:00,77244,21:27:24,77220.0,21:27:00,77244,21:27:24,0,00:00:00,door not opened
07/05/2025,12,4248,Saturday,Saturday,West,15657882,76800,21:20:00,76799,21:19:59,7,3301,Washington Ave & S. Swan St (03301),0,0,5,,,77191,21:26:31,,,77191,21:26:31,0,00:00:00,door not opened
07/05/2025,12,4248,Saturday,Saturday,West,15657882,76800,21:20:00,76799,21:19:59,6,3250,Hawk/Capitol Station - Washington Ave & Hawk St (03250),0,0,5,,,77169,21:26:09,,,77169,21:26:09,0,00:00:00,door not opened
07/05/2025,12,4248,Saturday,Saturday,West,15657882,76800,21:20:00,76799,21:19:59,5,10087,State St & Eagle St (10087),0,0,5,,,77140,21:25:40,,,77140,21:25:40,0,00:00:00,door not opened
07/05/2025,12,4248,Saturday,Saturday,West,15657882,76800,21:20:00,76799,21:19:59,4,2665,State/Downtown Station - State St & Lodge St (02665),2,0,5,77040.0,21:24:00,77036,21:23:56,77040.0,21:24:00,77061,21:24:21,25,00:00:25,doors opened
07/05/2025,12,4248,Saturday,Saturday,West,15657882,76800,21:20:00,76799,21:19:59,3,3221,State Station - N. Pearl St & Ten Eyck Plaza (03221),0,0,3,,,77008,21:23:28,,,77008,21:23:28,0,00:00:00,door not opened
07/05/2025,12,4248,Saturday,Saturday,West,15657882,76800,21:20:00,76799,21:19:59,2,3233,N. Pearl St & Sheridan Ave (03233),0,0,3,,,76957,21:22:37,,,76957,21:22:37,0,00:00:00,door not opened
07/05/2025,12,4248,Saturday,Saturday,West,15657882,76800,21:20:00,76799,21:19:59,1,2168,Clinton Square Station - N. Pearl St & Clinton Ave (02168),1,0,3,,,76889,21:21:29,,,76931,21:22:11,42,00:00:42,doors opened
07/05/2025,12,4248,Saturday,Saturday,West,15657882,76800,21:20:00,76799,21:19:59,0,9018,Broadway & Orange St (09018),2,0,2,76800.0,21:20:00,76799,21:19:59,76800.0,21:20:00,76799,21:19:59,0,00:00:00,doors opened
07/05/2025,12,4248,Saturday,Saturday,East,15657883,79500,22:05:00,79540,22:05:40,8,11581,Washington Ave & Manning Blvd (11581),0,1,16,,,80522,22:22:02,,,80571,22:22:51,49,00:00:49,doors opened
07/05/2025,12,4248,Saturday,Saturday,East,15657883,79500,22:05:00,79540,22:05:40,7,2180,Washington Ave & Homestead Ave (02180),0,0,17,,,80503,22:21:43,,,80503,22:21:43,0,00:00:00,door not opened
07/05/2025,12,4248,Saturday,Saturday,East,15657883,79500,22:05:00,79540,22:05:40,6,2182,Washington Ave & Hawthorne St (02182),0,0,17,,,80482,22:21:22,,,80482,22:21:22,0,00:00:00,door not opened
07/05/2025,12,4248,Saturday,Saturday,East,15657883,79500,22:05:00,79540,22:05:40,5,3304,Washington Ave & Clermont St (03304),0,1,17,,,80443,22:20:43,,,80458,22:20:58,15,00:00:15,doors opened
07/05/2025,12,4248,Saturday,Saturday,East,15657883,79500,22:05:00,79540,22:05:40,4,3348,Washington Ave & Brevator St (03348),0,0,18,,,80416,22:20:16,,,80431,22:20:31,15,00:00:15,door not opened
07/05/2025,12,4248,Saturday,Saturday,East,15657883,79500,22:05:00,79540,22:05:40,3,10134,Washington Ave & SUNY Exit Rd (10134),0,0,18,,,80291,22:18:11,,,80291,22:18:11,0,00:00:00,door not opened
07/05/2025,12,4248,Saturday,Saturday,East,15657883,79500,22:05:00,79540,22:05:40,2,7216,SUNY Collins Circle (07216),0,2,18,80160.0,22:16:00,80157,22:15:57,80160.0,22:16:00,80174,22:16:14,17,00:00:17,doors opened
07/05/2025,12,4248,Saturday,Saturday,East,15657883,79500,22:05:00,79540,22:05:40,1,12827,Crossgates Commons Station (12827),8,0,20,79860.0,22:11:00,79806,22:10:06,79860.0,22:11:00,79861,22:11:01,55,00:00:55,doors opened
07/05/2025,12,4248,Saturday,Saturday,East,15657883,79500,22:05:00,79540,22:05:40,0,7175,Crossgates Mall Station (07175),12,0,12,79500.0,22:05:00,79540,22:05:40,79500.0,22:05:00,79540,22:05:40,0,00:00:00,doors opened
07/05/2025,12,4248,Saturday,Saturday,East,15657883,79500,22:05:00,79540,22:05:40,21,2706,Hawk/Capitol Station - Washington Ave & Hawk St (02706),0,0,7,,,81255,22:34:15,,,81255,22:34:15,0,00:00:00,door not opened
07/05/2025,12,4248,Saturday,Saturday,East,15657883,79500,22:05:00,79540,22:05:40,20,1789,Washington Ave & S. Swan St (01789),0,0,7,,,81238,22:33:58,,,81238,22:33:58,0,00:00:00,door not opened
07/05/2025,12,4248,Saturday,Saturday,East,15657883,79500,22:05:00,79540,22:05:40,19,1788,Washington Ave & Dove St (01788),0,0,7,,,81206,22:33:26,,,81216,22:33:36,10,00:00:10,door not opened
07/05/2025,12,4248,Saturday,Saturday,East,15657883,79500,22:05:00,79540,22:05:40,18,2663,Lark/Library Station - Washington Ave & Lark St (02663),0,2,7,81060.0,22:31:00,81098,22:31:38,81060.0,22:31:00,81173,22:32:53,75,00:01:15,doors opened
07/05/2025,12,4248,Saturday,Saturday,East,15657883,79500,22:05:00,79540,22:05:40,17,263,Washington Ave & Henry Johnson Blvd (00263),0,0,9,,,81055,22:30:55,,,81055,22:30:55,0,00:00:00,door not opened
07/05/2025,12,4248,Saturday,Saturday,East,15657883,79500,22:05:00,79540,22:05:40,16,2096,Washington Ave & Lexington Ave (02096),0,0,9,,,80948,22:29:08,,,80948,22:29:08,0,00:00:00,door not opened
07/05/2025,12,4248,Saturday,Saturday,East,15657883,79500,22:05:00,79540,22:05:40,15,3253,Washington Ave & Robin St (Draper Hall) (03253),0,0,9,,,80926,22:28:46,,,80926,22:28:46,0,00:00:00,door not opened
07/05/2025,12,4248,Saturday,Saturday,East,15657883,79500,22:05:00,79540,22:05:40,14,2109,Washington Ave & N. Lake Ave (02109),0,0,9,,,80876,22:27:56,,,80888,22:28:08,12,00:00:12,door not opened
07/05/2025,12,4248,Saturday,Saturday,East,15657883,79500,22:05:00,79540,22:05:40,13,3255,Washington Ave & Quail St (03255),2,2,9,,,80812,22:26:52,,,80840,22:27:20,28,00:00:28,doors opened
07/05/2025,12,4248,Saturday,Saturday,East,15657883,79500,22:05:00,79540,22:05:40,12,3256,Washington Ave & Ontario St (03256),0,2,9,80700.0,22:25:00,80770,22:26:10,80700.0,22:25:00,80790,22:26:30,20,00:00:20,doors opened
07/05/2025,12,4248,Saturday,Saturday,East,15657883,79500,22:05:00,79540,22:05:40,11,2107,Washington Ave & Partridge St (02107),0,0,11,,,80750,22:25:50,,,80750,22:25:50,0,00:00:00,door not opened
07/05/2025,12,4248,Saturday,Saturday,East,15657883,79500,22:05:00,79540,22:05:40,10,3257,Washington Ave & N. Main Ave (03257),0,2,11,,,80649,22:24:09,,,80688,22:24:48,39,00:00:39,doors opened
07/05/2025,12,4248,Saturday,Saturday,East,15657883,79500,22:05:00,79540,22:05:40,9,1796,Washington Ave & N. Allen St (01796),0,3,13,80580.0,22:23:00,80600,22:23:20,80580.0,22:23:00,80620,22:23:40,20,00:00:20,doors opened
07/05/2025,12,4248,Saturday,Saturday,East,15657883,79500,22:05:00,79540,22:05:40,24,3940,Broadway & Steuben St (03940),0,0,0,81480.0,22:38:00,81478,22:37:58,81480.0,22:38:00,81478,22:37:58,0,00:00:00,door not opened
07/05/2025,12,4248,Saturday,Saturday,East,15657883,79500,22:05:00,79540,22:05:40,23,2509,State/Downtown Station - State St & S. Pearl St (02509),0,6,0,81240.0,22:34:00,81340,22:35:40,81240.0,22:34:00,81424,22:37:04,84,00:01:24,doors opened
07/05/2025,12,4248,Saturday,Saturday,East,15657883,79500,22:05:00,79540,22:05:40,22,1787,State St & Eagle St (01787),0,1,6,,,81300,22:35:00,,,81319,22:35:19,19,00:00:19,doors opened
07/05/2025,12,4248,Saturday,Saturday,West,15657886,82800,23:00:00,82863,23:01:03,18,1846,Washington Ave & Manning Blvd (01846),0,1,8,,,83710,23:15:10,,,83748,23:15:48,38,00:00:38,doors opened
07/05/2025,12,4248,Saturday,Saturday,West,15657886,82800,23:00:00,82863,23:01:03,17,3287,Washington Ave & N. Allen St (03287),1,0,9,83700.0,23:15:00,83667,23:14:27,83700.0,23:15:00,83682,23:14:42,15,00:00:15,doors opened
07/05/2025,12,4248,Saturday,Saturday,West,15657886,82800,23:00:00,82863,23:01:03,16,3264,Washington Ave & N. Main Ave (03264),0,0,8,,,83640,23:14:00,,,83640,23:14:00,0,00:00:00,door not opened
07/05/2025,12,4248,Saturday,Saturday,West,15657886,82800,23:00:00,82863,23:01:03,15,1839,Washington Ave & Partridge St (01839),0,0,8,,,83580,23:13:00,,,83580,23:13:00,0,00:00:00,door not opened
07/05/2025,12,4248,Saturday,Saturday,West,15657886,82800,23:00:00,82863,23:01:03,14,1841,Washington Ave & Ontario St (01841),0,0,8,83520.0,23:12:00,83551,23:12:31,83520.0,23:12:00,83563,23:12:43,12,00:00:12,door not opened
07/05/2025,12,4248,Saturday,Saturday,West,15657886,82800,23:00:00,82863,23:01:03,13,1842,Washington Ave & Quail St (01842),2,1,8,,,83492,23:11:32,,,83533,23:12:13,41,00:00:41,doors opened
07/05/2025,12,4248,Saturday,Saturday,West,15657886,82800,23:00:00,82863,23:01:03,12,1837,Washington Ave & N. Lake Ave (01837),0,0,7,,,83469,23:11:09,,,83469,23:11:09,0,00:00:00,door not opened
07/05/2025,12,4248,Saturday,Saturday,West,15657886,82800,23:00:00,82863,23:01:03,11,1843,Washington Ave & Robin St (01843),0,0,7,,,83441,23:10:41,,,83441,23:10:41,0,00:00:00,door not opened
07/05/2025,12,4248,Saturday,Saturday,West,15657886,82800,23:00:00,82863,23:01:03,10,12943,Washington Ave & Lexington Ave (12943),0,0,7,,,83419,23:10:19,,,83419,23:10:19,0,00:00:00,door not opened
07/05/2025,12,4248,Saturday,Saturday,West,15657886,82800,23:00:00,82863,23:01:03,9,12942,Washington Ave & Henry Johnson Blvd (12942),2,0,7,,,83319,23:08:39,,,83343,23:09:03,24,00:00:24,doors opened
07/05/2025,12,4248,Saturday,Saturday,West,15657886,82800,23:00:00,82863,23:01:03,8,3239,Lark/Library Station - Washington Ave & Lark St (03239),2,1,5,83160.0,23:06:00,83225,23:07:05,83160.0,23:06:00,83258,23:07:38,33,00:00:33,doors opened
07/05/2025,12,4248,Saturday,Saturday,West,15657886,82800,23:00:00,82863,23:01:03,7,3301,Washington Ave & S. Swan St (03301),0,0,4,,,83195,23:06:35,,,83195,23:06:35,0,00:00:00,door not opened
07/05/2025,12,4248,Saturday,Saturday,West,15657886,82800,23:00:00,82863,23:01:03,6,3250,Hawk/Capitol Station - Washington Ave & Hawk St (03250),1,0,4,,,83143,23:05:43,,,83170,23:06:10,27,00:00:27,doors opened
07/05/2025,12,4248,Saturday,Saturday,West,15657886,82800,23:00:00,82863,23:01:03,5,10087,State St & Eagle St (10087),0,0,3,,,83116,23:05:16,,,83116,23:05:16,0,00:00:00,door not opened
07/05/2025,12,4248,Saturday,Saturday,West,15657886,82800,23:00:00,82863,23:01:03,4,2665,State/Downtown Station - State St & Lodge St (02665),2,0,3,82980.0,23:03:00,82973,23:02:53,82980.0,23:03:00,83018,23:03:38,45,00:00:45,doors opened
07/05/2025,12,4248,Saturday,Saturday,West,15657886,82800,23:00:00,82863,23:01:03,3,3221,State Station - N. Pearl St & Ten Eyck Plaza (03221),0,0,1,,,82947,23:02:27,,,82947,23:02:27,0,00:00:00,door not opened
07/05/2025,12,4248,Saturday,Saturday,West,15657886,82800,23:00:00,82863,23:01:03,2,3233,N. Pearl St & Sheridan Ave (03233),0,0,1,,,82917,23:01:57,,,82917,23:01:57,0,00:00:00,door not opened
07/05/2025,12,4248,Saturday,Saturday,West,15657886,82800,23:00:00,82863,23:01:03,1,2168,Clinton Square Station - N. Pearl St & Clinton Ave (02168),0,0,1,,,82908,23:01:48,,,82908,23:01:48,0,00:00:00,door not opened
07/05/2025,12,4248,Saturday,Saturday,West,15657886,82800,23:00:00,82863,23:01:03,0,9018,Broadway & Orange St (09018),0,0,1,82800.0,23:00:00,82863,23:01:03,82800.0,23:00:00,82863,23:01:03,0,00:00:00,door not opened
07/05/2025,12,4248,Saturday,Saturday,West,15657886,82800,23:00:00,82863,23:01:03,27,7175,Crossgates Mall Station (07175),0,0,0,84720.0,23:32:00,84616,23:30:16,84720.0,23:32:00,84616,23:30:16,0,00:00:00,doors opened
07/05/2025,12,4248,Saturday,Saturday,West,15657886,82800,23:00:00,82863,23:01:03,26,12828,Crossgates Commons Station (12828),0,6,0,84300.0,23:25:00,84385,23:26:25,84300.0,23:25:00,84410,23:26:50,25,00:00:25,doors opened
07/05/2025,12,4248,Saturday,Saturday,West,15657886,82800,23:00:00,82863,23:01:03,25,12891,1475 Washington Ave (12891),0,1,6,,,84180,23:23:00,,,84200,23:23:20,20,00:00:20,doors opened
07/05/2025,12,4248,Saturday,Saturday,West,15657886,82800,23:00:00,82863,23:01:03,24,7216,SUNY Collins Circle (07216),0,0,7,84000.0,23:20:00,84095,23:21:35,84000.0,23:20:00,84095,23:21:35,0,00:00:00,door not opened
07/05/2025,12,4248,Saturday,Saturday,West,15657886,82800,23:00:00,82863,23:01:03,23,3262,1383 Washington Ave (Fairfield Inn) (03262),0,1,7,,,83967,23:19:27,,,83987,23:19:47,20,00:00:20,doors opened
07/05/2025,12,4248,Saturday,Saturday,West,15657886,82800,23:00:00,82863,23:01:03,22,976,Washington Ave & Brevator St (00976),0,0,8,,,83846,23:17:26,,,83846,23:17:26,0,00:00:00,door not opened
07/05/2025,12,4248,Saturday,Saturday,West,15657886,82800,23:00:00,82863,23:01:03,21,1959,Washington Ave & Colvin Ave (01959),0,0,8,,,83828,23:17:08,,,83828,23:17:08,0,00:00:00,door not opened
07/05/2025,12,4248,Saturday,Saturday,West,15657886,82800,23:00:00,82863,23:01:03,20,3399,Washington Ave & Danker Ave (03399),0,0,8,,,83796,23:16:36,,,83796,23:16:36,0,00:00:00,door not opened
07/05/2025,12,4248,Saturday,Saturday,West,15657886,82800,23:00:00,82863,23:01:03,19,1849,Washington Ave & Homestead Ave (01849),0,0,8,,,83775,23:16:15,,,83775,23:16:15,0,00:00:00,door not opened
07/05/2025,12,4248,Saturday,Saturday,East,15657887,84900,23:35:00,84907,23:35:07,8,11581,Washington Ave & Manning Blvd (11581),0,0,7,,,85850,23:50:50,,,85850,23:50:50,0,00:00:00,door not opened
07/05/2025,12,4248,Saturday,Saturday,East,15657887,84900,23:35:00,84907,23:35:07,7,2180,Washington Ave & Homestead Ave (02180),0,0,7,,,85829,23:50:29,,,85829,23:50:29,0,00:00:00,door not opened
07/05/2025,12,4248,Saturday,Saturday,East,15657887,84900,23:35:00,84907,23:35:07,6,2182,Washington Ave & Hawthorne St (02182),0,0,7,,,85809,23:50:09,,,85809,23:50:09,0,00:00:00,door not opened
07/05/2025,12,4248,Saturday,Saturday,East,15657887,84900,23:35:00,84907,23:35:07,5,3304,Washington Ave & Clermont St (03304),1,0,7,,,85770,23:49:30,,,85784,23:49:44,14,00:00:14,doors opened
07/05/2025,12,4248,Saturday,Saturday,East,15657887,84900,23:35:00,84907,23:35:07,4,3348,Washington Ave & Brevator St (03348),2,0,6,,,85727,23:48:47,,,85746,23:49:06,19,00:00:19,doors opened
07/05/2025,12,4248,Saturday,Saturday,East,15657887,84900,23:35:00,84907,23:35:07,3,10134,Washington Ave & SUNY Exit Rd (10134),0,1,4,,,85565,23:46:05,,,85581,23:46:21,16,00:00:16,doors opened
07/05/2025,12,4248,Saturday,Saturday,East,15657887,84900,23:35:00,84907,23:35:07,2,7216,SUNY Collins Circle (07216),1,0,5,85440.0,23:44:00,85450,23:44:10,85440.0,23:44:00,85467,23:44:27,17,00:00:17,doors opened
07/05/2025,12,4248,Saturday,Saturday,East,15657887,84900,23:35:00,84907,23:35:07,1,12827,Crossgates Commons Station (12827),2,0,4,85200.0,23:40:00,85189,23:39:49,85200.0,23:40:00,85217,23:40:17,28,00:00:28,doors opened
07/05/2025,12,4248,Saturday,Saturday,East,15657887,84900,23:35:00,84907,23:35:07,0,7175,Crossgates Mall Station (07175),2,0,2,84900.0,23:35:00,84907,23:35:07,84900.0,23:35:00,84907,23:35:07,0,00:00:00,doors opened
07/05/2025,12,4248,Saturday,Saturday,East,15657887,84900,23:35:00,84907,23:35:07,24,3940,Broadway & Steuben St (03940),0,0,0,86640.0,24:04:00,87056,24:10:56,86640.0,24:04:00,87056,24:10:56,0,00:00:00,door not opened
07/05/2025,12,4248,Saturday,Saturday,East,15657887,84900,23:35:00,84907,23:35:07,18,2663,Lark/Library Station - Washington Ave & Lark St (02663),0,0,0,86220.0,23:57:00,87003,24:10:03,86220.0,23:57:00,87003,24:10:03,0,00:00:00,door not opened
07/05/2025,12,4248,Saturday,Saturday,East,15657887,84900,23:35:00,84907,23:35:07,17,263,Washington Ave & Henry Johnson Blvd (00263),0,0,0,,,86324,23:58:44,,,86324,23:58:44,0,00:00:00,door not opened
07/05/2025,12,4248,Saturday,Saturday,East,15657887,84900,23:35:00,84907,23:35:07,16,2096,Washington Ave & Lexington Ave (02096),0,1,0,,,86223,23:57:03,,,86303,23:58:23,80,00:01:20,doors opened
07/05/2025,12,4248,Saturday,Saturday,East,15657887,84900,23:35:00,84907,23:35:07,15,3253,Washington Ave & Robin St (Draper Hall) (03253),0,1,1,,,86186,23:56:26,,,86207,23:56:47,21,00:00:21,doors opened
07/05/2025,12,4248,Saturday,Saturday,East,15657887,84900,23:35:00,84907,23:35:07,14,2109,Washington Ave & N. Lake Ave (02109),0,0,2,,,86146,23:55:46,,,86166,23:56:06,20,00:00:20,door not opened
07/05/2025,12,4248,Saturday,Saturday,East,15657887,84900,23:35:00,84907,23:35:07,13,3255,Washington Ave & Quail St (03255),0,0,2,,,86076,23:54:36,,,86114,23:55:14,38,00:00:38,door not opened
07/05/2025,12,4248,Saturday,Saturday,East,15657887,84900,23:35:00,84907,23:35:07,12,3256,Washington Ave & Ontario St (03256),0,2,2,85980.0,23:53:00,86039,23:53:59,85980.0,23:53:00,86053,23:54:13,14,00:00:14,doors opened
07/05/2025,12,4248,Saturday,Saturday,East,15657887,84900,23:35:00,84907,23:35:07,11,2107,Washington Ave & Partridge St (02107),0,0,4,,,86006,23:53:26,,,86015,23:53:35,9,00:00:09,doors opened
07/05/2025,12,4248,Saturday,Saturday,East,15657887,84900,23:35:00,84907,23:35:07,10,3257,Washington Ave & N. Main Ave (03257),0,0,4,,,85923,23:52:03,,,85923,23:52:03,0,00:00:00,door not opened
07/05/2025,12,4248,Saturday,Saturday,East,15657887,84900,23:35:00,84907,23:35:07,9,1796,Washington Ave & N. Allen St (01796),0,3,4,85860.0,23:51:00,85878,23:51:18,85860.0,23:51:00,85894,23:51:34,16,00:00:16,doors opened
07/05/2025,12,4248,Saturday,Saturday,East,15657864,50400,14:00:00,50536,14:02:16,24,3940,Broadway & Steuben St (03940),0,0,0,52560.0,14:36:00,52231,14:30:31,52560.0,14:36:00,52231,14:30:31,0,00:00:00,door not opened
07/05/2025,12,4248,Saturday,Saturday,East,15657864,50400,14:00:00,50536,14:02:16,23,2509,State/Downtown Station - State St & S. Pearl St (02509),0,4,0,52320.0,14:32:00,52167,14:29:27,52320.0,14:32:00,52181,14:29:41,14,00:00:14,doors opened
07/05/2025,12,4248,Saturday,Saturday,East,15657864,50400,14:00:00,50536,14:02:16,22,1787,State St & Eagle St (01787),0,0,4,,,52147,14:29:07,,,52147,14:29:07,0,00:00:00,door not opened
07/05/2025,12,4248,Saturday,Saturday,East,15657864,50400,14:00:00,50536,14:02:16,21,2706,Hawk/Capitol Station - Washington Ave & Hawk St (02706),0,0,4,,,52108,14:28:28,,,52108,14:28:28,0,00:00:00,door not opened
07/05/2025,12,4248,Saturday,Saturday,East,15657864,50400,14:00:00,50536,14:02:16,20,1789,Washington Ave & S. Swan St (01789),0,0,4,,,52093,14:28:13,,,52093,14:28:13,0,00:00:00,door not opened
07/05/2025,12,4248,Saturday,Saturday,East,15657864,50400,14:00:00,50536,14:02:16,19,1788,Washington Ave & Dove St (01788),0,0,4,,,52077,14:27:57,,,52077,14:27:57,0,00:00:00,door not opened
07/05/2025,12,4248,Saturday,Saturday,East,15657864,50400,14:00:00,50536,14:02:16,18,2663,Lark/Library Station - Washington Ave & Lark St (02663),0,0,4,52020.0,14:27:00,52008,14:26:48,52020.0,14:27:00,52008,14:26:48,0,00:00:00,door not opened
07/05/2025,12,4248,Saturday,Saturday,East,15657864,50400,14:00:00,50536,14:02:16,17,263,Washington Ave & Henry Johnson Blvd (00263),0,2,4,,,51967,14:26:07,,,51983,14:26:23,16,00:00:16,doors opened
07/05/2025,12,4248,Saturday,Saturday,East,15657864,50400,14:00:00,50536,14:02:16,16,2096,Washington Ave & Lexington Ave (02096),0,0,6,,,51915,14:25:15,,,51915,14:25:15,0,00:00:00,door not opened
07/05/2025,12,4248,Saturday,Saturday,East,15657864,50400,14:00:00,50536,14:02:16,15,3253,Washington Ave & Robin St (Draper Hall) (03253),0,2,6,,,51872,14:24:32,,,51900,14:25:00,28,00:00:28,doors opened
07/05/2025,12,4248,Saturday,Saturday,East,15657864,50400,14:00:00,50536,14:02:16,14,2109,Washington Ave & N. Lake Ave (02109),0,2,8,,,51825,14:23:45,,,51843,14:24:03,18,00:00:18,doors opened
07/05/2025,12,4248,Saturday,Saturday,East,15657864,50400,14:00:00,50536,14:02:16,13,3255,Washington Ave & Quail St (03255),0,1,10,,,51764,14:22:44,,,51794,14:23:14,30,00:00:30,doors opened
07/05/2025,12,4248,Saturday,Saturday,East,15657864,50400,14:00:00,50536,14:02:16,12,3256,Washington Ave & Ontario St (03256),0,0,11,51660.0,14:21:00,51742,14:22:22,51660.0,14:21:00,51742,14:22:22,0,00:00:00,door not opened
07/05/2025,12,4248,Saturday,Saturday,East,15657864,50400,14:00:00,50536,14:02:16,11,2107,Washington Ave & Partridge St (02107),0,0,11,,,51725,14:22:05,,,51725,14:22:05,0,00:00:00,door not opened
07/05/2025,12,4248,Saturday,Saturday,East,15657864,50400,14:00:00,50536,14:02:16,10,3257,Washington Ave & N. Main Ave (03257),0,0,11,,,51659,14:20:59,,,51659,14:20:59,0,00:00:00,door not opened
07/05/2025,12,4248,Saturday,Saturday,East,15657864,50400,14:00:00,50536,14:02:16,9,1796,Washington Ave & N. Allen St (01796),1,7,11,51540.0,14:19:00,51564,14:19:24,51540.0,14:19:00,51631,14:20:31,67,00:01:07,doors opened
07/05/2025,12,4248,Saturday,Saturday,East,15657864,50400,14:00:00,50536,14:02:16,8,11581,Washington Ave & Manning Blvd (11581),2,0,17,,,51484,14:18:04,,,51529,14:18:49,45,00:00:45,doors opened
07/05/2025,12,4248,Saturday,Saturday,East,15657864,50400,14:00:00,50536,14:02:16,7,2180,Washington Ave & Homestead Ave (02180),0,0,15,,,51461,14:17:41,,,51461,14:17:41,0,00:00:00,door not opened
07/05/2025,12,4248,Saturday,Saturday,East,15657864,50400,14:00:00,50536,14:02:16,6,2182,Washington Ave & Hawthorne St (02182),0,0,15,,,51441,14:17:21,,,51441,14:17:21,0,00:00:00,door not opened
07/05/2025,12,4248,Saturday,Saturday,East,15657864,50400,14:00:00,50536,14:02:16,5,3304,Washington Ave & Clermont St (03304),0,0,15,,,51420,14:17:00,,,51420,14:17:00,0,00:00:00,door not opened
07/05/2025,12,4248,Saturday,Saturday,East,15657864,50400,14:00:00,50536,14:02:16,4,3348,Washington Ave & Brevator St (03348),0,0,15,,,51379,14:16:19,,,51401,14:16:41,22,00:00:22,door not opened
07/05/2025,12,4248,Saturday,Saturday,East,15657864,50400,14:00:00,50536,14:02:16,3,10134,Washington Ave & SUNY Exit Rd (10134),4,0,15,,,51243,14:14:03,,,51272,14:14:32,29,00:00:29,doors opened
07/05/2025,12,4248,Saturday,Saturday,East,15657864,50400,14:00:00,50536,14:02:16,2,7216,SUNY Collins Circle (07216),0,1,11,51120.0,14:12:00,51155,14:12:35,51120.0,14:12:00,51158,14:12:38,3,00:00:03,door not opened
07/05/2025,12,4248,Saturday,Saturday,East,15657864,50400,14:00:00,50536,14:02:16,1,12827,Crossgates Commons Station (12827),6,3,12,50820.0,14:07:00,50823,14:07:03,50820.0,14:07:00,50896,14:08:16,73,00:01:13,doors opened
07/05/2025,12,4248,Saturday,Saturday,East,15657864,50400,14:00:00,50536,14:02:16,0,7175,Crossgates Mall Station (07175),9,0,9,50400.0,14:00:00,50536,14:02:16,50400.0,14:00:00,50536,14:02:16,0,00:00:00,doors opened
07/05/2025,12,4248,Saturday,Saturday,West,15657866,52800,14:40:00,52897,14:41:37,27,7175,Crossgates Mall Station (07175),0,0,0,55020.0,15:17:00,54846,15:14:06,55020.0,15:17:00,54846,15:14:06,0,00:00:00,door not opened
07/05/2025,12,4248,Saturday,Saturday,West,15657866,52800,14:40:00,52897,14:41:37,5,10087,State St & Eagle St (10087),0,0,9,,,53170,14:46:10,,,53170,14:46:10,0,00:00:00,door not opened
07/05/2025,12,4248,Saturday,Saturday,West,15657866,52800,14:40:00,52897,14:41:37,4,2665,State/Downtown Station - State St & Lodge St (02665),2,0,9,53040.0,14:44:00,53090,14:44:50,53040.0,14:44:00,53132,14:45:32,42,00:00:42,doors opened
07/05/2025,12,4248,Saturday,Saturday,West,15657866,52800,14:40:00,52897,14:41:37,3,3221,State Station - N. Pearl St & Ten Eyck Plaza (03221),2,0,7,,,53029,14:43:49,,,53057,14:44:17,28,00:00:28,doors opened
07/05/2025,12,4248,Saturday,Saturday,West,15657866,52800,14:40:00,52897,14:41:37,2,3233,N. Pearl St & Sheridan Ave (03233),0,0,5,,,53001,14:43:21,,,53001,14:43:21,0,00:00:00,door not opened
07/05/2025,12,4248,Saturday,Saturday,West,15657866,52800,14:40:00,52897,14:41:37,1,2168,Clinton Square Station - N. Pearl St & Clinton Ave (02168),3,0,5,,,52950,14:42:30,,,52987,14:43:07,37,00:00:37,doors opened
07/05/2025,12,4248,Saturday,Saturday,West,15657866,52800,14:40:00,52897,14:41:37,0,9018,Broadway & Orange St (09018),2,0,2,52800.0,14:40:00,52897,14:41:37,52800.0,14:40:00,52897,14:41:37,0,00:00:00,doors opened
07/05/2025,12,4248,Saturday,Saturday,West,15657866,52800,14:40:00,52897,14:41:37,26,12828,Crossgates Commons Station (12828),1,16,0,54600.0,15:10:00,54596,15:09:56,54600.0,15:10:00,54627,15:10:27,31,00:00:31,doors opened
07/05/2025,12,4248,Saturday,Saturday,West,15657866,52800,14:40:00,52897,14:41:37,25,12891,1475 Washington Ave (12891),0,3,15,,,54358,15:05:58,,,54372,15:06:12,14,00:00:14,doors opened
07/05/2025,12,4248,Saturday,Saturday,West,15657866,52800,14:40:00,52897,14:41:37,24,7216,SUNY Collins Circle (07216),0,0,18,54240.0,15:04:00,54268,15:04:28,54240.0,15:04:00,54268,15:04:28,0,00:00:00,door not opened
07/05/2025,12,4248,Saturday,Saturday,West,15657866,52800,14:40:00,52897,14:41:37,23,3262,1383 Washington Ave (Fairfield Inn) (03262),0,0,18,,,54183,15:03:03,,,54183,15:03:03,0,00:00:00,door not opened
07/05/2025,12,4248,Saturday,Saturday,West,15657866,52800,14:40:00,52897,14:41:37,22,976,Washington Ave & Brevator St (00976),0,0,18,,,54079,15:01:19,,,54079,15:01:19,0,00:00:00,door not opened
07/05/2025,12,4248,Saturday,Saturday,West,15657866,52800,14:40:00,52897,14:41:37,21,1959,Washington Ave & Colvin Ave (01959),0,0,18,,,54019,15:00:19,,,54055,15:00:55,36,00:00:36,door not opened
07/05/2025,12,4248,Saturday,Saturday,West,15657866,52800,14:40:00,52897,14:41:37,20,3399,Washington Ave & Danker Ave (03399),0,2,18,,,53976,14:59:36,,,53988,14:59:48,12,00:00:12,doors opened
07/05/2025,12,4248,Saturday,Saturday,West,15657866,52800,14:40:00,52897,14:41:37,19,1849,Washington Ave & Homestead Ave (01849),0,0,20,,,53954,14:59:14,,,53954,14:59:14,0,00:00:00,door not opened
07/05/2025,12,4248,Saturday,Saturday,West,15657866,52800,14:40:00,52897,14:41:37,18,1846,Washington Ave & Manning Blvd (01846),1,0,20,,,53914,14:58:34,,,53930,14:58:50,16,00:00:16,doors opened
07/05/2025,12,4248,Saturday,Saturday,West,15657866,52800,14:40:00,52897,14:41:37,17,3287,Washington Ave & N. Allen St (03287),1,0,19,53880.0,14:58:00,53854,14:57:34,53880.0,14:58:00,53880,14:58:00,26,00:00:26,doors opened
07/05/2025,12,4248,Saturday,Saturday,West,15657866,52800,14:40:00,52897,14:41:37,16,3264,Washington Ave & N. Main Ave (03264),0,0,18,,,53804,14:56:44,,,53810,14:56:50,6,00:00:06,door not opened
07/05/2025,12,4248,Saturday,Saturday,West,15657866,52800,14:40:00,52897,14:41:37,15,1839,Washington Ave & Partridge St (01839),0,0,18,,,53754,14:55:54,,,53754,14:55:54,0,00:00:00,door not opened
07/05/2025,12,4248,Saturday,Saturday,West,15657866,52800,14:40:00,52897,14:41:37,14,1841,Washington Ave & Ontario St (01841),0,0,18,53640.0,14:54:00,53737,14:55:37,53640.0,14:54:00,53737,14:55:37,0,00:00:00,door not opened
07/05/2025,12,4248,Saturday,Saturday,West,15657866,52800,14:40:00,52897,14:41:37,13,1842,Washington Ave & Quail St (01842),8,0,18,,,53625,14:53:45,,,53714,14:55:14,89,00:01:29,doors opened
07/05/2025,12,4248,Saturday,Saturday,West,15657866,52800,14:40:00,52897,14:41:37,12,1837,Washington Ave & N. Lake Ave (01837),0,0,10,,,53603,14:53:23,,,53603,14:53:23,0,00:00:00,door not opened
07/05/2025,12,4248,Saturday,Saturday,West,15657866,52800,14:40:00,52897,14:41:37,11,1843,Washington Ave & Robin St (01843),1,0,10,,,53556,14:52:36,,,53579,14:52:59,23,00:00:23,doors opened
07/05/2025,12,4248,Saturday,Saturday,West,15657866,52800,14:40:00,52897,14:41:37,10,12943,Washington Ave & Lexington Ave (12943),0,1,9,,,53514,14:51:54,,,53530,14:52:10,16,00:00:16,doors opened
07/05/2025,12,4248,Saturday,Saturday,West,15657866,52800,14:40:00,52897,14:41:37,9,12942,Washington Ave & Henry Johnson Blvd (12942),1,0,10,,,53386,14:49:46,,,53433,14:50:33,47,00:00:47,doors opened
07/05/2025,12,4248,Saturday,Saturday,West,15657866,52800,14:40:00,52897,14:41:37,8,3239,Lark/Library Station - Washington Ave & Lark St (03239),4,3,9,53280.0,14:48:00,53302,14:48:22,53280.0,14:48:00,53345,14:49:05,43,00:00:43,doors opened
07/05/2025,12,4248,Saturday,Saturday,West,15657866,52800,14:40:00,52897,14:41:37,7,3301,Washington Ave & S. Swan St (03301),1,2,8,,,53222,14:47:02,,,53262,14:47:42,40,00:00:40,doors opened
07/05/2025,12,4248,Saturday,Saturday,West,15657866,52800,14:40:00,52897,14:41:37,6,3250,Hawk/Capitol Station - Washington Ave & Hawk St (03250),0,0,9,,,53197,14:46:37,,,53197,14:46:37,0,00:00:00,door not opened
07/05/2025,12,4248,Saturday,Saturday,East,15657871,62400,17:20:00,62641,17:24:01,16,2096,Washington Ave & Lexington Ave (02096),0,0,9,,,63971,17:46:11,,,63971,17:46:11,0,00:00:00,door not opened
07/05/2025,12,4248,Saturday,Saturday,East,15657871,62400,17:20:00,62641,17:24:01,15,3253,Washington Ave & Robin St (Draper Hall) (03253),0,0,9,,,63944,17:45:44,,,63944,17:45:44,0,00:00:00,door not opened
07/05/2025,12,4248,Saturday,Saturday,East,15657871,62400,17:20:00,62641,17:24:01,14,2109,Washington Ave & N. Lake Ave (02109),0,1,9,,,63870,17:44:30,,,63918,17:45:18,48,00:00:48,doors opened
07/05/2025,12,4248,Saturday,Saturday,East,15657871,62400,17:20:00,62641,17:24:01,13,3255,Washington Ave & Quail St (03255),0,0,10,,,63842,17:44:02,,,63842,17:44:02,0,00:00:00,door not opened
07/05/2025,12,4248,Saturday,Saturday,East,15657871,62400,17:20:00,62641,17:24:01,12,3256,Washington Ave & Ontario St (03256),0,2,10,63660.0,17:41:00,63804,17:43:24,63660.0,17:41:00,63822,17:43:42,18,00:00:18,doors opened
07/05/2025,12,4248,Saturday,Saturday,East,15657871,62400,17:20:00,62641,17:24:01,11,2107,Washington Ave & Partridge St (02107),0,3,12,,,63761,17:42:41,,,63775,17:42:55,14,00:00:14,doors opened
07/05/2025,12,4248,Saturday,Saturday,East,15657871,62400,17:20:00,62641,17:24:01,10,3257,Washington Ave & N. Main Ave (03257),0,1,15,,,63675,17:41:15,,,63695,17:41:35,20,00:00:20,doors opened
07/05/2025,12,4248,Saturday,Saturday,East,15657871,62400,17:20:00,62641,17:24:01,9,1796,Washington Ave & N. Allen St (01796),0,3,16,63540.0,17:39:00,63626,17:40:26,63540.0,17:39:00,63644,17:40:44,18,00:00:18,doors opened
07/05/2025,12,4248,Saturday,Saturday,East,15657871,62400,17:20:00,62641,17:24:01,8,11581,Washington Ave & Manning Blvd (11581),0,2,19,,,63569,17:39:29,,,63593,17:39:53,24,00:00:24,doors opened
07/05/2025,12,4248,Saturday,Saturday,East,15657871,62400,17:20:00,62641,17:24:01,7,2180,Washington Ave & Homestead Ave (02180),0,0,21,,,63547,17:39:07,,,63547,17:39:07,0,00:00:00,door not opened
07/05/2025,12,4248,Saturday,Saturday,East,15657871,62400,17:20:00,62641,17:24:01,6,2182,Washington Ave & Hawthorne St (02182),0,0,21,,,63520,17:38:40,,,63520,17:38:40,0,00:00:00,door not opened
07/05/2025,12,4248,Saturday,Saturday,East,15657871,62400,17:20:00,62641,17:24:01,5,3304,Washington Ave & Clermont St (03304),0,1,21,,,63469,17:37:49,,,63498,17:38:18,29,00:00:29,doors opened
07/05/2025,12,4248,Saturday,Saturday,East,15657871,62400,17:20:00,62641,17:24:01,4,3348,Washington Ave & Brevator St (03348),0,0,22,,,63455,17:37:35,,,63455,17:37:35,0,00:00:00,door not opened
07/05/2025,12,4248,Saturday,Saturday,East,15657871,62400,17:20:00,62641,17:24:01,3,10134,Washington Ave & SUNY Exit Rd (10134),0,1,22,,,63330,17:35:30,,,63341,17:35:41,11,00:00:11,doors opened
07/05/2025,12,4248,Saturday,Saturday,East,15657871,62400,17:20:00,62641,17:24:01,2,7216,SUNY Collins Circle (07216),0,3,23,63120.0,17:32:00,63215,17:33:35,63120.0,17:32:00,63233,17:33:53,18,00:00:18,doors opened
07/05/2025,12,4248,Saturday,Saturday,East,15657871,62400,17:20:00,62641,17:24:01,1,12827,Crossgates Commons Station (12827),15,1,26,62820.0,17:27:00,62886,17:28:06,62820.0,17:27:00,62982,17:29:42,96,00:01:36,doors opened
07/05/2025,12,4248,Saturday,Saturday,East,15657871,62400,17:20:00,62641,17:24:01,0,7175,Crossgates Mall Station (07175),12,0,12,62400.0,17:20:00,62641,17:24:01,62400.0,17:20:00,62641,17:24:01,0,00:00:00,doors opened
07/05/2025,12,4248,Saturday,Saturday,East,15657871,62400,17:20:00,62641,17:24:01,24,3940,Broadway & Steuben St (03940),0,0,0,64560.0,17:56:00,64474,17:54:34,64560.0,17:56:00,64474,17:54:34,0,00:00:00,door not opened
07/05/2025,12,4248,Saturday,Saturday,East,15657871,62400,17:20:00,62641,17:24:01,23,2509,State/Downtown Station - State St & S. Pearl St (02509),0,4,0,64320.0,17:52:00,64385,17:53:05,64320.0,17:52:00,64430,17:53:50,45,00:00:45,doors opened
07/05/2025,12,4248,Saturday,Saturday,East,15657871,62400,17:20:00,62641,17:24:01,22,1787,State St & Eagle St (01787),0,0,4,,,64368,17:52:48,,,64368,17:52:48,0,00:00:00,door not opened
07/05/2025,12,4248,Saturday,Saturday,East,15657871,62400,17:20:00,62641,17:24:01,21,2706,Hawk/Capitol Station - Washington Ave & Hawk St (02706),0,1,4,,,64298,17:51:38,,,64324,17:52:04,26,00:00:26,doors opened
07/05/2025,12,4248,Saturday,Saturday,East,15657871,62400,17:20:00,62641,17:24:01,20,1789,Washington Ave & S. Swan St (01789),0,0,5,,,64273,17:51:13,,,64273,17:51:13,0,00:00:00,door not opened
07/05/2025,12,4248,Saturday,Saturday,East,15657871,62400,17:20:00,62641,17:24:01,19,1788,Washington Ave & Dove St (01788),0,0,5,,,64247,17:50:47,,,64247,17:50:47,0,00:00:00,door not opened
07/05/2025,12,4248,Saturday,Saturday,East,15657871,62400,17:20:00,62641,17:24:01,18,2663,Lark/Library Station - Washington Ave & Lark St (02663),1,3,5,64020.0,17:47:00,64124,17:48:44,64020.0,17:47:00,64221,17:50:21,97,00:01:37,doors opened
07/05/2025,12,4248,Saturday,Saturday,East,15657871,62400,17:20:00,62641,17:24:01,17,263,Washington Ave & Henry Johnson Blvd (00263),0,2,7,,,64076,17:47:56,,,64092,17:48:12,16,00:00:16,doors opened
07/05/2025,12,4248,Saturday,Saturday,West,15657873,64800,18:00:00,64913,18:01:53,2,3233,N. Pearl St & Sheridan Ave (03233),0,0,3,,,64986,18:03:06,,,64999,18:03:19,13,00:00:13,door not opened
07/05/2025,12,4248,Saturday,Saturday,West,15657873,64800,18:00:00,64913,18:01:53,1,2168,Clinton Square Station - N. Pearl St & Clinton Ave (02168),2,0,3,,,64948,18:02:28,,,64968,18:02:48,20,00:00:20,doors opened
07/05/2025,12,4248,Saturday,Saturday,West,15657873,64800,18:00:00,64913,18:01:53,0,9018,Broadway & Orange St (09018),1,0,1,64800.0,18:00:00,64913,18:01:53,64800.0,18:00:00,64913,18:01:53,0,00:00:00,doors opened
07/05/2025,12,4248,Saturday,Saturday,West,15657873,64800,18:00:00,64913,18:01:53,23,3262,1383 Washington Ave (Fairfield Inn) (03262),1,1,18,,,66282,18:24:42,,,66302,18:25:02,20,00:00:20,doors opened
07/05/2025,12,4248,Saturday,Saturday,West,15657873,64800,18:00:00,64913,18:01:53,22,976,Washington Ave & Brevator St (00976),0,0,18,,,66159,18:22:39,,,66159,18:22:39,0,00:00:00,door not opened
07/05/2025,12,4248,Saturday,Saturday,West,15657873,64800,18:00:00,64913,18:01:53,21,1959,Washington Ave & Colvin Ave (01959),0,0,18,,,66116,18:21:56,,,66136,18:22:16,20,00:00:20,door not opened
07/05/2025,12,4248,Saturday,Saturday,West,15657873,64800,18:00:00,64913,18:01:53,20,3399,Washington Ave & Danker Ave (03399),0,0,18,,,66091,18:21:31,,,66091,18:21:31,0,00:00:00,door not opened
07/05/2025,12,4248,Saturday,Saturday,West,15657873,64800,18:00:00,64913,18:01:53,19,1849,Washington Ave & Homestead Ave (01849),0,0,18,,,66072,18:21:12,,,66072,18:21:12,0,00:00:00,door not opened
07/05/2025,12,4248,Saturday,Saturday,West,15657873,64800,18:00:00,64913,18:01:53,18,1846,Washington Ave & Manning Blvd (01846),3,1,18,,,66017,18:20:17,,,66050,18:20:50,33,00:00:33,doors opened
07/05/2025,12,4248,Saturday,Saturday,West,15657873,64800,18:00:00,64913,18:01:53,17,3287,Washington Ave & N. Allen St (03287),2,0,16,65880.0,18:18:00,65952,18:19:12,65880.0,18:18:00,65986,18:19:46,34,00:00:34,doors opened
07/05/2025,12,4248,Saturday,Saturday,West,15657873,64800,18:00:00,64913,18:01:53,16,3264,Washington Ave & N. Main Ave (03264),0,0,14,,,65886,18:18:06,,,65918,18:18:38,32,00:00:32,door not opened
07/05/2025,12,4248,Saturday,Saturday,West,15657873,64800,18:00:00,64913,18:01:53,15,1839,Washington Ave & Partridge St (01839),0,0,14,,,65818,18:16:58,,,65818,18:16:58,0,00:00:00,door not opened
07/05/2025,12,4248,Saturday,Saturday,West,15657873,64800,18:00:00,64913,18:01:53,14,1841,Washington Ave & Ontario St (01841),0,1,14,65640.0,18:14:00,65769,18:16:09,65640.0,18:14:00,65798,18:16:38,29,00:00:29,doors opened
07/05/2025,12,4248,Saturday,Saturday,West,15657873,64800,18:00:00,64913,18:01:53,13,1842,Washington Ave & Quail St (01842),7,2,15,,,65681,18:14:41,,,65743,18:15:43,62,00:01:02,doors opened
07/05/2025,12,4248,Saturday,Saturday,West,15657873,64800,18:00:00,64913,18:01:53,12,1837,Washington Ave & N. Lake Ave (01837),0,0,10,,,65641,18:14:01,,,65656,18:14:16,15,00:00:15,door not opened
07/05/2025,12,4248,Saturday,Saturday,West,15657873,64800,18:00:00,64913,18:01:53,11,1843,Washington Ave & Robin St (01843),1,0,10,,,65598,18:13:18,,,65611,18:13:31,13,00:00:13,doors opened
07/05/2025,12,4248,Saturday,Saturday,West,15657873,64800,18:00:00,64913,18:01:53,27,7175,Crossgates Mall Station (07175),0,14,0,67020.0,18:37:00,67027,18:37:07,67020.0,18:37:00,67027,18:37:07,0,00:00:00,doors opened
07/05/2025,12,4248,Saturday,Saturday,West,15657873,64800,18:00:00,64913,18:01:53,26,12828,Crossgates Commons Station (12828),1,2,14,66600.0,18:30:00,66739,18:32:19,66600.0,18:30:00,66809,18:33:29,70,00:01:10,doors opened
07/05/2025,12,4248,Saturday,Saturday,West,15657873,64800,18:00:00,64913,18:01:53,25,12891,1475 Washington Ave (12891),0,1,15,,,66508,18:28:28,,,66520,18:28:40,12,00:00:12,doors opened
07/05/2025,12,4248,Saturday,Saturday,West,15657873,64800,18:00:00,64913,18:01:53,24,7216,SUNY Collins Circle (07216),0,2,16,66240.0,18:24:00,66385,18:26:25,66240.0,18:24:00,66402,18:26:42,17,00:00:17,doors opened
07/05/2025,12,4248,Saturday,Saturday,West,15657873,64800,18:00:00,64913,18:01:53,10,12943,Washington Ave & Lexington Ave (12943),0,0,9,,,65555,18:12:35,,,65555,18:12:35,0,00:00:00,door not opened
07/05/2025,12,4248,Saturday,Saturday,West,15657873,64800,18:00:00,64913,18:01:53,9,12942,Washington Ave & Henry Johnson Blvd (12942),1,0,9,,,65514,18:11:54,,,65533,18:12:13,19,00:00:19,doors opened
07/05/2025,12,4248,Saturday,Saturday,West,15657873,64800,18:00:00,64913,18:01:53,8,3239,Lark/Library Station - Washington Ave & Lark St (03239),1,0,8,65280.0,18:08:00,65416,18:10:16,65280.0,18:08:00,65452,18:10:52,36,00:00:36,doors opened
07/05/2025,12,4248,Saturday,Saturday,West,15657873,64800,18:00:00,64913,18:01:53,7,3301,Washington Ave & S. Swan St (03301),2,0,7,,,65324,18:08:44,,,65376,18:09:36,52,00:00:52,doors opened
07/05/2025,12,4248,Saturday,Saturday,West,15657873,64800,18:00:00,64913,18:01:53,6,3250,Hawk/Capitol Station - Washington Ave & Hawk St (03250),0,0,5,,,65298,18:08:18,,,65298,18:08:18,0,00:00:00,door not opened
07/05/2025,12,4248,Saturday,Saturday,West,15657873,64800,18:00:00,64913,18:01:53,5,10087,State St & Eagle St (10087),0,0,5,,,65273,18:07:53,,,65273,18:07:53,0,00:00:00,door not opened
07/05/2025,12,4248,Saturday,Saturday,West,15657873,64800,18:00:00,64913,18:01:53,4,2665,State/Downtown Station - State St & Lodge St (02665),0,0,5,65040.0,18:04:00,65156,18:05:56,65040.0,18:04:00,65156,18:05:56,0,00:00:00,door not opened
07/05/2025,12,4248,Saturday,Saturday,West,15657873,64800,18:00:00,64913,18:01:53,3,3221,State Station - N. Pearl St & Ten Eyck Plaza (03221),2,0,5,,,65032,18:03:52,,,65134,18:05:34,102,00:01:42,doors opened
07/05/2025,12,4249,Saturday,Saturday,West,15656829,21600,06:00:00,22022,06:07:02,27,7175,Crossgates Mall Station (07175),0,5,0,23580.0,06:33:00,23703,06:35:03,23580.0,06:33:00,23703,06:35:03,0,00:00:00,doors opened
07/05/2025,12,4249,Saturday,Saturday,West,15656829,21600,06:00:00,22022,06:07:02,26,12828,Crossgates Commons Station (12828),0,10,5,23160.0,06:26:00,23489,06:31:29,23160.0,06:26:00,23510,06:31:50,21,00:00:21,doors opened
07/05/2025,12,4249,Saturday,Saturday,West,15656829,21600,06:00:00,22022,06:07:02,25,12891,1475 Washington Ave (12891),1,0,15,,,23289,06:28:09,,,23303,06:28:23,14,00:00:14,doors opened
07/05/2025,12,4249,Saturday,Saturday,West,15656829,21600,06:00:00,22022,06:07:02,24,7216,SUNY Collins Circle (07216),0,0,14,22800.0,06:20:00,23210,06:26:50,22800.0,06:20:00,23210,06:26:50,0,00:00:00,door not opened
07/05/2025,12,4249,Saturday,Saturday,West,15656829,21600,06:00:00,22022,06:07:02,23,3262,1383 Washington Ave (Fairfield Inn) (03262),0,0,14,,,23135,06:25:35,,,23135,06:25:35,0,00:00:00,door not opened
07/05/2025,12,4249,Saturday,Saturday,West,15656829,21600,06:00:00,22022,06:07:02,22,976,Washington Ave & Brevator St (00976),0,0,14,,,23028,06:23:48,,,23028,06:23:48,0,00:00:00,door not opened
07/05/2025,12,4249,Saturday,Saturday,West,15656829,21600,06:00:00,22022,06:07:02,21,1959,Washington Ave & Colvin Ave (01959),0,0,14,,,23011,06:23:31,,,23011,06:23:31,0,00:00:00,door not opened
07/05/2025,12,4249,Saturday,Saturday,West,15656829,21600,06:00:00,22022,06:07:02,20,3399,Washington Ave & Danker Ave (03399),0,0,14,,,22987,06:23:07,,,22987,06:23:07,0,00:00:00,door not opened
07/05/2025,12,4249,Saturday,Saturday,West,15656829,21600,06:00:00,22022,06:07:02,19,1849,Washington Ave & Homestead Ave (01849),1,0,14,,,22948,06:22:28,,,22966,06:22:46,18,00:00:18,doors opened
07/05/2025,12,4249,Saturday,Saturday,West,15656829,21600,06:00:00,22022,06:07:02,18,1846,Washington Ave & Manning Blvd (01846),0,0,13,,,22928,06:22:08,,,22928,06:22:08,0,00:00:00,door not opened
07/05/2025,12,4249,Saturday,Saturday,West,15656829,21600,06:00:00,22022,06:07:02,17,3287,Washington Ave & N. Allen St (03287),1,0,13,22500.0,06:15:00,22883,06:21:23,22500.0,06:15:00,22903,06:21:43,20,00:00:20,doors opened
07/05/2025,12,4249,Saturday,Saturday,West,15656829,21600,06:00:00,22022,06:07:02,16,3264,Washington Ave & N. Main Ave (03264),1,0,12,,,22830,06:20:30,,,22854,06:20:54,24,00:00:24,doors opened
07/05/2025,12,4249,Saturday,Saturday,West,15656829,21600,06:00:00,22022,06:07:02,15,1839,Washington Ave & Partridge St (01839),2,0,11,,,22767,06:19:27,,,22789,06:19:49,22,00:00:22,doors opened
07/05/2025,12,4249,Saturday,Saturday,West,15656829,21600,06:00:00,22022,06:07:02,14,1841,Washington Ave & Ontario St (01841),4,0,9,22320.0,06:12:00,22723,06:18:43,22320.0,06:12:00,22743,06:19:03,20,00:00:20,doors opened
07/05/2025,12,4249,Saturday,Saturday,West,15656829,21600,06:00:00,22022,06:07:02,13,1842,Washington Ave & Quail St (01842),1,0,5,,,22659,06:17:39,,,22701,06:18:21,42,00:00:42,doors opened
07/05/2025,12,4249,Saturday,Saturday,West,15656829,21600,06:00:00,22022,06:07:02,12,1837,Washington Ave & N. Lake Ave (01837),0,0,4,,,22603,06:16:43,,,22632,06:17:12,29,00:00:29,door not opened
07/05/2025,12,4249,Saturday,Saturday,West,15656829,21600,06:00:00,22022,06:07:02,11,1843,Washington Ave & Robin St (01843),0,0,4,,,22582,06:16:22,,,22582,06:16:22,0,00:00:00,door not opened
07/05/2025,12,4249,Saturday,Saturday,West,15656829,21600,06:00:00,22022,06:07:02,10,12943,Washington Ave & Lexington Ave (12943),0,0,4,,,22560,06:16:00,,,22560,06:16:00,0,00:00:00,door not opened
07/05/2025,12,4249,Saturday,Saturday,West,15656829,21600,06:00:00,22022,06:07:02,9,12942,Washington Ave & Henry Johnson Blvd (12942),1,0,4,,,22506,06:15:06,,,22526,06:15:26,20,00:00:20,doors opened
07/05/2025,12,4249,Saturday,Saturday,West,15656829,21600,06:00:00,22022,06:07:02,8,3239,Lark/Library Station - Washington Ave & Lark St (03239),0,0,3,21960.0,06:06:00,22447,06:14:07,21960.0,06:06:00,22447,06:14:07,0,00:00:00,door not opened
07/05/2025,12,4249,Saturday,Saturday,West,15656829,21600,06:00:00,22022,06:07:02,7,3301,Washington Ave & S. Swan St (03301),0,0,3,,,22358,06:12:38,,,22379,06:12:59,21,00:00:21,door not opened
07/05/2025,12,4249,Saturday,Saturday,West,15656829,21600,06:00:00,22022,06:07:02,6,3250,Hawk/Capitol Station - Washington Ave & Hawk St (03250),0,0,3,,,22337,06:12:17,,,22337,06:12:17,0,00:00:00,door not opened
07/05/2025,12,4249,Saturday,Saturday,West,15656829,21600,06:00:00,22022,06:07:02,5,10087,State St & Eagle St (10087),0,0,3,,,22313,06:11:53,,,22313,06:11:53,0,00:00:00,door not opened
07/05/2025,12,4249,Saturday,Saturday,West,15656829,21600,06:00:00,22022,06:07:02,4,2665,State/Downtown Station - State St & Lodge St (02665),1,0,3,21780.0,06:03:00,22188,06:09:48,21780.0,06:03:00,22207,06:10:07,19,00:00:19,doors opened
07/05/2025,12,4249,Saturday,Saturday,West,15656829,21600,06:00:00,22022,06:07:02,3,3221,State Station - N. Pearl St & Ten Eyck Plaza (03221),0,0,2,,,22160,06:09:20,,,22160,06:09:20,0,00:00:00,door not opened
07/05/2025,12,4249,Saturday,Saturday,West,15656829,21600,06:00:00,22022,06:07:02,2,3233,N. Pearl St & Sheridan Ave (03233),0,0,2,,,22124,06:08:44,,,22124,06:08:44,0,00:00:00,door not opened
07/05/2025,12,4249,Saturday,Saturday,West,15656829,21600,06:00:00,22022,06:07:02,1,2168,Clinton Square Station - N. Pearl St & Clinton Ave (02168),1,0,2,,,22093,06:08:13,,,22109,06:08:29,16,00:00:16,doors opened
07/05/2025,12,4249,Saturday,Saturday,West,15656829,21600,06:00:00,22022,06:07:02,0,9018,Broadway & Orange St (09018),1,0,1,21600.0,06:00:00,22022,06:07:02,21600.0,06:00:00,22022,06:07:02,0,00:00:00,doors opened
07/05/2025,12,4249,Saturday,Saturday,East,15656830,24000,06:40:00,24280,06:44:40,22,1787,State St & Eagle St (01787),0,0,0,,,25569,07:06:09,,,25569,07:06:09,0,00:00:00,door not opened
07/05/2025,12,4249,Saturday,Saturday,East,15656830,24000,06:40:00,24280,06:44:40,21,2706,Hawk/Capitol Station - Washington Ave & Hawk St (02706),0,0,0,,,25458,07:04:18,,,25458,07:04:18,0,00:00:00,door not opened
07/05/2025,12,4249,Saturday,Saturday,East,15656830,24000,06:40:00,24280,06:44:40,20,1789,Washington Ave & S. Swan St (01789),0,0,0,,,25442,07:04:02,,,25442,07:04:02,0,00:00:00,door not opened
07/05/2025,12,4249,Saturday,Saturday,East,15656830,24000,06:40:00,24280,06:44:40,19,1788,Washington Ave & Dove St (01788),0,0,0,,,25420,07:03:40,,,25420,07:03:40,0,00:00:00,door not opened
07/05/2025,12,4249,Saturday,Saturday,East,15656830,24000,06:40:00,24280,06:44:40,18,2663,Lark/Library Station - Washington Ave & Lark St (02663),0,0,0,25380.0,07:03:00,25373,07:02:53,25380.0,07:03:00,25390,07:03:10,17,00:00:17,door not opened
07/05/2025,12,4249,Saturday,Saturday,East,15656830,24000,06:40:00,24280,06:44:40,17,263,Washington Ave & Henry Johnson Blvd (00263),0,2,0,,,25326,07:02:06,,,25349,07:02:29,23,00:00:23,doors opened
07/05/2025,12,4249,Saturday,Saturday,East,15656830,24000,06:40:00,24280,06:44:40,16,2096,Washington Ave & Lexington Ave (02096),0,0,2,,,25252,07:00:52,,,25252,07:00:52,0,00:00:00,door not opened
07/05/2025,12,4249,Saturday,Saturday,East,15656830,24000,06:40:00,24280,06:44:40,15,3253,Washington Ave & Robin St (Draper Hall) (03253),0,0,2,,,25237,07:00:37,,,25237,07:00:37,0,00:00:00,door not opened
07/05/2025,12,4249,Saturday,Saturday,East,15656830,24000,06:40:00,24280,06:44:40,14,2109,Washington Ave & N. Lake Ave (02109),0,1,2,,,25187,06:59:47,,,25211,07:00:11,24,00:00:24,doors opened
07/05/2025,12,4249,Saturday,Saturday,East,15656830,24000,06:40:00,24280,06:44:40,13,3255,Washington Ave & Quail St (03255),0,0,3,,,25164,06:59:24,,,25164,06:59:24,0,00:00:00,door not opened
07/05/2025,12,4249,Saturday,Saturday,East,15656830,24000,06:40:00,24280,06:44:40,12,3256,Washington Ave & Ontario St (03256),0,0,3,25080.0,06:58:00,25136,06:58:56,25080.0,06:58:00,25136,06:58:56,0,00:00:00,door not opened
07/05/2025,12,4249,Saturday,Saturday,East,15656830,24000,06:40:00,24280,06:44:40,11,2107,Washington Ave & Partridge St (02107),0,0,3,,,25117,06:58:37,,,25117,06:58:37,0,00:00:00,door not opened
07/05/2025,12,4249,Saturday,Saturday,East,15656830,24000,06:40:00,24280,06:44:40,10,3257,Washington Ave & N. Main Ave (03257),0,0,3,,,25079,06:57:59,,,25079,06:57:59,0,00:00:00,door not opened
07/05/2025,12,4249,Saturday,Saturday,East,15656830,24000,06:40:00,24280,06:44:40,9,1796,Washington Ave & N. Allen St (01796),0,0,3,24960.0,06:56:00,25033,06:57:13,24960.0,06:56:00,25050,06:57:30,17,00:00:17,door not opened
07/05/2025,12,4249,Saturday,Saturday,East,15656830,24000,06:40:00,24280,06:44:40,8,11581,Washington Ave & Manning Blvd (11581),0,0,3,,,25001,06:56:41,,,25001,06:56:41,0,00:00:00,door not opened
07/05/2025,12,4249,Saturday,Saturday,East,15656830,24000,06:40:00,24280,06:44:40,7,2180,Washington Ave & Homestead Ave (02180),0,0,3,,,24983,06:56:23,,,24983,06:56:23,0,00:00:00,door not opened
07/05/2025,12,4249,Saturday,Saturday,East,15656830,24000,06:40:00,24280,06:44:40,6,2182,Washington Ave & Hawthorne St (02182),0,0,3,,,24963,06:56:03,,,24963,06:56:03,0,00:00:00,door not opened
07/05/2025,12,4249,Saturday,Saturday,East,15656830,24000,06:40:00,24280,06:44:40,5,3304,Washington Ave & Clermont St (03304),0,0,3,,,24950,06:55:50,,,24950,06:55:50,0,00:00:00,door not opened
07/05/2025,12,4249,Saturday,Saturday,East,15656830,24000,06:40:00,24280,06:44:40,4,3348,Washington Ave & Brevator St (03348),0,0,3,,,24935,06:55:35,,,24935,06:55:35,0,00:00:00,door not opened
07/05/2025,12,4249,Saturday,Saturday,East,15656830,24000,06:40:00,24280,06:44:40,3,10134,Washington Ave & SUNY Exit Rd (10134),0,0,3,,,24841,06:54:01,,,24841,06:54:01,0,00:00:00,door not opened
07/05/2025,12,4249,Saturday,Saturday,East,15656830,24000,06:40:00,24280,06:44:40,2,7216,SUNY Collins Circle (07216),0,0,3,24540.0,06:49:00,24760,06:52:40,24540.0,06:49:00,24760,06:52:40,0,00:00:00,door not opened
07/05/2025,12,4249,Saturday,Saturday,East,15656830,24000,06:40:00,24280,06:44:40,1,12827,Crossgates Commons Station (12827),1,0,3,24300.0,06:45:00,24496,06:48:16,24300.0,06:45:00,24518,06:48:38,22,00:00:22,doors opened
07/05/2025,12,4249,Saturday,Saturday,East,15656830,24000,06:40:00,24280,06:44:40,0,7175,Crossgates Mall Station (07175),2,0,2,24000.0,06:40:00,24280,06:44:40,24000.0,06:40:00,24280,06:44:40,0,00:00:00,doors opened
07/05/2025,12,4249,Saturday,Saturday,East,15656830,24000,06:40:00,24280,06:44:40,24,3940,Broadway & Steuben St (03940),0,0,0,25800.0,07:10:00,25640,07:07:20,25800.0,07:10:00,25640,07:07:20,0,00:00:00,door not opened
07/05/2025,12,4249,Saturday,Saturday,East,15656830,24000,06:40:00,24280,06:44:40,23,2509,State/Downtown Station - State St & S. Pearl St (02509),0,0,0,25560.0,07:06:00,25584,07:06:24,25560.0,07:06:00,25584,07:06:24,0,00:00:00,door not opened
07/05/2025,12,4249,Saturday,Saturday,West,15656941,27000,07:30:00,27229,07:33:49,27,7175,Crossgates Mall Station (07175),0,6,0,29040.0,08:04:00,28871,08:01:11,29040.0,08:04:00,28871,08:01:11,0,00:00:00,doors opened
07/05/2025,12,4249,Saturday,Saturday,West,15656941,27000,07:30:00,27229,07:33:49,26,12828,Crossgates Commons Station (12828),0,5,6,28620.0,07:57:00,28661,07:57:41,28620.0,07:57:00,28682,07:58:02,21,00:00:21,doors opened
07/05/2025,12,4249,Saturday,Saturday,West,15656941,27000,07:30:00,27229,07:33:49,25,12891,1475 Washington Ave (12891),1,0,11,,,28477,07:54:37,,,28491,07:54:51,14,00:00:14,doors opened
07/05/2025,12,4249,Saturday,Saturday,West,15656941,27000,07:30:00,27229,07:33:49,24,7216,SUNY Collins Circle (07216),0,0,10,28260.0,07:51:00,28400,07:53:20,28260.0,07:51:00,28400,07:53:20,0,00:00:00,door not opened
07/05/2025,12,4249,Saturday,Saturday,West,15656941,27000,07:30:00,27229,07:33:49,23,3262,1383 Washington Ave (Fairfield Inn) (03262),0,2,10,,,28306,07:51:46,,,28326,07:52:06,20,00:00:20,doors opened
07/05/2025,12,4249,Saturday,Saturday,West,15656941,27000,07:30:00,27229,07:33:49,22,976,Washington Ave & Brevator St (00976),0,0,12,,,28202,07:50:02,,,28202,07:50:02,0,00:00:00,door not opened
07/05/2025,12,4249,Saturday,Saturday,West,15656941,27000,07:30:00,27229,07:33:49,21,1959,Washington Ave & Colvin Ave (01959),0,0,12,,,28163,07:49:23,,,28182,07:49:42,19,00:00:19,door not opened
07/05/2025,12,4249,Saturday,Saturday,West,15656941,27000,07:30:00,27229,07:33:49,20,3399,Washington Ave & Danker Ave (03399),0,0,12,,,28137,07:48:57,,,28137,07:48:57,0,00:00:00,door not opened
07/05/2025,12,4249,Saturday,Saturday,West,15656941,27000,07:30:00,27229,07:33:49,19,1849,Washington Ave & Homestead Ave (01849),1,0,12,,,28102,07:48:22,,,28116,07:48:36,14,00:00:14,doors opened
07/05/2025,12,4249,Saturday,Saturday,West,15656941,27000,07:30:00,27229,07:33:49,18,1846,Washington Ave & Manning Blvd (01846),0,0,11,,,28083,07:48:03,,,28083,07:48:03,0,00:00:00,door not opened
07/05/2025,12,4249,Saturday,Saturday,West,15656941,27000,07:30:00,27229,07:33:49,17,3287,Washington Ave & N. Allen St (03287),0,0,11,27960.0,07:46:00,28038,07:47:18,27960.0,07:46:00,28059,07:47:39,21,00:00:21,door not opened
07/05/2025,12,4249,Saturday,Saturday,West,15656941,27000,07:30:00,27229,07:33:49,16,3264,Washington Ave & N. Main Ave (03264),0,0,11,,,28012,07:46:52,,,28012,07:46:52,0,00:00:00,door not opened
07/05/2025,12,4249,Saturday,Saturday,West,15656941,27000,07:30:00,27229,07:33:49,15,1839,Washington Ave & Partridge St (01839),1,0,11,,,27919,07:45:19,,,27933,07:45:33,14,00:00:14,doors opened
07/05/2025,12,4249,Saturday,Saturday,West,15656941,27000,07:30:00,27229,07:33:49,14,1841,Washington Ave & Ontario St (01841),2,0,10,27780.0,07:43:00,27854,07:44:14,27780.0,07:43:00,27896,07:44:56,42,00:00:42,doors opened
07/05/2025,12,4249,Saturday,Saturday,West,15656941,27000,07:30:00,27229,07:33:49,13,1842,Washington Ave & Quail St (01842),0,0,8,,,27823,07:43:43,,,27832,07:43:52,9,00:00:09,door not opened
07/05/2025,12,4249,Saturday,Saturday,West,15656941,27000,07:30:00,27229,07:33:49,12,1837,Washington Ave & N. Lake Ave (01837),0,1,8,,,27776,07:42:56,,,27797,07:43:17,21,00:00:21,doors opened
07/05/2025,12,4249,Saturday,Saturday,West,15656941,27000,07:30:00,27229,07:33:49,11,1843,Washington Ave & Robin St (01843),0,0,9,,,27760,07:42:40,,,27760,07:42:40,0,00:00:00,door not opened
07/05/2025,12,4249,Saturday,Saturday,West,15656941,27000,07:30:00,27229,07:33:49,10,12943,Washington Ave & Lexington Ave (12943),0,0,9,,,27740,07:42:20,,,27740,07:42:20,0,00:00:00,door not opened
07/05/2025,12,4249,Saturday,Saturday,West,15656941,27000,07:30:00,27229,07:33:49,9,12942,Washington Ave & Henry Johnson Blvd (12942),1,0,9,,,27699,07:41:39,,,27713,07:41:53,14,00:00:14,doors opened
07/05/2025,12,4249,Saturday,Saturday,West,15656941,27000,07:30:00,27229,07:33:49,8,3239,Lark/Library Station - Washington Ave & Lark St (03239),1,0,8,27420.0,07:37:00,27605,07:40:05,27420.0,07:37:00,27638,07:40:38,33,00:00:33,doors opened
07/05/2025,12,4249,Saturday,Saturday,West,15656941,27000,07:30:00,27229,07:33:49,7,3301,Washington Ave & S. Swan St (03301),0,0,7,,,27563,07:39:23,,,27573,07:39:33,10,00:00:10,door not opened
07/05/2025,12,4249,Saturday,Saturday,West,15656941,27000,07:30:00,27229,07:33:49,6,3250,Hawk/Capitol Station - Washington Ave & Hawk St (03250),0,0,7,,,27540,07:39:00,,,27540,07:39:00,0,00:00:00,door not opened
07/05/2025,12,4249,Saturday,Saturday,West,15656941,27000,07:30:00,27229,07:33:49,5,10087,State St & Eagle St (10087),0,0,7,,,27518,07:38:38,,,27518,07:38:38,0,00:00:00,door not opened
07/05/2025,12,4249,Saturday,Saturday,West,15656941,27000,07:30:00,27229,07:33:49,4,2665,State/Downtown Station - State St & Lodge St (02665),5,0,7,27240.0,07:34:00,27438,07:37:18,27240.0,07:34:00,27472,07:37:52,34,00:00:34,doors opened
07/05/2025,12,4249,Saturday,Saturday,West,15656941,27000,07:30:00,27229,07:33:49,3,3221,State Station - N. Pearl St & Ten Eyck Plaza (03221),0,0,2,,,27359,07:35:59,,,27359,07:35:59,0,00:00:00,door not opened
07/05/2025,12,4249,Saturday,Saturday,West,15656941,27000,07:30:00,27229,07:33:49,2,3233,N. Pearl St & Sheridan Ave (03233),0,0,2,,,27308,07:35:08,,,27325,07:35:25,17,00:00:17,door not opened
07/05/2025,12,4249,Saturday,Saturday,West,15656941,27000,07:30:00,27229,07:33:49,1,2168,Clinton Square Station - N. Pearl St & Clinton Ave (02168),1,0,2,,,27275,07:34:35,,,27292,07:34:52,17,00:00:17,doors opened
07/05/2025,12,4249,Saturday,Saturday,West,15656941,27000,07:30:00,27229,07:33:49,0,9018,Broadway & Orange St (09018),0,0,1,27000.0,07:30:00,27229,07:33:49,27000.0,07:30:00,27229,07:33:49,0,00:00:00,door not opened
07/05/2025,12,4249,Saturday,Saturday,East,15656942,29400,08:10:00,29752,08:15:52,24,3940,Broadway & Steuben St (03940),0,0,0,31200.0,08:40:00,31404,08:43:24,31200.0,08:40:00,31404,08:43:24,0,00:00:00,door not opened
07/05/2025,12,4249,Saturday,Saturday,East,15656942,29400,08:10:00,29752,08:15:52,23,2509,State/Downtown Station - State St & S. Pearl St (02509),0,7,0,30960.0,08:36:00,31337,08:42:17,30960.0,08:36:00,31362,08:42:42,25,00:00:25,doors opened
07/05/2025,12,4249,Saturday,Saturday,East,15656942,29400,08:10:00,29752,08:15:52,22,1787,State St & Eagle St (01787),0,0,7,,,31301,08:41:41,,,31301,08:41:41,0,00:00:00,door not opened
07/05/2025,12,4249,Saturday,Saturday,East,15656942,29400,08:10:00,29752,08:15:52,21,2706,Hawk/Capitol Station - Washington Ave & Hawk St (02706),0,1,7,,,31153,08:39:13,,,31167,08:39:27,14,00:00:14,doors opened
07/05/2025,12,4249,Saturday,Saturday,East,15656942,29400,08:10:00,29752,08:15:52,20,1789,Washington Ave & S. Swan St (01789),0,0,8,,,31130,08:38:50,,,31130,08:38:50,0,00:00:00,door not opened
07/05/2025,12,4249,Saturday,Saturday,East,15656942,29400,08:10:00,29752,08:15:52,19,1788,Washington Ave & Dove St (01788),0,0,8,,,31109,08:38:29,,,31109,08:38:29,0,00:00:00,door not opened
07/05/2025,12,4249,Saturday,Saturday,East,15656942,29400,08:10:00,29752,08:15:52,18,2663,Lark/Library Station - Washington Ave & Lark St (02663),1,1,8,30780.0,08:33:00,31075,08:37:55,30780.0,08:33:00,31089,08:38:09,14,00:00:14,doors opened
07/05/2025,12,4249,Saturday,Saturday,East,15656942,29400,08:10:00,29752,08:15:52,17,263,Washington Ave & Henry Johnson Blvd (00263),0,3,8,,,31020,08:37:00,,,31051,08:37:31,31,00:00:31,doors opened
07/05/2025,12,4249,Saturday,Saturday,East,15656942,29400,08:10:00,29752,08:15:52,16,2096,Washington Ave & Lexington Ave (02096),0,0,11,,,30938,08:35:38,,,30995,08:36:35,57,00:00:57,door not opened
07/05/2025,12,4249,Saturday,Saturday,East,15656942,29400,08:10:00,29752,08:15:52,15,3253,Washington Ave & Robin St (Draper Hall) (03253),0,0,11,,,30906,08:35:06,,,30906,08:35:06,0,00:00:00,door not opened
07/05/2025,12,4249,Saturday,Saturday,East,15656942,29400,08:10:00,29752,08:15:52,14,2109,Washington Ave & N. Lake Ave (02109),1,0,11,,,30864,08:34:24,,,30875,08:34:35,11,00:00:11,doors opened
07/05/2025,12,4249,Saturday,Saturday,East,15656942,29400,08:10:00,29752,08:15:52,13,3255,Washington Ave & Quail St (03255),2,0,10,,,30816,08:33:36,,,30833,08:33:53,17,00:00:17,doors opened
07/05/2025,12,4249,Saturday,Saturday,East,15656942,29400,08:10:00,29752,08:15:52,12,3256,Washington Ave & Ontario St (03256),0,0,8,30480.0,08:28:00,30798,08:33:18,30480.0,08:28:00,30798,08:33:18,0,00:00:00,door not opened
07/05/2025,12,4249,Saturday,Saturday,East,15656942,29400,08:10:00,29752,08:15:52,11,2107,Washington Ave & Partridge St (02107),0,0,8,,,30782,08:33:02,,,30782,08:33:02,0,00:00:00,door not opened
07/05/2025,12,4249,Saturday,Saturday,East,15656942,29400,08:10:00,29752,08:15:52,10,3257,Washington Ave & N. Main Ave (03257),0,0,8,,,30728,08:32:08,,,30728,08:32:08,0,00:00:00,door not opened
07/05/2025,12,4249,Saturday,Saturday,East,15656942,29400,08:10:00,29752,08:15:52,9,1796,Washington Ave & N. Allen St (01796),0,1,8,30360.0,08:26:00,30670,08:31:10,30360.0,08:26:00,30696,08:31:36,26,00:00:26,doors opened
07/05/2025,12,4249,Saturday,Saturday,East,15656942,29400,08:10:00,29752,08:15:52,8,11581,Washington Ave & Manning Blvd (11581),0,0,9,,,30643,08:30:43,,,30643,08:30:43,0,00:00:00,door not opened
07/05/2025,12,4249,Saturday,Saturday,East,15656942,29400,08:10:00,29752,08:15:52,7,2180,Washington Ave & Homestead Ave (02180),0,0,9,,,30613,08:30:13,,,30625,08:30:25,12,00:00:12,door not opened
07/05/2025,12,4249,Saturday,Saturday,East,15656942,29400,08:10:00,29752,08:15:52,6,2182,Washington Ave & Hawthorne St (02182),0,0,9,,,30587,08:29:47,,,30587,08:29:47,0,00:00:00,door not opened
07/05/2025,12,4249,Saturday,Saturday,East,15656942,29400,08:10:00,29752,08:15:52,5,3304,Washington Ave & Clermont St (03304),0,0,9,,,30572,08:29:32,,,30572,08:29:32,0,00:00:00,door not opened
07/05/2025,12,4249,Saturday,Saturday,East,15656942,29400,08:10:00,29752,08:15:52,4,3348,Washington Ave & Brevator St (03348),0,0,9,,,30529,08:28:49,,,30529,08:28:49,0,00:00:00,door not opened
07/05/2025,12,4249,Saturday,Saturday,East,15656942,29400,08:10:00,29752,08:15:52,3,10134,Washington Ave & SUNY Exit Rd (10134),1,1,9,,,30403,08:26:43,,,30420,08:27:00,17,00:00:17,doors opened
07/05/2025,12,4249,Saturday,Saturday,East,15656942,29400,08:10:00,29752,08:15:52,2,7216,SUNY Collins Circle (07216),5,0,9,29940.0,08:19:00,30269,08:24:29,29940.0,08:19:00,30312,08:25:12,43,00:00:43,doors opened
07/05/2025,12,4249,Saturday,Saturday,East,15656942,29400,08:10:00,29752,08:15:52,1,12827,Crossgates Commons Station (12827),1,0,4,29700.0,08:15:00,29986,08:19:46,29700.0,08:15:00,30006,08:20:06,20,00:00:20,doors opened
07/05/2025,12,4249,Saturday,Saturday,East,15656942,29400,08:10:00,29752,08:15:52,0,7175,Crossgates Mall Station (07175),3,0,3,29400.0,08:10:00,29752,08:15:52,29400.0,08:10:00,29752,08:15:52,0,00:00:00,doors opened
07/05/2025,12,5528,Saturday,Saturday,West,15655460,23400,06:30:00,23849,06:37:29,3,3221,State Station - N. Pearl St & Ten Eyck Plaza (03221),1,0,1,,,23918,06:38:38,,,23952,06:39:12,34,00:00:34,doors opened
07/05/2025,12,5528,Saturday,Saturday,West,15655460,23400,06:30:00,23849,06:37:29,2,3233,N. Pearl St & Sheridan Ave (03233),0,0,0,,,23882,06:38:02,,,23882,06:38:02,0,00:00:00,door not opened
07/05/2025,12,5528,Saturday,Saturday,West,15655460,23400,06:30:00,23849,06:37:29,1,2168,Clinton Square Station - N. Pearl St & Clinton Ave (02168),0,0,0,,,23875,06:37:55,,,23875,06:37:55,0,00:00:00,door not opened
07/05/2025,12,5528,Saturday,Saturday,West,15655460,23400,06:30:00,23849,06:37:29,0,9018,Broadway & Orange St (09018),0,0,0,23400.0,06:30:00,23849,06:37:29,23400.0,06:30:00,23849,06:37:29,0,00:00:00,doors opened
07/05/2025,12,5528,Saturday,Saturday,West,15655460,23400,06:30:00,23849,06:37:29,27,7175,Crossgates Mall Station (07175),0,5,0,25380.0,07:03:00,25299,07:01:39,25380.0,07:03:00,25299,07:01:39,0,00:00:00,doors opened
07/05/2025,12,5528,Saturday,Saturday,West,15655460,23400,06:30:00,23849,06:37:29,26,12828,Crossgates Commons Station (12828),0,7,5,24960.0,06:56:00,25089,06:58:09,24960.0,06:56:00,25112,06:58:32,23,00:00:23,doors opened
07/05/2025,12,5528,Saturday,Saturday,West,15655460,23400,06:30:00,23849,06:37:29,25,12891,1475 Washington Ave (12891),0,0,12,,,24959,06:55:59,,,24959,06:55:59,0,00:00:00,door not opened
07/05/2025,12,5528,Saturday,Saturday,West,15655460,23400,06:30:00,23849,06:37:29,24,7216,SUNY Collins Circle (07216),0,0,12,24600.0,06:50:00,24887,06:54:47,24600.0,06:50:00,24887,06:54:47,0,00:00:00,door not opened
07/05/2025,12,5528,Saturday,Saturday,West,15655460,23400,06:30:00,23849,06:37:29,23,3262,1383 Washington Ave (Fairfield Inn) (03262),0,1,12,,,24805,06:53:25,,,24817,06:53:37,12,00:00:12,doors opened
07/05/2025,12,5528,Saturday,Saturday,West,15655460,23400,06:30:00,23849,06:37:29,22,976,Washington Ave & Brevator St (00976),0,0,13,,,24683,06:51:23,,,24691,06:51:31,8,00:00:08,door not opened
07/05/2025,12,5528,Saturday,Saturday,West,15655460,23400,06:30:00,23849,06:37:29,21,1959,Washington Ave & Colvin Ave (01959),0,0,13,,,24660,06:51:00,,,24660,06:51:00,0,00:00:00,door not opened
07/05/2025,12,5528,Saturday,Saturday,West,15655460,23400,06:30:00,23849,06:37:29,20,3399,Washington Ave & Danker Ave (03399),0,0,13,,,24640,06:50:40,,,24640,06:50:40,0,00:00:00,door not opened
07/05/2025,12,5528,Saturday,Saturday,West,15655460,23400,06:30:00,23849,06:37:29,19,1849,Washington Ave & Homestead Ave (01849),0,0,13,,,24625,06:50:25,,,24625,06:50:25,0,00:00:00,door not opened
07/05/2025,12,5528,Saturday,Saturday,West,15655460,23400,06:30:00,23849,06:37:29,18,1846,Washington Ave & Manning Blvd (01846),1,0,13,,,24591,06:49:51,,,24603,06:50:03,12,00:00:12,doors opened
07/05/2025,12,5528,Saturday,Saturday,West,15655460,23400,06:30:00,23849,06:37:29,17,3287,Washington Ave & N. Allen St (03287),0,0,12,24300.0,06:45:00,24566,06:49:26,24300.0,06:45:00,24566,06:49:26,0,00:00:00,door not opened
07/05/2025,12,5528,Saturday,Saturday,West,15655460,23400,06:30:00,23849,06:37:29,16,3264,Washington Ave & N. Main Ave (03264),2,1,12,,,24476,06:47:56,,,24532,06:48:52,56,00:00:56,doors opened
07/05/2025,12,5528,Saturday,Saturday,West,15655460,23400,06:30:00,23849,06:37:29,15,1839,Washington Ave & Partridge St (01839),0,0,11,,,24411,06:46:51,,,24411,06:46:51,0,00:00:00,door not opened
07/05/2025,12,5528,Saturday,Saturday,West,15655460,23400,06:30:00,23849,06:37:29,14,1841,Washington Ave & Ontario St (01841),0,0,11,24120.0,06:42:00,24397,06:46:37,24120.0,06:42:00,24397,06:46:37,0,00:00:00,door not opened
07/05/2025,12,5528,Saturday,Saturday,West,15655460,23400,06:30:00,23849,06:37:29,13,1842,Washington Ave & Quail St (01842),3,0,11,,,24335,06:45:35,,,24378,06:46:18,43,00:00:43,doors opened
07/05/2025,12,5528,Saturday,Saturday,West,15655460,23400,06:30:00,23849,06:37:29,12,1837,Washington Ave & N. Lake Ave (01837),0,0,8,,,24298,06:44:58,,,24310,06:45:10,12,00:00:12,door not opened
07/05/2025,12,5528,Saturday,Saturday,West,15655460,23400,06:30:00,23849,06:37:29,11,1843,Washington Ave & Robin St (01843),1,0,8,,,24258,06:44:18,,,24272,06:44:32,14,00:00:14,doors opened
07/05/2025,12,5528,Saturday,Saturday,West,15655460,23400,06:30:00,23849,06:37:29,10,12943,Washington Ave & Lexington Ave (12943),0,0,7,,,24208,06:43:28,,,24236,06:43:56,28,00:00:28,door not opened
07/05/2025,12,5528,Saturday,Saturday,West,15655460,23400,06:30:00,23849,06:37:29,9,12942,Washington Ave & Henry Johnson Blvd (12942),2,1,7,,,24162,06:42:42,,,24177,06:42:57,15,00:00:15,doors opened
07/05/2025,12,5528,Saturday,Saturday,West,15655460,23400,06:30:00,23849,06:37:29,8,3239,Lark/Library Station - Washington Ave & Lark St (03239),3,0,6,23760.0,06:36:00,24073,06:41:13,23760.0,06:36:00,24097,06:41:37,24,00:00:24,doors opened
07/05/2025,12,5528,Saturday,Saturday,West,15655460,23400,06:30:00,23849,06:37:29,7,3301,Washington Ave & S. Swan St (03301),0,0,3,,,24048,06:40:48,,,24048,06:40:48,0,00:00:00,door not opened
07/05/2025,12,5528,Saturday,Saturday,West,15655460,23400,06:30:00,23849,06:37:29,6,3250,Hawk/Capitol Station - Washington Ave & Hawk St (03250),0,0,3,,,24033,06:40:33,,,24033,06:40:33,0,00:00:00,door not opened
07/05/2025,12,5528,Saturday,Saturday,West,15655460,23400,06:30:00,23849,06:37:29,5,10087,State St & Eagle St (10087),0,0,3,,,24012,06:40:12,,,24012,06:40:12,0,00:00:00,door not opened
07/05/2025,12,5528,Saturday,Saturday,West,15655460,23400,06:30:00,23849,06:37:29,4,2665,State/Downtown Station - State St & Lodge St (02665),2,0,3,23580.0,06:33:00,23969,06:39:29,23580.0,06:33:00,23988,06:39:48,19,00:00:19,doors opened
07/05/2025,12,5528,Saturday,Saturday,East,15657678,25800,07:10:00,25757,07:09:17,24,3940,Broadway & Steuben St (03940),0,0,0,27600.0,07:40:00,27773,07:42:53,27600.0,07:40:00,27773,07:42:53,0,00:00:00,doors opened
07/05/2025,12,5528,Saturday,Saturday,East,15657678,25800,07:10:00,25757,07:09:17,23,2509,State/Downtown Station - State St & S. Pearl St (02509),0,2,0,27360.0,07:36:00,27678,07:41:18,27360.0,07:36:00,27727,07:42:07,49,00:00:49,doors opened
07/05/2025,12,5528,Saturday,Saturday,East,15657678,25800,07:10:00,25757,07:09:17,22,1787,State St & Eagle St (01787),0,0,2,,,27664,07:41:04,,,27664,07:41:04,0,00:00:00,door not opened
07/05/2025,12,5528,Saturday,Saturday,East,15657678,25800,07:10:00,25757,07:09:17,21,2706,Hawk/Capitol Station - Washington Ave & Hawk St (02706),0,0,2,,,27633,07:40:33,,,27633,07:40:33,0,00:00:00,door not opened
07/05/2025,12,5528,Saturday,Saturday,East,15657678,25800,07:10:00,25757,07:09:17,20,1789,Washington Ave & S. Swan St (01789),0,0,2,,,27608,07:40:08,,,27618,07:40:18,10,00:00:10,door not opened
07/05/2025,12,5528,Saturday,Saturday,East,15657678,25800,07:10:00,25757,07:09:17,19,1788,Washington Ave & Dove St (01788),0,0,2,,,27590,07:39:50,,,27590,07:39:50,0,00:00:00,door not opened
07/05/2025,12,5528,Saturday,Saturday,East,15657678,25800,07:10:00,25757,07:09:17,18,2663,Lark/Library Station - Washington Ave & Lark St (02663),1,3,2,27180.0,07:33:00,27504,07:38:24,27180.0,07:33:00,27571,07:39:31,67,00:01:07,doors opened
07/05/2025,12,5528,Saturday,Saturday,East,15657678,25800,07:10:00,25757,07:09:17,17,263,Washington Ave & Henry Johnson Blvd (00263),0,1,4,,,27392,07:36:32,,,27461,07:37:41,69,00:01:09,doors opened
07/05/2025,12,5528,Saturday,Saturday,East,15657678,25800,07:10:00,25757,07:09:17,16,2096,Washington Ave & Lexington Ave (02096),0,0,5,,,27356,07:35:56,,,27356,07:35:56,0,00:00:00,door not opened
07/05/2025,12,5528,Saturday,Saturday,East,15657678,25800,07:10:00,25757,07:09:17,15,3253,Washington Ave & Robin St (Draper Hall) (03253),0,0,5,,,27336,07:35:36,,,27336,07:35:36,0,00:00:00,door not opened
07/05/2025,12,5528,Saturday,Saturday,East,15657678,25800,07:10:00,25757,07:09:17,14,2109,Washington Ave & N. Lake Ave (02109),0,0,5,,,27283,07:34:43,,,27313,07:35:13,30,00:00:30,door not opened
07/05/2025,12,5528,Saturday,Saturday,East,15657678,25800,07:10:00,25757,07:09:17,13,3255,Washington Ave & Quail St (03255),1,2,5,,,27241,07:34:01,,,27255,07:34:15,14,00:00:14,doors opened
07/05/2025,12,5528,Saturday,Saturday,East,15657678,25800,07:10:00,25757,07:09:17,12,3256,Washington Ave & Ontario St (03256),0,0,6,26880.0,07:28:00,27224,07:33:44,26880.0,07:28:00,27224,07:33:44,0,00:00:00,door not opened
07/05/2025,12,5528,Saturday,Saturday,East,15657678,25800,07:10:00,25757,07:09:17,11,2107,Washington Ave & Partridge St (02107),2,0,6,,,27189,07:33:09,,,27201,07:33:21,12,00:00:12,doors opened
07/05/2025,12,5528,Saturday,Saturday,East,15657678,25800,07:10:00,25757,07:09:17,10,3257,Washington Ave & N. Main Ave (03257),1,0,4,,,27066,07:31:06,,,27105,07:31:45,39,00:00:39,doors opened
07/05/2025,12,5528,Saturday,Saturday,East,15657678,25800,07:10:00,25757,07:09:17,9,1796,Washington Ave & N. Allen St (01796),0,0,3,26760.0,07:26:00,27023,07:30:23,26760.0,07:26:00,27039,07:30:39,16,00:00:16,door not opened
07/05/2025,12,5528,Saturday,Saturday,East,15657678,25800,07:10:00,25757,07:09:17,8,11581,Washington Ave & Manning Blvd (11581),0,0,3,,,26990,07:29:50,,,26990,07:29:50,0,00:00:00,door not opened
07/05/2025,12,5528,Saturday,Saturday,East,15657678,25800,07:10:00,25757,07:09:17,7,2180,Washington Ave & Homestead Ave (02180),0,0,3,,,26953,07:29:13,,,26967,07:29:27,14,00:00:14,door not opened
07/05/2025,12,5528,Saturday,Saturday,East,15657678,25800,07:10:00,25757,07:09:17,6,2182,Washington Ave & Hawthorne St (02182),0,0,3,,,26931,07:28:51,,,26931,07:28:51,0,00:00:00,door not opened
07/05/2025,12,5528,Saturday,Saturday,East,15657678,25800,07:10:00,25757,07:09:17,5,3304,Washington Ave & Clermont St (03304),0,1,3,,,26881,07:28:01,,,26911,07:28:31,30,00:00:30,doors opened
07/05/2025,12,5528,Saturday,Saturday,East,15657678,25800,07:10:00,25757,07:09:17,4,3348,Washington Ave & Brevator St (03348),0,1,4,,,26848,07:27:28,,,26863,07:27:43,15,00:00:15,doors opened
07/05/2025,12,5528,Saturday,Saturday,East,15657678,25800,07:10:00,25757,07:09:17,3,10134,Washington Ave & SUNY Exit Rd (10134),1,0,5,,,26728,07:25:28,,,26743,07:25:43,15,00:00:15,doors opened
07/05/2025,12,5528,Saturday,Saturday,East,15657678,25800,07:10:00,25757,07:09:17,2,7216,SUNY Collins Circle (07216),1,0,4,26340.0,07:19:00,26623,07:23:43,26340.0,07:19:00,26647,07:24:07,24,00:00:24,doors opened
07/05/2025,12,5528,Saturday,Saturday,East,15657678,25800,07:10:00,25757,07:09:17,1,12827,Crossgates Commons Station (12827),4,1,3,26100.0,07:15:00,25879,07:11:19,26100.0,07:15:00,26403,07:20:03,524,00:08:44,doors opened
07/05/2025,12,5528,Saturday,Saturday,East,15657678,25800,07:10:00,25757,07:09:17,0,7175,Crossgates Mall Station (07175),0,0,0,25800.0,07:10:00,25757,07:09:17,25800.0,07:10:00,25757,07:09:17,0,00:00:00,doors opened
07/05/2025,12,5528,Saturday,Saturday,West,15657681,28800,08:00:00,28792,07:59:52,27,7175,Crossgates Mall Station (07175),0,9,1,30900.0,08:35:00,30577,08:29:37,30900.0,08:35:00,30577,08:29:37,0,00:00:00,doors opened
07/05/2025,12,5528,Saturday,Saturday,West,15657681,28800,08:00:00,28792,07:59:52,26,12828,Crossgates Commons Station (12828),0,10,10,30480.0,08:28:00,30359,08:25:59,30480.0,08:28:00,30384,08:26:24,25,00:00:25,doors opened
07/05/2025,12,5528,Saturday,Saturday,West,15657681,28800,08:00:00,28792,07:59:52,25,12891,1475 Washington Ave (12891),0,0,20,,,30221,08:23:41,,,30221,08:23:41,0,00:00:00,door not opened
07/05/2025,12,5528,Saturday,Saturday,West,15657681,28800,08:00:00,28792,07:59:52,24,7216,SUNY Collins Circle (07216),0,0,20,30120.0,08:22:00,30147,08:22:27,30120.0,08:22:00,30147,08:22:27,0,00:00:00,door not opened
07/05/2025,12,5528,Saturday,Saturday,West,15657681,28800,08:00:00,28792,07:59:52,23,3262,1383 Washington Ave (Fairfield Inn) (03262),0,1,20,,,30059,08:20:59,,,30072,08:21:12,13,00:00:13,doors opened
07/05/2025,12,5528,Saturday,Saturday,West,15657681,28800,08:00:00,28792,07:59:52,22,976,Washington Ave & Brevator St (00976),0,0,21,,,29930,08:18:50,,,29930,08:18:50,0,00:00:00,door not opened
07/05/2025,12,5528,Saturday,Saturday,West,15657681,28800,08:00:00,28792,07:59:52,21,1959,Washington Ave & Colvin Ave (01959),0,0,21,,,29909,08:18:29,,,29909,08:18:29,0,00:00:00,door not opened
07/05/2025,12,5528,Saturday,Saturday,West,15657681,28800,08:00:00,28792,07:59:52,20,3399,Washington Ave & Danker Ave (03399),1,0,21,,,29872,08:17:52,,,29885,08:18:05,13,00:00:13,doors opened
07/05/2025,12,5528,Saturday,Saturday,West,15657681,28800,08:00:00,28792,07:59:52,19,1849,Washington Ave & Homestead Ave (01849),1,0,20,,,29829,08:17:09,,,29842,08:17:22,13,00:00:13,doors opened
07/05/2025,12,5528,Saturday,Saturday,West,15657681,28800,08:00:00,28792,07:59:52,18,1846,Washington Ave & Manning Blvd (01846),1,0,19,,,29784,08:16:24,,,29805,08:16:45,21,00:00:21,doors opened
07/05/2025,12,5528,Saturday,Saturday,West,15657681,28800,08:00:00,28792,07:59:52,17,3287,Washington Ave & N. Allen St (03287),3,0,18,29760.0,08:16:00,29722,08:15:22,29760.0,08:16:00,29749,08:15:49,27,00:00:27,doors opened
07/05/2025,12,5528,Saturday,Saturday,West,15657681,28800,08:00:00,28792,07:59:52,16,3264,Washington Ave & N. Main Ave (03264),0,0,15,,,29678,08:14:38,,,29691,08:14:51,13,00:00:13,door not opened
07/05/2025,12,5528,Saturday,Saturday,West,15657681,28800,08:00:00,28792,07:59:52,15,1839,Washington Ave & Partridge St (01839),1,1,15,,,29573,08:12:53,,,29589,08:13:09,16,00:00:16,doors opened
07/05/2025,12,5528,Saturday,Saturday,West,15657681,28800,08:00:00,28792,07:59:52,14,1841,Washington Ave & Ontario St (01841),0,0,15,29580.0,08:13:00,29538,08:12:18,29580.0,08:13:00,29547,08:12:27,9,00:00:09,door not opened
07/05/2025,12,5528,Saturday,Saturday,West,15657681,28800,08:00:00,28792,07:59:52,13,1842,Washington Ave & Quail St (01842),2,0,15,,,29446,08:10:46,,,29509,08:11:49,63,00:01:03,doors opened
07/05/2025,12,5528,Saturday,Saturday,West,15657681,28800,08:00:00,28792,07:59:52,12,1837,Washington Ave & N. Lake Ave (01837),1,0,13,,,29382,08:09:42,,,29411,08:10:11,29,00:00:29,doors opened
07/05/2025,12,5528,Saturday,Saturday,West,15657681,28800,08:00:00,28792,07:59:52,11,1843,Washington Ave & Robin St (01843),2,0,12,,,29337,08:08:57,,,29351,08:09:11,14,00:00:14,doors opened
07/05/2025,12,5528,Saturday,Saturday,West,15657681,28800,08:00:00,28792,07:59:52,10,12943,Washington Ave & Lexington Ave (12943),1,0,10,,,29298,08:08:18,,,29311,08:08:31,13,00:00:13,doors opened
07/05/2025,12,5528,Saturday,Saturday,West,15657681,28800,08:00:00,28792,07:59:52,9,12942,Washington Ave & Henry Johnson Blvd (12942),1,0,9,,,29218,08:06:58,,,29274,08:07:54,56,00:00:56,doors opened
07/05/2025,12,5528,Saturday,Saturday,West,15657681,28800,08:00:00,28792,07:59:52,8,3239,Lark/Library Station - Washington Ave & Lark St (03239),1,3,8,29220.0,08:07:00,29163,08:06:03,29220.0,08:07:00,29188,08:06:28,25,00:00:25,doors opened
07/05/2025,12,5528,Saturday,Saturday,West,15657681,28800,08:00:00,28792,07:59:52,7,3301,Washington Ave & S. Swan St (03301),0,0,10,,,29118,08:05:18,,,29131,08:05:31,13,00:00:13,door not opened
07/05/2025,12,5528,Saturday,Saturday,West,15657681,28800,08:00:00,28792,07:59:52,6,3250,Hawk/Capitol Station - Washington Ave & Hawk St (03250),0,0,10,,,29101,08:05:01,,,29101,08:05:01,0,00:00:00,door not opened
07/05/2025,12,5528,Saturday,Saturday,West,15657681,28800,08:00:00,28792,07:59:52,5,10087,State St & Eagle St (10087),0,0,10,,,29081,08:04:41,,,29081,08:04:41,0,00:00:00,door not opened
07/05/2025,12,5528,Saturday,Saturday,West,15657681,28800,08:00:00,28792,07:59:52,4,2665,State/Downtown Station - State St & Lodge St (02665),2,0,10,29040.0,08:04:00,28953,08:02:33,29040.0,08:04:00,28986,08:03:06,33,00:00:33,doors opened
07/05/2025,12,5528,Saturday,Saturday,West,15657681,28800,08:00:00,28792,07:59:52,3,3221,State Station - N. Pearl St & Ten Eyck Plaza (03221),0,0,8,,,28862,08:01:02,,,28937,08:02:17,75,00:01:15,door not opened
07/05/2025,12,5528,Saturday,Saturday,West,15657681,28800,08:00:00,28792,07:59:52,2,3233,N. Pearl St & Sheridan Ave (03233),1,0,8,,,28861,08:01:01,,,28862,08:01:02,1,00:00:01,doors opened
07/05/2025,12,5528,Saturday,Saturday,West,15657681,28800,08:00:00,28792,07:59:52,1,2168,Clinton Square Station - N. Pearl St & Clinton Ave (02168),0,0,7,,,28836,08:00:36,,,28836,08:00:36,0,00:00:00,door not opened
07/05/2025,12,5528,Saturday,Saturday,West,15657681,28800,08:00:00,28792,07:59:52,0,9018,Broadway & Orange St (09018),0,0,7,28800.0,08:00:00,28792,07:59:52,28800.0,08:00:00,28792,07:59:52,0,00:00:00,door not opened
07/05/2025,12,5528,Saturday,Saturday,East,15657682,31200,08:40:00,31197,08:39:57,11,2107,Washington Ave & Partridge St (02107),0,0,7,,,32211,08:56:51,,,32211,08:56:51,0,00:00:00,door not opened
07/05/2025,12,5528,Saturday,Saturday,East,15657682,31200,08:40:00,31197,08:39:57,10,3257,Washington Ave & N. Main Ave (03257),0,0,7,,,32113,08:55:13,,,32151,08:55:51,38,00:00:38,door not opened
07/05/2025,12,5528,Saturday,Saturday,East,15657682,31200,08:40:00,31197,08:39:57,9,1796,Washington Ave & N. Allen St (01796),2,1,7,32160.0,08:56:00,32055,08:54:15,32160.0,08:56:00,32072,08:54:32,17,00:00:17,doors opened
07/05/2025,12,5528,Saturday,Saturday,East,15657682,31200,08:40:00,31197,08:39:57,8,11581,Washington Ave & Manning Blvd (11581),1,0,6,,,31986,08:53:06,,,32019,08:53:39,33,00:00:33,doors opened
07/05/2025,12,5528,Saturday,Saturday,East,15657682,31200,08:40:00,31197,08:39:57,7,2180,Washington Ave & Homestead Ave (02180),0,0,5,,,31966,08:52:46,,,31966,08:52:46,0,00:00:00,door not opened
07/05/2025,12,5528,Saturday,Saturday,East,15657682,31200,08:40:00,31197,08:39:57,6,2182,Washington Ave & Hawthorne St (02182),0,0,5,,,31945,08:52:25,,,31945,08:52:25,0,00:00:00,door not opened
07/05/2025,12,5528,Saturday,Saturday,East,15657682,31200,08:40:00,31197,08:39:57,5,3304,Washington Ave & Clermont St (03304),0,0,5,,,31918,08:51:58,,,31918,08:51:58,0,00:00:00,door not opened
07/05/2025,12,5528,Saturday,Saturday,East,15657682,31200,08:40:00,31197,08:39:57,4,3348,Washington Ave & Brevator St (03348),0,1,5,,,31880,08:51:20,,,31894,08:51:34,14,00:00:14,doors opened
07/05/2025,12,5528,Saturday,Saturday,East,15657682,31200,08:40:00,31197,08:39:57,3,10134,Washington Ave & SUNY Exit Rd (10134),2,0,6,,,31733,08:48:53,,,31773,08:49:33,40,00:00:40,doors opened
07/05/2025,12,5528,Saturday,Saturday,East,15657682,31200,08:40:00,31197,08:39:57,2,7216,SUNY Collins Circle (07216),0,0,4,31740.0,08:49:00,31651,08:47:31,31740.0,08:49:00,31651,08:47:31,0,00:00:00,door not opened
07/05/2025,12,5528,Saturday,Saturday,East,15657682,31200,08:40:00,31197,08:39:57,1,12827,Crossgates Commons Station (12827),3,0,4,31500.0,08:45:00,31380,08:43:00,31500.0,08:45:00,31405,08:43:25,25,00:00:25,doors opened
07/05/2025,12,5528,Saturday,Saturday,East,15657682,31200,08:40:00,31197,08:39:57,0,7175,Crossgates Mall Station (07175),0,0,1,31200.0,08:40:00,31197,08:39:57,31200.0,08:40:00,31197,08:39:57,0,00:00:00,doors opened
07/05/2025,12,5528,Saturday,Saturday,East,15657682,31200,08:40:00,31197,08:39:57,23,2509,State/Downtown Station - State St & S. Pearl St (02509),0,1,0,32760.0,09:06:00,32794,09:06:34,32760.0,09:06:00,32794,09:06:34,0,00:00:00,doors opened
07/05/2025,12,5528,Saturday,Saturday,East,15657682,31200,08:40:00,31197,08:39:57,22,1787,State St & Eagle St (01787),0,0,1,,,32745,09:05:45,,,32745,09:05:45,0,00:00:00,door not opened
07/05/2025,12,5528,Saturday,Saturday,East,15657682,31200,08:40:00,31197,08:39:57,21,2706,Hawk/Capitol Station - Washington Ave & Hawk St (02706),0,1,1,,,32686,09:04:46,,,32702,09:05:02,16,00:00:16,doors opened
07/05/2025,12,5528,Saturday,Saturday,East,15657682,31200,08:40:00,31197,08:39:57,20,1789,Washington Ave & S. Swan St (01789),0,0,2,,,32653,09:04:13,,,32658,09:04:18,5,00:00:05,door not opened
07/05/2025,12,5528,Saturday,Saturday,East,15657682,31200,08:40:00,31197,08:39:57,19,1788,Washington Ave & Dove St (01788),0,0,2,,,32613,09:03:33,,,32621,09:03:41,8,00:00:08,door not opened
07/05/2025,12,5528,Saturday,Saturday,East,15657682,31200,08:40:00,31197,08:39:57,18,2663,Lark/Library Station - Washington Ave & Lark St (02663),1,0,2,32580.0,09:03:00,32520,09:02:00,32580.0,09:03:00,32580,09:03:00,60,00:01:00,doors opened
07/05/2025,12,5528,Saturday,Saturday,East,15657682,31200,08:40:00,31197,08:39:57,17,263,Washington Ave & Henry Johnson Blvd (00263),0,5,1,,,32437,09:00:37,,,32491,09:01:31,54,00:00:54,doors opened
07/05/2025,12,5528,Saturday,Saturday,East,15657682,31200,08:40:00,31197,08:39:57,16,2096,Washington Ave & Lexington Ave (02096),0,0,6,,,32388,08:59:48,,,32396,08:59:56,8,00:00:08,door not opened
07/05/2025,12,5528,Saturday,Saturday,East,15657682,31200,08:40:00,31197,08:39:57,15,3253,Washington Ave & Robin St (Draper Hall) (03253),0,0,6,,,32346,08:59:06,,,32346,08:59:06,0,00:00:00,door not opened
07/05/2025,12,5528,Saturday,Saturday,East,15657682,31200,08:40:00,31197,08:39:57,14,2109,Washington Ave & N. Lake Ave (02109),0,1,6,,,32300,08:58:20,,,32311,08:58:31,11,00:00:11,doors opened
07/05/2025,12,5528,Saturday,Saturday,East,15657682,31200,08:40:00,31197,08:39:57,13,3255,Washington Ave & Quail St (03255),0,0,7,,,32274,08:57:54,,,32274,08:57:54,0,00:00:00,door not opened
07/05/2025,12,5528,Saturday,Saturday,East,15657682,31200,08:40:00,31197,08:39:57,12,3256,Washington Ave & Ontario St (03256),0,0,7,32280.0,08:58:00,32243,08:57:23,32280.0,08:58:00,32247,08:57:27,4,00:00:04,door not opened
07/05/2025,12,6015,Saturday,Saturday,East,15657464,48000,13:20:00,48000,13:20:00,24,3940,Broadway & Steuben St (03940),0,0,0,50160.0,13:56:00,49993,13:53:13,50160.0,13:56:00,49993,13:53:13,0,00:00:00,door not opened
07/05/2025,12,6015,Saturday,Saturday,East,15657464,48000,13:20:00,48000,13:20:00,23,2509,State/Downtown Station - State St & S. Pearl St (02509),0,8,0,49920.0,13:52:00,49839,13:50:39,49920.0,13:52:00,49890,13:51:30,51,00:00:51,doors opened
07/05/2025,12,6015,Saturday,Saturday,East,15657464,48000,13:20:00,48000,13:20:00,22,1787,State St & Eagle St (01787),0,1,8,,,49808,13:50:08,,,49822,13:50:22,14,00:00:14,doors opened
07/05/2025,12,6015,Saturday,Saturday,East,15657464,48000,13:20:00,48000,13:20:00,21,2706,Hawk/Capitol Station - Washington Ave & Hawk St (02706),0,0,9,,,49771,13:49:31,,,49771,13:49:31,0,00:00:00,door not opened
07/05/2025,12,6015,Saturday,Saturday,East,15657464,48000,13:20:00,48000,13:20:00,20,1789,Washington Ave & S. Swan St (01789),0,2,9,,,49719,13:48:39,,,49750,13:49:10,31,00:00:31,doors opened
07/05/2025,12,6015,Saturday,Saturday,East,15657464,48000,13:20:00,48000,13:20:00,19,1788,Washington Ave & Dove St (01788),0,0,11,,,49696,13:48:16,,,49696,13:48:16,0,00:00:00,door not opened
07/05/2025,12,6015,Saturday,Saturday,East,15657464,48000,13:20:00,48000,13:20:00,18,2663,Lark/Library Station - Washington Ave & Lark St (02663),2,2,11,49620.0,13:47:00,49609,13:46:49,49620.0,13:47:00,49675,13:47:55,66,00:01:06,doors opened
07/05/2025,12,6015,Saturday,Saturday,East,15657464,48000,13:20:00,48000,13:20:00,17,263,Washington Ave & Henry Johnson Blvd (00263),0,0,11,,,49586,13:46:26,,,49586,13:46:26,0,00:00:00,door not opened
07/05/2025,12,6015,Saturday,Saturday,East,15657464,48000,13:20:00,48000,13:20:00,16,2096,Washington Ave & Lexington Ave (02096),1,0,11,,,49472,13:44:32,,,49561,13:46:01,89,00:01:29,doors opened
07/05/2025,12,6015,Saturday,Saturday,East,15657464,48000,13:20:00,48000,13:20:00,15,3253,Washington Ave & Robin St (Draper Hall) (03253),0,2,10,,,49430,13:43:50,,,49452,13:44:12,22,00:00:22,doors opened
07/05/2025,12,6015,Saturday,Saturday,East,15657464,48000,13:20:00,48000,13:20:00,14,2109,Washington Ave & N. Lake Ave (02109),0,2,12,,,49378,13:42:58,,,49410,13:43:30,32,00:00:32,doors opened
07/05/2025,12,6015,Saturday,Saturday,East,15657464,48000,13:20:00,48000,13:20:00,13,3255,Washington Ave & Quail St (03255),0,5,14,,,49302,13:41:42,,,49350,13:42:30,48,00:00:48,doors opened
07/05/2025,12,6015,Saturday,Saturday,East,15657464,48000,13:20:00,48000,13:20:00,12,3256,Washington Ave & Ontario St (03256),0,0,19,49260.0,13:41:00,49284,13:41:24,49260.0,13:41:00,49284,13:41:24,0,00:00:00,door not opened
07/05/2025,12,6015,Saturday,Saturday,East,15657464,48000,13:20:00,48000,13:20:00,11,2107,Washington Ave & Partridge St (02107),0,0,19,,,49255,13:40:55,,,49255,13:40:55,0,00:00:00,door not opened
07/05/2025,12,6015,Saturday,Saturday,East,15657464,48000,13:20:00,48000,13:20:00,10,3257,Washington Ave & N. Main Ave (03257),0,0,19,,,49207,13:40:07,,,49207,13:40:07,0,00:00:00,door not opened
07/05/2025,12,6015,Saturday,Saturday,East,15657464,48000,13:20:00,48000,13:20:00,9,1796,Washington Ave & N. Allen St (01796),4,2,19,49140.0,13:39:00,49126,13:38:46,49140.0,13:39:00,49178,13:39:38,52,00:00:52,doors opened
07/05/2025,12,6015,Saturday,Saturday,East,15657464,48000,13:20:00,48000,13:20:00,8,11581,Washington Ave & Manning Blvd (11581),2,0,17,,,49063,13:37:43,,,49086,13:38:06,23,00:00:23,doors opened
07/05/2025,12,6015,Saturday,Saturday,East,15657464,48000,13:20:00,48000,13:20:00,7,2180,Washington Ave & Homestead Ave (02180),0,0,15,,,49042,13:37:22,,,49042,13:37:22,0,00:00:00,door not opened
07/05/2025,12,6015,Saturday,Saturday,East,15657464,48000,13:20:00,48000,13:20:00,6,2182,Washington Ave & Hawthorne St (02182),2,0,15,,,48985,13:36:25,,,49010,13:36:50,25,00:00:25,doors opened
07/05/2025,12,6015,Saturday,Saturday,East,15657464,48000,13:20:00,48000,13:20:00,5,3304,Washington Ave & Clermont St (03304),0,0,13,,,48968,13:36:08,,,48968,13:36:08,0,00:00:00,door not opened
07/05/2025,12,6015,Saturday,Saturday,East,15657464,48000,13:20:00,48000,13:20:00,4,3348,Washington Ave & Brevator St (03348),0,0,13,,,48955,13:35:55,,,48955,13:35:55,0,00:00:00,door not opened
07/05/2025,12,6015,Saturday,Saturday,East,15657464,48000,13:20:00,48000,13:20:00,3,10134,Washington Ave & SUNY Exit Rd (10134),1,2,13,,,48822,13:33:42,,,48842,13:34:02,20,00:00:20,doors opened
07/05/2025,12,6015,Saturday,Saturday,East,15657464,48000,13:20:00,48000,13:20:00,2,7216,SUNY Collins Circle (07216),2,2,14,48720.0,13:32:00,48681,13:31:21,48720.0,13:32:00,48703,13:31:43,22,00:00:22,doors opened
07/05/2025,12,6015,Saturday,Saturday,East,15657464,48000,13:20:00,48000,13:20:00,1,12827,Crossgates Commons Station (12827),10,1,14,48420.0,13:27:00,48296,13:24:56,48420.0,13:27:00,48448,13:27:28,152,00:02:32,doors opened
07/05/2025,12,6015,Saturday,Saturday,East,15657464,48000,13:20:00,48000,13:20:00,0,7175,Crossgates Mall Station (07175),5,0,5,48000.0,13:20:00,48000,13:20:00,48000.0,13:20:00,48000,13:20:00,0,00:00:00,doors opened
07/05/2025,12,6015,Saturday,Saturday,West,15657573,50400,14:00:00,50398,13:59:58,27,7175,Crossgates Mall Station (07175),0,11,0,52620.0,14:37:00,52290,14:31:30,52620.0,14:37:00,52290,14:31:30,0,00:00:00,doors opened
07/05/2025,12,6015,Saturday,Saturday,West,15657573,50400,14:00:00,50398,13:59:58,26,12828,Crossgates Commons Station (12828),2,5,11,52200.0,14:30:00,52022,14:27:02,52200.0,14:30:00,52055,14:27:35,33,00:00:33,doors opened
07/05/2025,12,6015,Saturday,Saturday,West,15657573,50400,14:00:00,50398,13:59:58,25,12891,1475 Washington Ave (12891),0,0,14,,,51814,14:23:34,,,51814,14:23:34,0,00:00:00,door not opened
07/05/2025,12,6015,Saturday,Saturday,West,15657573,50400,14:00:00,50398,13:59:58,24,7216,SUNY Collins Circle (07216),0,1,14,51840.0,14:24:00,51686,14:21:26,51840.0,14:24:00,51700,14:21:40,14,00:00:14,doors opened
07/05/2025,12,6015,Saturday,Saturday,West,15657573,50400,14:00:00,50398,13:59:58,23,3262,1383 Washington Ave (Fairfield Inn) (03262),1,0,15,,,51586,14:19:46,,,51601,14:20:01,15,00:00:15,doors opened
07/05/2025,12,6015,Saturday,Saturday,West,15657573,50400,14:00:00,50398,13:59:58,22,976,Washington Ave & Brevator St (00976),0,0,14,,,51475,14:17:55,,,51475,14:17:55,0,00:00:00,door not opened
07/05/2025,12,6015,Saturday,Saturday,West,15657573,50400,14:00:00,50398,13:59:58,21,1959,Washington Ave & Colvin Ave (01959),1,0,14,,,51437,14:17:17,,,51453,14:17:33,16,00:00:16,doors opened
07/05/2025,12,6015,Saturday,Saturday,West,15657573,50400,14:00:00,50398,13:59:58,20,3399,Washington Ave & Danker Ave (03399),0,0,13,,,51416,14:16:56,,,51416,14:16:56,0,00:00:00,door not opened
07/05/2025,12,6015,Saturday,Saturday,West,15657573,50400,14:00:00,50398,13:59:58,19,1849,Washington Ave & Homestead Ave (01849),1,0,13,,,51378,14:16:18,,,51395,14:16:35,17,00:00:17,doors opened
07/05/2025,12,6015,Saturday,Saturday,West,15657573,50400,14:00:00,50398,13:59:58,18,1846,Washington Ave & Manning Blvd (01846),0,0,12,,,51357,14:15:57,,,51357,14:15:57,0,00:00:00,door not opened
07/05/2025,12,6015,Saturday,Saturday,West,15657573,50400,14:00:00,50398,13:59:58,17,3287,Washington Ave & N. Allen St (03287),1,0,12,51480.0,14:18:00,51262,14:14:22,51480.0,14:18:00,51280,14:14:40,18,00:00:18,doors opened
07/05/2025,12,6015,Saturday,Saturday,West,15657573,50400,14:00:00,50398,13:59:58,16,3264,Washington Ave & N. Main Ave (03264),0,0,11,,,51238,14:13:58,,,51238,14:13:58,0,00:00:00,door not opened
07/05/2025,12,6015,Saturday,Saturday,West,15657573,50400,14:00:00,50398,13:59:58,15,1839,Washington Ave & Partridge St (01839),0,0,11,,,51119,14:11:59,,,51119,14:11:59,0,00:00:00,door not opened
07/05/2025,12,6015,Saturday,Saturday,West,15657573,50400,14:00:00,50398,13:59:58,14,1841,Washington Ave & Ontario St (01841),0,0,11,51240.0,14:14:00,51100,14:11:40,51240.0,14:14:00,51100,14:11:40,0,00:00:00,door not opened
07/05/2025,12,6015,Saturday,Saturday,West,15657573,50400,14:00:00,50398,13:59:58,13,1842,Washington Ave & Quail St (01842),3,0,11,,,51038,14:10:38,,,51080,14:11:20,42,00:00:42,doors opened
07/05/2025,12,6015,Saturday,Saturday,West,15657573,50400,14:00:00,50398,13:59:58,12,1837,Washington Ave & N. Lake Ave (01837),0,0,8,,,51017,14:10:17,,,51017,14:10:17,0,00:00:00,door not opened
07/05/2025,12,6015,Saturday,Saturday,West,15657573,50400,14:00:00,50398,13:59:58,11,1843,Washington Ave & Robin St (01843),0,0,8,,,50986,14:09:46,,,50986,14:09:46,0,00:00:00,door not opened
07/05/2025,12,6015,Saturday,Saturday,West,15657573,50400,14:00:00,50398,13:59:58,10,12943,Washington Ave & Lexington Ave (12943),0,0,8,,,50964,14:09:24,,,50964,14:09:24,0,00:00:00,door not opened
07/05/2025,12,6015,Saturday,Saturday,West,15657573,50400,14:00:00,50398,13:59:58,9,12942,Washington Ave & Henry Johnson Blvd (12942),1,1,8,,,50920,14:08:40,,,50938,14:08:58,18,00:00:18,doors opened
07/05/2025,12,6015,Saturday,Saturday,West,15657573,50400,14:00:00,50398,13:59:58,8,3239,Lark/Library Station - Washington Ave & Lark St (03239),5,0,8,50880.0,14:08:00,50770,14:06:10,50880.0,14:08:00,50844,14:07:24,74,00:01:14,doors opened
07/05/2025,12,6015,Saturday,Saturday,West,15657573,50400,14:00:00,50398,13:59:58,7,3301,Washington Ave & S. Swan St (03301),0,0,3,,,50735,14:05:35,,,50735,14:05:35,0,00:00:00,door not opened
07/05/2025,12,6015,Saturday,Saturday,West,15657573,50400,14:00:00,50398,13:59:58,6,3250,Hawk/Capitol Station - Washington Ave & Hawk St (03250),0,0,3,,,50715,14:05:15,,,50715,14:05:15,0,00:00:00,door not opened
07/05/2025,12,6015,Saturday,Saturday,West,15657573,50400,14:00:00,50398,13:59:58,5,10087,State St & Eagle St (10087),0,0,3,,,50690,14:04:50,,,50690,14:04:50,0,00:00:00,door not opened
07/05/2025,12,6015,Saturday,Saturday,West,15657573,50400,14:00:00,50398,13:59:58,4,2665,State/Downtown Station - State St & Lodge St (02665),2,0,3,50640.0,14:04:00,50621,14:03:41,50640.0,14:04:00,50649,14:04:09,28,00:00:28,doors opened
07/05/2025,12,6015,Saturday,Saturday,West,15657573,50400,14:00:00,50398,13:59:58,3,3221,State Station - N. Pearl St & Ten Eyck Plaza (03221),0,0,1,,,50553,14:02:33,,,50553,14:02:33,0,00:00:00,door not opened
07/05/2025,12,6015,Saturday,Saturday,West,15657573,50400,14:00:00,50398,13:59:58,2,3233,N. Pearl St & Sheridan Ave (03233),0,0,1,,,50504,14:01:44,,,50504,14:01:44,0,00:00:00,door not opened
07/05/2025,12,6015,Saturday,Saturday,West,15657573,50400,14:00:00,50398,13:59:58,1,2168,Clinton Square Station - N. Pearl St & Clinton Ave (02168),0,0,1,,,50461,14:01:01,,,50461,14:01:01,0,00:00:00,door not opened
07/05/2025,12,6015,Saturday,Saturday,West,15657573,50400,14:00:00,50398,13:59:58,0,9018,Broadway & Orange St (09018),1,0,1,50400.0,14:00:00,50398,13:59:58,50400.0,14:00:00,50398,13:59:58,0,00:00:00,doors opened
07/05/2025,12,4108,Saturday,Saturday,West,15657083,36000,10:00:00,36061,10:01:01,27,7175,Crossgates Mall Station (07175),0,9,0,38220.0,10:37:00,38077,10:34:37,38220.0,10:37:00,38077,10:34:37,0,00:00:00,doors opened
07/05/2025,12,4108,Saturday,Saturday,West,15657083,36000,10:00:00,36061,10:01:01,26,12828,Crossgates Commons Station (12828),0,13,9,37800.0,10:30:00,37818,10:30:18,37800.0,10:30:00,37869,10:31:09,51,00:00:51,doors opened
07/05/2025,12,4108,Saturday,Saturday,West,15657083,36000,10:00:00,36061,10:01:01,25,12891,1475 Washington Ave (12891),2,1,22,,,37630,10:27:10,,,37647,10:27:27,17,00:00:17,doors opened
07/05/2025,12,4108,Saturday,Saturday,West,15657083,36000,10:00:00,36061,10:01:01,24,7216,SUNY Collins Circle (07216),1,0,21,37440.0,10:24:00,37525,10:25:25,37440.0,10:24:00,37540,10:25:40,15,00:00:15,doors opened
07/05/2025,12,4108,Saturday,Saturday,West,15657083,36000,10:00:00,36061,10:01:01,23,3262,1383 Washington Ave (Fairfield Inn) (03262),0,1,20,,,37419,10:23:39,,,37438,10:23:58,19,00:00:19,doors opened
07/05/2025,12,4108,Saturday,Saturday,West,15657083,36000,10:00:00,36061,10:01:01,22,976,Washington Ave & Brevator St (00976),0,0,21,,,37280,10:21:20,,,37280,10:21:20,0,00:00:00,door not opened
07/05/2025,12,4108,Saturday,Saturday,West,15657083,36000,10:00:00,36061,10:01:01,21,1959,Washington Ave & Colvin Ave (01959),0,1,21,,,37231,10:20:31,,,37257,10:20:57,26,00:00:26,doors opened
07/05/2025,12,4108,Saturday,Saturday,West,15657083,36000,10:00:00,36061,10:01:01,20,3399,Washington Ave & Danker Ave (03399),0,0,22,,,37206,10:20:06,,,37206,10:20:06,0,00:00:00,door not opened
07/05/2025,12,4108,Saturday,Saturday,West,15657083,36000,10:00:00,36061,10:01:01,19,1849,Washington Ave & Homestead Ave (01849),2,0,22,,,37163,10:19:23,,,37181,10:19:41,18,00:00:18,doors opened
07/05/2025,12,4108,Saturday,Saturday,West,15657083,36000,10:00:00,36061,10:01:01,18,1846,Washington Ave & Manning Blvd (01846),1,0,20,,,37105,10:18:25,,,37134,10:18:54,29,00:00:29,doors opened
07/05/2025,12,4108,Saturday,Saturday,West,15657083,36000,10:00:00,36061,10:01:01,17,3287,Washington Ave & N. Allen St (03287),2,0,19,37080.0,10:18:00,37050,10:17:30,37080.0,10:18:00,37069,10:17:49,19,00:00:19,doors opened
07/05/2025,12,4108,Saturday,Saturday,West,15657083,36000,10:00:00,36061,10:01:01,16,3264,Washington Ave & N. Main Ave (03264),0,0,17,,,37016,10:16:56,,,37016,10:16:56,0,00:00:00,door not opened
07/05/2025,12,4108,Saturday,Saturday,West,15657083,36000,10:00:00,36061,10:01:01,15,1839,Washington Ave & Partridge St (01839),4,0,17,,,36881,10:14:41,,,36920,10:15:20,39,00:00:39,doors opened
07/05/2025,12,4108,Saturday,Saturday,West,15657083,36000,10:00:00,36061,10:01:01,14,1841,Washington Ave & Ontario St (01841),2,0,13,36840.0,10:14:00,36825,10:13:45,36840.0,10:14:00,36852,10:14:12,27,00:00:27,doors opened
07/05/2025,12,4108,Saturday,Saturday,West,15657083,36000,10:00:00,36061,10:01:01,13,1842,Washington Ave & Quail St (01842),2,0,11,,,36772,10:12:52,,,36800,10:13:20,28,00:00:28,doors opened
07/05/2025,12,4108,Saturday,Saturday,West,15657083,36000,10:00:00,36061,10:01:01,12,1837,Washington Ave & N. Lake Ave (01837),0,0,9,,,36742,10:12:22,,,36742,10:12:22,0,00:00:00,door not opened
07/05/2025,12,4108,Saturday,Saturday,West,15657083,36000,10:00:00,36061,10:01:01,11,1843,Washington Ave & Robin St (01843),2,0,9,,,36699,10:11:39,,,36717,10:11:57,18,00:00:18,doors opened
07/05/2025,12,4108,Saturday,Saturday,West,15657083,36000,10:00:00,36061,10:01:01,10,12943,Washington Ave & Lexington Ave (12943),3,0,7,,,36641,10:10:41,,,36665,10:11:05,24,00:00:24,doors opened
07/05/2025,12,4108,Saturday,Saturday,West,15657083,36000,10:00:00,36061,10:01:01,9,12942,Washington Ave & Henry Johnson Blvd (12942),0,0,4,,,36585,10:09:45,,,36585,10:09:45,0,00:00:00,door not opened
07/05/2025,12,4108,Saturday,Saturday,West,15657083,36000,10:00:00,36061,10:01:01,8,3239,Lark/Library Station - Washington Ave & Lark St (03239),0,0,4,36480.0,10:08:00,36487,10:08:07,36480.0,10:08:00,36487,10:08:07,0,00:00:00,door not opened
07/05/2025,12,4108,Saturday,Saturday,West,15657083,36000,10:00:00,36061,10:01:01,7,3301,Washington Ave & S. Swan St (03301),0,0,4,,,36437,10:07:17,,,36437,10:07:17,0,00:00:00,door not opened
07/05/2025,12,4108,Saturday,Saturday,West,15657083,36000,10:00:00,36061,10:01:01,6,3250,Hawk/Capitol Station - Washington Ave & Hawk St (03250),0,0,4,,,36409,10:06:49,,,36409,10:06:49,0,00:00:00,door not opened
07/05/2025,12,4108,Saturday,Saturday,West,15657083,36000,10:00:00,36061,10:01:01,5,10087,State St & Eagle St (10087),0,0,4,,,36378,10:06:18,,,36378,10:06:18,0,00:00:00,door not opened
07/05/2025,12,4108,Saturday,Saturday,West,15657083,36000,10:00:00,36061,10:01:01,4,2665,State/Downtown Station - State St & Lodge St (02665),3,0,4,36240.0,10:04:00,36280,10:04:40,36240.0,10:04:00,36307,10:05:07,27,00:00:27,doors opened
07/05/2025,12,4108,Saturday,Saturday,West,15657083,36000,10:00:00,36061,10:01:01,3,3221,State Station - N. Pearl St & Ten Eyck Plaza (03221),1,0,1,,,36187,10:03:07,,,36253,10:04:13,66,00:01:06,doors opened
07/05/2025,12,4108,Saturday,Saturday,West,15657083,36000,10:00:00,36061,10:01:01,2,3233,N. Pearl St & Sheridan Ave (03233),0,0,0,,,36121,10:02:01,,,36121,10:02:01,0,00:00:00,door not opened
07/05/2025,12,4108,Saturday,Saturday,West,15657083,36000,10:00:00,36061,10:01:01,1,2168,Clinton Square Station - N. Pearl St & Clinton Ave (02168),0,0,0,,,36107,10:01:47,,,36107,10:01:47,0,00:00:00,door not opened
07/05/2025,12,4108,Saturday,Saturday,West,15657083,36000,10:00:00,36061,10:01:01,0,9018,Broadway & Orange St (09018),0,0,0,36000.0,10:00:00,36061,10:01:01,36000.0,10:00:00,36061,10:01:01,0,00:00:00,door not opened
07/05/2025,12,4108,Saturday,Saturday,East,15657088,45600,12:40:00,45763,12:42:43,15,3253,Washington Ave & Robin St (Draper Hall) (03253),0,0,1,,,47095,13:04:55,,,47095,13:04:55,0,00:00:00,door not opened
07/05/2025,12,4108,Saturday,Saturday,East,15657088,45600,12:40:00,45763,12:42:43,14,2109,Washington Ave & N. Lake Ave (02109),0,1,1,,,47035,13:03:55,,,47054,13:04:14,19,00:00:19,doors opened
07/05/2025,12,4108,Saturday,Saturday,East,15657088,45600,12:40:00,45763,12:42:43,13,3255,Washington Ave & Quail St (03255),0,1,2,,,46970,13:02:50,,,47005,13:03:25,35,00:00:35,doors opened
07/05/2025,12,4108,Saturday,Saturday,East,15657088,45600,12:40:00,45763,12:42:43,12,3256,Washington Ave & Ontario St (03256),0,1,3,46860.0,13:01:00,46930,13:02:10,46860.0,13:01:00,46947,13:02:27,17,00:00:17,doors opened
07/05/2025,12,4108,Saturday,Saturday,East,15657088,45600,12:40:00,45763,12:42:43,11,2107,Washington Ave & Partridge St (02107),0,0,4,,,46906,13:01:46,,,46906,13:01:46,0,00:00:00,door not opened
07/05/2025,12,4108,Saturday,Saturday,East,15657088,45600,12:40:00,45763,12:42:43,10,3257,Washington Ave & N. Main Ave (03257),1,0,4,,,46827,13:00:27,,,46849,13:00:49,22,00:00:22,doors opened
07/05/2025,12,4108,Saturday,Saturday,East,15657088,45600,12:40:00,45763,12:42:43,9,1796,Washington Ave & N. Allen St (01796),1,0,3,46740.0,12:59:00,46768,12:59:28,46740.0,12:59:00,46786,12:59:46,18,00:00:18,doors opened
07/05/2025,12,4108,Saturday,Saturday,East,15657088,45600,12:40:00,45763,12:42:43,8,11581,Washington Ave & Manning Blvd (11581),0,0,2,,,46737,12:58:57,,,46737,12:58:57,0,00:00:00,door not opened
07/05/2025,12,4108,Saturday,Saturday,East,15657088,45600,12:40:00,45763,12:42:43,7,2180,Washington Ave & Homestead Ave (02180),0,0,2,,,46697,12:58:17,,,46697,12:58:17,0,00:00:00,door not opened
07/05/2025,12,4108,Saturday,Saturday,East,15657088,45600,12:40:00,45763,12:42:43,6,2182,Washington Ave & Hawthorne St (02182),0,0,2,,,46667,12:57:47,,,46667,12:57:47,0,00:00:00,door not opened
07/05/2025,12,4108,Saturday,Saturday,East,15657088,45600,12:40:00,45763,12:42:43,5,3304,Washington Ave & Clermont St (03304),0,1,2,,,46633,12:57:13,,,46644,12:57:24,11,00:00:11,doors opened
07/05/2025,12,4108,Saturday,Saturday,East,15657088,45600,12:40:00,45763,12:42:43,4,3348,Washington Ave & Brevator St (03348),0,0,3,,,46620,12:57:00,,,46620,12:57:00,0,00:00:00,door not opened
07/05/2025,12,4108,Saturday,Saturday,East,15657088,45600,12:40:00,45763,12:42:43,3,10134,Washington Ave & SUNY Exit Rd (10134),1,1,3,,,46485,12:54:45,,,46503,12:55:03,18,00:00:18,doors opened
07/05/2025,12,4108,Saturday,Saturday,East,15657088,45600,12:40:00,45763,12:42:43,2,7216,SUNY Collins Circle (07216),0,1,3,46320.0,12:52:00,46377,12:52:57,46320.0,12:52:00,46392,12:53:12,15,00:00:15,doors opened
07/05/2025,12,4108,Saturday,Saturday,East,15657088,45600,12:40:00,45763,12:42:43,1,12827,Crossgates Commons Station (12827),3,4,4,46020.0,12:47:00,46023,12:47:03,46020.0,12:47:00,46058,12:47:38,35,00:00:35,doors opened
07/05/2025,12,4108,Saturday,Saturday,East,15657088,45600,12:40:00,45763,12:42:43,0,7175,Crossgates Mall Station (07175),5,0,5,45600.0,12:40:00,45763,12:42:43,45600.0,12:40:00,45763,12:42:43,0,00:00:00,doors opened
07/05/2025,12,4108,Saturday,Saturday,East,15657088,45600,12:40:00,45763,12:42:43,24,3940,Broadway & Steuben St (03940),0,0,0,47760.0,13:16:00,47591,13:13:11,47760.0,13:16:00,47591,13:13:11,0,00:00:00,door not opened
07/05/2025,12,4108,Saturday,Saturday,East,15657088,45600,12:40:00,45763,12:42:43,23,2509,State/Downtown Station - State St & S. Pearl St (02509),0,1,0,47520.0,13:12:00,47454,13:10:54,47520.0,13:12:00,47518,13:11:58,64,00:01:04,doors opened
07/05/2025,12,4108,Saturday,Saturday,East,15657088,45600,12:40:00,45763,12:42:43,22,1787,State St & Eagle St (01787),0,0,1,,,47439,13:10:39,,,47439,13:10:39,0,00:00:00,door not opened
07/05/2025,12,4108,Saturday,Saturday,East,15657088,45600,12:40:00,45763,12:42:43,21,2706,Hawk/Capitol Station - Washington Ave & Hawk St (02706),0,0,1,,,47394,13:09:54,,,47394,13:09:54,0,00:00:00,door not opened
07/05/2025,12,4108,Saturday,Saturday,East,15657088,45600,12:40:00,45763,12:42:43,20,1789,Washington Ave & S. Swan St (01789),0,0,1,,,47377,13:09:37,,,47377,13:09:37,0,00:00:00,door not opened
07/05/2025,12,4108,Saturday,Saturday,East,15657088,45600,12:40:00,45763,12:42:43,19,1788,Washington Ave & Dove St (01788),0,0,1,,,47336,13:08:56,,,47336,13:08:56,0,00:00:00,door not opened
07/05/2025,12,4108,Saturday,Saturday,East,15657088,45600,12:40:00,45763,12:42:43,18,2663,Lark/Library Station - Washington Ave & Lark St (02663),1,0,1,47220.0,13:07:00,47299,13:08:19,47220.0,13:07:00,47311,13:08:31,12,00:00:12,doors opened
07/05/2025,12,4108,Saturday,Saturday,East,15657088,45600,12:40:00,45763,12:42:43,17,263,Washington Ave & Henry Johnson Blvd (00263),0,1,0,,,47210,13:06:50,,,47258,13:07:38,48,00:00:48,doors opened
07/05/2025,12,4108,Saturday,Saturday,East,15657088,45600,12:40:00,45763,12:42:43,16,2096,Washington Ave & Lexington Ave (02096),0,0,1,,,47108,13:05:08,,,47108,13:05:08,0,00:00:00,door not opened
07/05/2025,12,4108,Saturday,Saturday,West,15657090,48000,13:20:00,48080,13:21:20,27,7175,Crossgates Mall Station (07175),0,10,0,50220.0,13:57:00,50170,13:56:10,50220.0,13:57:00,50170,13:56:10,0,00:00:00,doors opened
07/05/2025,12,4108,Saturday,Saturday,West,15657090,48000,13:20:00,48080,13:21:20,26,12828,Crossgates Commons Station (12828),1,9,10,49800.0,13:50:00,49903,13:51:43,49800.0,13:50:00,49946,13:52:26,43,00:00:43,doors opened
07/05/2025,12,4108,Saturday,Saturday,West,15657090,48000,13:20:00,48080,13:21:20,25,12891,1475 Washington Ave (12891),2,0,18,,,49703,13:48:23,,,49725,13:48:45,22,00:00:22,doors opened
07/05/2025,12,4108,Saturday,Saturday,West,15657090,48000,13:20:00,48080,13:21:20,24,7216,SUNY Collins Circle (07216),1,1,16,49440.0,13:44:00,49596,13:46:36,49440.0,13:44:00,49609,13:46:49,13,00:00:13,doors opened
07/05/2025,12,4108,Saturday,Saturday,West,15657090,48000,13:20:00,48080,13:21:20,23,3262,1383 Washington Ave (Fairfield Inn) (03262),0,0,16,,,49522,13:45:22,,,49522,13:45:22,0,00:00:00,door not opened
07/05/2025,12,4108,Saturday,Saturday,West,15657090,48000,13:20:00,48080,13:21:20,22,976,Washington Ave & Brevator St (00976),0,2,16,,,49356,13:42:36,,,49365,13:42:45,9,00:00:09,doors opened
07/05/2025,12,4108,Saturday,Saturday,West,15657090,48000,13:20:00,48080,13:21:20,21,1959,Washington Ave & Colvin Ave (01959),0,0,18,,,49333,13:42:13,,,49333,13:42:13,0,00:00:00,door not opened
07/05/2025,12,4108,Saturday,Saturday,West,15657090,48000,13:20:00,48080,13:21:20,20,3399,Washington Ave & Danker Ave (03399),0,0,18,,,49295,13:41:35,,,49295,13:41:35,0,00:00:00,door not opened
07/05/2025,12,4108,Saturday,Saturday,West,15657090,48000,13:20:00,48080,13:21:20,19,1849,Washington Ave & Homestead Ave (01849),0,0,18,,,49277,13:41:17,,,49277,13:41:17,0,00:00:00,door not opened
07/05/2025,12,4108,Saturday,Saturday,West,15657090,48000,13:20:00,48080,13:21:20,18,1846,Washington Ave & Manning Blvd (01846),0,0,18,,,49254,13:40:54,,,49254,13:40:54,0,00:00:00,door not opened
07/05/2025,12,4108,Saturday,Saturday,West,15657090,48000,13:20:00,48080,13:21:20,17,3287,Washington Ave & N. Allen St (03287),2,1,18,49080.0,13:38:00,49168,13:39:28,49080.0,13:38:00,49185,13:39:45,17,00:00:17,doors opened
07/05/2025,12,4108,Saturday,Saturday,West,15657090,48000,13:20:00,48080,13:21:20,16,3264,Washington Ave & N. Main Ave (03264),1,1,17,,,49075,13:37:55,,,49130,13:38:50,55,00:00:55,doors opened
07/05/2025,12,4108,Saturday,Saturday,West,15657090,48000,13:20:00,48080,13:21:20,15,1839,Washington Ave & Partridge St (01839),0,1,17,,,48998,13:36:38,,,49010,13:36:50,12,00:00:12,doors opened
07/05/2025,12,4108,Saturday,Saturday,West,15657090,48000,13:20:00,48080,13:21:20,14,1841,Washington Ave & Ontario St (01841),5,0,18,48840.0,13:34:00,48941,13:35:41,48840.0,13:34:00,48971,13:36:11,30,00:00:30,doors opened
07/05/2025,12,4108,Saturday,Saturday,West,15657090,48000,13:20:00,48080,13:21:20,13,1842,Washington Ave & Quail St (01842),4,0,13,,,48876,13:34:36,,,48915,13:35:15,39,00:00:39,doors opened
07/05/2025,12,4108,Saturday,Saturday,West,15657090,48000,13:20:00,48080,13:21:20,12,1837,Washington Ave & N. Lake Ave (01837),1,0,9,,,48807,13:33:27,,,48845,13:34:05,38,00:00:38,doors opened
07/05/2025,12,4108,Saturday,Saturday,West,15657090,48000,13:20:00,48080,13:21:20,11,1843,Washington Ave & Robin St (01843),1,0,8,,,48770,13:32:50,,,48782,13:33:02,12,00:00:12,doors opened
07/05/2025,12,4108,Saturday,Saturday,West,15657090,48000,13:20:00,48080,13:21:20,10,12943,Washington Ave & Lexington Ave (12943),0,0,7,,,48746,13:32:26,,,48746,13:32:26,0,00:00:00,door not opened
07/05/2025,12,4108,Saturday,Saturday,West,15657090,48000,13:20:00,48080,13:21:20,9,12942,Washington Ave & Henry Johnson Blvd (12942),0,0,7,,,48706,13:31:46,,,48706,13:31:46,0,00:00:00,door not opened
07/05/2025,12,4108,Saturday,Saturday,West,15657090,48000,13:20:00,48080,13:21:20,8,3239,Lark/Library Station - Washington Ave & Lark St (03239),1,0,7,48480.0,13:28:00,48621,13:30:21,48480.0,13:28:00,48636,13:30:36,15,00:00:15,doors opened
07/05/2025,12,4108,Saturday,Saturday,West,15657090,48000,13:20:00,48080,13:21:20,7,3301,Washington Ave & S. Swan St (03301),2,0,6,,,48535,13:28:55,,,48573,13:29:33,38,00:00:38,doors opened
07/05/2025,12,4108,Saturday,Saturday,West,15657090,48000,13:20:00,48080,13:21:20,6,3250,Hawk/Capitol Station - Washington Ave & Hawk St (03250),0,0,4,,,48513,13:28:33,,,48513,13:28:33,0,00:00:00,door not opened
07/05/2025,12,4108,Saturday,Saturday,West,15657090,48000,13:20:00,48080,13:21:20,5,10087,State St & Eagle St (10087),0,0,4,,,48484,13:28:04,,,48484,13:28:04,0,00:00:00,door not opened
07/05/2025,12,4108,Saturday,Saturday,West,15657090,48000,13:20:00,48080,13:21:20,4,2665,State/Downtown Station - State St & Lodge St (02665),1,0,4,48240.0,13:24:00,48345,13:25:45,48240.0,13:24:00,48365,13:26:05,20,00:00:20,doors opened
07/05/2025,12,4108,Saturday,Saturday,West,15657090,48000,13:20:00,48080,13:21:20,3,3221,State Station - N. Pearl St & Ten Eyck Plaza (03221),1,0,3,,,48236,13:23:56,,,48316,13:25:16,80,00:01:20,doors opened
07/05/2025,12,4108,Saturday,Saturday,West,15657090,48000,13:20:00,48080,13:21:20,2,3233,N. Pearl St & Sheridan Ave (03233),0,0,2,,,48178,13:22:58,,,48178,13:22:58,0,00:00:00,door not opened
07/05/2025,12,4108,Saturday,Saturday,West,15657090,48000,13:20:00,48080,13:21:20,1,2168,Clinton Square Station - N. Pearl St & Clinton Ave (02168),2,0,2,,,48138,13:22:18,,,48164,13:22:44,26,00:00:26,doors opened
07/05/2025,12,4108,Saturday,Saturday,West,15657090,48000,13:20:00,48080,13:21:20,0,9018,Broadway & Orange St (09018),0,0,0,48000.0,13:20:00,48080,13:21:20,48000.0,13:20:00,48080,13:21:20,0,00:00:00,door not opened
07/05/2025,12,4108,Saturday,Saturday,East,15656967,22200,06:10:00,22271,06:11:11,12,3256,Washington Ave & Ontario St (03256),0,0,5,23280.0,06:28:00,23323,06:28:43,23280.0,06:28:00,23323,06:28:43,0,00:00:00,door not opened
07/05/2025,12,4108,Saturday,Saturday,East,15656967,22200,06:10:00,22271,06:11:11,11,2107,Washington Ave & Partridge St (02107),0,0,5,,,23304,06:28:24,,,23304,06:28:24,0,00:00:00,door not opened
07/05/2025,12,4108,Saturday,Saturday,East,15656967,22200,06:10:00,22271,06:11:11,10,3257,Washington Ave & N. Main Ave (03257),0,0,5,,,23225,06:27:05,,,23225,06:27:05,0,00:00:00,door not opened
07/05/2025,12,4108,Saturday,Saturday,East,15656967,22200,06:10:00,22271,06:11:11,9,1796,Washington Ave & N. Allen St (01796),0,0,5,23160.0,06:26:00,23191,06:26:31,23160.0,06:26:00,23191,06:26:31,0,00:00:00,door not opened
07/05/2025,12,4108,Saturday,Saturday,East,15656967,22200,06:10:00,22271,06:11:11,8,11581,Washington Ave & Manning Blvd (11581),1,0,5,,,23096,06:24:56,,,23143,06:25:43,47,00:00:47,doors opened
07/05/2025,12,4108,Saturday,Saturday,East,15656967,22200,06:10:00,22271,06:11:11,7,2180,Washington Ave & Homestead Ave (02180),0,0,4,,,23073,06:24:33,,,23073,06:24:33,0,00:00:00,door not opened
07/05/2025,12,4108,Saturday,Saturday,East,15656967,22200,06:10:00,22271,06:11:11,6,2182,Washington Ave & Hawthorne St (02182),2,0,4,,,23025,06:23:45,,,23048,06:24:08,23,00:00:23,doors opened
07/05/2025,12,4108,Saturday,Saturday,East,15656967,22200,06:10:00,22271,06:11:11,5,3304,Washington Ave & Clermont St (03304),0,0,2,,,23005,06:23:25,,,23005,06:23:25,0,00:00:00,door not opened
07/05/2025,12,4108,Saturday,Saturday,East,15656967,22200,06:10:00,22271,06:11:11,4,3348,Washington Ave & Brevator St (03348),0,0,2,,,22987,06:23:07,,,22987,06:23:07,0,00:00:00,door not opened
07/05/2025,12,4108,Saturday,Saturday,East,15656967,22200,06:10:00,22271,06:11:11,3,10134,Washington Ave & SUNY Exit Rd (10134),0,0,2,,,22883,06:21:23,,,22883,06:21:23,0,00:00:00,door not opened
07/05/2025,12,4108,Saturday,Saturday,East,15656967,22200,06:10:00,22271,06:11:11,2,7216,SUNY Collins Circle (07216),1,0,2,22740.0,06:19:00,22755,06:19:15,22740.0,06:19:00,22783,06:19:43,28,00:00:28,doors opened
07/05/2025,12,4108,Saturday,Saturday,East,15656967,22200,06:10:00,22271,06:11:11,1,12827,Crossgates Commons Station (12827),0,0,1,22500.0,06:15:00,22548,06:15:48,22500.0,06:15:00,22548,06:15:48,0,00:00:00,door not opened
07/05/2025,12,4108,Saturday,Saturday,East,15656967,22200,06:10:00,22271,06:11:11,0,7175,Crossgates Mall Station (07175),1,0,1,22200.0,06:10:00,22271,06:11:11,22200.0,06:10:00,22271,06:11:11,0,00:00:00,doors opened
07/05/2025,12,4108,Saturday,Saturday,East,15656967,22200,06:10:00,22271,06:11:11,24,3940,Broadway & Steuben St (03940),0,0,0,23940.0,06:39:00,23921,06:38:41,23940.0,06:39:00,23921,06:38:41,0,00:00:00,door not opened
07/05/2025,12,4108,Saturday,Saturday,East,15656967,22200,06:10:00,22271,06:11:11,23,2509,State/Downtown Station - State St & S. Pearl St (02509),0,1,0,23700.0,06:35:00,23761,06:36:01,23700.0,06:35:00,23787,06:36:27,26,00:00:26,doors opened
07/05/2025,12,4108,Saturday,Saturday,East,15656967,22200,06:10:00,22271,06:11:11,22,1787,State St & Eagle St (01787),0,0,1,,,23745,06:35:45,,,23745,06:35:45,0,00:00:00,door not opened
07/05/2025,12,4108,Saturday,Saturday,East,15656967,22200,06:10:00,22271,06:11:11,21,2706,Hawk/Capitol Station - Washington Ave & Hawk St (02706),0,0,1,,,23685,06:34:45,,,23685,06:34:45,0,00:00:00,door not opened
07/05/2025,12,4108,Saturday,Saturday,East,15656967,22200,06:10:00,22271,06:11:11,20,1789,Washington Ave & S. Swan St (01789),0,0,1,,,23664,06:34:24,,,23664,06:34:24,0,00:00:00,door not opened
07/05/2025,12,4108,Saturday,Saturday,East,15656967,22200,06:10:00,22271,06:11:11,19,1788,Washington Ave & Dove St (01788),0,0,1,,,23621,06:33:41,,,23621,06:33:41,0,00:00:00,door not opened
07/05/2025,12,4108,Saturday,Saturday,East,15656967,22200,06:10:00,22271,06:11:11,18,2663,Lark/Library Station - Washington Ave & Lark St (02663),0,0,1,23520.0,06:32:00,23577,06:32:57,23520.0,06:32:00,23577,06:32:57,0,00:00:00,door not opened
07/05/2025,12,4108,Saturday,Saturday,East,15656967,22200,06:10:00,22271,06:11:11,17,263,Washington Ave & Henry Johnson Blvd (00263),0,0,1,,,23553,06:32:33,,,23553,06:32:33,0,00:00:00,door not opened
07/05/2025,12,4108,Saturday,Saturday,East,15656967,22200,06:10:00,22271,06:11:11,16,2096,Washington Ave & Lexington Ave (02096),0,0,1,,,23457,06:30:57,,,23457,06:30:57,0,00:00:00,door not opened
07/05/2025,12,4108,Saturday,Saturday,East,15656967,22200,06:10:00,22271,06:11:11,15,3253,Washington Ave & Robin St (Draper Hall) (03253),0,0,1,,,23440,06:30:40,,,23440,06:30:40,0,00:00:00,door not opened
07/05/2025,12,4108,Saturday,Saturday,East,15656967,22200,06:10:00,22271,06:11:11,14,2109,Washington Ave & N. Lake Ave (02109),0,1,1,,,23394,06:29:54,,,23412,06:30:12,18,00:00:18,doors opened
07/05/2025,12,4108,Saturday,Saturday,East,15656967,22200,06:10:00,22271,06:11:11,13,3255,Washington Ave & Quail St (03255),0,3,2,,,23343,06:29:03,,,23361,06:29:21,18,00:00:18,doors opened
07/05/2025,12,4108,Saturday,Saturday,West,15656970,25200,07:00:00,25312,07:01:52,9,12942,Washington Ave & Henry Johnson Blvd (12942),1,0,7,,,25775,07:09:35,,,25789,07:09:49,14,00:00:14,doors opened
07/05/2025,12,4108,Saturday,Saturday,West,15656970,25200,07:00:00,25312,07:01:52,8,3239,Lark/Library Station - Washington Ave & Lark St (03239),1,0,6,25560.0,07:06:00,25687,07:08:07,25560.0,07:06:00,25703,07:08:23,16,00:00:16,doors opened
07/05/2025,12,4108,Saturday,Saturday,West,15656970,25200,07:00:00,25312,07:01:52,7,3301,Washington Ave & S. Swan St (03301),0,0,5,,,25653,07:07:33,,,25653,07:07:33,0,00:00:00,door not opened
07/05/2025,12,4108,Saturday,Saturday,West,15656970,25200,07:00:00,25312,07:01:52,6,3250,Hawk/Capitol Station - Washington Ave & Hawk St (03250),0,0,5,,,25635,07:07:15,,,25635,07:07:15,0,00:00:00,door not opened
07/05/2025,12,4108,Saturday,Saturday,West,15656970,25200,07:00:00,25312,07:01:52,5,10087,State St & Eagle St (10087),0,0,5,,,25611,07:06:51,,,25611,07:06:51,0,00:00:00,door not opened
07/05/2025,12,4108,Saturday,Saturday,West,15656970,25200,07:00:00,25312,07:01:52,4,2665,State/Downtown Station - State St & Lodge St (02665),4,0,5,25380.0,07:03:00,25547,07:05:47,25380.0,07:03:00,25579,07:06:19,32,00:00:32,doors opened
07/05/2025,12,4108,Saturday,Saturday,West,15656970,25200,07:00:00,25312,07:01:52,3,3221,State Station - N. Pearl St & Ten Eyck Plaza (03221),1,0,1,,,25466,07:04:26,,,25517,07:05:17,51,00:00:51,doors opened
07/05/2025,12,4108,Saturday,Saturday,West,15656970,25200,07:00:00,25312,07:01:52,2,3233,N. Pearl St & Sheridan Ave (03233),0,0,0,,,25346,07:02:26,,,25346,07:02:26,0,00:00:00,door not opened
07/05/2025,12,4108,Saturday,Saturday,West,15656970,25200,07:00:00,25312,07:01:52,1,2168,Clinton Square Station - N. Pearl St & Clinton Ave (02168),0,0,0,,,25333,07:02:13,,,25333,07:02:13,0,00:00:00,door not opened
07/05/2025,12,4108,Saturday,Saturday,West,15656970,25200,07:00:00,25312,07:01:52,0,9018,Broadway & Orange St (09018),0,0,0,25200.0,07:00:00,25312,07:01:52,25200.0,07:00:00,25312,07:01:52,0,00:00:00,door not opened
07/05/2025,12,4108,Saturday,Saturday,West,15656970,25200,07:00:00,25312,07:01:52,27,7175,Crossgates Mall Station (07175),0,2,0,27180.0,07:33:00,26994,07:29:54,27180.0,07:33:00,26994,07:29:54,0,00:00:00,doors opened
07/05/2025,12,4108,Saturday,Saturday,West,15656970,25200,07:00:00,25312,07:01:52,26,12828,Crossgates Commons Station (12828),0,8,2,26760.0,07:26:00,26771,07:26:11,26760.0,07:26:00,26792,07:26:32,21,00:00:21,doors opened
07/05/2025,12,4108,Saturday,Saturday,West,15656970,25200,07:00:00,25312,07:01:52,25,12891,1475 Washington Ave (12891),0,0,10,,,26561,07:22:41,,,26561,07:22:41,0,00:00:00,door not opened
07/05/2025,12,4108,Saturday,Saturday,West,15656970,25200,07:00:00,25312,07:01:52,24,7216,SUNY Collins Circle (07216),0,0,10,26400.0,07:20:00,26467,07:21:07,26400.0,07:20:00,26467,07:21:07,0,00:00:00,door not opened
07/05/2025,12,4108,Saturday,Saturday,West,15656970,25200,07:00:00,25312,07:01:52,23,3262,1383 Washington Ave (Fairfield Inn) (03262),1,0,10,,,26365,07:19:25,,,26381,07:19:41,16,00:00:16,doors opened
07/05/2025,12,4108,Saturday,Saturday,West,15656970,25200,07:00:00,25312,07:01:52,22,976,Washington Ave & Brevator St (00976),0,0,9,,,26257,07:17:37,,,26257,07:17:37,0,00:00:00,door not opened
07/05/2025,12,4108,Saturday,Saturday,West,15656970,25200,07:00:00,25312,07:01:52,21,1959,Washington Ave & Colvin Ave (01959),0,0,9,,,26235,07:17:15,,,26235,07:17:15,0,00:00:00,door not opened
07/05/2025,12,4108,Saturday,Saturday,West,15656970,25200,07:00:00,25312,07:01:52,20,3399,Washington Ave & Danker Ave (03399),0,0,9,,,26209,07:16:49,,,26209,07:16:49,0,00:00:00,door not opened
07/05/2025,12,4108,Saturday,Saturday,West,15656970,25200,07:00:00,25312,07:01:52,19,1849,Washington Ave & Homestead Ave (01849),0,0,9,,,26187,07:16:27,,,26187,07:16:27,0,00:00:00,door not opened
07/05/2025,12,4108,Saturday,Saturday,West,15656970,25200,07:00:00,25312,07:01:52,18,1846,Washington Ave & Manning Blvd (01846),0,0,9,,,26144,07:15:44,,,26144,07:15:44,0,00:00:00,door not opened
07/05/2025,12,4108,Saturday,Saturday,West,15656970,25200,07:00:00,25312,07:01:52,17,3287,Washington Ave & N. Allen St (03287),0,0,9,26100.0,07:15:00,26077,07:14:37,26100.0,07:15:00,26077,07:14:37,0,00:00:00,door not opened
07/05/2025,12,4108,Saturday,Saturday,West,15656970,25200,07:00:00,25312,07:01:52,16,3264,Washington Ave & N. Main Ave (03264),0,1,9,,,26025,07:13:45,,,26036,07:13:56,11,00:00:11,doors opened
07/05/2025,12,4108,Saturday,Saturday,West,15656970,25200,07:00:00,25312,07:01:52,15,1839,Washington Ave & Partridge St (01839),0,0,10,,,25978,07:12:58,,,25978,07:12:58,0,00:00:00,door not opened
07/05/2025,12,4108,Saturday,Saturday,West,15656970,25200,07:00:00,25312,07:01:52,14,1841,Washington Ave & Ontario St (01841),0,0,10,25920.0,07:12:00,25959,07:12:39,25920.0,07:12:00,25959,07:12:39,0,00:00:00,door not opened
07/05/2025,12,4108,Saturday,Saturday,West,15656970,25200,07:00:00,25312,07:01:52,13,1842,Washington Ave & Quail St (01842),3,0,10,,,25904,07:11:44,,,25935,07:12:15,31,00:00:31,doors opened
07/05/2025,12,4108,Saturday,Saturday,West,15656970,25200,07:00:00,25312,07:01:52,12,1837,Washington Ave & N. Lake Ave (01837),0,0,7,,,25875,07:11:15,,,25875,07:11:15,0,00:00:00,door not opened
07/05/2025,12,4108,Saturday,Saturday,West,15656970,25200,07:00:00,25312,07:01:52,11,1843,Washington Ave & Robin St (01843),0,0,7,,,25852,07:10:52,,,25852,07:10:52,0,00:00:00,door not opened
07/05/2025,12,4108,Saturday,Saturday,West,15656970,25200,07:00:00,25312,07:01:52,10,12943,Washington Ave & Lexington Ave (12943),0,0,7,,,25829,07:10:29,,,25829,07:10:29,0,00:00:00,door not opened
07/05/2025,12,4108,Saturday,Saturday,East,15656971,27600,07:40:00,27671,07:41:11,20,1789,Washington Ave & S. Swan St (01789),0,1,13,,,29296,08:08:16,,,29326,08:08:46,30,00:00:30,doors opened
07/05/2025,12,4108,Saturday,Saturday,East,15656971,27600,07:40:00,27671,07:41:11,19,1788,Washington Ave & Dove St (01788),0,0,14,,,29273,08:07:53,,,29273,08:07:53,0,00:00:00,door not opened
07/05/2025,12,4108,Saturday,Saturday,East,15656971,27600,07:40:00,27671,07:41:11,18,2663,Lark/Library Station - Washington Ave & Lark St (02663),0,4,14,28980.0,08:03:00,29177,08:06:17,28980.0,08:03:00,29250,08:07:30,73,00:01:13,doors opened
07/05/2025,12,4108,Saturday,Saturday,East,15656971,27600,07:40:00,27671,07:41:11,17,263,Washington Ave & Henry Johnson Blvd (00263),0,1,18,,,29132,08:05:32,,,29148,08:05:48,16,00:00:16,doors opened
07/05/2025,12,4108,Saturday,Saturday,East,15656971,27600,07:40:00,27671,07:41:11,16,2096,Washington Ave & Lexington Ave (02096),0,2,19,,,29066,08:04:26,,,29094,08:04:54,28,00:00:28,doors opened
07/05/2025,12,4108,Saturday,Saturday,East,15656971,27600,07:40:00,27671,07:41:11,15,3253,Washington Ave & Robin St (Draper Hall) (03253),0,0,21,,,29025,08:03:45,,,29047,08:04:07,22,00:00:22,doors opened
07/05/2025,12,4108,Saturday,Saturday,East,15656971,27600,07:40:00,27671,07:41:11,14,2109,Washington Ave & N. Lake Ave (02109),1,0,21,,,28987,08:03:07,,,29004,08:03:24,17,00:00:17,doors opened
07/05/2025,12,4108,Saturday,Saturday,East,15656971,27600,07:40:00,27671,07:41:11,13,3255,Washington Ave & Quail St (03255),1,3,20,,,28938,08:02:18,,,28960,08:02:40,22,00:00:22,doors opened
07/05/2025,12,4108,Saturday,Saturday,East,15656971,27600,07:40:00,27671,07:41:11,12,3256,Washington Ave & Ontario St (03256),1,0,22,28680.0,07:58:00,28888,08:01:28,28680.0,07:58:00,28914,08:01:54,26,00:00:26,doors opened
07/05/2025,12,4108,Saturday,Saturday,East,15656971,27600,07:40:00,27671,07:41:11,11,2107,Washington Ave & Partridge St (02107),2,1,21,,,28843,08:00:43,,,28863,08:01:03,20,00:00:20,doors opened
07/05/2025,12,4108,Saturday,Saturday,East,15656971,27600,07:40:00,27671,07:41:11,10,3257,Washington Ave & N. Main Ave (03257),1,1,20,,,28767,07:59:27,,,28791,07:59:51,24,00:00:24,doors opened
07/05/2025,12,4108,Saturday,Saturday,East,15656971,27600,07:40:00,27671,07:41:11,9,1796,Washington Ave & N. Allen St (01796),0,0,20,28560.0,07:56:00,28734,07:58:54,28560.0,07:56:00,28734,07:58:54,0,00:00:00,door not opened
07/05/2025,12,4108,Saturday,Saturday,East,15656971,27600,07:40:00,27671,07:41:11,8,11581,Washington Ave & Manning Blvd (11581),1,0,20,,,28635,07:57:15,,,28661,07:57:41,26,00:00:26,doors opened
07/05/2025,12,4108,Saturday,Saturday,East,15656971,27600,07:40:00,27671,07:41:11,24,3940,Broadway & Steuben St (03940),0,0,0,29400.0,08:10:00,29535,08:12:15,29400.0,08:10:00,29535,08:12:15,0,00:00:00,door not opened
07/05/2025,12,4108,Saturday,Saturday,East,15656971,27600,07:40:00,27671,07:41:11,23,2509,State/Downtown Station - State St & S. Pearl St (02509),0,13,0,29160.0,08:06:00,29399,08:09:59,29160.0,08:06:00,29469,08:11:09,70,00:01:10,doors opened
07/05/2025,12,4108,Saturday,Saturday,East,15656971,27600,07:40:00,27671,07:41:11,22,1787,State St & Eagle St (01787),0,0,13,,,29379,08:09:39,,,29379,08:09:39,0,00:00:00,door not opened
07/05/2025,12,4108,Saturday,Saturday,East,15656971,27600,07:40:00,27671,07:41:11,21,2706,Hawk/Capitol Station - Washington Ave & Hawk St (02706),0,0,13,,,29343,08:09:03,,,29343,08:09:03,0,00:00:00,door not opened
07/05/2025,12,4108,Saturday,Saturday,East,15656971,27600,07:40:00,27671,07:41:11,7,2180,Washington Ave & Homestead Ave (02180),0,0,19,,,28613,07:56:53,,,28613,07:56:53,0,00:00:00,door not opened
07/05/2025,12,4108,Saturday,Saturday,East,15656971,27600,07:40:00,27671,07:41:11,6,2182,Washington Ave & Hawthorne St (02182),1,0,19,,,28568,07:56:08,,,28584,07:56:24,16,00:00:16,doors opened
07/05/2025,12,4108,Saturday,Saturday,East,15656971,27600,07:40:00,27671,07:41:11,5,3304,Washington Ave & Clermont St (03304),0,0,18,,,28550,07:55:50,,,28550,07:55:50,0,00:00:00,door not opened
07/05/2025,12,4108,Saturday,Saturday,East,15656971,27600,07:40:00,27671,07:41:11,4,3348,Washington Ave & Brevator St (03348),0,0,18,,,28506,07:55:06,,,28506,07:55:06,0,00:00:00,door not opened
07/05/2025,12,4108,Saturday,Saturday,East,15656971,27600,07:40:00,27671,07:41:11,3,10134,Washington Ave & SUNY Exit Rd (10134),1,0,18,,,28334,07:52:14,,,28382,07:53:02,48,00:00:48,doors opened
07/05/2025,12,4108,Saturday,Saturday,East,15656971,27600,07:40:00,27671,07:41:11,2,7216,SUNY Collins Circle (07216),0,0,17,28140.0,07:49:00,28248,07:50:48,28140.0,07:49:00,28248,07:50:48,0,00:00:00,door not opened
07/05/2025,12,4108,Saturday,Saturday,East,15656971,27600,07:40:00,27671,07:41:11,1,12827,Crossgates Commons Station (12827),14,0,17,27900.0,07:45:00,27895,07:44:55,27900.0,07:45:00,27989,07:46:29,94,00:01:34,doors opened
07/05/2025,12,4108,Saturday,Saturday,East,15656971,27600,07:40:00,27671,07:41:11,0,7175,Crossgates Mall Station (07175),3,0,3,27600.0,07:40:00,27671,07:41:11,27600.0,07:40:00,27671,07:41:11,0,00:00:00,doors opened
07/05/2025,12,4108,Saturday,Saturday,West,15656974,30600,08:30:00,30612,08:30:12,17,3287,Washington Ave & N. Allen St (03287),0,1,18,31560.0,08:46:00,31589,08:46:29,31560.0,08:46:00,31613,08:46:53,24,00:00:24,doors opened
07/05/2025,12,4108,Saturday,Saturday,West,15656974,30600,08:30:00,30612,08:30:12,16,3264,Washington Ave & N. Main Ave (03264),1,0,19,,,31495,08:44:55,,,31550,08:45:50,55,00:00:55,doors opened
07/05/2025,12,4108,Saturday,Saturday,West,15656974,30600,08:30:00,30612,08:30:12,15,1839,Washington Ave & Partridge St (01839),1,0,18,,,31392,08:43:12,,,31411,08:43:31,19,00:00:19,doors opened
07/05/2025,12,4108,Saturday,Saturday,West,15656974,30600,08:30:00,30612,08:30:12,14,1841,Washington Ave & Ontario St (01841),5,0,17,31380.0,08:43:00,31338,08:42:18,31380.0,08:43:00,31366,08:42:46,28,00:00:28,doors opened
07/05/2025,12,4108,Saturday,Saturday,West,15656974,30600,08:30:00,30612,08:30:12,13,1842,Washington Ave & Quail St (01842),5,1,12,,,31243,08:40:43,,,31310,08:41:50,67,00:01:07,doors opened
07/05/2025,12,4108,Saturday,Saturday,West,15656974,30600,08:30:00,30612,08:30:12,12,1837,Washington Ave & N. Lake Ave (01837),0,1,8,,,31194,08:39:54,,,31212,08:40:12,18,00:00:18,doors opened
07/05/2025,12,4108,Saturday,Saturday,West,15656974,30600,08:30:00,30612,08:30:12,11,1843,Washington Ave & Robin St (01843),0,0,9,,,31171,08:39:31,,,31171,08:39:31,0,00:00:00,door not opened
07/05/2025,12,4108,Saturday,Saturday,West,15656974,30600,08:30:00,30612,08:30:12,10,12943,Washington Ave & Lexington Ave (12943),1,1,9,,,31128,08:38:48,,,31144,08:39:04,16,00:00:16,doors opened
07/05/2025,12,4108,Saturday,Saturday,West,15656974,30600,08:30:00,30612,08:30:12,9,12942,Washington Ave & Henry Johnson Blvd (12942),2,0,9,,,31080,08:38:00,,,31097,08:38:17,17,00:00:17,doors opened
07/05/2025,12,4108,Saturday,Saturday,West,15656974,30600,08:30:00,30612,08:30:12,8,3239,Lark/Library Station - Washington Ave & Lark St (03239),0,0,7,31020.0,08:37:00,31046,08:37:26,31020.0,08:37:00,31046,08:37:26,0,00:00:00,door not opened
07/05/2025,12,4108,Saturday,Saturday,West,15656974,30600,08:30:00,30612,08:30:12,7,3301,Washington Ave & S. Swan St (03301),0,0,7,,,30977,08:36:17,,,30977,08:36:17,0,00:00:00,door not opened
07/05/2025,12,4108,Saturday,Saturday,West,15656974,30600,08:30:00,30612,08:30:12,6,3250,Hawk/Capitol Station - Washington Ave & Hawk St (03250),0,0,7,,,30957,08:35:57,,,30957,08:35:57,0,00:00:00,door not opened
07/05/2025,12,4108,Saturday,Saturday,West,15656974,30600,08:30:00,30612,08:30:12,5,10087,State St & Eagle St (10087),0,0,7,,,30934,08:35:34,,,30934,08:35:34,0,00:00:00,door not opened
07/05/2025,12,4108,Saturday,Saturday,West,15656974,30600,08:30:00,30612,08:30:12,4,2665,State/Downtown Station - State St & Lodge St (02665),4,0,7,30840.0,08:34:00,30854,08:34:14,30840.0,08:34:00,30902,08:35:02,48,00:00:48,doors opened
07/05/2025,12,4108,Saturday,Saturday,West,15656974,30600,08:30:00,30612,08:30:12,3,3221,State Station - N. Pearl St & Ten Eyck Plaza (03221),1,0,3,,,30751,08:32:31,,,30822,08:33:42,71,00:01:11,doors opened
07/05/2025,12,4108,Saturday,Saturday,West,15656974,30600,08:30:00,30612,08:30:12,2,3233,N. Pearl St & Sheridan Ave (03233),0,0,2,,,30706,08:31:46,,,30706,08:31:46,0,00:00:00,door not opened
07/05/2025,12,4108,Saturday,Saturday,West,15656974,30600,08:30:00,30612,08:30:12,1,2168,Clinton Square Station - N. Pearl St & Clinton Ave (02168),1,0,2,,,30673,08:31:13,,,30693,08:31:33,20,00:00:20,doors opened
07/05/2025,12,4108,Saturday,Saturday,West,15656974,30600,08:30:00,30612,08:30:12,0,9018,Broadway & Orange St (09018),0,0,1,30600.0,08:30:00,30612,08:30:12,30600.0,08:30:00,30612,08:30:12,0,00:00:00,door not opened
07/05/2025,12,4108,Saturday,Saturday,West,15656974,30600,08:30:00,30612,08:30:12,27,7175,Crossgates Mall Station (07175),0,5,0,32700.0,09:05:00,32628,09:03:48,32700.0,09:05:00,32628,09:03:48,0,00:00:00,doors opened
07/05/2025,12,4108,Saturday,Saturday,West,15656974,30600,08:30:00,30612,08:30:12,26,12828,Crossgates Commons Station (12828),0,11,5,32280.0,08:58:00,32365,08:59:25,32280.0,08:58:00,32399,08:59:59,34,00:00:34,doors opened
07/05/2025,12,4108,Saturday,Saturday,West,15656974,30600,08:30:00,30612,08:30:12,25,12891,1475 Washington Ave (12891),0,1,16,,,32187,08:56:27,,,32197,08:56:37,10,00:00:10,doors opened
07/05/2025,12,4108,Saturday,Saturday,West,15656974,30600,08:30:00,30612,08:30:12,24,7216,SUNY Collins Circle (07216),1,1,17,31920.0,08:52:00,32064,08:54:24,31920.0,08:52:00,32093,08:54:53,29,00:00:29,doors opened
07/05/2025,12,4108,Saturday,Saturday,West,15656974,30600,08:30:00,30612,08:30:12,23,3262,1383 Washington Ave (Fairfield Inn) (03262),0,1,17,,,31938,08:52:18,,,31954,08:52:34,16,00:00:16,doors opened
07/05/2025,12,4108,Saturday,Saturday,West,15656974,30600,08:30:00,30612,08:30:12,22,976,Washington Ave & Brevator St (00976),0,0,18,,,31830,08:50:30,,,31830,08:50:30,0,00:00:00,door not opened
07/05/2025,12,4108,Saturday,Saturday,West,15656974,30600,08:30:00,30612,08:30:12,21,1959,Washington Ave & Colvin Ave (01959),0,0,18,,,31783,08:49:43,,,31783,08:49:43,0,00:00:00,door not opened
07/05/2025,12,4108,Saturday,Saturday,West,15656974,30600,08:30:00,30612,08:30:12,20,3399,Washington Ave & Danker Ave (03399),0,0,18,,,31726,08:48:46,,,31726,08:48:46,0,00:00:00,door not opened
07/05/2025,12,4108,Saturday,Saturday,West,15656974,30600,08:30:00,30612,08:30:12,19,1849,Washington Ave & Homestead Ave (01849),0,0,18,,,31703,08:48:23,,,31703,08:48:23,0,00:00:00,door not opened
07/05/2025,12,4108,Saturday,Saturday,West,15656974,30600,08:30:00,30612,08:30:12,18,1846,Washington Ave & Manning Blvd (01846),0,0,18,,,31678,08:47:58,,,31678,08:47:58,0,00:00:00,door not opened
07/05/2025,12,4108,Saturday,Saturday,East,15657080,33000,09:10:00,33150,09:12:30,24,3940,Broadway & Steuben St (03940),0,0,0,34860.0,09:41:00,34995,09:43:15,34860.0,09:41:00,34995,09:43:15,0,00:00:00,door not opened
07/05/2025,12,4108,Saturday,Saturday,East,15657080,33000,09:10:00,33150,09:12:30,23,2509,State/Downtown Station - State St & S. Pearl St (02509),0,3,0,34620.0,09:37:00,34838,09:40:38,34620.0,09:37:00,34860,09:41:00,22,00:00:22,doors opened
07/05/2025,12,4108,Saturday,Saturday,East,15657080,33000,09:10:00,33150,09:12:30,22,1787,State St & Eagle St (01787),0,0,3,,,34820,09:40:20,,,34820,09:40:20,0,00:00:00,door not opened
07/05/2025,12,4108,Saturday,Saturday,East,15657080,33000,09:10:00,33150,09:12:30,21,2706,Hawk/Capitol Station - Washington Ave & Hawk St (02706),0,0,3,,,34756,09:39:16,,,34756,09:39:16,0,00:00:00,door not opened
07/05/2025,12,4108,Saturday,Saturday,East,15657080,33000,09:10:00,33150,09:12:30,20,1789,Washington Ave & S. Swan St (01789),1,0,3,,,34711,09:38:31,,,34723,09:38:43,12,00:00:12,doors opened
07/05/2025,12,4108,Saturday,Saturday,East,15657080,33000,09:10:00,33150,09:12:30,19,1788,Washington Ave & Dove St (01788),0,0,2,,,34688,09:38:08,,,34688,09:38:08,0,00:00:00,door not opened
07/05/2025,12,4108,Saturday,Saturday,East,15657080,33000,09:10:00,33150,09:12:30,18,2663,Lark/Library Station - Washington Ave & Lark St (02663),0,0,2,34440.0,09:34:00,34670,09:37:50,34440.0,09:34:00,34670,09:37:50,0,00:00:00,door not opened
07/05/2025,12,4108,Saturday,Saturday,East,15657080,33000,09:10:00,33150,09:12:30,17,263,Washington Ave & Henry Johnson Blvd (00263),0,1,2,,,34589,09:36:29,,,34643,09:37:23,54,00:00:54,doors opened
07/05/2025,12,4108,Saturday,Saturday,East,15657080,33000,09:10:00,33150,09:12:30,16,2096,Washington Ave & Lexington Ave (02096),0,0,3,,,34520,09:35:20,,,34520,09:35:20,0,00:00:00,door not opened
07/05/2025,12,4108,Saturday,Saturday,East,15657080,33000,09:10:00,33150,09:12:30,15,3253,Washington Ave & Robin St (Draper Hall) (03253),0,1,3,,,34478,09:34:38,,,34500,09:35:00,22,00:00:22,doors opened
07/05/2025,12,4108,Saturday,Saturday,East,15657080,33000,09:10:00,33150,09:12:30,14,2109,Washington Ave & N. Lake Ave (02109),0,0,4,,,34458,09:34:18,,,34458,09:34:18,0,00:00:00,door not opened
07/05/2025,12,4108,Saturday,Saturday,East,15657080,33000,09:10:00,33150,09:12:30,13,3255,Washington Ave & Quail St (03255),0,0,4,,,34433,09:33:53,,,34433,09:33:53,0,00:00:00,door not opened
07/05/2025,12,4108,Saturday,Saturday,East,15657080,33000,09:10:00,33150,09:12:30,12,3256,Washington Ave & Ontario St (03256),1,1,4,34140.0,09:29:00,34385,09:33:05,34140.0,09:29:00,34405,09:33:25,20,00:00:20,doors opened
07/05/2025,12,4108,Saturday,Saturday,East,15657080,33000,09:10:00,33150,09:12:30,11,2107,Washington Ave & Partridge St (02107),0,2,4,,,34332,09:32:12,,,34357,09:32:37,25,00:00:25,doors opened
07/05/2025,12,4108,Saturday,Saturday,East,15657080,33000,09:10:00,33150,09:12:30,10,3257,Washington Ave & N. Main Ave (03257),1,0,6,,,34174,09:29:34,,,34249,09:30:49,75,00:01:15,doors opened
07/05/2025,12,4108,Saturday,Saturday,East,15657080,33000,09:10:00,33150,09:12:30,9,1796,Washington Ave & N. Allen St (01796),1,2,5,34020.0,09:27:00,34094,09:28:14,34020.0,09:27:00,34133,09:28:53,39,00:00:39,doors opened
07/05/2025,12,4108,Saturday,Saturday,East,15657080,33000,09:10:00,33150,09:12:30,8,11581,Washington Ave & Manning Blvd (11581),1,1,6,,,34029,09:27:09,,,34060,09:27:40,31,00:00:31,doors opened
07/05/2025,12,4108,Saturday,Saturday,East,15657080,33000,09:10:00,33150,09:12:30,7,2180,Washington Ave & Homestead Ave (02180),0,0,6,,,34008,09:26:48,,,34008,09:26:48,0,00:00:00,door not opened
07/05/2025,12,4108,Saturday,Saturday,East,15657080,33000,09:10:00,33150,09:12:30,6,2182,Washington Ave & Hawthorne St (02182),0,0,6,,,33984,09:26:24,,,33984,09:26:24,0,00:00:00,door not opened
07/05/2025,12,4108,Saturday,Saturday,East,15657080,33000,09:10:00,33150,09:12:30,5,3304,Washington Ave & Clermont St (03304),0,0,6,,,33970,09:26:10,,,33970,09:26:10,0,00:00:00,door not opened
07/05/2025,12,4108,Saturday,Saturday,East,15657080,33000,09:10:00,33150,09:12:30,4,3348,Washington Ave & Brevator St (03348),0,0,6,,,33953,09:25:53,,,33953,09:25:53,0,00:00:00,door not opened
07/05/2025,12,4108,Saturday,Saturday,East,15657080,33000,09:10:00,33150,09:12:30,3,10134,Washington Ave & SUNY Exit Rd (10134),0,1,6,,,33803,09:23:23,,,33821,09:23:41,18,00:00:18,doors opened
07/05/2025,12,4108,Saturday,Saturday,East,15657080,33000,09:10:00,33150,09:12:30,2,7216,SUNY Collins Circle (07216),1,0,7,33600.0,09:20:00,33660,09:21:00,33600.0,09:20:00,33708,09:21:48,48,00:00:48,doors opened
07/05/2025,12,4108,Saturday,Saturday,East,15657080,33000,09:10:00,33150,09:12:30,1,12827,Crossgates Commons Station (12827),5,0,6,33360.0,09:16:00,33387,09:16:27,33360.0,09:16:00,33420,09:17:00,33,00:00:33,doors opened
07/05/2025,12,4108,Saturday,Saturday,East,15657080,33000,09:10:00,33150,09:12:30,0,7175,Crossgates Mall Station (07175),1,0,1,33000.0,09:10:00,33150,09:12:30,33000.0,09:10:00,33150,09:12:30,0,00:00:00,doors opened
07/05/2025,12,4118,Saturday,Saturday,West,15657697,54000,15:00:00,54030,15:00:30,23,3262,1383 Washington Ave (Fairfield Inn) (03262),3,2,34,,,55546,15:25:46,,,55564,15:26:04,18,00:00:18,doors opened
07/05/2025,12,4118,Saturday,Saturday,West,15657697,54000,15:00:00,54030,15:00:30,22,976,Washington Ave & Brevator St (00976),0,0,33,,,55431,15:23:51,,,55431,15:23:51,0,00:00:00,door not opened
07/05/2025,12,4118,Saturday,Saturday,West,15657697,54000,15:00:00,54030,15:00:30,21,1959,Washington Ave & Colvin Ave (01959),1,0,33,,,55377,15:22:57,,,55406,15:23:26,29,00:00:29,doors opened
07/05/2025,12,4118,Saturday,Saturday,West,15657697,54000,15:00:00,54030,15:00:30,20,3399,Washington Ave & Danker Ave (03399),0,0,32,,,55354,15:22:34,,,55354,15:22:34,0,00:00:00,door not opened
07/05/2025,12,4118,Saturday,Saturday,West,15657697,54000,15:00:00,54030,15:00:30,19,1849,Washington Ave & Homestead Ave (01849),0,0,32,,,55337,15:22:17,,,55337,15:22:17,0,00:00:00,door not opened
07/05/2025,12,4118,Saturday,Saturday,West,15657697,54000,15:00:00,54030,15:00:30,18,1846,Washington Ave & Manning Blvd (01846),2,0,32,,,55266,15:21:06,,,55311,15:21:51,45,00:00:45,doors opened
07/05/2025,12,4118,Saturday,Saturday,West,15657697,54000,15:00:00,54030,15:00:30,17,3287,Washington Ave & N. Allen St (03287),1,0,30,55080.0,15:18:00,55215,15:20:15,55080.0,15:18:00,55225,15:20:25,10,00:00:10,doors opened
07/05/2025,12,4118,Saturday,Saturday,West,15657697,54000,15:00:00,54030,15:00:30,16,3264,Washington Ave & N. Main Ave (03264),0,0,29,,,55181,15:19:41,,,55181,15:19:41,0,00:00:00,door not opened
07/05/2025,12,4118,Saturday,Saturday,West,15657697,54000,15:00:00,54030,15:00:30,15,1839,Washington Ave & Partridge St (01839),3,0,29,,,55082,15:18:02,,,55098,15:18:18,16,00:00:16,doors opened
07/05/2025,12,4118,Saturday,Saturday,West,15657697,54000,15:00:00,54030,15:00:30,14,1841,Washington Ave & Ontario St (01841),0,0,26,54840.0,15:14:00,55056,15:17:36,54840.0,15:14:00,55056,15:17:36,0,00:00:00,door not opened
07/05/2025,12,4118,Saturday,Saturday,West,15657697,54000,15:00:00,54030,15:00:30,13,1842,Washington Ave & Quail St (01842),4,1,26,,,54953,15:15:53,,,55006,15:16:46,53,00:00:53,doors opened
07/05/2025,12,4118,Saturday,Saturday,West,15657697,54000,15:00:00,54030,15:00:30,12,1837,Washington Ave & N. Lake Ave (01837),7,0,23,,,54846,15:14:06,,,54919,15:15:19,73,00:01:13,doors opened
07/05/2025,12,4118,Saturday,Saturday,West,15657697,54000,15:00:00,54030,15:00:30,11,1843,Washington Ave & Robin St (01843),1,0,16,,,54803,15:13:23,,,54814,15:13:34,11,00:00:11,doors opened
07/05/2025,12,4118,Saturday,Saturday,West,15657697,54000,15:00:00,54030,15:00:30,10,12943,Washington Ave & Lexington Ave (12943),0,1,15,,,54761,15:12:41,,,54775,15:12:55,14,00:00:14,doors opened
07/05/2025,12,4118,Saturday,Saturday,West,15657697,54000,15:00:00,54030,15:00:30,9,12942,Washington Ave & Henry Johnson Blvd (12942),3,0,16,,,54700,15:11:40,,,54732,15:12:12,32,00:00:32,doors opened
07/05/2025,12,4118,Saturday,Saturday,West,15657697,54000,15:00:00,54030,15:00:30,8,3239,Lark/Library Station - Washington Ave & Lark St (03239),1,0,13,54480.0,15:08:00,54606,15:10:06,54480.0,15:08:00,54647,15:10:47,41,00:00:41,doors opened
07/05/2025,12,4118,Saturday,Saturday,West,15657697,54000,15:00:00,54030,15:00:30,7,3301,Washington Ave & S. Swan St (03301),0,0,12,,,54569,15:09:29,,,54569,15:09:29,0,00:00:00,door not opened
07/05/2025,12,4118,Saturday,Saturday,West,15657697,54000,15:00:00,54030,15:00:30,6,3250,Hawk/Capitol Station - Washington Ave & Hawk St (03250),2,0,12,,,54522,15:08:42,,,54540,15:09:00,18,00:00:18,doors opened
07/05/2025,12,4118,Saturday,Saturday,West,15657697,54000,15:00:00,54030,15:00:30,5,10087,State St & Eagle St (10087),1,0,10,,,54474,15:07:54,,,54494,15:08:14,20,00:00:20,doors opened
07/05/2025,12,4118,Saturday,Saturday,West,15657697,54000,15:00:00,54030,15:00:30,4,2665,State/Downtown Station - State St & Lodge St (02665),4,0,9,54240.0,15:04:00,54331,15:05:31,54240.0,15:04:00,54403,15:06:43,72,00:01:12,doors opened
07/05/2025,12,4118,Saturday,Saturday,West,15657697,54000,15:00:00,54030,15:00:30,3,3221,State Station - N. Pearl St & Ten Eyck Plaza (03221),3,0,5,,,54172,15:02:52,,,54299,15:04:59,127,00:02:07,doors opened
07/05/2025,12,4118,Saturday,Saturday,West,15657697,54000,15:00:00,54030,15:00:30,2,3233,N. Pearl St & Sheridan Ave (03233),0,0,2,,,54135,15:02:15,,,54135,15:02:15,0,00:00:00,door not opened
07/05/2025,12,4118,Saturday,Saturday,West,15657697,54000,15:00:00,54030,15:00:30,1,2168,Clinton Square Station - N. Pearl St & Clinton Ave (02168),2,0,2,,,54073,15:01:13,,,54073,15:01:13,0,00:00:00,door not opened
07/05/2025,12,4118,Saturday,Saturday,West,15657697,54000,15:00:00,54030,15:00:30,0,9018,Broadway & Orange St (09018),0,0,0,54000.0,15:00:00,54030,15:00:30,54000.0,15:00:00,54030,15:00:30,0,00:00:00,door not opened
07/05/2025,12,4118,Saturday,Saturday,West,15657697,54000,15:00:00,54030,15:00:30,27,7175,Crossgates Mall Station (07175),0,25,0,56220.0,15:37:00,56182,15:36:22,56220.0,15:37:00,56182,15:36:22,0,00:00:00,doors opened
07/05/2025,12,4118,Saturday,Saturday,West,15657697,54000,15:00:00,54030,15:00:30,26,12828,Crossgates Commons Station (12828),2,10,25,55800.0,15:30:00,55885,15:31:25,55800.0,15:30:00,55924,15:32:04,39,00:00:39,doors opened
07/05/2025,12,4118,Saturday,Saturday,West,15657697,54000,15:00:00,54030,15:00:30,25,12891,1475 Washington Ave (12891),0,0,33,,,55738,15:28:58,,,55738,15:28:58,0,00:00:00,door not opened
07/05/2025,12,4118,Saturday,Saturday,West,15657697,54000,15:00:00,54030,15:00:30,24,7216,SUNY Collins Circle (07216),0,1,33,55440.0,15:24:00,55648,15:27:28,55440.0,15:24:00,55658,15:27:38,10,00:00:10,doors opened
07/05/2025,12,4118,Saturday,Saturday,West,15659017,56400,15:40:00,57026,15:50:26,14,1841,Washington Ave & Ontario St (01841),2,1,12,57240.0,15:54:00,57733,16:02:13,57240.0,15:54:00,57755,16:02:35,22,00:00:22,doors opened
07/05/2025,12,4118,Saturday,Saturday,West,15659017,56400,15:40:00,57026,15:50:26,13,1842,Washington Ave & Quail St (01842),5,0,11,,,57646,16:00:46,,,57704,16:01:44,58,00:00:58,doors opened
07/05/2025,12,4118,Saturday,Saturday,West,15659017,56400,15:40:00,57026,15:50:26,12,1837,Washington Ave & N. Lake Ave (01837),0,0,6,,,57619,16:00:19,,,57619,16:00:19,0,00:00:00,door not opened
07/05/2025,12,4118,Saturday,Saturday,West,15659017,56400,15:40:00,57026,15:50:26,11,1843,Washington Ave & Robin St (01843),0,0,6,,,57569,15:59:29,,,57569,15:59:29,0,00:00:00,door not opened
07/05/2025,12,4118,Saturday,Saturday,West,15659017,56400,15:40:00,57026,15:50:26,10,12943,Washington Ave & Lexington Ave (12943),0,0,6,,,57546,15:59:06,,,57546,15:59:06,0,00:00:00,door not opened
07/05/2025,12,4118,Saturday,Saturday,West,15659017,56400,15:40:00,57026,15:50:26,9,12942,Washington Ave & Henry Johnson Blvd (12942),0,0,6,,,57470,15:57:50,,,57470,15:57:50,0,00:00:00,door not opened
07/05/2025,12,4118,Saturday,Saturday,West,15659017,56400,15:40:00,57026,15:50:26,8,3239,Lark/Library Station - Washington Ave & Lark St (03239),3,0,6,56880.0,15:48:00,57357,15:55:57,56880.0,15:48:00,57386,15:56:26,29,00:00:29,doors opened
07/05/2025,12,4118,Saturday,Saturday,West,15659017,56400,15:40:00,57026,15:50:26,7,3301,Washington Ave & S. Swan St (03301),0,0,3,,,57287,15:54:47,,,57287,15:54:47,0,00:00:00,door not opened
07/05/2025,12,4118,Saturday,Saturday,West,15659017,56400,15:40:00,57026,15:50:26,6,3250,Hawk/Capitol Station - Washington Ave & Hawk St (03250),0,0,3,,,57254,15:54:14,,,57254,15:54:14,0,00:00:00,door not opened
07/05/2025,12,4118,Saturday,Saturday,West,15659017,56400,15:40:00,57026,15:50:26,5,10087,State St & Eagle St (10087),0,0,3,,,57225,15:53:45,,,57225,15:53:45,0,00:00:00,door not opened
07/05/2025,12,4118,Saturday,Saturday,West,15659017,56400,15:40:00,57026,15:50:26,4,2665,State/Downtown Station - State St & Lodge St (02665),0,0,3,56640.0,15:44:00,57196,15:53:16,56640.0,15:44:00,57196,15:53:16,0,00:00:00,door not opened
07/05/2025,12,4118,Saturday,Saturday,West,15659017,56400,15:40:00,57026,15:50:26,3,3221,State Station - N. Pearl St & Ten Eyck Plaza (03221),1,0,3,,,57150,15:52:30,,,57164,15:52:44,14,00:00:14,doors opened
07/05/2025,12,4118,Saturday,Saturday,West,15659017,56400,15:40:00,57026,15:50:26,2,3233,N. Pearl St & Sheridan Ave (03233),0,0,2,,,57122,15:52:02,,,57122,15:52:02,0,00:00:00,door not opened
07/05/2025,12,4118,Saturday,Saturday,West,15659017,56400,15:40:00,57026,15:50:26,1,2168,Clinton Square Station - N. Pearl St & Clinton Ave (02168),2,0,2,,,57073,15:51:13,,,57110,15:51:50,37,00:00:37,doors opened
07/05/2025,12,4118,Saturday,Saturday,West,15659017,56400,15:40:00,57026,15:50:26,0,9018,Broadway & Orange St (09018),0,0,0,56400.0,15:40:00,57026,15:50:26,56400.0,15:40:00,57026,15:50:26,0,00:00:00,door not opened
07/05/2025,12,4118,Saturday,Saturday,West,15659017,56400,15:40:00,57026,15:50:26,27,7175,Crossgates Mall Station (07175),0,8,0,58620.0,16:17:00,58850,16:20:50,58620.0,16:17:00,58850,16:20:50,0,00:00:00,doors opened
07/05/2025,12,4118,Saturday,Saturday,West,15659017,56400,15:40:00,57026,15:50:26,26,12828,Crossgates Commons Station (12828),1,7,8,58200.0,16:10:00,58630,16:17:10,58200.0,16:10:00,58656,16:17:36,26,00:00:26,doors opened
07/05/2025,12,4118,Saturday,Saturday,West,15659017,56400,15:40:00,57026,15:50:26,25,12891,1475 Washington Ave (12891),0,1,14,,,58463,16:14:23,,,58474,16:14:34,11,00:00:11,doors opened
07/05/2025,12,4118,Saturday,Saturday,West,15659017,56400,15:40:00,57026,15:50:26,24,7216,SUNY Collins Circle (07216),0,1,15,57840.0,16:04:00,58394,16:13:14,57840.0,16:04:00,58394,16:13:14,0,00:00:00,door not opened
07/05/2025,12,4118,Saturday,Saturday,West,15659017,56400,15:40:00,57026,15:50:26,23,3262,1383 Washington Ave (Fairfield Inn) (03262),0,0,16,,,58273,16:11:13,,,58273,16:11:13,0,00:00:00,door not opened
07/05/2025,12,4118,Saturday,Saturday,West,15659017,56400,15:40:00,57026,15:50:26,22,976,Washington Ave & Brevator St (00976),0,2,16,,,58143,16:09:03,,,58166,16:09:26,23,00:00:23,doors opened
07/05/2025,12,4118,Saturday,Saturday,West,15659017,56400,15:40:00,57026,15:50:26,21,1959,Washington Ave & Colvin Ave (01959),0,0,18,,,58119,16:08:39,,,58119,16:08:39,0,00:00:00,door not opened
07/05/2025,12,4118,Saturday,Saturday,West,15659017,56400,15:40:00,57026,15:50:26,20,3399,Washington Ave & Danker Ave (03399),0,0,18,,,58073,16:07:53,,,58073,16:07:53,0,00:00:00,door not opened
07/05/2025,12,4118,Saturday,Saturday,West,15659017,56400,15:40:00,57026,15:50:26,19,1849,Washington Ave & Homestead Ave (01849),0,0,18,,,58035,16:07:15,,,58035,16:07:15,0,00:00:00,door not opened
07/05/2025,12,4118,Saturday,Saturday,West,15659017,56400,15:40:00,57026,15:50:26,18,1846,Washington Ave & Manning Blvd (01846),0,0,18,,,58015,16:06:55,,,58015,16:06:55,0,00:00:00,door not opened
07/05/2025,12,4118,Saturday,Saturday,West,15659017,56400,15:40:00,57026,15:50:26,17,3287,Washington Ave & N. Allen St (03287),3,1,18,57480.0,15:58:00,57937,16:05:37,57480.0,15:58:00,57980,16:06:20,43,00:00:43,doors opened
07/05/2025,12,4118,Saturday,Saturday,West,15659017,56400,15:40:00,57026,15:50:26,16,3264,Washington Ave & N. Main Ave (03264),4,0,16,,,57873,16:04:33,,,57898,16:04:58,25,00:00:25,doors opened
07/05/2025,12,4118,Saturday,Saturday,West,15659017,56400,15:40:00,57026,15:50:26,15,1839,Washington Ave & Partridge St (01839),0,0,12,,,57781,16:03:01,,,57781,16:03:01,0,00:00:00,door not opened
07/05/2025,12,4118,Saturday,Saturday,West,15659022,66000,18:20:00,66655,18:30:55,17,3287,Washington Ave & N. Allen St (03287),1,2,7,67020.0,18:37:00,67274,18:41:14,67020.0,18:37:00,67292,18:41:32,18,00:00:18,doors opened
07/05/2025,12,4118,Saturday,Saturday,West,15659022,66000,18:20:00,66655,18:30:55,16,3264,Washington Ave & N. Main Ave (03264),0,0,8,,,67245,18:40:45,,,67245,18:40:45,0,00:00:00,door not opened
07/05/2025,12,4118,Saturday,Saturday,West,15659022,66000,18:20:00,66655,18:30:55,15,1839,Washington Ave & Partridge St (01839),0,0,8,,,67187,18:39:47,,,67187,18:39:47,0,00:00:00,door not opened
07/05/2025,12,4118,Saturday,Saturday,West,15659022,66000,18:20:00,66655,18:30:55,14,1841,Washington Ave & Ontario St (01841),0,0,8,66840.0,18:34:00,67166,18:39:26,66840.0,18:34:00,67166,18:39:26,0,00:00:00,door not opened
07/05/2025,12,4118,Saturday,Saturday,West,15659022,66000,18:20:00,66655,18:30:55,13,1842,Washington Ave & Quail St (01842),4,0,8,,,67059,18:37:39,,,67124,18:38:44,65,00:01:05,doors opened
07/05/2025,12,4118,Saturday,Saturday,West,15659022,66000,18:20:00,66655,18:30:55,12,1837,Washington Ave & N. Lake Ave (01837),0,0,4,,,67036,18:37:16,,,67036,18:37:16,0,00:00:00,door not opened
07/05/2025,12,4118,Saturday,Saturday,West,15659022,66000,18:20:00,66655,18:30:55,11,1843,Washington Ave & Robin St (01843),0,0,4,,,67015,18:36:55,,,67015,18:36:55,0,00:00:00,door not opened
07/05/2025,12,4118,Saturday,Saturday,West,15659022,66000,18:20:00,66655,18:30:55,10,12943,Washington Ave & Lexington Ave (12943),0,0,4,,,66997,18:36:37,,,66997,18:36:37,0,00:00:00,door not opened
07/05/2025,12,4118,Saturday,Saturday,West,15659022,66000,18:20:00,66655,18:30:55,9,12942,Washington Ave & Henry Johnson Blvd (12942),0,0,4,,,66957,18:35:57,,,66957,18:35:57,0,00:00:00,door not opened
07/05/2025,12,4118,Saturday,Saturday,West,15659022,66000,18:20:00,66655,18:30:55,8,3239,Lark/Library Station - Washington Ave & Lark St (03239),2,0,4,66480.0,18:28:00,66849,18:34:09,66480.0,18:28:00,66922,18:35:22,73,00:01:13,doors opened
07/05/2025,12,4118,Saturday,Saturday,West,15659022,66000,18:20:00,66655,18:30:55,7,3301,Washington Ave & S. Swan St (03301),0,0,2,,,66773,18:32:53,,,66773,18:32:53,0,00:00:00,door not opened
07/05/2025,12,4118,Saturday,Saturday,West,15659022,66000,18:20:00,66655,18:30:55,6,3250,Hawk/Capitol Station - Washington Ave & Hawk St (03250),0,0,2,,,66755,18:32:35,,,66755,18:32:35,0,00:00:00,door not opened
07/05/2025,12,4118,Saturday,Saturday,West,15659022,66000,18:20:00,66655,18:30:55,5,10087,State St & Eagle St (10087),0,0,2,,,66733,18:32:13,,,66733,18:32:13,0,00:00:00,door not opened
07/05/2025,12,4118,Saturday,Saturday,West,15659022,66000,18:20:00,66655,18:30:55,4,2665,State/Downtown Station - State St & Lodge St (02665),2,0,2,66240.0,18:24:00,66682,18:31:22,66240.0,18:24:00,66704,18:31:44,22,00:00:22,doors opened
07/05/2025,12,4118,Saturday,Saturday,West,15659022,66000,18:20:00,66655,18:30:55,3,3221,State Station - N. Pearl St & Ten Eyck Plaza (03221),0,0,0,,,66663,18:31:03,,,66663,18:31:03,0,00:00:00,doors opened
07/05/2025,12,4118,Saturday,Saturday,West,15659022,66000,18:20:00,66655,18:30:55,27,7175,Crossgates Mall Station (07175),0,1,0,68160.0,18:56:00,68160,18:56:00,68160.0,18:56:00,68160,18:56:00,0,00:00:00,doors opened
07/05/2025,12,4118,Saturday,Saturday,West,15659022,66000,18:20:00,66655,18:30:55,26,12828,Crossgates Commons Station (12828),0,8,1,67740.0,18:49:00,67903,18:51:43,67740.0,18:49:00,67921,18:52:01,18,00:00:18,doors opened
07/05/2025,12,4118,Saturday,Saturday,West,15659022,66000,18:20:00,66655,18:30:55,25,12891,1475 Washington Ave (12891),2,0,9,,,67726,18:48:46,,,67740,18:49:00,14,00:00:14,doors opened
07/05/2025,12,4118,Saturday,Saturday,West,15659022,66000,18:20:00,66655,18:30:55,24,7216,SUNY Collins Circle (07216),0,1,7,67380.0,18:43:00,67626,18:47:06,67380.0,18:43:00,67640,18:47:20,14,00:00:14,doors opened
07/05/2025,12,4118,Saturday,Saturday,West,15659022,66000,18:20:00,66655,18:30:55,23,3262,1383 Washington Ave (Fairfield Inn) (03262),0,0,8,,,67552,18:45:52,,,67552,18:45:52,0,00:00:00,door not opened
07/05/2025,12,4118,Saturday,Saturday,West,15659022,66000,18:20:00,66655,18:30:55,22,976,Washington Ave & Brevator St (00976),0,0,8,,,67453,18:44:13,,,67453,18:44:13,0,00:00:00,door not opened
07/05/2025,12,4118,Saturday,Saturday,West,15659022,66000,18:20:00,66655,18:30:55,21,1959,Washington Ave & Colvin Ave (01959),0,0,8,,,67424,18:43:44,,,67424,18:43:44,0,00:00:00,door not opened
07/05/2025,12,4118,Saturday,Saturday,West,15659022,66000,18:20:00,66655,18:30:55,20,3399,Washington Ave & Danker Ave (03399),0,0,8,,,67407,18:43:27,,,67407,18:43:27,0,00:00:00,door not opened
07/05/2025,12,4118,Saturday,Saturday,West,15659022,66000,18:20:00,66655,18:30:55,19,1849,Washington Ave & Homestead Ave (01849),0,0,8,,,67389,18:43:09,,,67389,18:43:09,0,00:00:00,door not opened
07/05/2025,12,4118,Saturday,Saturday,West,15659022,66000,18:20:00,66655,18:30:55,18,1846,Washington Ave & Manning Blvd (01846),1,0,8,,,67322,18:42:02,,,67355,18:42:35,33,00:00:33,doors opened
07/05/2025,12,6001,Saturday,Saturday,East,15658588,56400,15:40:00,56439,15:40:39,24,3940,Broadway & Steuben St (03940),0,0,0,58560.0,16:16:00,58388,16:13:08,58560.0,16:16:00,58388,16:13:08,0,00:00:00,doors opened
07/05/2025,12,6001,Saturday,Saturday,East,15658588,56400,15:40:00,56439,15:40:39,23,2509,State/Downtown Station - State St & S. Pearl St (02509),0,1,0,58320.0,16:12:00,58266,16:11:06,58320.0,16:12:00,58278,16:11:18,12,00:00:12,doors opened
07/05/2025,12,6001,Saturday,Saturday,East,15658588,56400,15:40:00,56439,15:40:39,22,1787,State St & Eagle St (01787),0,0,1,,,58248,16:10:48,,,58248,16:10:48,0,00:00:00,door not opened
07/05/2025,12,6001,Saturday,Saturday,East,15658588,56400,15:40:00,56439,15:40:39,21,2706,Hawk/Capitol Station - Washington Ave & Hawk St (02706),0,0,1,,,58133,16:08:53,,,58133,16:08:53,0,00:00:00,door not opened
07/05/2025,12,6001,Saturday,Saturday,East,15658588,56400,15:40:00,56439,15:40:39,20,1789,Washington Ave & S. Swan St (01789),0,1,1,,,58085,16:08:05,,,58112,16:08:32,27,00:00:27,doors opened
07/05/2025,12,6001,Saturday,Saturday,East,15658588,56400,15:40:00,56439,15:40:39,19,1788,Washington Ave & Dove St (01788),0,0,2,,,58062,16:07:42,,,58062,16:07:42,0,00:00:00,door not opened
07/05/2025,12,6001,Saturday,Saturday,East,15658588,56400,15:40:00,56439,15:40:39,18,2663,Lark/Library Station - Washington Ave & Lark St (02663),0,3,2,58020.0,16:07:00,57989,16:06:29,58020.0,16:07:00,58005,16:06:45,16,00:00:16,doors opened
07/05/2025,12,6001,Saturday,Saturday,East,15658588,56400,15:40:00,56439,15:40:39,17,263,Washington Ave & Henry Johnson Blvd (00263),1,1,5,,,57878,16:04:38,,,57944,16:05:44,66,00:01:06,doors opened
07/05/2025,12,6001,Saturday,Saturday,East,15658588,56400,15:40:00,56439,15:40:39,16,2096,Washington Ave & Lexington Ave (02096),0,1,5,,,57792,16:03:12,,,57848,16:04:08,56,00:00:56,doors opened
07/05/2025,12,6001,Saturday,Saturday,East,15658588,56400,15:40:00,56439,15:40:39,15,3253,Washington Ave & Robin St (Draper Hall) (03253),0,0,6,,,57775,16:02:55,,,57775,16:02:55,0,00:00:00,door not opened
07/05/2025,12,6001,Saturday,Saturday,East,15658588,56400,15:40:00,56439,15:40:39,14,2109,Washington Ave & N. Lake Ave (02109),0,0,6,,,57745,16:02:25,,,57745,16:02:25,0,00:00:00,door not opened
07/05/2025,12,6001,Saturday,Saturday,East,15658588,56400,15:40:00,56439,15:40:39,13,3255,Washington Ave & Quail St (03255),2,0,6,,,57670,16:01:10,,,57711,16:01:51,41,00:00:41,doors opened
07/05/2025,12,6001,Saturday,Saturday,East,15658588,56400,15:40:00,56439,15:40:39,12,3256,Washington Ave & Ontario St (03256),0,0,4,57660.0,16:01:00,57652,16:00:52,57660.0,16:01:00,57652,16:00:52,0,00:00:00,door not opened
07/05/2025,12,6001,Saturday,Saturday,East,15658588,56400,15:40:00,56439,15:40:39,11,2107,Washington Ave & Partridge St (02107),0,0,4,,,57633,16:00:33,,,57633,16:00:33,0,00:00:00,door not opened
07/05/2025,12,6001,Saturday,Saturday,East,15658588,56400,15:40:00,56439,15:40:39,10,3257,Washington Ave & N. Main Ave (03257),0,0,4,,,57584,15:59:44,,,57584,15:59:44,0,00:00:00,door not opened
07/05/2025,12,6001,Saturday,Saturday,East,15658588,56400,15:40:00,56439,15:40:39,9,1796,Washington Ave & N. Allen St (01796),0,5,4,57540.0,15:59:00,57508,15:58:28,57540.0,15:59:00,57526,15:58:46,18,00:00:18,doors opened
07/05/2025,12,6001,Saturday,Saturday,East,15658588,56400,15:40:00,56439,15:40:39,8,11581,Washington Ave & Manning Blvd (11581),0,1,9,,,57452,15:57:32,,,57474,15:57:54,22,00:00:22,doors opened
07/05/2025,12,6001,Saturday,Saturday,East,15658588,56400,15:40:00,56439,15:40:39,7,2180,Washington Ave & Homestead Ave (02180),0,0,10,,,57428,15:57:08,,,57428,15:57:08,0,00:00:00,door not opened
07/05/2025,12,6001,Saturday,Saturday,East,15658588,56400,15:40:00,56439,15:40:39,6,2182,Washington Ave & Hawthorne St (02182),0,0,10,,,57392,15:56:32,,,57392,15:56:32,0,00:00:00,door not opened
07/05/2025,12,6001,Saturday,Saturday,East,15658588,56400,15:40:00,56439,15:40:39,5,3304,Washington Ave & Clermont St (03304),0,0,10,,,57355,15:55:55,,,57355,15:55:55,0,00:00:00,door not opened
07/05/2025,12,6001,Saturday,Saturday,East,15658588,56400,15:40:00,56439,15:40:39,4,3348,Washington Ave & Brevator St (03348),0,0,10,,,57305,15:55:05,,,57305,15:55:05,0,00:00:00,door not opened
07/05/2025,12,6001,Saturday,Saturday,East,15658588,56400,15:40:00,56439,15:40:39,3,10134,Washington Ave & SUNY Exit Rd (10134),0,0,10,,,57205,15:53:25,,,57205,15:53:25,0,00:00:00,door not opened
07/05/2025,12,6001,Saturday,Saturday,East,15658588,56400,15:40:00,56439,15:40:39,2,7216,SUNY Collins Circle (07216),0,0,10,57120.0,15:52:00,57107,15:51:47,57120.0,15:52:00,57107,15:51:47,0,00:00:00,door not opened
07/05/2025,12,6001,Saturday,Saturday,East,15658588,56400,15:40:00,56439,15:40:39,1,12827,Crossgates Commons Station (12827),3,0,10,56820.0,15:47:00,56742,15:45:42,56820.0,15:47:00,56820,15:47:00,78,00:01:18,doors opened
07/05/2025,12,6001,Saturday,Saturday,East,15658588,56400,15:40:00,56439,15:40:39,0,7175,Crossgates Mall Station (07175),7,0,7,56400.0,15:40:00,56439,15:40:39,56400.0,15:40:00,56439,15:40:39,0,00:00:00,doors opened
07/05/2025,12,6001,Saturday,Saturday,West,15658590,58800,16:20:00,58835,16:20:35,14,1841,Washington Ave & Ontario St (01841),3,0,16,59640.0,16:34:00,59658,16:34:18,59640.0,16:34:00,59694,16:34:54,36,00:00:36,doors opened
07/05/2025,12,6001,Saturday,Saturday,West,15658590,58800,16:20:00,58835,16:20:35,13,1842,Washington Ave & Quail St (01842),2,2,13,,,59574,16:32:54,,,59630,16:33:50,56,00:00:56,doors opened
07/05/2025,12,6001,Saturday,Saturday,West,15658590,58800,16:20:00,58835,16:20:35,12,1837,Washington Ave & N. Lake Ave (01837),0,2,13,,,59515,16:31:55,,,59539,16:32:19,24,00:00:24,doors opened
07/05/2025,12,6001,Saturday,Saturday,West,15658590,58800,16:20:00,58835,16:20:35,11,1843,Washington Ave & Robin St (01843),0,0,15,,,59495,16:31:35,,,59495,16:31:35,0,00:00:00,door not opened
07/05/2025,12,6001,Saturday,Saturday,West,15658590,58800,16:20:00,58835,16:20:35,10,12943,Washington Ave & Lexington Ave (12943),4,0,15,,,59443,16:30:43,,,59469,16:31:09,26,00:00:26,doors opened
07/05/2025,12,6001,Saturday,Saturday,West,15658590,58800,16:20:00,58835,16:20:35,9,12942,Washington Ave & Henry Johnson Blvd (12942),0,1,11,,,59393,16:29:53,,,59404,16:30:04,11,00:00:11,doors opened
07/05/2025,12,6001,Saturday,Saturday,West,15658590,58800,16:20:00,58835,16:20:35,8,3239,Lark/Library Station - Washington Ave & Lark St (03239),1,0,12,59280.0,16:28:00,59300,16:28:20,59280.0,16:28:00,59325,16:28:45,25,00:00:25,doors opened
07/05/2025,12,6001,Saturday,Saturday,West,15658590,58800,16:20:00,58835,16:20:35,7,3301,Washington Ave & S. Swan St (03301),0,1,11,,,59217,16:26:57,,,59265,16:27:45,48,00:00:48,doors opened
07/05/2025,12,6001,Saturday,Saturday,West,15658590,58800,16:20:00,58835,16:20:35,6,3250,Hawk/Capitol Station - Washington Ave & Hawk St (03250),0,0,12,,,59195,16:26:35,,,59195,16:26:35,0,00:00:00,door not opened
07/05/2025,12,6001,Saturday,Saturday,West,15658590,58800,16:20:00,58835,16:20:35,5,10087,State St & Eagle St (10087),0,0,12,,,59159,16:25:59,,,59159,16:25:59,0,00:00:00,door not opened
07/05/2025,12,6001,Saturday,Saturday,West,15658590,58800,16:20:00,58835,16:20:35,4,2665,State/Downtown Station - State St & Lodge St (02665),4,0,12,59040.0,16:24:00,59078,16:24:38,59040.0,16:24:00,59122,16:25:22,44,00:00:44,doors opened
07/05/2025,12,6001,Saturday,Saturday,West,15658590,58800,16:20:00,58835,16:20:35,3,3221,State Station - N. Pearl St & Ten Eyck Plaza (03221),2,0,8,,,58999,16:23:19,,,59051,16:24:11,52,00:00:52,doors opened
07/05/2025,12,6001,Saturday,Saturday,West,15658590,58800,16:20:00,58835,16:20:35,2,3233,N. Pearl St & Sheridan Ave (03233),0,0,6,,,58966,16:22:46,,,58966,16:22:46,0,00:00:00,door not opened
07/05/2025,12,6001,Saturday,Saturday,West,15658590,58800,16:20:00,58835,16:20:35,1,2168,Clinton Square Station - N. Pearl St & Clinton Ave (02168),2,1,6,,,58919,16:21:59,,,58938,16:22:18,19,00:00:19,doors opened
07/05/2025,12,6001,Saturday,Saturday,West,15658590,58800,16:20:00,58835,16:20:35,0,9018,Broadway & Orange St (09018),5,0,5,58800.0,16:20:00,58835,16:20:35,58800.0,16:20:00,58835,16:20:35,0,00:00:00,doors opened
07/05/2025,12,6001,Saturday,Saturday,West,15658590,58800,16:20:00,58835,16:20:35,27,7175,Crossgates Mall Station (07175),0,6,0,61020.0,16:57:00,60942,16:55:42,61020.0,16:57:00,60942,16:55:42,0,00:00:00,doors opened
07/05/2025,12,6001,Saturday,Saturday,West,15658590,58800,16:20:00,58835,16:20:35,26,12828,Crossgates Commons Station (12828),0,19,6,60600.0,16:50:00,60638,16:50:38,60600.0,16:50:00,60670,16:51:10,32,00:00:32,doors opened
07/05/2025,12,6001,Saturday,Saturday,West,15658590,58800,16:20:00,58835,16:20:35,25,12891,1475 Washington Ave (12891),3,0,25,,,60423,16:47:03,,,60458,16:47:38,35,00:00:35,doors opened
07/05/2025,12,6001,Saturday,Saturday,West,15658590,58800,16:20:00,58835,16:20:35,24,7216,SUNY Collins Circle (07216),5,0,22,60240.0,16:44:00,60280,16:44:40,60240.0,16:44:00,60329,16:45:29,49,00:00:49,doors opened
07/05/2025,12,6001,Saturday,Saturday,West,15658590,58800,16:20:00,58835,16:20:35,23,3262,1383 Washington Ave (Fairfield Inn) (03262),0,0,17,,,60184,16:43:04,,,60184,16:43:04,0,00:00:00,door not opened
07/05/2025,12,6001,Saturday,Saturday,West,15658590,58800,16:20:00,58835,16:20:35,22,976,Washington Ave & Brevator St (00976),0,0,17,,,60085,16:41:25,,,60085,16:41:25,0,00:00:00,door not opened
07/05/2025,12,6001,Saturday,Saturday,West,15658590,58800,16:20:00,58835,16:20:35,21,1959,Washington Ave & Colvin Ave (01959),0,0,17,,,60066,16:41:06,,,60066,16:41:06,0,00:00:00,door not opened
07/05/2025,12,6001,Saturday,Saturday,West,15658590,58800,16:20:00,58835,16:20:35,20,3399,Washington Ave & Danker Ave (03399),0,0,17,,,59997,16:39:57,,,59997,16:39:57,0,00:00:00,door not opened
07/05/2025,12,6001,Saturday,Saturday,West,15658590,58800,16:20:00,58835,16:20:35,19,1849,Washington Ave & Homestead Ave (01849),1,0,17,,,59959,16:39:19,,,59974,16:39:34,15,00:00:15,doors opened
07/05/2025,12,6001,Saturday,Saturday,West,15658590,58800,16:20:00,58835,16:20:35,18,1846,Washington Ave & Manning Blvd (01846),0,1,16,,,59877,16:37:57,,,59934,16:38:54,57,00:00:57,doors opened
07/05/2025,12,6001,Saturday,Saturday,West,15658590,58800,16:20:00,58835,16:20:35,17,3287,Washington Ave & N. Allen St (03287),0,0,17,59880.0,16:38:00,59852,16:37:32,59880.0,16:38:00,59852,16:37:32,0,00:00:00,door not opened
07/05/2025,12,6001,Saturday,Saturday,West,15658590,58800,16:20:00,58835,16:20:35,16,3264,Washington Ave & N. Main Ave (03264),0,0,17,,,59815,16:36:55,,,59815,16:36:55,0,00:00:00,door not opened
07/05/2025,12,6001,Saturday,Saturday,West,15658590,58800,16:20:00,58835,16:20:35,15,1839,Washington Ave & Partridge St (01839),1,0,17,,,59720,16:35:20,,,59736,16:35:36,16,00:00:16,doors opened
07/05/2025,12,6001,Saturday,Saturday,East,15658593,66000,18:20:00,66011,18:20:11,10,3257,Washington Ave & N. Main Ave (03257),1,2,18,,,67440,18:44:00,,,67480,18:44:40,40,00:00:40,doors opened
07/05/2025,12,6001,Saturday,Saturday,East,15658593,66000,18:20:00,66011,18:20:11,9,1796,Washington Ave & N. Allen St (01796),3,1,19,67140.0,18:39:00,67347,18:42:27,67140.0,18:39:00,67408,18:43:28,61,00:01:01,doors opened
07/05/2025,12,6001,Saturday,Saturday,East,15658593,66000,18:20:00,66011,18:20:11,8,11581,Washington Ave & Manning Blvd (11581),0,1,17,,,67248,18:40:48,,,67313,18:41:53,65,00:01:05,doors opened
07/05/2025,12,6001,Saturday,Saturday,East,15658593,66000,18:20:00,66011,18:20:11,7,2180,Washington Ave & Homestead Ave (02180),0,1,18,,,67209,18:40:09,,,67224,18:40:24,15,00:00:15,doors opened
07/05/2025,12,6001,Saturday,Saturday,East,15658593,66000,18:20:00,66011,18:20:11,6,2182,Washington Ave & Hawthorne St (02182),0,0,19,,,67184,18:39:44,,,67184,18:39:44,0,00:00:00,door not opened
07/05/2025,12,6001,Saturday,Saturday,East,15658593,66000,18:20:00,66011,18:20:11,5,3304,Washington Ave & Clermont St (03304),0,0,19,,,67129,18:38:49,,,67129,18:38:49,0,00:00:00,door not opened
07/05/2025,12,6001,Saturday,Saturday,East,15658593,66000,18:20:00,66011,18:20:11,4,3348,Washington Ave & Brevator St (03348),1,0,19,,,67062,18:37:42,,,67108,18:38:28,46,00:00:46,doors opened
07/05/2025,12,6001,Saturday,Saturday,East,15658593,66000,18:20:00,66011,18:20:11,3,10134,Washington Ave & SUNY Exit Rd (10134),0,3,18,,,66924,18:35:24,,,66944,18:35:44,20,00:00:20,doors opened
07/05/2025,12,6001,Saturday,Saturday,East,15658593,66000,18:20:00,66011,18:20:11,2,7216,SUNY Collins Circle (07216),2,0,21,66720.0,18:32:00,66770,18:32:50,66720.0,18:32:00,66790,18:33:10,20,00:00:20,doors opened
07/05/2025,12,6001,Saturday,Saturday,East,15658593,66000,18:20:00,66011,18:20:11,1,12827,Crossgates Commons Station (12827),11,2,19,66420.0,18:27:00,66425,18:27:05,66420.0,18:27:00,66511,18:28:31,86,00:01:26,doors opened
07/05/2025,12,6001,Saturday,Saturday,East,15658593,66000,18:20:00,66011,18:20:11,0,7175,Crossgates Mall Station (07175),10,0,10,66000.0,18:20:00,66011,18:20:11,66000.0,18:20:00,66011,18:20:11,0,00:00:00,doors opened
07/05/2025,12,6001,Saturday,Saturday,East,15658593,66000,18:20:00,66011,18:20:11,24,3940,Broadway & Steuben St (03940),0,0,0,68160.0,18:56:00,68292,18:58:12,68160.0,18:56:00,68292,18:58:12,0,00:00:00,door not opened
07/05/2025,12,6001,Saturday,Saturday,East,15658593,66000,18:20:00,66011,18:20:11,23,2509,State/Downtown Station - State St & S. Pearl St (02509),0,2,0,67920.0,18:52:00,68192,18:56:32,67920.0,18:52:00,68223,18:57:03,31,00:00:31,doors opened
07/05/2025,12,6001,Saturday,Saturday,East,15658593,66000,18:20:00,66011,18:20:11,22,1787,State St & Eagle St (01787),0,2,2,,,68152,18:55:52,,,68172,18:56:12,20,00:00:20,doors opened
07/05/2025,12,6001,Saturday,Saturday,East,15658593,66000,18:20:00,66011,18:20:11,21,2706,Hawk/Capitol Station - Washington Ave & Hawk St (02706),0,0,4,,,68056,18:54:16,,,68056,18:54:16,0,00:00:00,door not opened
07/05/2025,12,6001,Saturday,Saturday,East,15658593,66000,18:20:00,66011,18:20:11,20,1789,Washington Ave & S. Swan St (01789),0,0,4,,,68039,18:53:59,,,68039,18:53:59,0,00:00:00,door not opened
07/05/2025,12,6001,Saturday,Saturday,East,15658593,66000,18:20:00,66011,18:20:11,19,1788,Washington Ave & Dove St (01788),0,0,4,,,68018,18:53:38,,,68018,18:53:38,0,00:00:00,door not opened
07/05/2025,12,6001,Saturday,Saturday,East,15658593,66000,18:20:00,66011,18:20:11,18,2663,Lark/Library Station - Washington Ave & Lark St (02663),0,3,4,67620.0,18:47:00,67954,18:52:34,67620.0,18:47:00,67997,18:53:17,43,00:00:43,doors opened
07/05/2025,12,6001,Saturday,Saturday,East,15658593,66000,18:20:00,66011,18:20:11,17,263,Washington Ave & Henry Johnson Blvd (00263),0,0,7,,,67923,18:52:03,,,67923,18:52:03,0,00:00:00,door not opened
07/05/2025,12,6001,Saturday,Saturday,East,15658593,66000,18:20:00,66011,18:20:11,16,2096,Washington Ave & Lexington Ave (02096),0,1,7,,,67819,18:50:19,,,67877,18:51:17,58,00:00:58,doors opened
07/05/2025,12,6001,Saturday,Saturday,East,15658593,66000,18:20:00,66011,18:20:11,15,3253,Washington Ave & Robin St (Draper Hall) (03253),0,2,8,,,67775,18:49:35,,,67802,18:50:02,27,00:00:27,doors opened
07/05/2025,12,6001,Saturday,Saturday,East,15658593,66000,18:20:00,66011,18:20:11,14,2109,Washington Ave & N. Lake Ave (02109),0,0,10,,,67757,18:49:17,,,67757,18:49:17,0,00:00:00,door not opened
07/05/2025,12,6001,Saturday,Saturday,East,15658593,66000,18:20:00,66011,18:20:11,13,3255,Washington Ave & Quail St (03255),0,7,10,,,67608,18:46:48,,,67727,18:48:47,119,00:01:59,doors opened
07/05/2025,12,6001,Saturday,Saturday,East,15658593,66000,18:20:00,66011,18:20:11,12,3256,Washington Ave & Ontario St (03256),0,0,17,67260.0,18:41:00,67588,18:46:28,67260.0,18:41:00,67588,18:46:28,0,00:00:00,door not opened
07/05/2025,12,6001,Saturday,Saturday,East,15658593,66000,18:20:00,66011,18:20:11,11,2107,Washington Ave & Partridge St (02107),0,1,17,,,67544,18:45:44,,,67562,18:46:02,18,00:00:18,doors opened
07/05/2025,12,6001,Saturday,Saturday,West,15658595,68400,19:00:00,68598,19:03:18,27,7175,Crossgates Mall Station (07175),0,5,0,70560.0,19:36:00,70662,19:37:42,70560.0,19:36:00,70662,19:37:42,0,00:00:00,doors opened
07/05/2025,12,6001,Saturday,Saturday,West,15658595,68400,19:00:00,68598,19:03:18,26,12828,Crossgates Commons Station (12828),0,19,5,70140.0,19:29:00,70398,19:33:18,70140.0,19:29:00,70425,19:33:45,27,00:00:27,doors opened
07/05/2025,12,6001,Saturday,Saturday,West,15658595,68400,19:00:00,68598,19:03:18,25,12891,1475 Washington Ave (12891),0,0,24,,,70224,19:30:24,,,70224,19:30:24,0,00:00:00,door not opened
07/05/2025,12,6001,Saturday,Saturday,West,15658595,68400,19:00:00,68598,19:03:18,24,7216,SUNY Collins Circle (07216),0,0,24,69780.0,19:23:00,70137,19:28:57,69780.0,19:23:00,70137,19:28:57,0,00:00:00,door not opened
07/05/2025,12,6001,Saturday,Saturday,West,15658595,68400,19:00:00,68598,19:03:18,23,3262,1383 Washington Ave (Fairfield Inn) (03262),0,0,24,,,70051,19:27:31,,,70051,19:27:31,0,00:00:00,door not opened
07/05/2025,12,6001,Saturday,Saturday,West,15658595,68400,19:00:00,68598,19:03:18,22,976,Washington Ave & Brevator St (00976),2,1,24,,,69902,19:25:02,,,69943,19:25:43,41,00:00:41,doors opened
07/05/2025,12,6001,Saturday,Saturday,West,15658595,68400,19:00:00,68598,19:03:18,21,1959,Washington Ave & Colvin Ave (01959),0,0,23,,,69883,19:24:43,,,69883,19:24:43,0,00:00:00,door not opened
07/05/2025,12,6001,Saturday,Saturday,West,15658595,68400,19:00:00,68598,19:03:18,20,3399,Washington Ave & Danker Ave (03399),1,0,23,,,69837,19:23:57,,,69851,19:24:11,14,00:00:14,doors opened
07/05/2025,12,6001,Saturday,Saturday,West,15658595,68400,19:00:00,68598,19:03:18,19,1849,Washington Ave & Homestead Ave (01849),0,3,22,,,69796,19:23:16,,,69814,19:23:34,18,00:00:18,doors opened
07/05/2025,12,6001,Saturday,Saturday,West,15658595,68400,19:00:00,68598,19:03:18,18,1846,Washington Ave & Manning Blvd (01846),2,3,25,,,69724,19:22:04,,,69772,19:22:52,48,00:00:48,doors opened
07/05/2025,12,6001,Saturday,Saturday,West,15658595,68400,19:00:00,68598,19:03:18,17,3287,Washington Ave & N. Allen St (03287),0,1,26,69420.0,19:17:00,69680,19:21:20,69420.0,19:17:00,69696,19:21:36,16,00:00:16,doors opened
07/05/2025,12,6001,Saturday,Saturday,West,15658595,68400,19:00:00,68598,19:03:18,16,3264,Washington Ave & N. Main Ave (03264),2,1,27,,,69609,19:20:09,,,69650,19:20:50,41,00:00:41,doors opened
07/05/2025,12,6001,Saturday,Saturday,West,15658595,68400,19:00:00,68598,19:03:18,15,1839,Washington Ave & Partridge St (01839),2,0,26,,,69521,19:18:41,,,69540,19:19:00,19,00:00:19,doors opened
07/05/2025,12,6001,Saturday,Saturday,West,15658595,68400,19:00:00,68598,19:03:18,14,1841,Washington Ave & Ontario St (01841),5,0,24,69240.0,19:14:00,69463,19:17:43,69240.0,19:14:00,69496,19:18:16,33,00:00:33,doors opened
07/05/2025,12,6001,Saturday,Saturday,West,15658595,68400,19:00:00,68598,19:03:18,13,1842,Washington Ave & Quail St (01842),5,0,19,,,69393,19:16:33,,,69436,19:17:16,43,00:00:43,doors opened
07/05/2025,12,6001,Saturday,Saturday,West,15658595,68400,19:00:00,68598,19:03:18,12,1837,Washington Ave & N. Lake Ave (01837),3,0,14,,,69316,19:15:16,,,69366,19:16:06,50,00:00:50,doors opened
07/05/2025,12,6001,Saturday,Saturday,West,15658595,68400,19:00:00,68598,19:03:18,11,1843,Washington Ave & Robin St (01843),0,0,11,,,69297,19:14:57,,,69297,19:14:57,0,00:00:00,door not opened
07/05/2025,12,6001,Saturday,Saturday,West,15658595,68400,19:00:00,68598,19:03:18,10,12943,Washington Ave & Lexington Ave (12943),0,0,11,,,69278,19:14:38,,,69278,19:14:38,0,00:00:00,door not opened
07/05/2025,12,6001,Saturday,Saturday,West,15658595,68400,19:00:00,68598,19:03:18,9,12942,Washington Ave & Henry Johnson Blvd (12942),0,0,11,,,69230,19:13:50,,,69230,19:13:50,0,00:00:00,door not opened
07/05/2025,12,6001,Saturday,Saturday,West,15658595,68400,19:00:00,68598,19:03:18,8,3239,Lark/Library Station - Washington Ave & Lark St (03239),3,2,11,68880.0,19:08:00,69131,19:12:11,68880.0,19:08:00,69188,19:13:08,57,00:00:57,doors opened
07/05/2025,12,6001,Saturday,Saturday,West,15658595,68400,19:00:00,68598,19:03:18,7,3301,Washington Ave & S. Swan St (03301),0,0,10,,,69100,19:11:40,,,69100,19:11:40,0,00:00:00,door not opened
07/05/2025,12,6001,Saturday,Saturday,West,15658595,68400,19:00:00,68598,19:03:18,6,3250,Hawk/Capitol Station - Washington Ave & Hawk St (03250),0,0,10,,,69081,19:11:21,,,69081,19:11:21,0,00:00:00,door not opened
07/05/2025,12,6001,Saturday,Saturday,West,15658595,68400,19:00:00,68598,19:03:18,5,10087,State St & Eagle St (10087),0,0,10,,,69058,19:10:58,,,69058,19:10:58,0,00:00:00,door not opened
07/05/2025,12,6001,Saturday,Saturday,West,15658595,68400,19:00:00,68598,19:03:18,4,2665,State/Downtown Station - State St & Lodge St (02665),3,1,10,68640.0,19:04:00,68957,19:09:17,68640.0,19:04:00,68991,19:09:51,34,00:00:34,doors opened
07/05/2025,12,6001,Saturday,Saturday,West,15658595,68400,19:00:00,68598,19:03:18,3,3221,State Station - N. Pearl St & Ten Eyck Plaza (03221),4,0,8,,,68802,19:06:42,,,68931,19:08:51,129,00:02:09,doors opened
07/05/2025,12,6001,Saturday,Saturday,West,15658595,68400,19:00:00,68598,19:03:18,2,3233,N. Pearl St & Sheridan Ave (03233),0,0,4,,,68754,19:05:54,,,68754,19:05:54,0,00:00:00,door not opened
07/05/2025,12,6001,Saturday,Saturday,West,15658595,68400,19:00:00,68598,19:03:18,1,2168,Clinton Square Station - N. Pearl St & Clinton Ave (02168),2,0,4,,,68712,19:05:12,,,68735,19:05:35,23,00:00:23,doors opened
07/05/2025,12,6001,Saturday,Saturday,West,15658595,68400,19:00:00,68598,19:03:18,0,9018,Broadway & Orange St (09018),2,0,2,68400.0,19:00:00,68598,19:03:18,68400.0,19:00:00,68598,19:03:18,0,00:00:00,doors opened
07/05/2025,12,6001,Saturday,Saturday,East,15658704,75600,21:00:00,75598,20:59:58,24,3940,Broadway & Steuben St (03940),0,0,0,77700.0,21:35:00,77520,21:32:00,77700.0,21:35:00,77520,21:32:00,0,00:00:00,door not opened
07/05/2025,12,6001,Saturday,Saturday,East,15658704,75600,21:00:00,75598,20:59:58,23,2509,State/Downtown Station - State St & S. Pearl St (02509),0,2,0,77460.0,21:31:00,77417,21:30:17,77460.0,21:31:00,77434,21:30:34,17,00:00:17,doors opened
07/05/2025,12,6001,Saturday,Saturday,East,15658704,75600,21:00:00,75598,20:59:58,22,1787,State St & Eagle St (01787),0,0,2,,,77404,21:30:04,,,77404,21:30:04,0,00:00:00,door not opened
07/05/2025,12,6001,Saturday,Saturday,East,15658704,75600,21:00:00,75598,20:59:58,21,2706,Hawk/Capitol Station - Washington Ave & Hawk St (02706),0,0,2,,,77325,21:28:45,,,77325,21:28:45,0,00:00:00,door not opened
07/05/2025,12,6001,Saturday,Saturday,East,15658704,75600,21:00:00,75598,20:59:58,20,1789,Washington Ave & S. Swan St (01789),0,0,2,,,77304,21:28:24,,,77304,21:28:24,0,00:00:00,door not opened
07/05/2025,12,6001,Saturday,Saturday,East,15658704,75600,21:00:00,75598,20:59:58,19,1788,Washington Ave & Dove St (01788),0,0,2,,,77284,21:28:04,,,77284,21:28:04,0,00:00:00,door not opened
07/05/2025,12,6001,Saturday,Saturday,East,15658704,75600,21:00:00,75598,20:59:58,18,2663,Lark/Library Station - Washington Ave & Lark St (02663),0,2,2,77220.0,21:27:00,77205,21:26:45,77220.0,21:27:00,77253,21:27:33,48,00:00:48,doors opened
07/05/2025,12,6001,Saturday,Saturday,East,15658704,75600,21:00:00,75598,20:59:58,17,263,Washington Ave & Henry Johnson Blvd (00263),0,1,4,,,77129,21:25:29,,,77147,21:25:47,18,00:00:18,doors opened
07/05/2025,12,6001,Saturday,Saturday,East,15658704,75600,21:00:00,75598,20:59:58,16,2096,Washington Ave & Lexington Ave (02096),0,0,5,,,77103,21:25:03,,,77103,21:25:03,0,00:00:00,door not opened
07/05/2025,12,6001,Saturday,Saturday,East,15658704,75600,21:00:00,75598,20:59:58,15,3253,Washington Ave & Robin St (Draper Hall) (03253),0,0,5,,,77084,21:24:44,,,77084,21:24:44,0,00:00:00,door not opened
07/05/2025,12,6001,Saturday,Saturday,East,15658704,75600,21:00:00,75598,20:59:58,14,2109,Washington Ave & N. Lake Ave (02109),0,1,5,,,77037,21:23:57,,,77053,21:24:13,16,00:00:16,doors opened
07/05/2025,12,6001,Saturday,Saturday,East,15658704,75600,21:00:00,75598,20:59:58,13,3255,Washington Ave & Quail St (03255),0,1,6,,,76987,21:23:07,,,77003,21:23:23,16,00:00:16,doors opened
07/05/2025,12,6001,Saturday,Saturday,East,15658704,75600,21:00:00,75598,20:59:58,12,3256,Washington Ave & Ontario St (03256),2,0,7,76860.0,21:21:00,76941,21:22:21,76860.0,21:21:00,76962,21:22:42,21,00:00:21,doors opened
07/05/2025,12,6001,Saturday,Saturday,East,15658704,75600,21:00:00,75598,20:59:58,11,2107,Washington Ave & Partridge St (02107),0,0,5,,,76919,21:21:59,,,76919,21:21:59,0,00:00:00,door not opened
07/05/2025,12,6001,Saturday,Saturday,East,15658704,75600,21:00:00,75598,20:59:58,10,3257,Washington Ave & N. Main Ave (03257),0,6,5,,,76826,21:20:26,,,76847,21:20:47,21,00:00:21,doors opened
07/05/2025,12,6001,Saturday,Saturday,East,15658704,75600,21:00:00,75598,20:59:58,9,1796,Washington Ave & N. Allen St (01796),0,2,11,76740.0,21:19:00,76775,21:19:35,76740.0,21:19:00,76791,21:19:51,16,00:00:16,doors opened
07/05/2025,12,6001,Saturday,Saturday,East,15658704,75600,21:00:00,75598,20:59:58,8,11581,Washington Ave & Manning Blvd (11581),0,2,13,,,76721,21:18:41,,,76738,21:18:58,17,00:00:17,doors opened
07/05/2025,12,6001,Saturday,Saturday,East,15658704,75600,21:00:00,75598,20:59:58,7,2180,Washington Ave & Homestead Ave (02180),0,2,15,,,76681,21:18:01,,,76696,21:18:16,15,00:00:15,doors opened
07/05/2025,12,6001,Saturday,Saturday,East,15658704,75600,21:00:00,75598,20:59:58,6,2182,Washington Ave & Hawthorne St (02182),0,1,17,,,76638,21:17:18,,,76653,21:17:33,15,00:00:15,doors opened
07/05/2025,12,6001,Saturday,Saturday,East,15658704,75600,21:00:00,75598,20:59:58,5,3304,Washington Ave & Clermont St (03304),0,0,18,,,76611,21:16:51,,,76611,21:16:51,0,00:00:00,door not opened
07/05/2025,12,6001,Saturday,Saturday,East,15658704,75600,21:00:00,75598,20:59:58,4,3348,Washington Ave & Brevator St (03348),1,3,18,,,76550,21:15:50,,,76582,21:16:22,32,00:00:32,doors opened
07/05/2025,12,6001,Saturday,Saturday,East,15658704,75600,21:00:00,75598,20:59:58,3,10134,Washington Ave & SUNY Exit Rd (10134),1,0,20,,,76425,21:13:45,,,76439,21:13:59,14,00:00:14,doors opened
07/05/2025,12,6001,Saturday,Saturday,East,15658704,75600,21:00:00,75598,20:59:58,2,7216,SUNY Collins Circle (07216),1,2,19,76320.0,21:12:00,76293,21:11:33,76320.0,21:12:00,76314,21:11:54,21,00:00:21,doors opened
07/05/2025,12,6001,Saturday,Saturday,East,15658704,75600,21:00:00,75598,20:59:58,1,12827,Crossgates Commons Station (12827),5,0,20,76020.0,21:07:00,76032,21:07:12,76020.0,21:07:00,76032,21:07:12,0,00:00:00,door not opened
07/05/2025,12,6001,Saturday,Saturday,East,15658704,75600,21:00:00,75598,20:59:58,0,7175,Crossgates Mall Station (07175),15,0,15,75600.0,21:00:00,75598,20:59:58,75600.0,21:00:00,75598,20:59:58,0,00:00:00,doors opened
07/05/2025,12,6001,Saturday,Saturday,West,15658706,78000,21:40:00,77994,21:39:54,3,3221,State Station - N. Pearl St & Ten Eyck Plaza (03221),3,0,4,,,78132,21:42:12,,,78156,21:42:36,24,00:00:24,doors opened
07/05/2025,12,6001,Saturday,Saturday,West,15658706,78000,21:40:00,77994,21:39:54,2,3233,N. Pearl St & Sheridan Ave (03233),0,0,1,,,78089,21:41:29,,,78089,21:41:29,0,00:00:00,door not opened
07/05/2025,12,6001,Saturday,Saturday,West,15658706,78000,21:40:00,77994,21:39:54,1,2168,Clinton Square Station - N. Pearl St & Clinton Ave (02168),0,0,1,,,78060,21:41:00,,,78060,21:41:00,0,00:00:00,door not opened
07/05/2025,12,6001,Saturday,Saturday,West,15658706,78000,21:40:00,77994,21:39:54,0,9018,Broadway & Orange St (09018),1,0,1,78000.0,21:40:00,77994,21:39:54,78000.0,21:40:00,77994,21:39:54,0,00:00:00,doors opened
07/05/2025,12,6001,Saturday,Saturday,West,15658706,78000,21:40:00,77994,21:39:54,27,7175,Crossgates Mall Station (07175),0,1,0,80040.0,22:14:00,80005,22:13:25,80040.0,22:14:00,80005,22:13:25,0,00:00:00,doors opened
07/05/2025,12,6001,Saturday,Saturday,West,15658706,78000,21:40:00,77994,21:39:54,26,12828,Crossgates Commons Station (12828),0,1,1,79620.0,22:07:00,79724,22:08:44,79620.0,22:07:00,79739,22:08:59,15,00:00:15,doors opened
07/05/2025,12,6001,Saturday,Saturday,West,15658706,78000,21:40:00,77994,21:39:54,25,12891,1475 Washington Ave (12891),0,0,2,,,79537,22:05:37,,,79537,22:05:37,0,00:00:00,door not opened
07/05/2025,12,6001,Saturday,Saturday,West,15658706,78000,21:40:00,77994,21:39:54,24,7216,SUNY Collins Circle (07216),0,0,2,79320.0,22:02:00,79444,22:04:04,79320.0,22:02:00,79444,22:04:04,0,00:00:00,door not opened
07/05/2025,12,6001,Saturday,Saturday,West,15658706,78000,21:40:00,77994,21:39:54,23,3262,1383 Washington Ave (Fairfield Inn) (03262),0,0,2,,,79352,22:02:32,,,79352,22:02:32,0,00:00:00,door not opened
07/05/2025,12,6001,Saturday,Saturday,West,15658706,78000,21:40:00,77994,21:39:54,22,976,Washington Ave & Brevator St (00976),0,0,2,,,79229,22:00:29,,,79229,22:00:29,0,00:00:00,door not opened
07/05/2025,12,6001,Saturday,Saturday,West,15658706,78000,21:40:00,77994,21:39:54,21,1959,Washington Ave & Colvin Ave (01959),0,0,2,,,79179,21:59:39,,,79179,21:59:39,0,00:00:00,door not opened
07/05/2025,12,6001,Saturday,Saturday,West,15658706,78000,21:40:00,77994,21:39:54,20,3399,Washington Ave & Danker Ave (03399),0,0,2,,,79118,21:58:38,,,79118,21:58:38,0,00:00:00,door not opened
07/05/2025,12,6001,Saturday,Saturday,West,15658706,78000,21:40:00,77994,21:39:54,19,1849,Washington Ave & Homestead Ave (01849),0,0,2,,,79096,21:58:16,,,79096,21:58:16,0,00:00:00,door not opened
07/05/2025,12,6001,Saturday,Saturday,West,15658706,78000,21:40:00,77994,21:39:54,18,1846,Washington Ave & Manning Blvd (01846),0,0,2,,,79074,21:57:54,,,79074,21:57:54,0,00:00:00,door not opened
07/05/2025,12,6001,Saturday,Saturday,West,15658706,78000,21:40:00,77994,21:39:54,17,3287,Washington Ave & N. Allen St (03287),0,3,2,78960.0,21:56:00,78983,21:56:23,78960.0,21:56:00,78997,21:56:37,14,00:00:14,doors opened
07/05/2025,12,6001,Saturday,Saturday,West,15658706,78000,21:40:00,77994,21:39:54,16,3264,Washington Ave & N. Main Ave (03264),0,1,5,,,78931,21:55:31,,,78947,21:55:47,16,00:00:16,doors opened
07/05/2025,12,6001,Saturday,Saturday,West,15658706,78000,21:40:00,77994,21:39:54,15,1839,Washington Ave & Partridge St (01839),0,0,6,,,78842,21:54:02,,,78842,21:54:02,0,00:00:00,door not opened
07/05/2025,12,6001,Saturday,Saturday,West,15658706,78000,21:40:00,77994,21:39:54,14,1841,Washington Ave & Ontario St (01841),0,0,6,78780.0,21:53:00,78820,21:53:40,78780.0,21:53:00,78820,21:53:40,0,00:00:00,door not opened
07/05/2025,12,6001,Saturday,Saturday,West,15658706,78000,21:40:00,77994,21:39:54,13,1842,Washington Ave & Quail St (01842),1,1,6,,,78753,21:52:33,,,78792,21:53:12,39,00:00:39,doors opened
07/05/2025,12,6001,Saturday,Saturday,West,15658706,78000,21:40:00,77994,21:39:54,12,1837,Washington Ave & N. Lake Ave (01837),0,0,6,,,78727,21:52:07,,,78727,21:52:07,0,00:00:00,door not opened
07/05/2025,12,6001,Saturday,Saturday,West,15658706,78000,21:40:00,77994,21:39:54,11,1843,Washington Ave & Robin St (01843),0,0,6,,,78700,21:51:40,,,78700,21:51:40,0,00:00:00,door not opened
07/05/2025,12,6001,Saturday,Saturday,West,15658706,78000,21:40:00,77994,21:39:54,10,12943,Washington Ave & Lexington Ave (12943),1,0,6,,,78658,21:50:58,,,78673,21:51:13,15,00:00:15,doors opened
07/05/2025,12,6001,Saturday,Saturday,West,15658706,78000,21:40:00,77994,21:39:54,9,12942,Washington Ave & Henry Johnson Blvd (12942),0,0,5,,,78584,21:49:44,,,78584,21:49:44,0,00:00:00,door not opened
07/05/2025,12,6001,Saturday,Saturday,West,15658706,78000,21:40:00,77994,21:39:54,8,3239,Lark/Library Station - Washington Ave & Lark St (03239),2,3,5,78420.0,21:47:00,78429,21:47:09,78420.0,21:47:00,78502,21:48:22,73,00:01:13,doors opened
07/05/2025,12,6001,Saturday,Saturday,West,15658706,78000,21:40:00,77994,21:39:54,7,3301,Washington Ave & S. Swan St (03301),0,0,6,,,78396,21:46:36,,,78396,21:46:36,0,00:00:00,door not opened
07/05/2025,12,6001,Saturday,Saturday,West,15658706,78000,21:40:00,77994,21:39:54,6,3250,Hawk/Capitol Station - Washington Ave & Hawk St (03250),0,2,6,,,78330,21:45:30,,,78372,21:46:12,42,00:00:42,doors opened
07/05/2025,12,6001,Saturday,Saturday,West,15658706,78000,21:40:00,77994,21:39:54,5,10087,State St & Eagle St (10087),0,0,8,,,78305,21:45:05,,,78305,21:45:05,0,00:00:00,door not opened
07/05/2025,12,6001,Saturday,Saturday,West,15658706,78000,21:40:00,77994,21:39:54,4,2665,State/Downtown Station - State St & Lodge St (02665),4,0,8,78240.0,21:44:00,78191,21:43:11,78240.0,21:44:00,78223,21:43:43,32,00:00:32,doors opened
07/05/2025,12,4128,Saturday,Saturday,East,15659133,73200,20:20:00,74142,20:35:42,24,3940,Broadway & Steuben St (03940),0,0,0,75300.0,20:55:00,76091,21:08:11,75300.0,20:55:00,76091,21:08:11,0,00:00:00,door not opened
07/05/2025,12,4128,Saturday,Saturday,East,15659133,73200,20:20:00,74142,20:35:42,23,2509,State/Downtown Station - State St & S. Pearl St (02509),0,3,0,75060.0,20:51:00,75854,21:04:14,75060.0,20:51:00,75920,21:05:20,66,00:01:06,doors opened
07/05/2025,12,4128,Saturday,Saturday,East,15659133,73200,20:20:00,74142,20:35:42,22,1787,State St & Eagle St (01787),0,0,3,,,75837,21:03:57,,,75837,21:03:57,0,00:00:00,door not opened
07/05/2025,12,4128,Saturday,Saturday,East,15659133,73200,20:20:00,74142,20:35:42,21,2706,Hawk/Capitol Station - Washington Ave & Hawk St (02706),0,0,3,,,75740,21:02:20,,,75740,21:02:20,0,00:00:00,door not opened
07/05/2025,12,4128,Saturday,Saturday,East,15659133,73200,20:20:00,74142,20:35:42,20,1789,Washington Ave & S. Swan St (01789),0,0,3,,,75723,21:02:03,,,75723,21:02:03,0,00:00:00,door not opened
07/05/2025,12,4128,Saturday,Saturday,East,15659133,73200,20:20:00,74142,20:35:42,19,1788,Washington Ave & Dove St (01788),0,0,3,,,75701,21:01:41,,,75701,21:01:41,0,00:00:00,door not opened
07/05/2025,12,4128,Saturday,Saturday,East,15659133,73200,20:20:00,74142,20:35:42,18,2663,Lark/Library Station - Washington Ave & Lark St (02663),0,1,3,74820.0,20:47:00,75633,21:00:33,74820.0,20:47:00,75669,21:01:09,36,00:00:36,doors opened
07/05/2025,12,4128,Saturday,Saturday,East,15659133,73200,20:20:00,74142,20:35:42,17,263,Washington Ave & Henry Johnson Blvd (00263),0,0,4,,,75585,20:59:45,,,75585,20:59:45,0,00:00:00,door not opened
07/05/2025,12,4128,Saturday,Saturday,East,15659133,73200,20:20:00,74142,20:35:42,16,2096,Washington Ave & Lexington Ave (02096),0,2,4,,,75529,20:58:49,,,75545,20:59:05,16,00:00:16,doors opened
07/05/2025,12,4128,Saturday,Saturday,East,15659133,73200,20:20:00,74142,20:35:42,15,3253,Washington Ave & Robin St (Draper Hall) (03253),0,0,6,,,75514,20:58:34,,,75514,20:58:34,0,00:00:00,door not opened
07/05/2025,12,4128,Saturday,Saturday,East,15659133,73200,20:20:00,74142,20:35:42,14,2109,Washington Ave & N. Lake Ave (02109),0,7,6,,,75461,20:57:41,,,75490,20:58:10,29,00:00:29,doors opened
07/05/2025,12,4128,Saturday,Saturday,East,15659133,73200,20:20:00,74142,20:35:42,13,3255,Washington Ave & Quail St (03255),0,9,13,,,75370,20:56:10,,,75436,20:57:16,66,00:01:06,doors opened
07/05/2025,12,4128,Saturday,Saturday,East,15659133,73200,20:20:00,74142,20:35:42,12,3256,Washington Ave & Ontario St (03256),0,6,22,74460.0,20:41:00,75325,20:55:25,74460.0,20:41:00,75350,20:55:50,25,00:00:25,doors opened
07/05/2025,12,4128,Saturday,Saturday,East,15659133,73200,20:20:00,74142,20:35:42,11,2107,Washington Ave & Partridge St (02107),0,1,28,,,75289,20:54:49,,,75305,20:55:05,16,00:00:16,doors opened
07/05/2025,12,4128,Saturday,Saturday,East,15659133,73200,20:20:00,74142,20:35:42,10,3257,Washington Ave & N. Main Ave (03257),0,0,29,,,75241,20:54:01,,,75241,20:54:01,0,00:00:00,door not opened
07/05/2025,12,4128,Saturday,Saturday,East,15659133,73200,20:20:00,74142,20:35:42,9,1796,Washington Ave & N. Allen St (01796),0,1,29,74340.0,20:39:00,75202,20:53:22,74340.0,20:39:00,75215,20:53:35,13,00:00:13,doors opened
07/05/2025,12,4128,Saturday,Saturday,East,15659133,73200,20:20:00,74142,20:35:42,8,11581,Washington Ave & Manning Blvd (11581),1,2,30,,,75157,20:52:37,,,75175,20:52:55,18,00:00:18,doors opened
07/05/2025,12,4128,Saturday,Saturday,East,15659133,73200,20:20:00,74142,20:35:42,7,2180,Washington Ave & Homestead Ave (02180),0,0,31,,,75102,20:51:42,,,75135,20:52:15,33,00:00:33,doors opened
07/05/2025,12,4128,Saturday,Saturday,East,15659133,73200,20:20:00,74142,20:35:42,6,2182,Washington Ave & Hawthorne St (02182),0,1,31,,,75059,20:50:59,,,75059,20:50:59,0,00:00:00,door not opened
07/05/2025,12,4128,Saturday,Saturday,East,15659133,73200,20:20:00,74142,20:35:42,5,3304,Washington Ave & Clermont St (03304),0,2,32,,,74994,20:49:54,,,75010,20:50:10,16,00:00:16,doors opened
07/05/2025,12,4128,Saturday,Saturday,East,15659133,73200,20:20:00,74142,20:35:42,4,3348,Washington Ave & Brevator St (03348),0,0,34,,,74983,20:49:43,,,74983,20:49:43,0,00:00:00,door not opened
07/05/2025,12,4128,Saturday,Saturday,East,15659133,73200,20:20:00,74142,20:35:42,3,10134,Washington Ave & SUNY Exit Rd (10134),0,0,34,,,74883,20:48:03,,,74883,20:48:03,0,00:00:00,door not opened
07/05/2025,12,4128,Saturday,Saturday,East,15659133,73200,20:20:00,74142,20:35:42,2,7216,SUNY Collins Circle (07216),0,7,34,73920.0,20:32:00,74766,20:46:06,73920.0,20:32:00,74797,20:46:37,31,00:00:31,doors opened
07/05/2025,12,4128,Saturday,Saturday,East,15659133,73200,20:20:00,74142,20:35:42,1,12827,Crossgates Commons Station (12827),23,0,41,73620.0,20:27:00,74401,20:40:01,73620.0,20:27:00,74531,20:42:11,130,00:02:10,doors opened
07/05/2025,12,4128,Saturday,Saturday,East,15659133,73200,20:20:00,74142,20:35:42,0,7175,Crossgates Mall Station (07175),18,0,18,73200.0,20:20:00,74142,20:35:42,73200.0,20:20:00,74142,20:35:42,0,00:00:00,doors opened
07/05/2025,12,4128,Saturday,Saturday,West,15659135,75600,21:00:00,76167,21:09:27,20,3399,Washington Ave & Danker Ave (03399),0,0,6,,,77093,21:24:53,,,77093,21:24:53,0,00:00:00,door not opened
07/05/2025,12,4128,Saturday,Saturday,West,15659135,75600,21:00:00,76167,21:09:27,19,1849,Washington Ave & Homestead Ave (01849),1,0,6,,,77059,21:24:19,,,77072,21:24:32,13,00:00:13,doors opened
07/05/2025,12,4128,Saturday,Saturday,West,15659135,75600,21:00:00,76167,21:09:27,18,1846,Washington Ave & Manning Blvd (01846),0,1,5,,,76990,21:23:10,,,77029,21:23:49,39,00:00:39,doors opened
07/05/2025,12,4128,Saturday,Saturday,West,15659135,75600,21:00:00,76167,21:09:27,17,3287,Washington Ave & N. Allen St (03287),1,0,6,76560.0,21:16:00,76941,21:22:21,76560.0,21:16:00,76958,21:22:38,17,00:00:17,doors opened
07/05/2025,12,4128,Saturday,Saturday,West,15659135,75600,21:00:00,76167,21:09:27,16,3264,Washington Ave & N. Main Ave (03264),0,0,5,,,76918,21:21:58,,,76918,21:21:58,0,00:00:00,door not opened
07/05/2025,12,4128,Saturday,Saturday,West,15659135,75600,21:00:00,76167,21:09:27,15,1839,Washington Ave & Partridge St (01839),1,0,5,,,76853,21:20:53,,,76870,21:21:10,17,00:00:17,doors opened
07/05/2025,12,4128,Saturday,Saturday,West,15659135,75600,21:00:00,76167,21:09:27,14,1841,Washington Ave & Ontario St (01841),0,0,4,76380.0,21:13:00,76837,21:20:37,76380.0,21:13:00,76837,21:20:37,0,00:00:00,door not opened
07/05/2025,12,4128,Saturday,Saturday,West,15659135,75600,21:00:00,76167,21:09:27,13,1842,Washington Ave & Quail St (01842),1,2,4,,,76777,21:19:37,,,76816,21:20:16,39,00:00:39,doors opened
07/05/2025,12,4128,Saturday,Saturday,West,15659135,75600,21:00:00,76167,21:09:27,12,1837,Washington Ave & N. Lake Ave (01837),0,0,5,,,76754,21:19:14,,,76754,21:19:14,0,00:00:00,door not opened
07/05/2025,12,4128,Saturday,Saturday,West,15659135,75600,21:00:00,76167,21:09:27,11,1843,Washington Ave & Robin St (01843),0,0,5,,,76737,21:18:57,,,76737,21:18:57,0,00:00:00,door not opened
07/05/2025,12,4128,Saturday,Saturday,West,15659135,75600,21:00:00,76167,21:09:27,10,12943,Washington Ave & Lexington Ave (12943),2,1,5,,,76697,21:18:17,,,76710,21:18:30,13,00:00:13,doors opened
07/05/2025,12,4128,Saturday,Saturday,West,15659135,75600,21:00:00,76167,21:09:27,9,12942,Washington Ave & Henry Johnson Blvd (12942),0,0,4,,,76669,21:17:49,,,76669,21:17:49,0,00:00:00,door not opened
07/05/2025,12,4128,Saturday,Saturday,West,15659135,75600,21:00:00,76167,21:09:27,8,3239,Lark/Library Station - Washington Ave & Lark St (03239),0,0,4,76020.0,21:07:00,76608,21:16:48,76020.0,21:07:00,76624,21:17:04,16,00:00:16,doors opened
07/05/2025,12,4128,Saturday,Saturday,West,15659135,75600,21:00:00,76167,21:09:27,7,3301,Washington Ave & S. Swan St (03301),0,1,4,,,76562,21:16:02,,,76575,21:16:15,13,00:00:13,doors opened
07/05/2025,12,4128,Saturday,Saturday,West,15659135,75600,21:00:00,76167,21:09:27,6,3250,Hawk/Capitol Station - Washington Ave & Hawk St (03250),0,0,5,,,76517,21:15:17,,,76517,21:15:17,0,00:00:00,door not opened
07/05/2025,12,4128,Saturday,Saturday,West,15659135,75600,21:00:00,76167,21:09:27,5,10087,State St & Eagle St (10087),0,0,5,,,76484,21:14:44,,,76484,21:14:44,0,00:00:00,door not opened
07/05/2025,12,4128,Saturday,Saturday,West,15659135,75600,21:00:00,76167,21:09:27,4,2665,State/Downtown Station - State St & Lodge St (02665),3,0,5,75840.0,21:04:00,76369,21:12:49,75840.0,21:04:00,76393,21:13:13,24,00:00:24,doors opened
07/05/2025,12,4128,Saturday,Saturday,West,15659135,75600,21:00:00,76167,21:09:27,3,3221,State Station - N. Pearl St & Ten Eyck Plaza (03221),1,0,2,,,76253,21:10:53,,,76342,21:12:22,89,00:01:29,doors opened
07/05/2025,12,4128,Saturday,Saturday,West,15659135,75600,21:00:00,76167,21:09:27,2,3233,N. Pearl St & Sheridan Ave (03233),0,0,1,,,76226,21:10:26,,,76226,21:10:26,0,00:00:00,door not opened
07/05/2025,12,4128,Saturday,Saturday,West,15659135,75600,21:00:00,76167,21:09:27,1,2168,Clinton Square Station - N. Pearl St & Clinton Ave (02168),0,0,1,,,76215,21:10:15,,,76215,21:10:15,0,00:00:00,door not opened
07/05/2025,12,4128,Saturday,Saturday,West,15659135,75600,21:00:00,76167,21:09:27,0,9018,Broadway & Orange St (09018),1,0,1,75600.0,21:00:00,76167,21:09:27,75600.0,21:00:00,76167,21:09:27,0,00:00:00,doors opened
07/05/2025,12,4128,Saturday,Saturday,West,15659135,75600,21:00:00,76167,21:09:27,27,7175,Crossgates Mall Station (07175),0,1,0,77640.0,21:34:00,77971,21:39:31,77640.0,21:34:00,77971,21:39:31,0,00:00:00,doors opened
07/05/2025,12,4128,Saturday,Saturday,West,15659135,75600,21:00:00,76167,21:09:27,26,12828,Crossgates Commons Station (12828),0,2,1,77220.0,21:27:00,77690,21:34:50,77220.0,21:27:00,77710,21:35:10,20,00:00:20,doors opened
07/05/2025,12,4128,Saturday,Saturday,West,15659135,75600,21:00:00,76167,21:09:27,25,12891,1475 Washington Ave (12891),0,2,3,,,77498,21:31:38,,,77516,21:31:56,18,00:00:18,doors opened
07/05/2025,12,4128,Saturday,Saturday,West,15659135,75600,21:00:00,76167,21:09:27,24,7216,SUNY Collins Circle (07216),0,0,5,76920.0,21:22:00,77397,21:29:57,76920.0,21:22:00,77409,21:30:09,12,00:00:12,doors opened
07/05/2025,12,4128,Saturday,Saturday,West,15659135,75600,21:00:00,76167,21:09:27,23,3262,1383 Washington Ave (Fairfield Inn) (03262),0,1,5,,,77303,21:28:23,,,77319,21:28:39,16,00:00:16,doors opened
07/05/2025,12,4128,Saturday,Saturday,West,15659135,75600,21:00:00,76167,21:09:27,22,976,Washington Ave & Brevator St (00976),0,1,6,,,77177,21:26:17,,,77192,21:26:32,15,00:00:15,doors opened
07/05/2025,12,4128,Saturday,Saturday,West,15659135,75600,21:00:00,76167,21:09:27,21,1959,Washington Ave & Colvin Ave (01959),1,0,7,,,77116,21:25:16,,,77155,21:25:55,39,00:00:39,doors opened
07/05/2025,12,4128,Saturday,Saturday,East,15659020,63600,17:40:00,64159,17:49:19,18,2663,Lark/Library Station - Washington Ave & Lark St (02663),0,2,7,65220.0,18:07:00,65785,18:16:25,65220.0,18:07:00,65797,18:16:37,12,00:00:12,doors opened
07/05/2025,12,4128,Saturday,Saturday,East,15659020,63600,17:40:00,64159,17:49:19,17,263,Washington Ave & Henry Johnson Blvd (00263),0,0,9,,,65741,18:15:41,,,65741,18:15:41,0,00:00:00,door not opened
07/05/2025,12,4128,Saturday,Saturday,East,15659020,63600,17:40:00,64159,17:49:19,16,2096,Washington Ave & Lexington Ave (02096),0,1,9,,,65600,18:13:20,,,65703,18:15:03,103,00:01:43,doors opened
07/05/2025,12,4128,Saturday,Saturday,East,15659020,63600,17:40:00,64159,17:49:19,15,3253,Washington Ave & Robin St (Draper Hall) (03253),0,2,10,,,65557,18:12:37,,,65578,18:12:58,21,00:00:21,doors opened
07/05/2025,12,4128,Saturday,Saturday,East,15659020,63600,17:40:00,64159,17:49:19,14,2109,Washington Ave & N. Lake Ave (02109),0,2,12,,,65486,18:11:26,,,65536,18:12:16,50,00:00:50,doors opened
07/05/2025,12,4128,Saturday,Saturday,East,15659020,63600,17:40:00,64159,17:49:19,13,3255,Washington Ave & Quail St (03255),0,1,14,,,65450,18:10:50,,,65462,18:11:02,12,00:00:12,doors opened
07/05/2025,12,4128,Saturday,Saturday,East,15659020,63600,17:40:00,64159,17:49:19,12,3256,Washington Ave & Ontario St (03256),2,1,15,64860.0,18:01:00,65396,18:09:56,64860.0,18:01:00,65429,18:10:29,33,00:00:33,doors opened
07/05/2025,12,4128,Saturday,Saturday,East,15659020,63600,17:40:00,64159,17:49:19,11,2107,Washington Ave & Partridge St (02107),1,3,14,,,65357,18:09:17,,,65373,18:09:33,16,00:00:16,doors opened
07/05/2025,12,4128,Saturday,Saturday,East,15659020,63600,17:40:00,64159,17:49:19,24,3940,Broadway & Steuben St (03940),0,0,0,65760.0,18:16:00,66116,18:21:56,65760.0,18:16:00,66116,18:21:56,0,00:00:00,door not opened
07/05/2025,12,4128,Saturday,Saturday,East,15659020,63600,17:40:00,64159,17:49:19,23,2509,State/Downtown Station - State St & S. Pearl St (02509),0,5,0,65520.0,18:12:00,65948,18:19:08,65520.0,18:12:00,66028,18:20:28,80,00:01:20,doors opened
07/05/2025,12,4128,Saturday,Saturday,East,15659020,63600,17:40:00,64159,17:49:19,22,1787,State St & Eagle St (01787),0,0,5,,,65931,18:18:51,,,65931,18:18:51,0,00:00:00,door not opened
07/05/2025,12,4128,Saturday,Saturday,East,15659020,63600,17:40:00,64159,17:49:19,21,2706,Hawk/Capitol Station - Washington Ave & Hawk St (02706),0,0,5,,,65895,18:18:15,,,65895,18:18:15,0,00:00:00,door not opened
07/05/2025,12,4128,Saturday,Saturday,East,15659020,63600,17:40:00,64159,17:49:19,20,1789,Washington Ave & S. Swan St (01789),0,2,5,,,65837,18:17:17,,,65872,18:17:52,35,00:00:35,doors opened
07/05/2025,12,4128,Saturday,Saturday,East,15659020,63600,17:40:00,64159,17:49:19,19,1788,Washington Ave & Dove St (01788),0,0,7,,,65815,18:16:55,,,65815,18:16:55,0,00:00:00,door not opened
07/05/2025,12,4128,Saturday,Saturday,East,15659020,63600,17:40:00,64159,17:49:19,10,3257,Washington Ave & N. Main Ave (03257),3,4,16,,,65292,18:08:12,,,65318,18:08:38,26,00:00:26,doors opened
07/05/2025,12,4128,Saturday,Saturday,East,15659020,63600,17:40:00,64159,17:49:19,9,1796,Washington Ave & N. Allen St (01796),0,1,17,64740.0,17:59:00,65241,18:07:21,64740.0,17:59:00,65263,18:07:43,22,00:00:22,doors opened
07/05/2025,12,4128,Saturday,Saturday,East,15659020,63600,17:40:00,64159,17:49:19,8,11581,Washington Ave & Manning Blvd (11581),0,2,18,,,65182,18:06:22,,,65213,18:06:53,31,00:00:31,doors opened
07/05/2025,12,4128,Saturday,Saturday,East,15659020,63600,17:40:00,64159,17:49:19,7,2180,Washington Ave & Homestead Ave (02180),2,2,20,,,65137,18:05:37,,,65159,18:05:59,22,00:00:22,doors opened
07/05/2025,12,4128,Saturday,Saturday,East,15659020,63600,17:40:00,64159,17:49:19,6,2182,Washington Ave & Hawthorne St (02182),0,3,20,,,65098,18:04:58,,,65116,18:05:16,18,00:00:18,doors opened
07/05/2025,12,4128,Saturday,Saturday,East,15659020,63600,17:40:00,64159,17:49:19,5,3304,Washington Ave & Clermont St (03304),0,0,23,,,65071,18:04:31,,,65071,18:04:31,0,00:00:00,door not opened
07/05/2025,12,4128,Saturday,Saturday,East,15659020,63600,17:40:00,64159,17:49:19,4,3348,Washington Ave & Brevator St (03348),2,0,23,,,65004,18:03:24,,,65050,18:04:10,46,00:00:46,doors opened
07/05/2025,12,4128,Saturday,Saturday,East,15659020,63600,17:40:00,64159,17:49:19,3,10134,Washington Ave & SUNY Exit Rd (10134),2,0,21,,,64873,18:01:13,,,64891,18:01:31,18,00:00:18,doors opened
07/05/2025,12,4128,Saturday,Saturday,East,15659020,63600,17:40:00,64159,17:49:19,2,7216,SUNY Collins Circle (07216),3,4,19,64320.0,17:52:00,64749,17:59:09,64320.0,17:52:00,64772,17:59:32,23,00:00:23,doors opened
07/05/2025,12,4128,Saturday,Saturday,East,15659020,63600,17:40:00,64159,17:49:19,1,12827,Crossgates Commons Station (12827),13,0,20,64020.0,17:47:00,64413,17:53:33,64020.0,17:47:00,64515,17:55:15,102,00:01:42,doors opened
07/05/2025,12,4128,Saturday,Saturday,East,15659020,63600,17:40:00,64159,17:49:19,0,7175,Crossgates Mall Station (07175),7,0,7,63600.0,17:40:00,64159,17:49:19,63600.0,17:40:00,64159,17:49:19,0,00:00:00,doors opened
07/05/2025,12,4101,Saturday,Saturday,West,15658814,32400,09:00:00,34578,09:36:18,27,7175,Crossgates Mall Station (07175),0,0,0,34560.0,09:36:00,35205,09:46:45,34560.0,09:36:00,35205,09:46:45,0,00:00:00,door not opened
07/05/2025,12,4101,Saturday,Saturday,East,15658817,36000,10:00:00,36001,10:00:01,24,3940,Broadway & Steuben St (03940),0,0,0,37920.0,10:32:00,37969,10:32:49,37920.0,10:32:00,37969,10:32:49,0,00:00:00,door not opened
07/05/2025,12,4101,Saturday,Saturday,East,15658817,36000,10:00:00,36001,10:00:01,23,2509,State/Downtown Station - State St & S. Pearl St (02509),0,0,0,37680.0,10:28:00,37832,10:30:32,37680.0,10:28:00,37847,10:30:47,15,00:00:15,doors opened
07/05/2025,12,4101,Saturday,Saturday,East,15658817,36000,10:00:00,36001,10:00:01,22,1787,State St & Eagle St (01787),0,0,0,,,37811,10:30:11,,,37811,10:30:11,0,00:00:00,door not opened
07/05/2025,12,4101,Saturday,Saturday,East,15658817,36000,10:00:00,36001,10:00:01,21,2706,Hawk/Capitol Station - Washington Ave & Hawk St (02706),0,0,0,,,37718,10:28:38,,,37718,10:28:38,0,00:00:00,door not opened
07/05/2025,12,4101,Saturday,Saturday,East,15658817,36000,10:00:00,36001,10:00:01,20,1789,Washington Ave & S. Swan St (01789),0,0,0,,,37703,10:28:23,,,37703,10:28:23,0,00:00:00,door not opened
07/05/2025,12,4101,Saturday,Saturday,East,15658817,36000,10:00:00,36001,10:00:01,19,1788,Washington Ave & Dove St (01788),0,0,0,,,37681,10:28:01,,,37681,10:28:01,0,00:00:00,door not opened
07/05/2025,12,4101,Saturday,Saturday,East,15658817,36000,10:00:00,36001,10:00:01,18,2663,Lark/Library Station - Washington Ave & Lark St (02663),2,4,0,37440.0,10:24:00,37564,10:26:04,37440.0,10:24:00,37657,10:27:37,93,00:01:33,doors opened
07/05/2025,12,4101,Saturday,Saturday,East,15658817,36000,10:00:00,36001,10:00:01,17,263,Washington Ave & Henry Johnson Blvd (00263),0,0,2,,,37545,10:25:45,,,37545,10:25:45,0,00:00:00,door not opened
07/05/2025,12,4101,Saturday,Saturday,East,15658817,36000,10:00:00,36001,10:00:01,16,2096,Washington Ave & Lexington Ave (02096),0,1,2,,,37391,10:23:11,,,37453,10:24:13,62,00:01:02,doors opened
07/05/2025,12,4101,Saturday,Saturday,East,15658817,36000,10:00:00,36001,10:00:01,15,3253,Washington Ave & Robin St (Draper Hall) (03253),0,0,3,,,37376,10:22:56,,,37376,10:22:56,0,00:00:00,door not opened
07/05/2025,12,4101,Saturday,Saturday,East,15658817,36000,10:00:00,36001,10:00:01,14,2109,Washington Ave & N. Lake Ave (02109),1,0,3,,,37314,10:21:54,,,37335,10:22:15,21,00:00:21,doors opened
07/05/2025,12,4101,Saturday,Saturday,East,15658817,36000,10:00:00,36001,10:00:01,13,3255,Washington Ave & Quail St (03255),0,0,2,,,37283,10:21:23,,,37283,10:21:23,0,00:00:00,door not opened
07/05/2025,12,4101,Saturday,Saturday,East,15658817,36000,10:00:00,36001,10:00:01,12,3256,Washington Ave & Ontario St (03256),0,2,2,37140.0,10:19:00,37186,10:19:46,37140.0,10:19:00,37223,10:20:23,37,00:00:37,doors opened
07/05/2025,12,4101,Saturday,Saturday,East,15658817,36000,10:00:00,36001,10:00:01,11,2107,Washington Ave & Partridge St (02107),0,0,4,,,37168,10:19:28,,,37168,10:19:28,0,00:00:00,door not opened
07/05/2025,12,4101,Saturday,Saturday,East,15658817,36000,10:00:00,36001,10:00:01,10,3257,Washington Ave & N. Main Ave (03257),0,0,4,,,37082,10:18:02,,,37082,10:18:02,0,00:00:00,door not opened
07/05/2025,12,4101,Saturday,Saturday,East,15658817,36000,10:00:00,36001,10:00:01,9,1796,Washington Ave & N. Allen St (01796),0,0,4,37020.0,10:17:00,37009,10:16:49,37020.0,10:17:00,37009,10:16:49,0,00:00:00,door not opened
07/05/2025,12,4101,Saturday,Saturday,East,15658817,36000,10:00:00,36001,10:00:01,8,11581,Washington Ave & Manning Blvd (11581),0,0,4,,,36970,10:16:10,,,36970,10:16:10,0,00:00:00,door not opened
07/05/2025,12,4101,Saturday,Saturday,East,15658817,36000,10:00:00,36001,10:00:01,7,2180,Washington Ave & Homestead Ave (02180),0,0,4,,,36929,10:15:29,,,36929,10:15:29,0,00:00:00,door not opened
07/05/2025,12,4101,Saturday,Saturday,East,15658817,36000,10:00:00,36001,10:00:01,6,2182,Washington Ave & Hawthorne St (02182),0,0,4,,,36900,10:15:00,,,36900,10:15:00,0,00:00:00,door not opened
07/05/2025,12,4101,Saturday,Saturday,East,15658817,36000,10:00:00,36001,10:00:01,5,3304,Washington Ave & Clermont St (03304),0,0,4,,,36879,10:14:39,,,36879,10:14:39,0,00:00:00,door not opened
07/05/2025,12,4101,Saturday,Saturday,East,15658817,36000,10:00:00,36001,10:00:01,4,3348,Washington Ave & Brevator St (03348),0,0,4,,,36845,10:14:05,,,36845,10:14:05,0,00:00:00,door not opened
07/05/2025,12,4101,Saturday,Saturday,East,15658817,36000,10:00:00,36001,10:00:01,3,10134,Washington Ave & SUNY Exit Rd (10134),0,0,4,,,36735,10:12:15,,,36735,10:12:15,0,00:00:00,door not opened
07/05/2025,12,4101,Saturday,Saturday,East,15658817,36000,10:00:00,36001,10:00:01,2,7216,SUNY Collins Circle (07216),0,0,4,36600.0,10:10:00,36639,10:10:39,36600.0,10:10:00,36639,10:10:39,0,00:00:00,door not opened
07/05/2025,12,4101,Saturday,Saturday,East,15658817,36000,10:00:00,36001,10:00:01,1,12827,Crossgates Commons Station (12827),3,1,4,36360.0,10:06:00,36327,10:05:27,36360.0,10:06:00,36406,10:06:46,79,00:01:19,doors opened
07/05/2025,12,4101,Saturday,Saturday,East,15658817,36000,10:00:00,36001,10:00:01,0,7175,Crossgates Mall Station (07175),2,0,2,36000.0,10:00:00,36001,10:00:01,36000.0,10:00:00,36001,10:00:01,0,00:00:00,doors opened
07/05/2025,12,4101,Saturday,Saturday,West,15658820,38400,10:40:00,38416,10:40:16,27,7175,Crossgates Mall Station (07175),0,9,0,40620.0,11:17:00,40446,11:14:06,40620.0,11:17:00,40446,11:14:06,0,00:00:00,doors opened
07/05/2025,12,4101,Saturday,Saturday,West,15658820,38400,10:40:00,38416,10:40:16,26,12828,Crossgates Commons Station (12828),1,9,9,40200.0,11:10:00,40144,11:09:04,40200.0,11:10:00,40172,11:09:32,28,00:00:28,doors opened
07/05/2025,12,4101,Saturday,Saturday,West,15658820,38400,10:40:00,38416,10:40:16,25,12891,1475 Washington Ave (12891),0,0,17,,,39971,11:06:11,,,39971,11:06:11,0,00:00:00,door not opened
07/05/2025,12,4101,Saturday,Saturday,West,15658820,38400,10:40:00,38416,10:40:16,24,7216,SUNY Collins Circle (07216),0,0,17,39840.0,11:04:00,39817,11:03:37,39840.0,11:04:00,39817,11:03:37,0,00:00:00,door not opened
07/05/2025,12,4101,Saturday,Saturday,West,15658820,38400,10:40:00,38416,10:40:16,23,3262,1383 Washington Ave (Fairfield Inn) (03262),0,0,17,,,39723,11:02:03,,,39723,11:02:03,0,00:00:00,door not opened
07/05/2025,12,4101,Saturday,Saturday,West,15658820,38400,10:40:00,38416,10:40:16,22,976,Washington Ave & Brevator St (00976),0,0,17,,,39606,11:00:06,,,39606,11:00:06,0,00:00:00,door not opened
07/05/2025,12,4101,Saturday,Saturday,West,15658820,38400,10:40:00,38416,10:40:16,21,1959,Washington Ave & Colvin Ave (01959),1,0,17,,,39515,10:58:35,,,39582,10:59:42,67,00:01:07,doors opened
07/05/2025,12,4101,Saturday,Saturday,West,15658820,38400,10:40:00,38416,10:40:16,20,3399,Washington Ave & Danker Ave (03399),0,0,16,,,39467,10:57:47,,,39467,10:57:47,0,00:00:00,door not opened
07/05/2025,12,4101,Saturday,Saturday,West,15658820,38400,10:40:00,38416,10:40:16,19,1849,Washington Ave & Homestead Ave (01849),0,0,16,,,39445,10:57:25,,,39445,10:57:25,0,00:00:00,door not opened
07/05/2025,12,4101,Saturday,Saturday,West,15658820,38400,10:40:00,38416,10:40:16,18,1846,Washington Ave & Manning Blvd (01846),0,0,16,,,39420,10:57:00,,,39420,10:57:00,0,00:00:00,door not opened
07/05/2025,12,4101,Saturday,Saturday,West,15658820,38400,10:40:00,38416,10:40:16,17,3287,Washington Ave & N. Allen St (03287),3,0,16,39480.0,10:58:00,39328,10:55:28,39480.0,10:58:00,39357,10:55:57,29,00:00:29,doors opened
07/05/2025,12,4101,Saturday,Saturday,West,15658820,38400,10:40:00,38416,10:40:16,16,3264,Washington Ave & N. Main Ave (03264),0,0,13,,,39300,10:55:00,,,39300,10:55:00,0,00:00:00,door not opened
07/05/2025,12,4101,Saturday,Saturday,West,15658820,38400,10:40:00,38416,10:40:16,15,1839,Washington Ave & Partridge St (01839),0,0,13,,,39242,10:54:02,,,39242,10:54:02,0,00:00:00,door not opened
07/05/2025,12,4101,Saturday,Saturday,West,15658820,38400,10:40:00,38416,10:40:16,1,2168,Clinton Square Station - N. Pearl St & Clinton Ave (02168),1,0,1,,,38457,10:40:57,,,38480,10:41:20,23,00:00:23,doors opened
07/05/2025,12,4101,Saturday,Saturday,West,15658820,38400,10:40:00,38416,10:40:16,0,9018,Broadway & Orange St (09018),0,0,0,38400.0,10:40:00,38416,10:40:16,38400.0,10:40:00,38416,10:40:16,0,00:00:00,door not opened
07/05/2025,12,4101,Saturday,Saturday,West,15658820,38400,10:40:00,38416,10:40:16,14,1841,Washington Ave & Ontario St (01841),0,0,13,39240.0,10:54:00,39225,10:53:45,39240.0,10:54:00,39225,10:53:45,0,00:00:00,door not opened
07/05/2025,12,4101,Saturday,Saturday,West,15658820,38400,10:40:00,38416,10:40:16,13,1842,Washington Ave & Quail St (01842),1,1,13,,,39168,10:52:48,,,39200,10:53:20,32,00:00:32,doors opened
07/05/2025,12,4101,Saturday,Saturday,West,15658820,38400,10:40:00,38416,10:40:16,12,1837,Washington Ave & N. Lake Ave (01837),2,1,13,,,39103,10:51:43,,,39136,10:52:16,33,00:00:33,doors opened
07/05/2025,12,4101,Saturday,Saturday,West,15658820,38400,10:40:00,38416,10:40:16,11,1843,Washington Ave & Robin St (01843),0,0,12,,,39082,10:51:22,,,39082,10:51:22,0,00:00:00,door not opened
07/05/2025,12,4101,Saturday,Saturday,West,15658820,38400,10:40:00,38416,10:40:16,10,12943,Washington Ave & Lexington Ave (12943),2,0,12,,,39026,10:50:26,,,39059,10:50:59,33,00:00:33,doors opened
07/05/2025,12,4101,Saturday,Saturday,West,15658820,38400,10:40:00,38416,10:40:16,9,12942,Washington Ave & Henry Johnson Blvd (12942),0,0,10,,,38990,10:49:50,,,38990,10:49:50,0,00:00:00,door not opened
07/05/2025,12,4101,Saturday,Saturday,West,15658820,38400,10:40:00,38416,10:40:16,8,3239,Lark/Library Station - Washington Ave & Lark St (03239),5,0,10,38880.0,10:48:00,38823,10:47:03,38880.0,10:48:00,38859,10:47:39,36,00:00:36,doors opened
07/05/2025,12,4101,Saturday,Saturday,West,15658820,38400,10:40:00,38416,10:40:16,7,3301,Washington Ave & S. Swan St (03301),0,0,5,,,38787,10:46:27,,,38787,10:46:27,0,00:00:00,door not opened
07/05/2025,12,4101,Saturday,Saturday,West,15658820,38400,10:40:00,38416,10:40:16,6,3250,Hawk/Capitol Station - Washington Ave & Hawk St (03250),0,0,5,,,38760,10:46:00,,,38760,10:46:00,0,00:00:00,door not opened
07/05/2025,12,4101,Saturday,Saturday,West,15658820,38400,10:40:00,38416,10:40:16,5,10087,State St & Eagle St (10087),0,0,5,,,38730,10:45:30,,,38730,10:45:30,0,00:00:00,door not opened
07/05/2025,12,4101,Saturday,Saturday,West,15658820,38400,10:40:00,38416,10:40:16,4,2665,State/Downtown Station - State St & Lodge St (02665),3,0,5,38640.0,10:44:00,38665,10:44:25,38640.0,10:44:00,38697,10:44:57,32,00:00:32,doors opened
07/05/2025,12,4101,Saturday,Saturday,West,15658820,38400,10:40:00,38416,10:40:16,3,3221,State Station - N. Pearl St & Ten Eyck Plaza (03221),1,0,2,,,38538,10:42:18,,,38630,10:43:50,92,00:01:32,doors opened
07/05/2025,12,4101,Saturday,Saturday,West,15658820,38400,10:40:00,38416,10:40:16,2,3233,N. Pearl St & Sheridan Ave (03233),0,0,1,,,38499,10:41:39,,,38499,10:41:39,0,00:00:00,door not opened
07/05/2025,12,4101,Saturday,Saturday,East,15658821,40800,11:20:00,40867,11:21:07,24,3940,Broadway & Steuben St (03940),0,0,0,42780.0,11:53:00,42912,11:55:12,42780.0,11:53:00,42912,11:55:12,0,00:00:00,door not opened
07/05/2025,12,4101,Saturday,Saturday,East,15658821,40800,11:20:00,40867,11:21:07,23,2509,State/Downtown Station - State St & S. Pearl St (02509),0,1,0,42540.0,11:49:00,42780,11:53:00,42540.0,11:49:00,42796,11:53:16,16,00:00:16,doors opened
07/05/2025,12,4101,Saturday,Saturday,East,15658821,40800,11:20:00,40867,11:21:07,22,1787,State St & Eagle St (01787),0,0,1,,,42761,11:52:41,,,42761,11:52:41,0,00:00:00,door not opened
07/05/2025,12,4101,Saturday,Saturday,East,15658821,40800,11:20:00,40867,11:21:07,21,2706,Hawk/Capitol Station - Washington Ave & Hawk St (02706),0,0,1,,,42636,11:50:36,,,42636,11:50:36,0,00:00:00,door not opened
07/05/2025,12,4101,Saturday,Saturday,East,15658821,40800,11:20:00,40867,11:21:07,20,1789,Washington Ave & S. Swan St (01789),0,0,1,,,42620,11:50:20,,,42620,11:50:20,0,00:00:00,door not opened
07/05/2025,12,4101,Saturday,Saturday,East,15658821,40800,11:20:00,40867,11:21:07,19,1788,Washington Ave & Dove St (01788),0,0,1,,,42592,11:49:52,,,42592,11:49:52,0,00:00:00,door not opened
07/05/2025,12,4101,Saturday,Saturday,East,15658821,40800,11:20:00,40867,11:21:07,18,2663,Lark/Library Station - Washington Ave & Lark St (02663),0,0,1,42300.0,11:45:00,42546,11:49:06,42300.0,11:45:00,42546,11:49:06,0,00:00:00,door not opened
07/05/2025,12,4101,Saturday,Saturday,East,15658821,40800,11:20:00,40867,11:21:07,17,263,Washington Ave & Henry Johnson Blvd (00263),0,1,1,,,42468,11:47:48,,,42486,11:48:06,18,00:00:18,doors opened
07/05/2025,12,4101,Saturday,Saturday,East,15658821,40800,11:20:00,40867,11:21:07,16,2096,Washington Ave & Lexington Ave (02096),0,0,2,,,42427,11:47:07,,,42427,11:47:07,0,00:00:00,door not opened
07/05/2025,12,4101,Saturday,Saturday,East,15658821,40800,11:20:00,40867,11:21:07,15,3253,Washington Ave & Robin St (Draper Hall) (03253),0,0,2,,,42343,11:45:43,,,42343,11:45:43,0,00:00:00,door not opened
07/05/2025,12,4101,Saturday,Saturday,East,15658821,40800,11:20:00,40867,11:21:07,14,2109,Washington Ave & N. Lake Ave (02109),1,1,2,,,42292,11:44:52,,,42313,11:45:13,21,00:00:21,doors opened
07/05/2025,12,4101,Saturday,Saturday,East,15658821,40800,11:20:00,40867,11:21:07,13,3255,Washington Ave & Quail St (03255),0,0,2,,,42269,11:44:29,,,42269,11:44:29,0,00:00:00,door not opened
07/05/2025,12,4101,Saturday,Saturday,East,15658821,40800,11:20:00,40867,11:21:07,12,3256,Washington Ave & Ontario St (03256),0,0,2,41940.0,11:39:00,42218,11:43:38,41940.0,11:39:00,42218,11:43:38,0,00:00:00,door not opened
07/05/2025,12,4101,Saturday,Saturday,East,15658821,40800,11:20:00,40867,11:21:07,11,2107,Washington Ave & Partridge St (02107),0,1,2,,,42174,11:42:54,,,42194,11:43:14,20,00:00:20,doors opened
07/05/2025,12,4101,Saturday,Saturday,East,15658821,40800,11:20:00,40867,11:21:07,10,3257,Washington Ave & N. Main Ave (03257),0,0,3,,,42116,11:41:56,,,42116,11:41:56,0,00:00:00,door not opened
07/05/2025,12,4101,Saturday,Saturday,East,15658821,40800,11:20:00,40867,11:21:07,9,1796,Washington Ave & N. Allen St (01796),0,2,3,41820.0,11:37:00,42038,11:40:38,41820.0,11:37:00,42055,11:40:55,17,00:00:17,doors opened
07/05/2025,12,4101,Saturday,Saturday,East,15658821,40800,11:20:00,40867,11:21:07,8,11581,Washington Ave & Manning Blvd (11581),1,0,5,,,41986,11:39:46,,,42003,11:40:03,17,00:00:17,doors opened
07/05/2025,12,4101,Saturday,Saturday,East,15658821,40800,11:20:00,40867,11:21:07,7,2180,Washington Ave & Homestead Ave (02180),0,0,4,,,41965,11:39:25,,,41965,11:39:25,0,00:00:00,door not opened
07/05/2025,12,4101,Saturday,Saturday,East,15658821,40800,11:20:00,40867,11:21:07,6,2182,Washington Ave & Hawthorne St (02182),0,3,4,,,41920,11:38:40,,,41939,11:38:59,19,00:00:19,doors opened
07/05/2025,12,4101,Saturday,Saturday,East,15658821,40800,11:20:00,40867,11:21:07,5,3304,Washington Ave & Clermont St (03304),0,0,7,,,41903,11:38:23,,,41903,11:38:23,0,00:00:00,door not opened
07/05/2025,12,4101,Saturday,Saturday,East,15658821,40800,11:20:00,40867,11:21:07,4,3348,Washington Ave & Brevator St (03348),0,0,7,,,41877,11:37:57,,,41877,11:37:57,0,00:00:00,door not opened
07/05/2025,12,4101,Saturday,Saturday,East,15658821,40800,11:20:00,40867,11:21:07,3,10134,Washington Ave & SUNY Exit Rd (10134),0,2,7,,,41754,11:35:54,,,41768,11:36:08,14,00:00:14,doors opened
07/05/2025,12,4101,Saturday,Saturday,East,15658821,40800,11:20:00,40867,11:21:07,2,7216,SUNY Collins Circle (07216),3,1,9,41400.0,11:30:00,41599,11:33:19,41400.0,11:30:00,41634,11:33:54,35,00:00:35,doors opened
07/05/2025,12,4101,Saturday,Saturday,East,15658821,40800,11:20:00,40867,11:21:07,1,12827,Crossgates Commons Station (12827),5,0,7,41160.0,11:26:00,41269,11:27:49,41160.0,11:26:00,41320,11:28:40,51,00:00:51,doors opened
07/05/2025,12,4101,Saturday,Saturday,East,15658821,40800,11:20:00,40867,11:21:07,0,7175,Crossgates Mall Station (07175),2,0,2,40800.0,11:20:00,40867,11:21:07,40800.0,11:20:00,40867,11:21:07,0,00:00:00,doors opened
07/05/2025,12,4101,Saturday,Saturday,West,15658823,43200,12:00:00,43327,12:02:07,27,7175,Crossgates Mall Station (07175),0,18,0,45420.0,12:37:00,45856,12:44:16,45420.0,12:37:00,45856,12:44:16,0,00:00:00,doors opened
07/05/2025,12,4101,Saturday,Saturday,West,15658823,43200,12:00:00,43327,12:02:07,26,12828,Crossgates Commons Station (12828),0,12,18,45000.0,12:30:00,45576,12:39:36,45000.0,12:30:00,45620,12:40:20,44,00:00:44,doors opened
07/05/2025,12,4101,Saturday,Saturday,West,15658823,43200,12:00:00,43327,12:02:07,25,12891,1475 Washington Ave (12891),1,1,30,,,45376,12:36:16,,,45393,12:36:33,17,00:00:17,doors opened
07/05/2025,12,4101,Saturday,Saturday,West,15658823,43200,12:00:00,43327,12:02:07,24,7216,SUNY Collins Circle (07216),0,5,30,44640.0,12:24:00,45244,12:34:04,44640.0,12:24:00,45265,12:34:25,21,00:00:21,doors opened
07/05/2025,12,4101,Saturday,Saturday,West,15658823,43200,12:00:00,43327,12:02:07,23,3262,1383 Washington Ave (Fairfield Inn) (03262),6,1,35,,,45115,12:31:55,,,45153,12:32:33,38,00:00:38,doors opened
07/05/2025,12,4101,Saturday,Saturday,West,15658823,43200,12:00:00,43327,12:02:07,22,976,Washington Ave & Brevator St (00976),0,0,30,,,45004,12:30:04,,,45004,12:30:04,0,00:00:00,door not opened
07/05/2025,12,4101,Saturday,Saturday,West,15658823,43200,12:00:00,43327,12:02:07,21,1959,Washington Ave & Colvin Ave (01959),1,1,30,,,44922,12:28:42,,,44983,12:29:43,61,00:01:01,doors opened
07/05/2025,12,4101,Saturday,Saturday,West,15658823,43200,12:00:00,43327,12:02:07,20,3399,Washington Ave & Danker Ave (03399),0,0,30,,,44896,12:28:16,,,44896,12:28:16,0,00:00:00,door not opened
07/05/2025,12,4101,Saturday,Saturday,West,15658823,43200,12:00:00,43327,12:02:07,19,1849,Washington Ave & Homestead Ave (01849),2,1,30,,,44850,12:27:30,,,44872,12:27:52,22,00:00:22,doors opened
07/05/2025,12,4101,Saturday,Saturday,West,15658823,43200,12:00:00,43327,12:02:07,18,1846,Washington Ave & Manning Blvd (01846),2,0,29,,,44790,12:26:30,,,44825,12:27:05,35,00:00:35,doors opened
07/05/2025,12,4101,Saturday,Saturday,West,15658823,43200,12:00:00,43327,12:02:07,17,3287,Washington Ave & N. Allen St (03287),6,0,27,44280.0,12:18:00,44728,12:25:28,44280.0,12:18:00,44759,12:25:59,31,00:00:31,doors opened
07/05/2025,12,4101,Saturday,Saturday,West,15658823,43200,12:00:00,43327,12:02:07,16,3264,Washington Ave & N. Main Ave (03264),1,0,21,,,44662,12:24:22,,,44695,12:24:55,33,00:00:33,doors opened
07/05/2025,12,4101,Saturday,Saturday,West,15658823,43200,12:00:00,43327,12:02:07,15,1839,Washington Ave & Partridge St (01839),0,0,20,,,44622,12:23:42,,,44622,12:23:42,0,00:00:00,door not opened
07/05/2025,12,4101,Saturday,Saturday,West,15658823,43200,12:00:00,43327,12:02:07,14,1841,Washington Ave & Ontario St (01841),2,0,20,44040.0,12:14:00,44563,12:22:43,44040.0,12:14:00,44600,12:23:20,37,00:00:37,doors opened
07/05/2025,12,4101,Saturday,Saturday,West,15658823,43200,12:00:00,43327,12:02:07,13,1842,Washington Ave & Quail St (01842),3,0,18,,,44500,12:21:40,,,44540,12:22:20,40,00:00:40,doors opened
07/05/2025,12,4101,Saturday,Saturday,West,15658823,43200,12:00:00,43327,12:02:07,12,1837,Washington Ave & N. Lake Ave (01837),5,2,15,,,44392,12:19:52,,,44472,12:21:12,80,00:01:20,doors opened
07/05/2025,12,4101,Saturday,Saturday,West,15658823,43200,12:00:00,43327,12:02:07,11,1843,Washington Ave & Robin St (01843),2,0,12,,,44344,12:19:04,,,44365,12:19:25,21,00:00:21,doors opened
07/05/2025,12,4101,Saturday,Saturday,West,15658823,43200,12:00:00,43327,12:02:07,10,12943,Washington Ave & Lexington Ave (12943),0,0,10,,,44301,12:18:21,,,44301,12:18:21,0,00:00:00,door not opened
07/05/2025,12,4101,Saturday,Saturday,West,15658823,43200,12:00:00,43327,12:02:07,9,12942,Washington Ave & Henry Johnson Blvd (12942),0,0,10,,,44279,12:17:59,,,44279,12:17:59,0,00:00:00,door not opened
07/05/2025,12,4101,Saturday,Saturday,West,15658823,43200,12:00:00,43327,12:02:07,8,3239,Lark/Library Station - Washington Ave & Lark St (03239),2,2,10,43680.0,12:08:00,44046,12:14:06,43680.0,12:08:00,44251,12:17:31,205,00:03:25,doors opened
07/05/2025,12,4101,Saturday,Saturday,West,15658823,43200,12:00:00,43327,12:02:07,7,3301,Washington Ave & S. Swan St (03301),1,0,10,,,43976,12:12:56,,,44000,12:13:20,24,00:00:24,doors opened
07/05/2025,12,4101,Saturday,Saturday,West,15658823,43200,12:00:00,43327,12:02:07,6,3250,Hawk/Capitol Station - Washington Ave & Hawk St (03250),0,0,9,,,43957,12:12:37,,,43957,12:12:37,0,00:00:00,door not opened
07/05/2025,12,4101,Saturday,Saturday,West,15658823,43200,12:00:00,43327,12:02:07,5,10087,State St & Eagle St (10087),0,0,9,,,43929,12:12:09,,,43929,12:12:09,0,00:00:00,door not opened
07/05/2025,12,4101,Saturday,Saturday,West,15658823,43200,12:00:00,43327,12:02:07,4,2665,State/Downtown Station - State St & Lodge St (02665),3,1,9,43440.0,12:04:00,43794,12:09:54,43440.0,12:04:00,43845,12:10:45,51,00:00:51,doors opened
07/05/2025,12,4101,Saturday,Saturday,West,15658823,43200,12:00:00,43327,12:02:07,3,3221,State Station - N. Pearl St & Ten Eyck Plaza (03221),3,0,7,,,43718,12:08:38,,,43761,12:09:21,43,00:00:43,doors opened
07/05/2025,12,4101,Saturday,Saturday,West,15658823,43200,12:00:00,43327,12:02:07,2,3233,N. Pearl St & Sheridan Ave (03233),0,0,4,,,43678,12:07:58,,,43678,12:07:58,0,00:00:00,door not opened
07/05/2025,12,4101,Saturday,Saturday,West,15658823,43200,12:00:00,43327,12:02:07,1,2168,Clinton Square Station - N. Pearl St & Clinton Ave (02168),4,0,4,,,43414,12:03:34,,,43646,12:07:26,232,00:03:52,doors opened
07/05/2025,12,4101,Saturday,Saturday,West,15658823,43200,12:00:00,43327,12:02:07,0,9018,Broadway & Orange St (09018),0,0,0,43200.0,12:00:00,43327,12:02:07,43200.0,12:00:00,43327,12:02:07,0,00:00:00,door not opened
07/05/2025,12,4123,Saturday,Saturday,East,15658030,69600,19:20:00,69720,19:22:00,13,3255,Washington Ave & Quail St (03255),0,1,4,,,70911,19:41:51,,,70939,19:42:19,28,00:00:28,doors opened
07/05/2025,12,4123,Saturday,Saturday,East,15658030,69600,19:20:00,69720,19:22:00,12,3256,Washington Ave & Ontario St (03256),0,0,5,70860.0,19:41:00,70875,19:41:15,70860.0,19:41:00,70890,19:41:30,15,00:00:15,doors opened
07/05/2025,12,4123,Saturday,Saturday,East,15658030,69600,19:20:00,69720,19:22:00,11,2107,Washington Ave & Partridge St (02107),0,1,5,,,70842,19:40:42,,,70855,19:40:55,13,00:00:13,doors opened
07/05/2025,12,4123,Saturday,Saturday,East,15658030,69600,19:20:00,69720,19:22:00,10,3257,Washington Ave & N. Main Ave (03257),0,1,6,,,70753,19:39:13,,,70791,19:39:51,38,00:00:38,doors opened
07/05/2025,12,4123,Saturday,Saturday,East,15658030,69600,19:20:00,69720,19:22:00,9,1796,Washington Ave & N. Allen St (01796),0,2,7,70740.0,19:39:00,70705,19:38:25,70740.0,19:39:00,70721,19:38:41,16,00:00:16,doors opened
07/05/2025,12,4123,Saturday,Saturday,East,15658030,69600,19:20:00,69720,19:22:00,8,11581,Washington Ave & Manning Blvd (11581),0,0,9,,,70678,19:37:58,,,70678,19:37:58,0,00:00:00,door not opened
07/05/2025,12,4123,Saturday,Saturday,East,15658030,69600,19:20:00,69720,19:22:00,7,2180,Washington Ave & Homestead Ave (02180),0,0,9,,,70638,19:37:18,,,70638,19:37:18,0,00:00:00,door not opened
07/05/2025,12,4123,Saturday,Saturday,East,15658030,69600,19:20:00,69720,19:22:00,6,2182,Washington Ave & Hawthorne St (02182),1,4,9,,,70587,19:36:27,,,70610,19:36:50,23,00:00:23,doors opened
07/05/2025,12,4123,Saturday,Saturday,East,15658030,69600,19:20:00,69720,19:22:00,5,3304,Washington Ave & Clermont St (03304),0,0,12,,,70571,19:36:11,,,70571,19:36:11,0,00:00:00,door not opened
07/05/2025,12,4123,Saturday,Saturday,East,15658030,69600,19:20:00,69720,19:22:00,4,3348,Washington Ave & Brevator St (03348),0,0,12,,,70556,19:35:56,,,70556,19:35:56,0,00:00:00,door not opened
07/05/2025,12,4123,Saturday,Saturday,East,15658030,69600,19:20:00,69720,19:22:00,3,10134,Washington Ave & SUNY Exit Rd (10134),1,1,12,,,70388,19:33:08,,,70419,19:33:39,31,00:00:31,doors opened
07/05/2025,12,4123,Saturday,Saturday,East,15658030,69600,19:20:00,69720,19:22:00,2,7216,SUNY Collins Circle (07216),0,0,12,70320.0,19:32:00,70305,19:31:45,70320.0,19:32:00,70305,19:31:45,0,00:00:00,door not opened
07/05/2025,12,4123,Saturday,Saturday,East,15658030,69600,19:20:00,69720,19:22:00,1,12827,Crossgates Commons Station (12827),5,0,12,70020.0,19:27:00,69992,19:26:32,70020.0,19:27:00,70033,19:27:13,41,00:00:41,doors opened
07/05/2025,12,4123,Saturday,Saturday,East,15658030,69600,19:20:00,69720,19:22:00,0,7175,Crossgates Mall Station (07175),7,0,7,69600.0,19:20:00,69720,19:22:00,69600.0,19:20:00,69720,19:22:00,0,00:00:00,doors opened
07/05/2025,12,4123,Saturday,Saturday,East,15658030,69600,19:20:00,69720,19:22:00,24,3940,Broadway & Steuben St (03940),0,0,0,71700.0,19:55:00,71518,19:51:58,71700.0,19:55:00,71518,19:51:58,0,00:00:00,door not opened
07/05/2025,12,4123,Saturday,Saturday,East,15658030,69600,19:20:00,69720,19:22:00,23,2509,State/Downtown Station - State St & S. Pearl St (02509),0,0,0,71460.0,19:51:00,71462,19:51:02,71460.0,19:51:00,71462,19:51:02,0,00:00:00,door not opened
07/05/2025,12,4123,Saturday,Saturday,East,15658030,69600,19:20:00,69720,19:22:00,22,1787,State St & Eagle St (01787),0,0,0,,,71404,19:50:04,,,71404,19:50:04,0,00:00:00,door not opened
07/05/2025,12,4123,Saturday,Saturday,East,15658030,69600,19:20:00,69720,19:22:00,21,2706,Hawk/Capitol Station - Washington Ave & Hawk St (02706),0,0,0,,,71298,19:48:18,,,71298,19:48:18,0,00:00:00,door not opened
07/05/2025,12,4123,Saturday,Saturday,East,15658030,69600,19:20:00,69720,19:22:00,20,1789,Washington Ave & S. Swan St (01789),0,0,0,,,71281,19:48:01,,,71281,19:48:01,0,00:00:00,door not opened
07/05/2025,12,4123,Saturday,Saturday,East,15658030,69600,19:20:00,69720,19:22:00,19,1788,Washington Ave & Dove St (01788),0,0,0,,,71260,19:47:40,,,71260,19:47:40,0,00:00:00,door not opened
07/05/2025,12,4123,Saturday,Saturday,East,15658030,69600,19:20:00,69720,19:22:00,18,2663,Lark/Library Station - Washington Ave & Lark St (02663),0,0,0,71220.0,19:47:00,71232,19:47:12,71220.0,19:47:00,71232,19:47:12,0,00:00:00,door not opened
07/05/2025,12,4123,Saturday,Saturday,East,15658030,69600,19:20:00,69720,19:22:00,17,263,Washington Ave & Henry Johnson Blvd (00263),0,2,0,,,71118,19:45:18,,,71144,19:45:44,26,00:00:26,doors opened
07/05/2025,12,4123,Saturday,Saturday,East,15658030,69600,19:20:00,69720,19:22:00,16,2096,Washington Ave & Lexington Ave (02096),0,0,2,,,71049,19:44:09,,,71049,19:44:09,0,00:00:00,door not opened
07/05/2025,12,4123,Saturday,Saturday,East,15658030,69600,19:20:00,69720,19:22:00,15,3253,Washington Ave & Robin St (Draper Hall) (03253),0,1,2,,,71014,19:43:34,,,71031,19:43:51,17,00:00:17,doors opened
07/05/2025,12,4123,Saturday,Saturday,East,15658030,69600,19:20:00,69720,19:22:00,14,2109,Washington Ave & N. Lake Ave (02109),0,1,3,,,70965,19:42:45,,,70993,19:43:13,28,00:00:28,doors opened
07/05/2025,12,4123,Saturday,Saturday,West,15658139,72000,20:00:00,72165,20:02:45,25,12891,1475 Washington Ave (12891),0,0,4,,,73581,20:26:21,,,73581,20:26:21,0,00:00:00,door not opened
07/05/2025,12,4123,Saturday,Saturday,West,15658139,72000,20:00:00,72165,20:02:45,24,7216,SUNY Collins Circle (07216),0,0,4,73380.0,20:23:00,73499,20:24:59,73380.0,20:23:00,73499,20:24:59,0,00:00:00,door not opened
07/05/2025,12,4123,Saturday,Saturday,West,15658139,72000,20:00:00,72165,20:02:45,23,3262,1383 Washington Ave (Fairfield Inn) (03262),1,5,4,,,73353,20:22:33,,,73396,20:23:16,43,00:00:43,doors opened
07/05/2025,12,4123,Saturday,Saturday,West,15658139,72000,20:00:00,72165,20:02:45,22,976,Washington Ave & Brevator St (00976),0,0,8,,,73232,20:20:32,,,73232,20:20:32,0,00:00:00,door not opened
07/05/2025,12,4123,Saturday,Saturday,West,15658139,72000,20:00:00,72165,20:02:45,21,1959,Washington Ave & Colvin Ave (01959),0,0,8,,,73198,20:19:58,,,73198,20:19:58,0,00:00:00,door not opened
07/05/2025,12,4123,Saturday,Saturday,West,15658139,72000,20:00:00,72165,20:02:45,20,3399,Washington Ave & Danker Ave (03399),0,0,8,,,73177,20:19:37,,,73177,20:19:37,0,00:00:00,door not opened
07/05/2025,12,4123,Saturday,Saturday,West,15658139,72000,20:00:00,72165,20:02:45,19,1849,Washington Ave & Homestead Ave (01849),0,0,8,,,73155,20:19:15,,,73155,20:19:15,0,00:00:00,door not opened
07/05/2025,12,4123,Saturday,Saturday,West,15658139,72000,20:00:00,72165,20:02:45,18,1846,Washington Ave & Manning Blvd (01846),0,1,8,,,73104,20:18:24,,,73134,20:18:54,30,00:00:30,doors opened
07/05/2025,12,4123,Saturday,Saturday,West,15658139,72000,20:00:00,72165,20:02:45,17,3287,Washington Ave & N. Allen St (03287),0,1,9,73020.0,20:17:00,73056,20:17:36,73020.0,20:17:00,73073,20:17:53,17,00:00:17,doors opened
07/05/2025,12,4123,Saturday,Saturday,West,15658139,72000,20:00:00,72165,20:02:45,16,3264,Washington Ave & N. Main Ave (03264),0,0,10,,,73030,20:17:10,,,73030,20:17:10,0,00:00:00,door not opened
07/05/2025,12,4123,Saturday,Saturday,West,15658139,72000,20:00:00,72165,20:02:45,15,1839,Washington Ave & Partridge St (01839),0,0,10,,,72957,20:15:57,,,72957,20:15:57,0,00:00:00,door not opened
07/05/2025,12,4123,Saturday,Saturday,West,15658139,72000,20:00:00,72165,20:02:45,14,1841,Washington Ave & Ontario St (01841),0,0,10,72840.0,20:14:00,72939,20:15:39,72840.0,20:14:00,72939,20:15:39,0,00:00:00,door not opened
07/05/2025,12,4123,Saturday,Saturday,West,15658139,72000,20:00:00,72165,20:02:45,13,1842,Washington Ave & Quail St (01842),3,0,10,,,72873,20:14:33,,,72917,20:15:17,44,00:00:44,doors opened
07/05/2025,12,4123,Saturday,Saturday,West,15658139,72000,20:00:00,72165,20:02:45,12,1837,Washington Ave & N. Lake Ave (01837),0,0,7,,,72850,20:14:10,,,72850,20:14:10,0,00:00:00,door not opened
07/05/2025,12,4123,Saturday,Saturday,West,15658139,72000,20:00:00,72165,20:02:45,11,1843,Washington Ave & Robin St (01843),0,0,7,,,72822,20:13:42,,,72822,20:13:42,0,00:00:00,door not opened
07/05/2025,12,4123,Saturday,Saturday,West,15658139,72000,20:00:00,72165,20:02:45,10,12943,Washington Ave & Lexington Ave (12943),0,2,7,,,72768,20:12:48,,,72784,20:13:04,16,00:00:16,doors opened
07/05/2025,12,4123,Saturday,Saturday,West,15658139,72000,20:00:00,72165,20:02:45,9,12942,Washington Ave & Henry Johnson Blvd (12942),4,2,9,,,72714,20:11:54,,,72744,20:12:24,30,00:00:30,doors opened
07/05/2025,12,4123,Saturday,Saturday,West,15658139,72000,20:00:00,72165,20:02:45,8,3239,Lark/Library Station - Washington Ave & Lark St (03239),0,0,7,72480.0,20:08:00,72625,20:10:25,72480.0,20:08:00,72625,20:10:25,0,00:00:00,door not opened
07/05/2025,12,4123,Saturday,Saturday,West,15658139,72000,20:00:00,72165,20:02:45,7,3301,Washington Ave & S. Swan St (03301),1,0,7,,,72514,20:08:34,,,72536,20:08:56,22,00:00:22,doors opened
07/05/2025,12,4123,Saturday,Saturday,West,15658139,72000,20:00:00,72165,20:02:45,6,3250,Hawk/Capitol Station - Washington Ave & Hawk St (03250),0,0,6,,,72491,20:08:11,,,72491,20:08:11,0,00:00:00,door not opened
07/05/2025,12,4123,Saturday,Saturday,West,15658139,72000,20:00:00,72165,20:02:45,5,10087,State St & Eagle St (10087),0,0,6,,,72447,20:07:27,,,72447,20:07:27,0,00:00:00,door not opened
07/05/2025,12,4123,Saturday,Saturday,West,15658139,72000,20:00:00,72165,20:02:45,4,2665,State/Downtown Station - State St & Lodge St (02665),3,0,6,72240.0,20:04:00,72374,20:06:14,72240.0,20:04:00,72408,20:06:48,34,00:00:34,doors opened
07/05/2025,12,4123,Saturday,Saturday,West,15658139,72000,20:00:00,72165,20:02:45,3,3221,State Station - N. Pearl St & Ten Eyck Plaza (03221),2,0,3,,,72288,20:04:48,,,72288,20:04:48,0,00:00:00,door not opened
07/05/2025,12,4123,Saturday,Saturday,West,15658139,72000,20:00:00,72165,20:02:45,2,3233,N. Pearl St & Sheridan Ave (03233),0,0,1,,,72255,20:04:15,,,72255,20:04:15,0,00:00:00,door not opened
07/05/2025,12,4123,Saturday,Saturday,West,15658139,72000,20:00:00,72165,20:02:45,1,2168,Clinton Square Station - N. Pearl St & Clinton Ave (02168),0,0,1,,,72241,20:04:01,,,72241,20:04:01,0,00:00:00,door not opened
07/05/2025,12,4123,Saturday,Saturday,West,15658139,72000,20:00:00,72165,20:02:45,0,9018,Broadway & Orange St (09018),1,0,1,72000.0,20:00:00,72165,20:02:45,72000.0,20:00:00,72165,20:02:45,0,00:00:00,doors opened
07/05/2025,12,4123,Saturday,Saturday,West,15658139,72000,20:00:00,72165,20:02:45,27,7175,Crossgates Mall Station (07175),0,3,0,74100.0,20:35:00,73955,20:32:35,74100.0,20:35:00,73955,20:32:35,0,00:00:00,doors opened
07/05/2025,12,4123,Saturday,Saturday,West,15658139,72000,20:00:00,72165,20:02:45,26,12828,Crossgates Commons Station (12828),0,1,3,73680.0,20:28:00,73733,20:28:53,73680.0,20:28:00,73757,20:29:17,24,00:00:24,doors opened
07/05/2025,12,4123,Saturday,Saturday,East,15658023,57600,16:00:00,57687,16:01:27,12,3256,Washington Ave & Ontario St (03256),0,4,15,58860.0,16:21:00,58911,16:21:51,58860.0,16:21:00,58966,16:22:46,55,00:00:55,doors opened
07/05/2025,12,4123,Saturday,Saturday,East,15658023,57600,16:00:00,57687,16:01:27,11,2107,Washington Ave & Partridge St (02107),0,0,19,,,58893,16:21:33,,,58893,16:21:33,0,00:00:00,door not opened
07/05/2025,12,4123,Saturday,Saturday,East,15658023,57600,16:00:00,57687,16:01:27,10,3257,Washington Ave & N. Main Ave (03257),0,3,19,,,58811,16:20:11,,,58843,16:20:43,32,00:00:32,doors opened
07/05/2025,12,4123,Saturday,Saturday,East,15658023,57600,16:00:00,57687,16:01:27,9,1796,Washington Ave & N. Allen St (01796),1,0,22,58740.0,16:19:00,58768,16:19:28,58740.0,16:19:00,58782,16:19:42,14,00:00:14,doors opened
07/05/2025,12,4123,Saturday,Saturday,East,15658023,57600,16:00:00,57687,16:01:27,8,11581,Washington Ave & Manning Blvd (11581),0,1,21,,,58707,16:18:27,,,58736,16:18:56,29,00:00:29,doors opened
07/05/2025,12,4123,Saturday,Saturday,East,15658023,57600,16:00:00,57687,16:01:27,7,2180,Washington Ave & Homestead Ave (02180),0,0,22,,,58688,16:18:08,,,58688,16:18:08,0,00:00:00,door not opened
07/05/2025,12,4123,Saturday,Saturday,East,15658023,57600,16:00:00,57687,16:01:27,6,2182,Washington Ave & Hawthorne St (02182),0,0,22,,,58651,16:17:31,,,58651,16:17:31,0,00:00:00,door not opened
07/05/2025,12,4123,Saturday,Saturday,East,15658023,57600,16:00:00,57687,16:01:27,5,3304,Washington Ave & Clermont St (03304),0,0,22,,,58633,16:17:13,,,58633,16:17:13,0,00:00:00,door not opened
07/05/2025,12,4123,Saturday,Saturday,East,15658023,57600,16:00:00,57687,16:01:27,4,3348,Washington Ave & Brevator St (03348),0,1,22,,,58603,16:16:43,,,58614,16:16:54,11,00:00:11,doors opened
07/05/2025,12,4123,Saturday,Saturday,East,15658023,57600,16:00:00,57687,16:01:27,3,10134,Washington Ave & SUNY Exit Rd (10134),0,2,23,,,58475,16:14:35,,,58490,16:14:50,15,00:00:15,doors opened
07/05/2025,12,4123,Saturday,Saturday,East,15658023,57600,16:00:00,57687,16:01:27,1,12827,Crossgates Commons Station (12827),19,6,25,58020.0,16:07:00,58009,16:06:49,58020.0,16:07:00,58160,16:09:20,151,00:02:31,doors opened
07/05/2025,12,4123,Saturday,Saturday,East,15658023,57600,16:00:00,57687,16:01:27,0,7175,Crossgates Mall Station (07175),12,0,12,57600.0,16:00:00,57687,16:01:27,57600.0,16:00:00,57687,16:01:27,0,00:00:00,doors opened
07/05/2025,12,4123,Saturday,Saturday,East,15658023,57600,16:00:00,57687,16:01:27,24,3940,Broadway & Steuben St (03940),0,0,0,59760.0,16:36:00,59746,16:35:46,59760.0,16:36:00,59746,16:35:46,0,00:00:00,door not opened
07/05/2025,12,4123,Saturday,Saturday,East,15658023,57600,16:00:00,57687,16:01:27,23,2509,State/Downtown Station - State St & S. Pearl St (02509),0,3,0,59520.0,16:32:00,59577,16:32:57,59520.0,16:32:00,59682,16:34:42,105,00:01:45,doors opened
07/05/2025,12,4123,Saturday,Saturday,East,15658023,57600,16:00:00,57687,16:01:27,22,1787,State St & Eagle St (01787),0,0,3,,,59557,16:32:37,,,59557,16:32:37,0,00:00:00,door not opened
07/05/2025,12,4123,Saturday,Saturday,East,15658023,57600,16:00:00,57687,16:01:27,21,2706,Hawk/Capitol Station - Washington Ave & Hawk St (02706),0,0,3,,,59476,16:31:16,,,59476,16:31:16,0,00:00:00,door not opened
07/05/2025,12,4123,Saturday,Saturday,East,15658023,57600,16:00:00,57687,16:01:27,20,1789,Washington Ave & S. Swan St (01789),0,0,3,,,59461,16:31:01,,,59461,16:31:01,0,00:00:00,door not opened
07/05/2025,12,4123,Saturday,Saturday,East,15658023,57600,16:00:00,57687,16:01:27,19,1788,Washington Ave & Dove St (01788),0,0,3,,,59445,16:30:45,,,59445,16:30:45,0,00:00:00,door not opened
07/05/2025,12,4123,Saturday,Saturday,East,15658023,57600,16:00:00,57687,16:01:27,18,2663,Lark/Library Station - Washington Ave & Lark St (02663),0,0,3,59220.0,16:27:00,59427,16:30:27,59220.0,16:27:00,59427,16:30:27,0,00:00:00,door not opened
07/05/2025,12,4123,Saturday,Saturday,East,15658023,57600,16:00:00,57687,16:01:27,17,263,Washington Ave & Henry Johnson Blvd (00263),1,1,3,,,59318,16:28:38,,,59381,16:29:41,63,00:01:03,doors opened
07/05/2025,12,4123,Saturday,Saturday,East,15658023,57600,16:00:00,57687,16:01:27,16,2096,Washington Ave & Lexington Ave (02096),1,2,3,,,59192,16:26:32,,,59290,16:28:10,98,00:01:38,doors opened
07/05/2025,12,4123,Saturday,Saturday,East,15658023,57600,16:00:00,57687,16:01:27,15,3253,Washington Ave & Robin St (Draper Hall) (03253),0,2,4,,,59141,16:25:41,,,59165,16:26:05,24,00:00:24,doors opened
07/05/2025,12,4123,Saturday,Saturday,East,15658023,57600,16:00:00,57687,16:01:27,14,2109,Washington Ave & N. Lake Ave (02109),0,4,6,,,59057,16:24:17,,,59121,16:25:21,64,00:01:04,doors opened
07/05/2025,12,4123,Saturday,Saturday,East,15658023,57600,16:00:00,57687,16:01:27,13,3255,Washington Ave & Quail St (03255),0,5,10,,,58988,16:23:08,,,59032,16:23:52,44,00:00:44,doors opened
07/05/2025,12,4123,Saturday,Saturday,West,15658025,60000,16:40:00,60254,16:44:14,27,7175,Crossgates Mall Station (07175),0,15,0,62220.0,17:17:00,62343,17:19:03,62220.0,17:17:00,62343,17:19:03,0,00:00:00,doors opened
07/05/2025,12,4123,Saturday,Saturday,West,15658025,60000,16:40:00,60254,16:44:14,26,12828,Crossgates Commons Station (12828),1,8,15,61800.0,17:10:00,62088,17:14:48,61800.0,17:10:00,62114,17:15:14,26,00:00:26,doors opened
07/05/2025,12,4123,Saturday,Saturday,West,15658025,60000,16:40:00,60254,16:44:14,25,12891,1475 Washington Ave (12891),0,0,22,,,61920,17:12:00,,,61920,17:12:00,0,00:00:00,door not opened
07/05/2025,12,4123,Saturday,Saturday,West,15658025,60000,16:40:00,60254,16:44:14,24,7216,SUNY Collins Circle (07216),8,4,22,61440.0,17:04:00,61780,17:09:40,61440.0,17:04:00,61841,17:10:41,61,00:01:01,doors opened
07/05/2025,12,4123,Saturday,Saturday,West,15658025,60000,16:40:00,60254,16:44:14,23,3262,1383 Washington Ave (Fairfield Inn) (03262),0,2,18,,,61681,17:08:01,,,61710,17:08:30,29,00:00:29,doors opened
07/05/2025,12,4123,Saturday,Saturday,West,15658025,60000,16:40:00,60254,16:44:14,22,976,Washington Ave & Brevator St (00976),0,0,20,,,61583,17:06:23,,,61583,17:06:23,0,00:00:00,door not opened
07/05/2025,12,4123,Saturday,Saturday,West,15658025,60000,16:40:00,60254,16:44:14,21,1959,Washington Ave & Colvin Ave (01959),1,1,20,,,61503,17:05:03,,,61560,17:06:00,57,00:00:57,doors opened
07/05/2025,12,4123,Saturday,Saturday,West,15658025,60000,16:40:00,60254,16:44:14,20,3399,Washington Ave & Danker Ave (03399),0,0,20,,,61469,17:04:29,,,61469,17:04:29,0,00:00:00,door not opened
07/05/2025,12,4123,Saturday,Saturday,West,15658025,60000,16:40:00,60254,16:44:14,19,1849,Washington Ave & Homestead Ave (01849),0,0,20,,,61453,17:04:13,,,61453,17:04:13,0,00:00:00,door not opened
07/05/2025,12,4123,Saturday,Saturday,West,15658025,60000,16:40:00,60254,16:44:14,18,1846,Washington Ave & Manning Blvd (01846),0,0,20,,,61441,17:04:01,,,61441,17:04:01,0,00:00:00,door not opened
07/05/2025,12,4123,Saturday,Saturday,West,15658025,60000,16:40:00,60254,16:44:14,17,3287,Washington Ave & N. Allen St (03287),0,0,20,61080.0,16:58:00,61410,17:03:30,61080.0,16:58:00,61410,17:03:30,0,00:00:00,door not opened
07/05/2025,12,4123,Saturday,Saturday,West,15658025,60000,16:40:00,60254,16:44:14,16,3264,Washington Ave & N. Main Ave (03264),1,0,20,,,61346,17:02:26,,,61362,17:02:42,16,00:00:16,doors opened
07/05/2025,12,4123,Saturday,Saturday,West,15658025,60000,16:40:00,60254,16:44:14,15,1839,Washington Ave & Partridge St (01839),1,0,19,,,61273,17:01:13,,,61290,17:01:30,17,00:00:17,doors opened
07/05/2025,12,4123,Saturday,Saturday,West,15658025,60000,16:40:00,60254,16:44:14,14,1841,Washington Ave & Ontario St (01841),3,0,18,60840.0,16:54:00,61210,17:00:10,60840.0,16:54:00,61252,17:00:52,42,00:00:42,doors opened
07/05/2025,12,4123,Saturday,Saturday,West,15658025,60000,16:40:00,60254,16:44:14,13,1842,Washington Ave & Quail St (01842),7,0,15,,,61127,16:58:47,,,61190,16:59:50,63,00:01:03,doors opened
07/05/2025,12,4123,Saturday,Saturday,West,15658025,60000,16:40:00,60254,16:44:14,12,1837,Washington Ave & N. Lake Ave (01837),1,0,8,,,61089,16:58:09,,,61103,16:58:23,14,00:00:14,doors opened
07/05/2025,12,4123,Saturday,Saturday,West,15658025,60000,16:40:00,60254,16:44:14,11,1843,Washington Ave & Robin St (01843),0,2,7,,,61040,16:57:20,,,61064,16:57:44,24,00:00:24,doors opened
07/05/2025,12,4123,Saturday,Saturday,West,15658025,60000,16:40:00,60254,16:44:14,10,12943,Washington Ave & Lexington Ave (12943),0,0,9,,,61018,16:56:58,,,61018,16:56:58,0,00:00:00,door not opened
07/05/2025,12,4123,Saturday,Saturday,West,15658025,60000,16:40:00,60254,16:44:14,9,12942,Washington Ave & Henry Johnson Blvd (12942),0,1,9,,,60960,16:56:00,,,60983,16:56:23,23,00:00:23,doors opened
07/05/2025,12,4123,Saturday,Saturday,West,15658025,60000,16:40:00,60254,16:44:14,8,3239,Lark/Library Station - Washington Ave & Lark St (03239),0,0,10,60480.0,16:48:00,60876,16:54:36,60480.0,16:48:00,60876,16:54:36,0,00:00:00,door not opened
07/05/2025,12,4123,Saturday,Saturday,West,15658025,60000,16:40:00,60254,16:44:14,7,3301,Washington Ave & S. Swan St (03301),0,0,10,,,60774,16:52:54,,,60774,16:52:54,0,00:00:00,door not opened
07/05/2025,12,4123,Saturday,Saturday,West,15658025,60000,16:40:00,60254,16:44:14,6,3250,Hawk/Capitol Station - Washington Ave & Hawk St (03250),0,0,10,,,60748,16:52:28,,,60748,16:52:28,0,00:00:00,door not opened
07/05/2025,12,4123,Saturday,Saturday,West,15658025,60000,16:40:00,60254,16:44:14,5,10087,State St & Eagle St (10087),0,0,10,,,60724,16:52:04,,,60724,16:52:04,0,00:00:00,door not opened
07/05/2025,12,4123,Saturday,Saturday,West,15658025,60000,16:40:00,60254,16:44:14,4,2665,State/Downtown Station - State St & Lodge St (02665),10,2,10,60240.0,16:44:00,60512,16:48:32,60240.0,16:44:00,60621,16:50:21,109,00:01:49,doors opened
07/05/2025,12,4123,Saturday,Saturday,West,15658025,60000,16:40:00,60254,16:44:14,3,3221,State Station - N. Pearl St & Ten Eyck Plaza (03221),1,0,2,,,60440,16:47:20,,,60476,16:47:56,36,00:00:36,doors opened
07/05/2025,12,4123,Saturday,Saturday,West,15658025,60000,16:40:00,60254,16:44:14,2,3233,N. Pearl St & Sheridan Ave (03233),0,0,1,,,60356,16:45:56,,,60356,16:45:56,0,00:00:00,door not opened
07/05/2025,12,4123,Saturday,Saturday,West,15658025,60000,16:40:00,60254,16:44:14,1,2168,Clinton Square Station - N. Pearl St & Clinton Ave (02168),0,0,1,,,60294,16:44:54,,,60294,16:44:54,0,00:00:00,door not opened
07/05/2025,12,4123,Saturday,Saturday,West,15658025,60000,16:40:00,60254,16:44:14,0,9018,Broadway & Orange St (09018),1,0,1,60000.0,16:40:00,60254,16:44:14,60000.0,16:40:00,60254,16:44:14,0,00:00:00,doors opened
