opd_date,line_name,vehicle_name,day_of_week,schedule,direction,trip_id,trip_nom_dep_time,trip_nom_dep_time_hhmmss,trip_act_dep_time,trip_act_dep_time_hhmmss,pattern_idx,point_code,point_name,psngr_in,psngr_out,psngr_load,nom_arr_time,nom_arr_time_hhmmss,act_arr_time,act_arr_time_hhmmss,nom_dep_time,nom_dep_time_hhmmss,act_dep_time,act_dep_time_hhmmss,act_dwelltime,act_dwelltime_hhmmss,doors
07/12/2025,12,1906,Saturday,Saturday,East,15656297,37200,10:20:00,37608,10:26:48,16,2096,Washington Ave & Lexington Ave (02096),0,1,7,,,39239,10:53:59,,,39330,10:55:30,91,00:01:31,doors opened
07/12/2025,12,1906,Saturday,Saturday,East,15656297,37200,10:20:00,37608,10:26:48,15,3253,Washington Ave & Robin St (Draper Hall) (03253),0,0,8,,,39199,10:53:19,,,39199,10:53:19,0,00:00:00,door not opened
07/12/2025,12,1906,Saturday,Saturday,East,15656297,37200,10:20:00,37608,10:26:48,14,2109,Washington Ave & N. Lake Ave (02109),1,0,8,,,39107,10:51:47,,,39133,10:52:13,26,00:00:26,doors opened
07/12/2025,12,1906,Saturday,Saturday,East,15656297,37200,10:20:00,37608,10:26:48,13,3255,Washington Ave & Quail St (03255),0,0,7,,,39088,10:51:28,,,39088,10:51:28,0,00:00:00,door not opened
07/12/2025,12,1906,Saturday,Saturday,East,15656297,37200,10:20:00,37608,10:26:48,12,3256,Washington Ave & Ontario St (03256),0,3,7,38340.0,10:39:00,39037,10:50:37,38340.0,10:39:00,39055,10:50:55,18,00:00:18,doors opened
07/12/2025,12,1906,Saturday,Saturday,East,15656297,37200,10:20:00,37608,10:26:48,11,2107,Washington Ave & Partridge St (02107),0,1,10,,,38996,10:49:56,,,39013,10:50:13,17,00:00:17,doors opened
07/12/2025,12,1906,Saturday,Saturday,East,15656297,37200,10:20:00,37608,10:26:48,10,3257,Washington Ave & N. Main Ave (03257),0,0,11,,,38917,10:48:37,,,38939,10:48:59,22,00:00:22,doors opened
07/12/2025,12,1906,Saturday,Saturday,East,15656297,37200,10:20:00,37608,10:26:48,9,1796,Washington Ave & N. Allen St (01796),0,4,11,38220.0,10:37:00,38861,10:47:41,38220.0,10:37:00,38886,10:48:06,25,00:00:25,doors opened
07/12/2025,12,1906,Saturday,Saturday,East,15656297,37200,10:20:00,37608,10:26:48,8,11581,Washington Ave & Manning Blvd (11581),1,0,15,,,38811,10:46:51,,,38825,10:47:05,14,00:00:14,doors opened
07/12/2025,12,1906,Saturday,Saturday,East,15656297,37200,10:20:00,37608,10:26:48,7,2180,Washington Ave & Homestead Ave (02180),2,0,14,,,38742,10:45:42,,,38778,10:46:18,36,00:00:36,doors opened
07/12/2025,12,1906,Saturday,Saturday,East,15656297,37200,10:20:00,37608,10:26:48,6,2182,Washington Ave & Hawthorne St (02182),1,0,12,,,38697,10:44:57,,,38714,10:45:14,17,00:00:17,doors opened
07/12/2025,12,1906,Saturday,Saturday,East,15656297,37200,10:20:00,37608,10:26:48,5,3304,Washington Ave & Clermont St (03304),1,0,11,,,38624,10:43:44,,,38666,10:44:26,42,00:00:42,doors opened
07/12/2025,12,1906,Saturday,Saturday,East,15656297,37200,10:20:00,37608,10:26:48,4,3348,Washington Ave & Brevator St (03348),0,1,10,,,38591,10:43:11,,,38603,10:43:23,12,00:00:12,doors opened
07/12/2025,12,1906,Saturday,Saturday,East,15656297,37200,10:20:00,37608,10:26:48,24,3940,Broadway & Steuben St (03940),0,0,0,39180.0,10:53:00,39718,11:01:58,39180.0,10:53:00,39718,11:01:58,0,00:00:00,door not opened
07/12/2025,12,1906,Saturday,Saturday,East,15656297,37200,10:20:00,37608,10:26:48,23,2509,State/Downtown Station - State St & S. Pearl St (02509),0,3,0,38940.0,10:49:00,39601,11:00:01,38940.0,10:49:00,39628,11:00:28,27,00:00:27,doors opened
07/12/2025,12,1906,Saturday,Saturday,East,15656297,37200,10:20:00,37608,10:26:48,22,1787,State St & Eagle St (01787),0,0,3,,,39586,10:59:46,,,39586,10:59:46,0,00:00:00,door not opened
07/12/2025,12,1906,Saturday,Saturday,East,15656297,37200,10:20:00,37608,10:26:48,21,2706,Hawk/Capitol Station - Washington Ave & Hawk St (02706),0,0,3,,,39521,10:58:41,,,39521,10:58:41,0,00:00:00,door not opened
07/12/2025,12,1906,Saturday,Saturday,East,15656297,37200,10:20:00,37608,10:26:48,20,1789,Washington Ave & S. Swan St (01789),0,0,3,,,39501,10:58:21,,,39501,10:58:21,0,00:00:00,door not opened
07/12/2025,12,1906,Saturday,Saturday,East,15656297,37200,10:20:00,37608,10:26:48,19,1788,Washington Ave & Dove St (01788),0,1,3,,,39430,10:57:10,,,39464,10:57:44,34,00:00:34,doors opened
07/12/2025,12,1906,Saturday,Saturday,East,15656297,37200,10:20:00,37608,10:26:48,18,2663,Lark/Library Station - Washington Ave & Lark St (02663),0,0,4,38700.0,10:45:00,39410,10:56:50,38700.0,10:45:00,39410,10:56:50,0,00:00:00,door not opened
07/12/2025,12,1906,Saturday,Saturday,East,15656297,37200,10:20:00,37608,10:26:48,17,263,Washington Ave & Henry Johnson Blvd (00263),0,3,4,,,39358,10:55:58,,,39375,10:56:15,17,00:00:17,doors opened
07/12/2025,12,1906,Saturday,Saturday,East,15656297,37200,10:20:00,37608,10:26:48,3,10134,Washington Ave & SUNY Exit Rd (10134),4,2,11,,,38436,10:40:36,,,38471,10:41:11,35,00:00:35,doors opened
07/12/2025,12,1906,Saturday,Saturday,East,15656297,37200,10:20:00,37608,10:26:48,2,7216,SUNY Collins Circle (07216),0,1,9,37800.0,10:30:00,38322,10:38:42,37800.0,10:30:00,38335,10:38:55,13,00:00:13,doors opened
07/12/2025,12,1906,Saturday,Saturday,East,15656297,37200,10:20:00,37608,10:26:48,1,12827,Crossgates Commons Station (12827),7,1,10,37560.0,10:26:00,37912,10:31:52,37560.0,10:26:00,38028,10:33:48,116,00:01:56,doors opened
07/12/2025,12,1906,Saturday,Saturday,East,15656297,37200,10:20:00,37608,10:26:48,0,7175,Crossgates Mall Station (07175),4,0,4,37200.0,10:20:00,37608,10:26:48,37200.0,10:20:00,37608,10:26:48,0,00:00:00,doors opened
07/12/2025,12,1906,Saturday,Saturday,West,15656299,39600,11:00:00,40159,11:09:19,15,1839,Washington Ave & Partridge St (01839),0,0,26,,,41208,11:26:48,,,41208,11:26:48,0,00:00:00,door not opened
07/12/2025,12,1906,Saturday,Saturday,West,15656299,39600,11:00:00,40159,11:09:19,14,1841,Washington Ave & Ontario St (01841),1,0,26,40440.0,11:14:00,41143,11:25:43,40440.0,11:14:00,41185,11:26:25,42,00:00:42,doors opened
07/12/2025,12,1906,Saturday,Saturday,West,15656299,39600,11:00:00,40159,11:09:19,13,1842,Washington Ave & Quail St (01842),4,0,25,,,41082,11:24:42,,,41119,11:25:19,37,00:00:37,doors opened
07/12/2025,12,1906,Saturday,Saturday,West,15656299,39600,11:00:00,40159,11:09:19,12,1837,Washington Ave & N. Lake Ave (01837),1,0,21,,,41006,11:23:26,,,41049,11:24:09,43,00:00:43,doors opened
07/12/2025,12,1906,Saturday,Saturday,West,15656299,39600,11:00:00,40159,11:09:19,11,1843,Washington Ave & Robin St (01843),1,0,20,,,40955,11:22:35,,,40980,11:23:00,25,00:00:25,doors opened
07/12/2025,12,1906,Saturday,Saturday,West,15656299,39600,11:00:00,40159,11:09:19,10,12943,Washington Ave & Lexington Ave (12943),1,0,19,,,40898,11:21:38,,,40926,11:22:06,28,00:00:28,doors opened
07/12/2025,12,1906,Saturday,Saturday,West,15656299,39600,11:00:00,40159,11:09:19,9,12942,Washington Ave & Henry Johnson Blvd (12942),4,2,18,,,40810,11:20:10,,,40836,11:20:36,26,00:00:26,doors opened
07/12/2025,12,1906,Saturday,Saturday,West,15656299,39600,11:00:00,40159,11:09:19,8,3239,Lark/Library Station - Washington Ave & Lark St (03239),3,0,16,40080.0,11:08:00,40726,11:18:46,40080.0,11:08:00,40763,11:19:23,37,00:00:37,doors opened
07/12/2025,12,1906,Saturday,Saturday,West,15656299,39600,11:00:00,40159,11:09:19,7,3301,Washington Ave & S. Swan St (03301),2,0,13,,,40671,11:17:51,,,40691,11:18:11,20,00:00:20,doors opened
07/12/2025,12,1906,Saturday,Saturday,West,15656299,39600,11:00:00,40159,11:09:19,6,3250,Hawk/Capitol Station - Washington Ave & Hawk St (03250),0,0,11,,,40648,11:17:28,,,40648,11:17:28,0,00:00:00,door not opened
07/12/2025,12,1906,Saturday,Saturday,West,15656299,39600,11:00:00,40159,11:09:19,5,10087,State St & Eagle St (10087),0,0,11,,,40618,11:16:58,,,40618,11:16:58,0,00:00:00,door not opened
07/12/2025,12,1906,Saturday,Saturday,West,15656299,39600,11:00:00,40159,11:09:19,4,2665,State/Downtown Station - State St & Lodge St (02665),4,0,11,39840.0,11:04:00,40375,11:12:55,39840.0,11:04:00,40535,11:15:35,160,00:02:40,doors opened
07/12/2025,12,1906,Saturday,Saturday,West,15656299,39600,11:00:00,40159,11:09:19,3,3221,State Station - N. Pearl St & Ten Eyck Plaza (03221),3,0,7,,,40307,11:11:47,,,40344,11:12:24,37,00:00:37,doors opened
07/12/2025,12,1906,Saturday,Saturday,West,15656299,39600,11:00:00,40159,11:09:19,27,7175,Crossgates Mall Station (07175),0,16,0,41820.0,11:37:00,42369,11:46:09,41820.0,11:37:00,42369,11:46:09,0,00:00:00,doors opened
07/12/2025,12,1906,Saturday,Saturday,West,15656299,39600,11:00:00,40159,11:09:19,26,12828,Crossgates Commons Station (12828),0,14,16,41400.0,11:30:00,42121,11:42:01,41400.0,11:30:00,42147,11:42:27,26,00:00:26,doors opened
07/12/2025,12,1906,Saturday,Saturday,West,15656299,39600,11:00:00,40159,11:09:19,25,12891,1475 Washington Ave (12891),0,0,30,,,41930,11:38:50,,,41930,11:38:50,0,00:00:00,door not opened
07/12/2025,12,1906,Saturday,Saturday,West,15656299,39600,11:00:00,40159,11:09:19,24,7216,SUNY Collins Circle (07216),0,1,30,41040.0,11:24:00,41802,11:36:42,41040.0,11:24:00,41818,11:36:58,16,00:00:16,doors opened
07/12/2025,12,1906,Saturday,Saturday,West,15656299,39600,11:00:00,40159,11:09:19,23,3262,1383 Washington Ave (Fairfield Inn) (03262),0,1,31,,,41671,11:34:31,,,41701,11:35:01,30,00:00:30,doors opened
07/12/2025,12,1906,Saturday,Saturday,West,15656299,39600,11:00:00,40159,11:09:19,22,976,Washington Ave & Brevator St (00976),4,1,32,,,41508,11:31:48,,,41541,11:32:21,33,00:00:33,doors opened
07/12/2025,12,1906,Saturday,Saturday,West,15656299,39600,11:00:00,40159,11:09:19,21,1959,Washington Ave & Colvin Ave (01959),0,1,29,,,41463,11:31:03,,,41477,11:31:17,14,00:00:14,doors opened
07/12/2025,12,1906,Saturday,Saturday,West,15656299,39600,11:00:00,40159,11:09:19,20,3399,Washington Ave & Danker Ave (03399),0,0,30,,,41439,11:30:39,,,41439,11:30:39,0,00:00:00,door not opened
07/12/2025,12,1906,Saturday,Saturday,West,15656299,39600,11:00:00,40159,11:09:19,19,1849,Washington Ave & Homestead Ave (01849),0,0,30,,,41423,11:30:23,,,41423,11:30:23,0,00:00:00,door not opened
07/12/2025,12,1906,Saturday,Saturday,West,15656299,39600,11:00:00,40159,11:09:19,18,1846,Washington Ave & Manning Blvd (01846),0,0,30,,,41400,11:30:00,,,41400,11:30:00,0,00:00:00,door not opened
07/12/2025,12,1906,Saturday,Saturday,West,15656299,39600,11:00:00,40159,11:09:19,17,3287,Washington Ave & N. Allen St (03287),3,1,30,40680.0,11:18:00,41310,11:28:30,40680.0,11:18:00,41337,11:28:57,27,00:00:27,doors opened
07/12/2025,12,1906,Saturday,Saturday,West,15656299,39600,11:00:00,40159,11:09:19,16,3264,Washington Ave & N. Main Ave (03264),2,0,28,,,41257,11:27:37,,,41277,11:27:57,20,00:00:20,doors opened
07/12/2025,12,1906,Saturday,Saturday,West,15656299,39600,11:00:00,40159,11:09:19,2,3233,N. Pearl St & Sheridan Ave (03233),2,0,4,,,40241,11:10:41,,,40269,11:11:09,28,00:00:28,doors opened
07/12/2025,12,1906,Saturday,Saturday,West,15656299,39600,11:00:00,40159,11:09:19,1,2168,Clinton Square Station - N. Pearl St & Clinton Ave (02168),0,0,2,,,40230,11:10:30,,,40230,11:10:30,0,00:00:00,door not opened
07/12/2025,12,1906,Saturday,Saturday,West,15656299,39600,11:00:00,40159,11:09:19,0,9018,Broadway & Orange St (09018),2,0,2,39600.0,11:00:00,40159,11:09:19,39600.0,11:00:00,40159,11:09:19,0,00:00:00,doors opened
07/12/2025,12,1906,Saturday,Saturday,East,15656302,46800,13:00:00,46887,13:01:27,3,10134,Washington Ave & SUNY Exit Rd (10134),0,0,18,,,47770,13:16:10,,,47770,13:16:10,0,00:00:00,door not opened
07/12/2025,12,1906,Saturday,Saturday,East,15656302,46800,13:00:00,46887,13:01:27,2,7216,SUNY Collins Circle (07216),0,0,18,47520.0,13:12:00,47683,13:14:43,47520.0,13:12:00,47683,13:14:43,0,00:00:00,door not opened
07/12/2025,12,1906,Saturday,Saturday,East,15656302,46800,13:00:00,46887,13:01:27,24,3940,Broadway & Steuben St (03940),0,0,0,48960.0,13:36:00,48996,13:36:36,48960.0,13:36:00,48996,13:36:36,0,00:00:00,door not opened
07/12/2025,12,1906,Saturday,Saturday,East,15656302,46800,13:00:00,46887,13:01:27,23,2509,State/Downtown Station - State St & S. Pearl St (02509),0,2,0,48720.0,13:32:00,48866,13:34:26,48720.0,13:32:00,48941,13:35:41,75,00:01:15,doors opened
07/12/2025,12,1906,Saturday,Saturday,East,15656302,46800,13:00:00,46887,13:01:27,22,1787,State St & Eagle St (01787),0,0,2,,,48851,13:34:11,,,48851,13:34:11,0,00:00:00,door not opened
07/12/2025,12,1906,Saturday,Saturday,East,15656302,46800,13:00:00,46887,13:01:27,21,2706,Hawk/Capitol Station - Washington Ave & Hawk St (02706),0,2,2,,,48778,13:32:58,,,48797,13:33:17,19,00:00:19,doors opened
07/12/2025,12,1906,Saturday,Saturday,East,15656302,46800,13:00:00,46887,13:01:27,20,1789,Washington Ave & S. Swan St (01789),0,4,4,,,48732,13:32:12,,,48756,13:32:36,24,00:00:24,doors opened
07/12/2025,12,1906,Saturday,Saturday,East,15656302,46800,13:00:00,46887,13:01:27,19,1788,Washington Ave & Dove St (01788),0,1,8,,,48669,13:31:09,,,48702,13:31:42,33,00:00:33,doors opened
07/12/2025,12,1906,Saturday,Saturday,East,15656302,46800,13:00:00,46887,13:01:27,18,2663,Lark/Library Station - Washington Ave & Lark St (02663),0,0,9,48420.0,13:27:00,48645,13:30:45,48420.0,13:27:00,48645,13:30:45,0,00:00:00,door not opened
07/12/2025,12,1906,Saturday,Saturday,East,15656302,46800,13:00:00,46887,13:01:27,17,263,Washington Ave & Henry Johnson Blvd (00263),0,6,9,,,48569,13:29:29,,,48615,13:30:15,46,00:00:46,doors opened
07/12/2025,12,1906,Saturday,Saturday,East,15656302,46800,13:00:00,46887,13:01:27,1,12827,Crossgates Commons Station (12827),12,0,18,47220.0,13:07:00,47225,13:07:05,47220.0,13:07:00,47388,13:09:48,163,00:02:43,doors opened
07/12/2025,12,1906,Saturday,Saturday,East,15656302,46800,13:00:00,46887,13:01:27,0,7175,Crossgates Mall Station (07175),6,0,6,46800.0,13:00:00,46887,13:01:27,46800.0,13:00:00,46887,13:01:27,0,00:00:00,doors opened
07/12/2025,12,1906,Saturday,Saturday,East,15656302,46800,13:00:00,46887,13:01:27,16,2096,Washington Ave & Lexington Ave (02096),0,1,15,,,48441,13:27:21,,,48540,13:29:00,99,00:01:39,doors opened
07/12/2025,12,1906,Saturday,Saturday,East,15656302,46800,13:00:00,46887,13:01:27,15,3253,Washington Ave & Robin St (Draper Hall) (03253),0,2,16,,,48397,13:26:37,,,48423,13:27:03,26,00:00:26,doors opened
07/12/2025,12,1906,Saturday,Saturday,East,15656302,46800,13:00:00,46887,13:01:27,14,2109,Washington Ave & N. Lake Ave (02109),1,0,18,,,48354,13:25:54,,,48375,13:26:15,21,00:00:21,doors opened
07/12/2025,12,1906,Saturday,Saturday,East,15656302,46800,13:00:00,46887,13:01:27,13,3255,Washington Ave & Quail St (03255),0,1,17,,,48286,13:24:46,,,48324,13:25:24,38,00:00:38,doors opened
07/12/2025,12,1906,Saturday,Saturday,East,15656302,46800,13:00:00,46887,13:01:27,12,3256,Washington Ave & Ontario St (03256),0,0,18,48060.0,13:21:00,48265,13:24:25,48060.0,13:21:00,48265,13:24:25,0,00:00:00,door not opened
07/12/2025,12,1906,Saturday,Saturday,East,15656302,46800,13:00:00,46887,13:01:27,11,2107,Washington Ave & Partridge St (02107),0,1,18,,,48201,13:23:21,,,48226,13:23:46,25,00:00:25,doors opened
07/12/2025,12,1906,Saturday,Saturday,East,15656302,46800,13:00:00,46887,13:01:27,10,3257,Washington Ave & N. Main Ave (03257),3,0,19,,,48089,13:21:29,,,48115,13:21:55,26,00:00:26,doors opened
07/12/2025,12,1906,Saturday,Saturday,East,15656302,46800,13:00:00,46887,13:01:27,9,1796,Washington Ave & N. Allen St (01796),1,1,16,47940.0,13:19:00,48037,13:20:37,47940.0,13:19:00,48057,13:20:57,20,00:00:20,doors opened
07/12/2025,12,1906,Saturday,Saturday,East,15656302,46800,13:00:00,46887,13:01:27,8,11581,Washington Ave & Manning Blvd (11581),0,0,16,,,48006,13:20:06,,,48006,13:20:06,0,00:00:00,door not opened
07/12/2025,12,1906,Saturday,Saturday,East,15656302,46800,13:00:00,46887,13:01:27,7,2180,Washington Ave & Homestead Ave (02180),0,0,16,,,47983,13:19:43,,,47983,13:19:43,0,00:00:00,door not opened
07/12/2025,12,1906,Saturday,Saturday,East,15656302,46800,13:00:00,46887,13:01:27,6,2182,Washington Ave & Hawthorne St (02182),0,3,16,,,47940,13:19:00,,,47958,13:19:18,18,00:00:18,doors opened
07/12/2025,12,1906,Saturday,Saturday,East,15656302,46800,13:00:00,46887,13:01:27,5,3304,Washington Ave & Clermont St (03304),1,0,19,,,47896,13:18:16,,,47910,13:18:30,14,00:00:14,doors opened
07/12/2025,12,1906,Saturday,Saturday,East,15656302,46800,13:00:00,46887,13:01:27,4,3348,Washington Ave & Brevator St (03348),0,0,18,,,47884,13:18:04,,,47884,13:18:04,0,00:00:00,door not opened
07/12/2025,12,1906,Saturday,Saturday,West,15656409,49200,13:40:00,49664,13:47:44,13,1842,Washington Ave & Quail St (01842),10,1,28,,,50622,14:03:42,,,50674,14:04:34,52,00:00:52,doors opened
07/12/2025,12,1906,Saturday,Saturday,West,15656409,49200,13:40:00,49664,13:47:44,12,1837,Washington Ave & N. Lake Ave (01837),1,0,19,,,50553,14:02:33,,,50593,14:03:13,40,00:00:40,doors opened
07/12/2025,12,1906,Saturday,Saturday,West,15656409,49200,13:40:00,49664,13:47:44,11,1843,Washington Ave & Robin St (01843),1,0,18,,,50517,14:01:57,,,50527,14:02:07,10,00:00:10,doors opened
07/12/2025,12,1906,Saturday,Saturday,West,15656409,49200,13:40:00,49664,13:47:44,10,12943,Washington Ave & Lexington Ave (12943),0,0,17,,,50465,14:01:05,,,50465,14:01:05,0,00:00:00,door not opened
07/12/2025,12,1906,Saturday,Saturday,West,15656409,49200,13:40:00,49664,13:47:44,9,12942,Washington Ave & Henry Johnson Blvd (12942),0,0,17,,,50435,14:00:35,,,50435,14:00:35,0,00:00:00,door not opened
07/12/2025,12,1906,Saturday,Saturday,West,15656409,49200,13:40:00,49664,13:47:44,8,3239,Lark/Library Station - Washington Ave & Lark St (03239),6,0,17,49680.0,13:48:00,50301,13:58:21,49680.0,13:48:00,50398,13:59:58,97,00:01:37,doors opened
07/12/2025,12,1906,Saturday,Saturday,West,15656409,49200,13:40:00,49664,13:47:44,7,3301,Washington Ave & S. Swan St (03301),3,2,11,,,50195,13:56:35,,,50259,13:57:39,64,00:01:04,doors opened
07/12/2025,12,1906,Saturday,Saturday,West,15656409,49200,13:40:00,49664,13:47:44,6,3250,Hawk/Capitol Station - Washington Ave & Hawk St (03250),0,0,10,,,50173,13:56:13,,,50173,13:56:13,0,00:00:00,door not opened
07/12/2025,12,1906,Saturday,Saturday,West,15656409,49200,13:40:00,49664,13:47:44,5,10087,State St & Eagle St (10087),0,0,10,,,50137,13:55:37,,,50137,13:55:37,0,00:00:00,door not opened
07/12/2025,12,1906,Saturday,Saturday,West,15656409,49200,13:40:00,49664,13:47:44,4,2665,State/Downtown Station - State St & Lodge St (02665),7,0,10,49440.0,13:44:00,49964,13:52:44,49440.0,13:44:00,50010,13:53:30,46,00:00:46,doors opened
07/12/2025,12,1906,Saturday,Saturday,West,15656409,49200,13:40:00,49664,13:47:44,3,3221,State Station - N. Pearl St & Ten Eyck Plaza (03221),2,0,3,,,49810,13:50:10,,,49934,13:52:14,124,00:02:04,doors opened
07/12/2025,12,1906,Saturday,Saturday,West,15656409,49200,13:40:00,49664,13:47:44,2,3233,N. Pearl St & Sheridan Ave (03233),0,0,1,,,49771,13:49:31,,,49771,13:49:31,0,00:00:00,door not opened
07/12/2025,12,1906,Saturday,Saturday,West,15656409,49200,13:40:00,49664,13:47:44,1,2168,Clinton Square Station - N. Pearl St & Clinton Ave (02168),0,0,1,,,49753,13:49:13,,,49753,13:49:13,0,00:00:00,door not opened
07/12/2025,12,1906,Saturday,Saturday,West,15656409,49200,13:40:00,49664,13:47:44,27,7175,Crossgates Mall Station (07175),0,23,0,51420.0,14:17:00,52217,14:30:17,51420.0,14:17:00,52217,14:30:17,0,00:00:00,doors opened
07/12/2025,12,1906,Saturday,Saturday,West,15656409,49200,13:40:00,49664,13:47:44,0,9018,Broadway & Orange St (09018),1,0,1,49200.0,13:40:00,49664,13:47:44,49200.0,13:40:00,49664,13:47:44,0,00:00:00,doors opened
07/12/2025,12,1906,Saturday,Saturday,West,15656409,49200,13:40:00,49664,13:47:44,26,12828,Crossgates Commons Station (12828),1,52,23,51000.0,14:10:00,51962,14:26:02,51000.0,14:10:00,52012,14:26:52,50,00:00:50,doors opened
07/12/2025,12,1906,Saturday,Saturday,West,15656409,49200,13:40:00,49664,13:47:44,25,12891,1475 Washington Ave (12891),0,0,74,,,51799,14:23:19,,,51799,14:23:19,0,00:00:00,door not opened
07/12/2025,12,1906,Saturday,Saturday,West,15656409,49200,13:40:00,49664,13:47:44,24,7216,SUNY Collins Circle (07216),45,2,74,50640.0,14:04:00,51515,14:18:35,50640.0,14:04:00,51640,14:20:40,125,00:02:05,doors opened
07/12/2025,12,1906,Saturday,Saturday,West,15656409,49200,13:40:00,49664,13:47:44,23,3262,1383 Washington Ave (Fairfield Inn) (03262),2,0,31,,,51364,14:16:04,,,51397,14:16:37,33,00:00:33,doors opened
07/12/2025,12,1906,Saturday,Saturday,West,15656409,49200,13:40:00,49664,13:47:44,22,976,Washington Ave & Brevator St (00976),0,0,29,,,51242,14:14:02,,,51242,14:14:02,0,00:00:00,door not opened
07/12/2025,12,1906,Saturday,Saturday,West,15656409,49200,13:40:00,49664,13:47:44,21,1959,Washington Ave & Colvin Ave (01959),2,0,29,,,51203,14:13:23,,,51219,14:13:39,16,00:00:16,doors opened
07/12/2025,12,1906,Saturday,Saturday,West,15656409,49200,13:40:00,49664,13:47:44,20,3399,Washington Ave & Danker Ave (03399),0,0,27,,,51181,14:13:01,,,51181,14:13:01,0,00:00:00,door not opened
07/12/2025,12,1906,Saturday,Saturday,West,15656409,49200,13:40:00,49664,13:47:44,19,1849,Washington Ave & Homestead Ave (01849),1,1,27,,,51140,14:12:20,,,51158,14:12:38,18,00:00:18,doors opened
07/12/2025,12,1906,Saturday,Saturday,West,15656409,49200,13:40:00,49664,13:47:44,18,1846,Washington Ave & Manning Blvd (01846),1,1,27,,,51057,14:10:57,,,51116,14:11:56,59,00:00:59,doors opened
07/12/2025,12,1906,Saturday,Saturday,West,15656409,49200,13:40:00,49664,13:47:44,17,3287,Washington Ave & N. Allen St (03287),2,3,27,50280.0,13:58:00,50971,14:09:31,50280.0,13:58:00,51026,14:10:26,55,00:00:55,doors opened
07/12/2025,12,1906,Saturday,Saturday,West,15656409,49200,13:40:00,49664,13:47:44,16,3264,Washington Ave & N. Main Ave (03264),1,1,28,,,50814,14:06:54,,,50935,14:08:55,121,00:02:01,doors opened
07/12/2025,12,1906,Saturday,Saturday,West,15656409,49200,13:40:00,49664,13:47:44,15,1839,Washington Ave & Partridge St (01839),0,1,28,,,50753,14:05:53,,,50767,14:06:07,14,00:00:14,doors opened
07/12/2025,12,1906,Saturday,Saturday,West,15656409,49200,13:40:00,49664,13:47:44,14,1841,Washington Ave & Ontario St (01841),4,3,29,50040.0,13:54:00,50698,14:04:58,50040.0,13:54:00,50730,14:05:30,32,00:00:32,doors opened
07/12/2025,12,4196,Saturday,Saturday,West,15656153,37200,10:20:00,37307,10:21:47,4,2665,State/Downtown Station - State St & Lodge St (02665),0,0,2,37440.0,10:24:00,37533,10:25:33,37440.0,10:24:00,37533,10:25:33,0,00:00:00,door not opened
07/12/2025,12,4196,Saturday,Saturday,West,15656153,37200,10:20:00,37307,10:21:47,3,3221,State Station - N. Pearl St & Ten Eyck Plaza (03221),1,0,2,,,37436,10:23:56,,,37503,10:25:03,67,00:01:07,doors opened
07/12/2025,12,4196,Saturday,Saturday,West,15656153,37200,10:20:00,37307,10:21:47,2,3233,N. Pearl St & Sheridan Ave (03233),0,0,1,,,37399,10:23:19,,,37399,10:23:19,0,00:00:00,door not opened
07/12/2025,12,4196,Saturday,Saturday,West,15656153,37200,10:20:00,37307,10:21:47,1,2168,Clinton Square Station - N. Pearl St & Clinton Ave (02168),0,0,1,,,37389,10:23:09,,,37389,10:23:09,0,00:00:00,door not opened
07/12/2025,12,4196,Saturday,Saturday,West,15656153,37200,10:20:00,37307,10:21:47,0,9018,Broadway & Orange St (09018),0,0,1,37200.0,10:20:00,37307,10:21:47,37200.0,10:20:00,37307,10:21:47,0,00:00:00,door not opened
07/12/2025,12,4196,Saturday,Saturday,West,15656153,37200,10:20:00,37307,10:21:47,27,7175,Crossgates Mall Station (07175),0,11,0,39420.0,10:57:00,39316,10:55:16,39420.0,10:57:00,39316,10:55:16,0,00:00:00,doors opened
07/12/2025,12,4196,Saturday,Saturday,West,15656153,37200,10:20:00,37307,10:21:47,26,12828,Crossgates Commons Station (12828),0,8,11,39000.0,10:50:00,39040,10:50:40,39000.0,10:50:00,39064,10:51:04,24,00:00:24,doors opened
07/12/2025,12,4196,Saturday,Saturday,West,15656153,37200,10:20:00,37307,10:21:47,25,12891,1475 Washington Ave (12891),1,0,19,,,38875,10:47:55,,,38885,10:48:05,10,00:00:10,doors opened
07/12/2025,12,4196,Saturday,Saturday,West,15656153,37200,10:20:00,37307,10:21:47,24,7216,SUNY Collins Circle (07216),0,8,18,38640.0,10:44:00,38735,10:45:35,38640.0,10:44:00,38757,10:45:57,22,00:00:22,doors opened
07/12/2025,12,4196,Saturday,Saturday,West,15656153,37200,10:20:00,37307,10:21:47,23,3262,1383 Washington Ave (Fairfield Inn) (03262),1,1,26,,,38619,10:43:39,,,38648,10:44:08,29,00:00:29,doors opened
07/12/2025,12,4196,Saturday,Saturday,West,15656153,37200,10:20:00,37307,10:21:47,22,976,Washington Ave & Brevator St (00976),0,0,26,,,38504,10:41:44,,,38504,10:41:44,0,00:00:00,door not opened
07/12/2025,12,4196,Saturday,Saturday,West,15656153,37200,10:20:00,37307,10:21:47,21,1959,Washington Ave & Colvin Ave (01959),1,0,26,,,38462,10:41:02,,,38480,10:41:20,18,00:00:18,doors opened
07/12/2025,12,4196,Saturday,Saturday,West,15656153,37200,10:20:00,37307,10:21:47,20,3399,Washington Ave & Danker Ave (03399),0,0,25,,,38443,10:40:43,,,38443,10:40:43,0,00:00:00,door not opened
07/12/2025,12,4196,Saturday,Saturday,West,15656153,37200,10:20:00,37307,10:21:47,19,1849,Washington Ave & Homestead Ave (01849),0,0,25,,,38426,10:40:26,,,38426,10:40:26,0,00:00:00,door not opened
07/12/2025,12,4196,Saturday,Saturday,West,15656153,37200,10:20:00,37307,10:21:47,18,1846,Washington Ave & Manning Blvd (01846),0,0,25,,,38395,10:39:55,,,38395,10:39:55,0,00:00:00,door not opened
07/12/2025,12,4196,Saturday,Saturday,West,15656153,37200,10:20:00,37307,10:21:47,17,3287,Washington Ave & N. Allen St (03287),4,1,25,38280.0,10:38:00,38302,10:38:22,38280.0,10:38:00,38337,10:38:57,35,00:00:35,doors opened
07/12/2025,12,4196,Saturday,Saturday,West,15656153,37200,10:20:00,37307,10:21:47,16,3264,Washington Ave & N. Main Ave (03264),7,0,22,,,38242,10:37:22,,,38270,10:37:50,28,00:00:28,doors opened
07/12/2025,12,4196,Saturday,Saturday,West,15656153,37200,10:20:00,37307,10:21:47,15,1839,Washington Ave & Partridge St (01839),2,0,15,,,38147,10:35:47,,,38198,10:36:38,51,00:00:51,doors opened
07/12/2025,12,4196,Saturday,Saturday,West,15656153,37200,10:20:00,37307,10:21:47,14,1841,Washington Ave & Ontario St (01841),1,0,13,38040.0,10:34:00,38078,10:34:38,38040.0,10:34:00,38123,10:35:23,45,00:00:45,doors opened
07/12/2025,12,4196,Saturday,Saturday,West,15656153,37200,10:20:00,37307,10:21:47,13,1842,Washington Ave & Quail St (01842),2,0,12,,,38030,10:33:50,,,38055,10:34:15,25,00:00:25,doors opened
07/12/2025,12,4196,Saturday,Saturday,West,15656153,37200,10:20:00,37307,10:21:47,12,1837,Washington Ave & N. Lake Ave (01837),1,0,10,,,37990,10:33:10,,,38002,10:33:22,12,00:00:12,doors opened
07/12/2025,12,4196,Saturday,Saturday,West,15656153,37200,10:20:00,37307,10:21:47,11,1843,Washington Ave & Robin St (01843),2,0,9,,,37949,10:32:29,,,37966,10:32:46,17,00:00:17,doors opened
07/12/2025,12,4196,Saturday,Saturday,West,15656153,37200,10:20:00,37307,10:21:47,10,12943,Washington Ave & Lexington Ave (12943),1,0,7,,,37894,10:31:34,,,37921,10:32:01,27,00:00:27,doors opened
07/12/2025,12,4196,Saturday,Saturday,West,15656153,37200,10:20:00,37307,10:21:47,9,12942,Washington Ave & Henry Johnson Blvd (12942),2,0,6,,,37837,10:30:37,,,37851,10:30:51,14,00:00:14,doors opened
07/12/2025,12,4196,Saturday,Saturday,West,15656153,37200,10:20:00,37307,10:21:47,8,3239,Lark/Library Station - Washington Ave & Lark St (03239),1,0,4,37680.0,10:28:00,37755,10:29:15,37680.0,10:28:00,37777,10:29:37,22,00:00:22,doors opened
07/12/2025,12,4196,Saturday,Saturday,West,15656153,37200,10:20:00,37307,10:21:47,7,3301,Washington Ave & S. Swan St (03301),1,0,3,,,37687,10:28:07,,,37703,10:28:23,16,00:00:16,doors opened
07/12/2025,12,4196,Saturday,Saturday,West,15656153,37200,10:20:00,37307,10:21:47,6,3250,Hawk/Capitol Station - Washington Ave & Hawk St (03250),0,0,2,,,37661,10:27:41,,,37661,10:27:41,0,00:00:00,door not opened
07/12/2025,12,4196,Saturday,Saturday,West,15656153,37200,10:20:00,37307,10:21:47,5,10087,State St & Eagle St (10087),0,0,2,,,37628,10:27:08,,,37628,10:27:08,0,00:00:00,door not opened
07/12/2025,12,4196,Saturday,Saturday,East,15656156,44400,12:20:00,44375,12:19:35,13,3255,Washington Ave & Quail St (03255),1,0,4,,,45543,12:39:03,,,45567,12:39:27,24,00:00:24,doors opened
07/12/2025,12,4196,Saturday,Saturday,East,15656156,44400,12:20:00,44375,12:19:35,12,3256,Washington Ave & Ontario St (03256),0,1,3,45660.0,12:41:00,45509,12:38:29,45660.0,12:41:00,45521,12:38:41,12,00:00:12,doors opened
07/12/2025,12,4196,Saturday,Saturday,East,15656156,44400,12:20:00,44375,12:19:35,11,2107,Washington Ave & Partridge St (02107),0,0,4,,,45486,12:38:06,,,45486,12:38:06,0,00:00:00,door not opened
07/12/2025,12,4196,Saturday,Saturday,East,15656156,44400,12:20:00,44375,12:19:35,10,3257,Washington Ave & N. Main Ave (03257),0,2,4,,,45382,12:36:22,,,45417,12:36:57,35,00:00:35,doors opened
07/12/2025,12,4196,Saturday,Saturday,East,15656156,44400,12:20:00,44375,12:19:35,9,1796,Washington Ave & N. Allen St (01796),0,0,6,45540.0,12:39:00,45349,12:35:49,45540.0,12:39:00,45349,12:35:49,0,00:00:00,door not opened
07/12/2025,12,4196,Saturday,Saturday,East,15656156,44400,12:20:00,44375,12:19:35,8,11581,Washington Ave & Manning Blvd (11581),0,0,6,,,45310,12:35:10,,,45310,12:35:10,0,00:00:00,door not opened
07/12/2025,12,4196,Saturday,Saturday,East,15656156,44400,12:20:00,44375,12:19:35,7,2180,Washington Ave & Homestead Ave (02180),0,0,6,,,45282,12:34:42,,,45282,12:34:42,0,00:00:00,door not opened
07/12/2025,12,4196,Saturday,Saturday,East,15656156,44400,12:20:00,44375,12:19:35,6,2182,Washington Ave & Hawthorne St (02182),0,0,6,,,45229,12:33:49,,,45229,12:33:49,0,00:00:00,door not opened
07/12/2025,12,4196,Saturday,Saturday,East,15656156,44400,12:20:00,44375,12:19:35,5,3304,Washington Ave & Clermont St (03304),0,0,6,,,45212,12:33:32,,,45212,12:33:32,0,00:00:00,door not opened
07/12/2025,12,4196,Saturday,Saturday,East,15656156,44400,12:20:00,44375,12:19:35,4,3348,Washington Ave & Brevator St (03348),0,0,6,,,45183,12:33:03,,,45183,12:33:03,0,00:00:00,door not opened
07/12/2025,12,4196,Saturday,Saturday,East,15656156,44400,12:20:00,44375,12:19:35,3,10134,Washington Ave & SUNY Exit Rd (10134),0,0,6,,,45059,12:30:59,,,45059,12:30:59,0,00:00:00,door not opened
07/12/2025,12,4196,Saturday,Saturday,East,15656156,44400,12:20:00,44375,12:19:35,2,7216,SUNY Collins Circle (07216),1,0,6,45120.0,12:32:00,44875,12:27:55,45120.0,12:32:00,44916,12:28:36,41,00:00:41,doors opened
07/12/2025,12,4196,Saturday,Saturday,East,15656156,44400,12:20:00,44375,12:19:35,1,12827,Crossgates Commons Station (12827),5,3,5,44820.0,12:27:00,44527,12:22:07,44820.0,12:27:00,44571,12:22:51,44,00:00:44,doors opened
07/12/2025,12,4196,Saturday,Saturday,East,15656156,44400,12:20:00,44375,12:19:35,0,7175,Crossgates Mall Station (07175),3,0,3,44400.0,12:20:00,44375,12:19:35,44400.0,12:20:00,44375,12:19:35,0,00:00:00,doors opened
07/12/2025,12,4196,Saturday,Saturday,East,15656156,44400,12:20:00,44375,12:19:35,24,3940,Broadway & Steuben St (03940),0,0,0,46500.0,12:55:00,46248,12:50:48,46500.0,12:55:00,46248,12:50:48,0,00:00:00,door not opened
07/12/2025,12,4196,Saturday,Saturday,East,15656156,44400,12:20:00,44375,12:19:35,23,2509,State/Downtown Station - State St & S. Pearl St (02509),0,2,0,46260.0,12:51:00,46116,12:48:36,46260.0,12:51:00,46180,12:49:40,64,00:01:04,doors opened
07/12/2025,12,4196,Saturday,Saturday,East,15656156,44400,12:20:00,44375,12:19:35,22,1787,State St & Eagle St (01787),0,0,2,,,46101,12:48:21,,,46101,12:48:21,0,00:00:00,door not opened
07/12/2025,12,4196,Saturday,Saturday,East,15656156,44400,12:20:00,44375,12:19:35,21,2706,Hawk/Capitol Station - Washington Ave & Hawk St (02706),0,0,2,,,45984,12:46:24,,,45984,12:46:24,0,00:00:00,door not opened
07/12/2025,12,4196,Saturday,Saturday,East,15656156,44400,12:20:00,44375,12:19:35,20,1789,Washington Ave & S. Swan St (01789),0,0,2,,,45968,12:46:08,,,45968,12:46:08,0,00:00:00,door not opened
07/12/2025,12,4196,Saturday,Saturday,East,15656156,44400,12:20:00,44375,12:19:35,19,1788,Washington Ave & Dove St (01788),0,0,2,,,45952,12:45:52,,,45952,12:45:52,0,00:00:00,door not opened
07/12/2025,12,4196,Saturday,Saturday,East,15656156,44400,12:20:00,44375,12:19:35,18,2663,Lark/Library Station - Washington Ave & Lark St (02663),0,1,2,46020.0,12:47:00,45872,12:44:32,46020.0,12:47:00,45929,12:45:29,57,00:00:57,doors opened
07/12/2025,12,4196,Saturday,Saturday,East,15656156,44400,12:20:00,44375,12:19:35,17,263,Washington Ave & Henry Johnson Blvd (00263),0,1,3,,,45777,12:42:57,,,45826,12:43:46,49,00:00:49,doors opened
07/12/2025,12,4196,Saturday,Saturday,East,15656156,44400,12:20:00,44375,12:19:35,16,2096,Washington Ave & Lexington Ave (02096),0,0,4,,,45675,12:41:15,,,45675,12:41:15,0,00:00:00,door not opened
07/12/2025,12,4196,Saturday,Saturday,East,15656156,44400,12:20:00,44375,12:19:35,15,3253,Washington Ave & Robin St (Draper Hall) (03253),0,0,4,,,45652,12:40:52,,,45652,12:40:52,0,00:00:00,door not opened
07/12/2025,12,4196,Saturday,Saturday,East,15656156,44400,12:20:00,44375,12:19:35,14,2109,Washington Ave & N. Lake Ave (02109),0,0,4,,,45620,12:40:20,,,45620,12:40:20,0,00:00:00,door not opened
07/12/2025,12,4196,Saturday,Saturday,West,15656158,46800,13:00:00,46798,12:59:58,27,7175,Crossgates Mall Station (07175),0,19,0,49020.0,13:37:00,49040,13:37:20,49020.0,13:37:00,49040,13:37:20,0,00:00:00,doors opened
07/12/2025,12,4196,Saturday,Saturday,West,15656158,46800,13:00:00,46798,12:59:58,26,12828,Crossgates Commons Station (12828),2,9,19,48600.0,13:30:00,48728,13:32:08,48600.0,13:30:00,48764,13:32:44,36,00:00:36,doors opened
07/12/2025,12,4196,Saturday,Saturday,West,15656158,46800,13:00:00,46798,12:59:58,25,12891,1475 Washington Ave (12891),2,0,26,,,48502,13:28:22,,,48517,13:28:37,15,00:00:15,doors opened
07/12/2025,12,4196,Saturday,Saturday,West,15656158,46800,13:00:00,46798,12:59:58,24,7216,SUNY Collins Circle (07216),0,2,24,48240.0,13:24:00,48356,13:25:56,48240.0,13:24:00,48369,13:26:09,13,00:00:13,doors opened
07/12/2025,12,4196,Saturday,Saturday,West,15656158,46800,13:00:00,46798,12:59:58,23,3262,1383 Washington Ave (Fairfield Inn) (03262),2,1,26,,,48227,13:23:47,,,48246,13:24:06,19,00:00:19,doors opened
07/12/2025,12,4196,Saturday,Saturday,West,15656158,46800,13:00:00,46798,12:59:58,22,976,Washington Ave & Brevator St (00976),1,0,25,,,48099,13:21:39,,,48110,13:21:50,11,00:00:11,doors opened
07/12/2025,12,4196,Saturday,Saturday,West,15656158,46800,13:00:00,46798,12:59:58,21,1959,Washington Ave & Colvin Ave (01959),0,0,24,,,48078,13:21:18,,,48078,13:21:18,0,00:00:00,door not opened
07/12/2025,12,4196,Saturday,Saturday,West,15656158,46800,13:00:00,46798,12:59:58,20,3399,Washington Ave & Danker Ave (03399),0,0,24,,,48062,13:21:02,,,48062,13:21:02,0,00:00:00,door not opened
07/12/2025,12,4196,Saturday,Saturday,West,15656158,46800,13:00:00,46798,12:59:58,19,1849,Washington Ave & Homestead Ave (01849),1,0,24,,,48026,13:20:26,,,48041,13:20:41,15,00:00:15,doors opened
07/12/2025,12,4196,Saturday,Saturday,West,15656158,46800,13:00:00,46798,12:59:58,18,1846,Washington Ave & Manning Blvd (01846),0,0,23,,,48005,13:20:05,,,48005,13:20:05,0,00:00:00,door not opened
07/12/2025,12,4196,Saturday,Saturday,West,15656158,46800,13:00:00,46798,12:59:58,17,3287,Washington Ave & N. Allen St (03287),2,2,23,47880.0,13:18:00,47933,13:18:53,47880.0,13:18:00,47972,13:19:32,39,00:00:39,doors opened
07/12/2025,12,4196,Saturday,Saturday,West,15656158,46800,13:00:00,46798,12:59:58,16,3264,Washington Ave & N. Main Ave (03264),0,0,23,,,47882,13:18:02,,,47882,13:18:02,0,00:00:00,door not opened
07/12/2025,12,4196,Saturday,Saturday,West,15656158,46800,13:00:00,46798,12:59:58,15,1839,Washington Ave & Partridge St (01839),0,0,23,,,47810,13:16:50,,,47810,13:16:50,0,00:00:00,door not opened
07/12/2025,12,4196,Saturday,Saturday,West,15656158,46800,13:00:00,46798,12:59:58,14,1841,Washington Ave & Ontario St (01841),3,0,23,47640.0,13:14:00,47744,13:15:44,47640.0,13:14:00,47789,13:16:29,45,00:00:45,doors opened
07/12/2025,12,4196,Saturday,Saturday,West,15656158,46800,13:00:00,46798,12:59:58,13,1842,Washington Ave & Quail St (01842),2,1,20,,,47678,13:14:38,,,47720,13:15:20,42,00:00:42,doors opened
07/12/2025,12,4196,Saturday,Saturday,West,15656158,46800,13:00:00,46798,12:59:58,12,1837,Washington Ave & N. Lake Ave (01837),2,1,19,,,47612,13:13:32,,,47652,13:14:12,40,00:00:40,doors opened
07/12/2025,12,4196,Saturday,Saturday,West,15656158,46800,13:00:00,46798,12:59:58,11,1843,Washington Ave & Robin St (01843),0,0,18,,,47592,13:13:12,,,47592,13:13:12,0,00:00:00,door not opened
07/12/2025,12,4196,Saturday,Saturday,West,15656158,46800,13:00:00,46798,12:59:58,10,12943,Washington Ave & Lexington Ave (12943),1,0,18,,,47557,13:12:37,,,47568,13:12:48,11,00:00:11,doors opened
07/12/2025,12,4196,Saturday,Saturday,West,15656158,46800,13:00:00,46798,12:59:58,9,12942,Washington Ave & Henry Johnson Blvd (12942),1,0,17,,,47511,13:11:51,,,47524,13:12:04,13,00:00:13,doors opened
07/12/2025,12,4196,Saturday,Saturday,West,15656158,46800,13:00:00,46798,12:59:58,8,3239,Lark/Library Station - Washington Ave & Lark St (03239),4,2,16,47280.0,13:08:00,47346,13:09:06,47280.0,13:08:00,47450,13:10:50,104,00:01:44,doors opened
07/12/2025,12,4196,Saturday,Saturday,West,15656158,46800,13:00:00,46798,12:59:58,7,3301,Washington Ave & S. Swan St (03301),0,0,14,,,47317,13:08:37,,,47317,13:08:37,0,00:00:00,door not opened
07/12/2025,12,4196,Saturday,Saturday,West,15656158,46800,13:00:00,46798,12:59:58,6,3250,Hawk/Capitol Station - Washington Ave & Hawk St (03250),0,0,14,,,47299,13:08:19,,,47299,13:08:19,0,00:00:00,door not opened
07/12/2025,12,4196,Saturday,Saturday,West,15656158,46800,13:00:00,46798,12:59:58,5,10087,State St & Eagle St (10087),0,0,14,,,47268,13:07:48,,,47268,13:07:48,0,00:00:00,door not opened
07/12/2025,12,4196,Saturday,Saturday,West,15656158,46800,13:00:00,46798,12:59:58,4,2665,State/Downtown Station - State St & Lodge St (02665),4,0,14,47040.0,13:04:00,47154,13:05:54,47040.0,13:04:00,47215,13:06:55,61,00:01:01,doors opened
07/12/2025,12,4196,Saturday,Saturday,West,15656158,46800,13:00:00,46798,12:59:58,3,3221,State Station - N. Pearl St & Ten Eyck Plaza (03221),8,0,10,,,46918,13:01:58,,,47086,13:04:46,168,00:02:48,doors opened
07/12/2025,12,4196,Saturday,Saturday,West,15656158,46800,13:00:00,46798,12:59:58,2,3233,N. Pearl St & Sheridan Ave (03233),0,0,2,,,46866,13:01:06,,,46866,13:01:06,0,00:00:00,door not opened
07/12/2025,12,4196,Saturday,Saturday,West,15656158,46800,13:00:00,46798,12:59:58,1,2168,Clinton Square Station - N. Pearl St & Clinton Ave (02168),1,0,2,,,46838,13:00:38,,,46853,13:00:53,15,00:00:15,doors opened
07/12/2025,12,4196,Saturday,Saturday,West,15656158,46800,13:00:00,46798,12:59:58,0,9018,Broadway & Orange St (09018),1,0,1,46800.0,13:00:00,46798,12:59:58,46800.0,13:00:00,46798,12:59:58,0,00:00:00,doors opened
07/12/2025,12,4196,Saturday,Saturday,East,15656150,34800,09:40:00,34794,09:39:54,24,3940,Broadway & Steuben St (03940),0,0,0,36720.0,10:12:00,36574,10:09:34,36720.0,10:12:00,36574,10:09:34,0,00:00:00,door not opened
07/12/2025,12,4196,Saturday,Saturday,East,15656150,34800,09:40:00,34794,09:39:54,23,2509,State/Downtown Station - State St & S. Pearl St (02509),0,4,0,36480.0,10:08:00,36464,10:07:44,36480.0,10:08:00,36484,10:08:04,20,00:00:20,doors opened
07/12/2025,12,4196,Saturday,Saturday,East,15656150,34800,09:40:00,34794,09:39:54,22,1787,State St & Eagle St (01787),0,0,4,,,36449,10:07:29,,,36449,10:07:29,0,00:00:00,door not opened
07/12/2025,12,4196,Saturday,Saturday,East,15656150,34800,09:40:00,34794,09:39:54,21,2706,Hawk/Capitol Station - Washington Ave & Hawk St (02706),0,0,4,,,36344,10:05:44,,,36344,10:05:44,0,00:00:00,door not opened
07/12/2025,12,4196,Saturday,Saturday,East,15656150,34800,09:40:00,34794,09:39:54,7,2180,Washington Ave & Homestead Ave (02180),0,1,7,,,35741,09:55:41,,,35748,09:55:48,7,00:00:07,doors opened
07/12/2025,12,4196,Saturday,Saturday,East,15656150,34800,09:40:00,34794,09:39:54,6,2182,Washington Ave & Hawthorne St (02182),1,0,8,,,35692,09:54:52,,,35712,09:55:12,20,00:00:20,doors opened
07/12/2025,12,4196,Saturday,Saturday,East,15656150,34800,09:40:00,34794,09:39:54,5,3304,Washington Ave & Clermont St (03304),1,0,7,,,35638,09:53:58,,,35649,09:54:09,11,00:00:11,doors opened
07/12/2025,12,4196,Saturday,Saturday,East,15656150,34800,09:40:00,34794,09:39:54,4,3348,Washington Ave & Brevator St (03348),0,0,6,,,35625,09:53:45,,,35625,09:53:45,0,00:00:00,door not opened
07/12/2025,12,4196,Saturday,Saturday,East,15656150,34800,09:40:00,34794,09:39:54,3,10134,Washington Ave & SUNY Exit Rd (10134),1,0,6,,,35462,09:51:02,,,35475,09:51:15,13,00:00:13,doors opened
07/12/2025,12,4196,Saturday,Saturday,East,15656150,34800,09:40:00,34794,09:39:54,1,12827,Crossgates Commons Station (12827),4,0,5,35160.0,09:46:00,35000,09:43:20,35160.0,09:46:00,35127,09:45:27,127,00:02:07,doors opened
07/12/2025,12,4196,Saturday,Saturday,East,15656150,34800,09:40:00,34794,09:39:54,0,7175,Crossgates Mall Station (07175),1,0,1,34800.0,09:40:00,34794,09:39:54,34800.0,09:40:00,34794,09:39:54,0,00:00:00,doors opened
07/12/2025,12,4196,Saturday,Saturday,East,15656150,34800,09:40:00,34794,09:39:54,20,1789,Washington Ave & S. Swan St (01789),0,2,4,,,36294,10:04:54,,,36322,10:05:22,28,00:00:28,doors opened
07/12/2025,12,4196,Saturday,Saturday,East,15656150,34800,09:40:00,34794,09:39:54,19,1788,Washington Ave & Dove St (01788),0,0,6,,,36270,10:04:30,,,36270,10:04:30,0,00:00:00,door not opened
07/12/2025,12,4196,Saturday,Saturday,East,15656150,34800,09:40:00,34794,09:39:54,18,2663,Lark/Library Station - Washington Ave & Lark St (02663),0,0,6,36240.0,10:04:00,36253,10:04:13,36240.0,10:04:00,36253,10:04:13,0,00:00:00,door not opened
07/12/2025,12,4196,Saturday,Saturday,East,15656150,34800,09:40:00,34794,09:39:54,17,263,Washington Ave & Henry Johnson Blvd (00263),0,1,6,,,36152,10:02:32,,,36218,10:03:38,66,00:01:06,doors opened
07/12/2025,12,4196,Saturday,Saturday,East,15656150,34800,09:40:00,34794,09:39:54,16,2096,Washington Ave & Lexington Ave (02096),0,0,7,,,36124,10:02:04,,,36124,10:02:04,0,00:00:00,door not opened
07/12/2025,12,4196,Saturday,Saturday,East,15656150,34800,09:40:00,34794,09:39:54,15,3253,Washington Ave & Robin St (Draper Hall) (03253),0,0,7,,,36098,10:01:38,,,36098,10:01:38,0,00:00:00,door not opened
07/12/2025,12,4196,Saturday,Saturday,East,15656150,34800,09:40:00,34794,09:39:54,14,2109,Washington Ave & N. Lake Ave (02109),0,1,7,,,36060,10:01:00,,,36075,10:01:15,15,00:00:15,doors opened
07/12/2025,12,4196,Saturday,Saturday,East,15656150,34800,09:40:00,34794,09:39:54,13,3255,Washington Ave & Quail St (03255),1,1,8,,,36015,10:00:15,,,36035,10:00:35,20,00:00:20,doors opened
07/12/2025,12,4196,Saturday,Saturday,East,15656150,34800,09:40:00,34794,09:39:54,12,3256,Washington Ave & Ontario St (03256),0,0,8,35940.0,09:59:00,35999,09:59:59,35940.0,09:59:00,35999,09:59:59,0,00:00:00,door not opened
07/12/2025,12,4196,Saturday,Saturday,East,15656150,34800,09:40:00,34794,09:39:54,11,2107,Washington Ave & Partridge St (02107),0,0,8,,,35981,09:59:41,,,35981,09:59:41,0,00:00:00,door not opened
07/12/2025,12,4196,Saturday,Saturday,East,15656150,34800,09:40:00,34794,09:39:54,10,3257,Washington Ave & N. Main Ave (03257),1,0,8,,,35900,09:58:20,,,35927,09:58:47,27,00:00:27,doors opened
07/12/2025,12,4196,Saturday,Saturday,East,15656150,34800,09:40:00,34794,09:39:54,9,1796,Washington Ave & N. Allen St (01796),0,0,7,35820.0,09:57:00,35872,09:57:52,35820.0,09:57:00,35872,09:57:52,0,00:00:00,door not opened
07/12/2025,12,4196,Saturday,Saturday,East,15656150,34800,09:40:00,34794,09:39:54,8,11581,Washington Ave & Manning Blvd (11581),0,0,7,,,35813,09:56:53,,,35813,09:56:53,0,00:00:00,door not opened
07/12/2025,12,4197,Saturday,Saturday,East,15656341,58800,16:20:00,58843,16:20:43,11,2107,Washington Ave & Partridge St (02107),0,3,14,,,60131,16:42:11,,,60147,16:42:27,16,00:00:16,doors opened
07/12/2025,12,4197,Saturday,Saturday,East,15656341,58800,16:20:00,58843,16:20:43,10,3257,Washington Ave & N. Main Ave (03257),0,0,17,,,60065,16:41:05,,,60065,16:41:05,0,00:00:00,door not opened
07/12/2025,12,4197,Saturday,Saturday,East,15656341,58800,16:20:00,58843,16:20:43,9,1796,Washington Ave & N. Allen St (01796),0,0,17,59940.0,16:39:00,60034,16:40:34,59940.0,16:39:00,60034,16:40:34,0,00:00:00,door not opened
07/12/2025,12,4197,Saturday,Saturday,East,15656341,58800,16:20:00,58843,16:20:43,8,11581,Washington Ave & Manning Blvd (11581),0,1,17,,,59976,16:39:36,,,59991,16:39:51,15,00:00:15,doors opened
07/12/2025,12,4197,Saturday,Saturday,East,15656341,58800,16:20:00,58843,16:20:43,7,2180,Washington Ave & Homestead Ave (02180),0,0,18,,,59956,16:39:16,,,59956,16:39:16,0,00:00:00,door not opened
07/12/2025,12,4197,Saturday,Saturday,East,15656341,58800,16:20:00,58843,16:20:43,6,2182,Washington Ave & Hawthorne St (02182),0,0,18,,,59928,16:38:48,,,59928,16:38:48,0,00:00:00,door not opened
07/12/2025,12,4197,Saturday,Saturday,East,15656341,58800,16:20:00,58843,16:20:43,5,3304,Washington Ave & Clermont St (03304),0,0,18,,,59906,16:38:26,,,59906,16:38:26,0,00:00:00,door not opened
07/12/2025,12,4197,Saturday,Saturday,East,15656341,58800,16:20:00,58843,16:20:43,4,3348,Washington Ave & Brevator St (03348),0,2,18,,,59854,16:37:34,,,59868,16:37:48,14,00:00:14,doors opened
07/12/2025,12,4197,Saturday,Saturday,East,15656341,58800,16:20:00,58843,16:20:43,3,10134,Washington Ave & SUNY Exit Rd (10134),2,1,20,,,59699,16:34:59,,,59729,16:35:29,30,00:00:30,doors opened
07/12/2025,12,4197,Saturday,Saturday,East,15656341,58800,16:20:00,58843,16:20:43,2,7216,SUNY Collins Circle (07216),1,4,19,59520.0,16:32:00,59572,16:32:52,59520.0,16:32:00,59597,16:33:17,25,00:00:25,doors opened
07/12/2025,12,4197,Saturday,Saturday,East,15656341,58800,16:20:00,58843,16:20:43,1,12827,Crossgates Commons Station (12827),7,1,22,59220.0,16:27:00,59256,16:27:36,59220.0,16:27:00,59328,16:28:48,72,00:01:12,doors opened
07/12/2025,12,4197,Saturday,Saturday,East,15656341,58800,16:20:00,58843,16:20:43,0,7175,Crossgates Mall Station (07175),16,0,16,58800.0,16:20:00,58843,16:20:43,58800.0,16:20:00,58843,16:20:43,0,00:00:00,doors opened
07/12/2025,12,4197,Saturday,Saturday,East,15656341,58800,16:20:00,58843,16:20:43,24,3940,Broadway & Steuben St (03940),0,1,0,60960.0,16:56:00,60836,16:53:56,60960.0,16:56:00,60836,16:53:56,0,00:00:00,doors opened
07/12/2025,12,4197,Saturday,Saturday,East,15656341,58800,16:20:00,58843,16:20:43,23,2509,State/Downtown Station - State St & S. Pearl St (02509),0,5,1,60720.0,16:52:00,60707,16:51:47,60720.0,16:52:00,60745,16:52:25,38,00:00:38,doors opened
07/12/2025,12,4197,Saturday,Saturday,East,15656341,58800,16:20:00,58843,16:20:43,22,1787,State St & Eagle St (01787),0,0,6,,,60692,16:51:32,,,60692,16:51:32,0,00:00:00,door not opened
07/12/2025,12,4197,Saturday,Saturday,East,15656341,58800,16:20:00,58843,16:20:43,21,2706,Hawk/Capitol Station - Washington Ave & Hawk St (02706),0,0,6,,,60633,16:50:33,,,60633,16:50:33,0,00:00:00,door not opened
07/12/2025,12,4197,Saturday,Saturday,East,15656341,58800,16:20:00,58843,16:20:43,20,1789,Washington Ave & S. Swan St (01789),0,0,6,,,60613,16:50:13,,,60613,16:50:13,0,00:00:00,door not opened
07/12/2025,12,4197,Saturday,Saturday,East,15656341,58800,16:20:00,58843,16:20:43,19,1788,Washington Ave & Dove St (01788),0,0,6,,,60592,16:49:52,,,60592,16:49:52,0,00:00:00,door not opened
07/12/2025,12,4197,Saturday,Saturday,East,15656341,58800,16:20:00,58843,16:20:43,18,2663,Lark/Library Station - Washington Ave & Lark St (02663),0,0,6,60420.0,16:47:00,60515,16:48:35,60420.0,16:47:00,60572,16:49:32,57,00:00:57,doors opened
07/12/2025,12,4197,Saturday,Saturday,East,15656341,58800,16:20:00,58843,16:20:43,17,263,Washington Ave & Henry Johnson Blvd (00263),0,0,6,,,60476,16:47:56,,,60476,16:47:56,0,00:00:00,door not opened
07/12/2025,12,4197,Saturday,Saturday,East,15656341,58800,16:20:00,58843,16:20:43,16,2096,Washington Ave & Lexington Ave (02096),0,1,6,,,60389,16:46:29,,,60445,16:47:25,56,00:00:56,doors opened
07/12/2025,12,4197,Saturday,Saturday,East,15656341,58800,16:20:00,58843,16:20:43,15,3253,Washington Ave & Robin St (Draper Hall) (03253),0,0,7,,,60368,16:46:08,,,60368,16:46:08,0,00:00:00,door not opened
07/12/2025,12,4197,Saturday,Saturday,East,15656341,58800,16:20:00,58843,16:20:43,14,2109,Washington Ave & N. Lake Ave (02109),1,1,7,,,60263,16:44:23,,,60320,16:45:20,57,00:00:57,doors opened
07/12/2025,12,4197,Saturday,Saturday,East,15656341,58800,16:20:00,58843,16:20:43,13,3255,Washington Ave & Quail St (03255),0,7,7,,,60192,16:43:12,,,60230,16:43:50,38,00:00:38,doors opened
07/12/2025,12,4197,Saturday,Saturday,East,15656341,58800,16:20:00,58843,16:20:43,12,3256,Washington Ave & Ontario St (03256),0,0,14,60060.0,16:41:00,60168,16:42:48,60060.0,16:41:00,60168,16:42:48,0,00:00:00,door not opened
07/12/2025,12,4197,Saturday,Saturday,West,15656343,61200,17:00:00,61397,17:03:17,27,7175,Crossgates Mall Station (07175),0,18,0,63420.0,17:37:00,63494,17:38:14,63420.0,17:37:00,63494,17:38:14,0,00:00:00,doors opened
07/12/2025,12,4197,Saturday,Saturday,West,15656343,61200,17:00:00,61397,17:03:17,26,12828,Crossgates Commons Station (12828),4,3,18,63000.0,17:30:00,63203,17:33:23,63000.0,17:30:00,63240,17:34:00,37,00:00:37,doors opened
07/12/2025,12,4197,Saturday,Saturday,West,15656343,61200,17:00:00,61397,17:03:17,25,12891,1475 Washington Ave (12891),0,0,17,,,63059,17:30:59,,,63059,17:30:59,0,00:00:00,door not opened
07/12/2025,12,4197,Saturday,Saturday,West,15656343,61200,17:00:00,61397,17:03:17,24,7216,SUNY Collins Circle (07216),0,0,17,62640.0,17:24:00,62911,17:28:31,62640.0,17:24:00,62911,17:28:31,0,00:00:00,door not opened
07/12/2025,12,4197,Saturday,Saturday,West,15656343,61200,17:00:00,61397,17:03:17,23,3262,1383 Washington Ave (Fairfield Inn) (03262),0,2,17,,,62806,17:26:46,,,62822,17:27:02,16,00:00:16,doors opened
07/12/2025,12,4197,Saturday,Saturday,West,15656343,61200,17:00:00,61397,17:03:17,22,976,Washington Ave & Brevator St (00976),0,0,19,,,62666,17:24:26,,,62666,17:24:26,0,00:00:00,door not opened
07/12/2025,12,4197,Saturday,Saturday,West,15656343,61200,17:00:00,61397,17:03:17,21,1959,Washington Ave & Colvin Ave (01959),0,1,19,,,62556,17:22:36,,,62615,17:23:35,59,00:00:59,doors opened
07/12/2025,12,4197,Saturday,Saturday,West,15656343,61200,17:00:00,61397,17:03:17,20,3399,Washington Ave & Danker Ave (03399),0,0,20,,,62531,17:22:11,,,62531,17:22:11,0,00:00:00,door not opened
07/12/2025,12,4197,Saturday,Saturday,West,15656343,61200,17:00:00,61397,17:03:17,19,1849,Washington Ave & Homestead Ave (01849),1,0,20,,,62491,17:21:31,,,62504,17:21:44,13,00:00:13,doors opened
07/12/2025,12,4197,Saturday,Saturday,West,15656343,61200,17:00:00,61397,17:03:17,18,1846,Washington Ave & Manning Blvd (01846),0,0,19,,,62469,17:21:09,,,62469,17:21:09,0,00:00:00,door not opened
07/12/2025,12,4197,Saturday,Saturday,West,15656343,61200,17:00:00,61397,17:03:17,17,3287,Washington Ave & N. Allen St (03287),0,0,19,62280.0,17:18:00,62431,17:20:31,62280.0,17:18:00,62431,17:20:31,0,00:00:00,door not opened
07/12/2025,12,4197,Saturday,Saturday,West,15656343,61200,17:00:00,61397,17:03:17,16,3264,Washington Ave & N. Main Ave (03264),0,0,19,,,62388,17:19:48,,,62388,17:19:48,0,00:00:00,door not opened
07/12/2025,12,4197,Saturday,Saturday,West,15656343,61200,17:00:00,61397,17:03:17,15,1839,Washington Ave & Partridge St (01839),0,0,19,,,62281,17:18:01,,,62281,17:18:01,0,00:00:00,door not opened
07/12/2025,12,4197,Saturday,Saturday,West,15656343,61200,17:00:00,61397,17:03:17,14,1841,Washington Ave & Ontario St (01841),0,0,19,62040.0,17:14:00,62258,17:17:38,62040.0,17:14:00,62258,17:17:38,0,00:00:00,door not opened
07/12/2025,12,4197,Saturday,Saturday,West,15656343,61200,17:00:00,61397,17:03:17,13,1842,Washington Ave & Quail St (01842),1,3,19,,,62168,17:16:08,,,62221,17:17:01,53,00:00:53,doors opened
07/12/2025,12,4197,Saturday,Saturday,West,15656343,61200,17:00:00,61397,17:03:17,12,1837,Washington Ave & N. Lake Ave (01837),1,1,21,,,62119,17:15:19,,,62140,17:15:40,21,00:00:21,doors opened
07/12/2025,12,4197,Saturday,Saturday,West,15656343,61200,17:00:00,61397,17:03:17,11,1843,Washington Ave & Robin St (01843),1,0,21,,,62077,17:14:37,,,62094,17:14:54,17,00:00:17,doors opened
07/12/2025,12,4197,Saturday,Saturday,West,15656343,61200,17:00:00,61397,17:03:17,10,12943,Washington Ave & Lexington Ave (12943),0,0,20,,,62054,17:14:14,,,62054,17:14:14,0,00:00:00,door not opened
07/12/2025,12,4197,Saturday,Saturday,West,15656343,61200,17:00:00,61397,17:03:17,9,12942,Washington Ave & Henry Johnson Blvd (12942),2,0,20,,,61941,17:12:21,,,61968,17:12:48,27,00:00:27,doors opened
07/12/2025,12,4197,Saturday,Saturday,West,15656343,61200,17:00:00,61397,17:03:17,8,3239,Lark/Library Station - Washington Ave & Lark St (03239),8,0,18,61680.0,17:08:00,61831,17:10:31,61680.0,17:08:00,61900,17:11:40,69,00:01:09,doors opened
07/12/2025,12,4197,Saturday,Saturday,West,15656343,61200,17:00:00,61397,17:03:17,7,3301,Washington Ave & S. Swan St (03301),0,0,10,,,61796,17:09:56,,,61796,17:09:56,0,00:00:00,door not opened
07/12/2025,12,4197,Saturday,Saturday,West,15656343,61200,17:00:00,61397,17:03:17,6,3250,Hawk/Capitol Station - Washington Ave & Hawk St (03250),1,0,10,,,61757,17:09:17,,,61773,17:09:33,16,00:00:16,doors opened
07/12/2025,12,4197,Saturday,Saturday,West,15656343,61200,17:00:00,61397,17:03:17,5,10087,State St & Eagle St (10087),0,0,9,,,61733,17:08:53,,,61733,17:08:53,0,00:00:00,door not opened
07/12/2025,12,4197,Saturday,Saturday,West,15656343,61200,17:00:00,61397,17:03:17,4,2665,State/Downtown Station - State St & Lodge St (02665),3,0,9,61440.0,17:04:00,61655,17:07:35,61440.0,17:04:00,61704,17:08:24,49,00:00:49,doors opened
07/12/2025,12,4197,Saturday,Saturday,West,15656343,61200,17:00:00,61397,17:03:17,3,3221,State Station - N. Pearl St & Ten Eyck Plaza (03221),4,1,6,,,61565,17:06:05,,,61624,17:07:04,59,00:00:59,doors opened
07/12/2025,12,4197,Saturday,Saturday,West,15656343,61200,17:00:00,61397,17:03:17,2,3233,N. Pearl St & Sheridan Ave (03233),0,0,3,,,61534,17:05:34,,,61534,17:05:34,0,00:00:00,door not opened
07/12/2025,12,4197,Saturday,Saturday,West,15656343,61200,17:00:00,61397,17:03:17,1,2168,Clinton Square Station - N. Pearl St & Clinton Ave (02168),2,0,3,,,61500,17:05:00,,,61518,17:05:18,18,00:00:18,doors opened
07/12/2025,12,4197,Saturday,Saturday,West,15656343,61200,17:00:00,61397,17:03:17,0,9018,Broadway & Orange St (09018),1,0,1,61200.0,17:00:00,61397,17:03:17,61200.0,17:00:00,61397,17:03:17,0,00:00:00,doors opened
07/12/2025,12,4197,Saturday,Saturday,East,15656346,68400,19:00:00,68424,19:00:24,19,1788,Washington Ave & Dove St (01788),0,0,2,,,70181,19:29:41,,,70181,19:29:41,0,00:00:00,door not opened
07/12/2025,12,4197,Saturday,Saturday,East,15656346,68400,19:00:00,68424,19:00:24,18,2663,Lark/Library Station - Washington Ave & Lark St (02663),0,0,2,70020.0,19:27:00,70131,19:28:51,70020.0,19:27:00,70131,19:28:51,0,00:00:00,door not opened
07/12/2025,12,4197,Saturday,Saturday,East,15656346,68400,19:00:00,68424,19:00:24,17,263,Washington Ave & Henry Johnson Blvd (00263),0,2,2,,,70002,19:26:42,,,70051,19:27:31,49,00:00:49,doors opened
07/12/2025,12,4197,Saturday,Saturday,East,15656346,68400,19:00:00,68424,19:00:24,16,2096,Washington Ave & Lexington Ave (02096),0,0,4,,,69920,19:25:20,,,69920,19:25:20,0,00:00:00,door not opened
07/12/2025,12,4197,Saturday,Saturday,East,15656346,68400,19:00:00,68424,19:00:24,15,3253,Washington Ave & Robin St (Draper Hall) (03253),0,1,4,,,69879,19:24:39,,,69903,19:25:03,24,00:00:24,doors opened
07/12/2025,12,4197,Saturday,Saturday,East,15656346,68400,19:00:00,68424,19:00:24,14,2109,Washington Ave & N. Lake Ave (02109),0,1,5,,,69834,19:23:54,,,69857,19:24:17,23,00:00:23,doors opened
07/12/2025,12,4197,Saturday,Saturday,East,15656346,68400,19:00:00,68424,19:00:24,13,3255,Washington Ave & Quail St (03255),0,6,6,,,69763,19:22:43,,,69805,19:23:25,42,00:00:42,doors opened
07/12/2025,12,4197,Saturday,Saturday,East,15656346,68400,19:00:00,68424,19:00:24,12,3256,Washington Ave & Ontario St (03256),0,1,12,69660.0,19:21:00,69699,19:21:39,69660.0,19:21:00,69740,19:22:20,41,00:00:41,doors opened
07/12/2025,12,4197,Saturday,Saturday,East,15656346,68400,19:00:00,68424,19:00:24,11,2107,Washington Ave & Partridge St (02107),0,0,13,,,69681,19:21:21,,,69681,19:21:21,0,00:00:00,door not opened
07/12/2025,12,4197,Saturday,Saturday,East,15656346,68400,19:00:00,68424,19:00:24,10,3257,Washington Ave & N. Main Ave (03257),0,0,13,,,69598,19:19:58,,,69598,19:19:58,0,00:00:00,door not opened
07/12/2025,12,4197,Saturday,Saturday,East,15656346,68400,19:00:00,68424,19:00:24,9,1796,Washington Ave & N. Allen St (01796),2,0,13,69540.0,19:19:00,69519,19:18:39,69540.0,19:19:00,69534,19:18:54,15,00:00:15,doors opened
07/12/2025,12,4197,Saturday,Saturday,East,15656346,68400,19:00:00,68424,19:00:24,8,11581,Washington Ave & Manning Blvd (11581),0,0,11,,,69485,19:18:05,,,69485,19:18:05,0,00:00:00,door not opened
07/12/2025,12,4197,Saturday,Saturday,East,15656346,68400,19:00:00,68424,19:00:24,7,2180,Washington Ave & Homestead Ave (02180),0,3,11,,,69432,19:17:12,,,69449,19:17:29,17,00:00:17,doors opened
07/12/2025,12,4197,Saturday,Saturday,East,15656346,68400,19:00:00,68424,19:00:24,24,3940,Broadway & Steuben St (03940),0,1,0,70560.0,19:36:00,70509,19:35:09,70560.0,19:36:00,70509,19:35:09,0,00:00:00,doors opened
07/12/2025,12,4197,Saturday,Saturday,East,15656346,68400,19:00:00,68424,19:00:24,23,2509,State/Downtown Station - State St & S. Pearl St (02509),1,0,1,70320.0,19:32:00,70353,19:32:33,70320.0,19:32:00,70408,19:33:28,55,00:00:55,doors opened
07/12/2025,12,4197,Saturday,Saturday,East,15656346,68400,19:00:00,68424,19:00:24,22,1787,State St & Eagle St (01787),0,0,0,,,70334,19:32:14,,,70334,19:32:14,0,00:00:00,door not opened
07/12/2025,12,4197,Saturday,Saturday,East,15656346,68400,19:00:00,68424,19:00:24,21,2706,Hawk/Capitol Station - Washington Ave & Hawk St (02706),0,0,0,,,70242,19:30:42,,,70242,19:30:42,0,00:00:00,door not opened
07/12/2025,12,4197,Saturday,Saturday,East,15656346,68400,19:00:00,68424,19:00:24,20,1789,Washington Ave & S. Swan St (01789),0,2,0,,,70204,19:30:04,,,70218,19:30:18,14,00:00:14,doors opened
07/12/2025,12,4197,Saturday,Saturday,East,15656346,68400,19:00:00,68424,19:00:24,6,2182,Washington Ave & Hawthorne St (02182),0,0,14,,,69405,19:16:45,,,69405,19:16:45,0,00:00:00,door not opened
07/12/2025,12,4197,Saturday,Saturday,East,15656346,68400,19:00:00,68424,19:00:24,5,3304,Washington Ave & Clermont St (03304),0,0,14,,,69370,19:16:10,,,69370,19:16:10,0,00:00:00,door not opened
07/12/2025,12,4197,Saturday,Saturday,East,15656346,68400,19:00:00,68424,19:00:24,4,3348,Washington Ave & Brevator St (03348),0,0,14,,,69350,19:15:50,,,69350,19:15:50,0,00:00:00,door not opened
07/12/2025,12,4197,Saturday,Saturday,East,15656346,68400,19:00:00,68424,19:00:24,3,10134,Washington Ave & SUNY Exit Rd (10134),0,2,14,,,69206,19:13:26,,,69220,19:13:40,14,00:00:14,doors opened
07/12/2025,12,4197,Saturday,Saturday,East,15656346,68400,19:00:00,68424,19:00:24,2,7216,SUNY Collins Circle (07216),2,0,16,69120.0,19:12:00,69064,19:11:04,69120.0,19:12:00,69084,19:11:24,20,00:00:20,doors opened
07/12/2025,12,4197,Saturday,Saturday,East,15656346,68400,19:00:00,68424,19:00:24,1,12827,Crossgates Commons Station (12827),8,1,14,68820.0,19:07:00,68749,19:05:49,68820.0,19:07:00,68829,19:07:09,80,00:01:20,doors opened
07/12/2025,12,4197,Saturday,Saturday,East,15656346,68400,19:00:00,68424,19:00:24,0,7175,Crossgates Mall Station (07175),7,0,7,68400.0,19:00:00,68424,19:00:24,68400.0,19:00:00,68424,19:00:24,0,00:00:00,doors opened
07/12/2025,12,4197,Saturday,Saturday,West,15656348,70800,19:40:00,71013,19:43:33,18,1846,Washington Ave & Manning Blvd (01846),0,0,3,,,72060,20:01:00,,,72060,20:01:00,0,00:00:00,door not opened
07/12/2025,12,4197,Saturday,Saturday,West,15656348,70800,19:40:00,71013,19:43:33,17,3287,Washington Ave & N. Allen St (03287),1,2,3,71820.0,19:57:00,71916,19:58:36,71820.0,19:57:00,71981,19:59:41,65,00:01:05,doors opened
07/12/2025,12,4197,Saturday,Saturday,West,15656348,70800,19:40:00,71013,19:43:33,16,3264,Washington Ave & N. Main Ave (03264),1,1,4,,,71862,19:57:42,,,71880,19:58:00,18,00:00:18,doors opened
07/12/2025,12,4197,Saturday,Saturday,West,15656348,70800,19:40:00,71013,19:43:33,15,1839,Washington Ave & Partridge St (01839),0,0,4,,,71769,19:56:09,,,71769,19:56:09,0,00:00:00,door not opened
07/12/2025,12,4197,Saturday,Saturday,West,15656348,70800,19:40:00,71013,19:43:33,14,1841,Washington Ave & Ontario St (01841),0,0,4,71640.0,19:54:00,71747,19:55:47,71640.0,19:54:00,71747,19:55:47,0,00:00:00,door not opened
07/12/2025,12,4197,Saturday,Saturday,West,15656348,70800,19:40:00,71013,19:43:33,13,1842,Washington Ave & Quail St (01842),3,0,4,,,71681,19:54:41,,,71721,19:55:21,40,00:00:40,doors opened
07/12/2025,12,4197,Saturday,Saturday,West,15656348,70800,19:40:00,71013,19:43:33,12,1837,Washington Ave & N. Lake Ave (01837),0,0,1,,,71654,19:54:14,,,71654,19:54:14,0,00:00:00,door not opened
07/12/2025,12,4197,Saturday,Saturday,West,15656348,70800,19:40:00,71013,19:43:33,11,1843,Washington Ave & Robin St (01843),0,0,1,,,71599,19:53:19,,,71599,19:53:19,0,00:00:00,door not opened
07/12/2025,12,4197,Saturday,Saturday,West,15656348,70800,19:40:00,71013,19:43:33,10,12943,Washington Ave & Lexington Ave (12943),0,0,1,,,71569,19:52:49,,,71569,19:52:49,0,00:00:00,door not opened
07/12/2025,12,4197,Saturday,Saturday,West,15656348,70800,19:40:00,71013,19:43:33,9,12942,Washington Ave & Henry Johnson Blvd (12942),0,0,1,,,71521,19:52:01,,,71521,19:52:01,0,00:00:00,door not opened
07/12/2025,12,4197,Saturday,Saturday,West,15656348,70800,19:40:00,71013,19:43:33,8,3239,Lark/Library Station - Washington Ave & Lark St (03239),0,0,1,71280.0,19:48:00,71459,19:50:59,71280.0,19:48:00,71459,19:50:59,0,00:00:00,door not opened
07/12/2025,12,4197,Saturday,Saturday,West,15656348,70800,19:40:00,71013,19:43:33,7,3301,Washington Ave & S. Swan St (03301),0,0,1,,,71411,19:50:11,,,71411,19:50:11,0,00:00:00,door not opened
07/12/2025,12,4197,Saturday,Saturday,West,15656348,70800,19:40:00,71013,19:43:33,6,3250,Hawk/Capitol Station - Washington Ave & Hawk St (03250),0,0,1,,,71386,19:49:46,,,71386,19:49:46,0,00:00:00,door not opened
07/12/2025,12,4197,Saturday,Saturday,West,15656348,70800,19:40:00,71013,19:43:33,5,10087,State St & Eagle St (10087),0,0,1,,,71357,19:49:17,,,71357,19:49:17,0,00:00:00,door not opened
07/12/2025,12,4197,Saturday,Saturday,West,15656348,70800,19:40:00,71013,19:43:33,4,2665,State/Downtown Station - State St & Lodge St (02665),0,0,1,71040.0,19:44:00,71253,19:47:33,71040.0,19:44:00,71272,19:47:52,19,00:00:19,doors opened
07/12/2025,12,4197,Saturday,Saturday,West,15656348,70800,19:40:00,71013,19:43:33,3,3221,State Station - N. Pearl St & Ten Eyck Plaza (03221),0,0,1,,,71224,19:47:04,,,71224,19:47:04,0,00:00:00,door not opened
07/12/2025,12,4197,Saturday,Saturday,West,15656348,70800,19:40:00,71013,19:43:33,2,3233,N. Pearl St & Sheridan Ave (03233),0,0,1,,,71149,19:45:49,,,71149,19:45:49,0,00:00:00,door not opened
07/12/2025,12,4197,Saturday,Saturday,West,15656348,70800,19:40:00,71013,19:43:33,1,2168,Clinton Square Station - N. Pearl St & Clinton Ave (02168),0,0,1,,,71114,19:45:14,,,71114,19:45:14,0,00:00:00,door not opened
07/12/2025,12,4197,Saturday,Saturday,West,15656348,70800,19:40:00,71013,19:43:33,0,9018,Broadway & Orange St (09018),1,0,1,70800.0,19:40:00,71013,19:43:33,70800.0,19:40:00,71013,19:43:33,0,00:00:00,doors opened
07/12/2025,12,4197,Saturday,Saturday,West,15656348,70800,19:40:00,71013,19:43:33,27,7175,Crossgates Mall Station (07175),0,3,0,72960.0,20:16:00,73083,20:18:03,72960.0,20:16:00,73083,20:18:03,0,00:00:00,doors opened
07/12/2025,12,4197,Saturday,Saturday,West,15656348,70800,19:40:00,71013,19:43:33,26,12828,Crossgates Commons Station (12828),0,1,3,72540.0,20:09:00,72856,20:14:16,72540.0,20:09:00,72871,20:14:31,15,00:00:15,doors opened
07/12/2025,12,4197,Saturday,Saturday,West,15656348,70800,19:40:00,71013,19:43:33,25,12891,1475 Washington Ave (12891),0,0,4,,,72667,20:11:07,,,72667,20:11:07,0,00:00:00,door not opened
07/12/2025,12,4197,Saturday,Saturday,West,15656348,70800,19:40:00,71013,19:43:33,24,7216,SUNY Collins Circle (07216),0,0,4,72180.0,20:03:00,72530,20:08:50,72180.0,20:03:00,72541,20:09:01,11,00:00:11,doors opened
07/12/2025,12,4197,Saturday,Saturday,West,15656348,70800,19:40:00,71013,19:43:33,23,3262,1383 Washington Ave (Fairfield Inn) (03262),0,1,4,,,72403,20:06:43,,,72423,20:07:03,20,00:00:20,doors opened
07/12/2025,12,4197,Saturday,Saturday,West,15656348,70800,19:40:00,71013,19:43:33,22,976,Washington Ave & Brevator St (00976),2,0,5,,,72237,20:03:57,,,72270,20:04:30,33,00:00:33,doors opened
07/12/2025,12,4197,Saturday,Saturday,West,15656348,70800,19:40:00,71013,19:43:33,21,1959,Washington Ave & Colvin Ave (01959),1,0,3,,,72163,20:02:43,,,72211,20:03:31,48,00:00:48,doors opened
07/12/2025,12,4197,Saturday,Saturday,West,15656348,70800,19:40:00,71013,19:43:33,20,3399,Washington Ave & Danker Ave (03399),0,1,2,,,72107,20:01:47,,,72133,20:02:13,26,00:00:26,doors opened
07/12/2025,12,4197,Saturday,Saturday,West,15656348,70800,19:40:00,71013,19:43:33,19,1849,Washington Ave & Homestead Ave (01849),0,0,3,,,72085,20:01:25,,,72085,20:01:25,0,00:00:00,door not opened
07/12/2025,12,4197,Saturday,Saturday,East,15656351,78000,21:40:00,78124,21:42:04,24,3940,Broadway & Steuben St (03940),0,0,0,80040.0,22:14:00,80069,22:14:29,80040.0,22:14:00,80069,22:14:29,0,00:00:00,door not opened
07/12/2025,12,4197,Saturday,Saturday,East,15656351,78000,21:40:00,78124,21:42:04,23,2509,State/Downtown Station - State St & S. Pearl St (02509),0,0,0,79800.0,22:10:00,80015,22:13:35,79800.0,22:10:00,80015,22:13:35,0,00:00:00,door not opened
07/12/2025,12,4197,Saturday,Saturday,East,15656351,78000,21:40:00,78124,21:42:04,22,1787,State St & Eagle St (01787),0,0,0,,,79966,22:12:46,,,79966,22:12:46,0,00:00:00,door not opened
07/12/2025,12,4197,Saturday,Saturday,East,15656351,78000,21:40:00,78124,21:42:04,21,2706,Hawk/Capitol Station - Washington Ave & Hawk St (02706),0,0,0,,,79890,22:11:30,,,79890,22:11:30,0,00:00:00,door not opened
07/12/2025,12,4197,Saturday,Saturday,East,15656351,78000,21:40:00,78124,21:42:04,20,1789,Washington Ave & S. Swan St (01789),0,0,0,,,79872,22:11:12,,,79872,22:11:12,0,00:00:00,door not opened
07/12/2025,12,4197,Saturday,Saturday,East,15656351,78000,21:40:00,78124,21:42:04,19,1788,Washington Ave & Dove St (01788),0,0,0,,,79852,22:10:52,,,79852,22:10:52,0,00:00:00,door not opened
07/12/2025,12,4197,Saturday,Saturday,East,15656351,78000,21:40:00,78124,21:42:04,18,2663,Lark/Library Station - Washington Ave & Lark St (02663),0,0,0,79560.0,22:06:00,79832,22:10:32,79560.0,22:06:00,79832,22:10:32,0,00:00:00,door not opened
07/12/2025,12,4197,Saturday,Saturday,East,15656351,78000,21:40:00,78124,21:42:04,17,263,Washington Ave & Henry Johnson Blvd (00263),0,0,0,,,79730,22:08:50,,,79730,22:08:50,0,00:00:00,door not opened
07/12/2025,12,4197,Saturday,Saturday,East,15656351,78000,21:40:00,78124,21:42:04,16,2096,Washington Ave & Lexington Ave (02096),0,2,0,,,79638,22:07:18,,,79684,22:08:04,46,00:00:46,doors opened
07/12/2025,12,4197,Saturday,Saturday,East,15656351,78000,21:40:00,78124,21:42:04,15,3253,Washington Ave & Robin St (Draper Hall) (03253),0,0,2,,,79601,22:06:41,,,79601,22:06:41,0,00:00:00,door not opened
07/12/2025,12,4197,Saturday,Saturday,East,15656351,78000,21:40:00,78124,21:42:04,1,12827,Crossgates Commons Station (12827),2,2,8,78360.0,21:46:00,78423,21:47:03,78360.0,21:46:00,78469,21:47:49,46,00:00:46,doors opened
07/12/2025,12,4197,Saturday,Saturday,East,15656351,78000,21:40:00,78124,21:42:04,0,7175,Crossgates Mall Station (07175),8,0,8,78000.0,21:40:00,78124,21:42:04,78000.0,21:40:00,78124,21:42:04,0,00:00:00,doors opened
07/12/2025,12,4197,Saturday,Saturday,East,15656351,78000,21:40:00,78124,21:42:04,14,2109,Washington Ave & N. Lake Ave (02109),0,4,2,,,79552,22:05:52,,,79573,22:06:13,21,00:00:21,doors opened
07/12/2025,12,4197,Saturday,Saturday,East,15656351,78000,21:40:00,78124,21:42:04,13,3255,Washington Ave & Quail St (03255),0,0,6,,,79522,22:05:22,,,79522,22:05:22,0,00:00:00,door not opened
07/12/2025,12,4197,Saturday,Saturday,East,15656351,78000,21:40:00,78124,21:42:04,12,3256,Washington Ave & Ontario St (03256),0,3,6,79200.0,22:00:00,79457,22:04:17,79200.0,22:00:00,79476,22:04:36,19,00:00:19,doors opened
07/12/2025,12,4197,Saturday,Saturday,East,15656351,78000,21:40:00,78124,21:42:04,11,2107,Washington Ave & Partridge St (02107),0,0,9,,,79435,22:03:55,,,79435,22:03:55,0,00:00:00,door not opened
07/12/2025,12,4197,Saturday,Saturday,East,15656351,78000,21:40:00,78124,21:42:04,10,3257,Washington Ave & N. Main Ave (03257),0,0,9,,,79375,22:02:55,,,79375,22:02:55,0,00:00:00,door not opened
07/12/2025,12,4197,Saturday,Saturday,East,15656351,78000,21:40:00,78124,21:42:04,9,1796,Washington Ave & N. Allen St (01796),0,1,9,79080.0,21:58:00,79295,22:01:35,79080.0,21:58:00,79307,22:01:47,12,00:00:12,doors opened
07/12/2025,12,4197,Saturday,Saturday,East,15656351,78000,21:40:00,78124,21:42:04,8,11581,Washington Ave & Manning Blvd (11581),0,1,10,,,79199,21:59:59,,,79257,22:00:57,58,00:00:58,doors opened
07/12/2025,12,4197,Saturday,Saturday,East,15656351,78000,21:40:00,78124,21:42:04,7,2180,Washington Ave & Homestead Ave (02180),1,2,11,,,79144,21:59:04,,,79176,21:59:36,32,00:00:32,doors opened
07/12/2025,12,4197,Saturday,Saturday,East,15656351,78000,21:40:00,78124,21:42:04,6,2182,Washington Ave & Hawthorne St (02182),0,0,12,,,79119,21:58:39,,,79119,21:58:39,0,00:00:00,door not opened
07/12/2025,12,4197,Saturday,Saturday,East,15656351,78000,21:40:00,78124,21:42:04,5,3304,Washington Ave & Clermont St (03304),0,0,12,,,79097,21:58:17,,,79097,21:58:17,0,00:00:00,door not opened
07/12/2025,12,4197,Saturday,Saturday,East,15656351,78000,21:40:00,78124,21:42:04,4,3348,Washington Ave & Brevator St (03348),0,0,12,,,79060,21:57:40,,,79073,21:57:53,13,00:00:13,doors opened
07/12/2025,12,4197,Saturday,Saturday,East,15656351,78000,21:40:00,78124,21:42:04,3,10134,Washington Ave & SUNY Exit Rd (10134),5,1,12,,,78899,21:54:59,,,78929,21:55:29,30,00:00:30,doors opened
07/12/2025,12,4197,Saturday,Saturday,East,15656351,78000,21:40:00,78124,21:42:04,2,7216,SUNY Collins Circle (07216),0,0,8,78660.0,21:51:00,78806,21:53:26,78660.0,21:51:00,78806,21:53:26,0,00:00:00,door not opened
07/12/2025,12,4197,Saturday,Saturday,West,15656354,81000,22:30:00,81260,22:34:20,27,7175,Crossgates Mall Station (07175),0,0,0,82920.0,23:02:00,83286,23:08:06,82920.0,23:02:00,83286,23:08:06,0,00:00:00,doors opened
07/12/2025,12,4197,Saturday,Saturday,West,15656354,81000,22:30:00,81260,22:34:20,26,12828,Crossgates Commons Station (12828),0,0,0,82500.0,22:55:00,83031,23:03:51,82500.0,22:55:00,83031,23:03:51,0,00:00:00,door not opened
07/12/2025,12,4197,Saturday,Saturday,West,15656354,81000,22:30:00,81260,22:34:20,25,12891,1475 Washington Ave (12891),0,1,0,,,82836,23:00:36,,,82846,23:00:46,10,00:00:10,doors opened
07/12/2025,12,4197,Saturday,Saturday,West,15656354,81000,22:30:00,81260,22:34:20,24,7216,SUNY Collins Circle (07216),0,0,1,82200.0,22:50:00,82602,22:56:42,82200.0,22:50:00,82602,22:56:42,0,00:00:00,door not opened
07/12/2025,12,4197,Saturday,Saturday,West,15656354,81000,22:30:00,81260,22:34:20,23,3262,1383 Washington Ave (Fairfield Inn) (03262),0,1,1,,,82488,22:54:48,,,82503,22:55:03,15,00:00:15,doors opened
07/12/2025,12,4197,Saturday,Saturday,West,15656354,81000,22:30:00,81260,22:34:20,22,976,Washington Ave & Brevator St (00976),0,0,2,,,82375,22:52:55,,,82375,22:52:55,0,00:00:00,door not opened
07/12/2025,12,4197,Saturday,Saturday,West,15656354,81000,22:30:00,81260,22:34:20,21,1959,Washington Ave & Colvin Ave (01959),0,0,2,,,82351,22:52:31,,,82351,22:52:31,0,00:00:00,door not opened
07/12/2025,12,4197,Saturday,Saturday,West,15656354,81000,22:30:00,81260,22:34:20,20,3399,Washington Ave & Danker Ave (03399),0,2,2,,,82308,22:51:48,,,82324,22:52:04,16,00:00:16,doors opened
07/12/2025,12,4197,Saturday,Saturday,West,15656354,81000,22:30:00,81260,22:34:20,19,1849,Washington Ave & Homestead Ave (01849),0,0,4,,,82285,22:51:25,,,82285,22:51:25,0,00:00:00,door not opened
07/12/2025,12,4197,Saturday,Saturday,West,15656354,81000,22:30:00,81260,22:34:20,18,1846,Washington Ave & Manning Blvd (01846),2,0,4,,,82236,22:50:36,,,82257,22:50:57,21,00:00:21,doors opened
07/12/2025,12,4197,Saturday,Saturday,West,15656354,81000,22:30:00,81260,22:34:20,17,3287,Washington Ave & N. Allen St (03287),1,2,2,81900.0,22:45:00,82183,22:49:43,81900.0,22:45:00,82201,22:50:01,18,00:00:18,doors opened
07/12/2025,12,4197,Saturday,Saturday,West,15656354,81000,22:30:00,81260,22:34:20,16,3264,Washington Ave & N. Main Ave (03264),0,1,3,,,82128,22:48:48,,,82145,22:49:05,17,00:00:17,doors opened
07/12/2025,12,4197,Saturday,Saturday,West,15656354,81000,22:30:00,81260,22:34:20,15,1839,Washington Ave & Partridge St (01839),0,0,4,,,82046,22:47:26,,,82046,22:47:26,0,00:00:00,door not opened
07/12/2025,12,4197,Saturday,Saturday,West,15656354,81000,22:30:00,81260,22:34:20,14,1841,Washington Ave & Ontario St (01841),1,1,4,81720.0,22:42:00,82006,22:46:46,81720.0,22:42:00,82022,22:47:02,16,00:00:16,doors opened
07/12/2025,12,4197,Saturday,Saturday,West,15656354,81000,22:30:00,81260,22:34:20,13,1842,Washington Ave & Quail St (01842),0,1,4,,,81956,22:45:56,,,81981,22:46:21,25,00:00:25,doors opened
07/12/2025,12,4197,Saturday,Saturday,West,15656354,81000,22:30:00,81260,22:34:20,12,1837,Washington Ave & N. Lake Ave (01837),0,1,5,,,81912,22:45:12,,,81926,22:45:26,14,00:00:14,doors opened
07/12/2025,12,4197,Saturday,Saturday,West,15656354,81000,22:30:00,81260,22:34:20,11,1843,Washington Ave & Robin St (01843),0,1,6,,,81875,22:44:35,,,81884,22:44:44,9,00:00:09,doors opened
07/12/2025,12,4197,Saturday,Saturday,West,15656354,81000,22:30:00,81260,22:34:20,10,12943,Washington Ave & Lexington Ave (12943),0,1,7,,,81823,22:43:43,,,81846,22:44:06,23,00:00:23,doors opened
07/12/2025,12,4197,Saturday,Saturday,West,15656354,81000,22:30:00,81260,22:34:20,9,12942,Washington Ave & Henry Johnson Blvd (12942),0,2,8,,,81773,22:42:53,,,81784,22:43:04,11,00:00:11,doors opened
07/12/2025,12,4197,Saturday,Saturday,West,15656354,81000,22:30:00,81260,22:34:20,8,3239,Lark/Library Station - Washington Ave & Lark St (03239),2,0,10,81360.0,22:36:00,81650,22:40:50,81360.0,22:36:00,81687,22:41:27,37,00:00:37,doors opened
07/12/2025,12,4197,Saturday,Saturday,West,15656354,81000,22:30:00,81260,22:34:20,7,3301,Washington Ave & S. Swan St (03301),0,1,8,,,81579,22:39:39,,,81613,22:40:13,34,00:00:34,doors opened
07/12/2025,12,4197,Saturday,Saturday,West,15656354,81000,22:30:00,81260,22:34:20,6,3250,Hawk/Capitol Station - Washington Ave & Hawk St (03250),0,0,9,,,81556,22:39:16,,,81556,22:39:16,0,00:00:00,door not opened
07/12/2025,12,4197,Saturday,Saturday,West,15656354,81000,22:30:00,81260,22:34:20,5,10087,State St & Eagle St (10087),0,0,9,,,81526,22:38:46,,,81526,22:38:46,0,00:00:00,door not opened
07/12/2025,12,4197,Saturday,Saturday,West,15656354,81000,22:30:00,81260,22:34:20,4,2665,State/Downtown Station - State St & Lodge St (02665),7,0,9,81180.0,22:33:00,81434,22:37:14,81180.0,22:33:00,81488,22:38:08,54,00:00:54,doors opened
07/12/2025,12,4197,Saturday,Saturday,West,15656354,81000,22:30:00,81260,22:34:20,3,3221,State Station - N. Pearl St & Ten Eyck Plaza (03221),0,0,2,,,81364,22:36:04,,,81364,22:36:04,0,00:00:00,door not opened
07/12/2025,12,4197,Saturday,Saturday,West,15656354,81000,22:30:00,81260,22:34:20,2,3233,N. Pearl St & Sheridan Ave (03233),0,0,2,,,81319,22:35:19,,,81319,22:35:19,0,00:00:00,door not opened
07/12/2025,12,4197,Saturday,Saturday,West,15656354,81000,22:30:00,81260,22:34:20,1,2168,Clinton Square Station - N. Pearl St & Clinton Ave (02168),2,0,2,,,81269,22:34:29,,,81295,22:34:55,26,00:00:26,doors opened
07/12/2025,12,4197,Saturday,Saturday,West,15656354,81000,22:30:00,81260,22:34:20,0,9018,Broadway & Orange St (09018),0,0,0,81000.0,22:30:00,81260,22:34:20,81000.0,22:30:00,81260,22:34:20,0,00:00:00,door not opened
07/12/2025,12,4197,Saturday,Saturday,East,15656355,83100,23:05:00,83352,23:09:12,22,1787,State St & Eagle St (01787),0,0,2,,,85044,23:37:24,,,85044,23:37:24,0,00:00:00,door not opened
07/12/2025,12,4197,Saturday,Saturday,East,15656355,83100,23:05:00,83352,23:09:12,21,2706,Hawk/Capitol Station - Washington Ave & Hawk St (02706),0,1,2,,,84914,23:35:14,,,84926,23:35:26,12,00:00:12,doors opened
07/12/2025,12,4197,Saturday,Saturday,East,15656355,83100,23:05:00,83352,23:09:12,20,1789,Washington Ave & S. Swan St (01789),0,0,3,,,84893,23:34:53,,,84893,23:34:53,0,00:00:00,door not opened
07/12/2025,12,4197,Saturday,Saturday,East,15656355,83100,23:05:00,83352,23:09:12,19,1788,Washington Ave & Dove St (01788),0,0,3,,,84869,23:34:29,,,84869,23:34:29,0,00:00:00,door not opened
07/12/2025,12,4197,Saturday,Saturday,East,15656355,83100,23:05:00,83352,23:09:12,18,2663,Lark/Library Station - Washington Ave & Lark St (02663),0,0,3,84540.0,23:29:00,84853,23:34:13,84540.0,23:29:00,84853,23:34:13,0,00:00:00,door not opened
07/12/2025,12,4197,Saturday,Saturday,East,15656355,83100,23:05:00,83352,23:09:12,17,263,Washington Ave & Henry Johnson Blvd (00263),0,0,3,,,84798,23:33:18,,,84798,23:33:18,0,00:00:00,door not opened
07/12/2025,12,4197,Saturday,Saturday,East,15656355,83100,23:05:00,83352,23:09:12,16,2096,Washington Ave & Lexington Ave (02096),0,1,3,,,84681,23:31:21,,,84763,23:32:43,82,00:01:22,doors opened
07/12/2025,12,4197,Saturday,Saturday,East,15656355,83100,23:05:00,83352,23:09:12,15,3253,Washington Ave & Robin St (Draper Hall) (03253),1,2,4,,,84633,23:30:33,,,84661,23:31:01,28,00:00:28,doors opened
07/12/2025,12,4197,Saturday,Saturday,East,15656355,83100,23:05:00,83352,23:09:12,14,2109,Washington Ave & N. Lake Ave (02109),0,1,5,,,84584,23:29:44,,,84609,23:30:09,25,00:00:25,doors opened
07/12/2025,12,4197,Saturday,Saturday,East,15656355,83100,23:05:00,83352,23:09:12,13,3255,Washington Ave & Quail St (03255),0,0,6,,,84562,23:29:22,,,84562,23:29:22,0,00:00:00,door not opened
07/12/2025,12,4197,Saturday,Saturday,East,15656355,83100,23:05:00,83352,23:09:12,12,3256,Washington Ave & Ontario St (03256),0,0,6,84240.0,23:24:00,84511,23:28:31,84240.0,23:24:00,84511,23:28:31,0,00:00:00,door not opened
07/12/2025,12,4197,Saturday,Saturday,East,15656355,83100,23:05:00,83352,23:09:12,11,2107,Washington Ave & Partridge St (02107),0,0,6,,,84489,23:28:09,,,84489,23:28:09,0,00:00:00,door not opened
07/12/2025,12,4197,Saturday,Saturday,East,15656355,83100,23:05:00,83352,23:09:12,10,3257,Washington Ave & N. Main Ave (03257),0,0,6,,,84414,23:26:54,,,84414,23:26:54,0,00:00:00,door not opened
07/12/2025,12,4197,Saturday,Saturday,East,15656355,83100,23:05:00,83352,23:09:12,9,1796,Washington Ave & N. Allen St (01796),0,3,6,84120.0,23:22:00,84330,23:25:30,84120.0,23:22:00,84346,23:25:46,16,00:00:16,doors opened
07/12/2025,12,4197,Saturday,Saturday,East,15656355,83100,23:05:00,83352,23:09:12,8,11581,Washington Ave & Manning Blvd (11581),0,2,9,,,84238,23:23:58,,,84297,23:24:57,59,00:00:59,doors opened
07/12/2025,12,4197,Saturday,Saturday,East,15656355,83100,23:05:00,83352,23:09:12,7,2180,Washington Ave & Homestead Ave (02180),0,0,11,,,84205,23:23:25,,,84205,23:23:25,0,00:00:00,door not opened
07/12/2025,12,4197,Saturday,Saturday,East,15656355,83100,23:05:00,83352,23:09:12,6,2182,Washington Ave & Hawthorne St (02182),0,0,11,,,84174,23:22:54,,,84174,23:22:54,0,00:00:00,door not opened
07/12/2025,12,4197,Saturday,Saturday,East,15656355,83100,23:05:00,83352,23:09:12,5,3304,Washington Ave & Clermont St (03304),0,0,11,,,84160,23:22:40,,,84160,23:22:40,0,00:00:00,door not opened
07/12/2025,12,4197,Saturday,Saturday,East,15656355,83100,23:05:00,83352,23:09:12,4,3348,Washington Ave & Brevator St (03348),0,0,11,,,84143,23:22:23,,,84143,23:22:23,0,00:00:00,door not opened
07/12/2025,12,4197,Saturday,Saturday,East,15656355,83100,23:05:00,83352,23:09:12,3,10134,Washington Ave & SUNY Exit Rd (10134),1,0,11,,,83999,23:19:59,,,84016,23:20:16,17,00:00:17,doors opened
07/12/2025,12,4197,Saturday,Saturday,East,15656355,83100,23:05:00,83352,23:09:12,2,7216,SUNY Collins Circle (07216),1,0,10,83700.0,23:15:00,83887,23:18:07,83700.0,23:15:00,83902,23:18:22,15,00:00:15,doors opened
07/12/2025,12,4197,Saturday,Saturday,East,15656355,83100,23:05:00,83352,23:09:12,1,12827,Crossgates Commons Station (12827),2,0,9,83460.0,23:11:00,83602,23:13:22,83460.0,23:11:00,83639,23:13:59,37,00:00:37,doors opened
07/12/2025,12,4197,Saturday,Saturday,East,15656355,83100,23:05:00,83352,23:09:12,0,7175,Crossgates Mall Station (07175),7,0,7,83100.0,23:05:00,83352,23:09:12,83100.0,23:05:00,83352,23:09:12,0,00:00:00,doors opened
07/12/2025,12,4197,Saturday,Saturday,East,15656355,83100,23:05:00,83352,23:09:12,24,3940,Broadway & Steuben St (03940),0,0,0,84960.0,23:36:00,85240,23:40:40,84960.0,23:36:00,85240,23:40:40,0,00:00:00,door not opened
07/12/2025,12,4197,Saturday,Saturday,East,15656355,83100,23:05:00,83352,23:09:12,23,2509,State/Downtown Station - State St & S. Pearl St (02509),0,2,0,84720.0,23:32:00,85066,23:37:46,84720.0,23:32:00,85126,23:38:46,60,00:01:00,doors opened
07/12/2025,12,4200,Saturday,Saturday,West,15656413,23400,06:30:00,23830,06:37:10,27,7175,Crossgates Mall Station (07175),0,4,0,25380.0,07:03:00,25523,07:05:23,25380.0,07:03:00,25523,07:05:23,0,00:00:00,doors opened
07/12/2025,12,4200,Saturday,Saturday,West,15656413,23400,06:30:00,23830,06:37:10,26,12828,Crossgates Commons Station (12828),0,11,4,24960.0,06:56:00,25264,07:01:04,24960.0,06:56:00,25301,07:01:41,37,00:00:37,doors opened
07/12/2025,12,4200,Saturday,Saturday,West,15656413,23400,06:30:00,23830,06:37:10,25,12891,1475 Washington Ave (12891),1,0,15,,,25076,06:57:56,,,25100,06:58:20,24,00:00:24,doors opened
07/12/2025,12,4200,Saturday,Saturday,West,15656413,23400,06:30:00,23830,06:37:10,24,7216,SUNY Collins Circle (07216),0,0,14,24600.0,06:50:00,24975,06:56:15,24600.0,06:50:00,24975,06:56:15,0,00:00:00,door not opened
07/12/2025,12,4200,Saturday,Saturday,West,15656413,23400,06:30:00,23830,06:37:10,23,3262,1383 Washington Ave (Fairfield Inn) (03262),1,0,14,,,24827,06:53:47,,,24869,06:54:29,42,00:00:42,doors opened
07/12/2025,12,4200,Saturday,Saturday,West,15656413,23400,06:30:00,23830,06:37:10,22,976,Washington Ave & Brevator St (00976),0,0,13,,,24706,06:51:46,,,24706,06:51:46,0,00:00:00,door not opened
07/12/2025,12,4200,Saturday,Saturday,West,15656413,23400,06:30:00,23830,06:37:10,21,1959,Washington Ave & Colvin Ave (01959),1,0,13,,,24665,06:51:05,,,24683,06:51:23,18,00:00:18,doors opened
07/12/2025,12,4200,Saturday,Saturday,West,15656413,23400,06:30:00,23830,06:37:10,20,3399,Washington Ave & Danker Ave (03399),0,0,12,,,24642,06:50:42,,,24642,06:50:42,0,00:00:00,door not opened
07/12/2025,12,4200,Saturday,Saturday,West,15656413,23400,06:30:00,23830,06:37:10,19,1849,Washington Ave & Homestead Ave (01849),0,0,12,,,24621,06:50:21,,,24621,06:50:21,0,00:00:00,door not opened
07/12/2025,12,4200,Saturday,Saturday,West,15656413,23400,06:30:00,23830,06:37:10,18,1846,Washington Ave & Manning Blvd (01846),1,0,12,,,24556,06:49:16,,,24597,06:49:57,41,00:00:41,doors opened
07/12/2025,12,4200,Saturday,Saturday,West,15656413,23400,06:30:00,23830,06:37:10,17,3287,Washington Ave & N. Allen St (03287),1,0,11,24300.0,06:45:00,24508,06:48:28,24300.0,06:45:00,24524,06:48:44,16,00:00:16,doors opened
07/12/2025,12,4200,Saturday,Saturday,West,15656413,23400,06:30:00,23830,06:37:10,16,3264,Washington Ave & N. Main Ave (03264),0,1,10,,,24430,06:47:10,,,24474,06:47:54,44,00:00:44,doors opened
07/12/2025,12,4200,Saturday,Saturday,West,15656413,23400,06:30:00,23830,06:37:10,15,1839,Washington Ave & Partridge St (01839),0,1,11,,,24352,06:45:52,,,24364,06:46:04,12,00:00:12,doors opened
07/12/2025,12,4200,Saturday,Saturday,West,15656413,23400,06:30:00,23830,06:37:10,14,1841,Washington Ave & Ontario St (01841),2,0,12,24120.0,06:42:00,24289,06:44:49,24120.0,06:42:00,24324,06:45:24,35,00:00:35,doors opened
07/12/2025,12,4200,Saturday,Saturday,West,15656413,23400,06:30:00,23830,06:37:10,13,1842,Washington Ave & Quail St (01842),2,0,10,,,24224,06:43:44,,,24259,06:44:19,35,00:00:35,doors opened
07/12/2025,12,4200,Saturday,Saturday,West,15656413,23400,06:30:00,23830,06:37:10,12,1837,Washington Ave & N. Lake Ave (01837),0,0,8,,,24194,06:43:14,,,24194,06:43:14,0,00:00:00,door not opened
07/12/2025,12,4200,Saturday,Saturday,West,15656413,23400,06:30:00,23830,06:37:10,11,1843,Washington Ave & Robin St (01843),0,0,8,,,24147,06:42:27,,,24147,06:42:27,0,00:00:00,door not opened
07/12/2025,12,4200,Saturday,Saturday,West,15656413,23400,06:30:00,23830,06:37:10,10,12943,Washington Ave & Lexington Ave (12943),1,0,8,,,24076,06:41:16,,,24119,06:41:59,43,00:00:43,doors opened
07/12/2025,12,4200,Saturday,Saturday,West,15656413,23400,06:30:00,23830,06:37:10,9,12942,Washington Ave & Henry Johnson Blvd (12942),0,0,7,,,24050,06:40:50,,,24050,06:40:50,0,00:00:00,door not opened
07/12/2025,12,4200,Saturday,Saturday,West,15656413,23400,06:30:00,23830,06:37:10,8,3239,Lark/Library Station - Washington Ave & Lark St (03239),0,0,7,23760.0,06:36:00,23967,06:39:27,23760.0,06:36:00,23967,06:39:27,0,00:00:00,door not opened
07/12/2025,12,4200,Saturday,Saturday,West,15656413,23400,06:30:00,23830,06:37:10,7,3301,Washington Ave & S. Swan St (03301),0,0,7,,,23899,06:38:19,,,23899,06:38:19,0,00:00:00,door not opened
07/12/2025,12,4200,Saturday,Saturday,West,15656413,23400,06:30:00,23830,06:37:10,6,3250,Hawk/Capitol Station - Washington Ave & Hawk St (03250),0,0,7,,,23877,06:37:57,,,23877,06:37:57,0,00:00:00,door not opened
07/12/2025,12,4200,Saturday,Saturday,West,15656413,23400,06:30:00,23830,06:37:10,5,10087,State St & Eagle St (10087),0,0,7,,,23830,06:37:10,,,23847,06:37:27,17,00:00:17,door not opened
07/12/2025,12,4200,Saturday,Saturday,West,15656413,23400,06:30:00,23830,06:37:10,0,9018,Broadway & Orange St (09018),1,0,7,23400.0,06:30:00,23830,06:37:10,23400.0,06:30:00,23830,06:37:10,0,00:00:00,doors opened
07/12/2025,12,4200,Saturday,Saturday,East,15656414,25800,07:10:00,25998,07:13:18,24,3940,Broadway & Steuben St (03940),0,1,0,27600.0,07:40:00,28008,07:46:48,27600.0,07:40:00,28008,07:46:48,0,00:00:00,doors opened
07/12/2025,12,4200,Saturday,Saturday,East,15656414,25800,07:10:00,25998,07:13:18,23,2509,State/Downtown Station - State St & S. Pearl St (02509),0,5,1,27360.0,07:36:00,27877,07:44:37,27360.0,07:36:00,27932,07:45:32,55,00:00:55,doors opened
07/12/2025,12,4200,Saturday,Saturday,East,15656414,25800,07:10:00,25998,07:13:18,22,1787,State St & Eagle St (01787),0,0,6,,,27862,07:44:22,,,27862,07:44:22,0,00:00:00,door not opened
07/12/2025,12,4200,Saturday,Saturday,East,15656414,25800,07:10:00,25998,07:13:18,21,2706,Hawk/Capitol Station - Washington Ave & Hawk St (02706),0,0,6,,,27813,07:43:33,,,27813,07:43:33,0,00:00:00,door not opened
07/12/2025,12,4200,Saturday,Saturday,East,15656414,25800,07:10:00,25998,07:13:18,20,1789,Washington Ave & S. Swan St (01789),0,0,6,,,27798,07:43:18,,,27798,07:43:18,0,00:00:00,door not opened
07/12/2025,12,4200,Saturday,Saturday,East,15656414,25800,07:10:00,25998,07:13:18,19,1788,Washington Ave & Dove St (01788),0,0,6,,,27781,07:43:01,,,27781,07:43:01,0,00:00:00,door not opened
07/12/2025,12,4200,Saturday,Saturday,East,15656414,25800,07:10:00,25998,07:13:18,18,2663,Lark/Library Station - Washington Ave & Lark St (02663),1,1,6,27180.0,07:33:00,27728,07:42:08,27180.0,07:33:00,27759,07:42:39,31,00:00:31,doors opened
07/12/2025,12,4200,Saturday,Saturday,East,15656414,25800,07:10:00,25998,07:13:18,17,263,Washington Ave & Henry Johnson Blvd (00263),0,1,6,,,27664,07:41:04,,,27702,07:41:42,38,00:00:38,doors opened
07/12/2025,12,4200,Saturday,Saturday,East,15656414,25800,07:10:00,25998,07:13:18,16,2096,Washington Ave & Lexington Ave (02096),0,4,7,,,27567,07:39:27,,,27635,07:40:35,68,00:01:08,doors opened
07/12/2025,12,4200,Saturday,Saturday,East,15656414,25800,07:10:00,25998,07:13:18,15,3253,Washington Ave & Robin St (Draper Hall) (03253),0,0,11,,,27545,07:39:05,,,27545,07:39:05,0,00:00:00,door not opened
07/12/2025,12,4200,Saturday,Saturday,East,15656414,25800,07:10:00,25998,07:13:18,14,2109,Washington Ave & N. Lake Ave (02109),0,1,11,,,27503,07:38:23,,,27520,07:38:40,17,00:00:17,doors opened
07/12/2025,12,4200,Saturday,Saturday,East,15656414,25800,07:10:00,25998,07:13:18,13,3255,Washington Ave & Quail St (03255),1,3,12,,,27434,07:37:14,,,27475,07:37:55,41,00:00:41,doors opened
07/12/2025,12,4200,Saturday,Saturday,East,15656414,25800,07:10:00,25998,07:13:18,12,3256,Washington Ave & Ontario St (03256),0,0,14,26880.0,07:28:00,27416,07:36:56,26880.0,07:28:00,27416,07:36:56,0,00:00:00,door not opened
07/12/2025,12,4200,Saturday,Saturday,East,15656414,25800,07:10:00,25998,07:13:18,11,2107,Washington Ave & Partridge St (02107),0,1,14,,,27377,07:36:17,,,27392,07:36:32,15,00:00:15,doors opened
07/12/2025,12,4200,Saturday,Saturday,East,15656414,25800,07:10:00,25998,07:13:18,10,3257,Washington Ave & N. Main Ave (03257),1,0,15,,,27270,07:34:30,,,27293,07:34:53,23,00:00:23,doors opened
07/12/2025,12,4200,Saturday,Saturday,East,15656414,25800,07:10:00,25998,07:13:18,9,1796,Washington Ave & N. Allen St (01796),0,0,14,26760.0,07:26:00,27236,07:33:56,26760.0,07:26:00,27236,07:33:56,0,00:00:00,door not opened
07/12/2025,12,4200,Saturday,Saturday,East,15656414,25800,07:10:00,25998,07:13:18,8,11581,Washington Ave & Manning Blvd (11581),1,0,14,,,27129,07:32:09,,,27164,07:32:44,35,00:00:35,doors opened
07/12/2025,12,4200,Saturday,Saturday,East,15656414,25800,07:10:00,25998,07:13:18,7,2180,Washington Ave & Homestead Ave (02180),1,0,13,,,27092,07:31:32,,,27107,07:31:47,15,00:00:15,doors opened
07/12/2025,12,4200,Saturday,Saturday,East,15656414,25800,07:10:00,25998,07:13:18,6,2182,Washington Ave & Hawthorne St (02182),0,0,12,,,27067,07:31:07,,,27067,07:31:07,0,00:00:00,door not opened
07/12/2025,12,4200,Saturday,Saturday,East,15656414,25800,07:10:00,25998,07:13:18,5,3304,Washington Ave & Clermont St (03304),0,1,12,,,27001,07:30:01,,,27040,07:30:40,39,00:00:39,doors opened
07/12/2025,12,4200,Saturday,Saturday,East,15656414,25800,07:10:00,25998,07:13:18,4,3348,Washington Ave & Brevator St (03348),0,1,13,,,26966,07:29:26,,,26980,07:29:40,14,00:00:14,doors opened
07/12/2025,12,4200,Saturday,Saturday,East,15656414,25800,07:10:00,25998,07:13:18,3,10134,Washington Ave & SUNY Exit Rd (10134),0,1,14,,,26817,07:26:57,,,26837,07:27:17,20,00:00:20,doors opened
07/12/2025,12,4200,Saturday,Saturday,East,15656414,25800,07:10:00,25998,07:13:18,2,7216,SUNY Collins Circle (07216),1,0,15,26340.0,07:19:00,26683,07:24:43,26340.0,07:19:00,26699,07:24:59,16,00:00:16,doors opened
07/12/2025,12,4200,Saturday,Saturday,East,15656414,25800,07:10:00,25998,07:13:18,1,12827,Crossgates Commons Station (12827),14,0,14,26100.0,07:15:00,26298,07:18:18,26100.0,07:15:00,26429,07:20:29,131,00:02:11,doors opened
07/12/2025,12,4200,Saturday,Saturday,East,15656414,25800,07:10:00,25998,07:13:18,0,7175,Crossgates Mall Station (07175),0,0,0,25800.0,07:10:00,25998,07:13:18,25800.0,07:10:00,25998,07:13:18,0,00:00:00,doors opened
07/12/2025,12,4200,Saturday,Saturday,West,15656417,28800,08:00:00,29018,08:03:38,23,3262,1383 Washington Ave (Fairfield Inn) (03262),0,1,14,,,30231,08:23:51,,,30248,08:24:08,17,00:00:17,doors opened
07/12/2025,12,4200,Saturday,Saturday,West,15656417,28800,08:00:00,29018,08:03:38,22,976,Washington Ave & Brevator St (00976),0,0,15,,,30109,08:21:49,,,30109,08:21:49,0,00:00:00,door not opened
07/12/2025,12,4200,Saturday,Saturday,West,15656417,28800,08:00:00,29018,08:03:38,21,1959,Washington Ave & Colvin Ave (01959),0,0,15,,,30081,08:21:21,,,30081,08:21:21,0,00:00:00,door not opened
07/12/2025,12,4200,Saturday,Saturday,West,15656417,28800,08:00:00,29018,08:03:38,20,3399,Washington Ave & Danker Ave (03399),0,0,15,,,30061,08:21:01,,,30061,08:21:01,0,00:00:00,door not opened
07/12/2025,12,4200,Saturday,Saturday,West,15656417,28800,08:00:00,29018,08:03:38,19,1849,Washington Ave & Homestead Ave (01849),1,1,15,,,30020,08:20:20,,,30038,08:20:38,18,00:00:18,doors opened
07/12/2025,12,4200,Saturday,Saturday,West,15656417,28800,08:00:00,29018,08:03:38,18,1846,Washington Ave & Manning Blvd (01846),0,0,15,,,30001,08:20:01,,,30001,08:20:01,0,00:00:00,door not opened
07/12/2025,12,4200,Saturday,Saturday,West,15656417,28800,08:00:00,29018,08:03:38,17,3287,Washington Ave & N. Allen St (03287),1,1,15,29760.0,08:16:00,29906,08:18:26,29760.0,08:16:00,29950,08:19:10,44,00:00:44,doors opened
07/12/2025,12,4200,Saturday,Saturday,West,15656417,28800,08:00:00,29018,08:03:38,16,3264,Washington Ave & N. Main Ave (03264),0,0,15,,,29875,08:17:55,,,29875,08:17:55,0,00:00:00,door not opened
07/12/2025,12,4200,Saturday,Saturday,West,15656417,28800,08:00:00,29018,08:03:38,15,1839,Washington Ave & Partridge St (01839),1,1,15,,,29751,08:15:51,,,29769,08:16:09,18,00:00:18,doors opened
07/12/2025,12,4200,Saturday,Saturday,West,15656417,28800,08:00:00,29018,08:03:38,14,1841,Washington Ave & Ontario St (01841),0,2,15,29580.0,08:13:00,29707,08:15:07,29580.0,08:13:00,29729,08:15:29,22,00:00:22,doors opened
07/12/2025,12,4200,Saturday,Saturday,West,15656417,28800,08:00:00,29018,08:03:38,13,1842,Washington Ave & Quail St (01842),4,0,17,,,29648,08:14:08,,,29685,08:14:45,37,00:00:37,doors opened
07/12/2025,12,4200,Saturday,Saturday,West,15656417,28800,08:00:00,29018,08:03:38,12,1837,Washington Ave & N. Lake Ave (01837),0,0,13,,,29623,08:13:43,,,29623,08:13:43,0,00:00:00,door not opened
07/12/2025,12,4200,Saturday,Saturday,West,15656417,28800,08:00:00,29018,08:03:38,11,1843,Washington Ave & Robin St (01843),2,0,13,,,29578,08:12:58,,,29602,08:13:22,24,00:00:24,doors opened
07/12/2025,12,4200,Saturday,Saturday,West,15656417,28800,08:00:00,29018,08:03:38,10,12943,Washington Ave & Lexington Ave (12943),0,0,11,,,29552,08:12:32,,,29552,08:12:32,0,00:00:00,door not opened
07/12/2025,12,4200,Saturday,Saturday,West,15656417,28800,08:00:00,29018,08:03:38,9,12942,Washington Ave & Henry Johnson Blvd (12942),2,0,11,,,29503,08:11:43,,,29522,08:12:02,19,00:00:19,doors opened
07/12/2025,12,4200,Saturday,Saturday,West,15656417,28800,08:00:00,29018,08:03:38,8,3239,Lark/Library Station - Washington Ave & Lark St (03239),3,1,9,29220.0,08:07:00,29400,08:10:00,29220.0,08:07:00,29435,08:10:35,35,00:00:35,doors opened
07/12/2025,12,4200,Saturday,Saturday,West,15656417,28800,08:00:00,29018,08:03:38,7,3301,Washington Ave & S. Swan St (03301),0,0,7,,,29340,08:09:00,,,29340,08:09:00,0,00:00:00,door not opened
07/12/2025,12,4200,Saturday,Saturday,West,15656417,28800,08:00:00,29018,08:03:38,6,3250,Hawk/Capitol Station - Washington Ave & Hawk St (03250),0,0,7,,,29320,08:08:40,,,29320,08:08:40,0,00:00:00,door not opened
07/12/2025,12,4200,Saturday,Saturday,West,15656417,28800,08:00:00,29018,08:03:38,5,10087,State St & Eagle St (10087),0,0,7,,,29294,08:08:14,,,29294,08:08:14,0,00:00:00,door not opened
07/12/2025,12,4200,Saturday,Saturday,West,15656417,28800,08:00:00,29018,08:03:38,4,2665,State/Downtown Station - State St & Lodge St (02665),2,0,7,29040.0,08:04:00,29244,08:07:24,29040.0,08:04:00,29262,08:07:42,18,00:00:18,doors opened
07/12/2025,12,4200,Saturday,Saturday,West,15656417,28800,08:00:00,29018,08:03:38,27,7175,Crossgates Mall Station (07175),0,5,1,30900.0,08:35:00,30946,08:35:46,30900.0,08:35:00,30946,08:35:46,0,00:00:00,doors opened
07/12/2025,12,4200,Saturday,Saturday,West,15656417,28800,08:00:00,29018,08:03:38,26,12828,Crossgates Commons Station (12828),0,8,6,30480.0,08:28:00,30703,08:31:43,30480.0,08:28:00,30723,08:32:03,20,00:00:20,doors opened
07/12/2025,12,4200,Saturday,Saturday,West,15656417,28800,08:00:00,29018,08:03:38,3,3221,State Station - N. Pearl St & Ten Eyck Plaza (03221),3,0,5,,,29129,08:05:29,,,29221,08:07:01,92,00:01:32,doors opened
07/12/2025,12,4200,Saturday,Saturday,West,15656417,28800,08:00:00,29018,08:03:38,2,3233,N. Pearl St & Sheridan Ave (03233),0,0,2,,,29096,08:04:56,,,29096,08:04:56,0,00:00:00,door not opened
07/12/2025,12,4200,Saturday,Saturday,West,15656417,28800,08:00:00,29018,08:03:38,1,2168,Clinton Square Station - N. Pearl St & Clinton Ave (02168),0,0,2,,,29080,08:04:40,,,29080,08:04:40,0,00:00:00,door not opened
07/12/2025,12,4200,Saturday,Saturday,West,15656417,28800,08:00:00,29018,08:03:38,0,9018,Broadway & Orange St (09018),2,0,2,28800.0,08:00:00,29018,08:03:38,28800.0,08:00:00,29018,08:03:38,0,00:00:00,doors opened
07/12/2025,12,4200,Saturday,Saturday,East,15656418,31200,08:40:00,31385,08:43:05,23,2509,State/Downtown Station - State St & S. Pearl St (02509),0,2,0,32760.0,09:06:00,33092,09:11:32,32760.0,09:06:00,33158,09:12:38,66,00:01:06,doors opened
07/12/2025,12,4200,Saturday,Saturday,East,15656418,31200,08:40:00,31385,08:43:05,22,1787,State St & Eagle St (01787),0,0,2,,,33075,09:11:15,,,33075,09:11:15,0,00:00:00,door not opened
07/12/2025,12,4200,Saturday,Saturday,East,15656418,31200,08:40:00,31385,08:43:05,21,2706,Hawk/Capitol Station - Washington Ave & Hawk St (02706),0,0,2,,,33030,09:10:30,,,33030,09:10:30,0,00:00:00,door not opened
07/12/2025,12,4200,Saturday,Saturday,East,15656418,31200,08:40:00,31385,08:43:05,20,1789,Washington Ave & S. Swan St (01789),0,0,2,,,33010,09:10:10,,,33010,09:10:10,0,00:00:00,door not opened
07/12/2025,12,4200,Saturday,Saturday,East,15656418,31200,08:40:00,31385,08:43:05,19,1788,Washington Ave & Dove St (01788),1,0,2,,,32945,09:09:05,,,32981,09:09:41,36,00:00:36,doors opened
07/12/2025,12,4200,Saturday,Saturday,East,15656418,31200,08:40:00,31385,08:43:05,18,2663,Lark/Library Station - Washington Ave & Lark St (02663),0,1,1,32580.0,09:03:00,32896,09:08:16,32580.0,09:03:00,32915,09:08:35,19,00:00:19,doors opened
07/12/2025,12,4200,Saturday,Saturday,East,15656418,31200,08:40:00,31385,08:43:05,17,263,Washington Ave & Henry Johnson Blvd (00263),0,1,2,,,32853,09:07:33,,,32868,09:07:48,15,00:00:15,doors opened
07/12/2025,12,4200,Saturday,Saturday,East,15656418,31200,08:40:00,31385,08:43:05,16,2096,Washington Ave & Lexington Ave (02096),0,0,3,,,32818,09:06:58,,,32818,09:06:58,0,00:00:00,door not opened
07/12/2025,12,4200,Saturday,Saturday,East,15656418,31200,08:40:00,31385,08:43:05,15,3253,Washington Ave & Robin St (Draper Hall) (03253),0,0,3,,,32781,09:06:21,,,32781,09:06:21,0,00:00:00,door not opened
07/12/2025,12,4200,Saturday,Saturday,East,15656418,31200,08:40:00,31385,08:43:05,14,2109,Washington Ave & N. Lake Ave (02109),0,1,3,,,32721,09:05:21,,,32740,09:05:40,19,00:00:19,doors opened
07/12/2025,12,4200,Saturday,Saturday,East,15656418,31200,08:40:00,31385,08:43:05,13,3255,Washington Ave & Quail St (03255),1,0,4,,,32672,09:04:32,,,32693,09:04:53,21,00:00:21,doors opened
07/12/2025,12,4200,Saturday,Saturday,East,15656418,31200,08:40:00,31385,08:43:05,12,3256,Washington Ave & Ontario St (03256),0,0,3,32280.0,08:58:00,32655,09:04:15,32280.0,08:58:00,32655,09:04:15,0,00:00:00,door not opened
07/12/2025,12,4200,Saturday,Saturday,East,15656418,31200,08:40:00,31385,08:43:05,11,2107,Washington Ave & Partridge St (02107),0,0,3,,,32632,09:03:52,,,32632,09:03:52,0,00:00:00,door not opened
07/12/2025,12,4200,Saturday,Saturday,East,15656418,31200,08:40:00,31385,08:43:05,10,3257,Washington Ave & N. Main Ave (03257),0,0,3,,,32575,09:02:55,,,32575,09:02:55,0,00:00:00,door not opened
07/12/2025,12,4200,Saturday,Saturday,East,15656418,31200,08:40:00,31385,08:43:05,9,1796,Washington Ave & N. Allen St (01796),1,0,3,32160.0,08:56:00,32489,09:01:29,32160.0,08:56:00,32514,09:01:54,25,00:00:25,doors opened
07/12/2025,12,4200,Saturday,Saturday,East,15656418,31200,08:40:00,31385,08:43:05,8,11581,Washington Ave & Manning Blvd (11581),0,0,2,,,32455,09:00:55,,,32455,09:00:55,0,00:00:00,door not opened
07/12/2025,12,4200,Saturday,Saturday,East,15656418,31200,08:40:00,31385,08:43:05,7,2180,Washington Ave & Homestead Ave (02180),0,0,2,,,32433,09:00:33,,,32433,09:00:33,0,00:00:00,door not opened
07/12/2025,12,4200,Saturday,Saturday,East,15656418,31200,08:40:00,31385,08:43:05,6,2182,Washington Ave & Hawthorne St (02182),0,0,2,,,32392,08:59:52,,,32392,08:59:52,0,00:00:00,door not opened
07/12/2025,12,4200,Saturday,Saturday,East,15656418,31200,08:40:00,31385,08:43:05,5,3304,Washington Ave & Clermont St (03304),0,1,2,,,32333,08:58:53,,,32366,08:59:26,33,00:00:33,doors opened
07/12/2025,12,4200,Saturday,Saturday,East,15656418,31200,08:40:00,31385,08:43:05,4,3348,Washington Ave & Brevator St (03348),0,0,3,,,32319,08:58:39,,,32319,08:58:39,0,00:00:00,door not opened
07/12/2025,12,4200,Saturday,Saturday,East,15656418,31200,08:40:00,31385,08:43:05,3,10134,Washington Ave & SUNY Exit Rd (10134),4,2,3,,,32185,08:56:25,,,32185,08:56:25,0,00:00:00,door not opened
07/12/2025,12,4200,Saturday,Saturday,East,15656418,31200,08:40:00,31385,08:43:05,0,7175,Crossgates Mall Station (07175),0,0,1,31200.0,08:40:00,31385,08:43:05,31200.0,08:40:00,31385,08:43:05,0,00:00:00,doors opened
07/12/2025,12,4200,Saturday,Saturday,East,15656418,31200,08:40:00,31385,08:43:05,24,3940,Broadway & Steuben St (03940),0,0,0,33000.0,09:10:00,33270,09:14:30,33000.0,09:10:00,33270,09:14:30,0,00:00:00,door not opened
07/12/2025,12,4200,Saturday,Saturday,West,15656421,34200,09:30:00,34351,09:32:31,27,7175,Crossgates Mall Station (07175),0,11,0,36420.0,10:07:00,36595,10:09:55,36420.0,10:07:00,36595,10:09:55,0,00:00:00,doors opened
07/12/2025,12,4200,Saturday,Saturday,West,15656421,34200,09:30:00,34351,09:32:31,26,12828,Crossgates Commons Station (12828),1,10,11,36000.0,10:00:00,36339,10:05:39,36000.0,10:00:00,36370,10:06:10,31,00:00:31,doors opened
07/12/2025,12,4200,Saturday,Saturday,West,15656421,34200,09:30:00,34351,09:32:31,25,12891,1475 Washington Ave (12891),0,1,20,,,36126,10:02:06,,,36140,10:02:20,14,00:00:14,doors opened
07/12/2025,12,4200,Saturday,Saturday,West,15656421,34200,09:30:00,34351,09:32:31,24,7216,SUNY Collins Circle (07216),0,0,21,35640.0,09:54:00,35961,09:59:21,35640.0,09:54:00,35961,09:59:21,0,00:00:00,door not opened
07/12/2025,12,4200,Saturday,Saturday,West,15656421,34200,09:30:00,34351,09:32:31,23,3262,1383 Washington Ave (Fairfield Inn) (03262),1,3,21,,,35848,09:57:28,,,35872,09:57:52,24,00:00:24,doors opened
07/12/2025,12,4200,Saturday,Saturday,West,15656421,34200,09:30:00,34351,09:32:31,22,976,Washington Ave & Brevator St (00976),1,0,23,,,35708,09:55:08,,,35732,09:55:32,24,00:00:24,doors opened
07/12/2025,12,4200,Saturday,Saturday,West,15656421,34200,09:30:00,34351,09:32:31,21,1959,Washington Ave & Colvin Ave (01959),1,0,22,,,35622,09:53:42,,,35685,09:54:45,63,00:01:03,doors opened
07/12/2025,12,4200,Saturday,Saturday,West,15656421,34200,09:30:00,34351,09:32:31,20,3399,Washington Ave & Danker Ave (03399),0,0,21,,,35585,09:53:05,,,35585,09:53:05,0,00:00:00,door not opened
07/12/2025,12,4200,Saturday,Saturday,West,15656421,34200,09:30:00,34351,09:32:31,19,1849,Washington Ave & Homestead Ave (01849),1,0,21,,,35541,09:52:21,,,35563,09:52:43,22,00:00:22,doors opened
07/12/2025,12,4200,Saturday,Saturday,West,15656421,34200,09:30:00,34351,09:32:31,18,1846,Washington Ave & Manning Blvd (01846),0,0,20,,,35519,09:51:59,,,35519,09:51:59,0,00:00:00,door not opened
07/12/2025,12,4200,Saturday,Saturday,West,15656421,34200,09:30:00,34351,09:32:31,17,3287,Washington Ave & N. Allen St (03287),2,1,20,35280.0,09:48:00,35427,09:50:27,35280.0,09:48:00,35458,09:50:58,31,00:00:31,doors opened
07/12/2025,12,4200,Saturday,Saturday,West,15656421,34200,09:30:00,34351,09:32:31,16,3264,Washington Ave & N. Main Ave (03264),3,0,19,,,35342,09:49:02,,,35394,09:49:54,52,00:00:52,doors opened
07/12/2025,12,4200,Saturday,Saturday,West,15656421,34200,09:30:00,34351,09:32:31,15,1839,Washington Ave & Partridge St (01839),0,0,16,,,35257,09:47:37,,,35257,09:47:37,0,00:00:00,door not opened
07/12/2025,12,4200,Saturday,Saturday,West,15656421,34200,09:30:00,34351,09:32:31,14,1841,Washington Ave & Ontario St (01841),3,0,16,35040.0,09:44:00,35177,09:46:17,35040.0,09:44:00,35218,09:46:58,41,00:00:41,doors opened
07/12/2025,12,4200,Saturday,Saturday,West,15656421,34200,09:30:00,34351,09:32:31,13,1842,Washington Ave & Quail St (01842),3,0,13,,,35082,09:44:42,,,35152,09:45:52,70,00:01:10,doors opened
07/12/2025,12,4200,Saturday,Saturday,West,15656421,34200,09:30:00,34351,09:32:31,12,1837,Washington Ave & N. Lake Ave (01837),1,0,10,,,35019,09:43:39,,,35054,09:44:14,35,00:00:35,doors opened
07/12/2025,12,4200,Saturday,Saturday,West,15656421,34200,09:30:00,34351,09:32:31,11,1843,Washington Ave & Robin St (01843),1,0,9,,,34972,09:42:52,,,34993,09:43:13,21,00:00:21,doors opened
07/12/2025,12,4200,Saturday,Saturday,West,15656421,34200,09:30:00,34351,09:32:31,10,12943,Washington Ave & Lexington Ave (12943),1,1,8,,,34898,09:41:38,,,34942,09:42:22,44,00:00:44,doors opened
07/12/2025,12,4200,Saturday,Saturday,West,15656421,34200,09:30:00,34351,09:32:31,9,12942,Washington Ave & Henry Johnson Blvd (12942),1,0,8,,,34837,09:40:37,,,34858,09:40:58,21,00:00:21,doors opened
07/12/2025,12,4200,Saturday,Saturday,West,15656421,34200,09:30:00,34351,09:32:31,8,3239,Lark/Library Station - Washington Ave & Lark St (03239),4,0,7,34680.0,09:38:00,34749,09:39:09,34680.0,09:38:00,34785,09:39:45,36,00:00:36,doors opened
07/12/2025,12,4200,Saturday,Saturday,West,15656421,34200,09:30:00,34351,09:32:31,7,3301,Washington Ave & S. Swan St (03301),0,0,3,,,34709,09:38:29,,,34709,09:38:29,0,00:00:00,door not opened
07/12/2025,12,4200,Saturday,Saturday,West,15656421,34200,09:30:00,34351,09:32:31,6,3250,Hawk/Capitol Station - Washington Ave & Hawk St (03250),1,0,3,,,34662,09:37:42,,,34681,09:38:01,19,00:00:19,doors opened
07/12/2025,12,4200,Saturday,Saturday,West,15656421,34200,09:30:00,34351,09:32:31,5,10087,State St & Eagle St (10087),0,0,2,,,34632,09:37:12,,,34632,09:37:12,0,00:00:00,door not opened
07/12/2025,12,4200,Saturday,Saturday,West,15656421,34200,09:30:00,34351,09:32:31,4,2665,State/Downtown Station - State St & Lodge St (02665),0,0,2,34440.0,09:34:00,34577,09:36:17,34440.0,09:34:00,34577,09:36:17,0,00:00:00,door not opened
07/12/2025,12,4200,Saturday,Saturday,West,15656421,34200,09:30:00,34351,09:32:31,3,3221,State Station - N. Pearl St & Ten Eyck Plaza (03221),0,0,2,,,34500,09:35:00,,,34500,09:35:00,0,00:00:00,door not opened
07/12/2025,12,4200,Saturday,Saturday,West,15656421,34200,09:30:00,34351,09:32:31,2,3233,N. Pearl St & Sheridan Ave (03233),0,0,2,,,34434,09:33:54,,,34434,09:33:54,0,00:00:00,door not opened
07/12/2025,12,4200,Saturday,Saturday,West,15656421,34200,09:30:00,34351,09:32:31,1,2168,Clinton Square Station - N. Pearl St & Clinton Ave (02168),1,0,2,,,34372,09:32:52,,,34417,09:33:37,45,00:00:45,doors opened
07/12/2025,12,4200,Saturday,Saturday,West,15656421,34200,09:30:00,34351,09:32:31,0,9018,Broadway & Orange St (09018),0,0,1,34200.0,09:30:00,34351,09:32:31,34200.0,09:30:00,34351,09:32:31,0,00:00:00,door not opened
07/12/2025,12,4200,Saturday,Saturday,East,15656428,42000,11:40:00,42256,11:44:16,24,3940,Broadway & Steuben St (03940),0,2,0,43980.0,12:13:00,44548,12:22:28,43980.0,12:13:00,44548,12:22:28,0,00:00:00,doors opened
07/12/2025,12,4200,Saturday,Saturday,East,15656428,42000,11:40:00,42256,11:44:16,23,2509,State/Downtown Station - State St & S. Pearl St (02509),2,2,2,43740.0,12:09:00,44034,12:13:54,43740.0,12:09:00,44088,12:14:48,54,00:00:54,doors opened
07/12/2025,12,4200,Saturday,Saturday,East,15656428,42000,11:40:00,42256,11:44:16,22,1787,State St & Eagle St (01787),0,0,2,,,44018,12:13:38,,,44018,12:13:38,0,00:00:00,door not opened
07/12/2025,12,4200,Saturday,Saturday,East,15656428,42000,11:40:00,42256,11:44:16,21,2706,Hawk/Capitol Station - Washington Ave & Hawk St (02706),0,0,2,,,43975,12:12:55,,,43975,12:12:55,0,00:00:00,door not opened
07/12/2025,12,4200,Saturday,Saturday,East,15656428,42000,11:40:00,42256,11:44:16,20,1789,Washington Ave & S. Swan St (01789),0,0,2,,,43941,12:12:21,,,43941,12:12:21,0,00:00:00,door not opened
07/12/2025,12,4200,Saturday,Saturday,East,15656428,42000,11:40:00,42256,11:44:16,19,1788,Washington Ave & Dove St (01788),0,0,2,,,43906,12:11:46,,,43906,12:11:46,0,00:00:00,door not opened
07/12/2025,12,4200,Saturday,Saturday,East,15656428,42000,11:40:00,42256,11:44:16,18,2663,Lark/Library Station - Washington Ave & Lark St (02663),0,1,2,43500.0,12:05:00,43837,12:10:37,43500.0,12:05:00,43885,12:11:25,48,00:00:48,doors opened
07/12/2025,12,4200,Saturday,Saturday,East,15656428,42000,11:40:00,42256,11:44:16,17,263,Washington Ave & Henry Johnson Blvd (00263),0,0,3,,,43808,12:10:08,,,43808,12:10:08,0,00:00:00,door not opened
07/12/2025,12,4200,Saturday,Saturday,East,15656428,42000,11:40:00,42256,11:44:16,16,2096,Washington Ave & Lexington Ave (02096),0,1,3,,,43694,12:08:14,,,43781,12:09:41,87,00:01:27,doors opened
07/12/2025,12,4200,Saturday,Saturday,East,15656428,42000,11:40:00,42256,11:44:16,15,3253,Washington Ave & Robin St (Draper Hall) (03253),0,0,4,,,43675,12:07:55,,,43675,12:07:55,0,00:00:00,door not opened
07/12/2025,12,4200,Saturday,Saturday,East,15656428,42000,11:40:00,42256,11:44:16,14,2109,Washington Ave & N. Lake Ave (02109),0,0,4,,,43637,12:07:17,,,43637,12:07:17,0,00:00:00,door not opened
07/12/2025,12,4200,Saturday,Saturday,East,15656428,42000,11:40:00,42256,11:44:16,13,3255,Washington Ave & Quail St (03255),0,2,4,,,43563,12:06:03,,,43585,12:06:25,22,00:00:22,doors opened
07/12/2025,12,4200,Saturday,Saturday,East,15656428,42000,11:40:00,42256,11:44:16,12,3256,Washington Ave & Ontario St (03256),0,1,6,43140.0,11:59:00,43516,12:05:16,43140.0,11:59:00,43539,12:05:39,23,00:00:23,doors opened
07/12/2025,12,4200,Saturday,Saturday,East,15656428,42000,11:40:00,42256,11:44:16,11,2107,Washington Ave & Partridge St (02107),0,0,7,,,43493,12:04:53,,,43493,12:04:53,0,00:00:00,door not opened
07/12/2025,12,4200,Saturday,Saturday,East,15656428,42000,11:40:00,42256,11:44:16,10,3257,Washington Ave & N. Main Ave (03257),0,3,7,,,43397,12:03:17,,,43437,12:03:57,40,00:00:40,doors opened
07/12/2025,12,4200,Saturday,Saturday,East,15656428,42000,11:40:00,42256,11:44:16,9,1796,Washington Ave & N. Allen St (01796),0,0,10,43020.0,11:57:00,43367,12:02:47,43020.0,11:57:00,43367,12:02:47,0,00:00:00,door not opened
07/12/2025,12,4200,Saturday,Saturday,East,15656428,42000,11:40:00,42256,11:44:16,8,11581,Washington Ave & Manning Blvd (11581),1,0,10,,,43268,12:01:08,,,43317,12:01:57,49,00:00:49,doors opened
07/12/2025,12,4200,Saturday,Saturday,East,15656428,42000,11:40:00,42256,11:44:16,7,2180,Washington Ave & Homestead Ave (02180),0,0,9,,,43235,12:00:35,,,43235,12:00:35,0,00:00:00,door not opened
07/12/2025,12,4200,Saturday,Saturday,East,15656428,42000,11:40:00,42256,11:44:16,6,2182,Washington Ave & Hawthorne St (02182),0,0,9,,,43195,11:59:55,,,43195,11:59:55,0,00:00:00,door not opened
07/12/2025,12,4200,Saturday,Saturday,East,15656428,42000,11:40:00,42256,11:44:16,5,3304,Washington Ave & Clermont St (03304),0,1,9,,,43149,11:59:09,,,43171,11:59:31,22,00:00:22,doors opened
07/12/2025,12,4200,Saturday,Saturday,East,15656428,42000,11:40:00,42256,11:44:16,4,3348,Washington Ave & Brevator St (03348),0,0,10,,,43137,11:58:57,,,43137,11:58:57,0,00:00:00,door not opened
07/12/2025,12,4200,Saturday,Saturday,East,15656428,42000,11:40:00,42256,11:44:16,3,10134,Washington Ave & SUNY Exit Rd (10134),1,0,10,,,43000,11:56:40,,,43017,11:56:57,17,00:00:17,doors opened
07/12/2025,12,4200,Saturday,Saturday,East,15656428,42000,11:40:00,42256,11:44:16,2,7216,SUNY Collins Circle (07216),1,0,9,42600.0,11:50:00,42873,11:54:33,42600.0,11:50:00,42900,11:55:00,27,00:00:27,doors opened
07/12/2025,12,4200,Saturday,Saturday,East,15656428,42000,11:40:00,42256,11:44:16,1,12827,Crossgates Commons Station (12827),6,1,8,42360.0,11:46:00,42541,11:49:01,42360.0,11:46:00,42583,11:49:43,42,00:00:42,doors opened
07/12/2025,12,4200,Saturday,Saturday,East,15656428,42000,11:40:00,42256,11:44:16,0,7175,Crossgates Mall Station (07175),3,0,3,42000.0,11:40:00,42256,11:44:16,42000.0,11:40:00,42256,11:44:16,0,00:00:00,doors opened
07/12/2025,12,4200,Saturday,Saturday,West,15656430,44400,12:20:00,44880,12:28:00,7,3301,Washington Ave & S. Swan St (03301),2,0,5,,,45228,12:33:48,,,45260,12:34:20,32,00:00:32,doors opened
07/12/2025,12,4200,Saturday,Saturday,West,15656430,44400,12:20:00,44880,12:28:00,6,3250,Hawk/Capitol Station - Washington Ave & Hawk St (03250),0,0,3,,,45205,12:33:25,,,45205,12:33:25,0,00:00:00,door not opened
07/12/2025,12,4200,Saturday,Saturday,West,15656430,44400,12:20:00,44880,12:28:00,5,10087,State St & Eagle St (10087),0,0,3,,,45177,12:32:57,,,45177,12:32:57,0,00:00:00,door not opened
07/12/2025,12,4200,Saturday,Saturday,West,15656430,44400,12:20:00,44880,12:28:00,4,2665,State/Downtown Station - State St & Lodge St (02665),0,0,3,44640.0,12:24:00,45118,12:31:58,44640.0,12:24:00,45118,12:31:58,0,00:00:00,door not opened
07/12/2025,12,4200,Saturday,Saturday,West,15656430,44400,12:20:00,44880,12:28:00,3,3221,State Station - N. Pearl St & Ten Eyck Plaza (03221),1,0,3,,,44983,12:29:43,,,45091,12:31:31,108,00:01:48,doors opened
07/12/2025,12,4200,Saturday,Saturday,West,15656430,44400,12:20:00,44880,12:28:00,2,3233,N. Pearl St & Sheridan Ave (03233),0,0,2,,,44952,12:29:12,,,44952,12:29:12,0,00:00:00,door not opened
07/12/2025,12,4200,Saturday,Saturday,West,15656430,44400,12:20:00,44880,12:28:00,1,2168,Clinton Square Station - N. Pearl St & Clinton Ave (02168),1,0,2,,,44911,12:28:31,,,44931,12:28:51,20,00:00:20,doors opened
07/12/2025,12,4200,Saturday,Saturday,West,15656430,44400,12:20:00,44880,12:28:00,0,9018,Broadway & Orange St (09018),0,0,1,44400.0,12:20:00,44880,12:28:00,44400.0,12:20:00,44880,12:28:00,0,00:00:00,door not opened
07/12/2025,12,4200,Saturday,Saturday,West,15656430,44400,12:20:00,44880,12:28:00,27,7175,Crossgates Mall Station (07175),0,2,0,46620.0,12:57:00,47248,13:07:28,46620.0,12:57:00,47248,13:07:28,0,00:00:00,doors opened
07/12/2025,12,4200,Saturday,Saturday,West,15656430,44400,12:20:00,44880,12:28:00,26,12828,Crossgates Commons Station (12828),0,65,2,46200.0,12:50:00,46918,13:01:58,46200.0,12:50:00,46995,13:03:15,77,00:01:17,doors opened
07/12/2025,12,4200,Saturday,Saturday,West,15656430,44400,12:20:00,44880,12:28:00,25,12891,1475 Washington Ave (12891),0,0,67,,,46703,12:58:23,,,46703,12:58:23,0,00:00:00,door not opened
07/12/2025,12,4200,Saturday,Saturday,West,15656430,44400,12:20:00,44880,12:28:00,24,7216,SUNY Collins Circle (07216),58,2,67,45840.0,12:44:00,46240,12:50:40,45840.0,12:44:00,46544,12:55:44,304,00:05:04,doors opened
07/12/2025,12,4200,Saturday,Saturday,West,15656430,44400,12:20:00,44880,12:28:00,23,3262,1383 Washington Ave (Fairfield Inn) (03262),0,0,11,,,46134,12:48:54,,,46134,12:48:54,0,00:00:00,door not opened
07/12/2025,12,4200,Saturday,Saturday,West,15656430,44400,12:20:00,44880,12:28:00,22,976,Washington Ave & Brevator St (00976),0,0,11,,,45988,12:46:28,,,45988,12:46:28,0,00:00:00,door not opened
07/12/2025,12,4200,Saturday,Saturday,West,15656430,44400,12:20:00,44880,12:28:00,21,1959,Washington Ave & Colvin Ave (01959),1,1,11,,,45904,12:45:04,,,45956,12:45:56,52,00:00:52,doors opened
07/12/2025,12,4200,Saturday,Saturday,West,15656430,44400,12:20:00,44880,12:28:00,20,3399,Washington Ave & Danker Ave (03399),0,0,11,,,45880,12:44:40,,,45880,12:44:40,0,00:00:00,door not opened
07/12/2025,12,4200,Saturday,Saturday,West,15656430,44400,12:20:00,44880,12:28:00,19,1849,Washington Ave & Homestead Ave (01849),0,0,11,,,45859,12:44:19,,,45859,12:44:19,0,00:00:00,door not opened
07/12/2025,12,4200,Saturday,Saturday,West,15656430,44400,12:20:00,44880,12:28:00,18,1846,Washington Ave & Manning Blvd (01846),0,0,11,,,45840,12:44:00,,,45840,12:44:00,0,00:00:00,door not opened
07/12/2025,12,4200,Saturday,Saturday,West,15656430,44400,12:20:00,44880,12:28:00,17,3287,Washington Ave & N. Allen St (03287),1,2,11,45480.0,12:38:00,45751,12:42:31,45480.0,12:38:00,45784,12:43:04,33,00:00:33,doors opened
07/12/2025,12,4200,Saturday,Saturday,West,15656430,44400,12:20:00,44880,12:28:00,16,3264,Washington Ave & N. Main Ave (03264),0,0,12,,,45719,12:41:59,,,45719,12:41:59,0,00:00:00,door not opened
07/12/2025,12,4200,Saturday,Saturday,West,15656430,44400,12:20:00,44880,12:28:00,15,1839,Washington Ave & Partridge St (01839),0,0,12,,,45638,12:40:38,,,45638,12:40:38,0,00:00:00,door not opened
07/12/2025,12,4200,Saturday,Saturday,West,15656430,44400,12:20:00,44880,12:28:00,14,1841,Washington Ave & Ontario St (01841),0,0,12,45240.0,12:34:00,45617,12:40:17,45240.0,12:34:00,45617,12:40:17,0,00:00:00,door not opened
07/12/2025,12,4200,Saturday,Saturday,West,15656430,44400,12:20:00,44880,12:28:00,13,1842,Washington Ave & Quail St (01842),5,0,12,,,45523,12:38:43,,,45566,12:39:26,43,00:00:43,doors opened
07/12/2025,12,4200,Saturday,Saturday,West,15656430,44400,12:20:00,44880,12:28:00,12,1837,Washington Ave & N. Lake Ave (01837),1,0,7,,,45455,12:37:35,,,45495,12:38:15,40,00:00:40,doors opened
07/12/2025,12,4200,Saturday,Saturday,West,15656430,44400,12:20:00,44880,12:28:00,11,1843,Washington Ave & Robin St (01843),0,0,6,,,45434,12:37:14,,,45434,12:37:14,0,00:00:00,door not opened
07/12/2025,12,4200,Saturday,Saturday,West,15656430,44400,12:20:00,44880,12:28:00,10,12943,Washington Ave & Lexington Ave (12943),1,0,6,,,45388,12:36:28,,,45406,12:36:46,18,00:00:18,doors opened
07/12/2025,12,4200,Saturday,Saturday,West,15656430,44400,12:20:00,44880,12:28:00,9,12942,Washington Ave & Henry Johnson Blvd (12942),0,0,5,,,45361,12:36:01,,,45361,12:36:01,0,00:00:00,door not opened
07/12/2025,12,4200,Saturday,Saturday,West,15656430,44400,12:20:00,44880,12:28:00,8,3239,Lark/Library Station - Washington Ave & Lark St (03239),0,0,5,44880.0,12:28:00,45307,12:35:07,44880.0,12:28:00,45307,12:35:07,0,00:00:00,door not opened
07/12/2025,12,4200,Saturday,Saturday,East,15656433,51600,14:20:00,51802,14:23:22,16,2096,Washington Ave & Lexington Ave (02096),0,0,8,,,53823,14:57:03,,,53823,14:57:03,0,00:00:00,door not opened
07/12/2025,12,4200,Saturday,Saturday,East,15656433,51600,14:20:00,51802,14:23:22,15,3253,Washington Ave & Robin St (Draper Hall) (03253),0,0,8,,,53752,14:55:52,,,53752,14:55:52,0,00:00:00,door not opened
07/12/2025,12,4200,Saturday,Saturday,East,15656433,51600,14:20:00,51802,14:23:22,14,2109,Washington Ave & N. Lake Ave (02109),0,0,8,,,53713,14:55:13,,,53713,14:55:13,0,00:00:00,door not opened
07/12/2025,12,4200,Saturday,Saturday,East,15656433,51600,14:20:00,51802,14:23:22,13,3255,Washington Ave & Quail St (03255),4,0,8,,,53642,14:54:02,,,53663,14:54:23,21,00:00:21,doors opened
07/12/2025,12,4200,Saturday,Saturday,East,15656433,51600,14:20:00,51802,14:23:22,12,3256,Washington Ave & Ontario St (03256),1,4,4,52860.0,14:41:00,53591,14:53:11,52860.0,14:41:00,53621,14:53:41,30,00:00:30,doors opened
07/12/2025,12,4200,Saturday,Saturday,East,15656433,51600,14:20:00,51802,14:23:22,11,2107,Washington Ave & Partridge St (02107),0,0,7,,,53573,14:52:53,,,53573,14:52:53,0,00:00:00,door not opened
07/12/2025,12,4200,Saturday,Saturday,East,15656433,51600,14:20:00,51802,14:23:22,10,3257,Washington Ave & N. Main Ave (03257),0,0,7,,,53515,14:51:55,,,53515,14:51:55,0,00:00:00,door not opened
07/12/2025,12,4200,Saturday,Saturday,East,15656433,51600,14:20:00,51802,14:23:22,9,1796,Washington Ave & N. Allen St (01796),0,2,7,52740.0,14:39:00,53429,14:50:29,52740.0,14:39:00,53451,14:50:51,22,00:00:22,doors opened
07/12/2025,12,4200,Saturday,Saturday,East,15656433,51600,14:20:00,51802,14:23:22,8,11581,Washington Ave & Manning Blvd (11581),0,0,9,,,53401,14:50:01,,,53401,14:50:01,0,00:00:00,door not opened
07/12/2025,12,4200,Saturday,Saturday,East,15656433,51600,14:20:00,51802,14:23:22,7,2180,Washington Ave & Homestead Ave (02180),0,0,9,,,53368,14:49:28,,,53379,14:49:39,11,00:00:11,door not opened
07/12/2025,12,4200,Saturday,Saturday,East,15656433,51600,14:20:00,51802,14:23:22,5,3304,Washington Ave & Clermont St (03304),0,1,9,,,53367,14:49:27,,,53368,14:49:28,1,00:00:01,doors opened
07/12/2025,12,4200,Saturday,Saturday,East,15656433,51600,14:20:00,51802,14:23:22,4,3348,Washington Ave & Brevator St (03348),0,0,10,,,53349,14:49:09,,,53349,14:49:09,0,00:00:00,door not opened
07/12/2025,12,4200,Saturday,Saturday,East,15656433,51600,14:20:00,51802,14:23:22,24,3940,Broadway & Steuben St (03940),0,0,0,53760.0,14:56:00,54219,15:03:39,53760.0,14:56:00,54219,15:03:39,0,00:00:00,door not opened
07/12/2025,12,4200,Saturday,Saturday,East,15656433,51600,14:20:00,51802,14:23:22,23,2509,State/Downtown Station - State St & S. Pearl St (02509),0,0,0,53520.0,14:52:00,54109,15:01:49,53520.0,14:52:00,54109,15:01:49,0,00:00:00,door not opened
07/12/2025,12,4200,Saturday,Saturday,East,15656433,51600,14:20:00,51802,14:23:22,22,1787,State St & Eagle St (01787),0,7,0,,,54067,15:01:07,,,54095,15:01:35,28,00:00:28,doors opened
07/12/2025,12,4200,Saturday,Saturday,East,15656433,51600,14:20:00,51802,14:23:22,21,2706,Hawk/Capitol Station - Washington Ave & Hawk St (02706),0,1,7,,,53986,14:59:46,,,53986,14:59:46,0,00:00:00,door not opened
07/12/2025,12,4200,Saturday,Saturday,East,15656433,51600,14:20:00,51802,14:23:22,20,1789,Washington Ave & S. Swan St (01789),0,0,8,,,53969,14:59:29,,,53969,14:59:29,0,00:00:00,door not opened
07/12/2025,12,4200,Saturday,Saturday,East,15656433,51600,14:20:00,51802,14:23:22,19,1788,Washington Ave & Dove St (01788),0,0,8,,,53951,14:59:11,,,53951,14:59:11,0,00:00:00,door not opened
07/12/2025,12,4200,Saturday,Saturday,East,15656433,51600,14:20:00,51802,14:23:22,18,2663,Lark/Library Station - Washington Ave & Lark St (02663),0,0,8,53220.0,14:47:00,53930,14:58:50,53220.0,14:47:00,53930,14:58:50,0,00:00:00,door not opened
07/12/2025,12,4200,Saturday,Saturday,East,15656433,51600,14:20:00,51802,14:23:22,17,263,Washington Ave & Henry Johnson Blvd (00263),0,0,8,,,53894,14:58:14,,,53894,14:58:14,0,00:00:00,door not opened
07/12/2025,12,4200,Saturday,Saturday,East,15656433,51600,14:20:00,51802,14:23:22,3,10134,Washington Ave & SUNY Exit Rd (10134),0,0,10,,,53191,14:46:31,,,53191,14:46:31,0,00:00:00,door not opened
07/12/2025,12,4200,Saturday,Saturday,East,15656433,51600,14:20:00,51802,14:23:22,2,7216,SUNY Collins Circle (07216),5,38,10,52320.0,14:32:00,52992,14:43:12,52320.0,14:32:00,53080,14:44:40,88,00:01:28,doors opened
07/12/2025,12,4200,Saturday,Saturday,East,15656433,51600,14:20:00,51802,14:23:22,1,12827,Crossgates Commons Station (12827),44,5,43,52020.0,14:27:00,52234,14:30:34,52020.0,14:27:00,52699,14:38:19,465,00:07:45,doors opened
07/12/2025,12,4200,Saturday,Saturday,East,15656433,51600,14:20:00,51802,14:23:22,0,7175,Crossgates Mall Station (07175),1,0,4,51600.0,14:20:00,51802,14:23:22,51600.0,14:20:00,51802,14:23:22,0,00:00:00,doors opened
07/12/2025,12,4200,Saturday,Saturday,West,15656435,54000,15:00:00,54287,15:04:47,27,7175,Crossgates Mall Station (07175),0,27,0,56220.0,15:37:00,56503,15:41:43,56220.0,15:37:00,56503,15:41:43,0,00:00:00,doors opened
07/12/2025,12,4200,Saturday,Saturday,West,15656435,54000,15:00:00,54287,15:04:47,26,12828,Crossgates Commons Station (12828),1,32,27,55800.0,15:30:00,56204,15:36:44,55800.0,15:30:00,56258,15:37:38,54,00:00:54,doors opened
07/12/2025,12,4200,Saturday,Saturday,West,15656435,54000,15:00:00,54287,15:04:47,25,12891,1475 Washington Ave (12891),0,0,58,,,55969,15:32:49,,,55969,15:32:49,0,00:00:00,door not opened
07/12/2025,12,4200,Saturday,Saturday,West,15656435,54000,15:00:00,54287,15:04:47,24,7216,SUNY Collins Circle (07216),22,4,58,55440.0,15:24:00,55717,15:28:37,55440.0,15:24:00,55872,15:31:12,155,00:02:35,doors opened
07/12/2025,12,4200,Saturday,Saturday,West,15656435,54000,15:00:00,54287,15:04:47,23,3262,1383 Washington Ave (Fairfield Inn) (03262),1,0,40,,,55571,15:26:11,,,55594,15:26:34,23,00:00:23,doors opened
07/12/2025,12,4200,Saturday,Saturday,West,15656435,54000,15:00:00,54287,15:04:47,22,976,Washington Ave & Brevator St (00976),0,0,39,,,55459,15:24:19,,,55459,15:24:19,0,00:00:00,door not opened
07/12/2025,12,4200,Saturday,Saturday,West,15656435,54000,15:00:00,54287,15:04:47,21,1959,Washington Ave & Colvin Ave (01959),2,0,39,,,55405,15:23:25,,,55436,15:23:56,31,00:00:31,doors opened
07/12/2025,12,4200,Saturday,Saturday,West,15656435,54000,15:00:00,54287,15:04:47,20,3399,Washington Ave & Danker Ave (03399),0,0,37,,,55382,15:23:02,,,55382,15:23:02,0,00:00:00,door not opened
07/12/2025,12,4200,Saturday,Saturday,West,15656435,54000,15:00:00,54287,15:04:47,19,1849,Washington Ave & Homestead Ave (01849),0,3,37,,,55339,15:22:19,,,55360,15:22:40,21,00:00:21,doors opened
07/12/2025,12,4200,Saturday,Saturday,West,15656435,54000,15:00:00,54287,15:04:47,18,1846,Washington Ave & Manning Blvd (01846),1,0,40,,,55258,15:20:58,,,55316,15:21:56,58,00:00:58,doors opened
07/12/2025,12,4200,Saturday,Saturday,West,15656435,54000,15:00:00,54287,15:04:47,17,3287,Washington Ave & N. Allen St (03287),6,0,39,55080.0,15:18:00,55181,15:19:41,55080.0,15:18:00,55229,15:20:29,48,00:00:48,doors opened
07/12/2025,12,4200,Saturday,Saturday,West,15656435,54000,15:00:00,54287,15:04:47,16,3264,Washington Ave & N. Main Ave (03264),0,0,33,,,55125,15:18:45,,,55125,15:18:45,0,00:00:00,door not opened
07/12/2025,12,4200,Saturday,Saturday,West,15656435,54000,15:00:00,54287,15:04:47,15,1839,Washington Ave & Partridge St (01839),7,0,33,,,55013,15:16:53,,,55062,15:17:42,49,00:00:49,doors opened
07/12/2025,12,4200,Saturday,Saturday,West,15656435,54000,15:00:00,54287,15:04:47,14,1841,Washington Ave & Ontario St (01841),0,0,26,54840.0,15:14:00,54991,15:16:31,54840.0,15:14:00,54991,15:16:31,0,00:00:00,door not opened
07/12/2025,12,4200,Saturday,Saturday,West,15656435,54000,15:00:00,54287,15:04:47,13,1842,Washington Ave & Quail St (01842),8,0,26,,,54888,15:14:48,,,54960,15:16:00,72,00:01:12,doors opened
07/12/2025,12,4200,Saturday,Saturday,West,15656435,54000,15:00:00,54287,15:04:47,12,1837,Washington Ave & N. Lake Ave (01837),0,0,18,,,54862,15:14:22,,,54862,15:14:22,0,00:00:00,door not opened
07/12/2025,12,4200,Saturday,Saturday,West,15656435,54000,15:00:00,54287,15:04:47,11,1843,Washington Ave & Robin St (01843),1,0,18,,,54822,15:13:42,,,54839,15:13:59,17,00:00:17,doors opened
07/12/2025,12,4200,Saturday,Saturday,West,15656435,54000,15:00:00,54287,15:04:47,10,12943,Washington Ave & Lexington Ave (12943),0,0,17,,,54802,15:13:22,,,54802,15:13:22,0,00:00:00,door not opened
07/12/2025,12,4200,Saturday,Saturday,West,15656435,54000,15:00:00,54287,15:04:47,9,12942,Washington Ave & Henry Johnson Blvd (12942),1,0,17,,,54759,15:12:39,,,54774,15:12:54,15,00:00:15,doors opened
07/12/2025,12,4200,Saturday,Saturday,West,15656435,54000,15:00:00,54287,15:04:47,8,3239,Lark/Library Station - Washington Ave & Lark St (03239),0,0,16,54480.0,15:08:00,54748,15:12:28,54480.0,15:08:00,54748,15:12:28,0,00:00:00,door not opened
07/12/2025,12,4200,Saturday,Saturday,West,15656435,54000,15:00:00,54287,15:04:47,7,3301,Washington Ave & S. Swan St (03301),0,0,16,,,54660,15:11:00,,,54660,15:11:00,0,00:00:00,door not opened
07/12/2025,12,4200,Saturday,Saturday,West,15656435,54000,15:00:00,54287,15:04:47,6,3250,Hawk/Capitol Station - Washington Ave & Hawk St (03250),0,1,16,,,54625,15:10:25,,,54639,15:10:39,14,00:00:14,doors opened
07/12/2025,12,4200,Saturday,Saturday,West,15656435,54000,15:00:00,54287,15:04:47,5,10087,State St & Eagle St (10087),1,0,17,,,54579,15:09:39,,,54597,15:09:57,18,00:00:18,doors opened
07/12/2025,12,4200,Saturday,Saturday,West,15656435,54000,15:00:00,54287,15:04:47,4,2665,State/Downtown Station - State St & Lodge St (02665),0,0,16,54240.0,15:04:00,54554,15:09:14,54240.0,15:04:00,54554,15:09:14,0,00:00:00,door not opened
07/12/2025,12,4200,Saturday,Saturday,West,15656435,54000,15:00:00,54287,15:04:47,3,3221,State Station - N. Pearl St & Ten Eyck Plaza (03221),0,0,16,,,54497,15:08:17,,,54497,15:08:17,0,00:00:00,door not opened
07/12/2025,12,4200,Saturday,Saturday,West,15656435,54000,15:00:00,54287,15:04:47,2,3233,N. Pearl St & Sheridan Ave (03233),15,0,16,,,54326,15:05:26,,,54326,15:05:26,0,00:00:00,door not opened
07/12/2025,12,4200,Saturday,Saturday,West,15656435,54000,15:00:00,54287,15:04:47,1,2168,Clinton Square Station - N. Pearl St & Clinton Ave (02168),0,0,1,,,54312,15:05:12,,,54312,15:05:12,0,00:00:00,door not opened
07/12/2025,12,4200,Saturday,Saturday,West,15656435,54000,15:00:00,54287,15:04:47,0,9018,Broadway & Orange St (09018),1,0,1,54000.0,15:00:00,54287,15:04:47,54000.0,15:00:00,54287,15:04:47,0,00:00:00,doors opened
07/12/2025,12,4201,Saturday,Saturday,East,15655781,75600,21:00:00,75631,21:00:31,3,10134,Washington Ave & SUNY Exit Rd (10134),1,1,26,,,76516,21:15:16,,,76531,21:15:31,15,00:00:15,doors opened
07/12/2025,12,4201,Saturday,Saturday,East,15655781,75600,21:00:00,75631,21:00:31,2,7216,SUNY Collins Circle (07216),2,0,26,76320.0,21:12:00,76382,21:13:02,76320.0,21:12:00,76400,21:13:20,18,00:00:18,doors opened
07/12/2025,12,4201,Saturday,Saturday,East,15655781,75600,21:00:00,75631,21:00:31,1,12827,Crossgates Commons Station (12827),13,1,24,76020.0,21:07:00,76030,21:07:10,76020.0,21:07:00,76106,21:08:26,76,00:01:16,doors opened
07/12/2025,12,4201,Saturday,Saturday,East,15655781,75600,21:00:00,75631,21:00:31,0,7175,Crossgates Mall Station (07175),12,0,12,75600.0,21:00:00,75631,21:00:31,75600.0,21:00:00,75631,21:00:31,0,00:00:00,doors opened
07/12/2025,12,4201,Saturday,Saturday,East,15655781,75600,21:00:00,75631,21:00:31,24,3940,Broadway & Steuben St (03940),0,2,0,77700.0,21:35:00,77726,21:35:26,77700.0,21:35:00,77726,21:35:26,0,00:00:00,doors opened
07/12/2025,12,4201,Saturday,Saturday,East,15655781,75600,21:00:00,75631,21:00:31,23,2509,State/Downtown Station - State St & S. Pearl St (02509),0,3,2,77460.0,21:31:00,77637,21:33:57,77460.0,21:31:00,77655,21:34:15,18,00:00:18,doors opened
07/12/2025,12,4201,Saturday,Saturday,East,15655781,75600,21:00:00,75631,21:00:31,22,1787,State St & Eagle St (01787),0,0,5,,,77621,21:33:41,,,77621,21:33:41,0,00:00:00,door not opened
07/12/2025,12,4201,Saturday,Saturday,East,15655781,75600,21:00:00,75631,21:00:31,21,2706,Hawk/Capitol Station - Washington Ave & Hawk St (02706),0,0,5,,,77549,21:32:29,,,77549,21:32:29,0,00:00:00,door not opened
07/12/2025,12,4201,Saturday,Saturday,East,15655781,75600,21:00:00,75631,21:00:31,20,1789,Washington Ave & S. Swan St (01789),0,0,5,,,77527,21:32:07,,,77527,21:32:07,0,00:00:00,door not opened
07/12/2025,12,4201,Saturday,Saturday,East,15655781,75600,21:00:00,75631,21:00:31,19,1788,Washington Ave & Dove St (01788),0,0,5,,,77504,21:31:44,,,77504,21:31:44,0,00:00:00,door not opened
07/12/2025,12,4201,Saturday,Saturday,East,15655781,75600,21:00:00,75631,21:00:31,18,2663,Lark/Library Station - Washington Ave & Lark St (02663),0,0,5,77220.0,21:27:00,77456,21:30:56,77220.0,21:27:00,77456,21:30:56,0,00:00:00,door not opened
07/12/2025,12,4201,Saturday,Saturday,East,15655781,75600,21:00:00,75631,21:00:31,17,263,Washington Ave & Henry Johnson Blvd (00263),0,0,5,,,77385,21:29:45,,,77385,21:29:45,0,00:00:00,door not opened
07/12/2025,12,4201,Saturday,Saturday,East,15655781,75600,21:00:00,75631,21:00:31,16,2096,Washington Ave & Lexington Ave (02096),0,0,5,,,77235,21:27:15,,,77235,21:27:15,0,00:00:00,door not opened
07/12/2025,12,4201,Saturday,Saturday,East,15655781,75600,21:00:00,75631,21:00:31,15,3253,Washington Ave & Robin St (Draper Hall) (03253),0,3,5,,,77196,21:26:36,,,77218,21:26:58,22,00:00:22,doors opened
07/12/2025,12,4201,Saturday,Saturday,East,15655781,75600,21:00:00,75631,21:00:31,14,2109,Washington Ave & N. Lake Ave (02109),0,0,8,,,77176,21:26:16,,,77176,21:26:16,0,00:00:00,door not opened
07/12/2025,12,4201,Saturday,Saturday,East,15655781,75600,21:00:00,75631,21:00:31,13,3255,Washington Ave & Quail St (03255),1,5,8,,,77086,21:24:46,,,77123,21:25:23,37,00:00:37,doors opened
07/12/2025,12,4201,Saturday,Saturday,East,15655781,75600,21:00:00,75631,21:00:31,12,3256,Washington Ave & Ontario St (03256),0,2,12,76860.0,21:21:00,77048,21:24:08,76860.0,21:21:00,77065,21:24:25,17,00:00:17,doors opened
07/12/2025,12,4201,Saturday,Saturday,East,15655781,75600,21:00:00,75631,21:00:31,11,2107,Washington Ave & Partridge St (02107),0,1,14,,,76993,21:23:13,,,77025,21:23:45,32,00:00:32,doors opened
07/12/2025,12,4201,Saturday,Saturday,East,15655781,75600,21:00:00,75631,21:00:31,10,3257,Washington Ave & N. Main Ave (03257),0,6,15,,,76862,21:21:02,,,76914,21:21:54,52,00:00:52,doors opened
07/12/2025,12,4201,Saturday,Saturday,East,15655781,75600,21:00:00,75631,21:00:31,9,1796,Washington Ave & N. Allen St (01796),0,2,21,76740.0,21:19:00,76812,21:20:12,76740.0,21:19:00,76829,21:20:29,17,00:00:17,doors opened
07/12/2025,12,4201,Saturday,Saturday,East,15655781,75600,21:00:00,75631,21:00:31,8,11581,Washington Ave & Manning Blvd (11581),0,0,23,,,76783,21:19:43,,,76783,21:19:43,0,00:00:00,door not opened
07/12/2025,12,4201,Saturday,Saturday,East,15655781,75600,21:00:00,75631,21:00:31,7,2180,Washington Ave & Homestead Ave (02180),0,0,23,,,76761,21:19:21,,,76761,21:19:21,0,00:00:00,door not opened
07/12/2025,12,4201,Saturday,Saturday,East,15655781,75600,21:00:00,75631,21:00:31,6,2182,Washington Ave & Hawthorne St (02182),0,0,23,,,76718,21:18:38,,,76718,21:18:38,0,00:00:00,door not opened
07/12/2025,12,4201,Saturday,Saturday,East,15655781,75600,21:00:00,75631,21:00:31,5,3304,Washington Ave & Clermont St (03304),0,2,23,,,76675,21:17:55,,,76690,21:18:10,15,00:00:15,doors opened
07/12/2025,12,4201,Saturday,Saturday,East,15655781,75600,21:00:00,75631,21:00:31,4,3348,Washington Ave & Brevator St (03348),0,1,25,,,76638,21:17:18,,,76650,21:17:30,12,00:00:12,doors opened
07/12/2025,12,4201,Saturday,Saturday,West,15655783,78000,21:40:00,77992,21:39:52,27,7175,Crossgates Mall Station (07175),0,1,0,80040.0,22:14:00,79844,22:10:44,80040.0,22:14:00,79844,22:10:44,0,00:00:00,doors opened
07/12/2025,12,4201,Saturday,Saturday,West,15655783,78000,21:40:00,77992,21:39:52,26,12828,Crossgates Commons Station (12828),0,1,1,79620.0,22:07:00,79598,22:06:38,79620.0,22:07:00,79615,22:06:55,17,00:00:17,doors opened
07/12/2025,12,4201,Saturday,Saturday,West,15655783,78000,21:40:00,77992,21:39:52,25,12891,1475 Washington Ave (12891),0,1,2,,,79414,22:03:34,,,79424,22:03:44,10,00:00:10,doors opened
07/12/2025,12,4201,Saturday,Saturday,West,15655783,78000,21:40:00,77992,21:39:52,24,7216,SUNY Collins Circle (07216),0,0,3,79320.0,22:02:00,79280,22:01:20,79320.0,22:02:00,79280,22:01:20,0,00:00:00,door not opened
07/12/2025,12,4201,Saturday,Saturday,West,15655783,78000,21:40:00,77992,21:39:52,23,3262,1383 Washington Ave (Fairfield Inn) (03262),0,2,3,,,79172,21:59:32,,,79190,21:59:50,18,00:00:18,doors opened
07/12/2025,12,4201,Saturday,Saturday,West,15655783,78000,21:40:00,77992,21:39:52,22,976,Washington Ave & Brevator St (00976),0,0,5,,,79059,21:57:39,,,79059,21:57:39,0,00:00:00,door not opened
07/12/2025,12,4201,Saturday,Saturday,West,15655783,78000,21:40:00,77992,21:39:52,21,1959,Washington Ave & Colvin Ave (01959),0,0,5,,,79040,21:57:20,,,79040,21:57:20,0,00:00:00,door not opened
07/12/2025,12,4201,Saturday,Saturday,West,15655783,78000,21:40:00,77992,21:39:52,20,3399,Washington Ave & Danker Ave (03399),0,0,5,,,78999,21:56:39,,,78999,21:56:39,0,00:00:00,door not opened
07/12/2025,12,4201,Saturday,Saturday,West,15655783,78000,21:40:00,77992,21:39:52,19,1849,Washington Ave & Homestead Ave (01849),0,0,5,,,78979,21:56:19,,,78979,21:56:19,0,00:00:00,door not opened
07/12/2025,12,4201,Saturday,Saturday,West,15655783,78000,21:40:00,77992,21:39:52,18,1846,Washington Ave & Manning Blvd (01846),0,5,5,,,78926,21:55:26,,,78956,21:55:56,30,00:00:30,doors opened
07/12/2025,12,4201,Saturday,Saturday,West,15655783,78000,21:40:00,77992,21:39:52,17,3287,Washington Ave & N. Allen St (03287),0,1,10,78960.0,21:56:00,78878,21:54:38,78960.0,21:56:00,78893,21:54:53,15,00:00:15,doors opened
07/12/2025,12,4201,Saturday,Saturday,West,15655783,78000,21:40:00,77992,21:39:52,16,3264,Washington Ave & N. Main Ave (03264),0,1,11,,,78831,21:53:51,,,78844,21:54:04,13,00:00:13,doors opened
07/12/2025,12,4201,Saturday,Saturday,West,15655783,78000,21:40:00,77992,21:39:52,2,3233,N. Pearl St & Sheridan Ave (03233),0,0,2,,,78083,21:41:23,,,78083,21:41:23,0,00:00:00,door not opened
07/12/2025,12,4201,Saturday,Saturday,West,15655783,78000,21:40:00,77992,21:39:52,1,2168,Clinton Square Station - N. Pearl St & Clinton Ave (02168),1,0,2,,,78053,21:40:53,,,78068,21:41:08,15,00:00:15,doors opened
07/12/2025,12,4201,Saturday,Saturday,West,15655783,78000,21:40:00,77992,21:39:52,0,9018,Broadway & Orange St (09018),1,0,1,78000.0,21:40:00,77992,21:39:52,78000.0,21:40:00,77992,21:39:52,0,00:00:00,doors opened
07/12/2025,12,4201,Saturday,Saturday,West,15655783,78000,21:40:00,77992,21:39:52,15,1839,Washington Ave & Partridge St (01839),0,0,12,,,78781,21:53:01,,,78781,21:53:01,0,00:00:00,door not opened
07/12/2025,12,4201,Saturday,Saturday,West,15655783,78000,21:40:00,77992,21:39:52,14,1841,Washington Ave & Ontario St (01841),0,0,12,78780.0,21:53:00,78761,21:52:41,78780.0,21:53:00,78761,21:52:41,0,00:00:00,door not opened
07/12/2025,12,4201,Saturday,Saturday,West,15655783,78000,21:40:00,77992,21:39:52,13,1842,Washington Ave & Quail St (01842),0,0,12,,,78741,21:52:21,,,78741,21:52:21,0,00:00:00,door not opened
07/12/2025,12,4201,Saturday,Saturday,West,15655783,78000,21:40:00,77992,21:39:52,12,1837,Washington Ave & N. Lake Ave (01837),0,1,12,,,78673,21:51:13,,,78685,21:51:25,12,00:00:12,doors opened
07/12/2025,12,4201,Saturday,Saturday,West,15655783,78000,21:40:00,77992,21:39:52,11,1843,Washington Ave & Robin St (01843),0,1,13,,,78635,21:50:35,,,78645,21:50:45,10,00:00:10,doors opened
07/12/2025,12,4201,Saturday,Saturday,West,15655783,78000,21:40:00,77992,21:39:52,10,12943,Washington Ave & Lexington Ave (12943),0,0,14,,,78610,21:50:10,,,78610,21:50:10,0,00:00:00,door not opened
07/12/2025,12,4201,Saturday,Saturday,West,15655783,78000,21:40:00,77992,21:39:52,9,12942,Washington Ave & Henry Johnson Blvd (12942),2,0,14,,,78528,21:48:48,,,78547,21:49:07,19,00:00:19,doors opened
07/12/2025,12,4201,Saturday,Saturday,West,15655783,78000,21:40:00,77992,21:39:52,8,3239,Lark/Library Station - Washington Ave & Lark St (03239),3,0,12,78420.0,21:47:00,78376,21:46:16,78420.0,21:47:00,78420,21:47:00,44,00:00:44,doors opened
07/12/2025,12,4201,Saturday,Saturday,West,15655783,78000,21:40:00,77992,21:39:52,7,3301,Washington Ave & S. Swan St (03301),0,1,9,,,78323,21:45:23,,,78342,21:45:42,19,00:00:19,doors opened
07/12/2025,12,4201,Saturday,Saturday,West,15655783,78000,21:40:00,77992,21:39:52,6,3250,Hawk/Capitol Station - Washington Ave & Hawk St (03250),0,0,10,,,78301,21:45:01,,,78301,21:45:01,0,00:00:00,door not opened
07/12/2025,12,4201,Saturday,Saturday,West,15655783,78000,21:40:00,77992,21:39:52,5,10087,State St & Eagle St (10087),0,0,10,,,78273,21:44:33,,,78273,21:44:33,0,00:00:00,door not opened
07/12/2025,12,4201,Saturday,Saturday,West,15655783,78000,21:40:00,77992,21:39:52,4,2665,State/Downtown Station - State St & Lodge St (02665),7,0,10,78240.0,21:44:00,78180,21:43:00,78240.0,21:44:00,78244,21:44:04,64,00:01:04,doors opened
07/12/2025,12,4201,Saturday,Saturday,West,15655783,78000,21:40:00,77992,21:39:52,3,3221,State Station - N. Pearl St & Ten Eyck Plaza (03221),1,0,3,,,78115,21:41:55,,,78156,21:42:36,41,00:00:41,doors opened
07/12/2025,12,4201,Saturday,Saturday,East,15655666,56400,15:40:00,56403,15:40:03,24,3940,Broadway & Steuben St (03940),0,0,0,58560.0,16:16:00,58488,16:14:48,58560.0,16:16:00,58488,16:14:48,0,00:00:00,door not opened
07/12/2025,12,4201,Saturday,Saturday,East,15655666,56400,15:40:00,56403,15:40:03,23,2509,State/Downtown Station - State St & S. Pearl St (02509),0,3,0,58320.0,16:12:00,58350,16:12:30,58320.0,16:12:00,58437,16:13:57,87,00:01:27,doors opened
07/12/2025,12,4201,Saturday,Saturday,East,15655666,56400,15:40:00,56403,15:40:03,22,1787,State St & Eagle St (01787),0,0,3,,,58333,16:12:13,,,58333,16:12:13,0,00:00:00,door not opened
07/12/2025,12,4201,Saturday,Saturday,East,15655666,56400,15:40:00,56403,15:40:03,21,2706,Hawk/Capitol Station - Washington Ave & Hawk St (02706),0,0,3,,,58261,16:11:01,,,58261,16:11:01,0,00:00:00,door not opened
07/12/2025,12,4201,Saturday,Saturday,East,15655666,56400,15:40:00,56403,15:40:03,20,1789,Washington Ave & S. Swan St (01789),0,0,3,,,58243,16:10:43,,,58243,16:10:43,0,00:00:00,door not opened
07/12/2025,12,4201,Saturday,Saturday,East,15655666,56400,15:40:00,56403,15:40:03,19,1788,Washington Ave & Dove St (01788),0,0,3,,,58225,16:10:25,,,58225,16:10:25,0,00:00:00,door not opened
07/12/2025,12,4201,Saturday,Saturday,East,15655666,56400,15:40:00,56403,15:40:03,18,2663,Lark/Library Station - Washington Ave & Lark St (02663),1,5,3,58020.0,16:07:00,58114,16:08:34,58020.0,16:07:00,58199,16:09:59,85,00:01:25,doors opened
07/12/2025,12,4201,Saturday,Saturday,East,15655666,56400,15:40:00,56403,15:40:03,17,263,Washington Ave & Henry Johnson Blvd (00263),0,0,7,,,58088,16:08:08,,,58088,16:08:08,0,00:00:00,door not opened
07/12/2025,12,4201,Saturday,Saturday,East,15655666,56400,15:40:00,56403,15:40:03,16,2096,Washington Ave & Lexington Ave (02096),0,0,7,,,58041,16:07:21,,,58041,16:07:21,0,00:00:00,door not opened
07/12/2025,12,4201,Saturday,Saturday,East,15655666,56400,15:40:00,56403,15:40:03,15,3253,Washington Ave & Robin St (Draper Hall) (03253),0,2,7,,,57999,16:06:39,,,58021,16:07:01,22,00:00:22,doors opened
07/12/2025,12,4201,Saturday,Saturday,East,15655666,56400,15:40:00,56403,15:40:03,14,2109,Washington Ave & N. Lake Ave (02109),0,0,9,,,57981,16:06:21,,,57981,16:06:21,0,00:00:00,door not opened
07/12/2025,12,4201,Saturday,Saturday,East,15655666,56400,15:40:00,56403,15:40:03,13,3255,Washington Ave & Quail St (03255),0,3,9,,,57928,16:05:28,,,57954,16:05:54,26,00:00:26,doors opened
07/12/2025,12,4201,Saturday,Saturday,East,15655666,56400,15:40:00,56403,15:40:03,12,3256,Washington Ave & Ontario St (03256),0,0,12,57660.0,16:01:00,57911,16:05:11,57660.0,16:01:00,57911,16:05:11,0,00:00:00,door not opened
07/12/2025,12,4201,Saturday,Saturday,East,15655666,56400,15:40:00,56403,15:40:03,11,2107,Washington Ave & Partridge St (02107),0,1,12,,,57875,16:04:35,,,57890,16:04:50,15,00:00:15,doors opened
07/12/2025,12,4201,Saturday,Saturday,East,15655666,56400,15:40:00,56403,15:40:03,10,3257,Washington Ave & N. Main Ave (03257),1,0,13,,,57785,16:03:05,,,57823,16:03:43,38,00:00:38,doors opened
07/12/2025,12,4201,Saturday,Saturday,East,15655666,56400,15:40:00,56403,15:40:03,9,1796,Washington Ave & N. Allen St (01796),0,0,12,57540.0,15:59:00,57753,16:02:33,57540.0,15:59:00,57753,16:02:33,0,00:00:00,door not opened
07/12/2025,12,4201,Saturday,Saturday,East,15655666,56400,15:40:00,56403,15:40:03,8,11581,Washington Ave & Manning Blvd (11581),0,0,12,,,57717,16:01:57,,,57717,16:01:57,0,00:00:00,door not opened
07/12/2025,12,4201,Saturday,Saturday,East,15655666,56400,15:40:00,56403,15:40:03,7,2180,Washington Ave & Homestead Ave (02180),0,0,12,,,57689,16:01:29,,,57689,16:01:29,0,00:00:00,door not opened
07/12/2025,12,4201,Saturday,Saturday,East,15655666,56400,15:40:00,56403,15:40:03,6,2182,Washington Ave & Hawthorne St (02182),0,0,12,,,57667,16:01:07,,,57667,16:01:07,0,00:00:00,door not opened
07/12/2025,12,4201,Saturday,Saturday,East,15655666,56400,15:40:00,56403,15:40:03,5,3304,Washington Ave & Clermont St (03304),0,1,12,,,57620,16:00:20,,,57635,16:00:35,15,00:00:15,doors opened
07/12/2025,12,4201,Saturday,Saturday,East,15655666,56400,15:40:00,56403,15:40:03,4,3348,Washington Ave & Brevator St (03348),0,3,13,,,57579,15:59:39,,,57598,15:59:58,19,00:00:19,doors opened
07/12/2025,12,4201,Saturday,Saturday,East,15655666,56400,15:40:00,56403,15:40:03,3,10134,Washington Ave & SUNY Exit Rd (10134),2,2,16,,,57438,15:57:18,,,57481,15:58:01,43,00:00:43,doors opened
07/12/2025,12,4201,Saturday,Saturday,East,15655666,56400,15:40:00,56403,15:40:03,2,7216,SUNY Collins Circle (07216),2,26,16,57120.0,15:52:00,57251,15:54:11,57120.0,15:52:00,57311,15:55:11,60,00:01:00,doors opened
07/12/2025,12,4201,Saturday,Saturday,East,15655666,56400,15:40:00,56403,15:40:03,1,12827,Crossgates Commons Station (12827),32,1,40,56820.0,15:47:00,56737,15:45:37,56820.0,15:47:00,56982,15:49:42,245,00:04:05,doors opened
07/12/2025,12,4201,Saturday,Saturday,East,15655666,56400,15:40:00,56403,15:40:03,0,7175,Crossgates Mall Station (07175),9,0,9,56400.0,15:40:00,56403,15:40:03,56400.0,15:40:00,56403,15:40:03,0,00:00:00,doors opened
07/12/2025,12,4201,Saturday,Saturday,West,15655668,58800,16:20:00,58803,16:20:03,27,7175,Crossgates Mall Station (07175),0,16,0,61020.0,16:57:00,61162,16:59:22,61020.0,16:57:00,61162,16:59:22,0,00:00:00,doors opened
07/12/2025,12,4201,Saturday,Saturday,West,15655668,58800,16:20:00,58803,16:20:03,26,12828,Crossgates Commons Station (12828),2,15,16,60600.0,16:50:00,60861,16:54:21,60600.0,16:50:00,60914,16:55:14,53,00:00:53,doors opened
07/12/2025,12,4201,Saturday,Saturday,West,15655668,58800,16:20:00,58803,16:20:03,25,12891,1475 Washington Ave (12891),3,0,29,,,60659,16:50:59,,,60676,16:51:16,17,00:00:17,doors opened
07/12/2025,12,4201,Saturday,Saturday,West,15655668,58800,16:20:00,58803,16:20:03,24,7216,SUNY Collins Circle (07216),0,0,26,60240.0,16:44:00,60479,16:47:59,60240.0,16:44:00,60494,16:48:14,15,00:00:15,doors opened
07/12/2025,12,4201,Saturday,Saturday,West,15655668,58800,16:20:00,58803,16:20:03,23,3262,1383 Washington Ave (Fairfield Inn) (03262),0,1,26,,,60333,16:45:33,,,60347,16:45:47,14,00:00:14,doors opened
07/12/2025,12,4201,Saturday,Saturday,West,15655668,58800,16:20:00,58803,16:20:03,22,976,Washington Ave & Brevator St (00976),0,0,27,,,60231,16:43:51,,,60231,16:43:51,0,00:00:00,door not opened
07/12/2025,12,4201,Saturday,Saturday,West,15655668,58800,16:20:00,58803,16:20:03,21,1959,Washington Ave & Colvin Ave (01959),2,0,27,,,60173,16:42:53,,,60207,16:43:27,34,00:00:34,doors opened
07/12/2025,12,4201,Saturday,Saturday,West,15655668,58800,16:20:00,58803,16:20:03,20,3399,Washington Ave & Danker Ave (03399),0,0,25,,,60150,16:42:30,,,60150,16:42:30,0,00:00:00,door not opened
07/12/2025,12,4201,Saturday,Saturday,West,15655668,58800,16:20:00,58803,16:20:03,19,1849,Washington Ave & Homestead Ave (01849),0,0,25,,,60133,16:42:13,,,60133,16:42:13,0,00:00:00,door not opened
07/12/2025,12,4201,Saturday,Saturday,West,15655668,58800,16:20:00,58803,16:20:03,18,1846,Washington Ave & Manning Blvd (01846),0,1,25,,,60063,16:41:03,,,60116,16:41:56,53,00:00:53,doors opened
07/12/2025,12,4201,Saturday,Saturday,West,15655668,58800,16:20:00,58803,16:20:03,17,3287,Washington Ave & N. Allen St (03287),1,2,26,59880.0,16:38:00,60014,16:40:14,59880.0,16:38:00,60034,16:40:34,20,00:00:20,doors opened
07/12/2025,12,4201,Saturday,Saturday,West,15655668,58800,16:20:00,58803,16:20:03,16,3264,Washington Ave & N. Main Ave (03264),1,1,27,,,59942,16:39:02,,,59982,16:39:42,40,00:00:40,doors opened
07/12/2025,12,4201,Saturday,Saturday,West,15655668,58800,16:20:00,58803,16:20:03,15,1839,Washington Ave & Partridge St (01839),0,5,27,,,59824,16:37:04,,,59859,16:37:39,35,00:00:35,doors opened
07/12/2025,12,4201,Saturday,Saturday,West,15655668,58800,16:20:00,58803,16:20:03,14,1841,Washington Ave & Ontario St (01841),1,0,32,59640.0,16:34:00,59771,16:36:11,59640.0,16:34:00,59799,16:36:39,28,00:00:28,doors opened
07/12/2025,12,4201,Saturday,Saturday,West,15655668,58800,16:20:00,58803,16:20:03,13,1842,Washington Ave & Quail St (01842),7,1,31,,,59692,16:34:52,,,59748,16:35:48,56,00:00:56,doors opened
07/12/2025,12,4201,Saturday,Saturday,West,15655668,58800,16:20:00,58803,16:20:03,12,1837,Washington Ave & N. Lake Ave (01837),1,0,25,,,59621,16:33:41,,,59665,16:34:25,44,00:00:44,doors opened
07/12/2025,12,4201,Saturday,Saturday,West,15655668,58800,16:20:00,58803,16:20:03,11,1843,Washington Ave & Robin St (01843),0,1,24,,,59584,16:33:04,,,59596,16:33:16,12,00:00:12,doors opened
07/12/2025,12,4201,Saturday,Saturday,West,15655668,58800,16:20:00,58803,16:20:03,10,12943,Washington Ave & Lexington Ave (12943),0,0,25,,,59560,16:32:40,,,59560,16:32:40,0,00:00:00,door not opened
07/12/2025,12,4201,Saturday,Saturday,West,15655668,58800,16:20:00,58803,16:20:03,9,12942,Washington Ave & Henry Johnson Blvd (12942),8,1,25,,,59438,16:30:38,,,59511,16:31:51,73,00:01:13,doors opened
07/12/2025,12,4201,Saturday,Saturday,West,15655668,58800,16:20:00,58803,16:20:03,8,3239,Lark/Library Station - Washington Ave & Lark St (03239),4,0,18,59280.0,16:28:00,59289,16:28:09,59280.0,16:28:00,59352,16:29:12,63,00:01:03,doors opened
07/12/2025,12,4201,Saturday,Saturday,West,15655668,58800,16:20:00,58803,16:20:03,7,3301,Washington Ave & S. Swan St (03301),0,0,14,,,59229,16:27:09,,,59229,16:27:09,0,00:00:00,door not opened
07/12/2025,12,4201,Saturday,Saturday,West,15655668,58800,16:20:00,58803,16:20:03,6,3250,Hawk/Capitol Station - Washington Ave & Hawk St (03250),0,0,14,,,59171,16:26:11,,,59171,16:26:11,0,00:00:00,door not opened
07/12/2025,12,4201,Saturday,Saturday,West,15655668,58800,16:20:00,58803,16:20:03,5,10087,State St & Eagle St (10087),0,0,14,,,59123,16:25:23,,,59123,16:25:23,0,00:00:00,door not opened
07/12/2025,12,4201,Saturday,Saturday,West,15655668,58800,16:20:00,58803,16:20:03,4,2665,State/Downtown Station - State St & Lodge St (02665),10,0,14,59040.0,16:24:00,59028,16:23:48,59040.0,16:24:00,59068,16:24:28,40,00:00:40,doors opened
07/12/2025,12,4201,Saturday,Saturday,West,15655668,58800,16:20:00,58803,16:20:03,3,3221,State Station - N. Pearl St & Ten Eyck Plaza (03221),2,0,4,,,58941,16:22:21,,,58966,16:22:46,25,00:00:25,doors opened
07/12/2025,12,4201,Saturday,Saturday,West,15655668,58800,16:20:00,58803,16:20:03,2,3233,N. Pearl St & Sheridan Ave (03233),0,0,2,,,58907,16:21:47,,,58907,16:21:47,0,00:00:00,door not opened
07/12/2025,12,4201,Saturday,Saturday,West,15655668,58800,16:20:00,58803,16:20:03,1,2168,Clinton Square Station - N. Pearl St & Clinton Ave (02168),1,0,2,,,58877,16:21:17,,,58893,16:21:33,16,00:00:16,doors opened
07/12/2025,12,4201,Saturday,Saturday,West,15655668,58800,16:20:00,58803,16:20:03,0,9018,Broadway & Orange St (09018),1,0,1,58800.0,16:20:00,58803,16:20:03,58800.0,16:20:00,58803,16:20:03,0,00:00:00,doors opened
07/12/2025,12,4201,Saturday,Saturday,East,15655671,66000,18:20:00,66007,18:20:07,24,3940,Broadway & Steuben St (03940),0,0,0,68160.0,18:56:00,68099,18:54:59,68160.0,18:56:00,68099,18:54:59,0,00:00:00,door not opened
07/12/2025,12,4201,Saturday,Saturday,East,15655671,66000,18:20:00,66007,18:20:07,23,2509,State/Downtown Station - State St & S. Pearl St (02509),0,10,0,67920.0,18:52:00,67995,18:53:15,67920.0,18:52:00,68044,18:54:04,49,00:00:49,doors opened
07/12/2025,12,4201,Saturday,Saturday,East,15655671,66000,18:20:00,66007,18:20:07,22,1787,State St & Eagle St (01787),0,0,10,,,67976,18:52:56,,,67976,18:52:56,0,00:00:00,door not opened
07/12/2025,12,4201,Saturday,Saturday,East,15655671,66000,18:20:00,66007,18:20:07,21,2706,Hawk/Capitol Station - Washington Ave & Hawk St (02706),0,1,10,,,67835,18:50:35,,,67849,18:50:49,14,00:00:14,doors opened
07/12/2025,12,4201,Saturday,Saturday,East,15655671,66000,18:20:00,66007,18:20:07,20,1789,Washington Ave & S. Swan St (01789),0,0,11,,,67815,18:50:15,,,67815,18:50:15,0,00:00:00,door not opened
07/12/2025,12,4201,Saturday,Saturday,East,15655671,66000,18:20:00,66007,18:20:07,19,1788,Washington Ave & Dove St (01788),0,2,11,,,67779,18:49:39,,,67792,18:49:52,13,00:00:13,doors opened
07/12/2025,12,4201,Saturday,Saturday,East,15655671,66000,18:20:00,66007,18:20:07,18,2663,Lark/Library Station - Washington Ave & Lark St (02663),0,1,13,67620.0,18:47:00,67733,18:48:53,67620.0,18:47:00,67748,18:49:08,15,00:00:15,doors opened
07/12/2025,12,4201,Saturday,Saturday,East,15655671,66000,18:20:00,66007,18:20:07,17,263,Washington Ave & Henry Johnson Blvd (00263),0,0,14,,,67711,18:48:31,,,67711,18:48:31,0,00:00:00,door not opened
07/12/2025,12,4201,Saturday,Saturday,East,15655671,66000,18:20:00,66007,18:20:07,16,2096,Washington Ave & Lexington Ave (02096),0,2,14,,,67641,18:47:21,,,67681,18:48:01,40,00:00:40,doors opened
07/12/2025,12,4201,Saturday,Saturday,East,15655671,66000,18:20:00,66007,18:20:07,15,3253,Washington Ave & Robin St (Draper Hall) (03253),0,1,16,,,67601,18:46:41,,,67622,18:47:02,21,00:00:21,doors opened
07/12/2025,12,4201,Saturday,Saturday,East,15655671,66000,18:20:00,66007,18:20:07,14,2109,Washington Ave & N. Lake Ave (02109),0,3,17,,,67517,18:45:17,,,67579,18:46:19,62,00:01:02,doors opened
07/12/2025,12,4201,Saturday,Saturday,East,15655671,66000,18:20:00,66007,18:20:07,13,3255,Washington Ave & Quail St (03255),0,3,20,,,67465,18:44:25,,,67491,18:44:51,26,00:00:26,doors opened
07/12/2025,12,4201,Saturday,Saturday,East,15655671,66000,18:20:00,66007,18:20:07,12,3256,Washington Ave & Ontario St (03256),0,2,23,67260.0,18:41:00,67428,18:43:48,67260.0,18:41:00,67444,18:44:04,16,00:00:16,doors opened
07/12/2025,12,4201,Saturday,Saturday,East,15655671,66000,18:20:00,66007,18:20:07,11,2107,Washington Ave & Partridge St (02107),5,1,25,,,67372,18:42:52,,,67404,18:43:24,32,00:00:32,doors opened
07/12/2025,12,4201,Saturday,Saturday,East,15655671,66000,18:20:00,66007,18:20:07,10,3257,Washington Ave & N. Main Ave (03257),0,2,21,,,67251,18:40:51,,,67300,18:41:40,49,00:00:49,doors opened
07/12/2025,12,4201,Saturday,Saturday,East,15655671,66000,18:20:00,66007,18:20:07,9,1796,Washington Ave & N. Allen St (01796),3,3,23,67140.0,18:39:00,67175,18:39:35,67140.0,18:39:00,67219,18:40:19,44,00:00:44,doors opened
07/12/2025,12,4201,Saturday,Saturday,East,15655671,66000,18:20:00,66007,18:20:07,8,11581,Washington Ave & Manning Blvd (11581),0,1,23,,,67127,18:38:47,,,67141,18:39:01,14,00:00:14,doors opened
07/12/2025,12,4201,Saturday,Saturday,East,15655671,66000,18:20:00,66007,18:20:07,7,2180,Washington Ave & Homestead Ave (02180),0,0,24,,,67094,18:38:14,,,67094,18:38:14,0,00:00:00,door not opened
07/12/2025,12,4201,Saturday,Saturday,East,15655671,66000,18:20:00,66007,18:20:07,6,2182,Washington Ave & Hawthorne St (02182),0,1,24,,,67051,18:37:31,,,67063,18:37:43,12,00:00:12,doors opened
07/12/2025,12,4201,Saturday,Saturday,East,15655671,66000,18:20:00,66007,18:20:07,5,3304,Washington Ave & Clermont St (03304),0,0,25,,,67033,18:37:13,,,67033,18:37:13,0,00:00:00,door not opened
07/12/2025,12,4201,Saturday,Saturday,East,15655671,66000,18:20:00,66007,18:20:07,4,3348,Washington Ave & Brevator St (03348),0,0,25,,,66998,18:36:38,,,66998,18:36:38,0,00:00:00,door not opened
07/12/2025,12,4201,Saturday,Saturday,East,15655671,66000,18:20:00,66007,18:20:07,3,10134,Washington Ave & SUNY Exit Rd (10134),0,4,25,,,66872,18:34:32,,,66888,18:34:48,16,00:00:16,doors opened
07/12/2025,12,4201,Saturday,Saturday,East,15655671,66000,18:20:00,66007,18:20:07,2,7216,SUNY Collins Circle (07216),3,0,29,66720.0,18:32:00,66743,18:32:23,66720.0,18:32:00,66760,18:32:40,17,00:00:17,doors opened
07/12/2025,12,4201,Saturday,Saturday,East,15655671,66000,18:20:00,66007,18:20:07,1,12827,Crossgates Commons Station (12827),15,0,26,66420.0,18:27:00,66406,18:26:46,66420.0,18:27:00,66466,18:27:46,60,00:01:00,doors opened
07/12/2025,12,4201,Saturday,Saturday,East,15655671,66000,18:20:00,66007,18:20:07,0,7175,Crossgates Mall Station (07175),11,0,11,66000.0,18:20:00,66007,18:20:07,66000.0,18:20:00,66007,18:20:07,0,00:00:00,doors opened
07/12/2025,12,4201,Saturday,Saturday,West,15655778,68400,19:00:00,68466,19:01:06,7,3301,Washington Ave & S. Swan St (03301),0,0,5,,,68817,19:06:57,,,68817,19:06:57,0,00:00:00,door not opened
07/12/2025,12,4201,Saturday,Saturday,West,15655778,68400,19:00:00,68466,19:01:06,6,3250,Hawk/Capitol Station - Washington Ave & Hawk St (03250),0,0,5,,,68777,19:06:17,,,68777,19:06:17,0,00:00:00,door not opened
07/12/2025,12,4201,Saturday,Saturday,West,15655778,68400,19:00:00,68466,19:01:06,5,10087,State St & Eagle St (10087),0,0,5,,,68753,19:05:53,,,68753,19:05:53,0,00:00:00,door not opened
07/12/2025,12,4201,Saturday,Saturday,West,15655778,68400,19:00:00,68466,19:01:06,4,2665,State/Downtown Station - State St & Lodge St (02665),1,0,5,68640.0,19:04:00,68676,19:04:36,68640.0,19:04:00,68688,19:04:48,12,00:00:12,doors opened
07/12/2025,12,4201,Saturday,Saturday,West,15655778,68400,19:00:00,68466,19:01:06,3,3221,State Station - N. Pearl St & Ten Eyck Plaza (03221),0,0,4,,,68596,19:03:16,,,68652,19:04:12,56,00:00:56,doors opened
07/12/2025,12,4201,Saturday,Saturday,West,15655778,68400,19:00:00,68466,19:01:06,2,3233,N. Pearl St & Sheridan Ave (03233),0,0,4,,,68549,19:02:29,,,68549,19:02:29,0,00:00:00,door not opened
07/12/2025,12,4201,Saturday,Saturday,West,15655778,68400,19:00:00,68466,19:01:06,1,2168,Clinton Square Station - N. Pearl St & Clinton Ave (02168),0,0,4,,,68514,19:01:54,,,68514,19:01:54,0,00:00:00,door not opened
07/12/2025,12,4201,Saturday,Saturday,West,15655778,68400,19:00:00,68466,19:01:06,0,9018,Broadway & Orange St (09018),4,0,4,68400.0,19:00:00,68466,19:01:06,68400.0,19:00:00,68466,19:01:06,0,00:00:00,doors opened
07/12/2025,12,4201,Saturday,Saturday,West,15655778,68400,19:00:00,68466,19:01:06,27,7175,Crossgates Mall Station (07175),0,8,0,70560.0,19:36:00,70602,19:36:42,70560.0,19:36:00,70602,19:36:42,0,00:00:00,doors opened
07/12/2025,12,4201,Saturday,Saturday,West,15655778,68400,19:00:00,68466,19:01:06,26,12828,Crossgates Commons Station (12828),0,7,8,70140.0,19:29:00,70364,19:32:44,70140.0,19:29:00,70389,19:33:09,25,00:00:25,doors opened
07/12/2025,12,4201,Saturday,Saturday,West,15655778,68400,19:00:00,68466,19:01:06,25,12891,1475 Washington Ave (12891),0,0,15,,,70133,19:28:53,,,70133,19:28:53,0,00:00:00,door not opened
07/12/2025,12,4201,Saturday,Saturday,West,15655778,68400,19:00:00,68466,19:01:06,24,7216,SUNY Collins Circle (07216),4,2,15,69780.0,19:23:00,69955,19:25:55,69780.0,19:23:00,69979,19:26:19,24,00:00:24,doors opened
07/12/2025,12,4201,Saturday,Saturday,West,15655778,68400,19:00:00,68466,19:01:06,23,3262,1383 Washington Ave (Fairfield Inn) (03262),0,1,13,,,69810,19:23:30,,,69835,19:23:55,25,00:00:25,doors opened
07/12/2025,12,4201,Saturday,Saturday,West,15655778,68400,19:00:00,68466,19:01:06,22,976,Washington Ave & Brevator St (00976),0,0,14,,,69710,19:21:50,,,69710,19:21:50,0,00:00:00,door not opened
07/12/2025,12,4201,Saturday,Saturday,West,15655778,68400,19:00:00,68466,19:01:06,21,1959,Washington Ave & Colvin Ave (01959),0,1,14,,,69650,19:20:50,,,69663,19:21:03,13,00:00:13,doors opened
07/12/2025,12,4201,Saturday,Saturday,West,15655778,68400,19:00:00,68466,19:01:06,20,3399,Washington Ave & Danker Ave (03399),0,0,15,,,69612,19:20:12,,,69625,19:20:25,13,00:00:13,doors opened
07/12/2025,12,4201,Saturday,Saturday,West,15655778,68400,19:00:00,68466,19:01:06,19,1849,Washington Ave & Homestead Ave (01849),0,1,15,,,69572,19:19:32,,,69590,19:19:50,18,00:00:18,doors opened
07/12/2025,12,4201,Saturday,Saturday,West,15655778,68400,19:00:00,68466,19:01:06,18,1846,Washington Ave & Manning Blvd (01846),5,0,16,,,69504,19:18:24,,,69550,19:19:10,46,00:00:46,doors opened
07/12/2025,12,4201,Saturday,Saturday,West,15655778,68400,19:00:00,68466,19:01:06,17,3287,Washington Ave & N. Allen St (03287),0,1,11,69420.0,19:17:00,69450,19:17:30,69420.0,19:17:00,69472,19:17:52,22,00:00:22,doors opened
07/12/2025,12,4201,Saturday,Saturday,West,15655778,68400,19:00:00,68466,19:01:06,16,3264,Washington Ave & N. Main Ave (03264),0,0,12,,,69421,19:17:01,,,69421,19:17:01,0,00:00:00,door not opened
07/12/2025,12,4201,Saturday,Saturday,West,15655778,68400,19:00:00,68466,19:01:06,15,1839,Washington Ave & Partridge St (01839),0,0,12,,,69348,19:15:48,,,69348,19:15:48,0,00:00:00,door not opened
07/12/2025,12,4201,Saturday,Saturday,West,15655778,68400,19:00:00,68466,19:01:06,14,1841,Washington Ave & Ontario St (01841),2,0,12,69240.0,19:14:00,69284,19:14:44,69240.0,19:14:00,69304,19:15:04,20,00:00:20,doors opened
07/12/2025,12,4201,Saturday,Saturday,West,15655778,68400,19:00:00,68466,19:01:06,13,1842,Washington Ave & Quail St (01842),4,2,10,,,69219,19:13:39,,,69262,19:14:22,43,00:00:43,doors opened
07/12/2025,12,4201,Saturday,Saturday,West,15655778,68400,19:00:00,68466,19:01:06,12,1837,Washington Ave & N. Lake Ave (01837),0,2,8,,,69173,19:12:53,,,69193,19:13:13,20,00:00:20,doors opened
07/12/2025,12,4201,Saturday,Saturday,West,15655778,68400,19:00:00,68466,19:01:06,11,1843,Washington Ave & Robin St (01843),0,0,10,,,69153,19:12:33,,,69153,19:12:33,0,00:00:00,door not opened
07/12/2025,12,4201,Saturday,Saturday,West,15655778,68400,19:00:00,68466,19:01:06,10,12943,Washington Ave & Lexington Ave (12943),1,0,10,,,69055,19:10:55,,,69129,19:12:09,74,00:01:14,doors opened
07/12/2025,12,4201,Saturday,Saturday,West,15655778,68400,19:00:00,68466,19:01:06,9,12942,Washington Ave & Henry Johnson Blvd (12942),1,0,9,,,68993,19:09:53,,,69013,19:10:13,20,00:00:20,doors opened
07/12/2025,12,4201,Saturday,Saturday,West,15655778,68400,19:00:00,68466,19:01:06,8,3239,Lark/Library Station - Washington Ave & Lark St (03239),3,0,8,68880.0,19:08:00,68883,19:08:03,68880.0,19:08:00,68952,19:09:12,69,00:01:09,doors opened
07/12/2025,12,4223,Saturday,Saturday,West,15655715,36000,10:00:00,36039,10:00:39,24,7216,SUNY Collins Circle (07216),0,0,11,37440.0,10:24:00,37327,10:22:07,37440.0,10:24:00,37327,10:22:07,0,00:00:00,door not opened
07/12/2025,12,4223,Saturday,Saturday,West,15655715,36000,10:00:00,36039,10:00:39,23,3262,1383 Washington Ave (Fairfield Inn) (03262),0,2,11,,,37186,10:19:46,,,37203,10:20:03,17,00:00:17,doors opened
07/12/2025,12,4223,Saturday,Saturday,West,15655715,36000,10:00:00,36039,10:00:39,22,976,Washington Ave & Brevator St (00976),0,0,13,,,37070,10:17:50,,,37070,10:17:50,0,00:00:00,door not opened
07/12/2025,12,4223,Saturday,Saturday,West,15655715,36000,10:00:00,36039,10:00:39,21,1959,Washington Ave & Colvin Ave (01959),0,0,13,,,37049,10:17:29,,,37049,10:17:29,0,00:00:00,door not opened
07/12/2025,12,4223,Saturday,Saturday,West,15655715,36000,10:00:00,36039,10:00:39,20,3399,Washington Ave & Danker Ave (03399),0,0,13,,,37028,10:17:08,,,37028,10:17:08,0,00:00:00,door not opened
07/12/2025,12,4223,Saturday,Saturday,West,15655715,36000,10:00:00,36039,10:00:39,19,1849,Washington Ave & Homestead Ave (01849),1,0,13,,,36984,10:16:24,,,37002,10:16:42,18,00:00:18,doors opened
07/12/2025,12,4223,Saturday,Saturday,West,15655715,36000,10:00:00,36039,10:00:39,18,1846,Washington Ave & Manning Blvd (01846),0,0,12,,,36960,10:16:00,,,36960,10:16:00,0,00:00:00,door not opened
07/12/2025,12,4223,Saturday,Saturday,West,15655715,36000,10:00:00,36039,10:00:39,17,3287,Washington Ave & N. Allen St (03287),1,0,12,37080.0,10:18:00,36872,10:14:32,37080.0,10:18:00,36886,10:14:46,14,00:00:14,doors opened
07/12/2025,12,4223,Saturday,Saturday,West,15655715,36000,10:00:00,36039,10:00:39,16,3264,Washington Ave & N. Main Ave (03264),0,0,11,,,36840,10:14:00,,,36840,10:14:00,0,00:00:00,door not opened
07/12/2025,12,4223,Saturday,Saturday,West,15655715,36000,10:00:00,36039,10:00:39,15,1839,Washington Ave & Partridge St (01839),1,0,11,,,36763,10:12:43,,,36781,10:13:01,18,00:00:18,doors opened
07/12/2025,12,4223,Saturday,Saturday,West,15655715,36000,10:00:00,36039,10:00:39,14,1841,Washington Ave & Ontario St (01841),4,0,10,36840.0,10:14:00,36705,10:11:45,36840.0,10:14:00,36734,10:12:14,29,00:00:29,doors opened
07/12/2025,12,4223,Saturday,Saturday,West,15655715,36000,10:00:00,36039,10:00:39,13,1842,Washington Ave & Quail St (01842),5,0,6,,,36604,10:10:04,,,36678,10:11:18,74,00:01:14,doors opened
07/12/2025,12,4223,Saturday,Saturday,West,15655715,36000,10:00:00,36039,10:00:39,12,1837,Washington Ave & N. Lake Ave (01837),1,1,1,,,36554,10:09:14,,,36568,10:09:28,14,00:00:14,doors opened
07/12/2025,12,4223,Saturday,Saturday,West,15655715,36000,10:00:00,36039,10:00:39,27,7175,Crossgates Mall Station (07175),0,7,0,38220.0,10:37:00,37993,10:33:13,38220.0,10:37:00,37993,10:33:13,0,00:00:00,doors opened
07/12/2025,12,4223,Saturday,Saturday,West,15655715,36000,10:00:00,36039,10:00:39,26,12828,Crossgates Commons Station (12828),0,4,7,37800.0,10:30:00,37705,10:28:25,37800.0,10:30:00,37740,10:29:00,35,00:00:35,doors opened
07/12/2025,12,4223,Saturday,Saturday,West,15655715,36000,10:00:00,36039,10:00:39,25,12891,1475 Washington Ave (12891),0,0,11,,,37498,10:24:58,,,37498,10:24:58,0,00:00:00,door not opened
07/12/2025,12,4223,Saturday,Saturday,West,15655715,36000,10:00:00,36039,10:00:39,11,1843,Washington Ave & Robin St (01843),0,0,1,,,36529,10:08:49,,,36529,10:08:49,0,00:00:00,door not opened
07/12/2025,12,4223,Saturday,Saturday,West,15655715,36000,10:00:00,36039,10:00:39,10,12943,Washington Ave & Lexington Ave (12943),0,0,1,,,36488,10:08:08,,,36488,10:08:08,0,00:00:00,door not opened
07/12/2025,12,4223,Saturday,Saturday,West,15655715,36000,10:00:00,36039,10:00:39,9,12942,Washington Ave & Henry Johnson Blvd (12942),0,0,1,,,36464,10:07:44,,,36464,10:07:44,0,00:00:00,door not opened
07/12/2025,12,4223,Saturday,Saturday,West,15655715,36000,10:00:00,36039,10:00:39,8,3239,Lark/Library Station - Washington Ave & Lark St (03239),1,1,1,36480.0,10:08:00,36369,10:06:09,36480.0,10:08:00,36410,10:06:50,41,00:00:41,doors opened
07/12/2025,12,4223,Saturday,Saturday,West,15655715,36000,10:00:00,36039,10:00:39,7,3301,Washington Ave & S. Swan St (03301),0,0,1,,,36333,10:05:33,,,36333,10:05:33,0,00:00:00,door not opened
07/12/2025,12,4223,Saturday,Saturday,West,15655715,36000,10:00:00,36039,10:00:39,6,3250,Hawk/Capitol Station - Washington Ave & Hawk St (03250),0,0,1,,,36250,10:04:10,,,36250,10:04:10,0,00:00:00,door not opened
07/12/2025,12,4223,Saturday,Saturday,West,15655715,36000,10:00:00,36039,10:00:39,5,10087,State St & Eagle St (10087),0,0,1,,,36223,10:03:43,,,36223,10:03:43,0,00:00:00,door not opened
07/12/2025,12,4223,Saturday,Saturday,West,15655715,36000,10:00:00,36039,10:00:39,4,2665,State/Downtown Station - State St & Lodge St (02665),0,0,1,36240.0,10:04:00,36197,10:03:17,36240.0,10:04:00,36197,10:03:17,0,00:00:00,door not opened
07/12/2025,12,4223,Saturday,Saturday,West,15655715,36000,10:00:00,36039,10:00:39,3,3221,State Station - N. Pearl St & Ten Eyck Plaza (03221),0,0,1,,,36165,10:02:45,,,36165,10:02:45,0,00:00:00,door not opened
07/12/2025,12,4223,Saturday,Saturday,West,15655715,36000,10:00:00,36039,10:00:39,2,3233,N. Pearl St & Sheridan Ave (03233),0,0,1,,,36124,10:02:04,,,36124,10:02:04,0,00:00:00,door not opened
07/12/2025,12,4223,Saturday,Saturday,West,15655715,36000,10:00:00,36039,10:00:39,1,2168,Clinton Square Station - N. Pearl St & Clinton Ave (02168),1,0,1,,,36087,10:01:27,,,36108,10:01:48,21,00:00:21,doors opened
07/12/2025,12,4223,Saturday,Saturday,West,15655715,36000,10:00:00,36039,10:00:39,0,9018,Broadway & Orange St (09018),0,0,0,36000.0,10:00:00,36039,10:00:39,36000.0,10:00:00,36039,10:00:39,0,00:00:00,door not opened
07/12/2025,12,4223,Saturday,Saturday,East,15655720,45600,12:40:00,45699,12:41:39,3,10134,Washington Ave & SUNY Exit Rd (10134),2,1,11,,,46546,12:55:46,,,46570,12:56:10,24,00:00:24,doors opened
07/12/2025,12,4223,Saturday,Saturday,East,15655720,45600,12:40:00,45699,12:41:39,2,7216,SUNY Collins Circle (07216),0,0,10,46320.0,12:52:00,46459,12:54:19,46320.0,12:52:00,46459,12:54:19,0,00:00:00,door not opened
07/12/2025,12,4223,Saturday,Saturday,East,15655720,45600,12:40:00,45699,12:41:39,1,12827,Crossgates Commons Station (12827),4,0,10,46020.0,12:47:00,45994,12:46:34,46020.0,12:47:00,46056,12:47:36,62,00:01:02,doors opened
07/12/2025,12,4223,Saturday,Saturday,East,15655720,45600,12:40:00,45699,12:41:39,0,7175,Crossgates Mall Station (07175),6,0,6,45600.0,12:40:00,45699,12:41:39,45600.0,12:40:00,45699,12:41:39,0,00:00:00,doors opened
07/12/2025,12,4223,Saturday,Saturday,East,15655720,45600,12:40:00,45699,12:41:39,16,2096,Washington Ave & Lexington Ave (02096),0,0,7,,,47249,13:07:29,,,47249,13:07:29,0,00:00:00,door not opened
07/12/2025,12,4223,Saturday,Saturday,East,15655720,45600,12:40:00,45699,12:41:39,15,3253,Washington Ave & Robin St (Draper Hall) (03253),1,0,7,,,47209,13:06:49,,,47231,13:07:11,22,00:00:22,doors opened
07/12/2025,12,4223,Saturday,Saturday,East,15655720,45600,12:40:00,45699,12:41:39,14,2109,Washington Ave & N. Lake Ave (02109),0,3,6,,,47161,13:06:01,,,47185,13:06:25,24,00:00:24,doors opened
07/12/2025,12,4223,Saturday,Saturday,East,15655720,45600,12:40:00,45699,12:41:39,13,3255,Washington Ave & Quail St (03255),0,4,9,,,47102,13:05:02,,,47124,13:05:24,22,00:00:22,doors opened
07/12/2025,12,4223,Saturday,Saturday,East,15655720,45600,12:40:00,45699,12:41:39,12,3256,Washington Ave & Ontario St (03256),0,1,13,46860.0,13:01:00,47065,13:04:25,46860.0,13:01:00,47077,13:04:37,12,00:00:12,doors opened
07/12/2025,12,4223,Saturday,Saturday,East,15655720,45600,12:40:00,45699,12:41:39,11,2107,Washington Ave & Partridge St (02107),0,1,14,,,47022,13:03:42,,,47036,13:03:56,14,00:00:14,doors opened
07/12/2025,12,4223,Saturday,Saturday,East,15655720,45600,12:40:00,45699,12:41:39,10,3257,Washington Ave & N. Main Ave (03257),1,0,15,,,46943,13:02:23,,,46971,13:02:51,28,00:00:28,doors opened
07/12/2025,12,4223,Saturday,Saturday,East,15655720,45600,12:40:00,45699,12:41:39,9,1796,Washington Ave & N. Allen St (01796),1,1,14,46740.0,12:59:00,46893,13:01:33,46740.0,12:59:00,46905,13:01:45,12,00:00:12,doors opened
07/12/2025,12,4223,Saturday,Saturday,East,15655720,45600,12:40:00,45699,12:41:39,8,11581,Washington Ave & Manning Blvd (11581),0,0,14,,,46859,13:00:59,,,46859,13:00:59,0,00:00:00,door not opened
07/12/2025,12,4223,Saturday,Saturday,East,15655720,45600,12:40:00,45699,12:41:39,7,2180,Washington Ave & Homestead Ave (02180),1,0,14,,,46823,13:00:23,,,46837,13:00:37,14,00:00:14,doors opened
07/12/2025,12,4223,Saturday,Saturday,East,15655720,45600,12:40:00,45699,12:41:39,6,2182,Washington Ave & Hawthorne St (02182),0,0,13,,,46794,12:59:54,,,46794,12:59:54,0,00:00:00,door not opened
07/12/2025,12,4223,Saturday,Saturday,East,15655720,45600,12:40:00,45699,12:41:39,5,3304,Washington Ave & Clermont St (03304),0,0,13,,,46769,12:59:29,,,46769,12:59:29,0,00:00:00,door not opened
07/12/2025,12,4223,Saturday,Saturday,East,15655720,45600,12:40:00,45699,12:41:39,4,3348,Washington Ave & Brevator St (03348),2,0,13,,,46688,12:58:08,,,46720,12:58:40,32,00:00:32,doors opened
07/12/2025,12,4223,Saturday,Saturday,East,15655720,45600,12:40:00,45699,12:41:39,24,3940,Broadway & Steuben St (03940),0,0,0,47760.0,13:16:00,47816,13:16:56,47760.0,13:16:00,47816,13:16:56,0,00:00:00,door not opened
07/12/2025,12,4223,Saturday,Saturday,East,15655720,45600,12:40:00,45699,12:41:39,23,2509,State/Downtown Station - State St & S. Pearl St (02509),0,6,0,47520.0,13:12:00,47675,13:14:35,47520.0,13:12:00,47703,13:15:03,28,00:00:28,doors opened
07/12/2025,12,4223,Saturday,Saturday,East,15655720,45600,12:40:00,45699,12:41:39,22,1787,State St & Eagle St (01787),0,0,6,,,47659,13:14:19,,,47659,13:14:19,0,00:00:00,door not opened
07/12/2025,12,4223,Saturday,Saturday,East,15655720,45600,12:40:00,45699,12:41:39,21,2706,Hawk/Capitol Station - Washington Ave & Hawk St (02706),0,0,6,,,47577,13:12:57,,,47577,13:12:57,0,00:00:00,door not opened
07/12/2025,12,4223,Saturday,Saturday,East,15655720,45600,12:40:00,45699,12:41:39,20,1789,Washington Ave & S. Swan St (01789),0,0,6,,,47556,13:12:36,,,47556,13:12:36,0,00:00:00,door not opened
07/12/2025,12,4223,Saturday,Saturday,East,15655720,45600,12:40:00,45699,12:41:39,19,1788,Washington Ave & Dove St (01788),0,0,6,,,47525,13:12:05,,,47525,13:12:05,0,00:00:00,door not opened
07/12/2025,12,4223,Saturday,Saturday,East,15655720,45600,12:40:00,45699,12:41:39,18,2663,Lark/Library Station - Washington Ave & Lark St (02663),0,0,6,47220.0,13:07:00,47470,13:11:10,47220.0,13:07:00,47470,13:11:10,0,00:00:00,door not opened
07/12/2025,12,4223,Saturday,Saturday,East,15655720,45600,12:40:00,45699,12:41:39,17,263,Washington Ave & Henry Johnson Blvd (00263),0,1,6,,,47333,13:08:53,,,47379,13:09:39,46,00:00:46,doors opened
07/12/2025,12,4223,Saturday,Saturday,West,15655722,48000,13:20:00,48011,13:20:11,14,1841,Washington Ave & Ontario St (01841),0,0,3,48840.0,13:34:00,48644,13:30:44,48840.0,13:34:00,48644,13:30:44,0,00:00:00,door not opened
07/12/2025,12,4223,Saturday,Saturday,West,15655722,48000,13:20:00,48011,13:20:11,13,1842,Washington Ave & Quail St (01842),0,1,3,,,48582,13:29:42,,,48620,13:30:20,38,00:00:38,doors opened
07/12/2025,12,4223,Saturday,Saturday,West,15655722,48000,13:20:00,48011,13:20:11,12,1837,Washington Ave & N. Lake Ave (01837),1,0,4,,,48531,13:28:51,,,48552,13:29:12,21,00:00:21,doors opened
07/12/2025,12,4223,Saturday,Saturday,West,15655722,48000,13:20:00,48011,13:20:11,11,1843,Washington Ave & Robin St (01843),0,0,3,,,48510,13:28:30,,,48510,13:28:30,0,00:00:00,door not opened
07/12/2025,12,4223,Saturday,Saturday,West,15655722,48000,13:20:00,48011,13:20:11,10,12943,Washington Ave & Lexington Ave (12943),0,0,3,,,48488,13:28:08,,,48488,13:28:08,0,00:00:00,door not opened
07/12/2025,12,4223,Saturday,Saturday,West,15655722,48000,13:20:00,48011,13:20:11,9,12942,Washington Ave & Henry Johnson Blvd (12942),1,0,3,,,48405,13:26:45,,,48428,13:27:08,23,00:00:23,doors opened
07/12/2025,12,4223,Saturday,Saturday,West,15655722,48000,13:20:00,48011,13:20:11,8,3239,Lark/Library Station - Washington Ave & Lark St (03239),1,0,2,48480.0,13:28:00,48303,13:25:03,48480.0,13:28:00,48331,13:25:31,28,00:00:28,doors opened
07/12/2025,12,4223,Saturday,Saturday,West,15655722,48000,13:20:00,48011,13:20:11,7,3301,Washington Ave & S. Swan St (03301),0,0,1,,,48260,13:24:20,,,48260,13:24:20,0,00:00:00,door not opened
07/12/2025,12,4223,Saturday,Saturday,West,15655722,48000,13:20:00,48011,13:20:11,6,3250,Hawk/Capitol Station - Washington Ave & Hawk St (03250),0,0,1,,,48212,13:23:32,,,48212,13:23:32,0,00:00:00,door not opened
07/12/2025,12,4223,Saturday,Saturday,West,15655722,48000,13:20:00,48011,13:20:11,27,7175,Crossgates Mall Station (07175),0,4,0,50220.0,13:57:00,49973,13:52:53,50220.0,13:57:00,49973,13:52:53,0,00:00:00,doors opened
07/12/2025,12,4223,Saturday,Saturday,West,15655722,48000,13:20:00,48011,13:20:11,26,12828,Crossgates Commons Station (12828),0,2,4,49800.0,13:50:00,49705,13:48:25,49800.0,13:50:00,49725,13:48:45,20,00:00:20,doors opened
07/12/2025,12,4223,Saturday,Saturday,West,15655722,48000,13:20:00,48011,13:20:11,25,12891,1475 Washington Ave (12891),0,0,6,,,49490,13:44:50,,,49490,13:44:50,0,00:00:00,door not opened
07/12/2025,12,4223,Saturday,Saturday,West,15655722,48000,13:20:00,48011,13:20:11,24,7216,SUNY Collins Circle (07216),1,0,6,49440.0,13:44:00,49304,13:41:44,49440.0,13:44:00,49318,13:41:58,14,00:00:14,doors opened
07/12/2025,12,4223,Saturday,Saturday,West,15655722,48000,13:20:00,48011,13:20:11,23,3262,1383 Washington Ave (Fairfield Inn) (03262),0,0,5,,,49178,13:39:38,,,49178,13:39:38,0,00:00:00,door not opened
07/12/2025,12,4223,Saturday,Saturday,West,15655722,48000,13:20:00,48011,13:20:11,22,976,Washington Ave & Brevator St (00976),0,0,5,,,49061,13:37:41,,,49061,13:37:41,0,00:00:00,door not opened
07/12/2025,12,4223,Saturday,Saturday,West,15655722,48000,13:20:00,48011,13:20:11,21,1959,Washington Ave & Colvin Ave (01959),1,0,5,,,49005,13:36:45,,,49035,13:37:15,30,00:00:30,doors opened
07/12/2025,12,4223,Saturday,Saturday,West,15655722,48000,13:20:00,48011,13:20:11,20,3399,Washington Ave & Danker Ave (03399),0,0,4,,,48977,13:36:17,,,48977,13:36:17,0,00:00:00,door not opened
07/12/2025,12,4223,Saturday,Saturday,West,15655722,48000,13:20:00,48011,13:20:11,19,1849,Washington Ave & Homestead Ave (01849),0,1,4,,,48935,13:35:35,,,48950,13:35:50,15,00:00:15,doors opened
07/12/2025,12,4223,Saturday,Saturday,West,15655722,48000,13:20:00,48011,13:20:11,18,1846,Washington Ave & Manning Blvd (01846),0,0,5,,,48913,13:35:13,,,48913,13:35:13,0,00:00:00,door not opened
07/12/2025,12,4223,Saturday,Saturday,West,15655722,48000,13:20:00,48011,13:20:11,17,3287,Washington Ave & N. Allen St (03287),0,0,5,49080.0,13:38:00,48828,13:33:48,49080.0,13:38:00,48828,13:33:48,0,00:00:00,door not opened
07/12/2025,12,4223,Saturday,Saturday,West,15655722,48000,13:20:00,48011,13:20:11,16,3264,Washington Ave & N. Main Ave (03264),0,0,5,,,48791,13:33:11,,,48791,13:33:11,0,00:00:00,door not opened
07/12/2025,12,4223,Saturday,Saturday,West,15655722,48000,13:20:00,48011,13:20:11,15,1839,Washington Ave & Partridge St (01839),2,0,5,,,48666,13:31:06,,,48716,13:31:56,50,00:00:50,doors opened
07/12/2025,12,4223,Saturday,Saturday,West,15655722,48000,13:20:00,48011,13:20:11,5,10087,State St & Eagle St (10087),0,0,1,,,48185,13:23:05,,,48185,13:23:05,0,00:00:00,door not opened
07/12/2025,12,4223,Saturday,Saturday,West,15655722,48000,13:20:00,48011,13:20:11,4,2665,State/Downtown Station - State St & Lodge St (02665),0,0,1,48240.0,13:24:00,48161,13:22:41,48240.0,13:24:00,48161,13:22:41,0,00:00:00,door not opened
07/12/2025,12,4223,Saturday,Saturday,West,15655722,48000,13:20:00,48011,13:20:11,3,3221,State Station - N. Pearl St & Ten Eyck Plaza (03221),1,0,1,,,48109,13:21:49,,,48124,13:22:04,15,00:00:15,doors opened
07/12/2025,12,4223,Saturday,Saturday,West,15655722,48000,13:20:00,48011,13:20:11,2,3233,N. Pearl St & Sheridan Ave (03233),0,0,0,,,48066,13:21:06,,,48066,13:21:06,0,00:00:00,door not opened
07/12/2025,12,4223,Saturday,Saturday,West,15655722,48000,13:20:00,48011,13:20:11,1,2168,Clinton Square Station - N. Pearl St & Clinton Ave (02168),0,0,0,,,48053,13:20:53,,,48053,13:20:53,0,00:00:00,door not opened
07/12/2025,12,4223,Saturday,Saturday,West,15655722,48000,13:20:00,48011,13:20:11,0,9018,Broadway & Orange St (09018),0,0,0,48000.0,13:20:00,48011,13:20:11,48000.0,13:20:00,48011,13:20:11,0,00:00:00,door not opened
07/12/2025,12,4223,Saturday,Saturday,East,15655599,22200,06:10:00,22203,06:10:03,17,263,Washington Ave & Henry Johnson Blvd (00263),0,0,1,,,23665,06:34:25,,,23665,06:34:25,0,00:00:00,door not opened
07/12/2025,12,4223,Saturday,Saturday,East,15655599,22200,06:10:00,22203,06:10:03,16,2096,Washington Ave & Lexington Ave (02096),0,0,1,,,23526,06:32:06,,,23526,06:32:06,0,00:00:00,door not opened
07/12/2025,12,4223,Saturday,Saturday,East,15655599,22200,06:10:00,22203,06:10:03,15,3253,Washington Ave & Robin St (Draper Hall) (03253),0,0,1,,,23504,06:31:44,,,23504,06:31:44,0,00:00:00,door not opened
07/12/2025,12,4223,Saturday,Saturday,East,15655599,22200,06:10:00,22203,06:10:03,14,2109,Washington Ave & N. Lake Ave (02109),0,0,1,,,23478,06:31:18,,,23478,06:31:18,0,00:00:00,door not opened
07/12/2025,12,4223,Saturday,Saturday,East,15655599,22200,06:10:00,22203,06:10:03,13,3255,Washington Ave & Quail St (03255),0,4,1,,,23411,06:30:11,,,23434,06:30:34,23,00:00:23,doors opened
07/12/2025,12,4223,Saturday,Saturday,East,15655599,22200,06:10:00,22203,06:10:03,12,3256,Washington Ave & Ontario St (03256),0,0,5,23280.0,06:28:00,23392,06:29:52,23280.0,06:28:00,23392,06:29:52,0,00:00:00,door not opened
07/12/2025,12,4223,Saturday,Saturday,East,15655599,22200,06:10:00,22203,06:10:03,11,2107,Washington Ave & Partridge St (02107),0,0,5,,,23370,06:29:30,,,23370,06:29:30,0,00:00:00,door not opened
07/12/2025,12,4223,Saturday,Saturday,East,15655599,22200,06:10:00,22203,06:10:03,10,3257,Washington Ave & N. Main Ave (03257),0,0,5,,,23279,06:27:59,,,23279,06:27:59,0,00:00:00,door not opened
07/12/2025,12,4223,Saturday,Saturday,East,15655599,22200,06:10:00,22203,06:10:03,9,1796,Washington Ave & N. Allen St (01796),0,0,5,23160.0,06:26:00,23205,06:26:45,23160.0,06:26:00,23205,06:26:45,0,00:00:00,door not opened
07/12/2025,12,4223,Saturday,Saturday,East,15655599,22200,06:10:00,22203,06:10:03,8,11581,Washington Ave & Manning Blvd (11581),0,0,5,,,23153,06:25:53,,,23153,06:25:53,0,00:00:00,door not opened
07/12/2025,12,4223,Saturday,Saturday,East,15655599,22200,06:10:00,22203,06:10:03,7,2180,Washington Ave & Homestead Ave (02180),0,0,5,,,23127,06:25:27,,,23127,06:25:27,0,00:00:00,door not opened
07/12/2025,12,4223,Saturday,Saturday,East,15655599,22200,06:10:00,22203,06:10:03,6,2182,Washington Ave & Hawthorne St (02182),0,0,5,,,23096,06:24:56,,,23096,06:24:56,0,00:00:00,door not opened
07/12/2025,12,4223,Saturday,Saturday,East,15655599,22200,06:10:00,22203,06:10:03,5,3304,Washington Ave & Clermont St (03304),1,0,5,,,23034,06:23:54,,,23060,06:24:20,26,00:00:26,doors opened
07/12/2025,12,4223,Saturday,Saturday,East,15655599,22200,06:10:00,22203,06:10:03,4,3348,Washington Ave & Brevator St (03348),0,0,4,,,23021,06:23:41,,,23021,06:23:41,0,00:00:00,door not opened
07/12/2025,12,4223,Saturday,Saturday,East,15655599,22200,06:10:00,22203,06:10:03,3,10134,Washington Ave & SUNY Exit Rd (10134),0,0,4,,,22904,06:21:44,,,22904,06:21:44,0,00:00:00,door not opened
07/12/2025,12,4223,Saturday,Saturday,East,15655599,22200,06:10:00,22203,06:10:03,2,7216,SUNY Collins Circle (07216),2,0,4,22740.0,06:19:00,22787,06:19:47,22740.0,06:19:00,22802,06:20:02,15,00:00:15,doors opened
07/12/2025,12,4223,Saturday,Saturday,East,15655599,22200,06:10:00,22203,06:10:03,1,12827,Crossgates Commons Station (12827),1,0,2,22500.0,06:15:00,22502,06:15:02,22500.0,06:15:00,22523,06:15:23,21,00:00:21,doors opened
07/12/2025,12,4223,Saturday,Saturday,East,15655599,22200,06:10:00,22203,06:10:03,0,7175,Crossgates Mall Station (07175),1,0,1,22200.0,06:10:00,22203,06:10:03,22200.0,06:10:00,22203,06:10:03,0,00:00:00,doors opened
07/12/2025,12,4223,Saturday,Saturday,East,15655599,22200,06:10:00,22203,06:10:03,24,3940,Broadway & Steuben St (03940),0,0,0,23940.0,06:39:00,23978,06:39:38,23940.0,06:39:00,23978,06:39:38,0,00:00:00,door not opened
07/12/2025,12,4223,Saturday,Saturday,East,15655599,22200,06:10:00,22203,06:10:03,23,2509,State/Downtown Station - State St & S. Pearl St (02509),0,0,0,23700.0,06:35:00,23881,06:38:01,23700.0,06:35:00,23881,06:38:01,0,00:00:00,door not opened
07/12/2025,12,4223,Saturday,Saturday,East,15655599,22200,06:10:00,22203,06:10:03,22,1787,State St & Eagle St (01787),0,0,0,,,23837,06:37:17,,,23837,06:37:17,0,00:00:00,door not opened
07/12/2025,12,4223,Saturday,Saturday,East,15655599,22200,06:10:00,22203,06:10:03,21,2706,Hawk/Capitol Station - Washington Ave & Hawk St (02706),0,0,0,,,23796,06:36:36,,,23796,06:36:36,0,00:00:00,door not opened
07/12/2025,12,4223,Saturday,Saturday,East,15655599,22200,06:10:00,22203,06:10:03,20,1789,Washington Ave & S. Swan St (01789),0,0,0,,,23776,06:36:16,,,23776,06:36:16,0,00:00:00,door not opened
07/12/2025,12,4223,Saturday,Saturday,East,15655599,22200,06:10:00,22203,06:10:03,19,1788,Washington Ave & Dove St (01788),0,0,0,,,23742,06:35:42,,,23742,06:35:42,0,00:00:00,door not opened
07/12/2025,12,4223,Saturday,Saturday,East,15655599,22200,06:10:00,22203,06:10:03,18,2663,Lark/Library Station - Washington Ave & Lark St (02663),0,1,0,23520.0,06:32:00,23692,06:34:52,23520.0,06:32:00,23704,06:35:04,12,00:00:12,doors opened
07/12/2025,12,4223,Saturday,Saturday,West,15655602,25200,07:00:00,25328,07:02:08,27,7175,Crossgates Mall Station (07175),0,3,0,27180.0,07:33:00,26994,07:29:54,27180.0,07:33:00,26994,07:29:54,0,00:00:00,doors opened
07/12/2025,12,4223,Saturday,Saturday,West,15655602,25200,07:00:00,25328,07:02:08,26,12828,Crossgates Commons Station (12828),0,2,3,26760.0,07:26:00,26760,07:26:00,26760.0,07:26:00,26781,07:26:21,21,00:00:21,doors opened
07/12/2025,12,4223,Saturday,Saturday,West,15655602,25200,07:00:00,25328,07:02:08,25,12891,1475 Washington Ave (12891),0,0,5,,,26585,07:23:05,,,26585,07:23:05,0,00:00:00,door not opened
07/12/2025,12,4223,Saturday,Saturday,West,15655602,25200,07:00:00,25328,07:02:08,24,7216,SUNY Collins Circle (07216),0,0,5,26400.0,07:20:00,26445,07:20:45,26400.0,07:20:00,26445,07:20:45,0,00:00:00,door not opened
07/12/2025,12,4223,Saturday,Saturday,West,15655602,25200,07:00:00,25328,07:02:08,23,3262,1383 Washington Ave (Fairfield Inn) (03262),0,0,5,,,26342,07:19:02,,,26342,07:19:02,0,00:00:00,door not opened
07/12/2025,12,4223,Saturday,Saturday,West,15655602,25200,07:00:00,25328,07:02:08,22,976,Washington Ave & Brevator St (00976),0,0,5,,,26199,07:16:39,,,26199,07:16:39,0,00:00:00,door not opened
07/12/2025,12,4223,Saturday,Saturday,West,15655602,25200,07:00:00,25328,07:02:08,21,1959,Washington Ave & Colvin Ave (01959),0,0,5,,,26177,07:16:17,,,26177,07:16:17,0,00:00:00,door not opened
07/12/2025,12,4223,Saturday,Saturday,West,15655602,25200,07:00:00,25328,07:02:08,20,3399,Washington Ave & Danker Ave (03399),0,0,5,,,26154,07:15:54,,,26154,07:15:54,0,00:00:00,door not opened
07/12/2025,12,4223,Saturday,Saturday,West,15655602,25200,07:00:00,25328,07:02:08,19,1849,Washington Ave & Homestead Ave (01849),0,0,5,,,26130,07:15:30,,,26130,07:15:30,0,00:00:00,door not opened
07/12/2025,12,4223,Saturday,Saturday,West,15655602,25200,07:00:00,25328,07:02:08,18,1846,Washington Ave & Manning Blvd (01846),0,0,5,,,26106,07:15:06,,,26106,07:15:06,0,00:00:00,door not opened
07/12/2025,12,4223,Saturday,Saturday,West,15655602,25200,07:00:00,25328,07:02:08,17,3287,Washington Ave & N. Allen St (03287),0,0,5,26100.0,07:15:00,26041,07:14:01,26100.0,07:15:00,26041,07:14:01,0,00:00:00,door not opened
07/12/2025,12,4223,Saturday,Saturday,West,15655602,25200,07:00:00,25328,07:02:08,16,3264,Washington Ave & N. Main Ave (03264),1,0,5,,,25916,07:11:56,,,25975,07:12:55,59,00:00:59,doors opened
07/12/2025,12,4223,Saturday,Saturday,West,15655602,25200,07:00:00,25328,07:02:08,15,1839,Washington Ave & Partridge St (01839),0,0,4,,,25865,07:11:05,,,25865,07:11:05,0,00:00:00,door not opened
07/12/2025,12,4223,Saturday,Saturday,West,15655602,25200,07:00:00,25328,07:02:08,14,1841,Washington Ave & Ontario St (01841),0,0,4,25920.0,07:12:00,25843,07:10:43,25920.0,07:12:00,25843,07:10:43,0,00:00:00,door not opened
07/12/2025,12,4223,Saturday,Saturday,West,15655602,25200,07:00:00,25328,07:02:08,13,1842,Washington Ave & Quail St (01842),3,0,4,,,25787,07:09:47,,,25814,07:10:14,27,00:00:27,doors opened
07/12/2025,12,4223,Saturday,Saturday,West,15655602,25200,07:00:00,25328,07:02:08,12,1837,Washington Ave & N. Lake Ave (01837),0,0,1,,,25764,07:09:24,,,25764,07:09:24,0,00:00:00,door not opened
07/12/2025,12,4223,Saturday,Saturday,West,15655602,25200,07:00:00,25328,07:02:08,11,1843,Washington Ave & Robin St (01843),0,0,1,,,25744,07:09:04,,,25744,07:09:04,0,00:00:00,door not opened
07/12/2025,12,4223,Saturday,Saturday,West,15655602,25200,07:00:00,25328,07:02:08,10,12943,Washington Ave & Lexington Ave (12943),0,0,1,,,25720,07:08:40,,,25720,07:08:40,0,00:00:00,door not opened
07/12/2025,12,4223,Saturday,Saturday,West,15655602,25200,07:00:00,25328,07:02:08,9,12942,Washington Ave & Henry Johnson Blvd (12942),0,2,1,,,25662,07:07:42,,,25676,07:07:56,14,00:00:14,doors opened
07/12/2025,12,4223,Saturday,Saturday,West,15655602,25200,07:00:00,25328,07:02:08,8,3239,Lark/Library Station - Washington Ave & Lark St (03239),1,0,3,25560.0,07:06:00,25605,07:06:45,25560.0,07:06:00,25621,07:07:01,16,00:00:16,doors opened
07/12/2025,12,4223,Saturday,Saturday,West,15655602,25200,07:00:00,25328,07:02:08,7,3301,Washington Ave & S. Swan St (03301),0,0,2,,,25567,07:06:07,,,25567,07:06:07,0,00:00:00,door not opened
07/12/2025,12,4223,Saturday,Saturday,West,15655602,25200,07:00:00,25328,07:02:08,6,3250,Hawk/Capitol Station - Washington Ave & Hawk St (03250),0,0,2,,,25541,07:05:41,,,25541,07:05:41,0,00:00:00,door not opened
07/12/2025,12,4223,Saturday,Saturday,West,15655602,25200,07:00:00,25328,07:02:08,5,10087,State St & Eagle St (10087),0,0,2,,,25515,07:05:15,,,25515,07:05:15,0,00:00:00,door not opened
07/12/2025,12,4223,Saturday,Saturday,West,15655602,25200,07:00:00,25328,07:02:08,4,2665,State/Downtown Station - State St & Lodge St (02665),1,0,2,25380.0,07:03:00,25448,07:04:08,25380.0,07:03:00,25472,07:04:32,24,00:00:24,doors opened
07/12/2025,12,4223,Saturday,Saturday,West,15655602,25200,07:00:00,25328,07:02:08,3,3221,State Station - N. Pearl St & Ten Eyck Plaza (03221),0,0,1,,,25403,07:03:23,,,25403,07:03:23,0,00:00:00,door not opened
07/12/2025,12,4223,Saturday,Saturday,West,15655602,25200,07:00:00,25328,07:02:08,2,3233,N. Pearl St & Sheridan Ave (03233),0,0,1,,,25357,07:02:37,,,25357,07:02:37,0,00:00:00,door not opened
07/12/2025,12,4223,Saturday,Saturday,West,15655602,25200,07:00:00,25328,07:02:08,1,2168,Clinton Square Station - N. Pearl St & Clinton Ave (02168),1,0,1,,,25328,07:02:08,,,25342,07:02:22,14,00:00:14,doors opened
07/12/2025,12,4223,Saturday,Saturday,West,15655602,25200,07:00:00,25328,07:02:08,0,9018,Broadway & Orange St (09018),0,0,0,25200.0,07:00:00,25328,07:02:08,25200.0,07:00:00,25328,07:02:08,0,00:00:00,door not opened
07/12/2025,12,4223,Saturday,Saturday,East,15655708,27600,07:40:00,27647,07:40:47,0,7175,Crossgates Mall Station (07175),0,0,0,27600.0,07:40:00,27647,07:40:47,27600.0,07:40:00,27647,07:40:47,0,00:00:00,doors opened
07/12/2025,12,4223,Saturday,Saturday,East,15655708,27600,07:40:00,27647,07:40:47,13,3255,Washington Ave & Quail St (03255),0,1,3,,,28740,07:59:00,,,28793,07:59:53,53,00:00:53,doors opened
07/12/2025,12,4223,Saturday,Saturday,East,15655708,27600,07:40:00,27647,07:40:47,12,3256,Washington Ave & Ontario St (03256),2,0,4,28680.0,07:58:00,28693,07:58:13,28680.0,07:58:00,28715,07:58:35,22,00:00:22,doors opened
07/12/2025,12,4223,Saturday,Saturday,East,15655708,27600,07:40:00,27647,07:40:47,11,2107,Washington Ave & Partridge St (02107),0,0,2,,,28675,07:57:55,,,28675,07:57:55,0,00:00:00,door not opened
07/12/2025,12,4223,Saturday,Saturday,East,15655708,27600,07:40:00,27647,07:40:47,10,3257,Washington Ave & N. Main Ave (03257),0,0,2,,,28615,07:56:55,,,28615,07:56:55,0,00:00:00,door not opened
07/12/2025,12,4223,Saturday,Saturday,East,15655708,27600,07:40:00,27647,07:40:47,9,1796,Washington Ave & N. Allen St (01796),0,0,2,28560.0,07:56:00,28556,07:55:56,28560.0,07:56:00,28556,07:55:56,0,00:00:00,door not opened
07/12/2025,12,4223,Saturday,Saturday,East,15655708,27600,07:40:00,27647,07:40:47,8,11581,Washington Ave & Manning Blvd (11581),0,0,2,,,28488,07:54:48,,,28488,07:54:48,0,00:00:00,door not opened
07/12/2025,12,4223,Saturday,Saturday,East,15655708,27600,07:40:00,27647,07:40:47,7,2180,Washington Ave & Homestead Ave (02180),0,0,2,,,28470,07:54:30,,,28470,07:54:30,0,00:00:00,door not opened
07/12/2025,12,4223,Saturday,Saturday,East,15655708,27600,07:40:00,27647,07:40:47,6,2182,Washington Ave & Hawthorne St (02182),0,0,2,,,28435,07:53:55,,,28435,07:53:55,0,00:00:00,door not opened
07/12/2025,12,4223,Saturday,Saturday,East,15655708,27600,07:40:00,27647,07:40:47,5,3304,Washington Ave & Clermont St (03304),0,0,2,,,28419,07:53:39,,,28419,07:53:39,0,00:00:00,door not opened
07/12/2025,12,4223,Saturday,Saturday,East,15655708,27600,07:40:00,27647,07:40:47,4,3348,Washington Ave & Brevator St (03348),0,0,2,,,28402,07:53:22,,,28402,07:53:22,0,00:00:00,door not opened
07/12/2025,12,4223,Saturday,Saturday,East,15655708,27600,07:40:00,27647,07:40:47,3,10134,Washington Ave & SUNY Exit Rd (10134),0,0,2,,,28298,07:51:38,,,28298,07:51:38,0,00:00:00,door not opened
07/12/2025,12,4223,Saturday,Saturday,East,15655708,27600,07:40:00,27647,07:40:47,2,7216,SUNY Collins Circle (07216),1,0,2,28140.0,07:49:00,28196,07:49:56,28140.0,07:49:00,28210,07:50:10,14,00:00:14,doors opened
07/12/2025,12,4223,Saturday,Saturday,East,15655708,27600,07:40:00,27647,07:40:47,1,12827,Crossgates Commons Station (12827),1,0,1,27900.0,07:45:00,27888,07:44:48,27900.0,07:45:00,27907,07:45:07,19,00:00:19,doors opened
07/12/2025,12,4223,Saturday,Saturday,East,15655708,27600,07:40:00,27647,07:40:47,24,3940,Broadway & Steuben St (03940),0,3,0,29400.0,08:10:00,29320,08:08:40,29400.0,08:10:00,29320,08:08:40,0,00:00:00,doors opened
07/12/2025,12,4223,Saturday,Saturday,East,15655708,27600,07:40:00,27647,07:40:47,23,2509,State/Downtown Station - State St & S. Pearl St (02509),0,2,3,29160.0,08:06:00,29193,08:06:33,29160.0,08:06:00,29271,08:07:51,78,00:01:18,doors opened
07/12/2025,12,4223,Saturday,Saturday,East,15655708,27600,07:40:00,27647,07:40:47,22,1787,State St & Eagle St (01787),0,0,5,,,29176,08:06:16,,,29176,08:06:16,0,00:00:00,door not opened
07/12/2025,12,4223,Saturday,Saturday,East,15655708,27600,07:40:00,27647,07:40:47,21,2706,Hawk/Capitol Station - Washington Ave & Hawk St (02706),0,0,5,,,29138,08:05:38,,,29138,08:05:38,0,00:00:00,door not opened
07/12/2025,12,4223,Saturday,Saturday,East,15655708,27600,07:40:00,27647,07:40:47,20,1789,Washington Ave & S. Swan St (01789),0,0,5,,,29116,08:05:16,,,29116,08:05:16,0,00:00:00,door not opened
07/12/2025,12,4223,Saturday,Saturday,East,15655708,27600,07:40:00,27647,07:40:47,19,1788,Washington Ave & Dove St (01788),0,0,5,,,29092,08:04:52,,,29092,08:04:52,0,00:00:00,door not opened
07/12/2025,12,4223,Saturday,Saturday,East,15655708,27600,07:40:00,27647,07:40:47,18,2663,Lark/Library Station - Washington Ave & Lark St (02663),1,1,5,28980.0,08:03:00,29054,08:04:14,28980.0,08:03:00,29066,08:04:26,12,00:00:12,doors opened
07/12/2025,12,4223,Saturday,Saturday,East,15655708,27600,07:40:00,27647,07:40:47,17,263,Washington Ave & Henry Johnson Blvd (00263),0,0,5,,,29025,08:03:45,,,29025,08:03:45,0,00:00:00,door not opened
07/12/2025,12,4223,Saturday,Saturday,East,15655708,27600,07:40:00,27647,07:40:47,16,2096,Washington Ave & Lexington Ave (02096),0,0,5,,,28920,08:02:00,,,28920,08:02:00,0,00:00:00,door not opened
07/12/2025,12,4223,Saturday,Saturday,East,15655708,27600,07:40:00,27647,07:40:47,15,3253,Washington Ave & Robin St (Draper Hall) (03253),0,0,5,,,28863,08:01:03,,,28863,08:01:03,0,00:00:00,door not opened
07/12/2025,12,4223,Saturday,Saturday,East,15655708,27600,07:40:00,27647,07:40:47,14,2109,Washington Ave & N. Lake Ave (02109),2,0,5,,,28820,08:00:20,,,28839,08:00:39,19,00:00:19,doors opened
07/12/2025,12,4223,Saturday,Saturday,West,15655711,30600,08:30:00,30675,08:31:15,23,3262,1383 Washington Ave (Fairfield Inn) (03262),0,1,13,,,31997,08:53:17,,,32011,08:53:31,14,00:00:14,doors opened
07/12/2025,12,4223,Saturday,Saturday,West,15655711,30600,08:30:00,30675,08:31:15,22,976,Washington Ave & Brevator St (00976),1,0,14,,,31816,08:50:16,,,31832,08:50:32,16,00:00:16,doors opened
07/12/2025,12,4223,Saturday,Saturday,West,15655711,30600,08:30:00,30675,08:31:15,21,1959,Washington Ave & Colvin Ave (01959),1,0,13,,,31770,08:49:30,,,31788,08:49:48,18,00:00:18,doors opened
07/12/2025,12,4223,Saturday,Saturday,West,15655711,30600,08:30:00,30675,08:31:15,20,3399,Washington Ave & Danker Ave (03399),0,0,12,,,31743,08:49:03,,,31743,08:49:03,0,00:00:00,door not opened
07/12/2025,12,4223,Saturday,Saturday,West,15655711,30600,08:30:00,30675,08:31:15,19,1849,Washington Ave & Homestead Ave (01849),1,0,12,,,31703,08:48:23,,,31717,08:48:37,14,00:00:14,doors opened
07/12/2025,12,4223,Saturday,Saturday,West,15655711,30600,08:30:00,30675,08:31:15,18,1846,Washington Ave & Manning Blvd (01846),0,0,11,,,31677,08:47:57,,,31677,08:47:57,0,00:00:00,door not opened
07/12/2025,12,4223,Saturday,Saturday,West,15655711,30600,08:30:00,30675,08:31:15,17,3287,Washington Ave & N. Allen St (03287),2,0,11,31560.0,08:46:00,31591,08:46:31,31560.0,08:46:00,31629,08:47:09,38,00:00:38,doors opened
07/12/2025,12,4223,Saturday,Saturday,West,15655711,30600,08:30:00,30675,08:31:15,16,3264,Washington Ave & N. Main Ave (03264),0,0,9,,,31554,08:45:54,,,31554,08:45:54,0,00:00:00,door not opened
07/12/2025,12,4223,Saturday,Saturday,West,15655711,30600,08:30:00,30675,08:31:15,15,1839,Washington Ave & Partridge St (01839),0,0,9,,,31477,08:44:37,,,31477,08:44:37,0,00:00:00,door not opened
07/12/2025,12,4223,Saturday,Saturday,West,15655711,30600,08:30:00,30675,08:31:15,14,1841,Washington Ave & Ontario St (01841),2,1,9,31380.0,08:43:00,31416,08:43:36,31380.0,08:43:00,31448,08:44:08,32,00:00:32,doors opened
07/12/2025,12,4223,Saturday,Saturday,West,15655711,30600,08:30:00,30675,08:31:15,13,1842,Washington Ave & Quail St (01842),2,2,8,,,31366,08:42:46,,,31388,08:43:08,22,00:00:22,doors opened
07/12/2025,12,4223,Saturday,Saturday,West,15655711,30600,08:30:00,30675,08:31:15,12,1837,Washington Ave & N. Lake Ave (01837),1,1,8,,,31299,08:41:39,,,31335,08:42:15,36,00:00:36,doors opened
07/12/2025,12,4223,Saturday,Saturday,West,15655711,30600,08:30:00,30675,08:31:15,11,1843,Washington Ave & Robin St (01843),1,0,8,,,31254,08:40:54,,,31273,08:41:13,19,00:00:19,doors opened
07/12/2025,12,4223,Saturday,Saturday,West,15655711,30600,08:30:00,30675,08:31:15,10,12943,Washington Ave & Lexington Ave (12943),0,0,7,,,31229,08:40:29,,,31229,08:40:29,0,00:00:00,door not opened
07/12/2025,12,4223,Saturday,Saturday,West,15655711,30600,08:30:00,30675,08:31:15,9,12942,Washington Ave & Henry Johnson Blvd (12942),0,0,7,,,31185,08:39:45,,,31196,08:39:56,11,00:00:11,doors opened
07/12/2025,12,4223,Saturday,Saturday,West,15655711,30600,08:30:00,30675,08:31:15,8,3239,Lark/Library Station - Washington Ave & Lark St (03239),0,0,7,31020.0,08:37:00,31108,08:38:28,31020.0,08:37:00,31108,08:38:28,0,00:00:00,door not opened
07/12/2025,12,4223,Saturday,Saturday,West,15655711,30600,08:30:00,30675,08:31:15,7,3301,Washington Ave & S. Swan St (03301),1,0,7,,,31026,08:37:06,,,31056,08:37:36,30,00:00:30,doors opened
07/12/2025,12,4223,Saturday,Saturday,West,15655711,30600,08:30:00,30675,08:31:15,6,3250,Hawk/Capitol Station - Washington Ave & Hawk St (03250),0,0,6,,,31004,08:36:44,,,31004,08:36:44,0,00:00:00,door not opened
07/12/2025,12,4223,Saturday,Saturday,West,15655711,30600,08:30:00,30675,08:31:15,5,10087,State St & Eagle St (10087),0,0,6,,,30978,08:36:18,,,30978,08:36:18,0,00:00:00,door not opened
07/12/2025,12,4223,Saturday,Saturday,West,15655711,30600,08:30:00,30675,08:31:15,4,2665,State/Downtown Station - State St & Lodge St (02665),2,0,6,30840.0,08:34:00,30872,08:34:32,30840.0,08:34:00,30894,08:34:54,22,00:00:22,doors opened
07/12/2025,12,4223,Saturday,Saturday,West,15655711,30600,08:30:00,30675,08:31:15,3,3221,State Station - N. Pearl St & Ten Eyck Plaza (03221),1,0,4,,,30815,08:33:35,,,30839,08:33:59,24,00:00:24,doors opened
07/12/2025,12,4223,Saturday,Saturday,West,15655711,30600,08:30:00,30675,08:31:15,2,3233,N. Pearl St & Sheridan Ave (03233),1,0,3,,,30752,08:32:32,,,30775,08:32:55,23,00:00:23,doors opened
07/12/2025,12,4223,Saturday,Saturday,West,15655711,30600,08:30:00,30675,08:31:15,1,2168,Clinton Square Station - N. Pearl St & Clinton Ave (02168),1,0,2,,,30719,08:31:59,,,30736,08:32:16,17,00:00:17,doors opened
07/12/2025,12,4223,Saturday,Saturday,West,15655711,30600,08:30:00,30675,08:31:15,0,9018,Broadway & Orange St (09018),0,0,1,30600.0,08:30:00,30675,08:31:15,30600.0,08:30:00,30675,08:31:15,0,00:00:00,door not opened
07/12/2025,12,4223,Saturday,Saturday,West,15655711,30600,08:30:00,30675,08:31:15,27,7175,Crossgates Mall Station (07175),0,0,6,32700.0,09:05:00,32727,09:05:27,32700.0,09:05:00,32727,09:05:27,0,00:00:00,doors opened
07/12/2025,12,4223,Saturday,Saturday,West,15655711,30600,08:30:00,30675,08:31:15,26,12828,Crossgates Commons Station (12828),0,7,6,32280.0,08:58:00,32469,09:01:09,32280.0,08:58:00,32492,09:01:32,23,00:00:23,doors opened
07/12/2025,12,4223,Saturday,Saturday,West,15655711,30600,08:30:00,30675,08:31:15,25,12891,1475 Washington Ave (12891),0,0,13,,,32225,08:57:05,,,32225,08:57:05,0,00:00:00,door not opened
07/12/2025,12,4223,Saturday,Saturday,West,15655711,30600,08:30:00,30675,08:31:15,24,7216,SUNY Collins Circle (07216),0,0,13,31920.0,08:52:00,32101,08:55:01,31920.0,08:52:00,32101,08:55:01,0,00:00:00,door not opened
07/12/2025,12,4223,Saturday,Saturday,East,15655712,33000,09:10:00,33017,09:10:17,24,3940,Broadway & Steuben St (03940),0,0,0,34860.0,09:41:00,34856,09:40:56,34860.0,09:41:00,34856,09:40:56,0,00:00:00,door not opened
07/12/2025,12,4223,Saturday,Saturday,East,15655712,33000,09:10:00,33017,09:10:17,23,2509,State/Downtown Station - State St & S. Pearl St (02509),0,5,0,34620.0,09:37:00,34788,09:39:48,34620.0,09:37:00,34806,09:40:06,18,00:00:18,doors opened
07/12/2025,12,4223,Saturday,Saturday,East,15655712,33000,09:10:00,33017,09:10:17,22,1787,State St & Eagle St (01787),0,0,5,,,34769,09:39:29,,,34769,09:39:29,0,00:00:00,door not opened
07/12/2025,12,4223,Saturday,Saturday,East,15655712,33000,09:10:00,33017,09:10:17,21,2706,Hawk/Capitol Station - Washington Ave & Hawk St (02706),0,0,5,,,34659,09:37:39,,,34659,09:37:39,0,00:00:00,door not opened
07/12/2025,12,4223,Saturday,Saturday,East,15655712,33000,09:10:00,33017,09:10:17,20,1789,Washington Ave & S. Swan St (01789),0,0,5,,,34643,09:37:23,,,34643,09:37:23,0,00:00:00,door not opened
07/12/2025,12,4223,Saturday,Saturday,East,15655712,33000,09:10:00,33017,09:10:17,19,1788,Washington Ave & Dove St (01788),0,0,5,,,34615,09:36:55,,,34615,09:36:55,0,00:00:00,door not opened
07/12/2025,12,4223,Saturday,Saturday,East,15655712,33000,09:10:00,33017,09:10:17,18,2663,Lark/Library Station - Washington Ave & Lark St (02663),2,0,5,34440.0,09:34:00,34557,09:35:57,34440.0,09:34:00,34590,09:36:30,33,00:00:33,doors opened
07/12/2025,12,4223,Saturday,Saturday,East,15655712,33000,09:10:00,33017,09:10:17,17,263,Washington Ave & Henry Johnson Blvd (00263),0,5,3,,,34497,09:34:57,,,34528,09:35:28,31,00:00:31,doors opened
07/12/2025,12,4223,Saturday,Saturday,East,15655712,33000,09:10:00,33017,09:10:17,16,2096,Washington Ave & Lexington Ave (02096),0,0,8,,,34450,09:34:10,,,34450,09:34:10,0,00:00:00,door not opened
07/12/2025,12,4223,Saturday,Saturday,East,15655712,33000,09:10:00,33017,09:10:17,15,3253,Washington Ave & Robin St (Draper Hall) (03253),0,3,8,,,34387,09:33:07,,,34412,09:33:32,25,00:00:25,doors opened
07/12/2025,12,4223,Saturday,Saturday,East,15655712,33000,09:10:00,33017,09:10:17,14,2109,Washington Ave & N. Lake Ave (02109),0,0,11,,,34349,09:32:29,,,34361,09:32:41,12,00:00:12,doors opened
07/12/2025,12,4223,Saturday,Saturday,East,15655712,33000,09:10:00,33017,09:10:17,13,3255,Washington Ave & Quail St (03255),0,0,11,,,34322,09:32:02,,,34322,09:32:02,0,00:00:00,door not opened
07/12/2025,12,4223,Saturday,Saturday,East,15655712,33000,09:10:00,33017,09:10:17,12,3256,Washington Ave & Ontario St (03256),0,0,11,34140.0,09:29:00,34301,09:31:41,34140.0,09:29:00,34301,09:31:41,0,00:00:00,door not opened
07/12/2025,12,4223,Saturday,Saturday,East,15655712,33000,09:10:00,33017,09:10:17,11,2107,Washington Ave & Partridge St (02107),0,0,11,,,34278,09:31:18,,,34278,09:31:18,0,00:00:00,door not opened
07/12/2025,12,4223,Saturday,Saturday,East,15655712,33000,09:10:00,33017,09:10:17,10,3257,Washington Ave & N. Main Ave (03257),0,0,11,,,34195,09:29:55,,,34195,09:29:55,0,00:00:00,door not opened
07/12/2025,12,4223,Saturday,Saturday,East,15655712,33000,09:10:00,33017,09:10:17,9,1796,Washington Ave & N. Allen St (01796),2,2,11,34020.0,09:27:00,34111,09:28:31,34020.0,09:27:00,34138,09:28:58,27,00:00:27,doors opened
07/12/2025,12,4223,Saturday,Saturday,East,15655712,33000,09:10:00,33017,09:10:17,8,11581,Washington Ave & Manning Blvd (11581),0,1,11,,,34041,09:27:21,,,34076,09:27:56,35,00:00:35,doors opened
07/12/2025,12,4223,Saturday,Saturday,East,15655712,33000,09:10:00,33017,09:10:17,7,2180,Washington Ave & Homestead Ave (02180),0,0,12,,,34020,09:27:00,,,34020,09:27:00,0,00:00:00,door not opened
07/12/2025,12,4223,Saturday,Saturday,East,15655712,33000,09:10:00,33017,09:10:17,6,2182,Washington Ave & Hawthorne St (02182),0,0,12,,,33996,09:26:36,,,33996,09:26:36,0,00:00:00,door not opened
07/12/2025,12,4223,Saturday,Saturday,East,15655712,33000,09:10:00,33017,09:10:17,5,3304,Washington Ave & Clermont St (03304),0,0,12,,,33971,09:26:11,,,33971,09:26:11,0,00:00:00,door not opened
07/12/2025,12,4223,Saturday,Saturday,East,15655712,33000,09:10:00,33017,09:10:17,4,3348,Washington Ave & Brevator St (03348),1,0,12,,,33908,09:25:08,,,33949,09:25:49,41,00:00:41,doors opened
07/12/2025,12,4223,Saturday,Saturday,East,15655712,33000,09:10:00,33017,09:10:17,3,10134,Washington Ave & SUNY Exit Rd (10134),1,1,11,,,33765,09:22:45,,,33784,09:23:04,19,00:00:19,doors opened
07/12/2025,12,4223,Saturday,Saturday,East,15655712,33000,09:10:00,33017,09:10:17,2,7216,SUNY Collins Circle (07216),0,0,11,33600.0,09:20:00,33666,09:21:06,33600.0,09:20:00,33666,09:21:06,0,00:00:00,door not opened
07/12/2025,12,4223,Saturday,Saturday,East,15655712,33000,09:10:00,33017,09:10:17,1,12827,Crossgates Commons Station (12827),3,0,11,33360.0,09:16:00,33345,09:15:45,33360.0,09:16:00,33391,09:16:31,46,00:00:46,doors opened
07/12/2025,12,4223,Saturday,Saturday,East,15655712,33000,09:10:00,33017,09:10:17,0,7175,Crossgates Mall Station (07175),2,0,8,33000.0,09:10:00,33017,09:10:17,33000.0,09:10:00,33017,09:10:17,0,00:00:00,doors opened
07/12/2025,12,4225,Saturday,Saturday,East,15656092,63600,17:40:00,63778,17:42:58,24,3940,Broadway & Steuben St (03940),0,0,0,65760.0,18:16:00,65725,18:15:25,65760.0,18:16:00,65725,18:15:25,0,00:00:00,door not opened
07/12/2025,12,4225,Saturday,Saturday,East,15656092,63600,17:40:00,63778,17:42:58,23,2509,State/Downtown Station - State St & S. Pearl St (02509),0,1,0,65520.0,18:12:00,65663,18:14:23,65520.0,18:12:00,65678,18:14:38,15,00:00:15,doors opened
07/12/2025,12,4225,Saturday,Saturday,East,15656092,63600,17:40:00,63778,17:42:58,22,1787,State St & Eagle St (01787),0,2,1,,,65634,18:13:54,,,65646,18:14:06,12,00:00:12,doors opened
07/12/2025,12,4225,Saturday,Saturday,East,15656092,63600,17:40:00,63778,17:42:58,21,2706,Hawk/Capitol Station - Washington Ave & Hawk St (02706),0,0,3,,,65518,18:11:58,,,65518,18:11:58,0,00:00:00,door not opened
07/12/2025,12,4225,Saturday,Saturday,East,15656092,63600,17:40:00,63778,17:42:58,20,1789,Washington Ave & S. Swan St (01789),0,5,3,,,65485,18:11:25,,,65498,18:11:38,13,00:00:13,doors opened
07/12/2025,12,4225,Saturday,Saturday,East,15656092,63600,17:40:00,63778,17:42:58,19,1788,Washington Ave & Dove St (01788),0,0,8,,,65460,18:11:00,,,65460,18:11:00,0,00:00:00,door not opened
07/12/2025,12,4225,Saturday,Saturday,East,15656092,63600,17:40:00,63778,17:42:58,18,2663,Lark/Library Station - Washington Ave & Lark St (02663),0,0,8,65220.0,18:07:00,65439,18:10:39,65220.0,18:07:00,65439,18:10:39,0,00:00:00,door not opened
07/12/2025,12,4225,Saturday,Saturday,East,15656092,63600,17:40:00,63778,17:42:58,17,263,Washington Ave & Henry Johnson Blvd (00263),0,1,8,,,65333,18:08:53,,,65379,18:09:39,46,00:00:46,doors opened
07/12/2025,12,4225,Saturday,Saturday,East,15656092,63600,17:40:00,63778,17:42:58,16,2096,Washington Ave & Lexington Ave (02096),0,2,9,,,65288,18:08:08,,,65302,18:08:22,14,00:00:14,doors opened
07/12/2025,12,4225,Saturday,Saturday,East,15656092,63600,17:40:00,63778,17:42:58,15,3253,Washington Ave & Robin St (Draper Hall) (03253),0,0,11,,,65274,18:07:54,,,65274,18:07:54,0,00:00:00,door not opened
07/12/2025,12,4225,Saturday,Saturday,East,15656092,63600,17:40:00,63778,17:42:58,14,2109,Washington Ave & N. Lake Ave (02109),0,0,11,,,65249,18:07:29,,,65249,18:07:29,0,00:00:00,door not opened
07/12/2025,12,4225,Saturday,Saturday,East,15656092,63600,17:40:00,63778,17:42:58,13,3255,Washington Ave & Quail St (03255),0,7,11,,,65154,18:05:54,,,65212,18:06:52,58,00:00:58,doors opened
07/12/2025,12,4225,Saturday,Saturday,East,15656092,63600,17:40:00,63778,17:42:58,12,3256,Washington Ave & Ontario St (03256),0,4,18,64860.0,18:01:00,65107,18:05:07,64860.0,18:01:00,65135,18:05:35,28,00:00:28,doors opened
07/12/2025,12,4225,Saturday,Saturday,East,15656092,63600,17:40:00,63778,17:42:58,11,2107,Washington Ave & Partridge St (02107),0,0,22,,,65089,18:04:49,,,65089,18:04:49,0,00:00:00,door not opened
07/12/2025,12,4225,Saturday,Saturday,East,15656092,63600,17:40:00,63778,17:42:58,10,3257,Washington Ave & N. Main Ave (03257),2,1,22,,,64984,18:03:04,,,65025,18:03:45,41,00:00:41,doors opened
07/12/2025,12,4225,Saturday,Saturday,East,15656092,63600,17:40:00,63778,17:42:58,9,1796,Washington Ave & N. Allen St (01796),0,1,21,64740.0,17:59:00,64942,18:02:22,64740.0,17:59:00,64957,18:02:37,15,00:00:15,doors opened
07/12/2025,12,4225,Saturday,Saturday,East,15656092,63600,17:40:00,63778,17:42:58,8,11581,Washington Ave & Manning Blvd (11581),0,1,22,,,64865,18:01:05,,,64903,18:01:43,38,00:00:38,doors opened
07/12/2025,12,4225,Saturday,Saturday,East,15656092,63600,17:40:00,63778,17:42:58,7,2180,Washington Ave & Homestead Ave (02180),0,1,23,,,64828,18:00:28,,,64845,18:00:45,17,00:00:17,doors opened
07/12/2025,12,4225,Saturday,Saturday,East,15656092,63600,17:40:00,63778,17:42:58,6,2182,Washington Ave & Hawthorne St (02182),0,0,24,,,64807,18:00:07,,,64807,18:00:07,0,00:00:00,door not opened
07/12/2025,12,4225,Saturday,Saturday,East,15656092,63600,17:40:00,63778,17:42:58,5,3304,Washington Ave & Clermont St (03304),1,0,24,,,64769,17:59:29,,,64786,17:59:46,17,00:00:17,doors opened
07/12/2025,12,4225,Saturday,Saturday,East,15656092,63600,17:40:00,63778,17:42:58,4,3348,Washington Ave & Brevator St (03348),0,1,23,,,64732,17:58:52,,,64748,17:59:08,16,00:00:16,doors opened
07/12/2025,12,4225,Saturday,Saturday,East,15656092,63600,17:40:00,63778,17:42:58,3,10134,Washington Ave & SUNY Exit Rd (10134),2,0,24,,,64608,17:56:48,,,64630,17:57:10,22,00:00:22,doors opened
07/12/2025,12,4225,Saturday,Saturday,East,15656092,63600,17:40:00,63778,17:42:58,2,7216,SUNY Collins Circle (07216),2,0,22,64320.0,17:52:00,64493,17:54:53,64320.0,17:52:00,64513,17:55:13,20,00:00:20,doors opened
07/12/2025,12,4225,Saturday,Saturday,East,15656092,63600,17:40:00,63778,17:42:58,1,12827,Crossgates Commons Station (12827),6,2,20,64020.0,17:47:00,64173,17:49:33,64020.0,17:47:00,64241,17:50:41,68,00:01:08,doors opened
07/12/2025,12,4225,Saturday,Saturday,East,15656092,63600,17:40:00,63778,17:42:58,0,7175,Crossgates Mall Station (07175),16,0,16,63600.0,17:40:00,63778,17:42:58,63600.0,17:40:00,63778,17:42:58,0,00:00:00,doors opened
07/12/2025,12,4225,Saturday,Saturday,West,15656094,66000,18:20:00,66066,18:21:06,16,3264,Washington Ave & N. Main Ave (03264),6,0,14,,,66848,18:34:08,,,66891,18:34:51,43,00:00:43,doors opened
07/12/2025,12,4225,Saturday,Saturday,West,15656094,66000,18:20:00,66066,18:21:06,15,1839,Washington Ave & Partridge St (01839),0,0,8,,,66763,18:32:43,,,66763,18:32:43,0,00:00:00,door not opened
07/12/2025,12,4225,Saturday,Saturday,West,15656094,66000,18:20:00,66066,18:21:06,14,1841,Washington Ave & Ontario St (01841),0,0,8,66840.0,18:34:00,66729,18:32:09,66840.0,18:34:00,66729,18:32:09,0,00:00:00,door not opened
07/12/2025,12,4225,Saturday,Saturday,West,15656094,66000,18:20:00,66066,18:21:06,13,1842,Washington Ave & Quail St (01842),2,0,8,,,66653,18:30:53,,,66709,18:31:49,56,00:00:56,doors opened
07/12/2025,12,4225,Saturday,Saturday,West,15656094,66000,18:20:00,66066,18:21:06,12,1837,Washington Ave & N. Lake Ave (01837),1,0,6,,,66597,18:29:57,,,66619,18:30:19,22,00:00:22,doors opened
07/12/2025,12,4225,Saturday,Saturday,West,15656094,66000,18:20:00,66066,18:21:06,11,1843,Washington Ave & Robin St (01843),0,0,5,,,66571,18:29:31,,,66571,18:29:31,0,00:00:00,door not opened
07/12/2025,12,4225,Saturday,Saturday,West,15656094,66000,18:20:00,66066,18:21:06,10,12943,Washington Ave & Lexington Ave (12943),1,0,5,,,66519,18:28:39,,,66535,18:28:55,16,00:00:16,doors opened
07/12/2025,12,4225,Saturday,Saturday,West,15656094,66000,18:20:00,66066,18:21:06,9,12942,Washington Ave & Henry Johnson Blvd (12942),0,0,4,,,66494,18:28:14,,,66494,18:28:14,0,00:00:00,door not opened
07/12/2025,12,4225,Saturday,Saturday,West,15656094,66000,18:20:00,66066,18:21:06,8,3239,Lark/Library Station - Washington Ave & Lark St (03239),0,0,4,66480.0,18:28:00,66417,18:26:57,66480.0,18:28:00,66432,18:27:12,15,00:00:15,doors opened
07/12/2025,12,4225,Saturday,Saturday,West,15656094,66000,18:20:00,66066,18:21:06,7,3301,Washington Ave & S. Swan St (03301),0,0,4,,,66334,18:25:34,,,66376,18:26:16,42,00:00:42,doors opened
07/12/2025,12,4225,Saturday,Saturday,West,15656094,66000,18:20:00,66066,18:21:06,6,3250,Hawk/Capitol Station - Washington Ave & Hawk St (03250),0,0,4,,,66314,18:25:14,,,66314,18:25:14,0,00:00:00,door not opened
07/12/2025,12,4225,Saturday,Saturday,West,15656094,66000,18:20:00,66066,18:21:06,5,10087,State St & Eagle St (10087),0,0,4,,,66287,18:24:47,,,66287,18:24:47,0,00:00:00,door not opened
07/12/2025,12,4225,Saturday,Saturday,West,15656094,66000,18:20:00,66066,18:21:06,4,2665,State/Downtown Station - State St & Lodge St (02665),1,0,4,66240.0,18:24:00,66219,18:23:39,66240.0,18:24:00,66244,18:24:04,25,00:00:25,doors opened
07/12/2025,12,4225,Saturday,Saturday,West,15656094,66000,18:20:00,66066,18:21:06,3,3221,State Station - N. Pearl St & Ten Eyck Plaza (03221),0,0,3,,,66168,18:22:48,,,66168,18:22:48,0,00:00:00,door not opened
07/12/2025,12,4225,Saturday,Saturday,West,15656094,66000,18:20:00,66066,18:21:06,2,3233,N. Pearl St & Sheridan Ave (03233),0,0,3,,,66130,18:22:10,,,66130,18:22:10,0,00:00:00,door not opened
07/12/2025,12,4225,Saturday,Saturday,West,15656094,66000,18:20:00,66066,18:21:06,1,2168,Clinton Square Station - N. Pearl St & Clinton Ave (02168),0,0,3,,,66118,18:21:58,,,66118,18:21:58,0,00:00:00,door not opened
07/12/2025,12,4225,Saturday,Saturday,West,15656094,66000,18:20:00,66066,18:21:06,0,9018,Broadway & Orange St (09018),3,0,3,66000.0,18:20:00,66066,18:21:06,66000.0,18:20:00,66066,18:21:06,0,00:00:00,doors opened
07/12/2025,12,4225,Saturday,Saturday,West,15656094,66000,18:20:00,66066,18:21:06,27,7175,Crossgates Mall Station (07175),0,7,0,68160.0,18:56:00,68088,18:54:48,68160.0,18:56:00,68088,18:54:48,0,00:00:00,doors opened
07/12/2025,12,4225,Saturday,Saturday,West,15656094,66000,18:20:00,66066,18:21:06,26,12828,Crossgates Commons Station (12828),0,7,7,67740.0,18:49:00,67841,18:50:41,67740.0,18:49:00,67868,18:51:08,27,00:00:27,doors opened
07/12/2025,12,4225,Saturday,Saturday,West,15656094,66000,18:20:00,66066,18:21:06,25,12891,1475 Washington Ave (12891),1,0,14,,,67634,18:47:14,,,67648,18:47:28,14,00:00:14,doors opened
07/12/2025,12,4225,Saturday,Saturday,West,15656094,66000,18:20:00,66066,18:21:06,24,7216,SUNY Collins Circle (07216),0,0,13,67380.0,18:43:00,67457,18:44:17,67380.0,18:43:00,67457,18:44:17,0,00:00:00,door not opened
07/12/2025,12,4225,Saturday,Saturday,West,15656094,66000,18:20:00,66066,18:21:06,23,3262,1383 Washington Ave (Fairfield Inn) (03262),1,0,13,,,67326,18:42:06,,,67342,18:42:22,16,00:00:16,doors opened
07/12/2025,12,4225,Saturday,Saturday,West,15656094,66000,18:20:00,66066,18:21:06,22,976,Washington Ave & Brevator St (00976),0,1,12,,,67210,18:40:10,,,67221,18:40:21,11,00:00:11,doors opened
07/12/2025,12,4225,Saturday,Saturday,West,15656094,66000,18:20:00,66066,18:21:06,21,1959,Washington Ave & Colvin Ave (01959),0,1,13,,,67126,18:38:46,,,67182,18:39:42,56,00:00:56,doors opened
07/12/2025,12,4225,Saturday,Saturday,West,15656094,66000,18:20:00,66066,18:21:06,20,3399,Washington Ave & Danker Ave (03399),0,0,14,,,67104,18:38:24,,,67104,18:38:24,0,00:00:00,door not opened
07/12/2025,12,4225,Saturday,Saturday,West,15656094,66000,18:20:00,66066,18:21:06,19,1849,Washington Ave & Homestead Ave (01849),0,2,14,,,67053,18:37:33,,,67087,18:38:07,34,00:00:34,doors opened
07/12/2025,12,4225,Saturday,Saturday,West,15656094,66000,18:20:00,66066,18:21:06,18,1846,Washington Ave & Manning Blvd (01846),0,0,16,,,67032,18:37:12,,,67032,18:37:12,0,00:00:00,door not opened
07/12/2025,12,4225,Saturday,Saturday,West,15656094,66000,18:20:00,66066,18:21:06,17,3287,Washington Ave & N. Allen St (03287),2,0,16,67020.0,18:37:00,66922,18:35:22,67020.0,18:37:00,66954,18:35:54,32,00:00:32,doors opened
07/12/2025,12,4225,Saturday,Saturday,East,15656202,73200,20:20:00,73306,20:21:46,24,3940,Broadway & Steuben St (03940),0,0,0,75300.0,20:55:00,75267,20:54:27,75300.0,20:55:00,75267,20:54:27,0,00:00:00,door not opened
07/12/2025,12,4225,Saturday,Saturday,East,15656202,73200,20:20:00,73306,20:21:46,23,2509,State/Downtown Station - State St & S. Pearl St (02509),0,1,0,75060.0,20:51:00,75160,20:52:40,75060.0,20:51:00,75184,20:53:04,24,00:00:24,doors opened
07/12/2025,12,4225,Saturday,Saturday,East,15656202,73200,20:20:00,73306,20:21:46,22,1787,State St & Eagle St (01787),0,0,1,,,75143,20:52:23,,,75143,20:52:23,0,00:00:00,door not opened
07/12/2025,12,4225,Saturday,Saturday,East,15656202,73200,20:20:00,73306,20:21:46,8,11581,Washington Ave & Manning Blvd (11581),0,0,12,,,74279,20:37:59,,,74279,20:37:59,0,00:00:00,door not opened
07/12/2025,12,4225,Saturday,Saturday,East,15656202,73200,20:20:00,73306,20:21:46,7,2180,Washington Ave & Homestead Ave (02180),0,0,12,,,74261,20:37:41,,,74261,20:37:41,0,00:00:00,door not opened
07/12/2025,12,4225,Saturday,Saturday,East,15656202,73200,20:20:00,73306,20:21:46,6,2182,Washington Ave & Hawthorne St (02182),0,0,12,,,74238,20:37:18,,,74238,20:37:18,0,00:00:00,door not opened
07/12/2025,12,4225,Saturday,Saturday,East,15656202,73200,20:20:00,73306,20:21:46,5,3304,Washington Ave & Clermont St (03304),0,1,12,,,74167,20:36:07,,,74213,20:36:53,46,00:00:46,doors opened
07/12/2025,12,4225,Saturday,Saturday,East,15656202,73200,20:20:00,73306,20:21:46,4,3348,Washington Ave & Brevator St (03348),0,0,13,,,74155,20:35:55,,,74155,20:35:55,0,00:00:00,door not opened
07/12/2025,12,4225,Saturday,Saturday,East,15656202,73200,20:20:00,73306,20:21:46,3,10134,Washington Ave & SUNY Exit Rd (10134),1,1,13,,,74002,20:33:22,,,74021,20:33:41,19,00:00:19,doors opened
07/12/2025,12,4225,Saturday,Saturday,East,15656202,73200,20:20:00,73306,20:21:46,2,7216,SUNY Collins Circle (07216),0,2,13,73920.0,20:32:00,73894,20:31:34,73920.0,20:32:00,73909,20:31:49,15,00:00:15,doors opened
07/12/2025,12,4225,Saturday,Saturday,East,15656202,73200,20:20:00,73306,20:21:46,1,12827,Crossgates Commons Station (12827),1,0,15,73620.0,20:27:00,73659,20:27:39,73620.0,20:27:00,73659,20:27:39,0,00:00:00,door not opened
07/12/2025,12,4225,Saturday,Saturday,East,15656202,73200,20:20:00,73306,20:21:46,0,7175,Crossgates Mall Station (07175),14,0,14,73200.0,20:20:00,73306,20:21:46,73200.0,20:20:00,73306,20:21:46,0,00:00:00,doors opened
07/12/2025,12,4225,Saturday,Saturday,East,15656202,73200,20:20:00,73306,20:21:46,21,2706,Hawk/Capitol Station - Washington Ave & Hawk St (02706),0,0,1,,,75020,20:50:20,,,75020,20:50:20,0,00:00:00,door not opened
07/12/2025,12,4225,Saturday,Saturday,East,15656202,73200,20:20:00,73306,20:21:46,20,1789,Washington Ave & S. Swan St (01789),0,0,1,,,75003,20:50:03,,,75003,20:50:03,0,00:00:00,door not opened
07/12/2025,12,4225,Saturday,Saturday,East,15656202,73200,20:20:00,73306,20:21:46,19,1788,Washington Ave & Dove St (01788),0,0,1,,,74982,20:49:42,,,74982,20:49:42,0,00:00:00,door not opened
07/12/2025,12,4225,Saturday,Saturday,East,15656202,73200,20:20:00,73306,20:21:46,18,2663,Lark/Library Station - Washington Ave & Lark St (02663),0,1,1,74820.0,20:47:00,74934,20:48:54,74820.0,20:47:00,74946,20:49:06,12,00:00:12,doors opened
07/12/2025,12,4225,Saturday,Saturday,East,15656202,73200,20:20:00,73306,20:21:46,17,263,Washington Ave & Henry Johnson Blvd (00263),1,1,2,,,74858,20:47:38,,,74904,20:48:24,46,00:00:46,doors opened
07/12/2025,12,4225,Saturday,Saturday,East,15656202,73200,20:20:00,73306,20:21:46,16,2096,Washington Ave & Lexington Ave (02096),0,1,2,,,74717,20:45:17,,,74828,20:47:08,111,00:01:51,doors opened
07/12/2025,12,4225,Saturday,Saturday,East,15656202,73200,20:20:00,73306,20:21:46,15,3253,Washington Ave & Robin St (Draper Hall) (03253),0,2,3,,,74674,20:44:34,,,74697,20:44:57,23,00:00:23,doors opened
07/12/2025,12,4225,Saturday,Saturday,East,15656202,73200,20:20:00,73306,20:21:46,14,2109,Washington Ave & N. Lake Ave (02109),0,0,5,,,74655,20:44:15,,,74655,20:44:15,0,00:00:00,door not opened
07/12/2025,12,4225,Saturday,Saturday,East,15656202,73200,20:20:00,73306,20:21:46,13,3255,Washington Ave & Quail St (03255),0,4,5,,,74538,20:42:18,,,74600,20:43:20,62,00:01:02,doors opened
07/12/2025,12,4225,Saturday,Saturday,East,15656202,73200,20:20:00,73306,20:21:46,12,3256,Washington Ave & Ontario St (03256),0,2,9,74460.0,20:41:00,74496,20:41:36,74460.0,20:41:00,74517,20:41:57,21,00:00:21,doors opened
07/12/2025,12,4225,Saturday,Saturday,East,15656202,73200,20:20:00,73306,20:21:46,11,2107,Washington Ave & Partridge St (02107),0,2,11,,,74457,20:40:57,,,74476,20:41:16,19,00:00:19,doors opened
07/12/2025,12,4225,Saturday,Saturday,East,15656202,73200,20:20:00,73306,20:21:46,10,3257,Washington Ave & N. Main Ave (03257),0,0,13,,,74395,20:39:55,,,74395,20:39:55,0,00:00:00,door not opened
07/12/2025,12,4225,Saturday,Saturday,East,15656202,73200,20:20:00,73306,20:21:46,9,1796,Washington Ave & N. Allen St (01796),2,1,13,74340.0,20:39:00,74307,20:38:27,74340.0,20:39:00,74340,20:39:00,33,00:00:33,doors opened
07/12/2025,12,4225,Saturday,Saturday,West,15656204,75600,21:00:00,75709,21:01:49,7,3301,Washington Ave & S. Swan St (03301),0,0,8,,,76146,21:09:06,,,76146,21:09:06,0,00:00:00,door not opened
07/12/2025,12,4225,Saturday,Saturday,West,15656204,75600,21:00:00,75709,21:01:49,6,3250,Hawk/Capitol Station - Washington Ave & Hawk St (03250),0,0,8,,,76113,21:08:33,,,76113,21:08:33,0,00:00:00,door not opened
07/12/2025,12,4225,Saturday,Saturday,West,15656204,75600,21:00:00,75709,21:01:49,5,10087,State St & Eagle St (10087),0,0,8,,,76063,21:07:43,,,76063,21:07:43,0,00:00:00,door not opened
07/12/2025,12,4225,Saturday,Saturday,West,15656204,75600,21:00:00,75709,21:01:49,4,2665,State/Downtown Station - State St & Lodge St (02665),3,0,8,75840.0,21:04:00,75988,21:06:28,75840.0,21:04:00,76031,21:07:11,43,00:00:43,doors opened
07/12/2025,12,4225,Saturday,Saturday,West,15656204,75600,21:00:00,75709,21:01:49,3,3221,State Station - N. Pearl St & Ten Eyck Plaza (03221),0,0,5,,,75894,21:04:54,,,75894,21:04:54,0,00:00:00,door not opened
07/12/2025,12,4225,Saturday,Saturday,West,15656204,75600,21:00:00,75709,21:01:49,2,3233,N. Pearl St & Sheridan Ave (03233),0,0,5,,,75856,21:04:16,,,75856,21:04:16,0,00:00:00,door not opened
07/12/2025,12,4225,Saturday,Saturday,West,15656204,75600,21:00:00,75709,21:01:49,1,2168,Clinton Square Station - N. Pearl St & Clinton Ave (02168),3,0,5,,,75784,21:03:04,,,75837,21:03:57,53,00:00:53,doors opened
07/12/2025,12,4225,Saturday,Saturday,West,15656204,75600,21:00:00,75709,21:01:49,0,9018,Broadway & Orange St (09018),2,0,2,75600.0,21:00:00,75709,21:01:49,75600.0,21:00:00,75709,21:01:49,0,00:00:00,doors opened
07/12/2025,12,4225,Saturday,Saturday,West,15656204,75600,21:00:00,75709,21:01:49,20,3399,Washington Ave & Danker Ave (03399),0,1,10,,,76853,21:20:53,,,76870,21:21:10,17,00:00:17,doors opened
07/12/2025,12,4225,Saturday,Saturday,West,15656204,75600,21:00:00,75709,21:01:49,19,1849,Washington Ave & Homestead Ave (01849),0,0,11,,,76829,21:20:29,,,76829,21:20:29,0,00:00:00,door not opened
07/12/2025,12,4225,Saturday,Saturday,West,15656204,75600,21:00:00,75709,21:01:49,18,1846,Washington Ave & Manning Blvd (01846),0,0,11,,,76804,21:20:04,,,76804,21:20:04,0,00:00:00,door not opened
07/12/2025,12,4225,Saturday,Saturday,West,15656204,75600,21:00:00,75709,21:01:49,17,3287,Washington Ave & N. Allen St (03287),2,0,11,76560.0,21:16:00,76709,21:18:29,76560.0,21:16:00,76773,21:19:33,64,00:01:04,doors opened
07/12/2025,12,4225,Saturday,Saturday,West,15656204,75600,21:00:00,75709,21:01:49,16,3264,Washington Ave & N. Main Ave (03264),0,0,9,,,76678,21:17:58,,,76678,21:17:58,0,00:00:00,door not opened
07/12/2025,12,4225,Saturday,Saturday,West,15656204,75600,21:00:00,75709,21:01:49,27,7175,Crossgates Mall Station (07175),0,2,0,77640.0,21:34:00,77903,21:38:23,77640.0,21:34:00,77903,21:38:23,0,00:00:00,doors opened
07/12/2025,12,4225,Saturday,Saturday,West,15656204,75600,21:00:00,75709,21:01:49,26,12828,Crossgates Commons Station (12828),0,7,2,77220.0,21:27:00,77695,21:34:55,77220.0,21:27:00,77722,21:35:22,27,00:00:27,doors opened
07/12/2025,12,4225,Saturday,Saturday,West,15656204,75600,21:00:00,75709,21:01:49,25,12891,1475 Washington Ave (12891),0,0,9,,,77530,21:32:10,,,77540,21:32:20,10,00:00:10,doors opened
07/12/2025,12,4225,Saturday,Saturday,West,15656204,75600,21:00:00,75709,21:01:49,24,7216,SUNY Collins Circle (07216),0,0,9,76920.0,21:22:00,77230,21:27:10,76920.0,21:22:00,77242,21:27:22,12,00:00:12,doors opened
07/12/2025,12,4225,Saturday,Saturday,West,15656204,75600,21:00:00,75709,21:01:49,23,3262,1383 Washington Ave (Fairfield Inn) (03262),0,1,9,,,77058,21:24:18,,,77070,21:24:30,12,00:00:12,doors opened
07/12/2025,12,4225,Saturday,Saturday,West,15656204,75600,21:00:00,75709,21:01:49,22,976,Washington Ave & Brevator St (00976),0,0,10,,,76956,21:22:36,,,76956,21:22:36,0,00:00:00,door not opened
07/12/2025,12,4225,Saturday,Saturday,West,15656204,75600,21:00:00,75709,21:01:49,21,1959,Washington Ave & Colvin Ave (01959),0,0,10,,,76935,21:22:15,,,76935,21:22:15,0,00:00:00,door not opened
07/12/2025,12,4225,Saturday,Saturday,West,15656204,75600,21:00:00,75709,21:01:49,15,1839,Washington Ave & Partridge St (01839),0,0,9,,,76606,21:16:46,,,76606,21:16:46,0,00:00:00,door not opened
07/12/2025,12,4225,Saturday,Saturday,West,15656204,75600,21:00:00,75709,21:01:49,14,1841,Washington Ave & Ontario St (01841),1,0,9,76380.0,21:13:00,76552,21:15:52,76380.0,21:13:00,76576,21:16:16,24,00:00:24,doors opened
07/12/2025,12,4225,Saturday,Saturday,West,15656204,75600,21:00:00,75709,21:01:49,13,1842,Washington Ave & Quail St (01842),0,0,8,,,76535,21:15:35,,,76535,21:15:35,0,00:00:00,door not opened
07/12/2025,12,4225,Saturday,Saturday,West,15656204,75600,21:00:00,75709,21:01:49,12,1837,Washington Ave & N. Lake Ave (01837),0,0,8,,,76512,21:15:12,,,76512,21:15:12,0,00:00:00,door not opened
07/12/2025,12,4225,Saturday,Saturday,West,15656204,75600,21:00:00,75709,21:01:49,11,1843,Washington Ave & Robin St (01843),0,0,8,,,76468,21:14:28,,,76468,21:14:28,0,00:00:00,door not opened
07/12/2025,12,4225,Saturday,Saturday,West,15656204,75600,21:00:00,75709,21:01:49,10,12943,Washington Ave & Lexington Ave (12943),0,3,8,,,76398,21:13:18,,,76444,21:14:04,46,00:00:46,doors opened
07/12/2025,12,4225,Saturday,Saturday,West,15656204,75600,21:00:00,75709,21:01:49,9,12942,Washington Ave & Henry Johnson Blvd (12942),1,0,11,,,76329,21:12:09,,,76343,21:12:23,14,00:00:14,doors opened
07/12/2025,12,4225,Saturday,Saturday,West,15656204,75600,21:00:00,75709,21:01:49,8,3239,Lark/Library Station - Washington Ave & Lark St (03239),2,0,10,76020.0,21:07:00,76205,21:10:05,76020.0,21:07:00,76253,21:10:53,48,00:00:48,doors opened
07/12/2025,12,4225,Saturday,Saturday,East,15656087,54000,15:00:00,54205,15:03:25,24,3940,Broadway & Steuben St (03940),0,0,0,56160.0,15:36:00,56310,15:38:30,56160.0,15:36:00,56310,15:38:30,0,00:00:00,door not opened
07/12/2025,12,4225,Saturday,Saturday,East,15656087,54000,15:00:00,54205,15:03:25,23,2509,State/Downtown Station - State St & S. Pearl St (02509),0,3,0,55920.0,15:32:00,56176,15:36:16,55920.0,15:32:00,56262,15:37:42,86,00:01:26,doors opened
07/12/2025,12,4225,Saturday,Saturday,East,15656087,54000,15:00:00,54205,15:03:25,22,1787,State St & Eagle St (01787),0,0,3,,,56146,15:35:46,,,56146,15:35:46,0,00:00:00,door not opened
07/12/2025,12,4225,Saturday,Saturday,East,15656087,54000,15:00:00,54205,15:03:25,21,2706,Hawk/Capitol Station - Washington Ave & Hawk St (02706),0,0,3,,,56098,15:34:58,,,56108,15:35:08,10,00:00:10,doors opened
07/12/2025,12,4225,Saturday,Saturday,East,15656087,54000,15:00:00,54205,15:03:25,20,1789,Washington Ave & S. Swan St (01789),0,1,3,,,56043,15:34:03,,,56075,15:34:35,32,00:00:32,doors opened
07/12/2025,12,4225,Saturday,Saturday,East,15656087,54000,15:00:00,54205,15:03:25,19,1788,Washington Ave & Dove St (01788),0,0,4,,,56021,15:33:41,,,56021,15:33:41,0,00:00:00,door not opened
07/12/2025,12,4225,Saturday,Saturday,East,15656087,54000,15:00:00,54205,15:03:25,18,2663,Lark/Library Station - Washington Ave & Lark St (02663),0,5,4,55620.0,15:27:00,55945,15:32:25,55620.0,15:27:00,55979,15:32:59,34,00:00:34,doors opened
07/12/2025,12,4225,Saturday,Saturday,East,15656087,54000,15:00:00,54205,15:03:25,17,263,Washington Ave & Henry Johnson Blvd (00263),0,0,9,,,55922,15:32:02,,,55922,15:32:02,0,00:00:00,door not opened
07/12/2025,12,4225,Saturday,Saturday,East,15656087,54000,15:00:00,54205,15:03:25,16,2096,Washington Ave & Lexington Ave (02096),1,4,9,,,55814,15:30:14,,,55890,15:31:30,76,00:01:16,doors opened
07/12/2025,12,4225,Saturday,Saturday,East,15656087,54000,15:00:00,54205,15:03:25,15,3253,Washington Ave & Robin St (Draper Hall) (03253),0,0,12,,,55793,15:29:53,,,55793,15:29:53,0,00:00:00,door not opened
07/12/2025,12,4225,Saturday,Saturday,East,15656087,54000,15:00:00,54205,15:03:25,14,2109,Washington Ave & N. Lake Ave (02109),1,0,12,,,55757,15:29:17,,,55771,15:29:31,14,00:00:14,doors opened
07/12/2025,12,4225,Saturday,Saturday,East,15656087,54000,15:00:00,54205,15:03:25,13,3255,Washington Ave & Quail St (03255),0,3,11,,,55676,15:27:56,,,55735,15:28:55,59,00:00:59,doors opened
07/12/2025,12,4225,Saturday,Saturday,East,15656087,54000,15:00:00,54205,15:03:25,12,3256,Washington Ave & Ontario St (03256),0,5,14,55260.0,15:21:00,55622,15:27:02,55260.0,15:21:00,55655,15:27:35,33,00:00:33,doors opened
07/12/2025,12,4225,Saturday,Saturday,East,15656087,54000,15:00:00,54205,15:03:25,11,2107,Washington Ave & Partridge St (02107),0,1,19,,,55585,15:26:25,,,55600,15:26:40,15,00:00:15,doors opened
07/12/2025,12,4225,Saturday,Saturday,East,15656087,54000,15:00:00,54205,15:03:25,10,3257,Washington Ave & N. Main Ave (03257),0,1,20,,,55506,15:25:06,,,55544,15:25:44,38,00:00:38,doors opened
07/12/2025,12,4225,Saturday,Saturday,East,15656087,54000,15:00:00,54205,15:03:25,9,1796,Washington Ave & N. Allen St (01796),6,5,21,55140.0,15:19:00,55401,15:23:21,55140.0,15:19:00,55476,15:24:36,75,00:01:15,doors opened
07/12/2025,12,4225,Saturday,Saturday,East,15656087,54000,15:00:00,54205,15:03:25,8,11581,Washington Ave & Manning Blvd (11581),0,1,20,,,55350,15:22:30,,,55370,15:22:50,20,00:00:20,doors opened
07/12/2025,12,4225,Saturday,Saturday,East,15656087,54000,15:00:00,54205,15:03:25,7,2180,Washington Ave & Homestead Ave (02180),0,0,21,,,55329,15:22:09,,,55329,15:22:09,0,00:00:00,door not opened
07/12/2025,12,4225,Saturday,Saturday,East,15656087,54000,15:00:00,54205,15:03:25,6,2182,Washington Ave & Hawthorne St (02182),1,0,21,,,55273,15:21:13,,,55290,15:21:30,17,00:00:17,doors opened
07/12/2025,12,4225,Saturday,Saturday,East,15656087,54000,15:00:00,54205,15:03:25,5,3304,Washington Ave & Clermont St (03304),0,1,20,,,55209,15:20:09,,,55245,15:20:45,36,00:00:36,doors opened
07/12/2025,12,4225,Saturday,Saturday,East,15656087,54000,15:00:00,54205,15:03:25,4,3348,Washington Ave & Brevator St (03348),0,0,21,,,55195,15:19:55,,,55195,15:19:55,0,00:00:00,door not opened
07/12/2025,12,4225,Saturday,Saturday,East,15656087,54000,15:00:00,54205,15:03:25,3,10134,Washington Ave & SUNY Exit Rd (10134),0,0,21,,,55090,15:18:10,,,55090,15:18:10,0,00:00:00,door not opened
07/12/2025,12,4225,Saturday,Saturday,East,15656087,54000,15:00:00,54205,15:03:25,2,7216,SUNY Collins Circle (07216),1,1,21,54720.0,15:12:00,54932,15:15:32,54720.0,15:12:00,54952,15:15:52,20,00:00:20,doors opened
07/12/2025,12,4225,Saturday,Saturday,East,15656087,54000,15:00:00,54205,15:03:25,1,12827,Crossgates Commons Station (12827),12,7,21,54420.0,15:07:00,54522,15:08:42,54420.0,15:07:00,54607,15:10:07,85,00:01:25,doors opened
07/12/2025,12,4225,Saturday,Saturday,East,15656087,54000,15:00:00,54205,15:03:25,0,7175,Crossgates Mall Station (07175),15,0,16,54000.0,15:00:00,54205,15:03:25,54000.0,15:00:00,54205,15:03:25,0,00:00:00,doors opened
07/12/2025,12,4225,Saturday,Saturday,West,15656089,56400,15:40:00,56536,15:42:16,27,7175,Crossgates Mall Station (07175),0,2,0,58620.0,16:17:00,58535,16:15:35,58620.0,16:17:00,58535,16:15:35,0,00:00:00,doors opened
07/12/2025,12,4225,Saturday,Saturday,West,15656089,56400,15:40:00,56536,15:42:16,26,12828,Crossgates Commons Station (12828),0,4,2,58200.0,16:10:00,58236,16:10:36,58200.0,16:10:00,58259,16:10:59,23,00:00:23,doors opened
07/12/2025,12,4225,Saturday,Saturday,West,15656089,56400,15:40:00,56536,15:42:16,25,12891,1475 Washington Ave (12891),0,0,6,,,58027,16:07:07,,,58027,16:07:07,0,00:00:00,door not opened
07/12/2025,12,4225,Saturday,Saturday,West,15656089,56400,15:40:00,56536,15:42:16,24,7216,SUNY Collins Circle (07216),0,1,6,57840.0,16:04:00,57890,16:04:50,57840.0,16:04:00,57903,16:05:03,13,00:00:13,doors opened
07/12/2025,12,4225,Saturday,Saturday,West,15656089,56400,15:40:00,56536,15:42:16,23,3262,1383 Washington Ave (Fairfield Inn) (03262),2,0,7,,,57733,16:02:13,,,57798,16:03:18,65,00:01:05,doors opened
07/12/2025,12,4225,Saturday,Saturday,West,15656089,56400,15:40:00,56536,15:42:16,22,976,Washington Ave & Brevator St (00976),0,0,5,,,57614,16:00:14,,,57614,16:00:14,0,00:00:00,door not opened
07/12/2025,12,4225,Saturday,Saturday,West,15656089,56400,15:40:00,56536,15:42:16,18,1846,Washington Ave & Manning Blvd (01846),1,0,7,,,57435,15:57:15,,,57477,15:57:57,42,00:00:42,doors opened
07/12/2025,12,4225,Saturday,Saturday,West,15656089,56400,15:40:00,56536,15:42:16,17,3287,Washington Ave & N. Allen St (03287),1,0,6,57480.0,15:58:00,57376,15:56:16,57480.0,15:58:00,57404,15:56:44,28,00:00:28,doors opened
07/12/2025,12,4225,Saturday,Saturday,West,15656089,56400,15:40:00,56536,15:42:16,16,3264,Washington Ave & N. Main Ave (03264),0,0,5,,,57349,15:55:49,,,57349,15:55:49,0,00:00:00,door not opened
07/12/2025,12,4225,Saturday,Saturday,West,15656089,56400,15:40:00,56536,15:42:16,15,1839,Washington Ave & Partridge St (01839),0,0,5,,,57308,15:55:08,,,57308,15:55:08,0,00:00:00,door not opened
07/12/2025,12,4225,Saturday,Saturday,West,15656089,56400,15:40:00,56536,15:42:16,14,1841,Washington Ave & Ontario St (01841),1,0,5,57240.0,15:54:00,57275,15:54:35,57240.0,15:54:00,57287,15:54:47,12,00:00:12,doors opened
07/12/2025,12,4225,Saturday,Saturday,West,15656089,56400,15:40:00,56536,15:42:16,13,1842,Washington Ave & Quail St (01842),1,0,4,,,57228,15:53:48,,,57251,15:54:11,23,00:00:23,doors opened
07/12/2025,12,4225,Saturday,Saturday,West,15656089,56400,15:40:00,56536,15:42:16,12,1837,Washington Ave & N. Lake Ave (01837),0,0,3,,,57204,15:53:24,,,57204,15:53:24,0,00:00:00,door not opened
07/12/2025,12,4225,Saturday,Saturday,West,15656089,56400,15:40:00,56536,15:42:16,11,1843,Washington Ave & Robin St (01843),0,0,3,,,57157,15:52:37,,,57157,15:52:37,0,00:00:00,door not opened
07/12/2025,12,4225,Saturday,Saturday,West,15656089,56400,15:40:00,56536,15:42:16,10,12943,Washington Ave & Lexington Ave (12943),0,1,3,,,57079,15:51:19,,,57131,15:52:11,52,00:00:52,doors opened
07/12/2025,12,4225,Saturday,Saturday,West,15656089,56400,15:40:00,56536,15:42:16,9,12942,Washington Ave & Henry Johnson Blvd (12942),0,0,4,,,57004,15:50:04,,,57004,15:50:04,0,00:00:00,door not opened
07/12/2025,12,4225,Saturday,Saturday,West,15656089,56400,15:40:00,56536,15:42:16,8,3239,Lark/Library Station - Washington Ave & Lark St (03239),1,0,4,56880.0,15:48:00,56882,15:48:02,56880.0,15:48:00,56958,15:49:18,76,00:01:16,doors opened
07/12/2025,12,4225,Saturday,Saturday,West,15656089,56400,15:40:00,56536,15:42:16,7,3301,Washington Ave & S. Swan St (03301),0,0,3,,,56819,15:46:59,,,56819,15:46:59,0,00:00:00,door not opened
07/12/2025,12,4225,Saturday,Saturday,West,15656089,56400,15:40:00,56536,15:42:16,6,3250,Hawk/Capitol Station - Washington Ave & Hawk St (03250),0,0,3,,,56794,15:46:34,,,56794,15:46:34,0,00:00:00,door not opened
07/12/2025,12,4225,Saturday,Saturday,West,15656089,56400,15:40:00,56536,15:42:16,5,10087,State St & Eagle St (10087),0,0,3,,,56772,15:46:12,,,56772,15:46:12,0,00:00:00,door not opened
07/12/2025,12,4225,Saturday,Saturday,West,15656089,56400,15:40:00,56536,15:42:16,4,2665,State/Downtown Station - State St & Lodge St (02665),2,0,3,56640.0,15:44:00,56710,15:45:10,56640.0,15:44:00,56733,15:45:33,23,00:00:23,doors opened
07/12/2025,12,4225,Saturday,Saturday,West,15656089,56400,15:40:00,56536,15:42:16,3,3221,State Station - N. Pearl St & Ten Eyck Plaza (03221),0,0,1,,,56667,15:44:27,,,56667,15:44:27,0,00:00:00,door not opened
07/12/2025,12,4225,Saturday,Saturday,West,15656089,56400,15:40:00,56536,15:42:16,2,3233,N. Pearl St & Sheridan Ave (03233),0,0,1,,,56614,15:43:34,,,56614,15:43:34,0,00:00:00,door not opened
07/12/2025,12,4225,Saturday,Saturday,West,15656089,56400,15:40:00,56536,15:42:16,1,2168,Clinton Square Station - N. Pearl St & Clinton Ave (02168),0,0,1,,,56589,15:43:09,,,56589,15:43:09,0,00:00:00,door not opened
07/12/2025,12,4225,Saturday,Saturday,West,15656089,56400,15:40:00,56536,15:42:16,0,9018,Broadway & Orange St (09018),1,0,1,56400.0,15:40:00,56536,15:42:16,56400.0,15:40:00,56536,15:42:16,0,00:00:00,doors opened
07/12/2025,12,4225,Saturday,Saturday,West,15656089,56400,15:40:00,56536,15:42:16,21,1959,Washington Ave & Colvin Ave (01959),0,1,5,,,57565,15:59:25,,,57590,15:59:50,25,00:00:25,doors opened
07/12/2025,12,4225,Saturday,Saturday,West,15656089,56400,15:40:00,56536,15:42:16,20,3399,Washington Ave & Danker Ave (03399),0,1,6,,,57525,15:58:45,,,57543,15:59:03,18,00:00:18,doors opened
07/12/2025,12,4225,Saturday,Saturday,West,15656089,56400,15:40:00,56536,15:42:16,19,1849,Washington Ave & Homestead Ave (01849),0,0,7,,,57501,15:58:21,,,57501,15:58:21,0,00:00:00,door not opened
07/12/2025,12,4228,Saturday,Saturday,East,15656449,48000,13:20:00,47999,13:19:59,24,3940,Broadway & Steuben St (03940),0,0,0,50160.0,13:56:00,49898,13:51:38,50160.0,13:56:00,49898,13:51:38,0,00:00:00,door not opened
07/12/2025,12,4228,Saturday,Saturday,East,15656449,48000,13:20:00,47999,13:19:59,23,2509,State/Downtown Station - State St & S. Pearl St (02509),0,2,0,49920.0,13:52:00,49785,13:49:45,49920.0,13:52:00,49810,13:50:10,25,00:00:25,doors opened
07/12/2025,12,4228,Saturday,Saturday,East,15656449,48000,13:20:00,47999,13:19:59,22,1787,State St & Eagle St (01787),0,0,2,,,49769,13:49:29,,,49769,13:49:29,0,00:00:00,door not opened
07/12/2025,12,4228,Saturday,Saturday,East,15656449,48000,13:20:00,47999,13:19:59,21,2706,Hawk/Capitol Station - Washington Ave & Hawk St (02706),0,0,2,,,49730,13:48:50,,,49730,13:48:50,0,00:00:00,door not opened
07/12/2025,12,4228,Saturday,Saturday,East,15656449,48000,13:20:00,47999,13:19:59,20,1789,Washington Ave & S. Swan St (01789),0,0,2,,,49697,13:48:17,,,49697,13:48:17,0,00:00:00,door not opened
07/12/2025,12,4228,Saturday,Saturday,East,15656449,48000,13:20:00,47999,13:19:59,19,1788,Washington Ave & Dove St (01788),0,0,2,,,49660,13:47:40,,,49660,13:47:40,0,00:00:00,door not opened
07/12/2025,12,4228,Saturday,Saturday,East,15656449,48000,13:20:00,47999,13:19:59,18,2663,Lark/Library Station - Washington Ave & Lark St (02663),0,2,2,49620.0,13:47:00,49591,13:46:31,49620.0,13:47:00,49617,13:46:57,26,00:00:26,doors opened
07/12/2025,12,4228,Saturday,Saturday,East,15656449,48000,13:20:00,47999,13:19:59,17,263,Washington Ave & Henry Johnson Blvd (00263),0,5,4,,,49504,13:45:04,,,49563,13:46:03,59,00:00:59,doors opened
07/12/2025,12,4228,Saturday,Saturday,East,15656449,48000,13:20:00,47999,13:19:59,16,2096,Washington Ave & Lexington Ave (02096),0,0,9,,,49477,13:44:37,,,49477,13:44:37,0,00:00:00,door not opened
07/12/2025,12,4228,Saturday,Saturday,East,15656449,48000,13:20:00,47999,13:19:59,15,3253,Washington Ave & Robin St (Draper Hall) (03253),0,0,9,,,49436,13:43:56,,,49436,13:43:56,0,00:00:00,door not opened
07/12/2025,12,4228,Saturday,Saturday,East,15656449,48000,13:20:00,47999,13:19:59,14,2109,Washington Ave & N. Lake Ave (02109),0,1,9,,,49368,13:42:48,,,49396,13:43:16,28,00:00:28,doors opened
07/12/2025,12,4228,Saturday,Saturday,East,15656449,48000,13:20:00,47999,13:19:59,13,3255,Washington Ave & Quail St (03255),0,3,10,,,49305,13:41:45,,,49343,13:42:23,38,00:00:38,doors opened
07/12/2025,12,4228,Saturday,Saturday,East,15656449,48000,13:20:00,47999,13:19:59,12,3256,Washington Ave & Ontario St (03256),1,1,13,49260.0,13:41:00,49250,13:40:50,49260.0,13:41:00,49284,13:41:24,34,00:00:34,doors opened
07/12/2025,12,4228,Saturday,Saturday,East,15656449,48000,13:20:00,47999,13:19:59,11,2107,Washington Ave & Partridge St (02107),0,1,13,,,49209,13:40:09,,,49227,13:40:27,18,00:00:18,doors opened
07/12/2025,12,4228,Saturday,Saturday,East,15656449,48000,13:20:00,47999,13:19:59,10,3257,Washington Ave & N. Main Ave (03257),0,0,14,,,49145,13:39:05,,,49145,13:39:05,0,00:00:00,door not opened
07/12/2025,12,4228,Saturday,Saturday,East,15656449,48000,13:20:00,47999,13:19:59,9,1796,Washington Ave & N. Allen St (01796),0,0,14,49140.0,13:39:00,49114,13:38:34,49140.0,13:39:00,49114,13:38:34,0,00:00:00,door not opened
07/12/2025,12,4228,Saturday,Saturday,East,15656449,48000,13:20:00,47999,13:19:59,8,11581,Washington Ave & Manning Blvd (11581),0,0,14,,,49068,13:37:48,,,49068,13:37:48,0,00:00:00,door not opened
07/12/2025,12,4228,Saturday,Saturday,East,15656449,48000,13:20:00,47999,13:19:59,7,2180,Washington Ave & Homestead Ave (02180),0,0,14,,,49042,13:37:22,,,49042,13:37:22,0,00:00:00,door not opened
07/12/2025,12,4228,Saturday,Saturday,East,15656449,48000,13:20:00,47999,13:19:59,6,2182,Washington Ave & Hawthorne St (02182),1,0,14,,,48979,13:36:19,,,48998,13:36:38,19,00:00:19,doors opened
07/12/2025,12,4228,Saturday,Saturday,East,15656449,48000,13:20:00,47999,13:19:59,5,3304,Washington Ave & Clermont St (03304),1,0,13,,,48915,13:35:15,,,48948,13:35:48,33,00:00:33,doors opened
07/12/2025,12,4228,Saturday,Saturday,East,15656449,48000,13:20:00,47999,13:19:59,4,3348,Washington Ave & Brevator St (03348),0,0,12,,,48901,13:35:01,,,48901,13:35:01,0,00:00:00,door not opened
07/12/2025,12,4228,Saturday,Saturday,East,15656449,48000,13:20:00,47999,13:19:59,3,10134,Washington Ave & SUNY Exit Rd (10134),0,0,12,,,48780,13:33:00,,,48780,13:33:00,0,00:00:00,door not opened
07/12/2025,12,4228,Saturday,Saturday,East,15656449,48000,13:20:00,47999,13:19:59,2,7216,SUNY Collins Circle (07216),0,0,12,48720.0,13:32:00,48655,13:30:55,48720.0,13:32:00,48655,13:30:55,0,00:00:00,door not opened
07/12/2025,12,4228,Saturday,Saturday,East,15656449,48000,13:20:00,47999,13:19:59,1,12827,Crossgates Commons Station (12827),10,1,12,48420.0,13:27:00,48255,13:24:15,48420.0,13:27:00,48322,13:25:22,67,00:01:07,doors opened
07/12/2025,12,4228,Saturday,Saturday,East,15656449,48000,13:20:00,47999,13:19:59,0,7175,Crossgates Mall Station (07175),3,0,3,48000.0,13:20:00,47999,13:19:59,48000.0,13:20:00,47999,13:19:59,0,00:00:00,doors opened
07/12/2025,12,4228,Saturday,Saturday,West,15656451,50400,14:00:00,50392,13:59:52,21,1959,Washington Ave & Colvin Ave (01959),0,0,14,,,51515,14:18:35,,,51515,14:18:35,0,00:00:00,door not opened
07/12/2025,12,4228,Saturday,Saturday,West,15656451,50400,14:00:00,50392,13:59:52,20,3399,Washington Ave & Danker Ave (03399),0,0,14,,,51465,14:17:45,,,51465,14:17:45,0,00:00:00,door not opened
07/12/2025,12,4228,Saturday,Saturday,West,15656451,50400,14:00:00,50392,13:59:52,19,1849,Washington Ave & Homestead Ave (01849),0,0,14,,,51444,14:17:24,,,51444,14:17:24,0,00:00:00,door not opened
07/12/2025,12,4228,Saturday,Saturday,West,15656451,50400,14:00:00,50392,13:59:52,18,1846,Washington Ave & Manning Blvd (01846),0,0,14,,,51420,14:17:00,,,51420,14:17:00,0,00:00:00,door not opened
07/12/2025,12,4228,Saturday,Saturday,West,15656451,50400,14:00:00,50392,13:59:52,17,3287,Washington Ave & N. Allen St (03287),0,0,14,51480.0,14:18:00,51351,14:15:51,51480.0,14:18:00,51351,14:15:51,0,00:00:00,door not opened
07/12/2025,12,4228,Saturday,Saturday,West,15656451,50400,14:00:00,50392,13:59:52,16,3264,Washington Ave & N. Main Ave (03264),0,0,14,,,51298,14:14:58,,,51298,14:14:58,0,00:00:00,door not opened
07/12/2025,12,4228,Saturday,Saturday,West,15656451,50400,14:00:00,50392,13:59:52,15,1839,Washington Ave & Partridge St (01839),1,0,14,,,51178,14:12:58,,,51198,14:13:18,20,00:00:20,doors opened
07/12/2025,12,4228,Saturday,Saturday,West,15656451,50400,14:00:00,50392,13:59:52,14,1841,Washington Ave & Ontario St (01841),1,0,13,51240.0,14:14:00,51108,14:11:48,51240.0,14:14:00,51156,14:12:36,48,00:00:48,doors opened
07/12/2025,12,4228,Saturday,Saturday,West,15656451,50400,14:00:00,50392,13:59:52,13,1842,Washington Ave & Quail St (01842),2,1,12,,,51045,14:10:45,,,51083,14:11:23,38,00:00:38,doors opened
07/12/2025,12,4228,Saturday,Saturday,West,15656451,50400,14:00:00,50392,13:59:52,12,1837,Washington Ave & N. Lake Ave (01837),0,0,11,,,51020,14:10:20,,,51020,14:10:20,0,00:00:00,door not opened
07/12/2025,12,4228,Saturday,Saturday,West,15656451,50400,14:00:00,50392,13:59:52,11,1843,Washington Ave & Robin St (01843),0,0,11,,,50963,14:09:23,,,50963,14:09:23,0,00:00:00,door not opened
07/12/2025,12,4228,Saturday,Saturday,West,15656451,50400,14:00:00,50392,13:59:52,10,12943,Washington Ave & Lexington Ave (12943),0,0,11,,,50942,14:09:02,,,50942,14:09:02,0,00:00:00,door not opened
07/12/2025,12,4228,Saturday,Saturday,West,15656451,50400,14:00:00,50392,13:59:52,9,12942,Washington Ave & Henry Johnson Blvd (12942),1,0,11,,,50880,14:08:00,,,50892,14:08:12,12,00:00:12,doors opened
07/12/2025,12,4228,Saturday,Saturday,West,15656451,50400,14:00:00,50392,13:59:52,8,3239,Lark/Library Station - Washington Ave & Lark St (03239),1,0,10,50880.0,14:08:00,50764,14:06:04,50880.0,14:08:00,50839,14:07:19,75,00:01:15,doors opened
07/12/2025,12,4228,Saturday,Saturday,West,15656451,50400,14:00:00,50392,13:59:52,7,3301,Washington Ave & S. Swan St (03301),0,0,9,,,50697,14:04:57,,,50697,14:04:57,0,00:00:00,door not opened
07/12/2025,12,4228,Saturday,Saturday,West,15656451,50400,14:00:00,50392,13:59:52,6,3250,Hawk/Capitol Station - Washington Ave & Hawk St (03250),0,0,9,,,50672,14:04:32,,,50672,14:04:32,0,00:00:00,door not opened
07/12/2025,12,4228,Saturday,Saturday,West,15656451,50400,14:00:00,50392,13:59:52,5,10087,State St & Eagle St (10087),0,0,9,,,50644,14:04:04,,,50644,14:04:04,0,00:00:00,door not opened
07/12/2025,12,4228,Saturday,Saturday,West,15656451,50400,14:00:00,50392,13:59:52,4,2665,State/Downtown Station - State St & Lodge St (02665),8,0,9,50640.0,14:04:00,50541,14:02:21,50640.0,14:04:00,50598,14:03:18,57,00:00:57,doors opened
07/12/2025,12,4228,Saturday,Saturday,West,15656451,50400,14:00:00,50392,13:59:52,3,3221,State Station - N. Pearl St & Ten Eyck Plaza (03221),0,0,1,,,50515,14:01:55,,,50515,14:01:55,0,00:00:00,door not opened
07/12/2025,12,4228,Saturday,Saturday,West,15656451,50400,14:00:00,50392,13:59:52,2,3233,N. Pearl St & Sheridan Ave (03233),0,0,1,,,50453,14:00:53,,,50453,14:00:53,0,00:00:00,door not opened
07/12/2025,12,4228,Saturday,Saturday,West,15656451,50400,14:00:00,50392,13:59:52,1,2168,Clinton Square Station - N. Pearl St & Clinton Ave (02168),0,0,1,,,50440,14:00:40,,,50440,14:00:40,0,00:00:00,door not opened
07/12/2025,12,4228,Saturday,Saturday,West,15656451,50400,14:00:00,50392,13:59:52,0,9018,Broadway & Orange St (09018),1,0,1,50400.0,14:00:00,50392,13:59:52,50400.0,14:00:00,50392,13:59:52,0,00:00:00,doors opened
07/12/2025,12,4228,Saturday,Saturday,West,15656451,50400,14:00:00,50392,13:59:52,23,3262,1383 Washington Ave (Fairfield Inn) (03262),0,0,14,,,51663,14:21:03,,,51663,14:21:03,0,00:00:00,door not opened
07/12/2025,12,4228,Saturday,Saturday,West,15656451,50400,14:00:00,50392,13:59:52,22,976,Washington Ave & Brevator St (00976),0,0,14,,,51536,14:18:56,,,51536,14:18:56,0,00:00:00,door not opened
07/12/2025,12,4228,Saturday,Saturday,West,15656451,50400,14:00:00,50392,13:59:52,27,7175,Crossgates Mall Station (07175),0,13,0,52620.0,14:37:00,52487,14:34:47,52620.0,14:37:00,52487,14:34:47,0,00:00:00,doors opened
07/12/2025,12,4228,Saturday,Saturday,West,15656451,50400,14:00:00,50392,13:59:52,26,12828,Crossgates Commons Station (12828),0,20,13,52200.0,14:30:00,52191,14:29:51,52200.0,14:30:00,52232,14:30:32,41,00:00:41,doors opened
07/12/2025,12,4228,Saturday,Saturday,West,15656451,50400,14:00:00,50392,13:59:52,25,12891,1475 Washington Ave (12891),3,0,33,,,51921,14:25:21,,,51952,14:25:52,31,00:00:31,doors opened
07/12/2025,12,4228,Saturday,Saturday,West,15656451,50400,14:00:00,50392,13:59:52,24,7216,SUNY Collins Circle (07216),18,2,30,51840.0,14:24:00,51759,14:22:39,51840.0,14:24:00,51837,14:23:57,78,00:01:18,doors opened
07/12/2025,12,4230,Saturday,Saturday,East,15656746,62400,17:20:00,62575,17:22:55,1,12827,Crossgates Commons Station (12827),10,0,12,62820.0,17:27:00,62870,17:27:50,62820.0,17:27:00,62952,17:29:12,82,00:01:22,doors opened
07/12/2025,12,4230,Saturday,Saturday,East,15656746,62400,17:20:00,62575,17:22:55,0,7175,Crossgates Mall Station (07175),2,0,2,62400.0,17:20:00,62575,17:22:55,62400.0,17:20:00,62575,17:22:55,0,00:00:00,doors opened
07/12/2025,12,4230,Saturday,Saturday,East,15656746,62400,17:20:00,62575,17:22:55,24,3940,Broadway & Steuben St (03940),0,3,0,64560.0,17:56:00,64404,17:53:24,64560.0,17:56:00,64404,17:53:24,0,00:00:00,doors opened
07/12/2025,12,4230,Saturday,Saturday,East,15656746,62400,17:20:00,62575,17:22:55,14,2109,Washington Ave & N. Lake Ave (02109),0,1,6,,,63982,17:46:22,,,63995,17:46:35,13,00:00:13,doors opened
07/12/2025,12,4230,Saturday,Saturday,East,15656746,62400,17:20:00,62575,17:22:55,13,3255,Washington Ave & Quail St (03255),3,2,7,,,63927,17:45:27,,,63953,17:45:53,26,00:00:26,doors opened
07/12/2025,12,4230,Saturday,Saturday,East,15656746,62400,17:20:00,62575,17:22:55,12,3256,Washington Ave & Ontario St (03256),0,0,6,63660.0,17:41:00,63906,17:45:06,63660.0,17:41:00,63906,17:45:06,0,00:00:00,door not opened
07/12/2025,12,4230,Saturday,Saturday,East,15656746,62400,17:20:00,62575,17:22:55,11,2107,Washington Ave & Partridge St (02107),0,0,6,,,63891,17:44:51,,,63891,17:44:51,0,00:00:00,door not opened
07/12/2025,12,4230,Saturday,Saturday,East,15656746,62400,17:20:00,62575,17:22:55,10,3257,Washington Ave & N. Main Ave (03257),0,1,6,,,63799,17:43:19,,,63824,17:43:44,25,00:00:25,doors opened
07/12/2025,12,4230,Saturday,Saturday,East,15656746,62400,17:20:00,62575,17:22:55,9,1796,Washington Ave & N. Allen St (01796),0,2,7,63540.0,17:39:00,63753,17:42:33,63540.0,17:39:00,63770,17:42:50,17,00:00:17,doors opened
07/12/2025,12,4230,Saturday,Saturday,East,15656746,62400,17:20:00,62575,17:22:55,8,11581,Washington Ave & Manning Blvd (11581),0,0,9,,,63724,17:42:04,,,63724,17:42:04,0,00:00:00,door not opened
07/12/2025,12,4230,Saturday,Saturday,East,15656746,62400,17:20:00,62575,17:22:55,7,2180,Washington Ave & Homestead Ave (02180),0,0,9,,,63673,17:41:13,,,63673,17:41:13,0,00:00:00,door not opened
07/12/2025,12,4230,Saturday,Saturday,East,15656746,62400,17:20:00,62575,17:22:55,6,2182,Washington Ave & Hawthorne St (02182),0,0,9,,,63630,17:40:30,,,63630,17:40:30,0,00:00:00,door not opened
07/12/2025,12,4230,Saturday,Saturday,East,15656746,62400,17:20:00,62575,17:22:55,5,3304,Washington Ave & Clermont St (03304),1,2,9,,,63591,17:39:51,,,63607,17:40:07,16,00:00:16,doors opened
07/12/2025,12,4230,Saturday,Saturday,East,15656746,62400,17:20:00,62575,17:22:55,4,3348,Washington Ave & Brevator St (03348),0,1,10,,,63523,17:38:43,,,63568,17:39:28,45,00:00:45,doors opened
07/12/2025,12,4230,Saturday,Saturday,East,15656746,62400,17:20:00,62575,17:22:55,3,10134,Washington Ave & SUNY Exit Rd (10134),4,0,11,,,63371,17:36:11,,,63418,17:36:58,47,00:00:47,doors opened
07/12/2025,12,4230,Saturday,Saturday,East,15656746,62400,17:20:00,62575,17:22:55,2,7216,SUNY Collins Circle (07216),0,5,7,63120.0,17:32:00,63218,17:33:38,63120.0,17:32:00,63243,17:34:03,25,00:00:25,doors opened
07/12/2025,12,4230,Saturday,Saturday,East,15656746,62400,17:20:00,62575,17:22:55,23,2509,State/Downtown Station - State St & S. Pearl St (02509),0,0,3,64320.0,17:52:00,64346,17:52:26,64320.0,17:52:00,64357,17:52:37,11,00:00:11,doors opened
07/12/2025,12,4230,Saturday,Saturday,East,15656746,62400,17:20:00,62575,17:22:55,22,1787,State St & Eagle St (01787),0,0,3,,,64330,17:52:10,,,64330,17:52:10,0,00:00:00,door not opened
07/12/2025,12,4230,Saturday,Saturday,East,15656746,62400,17:20:00,62575,17:22:55,21,2706,Hawk/Capitol Station - Washington Ave & Hawk St (02706),0,0,3,,,64254,17:50:54,,,64254,17:50:54,0,00:00:00,door not opened
07/12/2025,12,4230,Saturday,Saturday,East,15656746,62400,17:20:00,62575,17:22:55,20,1789,Washington Ave & S. Swan St (01789),0,0,3,,,64239,17:50:39,,,64239,17:50:39,0,00:00:00,door not opened
07/12/2025,12,4230,Saturday,Saturday,East,15656746,62400,17:20:00,62575,17:22:55,19,1788,Washington Ave & Dove St (01788),0,1,3,,,64209,17:50:09,,,64219,17:50:19,10,00:00:10,doors opened
07/12/2025,12,4230,Saturday,Saturday,East,15656746,62400,17:20:00,62575,17:22:55,18,2663,Lark/Library Station - Washington Ave & Lark St (02663),0,1,4,64020.0,17:47:00,64163,17:49:23,64020.0,17:47:00,64181,17:49:41,18,00:00:18,doors opened
07/12/2025,12,4230,Saturday,Saturday,East,15656746,62400,17:20:00,62575,17:22:55,17,263,Washington Ave & Henry Johnson Blvd (00263),0,1,5,,,64095,17:48:15,,,64113,17:48:33,18,00:00:18,doors opened
07/12/2025,12,4230,Saturday,Saturday,East,15656746,62400,17:20:00,62575,17:22:55,16,2096,Washington Ave & Lexington Ave (02096),0,0,6,,,64047,17:47:27,,,64047,17:47:27,0,00:00:00,door not opened
07/12/2025,12,4230,Saturday,Saturday,East,15656746,62400,17:20:00,62575,17:22:55,15,3253,Washington Ave & Robin St (Draper Hall) (03253),0,0,6,,,64027,17:47:07,,,64027,17:47:07,0,00:00:00,door not opened
07/12/2025,12,4230,Saturday,Saturday,West,15656748,64800,18:00:00,64806,18:00:06,27,7175,Crossgates Mall Station (07175),0,15,0,67020.0,18:37:00,66836,18:33:56,67020.0,18:37:00,66836,18:33:56,0,00:00:00,doors opened
07/12/2025,12,4230,Saturday,Saturday,West,15656748,64800,18:00:00,64806,18:00:06,26,12828,Crossgates Commons Station (12828),1,8,15,66600.0,18:30:00,66523,18:28:43,66600.0,18:30:00,66574,18:29:34,51,00:00:51,doors opened
07/12/2025,12,4230,Saturday,Saturday,West,15656748,64800,18:00:00,64806,18:00:06,25,12891,1475 Washington Ave (12891),0,0,22,,,66370,18:26:10,,,66370,18:26:10,0,00:00:00,door not opened
07/12/2025,12,4230,Saturday,Saturday,West,15656748,64800,18:00:00,64806,18:00:06,24,7216,SUNY Collins Circle (07216),1,0,22,66240.0,18:24:00,66288,18:24:48,66240.0,18:24:00,66301,18:25:01,13,00:00:13,doors opened
07/12/2025,12,4230,Saturday,Saturday,West,15656748,64800,18:00:00,64806,18:00:06,23,3262,1383 Washington Ave (Fairfield Inn) (03262),0,0,21,,,66192,18:23:12,,,66192,18:23:12,0,00:00:00,door not opened
07/12/2025,12,4230,Saturday,Saturday,West,15656748,64800,18:00:00,64806,18:00:06,22,976,Washington Ave & Brevator St (00976),0,0,21,,,66098,18:21:38,,,66098,18:21:38,0,00:00:00,door not opened
07/12/2025,12,4230,Saturday,Saturday,West,15656748,64800,18:00:00,64806,18:00:06,21,1959,Washington Ave & Colvin Ave (01959),1,1,21,,,66055,18:20:55,,,66076,18:21:16,21,00:00:21,doors opened
07/12/2025,12,4230,Saturday,Saturday,West,15656748,64800,18:00:00,64806,18:00:06,20,3399,Washington Ave & Danker Ave (03399),0,0,21,,,66034,18:20:34,,,66034,18:20:34,0,00:00:00,door not opened
07/12/2025,12,4230,Saturday,Saturday,West,15656748,64800,18:00:00,64806,18:00:06,19,1849,Washington Ave & Homestead Ave (01849),1,0,21,,,65960,18:19:20,,,66015,18:20:15,55,00:00:55,doors opened
07/12/2025,12,4230,Saturday,Saturday,West,15656748,64800,18:00:00,64806,18:00:06,18,1846,Washington Ave & Manning Blvd (01846),3,0,20,,,65904,18:18:24,,,65937,18:18:57,33,00:00:33,doors opened
07/12/2025,12,4230,Saturday,Saturday,West,15656748,64800,18:00:00,64806,18:00:06,17,3287,Washington Ave & N. Allen St (03287),1,1,17,65880.0,18:18:00,65860,18:17:40,65880.0,18:18:00,65875,18:17:55,15,00:00:15,doors opened
07/12/2025,12,4230,Saturday,Saturday,West,15656748,64800,18:00:00,64806,18:00:06,16,3264,Washington Ave & N. Main Ave (03264),0,0,17,,,65814,18:16:54,,,65814,18:16:54,0,00:00:00,door not opened
07/12/2025,12,4230,Saturday,Saturday,West,15656748,64800,18:00:00,64806,18:00:06,15,1839,Washington Ave & Partridge St (01839),1,0,17,,,65702,18:15:02,,,65735,18:15:35,33,00:00:33,doors opened
07/12/2025,12,4230,Saturday,Saturday,West,15656748,64800,18:00:00,64806,18:00:06,14,1841,Washington Ave & Ontario St (01841),4,1,16,65640.0,18:14:00,65654,18:14:14,65640.0,18:14:00,65681,18:14:41,27,00:00:27,doors opened
07/12/2025,12,4230,Saturday,Saturday,West,15656748,64800,18:00:00,64806,18:00:06,13,1842,Washington Ave & Quail St (01842),1,1,13,,,65567,18:12:47,,,65633,18:13:53,66,00:01:06,doors opened
07/12/2025,12,4230,Saturday,Saturday,West,15656748,64800,18:00:00,64806,18:00:06,12,1837,Washington Ave & N. Lake Ave (01837),0,0,13,,,65544,18:12:24,,,65544,18:12:24,0,00:00:00,door not opened
07/12/2025,12,4230,Saturday,Saturday,West,15656748,64800,18:00:00,64806,18:00:06,11,1843,Washington Ave & Robin St (01843),0,1,13,,,65494,18:11:34,,,65509,18:11:49,15,00:00:15,doors opened
07/12/2025,12,4230,Saturday,Saturday,West,15656748,64800,18:00:00,64806,18:00:06,10,12943,Washington Ave & Lexington Ave (12943),0,0,14,,,65477,18:11:17,,,65477,18:11:17,0,00:00:00,door not opened
07/12/2025,12,4230,Saturday,Saturday,West,15656748,64800,18:00:00,64806,18:00:06,9,12942,Washington Ave & Henry Johnson Blvd (12942),0,1,14,,,65441,18:10:41,,,65452,18:10:52,11,00:00:11,doors opened
07/12/2025,12,4230,Saturday,Saturday,West,15656748,64800,18:00:00,64806,18:00:06,8,3239,Lark/Library Station - Washington Ave & Lark St (03239),7,1,15,65280.0,18:08:00,65211,18:06:51,65280.0,18:08:00,65391,18:09:51,180,00:03:00,doors opened
07/12/2025,12,4230,Saturday,Saturday,West,15656748,64800,18:00:00,64806,18:00:06,7,3301,Washington Ave & S. Swan St (03301),0,0,9,,,65179,18:06:19,,,65179,18:06:19,0,00:00:00,door not opened
07/12/2025,12,4230,Saturday,Saturday,West,15656748,64800,18:00:00,64806,18:00:06,6,3250,Hawk/Capitol Station - Washington Ave & Hawk St (03250),0,0,9,,,65151,18:05:51,,,65151,18:05:51,0,00:00:00,door not opened
07/12/2025,12,4230,Saturday,Saturday,West,15656748,64800,18:00:00,64806,18:00:06,5,10087,State St & Eagle St (10087),0,0,9,,,65127,18:05:27,,,65127,18:05:27,0,00:00:00,door not opened
07/12/2025,12,4230,Saturday,Saturday,West,15656748,64800,18:00:00,64806,18:00:06,4,2665,State/Downtown Station - State St & Lodge St (02665),6,0,9,65040.0,18:04:00,65054,18:04:14,65040.0,18:04:00,65100,18:05:00,46,00:00:46,doors opened
07/12/2025,12,4230,Saturday,Saturday,West,15656748,64800,18:00:00,64806,18:00:06,3,3221,State Station - N. Pearl St & Ten Eyck Plaza (03221),0,0,3,,,64961,18:02:41,,,64961,18:02:41,0,00:00:00,door not opened
07/12/2025,12,4230,Saturday,Saturday,West,15656748,64800,18:00:00,64806,18:00:06,2,3233,N. Pearl St & Sheridan Ave (03233),0,0,3,,,64929,18:02:09,,,64929,18:02:09,0,00:00:00,door not opened
07/12/2025,12,4230,Saturday,Saturday,West,15656748,64800,18:00:00,64806,18:00:06,1,2168,Clinton Square Station - N. Pearl St & Clinton Ave (02168),2,0,3,,,64872,18:01:12,,,64915,18:01:55,43,00:00:43,doors opened
07/12/2025,12,4230,Saturday,Saturday,West,15656748,64800,18:00:00,64806,18:00:06,0,9018,Broadway & Orange St (09018),1,0,1,64800.0,18:00:00,64806,18:00:06,64800.0,18:00:00,64806,18:00:06,0,00:00:00,doors opened
07/12/2025,12,4230,Saturday,Saturday,East,15656755,74400,20:40:00,74406,20:40:06,24,3940,Broadway & Steuben St (03940),0,0,0,76500.0,21:15:00,76316,21:11:56,76500.0,21:15:00,76316,21:11:56,0,00:00:00,door not opened
07/12/2025,12,4230,Saturday,Saturday,East,15656755,74400,20:40:00,74406,20:40:06,23,2509,State/Downtown Station - State St & S. Pearl St (02509),0,7,0,76260.0,21:11:00,76204,21:10:04,76260.0,21:11:00,76228,21:10:28,24,00:00:24,doors opened
07/12/2025,12,4230,Saturday,Saturday,East,15656755,74400,20:40:00,74406,20:40:06,22,1787,State St & Eagle St (01787),0,0,7,,,76186,21:09:46,,,76186,21:09:46,0,00:00:00,door not opened
07/12/2025,12,4230,Saturday,Saturday,East,15656755,74400,20:40:00,74406,20:40:06,21,2706,Hawk/Capitol Station - Washington Ave & Hawk St (02706),0,0,7,,,76107,21:08:27,,,76107,21:08:27,0,00:00:00,door not opened
07/12/2025,12,4230,Saturday,Saturday,East,15656755,74400,20:40:00,74406,20:40:06,20,1789,Washington Ave & S. Swan St (01789),0,0,7,,,76093,21:08:13,,,76093,21:08:13,0,00:00:00,door not opened
07/12/2025,12,4230,Saturday,Saturday,East,15656755,74400,20:40:00,74406,20:40:06,19,1788,Washington Ave & Dove St (01788),0,0,7,,,76063,21:07:43,,,76063,21:07:43,0,00:00:00,door not opened
07/12/2025,12,4230,Saturday,Saturday,East,15656755,74400,20:40:00,74406,20:40:06,18,2663,Lark/Library Station - Washington Ave & Lark St (02663),0,0,7,76020.0,21:07:00,76035,21:07:15,76020.0,21:07:00,76035,21:07:15,0,00:00:00,door not opened
07/12/2025,12,4230,Saturday,Saturday,East,15656755,74400,20:40:00,74406,20:40:06,17,263,Washington Ave & Henry Johnson Blvd (00263),0,0,7,,,75953,21:05:53,,,75953,21:05:53,0,00:00:00,door not opened
07/12/2025,12,4230,Saturday,Saturday,East,15656755,74400,20:40:00,74406,20:40:06,16,2096,Washington Ave & Lexington Ave (02096),0,0,7,,,75872,21:04:32,,,75872,21:04:32,0,00:00:00,door not opened
07/12/2025,12,4230,Saturday,Saturday,East,15656755,74400,20:40:00,74406,20:40:06,15,3253,Washington Ave & Robin St (Draper Hall) (03253),0,0,7,,,75835,21:03:55,,,75835,21:03:55,0,00:00:00,door not opened
07/12/2025,12,4230,Saturday,Saturday,East,15656755,74400,20:40:00,74406,20:40:06,14,2109,Washington Ave & N. Lake Ave (02109),0,0,7,,,75794,21:03:14,,,75794,21:03:14,0,00:00:00,door not opened
07/12/2025,12,4230,Saturday,Saturday,East,15656755,74400,20:40:00,74406,20:40:06,13,3255,Washington Ave & Quail St (03255),0,1,7,,,75715,21:01:55,,,75739,21:02:19,24,00:00:24,doors opened
07/12/2025,12,4230,Saturday,Saturday,East,15656755,74400,20:40:00,74406,20:40:06,12,3256,Washington Ave & Ontario St (03256),1,0,8,75660.0,21:01:00,75675,21:01:15,75660.0,21:01:00,75694,21:01:34,19,00:00:19,doors opened
07/12/2025,12,4230,Saturday,Saturday,East,15656755,74400,20:40:00,74406,20:40:06,11,2107,Washington Ave & Partridge St (02107),0,2,7,,,75636,21:00:36,,,75651,21:00:51,15,00:00:15,doors opened
07/12/2025,12,4230,Saturday,Saturday,East,15656755,74400,20:40:00,74406,20:40:06,10,3257,Washington Ave & N. Main Ave (03257),0,0,9,,,75596,20:59:56,,,75596,20:59:56,0,00:00:00,door not opened
07/12/2025,12,4230,Saturday,Saturday,East,15656755,74400,20:40:00,74406,20:40:06,9,1796,Washington Ave & N. Allen St (01796),0,8,9,75540.0,20:59:00,75506,20:58:26,75540.0,20:59:00,75538,20:58:58,32,00:00:32,doors opened
07/12/2025,12,4230,Saturday,Saturday,East,15656755,74400,20:40:00,74406,20:40:06,8,11581,Washington Ave & Manning Blvd (11581),0,1,17,,,75462,20:57:42,,,75475,20:57:55,13,00:00:13,doors opened
07/12/2025,12,4230,Saturday,Saturday,East,15656755,74400,20:40:00,74406,20:40:06,7,2180,Washington Ave & Homestead Ave (02180),0,0,18,,,75410,20:56:50,,,75438,20:57:18,28,00:00:28,doors opened
07/12/2025,12,4230,Saturday,Saturday,East,15656755,74400,20:40:00,74406,20:40:06,6,2182,Washington Ave & Hawthorne St (02182),0,0,18,,,75388,20:56:28,,,75388,20:56:28,0,00:00:00,door not opened
07/12/2025,12,4230,Saturday,Saturday,East,15656755,74400,20:40:00,74406,20:40:06,5,3304,Washington Ave & Clermont St (03304),0,0,18,,,75371,20:56:11,,,75371,20:56:11,0,00:00:00,door not opened
07/12/2025,12,4230,Saturday,Saturday,East,15656755,74400,20:40:00,74406,20:40:06,4,3348,Washington Ave & Brevator St (03348),0,1,18,,,75324,20:55:24,,,75351,20:55:51,27,00:00:27,doors opened
07/12/2025,12,4230,Saturday,Saturday,East,15656755,74400,20:40:00,74406,20:40:06,3,10134,Washington Ave & SUNY Exit Rd (10134),0,1,19,,,75193,20:53:13,,,75214,20:53:34,21,00:00:21,doors opened
07/12/2025,12,4230,Saturday,Saturday,East,15656755,74400,20:40:00,74406,20:40:06,2,7216,SUNY Collins Circle (07216),0,0,20,75120.0,20:52:00,75089,20:51:29,75120.0,20:52:00,75089,20:51:29,0,00:00:00,door not opened
07/12/2025,12,4230,Saturday,Saturday,East,15656755,74400,20:40:00,74406,20:40:06,1,12827,Crossgates Commons Station (12827),6,3,20,74820.0,20:47:00,74723,20:45:23,74820.0,20:47:00,74829,20:47:09,106,00:01:46,doors opened
07/12/2025,12,4230,Saturday,Saturday,East,15656755,74400,20:40:00,74406,20:40:06,0,7175,Crossgates Mall Station (07175),16,0,17,74400.0,20:40:00,74406,20:40:06,74400.0,20:40:00,74406,20:40:06,0,00:00:00,doors opened
07/12/2025,12,4230,Saturday,Saturday,West,15656757,76800,21:20:00,76801,21:20:01,3,3221,State Station - N. Pearl St & Ten Eyck Plaza (03221),0,0,1,,,76901,21:21:41,,,76901,21:21:41,0,00:00:00,door not opened
07/12/2025,12,4230,Saturday,Saturday,West,15656757,76800,21:20:00,76801,21:20:01,2,3233,N. Pearl St & Sheridan Ave (03233),0,0,1,,,76868,21:21:08,,,76868,21:21:08,0,00:00:00,door not opened
07/12/2025,12,4230,Saturday,Saturday,West,15656757,76800,21:20:00,76801,21:20:01,1,2168,Clinton Square Station - N. Pearl St & Clinton Ave (02168),0,0,1,,,76840,21:20:40,,,76840,21:20:40,0,00:00:00,door not opened
07/12/2025,12,4230,Saturday,Saturday,West,15656757,76800,21:20:00,76801,21:20:01,0,9018,Broadway & Orange St (09018),1,0,1,76800.0,21:20:00,76801,21:20:01,76800.0,21:20:00,76801,21:20:01,0,00:00:00,doors opened
07/12/2025,12,4230,Saturday,Saturday,West,15656757,76800,21:20:00,76801,21:20:01,27,7175,Crossgates Mall Station (07175),0,1,0,78840.0,21:54:00,78603,21:50:03,78840.0,21:54:00,78603,21:50:03,0,00:00:00,doors opened
07/12/2025,12,4230,Saturday,Saturday,West,15656757,76800,21:20:00,76801,21:20:01,26,12828,Crossgates Commons Station (12828),0,0,1,78420.0,21:47:00,78361,21:46:01,78420.0,21:47:00,78361,21:46:01,0,00:00:00,door not opened
07/12/2025,12,4230,Saturday,Saturday,West,15656757,76800,21:20:00,76801,21:20:01,25,12891,1475 Washington Ave (12891),0,0,1,,,78173,21:42:53,,,78173,21:42:53,0,00:00:00,door not opened
07/12/2025,12,4230,Saturday,Saturday,West,15656757,76800,21:20:00,76801,21:20:01,24,7216,SUNY Collins Circle (07216),0,1,1,78120.0,21:42:00,78055,21:40:55,78120.0,21:42:00,78067,21:41:07,12,00:00:12,doors opened
07/12/2025,12,4230,Saturday,Saturday,West,15656757,76800,21:20:00,76801,21:20:01,23,3262,1383 Washington Ave (Fairfield Inn) (03262),0,0,2,,,77974,21:39:34,,,77974,21:39:34,0,00:00:00,door not opened
07/12/2025,12,4230,Saturday,Saturday,West,15656757,76800,21:20:00,76801,21:20:01,22,976,Washington Ave & Brevator St (00976),0,0,2,,,77854,21:37:34,,,77854,21:37:34,0,00:00:00,door not opened
07/12/2025,12,4230,Saturday,Saturday,West,15656757,76800,21:20:00,76801,21:20:01,21,1959,Washington Ave & Colvin Ave (01959),0,0,2,,,77836,21:37:16,,,77836,21:37:16,0,00:00:00,door not opened
07/12/2025,12,4230,Saturday,Saturday,West,15656757,76800,21:20:00,76801,21:20:01,20,3399,Washington Ave & Danker Ave (03399),0,0,2,,,77815,21:36:55,,,77815,21:36:55,0,00:00:00,door not opened
07/12/2025,12,4230,Saturday,Saturday,West,15656757,76800,21:20:00,76801,21:20:01,19,1849,Washington Ave & Homestead Ave (01849),1,0,2,,,77780,21:36:20,,,77797,21:36:37,17,00:00:17,doors opened
07/12/2025,12,4230,Saturday,Saturday,West,15656757,76800,21:20:00,76801,21:20:01,18,1846,Washington Ave & Manning Blvd (01846),0,1,1,,,77712,21:35:12,,,77757,21:35:57,45,00:00:45,doors opened
07/12/2025,12,4230,Saturday,Saturday,West,15656757,76800,21:20:00,76801,21:20:01,17,3287,Washington Ave & N. Allen St (03287),0,0,2,77760.0,21:36:00,77682,21:34:42,77760.0,21:36:00,77682,21:34:42,0,00:00:00,door not opened
07/12/2025,12,4230,Saturday,Saturday,West,15656757,76800,21:20:00,76801,21:20:01,16,3264,Washington Ave & N. Main Ave (03264),0,1,2,,,77462,21:31:02,,,77634,21:33:54,172,00:02:52,doors opened
07/12/2025,12,4230,Saturday,Saturday,West,15656757,76800,21:20:00,76801,21:20:01,15,1839,Washington Ave & Partridge St (01839),0,0,3,,,77412,21:30:12,,,77412,21:30:12,0,00:00:00,door not opened
07/12/2025,12,4230,Saturday,Saturday,West,15656757,76800,21:20:00,76801,21:20:01,14,1841,Washington Ave & Ontario St (01841),0,0,3,77580.0,21:33:00,77387,21:29:47,77580.0,21:33:00,77387,21:29:47,0,00:00:00,door not opened
07/12/2025,12,4230,Saturday,Saturday,West,15656757,76800,21:20:00,76801,21:20:01,13,1842,Washington Ave & Quail St (01842),1,1,3,,,77331,21:28:51,,,77360,21:29:20,29,00:00:29,doors opened
07/12/2025,12,4230,Saturday,Saturday,West,15656757,76800,21:20:00,76801,21:20:01,12,1837,Washington Ave & N. Lake Ave (01837),1,2,3,,,77280,21:28:00,,,77302,21:28:22,22,00:00:22,doors opened
07/12/2025,12,4230,Saturday,Saturday,West,15656757,76800,21:20:00,76801,21:20:01,11,1843,Washington Ave & Robin St (01843),0,0,4,,,77259,21:27:39,,,77259,21:27:39,0,00:00:00,door not opened
07/12/2025,12,4230,Saturday,Saturday,West,15656757,76800,21:20:00,76801,21:20:01,10,12943,Washington Ave & Lexington Ave (12943),0,0,4,,,77231,21:27:11,,,77231,21:27:11,0,00:00:00,door not opened
07/12/2025,12,4230,Saturday,Saturday,West,15656757,76800,21:20:00,76801,21:20:01,9,12942,Washington Ave & Henry Johnson Blvd (12942),2,0,4,,,77157,21:25:57,,,77175,21:26:15,18,00:00:18,doors opened
07/12/2025,12,4230,Saturday,Saturday,West,15656757,76800,21:20:00,76801,21:20:01,8,3239,Lark/Library Station - Washington Ave & Lark St (03239),0,0,2,77220.0,21:27:00,77120,21:25:20,77220.0,21:27:00,77120,21:25:20,0,00:00:00,door not opened
07/12/2025,12,4230,Saturday,Saturday,West,15656757,76800,21:20:00,76801,21:20:01,7,3301,Washington Ave & S. Swan St (03301),0,0,2,,,77048,21:24:08,,,77048,21:24:08,0,00:00:00,door not opened
07/12/2025,12,4230,Saturday,Saturday,West,15656757,76800,21:20:00,76801,21:20:01,6,3250,Hawk/Capitol Station - Washington Ave & Hawk St (03250),0,0,2,,,77020,21:23:40,,,77020,21:23:40,0,00:00:00,door not opened
07/12/2025,12,4230,Saturday,Saturday,West,15656757,76800,21:20:00,76801,21:20:01,5,10087,State St & Eagle St (10087),0,0,2,,,76989,21:23:09,,,76989,21:23:09,0,00:00:00,door not opened
07/12/2025,12,4230,Saturday,Saturday,West,15656757,76800,21:20:00,76801,21:20:01,4,2665,State/Downtown Station - State St & Lodge St (02665),1,0,2,77040.0,21:24:00,76939,21:22:19,77040.0,21:24:00,76958,21:22:38,19,00:00:19,doors opened
07/12/2025,12,4230,Saturday,Saturday,East,15656758,79500,22:05:00,79618,22:06:58,24,3940,Broadway & Steuben St (03940),0,0,0,81480.0,22:38:00,81674,22:41:14,81480.0,22:38:00,81674,22:41:14,0,00:00:00,door not opened
07/12/2025,12,4230,Saturday,Saturday,East,15656758,79500,22:05:00,79618,22:06:58,23,2509,State/Downtown Station - State St & S. Pearl St (02509),0,10,0,81240.0,22:34:00,81539,22:38:59,81240.0,22:34:00,81626,22:40:26,87,00:01:27,doors opened
07/12/2025,12,4230,Saturday,Saturday,East,15656758,79500,22:05:00,79618,22:06:58,22,1787,State St & Eagle St (01787),0,0,10,,,81524,22:38:44,,,81524,22:38:44,0,00:00:00,door not opened
07/12/2025,12,4230,Saturday,Saturday,East,15656758,79500,22:05:00,79618,22:06:58,21,2706,Hawk/Capitol Station - Washington Ave & Hawk St (02706),0,0,10,,,81468,22:37:48,,,81468,22:37:48,0,00:00:00,door not opened
07/12/2025,12,4230,Saturday,Saturday,East,15656758,79500,22:05:00,79618,22:06:58,20,1789,Washington Ave & S. Swan St (01789),0,1,10,,,81427,22:37:07,,,81450,22:37:30,23,00:00:23,doors opened
07/12/2025,12,4230,Saturday,Saturday,East,15656758,79500,22:05:00,79618,22:06:58,19,1788,Washington Ave & Dove St (01788),0,0,11,,,81396,22:36:36,,,81396,22:36:36,0,00:00:00,door not opened
07/12/2025,12,4230,Saturday,Saturday,East,15656758,79500,22:05:00,79618,22:06:58,18,2663,Lark/Library Station - Washington Ave & Lark St (02663),2,4,11,81060.0,22:31:00,81338,22:35:38,81060.0,22:31:00,81377,22:36:17,39,00:00:39,doors opened
07/12/2025,12,4230,Saturday,Saturday,East,15656758,79500,22:05:00,79618,22:06:58,17,263,Washington Ave & Henry Johnson Blvd (00263),0,0,13,,,81298,22:34:58,,,81298,22:34:58,0,00:00:00,door not opened
07/12/2025,12,4230,Saturday,Saturday,East,15656758,79500,22:05:00,79618,22:06:58,16,2096,Washington Ave & Lexington Ave (02096),0,2,13,,,81239,22:33:59,,,81253,22:34:13,14,00:00:14,doors opened
07/12/2025,12,4230,Saturday,Saturday,East,15656758,79500,22:05:00,79618,22:06:58,15,3253,Washington Ave & Robin St (Draper Hall) (03253),0,0,15,,,81220,22:33:40,,,81220,22:33:40,0,00:00:00,door not opened
07/12/2025,12,4230,Saturday,Saturday,East,15656758,79500,22:05:00,79618,22:06:58,14,2109,Washington Ave & N. Lake Ave (02109),0,2,15,,,81167,22:32:47,,,81193,22:33:13,26,00:00:26,doors opened
07/12/2025,12,4230,Saturday,Saturday,East,15656758,79500,22:05:00,79618,22:06:58,13,3255,Washington Ave & Quail St (03255),0,5,17,,,81098,22:31:38,,,81142,22:32:22,44,00:00:44,doors opened
07/12/2025,12,4230,Saturday,Saturday,East,15656758,79500,22:05:00,79618,22:06:58,12,3256,Washington Ave & Ontario St (03256),0,1,22,80700.0,22:25:00,81040,22:30:40,80700.0,22:25:00,81073,22:31:13,33,00:00:33,doors opened
07/12/2025,12,4230,Saturday,Saturday,East,15656758,79500,22:05:00,79618,22:06:58,11,2107,Washington Ave & Partridge St (02107),0,2,23,,,81002,22:30:02,,,81017,22:30:17,15,00:00:15,doors opened
07/12/2025,12,4230,Saturday,Saturday,East,15656758,79500,22:05:00,79618,22:06:58,10,3257,Washington Ave & N. Main Ave (03257),0,2,25,,,80892,22:28:12,,,80933,22:28:53,41,00:00:41,doors opened
07/12/2025,12,4230,Saturday,Saturday,East,15656758,79500,22:05:00,79618,22:06:58,9,1796,Washington Ave & N. Allen St (01796),0,5,27,80580.0,22:23:00,80836,22:27:16,80580.0,22:23:00,80854,22:27:34,18,00:00:18,doors opened
07/12/2025,12,4230,Saturday,Saturday,East,15656758,79500,22:05:00,79618,22:06:58,8,11581,Washington Ave & Manning Blvd (11581),0,6,32,,,80750,22:25:50,,,80802,22:26:42,52,00:00:52,doors opened
07/12/2025,12,4230,Saturday,Saturday,East,15656758,79500,22:05:00,79618,22:06:58,7,2180,Washington Ave & Homestead Ave (02180),0,0,38,,,80723,22:25:23,,,80723,22:25:23,0,00:00:00,door not opened
07/12/2025,12,4230,Saturday,Saturday,East,15656758,79500,22:05:00,79618,22:06:58,6,2182,Washington Ave & Hawthorne St (02182),0,0,38,,,80688,22:24:48,,,80688,22:24:48,0,00:00:00,door not opened
07/12/2025,12,4230,Saturday,Saturday,East,15656758,79500,22:05:00,79618,22:06:58,5,3304,Washington Ave & Clermont St (03304),0,0,38,,,80673,22:24:33,,,80673,22:24:33,0,00:00:00,door not opened
07/12/2025,12,4230,Saturday,Saturday,East,15656758,79500,22:05:00,79618,22:06:58,4,3348,Washington Ave & Brevator St (03348),0,0,38,,,80644,22:24:04,,,80644,22:24:04,0,00:00:00,door not opened
07/12/2025,12,4230,Saturday,Saturday,East,15656758,79500,22:05:00,79618,22:06:58,3,10134,Washington Ave & SUNY Exit Rd (10134),3,2,38,,,80463,22:21:03,,,80533,22:22:13,70,00:01:10,doors opened
07/12/2025,12,4230,Saturday,Saturday,East,15656758,79500,22:05:00,79618,22:06:58,2,7216,SUNY Collins Circle (07216),2,2,37,80160.0,22:16:00,80275,22:17:55,80160.0,22:16:00,80296,22:18:16,21,00:00:21,doors opened
07/12/2025,12,4230,Saturday,Saturday,East,15656758,79500,22:05:00,79618,22:06:58,1,12827,Crossgates Commons Station (12827),18,0,37,79860.0,22:11:00,79911,22:11:51,79860.0,22:11:00,80060,22:14:20,149,00:02:29,doors opened
07/12/2025,12,4230,Saturday,Saturday,East,15656758,79500,22:05:00,79618,22:06:58,0,7175,Crossgates Mall Station (07175),19,0,19,79500.0,22:05:00,79618,22:06:58,79500.0,22:05:00,79618,22:06:58,0,00:00:00,doors opened
07/12/2025,12,4230,Saturday,Saturday,West,15656868,82800,23:00:00,82820,23:00:20,27,7175,Crossgates Mall Station (07175),0,4,0,84720.0,23:32:00,84615,23:30:15,84720.0,23:32:00,84615,23:30:15,0,00:00:00,doors opened
07/12/2025,12,4230,Saturday,Saturday,West,15656868,82800,23:00:00,82820,23:00:20,26,12828,Crossgates Commons Station (12828),0,0,4,84300.0,23:25:00,84425,23:27:05,84300.0,23:25:00,84425,23:27:05,0,00:00:00,door not opened
07/12/2025,12,4230,Saturday,Saturday,West,15656868,82800,23:00:00,82820,23:00:20,25,12891,1475 Washington Ave (12891),0,0,4,,,84267,23:24:27,,,84267,23:24:27,0,00:00:00,door not opened
07/12/2025,12,4230,Saturday,Saturday,West,15656868,82800,23:00:00,82820,23:00:20,24,7216,SUNY Collins Circle (07216),0,0,4,84000.0,23:20:00,83924,23:18:44,84000.0,23:20:00,83924,23:18:44,0,00:00:00,door not opened
07/12/2025,12,4230,Saturday,Saturday,West,15656868,82800,23:00:00,82820,23:00:20,23,3262,1383 Washington Ave (Fairfield Inn) (03262),0,0,4,,,83847,23:17:27,,,83847,23:17:27,0,00:00:00,door not opened
07/12/2025,12,4230,Saturday,Saturday,West,15656868,82800,23:00:00,82820,23:00:20,22,976,Washington Ave & Brevator St (00976),0,0,4,,,83728,23:15:28,,,83728,23:15:28,0,00:00:00,door not opened
07/12/2025,12,4230,Saturday,Saturday,West,15656868,82800,23:00:00,82820,23:00:20,21,1959,Washington Ave & Colvin Ave (01959),0,0,4,,,83692,23:14:52,,,83692,23:14:52,0,00:00:00,door not opened
07/12/2025,12,4230,Saturday,Saturday,West,15656868,82800,23:00:00,82820,23:00:20,20,3399,Washington Ave & Danker Ave (03399),0,0,4,,,83675,23:14:35,,,83675,23:14:35,0,00:00:00,door not opened
07/12/2025,12,4230,Saturday,Saturday,West,15656868,82800,23:00:00,82820,23:00:20,19,1849,Washington Ave & Homestead Ave (01849),0,0,4,,,83658,23:14:18,,,83658,23:14:18,0,00:00:00,door not opened
07/12/2025,12,4230,Saturday,Saturday,West,15656868,82800,23:00:00,82820,23:00:20,18,1846,Washington Ave & Manning Blvd (01846),0,0,4,,,83638,23:13:58,,,83638,23:13:58,0,00:00:00,door not opened
07/12/2025,12,4230,Saturday,Saturday,West,15656868,82800,23:00:00,82820,23:00:20,17,3287,Washington Ave & N. Allen St (03287),0,1,4,83700.0,23:15:00,83602,23:13:22,83700.0,23:15:00,83610,23:13:30,8,00:00:08,doors opened
07/12/2025,12,4230,Saturday,Saturday,West,15656868,82800,23:00:00,82820,23:00:20,16,3264,Washington Ave & N. Main Ave (03264),0,0,5,,,83573,23:12:53,,,83573,23:12:53,0,00:00:00,door not opened
07/12/2025,12,4230,Saturday,Saturday,West,15656868,82800,23:00:00,82820,23:00:20,15,1839,Washington Ave & Partridge St (01839),2,0,5,,,83459,23:10:59,,,83510,23:11:50,51,00:00:51,doors opened
07/12/2025,12,4230,Saturday,Saturday,West,15656868,82800,23:00:00,82820,23:00:20,14,1841,Washington Ave & Ontario St (01841),0,0,3,83520.0,23:12:00,83440,23:10:40,83520.0,23:12:00,83440,23:10:40,0,00:00:00,door not opened
07/12/2025,12,4230,Saturday,Saturday,West,15656868,82800,23:00:00,82820,23:00:20,13,1842,Washington Ave & Quail St (01842),0,1,3,,,83376,23:09:36,,,83418,23:10:18,42,00:00:42,doors opened
07/12/2025,12,4230,Saturday,Saturday,West,15656868,82800,23:00:00,82820,23:00:20,12,1837,Washington Ave & N. Lake Ave (01837),1,0,4,,,83329,23:08:49,,,83352,23:09:12,23,00:00:23,doors opened
07/12/2025,12,4230,Saturday,Saturday,West,15656868,82800,23:00:00,82820,23:00:20,11,1843,Washington Ave & Robin St (01843),0,0,3,,,83312,23:08:32,,,83312,23:08:32,0,00:00:00,door not opened
07/12/2025,12,4230,Saturday,Saturday,West,15656868,82800,23:00:00,82820,23:00:20,10,12943,Washington Ave & Lexington Ave (12943),0,0,3,,,83288,23:08:08,,,83288,23:08:08,0,00:00:00,door not opened
07/12/2025,12,4230,Saturday,Saturday,West,15656868,82800,23:00:00,82820,23:00:20,9,12942,Washington Ave & Henry Johnson Blvd (12942),1,0,3,,,83221,23:07:01,,,83234,23:07:14,13,00:00:13,doors opened
07/12/2025,12,4230,Saturday,Saturday,West,15656868,82800,23:00:00,82820,23:00:20,8,3239,Lark/Library Station - Washington Ave & Lark St (03239),0,0,2,83160.0,23:06:00,83164,23:06:04,83160.0,23:06:00,83177,23:06:17,13,00:00:13,doors opened
07/12/2025,12,4230,Saturday,Saturday,West,15656868,82800,23:00:00,82820,23:00:20,7,3301,Washington Ave & S. Swan St (03301),0,0,2,,,83131,23:05:31,,,83131,23:05:31,0,00:00:00,door not opened
07/12/2025,12,4230,Saturday,Saturday,West,15656868,82800,23:00:00,82820,23:00:20,6,3250,Hawk/Capitol Station - Washington Ave & Hawk St (03250),0,0,2,,,83107,23:05:07,,,83107,23:05:07,0,00:00:00,door not opened
07/12/2025,12,4230,Saturday,Saturday,West,15656868,82800,23:00:00,82820,23:00:20,5,10087,State St & Eagle St (10087),0,0,2,,,83079,23:04:39,,,83079,23:04:39,0,00:00:00,door not opened
07/12/2025,12,4230,Saturday,Saturday,West,15656868,82800,23:00:00,82820,23:00:20,4,2665,State/Downtown Station - State St & Lodge St (02665),1,0,2,82980.0,23:03:00,82946,23:02:26,82980.0,23:03:00,82966,23:02:46,20,00:00:20,doors opened
07/12/2025,12,4230,Saturday,Saturday,West,15656868,82800,23:00:00,82820,23:00:20,3,3221,State Station - N. Pearl St & Ten Eyck Plaza (03221),0,0,1,,,82917,23:01:57,,,82917,23:01:57,0,00:00:00,door not opened
07/12/2025,12,4230,Saturday,Saturday,West,15656868,82800,23:00:00,82820,23:00:20,2,3233,N. Pearl St & Sheridan Ave (03233),0,0,1,,,82873,23:01:13,,,82873,23:01:13,0,00:00:00,door not opened
07/12/2025,12,4230,Saturday,Saturday,West,15656868,82800,23:00:00,82820,23:00:20,1,2168,Clinton Square Station - N. Pearl St & Clinton Ave (02168),0,0,1,,,82859,23:00:59,,,82859,23:00:59,0,00:00:00,door not opened
07/12/2025,12,4230,Saturday,Saturday,West,15656868,82800,23:00:00,82820,23:00:20,0,9018,Broadway & Orange St (09018),0,0,1,82800.0,23:00:00,82820,23:00:20,82800.0,23:00:00,82820,23:00:20,0,00:00:00,door not opened
07/12/2025,12,4230,Saturday,Saturday,East,15656869,84900,23:35:00,84895,23:34:55,9,1796,Washington Ave & N. Allen St (01796),0,1,4,85860.0,23:51:00,85811,23:50:11,85860.0,23:51:00,85831,23:50:31,20,00:00:20,doors opened
07/12/2025,12,4230,Saturday,Saturday,East,15656869,84900,23:35:00,84895,23:34:55,8,11581,Washington Ave & Manning Blvd (11581),0,0,5,,,85782,23:49:42,,,85782,23:49:42,0,00:00:00,door not opened
07/12/2025,12,4230,Saturday,Saturday,East,15656869,84900,23:35:00,84895,23:34:55,7,2180,Washington Ave & Homestead Ave (02180),0,0,5,,,85732,23:48:52,,,85732,23:48:52,0,00:00:00,door not opened
07/12/2025,12,4230,Saturday,Saturday,East,15656869,84900,23:35:00,84895,23:34:55,6,2182,Washington Ave & Hawthorne St (02182),0,0,5,,,85711,23:48:31,,,85711,23:48:31,0,00:00:00,door not opened
07/12/2025,12,4230,Saturday,Saturday,East,15656869,84900,23:35:00,84895,23:34:55,5,3304,Washington Ave & Clermont St (03304),0,0,5,,,85685,23:48:05,,,85685,23:48:05,0,00:00:00,door not opened
07/12/2025,12,4230,Saturday,Saturday,East,15656869,84900,23:35:00,84895,23:34:55,4,3348,Washington Ave & Brevator St (03348),1,0,5,,,85646,23:47:26,,,85659,23:47:39,13,00:00:13,doors opened
07/12/2025,12,4230,Saturday,Saturday,East,15656869,84900,23:35:00,84895,23:34:55,3,10134,Washington Ave & SUNY Exit Rd (10134),0,1,4,,,85522,23:45:22,,,85536,23:45:36,14,00:00:14,doors opened
07/12/2025,12,4230,Saturday,Saturday,East,15656869,84900,23:35:00,84895,23:34:55,2,7216,SUNY Collins Circle (07216),0,0,5,85440.0,23:44:00,85430,23:43:50,85440.0,23:44:00,85430,23:43:50,0,00:00:00,door not opened
07/12/2025,12,4230,Saturday,Saturday,East,15656869,84900,23:35:00,84895,23:34:55,1,12827,Crossgates Commons Station (12827),2,0,5,85200.0,23:40:00,85181,23:39:41,85200.0,23:40:00,85204,23:40:04,23,00:00:23,doors opened
07/12/2025,12,4230,Saturday,Saturday,East,15656869,84900,23:35:00,84895,23:34:55,0,7175,Crossgates Mall Station (07175),3,0,3,84900.0,23:35:00,84895,23:34:55,84900.0,23:35:00,84895,23:34:55,0,00:00:00,doors opened
07/12/2025,12,4230,Saturday,Saturday,East,15656869,84900,23:35:00,84895,23:34:55,24,3940,Broadway & Steuben St (03940),0,0,0,86640.0,24:04:00,86686,24:04:46,86640.0,24:04:00,86686,24:04:46,0,00:00:00,door not opened
07/12/2025,12,4230,Saturday,Saturday,East,15656869,84900,23:35:00,84895,23:34:55,23,2509,State/Downtown Station - State St & S. Pearl St (02509),0,1,0,86400.0,24:00:00,86500,24:01:40,86400.0,24:00:00,86513,24:01:53,13,00:00:13,doors opened
07/12/2025,12,4230,Saturday,Saturday,East,15656869,84900,23:35:00,84895,23:34:55,22,1787,State St & Eagle St (01787),0,0,1,,,86481,24:01:21,,,86481,24:01:21,0,00:00:00,door not opened
07/12/2025,12,4230,Saturday,Saturday,East,15656869,84900,23:35:00,84895,23:34:55,21,2706,Hawk/Capitol Station - Washington Ave & Hawk St (02706),0,0,1,,,86368,23:59:28,,,86368,23:59:28,0,00:00:00,door not opened
07/12/2025,12,4230,Saturday,Saturday,East,15656869,84900,23:35:00,84895,23:34:55,20,1789,Washington Ave & S. Swan St (01789),0,0,1,,,86350,23:59:10,,,86350,23:59:10,0,00:00:00,door not opened
07/12/2025,12,4230,Saturday,Saturday,East,15656869,84900,23:35:00,84895,23:34:55,19,1788,Washington Ave & Dove St (01788),0,0,1,,,86328,23:58:48,,,86328,23:58:48,0,00:00:00,door not opened
07/12/2025,12,4230,Saturday,Saturday,East,15656869,84900,23:35:00,84895,23:34:55,18,2663,Lark/Library Station - Washington Ave & Lark St (02663),1,0,1,86220.0,23:57:00,86259,23:57:39,86220.0,23:57:00,86305,23:58:25,46,00:00:46,doors opened
07/12/2025,12,4230,Saturday,Saturday,East,15656869,84900,23:35:00,84895,23:34:55,17,263,Washington Ave & Henry Johnson Blvd (00263),0,0,0,,,86236,23:57:16,,,86236,23:57:16,0,00:00:00,door not opened
07/12/2025,12,4230,Saturday,Saturday,East,15656869,84900,23:35:00,84895,23:34:55,16,2096,Washington Ave & Lexington Ave (02096),0,1,0,,,86168,23:56:08,,,86211,23:56:51,43,00:00:43,doors opened
07/12/2025,12,4230,Saturday,Saturday,East,15656869,84900,23:35:00,84895,23:34:55,15,3253,Washington Ave & Robin St (Draper Hall) (03253),0,1,1,,,86131,23:55:31,,,86148,23:55:48,17,00:00:17,doors opened
07/12/2025,12,4230,Saturday,Saturday,East,15656869,84900,23:35:00,84895,23:34:55,14,2109,Washington Ave & N. Lake Ave (02109),0,0,2,,,86114,23:55:14,,,86114,23:55:14,0,00:00:00,door not opened
07/12/2025,12,4230,Saturday,Saturday,East,15656869,84900,23:35:00,84895,23:34:55,13,3255,Washington Ave & Quail St (03255),0,0,2,,,86061,23:54:21,,,86061,23:54:21,0,00:00:00,door not opened
07/12/2025,12,4230,Saturday,Saturday,East,15656869,84900,23:35:00,84895,23:34:55,12,3256,Washington Ave & Ontario St (03256),0,0,2,85980.0,23:53:00,86006,23:53:26,85980.0,23:53:00,86006,23:53:26,0,00:00:00,door not opened
07/12/2025,12,4230,Saturday,Saturday,East,15656869,84900,23:35:00,84895,23:34:55,11,2107,Washington Ave & Partridge St (02107),0,1,2,,,85958,23:52:38,,,85970,23:52:50,12,00:00:12,doors opened
07/12/2025,12,4230,Saturday,Saturday,East,15656869,84900,23:35:00,84895,23:34:55,10,3257,Washington Ave & N. Main Ave (03257),0,1,3,,,85861,23:51:01,,,85912,23:51:52,51,00:00:51,doors opened
07/12/2025,12,4230,Saturday,Saturday,East,15656739,50400,14:00:00,50734,14:05:34,24,3940,Broadway & Steuben St (03940),0,0,0,52560.0,14:36:00,52846,14:40:46,52560.0,14:36:00,52846,14:40:46,0,00:00:00,door not opened
07/12/2025,12,4230,Saturday,Saturday,East,15656739,50400,14:00:00,50734,14:05:34,23,2509,State/Downtown Station - State St & S. Pearl St (02509),0,3,0,52320.0,14:32:00,52753,14:39:13,52320.0,14:32:00,52776,14:39:36,23,00:00:23,doors opened
07/12/2025,12,4230,Saturday,Saturday,East,15656739,50400,14:00:00,50734,14:05:34,22,1787,State St & Eagle St (01787),0,0,3,,,52736,14:38:56,,,52736,14:38:56,0,00:00:00,door not opened
07/12/2025,12,4230,Saturday,Saturday,East,15656739,50400,14:00:00,50734,14:05:34,21,2706,Hawk/Capitol Station - Washington Ave & Hawk St (02706),0,0,3,,,52621,14:37:01,,,52621,14:37:01,0,00:00:00,door not opened
07/12/2025,12,4230,Saturday,Saturday,East,15656739,50400,14:00:00,50734,14:05:34,20,1789,Washington Ave & S. Swan St (01789),0,0,3,,,52603,14:36:43,,,52603,14:36:43,0,00:00:00,door not opened
07/12/2025,12,4230,Saturday,Saturday,East,15656739,50400,14:00:00,50734,14:05:34,19,1788,Washington Ave & Dove St (01788),0,0,3,,,52562,14:36:02,,,52562,14:36:02,0,00:00:00,door not opened
07/12/2025,12,4230,Saturday,Saturday,East,15656739,50400,14:00:00,50734,14:05:34,18,2663,Lark/Library Station - Washington Ave & Lark St (02663),1,1,3,52020.0,14:27:00,52475,14:34:35,52020.0,14:27:00,52544,14:35:44,69,00:01:09,doors opened
07/12/2025,12,4230,Saturday,Saturday,East,15656739,50400,14:00:00,50734,14:05:34,17,263,Washington Ave & Henry Johnson Blvd (00263),0,0,3,,,52432,14:33:52,,,52432,14:33:52,0,00:00:00,door not opened
07/12/2025,12,4230,Saturday,Saturday,East,15656739,50400,14:00:00,50734,14:05:34,16,2096,Washington Ave & Lexington Ave (02096),0,1,3,,,52284,14:31:24,,,52372,14:32:52,88,00:01:28,doors opened
07/12/2025,12,4230,Saturday,Saturday,East,15656739,50400,14:00:00,50734,14:05:34,15,3253,Washington Ave & Robin St (Draper Hall) (03253),1,1,4,,,52237,14:30:37,,,52264,14:31:04,27,00:00:27,doors opened
07/12/2025,12,4230,Saturday,Saturday,East,15656739,50400,14:00:00,50734,14:05:34,14,2109,Washington Ave & N. Lake Ave (02109),0,0,4,,,52218,14:30:18,,,52218,14:30:18,0,00:00:00,door not opened
07/12/2025,12,4230,Saturday,Saturday,East,15656739,50400,14:00:00,50734,14:05:34,13,3255,Washington Ave & Quail St (03255),0,6,4,,,52091,14:28:11,,,52162,14:29:22,71,00:01:11,doors opened
07/12/2025,12,4230,Saturday,Saturday,East,15656739,50400,14:00:00,50734,14:05:34,12,3256,Washington Ave & Ontario St (03256),0,1,10,51660.0,14:21:00,52054,14:27:34,51660.0,14:21:00,52071,14:27:51,17,00:00:17,doors opened
07/12/2025,12,4230,Saturday,Saturday,East,15656739,50400,14:00:00,50734,14:05:34,11,2107,Washington Ave & Partridge St (02107),0,0,11,,,52035,14:27:15,,,52035,14:27:15,0,00:00:00,door not opened
07/12/2025,12,4230,Saturday,Saturday,East,15656739,50400,14:00:00,50734,14:05:34,10,3257,Washington Ave & N. Main Ave (03257),0,0,11,,,51958,14:25:58,,,51958,14:25:58,0,00:00:00,door not opened
07/12/2025,12,4230,Saturday,Saturday,East,15656739,50400,14:00:00,50734,14:05:34,9,1796,Washington Ave & N. Allen St (01796),1,1,11,51540.0,14:19:00,51876,14:24:36,51540.0,14:19:00,51895,14:24:55,19,00:00:19,doors opened
07/12/2025,12,4230,Saturday,Saturday,East,15656739,50400,14:00:00,50734,14:05:34,8,11581,Washington Ave & Manning Blvd (11581),0,0,11,,,51852,14:24:12,,,51852,14:24:12,0,00:00:00,door not opened
07/12/2025,12,4230,Saturday,Saturday,East,15656739,50400,14:00:00,50734,14:05:34,7,2180,Washington Ave & Homestead Ave (02180),0,0,11,,,51834,14:23:54,,,51834,14:23:54,0,00:00:00,door not opened
07/12/2025,12,4230,Saturday,Saturday,East,15656739,50400,14:00:00,50734,14:05:34,6,2182,Washington Ave & Hawthorne St (02182),0,0,11,,,51815,14:23:35,,,51815,14:23:35,0,00:00:00,door not opened
07/12/2025,12,4230,Saturday,Saturday,East,15656739,50400,14:00:00,50734,14:05:34,5,3304,Washington Ave & Clermont St (03304),0,0,11,,,51801,14:23:21,,,51801,14:23:21,0,00:00:00,door not opened
07/12/2025,12,4230,Saturday,Saturday,East,15656739,50400,14:00:00,50734,14:05:34,4,3348,Washington Ave & Brevator St (03348),0,0,11,,,51763,14:22:43,,,51763,14:22:43,0,00:00:00,door not opened
07/12/2025,12,4230,Saturday,Saturday,East,15656739,50400,14:00:00,50734,14:05:34,3,10134,Washington Ave & SUNY Exit Rd (10134),1,0,11,,,51611,14:20:11,,,51628,14:20:28,17,00:00:17,doors opened
07/12/2025,12,4230,Saturday,Saturday,East,15656739,50400,14:00:00,50734,14:05:34,2,7216,SUNY Collins Circle (07216),0,0,10,51120.0,14:12:00,51367,14:16:07,51120.0,14:12:00,51394,14:16:34,27,00:00:27,doors opened
07/12/2025,12,4230,Saturday,Saturday,East,15656739,50400,14:00:00,50734,14:05:34,1,12827,Crossgates Commons Station (12827),5,0,10,50820.0,14:07:00,51039,14:10:39,50820.0,14:07:00,51161,14:12:41,122,00:02:02,doors opened
07/12/2025,12,4230,Saturday,Saturday,East,15656739,50400,14:00:00,50734,14:05:34,0,7175,Crossgates Mall Station (07175),4,0,5,50400.0,14:00:00,50734,14:05:34,50400.0,14:00:00,50734,14:05:34,0,00:00:00,doors opened
07/12/2025,12,4230,Saturday,Saturday,West,15656741,52800,14:40:00,52885,14:41:25,27,7175,Crossgates Mall Station (07175),0,22,0,55020.0,15:17:00,54977,15:16:17,55020.0,15:17:00,54977,15:16:17,0,00:00:00,doors opened
07/12/2025,12,4230,Saturday,Saturday,West,15656741,52800,14:40:00,52885,14:41:25,0,9018,Broadway & Orange St (09018),0,0,0,52800.0,14:40:00,52885,14:41:25,52800.0,14:40:00,52885,14:41:25,0,00:00:00,door not opened
07/12/2025,12,4230,Saturday,Saturday,West,15656741,52800,14:40:00,52885,14:41:25,26,12828,Crossgates Commons Station (12828),0,13,22,54600.0,15:10:00,54669,15:11:09,54600.0,15:10:00,54704,15:11:44,35,00:00:35,doors opened
07/12/2025,12,4230,Saturday,Saturday,West,15656741,52800,14:40:00,52885,14:41:25,25,12891,1475 Washington Ave (12891),1,3,35,,,54443,15:07:23,,,54466,15:07:46,23,00:00:23,doors opened
07/12/2025,12,4230,Saturday,Saturday,West,15656741,52800,14:40:00,52885,14:41:25,24,7216,SUNY Collins Circle (07216),0,0,37,54240.0,15:04:00,54302,15:05:02,54240.0,15:04:00,54302,15:05:02,0,00:00:00,door not opened
07/12/2025,12,4230,Saturday,Saturday,West,15656741,52800,14:40:00,52885,14:41:25,23,3262,1383 Washington Ave (Fairfield Inn) (03262),1,0,37,,,54200,15:03:20,,,54215,15:03:35,15,00:00:15,doors opened
07/12/2025,12,4230,Saturday,Saturday,West,15656741,52800,14:40:00,52885,14:41:25,22,976,Washington Ave & Brevator St (00976),1,0,36,,,54083,15:01:23,,,54101,15:01:41,18,00:00:18,doors opened
07/12/2025,12,4230,Saturday,Saturday,West,15656741,52800,14:40:00,52885,14:41:25,21,1959,Washington Ave & Colvin Ave (01959),1,0,35,,,53991,14:59:51,,,54061,15:01:01,70,00:01:10,doors opened
07/12/2025,12,4230,Saturday,Saturday,West,15656741,52800,14:40:00,52885,14:41:25,20,3399,Washington Ave & Danker Ave (03399),0,0,34,,,53930,14:58:50,,,53930,14:58:50,0,00:00:00,door not opened
07/12/2025,12,4230,Saturday,Saturday,West,15656741,52800,14:40:00,52885,14:41:25,19,1849,Washington Ave & Homestead Ave (01849),0,0,34,,,53914,14:58:34,,,53914,14:58:34,0,00:00:00,door not opened
07/12/2025,12,4230,Saturday,Saturday,West,15656741,52800,14:40:00,52885,14:41:25,18,1846,Washington Ave & Manning Blvd (01846),1,0,34,,,53878,14:57:58,,,53896,14:58:16,18,00:00:18,doors opened
07/12/2025,12,4230,Saturday,Saturday,West,15656741,52800,14:40:00,52885,14:41:25,17,3287,Washington Ave & N. Allen St (03287),1,1,33,53880.0,14:58:00,53811,14:56:51,53880.0,14:58:00,53849,14:57:29,38,00:00:38,doors opened
07/12/2025,12,4230,Saturday,Saturday,West,15656741,52800,14:40:00,52885,14:41:25,16,3264,Washington Ave & N. Main Ave (03264),2,0,33,,,53754,14:55:54,,,53778,14:56:18,24,00:00:24,doors opened
07/12/2025,12,4230,Saturday,Saturday,West,15656741,52800,14:40:00,52885,14:41:25,15,1839,Washington Ave & Partridge St (01839),1,0,31,,,53693,14:54:53,,,53709,14:55:09,16,00:00:16,doors opened
07/12/2025,12,4230,Saturday,Saturday,West,15656741,52800,14:40:00,52885,14:41:25,14,1841,Washington Ave & Ontario St (01841),2,0,30,53640.0,14:54:00,53640,14:54:00,53640.0,14:54:00,53672,14:54:32,32,00:00:32,doors opened
07/12/2025,12,4230,Saturday,Saturday,West,15656741,52800,14:40:00,52885,14:41:25,13,1842,Washington Ave & Quail St (01842),8,0,28,,,53564,14:52:44,,,53618,14:53:38,54,00:00:54,doors opened
07/12/2025,12,4230,Saturday,Saturday,West,15656741,52800,14:40:00,52885,14:41:25,12,1837,Washington Ave & N. Lake Ave (01837),0,0,20,,,53541,14:52:21,,,53541,14:52:21,0,00:00:00,door not opened
07/12/2025,12,4230,Saturday,Saturday,West,15656741,52800,14:40:00,52885,14:41:25,11,1843,Washington Ave & Robin St (01843),0,0,20,,,53485,14:51:25,,,53485,14:51:25,0,00:00:00,door not opened
07/12/2025,12,4230,Saturday,Saturday,West,15656741,52800,14:40:00,52885,14:41:25,10,12943,Washington Ave & Lexington Ave (12943),0,0,20,,,53464,14:51:04,,,53464,14:51:04,0,00:00:00,door not opened
07/12/2025,12,4230,Saturday,Saturday,West,15656741,52800,14:40:00,52885,14:41:25,9,12942,Washington Ave & Henry Johnson Blvd (12942),2,0,20,,,53402,14:50:02,,,53436,14:50:36,34,00:00:34,doors opened
07/12/2025,12,4230,Saturday,Saturday,West,15656741,52800,14:40:00,52885,14:41:25,8,3239,Lark/Library Station - Washington Ave & Lark St (03239),4,0,18,53280.0,14:48:00,53284,14:48:04,53280.0,14:48:00,53349,14:49:09,65,00:01:05,doors opened
07/12/2025,12,4230,Saturday,Saturday,West,15656741,52800,14:40:00,52885,14:41:25,7,3301,Washington Ave & S. Swan St (03301),0,0,14,,,53229,14:47:09,,,53229,14:47:09,0,00:00:00,door not opened
07/12/2025,12,4230,Saturday,Saturday,West,15656741,52800,14:40:00,52885,14:41:25,6,3250,Hawk/Capitol Station - Washington Ave & Hawk St (03250),3,0,14,,,53145,14:45:45,,,53182,14:46:22,37,00:00:37,doors opened
07/12/2025,12,4230,Saturday,Saturday,West,15656741,52800,14:40:00,52885,14:41:25,5,10087,State St & Eagle St (10087),0,0,11,,,53118,14:45:18,,,53118,14:45:18,0,00:00:00,door not opened
07/12/2025,12,4230,Saturday,Saturday,West,15656741,52800,14:40:00,52885,14:41:25,4,2665,State/Downtown Station - State St & Lodge St (02665),10,0,11,53040.0,14:44:00,53010,14:43:30,53040.0,14:44:00,53062,14:44:22,52,00:00:52,doors opened
07/12/2025,12,4230,Saturday,Saturday,West,15656741,52800,14:40:00,52885,14:41:25,3,3221,State Station - N. Pearl St & Ten Eyck Plaza (03221),1,0,1,,,52970,14:42:50,,,52982,14:43:02,12,00:00:12,doors opened
07/12/2025,12,4230,Saturday,Saturday,West,15656741,52800,14:40:00,52885,14:41:25,2,3233,N. Pearl St & Sheridan Ave (03233),0,0,0,,,52923,14:42:03,,,52923,14:42:03,0,00:00:00,door not opened
07/12/2025,12,4230,Saturday,Saturday,West,15656741,52800,14:40:00,52885,14:41:25,1,2168,Clinton Square Station - N. Pearl St & Clinton Ave (02168),0,0,0,,,52911,14:41:51,,,52911,14:41:51,0,00:00:00,door not opened
07/12/2025,12,4232,Saturday,Saturday,East,15655775,43200,12:00:00,43292,12:01:32,24,3940,Broadway & Steuben St (03940),0,0,0,45240.0,12:34:00,45270,12:34:30,45240.0,12:34:00,45270,12:34:30,0,00:00:00,door not opened
07/12/2025,12,4232,Saturday,Saturday,East,15655775,43200,12:00:00,43292,12:01:32,23,2509,State/Downtown Station - State St & S. Pearl St (02509),0,6,0,45000.0,12:30:00,45105,12:31:45,45000.0,12:30:00,45150,12:32:30,45,00:00:45,doors opened
07/12/2025,12,4232,Saturday,Saturday,East,15655775,43200,12:00:00,43292,12:01:32,22,1787,State St & Eagle St (01787),0,0,6,,,45080,12:31:20,,,45080,12:31:20,0,00:00:00,door not opened
07/12/2025,12,4232,Saturday,Saturday,East,15655775,43200,12:00:00,43292,12:01:32,21,2706,Hawk/Capitol Station - Washington Ave & Hawk St (02706),0,0,6,,,45039,12:30:39,,,45039,12:30:39,0,00:00:00,door not opened
07/12/2025,12,4232,Saturday,Saturday,East,15655775,43200,12:00:00,43292,12:01:32,20,1789,Washington Ave & S. Swan St (01789),0,0,6,,,45017,12:30:17,,,45017,12:30:17,0,00:00:00,door not opened
07/12/2025,12,4232,Saturday,Saturday,East,15655775,43200,12:00:00,43292,12:01:32,19,1788,Washington Ave & Dove St (01788),0,1,6,,,44942,12:29:02,,,44980,12:29:40,38,00:00:38,doors opened
07/12/2025,12,4232,Saturday,Saturday,East,15655775,43200,12:00:00,43292,12:01:32,18,2663,Lark/Library Station - Washington Ave & Lark St (02663),0,0,7,44760.0,12:26:00,44915,12:28:35,44760.0,12:26:00,44915,12:28:35,0,00:00:00,door not opened
07/12/2025,12,4232,Saturday,Saturday,East,15655775,43200,12:00:00,43292,12:01:32,17,263,Washington Ave & Henry Johnson Blvd (00263),0,1,7,,,44846,12:27:26,,,44874,12:27:54,28,00:00:28,doors opened
07/12/2025,12,4232,Saturday,Saturday,East,15655775,43200,12:00:00,43292,12:01:32,16,2096,Washington Ave & Lexington Ave (02096),0,0,8,,,44774,12:26:14,,,44774,12:26:14,0,00:00:00,door not opened
07/12/2025,12,4232,Saturday,Saturday,East,15655775,43200,12:00:00,43292,12:01:32,15,3253,Washington Ave & Robin St (Draper Hall) (03253),0,0,8,,,44745,12:25:45,,,44745,12:25:45,0,00:00:00,door not opened
07/12/2025,12,4232,Saturday,Saturday,East,15655775,43200,12:00:00,43292,12:01:32,14,2109,Washington Ave & N. Lake Ave (02109),1,0,8,,,44689,12:24:49,,,44715,12:25:15,26,00:00:26,doors opened
07/12/2025,12,4232,Saturday,Saturday,East,15655775,43200,12:00:00,43292,12:01:32,13,3255,Washington Ave & Quail St (03255),1,1,7,,,44619,12:23:39,,,44661,12:24:21,42,00:00:42,doors opened
07/12/2025,12,4232,Saturday,Saturday,East,15655775,43200,12:00:00,43292,12:01:32,12,3256,Washington Ave & Ontario St (03256),0,0,7,44400.0,12:20:00,44597,12:23:17,44400.0,12:20:00,44597,12:23:17,0,00:00:00,door not opened
07/12/2025,12,4232,Saturday,Saturday,East,15655775,43200,12:00:00,43292,12:01:32,11,2107,Washington Ave & Partridge St (02107),0,0,7,,,44574,12:22:54,,,44574,12:22:54,0,00:00:00,door not opened
07/12/2025,12,4232,Saturday,Saturday,East,15655775,43200,12:00:00,43292,12:01:32,10,3257,Washington Ave & N. Main Ave (03257),0,0,7,,,44458,12:20:58,,,44458,12:20:58,0,00:00:00,door not opened
07/12/2025,12,4232,Saturday,Saturday,East,15655775,43200,12:00:00,43292,12:01:32,9,1796,Washington Ave & N. Allen St (01796),1,2,7,44280.0,12:18:00,44376,12:19:36,44280.0,12:18:00,44410,12:20:10,34,00:00:34,doors opened
07/12/2025,12,4232,Saturday,Saturday,East,15655775,43200,12:00:00,43292,12:01:32,8,11581,Washington Ave & Manning Blvd (11581),0,0,8,,,44344,12:19:04,,,44344,12:19:04,0,00:00:00,door not opened
07/12/2025,12,4232,Saturday,Saturday,East,15655775,43200,12:00:00,43292,12:01:32,7,2180,Washington Ave & Homestead Ave (02180),0,0,8,,,44264,12:17:44,,,44264,12:17:44,0,00:00:00,door not opened
07/12/2025,12,4232,Saturday,Saturday,East,15655775,43200,12:00:00,43292,12:01:32,6,2182,Washington Ave & Hawthorne St (02182),0,0,8,,,44241,12:17:21,,,44241,12:17:21,0,00:00:00,door not opened
07/12/2025,12,4232,Saturday,Saturday,East,15655775,43200,12:00:00,43292,12:01:32,5,3304,Washington Ave & Clermont St (03304),0,0,8,,,44225,12:17:05,,,44225,12:17:05,0,00:00:00,door not opened
07/12/2025,12,4232,Saturday,Saturday,East,15655775,43200,12:00:00,43292,12:01:32,4,3348,Washington Ave & Brevator St (03348),0,0,8,,,44192,12:16:32,,,44192,12:16:32,0,00:00:00,door not opened
07/12/2025,12,4232,Saturday,Saturday,East,15655775,43200,12:00:00,43292,12:01:32,3,10134,Washington Ave & SUNY Exit Rd (10134),1,0,8,,,44036,12:13:56,,,44060,12:14:20,24,00:00:24,doors opened
07/12/2025,12,4232,Saturday,Saturday,East,15655775,43200,12:00:00,43292,12:01:32,2,7216,SUNY Collins Circle (07216),0,3,7,43860.0,12:11:00,43919,12:11:59,43860.0,12:11:00,43940,12:12:20,21,00:00:21,doors opened
07/12/2025,12,4232,Saturday,Saturday,East,15655775,43200,12:00:00,43292,12:01:32,1,12827,Crossgates Commons Station (12827),1,2,10,43620.0,12:07:00,43604,12:06:44,43620.0,12:07:00,43686,12:08:06,82,00:01:22,doors opened
07/12/2025,12,4232,Saturday,Saturday,East,15655775,43200,12:00:00,43292,12:01:32,0,7175,Crossgates Mall Station (07175),10,0,11,43200.0,12:00:00,43292,12:01:32,43200.0,12:00:00,43292,12:01:32,0,00:00:00,doors opened
07/12/2025,12,4232,Saturday,Saturday,West,15655777,45600,12:40:00,45707,12:41:47,27,7175,Crossgates Mall Station (07175),0,10,0,47820.0,13:17:00,47963,13:19:23,47820.0,13:17:00,47963,13:19:23,0,00:00:00,doors opened
07/12/2025,12,4232,Saturday,Saturday,West,15655777,45600,12:40:00,45707,12:41:47,0,9018,Broadway & Orange St (09018),0,0,0,45600.0,12:40:00,45707,12:41:47,45600.0,12:40:00,45707,12:41:47,0,00:00:00,doors opened
07/12/2025,12,4232,Saturday,Saturday,West,15655777,45600,12:40:00,45707,12:41:47,26,12828,Crossgates Commons Station (12828),1,5,10,47400.0,13:10:00,47675,13:14:35,47400.0,13:10:00,47714,13:15:14,39,00:00:39,doors opened
07/12/2025,12,4232,Saturday,Saturday,West,15655777,45600,12:40:00,45707,12:41:47,25,12891,1475 Washington Ave (12891),0,0,14,,,47478,13:11:18,,,47478,13:11:18,0,00:00:00,door not opened
07/12/2025,12,4232,Saturday,Saturday,West,15655777,45600,12:40:00,45707,12:41:47,24,7216,SUNY Collins Circle (07216),0,0,14,47040.0,13:04:00,47330,13:08:50,47040.0,13:04:00,47330,13:08:50,0,00:00:00,door not opened
07/12/2025,12,4232,Saturday,Saturday,West,15655777,45600,12:40:00,45707,12:41:47,23,3262,1383 Washington Ave (Fairfield Inn) (03262),2,0,14,,,47202,13:06:42,,,47227,13:07:07,25,00:00:25,doors opened
07/12/2025,12,4232,Saturday,Saturday,West,15655777,45600,12:40:00,45707,12:41:47,22,976,Washington Ave & Brevator St (00976),0,0,12,,,47107,13:05:07,,,47107,13:05:07,0,00:00:00,door not opened
07/12/2025,12,4232,Saturday,Saturday,West,15655777,45600,12:40:00,45707,12:41:47,21,1959,Washington Ave & Colvin Ave (01959),0,2,12,,,47033,13:03:53,,,47084,13:04:44,51,00:00:51,doors opened
07/12/2025,12,4232,Saturday,Saturday,West,15655777,45600,12:40:00,45707,12:41:47,20,3399,Washington Ave & Danker Ave (03399),0,1,14,,,46961,13:02:41,,,46979,13:02:59,18,00:00:18,doors opened
07/12/2025,12,4232,Saturday,Saturday,West,15655777,45600,12:40:00,45707,12:41:47,19,1849,Washington Ave & Homestead Ave (01849),0,0,15,,,46943,13:02:23,,,46943,13:02:23,0,00:00:00,door not opened
07/12/2025,12,4232,Saturday,Saturday,West,15655777,45600,12:40:00,45707,12:41:47,18,1846,Washington Ave & Manning Blvd (01846),0,0,15,,,46919,13:01:59,,,46919,13:01:59,0,00:00:00,door not opened
07/12/2025,12,4232,Saturday,Saturday,West,15655777,45600,12:40:00,45707,12:41:47,17,3287,Washington Ave & N. Allen St (03287),6,1,15,46680.0,12:58:00,46784,12:59:44,46680.0,12:58:00,46846,13:00:46,62,00:01:02,doors opened
07/12/2025,12,4232,Saturday,Saturday,West,15655777,45600,12:40:00,45707,12:41:47,16,3264,Washington Ave & N. Main Ave (03264),2,0,10,,,46728,12:58:48,,,46751,12:59:11,23,00:00:23,doors opened
07/12/2025,12,4232,Saturday,Saturday,West,15655777,45600,12:40:00,45707,12:41:47,15,1839,Washington Ave & Partridge St (01839),0,0,8,,,46673,12:57:53,,,46673,12:57:53,0,00:00:00,door not opened
07/12/2025,12,4232,Saturday,Saturday,West,15655777,45600,12:40:00,45707,12:41:47,14,1841,Washington Ave & Ontario St (01841),0,1,8,46440.0,12:54:00,46608,12:56:48,46440.0,12:54:00,46642,12:57:22,34,00:00:34,doors opened
07/12/2025,12,4232,Saturday,Saturday,West,15655777,45600,12:40:00,45707,12:41:47,13,1842,Washington Ave & Quail St (01842),2,0,9,,,46547,12:55:47,,,46584,12:56:24,37,00:00:37,doors opened
07/12/2025,12,4232,Saturday,Saturday,West,15655777,45600,12:40:00,45707,12:41:47,12,1837,Washington Ave & N. Lake Ave (01837),2,0,7,,,46474,12:54:34,,,46516,12:55:16,42,00:00:42,doors opened
07/12/2025,12,4232,Saturday,Saturday,West,15655777,45600,12:40:00,45707,12:41:47,11,1843,Washington Ave & Robin St (01843),2,0,5,,,46418,12:53:38,,,46449,12:54:09,31,00:00:31,doors opened
07/12/2025,12,4232,Saturday,Saturday,West,15655777,45600,12:40:00,45707,12:41:47,10,12943,Washington Ave & Lexington Ave (12943),0,0,3,,,46392,12:53:12,,,46392,12:53:12,0,00:00:00,door not opened
07/12/2025,12,4232,Saturday,Saturday,West,15655777,45600,12:40:00,45707,12:41:47,9,12942,Washington Ave & Henry Johnson Blvd (12942),1,0,3,,,46323,12:52:03,,,46342,12:52:22,19,00:00:19,doors opened
07/12/2025,12,4232,Saturday,Saturday,West,15655777,45600,12:40:00,45707,12:41:47,8,3239,Lark/Library Station - Washington Ave & Lark St (03239),0,2,2,46080.0,12:48:00,46262,12:51:02,46080.0,12:48:00,46278,12:51:18,16,00:00:16,doors opened
07/12/2025,12,4232,Saturday,Saturday,West,15655777,45600,12:40:00,45707,12:41:47,7,3301,Washington Ave & S. Swan St (03301),0,1,4,,,46173,12:49:33,,,46223,12:50:23,50,00:00:50,doors opened
07/12/2025,12,4232,Saturday,Saturday,West,15655777,45600,12:40:00,45707,12:41:47,6,3250,Hawk/Capitol Station - Washington Ave & Hawk St (03250),0,0,5,,,46148,12:49:08,,,46148,12:49:08,0,00:00:00,door not opened
07/12/2025,12,4232,Saturday,Saturday,West,15655777,45600,12:40:00,45707,12:41:47,5,10087,State St & Eagle St (10087),0,0,5,,,46091,12:48:11,,,46091,12:48:11,0,00:00:00,door not opened
07/12/2025,12,4232,Saturday,Saturday,West,15655777,45600,12:40:00,45707,12:41:47,4,2665,State/Downtown Station - State St & Lodge St (02665),3,0,5,45840.0,12:44:00,45985,12:46:25,45840.0,12:44:00,46016,12:46:56,31,00:00:31,doors opened
07/12/2025,12,4232,Saturday,Saturday,West,15655777,45600,12:40:00,45707,12:41:47,3,3221,State Station - N. Pearl St & Ten Eyck Plaza (03221),2,0,2,,,45864,12:44:24,,,45952,12:45:52,88,00:01:28,doors opened
07/12/2025,12,4232,Saturday,Saturday,West,15655777,45600,12:40:00,45707,12:41:47,2,3233,N. Pearl St & Sheridan Ave (03233),0,0,0,,,45806,12:43:26,,,45806,12:43:26,0,00:00:00,door not opened
07/12/2025,12,4232,Saturday,Saturday,West,15655777,45600,12:40:00,45707,12:41:47,1,2168,Clinton Square Station - N. Pearl St & Clinton Ave (02168),0,0,0,,,45768,12:42:48,,,45768,12:42:48,0,00:00:00,door not opened
07/12/2025,12,4232,Saturday,Saturday,East,15655887,55200,15:20:00,55422,15:23:42,12,3256,Washington Ave & Ontario St (03256),0,0,9,56460.0,15:41:00,56912,15:48:32,56460.0,15:41:00,56912,15:48:32,0,00:00:00,door not opened
07/12/2025,12,4232,Saturday,Saturday,East,15655887,55200,15:20:00,55422,15:23:42,11,2107,Washington Ave & Partridge St (02107),0,2,9,,,56875,15:47:55,,,56890,15:48:10,15,00:00:15,doors opened
07/12/2025,12,4232,Saturday,Saturday,East,15655887,55200,15:20:00,55422,15:23:42,10,3257,Washington Ave & N. Main Ave (03257),0,2,11,,,56783,15:46:23,,,56805,15:46:45,22,00:00:22,doors opened
07/12/2025,12,4232,Saturday,Saturday,East,15655887,55200,15:20:00,55422,15:23:42,9,1796,Washington Ave & N. Allen St (01796),2,3,13,56340.0,15:39:00,56726,15:45:26,56340.0,15:39:00,56751,15:45:51,25,00:00:25,doors opened
07/12/2025,12,4232,Saturday,Saturday,East,15655887,55200,15:20:00,55422,15:23:42,8,11581,Washington Ave & Manning Blvd (11581),0,0,14,,,56695,15:44:55,,,56695,15:44:55,0,00:00:00,door not opened
07/12/2025,12,4232,Saturday,Saturday,East,15655887,55200,15:20:00,55422,15:23:42,7,2180,Washington Ave & Homestead Ave (02180),0,3,14,,,56651,15:44:11,,,56672,15:44:32,21,00:00:21,doors opened
07/12/2025,12,4232,Saturday,Saturday,East,15655887,55200,15:20:00,55422,15:23:42,6,2182,Washington Ave & Hawthorne St (02182),0,0,17,,,56628,15:43:48,,,56628,15:43:48,0,00:00:00,door not opened
07/12/2025,12,4232,Saturday,Saturday,East,15655887,55200,15:20:00,55422,15:23:42,5,3304,Washington Ave & Clermont St (03304),2,0,17,,,56584,15:43:04,,,56605,15:43:25,21,00:00:21,doors opened
07/12/2025,12,4232,Saturday,Saturday,East,15655887,55200,15:20:00,55422,15:23:42,4,3348,Washington Ave & Brevator St (03348),0,0,15,,,56572,15:42:52,,,56572,15:42:52,0,00:00:00,door not opened
07/12/2025,12,4232,Saturday,Saturday,East,15655887,55200,15:20:00,55422,15:23:42,3,10134,Washington Ave & SUNY Exit Rd (10134),1,1,15,,,56439,15:40:39,,,56468,15:41:08,29,00:00:29,doors opened
07/12/2025,12,4232,Saturday,Saturday,East,15655887,55200,15:20:00,55422,15:23:42,2,7216,SUNY Collins Circle (07216),0,44,15,55920.0,15:32:00,56260,15:37:40,55920.0,15:32:00,56334,15:38:54,74,00:01:14,doors opened
07/12/2025,12,4232,Saturday,Saturday,East,15655887,55200,15:20:00,55422,15:23:42,1,12827,Crossgates Commons Station (12827),51,2,59,55620.0,15:27:00,55752,15:29:12,55620.0,15:27:00,55925,15:32:05,173,00:02:53,doors opened
07/12/2025,12,4232,Saturday,Saturday,East,15655887,55200,15:20:00,55422,15:23:42,0,7175,Crossgates Mall Station (07175),10,0,10,55200.0,15:20:00,55422,15:23:42,55200.0,15:20:00,55422,15:23:42,0,00:00:00,doors opened
07/12/2025,12,4232,Saturday,Saturday,East,15655887,55200,15:20:00,55422,15:23:42,24,3940,Broadway & Steuben St (03940),0,1,0,57360.0,15:56:00,57487,15:58:07,57360.0,15:56:00,57487,15:58:07,0,00:00:00,doors opened
07/12/2025,12,4232,Saturday,Saturday,East,15655887,55200,15:20:00,55422,15:23:42,23,2509,State/Downtown Station - State St & S. Pearl St (02509),0,4,1,57120.0,15:52:00,57342,15:55:42,57120.0,15:52:00,57391,15:56:31,49,00:00:49,doors opened
07/12/2025,12,4232,Saturday,Saturday,East,15655887,55200,15:20:00,55422,15:23:42,22,1787,State St & Eagle St (01787),0,1,5,,,57311,15:55:11,,,57324,15:55:24,13,00:00:13,doors opened
07/12/2025,12,4232,Saturday,Saturday,East,15655887,55200,15:20:00,55422,15:23:42,21,2706,Hawk/Capitol Station - Washington Ave & Hawk St (02706),0,0,6,,,57275,15:54:35,,,57275,15:54:35,0,00:00:00,door not opened
07/12/2025,12,4232,Saturday,Saturday,East,15655887,55200,15:20:00,55422,15:23:42,20,1789,Washington Ave & S. Swan St (01789),0,0,6,,,57254,15:54:14,,,57254,15:54:14,0,00:00:00,door not opened
07/12/2025,12,4232,Saturday,Saturday,East,15655887,55200,15:20:00,55422,15:23:42,19,1788,Washington Ave & Dove St (01788),0,0,6,,,57232,15:53:52,,,57232,15:53:52,0,00:00:00,door not opened
07/12/2025,12,4232,Saturday,Saturday,East,15655887,55200,15:20:00,55422,15:23:42,18,2663,Lark/Library Station - Washington Ave & Lark St (02663),0,3,6,56820.0,15:47:00,57184,15:53:04,56820.0,15:47:00,57208,15:53:28,24,00:00:24,doors opened
07/12/2025,12,4232,Saturday,Saturday,East,15655887,55200,15:20:00,55422,15:23:42,17,263,Washington Ave & Henry Johnson Blvd (00263),0,0,9,,,57160,15:52:40,,,57160,15:52:40,0,00:00:00,door not opened
07/12/2025,12,4232,Saturday,Saturday,East,15655887,55200,15:20:00,55422,15:23:42,16,2096,Washington Ave & Lexington Ave (02096),0,0,9,,,57131,15:52:11,,,57131,15:52:11,0,00:00:00,door not opened
07/12/2025,12,4232,Saturday,Saturday,East,15655887,55200,15:20:00,55422,15:23:42,15,3253,Washington Ave & Robin St (Draper Hall) (03253),0,0,9,,,57082,15:51:22,,,57082,15:51:22,0,00:00:00,door not opened
07/12/2025,12,4232,Saturday,Saturday,East,15655887,55200,15:20:00,55422,15:23:42,14,2109,Washington Ave & N. Lake Ave (02109),1,0,9,,,57016,15:50:16,,,57033,15:50:33,17,00:00:17,doors opened
07/12/2025,12,4232,Saturday,Saturday,East,15655887,55200,15:20:00,55422,15:23:42,13,3255,Washington Ave & Quail St (03255),0,1,8,,,56936,15:48:56,,,56988,15:49:48,52,00:00:52,doors opened
07/12/2025,12,4232,Saturday,Saturday,West,15655889,57600,16:00:00,57760,16:02:40,11,1843,Washington Ave & Robin St (01843),1,0,7,,,58477,16:14:37,,,58494,16:14:54,17,00:00:17,doors opened
07/12/2025,12,4232,Saturday,Saturday,West,15655889,57600,16:00:00,57760,16:02:40,10,12943,Washington Ave & Lexington Ave (12943),2,1,6,,,58403,16:13:23,,,58447,16:14:07,44,00:00:44,doors opened
07/12/2025,12,4232,Saturday,Saturday,West,15655889,57600,16:00:00,57760,16:02:40,9,12942,Washington Ave & Henry Johnson Blvd (12942),0,1,5,,,58359,16:12:39,,,58370,16:12:50,11,00:00:11,doors opened
07/12/2025,12,4232,Saturday,Saturday,West,15655889,57600,16:00:00,57760,16:02:40,8,3239,Lark/Library Station - Washington Ave & Lark St (03239),2,4,6,58080.0,16:08:00,58205,16:10:05,58080.0,16:08:00,58296,16:11:36,91,00:01:31,doors opened
07/12/2025,12,4232,Saturday,Saturday,West,15655889,57600,16:00:00,57760,16:02:40,7,3301,Washington Ave & S. Swan St (03301),3,0,8,,,58121,16:08:41,,,58162,16:09:22,41,00:00:41,doors opened
07/12/2025,12,4232,Saturday,Saturday,West,15655889,57600,16:00:00,57760,16:02:40,6,3250,Hawk/Capitol Station - Washington Ave & Hawk St (03250),0,0,5,,,58098,16:08:18,,,58098,16:08:18,0,00:00:00,door not opened
07/12/2025,12,4232,Saturday,Saturday,West,15655889,57600,16:00:00,57760,16:02:40,5,10087,State St & Eagle St (10087),0,0,5,,,58073,16:07:53,,,58073,16:07:53,0,00:00:00,door not opened
07/12/2025,12,4232,Saturday,Saturday,West,15655889,57600,16:00:00,57760,16:02:40,4,2665,State/Downtown Station - State St & Lodge St (02665),4,0,5,57840.0,16:04:00,57952,16:05:52,57840.0,16:04:00,57985,16:06:25,33,00:00:33,doors opened
07/12/2025,12,4232,Saturday,Saturday,West,15655889,57600,16:00:00,57760,16:02:40,3,3221,State Station - N. Pearl St & Ten Eyck Plaza (03221),0,0,1,,,57896,16:04:56,,,57918,16:05:18,22,00:00:22,doors opened
07/12/2025,12,4232,Saturday,Saturday,West,15655889,57600,16:00:00,57760,16:02:40,2,3233,N. Pearl St & Sheridan Ave (03233),0,0,1,,,57838,16:03:58,,,57838,16:03:58,0,00:00:00,door not opened
07/12/2025,12,4232,Saturday,Saturday,West,15655889,57600,16:00:00,57760,16:02:40,1,2168,Clinton Square Station - N. Pearl St & Clinton Ave (02168),0,0,1,,,57809,16:03:29,,,57809,16:03:29,0,00:00:00,door not opened
07/12/2025,12,4232,Saturday,Saturday,West,15655889,57600,16:00:00,57760,16:02:40,0,9018,Broadway & Orange St (09018),1,0,1,57600.0,16:00:00,57760,16:02:40,57600.0,16:00:00,57760,16:02:40,0,00:00:00,doors opened
07/12/2025,12,4232,Saturday,Saturday,West,15655889,57600,16:00:00,57760,16:02:40,27,7175,Crossgates Mall Station (07175),0,0,0,59820.0,16:37:00,59894,16:38:14,59820.0,16:37:00,59894,16:38:14,0,00:00:00,door not opened
07/12/2025,12,4232,Saturday,Saturday,West,15655889,57600,16:00:00,57760,16:02:40,26,12828,Crossgates Commons Station (12828),0,10,0,59400.0,16:30:00,59653,16:34:13,59400.0,16:30:00,59676,16:34:36,23,00:00:23,doors opened
07/12/2025,12,4232,Saturday,Saturday,West,15655889,57600,16:00:00,57760,16:02:40,25,12891,1475 Washington Ave (12891),0,0,10,,,59455,16:30:55,,,59455,16:30:55,0,00:00:00,door not opened
07/12/2025,12,4232,Saturday,Saturday,West,15655889,57600,16:00:00,57760,16:02:40,24,7216,SUNY Collins Circle (07216),0,2,10,59040.0,16:24:00,59312,16:28:32,59040.0,16:24:00,59329,16:28:49,17,00:00:17,doors opened
07/12/2025,12,4232,Saturday,Saturday,West,15655889,57600,16:00:00,57760,16:02:40,23,3262,1383 Washington Ave (Fairfield Inn) (03262),4,0,12,,,59163,16:26:03,,,59192,16:26:32,29,00:00:29,doors opened
07/12/2025,12,4232,Saturday,Saturday,West,15655889,57600,16:00:00,57760,16:02:40,22,976,Washington Ave & Brevator St (00976),0,1,8,,,59047,16:24:07,,,59060,16:24:20,13,00:00:13,doors opened
07/12/2025,12,4232,Saturday,Saturday,West,15655889,57600,16:00:00,57760,16:02:40,21,1959,Washington Ave & Colvin Ave (01959),0,0,9,,,59028,16:23:48,,,59028,16:23:48,0,00:00:00,door not opened
07/12/2025,12,4232,Saturday,Saturday,West,15655889,57600,16:00:00,57760,16:02:40,20,3399,Washington Ave & Danker Ave (03399),0,0,9,,,59008,16:23:28,,,59008,16:23:28,0,00:00:00,door not opened
07/12/2025,12,4232,Saturday,Saturday,West,15655889,57600,16:00:00,57760,16:02:40,19,1849,Washington Ave & Homestead Ave (01849),0,1,9,,,58939,16:22:19,,,58985,16:23:05,46,00:00:46,doors opened
07/12/2025,12,4232,Saturday,Saturday,West,15655889,57600,16:00:00,57760,16:02:40,18,1846,Washington Ave & Manning Blvd (01846),1,0,10,,,58885,16:21:25,,,58915,16:21:55,30,00:00:30,doors opened
07/12/2025,12,4232,Saturday,Saturday,West,15655889,57600,16:00:00,57760,16:02:40,17,3287,Washington Ave & N. Allen St (03287),3,3,9,58680.0,16:18:00,58819,16:20:19,58680.0,16:18:00,58855,16:20:55,36,00:00:36,doors opened
07/12/2025,12,4232,Saturday,Saturday,West,15655889,57600,16:00:00,57760,16:02:40,16,3264,Washington Ave & N. Main Ave (03264),1,1,9,,,58762,16:19:22,,,58785,16:19:45,23,00:00:23,doors opened
07/12/2025,12,4232,Saturday,Saturday,West,15655889,57600,16:00:00,57760,16:02:40,15,1839,Washington Ave & Partridge St (01839),0,0,9,,,58688,16:18:08,,,58688,16:18:08,0,00:00:00,door not opened
07/12/2025,12,4232,Saturday,Saturday,West,15655889,57600,16:00:00,57760,16:02:40,14,1841,Washington Ave & Ontario St (01841),0,0,9,58440.0,16:14:00,58665,16:17:45,58440.0,16:14:00,58665,16:17:45,0,00:00:00,door not opened
07/12/2025,12,4232,Saturday,Saturday,West,15655889,57600,16:00:00,57760,16:02:40,13,1842,Washington Ave & Quail St (01842),2,1,9,,,58570,16:16:10,,,58611,16:16:51,41,00:00:41,doors opened
07/12/2025,12,4232,Saturday,Saturday,West,15655889,57600,16:00:00,57760,16:02:40,12,1837,Washington Ave & N. Lake Ave (01837),1,0,8,,,58521,16:15:21,,,58540,16:15:40,19,00:00:19,doors opened
07/12/2025,12,4232,Saturday,Saturday,East,15655894,67200,18:40:00,67572,18:46:12,17,263,Washington Ave & Henry Johnson Blvd (00263),1,1,2,,,69372,19:16:12,,,69395,19:16:35,23,00:00:23,doors opened
07/12/2025,12,4232,Saturday,Saturday,East,15655894,67200,18:40:00,67572,18:46:12,16,2096,Washington Ave & Lexington Ave (02096),0,1,2,,,69245,19:14:05,,,69341,19:15:41,96,00:01:36,doors opened
07/12/2025,12,4232,Saturday,Saturday,East,15655894,67200,18:40:00,67572,18:46:12,15,3253,Washington Ave & Robin St (Draper Hall) (03253),0,0,3,,,69226,19:13:46,,,69226,19:13:46,0,00:00:00,door not opened
07/12/2025,12,4232,Saturday,Saturday,East,15655894,67200,18:40:00,67572,18:46:12,14,2109,Washington Ave & N. Lake Ave (02109),1,1,3,,,69164,19:12:44,,,69194,19:13:14,30,00:00:30,doors opened
07/12/2025,12,4232,Saturday,Saturday,East,15655894,67200,18:40:00,67572,18:46:12,13,3255,Washington Ave & Quail St (03255),0,5,3,,,69101,19:11:41,,,69139,19:12:19,38,00:00:38,doors opened
07/12/2025,12,4232,Saturday,Saturday,East,15655894,67200,18:40:00,67572,18:46:12,12,3256,Washington Ave & Ontario St (03256),0,1,8,68460.0,19:01:00,69065,19:11:05,68460.0,19:01:00,69078,19:11:18,13,00:00:13,doors opened
07/12/2025,12,4232,Saturday,Saturday,East,15655894,67200,18:40:00,67572,18:46:12,11,2107,Washington Ave & Partridge St (02107),0,0,9,,,69027,19:10:27,,,69041,19:10:41,14,00:00:14,doors opened
07/12/2025,12,4232,Saturday,Saturday,East,15655894,67200,18:40:00,67572,18:46:12,10,3257,Washington Ave & N. Main Ave (03257),0,6,9,,,68900,19:08:20,,,68939,19:08:59,39,00:00:39,doors opened
07/12/2025,12,4232,Saturday,Saturday,East,15655894,67200,18:40:00,67572,18:46:12,9,1796,Washington Ave & N. Allen St (01796),1,0,15,68340.0,18:59:00,68835,19:07:15,68340.0,18:59:00,68868,19:07:48,33,00:00:33,doors opened
07/12/2025,12,4232,Saturday,Saturday,East,15655894,67200,18:40:00,67572,18:46:12,8,11581,Washington Ave & Manning Blvd (11581),0,0,14,,,68803,19:06:43,,,68803,19:06:43,0,00:00:00,door not opened
07/12/2025,12,4232,Saturday,Saturday,East,15655894,67200,18:40:00,67572,18:46:12,7,2180,Washington Ave & Homestead Ave (02180),0,2,14,,,68736,19:05:36,,,68752,19:05:52,16,00:00:16,doors opened
07/12/2025,12,4232,Saturday,Saturday,East,15655894,67200,18:40:00,67572,18:46:12,6,2182,Washington Ave & Hawthorne St (02182),0,2,16,,,68690,19:04:50,,,68707,19:05:07,17,00:00:17,doors opened
07/12/2025,12,4232,Saturday,Saturday,East,15655894,67200,18:40:00,67572,18:46:12,5,3304,Washington Ave & Clermont St (03304),0,1,18,,,68646,19:04:06,,,68659,19:04:19,13,00:00:13,doors opened
07/12/2025,12,4232,Saturday,Saturday,East,15655894,67200,18:40:00,67572,18:46:12,4,3348,Washington Ave & Brevator St (03348),0,0,19,,,68632,19:03:52,,,68632,19:03:52,0,00:00:00,door not opened
07/12/2025,12,4232,Saturday,Saturday,East,15655894,67200,18:40:00,67572,18:46:12,3,10134,Washington Ave & SUNY Exit Rd (10134),4,2,19,,,68466,19:01:06,,,68519,19:01:59,53,00:00:53,doors opened
07/12/2025,12,4232,Saturday,Saturday,East,15655894,67200,18:40:00,67572,18:46:12,2,7216,SUNY Collins Circle (07216),0,2,17,67920.0,18:52:00,68343,18:59:03,67920.0,18:52:00,68360,18:59:20,17,00:00:17,doors opened
07/12/2025,12,4232,Saturday,Saturday,East,15655894,67200,18:40:00,67572,18:46:12,1,12827,Crossgates Commons Station (12827),14,1,19,67620.0,18:47:00,68004,18:53:24,67620.0,18:47:00,68092,18:54:52,88,00:01:28,doors opened
07/12/2025,12,4232,Saturday,Saturday,East,15655894,67200,18:40:00,67572,18:46:12,0,7175,Crossgates Mall Station (07175),6,0,6,67200.0,18:40:00,67572,18:46:12,67200.0,18:40:00,67572,18:46:12,0,00:00:00,doors opened
07/12/2025,12,4232,Saturday,Saturday,East,15655894,67200,18:40:00,67572,18:46:12,24,3940,Broadway & Steuben St (03940),0,0,0,69360.0,19:16:00,69719,19:21:59,69360.0,19:16:00,69719,19:21:59,0,00:00:00,door not opened
07/12/2025,12,4232,Saturday,Saturday,East,15655894,67200,18:40:00,67572,18:46:12,23,2509,State/Downtown Station - State St & S. Pearl St (02509),0,1,0,69120.0,19:12:00,69589,19:19:49,69120.0,19:12:00,69648,19:20:48,59,00:00:59,doors opened
07/12/2025,12,4232,Saturday,Saturday,East,15655894,67200,18:40:00,67572,18:46:12,22,1787,State St & Eagle St (01787),0,0,1,,,69571,19:19:31,,,69571,19:19:31,0,00:00:00,door not opened
07/12/2025,12,4232,Saturday,Saturday,East,15655894,67200,18:40:00,67572,18:46:12,21,2706,Hawk/Capitol Station - Washington Ave & Hawk St (02706),0,0,1,,,69527,19:18:47,,,69527,19:18:47,0,00:00:00,door not opened
07/12/2025,12,4232,Saturday,Saturday,East,15655894,67200,18:40:00,67572,18:46:12,20,1789,Washington Ave & S. Swan St (01789),0,0,1,,,69503,19:18:23,,,69503,19:18:23,0,00:00:00,door not opened
07/12/2025,12,4232,Saturday,Saturday,East,15655894,67200,18:40:00,67572,18:46:12,19,1788,Washington Ave & Dove St (01788),0,0,1,,,69464,19:17:44,,,69464,19:17:44,0,00:00:00,door not opened
07/12/2025,12,4232,Saturday,Saturday,East,15655894,67200,18:40:00,67572,18:46:12,18,2663,Lark/Library Station - Washington Ave & Lark St (02663),0,1,1,68820.0,19:07:00,69422,19:17:02,68820.0,19:07:00,69437,19:17:17,15,00:00:15,doors opened
07/12/2025,12,4232,Saturday,Saturday,West,15655896,69600,19:20:00,69753,19:22:33,27,7175,Crossgates Mall Station (07175),0,1,0,71760.0,19:56:00,72083,20:01:23,71760.0,19:56:00,72083,20:01:23,0,00:00:00,doors opened
07/12/2025,12,4232,Saturday,Saturday,West,15655896,69600,19:20:00,69753,19:22:33,26,12828,Crossgates Commons Station (12828),0,5,1,71340.0,19:49:00,71833,19:57:13,71340.0,19:49:00,71859,19:57:39,26,00:00:26,doors opened
07/12/2025,12,4232,Saturday,Saturday,West,15655896,69600,19:20:00,69753,19:22:33,25,12891,1475 Washington Ave (12891),0,0,6,,,71677,19:54:37,,,71677,19:54:37,0,00:00:00,door not opened
07/12/2025,12,4232,Saturday,Saturday,West,15655896,69600,19:20:00,69753,19:22:33,24,7216,SUNY Collins Circle (07216),0,0,6,70980.0,19:43:00,71555,19:52:35,70980.0,19:43:00,71555,19:52:35,0,00:00:00,door not opened
07/12/2025,12,4232,Saturday,Saturday,West,15655896,69600,19:20:00,69753,19:22:33,23,3262,1383 Washington Ave (Fairfield Inn) (03262),0,3,6,,,71437,19:50:37,,,71459,19:50:59,22,00:00:22,doors opened
07/12/2025,12,4232,Saturday,Saturday,West,15655896,69600,19:20:00,69753,19:22:33,22,976,Washington Ave & Brevator St (00976),0,0,9,,,71327,19:48:47,,,71327,19:48:47,0,00:00:00,door not opened
07/12/2025,12,4232,Saturday,Saturday,West,15655896,69600,19:20:00,69753,19:22:33,21,1959,Washington Ave & Colvin Ave (01959),1,0,9,,,71255,19:47:35,,,71304,19:48:24,49,00:00:49,doors opened
07/12/2025,12,4232,Saturday,Saturday,West,15655896,69600,19:20:00,69753,19:22:33,20,3399,Washington Ave & Danker Ave (03399),0,0,8,,,71228,19:47:08,,,71228,19:47:08,0,00:00:00,door not opened
07/12/2025,12,4232,Saturday,Saturday,West,15655896,69600,19:20:00,69753,19:22:33,19,1849,Washington Ave & Homestead Ave (01849),1,0,8,,,71188,19:46:28,,,71204,19:46:44,16,00:00:16,doors opened
07/12/2025,12,4232,Saturday,Saturday,West,15655896,69600,19:20:00,69753,19:22:33,18,1846,Washington Ave & Manning Blvd (01846),0,0,7,,,71165,19:46:05,,,71165,19:46:05,0,00:00:00,door not opened
07/12/2025,12,4232,Saturday,Saturday,West,15655896,69600,19:20:00,69753,19:22:33,17,3287,Washington Ave & N. Allen St (03287),2,3,7,70620.0,19:37:00,71082,19:44:42,70620.0,19:37:00,71130,19:45:30,48,00:00:48,doors opened
07/12/2025,12,4232,Saturday,Saturday,West,15655896,69600,19:20:00,69753,19:22:33,16,3264,Washington Ave & N. Main Ave (03264),0,0,8,,,71045,19:44:05,,,71045,19:44:05,0,00:00:00,door not opened
07/12/2025,12,4232,Saturday,Saturday,West,15655896,69600,19:20:00,69753,19:22:33,15,1839,Washington Ave & Partridge St (01839),0,0,8,,,70982,19:43:02,,,70982,19:43:02,0,00:00:00,door not opened
07/12/2025,12,4232,Saturday,Saturday,West,15655896,69600,19:20:00,69753,19:22:33,14,1841,Washington Ave & Ontario St (01841),0,0,8,70440.0,19:34:00,70961,19:42:41,70440.0,19:34:00,70961,19:42:41,0,00:00:00,door not opened
07/12/2025,12,4232,Saturday,Saturday,West,15655896,69600,19:20:00,69753,19:22:33,13,1842,Washington Ave & Quail St (01842),3,0,8,,,70901,19:41:41,,,70937,19:42:17,36,00:00:36,doors opened
07/12/2025,12,4232,Saturday,Saturday,West,15655896,69600,19:20:00,69753,19:22:33,12,1837,Washington Ave & N. Lake Ave (01837),0,0,5,,,70874,19:41:14,,,70874,19:41:14,0,00:00:00,door not opened
07/12/2025,12,4232,Saturday,Saturday,West,15655896,69600,19:20:00,69753,19:22:33,11,1843,Washington Ave & Robin St (01843),2,0,5,,,70804,19:40:04,,,70845,19:40:45,41,00:00:41,doors opened
07/12/2025,12,4232,Saturday,Saturday,West,15655896,69600,19:20:00,69753,19:22:33,10,12943,Washington Ave & Lexington Ave (12943),1,0,3,,,70742,19:39:02,,,70755,19:39:15,13,00:00:13,doors opened
07/12/2025,12,4232,Saturday,Saturday,West,15655896,69600,19:20:00,69753,19:22:33,9,12942,Washington Ave & Henry Johnson Blvd (12942),0,1,2,,,70683,19:38:03,,,70692,19:38:12,9,00:00:09,doors opened
07/12/2025,12,4232,Saturday,Saturday,West,15655896,69600,19:20:00,69753,19:22:33,8,3239,Lark/Library Station - Washington Ave & Lark St (03239),0,3,3,70080.0,19:28:00,70558,19:35:58,70080.0,19:28:00,70581,19:36:21,23,00:00:23,doors opened
07/12/2025,12,4232,Saturday,Saturday,West,15655896,69600,19:20:00,69753,19:22:33,7,3301,Washington Ave & S. Swan St (03301),0,0,6,,,70487,19:34:47,,,70487,19:34:47,0,00:00:00,door not opened
07/12/2025,12,4232,Saturday,Saturday,West,15655896,69600,19:20:00,69753,19:22:33,6,3250,Hawk/Capitol Station - Washington Ave & Hawk St (03250),0,0,6,,,70464,19:34:24,,,70464,19:34:24,0,00:00:00,door not opened
07/12/2025,12,4232,Saturday,Saturday,West,15655896,69600,19:20:00,69753,19:22:33,5,10087,State St & Eagle St (10087),0,0,6,,,70439,19:33:59,,,70439,19:33:59,0,00:00:00,door not opened
07/12/2025,12,4232,Saturday,Saturday,West,15655896,69600,19:20:00,69753,19:22:33,4,2665,State/Downtown Station - State St & Lodge St (02665),3,0,6,69840.0,19:24:00,70288,19:31:28,69840.0,19:24:00,70333,19:32:13,45,00:00:45,doors opened
07/12/2025,12,4232,Saturday,Saturday,West,15655896,69600,19:20:00,69753,19:22:33,3,3221,State Station - N. Pearl St & Ten Eyck Plaza (03221),1,0,3,,,70239,19:30:39,,,70253,19:30:53,14,00:00:14,doors opened
07/12/2025,12,4232,Saturday,Saturday,West,15655896,69600,19:20:00,69753,19:22:33,2,3233,N. Pearl St & Sheridan Ave (03233),0,0,2,,,70205,19:30:05,,,70205,19:30:05,0,00:00:00,door not opened
07/12/2025,12,4232,Saturday,Saturday,West,15655896,69600,19:20:00,69753,19:22:33,1,2168,Clinton Square Station - N. Pearl St & Clinton Ave (02168),1,0,2,,,70116,19:28:36,,,70169,19:29:29,53,00:00:53,doors opened
07/12/2025,12,4232,Saturday,Saturday,West,15655896,69600,19:20:00,69753,19:22:33,0,9018,Broadway & Orange St (09018),2,1,1,69600.0,19:20:00,69753,19:22:33,69600.0,19:20:00,69753,19:22:33,0,00:00:00,door not opened
07/12/2025,12,4246,Saturday,Saturday,East,15655490,64800,18:00:00,65027,18:03:47,24,3940,Broadway & Steuben St (03940),0,0,0,66960.0,18:36:00,67342,18:42:22,66960.0,18:36:00,67342,18:42:22,0,00:00:00,door not opened
07/12/2025,12,4246,Saturday,Saturday,East,15655490,64800,18:00:00,65027,18:03:47,23,2509,State/Downtown Station - State St & S. Pearl St (02509),0,8,0,66720.0,18:32:00,67217,18:40:17,66720.0,18:32:00,67273,18:41:13,56,00:00:56,doors opened
07/12/2025,12,4246,Saturday,Saturday,East,15655490,64800,18:00:00,65027,18:03:47,22,1787,State St & Eagle St (01787),0,0,8,,,67202,18:40:02,,,67202,18:40:02,0,00:00:00,door not opened
07/12/2025,12,4246,Saturday,Saturday,East,15655490,64800,18:00:00,65027,18:03:47,21,2706,Hawk/Capitol Station - Washington Ave & Hawk St (02706),0,0,8,,,67141,18:39:01,,,67141,18:39:01,0,00:00:00,door not opened
07/12/2025,12,4246,Saturday,Saturday,East,15655490,64800,18:00:00,65027,18:03:47,20,1789,Washington Ave & S. Swan St (01789),0,2,8,,,67097,18:38:17,,,67115,18:38:35,18,00:00:18,doors opened
07/12/2025,12,4246,Saturday,Saturday,East,15655490,64800,18:00:00,65027,18:03:47,19,1788,Washington Ave & Dove St (01788),0,0,10,,,67075,18:37:55,,,67075,18:37:55,0,00:00:00,door not opened
07/12/2025,12,4246,Saturday,Saturday,East,15655490,64800,18:00:00,65027,18:03:47,18,2663,Lark/Library Station - Washington Ave & Lark St (02663),0,1,10,66420.0,18:27:00,66995,18:36:35,66420.0,18:27:00,67052,18:37:32,57,00:00:57,doors opened
07/12/2025,12,4246,Saturday,Saturday,East,15655490,64800,18:00:00,65027,18:03:47,17,263,Washington Ave & Henry Johnson Blvd (00263),0,0,11,,,66900,18:35:00,,,66949,18:35:49,49,00:00:49,doors opened
07/12/2025,12,4246,Saturday,Saturday,East,15655490,64800,18:00:00,65027,18:03:47,16,2096,Washington Ave & Lexington Ave (02096),0,2,11,,,66775,18:32:55,,,66865,18:34:25,90,00:01:30,doors opened
07/12/2025,12,4246,Saturday,Saturday,East,15655490,64800,18:00:00,65027,18:03:47,15,3253,Washington Ave & Robin St (Draper Hall) (03253),0,4,13,,,66715,18:31:55,,,66754,18:32:34,39,00:00:39,doors opened
07/12/2025,12,4246,Saturday,Saturday,East,15655490,64800,18:00:00,65027,18:03:47,14,2109,Washington Ave & N. Lake Ave (02109),0,7,17,,,66626,18:30:26,,,66688,18:31:28,62,00:01:02,doors opened
07/12/2025,12,4246,Saturday,Saturday,East,15655490,64800,18:00:00,65027,18:03:47,13,3255,Washington Ave & Quail St (03255),0,5,24,,,66555,18:29:15,,,66596,18:29:56,41,00:00:41,doors opened
07/12/2025,12,4246,Saturday,Saturday,East,15655490,64800,18:00:00,65027,18:03:47,12,3256,Washington Ave & Ontario St (03256),0,0,29,66060.0,18:21:00,66537,18:28:57,66060.0,18:21:00,66537,18:28:57,0,00:00:00,door not opened
07/12/2025,12,4246,Saturday,Saturday,East,15655490,64800,18:00:00,65027,18:03:47,11,2107,Washington Ave & Partridge St (02107),0,0,29,,,66515,18:28:35,,,66515,18:28:35,0,00:00:00,door not opened
07/12/2025,12,4246,Saturday,Saturday,East,15655490,64800,18:00:00,65027,18:03:47,10,3257,Washington Ave & N. Main Ave (03257),0,0,29,,,66380,18:26:20,,,66405,18:26:45,25,00:00:25,door not opened
07/12/2025,12,4246,Saturday,Saturday,East,15655490,64800,18:00:00,65027,18:03:47,9,1796,Washington Ave & N. Allen St (01796),0,1,29,65940.0,18:19:00,66322,18:25:22,65940.0,18:19:00,66339,18:25:39,17,00:00:17,doors opened
07/12/2025,12,4246,Saturday,Saturday,East,15655490,64800,18:00:00,65027,18:03:47,8,11581,Washington Ave & Manning Blvd (11581),0,0,30,,,66290,18:24:50,,,66290,18:24:50,0,00:00:00,door not opened
07/12/2025,12,4246,Saturday,Saturday,East,15655490,64800,18:00:00,65027,18:03:47,7,2180,Washington Ave & Homestead Ave (02180),0,0,30,,,66266,18:24:26,,,66266,18:24:26,0,00:00:00,door not opened
07/12/2025,12,4246,Saturday,Saturday,East,15655490,64800,18:00:00,65027,18:03:47,6,2182,Washington Ave & Hawthorne St (02182),0,0,30,,,66243,18:24:03,,,66243,18:24:03,0,00:00:00,door not opened
07/12/2025,12,4246,Saturday,Saturday,East,15655490,64800,18:00:00,65027,18:03:47,5,3304,Washington Ave & Clermont St (03304),0,0,30,,,66220,18:23:40,,,66220,18:23:40,0,00:00:00,door not opened
07/12/2025,12,4246,Saturday,Saturday,East,15655490,64800,18:00:00,65027,18:03:47,4,3348,Washington Ave & Brevator St (03348),0,1,30,,,66160,18:22:40,,,66199,18:23:19,39,00:00:39,doors opened
07/12/2025,12,4246,Saturday,Saturday,East,15655490,64800,18:00:00,65027,18:03:47,3,10134,Washington Ave & SUNY Exit Rd (10134),0,5,31,,,66000,18:20:00,,,66038,18:20:38,38,00:00:38,doors opened
07/12/2025,12,4246,Saturday,Saturday,East,15655490,64800,18:00:00,65027,18:03:47,2,7216,SUNY Collins Circle (07216),3,1,36,65520.0,18:12:00,65806,18:16:46,65520.0,18:12:00,65834,18:17:14,28,00:00:28,doors opened
07/12/2025,12,4246,Saturday,Saturday,East,15655490,64800,18:00:00,65027,18:03:47,1,12827,Crossgates Commons Station (12827),17,0,34,65220.0,18:07:00,65341,18:09:01,65220.0,18:07:00,65523,18:12:03,182,00:03:02,doors opened
07/12/2025,12,4246,Saturday,Saturday,East,15655490,64800,18:00:00,65027,18:03:47,0,7175,Crossgates Mall Station (07175),17,0,17,64800.0,18:00:00,65027,18:03:47,64800.0,18:00:00,65027,18:03:47,0,00:00:00,doors opened
07/12/2025,12,4246,Saturday,Saturday,West,15655492,67200,18:40:00,67402,18:43:22,27,7175,Crossgates Mall Station (07175),0,13,0,69360.0,19:16:00,69774,19:22:54,69360.0,19:16:00,69774,19:22:54,0,00:00:00,doors opened
07/12/2025,12,4246,Saturday,Saturday,West,15655492,67200,18:40:00,67402,18:43:22,26,12828,Crossgates Commons Station (12828),4,16,13,68940.0,19:09:00,69481,19:18:01,68940.0,19:09:00,69539,19:18:59,58,00:00:58,doors opened
07/12/2025,12,4246,Saturday,Saturday,West,15655492,67200,18:40:00,67402,18:43:22,25,12891,1475 Washington Ave (12891),1,0,25,,,69292,19:14:52,,,69308,19:15:08,16,00:00:16,doors opened
07/12/2025,12,4246,Saturday,Saturday,West,15655492,67200,18:40:00,67402,18:43:22,24,7216,SUNY Collins Circle (07216),2,0,24,68580.0,19:03:00,69137,19:12:17,68580.0,19:03:00,69156,19:12:36,19,00:00:19,doors opened
07/12/2025,12,4246,Saturday,Saturday,West,15655492,67200,18:40:00,67402,18:43:22,23,3262,1383 Washington Ave (Fairfield Inn) (03262),1,3,22,,,68999,19:09:59,,,69029,19:10:29,30,00:00:30,doors opened
07/12/2025,12,4246,Saturday,Saturday,West,15655492,67200,18:40:00,67402,18:43:22,22,976,Washington Ave & Brevator St (00976),1,0,24,,,68864,19:07:44,,,68879,19:07:59,15,00:00:15,doors opened
07/12/2025,12,4246,Saturday,Saturday,West,15655492,67200,18:40:00,67402,18:43:22,21,1959,Washington Ave & Colvin Ave (01959),2,0,23,,,68771,19:06:11,,,68834,19:07:14,63,00:01:03,doors opened
07/12/2025,12,4246,Saturday,Saturday,West,15655492,67200,18:40:00,67402,18:43:22,20,3399,Washington Ave & Danker Ave (03399),0,0,21,,,68742,19:05:42,,,68742,19:05:42,0,00:00:00,door not opened
07/12/2025,12,4246,Saturday,Saturday,West,15655492,67200,18:40:00,67402,18:43:22,19,1849,Washington Ave & Homestead Ave (01849),0,0,21,,,68726,19:05:26,,,68726,19:05:26,0,00:00:00,door not opened
07/12/2025,12,4246,Saturday,Saturday,West,15655492,67200,18:40:00,67402,18:43:22,18,1846,Washington Ave & Manning Blvd (01846),0,0,21,,,68701,19:05:01,,,68701,19:05:01,0,00:00:00,door not opened
07/12/2025,12,4246,Saturday,Saturday,West,15655492,67200,18:40:00,67402,18:43:22,17,3287,Washington Ave & N. Allen St (03287),3,4,21,68220.0,18:57:00,68630,19:03:50,68220.0,18:57:00,68673,19:04:33,43,00:00:43,doors opened
07/12/2025,12,4246,Saturday,Saturday,West,15655492,67200,18:40:00,67402,18:43:22,16,3264,Washington Ave & N. Main Ave (03264),0,1,22,,,68567,19:02:47,,,68585,19:03:05,18,00:00:18,doors opened
07/12/2025,12,4246,Saturday,Saturday,West,15655492,67200,18:40:00,67402,18:43:22,15,1839,Washington Ave & Partridge St (01839),0,0,23,,,68467,19:01:07,,,68467,19:01:07,0,00:00:00,door not opened
07/12/2025,12,4246,Saturday,Saturday,West,15655492,67200,18:40:00,67402,18:43:22,14,1841,Washington Ave & Ontario St (01841),2,0,23,68040.0,18:54:00,68419,19:00:19,68040.0,18:54:00,68440,19:00:40,21,00:00:21,doors opened
07/12/2025,12,4246,Saturday,Saturday,West,15655492,67200,18:40:00,67402,18:43:22,13,1842,Washington Ave & Quail St (01842),8,1,21,,,68335,18:58:55,,,68394,18:59:54,59,00:00:59,doors opened
07/12/2025,12,4246,Saturday,Saturday,West,15655492,67200,18:40:00,67402,18:43:22,12,1837,Washington Ave & N. Lake Ave (01837),0,0,14,,,68270,18:57:50,,,68303,18:58:23,33,00:00:33,door not opened
07/12/2025,12,4246,Saturday,Saturday,West,15655492,67200,18:40:00,67402,18:43:22,11,1843,Washington Ave & Robin St (01843),2,0,14,,,68203,18:56:43,,,68240,18:57:20,37,00:00:37,doors opened
07/12/2025,12,4246,Saturday,Saturday,West,15655492,67200,18:40:00,67402,18:43:22,10,12943,Washington Ave & Lexington Ave (12943),0,2,12,,,68126,18:55:26,,,68172,18:56:12,46,00:00:46,doors opened
07/12/2025,12,4246,Saturday,Saturday,West,15655492,67200,18:40:00,67402,18:43:22,9,12942,Washington Ave & Henry Johnson Blvd (12942),2,0,14,,,67980,18:53:00,,,68063,18:54:23,83,00:01:23,doors opened
07/12/2025,12,4246,Saturday,Saturday,West,15655492,67200,18:40:00,67402,18:43:22,8,3239,Lark/Library Station - Washington Ave & Lark St (03239),0,0,12,67680.0,18:48:00,67946,18:52:26,67680.0,18:48:00,67946,18:52:26,0,00:00:00,door not opened
07/12/2025,12,4246,Saturday,Saturday,West,15655492,67200,18:40:00,67402,18:43:22,7,3301,Washington Ave & S. Swan St (03301),0,0,12,,,67895,18:51:35,,,67907,18:51:47,12,00:00:12,door not opened
07/12/2025,12,4246,Saturday,Saturday,West,15655492,67200,18:40:00,67402,18:43:22,6,3250,Hawk/Capitol Station - Washington Ave & Hawk St (03250),0,0,12,,,67871,18:51:11,,,67871,18:51:11,0,00:00:00,door not opened
07/12/2025,12,4246,Saturday,Saturday,West,15655492,67200,18:40:00,67402,18:43:22,5,10087,State St & Eagle St (10087),0,0,12,,,67842,18:50:42,,,67842,18:50:42,0,00:00:00,door not opened
07/12/2025,12,4246,Saturday,Saturday,West,15655492,67200,18:40:00,67402,18:43:22,4,2665,State/Downtown Station - State St & Lodge St (02665),7,0,12,67440.0,18:44:00,67730,18:48:50,67440.0,18:44:00,67773,18:49:33,43,00:00:43,doors opened
07/12/2025,12,4246,Saturday,Saturday,West,15655492,67200,18:40:00,67402,18:43:22,3,3221,State Station - N. Pearl St & Ten Eyck Plaza (03221),4,0,5,,,67615,18:46:55,,,67708,18:48:28,93,00:01:33,doors opened
07/12/2025,12,4246,Saturday,Saturday,West,15655492,67200,18:40:00,67402,18:43:22,2,3233,N. Pearl St & Sheridan Ave (03233),1,0,1,,,67520,18:45:20,,,67533,18:45:33,13,00:00:13,doors opened
07/12/2025,12,4246,Saturday,Saturday,West,15655492,67200,18:40:00,67402,18:43:22,1,2168,Clinton Square Station - N. Pearl St & Clinton Ave (02168),0,0,0,,,67480,18:44:40,,,67480,18:44:40,0,00:00:00,door not opened
07/12/2025,12,4246,Saturday,Saturday,West,15655492,67200,18:40:00,67402,18:43:22,0,9018,Broadway & Orange St (09018),0,0,0,67200.0,18:40:00,67402,18:43:22,67200.0,18:40:00,67402,18:43:22,0,00:00:00,door not opened
07/12/2025,12,4247,Saturday,Saturday,East,15655113,60000,16:40:00,60044,16:40:44,24,3940,Broadway & Steuben St (03940),0,1,0,62160.0,17:16:00,62191,17:16:31,62160.0,17:16:00,62191,17:16:31,0,00:00:00,door not opened
07/12/2025,12,4247,Saturday,Saturday,East,15655113,60000,16:40:00,60044,16:40:44,23,2509,State/Downtown Station - State St & S. Pearl St (02509),0,5,1,61920.0,17:12:00,62024,17:13:44,61920.0,17:12:00,62083,17:14:43,59,00:00:59,doors opened
07/12/2025,12,4247,Saturday,Saturday,East,15655113,60000,16:40:00,60044,16:40:44,22,1787,State St & Eagle St (01787),0,0,6,,,62013,17:13:33,,,62013,17:13:33,0,00:00:00,door not opened
07/12/2025,12,4247,Saturday,Saturday,East,15655113,60000,16:40:00,60044,16:40:44,21,2706,Hawk/Capitol Station - Washington Ave & Hawk St (02706),0,0,6,,,61964,17:12:44,,,61974,17:12:54,10,00:00:10,door not opened
07/12/2025,12,4247,Saturday,Saturday,East,15655113,60000,16:40:00,60044,16:40:44,20,1789,Washington Ave & S. Swan St (01789),0,0,6,,,61939,17:12:19,,,61939,17:12:19,0,00:00:00,door not opened
07/12/2025,12,4247,Saturday,Saturday,East,15655113,60000,16:40:00,60044,16:40:44,19,1788,Washington Ave & Dove St (01788),0,0,6,,,61917,17:11:57,,,61917,17:11:57,0,00:00:00,door not opened
07/12/2025,12,4247,Saturday,Saturday,East,15655113,60000,16:40:00,60044,16:40:44,18,2663,Lark/Library Station - Washington Ave & Lark St (02663),1,1,6,61620.0,17:07:00,61827,17:10:27,61620.0,17:07:00,61887,17:11:27,60,00:01:00,doors opened
07/12/2025,12,4247,Saturday,Saturday,East,15655113,60000,16:40:00,60044,16:40:44,17,263,Washington Ave & Henry Johnson Blvd (00263),0,1,6,,,61720,17:08:40,,,61786,17:09:46,66,00:01:06,doors opened
07/12/2025,12,4247,Saturday,Saturday,East,15655113,60000,16:40:00,60044,16:40:44,16,2096,Washington Ave & Lexington Ave (02096),0,0,7,,,61674,17:07:54,,,61691,17:08:11,17,00:00:17,door not opened
07/12/2025,12,4247,Saturday,Saturday,East,15655113,60000,16:40:00,60044,16:40:44,15,3253,Washington Ave & Robin St (Draper Hall) (03253),0,1,7,,,61601,17:06:41,,,61652,17:07:32,51,00:00:51,doors opened
07/12/2025,12,4247,Saturday,Saturday,East,15655113,60000,16:40:00,60044,16:40:44,14,2109,Washington Ave & N. Lake Ave (02109),0,0,8,,,61582,17:06:22,,,61582,17:06:22,0,00:00:00,door not opened
07/12/2025,12,4247,Saturday,Saturday,East,15655113,60000,16:40:00,60044,16:40:44,13,3255,Washington Ave & Quail St (03255),0,4,8,,,61505,17:05:05,,,61552,17:05:52,47,00:00:47,doors opened
07/12/2025,12,4247,Saturday,Saturday,East,15655113,60000,16:40:00,60044,16:40:44,12,3256,Washington Ave & Ontario St (03256),0,0,12,61260.0,17:01:00,61488,17:04:48,61260.0,17:01:00,61488,17:04:48,0,00:00:00,door not opened
07/12/2025,12,4247,Saturday,Saturday,East,15655113,60000,16:40:00,60044,16:40:44,11,2107,Washington Ave & Partridge St (02107),0,0,12,,,61470,17:04:30,,,61470,17:04:30,0,00:00:00,door not opened
07/12/2025,12,4247,Saturday,Saturday,East,15655113,60000,16:40:00,60044,16:40:44,10,3257,Washington Ave & N. Main Ave (03257),0,1,12,,,61389,17:03:09,,,61422,17:03:42,33,00:00:33,doors opened
07/12/2025,12,4247,Saturday,Saturday,East,15655113,60000,16:40:00,60044,16:40:44,9,1796,Washington Ave & N. Allen St (01796),0,3,13,61140.0,16:59:00,61335,17:02:15,61140.0,16:59:00,61354,17:02:34,19,00:00:19,doors opened
07/12/2025,12,4247,Saturday,Saturday,East,15655113,60000,16:40:00,60044,16:40:44,8,11581,Washington Ave & Manning Blvd (11581),0,2,16,,,61291,17:01:31,,,61304,17:01:44,13,00:00:13,doors opened
07/12/2025,12,4247,Saturday,Saturday,East,15655113,60000,16:40:00,60044,16:40:44,7,2180,Washington Ave & Homestead Ave (02180),0,1,18,,,61231,17:00:31,,,61264,17:01:04,33,00:00:33,doors opened
07/12/2025,12,4247,Saturday,Saturday,East,15655113,60000,16:40:00,60044,16:40:44,6,2182,Washington Ave & Hawthorne St (02182),0,0,19,,,61210,17:00:10,,,61210,17:00:10,0,00:00:00,door not opened
07/12/2025,12,4247,Saturday,Saturday,East,15655113,60000,16:40:00,60044,16:40:44,5,3304,Washington Ave & Clermont St (03304),0,0,19,,,61196,16:59:56,,,61196,16:59:56,0,00:00:00,door not opened
07/12/2025,12,4247,Saturday,Saturday,East,15655113,60000,16:40:00,60044,16:40:44,4,3348,Washington Ave & Brevator St (03348),0,0,19,,,61180,16:59:40,,,61180,16:59:40,0,00:00:00,door not opened
07/12/2025,12,4247,Saturday,Saturday,East,15655113,60000,16:40:00,60044,16:40:44,3,10134,Washington Ave & SUNY Exit Rd (10134),2,1,19,,,61026,16:57:06,,,61057,16:57:37,31,00:00:31,doors opened
07/12/2025,12,4247,Saturday,Saturday,East,15655113,60000,16:40:00,60044,16:40:44,2,7216,SUNY Collins Circle (07216),3,31,18,60720.0,16:52:00,60858,16:54:18,60720.0,16:52:00,60919,16:55:19,61,00:01:01,doors opened
07/12/2025,12,4247,Saturday,Saturday,East,15655113,60000,16:40:00,60044,16:40:44,1,12827,Crossgates Commons Station (12827),36,3,46,60420.0,16:47:00,60409,16:46:49,60420.0,16:47:00,60594,16:49:54,185,00:03:05,doors opened
07/12/2025,12,4247,Saturday,Saturday,East,15655113,60000,16:40:00,60044,16:40:44,0,7175,Crossgates Mall Station (07175),13,0,13,60000.0,16:40:00,60044,16:40:44,60000.0,16:40:00,60044,16:40:44,0,00:00:00,doors opened
07/12/2025,12,4247,Saturday,Saturday,West,15655115,62400,17:20:00,62804,17:26:44,27,7175,Crossgates Mall Station (07175),0,8,0,64620.0,17:57:00,65076,18:04:36,64620.0,17:57:00,65076,18:04:36,0,00:00:00,doors opened
07/12/2025,12,4247,Saturday,Saturday,West,15655115,62400,17:20:00,62804,17:26:44,26,12828,Crossgates Commons Station (12828),0,11,8,64200.0,17:50:00,64820,18:00:20,64200.0,17:50:00,64847,18:00:47,27,00:00:27,doors opened
07/12/2025,12,4247,Saturday,Saturday,West,15655115,62400,17:20:00,62804,17:26:44,25,12891,1475 Washington Ave (12891),0,0,19,,,64642,17:57:22,,,64642,17:57:22,0,00:00:00,door not opened
07/12/2025,12,4247,Saturday,Saturday,West,15655115,62400,17:20:00,62804,17:26:44,24,7216,SUNY Collins Circle (07216),0,3,19,63840.0,17:44:00,64410,17:53:30,63840.0,17:44:00,64427,17:53:47,17,00:00:17,doors opened
07/12/2025,12,4247,Saturday,Saturday,West,15655115,62400,17:20:00,62804,17:26:44,23,3262,1383 Washington Ave (Fairfield Inn) (03262),1,0,22,,,64313,17:51:53,,,64335,17:52:15,22,00:00:22,doors opened
07/12/2025,12,4247,Saturday,Saturday,West,15655115,62400,17:20:00,62804,17:26:44,22,976,Washington Ave & Brevator St (00976),0,0,21,,,64224,17:50:24,,,64224,17:50:24,0,00:00:00,door not opened
07/12/2025,12,4247,Saturday,Saturday,West,15655115,62400,17:20:00,62804,17:26:44,21,1959,Washington Ave & Colvin Ave (01959),0,2,21,,,64138,17:48:58,,,64191,17:49:51,53,00:00:53,doors opened
07/12/2025,12,4247,Saturday,Saturday,West,15655115,62400,17:20:00,62804,17:26:44,20,3399,Washington Ave & Danker Ave (03399),0,0,23,,,64117,17:48:37,,,64117,17:48:37,0,00:00:00,door not opened
07/12/2025,12,4247,Saturday,Saturday,West,15655115,62400,17:20:00,62804,17:26:44,19,1849,Washington Ave & Homestead Ave (01849),0,0,23,,,64100,17:48:20,,,64100,17:48:20,0,00:00:00,door not opened
07/12/2025,12,4247,Saturday,Saturday,West,15655115,62400,17:20:00,62804,17:26:44,18,1846,Washington Ave & Manning Blvd (01846),3,1,23,,,64028,17:47:08,,,64078,17:47:58,50,00:00:50,doors opened
07/12/2025,12,4247,Saturday,Saturday,West,15655115,62400,17:20:00,62804,17:26:44,17,3287,Washington Ave & N. Allen St (03287),2,3,21,63480.0,17:38:00,63978,17:46:18,63480.0,17:38:00,64000,17:46:40,22,00:00:22,doors opened
07/12/2025,12,4247,Saturday,Saturday,West,15655115,62400,17:20:00,62804,17:26:44,16,3264,Washington Ave & N. Main Ave (03264),0,0,22,,,63954,17:45:54,,,63954,17:45:54,0,00:00:00,door not opened
07/12/2025,12,4247,Saturday,Saturday,West,15655115,62400,17:20:00,62804,17:26:44,15,1839,Washington Ave & Partridge St (01839),2,1,22,,,63853,17:44:13,,,63885,17:44:45,32,00:00:32,doors opened
07/12/2025,12,4247,Saturday,Saturday,West,15655115,62400,17:20:00,62804,17:26:44,14,1841,Washington Ave & Ontario St (01841),4,0,21,63240.0,17:34:00,63806,17:43:26,63240.0,17:34:00,63832,17:43:52,26,00:00:26,doors opened
07/12/2025,12,4247,Saturday,Saturday,West,15655115,62400,17:20:00,62804,17:26:44,13,1842,Washington Ave & Quail St (01842),10,0,17,,,63708,17:41:48,,,63771,17:42:51,63,00:01:03,doors opened
07/12/2025,12,4247,Saturday,Saturday,West,15655115,62400,17:20:00,62804,17:26:44,12,1837,Washington Ave & N. Lake Ave (01837),2,5,7,,,63653,17:40:53,,,63682,17:41:22,29,00:00:29,doors opened
07/12/2025,12,4247,Saturday,Saturday,West,15655115,62400,17:20:00,62804,17:26:44,11,1843,Washington Ave & Robin St (01843),0,0,10,,,63634,17:40:34,,,63634,17:40:34,0,00:00:00,door not opened
07/12/2025,12,4247,Saturday,Saturday,West,15655115,62400,17:20:00,62804,17:26:44,10,12943,Washington Ave & Lexington Ave (12943),1,0,10,,,63565,17:39:25,,,63609,17:40:09,44,00:00:44,doors opened
07/12/2025,12,4247,Saturday,Saturday,West,15655115,62400,17:20:00,62804,17:26:44,9,12942,Washington Ave & Henry Johnson Blvd (12942),0,2,9,,,63481,17:38:01,,,63505,17:38:25,24,00:00:24,doors opened
07/12/2025,12,4247,Saturday,Saturday,West,15655115,62400,17:20:00,62804,17:26:44,8,3239,Lark/Library Station - Washington Ave & Lark St (03239),0,3,11,62880.0,17:28:00,63398,17:36:38,62880.0,17:28:00,63428,17:37:08,30,00:00:30,doors opened
07/12/2025,12,4247,Saturday,Saturday,West,15655115,62400,17:20:00,62804,17:26:44,7,3301,Washington Ave & S. Swan St (03301),0,0,14,,,63372,17:36:12,,,63372,17:36:12,0,00:00:00,door not opened
07/12/2025,12,4247,Saturday,Saturday,West,15655115,62400,17:20:00,62804,17:26:44,6,3250,Hawk/Capitol Station - Washington Ave & Hawk St (03250),5,0,14,,,63307,17:35:07,,,63349,17:35:49,42,00:00:42,doors opened
07/12/2025,12,4247,Saturday,Saturday,West,15655115,62400,17:20:00,62804,17:26:44,5,10087,State St & Eagle St (10087),0,0,9,,,63283,17:34:43,,,63283,17:34:43,0,00:00:00,door not opened
07/12/2025,12,4247,Saturday,Saturday,West,15655115,62400,17:20:00,62804,17:26:44,4,2665,State/Downtown Station - State St & Lodge St (02665),3,0,9,62640.0,17:24:00,63168,17:32:48,62640.0,17:24:00,63191,17:33:11,23,00:00:23,doors opened
07/12/2025,12,4247,Saturday,Saturday,West,15655115,62400,17:20:00,62804,17:26:44,3,3221,State Station - N. Pearl St & Ten Eyck Plaza (03221),4,0,6,,,63014,17:30:14,,,63145,17:32:25,131,00:02:11,doors opened
07/12/2025,12,4247,Saturday,Saturday,West,15655115,62400,17:20:00,62804,17:26:44,2,3233,N. Pearl St & Sheridan Ave (03233),0,0,2,,,62965,17:29:25,,,62965,17:29:25,0,00:00:00,door not opened
07/12/2025,12,4247,Saturday,Saturday,West,15655115,62400,17:20:00,62804,17:26:44,1,2168,Clinton Square Station - N. Pearl St & Clinton Ave (02168),2,0,2,,,62921,17:28:41,,,62948,17:29:08,27,00:00:27,doors opened
07/12/2025,12,4247,Saturday,Saturday,West,15655115,62400,17:20:00,62804,17:26:44,0,9018,Broadway & Orange St (09018),0,0,0,62400.0,17:20:00,62804,17:26:44,62400.0,17:20:00,62804,17:26:44,0,00:00:00,door not opened
07/12/2025,12,4252,Saturday,Saturday,East,15656633,72000,20:00:00,72542,20:09:02,0,7175,Crossgates Mall Station (07175),17,0,17,72000.0,20:00:00,72542,20:09:02,72000.0,20:00:00,72542,20:09:02,0,00:00:00,doors opened
07/12/2025,12,4252,Saturday,Saturday,East,15656633,72000,20:00:00,72542,20:09:02,24,3940,Broadway & Steuben St (03940),0,0,0,74100.0,20:35:00,74520,20:42:00,74100.0,20:35:00,74520,20:42:00,0,00:00:00,door not opened
07/12/2025,12,4252,Saturday,Saturday,East,15656633,72000,20:00:00,72542,20:09:02,23,2509,State/Downtown Station - State St & S. Pearl St (02509),1,5,0,73860.0,20:31:00,74380,20:39:40,73860.0,20:31:00,74407,20:40:07,27,00:00:27,doors opened
07/12/2025,12,4252,Saturday,Saturday,East,15656633,72000,20:00:00,72542,20:09:02,22,1787,State St & Eagle St (01787),0,0,4,,,74362,20:39:22,,,74362,20:39:22,0,00:00:00,door not opened
07/12/2025,12,4252,Saturday,Saturday,East,15656633,72000,20:00:00,72542,20:09:02,21,2706,Hawk/Capitol Station - Washington Ave & Hawk St (02706),0,0,4,,,74286,20:38:06,,,74286,20:38:06,0,00:00:00,door not opened
07/12/2025,12,4252,Saturday,Saturday,East,15656633,72000,20:00:00,72542,20:09:02,20,1789,Washington Ave & S. Swan St (01789),0,1,4,,,74249,20:37:29,,,74266,20:37:46,17,00:00:17,doors opened
07/12/2025,12,4252,Saturday,Saturday,East,15656633,72000,20:00:00,72542,20:09:02,19,1788,Washington Ave & Dove St (01788),0,1,5,,,74210,20:36:50,,,74223,20:37:03,13,00:00:13,doors opened
07/12/2025,12,4252,Saturday,Saturday,East,15656633,72000,20:00:00,72542,20:09:02,18,2663,Lark/Library Station - Washington Ave & Lark St (02663),1,0,6,73620.0,20:27:00,74078,20:34:38,73620.0,20:27:00,74177,20:36:17,99,00:01:39,doors opened
07/12/2025,12,4252,Saturday,Saturday,East,15656633,72000,20:00:00,72542,20:09:02,17,263,Washington Ave & Henry Johnson Blvd (00263),0,1,5,,,74033,20:33:53,,,74046,20:34:06,13,00:00:13,doors opened
07/12/2025,12,4252,Saturday,Saturday,East,15656633,72000,20:00:00,72542,20:09:02,16,2096,Washington Ave & Lexington Ave (02096),0,0,6,,,73990,20:33:10,,,73990,20:33:10,0,00:00:00,door not opened
07/12/2025,12,4252,Saturday,Saturday,East,15656633,72000,20:00:00,72542,20:09:02,15,3253,Washington Ave & Robin St (Draper Hall) (03253),0,0,6,,,73968,20:32:48,,,73968,20:32:48,0,00:00:00,door not opened
07/12/2025,12,4252,Saturday,Saturday,East,15656633,72000,20:00:00,72542,20:09:02,14,2109,Washington Ave & N. Lake Ave (02109),1,4,6,,,73908,20:31:48,,,73933,20:32:13,25,00:00:25,doors opened
07/12/2025,12,4252,Saturday,Saturday,East,15656633,72000,20:00:00,72542,20:09:02,13,3255,Washington Ave & Quail St (03255),0,5,9,,,73843,20:30:43,,,73879,20:31:19,36,00:00:36,doors opened
07/12/2025,12,4252,Saturday,Saturday,East,15656633,72000,20:00:00,72542,20:09:02,12,3256,Washington Ave & Ontario St (03256),0,3,14,73260.0,20:21:00,73788,20:29:48,73260.0,20:21:00,73818,20:30:18,30,00:00:30,doors opened
07/12/2025,12,4252,Saturday,Saturday,East,15656633,72000,20:00:00,72542,20:09:02,11,2107,Washington Ave & Partridge St (02107),0,2,17,,,73751,20:29:11,,,73764,20:29:24,13,00:00:13,doors opened
07/12/2025,12,4252,Saturday,Saturday,East,15656633,72000,20:00:00,72542,20:09:02,10,3257,Washington Ave & N. Main Ave (03257),0,0,19,,,73686,20:28:06,,,73686,20:28:06,0,00:00:00,door not opened
07/12/2025,12,4252,Saturday,Saturday,East,15656633,72000,20:00:00,72542,20:09:02,9,1796,Washington Ave & N. Allen St (01796),0,1,19,73140.0,20:19:00,73636,20:27:16,73140.0,20:19:00,73651,20:27:31,15,00:00:15,doors opened
07/12/2025,12,4252,Saturday,Saturday,East,15656633,72000,20:00:00,72542,20:09:02,8,11581,Washington Ave & Manning Blvd (11581),0,0,20,,,73608,20:26:48,,,73608,20:26:48,0,00:00:00,door not opened
07/12/2025,12,4252,Saturday,Saturday,East,15656633,72000,20:00:00,72542,20:09:02,7,2180,Washington Ave & Homestead Ave (02180),0,0,20,,,73582,20:26:22,,,73582,20:26:22,0,00:00:00,door not opened
07/12/2025,12,4252,Saturday,Saturday,East,15656633,72000,20:00:00,72542,20:09:02,6,2182,Washington Ave & Hawthorne St (02182),0,1,20,,,73525,20:25:25,,,73536,20:25:36,11,00:00:11,doors opened
07/12/2025,12,4252,Saturday,Saturday,East,15656633,72000,20:00:00,72542,20:09:02,5,3304,Washington Ave & Clermont St (03304),0,0,21,,,73509,20:25:09,,,73509,20:25:09,0,00:00:00,door not opened
07/12/2025,12,4252,Saturday,Saturday,East,15656633,72000,20:00:00,72542,20:09:02,4,3348,Washington Ave & Brevator St (03348),0,0,21,,,73495,20:24:55,,,73495,20:24:55,0,00:00:00,door not opened
07/12/2025,12,4252,Saturday,Saturday,East,15656633,72000,20:00:00,72542,20:09:02,3,10134,Washington Ave & SUNY Exit Rd (10134),0,0,21,,,73397,20:23:17,,,73397,20:23:17,0,00:00:00,door not opened
07/12/2025,12,4252,Saturday,Saturday,East,15656633,72000,20:00:00,72542,20:09:02,2,7216,SUNY Collins Circle (07216),1,0,21,72720.0,20:12:00,73249,20:20:49,72720.0,20:12:00,73268,20:21:08,19,00:00:19,doors opened
07/12/2025,12,4252,Saturday,Saturday,East,15656633,72000,20:00:00,72542,20:09:02,1,12827,Crossgates Commons Station (12827),11,8,20,72420.0,20:07:00,72919,20:15:19,72420.0,20:07:00,73001,20:16:41,82,00:01:22,doors opened
07/12/2025,12,4252,Saturday,Saturday,West,15656635,74400,20:40:00,74559,20:42:39,27,7175,Crossgates Mall Station (07175),0,1,0,76440.0,21:14:00,76782,21:19:42,76440.0,21:14:00,76782,21:19:42,0,00:00:00,doors opened
07/12/2025,12,4252,Saturday,Saturday,West,15656635,74400,20:40:00,74559,20:42:39,26,12828,Crossgates Commons Station (12828),0,2,1,76020.0,21:07:00,76435,21:13:55,76020.0,21:07:00,76493,21:14:53,58,00:00:58,doors opened
07/12/2025,12,4252,Saturday,Saturday,West,15656635,74400,20:40:00,74559,20:42:39,25,12891,1475 Washington Ave (12891),0,0,3,,,76242,21:10:42,,,76242,21:10:42,0,00:00:00,door not opened
07/12/2025,12,4252,Saturday,Saturday,West,15656635,74400,20:40:00,74559,20:42:39,24,7216,SUNY Collins Circle (07216),0,0,3,75720.0,21:02:00,76104,21:08:24,75720.0,21:02:00,76104,21:08:24,0,00:00:00,door not opened
07/12/2025,12,4252,Saturday,Saturday,West,15656635,74400,20:40:00,74559,20:42:39,23,3262,1383 Washington Ave (Fairfield Inn) (03262),0,2,3,,,75975,21:06:15,,,75990,21:06:30,15,00:00:15,doors opened
07/12/2025,12,4252,Saturday,Saturday,West,15656635,74400,20:40:00,74559,20:42:39,22,976,Washington Ave & Brevator St (00976),0,0,5,,,75849,21:04:09,,,75849,21:04:09,0,00:00:00,door not opened
07/12/2025,12,4252,Saturday,Saturday,West,15656635,74400,20:40:00,74559,20:42:39,21,1959,Washington Ave & Colvin Ave (01959),1,0,5,,,75791,21:03:11,,,75822,21:03:42,31,00:00:31,doors opened
07/12/2025,12,4252,Saturday,Saturday,West,15656635,74400,20:40:00,74559,20:42:39,20,3399,Washington Ave & Danker Ave (03399),0,0,4,,,75767,21:02:47,,,75767,21:02:47,0,00:00:00,door not opened
07/12/2025,12,4252,Saturday,Saturday,West,15656635,74400,20:40:00,74559,20:42:39,19,1849,Washington Ave & Homestead Ave (01849),0,0,4,,,75746,21:02:26,,,75746,21:02:26,0,00:00:00,door not opened
07/12/2025,12,4252,Saturday,Saturday,West,15656635,74400,20:40:00,74559,20:42:39,18,1846,Washington Ave & Manning Blvd (01846),0,0,4,,,75686,21:01:26,,,75717,21:01:57,31,00:00:31,door not opened
07/12/2025,12,4252,Saturday,Saturday,West,15656635,74400,20:40:00,74559,20:42:39,17,3287,Washington Ave & N. Allen St (03287),1,1,4,75360.0,20:56:00,75635,21:00:35,75360.0,20:56:00,75649,21:00:49,14,00:00:14,doors opened
07/12/2025,12,4252,Saturday,Saturday,West,15656635,74400,20:40:00,74559,20:42:39,16,3264,Washington Ave & N. Main Ave (03264),0,0,4,,,75586,20:59:46,,,75595,20:59:55,9,00:00:09,door not opened
07/12/2025,12,4252,Saturday,Saturday,West,15656635,74400,20:40:00,74559,20:42:39,15,1839,Washington Ave & Partridge St (01839),0,0,4,,,75535,20:58:55,,,75535,20:58:55,0,00:00:00,door not opened
07/12/2025,12,4252,Saturday,Saturday,West,15656635,74400,20:40:00,74559,20:42:39,14,1841,Washington Ave & Ontario St (01841),0,1,4,75180.0,20:53:00,75467,20:57:47,75180.0,20:53:00,75495,20:58:15,28,00:00:28,doors opened
07/12/2025,12,4252,Saturday,Saturday,West,15656635,74400,20:40:00,74559,20:42:39,13,1842,Washington Ave & Quail St (01842),3,1,5,,,75398,20:56:38,,,75442,20:57:22,44,00:00:44,doors opened
07/12/2025,12,4252,Saturday,Saturday,West,15656635,74400,20:40:00,74559,20:42:39,12,1837,Washington Ave & N. Lake Ave (01837),0,0,3,,,75366,20:56:06,,,75374,20:56:14,8,00:00:08,door not opened
07/12/2025,12,4252,Saturday,Saturday,West,15656635,74400,20:40:00,74559,20:42:39,11,1843,Washington Ave & Robin St (01843),0,0,3,,,75342,20:55:42,,,75342,20:55:42,0,00:00:00,door not opened
07/12/2025,12,4252,Saturday,Saturday,West,15656635,74400,20:40:00,74559,20:42:39,10,12943,Washington Ave & Lexington Ave (12943),0,0,3,,,75318,20:55:18,,,75318,20:55:18,0,00:00:00,door not opened
07/12/2025,12,4252,Saturday,Saturday,West,15656635,74400,20:40:00,74559,20:42:39,9,12942,Washington Ave & Henry Johnson Blvd (12942),0,5,3,,,75171,20:52:51,,,75253,20:54:13,82,00:01:22,doors opened
07/12/2025,12,4252,Saturday,Saturday,West,15656635,74400,20:40:00,74559,20:42:39,8,3239,Lark/Library Station - Washington Ave & Lark St (03239),0,0,8,74820.0,20:47:00,75133,20:52:13,74820.0,20:47:00,75133,20:52:13,0,00:00:00,door not opened
07/12/2025,12,4252,Saturday,Saturday,West,15656635,74400,20:40:00,74559,20:42:39,7,3301,Washington Ave & S. Swan St (03301),0,0,8,,,75054,20:50:54,,,75054,20:50:54,0,00:00:00,door not opened
07/12/2025,12,4252,Saturday,Saturday,West,15656635,74400,20:40:00,74559,20:42:39,6,3250,Hawk/Capitol Station - Washington Ave & Hawk St (03250),0,0,8,,,75032,20:50:32,,,75032,20:50:32,0,00:00:00,door not opened
07/12/2025,12,4252,Saturday,Saturday,West,15656635,74400,20:40:00,74559,20:42:39,5,10087,State St & Eagle St (10087),0,0,8,,,75007,20:50:07,,,75007,20:50:07,0,00:00:00,door not opened
07/12/2025,12,4252,Saturday,Saturday,West,15656635,74400,20:40:00,74559,20:42:39,4,2665,State/Downtown Station - State St & Lodge St (02665),1,0,8,74640.0,20:44:00,74872,20:47:52,74640.0,20:44:00,74886,20:48:06,14,00:00:14,doors opened
07/12/2025,12,4252,Saturday,Saturday,West,15656635,74400,20:40:00,74559,20:42:39,3,3221,State Station - N. Pearl St & Ten Eyck Plaza (03221),0,0,7,,,74846,20:47:26,,,74846,20:47:26,0,00:00:00,door not opened
07/12/2025,12,4252,Saturday,Saturday,West,15656635,74400,20:40:00,74559,20:42:39,2,3233,N. Pearl St & Sheridan Ave (03233),1,0,7,,,74798,20:46:38,,,74812,20:46:52,14,00:00:14,doors opened
07/12/2025,12,4252,Saturday,Saturday,West,15656635,74400,20:40:00,74559,20:42:39,1,2168,Clinton Square Station - N. Pearl St & Clinton Ave (02168),6,0,6,,,74743,20:45:43,,,74782,20:46:22,39,00:00:39,doors opened
07/12/2025,12,4252,Saturday,Saturday,West,15656635,74400,20:40:00,74559,20:42:39,0,9018,Broadway & Orange St (09018),0,0,0,74400.0,20:40:00,74559,20:42:39,74400.0,20:40:00,74559,20:42:39,0,00:00:00,door not opened
07/12/2025,12,4252,Saturday,Saturday,East,15656636,76800,21:20:00,77098,21:24:58,24,3940,Broadway & Steuben St (03940),0,0,0,78840.0,21:54:00,79198,21:59:58,78840.0,21:54:00,79198,21:59:58,0,00:00:00,door not opened
07/12/2025,12,4252,Saturday,Saturday,East,15656636,76800,21:20:00,77098,21:24:58,23,2509,State/Downtown Station - State St & S. Pearl St (02509),0,3,0,78600.0,21:50:00,79069,21:57:49,78600.0,21:50:00,79146,21:59:06,77,00:01:17,doors opened
07/12/2025,12,4252,Saturday,Saturday,East,15656636,76800,21:20:00,77098,21:24:58,22,1787,State St & Eagle St (01787),0,0,3,,,79055,21:57:35,,,79055,21:57:35,0,00:00:00,door not opened
07/12/2025,12,4252,Saturday,Saturday,East,15656636,76800,21:20:00,77098,21:24:58,21,2706,Hawk/Capitol Station - Washington Ave & Hawk St (02706),0,5,3,,,78986,21:56:26,,,79016,21:56:56,30,00:00:30,doors opened
07/12/2025,12,4252,Saturday,Saturday,East,15656636,76800,21:20:00,77098,21:24:58,20,1789,Washington Ave & S. Swan St (01789),0,0,8,,,78969,21:56:09,,,78969,21:56:09,0,00:00:00,door not opened
07/12/2025,12,4252,Saturday,Saturday,East,15656636,76800,21:20:00,77098,21:24:58,19,1788,Washington Ave & Dove St (01788),0,0,8,,,78928,21:55:28,,,78942,21:55:42,14,00:00:14,doors opened
07/12/2025,12,4252,Saturday,Saturday,East,15656636,76800,21:20:00,77098,21:24:58,18,2663,Lark/Library Station - Washington Ave & Lark St (02663),2,3,8,78360.0,21:46:00,78877,21:54:37,78360.0,21:46:00,78900,21:55:00,23,00:00:23,doors opened
07/12/2025,12,4252,Saturday,Saturday,East,15656636,76800,21:20:00,77098,21:24:58,17,263,Washington Ave & Henry Johnson Blvd (00263),0,4,9,,,78793,21:53:13,,,78827,21:53:47,34,00:00:34,doors opened
07/12/2025,12,4252,Saturday,Saturday,East,15656636,76800,21:20:00,77098,21:24:58,16,2096,Washington Ave & Lexington Ave (02096),0,1,13,,,78678,21:51:18,,,78768,21:52:48,90,00:01:30,doors opened
07/12/2025,12,4252,Saturday,Saturday,East,15656636,76800,21:20:00,77098,21:24:58,15,3253,Washington Ave & Robin St (Draper Hall) (03253),0,1,14,,,78635,21:50:35,,,78659,21:50:59,24,00:00:24,doors opened
07/12/2025,12,4252,Saturday,Saturday,East,15656636,76800,21:20:00,77098,21:24:58,14,2109,Washington Ave & N. Lake Ave (02109),0,3,15,,,78584,21:49:44,,,78610,21:50:10,26,00:00:26,doors opened
07/12/2025,12,4252,Saturday,Saturday,East,15656636,76800,21:20:00,77098,21:24:58,13,3255,Washington Ave & Quail St (03255),0,3,18,,,78535,21:48:55,,,78557,21:49:17,22,00:00:22,doors opened
07/12/2025,12,4252,Saturday,Saturday,East,15656636,76800,21:20:00,77098,21:24:58,12,3256,Washington Ave & Ontario St (03256),0,3,21,78000.0,21:40:00,78493,21:48:13,78000.0,21:40:00,78509,21:48:29,16,00:00:16,doors opened
07/12/2025,12,4252,Saturday,Saturday,East,15656636,76800,21:20:00,77098,21:24:58,11,2107,Washington Ave & Partridge St (02107),0,0,24,,,78472,21:47:52,,,78472,21:47:52,0,00:00:00,door not opened
07/12/2025,12,4252,Saturday,Saturday,East,15656636,76800,21:20:00,77098,21:24:58,10,3257,Washington Ave & N. Main Ave (03257),0,2,24,,,78391,21:46:31,,,78411,21:46:51,20,00:00:20,doors opened
07/12/2025,12,4252,Saturday,Saturday,East,15656636,76800,21:20:00,77098,21:24:58,9,1796,Washington Ave & N. Allen St (01796),0,6,26,77880.0,21:38:00,78331,21:45:31,77880.0,21:38:00,78352,21:45:52,21,00:00:21,doors opened
07/12/2025,12,4252,Saturday,Saturday,East,15656636,76800,21:20:00,77098,21:24:58,8,11581,Washington Ave & Manning Blvd (11581),1,0,32,,,78286,21:44:46,,,78298,21:44:58,12,00:00:12,doors opened
07/12/2025,12,4252,Saturday,Saturday,East,15656636,76800,21:20:00,77098,21:24:58,7,2180,Washington Ave & Homestead Ave (02180),0,2,31,,,78229,21:43:49,,,78254,21:44:14,25,00:00:25,doors opened
07/12/2025,12,4252,Saturday,Saturday,East,15656636,76800,21:20:00,77098,21:24:58,6,2182,Washington Ave & Hawthorne St (02182),2,0,33,,,78172,21:42:52,,,78192,21:43:12,20,00:00:20,doors opened
07/12/2025,12,4252,Saturday,Saturday,East,15656636,76800,21:20:00,77098,21:24:58,5,3304,Washington Ave & Clermont St (03304),1,0,31,,,78129,21:42:09,,,78142,21:42:22,13,00:00:13,doors opened
07/12/2025,12,4252,Saturday,Saturday,East,15656636,76800,21:20:00,77098,21:24:58,4,3348,Washington Ave & Brevator St (03348),0,1,30,,,78091,21:41:31,,,78104,21:41:44,13,00:00:13,doors opened
07/12/2025,12,4252,Saturday,Saturday,East,15656636,76800,21:20:00,77098,21:24:58,3,10134,Washington Ave & SUNY Exit Rd (10134),1,1,31,,,77938,21:38:58,,,77971,21:39:31,33,00:00:33,doors opened
07/12/2025,12,4252,Saturday,Saturday,East,15656636,76800,21:20:00,77098,21:24:58,2,7216,SUNY Collins Circle (07216),0,3,31,77460.0,21:31:00,77766,21:36:06,77460.0,21:31:00,77787,21:36:27,21,00:00:21,doors opened
07/12/2025,12,4252,Saturday,Saturday,East,15656636,76800,21:20:00,77098,21:24:58,1,12827,Crossgates Commons Station (12827),5,2,34,77160.0,21:26:00,77423,21:30:23,77160.0,21:26:00,77519,21:31:59,96,00:01:36,doors opened
07/12/2025,12,4252,Saturday,Saturday,East,15656636,76800,21:20:00,77098,21:24:58,0,7175,Crossgates Mall Station (07175),31,0,31,76800.0,21:20:00,77098,21:24:58,76800.0,21:20:00,77098,21:24:58,0,00:00:00,doors opened
07/12/2025,12,4252,Saturday,Saturday,West,15656638,79200,22:00:00,79280,22:01:20,27,7175,Crossgates Mall Station (07175),0,0,0,81180.0,22:33:00,81412,22:36:52,81180.0,22:33:00,81412,22:36:52,0,00:00:00,doors opened
07/12/2025,12,4252,Saturday,Saturday,West,15656638,79200,22:00:00,79280,22:01:20,26,12828,Crossgates Commons Station (12828),0,1,0,80760.0,22:26:00,81118,22:31:58,80760.0,22:26:00,81130,22:32:10,12,00:00:12,doors opened
07/12/2025,12,4252,Saturday,Saturday,West,15656638,79200,22:00:00,79280,22:01:20,25,12891,1475 Washington Ave (12891),0,0,1,,,80893,22:28:13,,,80893,22:28:13,0,00:00:00,door not opened
07/12/2025,12,4252,Saturday,Saturday,West,15656638,79200,22:00:00,79280,22:01:20,24,7216,SUNY Collins Circle (07216),0,0,1,80460.0,22:21:00,80756,22:25:56,80460.0,22:21:00,80756,22:25:56,0,00:00:00,door not opened
07/12/2025,12,4252,Saturday,Saturday,West,15656638,79200,22:00:00,79280,22:01:20,23,3262,1383 Washington Ave (Fairfield Inn) (03262),0,0,1,,,80621,22:23:41,,,80635,22:23:55,14,00:00:14,door not opened
07/12/2025,12,4252,Saturday,Saturday,West,15656638,79200,22:00:00,79280,22:01:20,9,12942,Washington Ave & Henry Johnson Blvd (12942),1,0,3,,,79853,22:10:53,,,79868,22:11:08,15,00:00:15,doors opened
07/12/2025,12,4252,Saturday,Saturday,West,15656638,79200,22:00:00,79280,22:01:20,8,3239,Lark/Library Station - Washington Ave & Lark St (03239),0,1,2,79560.0,22:06:00,79691,22:08:11,79560.0,22:06:00,79736,22:08:56,45,00:00:45,doors opened
07/12/2025,12,4252,Saturday,Saturday,West,15656638,79200,22:00:00,79280,22:01:20,7,3301,Washington Ave & S. Swan St (03301),0,0,3,,,79621,22:07:01,,,79638,22:07:18,17,00:00:17,door not opened
07/12/2025,12,4252,Saturday,Saturday,West,15656638,79200,22:00:00,79280,22:01:20,6,3250,Hawk/Capitol Station - Washington Ave & Hawk St (03250),0,0,3,,,79594,22:06:34,,,79594,22:06:34,0,00:00:00,door not opened
07/12/2025,12,4252,Saturday,Saturday,West,15656638,79200,22:00:00,79280,22:01:20,5,10087,State St & Eagle St (10087),0,0,3,,,79565,22:06:05,,,79565,22:06:05,0,00:00:00,door not opened
07/12/2025,12,4252,Saturday,Saturday,West,15656638,79200,22:00:00,79280,22:01:20,4,2665,State/Downtown Station - State St & Lodge St (02665),2,0,3,79380.0,22:03:00,79473,22:04:33,79380.0,22:03:00,79488,22:04:48,15,00:00:15,doors opened
07/12/2025,12,4252,Saturday,Saturday,West,15656638,79200,22:00:00,79280,22:01:20,3,3221,State Station - N. Pearl St & Ten Eyck Plaza (03221),0,0,1,,,79380,22:03:00,,,79380,22:03:00,0,00:00:00,door not opened
07/12/2025,12,4252,Saturday,Saturday,West,15656638,79200,22:00:00,79280,22:01:20,2,3233,N. Pearl St & Sheridan Ave (03233),1,0,1,,,79330,22:02:10,,,79348,22:02:28,18,00:00:18,doors opened
07/12/2025,12,4252,Saturday,Saturday,West,15656638,79200,22:00:00,79280,22:01:20,1,2168,Clinton Square Station - N. Pearl St & Clinton Ave (02168),0,0,0,,,79318,22:01:58,,,79318,22:01:58,0,00:00:00,door not opened
07/12/2025,12,4252,Saturday,Saturday,West,15656638,79200,22:00:00,79280,22:01:20,0,9018,Broadway & Orange St (09018),0,0,0,79200.0,22:00:00,79280,22:01:20,79200.0,22:00:00,79280,22:01:20,0,00:00:00,door not opened
07/12/2025,12,4252,Saturday,Saturday,West,15656638,79200,22:00:00,79280,22:01:20,22,976,Washington Ave & Brevator St (00976),0,0,1,,,80486,22:21:26,,,80495,22:21:35,9,00:00:09,door not opened
07/12/2025,12,4252,Saturday,Saturday,West,15656638,79200,22:00:00,79280,22:01:20,21,1959,Washington Ave & Colvin Ave (01959),0,0,1,,,80416,22:20:16,,,80459,22:20:59,43,00:00:43,door not opened
07/12/2025,12,4252,Saturday,Saturday,West,15656638,79200,22:00:00,79280,22:01:20,20,3399,Washington Ave & Danker Ave (03399),0,0,1,,,80389,22:19:49,,,80389,22:19:49,0,00:00:00,door not opened
07/12/2025,12,4252,Saturday,Saturday,West,15656638,79200,22:00:00,79280,22:01:20,19,1849,Washington Ave & Homestead Ave (01849),0,0,1,,,80366,22:19:26,,,80366,22:19:26,0,00:00:00,door not opened
07/12/2025,12,4252,Saturday,Saturday,West,15656638,79200,22:00:00,79280,22:01:20,18,1846,Washington Ave & Manning Blvd (01846),0,0,1,,,80311,22:18:31,,,80336,22:18:56,25,00:00:25,door not opened
07/12/2025,12,4252,Saturday,Saturday,West,15656638,79200,22:00:00,79280,22:01:20,17,3287,Washington Ave & N. Allen St (03287),0,1,1,80100.0,22:15:00,80255,22:17:35,80100.0,22:15:00,80273,22:17:53,18,00:00:18,doors opened
07/12/2025,12,4252,Saturday,Saturday,West,15656638,79200,22:00:00,79280,22:01:20,16,3264,Washington Ave & N. Main Ave (03264),0,1,2,,,80184,22:16:24,,,80213,22:16:53,29,00:00:29,doors opened
07/12/2025,12,4252,Saturday,Saturday,West,15656638,79200,22:00:00,79280,22:01:20,15,1839,Washington Ave & Partridge St (01839),0,0,3,,,80108,22:15:08,,,80108,22:15:08,0,00:00:00,door not opened
07/12/2025,12,4252,Saturday,Saturday,West,15656638,79200,22:00:00,79280,22:01:20,14,1841,Washington Ave & Ontario St (01841),0,0,3,79920.0,22:12:00,80089,22:14:49,79920.0,22:12:00,80089,22:14:49,0,00:00:00,door not opened
07/12/2025,12,4252,Saturday,Saturday,West,15656638,79200,22:00:00,79280,22:01:20,13,1842,Washington Ave & Quail St (01842),0,0,3,,,80031,22:13:51,,,80064,22:14:24,33,00:00:33,door not opened
07/12/2025,12,4252,Saturday,Saturday,West,15656638,79200,22:00:00,79280,22:01:20,12,1837,Washington Ave & N. Lake Ave (01837),0,0,3,,,80007,22:13:27,,,80007,22:13:27,0,00:00:00,door not opened
07/12/2025,12,4252,Saturday,Saturday,West,15656638,79200,22:00:00,79280,22:01:20,11,1843,Washington Ave & Robin St (01843),1,0,3,,,79971,22:12:51,,,79985,22:13:05,14,00:00:14,doors opened
07/12/2025,12,4252,Saturday,Saturday,West,15656638,79200,22:00:00,79280,22:01:20,10,12943,Washington Ave & Lexington Ave (12943),0,1,2,,,79931,22:12:11,,,79947,22:12:27,16,00:00:16,doors opened
07/12/2025,12,4252,Saturday,Saturday,East,15656639,81300,22:35:00,81485,22:38:05,7,2180,Washington Ave & Homestead Ave (02180),0,1,9,,,82534,22:55:34,,,82578,22:56:18,44,00:00:44,doors opened
07/12/2025,12,4252,Saturday,Saturday,East,15656639,81300,22:35:00,81485,22:38:05,6,2182,Washington Ave & Hawthorne St (02182),0,0,10,,,82507,22:55:07,,,82507,22:55:07,0,00:00:00,door not opened
07/12/2025,12,4252,Saturday,Saturday,East,15656639,81300,22:35:00,81485,22:38:05,5,3304,Washington Ave & Clermont St (03304),0,0,10,,,82466,22:54:26,,,82487,22:54:47,21,00:00:21,door not opened
07/12/2025,12,4252,Saturday,Saturday,East,15656639,81300,22:35:00,81485,22:38:05,4,3348,Washington Ave & Brevator St (03348),0,0,10,,,82438,22:53:58,,,82438,22:53:58,0,00:00:00,door not opened
07/12/2025,12,4252,Saturday,Saturday,East,15656639,81300,22:35:00,81485,22:38:05,3,10134,Washington Ave & SUNY Exit Rd (10134),0,0,10,,,82318,22:51:58,,,82318,22:51:58,0,00:00:00,door not opened
07/12/2025,12,4252,Saturday,Saturday,East,15656639,81300,22:35:00,81485,22:38:05,2,7216,SUNY Collins Circle (07216),0,1,10,81960.0,22:46:00,82132,22:48:52,81960.0,22:46:00,82178,22:49:38,46,00:00:46,doors opened
07/12/2025,12,4252,Saturday,Saturday,East,15656639,81300,22:35:00,81485,22:38:05,1,12827,Crossgates Commons Station (12827),7,0,11,81660.0,22:41:00,81812,22:43:32,81660.0,22:41:00,81878,22:44:38,66,00:01:06,doors opened
07/12/2025,12,4252,Saturday,Saturday,East,15656639,81300,22:35:00,81485,22:38:05,0,7175,Crossgates Mall Station (07175),4,0,4,81300.0,22:35:00,81485,22:38:05,81300.0,22:35:00,81485,22:38:05,0,00:00:00,doors opened
07/12/2025,12,4252,Saturday,Saturday,East,15656639,81300,22:35:00,81485,22:38:05,24,3940,Broadway & Steuben St (03940),0,0,0,83220.0,23:07:00,83543,23:12:23,83220.0,23:07:00,83543,23:12:23,0,00:00:00,door not opened
07/12/2025,12,4252,Saturday,Saturday,East,15656639,81300,22:35:00,81485,22:38:05,23,2509,State/Downtown Station - State St & S. Pearl St (02509),0,5,0,82980.0,23:03:00,83383,23:09:43,82980.0,23:03:00,83463,23:11:03,80,00:01:20,doors opened
07/12/2025,12,4252,Saturday,Saturday,East,15656639,81300,22:35:00,81485,22:38:05,22,1787,State St & Eagle St (01787),0,0,5,,,83350,23:09:10,,,83362,23:09:22,12,00:00:12,doors opened
07/12/2025,12,4252,Saturday,Saturday,East,15656639,81300,22:35:00,81485,22:38:05,21,2706,Hawk/Capitol Station - Washington Ave & Hawk St (02706),0,0,5,,,83273,23:07:53,,,83273,23:07:53,0,00:00:00,door not opened
07/12/2025,12,4252,Saturday,Saturday,East,15656639,81300,22:35:00,81485,22:38:05,20,1789,Washington Ave & S. Swan St (01789),0,0,5,,,83231,23:07:11,,,83257,23:07:37,26,00:00:26,door not opened
07/12/2025,12,4252,Saturday,Saturday,East,15656639,81300,22:35:00,81485,22:38:05,19,1788,Washington Ave & Dove St (01788),0,0,5,,,83209,23:06:49,,,83209,23:06:49,0,00:00:00,door not opened
07/12/2025,12,4252,Saturday,Saturday,East,15656639,81300,22:35:00,81485,22:38:05,18,2663,Lark/Library Station - Washington Ave & Lark St (02663),0,0,5,82800.0,23:00:00,83141,23:05:41,82800.0,23:00:00,83192,23:06:32,51,00:00:51,door not opened
07/12/2025,12,4252,Saturday,Saturday,East,15656639,81300,22:35:00,81485,22:38:05,17,263,Washington Ave & Henry Johnson Blvd (00263),0,0,5,,,83041,23:04:01,,,83082,23:04:42,41,00:00:41,door not opened
07/12/2025,12,4252,Saturday,Saturday,East,15656639,81300,22:35:00,81485,22:38:05,16,2096,Washington Ave & Lexington Ave (02096),0,0,5,,,82997,23:03:17,,,82997,23:03:17,0,00:00:00,door not opened
07/12/2025,12,4252,Saturday,Saturday,East,15656639,81300,22:35:00,81485,22:38:05,15,3253,Washington Ave & Robin St (Draper Hall) (03253),0,0,5,,,82973,23:02:53,,,82973,23:02:53,0,00:00:00,door not opened
07/12/2025,12,4252,Saturday,Saturday,East,15656639,81300,22:35:00,81485,22:38:05,14,2109,Washington Ave & N. Lake Ave (02109),0,0,5,,,82906,23:01:46,,,82933,23:02:13,27,00:00:27,door not opened
07/12/2025,12,4252,Saturday,Saturday,East,15656639,81300,22:35:00,81485,22:38:05,13,3255,Washington Ave & Quail St (03255),0,1,5,,,82854,23:00:54,,,82879,23:01:19,25,00:00:25,doors opened
07/12/2025,12,4252,Saturday,Saturday,East,15656639,81300,22:35:00,81485,22:38:05,12,3256,Washington Ave & Ontario St (03256),0,0,6,82500.0,22:55:00,82811,23:00:11,82500.0,22:55:00,82833,23:00:33,22,00:00:22,door not opened
07/12/2025,12,4252,Saturday,Saturday,East,15656639,81300,22:35:00,81485,22:38:05,11,2107,Washington Ave & Partridge St (02107),0,0,6,,,82786,22:59:46,,,82786,22:59:46,0,00:00:00,door not opened
07/12/2025,12,4252,Saturday,Saturday,East,15656639,81300,22:35:00,81485,22:38:05,10,3257,Washington Ave & N. Main Ave (03257),0,1,6,,,82691,22:58:11,,,82732,22:58:52,41,00:00:41,doors opened
07/12/2025,12,4252,Saturday,Saturday,East,15656639,81300,22:35:00,81485,22:38:05,9,1796,Washington Ave & N. Allen St (01796),0,0,7,82380.0,22:53:00,82658,22:57:38,82380.0,22:53:00,82658,22:57:38,0,00:00:00,door not opened
07/12/2025,12,4252,Saturday,Saturday,East,15656639,81300,22:35:00,81485,22:38:05,8,11581,Washington Ave & Manning Blvd (11581),0,2,7,,,82608,22:56:48,,,82624,22:57:04,16,00:00:16,doors opened
07/12/2025,12,4252,Saturday,Saturday,West,15656642,84600,23:30:00,84590,23:29:50,17,3287,Washington Ave & N. Allen St (03287),0,3,0,85500.0,23:45:00,85363,23:42:43,85500.0,23:45:00,85377,23:42:57,14,00:00:14,doors opened
07/12/2025,12,4252,Saturday,Saturday,West,15656642,84600,23:30:00,84590,23:29:50,16,3264,Washington Ave & N. Main Ave (03264),0,0,3,,,85327,23:42:07,,,85327,23:42:07,0,00:00:00,door not opened
07/12/2025,12,4252,Saturday,Saturday,West,15656642,84600,23:30:00,84590,23:29:50,15,1839,Washington Ave & Partridge St (01839),0,0,3,,,85252,23:40:52,,,85252,23:40:52,0,00:00:00,door not opened
07/12/2025,12,4252,Saturday,Saturday,West,15656642,84600,23:30:00,84590,23:29:50,14,1841,Washington Ave & Ontario St (01841),0,1,3,85320.0,23:42:00,85193,23:39:53,85320.0,23:42:00,85221,23:40:21,28,00:00:28,doors opened
07/12/2025,12,4252,Saturday,Saturday,West,15656642,84600,23:30:00,84590,23:29:50,13,1842,Washington Ave & Quail St (01842),0,1,4,,,85127,23:38:47,,,85158,23:39:18,31,00:00:31,doors opened
07/12/2025,12,4252,Saturday,Saturday,West,15656642,84600,23:30:00,84590,23:29:50,12,1837,Washington Ave & N. Lake Ave (01837),0,0,5,,,85094,23:38:14,,,85094,23:38:14,0,00:00:00,door not opened
07/12/2025,12,4252,Saturday,Saturday,West,15656642,84600,23:30:00,84590,23:29:50,11,1843,Washington Ave & Robin St (01843),0,0,5,,,85058,23:37:38,,,85058,23:37:38,0,00:00:00,door not opened
07/12/2025,12,4252,Saturday,Saturday,West,15656642,84600,23:30:00,84590,23:29:50,10,12943,Washington Ave & Lexington Ave (12943),0,0,5,,,85034,23:37:14,,,85034,23:37:14,0,00:00:00,door not opened
07/12/2025,12,4252,Saturday,Saturday,West,15656642,84600,23:30:00,84590,23:29:50,9,12942,Washington Ave & Henry Johnson Blvd (12942),0,0,5,,,85012,23:36:52,,,85012,23:36:52,0,00:00:00,door not opened
07/12/2025,12,4252,Saturday,Saturday,West,15656642,84600,23:30:00,84590,23:29:50,8,3239,Lark/Library Station - Washington Ave & Lark St (03239),1,0,5,84960.0,23:36:00,84886,23:34:46,84960.0,23:36:00,84904,23:35:04,18,00:00:18,doors opened
07/12/2025,12,4252,Saturday,Saturday,West,15656642,84600,23:30:00,84590,23:29:50,7,3301,Washington Ave & S. Swan St (03301),0,0,4,,,84843,23:34:03,,,84843,23:34:03,0,00:00:00,door not opened
07/12/2025,12,4252,Saturday,Saturday,West,15656642,84600,23:30:00,84590,23:29:50,6,3250,Hawk/Capitol Station - Washington Ave & Hawk St (03250),0,0,4,,,84815,23:33:35,,,84815,23:33:35,0,00:00:00,door not opened
07/12/2025,12,4252,Saturday,Saturday,West,15656642,84600,23:30:00,84590,23:29:50,5,10087,State St & Eagle St (10087),0,0,4,,,84778,23:32:58,,,84778,23:32:58,0,00:00:00,door not opened
07/12/2025,12,4252,Saturday,Saturday,West,15656642,84600,23:30:00,84590,23:29:50,4,2665,State/Downtown Station - State St & Lodge St (02665),0,0,4,84780.0,23:33:00,84717,23:31:57,84780.0,23:33:00,84717,23:31:57,0,00:00:00,door not opened
07/12/2025,12,4252,Saturday,Saturday,West,15656642,84600,23:30:00,84590,23:29:50,3,3221,State Station - N. Pearl St & Ten Eyck Plaza (03221),0,0,4,,,84684,23:31:24,,,84684,23:31:24,0,00:00:00,door not opened
07/12/2025,12,4252,Saturday,Saturday,West,15656642,84600,23:30:00,84590,23:29:50,2,3233,N. Pearl St & Sheridan Ave (03233),0,0,4,,,84642,23:30:42,,,84642,23:30:42,0,00:00:00,door not opened
07/12/2025,12,4252,Saturday,Saturday,West,15656642,84600,23:30:00,84590,23:29:50,1,2168,Clinton Square Station - N. Pearl St & Clinton Ave (02168),0,0,4,,,84590,23:29:50,,,84620,23:30:20,30,00:00:30,door not opened
07/12/2025,12,4252,Saturday,Saturday,West,15656642,84600,23:30:00,84590,23:29:50,0,9018,Broadway & Orange St (09018),4,0,4,84600.0,23:30:00,84590,23:29:50,84600.0,23:30:00,84590,23:29:50,0,00:00:00,doors opened
07/12/2025,12,4252,Saturday,Saturday,West,15656642,84600,23:30:00,84590,23:29:50,24,7216,SUNY Collins Circle (07216),1,1,0,85800.0,23:50:00,85941,23:52:21,85800.0,23:50:00,86148,23:55:48,207,00:03:27,doors opened
07/12/2025,12,4252,Saturday,Saturday,West,15656642,84600,23:30:00,84590,23:29:50,23,3262,1383 Washington Ave (Fairfield Inn) (03262),0,0,0,,,85803,23:50:03,,,85803,23:50:03,0,00:00:00,door not opened
07/12/2025,12,4252,Saturday,Saturday,West,15656642,84600,23:30:00,84590,23:29:50,22,976,Washington Ave & Brevator St (00976),0,0,0,,,85594,23:46:34,,,85594,23:46:34,0,00:00:00,door not opened
07/12/2025,12,4252,Saturday,Saturday,West,15656642,84600,23:30:00,84590,23:29:50,21,1959,Washington Ave & Colvin Ave (01959),0,0,0,,,85526,23:45:26,,,85560,23:46:00,34,00:00:34,door not opened
07/12/2025,12,4252,Saturday,Saturday,West,15656642,84600,23:30:00,84590,23:29:50,20,3399,Washington Ave & Danker Ave (03399),0,0,0,,,85490,23:44:50,,,85490,23:44:50,0,00:00:00,door not opened
07/12/2025,12,4252,Saturday,Saturday,West,15656642,84600,23:30:00,84590,23:29:50,19,1849,Washington Ave & Homestead Ave (01849),0,0,0,,,85464,23:44:24,,,85464,23:44:24,0,00:00:00,door not opened
07/12/2025,12,4252,Saturday,Saturday,West,15656642,84600,23:30:00,84590,23:29:50,18,1846,Washington Ave & Manning Blvd (01846),0,0,0,,,85426,23:43:46,,,85437,23:43:57,11,00:00:11,door not opened
07/12/2025,12,6012,Saturday,Saturday,East,15656899,57600,16:00:00,57931,16:05:31,24,3940,Broadway & Steuben St (03940),0,0,0,59760.0,16:36:00,60139,16:42:19,59760.0,16:36:00,60139,16:42:19,0,00:00:00,doors opened
07/12/2025,12,6012,Saturday,Saturday,East,15656899,57600,16:00:00,57931,16:05:31,23,2509,State/Downtown Station - State St & S. Pearl St (02509),0,6,0,59520.0,16:32:00,60042,16:40:42,59520.0,16:32:00,60064,16:41:04,22,00:00:22,doors opened
07/12/2025,12,6012,Saturday,Saturday,East,15656899,57600,16:00:00,57931,16:05:31,22,1787,State St & Eagle St (01787),0,0,6,,,60026,16:40:26,,,60026,16:40:26,0,00:00:00,door not opened
07/12/2025,12,6012,Saturday,Saturday,East,15656899,57600,16:00:00,57931,16:05:31,21,2706,Hawk/Capitol Station - Washington Ave & Hawk St (02706),0,0,6,,,59902,16:38:22,,,59902,16:38:22,0,00:00:00,door not opened
07/12/2025,12,6012,Saturday,Saturday,East,15656899,57600,16:00:00,57931,16:05:31,20,1789,Washington Ave & S. Swan St (01789),0,0,6,,,59884,16:38:04,,,59884,16:38:04,0,00:00:00,door not opened
07/12/2025,12,6012,Saturday,Saturday,East,15656899,57600,16:00:00,57931,16:05:31,19,1788,Washington Ave & Dove St (01788),0,0,6,,,59864,16:37:44,,,59864,16:37:44,0,00:00:00,door not opened
07/12/2025,12,6012,Saturday,Saturday,East,15656899,57600,16:00:00,57931,16:05:31,18,2663,Lark/Library Station - Washington Ave & Lark St (02663),0,0,6,59220.0,16:27:00,59794,16:36:34,59220.0,16:27:00,59813,16:36:53,19,00:00:19,doors opened
07/12/2025,12,6012,Saturday,Saturday,East,15656899,57600,16:00:00,57931,16:05:31,17,263,Washington Ave & Henry Johnson Blvd (00263),1,0,6,,,59750,16:35:50,,,59771,16:36:11,21,00:00:21,doors opened
07/12/2025,12,6012,Saturday,Saturday,East,15656899,57600,16:00:00,57931,16:05:31,16,2096,Washington Ave & Lexington Ave (02096),0,0,5,,,59722,16:35:22,,,59722,16:35:22,0,00:00:00,door not opened
07/12/2025,12,6012,Saturday,Saturday,East,15656899,57600,16:00:00,57931,16:05:31,15,3253,Washington Ave & Robin St (Draper Hall) (03253),1,0,5,,,59625,16:33:45,,,59650,16:34:10,25,00:00:25,doors opened
07/12/2025,12,6012,Saturday,Saturday,East,15656899,57600,16:00:00,57931,16:05:31,14,2109,Washington Ave & N. Lake Ave (02109),0,5,4,,,59537,16:32:17,,,59604,16:33:24,67,00:01:07,doors opened
07/12/2025,12,6012,Saturday,Saturday,East,15656899,57600,16:00:00,57931,16:05:31,13,3255,Washington Ave & Quail St (03255),1,11,9,,,59434,16:30:34,,,59514,16:31:54,80,00:01:20,doors opened
07/12/2025,12,6012,Saturday,Saturday,East,15656899,57600,16:00:00,57931,16:05:31,12,3256,Washington Ave & Ontario St (03256),0,5,19,58860.0,16:21:00,59392,16:29:52,58860.0,16:21:00,59413,16:30:13,21,00:00:21,doors opened
07/12/2025,12,6012,Saturday,Saturday,East,15656899,57600,16:00:00,57931,16:05:31,11,2107,Washington Ave & Partridge St (02107),0,0,24,,,59373,16:29:33,,,59373,16:29:33,0,00:00:00,door not opened
07/12/2025,12,6012,Saturday,Saturday,East,15656899,57600,16:00:00,57931,16:05:31,10,3257,Washington Ave & N. Main Ave (03257),0,0,24,,,59213,16:26:53,,,59264,16:27:44,51,00:00:51,doors opened
07/12/2025,12,6012,Saturday,Saturday,East,15656899,57600,16:00:00,57931,16:05:31,9,1796,Washington Ave & N. Allen St (01796),0,5,24,58740.0,16:19:00,59134,16:25:34,58740.0,16:19:00,59182,16:26:22,48,00:00:48,doors opened
07/12/2025,12,6012,Saturday,Saturday,East,15656899,57600,16:00:00,57931,16:05:31,8,11581,Washington Ave & Manning Blvd (11581),0,1,29,,,59087,16:24:47,,,59103,16:25:03,16,00:00:16,doors opened
07/12/2025,12,6012,Saturday,Saturday,East,15656899,57600,16:00:00,57931,16:05:31,7,2180,Washington Ave & Homestead Ave (02180),1,0,30,,,59049,16:24:09,,,59063,16:24:23,14,00:00:14,doors opened
07/12/2025,12,6012,Saturday,Saturday,East,15656899,57600,16:00:00,57931,16:05:31,6,2182,Washington Ave & Hawthorne St (02182),0,0,29,,,59027,16:23:47,,,59027,16:23:47,0,00:00:00,door not opened
07/12/2025,12,6012,Saturday,Saturday,East,15656899,57600,16:00:00,57931,16:05:31,5,3304,Washington Ave & Clermont St (03304),2,0,29,,,58967,16:22:47,,,59004,16:23:24,37,00:00:37,doors opened
07/12/2025,12,6012,Saturday,Saturday,East,15656899,57600,16:00:00,57931,16:05:31,4,3348,Washington Ave & Brevator St (03348),0,2,27,,,58928,16:22:08,,,58944,16:22:24,16,00:00:16,doors opened
07/12/2025,12,6012,Saturday,Saturday,East,15656899,57600,16:00:00,57931,16:05:31,3,10134,Washington Ave & SUNY Exit Rd (10134),1,1,29,,,58785,16:19:45,,,58806,16:20:06,21,00:00:21,doors opened
07/12/2025,12,6012,Saturday,Saturday,East,15656899,57600,16:00:00,57931,16:05:31,2,7216,SUNY Collins Circle (07216),0,1,29,58320.0,16:12:00,58672,16:17:52,58320.0,16:12:00,58689,16:18:09,17,00:00:17,doors opened
07/12/2025,12,6012,Saturday,Saturday,East,15656899,57600,16:00:00,57931,16:05:31,1,12827,Crossgates Commons Station (12827),20,1,30,58020.0,16:07:00,58271,16:11:11,58020.0,16:07:00,58449,16:14:09,178,00:02:58,doors opened
07/12/2025,12,6012,Saturday,Saturday,East,15656899,57600,16:00:00,57931,16:05:31,0,7175,Crossgates Mall Station (07175),11,0,11,57600.0,16:00:00,57931,16:05:31,57600.0,16:00:00,57931,16:05:31,0,00:00:00,doors opened
07/12/2025,12,6012,Saturday,Saturday,West,15656901,60000,16:40:00,60262,16:44:22,27,7175,Crossgates Mall Station (07175),0,7,0,62220.0,17:17:00,62402,17:20:02,62220.0,17:17:00,62402,17:20:02,0,00:00:00,doors opened
07/12/2025,12,6012,Saturday,Saturday,West,15656901,60000,16:40:00,60262,16:44:22,26,12828,Crossgates Commons Station (12828),2,6,7,61800.0,17:10:00,62169,17:16:09,61800.0,17:10:00,62218,17:16:58,49,00:00:49,doors opened
07/12/2025,12,6012,Saturday,Saturday,West,15656901,60000,16:40:00,60262,16:44:22,25,12891,1475 Washington Ave (12891),2,0,11,,,61943,17:12:23,,,61968,17:12:48,25,00:00:25,doors opened
07/12/2025,12,6012,Saturday,Saturday,West,15656901,60000,16:40:00,60262,16:44:22,24,7216,SUNY Collins Circle (07216),1,0,9,61440.0,17:04:00,61774,17:09:34,61440.0,17:04:00,61790,17:09:50,16,00:00:16,doors opened
07/12/2025,12,6012,Saturday,Saturday,West,15656901,60000,16:40:00,60262,16:44:22,23,3262,1383 Washington Ave (Fairfield Inn) (03262),0,0,8,,,61679,17:07:59,,,61679,17:07:59,0,00:00:00,door not opened
07/12/2025,12,6012,Saturday,Saturday,West,15656901,60000,16:40:00,60262,16:44:22,22,976,Washington Ave & Brevator St (00976),0,0,8,,,61584,17:06:24,,,61584,17:06:24,0,00:00:00,door not opened
07/12/2025,12,6012,Saturday,Saturday,West,15656901,60000,16:40:00,60262,16:44:22,21,1959,Washington Ave & Colvin Ave (01959),0,0,8,,,61564,17:06:04,,,61564,17:06:04,0,00:00:00,door not opened
07/12/2025,12,6012,Saturday,Saturday,West,15656901,60000,16:40:00,60262,16:44:22,20,3399,Washington Ave & Danker Ave (03399),0,0,8,,,61530,17:05:30,,,61530,17:05:30,0,00:00:00,door not opened
07/12/2025,12,6012,Saturday,Saturday,West,15656901,60000,16:40:00,60262,16:44:22,19,1849,Washington Ave & Homestead Ave (01849),0,0,8,,,61468,17:04:28,,,61509,17:05:09,41,00:00:41,doors opened
07/12/2025,12,6012,Saturday,Saturday,West,15656901,60000,16:40:00,60262,16:44:22,18,1846,Washington Ave & Manning Blvd (01846),1,0,8,,,61395,17:03:15,,,61445,17:04:05,50,00:00:50,doors opened
07/12/2025,12,6012,Saturday,Saturday,West,15656901,60000,16:40:00,60262,16:44:22,17,3287,Washington Ave & N. Allen St (03287),2,0,7,61080.0,16:58:00,61334,17:02:14,61080.0,16:58:00,61366,17:02:46,32,00:00:32,doors opened
07/12/2025,12,6012,Saturday,Saturday,West,15656901,60000,16:40:00,60262,16:44:22,16,3264,Washington Ave & N. Main Ave (03264),2,0,5,,,61240,17:00:40,,,61305,17:01:45,65,00:01:05,doors opened
07/12/2025,12,6012,Saturday,Saturday,West,15656901,60000,16:40:00,60262,16:44:22,15,1839,Washington Ave & Partridge St (01839),3,0,3,,,61146,16:59:06,,,61182,16:59:42,36,00:00:36,doors opened
07/12/2025,12,6012,Saturday,Saturday,West,15656901,60000,16:40:00,60262,16:44:22,14,1841,Washington Ave & Ontario St (01841),0,0,0,60840.0,16:54:00,61128,16:58:48,60840.0,16:54:00,61128,16:58:48,0,00:00:00,door not opened
07/12/2025,12,6012,Saturday,Saturday,West,15656901,60000,16:40:00,60262,16:44:22,13,1842,Washington Ave & Quail St (01842),0,4,0,,,61033,16:57:13,,,61078,16:57:58,45,00:00:45,doors opened
07/12/2025,12,6012,Saturday,Saturday,West,15656901,60000,16:40:00,60262,16:44:22,12,1837,Washington Ave & N. Lake Ave (01837),0,0,4,,,61013,16:56:53,,,61013,16:56:53,0,00:00:00,door not opened
07/12/2025,12,6012,Saturday,Saturday,West,15656901,60000,16:40:00,60262,16:44:22,11,1843,Washington Ave & Robin St (01843),0,0,4,,,60952,16:55:52,,,60952,16:55:52,0,00:00:00,door not opened
07/12/2025,12,6012,Saturday,Saturday,West,15656901,60000,16:40:00,60262,16:44:22,10,12943,Washington Ave & Lexington Ave (12943),0,0,4,,,60927,16:55:27,,,60927,16:55:27,0,00:00:00,door not opened
07/12/2025,12,6012,Saturday,Saturday,West,15656901,60000,16:40:00,60262,16:44:22,9,12942,Washington Ave & Henry Johnson Blvd (12942),0,1,4,,,60844,16:54:04,,,60899,16:54:59,55,00:00:55,doors opened
07/12/2025,12,6012,Saturday,Saturday,West,15656901,60000,16:40:00,60262,16:44:22,8,3239,Lark/Library Station - Washington Ave & Lark St (03239),0,0,5,60480.0,16:48:00,60731,16:52:11,60480.0,16:48:00,60758,16:52:38,27,00:00:27,doors opened
07/12/2025,12,6012,Saturday,Saturday,West,15656901,60000,16:40:00,60262,16:44:22,7,3301,Washington Ave & S. Swan St (03301),1,0,5,,,60646,16:50:46,,,60674,16:51:14,28,00:00:28,doors opened
07/12/2025,12,6012,Saturday,Saturday,West,15656901,60000,16:40:00,60262,16:44:22,6,3250,Hawk/Capitol Station - Washington Ave & Hawk St (03250),0,0,4,,,60613,16:50:13,,,60613,16:50:13,0,00:00:00,door not opened
07/12/2025,12,6012,Saturday,Saturday,West,15656901,60000,16:40:00,60262,16:44:22,5,10087,State St & Eagle St (10087),0,0,4,,,60569,16:49:29,,,60569,16:49:29,0,00:00:00,door not opened
07/12/2025,12,6012,Saturday,Saturday,West,15656901,60000,16:40:00,60262,16:44:22,4,2665,State/Downtown Station - State St & Lodge St (02665),1,0,4,60240.0,16:44:00,60520,16:48:40,60240.0,16:44:00,60539,16:48:59,19,00:00:19,doors opened
07/12/2025,12,6012,Saturday,Saturday,West,15656901,60000,16:40:00,60262,16:44:22,3,3221,State Station - N. Pearl St & Ten Eyck Plaza (03221),1,0,3,,,60429,16:47:09,,,60482,16:48:02,53,00:00:53,doors opened
07/12/2025,12,6012,Saturday,Saturday,West,15656901,60000,16:40:00,60262,16:44:22,2,3233,N. Pearl St & Sheridan Ave (03233),0,0,2,,,60372,16:46:12,,,60372,16:46:12,0,00:00:00,door not opened
07/12/2025,12,6012,Saturday,Saturday,West,15656901,60000,16:40:00,60262,16:44:22,1,2168,Clinton Square Station - N. Pearl St & Clinton Ave (02168),2,0,2,,,60324,16:45:24,,,60354,16:45:54,30,00:00:30,doors opened
07/12/2025,12,6012,Saturday,Saturday,West,15656901,60000,16:40:00,60262,16:44:22,0,9018,Broadway & Orange St (09018),0,0,0,60000.0,16:40:00,60262,16:44:22,60000.0,16:40:00,60262,16:44:22,0,00:00:00,door not opened
07/12/2025,12,6012,Saturday,Saturday,East,15657012,69600,19:20:00,69806,19:23:26,24,3940,Broadway & Steuben St (03940),0,1,0,71700.0,19:55:00,71602,19:53:22,71700.0,19:55:00,71602,19:53:22,0,00:00:00,doors opened
07/12/2025,12,6012,Saturday,Saturday,East,15657012,69600,19:20:00,69806,19:23:26,23,2509,State/Downtown Station - State St & S. Pearl St (02509),0,4,1,71460.0,19:51:00,71514,19:51:54,71460.0,19:51:00,71534,19:52:14,20,00:00:20,doors opened
07/12/2025,12,6012,Saturday,Saturday,East,15657012,69600,19:20:00,69806,19:23:26,22,1787,State St & Eagle St (01787),0,0,5,,,71497,19:51:37,,,71497,19:51:37,0,00:00:00,door not opened
07/12/2025,12,6012,Saturday,Saturday,East,15657012,69600,19:20:00,69806,19:23:26,21,2706,Hawk/Capitol Station - Washington Ave & Hawk St (02706),0,3,5,,,71424,19:50:24,,,71438,19:50:38,14,00:00:14,doors opened
07/12/2025,12,6012,Saturday,Saturday,East,15657012,69600,19:20:00,69806,19:23:26,20,1789,Washington Ave & S. Swan St (01789),0,0,8,,,71402,19:50:02,,,71402,19:50:02,0,00:00:00,door not opened
07/12/2025,12,6012,Saturday,Saturday,East,15657012,69600,19:20:00,69806,19:23:26,19,1788,Washington Ave & Dove St (01788),1,0,8,,,71363,19:49:23,,,71379,19:49:39,16,00:00:16,doors opened
07/12/2025,12,6012,Saturday,Saturday,East,15657012,69600,19:20:00,69806,19:23:26,18,2663,Lark/Library Station - Washington Ave & Lark St (02663),0,6,7,71220.0,19:47:00,71315,19:48:35,71220.0,19:47:00,71335,19:48:55,20,00:00:20,doors opened
07/12/2025,12,6012,Saturday,Saturday,East,15657012,69600,19:20:00,69806,19:23:26,17,263,Washington Ave & Henry Johnson Blvd (00263),0,0,13,,,71232,19:47:12,,,71267,19:47:47,35,00:00:35,doors opened
07/12/2025,12,6012,Saturday,Saturday,East,15657012,69600,19:20:00,69806,19:23:26,16,2096,Washington Ave & Lexington Ave (02096),0,0,13,,,71187,19:46:27,,,71205,19:46:45,18,00:00:18,doors opened
07/12/2025,12,6012,Saturday,Saturday,East,15657012,69600,19:20:00,69806,19:23:26,15,3253,Washington Ave & Robin St (Draper Hall) (03253),0,0,13,,,71171,19:46:11,,,71171,19:46:11,0,00:00:00,door not opened
07/12/2025,12,6012,Saturday,Saturday,East,15657012,69600,19:20:00,69806,19:23:26,14,2109,Washington Ave & N. Lake Ave (02109),0,0,13,,,71102,19:45:02,,,71122,19:45:22,20,00:00:20,doors opened
07/12/2025,12,6012,Saturday,Saturday,East,15657012,69600,19:20:00,69806,19:23:26,13,3255,Washington Ave & Quail St (03255),0,0,13,,,71056,19:44:16,,,71077,19:44:37,21,00:00:21,doors opened
07/12/2025,12,6012,Saturday,Saturday,East,15657012,69600,19:20:00,69806,19:23:26,12,3256,Washington Ave & Ontario St (03256),0,3,13,70860.0,19:41:00,71016,19:43:36,70860.0,19:41:00,71032,19:43:52,16,00:00:16,doors opened
07/12/2025,12,6012,Saturday,Saturday,East,15657012,69600,19:20:00,69806,19:23:26,11,2107,Washington Ave & Partridge St (02107),0,3,16,,,70970,19:42:50,,,70994,19:43:14,24,00:00:24,doors opened
07/12/2025,12,6012,Saturday,Saturday,East,15657012,69600,19:20:00,69806,19:23:26,10,3257,Washington Ave & N. Main Ave (03257),0,0,19,,,70928,19:42:08,,,70928,19:42:08,0,00:00:00,door not opened
07/12/2025,12,6012,Saturday,Saturday,East,15657012,69600,19:20:00,69806,19:23:26,9,1796,Washington Ave & N. Allen St (01796),0,3,19,70740.0,19:39:00,70875,19:41:15,70740.0,19:39:00,70901,19:41:41,26,00:00:26,doors opened
07/12/2025,12,6012,Saturday,Saturday,East,15657012,69600,19:20:00,69806,19:23:26,8,11581,Washington Ave & Manning Blvd (11581),0,0,22,,,70850,19:40:50,,,70850,19:40:50,0,00:00:00,door not opened
07/12/2025,12,6012,Saturday,Saturday,East,15657012,69600,19:20:00,69806,19:23:26,7,2180,Washington Ave & Homestead Ave (02180),0,1,22,,,70813,19:40:13,,,70832,19:40:32,19,00:00:19,doors opened
07/12/2025,12,6012,Saturday,Saturday,East,15657012,69600,19:20:00,69806,19:23:26,6,2182,Washington Ave & Hawthorne St (02182),0,0,23,,,70791,19:39:51,,,70791,19:39:51,0,00:00:00,door not opened
07/12/2025,12,6012,Saturday,Saturday,East,15657012,69600,19:20:00,69806,19:23:26,5,3304,Washington Ave & Clermont St (03304),1,0,23,,,70747,19:39:07,,,70767,19:39:27,20,00:00:20,doors opened
07/12/2025,12,6012,Saturday,Saturday,East,15657012,69600,19:20:00,69806,19:23:26,4,3348,Washington Ave & Brevator St (03348),0,0,22,,,70694,19:38:14,,,70725,19:38:45,31,00:00:31,doors opened
07/12/2025,12,6012,Saturday,Saturday,East,15657012,69600,19:20:00,69806,19:23:26,3,10134,Washington Ave & SUNY Exit Rd (10134),2,0,22,,,70550,19:35:50,,,70585,19:36:25,35,00:00:35,doors opened
07/12/2025,12,6012,Saturday,Saturday,East,15657012,69600,19:20:00,69806,19:23:26,2,7216,SUNY Collins Circle (07216),2,1,20,70320.0,19:32:00,70428,19:33:48,70320.0,19:32:00,70449,19:34:09,21,00:00:21,doors opened
07/12/2025,12,6012,Saturday,Saturday,East,15657012,69600,19:20:00,69806,19:23:26,1,12827,Crossgates Commons Station (12827),7,0,19,70020.0,19:27:00,70111,19:28:31,70020.0,19:27:00,70173,19:29:33,62,00:01:02,doors opened
07/12/2025,12,6012,Saturday,Saturday,East,15657012,69600,19:20:00,69806,19:23:26,0,7175,Crossgates Mall Station (07175),12,0,12,69600.0,19:20:00,69806,19:23:26,69600.0,19:20:00,69806,19:23:26,0,00:00:00,doors opened
07/12/2025,12,6012,Saturday,Saturday,West,15657014,72000,20:00:00,72122,20:02:02,27,7175,Crossgates Mall Station (07175),0,4,0,74100.0,20:35:00,73983,20:33:03,74100.0,20:35:00,73983,20:33:03,0,00:00:00,doors opened
07/12/2025,12,6012,Saturday,Saturday,West,15657014,72000,20:00:00,72122,20:02:02,26,12828,Crossgates Commons Station (12828),0,1,4,73680.0,20:28:00,73703,20:28:23,73680.0,20:28:00,73726,20:28:46,23,00:00:23,doors opened
07/12/2025,12,6012,Saturday,Saturday,West,15657014,72000,20:00:00,72122,20:02:02,25,12891,1475 Washington Ave (12891),0,1,5,,,73529,20:25:29,,,73544,20:25:44,15,00:00:15,doors opened
07/12/2025,12,6012,Saturday,Saturday,West,15657014,72000,20:00:00,72122,20:02:02,24,7216,SUNY Collins Circle (07216),0,0,6,73380.0,20:23:00,73395,20:23:15,73380.0,20:23:00,73395,20:23:15,0,00:00:00,door not opened
07/12/2025,12,6012,Saturday,Saturday,West,15657014,72000,20:00:00,72122,20:02:02,23,3262,1383 Washington Ave (Fairfield Inn) (03262),0,0,6,,,73308,20:21:48,,,73308,20:21:48,0,00:00:00,door not opened
07/12/2025,12,6012,Saturday,Saturday,West,15657014,72000,20:00:00,72122,20:02:02,22,976,Washington Ave & Brevator St (00976),0,0,6,,,73204,20:20:04,,,73204,20:20:04,0,00:00:00,door not opened
07/12/2025,12,6012,Saturday,Saturday,West,15657014,72000,20:00:00,72122,20:02:02,21,1959,Washington Ave & Colvin Ave (01959),1,0,6,,,73156,20:19:16,,,73183,20:19:43,27,00:00:27,doors opened
07/12/2025,12,6012,Saturday,Saturday,West,15657014,72000,20:00:00,72122,20:02:02,20,3399,Washington Ave & Danker Ave (03399),0,0,5,,,73136,20:18:56,,,73136,20:18:56,0,00:00:00,door not opened
07/12/2025,12,6012,Saturday,Saturday,West,15657014,72000,20:00:00,72122,20:02:02,19,1849,Washington Ave & Homestead Ave (01849),1,0,5,,,73098,20:18:18,,,73115,20:18:35,17,00:00:17,doors opened
07/12/2025,12,6012,Saturday,Saturday,West,15657014,72000,20:00:00,72122,20:02:02,18,1846,Washington Ave & Manning Blvd (01846),0,0,4,,,73078,20:17:58,,,73078,20:17:58,0,00:00:00,door not opened
07/12/2025,12,6012,Saturday,Saturday,West,15657014,72000,20:00:00,72122,20:02:02,17,3287,Washington Ave & N. Allen St (03287),0,4,4,73020.0,20:17:00,72985,20:16:25,73020.0,20:17:00,73002,20:16:42,17,00:00:17,doors opened
07/12/2025,12,6012,Saturday,Saturday,West,15657014,72000,20:00:00,72122,20:02:02,16,3264,Washington Ave & N. Main Ave (03264),0,0,8,,,72958,20:15:58,,,72958,20:15:58,0,00:00:00,door not opened
07/12/2025,12,6012,Saturday,Saturday,West,15657014,72000,20:00:00,72122,20:02:02,15,1839,Washington Ave & Partridge St (01839),0,0,8,,,72883,20:14:43,,,72883,20:14:43,0,00:00:00,door not opened
07/12/2025,12,6012,Saturday,Saturday,West,15657014,72000,20:00:00,72122,20:02:02,14,1841,Washington Ave & Ontario St (01841),1,0,8,72840.0,20:14:00,72822,20:13:42,72840.0,20:14:00,72855,20:14:15,33,00:00:33,doors opened
07/12/2025,12,6012,Saturday,Saturday,West,15657014,72000,20:00:00,72122,20:02:02,13,1842,Washington Ave & Quail St (01842),0,0,7,,,72755,20:12:35,,,72800,20:13:20,45,00:00:45,doors opened
07/12/2025,12,6012,Saturday,Saturday,West,15657014,72000,20:00:00,72122,20:02:02,12,1837,Washington Ave & N. Lake Ave (01837),0,0,7,,,72735,20:12:15,,,72735,20:12:15,0,00:00:00,door not opened
07/12/2025,12,6012,Saturday,Saturday,West,15657014,72000,20:00:00,72122,20:02:02,11,1843,Washington Ave & Robin St (01843),0,0,7,,,72693,20:11:33,,,72693,20:11:33,0,00:00:00,door not opened
07/12/2025,12,6012,Saturday,Saturday,West,15657014,72000,20:00:00,72122,20:02:02,10,12943,Washington Ave & Lexington Ave (12943),0,0,7,,,72673,20:11:13,,,72673,20:11:13,0,00:00:00,door not opened
07/12/2025,12,6012,Saturday,Saturday,West,15657014,72000,20:00:00,72122,20:02:02,9,12942,Washington Ave & Henry Johnson Blvd (12942),0,0,7,,,72608,20:10:08,,,72608,20:10:08,0,00:00:00,door not opened
07/12/2025,12,6012,Saturday,Saturday,West,15657014,72000,20:00:00,72122,20:02:02,8,3239,Lark/Library Station - Washington Ave & Lark St (03239),1,0,7,72480.0,20:08:00,72541,20:09:01,72480.0,20:08:00,72562,20:09:22,21,00:00:21,doors opened
07/12/2025,12,6012,Saturday,Saturday,West,15657014,72000,20:00:00,72122,20:02:02,7,3301,Washington Ave & S. Swan St (03301),0,0,6,,,72510,20:08:30,,,72510,20:08:30,0,00:00:00,door not opened
07/12/2025,12,6012,Saturday,Saturday,West,15657014,72000,20:00:00,72122,20:02:02,6,3250,Hawk/Capitol Station - Washington Ave & Hawk St (03250),2,0,6,,,72453,20:07:33,,,72484,20:08:04,31,00:00:31,doors opened
07/12/2025,12,6012,Saturday,Saturday,West,15657014,72000,20:00:00,72122,20:02:02,5,10087,State St & Eagle St (10087),0,0,4,,,72429,20:07:09,,,72429,20:07:09,0,00:00:00,door not opened
07/12/2025,12,6012,Saturday,Saturday,West,15657014,72000,20:00:00,72122,20:02:02,4,2665,State/Downtown Station - State St & Lodge St (02665),2,0,4,72240.0,20:04:00,72379,20:06:19,72240.0,20:04:00,72400,20:06:40,21,00:00:21,doors opened
07/12/2025,12,6012,Saturday,Saturday,West,15657014,72000,20:00:00,72122,20:02:02,3,3221,State Station - N. Pearl St & Ten Eyck Plaza (03221),1,0,2,,,72286,20:04:46,,,72353,20:05:53,67,00:01:07,doors opened
07/12/2025,12,6012,Saturday,Saturday,West,15657014,72000,20:00:00,72122,20:02:02,2,3233,N. Pearl St & Sheridan Ave (03233),0,0,1,,,72248,20:04:08,,,72248,20:04:08,0,00:00:00,door not opened
07/12/2025,12,6012,Saturday,Saturday,West,15657014,72000,20:00:00,72122,20:02:02,1,2168,Clinton Square Station - N. Pearl St & Clinton Ave (02168),0,0,1,,,72191,20:03:11,,,72191,20:03:11,0,00:00:00,door not opened
07/12/2025,12,6012,Saturday,Saturday,West,15657014,72000,20:00:00,72122,20:02:02,0,9018,Broadway & Orange St (09018),1,0,1,72000.0,20:00:00,72122,20:02:02,72000.0,20:00:00,72122,20:02:02,0,00:00:00,doors opened
07/12/2025,12,4097,Saturday,Saturday,East,15655733,39600,11:00:00,39752,11:02:32,24,3940,Broadway & Steuben St (03940),0,0,0,41580.0,11:33:00,41743,11:35:43,41580.0,11:33:00,41743,11:35:43,0,00:00:00,door not opened
07/12/2025,12,4097,Saturday,Saturday,East,15655733,39600,11:00:00,39752,11:02:32,23,2509,State/Downtown Station - State St & S. Pearl St (02509),0,2,0,41340.0,11:29:00,41580,11:33:00,41340.0,11:29:00,41617,11:33:37,37,00:00:37,doors opened
07/12/2025,12,4097,Saturday,Saturday,East,15655733,39600,11:00:00,39752,11:02:32,22,1787,State St & Eagle St (01787),0,1,2,,,41544,11:32:24,,,41555,11:32:35,11,00:00:11,doors opened
07/12/2025,12,4097,Saturday,Saturday,East,15655733,39600,11:00:00,39752,11:02:32,21,2706,Hawk/Capitol Station - Washington Ave & Hawk St (02706),0,0,3,,,41488,11:31:28,,,41488,11:31:28,0,00:00:00,door not opened
07/12/2025,12,4097,Saturday,Saturday,East,15655733,39600,11:00:00,39752,11:02:32,20,1789,Washington Ave & S. Swan St (01789),0,0,3,,,41473,11:31:13,,,41473,11:31:13,0,00:00:00,door not opened
07/12/2025,12,4097,Saturday,Saturday,East,15655733,39600,11:00:00,39752,11:02:32,19,1788,Washington Ave & Dove St (01788),0,0,3,,,41454,11:30:54,,,41454,11:30:54,0,00:00:00,door not opened
07/12/2025,12,4097,Saturday,Saturday,East,15655733,39600,11:00:00,39752,11:02:32,18,2663,Lark/Library Station - Washington Ave & Lark St (02663),1,1,3,41100.0,11:25:00,41412,11:30:12,41100.0,11:25:00,41434,11:30:34,22,00:00:22,doors opened
07/12/2025,12,4097,Saturday,Saturday,East,15655733,39600,11:00:00,39752,11:02:32,17,263,Washington Ave & Henry Johnson Blvd (00263),0,0,3,,,41389,11:29:49,,,41389,11:29:49,0,00:00:00,door not opened
07/12/2025,12,4097,Saturday,Saturday,East,15655733,39600,11:00:00,39752,11:02:32,16,2096,Washington Ave & Lexington Ave (02096),0,0,3,,,41289,11:28:09,,,41289,11:28:09,0,00:00:00,door not opened
07/12/2025,12,4097,Saturday,Saturday,East,15655733,39600,11:00:00,39752,11:02:32,15,3253,Washington Ave & Robin St (Draper Hall) (03253),0,1,3,,,41194,11:26:34,,,41227,11:27:07,33,00:00:33,doors opened
07/12/2025,12,4097,Saturday,Saturday,East,15655733,39600,11:00:00,39752,11:02:32,14,2109,Washington Ave & N. Lake Ave (02109),0,0,4,,,41172,11:26:12,,,41172,11:26:12,0,00:00:00,door not opened
07/12/2025,12,4097,Saturday,Saturday,East,15655733,39600,11:00:00,39752,11:02:32,0,7175,Crossgates Mall Station (07175),0,0,0,39600.0,11:00:00,39752,11:02:32,39600.0,11:00:00,39752,11:02:32,0,00:00:00,doors opened
07/12/2025,12,4097,Saturday,Saturday,East,15655733,39600,11:00:00,39752,11:02:32,13,3255,Washington Ave & Quail St (03255),2,0,4,,,41084,11:24:44,,,41118,11:25:18,34,00:00:34,doors opened
07/12/2025,12,4097,Saturday,Saturday,East,15655733,39600,11:00:00,39752,11:02:32,12,3256,Washington Ave & Ontario St (03256),0,0,2,40740.0,11:19:00,41066,11:24:26,40740.0,11:19:00,41066,11:24:26,0,00:00:00,door not opened
07/12/2025,12,4097,Saturday,Saturday,East,15655733,39600,11:00:00,39752,11:02:32,11,2107,Washington Ave & Partridge St (02107),0,0,2,,,41045,11:24:05,,,41045,11:24:05,0,00:00:00,door not opened
07/12/2025,12,4097,Saturday,Saturday,East,15655733,39600,11:00:00,39752,11:02:32,10,3257,Washington Ave & N. Main Ave (03257),0,0,2,,,40917,11:21:57,,,40917,11:21:57,0,00:00:00,door not opened
07/12/2025,12,4097,Saturday,Saturday,East,15655733,39600,11:00:00,39752,11:02:32,9,1796,Washington Ave & N. Allen St (01796),1,0,2,40620.0,11:17:00,40831,11:20:31,40620.0,11:17:00,40851,11:20:51,20,00:00:20,doors opened
07/12/2025,12,4097,Saturday,Saturday,East,15655733,39600,11:00:00,39752,11:02:32,8,11581,Washington Ave & Manning Blvd (11581),0,0,1,,,40801,11:20:01,,,40801,11:20:01,0,00:00:00,door not opened
07/12/2025,12,4097,Saturday,Saturday,East,15655733,39600,11:00:00,39752,11:02:32,7,2180,Washington Ave & Homestead Ave (02180),0,0,1,,,40763,11:19:23,,,40763,11:19:23,0,00:00:00,door not opened
07/12/2025,12,4097,Saturday,Saturday,East,15655733,39600,11:00:00,39752,11:02:32,6,2182,Washington Ave & Hawthorne St (02182),0,0,1,,,40727,11:18:47,,,40727,11:18:47,0,00:00:00,door not opened
07/12/2025,12,4097,Saturday,Saturday,East,15655733,39600,11:00:00,39752,11:02:32,5,3304,Washington Ave & Clermont St (03304),0,0,1,,,40700,11:18:20,,,40700,11:18:20,0,00:00:00,door not opened
07/12/2025,12,4097,Saturday,Saturday,East,15655733,39600,11:00:00,39752,11:02:32,4,3348,Washington Ave & Brevator St (03348),0,0,1,,,40659,11:17:39,,,40659,11:17:39,0,00:00:00,door not opened
07/12/2025,12,4097,Saturday,Saturday,East,15655733,39600,11:00:00,39752,11:02:32,3,10134,Washington Ave & SUNY Exit Rd (10134),0,0,1,,,40552,11:15:52,,,40552,11:15:52,0,00:00:00,door not opened
07/12/2025,12,4097,Saturday,Saturday,East,15655733,39600,11:00:00,39752,11:02:32,2,7216,SUNY Collins Circle (07216),0,0,1,40200.0,11:10:00,40441,11:14:01,40200.0,11:10:00,40441,11:14:01,0,00:00:00,door not opened
07/12/2025,12,4097,Saturday,Saturday,East,15655733,39600,11:00:00,39752,11:02:32,1,12827,Crossgates Commons Station (12827),1,0,1,39960.0,11:06:00,40106,11:08:26,39960.0,11:06:00,40187,11:09:47,81,00:01:21,doors opened
07/12/2025,12,4097,Saturday,Saturday,West,15655735,42000,11:40:00,42349,11:45:49,12,1837,Washington Ave & N. Lake Ave (01837),0,0,12,,,43096,11:58:16,,,43096,11:58:16,0,00:00:00,door not opened
07/12/2025,12,4097,Saturday,Saturday,West,15655735,42000,11:40:00,42349,11:45:49,11,1843,Washington Ave & Robin St (01843),0,0,12,,,43052,11:57:32,,,43052,11:57:32,0,00:00:00,door not opened
07/12/2025,12,4097,Saturday,Saturday,West,15655735,42000,11:40:00,42349,11:45:49,10,12943,Washington Ave & Lexington Ave (12943),1,0,12,,,43017,11:56:57,,,43028,11:57:08,11,00:00:11,doors opened
07/12/2025,12,4097,Saturday,Saturday,West,15655735,42000,11:40:00,42349,11:45:49,9,12942,Washington Ave & Henry Johnson Blvd (12942),3,0,11,,,42953,11:55:53,,,42989,11:56:29,36,00:00:36,doors opened
07/12/2025,12,4097,Saturday,Saturday,West,15655735,42000,11:40:00,42349,11:45:49,8,3239,Lark/Library Station - Washington Ave & Lark St (03239),4,1,8,42480.0,11:48:00,42853,11:54:13,42480.0,11:48:00,42891,11:54:51,38,00:00:38,doors opened
07/12/2025,12,4097,Saturday,Saturday,West,15655735,42000,11:40:00,42349,11:45:49,7,3301,Washington Ave & S. Swan St (03301),1,0,5,,,42767,11:52:47,,,42820,11:53:40,53,00:00:53,doors opened
07/12/2025,12,4097,Saturday,Saturday,West,15655735,42000,11:40:00,42349,11:45:49,6,3250,Hawk/Capitol Station - Washington Ave & Hawk St (03250),0,0,4,,,42744,11:52:24,,,42744,11:52:24,0,00:00:00,door not opened
07/12/2025,12,4097,Saturday,Saturday,West,15655735,42000,11:40:00,42349,11:45:49,5,10087,State St & Eagle St (10087),0,0,4,,,42714,11:51:54,,,42714,11:51:54,0,00:00:00,door not opened
07/12/2025,12,4097,Saturday,Saturday,West,15655735,42000,11:40:00,42349,11:45:49,4,2665,State/Downtown Station - State St & Lodge St (02665),1,0,4,42240.0,11:44:00,42646,11:50:46,42240.0,11:44:00,42662,11:51:02,16,00:00:16,doors opened
07/12/2025,12,4097,Saturday,Saturday,West,15655735,42000,11:40:00,42349,11:45:49,3,3221,State Station - N. Pearl St & Ten Eyck Plaza (03221),1,0,3,,,42515,11:48:35,,,42620,11:50:20,105,00:01:45,doors opened
07/12/2025,12,4097,Saturday,Saturday,West,15655735,42000,11:40:00,42349,11:45:49,2,3233,N. Pearl St & Sheridan Ave (03233),0,0,2,,,42463,11:47:43,,,42463,11:47:43,0,00:00:00,door not opened
07/12/2025,12,4097,Saturday,Saturday,West,15655735,42000,11:40:00,42349,11:45:49,1,2168,Clinton Square Station - N. Pearl St & Clinton Ave (02168),0,0,2,,,42413,11:46:53,,,42413,11:46:53,0,00:00:00,door not opened
07/12/2025,12,4097,Saturday,Saturday,West,15655735,42000,11:40:00,42349,11:45:49,0,9018,Broadway & Orange St (09018),2,0,2,42000.0,11:40:00,42349,11:45:49,42000.0,11:40:00,42349,11:45:49,0,00:00:00,doors opened
07/12/2025,12,4097,Saturday,Saturday,West,15655735,42000,11:40:00,42349,11:45:49,27,7175,Crossgates Mall Station (07175),0,8,0,44220.0,12:17:00,44450,12:20:50,44220.0,12:17:00,44450,12:20:50,0,00:00:00,doors opened
07/12/2025,12,4097,Saturday,Saturday,West,15655735,42000,11:40:00,42349,11:45:49,26,12828,Crossgates Commons Station (12828),1,6,8,43800.0,12:10:00,44147,12:15:47,43800.0,12:10:00,44178,12:16:18,31,00:00:31,doors opened
07/12/2025,12,4097,Saturday,Saturday,West,15655735,42000,11:40:00,42349,11:45:49,25,12891,1475 Washington Ave (12891),1,1,13,,,43947,12:12:27,,,43964,12:12:44,17,00:00:17,doors opened
07/12/2025,12,4097,Saturday,Saturday,West,15655735,42000,11:40:00,42349,11:45:49,24,7216,SUNY Collins Circle (07216),0,1,13,43440.0,12:04:00,43797,12:09:57,43440.0,12:04:00,43807,12:10:07,10,00:00:10,doors opened
07/12/2025,12,4097,Saturday,Saturday,West,15655735,42000,11:40:00,42349,11:45:49,23,3262,1383 Washington Ave (Fairfield Inn) (03262),0,1,14,,,43700,12:08:20,,,43711,12:08:31,11,00:00:11,doors opened
07/12/2025,12,4097,Saturday,Saturday,West,15655735,42000,11:40:00,42349,11:45:49,22,976,Washington Ave & Brevator St (00976),0,0,15,,,43592,12:06:32,,,43592,12:06:32,0,00:00:00,door not opened
07/12/2025,12,4097,Saturday,Saturday,West,15655735,42000,11:40:00,42349,11:45:49,21,1959,Washington Ave & Colvin Ave (01959),0,1,15,,,43519,12:05:19,,,43558,12:05:58,39,00:00:39,doors opened
07/12/2025,12,4097,Saturday,Saturday,West,15655735,42000,11:40:00,42349,11:45:49,20,3399,Washington Ave & Danker Ave (03399),0,0,16,,,43478,12:04:38,,,43491,12:04:51,13,00:00:13,doors opened
07/12/2025,12,4097,Saturday,Saturday,West,15655735,42000,11:40:00,42349,11:45:49,19,1849,Washington Ave & Homestead Ave (01849),0,0,16,,,43456,12:04:16,,,43456,12:04:16,0,00:00:00,door not opened
07/12/2025,12,4097,Saturday,Saturday,West,15655735,42000,11:40:00,42349,11:45:49,18,1846,Washington Ave & Manning Blvd (01846),0,0,16,,,43439,12:03:59,,,43439,12:03:59,0,00:00:00,door not opened
07/12/2025,12,4097,Saturday,Saturday,West,15655735,42000,11:40:00,42349,11:45:49,17,3287,Washington Ave & N. Allen St (03287),2,1,16,43080.0,11:58:00,43352,12:02:32,43080.0,11:58:00,43377,12:02:57,25,00:00:25,doors opened
07/12/2025,12,4097,Saturday,Saturday,West,15655735,42000,11:40:00,42349,11:45:49,16,3264,Washington Ave & N. Main Ave (03264),0,0,15,,,43324,12:02:04,,,43324,12:02:04,0,00:00:00,door not opened
07/12/2025,12,4097,Saturday,Saturday,West,15655735,42000,11:40:00,42349,11:45:49,15,1839,Washington Ave & Partridge St (01839),1,0,15,,,43240,12:00:40,,,43260,12:01:00,20,00:00:20,doors opened
07/12/2025,12,4097,Saturday,Saturday,West,15655735,42000,11:40:00,42349,11:45:49,14,1841,Washington Ave & Ontario St (01841),0,1,14,42840.0,11:54:00,43188,11:59:48,42840.0,11:54:00,43215,12:00:15,27,00:00:27,doors opened
07/12/2025,12,4097,Saturday,Saturday,West,15655735,42000,11:40:00,42349,11:45:49,13,1842,Washington Ave & Quail St (01842),4,1,15,,,43121,11:58:41,,,43164,11:59:24,43,00:00:43,doors opened
07/12/2025,12,4097,Saturday,Saturday,East,15655738,49200,13:40:00,49259,13:40:59,24,3940,Broadway & Steuben St (03940),0,0,0,51360.0,14:16:00,51716,14:21:56,51360.0,14:16:00,51716,14:21:56,0,00:00:00,door not opened
07/12/2025,12,4097,Saturday,Saturday,East,15655738,49200,13:40:00,49259,13:40:59,23,2509,State/Downtown Station - State St & S. Pearl St (02509),0,5,0,51120.0,14:12:00,51322,14:15:22,51120.0,14:12:00,51345,14:15:45,23,00:00:23,doors opened
07/12/2025,12,4097,Saturday,Saturday,East,15655738,49200,13:40:00,49259,13:40:59,22,1787,State St & Eagle St (01787),0,0,5,,,51307,14:15:07,,,51307,14:15:07,0,00:00:00,door not opened
07/12/2025,12,4097,Saturday,Saturday,East,15655738,49200,13:40:00,49259,13:40:59,21,2706,Hawk/Capitol Station - Washington Ave & Hawk St (02706),0,0,5,,,51262,14:14:22,,,51262,14:14:22,0,00:00:00,door not opened
07/12/2025,12,4097,Saturday,Saturday,East,15655738,49200,13:40:00,49259,13:40:59,20,1789,Washington Ave & S. Swan St (01789),0,0,5,,,51246,14:14:06,,,51246,14:14:06,0,00:00:00,door not opened
07/12/2025,12,4097,Saturday,Saturday,East,15655738,49200,13:40:00,49259,13:40:59,19,1788,Washington Ave & Dove St (01788),0,0,5,,,51219,14:13:39,,,51219,14:13:39,0,00:00:00,door not opened
07/12/2025,12,4097,Saturday,Saturday,East,15655738,49200,13:40:00,49259,13:40:59,18,2663,Lark/Library Station - Washington Ave & Lark St (02663),0,6,5,50820.0,14:07:00,51147,14:12:27,50820.0,14:07:00,51164,14:12:44,17,00:00:17,doors opened
07/12/2025,12,4097,Saturday,Saturday,East,15655738,49200,13:40:00,49259,13:40:59,4,3348,Washington Ave & Brevator St (03348),0,0,24,,,50396,13:59:56,,,50396,13:59:56,0,00:00:00,door not opened
07/12/2025,12,4097,Saturday,Saturday,East,15655738,49200,13:40:00,49259,13:40:59,3,10134,Washington Ave & SUNY Exit Rd (10134),3,1,24,,,50209,13:56:49,,,50249,13:57:29,40,00:00:40,doors opened
07/12/2025,12,4097,Saturday,Saturday,East,15655738,49200,13:40:00,49259,13:40:59,2,7216,SUNY Collins Circle (07216),1,0,22,49920.0,13:52:00,50072,13:54:32,49920.0,13:52:00,50090,13:54:50,18,00:00:18,doors opened
07/12/2025,12,4097,Saturday,Saturday,East,15655738,49200,13:40:00,49259,13:40:59,1,12827,Crossgates Commons Station (12827),12,5,21,49620.0,13:47:00,49612,13:46:52,49620.0,13:47:00,49749,13:49:09,137,00:02:17,doors opened
07/12/2025,12,4097,Saturday,Saturday,East,15655738,49200,13:40:00,49259,13:40:59,0,7175,Crossgates Mall Station (07175),14,0,14,49200.0,13:40:00,49259,13:40:59,49200.0,13:40:00,49259,13:40:59,0,00:00:00,doors opened
07/12/2025,12,4097,Saturday,Saturday,East,15655738,49200,13:40:00,49259,13:40:59,17,263,Washington Ave & Henry Johnson Blvd (00263),0,3,11,,,51058,14:10:58,,,51102,14:11:42,44,00:00:44,doors opened
07/12/2025,12,4097,Saturday,Saturday,East,15655738,49200,13:40:00,49259,13:40:59,16,2096,Washington Ave & Lexington Ave (02096),0,1,14,,,50933,14:08:53,,,51007,14:10:07,74,00:01:14,doors opened
07/12/2025,12,4097,Saturday,Saturday,East,15655738,49200,13:40:00,49259,13:40:59,15,3253,Washington Ave & Robin St (Draper Hall) (03253),0,0,15,,,50917,14:08:37,,,50917,14:08:37,0,00:00:00,door not opened
07/12/2025,12,4097,Saturday,Saturday,East,15655738,49200,13:40:00,49259,13:40:59,14,2109,Washington Ave & N. Lake Ave (02109),0,0,15,,,50891,14:08:11,,,50891,14:08:11,0,00:00:00,door not opened
07/12/2025,12,4097,Saturday,Saturday,East,15655738,49200,13:40:00,49259,13:40:59,13,3255,Washington Ave & Quail St (03255),1,4,15,,,50808,14:06:48,,,50839,14:07:19,31,00:00:31,doors opened
07/12/2025,12,4097,Saturday,Saturday,East,15655738,49200,13:40:00,49259,13:40:59,12,3256,Washington Ave & Ontario St (03256),0,0,18,50460.0,14:01:00,50791,14:06:31,50460.0,14:01:00,50791,14:06:31,0,00:00:00,door not opened
07/12/2025,12,4097,Saturday,Saturday,East,15655738,49200,13:40:00,49259,13:40:59,11,2107,Washington Ave & Partridge St (02107),0,3,18,,,50753,14:05:53,,,50773,14:06:13,20,00:00:20,doors opened
07/12/2025,12,4097,Saturday,Saturday,East,15655738,49200,13:40:00,49259,13:40:59,10,3257,Washington Ave & N. Main Ave (03257),0,0,21,,,50664,14:04:24,,,50692,14:04:52,28,00:00:28,doors opened
07/12/2025,12,4097,Saturday,Saturday,East,15655738,49200,13:40:00,49259,13:40:59,9,1796,Washington Ave & N. Allen St (01796),0,2,21,50340.0,13:59:00,50612,14:03:32,50340.0,13:59:00,50632,14:03:52,20,00:00:20,doors opened
07/12/2025,12,4097,Saturday,Saturday,East,15655738,49200,13:40:00,49259,13:40:59,8,11581,Washington Ave & Manning Blvd (11581),2,1,23,,,50560,14:02:40,,,50580,14:03:00,20,00:00:20,doors opened
07/12/2025,12,4097,Saturday,Saturday,East,15655738,49200,13:40:00,49259,13:40:59,7,2180,Washington Ave & Homestead Ave (02180),0,2,22,,,50521,14:02:01,,,50537,14:02:17,16,00:00:16,doors opened
07/12/2025,12,4097,Saturday,Saturday,East,15655738,49200,13:40:00,49259,13:40:59,6,2182,Washington Ave & Hawthorne St (02182),1,0,24,,,50465,14:01:05,,,50492,14:01:32,27,00:00:27,doors opened
07/12/2025,12,4097,Saturday,Saturday,East,15655738,49200,13:40:00,49259,13:40:59,5,3304,Washington Ave & Clermont St (03304),0,1,23,,,50408,14:00:08,,,50426,14:00:26,18,00:00:18,doors opened
07/12/2025,12,4097,Saturday,Saturday,West,15655740,51600,14:20:00,51749,14:22:29,26,12828,Crossgates Commons Station (12828),6,34,0,53400.0,14:50:00,53922,14:58:42,53400.0,14:50:00,53922,14:58:42,0,00:00:00,doors opened
07/12/2025,12,4097,Saturday,Saturday,West,15655740,51600,14:20:00,51749,14:22:29,25,12891,1475 Washington Ave (12891),1,0,28,,,53708,14:55:08,,,53727,14:55:27,19,00:00:19,doors opened
07/12/2025,12,4097,Saturday,Saturday,West,15655740,51600,14:20:00,51749,14:22:29,24,7216,SUNY Collins Circle (07216),2,3,27,53040.0,14:44:00,53545,14:52:25,53040.0,14:44:00,53592,14:53:12,47,00:00:47,doors opened
07/12/2025,12,4097,Saturday,Saturday,West,15655740,51600,14:20:00,51749,14:22:29,23,3262,1383 Washington Ave (Fairfield Inn) (03262),0,0,28,,,53425,14:50:25,,,53425,14:50:25,0,00:00:00,door not opened
07/12/2025,12,4097,Saturday,Saturday,West,15655740,51600,14:20:00,51749,14:22:29,22,976,Washington Ave & Brevator St (00976),0,0,28,,,53329,14:48:49,,,53329,14:48:49,0,00:00:00,door not opened
07/12/2025,12,4097,Saturday,Saturday,West,15655740,51600,14:20:00,51749,14:22:29,21,1959,Washington Ave & Colvin Ave (01959),0,0,28,,,53310,14:48:30,,,53310,14:48:30,0,00:00:00,door not opened
07/12/2025,12,4097,Saturday,Saturday,West,15655740,51600,14:20:00,51749,14:22:29,20,3399,Washington Ave & Danker Ave (03399),1,2,28,,,53221,14:47:01,,,53247,14:47:27,26,00:00:26,doors opened
07/12/2025,12,4097,Saturday,Saturday,West,15655740,51600,14:20:00,51749,14:22:29,19,1849,Washington Ave & Homestead Ave (01849),1,0,29,,,53179,14:46:19,,,53197,14:46:37,18,00:00:18,doors opened
07/12/2025,12,4097,Saturday,Saturday,West,15655740,51600,14:20:00,51749,14:22:29,18,1846,Washington Ave & Manning Blvd (01846),1,0,28,,,53107,14:45:07,,,53154,14:45:54,47,00:00:47,doors opened
07/12/2025,12,4097,Saturday,Saturday,West,15655740,51600,14:20:00,51749,14:22:29,17,3287,Washington Ave & N. Allen St (03287),5,0,27,52680.0,14:38:00,53005,14:43:25,52680.0,14:38:00,53076,14:44:36,71,00:01:11,doors opened
07/12/2025,12,4097,Saturday,Saturday,West,15655740,51600,14:20:00,51749,14:22:29,3,3221,State Station - N. Pearl St & Ten Eyck Plaza (03221),3,1,4,,,51940,14:25:40,,,52023,14:27:03,83,00:01:23,doors opened
07/12/2025,12,4097,Saturday,Saturday,West,15655740,51600,14:20:00,51749,14:22:29,2,3233,N. Pearl St & Sheridan Ave (03233),0,0,2,,,51859,14:24:19,,,51859,14:24:19,0,00:00:00,door not opened
07/12/2025,12,4097,Saturday,Saturday,West,15655740,51600,14:20:00,51749,14:22:29,1,2168,Clinton Square Station - N. Pearl St & Clinton Ave (02168),2,0,2,,,51822,14:23:42,,,51843,14:24:03,21,00:00:21,doors opened
07/12/2025,12,4097,Saturday,Saturday,West,15655740,51600,14:20:00,51749,14:22:29,0,9018,Broadway & Orange St (09018),0,0,0,51600.0,14:20:00,51749,14:22:29,51600.0,14:20:00,51749,14:22:29,0,00:00:00,doors opened
07/12/2025,12,4097,Saturday,Saturday,West,15655740,51600,14:20:00,51749,14:22:29,16,3264,Washington Ave & N. Main Ave (03264),0,5,22,,,52922,14:42:02,,,52972,14:42:52,50,00:00:50,doors opened
07/12/2025,12,4097,Saturday,Saturday,West,15655740,51600,14:20:00,51749,14:22:29,15,1839,Washington Ave & Partridge St (01839),0,0,27,,,52848,14:40:48,,,52848,14:40:48,0,00:00:00,door not opened
07/12/2025,12,4097,Saturday,Saturday,West,15655740,51600,14:20:00,51749,14:22:29,14,1841,Washington Ave & Ontario St (01841),3,0,27,52440.0,14:34:00,52795,14:39:55,52440.0,14:34:00,52821,14:40:21,26,00:00:26,doors opened
07/12/2025,12,4097,Saturday,Saturday,West,15655740,51600,14:20:00,51749,14:22:29,13,1842,Washington Ave & Quail St (01842),5,1,24,,,52717,14:38:37,,,52765,14:39:25,48,00:00:48,doors opened
07/12/2025,12,4097,Saturday,Saturday,West,15655740,51600,14:20:00,51749,14:22:29,12,1837,Washington Ave & N. Lake Ave (01837),2,0,20,,,52659,14:37:39,,,52689,14:38:09,30,00:00:30,doors opened
07/12/2025,12,4097,Saturday,Saturday,West,15655740,51600,14:20:00,51749,14:22:29,11,1843,Washington Ave & Robin St (01843),4,0,18,,,52596,14:36:36,,,52632,14:37:12,36,00:00:36,doors opened
07/12/2025,12,4097,Saturday,Saturday,West,15655740,51600,14:20:00,51749,14:22:29,10,12943,Washington Ave & Lexington Ave (12943),0,1,14,,,52526,14:35:26,,,52566,14:36:06,40,00:00:40,doors opened
07/12/2025,12,4097,Saturday,Saturday,West,15655740,51600,14:20:00,51749,14:22:29,9,12942,Washington Ave & Henry Johnson Blvd (12942),3,4,15,,,52453,14:34:13,,,52482,14:34:42,29,00:00:29,doors opened
07/12/2025,12,4097,Saturday,Saturday,West,15655740,51600,14:20:00,51749,14:22:29,8,3239,Lark/Library Station - Washington Ave & Lark St (03239),8,1,16,52080.0,14:28:00,52324,14:32:04,52080.0,14:28:00,52414,14:33:34,90,00:01:30,doors opened
07/12/2025,12,4097,Saturday,Saturday,West,15655740,51600,14:20:00,51749,14:22:29,7,3301,Washington Ave & S. Swan St (03301),2,0,9,,,52261,14:31:01,,,52285,14:31:25,24,00:00:24,doors opened
07/12/2025,12,4097,Saturday,Saturday,West,15655740,51600,14:20:00,51749,14:22:29,6,3250,Hawk/Capitol Station - Washington Ave & Hawk St (03250),0,0,7,,,52241,14:30:41,,,52241,14:30:41,0,00:00:00,door not opened
07/12/2025,12,4097,Saturday,Saturday,West,15655740,51600,14:20:00,51749,14:22:29,5,10087,State St & Eagle St (10087),0,0,7,,,52214,14:30:14,,,52214,14:30:14,0,00:00:00,door not opened
07/12/2025,12,4097,Saturday,Saturday,West,15655740,51600,14:20:00,51749,14:22:29,4,2665,State/Downtown Station - State St & Lodge St (02665),3,0,7,51840.0,14:24:00,52050,14:27:30,51840.0,14:24:00,52121,14:28:41,71,00:01:11,doors opened
07/12/2025,12,4102,Saturday,Saturday,East,15656648,61200,17:00:00,61345,17:02:25,24,3940,Broadway & Steuben St (03940),0,0,0,63360.0,17:36:00,63727,17:42:07,63360.0,17:36:00,63727,17:42:07,0,00:00:00,door not opened
07/12/2025,12,4102,Saturday,Saturday,East,15656648,61200,17:00:00,61345,17:02:25,23,2509,State/Downtown Station - State St & S. Pearl St (02509),0,6,0,63120.0,17:32:00,63598,17:39:58,63120.0,17:32:00,63665,17:41:05,67,00:01:07,doors opened
07/12/2025,12,4102,Saturday,Saturday,East,15656648,61200,17:00:00,61345,17:02:25,22,1787,State St & Eagle St (01787),0,0,6,,,63582,17:39:42,,,63582,17:39:42,0,00:00:00,door not opened
07/12/2025,12,4102,Saturday,Saturday,East,15656648,61200,17:00:00,61345,17:02:25,21,2706,Hawk/Capitol Station - Washington Ave & Hawk St (02706),0,0,6,,,63536,17:38:56,,,63536,17:38:56,0,00:00:00,door not opened
07/12/2025,12,4102,Saturday,Saturday,East,15656648,61200,17:00:00,61345,17:02:25,20,1789,Washington Ave & S. Swan St (01789),0,2,6,,,63488,17:38:08,,,63508,17:38:28,20,00:00:20,doors opened
07/12/2025,12,4102,Saturday,Saturday,East,15656648,61200,17:00:00,61345,17:02:25,19,1788,Washington Ave & Dove St (01788),0,0,8,,,63466,17:37:46,,,63466,17:37:46,0,00:00:00,door not opened
07/12/2025,12,4102,Saturday,Saturday,East,15656648,61200,17:00:00,61345,17:02:25,18,2663,Lark/Library Station - Washington Ave & Lark St (02663),0,0,8,62820.0,17:27:00,63420,17:37:00,62820.0,17:27:00,63420,17:37:00,0,00:00:00,door not opened
07/12/2025,12,4102,Saturday,Saturday,East,15656648,61200,17:00:00,61345,17:02:25,17,263,Washington Ave & Henry Johnson Blvd (00263),0,2,8,,,63271,17:34:31,,,63344,17:35:44,73,00:01:13,doors opened
07/12/2025,12,4102,Saturday,Saturday,East,15656648,61200,17:00:00,61345,17:02:25,3,10134,Washington Ave & SUNY Exit Rd (10134),1,0,13,,,62458,17:20:58,,,62477,17:21:17,19,00:00:19,doors opened
07/12/2025,12,4102,Saturday,Saturday,East,15656648,61200,17:00:00,61345,17:02:25,2,7216,SUNY Collins Circle (07216),4,35,12,61920.0,17:12:00,62261,17:17:41,61920.0,17:12:00,62336,17:18:56,75,00:01:15,doors opened
07/12/2025,12,4102,Saturday,Saturday,East,15656648,61200,17:00:00,61345,17:02:25,1,12827,Crossgates Commons Station (12827),46,8,43,61620.0,17:07:00,61698,17:08:18,61620.0,17:07:00,61984,17:13:04,286,00:04:46,doors opened
07/12/2025,12,4102,Saturday,Saturday,East,15656648,61200,17:00:00,61345,17:02:25,0,7175,Crossgates Mall Station (07175),5,0,5,61200.0,17:00:00,61345,17:02:25,61200.0,17:00:00,61345,17:02:25,0,00:00:00,doors opened
07/12/2025,12,4102,Saturday,Saturday,East,15656648,61200,17:00:00,61345,17:02:25,16,2096,Washington Ave & Lexington Ave (02096),0,0,10,,,63242,17:34:02,,,63242,17:34:02,0,00:00:00,door not opened
07/12/2025,12,4102,Saturday,Saturday,East,15656648,61200,17:00:00,61345,17:02:25,15,3253,Washington Ave & Robin St (Draper Hall) (03253),0,0,10,,,63172,17:32:52,,,63172,17:32:52,0,00:00:00,door not opened
07/12/2025,12,4102,Saturday,Saturday,East,15656648,61200,17:00:00,61345,17:02:25,14,2109,Washington Ave & N. Lake Ave (02109),0,0,10,,,63144,17:32:24,,,63144,17:32:24,0,00:00:00,door not opened
07/12/2025,12,4102,Saturday,Saturday,East,15656648,61200,17:00:00,61345,17:02:25,13,3255,Washington Ave & Quail St (03255),1,1,10,,,63090,17:31:30,,,63118,17:31:58,28,00:00:28,doors opened
07/12/2025,12,4102,Saturday,Saturday,East,15656648,61200,17:00:00,61345,17:02:25,12,3256,Washington Ave & Ontario St (03256),0,1,10,62460.0,17:21:00,63052,17:30:52,62460.0,17:21:00,63067,17:31:07,15,00:00:15,doors opened
07/12/2025,12,4102,Saturday,Saturday,East,15656648,61200,17:00:00,61345,17:02:25,11,2107,Washington Ave & Partridge St (02107),0,0,11,,,63032,17:30:32,,,63032,17:30:32,0,00:00:00,door not opened
07/12/2025,12,4102,Saturday,Saturday,East,15656648,61200,17:00:00,61345,17:02:25,10,3257,Washington Ave & N. Main Ave (03257),2,1,11,,,62872,17:27:52,,,62924,17:28:44,52,00:00:52,doors opened
07/12/2025,12,4102,Saturday,Saturday,East,15656648,61200,17:00:00,61345,17:02:25,9,1796,Washington Ave & N. Allen St (01796),3,2,10,62340.0,17:19:00,62792,17:26:32,62340.0,17:19:00,62842,17:27:22,50,00:00:50,doors opened
07/12/2025,12,4102,Saturday,Saturday,East,15656648,61200,17:00:00,61345,17:02:25,8,11581,Washington Ave & Manning Blvd (11581),0,0,9,,,62760,17:26:00,,,62760,17:26:00,0,00:00:00,door not opened
07/12/2025,12,4102,Saturday,Saturday,East,15656648,61200,17:00:00,61345,17:02:25,7,2180,Washington Ave & Homestead Ave (02180),0,1,9,,,62720,17:25:20,,,62739,17:25:39,19,00:00:19,doors opened
07/12/2025,12,4102,Saturday,Saturday,East,15656648,61200,17:00:00,61345,17:02:25,6,2182,Washington Ave & Hawthorne St (02182),0,0,10,,,62694,17:24:54,,,62694,17:24:54,0,00:00:00,door not opened
07/12/2025,12,4102,Saturday,Saturday,East,15656648,61200,17:00:00,61345,17:02:25,5,3304,Washington Ave & Clermont St (03304),0,3,10,,,62616,17:23:36,,,62668,17:24:28,52,00:00:52,doors opened
07/12/2025,12,4102,Saturday,Saturday,East,15656648,61200,17:00:00,61345,17:02:25,4,3348,Washington Ave & Brevator St (03348),0,0,13,,,62602,17:23:22,,,62602,17:23:22,0,00:00:00,door not opened
07/12/2025,12,4102,Saturday,Saturday,West,15656650,63600,17:40:00,63773,17:42:53,27,7175,Crossgates Mall Station (07175),0,10,0,65820.0,18:17:00,65875,18:17:55,65820.0,18:17:00,65875,18:17:55,0,00:00:00,doors opened
07/12/2025,12,4102,Saturday,Saturday,West,15656650,63600,17:40:00,63773,17:42:53,26,12828,Crossgates Commons Station (12828),0,4,10,65400.0,18:10:00,65563,18:12:43,65400.0,18:10:00,65589,18:13:09,26,00:00:26,doors opened
07/12/2025,12,4102,Saturday,Saturday,West,15656650,63600,17:40:00,63773,17:42:53,25,12891,1475 Washington Ave (12891),2,0,14,,,65317,18:08:37,,,65338,18:08:58,21,00:00:21,doors opened
07/12/2025,12,4102,Saturday,Saturday,West,15656650,63600,17:40:00,63773,17:42:53,24,7216,SUNY Collins Circle (07216),0,1,12,65040.0,18:04:00,65184,18:06:24,65040.0,18:04:00,65203,18:06:43,19,00:00:19,doors opened
07/12/2025,12,4102,Saturday,Saturday,West,15656650,63600,17:40:00,63773,17:42:53,23,3262,1383 Washington Ave (Fairfield Inn) (03262),1,0,13,,,65085,18:04:45,,,65099,18:04:59,14,00:00:14,doors opened
07/12/2025,12,4102,Saturday,Saturday,West,15656650,63600,17:40:00,63773,17:42:53,22,976,Washington Ave & Brevator St (00976),0,0,12,,,64962,18:02:42,,,64962,18:02:42,0,00:00:00,door not opened
07/12/2025,12,4102,Saturday,Saturday,West,15656650,63600,17:40:00,63773,17:42:53,21,1959,Washington Ave & Colvin Ave (01959),0,0,12,,,64943,18:02:23,,,64943,18:02:23,0,00:00:00,door not opened
07/12/2025,12,4102,Saturday,Saturday,West,15656650,63600,17:40:00,63773,17:42:53,20,3399,Washington Ave & Danker Ave (03399),0,0,12,,,64890,18:01:30,,,64890,18:01:30,0,00:00:00,door not opened
07/12/2025,12,4102,Saturday,Saturday,West,15656650,63600,17:40:00,63773,17:42:53,19,1849,Washington Ave & Homestead Ave (01849),1,2,12,,,64830,18:00:30,,,64866,18:01:06,36,00:00:36,doors opened
07/12/2025,12,4102,Saturday,Saturday,West,15656650,63600,17:40:00,63773,17:42:53,18,1846,Washington Ave & Manning Blvd (01846),0,0,13,,,64808,18:00:08,,,64808,18:00:08,0,00:00:00,door not opened
07/12/2025,12,4102,Saturday,Saturday,West,15656650,63600,17:40:00,63773,17:42:53,17,3287,Washington Ave & N. Allen St (03287),1,0,13,64680.0,17:58:00,64753,17:59:13,64680.0,17:58:00,64774,17:59:34,21,00:00:21,doors opened
07/12/2025,12,4102,Saturday,Saturday,West,15656650,63600,17:40:00,63773,17:42:53,16,3264,Washington Ave & N. Main Ave (03264),0,0,12,,,64725,17:58:45,,,64725,17:58:45,0,00:00:00,door not opened
07/12/2025,12,4102,Saturday,Saturday,West,15656650,63600,17:40:00,63773,17:42:53,2,3233,N. Pearl St & Sheridan Ave (03233),0,0,0,,,63859,17:44:19,,,63859,17:44:19,0,00:00:00,door not opened
07/12/2025,12,4102,Saturday,Saturday,West,15656650,63600,17:40:00,63773,17:42:53,1,2168,Clinton Square Station - N. Pearl St & Clinton Ave (02168),0,0,0,,,63843,17:44:03,,,63843,17:44:03,0,00:00:00,door not opened
07/12/2025,12,4102,Saturday,Saturday,West,15656650,63600,17:40:00,63773,17:42:53,0,9018,Broadway & Orange St (09018),0,0,0,63600.0,17:40:00,63773,17:42:53,63600.0,17:40:00,63773,17:42:53,0,00:00:00,door not opened
07/12/2025,12,4102,Saturday,Saturday,West,15656650,63600,17:40:00,63773,17:42:53,15,1839,Washington Ave & Partridge St (01839),3,0,12,,,64627,17:57:07,,,64650,17:57:30,23,00:00:23,doors opened
07/12/2025,12,4102,Saturday,Saturday,West,15656650,63600,17:40:00,63773,17:42:53,14,1841,Washington Ave & Ontario St (01841),1,0,9,64440.0,17:54:00,64576,17:56:16,64440.0,17:54:00,64603,17:56:43,27,00:00:27,doors opened
07/12/2025,12,4102,Saturday,Saturday,West,15656650,63600,17:40:00,63773,17:42:53,13,1842,Washington Ave & Quail St (01842),5,0,8,,,64489,17:54:49,,,64551,17:55:51,62,00:01:02,doors opened
07/12/2025,12,4102,Saturday,Saturday,West,15656650,63600,17:40:00,63773,17:42:53,12,1837,Washington Ave & N. Lake Ave (01837),0,0,3,,,64464,17:54:24,,,64464,17:54:24,0,00:00:00,door not opened
07/12/2025,12,4102,Saturday,Saturday,West,15656650,63600,17:40:00,63773,17:42:53,11,1843,Washington Ave & Robin St (01843),0,0,3,,,64416,17:53:36,,,64416,17:53:36,0,00:00:00,door not opened
07/12/2025,12,4102,Saturday,Saturday,West,15656650,63600,17:40:00,63773,17:42:53,10,12943,Washington Ave & Lexington Ave (12943),0,0,3,,,64394,17:53:14,,,64394,17:53:14,0,00:00:00,door not opened
07/12/2025,12,4102,Saturday,Saturday,West,15656650,63600,17:40:00,63773,17:42:53,9,12942,Washington Ave & Henry Johnson Blvd (12942),0,0,3,,,64323,17:52:03,,,64323,17:52:03,0,00:00:00,door not opened
07/12/2025,12,4102,Saturday,Saturday,West,15656650,63600,17:40:00,63773,17:42:53,8,3239,Lark/Library Station - Washington Ave & Lark St (03239),1,2,3,64080.0,17:48:00,64204,17:50:04,64080.0,17:48:00,64270,17:51:10,66,00:01:06,doors opened
07/12/2025,12,4102,Saturday,Saturday,West,15656650,63600,17:40:00,63773,17:42:53,7,3301,Washington Ave & S. Swan St (03301),0,0,4,,,64155,17:49:15,,,64155,17:49:15,0,00:00:00,door not opened
07/12/2025,12,4102,Saturday,Saturday,West,15656650,63600,17:40:00,63773,17:42:53,6,3250,Hawk/Capitol Station - Washington Ave & Hawk St (03250),0,0,4,,,64116,17:48:36,,,64116,17:48:36,0,00:00:00,door not opened
07/12/2025,12,4102,Saturday,Saturday,West,15656650,63600,17:40:00,63773,17:42:53,5,10087,State St & Eagle St (10087),0,0,4,,,64088,17:48:08,,,64088,17:48:08,0,00:00:00,door not opened
07/12/2025,12,4102,Saturday,Saturday,West,15656650,63600,17:40:00,63773,17:42:53,4,2665,State/Downtown Station - State St & Lodge St (02665),2,0,4,63840.0,17:44:00,64023,17:47:03,63840.0,17:44:00,64055,17:47:35,32,00:00:32,doors opened
07/12/2025,12,4102,Saturday,Saturday,West,15656650,63600,17:40:00,63773,17:42:53,3,3221,State Station - N. Pearl St & Ten Eyck Plaza (03221),2,0,2,,,63908,17:45:08,,,63994,17:46:34,86,00:01:26,doors opened
07/12/2025,12,4102,Saturday,Saturday,East,15656653,70800,19:40:00,71013,19:43:33,24,3940,Broadway & Steuben St (03940),0,0,0,72900.0,20:15:00,73229,20:20:29,72900.0,20:15:00,73229,20:20:29,0,00:00:00,door not opened
07/12/2025,12,4102,Saturday,Saturday,East,15656653,70800,19:40:00,71013,19:43:33,23,2509,State/Downtown Station - State St & S. Pearl St (02509),0,7,0,72660.0,20:11:00,73075,20:17:55,72660.0,20:11:00,73156,20:19:16,81,00:01:21,doors opened
07/12/2025,12,4102,Saturday,Saturday,East,15656653,70800,19:40:00,71013,19:43:33,22,1787,State St & Eagle St (01787),0,0,7,,,73053,20:17:33,,,73053,20:17:33,0,00:00:00,door not opened
07/12/2025,12,4102,Saturday,Saturday,East,15656653,70800,19:40:00,71013,19:43:33,21,2706,Hawk/Capitol Station - Washington Ave & Hawk St (02706),0,0,7,,,72997,20:16:37,,,72997,20:16:37,0,00:00:00,door not opened
07/12/2025,12,4102,Saturday,Saturday,East,15656653,70800,19:40:00,71013,19:43:33,20,1789,Washington Ave & S. Swan St (01789),0,0,7,,,72982,20:16:22,,,72982,20:16:22,0,00:00:00,door not opened
07/12/2025,12,4102,Saturday,Saturday,East,15656653,70800,19:40:00,71013,19:43:33,19,1788,Washington Ave & Dove St (01788),0,0,7,,,72945,20:15:45,,,72945,20:15:45,0,00:00:00,door not opened
07/12/2025,12,4102,Saturday,Saturday,East,15656653,70800,19:40:00,71013,19:43:33,18,2663,Lark/Library Station - Washington Ave & Lark St (02663),0,1,7,72420.0,20:07:00,72899,20:14:59,72420.0,20:07:00,72916,20:15:16,17,00:00:17,doors opened
07/12/2025,12,4102,Saturday,Saturday,East,15656653,70800,19:40:00,71013,19:43:33,17,263,Washington Ave & Henry Johnson Blvd (00263),0,0,8,,,72827,20:13:47,,,72827,20:13:47,0,00:00:00,door not opened
07/12/2025,12,4102,Saturday,Saturday,East,15656653,70800,19:40:00,71013,19:43:33,16,2096,Washington Ave & Lexington Ave (02096),0,2,8,,,72742,20:12:22,,,72760,20:12:40,18,00:00:18,doors opened
07/12/2025,12,4102,Saturday,Saturday,East,15656653,70800,19:40:00,71013,19:43:33,15,3253,Washington Ave & Robin St (Draper Hall) (03253),0,0,10,,,72694,20:11:34,,,72722,20:12:02,28,00:00:28,doors opened
07/12/2025,12,4102,Saturday,Saturday,East,15656653,70800,19:40:00,71013,19:43:33,14,2109,Washington Ave & N. Lake Ave (02109),1,1,10,,,72600,20:10:00,,,72670,20:11:10,70,00:01:10,doors opened
07/12/2025,12,4102,Saturday,Saturday,East,15656653,70800,19:40:00,71013,19:43:33,13,3255,Washington Ave & Quail St (03255),0,1,10,,,72545,20:09:05,,,72569,20:09:29,24,00:00:24,doors opened
07/12/2025,12,4102,Saturday,Saturday,East,15656653,70800,19:40:00,71013,19:43:33,12,3256,Washington Ave & Ontario St (03256),1,2,11,72060.0,20:01:00,72440,20:07:20,72060.0,20:01:00,72518,20:08:38,78,00:01:18,doors opened
07/12/2025,12,4102,Saturday,Saturday,East,15656653,70800,19:40:00,71013,19:43:33,11,2107,Washington Ave & Partridge St (02107),0,2,12,,,72399,20:06:39,,,72415,20:06:55,16,00:00:16,doors opened
07/12/2025,12,4102,Saturday,Saturday,East,15656653,70800,19:40:00,71013,19:43:33,10,3257,Washington Ave & N. Main Ave (03257),0,5,14,,,72313,20:05:13,,,72351,20:05:51,38,00:00:38,doors opened
07/12/2025,12,4102,Saturday,Saturday,East,15656653,70800,19:40:00,71013,19:43:33,9,1796,Washington Ave & N. Allen St (01796),1,6,19,71940.0,19:59:00,72207,20:03:27,71940.0,19:59:00,72282,20:04:42,75,00:01:15,doors opened
07/12/2025,12,4102,Saturday,Saturday,East,15656653,70800,19:40:00,71013,19:43:33,8,11581,Washington Ave & Manning Blvd (11581),0,0,24,,,72176,20:02:56,,,72176,20:02:56,0,00:00:00,door not opened
07/12/2025,12,4102,Saturday,Saturday,East,15656653,70800,19:40:00,71013,19:43:33,7,2180,Washington Ave & Homestead Ave (02180),0,1,24,,,72137,20:02:17,,,72152,20:02:32,15,00:00:15,doors opened
07/12/2025,12,4102,Saturday,Saturday,East,15656653,70800,19:40:00,71013,19:43:33,6,2182,Washington Ave & Hawthorne St (02182),0,2,25,,,72091,20:01:31,,,72110,20:01:50,19,00:00:19,doors opened
07/12/2025,12,4102,Saturday,Saturday,East,15656653,70800,19:40:00,71013,19:43:33,5,3304,Washington Ave & Clermont St (03304),0,0,27,,,72068,20:01:08,,,72068,20:01:08,0,00:00:00,door not opened
07/12/2025,12,4102,Saturday,Saturday,East,15656653,70800,19:40:00,71013,19:43:33,4,3348,Washington Ave & Brevator St (03348),0,1,27,,,72032,20:00:32,,,72048,20:00:48,16,00:00:16,doors opened
07/12/2025,12,4102,Saturday,Saturday,East,15656653,70800,19:40:00,71013,19:43:33,3,10134,Washington Ave & SUNY Exit Rd (10134),0,1,28,,,71883,19:58:03,,,71905,19:58:25,22,00:00:22,doors opened
07/12/2025,12,4102,Saturday,Saturday,East,15656653,70800,19:40:00,71013,19:43:33,2,7216,SUNY Collins Circle (07216),1,2,29,71520.0,19:52:00,71716,19:55:16,71520.0,19:52:00,71738,19:55:38,22,00:00:22,doors opened
07/12/2025,12,4102,Saturday,Saturday,East,15656653,70800,19:40:00,71013,19:43:33,1,12827,Crossgates Commons Station (12827),8,3,30,71220.0,19:47:00,71386,19:49:46,71220.0,19:47:00,71456,19:50:56,70,00:01:10,doors opened
07/12/2025,12,4102,Saturday,Saturday,East,15656653,70800,19:40:00,71013,19:43:33,0,7175,Crossgates Mall Station (07175),25,0,25,70800.0,19:40:00,71013,19:43:33,70800.0,19:40:00,71013,19:43:33,0,00:00:00,doors opened
07/12/2025,12,4102,Saturday,Saturday,West,15656655,73200,20:20:00,73289,20:21:29,23,3262,1383 Washington Ave (Fairfield Inn) (03262),0,0,7,,,74990,20:49:50,,,74990,20:49:50,0,00:00:00,door not opened
07/12/2025,12,4102,Saturday,Saturday,West,15656655,73200,20:20:00,73289,20:21:29,22,976,Washington Ave & Brevator St (00976),1,0,7,,,74793,20:46:33,,,74809,20:46:49,16,00:00:16,doors opened
07/12/2025,12,4102,Saturday,Saturday,West,15656655,73200,20:20:00,73289,20:21:29,21,1959,Washington Ave & Colvin Ave (01959),0,0,6,,,74770,20:46:10,,,74770,20:46:10,0,00:00:00,door not opened
07/12/2025,12,4102,Saturday,Saturday,West,15656655,73200,20:20:00,73289,20:21:29,20,3399,Washington Ave & Danker Ave (03399),0,0,6,,,74747,20:45:47,,,74747,20:45:47,0,00:00:00,door not opened
07/12/2025,12,4102,Saturday,Saturday,West,15656655,73200,20:20:00,73289,20:21:29,19,1849,Washington Ave & Homestead Ave (01849),0,0,6,,,74724,20:45:24,,,74724,20:45:24,0,00:00:00,door not opened
07/12/2025,12,4102,Saturday,Saturday,West,15656655,73200,20:20:00,73289,20:21:29,18,1846,Washington Ave & Manning Blvd (01846),0,0,6,,,74699,20:44:59,,,74699,20:44:59,0,00:00:00,door not opened
07/12/2025,12,4102,Saturday,Saturday,West,15656655,73200,20:20:00,73289,20:21:29,17,3287,Washington Ave & N. Allen St (03287),2,1,6,74220.0,20:37:00,74621,20:43:41,74220.0,20:37:00,74642,20:44:02,21,00:00:21,doors opened
07/12/2025,12,4102,Saturday,Saturday,West,15656655,73200,20:20:00,73289,20:21:29,16,3264,Washington Ave & N. Main Ave (03264),0,0,5,,,74588,20:43:08,,,74588,20:43:08,0,00:00:00,door not opened
07/12/2025,12,4102,Saturday,Saturday,West,15656655,73200,20:20:00,73289,20:21:29,15,1839,Washington Ave & Partridge St (01839),0,0,5,,,74529,20:42:09,,,74529,20:42:09,0,00:00:00,door not opened
07/12/2025,12,4102,Saturday,Saturday,West,15656655,73200,20:20:00,73289,20:21:29,14,1841,Washington Ave & Ontario St (01841),0,0,5,74040.0,20:34:00,74508,20:41:48,74040.0,20:34:00,74508,20:41:48,0,00:00:00,door not opened
07/12/2025,12,4102,Saturday,Saturday,West,15656655,73200,20:20:00,73289,20:21:29,13,1842,Washington Ave & Quail St (01842),1,1,5,,,74442,20:40:42,,,74480,20:41:20,38,00:00:38,doors opened
07/12/2025,12,4102,Saturday,Saturday,West,15656655,73200,20:20:00,73289,20:21:29,12,1837,Washington Ave & N. Lake Ave (01837),1,0,5,,,74359,20:39:19,,,74409,20:40:09,50,00:00:50,doors opened
07/12/2025,12,4102,Saturday,Saturday,West,15656655,73200,20:20:00,73289,20:21:29,11,1843,Washington Ave & Robin St (01843),0,0,4,,,74333,20:38:53,,,74333,20:38:53,0,00:00:00,door not opened
07/12/2025,12,4102,Saturday,Saturday,West,15656655,73200,20:20:00,73289,20:21:29,10,12943,Washington Ave & Lexington Ave (12943),1,0,4,,,74227,20:37:07,,,74285,20:38:05,58,00:00:58,doors opened
07/12/2025,12,4102,Saturday,Saturday,West,15656655,73200,20:20:00,73289,20:21:29,9,12942,Washington Ave & Henry Johnson Blvd (12942),2,0,3,,,74161,20:36:01,,,74182,20:36:22,21,00:00:21,doors opened
07/12/2025,12,4102,Saturday,Saturday,West,15656655,73200,20:20:00,73289,20:21:29,8,3239,Lark/Library Station - Washington Ave & Lark St (03239),0,0,1,73680.0,20:28:00,74102,20:35:02,73680.0,20:28:00,74102,20:35:02,0,00:00:00,door not opened
07/12/2025,12,4102,Saturday,Saturday,West,15656655,73200,20:20:00,73289,20:21:29,7,3301,Washington Ave & S. Swan St (03301),0,0,1,,,74019,20:33:39,,,74043,20:34:03,24,00:00:24,doors opened
07/12/2025,12,4102,Saturday,Saturday,West,15656655,73200,20:20:00,73289,20:21:29,6,3250,Hawk/Capitol Station - Washington Ave & Hawk St (03250),0,0,1,,,73987,20:33:07,,,73987,20:33:07,0,00:00:00,door not opened
07/12/2025,12,4102,Saturday,Saturday,West,15656655,73200,20:20:00,73289,20:21:29,5,10087,State St & Eagle St (10087),0,0,1,,,73958,20:32:38,,,73958,20:32:38,0,00:00:00,door not opened
07/12/2025,12,4102,Saturday,Saturday,West,15656655,73200,20:20:00,73289,20:21:29,4,2665,State/Downtown Station - State St & Lodge St (02665),2,1,1,73440.0,20:24:00,73822,20:30:22,73440.0,20:24:00,73849,20:30:49,27,00:00:27,doors opened
07/12/2025,12,4102,Saturday,Saturday,West,15656655,73200,20:20:00,73289,20:21:29,3,3221,State Station - N. Pearl St & Ten Eyck Plaza (03221),0,0,0,,,73784,20:29:44,,,73784,20:29:44,0,00:00:00,door not opened
07/12/2025,12,4102,Saturday,Saturday,West,15656655,73200,20:20:00,73289,20:21:29,2,3233,N. Pearl St & Sheridan Ave (03233),0,0,0,,,73728,20:28:48,,,73728,20:28:48,0,00:00:00,door not opened
07/12/2025,12,4102,Saturday,Saturday,West,15656655,73200,20:20:00,73289,20:21:29,1,2168,Clinton Square Station - N. Pearl St & Clinton Ave (02168),2,2,0,,,73524,20:25:24,,,73567,20:26:07,43,00:00:43,doors opened
07/12/2025,12,4102,Saturday,Saturday,West,15656655,73200,20:20:00,73289,20:21:29,0,9018,Broadway & Orange St (09018),0,0,0,73200.0,20:20:00,73289,20:21:29,73200.0,20:20:00,73289,20:21:29,0,00:00:00,door not opened
07/12/2025,12,4102,Saturday,Saturday,West,15656655,73200,20:20:00,73289,20:21:29,27,7175,Crossgates Mall Station (07175),0,2,0,75300.0,20:55:00,75748,21:02:28,75300.0,20:55:00,75748,21:02:28,0,00:00:00,doors opened
07/12/2025,12,4102,Saturday,Saturday,West,15656655,73200,20:20:00,73289,20:21:29,26,12828,Crossgates Commons Station (12828),0,4,2,74880.0,20:48:00,75461,20:57:41,74880.0,20:48:00,75484,20:58:04,23,00:00:23,doors opened
07/12/2025,12,4102,Saturday,Saturday,West,15656655,73200,20:20:00,73289,20:21:29,25,12891,1475 Washington Ave (12891),0,1,6,,,75248,20:54:08,,,75265,20:54:25,17,00:00:17,doors opened
07/12/2025,12,4102,Saturday,Saturday,West,15656655,73200,20:20:00,73289,20:21:29,24,7216,SUNY Collins Circle (07216),0,0,7,74580.0,20:43:00,75117,20:51:57,74580.0,20:43:00,75117,20:51:57,0,00:00:00,door not opened
07/12/2025,12,4120,Saturday,Saturday,West,15655469,32400,09:00:00,33153,09:12:33,13,1842,Washington Ave & Quail St (01842),2,2,13,,,33224,09:13:44,,,33253,09:14:13,29,00:00:29,doors opened
07/12/2025,12,4120,Saturday,Saturday,West,15655469,32400,09:00:00,33153,09:12:33,0,9018,Broadway & Orange St (09018),0,0,13,32400.0,09:00:00,33153,09:12:33,32400.0,09:00:00,33153,09:12:33,0,00:00:00,doors opened
07/12/2025,12,4120,Saturday,Saturday,West,15655469,32400,09:00:00,33153,09:12:33,27,7175,Crossgates Mall Station (07175),0,13,0,34560.0,09:36:00,34501,09:35:01,34560.0,09:36:00,34501,09:35:01,0,00:00:00,doors opened
07/12/2025,12,4120,Saturday,Saturday,West,15655469,32400,09:00:00,33153,09:12:33,26,12828,Crossgates Commons Station (12828),0,8,13,34140.0,09:29:00,34272,09:31:12,34140.0,09:29:00,34295,09:31:35,23,00:00:23,doors opened
07/12/2025,12,4120,Saturday,Saturday,West,15655469,32400,09:00:00,33153,09:12:33,25,12891,1475 Washington Ave (12891),0,0,21,,,34114,09:28:34,,,34114,09:28:34,0,00:00:00,door not opened
07/12/2025,12,4120,Saturday,Saturday,West,15655469,32400,09:00:00,33153,09:12:33,24,7216,SUNY Collins Circle (07216),0,1,21,33780.0,09:23:00,33954,09:25:54,33780.0,09:23:00,33973,09:26:13,19,00:00:19,doors opened
07/12/2025,12,4120,Saturday,Saturday,West,15655469,32400,09:00:00,33153,09:12:33,23,3262,1383 Washington Ave (Fairfield Inn) (03262),1,0,22,,,33784,09:23:04,,,33806,09:23:26,22,00:00:22,doors opened
07/12/2025,12,4120,Saturday,Saturday,West,15655469,32400,09:00:00,33153,09:12:33,22,976,Washington Ave & Brevator St (00976),0,0,21,,,33683,09:21:23,,,33683,09:21:23,0,00:00:00,door not opened
07/12/2025,12,4120,Saturday,Saturday,West,15655469,32400,09:00:00,33153,09:12:33,21,1959,Washington Ave & Colvin Ave (01959),0,0,21,,,33664,09:21:04,,,33664,09:21:04,0,00:00:00,door not opened
07/12/2025,12,4120,Saturday,Saturday,West,15655469,32400,09:00:00,33153,09:12:33,20,3399,Washington Ave & Danker Ave (03399),0,0,21,,,33612,09:20:12,,,33612,09:20:12,0,00:00:00,door not opened
07/12/2025,12,4120,Saturday,Saturday,West,15655469,32400,09:00:00,33153,09:12:33,19,1849,Washington Ave & Homestead Ave (01849),2,0,21,,,33566,09:19:26,,,33591,09:19:51,25,00:00:25,doors opened
07/12/2025,12,4120,Saturday,Saturday,West,15655469,32400,09:00:00,33153,09:12:33,18,1846,Washington Ave & Manning Blvd (01846),0,0,19,,,33542,09:19:02,,,33542,09:19:02,0,00:00:00,door not opened
07/12/2025,12,4120,Saturday,Saturday,West,15655469,32400,09:00:00,33153,09:12:33,17,3287,Washington Ave & N. Allen St (03287),2,0,19,33420.0,09:17:00,33448,09:17:28,33420.0,09:17:00,33480,09:18:00,32,00:00:32,doors opened
07/12/2025,12,4120,Saturday,Saturday,West,15655469,32400,09:00:00,33153,09:12:33,16,3264,Washington Ave & N. Main Ave (03264),0,0,17,,,33419,09:16:59,,,33419,09:16:59,0,00:00:00,door not opened
07/12/2025,12,4120,Saturday,Saturday,West,15655469,32400,09:00:00,33153,09:12:33,15,1839,Washington Ave & Partridge St (01839),0,0,17,,,33338,09:15:38,,,33338,09:15:38,0,00:00:00,door not opened
07/12/2025,12,4120,Saturday,Saturday,West,15655469,32400,09:00:00,33153,09:12:33,14,1841,Washington Ave & Ontario St (01841),4,0,17,33240.0,09:14:00,33278,09:14:38,33240.0,09:14:00,33304,09:15:04,26,00:00:26,doors opened
07/12/2025,12,4120,Saturday,Saturday,East,15655472,36000,10:00:00,36006,10:00:06,24,3940,Broadway & Steuben St (03940),0,0,0,37920.0,10:32:00,37923,10:32:03,37920.0,10:32:00,37923,10:32:03,0,00:00:00,door not opened
07/12/2025,12,4120,Saturday,Saturday,East,15655472,36000,10:00:00,36006,10:00:06,23,2509,State/Downtown Station - State St & S. Pearl St (02509),0,3,0,37680.0,10:28:00,37788,10:29:48,37680.0,10:28:00,37816,10:30:16,28,00:00:28,doors opened
07/12/2025,12,4120,Saturday,Saturday,East,15655472,36000,10:00:00,36006,10:00:06,22,1787,State St & Eagle St (01787),0,0,3,,,37766,10:29:26,,,37766,10:29:26,0,00:00:00,door not opened
07/12/2025,12,4120,Saturday,Saturday,East,15655472,36000,10:00:00,36006,10:00:06,21,2706,Hawk/Capitol Station - Washington Ave & Hawk St (02706),0,0,3,,,37731,10:28:51,,,37731,10:28:51,0,00:00:00,door not opened
07/12/2025,12,4120,Saturday,Saturday,East,15655472,36000,10:00:00,36006,10:00:06,20,1789,Washington Ave & S. Swan St (01789),0,0,3,,,37717,10:28:37,,,37717,10:28:37,0,00:00:00,door not opened
07/12/2025,12,4120,Saturday,Saturday,East,15655472,36000,10:00:00,36006,10:00:06,19,1788,Washington Ave & Dove St (01788),0,0,3,,,37682,10:28:02,,,37682,10:28:02,0,00:00:00,door not opened
07/12/2025,12,4120,Saturday,Saturday,East,15655472,36000,10:00:00,36006,10:00:06,18,2663,Lark/Library Station - Washington Ave & Lark St (02663),2,0,3,37440.0,10:24:00,37598,10:26:38,37440.0,10:24:00,37662,10:27:42,64,00:01:04,doors opened
07/12/2025,12,4120,Saturday,Saturday,East,15655472,36000,10:00:00,36006,10:00:06,17,263,Washington Ave & Henry Johnson Blvd (00263),0,0,1,,,37556,10:25:56,,,37556,10:25:56,0,00:00:00,door not opened
07/12/2025,12,4120,Saturday,Saturday,East,15655472,36000,10:00:00,36006,10:00:06,16,2096,Washington Ave & Lexington Ave (02096),0,0,1,,,37386,10:23:06,,,37386,10:23:06,0,00:00:00,door not opened
07/12/2025,12,4120,Saturday,Saturday,East,15655472,36000,10:00:00,36006,10:00:06,15,3253,Washington Ave & Robin St (Draper Hall) (03253),0,0,1,,,37367,10:22:47,,,37367,10:22:47,0,00:00:00,door not opened
07/12/2025,12,4120,Saturday,Saturday,East,15655472,36000,10:00:00,36006,10:00:06,14,2109,Washington Ave & N. Lake Ave (02109),0,0,1,,,37340,10:22:20,,,37340,10:22:20,0,00:00:00,door not opened
07/12/2025,12,4120,Saturday,Saturday,East,15655472,36000,10:00:00,36006,10:00:06,13,3255,Washington Ave & Quail St (03255),0,1,1,,,37267,10:21:07,,,37287,10:21:27,20,00:00:20,doors opened
07/12/2025,12,4120,Saturday,Saturday,East,15655472,36000,10:00:00,36006,10:00:06,12,3256,Washington Ave & Ontario St (03256),0,0,2,37140.0,10:19:00,37246,10:20:46,37140.0,10:19:00,37246,10:20:46,0,00:00:00,door not opened
07/12/2025,12,4120,Saturday,Saturday,East,15655472,36000,10:00:00,36006,10:00:06,11,2107,Washington Ave & Partridge St (02107),0,0,2,,,37226,10:20:26,,,37226,10:20:26,0,00:00:00,door not opened
07/12/2025,12,4120,Saturday,Saturday,East,15655472,36000,10:00:00,36006,10:00:06,10,3257,Washington Ave & N. Main Ave (03257),0,0,2,,,37157,10:19:17,,,37157,10:19:17,0,00:00:00,door not opened
07/12/2025,12,4120,Saturday,Saturday,East,15655472,36000,10:00:00,36006,10:00:06,9,1796,Washington Ave & N. Allen St (01796),0,0,2,37020.0,10:17:00,37126,10:18:46,37020.0,10:17:00,37126,10:18:46,0,00:00:00,door not opened
07/12/2025,12,4120,Saturday,Saturday,East,15655472,36000,10:00:00,36006,10:00:06,8,11581,Washington Ave & Manning Blvd (11581),0,0,2,,,37084,10:18:04,,,37084,10:18:04,0,00:00:00,door not opened
07/12/2025,12,4120,Saturday,Saturday,East,15655472,36000,10:00:00,36006,10:00:06,7,2180,Washington Ave & Homestead Ave (02180),0,0,2,,,37066,10:17:46,,,37066,10:17:46,0,00:00:00,door not opened
07/12/2025,12,4120,Saturday,Saturday,East,15655472,36000,10:00:00,36006,10:00:06,6,2182,Washington Ave & Hawthorne St (02182),0,0,2,,,37047,10:17:27,,,37047,10:17:27,0,00:00:00,door not opened
07/12/2025,12,4120,Saturday,Saturday,East,15655472,36000,10:00:00,36006,10:00:06,5,3304,Washington Ave & Clermont St (03304),0,0,2,,,37034,10:17:14,,,37034,10:17:14,0,00:00:00,door not opened
07/12/2025,12,4120,Saturday,Saturday,East,15655472,36000,10:00:00,36006,10:00:06,4,3348,Washington Ave & Brevator St (03348),0,0,2,,,37018,10:16:58,,,37018,10:16:58,0,00:00:00,door not opened
07/12/2025,12,4120,Saturday,Saturday,East,15655472,36000,10:00:00,36006,10:00:06,3,10134,Washington Ave & SUNY Exit Rd (10134),1,0,2,,,36864,10:14:24,,,36897,10:14:57,33,00:00:33,doors opened
07/12/2025,12,4120,Saturday,Saturday,East,15655472,36000,10:00:00,36006,10:00:06,2,7216,SUNY Collins Circle (07216),0,0,1,36600.0,10:10:00,36666,10:11:06,36600.0,10:10:00,36666,10:11:06,0,00:00:00,door not opened
07/12/2025,12,4120,Saturday,Saturday,East,15655472,36000,10:00:00,36006,10:00:06,1,12827,Crossgates Commons Station (12827),0,0,1,36360.0,10:06:00,36452,10:07:32,36360.0,10:06:00,36452,10:07:32,0,00:00:00,door not opened
07/12/2025,12,4120,Saturday,Saturday,East,15655472,36000,10:00:00,36006,10:00:06,0,7175,Crossgates Mall Station (07175),1,0,1,36000.0,10:00:00,36006,10:00:06,36000.0,10:00:00,36006,10:00:06,0,00:00:00,doors opened
07/12/2025,12,4120,Saturday,Saturday,West,15655475,38400,10:40:00,38397,10:39:57,27,7175,Crossgates Mall Station (07175),0,9,0,40620.0,11:17:00,40586,11:16:26,40620.0,11:17:00,40586,11:16:26,0,00:00:00,doors opened
07/12/2025,12,4120,Saturday,Saturday,West,15655475,38400,10:40:00,38397,10:39:57,26,12828,Crossgates Commons Station (12828),0,9,9,40200.0,11:10:00,40338,11:12:18,40200.0,11:10:00,40365,11:12:45,27,00:00:27,doors opened
07/12/2025,12,4120,Saturday,Saturday,West,15655475,38400,10:40:00,38397,10:39:57,25,12891,1475 Washington Ave (12891),0,0,18,,,40129,11:08:49,,,40129,11:08:49,0,00:00:00,door not opened
07/12/2025,12,4120,Saturday,Saturday,West,15655475,38400,10:40:00,38397,10:39:57,24,7216,SUNY Collins Circle (07216),0,0,18,39840.0,11:04:00,39963,11:06:03,39840.0,11:04:00,39963,11:06:03,0,00:00:00,door not opened
07/12/2025,12,4120,Saturday,Saturday,West,15655475,38400,10:40:00,38397,10:39:57,23,3262,1383 Washington Ave (Fairfield Inn) (03262),0,1,18,,,39825,11:03:45,,,39843,11:04:03,18,00:00:18,doors opened
07/12/2025,12,4120,Saturday,Saturday,West,15655475,38400,10:40:00,38397,10:39:57,22,976,Washington Ave & Brevator St (00976),1,0,19,,,39689,11:01:29,,,39707,11:01:47,18,00:00:18,doors opened
07/12/2025,12,4120,Saturday,Saturday,West,15655475,38400,10:40:00,38397,10:39:57,21,1959,Washington Ave & Colvin Ave (01959),0,0,18,,,39665,11:01:05,,,39665,11:01:05,0,00:00:00,door not opened
07/12/2025,12,4120,Saturday,Saturday,West,15655475,38400,10:40:00,38397,10:39:57,20,3399,Washington Ave & Danker Ave (03399),4,1,18,,,39582,10:59:42,,,39623,11:00:23,41,00:00:41,doors opened
07/12/2025,12,4120,Saturday,Saturday,West,15655475,38400,10:40:00,38397,10:39:57,19,1849,Washington Ave & Homestead Ave (01849),0,0,15,,,39562,10:59:22,,,39562,10:59:22,0,00:00:00,door not opened
07/12/2025,12,4120,Saturday,Saturday,West,15655475,38400,10:40:00,38397,10:39:57,18,1846,Washington Ave & Manning Blvd (01846),0,0,15,,,39540,10:59:00,,,39540,10:59:00,0,00:00:00,door not opened
07/12/2025,12,4120,Saturday,Saturday,West,15655475,38400,10:40:00,38397,10:39:57,17,3287,Washington Ave & N. Allen St (03287),3,0,15,39480.0,10:58:00,39447,10:57:27,39480.0,10:58:00,39480,10:58:00,33,00:00:33,doors opened
07/12/2025,12,4120,Saturday,Saturday,West,15655475,38400,10:40:00,38397,10:39:57,16,3264,Washington Ave & N. Main Ave (03264),0,0,12,,,39420,10:57:00,,,39420,10:57:00,0,00:00:00,door not opened
07/12/2025,12,4120,Saturday,Saturday,West,15655475,38400,10:40:00,38397,10:39:57,15,1839,Washington Ave & Partridge St (01839),0,0,12,,,39352,10:55:52,,,39352,10:55:52,0,00:00:00,door not opened
07/12/2025,12,4120,Saturday,Saturday,West,15655475,38400,10:40:00,38397,10:39:57,14,1841,Washington Ave & Ontario St (01841),1,0,12,39240.0,10:54:00,39288,10:54:48,39240.0,10:54:00,39323,10:55:23,35,00:00:35,doors opened
07/12/2025,12,4120,Saturday,Saturday,West,15655475,38400,10:40:00,38397,10:39:57,13,1842,Washington Ave & Quail St (01842),2,0,11,,,39231,10:53:51,,,39263,10:54:23,32,00:00:32,doors opened
07/12/2025,12,4120,Saturday,Saturday,West,15655475,38400,10:40:00,38397,10:39:57,12,1837,Washington Ave & N. Lake Ave (01837),0,0,9,,,39204,10:53:24,,,39204,10:53:24,0,00:00:00,door not opened
07/12/2025,12,4120,Saturday,Saturday,West,15655475,38400,10:40:00,38397,10:39:57,11,1843,Washington Ave & Robin St (01843),1,0,9,,,39155,10:52:35,,,39179,10:52:59,24,00:00:24,doors opened
07/12/2025,12,4120,Saturday,Saturday,West,15655475,38400,10:40:00,38397,10:39:57,10,12943,Washington Ave & Lexington Ave (12943),1,1,8,,,39088,10:51:28,,,39128,10:52:08,40,00:00:40,doors opened
07/12/2025,12,4120,Saturday,Saturday,West,15655475,38400,10:40:00,38397,10:39:57,9,12942,Washington Ave & Henry Johnson Blvd (12942),3,1,8,,,39006,10:50:06,,,39061,10:51:01,55,00:00:55,doors opened
07/12/2025,12,4120,Saturday,Saturday,West,15655475,38400,10:40:00,38397,10:39:57,8,3239,Lark/Library Station - Washington Ave & Lark St (03239),1,0,6,38880.0,10:48:00,38923,10:48:43,38880.0,10:48:00,38972,10:49:32,49,00:00:49,doors opened
07/12/2025,12,4120,Saturday,Saturday,West,15655475,38400,10:40:00,38397,10:39:57,7,3301,Washington Ave & S. Swan St (03301),0,0,5,,,38858,10:47:38,,,38890,10:48:10,32,00:00:32,doors opened
07/12/2025,12,4120,Saturday,Saturday,West,15655475,38400,10:40:00,38397,10:39:57,6,3250,Hawk/Capitol Station - Washington Ave & Hawk St (03250),0,0,5,,,38834,10:47:14,,,38834,10:47:14,0,00:00:00,door not opened
07/12/2025,12,4120,Saturday,Saturday,West,15655475,38400,10:40:00,38397,10:39:57,5,10087,State St & Eagle St (10087),0,0,5,,,38800,10:46:40,,,38800,10:46:40,0,00:00:00,door not opened
07/12/2025,12,4120,Saturday,Saturday,West,15655475,38400,10:40:00,38397,10:39:57,4,2665,State/Downtown Station - State St & Lodge St (02665),2,0,5,38640.0,10:44:00,38664,10:44:24,38640.0,10:44:00,38686,10:44:46,22,00:00:22,doors opened
07/12/2025,12,4120,Saturday,Saturday,West,15655475,38400,10:40:00,38397,10:39:57,3,3221,State Station - N. Pearl St & Ten Eyck Plaza (03221),1,0,3,,,38552,10:42:32,,,38630,10:43:50,78,00:01:18,doors opened
07/12/2025,12,4120,Saturday,Saturday,West,15655475,38400,10:40:00,38397,10:39:57,2,3233,N. Pearl St & Sheridan Ave (03233),0,0,2,,,38513,10:41:53,,,38513,10:41:53,0,00:00:00,door not opened
07/12/2025,12,4120,Saturday,Saturday,West,15655475,38400,10:40:00,38397,10:39:57,1,2168,Clinton Square Station - N. Pearl St & Clinton Ave (02168),1,0,2,,,38452,10:40:52,,,38478,10:41:18,26,00:00:26,doors opened
07/12/2025,12,4120,Saturday,Saturday,West,15655475,38400,10:40:00,38397,10:39:57,0,9018,Broadway & Orange St (09018),0,0,1,38400.0,10:40:00,38397,10:39:57,38400.0,10:40:00,38397,10:39:57,0,00:00:00,door not opened
07/12/2025,12,4120,Saturday,Saturday,East,15655476,40800,11:20:00,40886,11:21:26,0,7175,Crossgates Mall Station (07175),1,0,1,40800.0,11:20:00,40886,11:21:26,40800.0,11:20:00,40886,11:21:26,0,00:00:00,doors opened
07/12/2025,12,4120,Saturday,Saturday,East,15655476,40800,11:20:00,40886,11:21:26,24,3940,Broadway & Steuben St (03940),0,0,0,42780.0,11:53:00,43025,11:57:05,42780.0,11:53:00,43025,11:57:05,0,00:00:00,door not opened
07/12/2025,12,4120,Saturday,Saturday,East,15655476,40800,11:20:00,40886,11:21:26,23,2509,State/Downtown Station - State St & S. Pearl St (02509),0,5,0,42540.0,11:49:00,42886,11:54:46,42540.0,11:49:00,42952,11:55:52,66,00:01:06,doors opened
07/12/2025,12,4120,Saturday,Saturday,East,15655476,40800,11:20:00,40886,11:21:26,22,1787,State St & Eagle St (01787),0,1,5,,,42853,11:54:13,,,42867,11:54:27,14,00:00:14,doors opened
07/12/2025,12,4120,Saturday,Saturday,East,15655476,40800,11:20:00,40886,11:21:26,21,2706,Hawk/Capitol Station - Washington Ave & Hawk St (02706),0,0,6,,,42808,11:53:28,,,42808,11:53:28,0,00:00:00,door not opened
07/12/2025,12,4120,Saturday,Saturday,East,15655476,40800,11:20:00,40886,11:21:26,20,1789,Washington Ave & S. Swan St (01789),0,0,6,,,42757,11:52:37,,,42781,11:53:01,24,00:00:24,doors opened
07/12/2025,12,4120,Saturday,Saturday,East,15655476,40800,11:20:00,40886,11:21:26,19,1788,Washington Ave & Dove St (01788),0,3,6,,,42714,11:51:54,,,42729,11:52:09,15,00:00:15,doors opened
07/12/2025,12,4120,Saturday,Saturday,East,15655476,40800,11:20:00,40886,11:21:26,18,2663,Lark/Library Station - Washington Ave & Lark St (02663),2,0,9,42300.0,11:45:00,42632,11:50:32,42300.0,11:45:00,42673,11:51:13,41,00:00:41,doors opened
07/12/2025,12,4120,Saturday,Saturday,East,15655476,40800,11:20:00,40886,11:21:26,17,263,Washington Ave & Henry Johnson Blvd (00263),0,1,7,,,42569,11:49:29,,,42585,11:49:45,16,00:00:16,doors opened
07/12/2025,12,4120,Saturday,Saturday,East,15655476,40800,11:20:00,40886,11:21:26,16,2096,Washington Ave & Lexington Ave (02096),0,1,8,,,42491,11:48:11,,,42538,11:48:58,47,00:00:47,doors opened
07/12/2025,12,4120,Saturday,Saturday,East,15655476,40800,11:20:00,40886,11:21:26,15,3253,Washington Ave & Robin St (Draper Hall) (03253),0,0,9,,,42466,11:47:46,,,42466,11:47:46,0,00:00:00,door not opened
07/12/2025,12,4120,Saturday,Saturday,East,15655476,40800,11:20:00,40886,11:21:26,14,2109,Washington Ave & N. Lake Ave (02109),0,0,9,,,42439,11:47:19,,,42439,11:47:19,0,00:00:00,door not opened
07/12/2025,12,4120,Saturday,Saturday,East,15655476,40800,11:20:00,40886,11:21:26,13,3255,Washington Ave & Quail St (03255),3,1,9,,,42343,11:45:43,,,42384,11:46:24,41,00:00:41,doors opened
07/12/2025,12,4120,Saturday,Saturday,East,15655476,40800,11:20:00,40886,11:21:26,12,3256,Washington Ave & Ontario St (03256),1,2,7,41940.0,11:39:00,42285,11:44:45,41940.0,11:39:00,42318,11:45:18,33,00:00:33,doors opened
07/12/2025,12,4120,Saturday,Saturday,East,15655476,40800,11:20:00,40886,11:21:26,11,2107,Washington Ave & Partridge St (02107),0,1,8,,,42246,11:44:06,,,42263,11:44:23,17,00:00:17,doors opened
07/12/2025,12,4120,Saturday,Saturday,East,15655476,40800,11:20:00,40886,11:21:26,10,3257,Washington Ave & N. Main Ave (03257),1,0,9,,,42131,11:42:11,,,42176,11:42:56,45,00:00:45,doors opened
07/12/2025,12,4120,Saturday,Saturday,East,15655476,40800,11:20:00,40886,11:21:26,9,1796,Washington Ave & N. Allen St (01796),3,3,8,41820.0,11:37:00,42057,11:40:57,41820.0,11:37:00,42099,11:41:39,42,00:00:42,doors opened
07/12/2025,12,4120,Saturday,Saturday,East,15655476,40800,11:20:00,40886,11:21:26,8,11581,Washington Ave & Manning Blvd (11581),2,0,8,,,41982,11:39:42,,,42010,11:40:10,28,00:00:28,doors opened
07/12/2025,12,4120,Saturday,Saturday,East,15655476,40800,11:20:00,40886,11:21:26,7,2180,Washington Ave & Homestead Ave (02180),0,0,6,,,41963,11:39:23,,,41963,11:39:23,0,00:00:00,door not opened
07/12/2025,12,4120,Saturday,Saturday,East,15655476,40800,11:20:00,40886,11:21:26,6,2182,Washington Ave & Hawthorne St (02182),0,0,6,,,41942,11:39:02,,,41942,11:39:02,0,00:00:00,door not opened
07/12/2025,12,4120,Saturday,Saturday,East,15655476,40800,11:20:00,40886,11:21:26,5,3304,Washington Ave & Clermont St (03304),0,1,6,,,41903,11:38:23,,,41919,11:38:39,16,00:00:16,doors opened
07/12/2025,12,4120,Saturday,Saturday,East,15655476,40800,11:20:00,40886,11:21:26,4,3348,Washington Ave & Brevator St (03348),0,0,7,,,41892,11:38:12,,,41892,11:38:12,0,00:00:00,door not opened
07/12/2025,12,4120,Saturday,Saturday,East,15655476,40800,11:20:00,40886,11:21:26,3,10134,Washington Ave & SUNY Exit Rd (10134),1,0,7,,,41764,11:36:04,,,41782,11:36:22,18,00:00:18,doors opened
07/12/2025,12,4120,Saturday,Saturday,East,15655476,40800,11:20:00,40886,11:21:26,2,7216,SUNY Collins Circle (07216),1,0,6,41400.0,11:30:00,41585,11:33:05,41400.0,11:30:00,41600,11:33:20,15,00:00:15,doors opened
07/12/2025,12,4120,Saturday,Saturday,East,15655476,40800,11:20:00,40886,11:21:26,1,12827,Crossgates Commons Station (12827),4,0,5,41160.0,11:26:00,41311,11:28:31,41160.0,11:26:00,41311,11:28:31,0,00:00:00,door not opened
07/12/2025,12,4120,Saturday,Saturday,West,15655478,43200,12:00:00,43551,12:05:51,27,7175,Crossgates Mall Station (07175),0,0,0,45420.0,12:37:00,45768,12:42:48,45420.0,12:37:00,45768,12:42:48,0,00:00:00,door not opened
07/12/2025,12,4120,Saturday,Saturday,West,15655478,43200,12:00:00,43551,12:05:51,26,12828,Crossgates Commons Station (12828),0,15,0,45000.0,12:30:00,45528,12:38:48,45000.0,12:30:00,45558,12:39:18,30,00:00:30,doors opened
07/12/2025,12,4120,Saturday,Saturday,West,15655478,43200,12:00:00,43551,12:05:51,25,12891,1475 Washington Ave (12891),0,0,15,,,45316,12:35:16,,,45316,12:35:16,0,00:00:00,door not opened
07/12/2025,12,4120,Saturday,Saturday,West,15655478,43200,12:00:00,43551,12:05:51,24,7216,SUNY Collins Circle (07216),0,2,15,44640.0,12:24:00,45178,12:32:58,44640.0,12:24:00,45193,12:33:13,15,00:00:15,doors opened
07/12/2025,12,4120,Saturday,Saturday,West,15655478,43200,12:00:00,43551,12:05:51,23,3262,1383 Washington Ave (Fairfield Inn) (03262),0,0,17,,,45096,12:31:36,,,45096,12:31:36,0,00:00:00,door not opened
07/12/2025,12,4120,Saturday,Saturday,West,15655478,43200,12:00:00,43551,12:05:51,22,976,Washington Ave & Brevator St (00976),1,0,17,,,44937,12:28:57,,,44974,12:29:34,37,00:00:37,doors opened
07/12/2025,12,4120,Saturday,Saturday,West,15655478,43200,12:00:00,43551,12:05:51,21,1959,Washington Ave & Colvin Ave (01959),1,3,16,,,44882,12:28:02,,,44914,12:28:34,32,00:00:32,doors opened
07/12/2025,12,4120,Saturday,Saturday,West,15655478,43200,12:00:00,43551,12:05:51,20,3399,Washington Ave & Danker Ave (03399),0,0,18,,,44861,12:27:41,,,44861,12:27:41,0,00:00:00,door not opened
07/12/2025,12,4120,Saturday,Saturday,West,15655478,43200,12:00:00,43551,12:05:51,19,1849,Washington Ave & Homestead Ave (01849),1,3,18,,,44780,12:26:20,,,44840,12:27:20,60,00:01:00,doors opened
07/12/2025,12,4120,Saturday,Saturday,West,15655478,43200,12:00:00,43551,12:05:51,18,1846,Washington Ave & Manning Blvd (01846),1,0,20,,,44730,12:25:30,,,44758,12:25:58,28,00:00:28,doors opened
07/12/2025,12,4120,Saturday,Saturday,West,15655478,43200,12:00:00,43551,12:05:51,17,3287,Washington Ave & N. Allen St (03287),1,0,19,44280.0,12:18:00,44670,12:24:30,44280.0,12:18:00,44701,12:25:01,31,00:00:31,doors opened
07/12/2025,12,4120,Saturday,Saturday,West,15655478,43200,12:00:00,43551,12:05:51,16,3264,Washington Ave & N. Main Ave (03264),1,0,18,,,44605,12:23:25,,,44635,12:23:55,30,00:00:30,doors opened
07/12/2025,12,4120,Saturday,Saturday,West,15655478,43200,12:00:00,43551,12:05:51,15,1839,Washington Ave & Partridge St (01839),1,3,17,,,44492,12:21:32,,,44520,12:22:00,28,00:00:28,doors opened
07/12/2025,12,4120,Saturday,Saturday,West,15655478,43200,12:00:00,43551,12:05:51,14,1841,Washington Ave & Ontario St (01841),1,0,19,44040.0,12:14:00,44443,12:20:43,44040.0,12:14:00,44468,12:21:08,25,00:00:25,doors opened
07/12/2025,12,4120,Saturday,Saturday,West,15655478,43200,12:00:00,43551,12:05:51,13,1842,Washington Ave & Quail St (01842),2,0,18,,,44383,12:19:43,,,44419,12:20:19,36,00:00:36,doors opened
07/12/2025,12,4120,Saturday,Saturday,West,15655478,43200,12:00:00,43551,12:05:51,12,1837,Washington Ave & N. Lake Ave (01837),1,0,16,,,44329,12:18:49,,,44353,12:19:13,24,00:00:24,doors opened
07/12/2025,12,4120,Saturday,Saturday,West,15655478,43200,12:00:00,43551,12:05:51,11,1843,Washington Ave & Robin St (01843),2,3,15,,,44264,12:17:44,,,44302,12:18:22,38,00:00:38,doors opened
07/12/2025,12,4120,Saturday,Saturday,West,15655478,43200,12:00:00,43551,12:05:51,10,12943,Washington Ave & Lexington Ave (12943),1,0,16,,,44216,12:16:56,,,44237,12:17:17,21,00:00:21,doors opened
07/12/2025,12,4120,Saturday,Saturday,West,15655478,43200,12:00:00,43551,12:05:51,9,12942,Washington Ave & Henry Johnson Blvd (12942),1,0,15,,,44157,12:15:57,,,44180,12:16:20,23,00:00:23,doors opened
07/12/2025,12,4120,Saturday,Saturday,West,15655478,43200,12:00:00,43551,12:05:51,8,3239,Lark/Library Station - Washington Ave & Lark St (03239),7,0,14,43680.0,12:08:00,43985,12:13:05,43680.0,12:08:00,44086,12:14:46,101,00:01:41,doors opened
07/12/2025,12,4120,Saturday,Saturday,West,15655478,43200,12:00:00,43551,12:05:51,7,3301,Washington Ave & S. Swan St (03301),0,0,7,,,43950,12:12:30,,,43950,12:12:30,0,00:00:00,door not opened
07/12/2025,12,4120,Saturday,Saturday,West,15655478,43200,12:00:00,43551,12:05:51,6,3250,Hawk/Capitol Station - Washington Ave & Hawk St (03250),0,0,7,,,43909,12:11:49,,,43909,12:11:49,0,00:00:00,door not opened
07/12/2025,12,4120,Saturday,Saturday,West,15655478,43200,12:00:00,43551,12:05:51,5,10087,State St & Eagle St (10087),0,0,7,,,43883,12:11:23,,,43883,12:11:23,0,00:00:00,door not opened
07/12/2025,12,4120,Saturday,Saturday,West,15655478,43200,12:00:00,43551,12:05:51,4,2665,State/Downtown Station - State St & Lodge St (02665),2,0,7,43440.0,12:04:00,43798,12:09:58,43440.0,12:04:00,43844,12:10:44,46,00:00:46,doors opened
07/12/2025,12,4120,Saturday,Saturday,West,15655478,43200,12:00:00,43551,12:05:51,3,3221,State Station - N. Pearl St & Ten Eyck Plaza (03221),0,0,5,,,43769,12:09:29,,,43769,12:09:29,0,00:00:00,door not opened
07/12/2025,12,4120,Saturday,Saturday,West,15655478,43200,12:00:00,43551,12:05:51,2,3233,N. Pearl St & Sheridan Ave (03233),0,0,5,,,43665,12:07:45,,,43665,12:07:45,0,00:00:00,door not opened
07/12/2025,12,4120,Saturday,Saturday,West,15655478,43200,12:00:00,43551,12:05:51,1,2168,Clinton Square Station - N. Pearl St & Clinton Ave (02168),1,0,5,,,43607,12:06:47,,,43632,12:07:12,25,00:00:25,doors opened
07/12/2025,12,4120,Saturday,Saturday,West,15655478,43200,12:00:00,43551,12:05:51,0,9018,Broadway & Orange St (09018),4,0,4,43200.0,12:00:00,43551,12:05:51,43200.0,12:00:00,43551,12:05:51,0,00:00:00,doors opened
07/12/2025,12,4120,Saturday,Saturday,East,15655483,52800,14:40:00,53072,14:44:32,23,2509,State/Downtown Station - State St & S. Pearl St (02509),0,3,0,54720.0,15:12:00,54707,15:11:47,54720.0,15:12:00,54770,15:12:50,63,00:01:03,doors opened
07/12/2025,12,4120,Saturday,Saturday,East,15655483,52800,14:40:00,53072,14:44:32,22,1787,State St & Eagle St (01787),0,0,3,,,54689,15:11:29,,,54689,15:11:29,0,00:00:00,door not opened
07/12/2025,12,4120,Saturday,Saturday,East,15655483,52800,14:40:00,53072,14:44:32,21,2706,Hawk/Capitol Station - Washington Ave & Hawk St (02706),0,0,3,,,54638,15:10:38,,,54638,15:10:38,0,00:00:00,door not opened
07/12/2025,12,4120,Saturday,Saturday,East,15655483,52800,14:40:00,53072,14:44:32,20,1789,Washington Ave & S. Swan St (01789),0,0,3,,,54619,15:10:19,,,54619,15:10:19,0,00:00:00,door not opened
07/12/2025,12,4120,Saturday,Saturday,East,15655483,52800,14:40:00,53072,14:44:32,19,1788,Washington Ave & Dove St (01788),0,0,3,,,54583,15:09:43,,,54583,15:09:43,0,00:00:00,door not opened
07/12/2025,12,4120,Saturday,Saturday,East,15655483,52800,14:40:00,53072,14:44:32,18,2663,Lark/Library Station - Washington Ave & Lark St (02663),3,1,3,54420.0,15:07:00,54513,15:08:33,54420.0,15:07:00,54550,15:09:10,37,00:00:37,doors opened
07/12/2025,12,4120,Saturday,Saturday,East,15655483,52800,14:40:00,53072,14:44:32,17,263,Washington Ave & Henry Johnson Blvd (00263),0,2,1,,,54473,15:07:53,,,54485,15:08:05,12,00:00:12,doors opened
07/12/2025,12,4120,Saturday,Saturday,East,15655483,52800,14:40:00,53072,14:44:32,16,2096,Washington Ave & Lexington Ave (02096),0,0,3,,,54419,15:06:59,,,54419,15:06:59,0,00:00:00,door not opened
07/12/2025,12,4120,Saturday,Saturday,East,15655483,52800,14:40:00,53072,14:44:32,15,3253,Washington Ave & Robin St (Draper Hall) (03253),0,0,3,,,54407,15:06:47,,,54407,15:06:47,0,00:00:00,door not opened
07/12/2025,12,4120,Saturday,Saturday,East,15655483,52800,14:40:00,53072,14:44:32,14,2109,Washington Ave & N. Lake Ave (02109),0,0,3,,,54385,15:06:25,,,54385,15:06:25,0,00:00:00,door not opened
07/12/2025,12,4120,Saturday,Saturday,East,15655483,52800,14:40:00,53072,14:44:32,13,3255,Washington Ave & Quail St (03255),0,0,3,,,54357,15:05:57,,,54357,15:05:57,0,00:00:00,door not opened
07/12/2025,12,4120,Saturday,Saturday,East,15655483,52800,14:40:00,53072,14:44:32,12,3256,Washington Ave & Ontario St (03256),1,1,3,54060.0,15:01:00,54269,15:04:29,54060.0,15:01:00,54299,15:04:59,30,00:00:30,doors opened
07/12/2025,12,4120,Saturday,Saturday,East,15655483,52800,14:40:00,53072,14:44:32,11,2107,Washington Ave & Partridge St (02107),1,0,3,,,54227,15:03:47,,,54242,15:04:02,15,00:00:15,doors opened
07/12/2025,12,4120,Saturday,Saturday,East,15655483,52800,14:40:00,53072,14:44:32,10,3257,Washington Ave & N. Main Ave (03257),0,0,2,,,54174,15:02:54,,,54174,15:02:54,0,00:00:00,door not opened
07/12/2025,12,4120,Saturday,Saturday,East,15655483,52800,14:40:00,53072,14:44:32,9,1796,Washington Ave & N. Allen St (01796),0,0,2,53940.0,14:59:00,54145,15:02:25,53940.0,14:59:00,54145,15:02:25,0,00:00:00,door not opened
07/12/2025,12,4120,Saturday,Saturday,East,15655483,52800,14:40:00,53072,14:44:32,8,11581,Washington Ave & Manning Blvd (11581),0,0,2,,,54111,15:01:51,,,54111,15:01:51,0,00:00:00,door not opened
07/12/2025,12,4120,Saturday,Saturday,East,15655483,52800,14:40:00,53072,14:44:32,7,2180,Washington Ave & Homestead Ave (02180),0,0,2,,,54090,15:01:30,,,54090,15:01:30,0,00:00:00,door not opened
07/12/2025,12,4120,Saturday,Saturday,East,15655483,52800,14:40:00,53072,14:44:32,6,2182,Washington Ave & Hawthorne St (02182),0,0,2,,,54067,15:01:07,,,54067,15:01:07,0,00:00:00,door not opened
07/12/2025,12,4120,Saturday,Saturday,East,15655483,52800,14:40:00,53072,14:44:32,5,3304,Washington Ave & Clermont St (03304),0,0,2,,,54055,15:00:55,,,54055,15:00:55,0,00:00:00,door not opened
07/12/2025,12,4120,Saturday,Saturday,East,15655483,52800,14:40:00,53072,14:44:32,4,3348,Washington Ave & Brevator St (03348),0,1,2,,,54040,15:00:40,,,54040,15:00:40,0,00:00:00,door not opened
07/12/2025,12,4120,Saturday,Saturday,East,15655483,52800,14:40:00,53072,14:44:32,3,10134,Washington Ave & SUNY Exit Rd (10134),0,0,3,,,53913,14:58:33,,,53913,14:58:33,0,00:00:00,door not opened
07/12/2025,12,4120,Saturday,Saturday,East,15655483,52800,14:40:00,53072,14:44:32,2,7216,SUNY Collins Circle (07216),1,26,3,53520.0,14:52:00,53752,14:55:52,53520.0,14:52:00,53799,14:56:39,47,00:00:47,doors opened
07/12/2025,12,4120,Saturday,Saturday,East,15655483,52800,14:40:00,53072,14:44:32,1,12827,Crossgates Commons Station (12827),28,0,28,53220.0,14:47:00,53352,14:49:12,53220.0,14:47:00,53470,14:51:10,118,00:01:58,doors opened
07/12/2025,12,4120,Saturday,Saturday,East,15655483,52800,14:40:00,53072,14:44:32,0,7175,Crossgates Mall Station (07175),0,0,0,52800.0,14:40:00,53072,14:44:32,52800.0,14:40:00,53072,14:44:32,0,00:00:00,doors opened
07/12/2025,12,4128,Saturday,Saturday,East,15654905,38400,10:40:00,38525,10:42:05,24,3940,Broadway & Steuben St (03940),0,1,0,40380.0,11:13:00,40386,11:13:06,40380.0,11:13:00,40386,11:13:06,0,00:00:00,doors opened
07/12/2025,12,4128,Saturday,Saturday,East,15654905,38400,10:40:00,38525,10:42:05,23,2509,State/Downtown Station - State St & S. Pearl St (02509),0,1,1,40140.0,11:09:00,40256,11:10:56,40140.0,11:09:00,40299,11:11:39,43,00:00:43,doors opened
07/12/2025,12,4128,Saturday,Saturday,East,15654905,38400,10:40:00,38525,10:42:05,22,1787,State St & Eagle St (01787),0,0,2,,,40238,11:10:38,,,40238,11:10:38,0,00:00:00,door not opened
07/12/2025,12,4128,Saturday,Saturday,East,15654905,38400,10:40:00,38525,10:42:05,21,2706,Hawk/Capitol Station - Washington Ave & Hawk St (02706),0,0,2,,,40114,11:08:34,,,40114,11:08:34,0,00:00:00,door not opened
07/12/2025,12,4128,Saturday,Saturday,East,15654905,38400,10:40:00,38525,10:42:05,20,1789,Washington Ave & S. Swan St (01789),0,0,2,,,40092,11:08:12,,,40092,11:08:12,0,00:00:00,door not opened
07/12/2025,12,4128,Saturday,Saturday,East,15654905,38400,10:40:00,38525,10:42:05,19,1788,Washington Ave & Dove St (01788),0,0,2,,,40067,11:07:47,,,40067,11:07:47,0,00:00:00,door not opened
07/12/2025,12,4128,Saturday,Saturday,East,15654905,38400,10:40:00,38525,10:42:05,18,2663,Lark/Library Station - Washington Ave & Lark St (02663),1,1,2,39900.0,11:05:00,40000,11:06:40,39900.0,11:05:00,40032,11:07:12,32,00:00:32,doors opened
07/12/2025,12,4128,Saturday,Saturday,East,15654905,38400,10:40:00,38525,10:42:05,17,263,Washington Ave & Henry Johnson Blvd (00263),0,0,2,,,39947,11:05:47,,,39947,11:05:47,0,00:00:00,door not opened
07/12/2025,12,4128,Saturday,Saturday,East,15654905,38400,10:40:00,38525,10:42:05,16,2096,Washington Ave & Lexington Ave (02096),0,0,2,,,39849,11:04:09,,,39849,11:04:09,0,00:00:00,door not opened
07/12/2025,12,4128,Saturday,Saturday,East,15654905,38400,10:40:00,38525,10:42:05,15,3253,Washington Ave & Robin St (Draper Hall) (03253),2,1,2,,,39766,11:02:46,,,39801,11:03:21,35,00:00:35,doors opened
07/12/2025,12,4128,Saturday,Saturday,East,15654905,38400,10:40:00,38525,10:42:05,14,2109,Washington Ave & N. Lake Ave (02109),0,0,1,,,39745,11:02:25,,,39745,11:02:25,0,00:00:00,door not opened
07/12/2025,12,4128,Saturday,Saturday,East,15654905,38400,10:40:00,38525,10:42:05,13,3255,Washington Ave & Quail St (03255),0,0,1,,,39694,11:01:34,,,39694,11:01:34,0,00:00:00,door not opened
07/12/2025,12,4128,Saturday,Saturday,East,15654905,38400,10:40:00,38525,10:42:05,12,3256,Washington Ave & Ontario St (03256),0,0,1,39540.0,10:59:00,39668,11:01:08,39540.0,10:59:00,39668,11:01:08,0,00:00:00,door not opened
07/12/2025,12,4128,Saturday,Saturday,East,15654905,38400,10:40:00,38525,10:42:05,11,2107,Washington Ave & Partridge St (02107),0,0,1,,,39647,11:00:47,,,39647,11:00:47,0,00:00:00,door not opened
07/12/2025,12,4128,Saturday,Saturday,East,15654905,38400,10:40:00,38525,10:42:05,10,3257,Washington Ave & N. Main Ave (03257),1,0,1,,,39541,10:59:01,,,39596,10:59:56,55,00:00:55,doors opened
07/12/2025,12,4128,Saturday,Saturday,East,15654905,38400,10:40:00,38525,10:42:05,9,1796,Washington Ave & N. Allen St (01796),0,0,0,39420.0,10:57:00,39515,10:58:35,39420.0,10:57:00,39515,10:58:35,0,00:00:00,door not opened
07/12/2025,12,4128,Saturday,Saturday,East,15654905,38400,10:40:00,38525,10:42:05,8,11581,Washington Ave & Manning Blvd (11581),0,0,0,,,39486,10:58:06,,,39486,10:58:06,0,00:00:00,door not opened
07/12/2025,12,4128,Saturday,Saturday,East,15654905,38400,10:40:00,38525,10:42:05,7,2180,Washington Ave & Homestead Ave (02180),0,0,0,,,39464,10:57:44,,,39464,10:57:44,0,00:00:00,door not opened
07/12/2025,12,4128,Saturday,Saturday,East,15654905,38400,10:40:00,38525,10:42:05,6,2182,Washington Ave & Hawthorne St (02182),0,0,0,,,39443,10:57:23,,,39443,10:57:23,0,00:00:00,door not opened
07/12/2025,12,4128,Saturday,Saturday,East,15654905,38400,10:40:00,38525,10:42:05,5,3304,Washington Ave & Clermont St (03304),0,1,0,,,39373,10:56:13,,,39417,10:56:57,44,00:00:44,doors opened
07/12/2025,12,4128,Saturday,Saturday,East,15654905,38400,10:40:00,38525,10:42:05,4,3348,Washington Ave & Brevator St (03348),0,0,1,,,39361,10:56:01,,,39361,10:56:01,0,00:00:00,door not opened
07/12/2025,12,4128,Saturday,Saturday,East,15654905,38400,10:40:00,38525,10:42:05,3,10134,Washington Ave & SUNY Exit Rd (10134),0,0,1,,,39240,10:54:00,,,39240,10:54:00,0,00:00:00,door not opened
07/12/2025,12,4128,Saturday,Saturday,East,15654905,38400,10:40:00,38525,10:42:05,2,7216,SUNY Collins Circle (07216),1,0,1,39000.0,10:50:00,39099,10:51:39,39000.0,10:50:00,39121,10:52:01,22,00:00:22,doors opened
07/12/2025,12,4128,Saturday,Saturday,East,15654905,38400,10:40:00,38525,10:42:05,1,12827,Crossgates Commons Station (12827),0,0,0,38760.0,10:46:00,38837,10:47:17,38760.0,10:46:00,38837,10:47:17,0,00:00:00,door not opened
07/12/2025,12,4128,Saturday,Saturday,East,15654905,38400,10:40:00,38525,10:42:05,0,7175,Crossgates Mall Station (07175),0,0,0,38400.0,10:40:00,38525,10:42:05,38400.0,10:40:00,38525,10:42:05,0,00:00:00,doors opened
07/12/2025,12,4128,Saturday,Saturday,West,15654907,40800,11:20:00,40999,11:23:19,27,7175,Crossgates Mall Station (07175),0,6,0,43020.0,11:57:00,43179,11:59:39,43020.0,11:57:00,43179,11:59:39,0,00:00:00,doors opened
07/12/2025,12,4128,Saturday,Saturday,West,15654907,40800,11:20:00,40999,11:23:19,26,12828,Crossgates Commons Station (12828),0,6,6,42600.0,11:50:00,42910,11:55:10,42600.0,11:50:00,42929,11:55:29,19,00:00:19,doors opened
07/12/2025,12,4128,Saturday,Saturday,West,15654907,40800,11:20:00,40999,11:23:19,25,12891,1475 Washington Ave (12891),0,0,12,,,42658,11:50:58,,,42658,11:50:58,0,00:00:00,door not opened
07/12/2025,12,4128,Saturday,Saturday,West,15654907,40800,11:20:00,40999,11:23:19,24,7216,SUNY Collins Circle (07216),0,0,12,42240.0,11:44:00,42478,11:47:58,42240.0,11:44:00,42478,11:47:58,0,00:00:00,door not opened
07/12/2025,12,4128,Saturday,Saturday,West,15654907,40800,11:20:00,40999,11:23:19,23,3262,1383 Washington Ave (Fairfield Inn) (03262),0,0,12,,,42351,11:45:51,,,42351,11:45:51,0,00:00:00,door not opened
07/12/2025,12,4128,Saturday,Saturday,West,15654907,40800,11:20:00,40999,11:23:19,22,976,Washington Ave & Brevator St (00976),0,0,12,,,42243,11:44:03,,,42243,11:44:03,0,00:00:00,door not opened
07/12/2025,12,4128,Saturday,Saturday,West,15654907,40800,11:20:00,40999,11:23:19,21,1959,Washington Ave & Colvin Ave (01959),1,0,12,,,42206,11:43:26,,,42221,11:43:41,15,00:00:15,doors opened
07/12/2025,12,4128,Saturday,Saturday,West,15654907,40800,11:20:00,40999,11:23:19,20,3399,Washington Ave & Danker Ave (03399),0,0,11,,,42185,11:43:05,,,42185,11:43:05,0,00:00:00,door not opened
07/12/2025,12,4128,Saturday,Saturday,West,15654907,40800,11:20:00,40999,11:23:19,19,1849,Washington Ave & Homestead Ave (01849),2,0,11,,,42084,11:41:24,,,42162,11:42:42,78,00:01:18,doors opened
07/12/2025,12,4128,Saturday,Saturday,West,15654907,40800,11:20:00,40999,11:23:19,18,1846,Washington Ave & Manning Blvd (01846),0,0,9,,,42062,11:41:02,,,42062,11:41:02,0,00:00:00,door not opened
07/12/2025,12,4128,Saturday,Saturday,West,15654907,40800,11:20:00,40999,11:23:19,4,2665,State/Downtown Station - State St & Lodge St (02665),1,0,3,41040.0,11:24:00,41224,11:27:04,41040.0,11:24:00,41236,11:27:16,12,00:00:12,doors opened
07/12/2025,12,4128,Saturday,Saturday,West,15654907,40800,11:20:00,40999,11:23:19,3,3221,State Station - N. Pearl St & Ten Eyck Plaza (03221),0,0,2,,,41133,11:25:33,,,41133,11:25:33,0,00:00:00,door not opened
07/12/2025,12,4128,Saturday,Saturday,West,15654907,40800,11:20:00,40999,11:23:19,2,3233,N. Pearl St & Sheridan Ave (03233),0,0,2,,,41102,11:25:02,,,41102,11:25:02,0,00:00:00,door not opened
07/12/2025,12,4128,Saturday,Saturday,West,15654907,40800,11:20:00,40999,11:23:19,1,2168,Clinton Square Station - N. Pearl St & Clinton Ave (02168),0,0,2,,,41086,11:24:46,,,41086,11:24:46,0,00:00:00,door not opened
07/12/2025,12,4128,Saturday,Saturday,West,15654907,40800,11:20:00,40999,11:23:19,0,9018,Broadway & Orange St (09018),2,0,2,40800.0,11:20:00,40999,11:23:19,40800.0,11:20:00,40999,11:23:19,0,00:00:00,doors opened
07/12/2025,12,4128,Saturday,Saturday,West,15654907,40800,11:20:00,40999,11:23:19,17,3287,Washington Ave & N. Allen St (03287),3,0,9,41880.0,11:38:00,41940,11:39:00,41880.0,11:38:00,41982,11:39:42,42,00:00:42,doors opened
07/12/2025,12,4128,Saturday,Saturday,West,15654907,40800,11:20:00,40999,11:23:19,16,3264,Washington Ave & N. Main Ave (03264),2,0,6,,,41835,11:37:15,,,41898,11:38:18,63,00:01:03,doors opened
07/12/2025,12,4128,Saturday,Saturday,West,15654907,40800,11:20:00,40999,11:23:19,15,1839,Washington Ave & Partridge St (01839),0,0,4,,,41761,11:36:01,,,41761,11:36:01,0,00:00:00,door not opened
07/12/2025,12,4128,Saturday,Saturday,West,15654907,40800,11:20:00,40999,11:23:19,14,1841,Washington Ave & Ontario St (01841),0,0,4,41640.0,11:34:00,41733,11:35:33,41640.0,11:34:00,41733,11:35:33,0,00:00:00,door not opened
07/12/2025,12,4128,Saturday,Saturday,West,15654907,40800,11:20:00,40999,11:23:19,13,1842,Washington Ave & Quail St (01842),0,0,4,,,41680,11:34:40,,,41680,11:34:40,0,00:00:00,door not opened
07/12/2025,12,4128,Saturday,Saturday,West,15654907,40800,11:20:00,40999,11:23:19,12,1837,Washington Ave & N. Lake Ave (01837),1,0,4,,,41601,11:33:21,,,41652,11:34:12,51,00:00:51,doors opened
07/12/2025,12,4128,Saturday,Saturday,West,15654907,40800,11:20:00,40999,11:23:19,11,1843,Washington Ave & Robin St (01843),0,0,3,,,41577,11:32:57,,,41577,11:32:57,0,00:00:00,door not opened
07/12/2025,12,4128,Saturday,Saturday,West,15654907,40800,11:20:00,40999,11:23:19,10,12943,Washington Ave & Lexington Ave (12943),0,0,3,,,41555,11:32:35,,,41555,11:32:35,0,00:00:00,door not opened
07/12/2025,12,4128,Saturday,Saturday,West,15654907,40800,11:20:00,40999,11:23:19,9,12942,Washington Ave & Henry Johnson Blvd (12942),0,0,3,,,41527,11:32:07,,,41527,11:32:07,0,00:00:00,door not opened
07/12/2025,12,4128,Saturday,Saturday,West,15654907,40800,11:20:00,40999,11:23:19,8,3239,Lark/Library Station - Washington Ave & Lark St (03239),0,0,3,41280.0,11:28:00,41448,11:30:48,41280.0,11:28:00,41448,11:30:48,0,00:00:00,door not opened
07/12/2025,12,4128,Saturday,Saturday,West,15654907,40800,11:20:00,40999,11:23:19,7,3301,Washington Ave & S. Swan St (03301),0,0,3,,,41343,11:29:03,,,41343,11:29:03,0,00:00:00,door not opened
07/12/2025,12,4128,Saturday,Saturday,West,15654907,40800,11:20:00,40999,11:23:19,6,3250,Hawk/Capitol Station - Washington Ave & Hawk St (03250),0,0,3,,,41315,11:28:35,,,41315,11:28:35,0,00:00:00,door not opened
07/12/2025,12,4128,Saturday,Saturday,West,15654907,40800,11:20:00,40999,11:23:19,5,10087,State St & Eagle St (10087),0,0,3,,,41289,11:28:09,,,41289,11:28:09,0,00:00:00,door not opened
07/12/2025,12,4124,Saturday,Saturday,West,15655485,55200,15:20:00,55866,15:31:06,26,12828,Crossgates Commons Station (12828),0,46,0,57000.0,15:50:00,57628,16:00:28,57000.0,15:50:00,57628,16:00:28,0,00:00:00,doors opened
07/12/2025,12,4124,Saturday,Saturday,West,15655485,55200,15:20:00,55866,15:31:06,25,12891,1475 Washington Ave (12891),0,0,46,,,57464,15:57:44,,,57464,15:57:44,0,00:00:00,door not opened
07/12/2025,12,4124,Saturday,Saturday,West,15655485,55200,15:20:00,55866,15:31:06,24,7216,SUNY Collins Circle (07216),36,1,46,56640.0,15:44:00,57129,15:52:09,56640.0,15:44:00,57285,15:54:45,156,00:02:36,doors opened
07/12/2025,12,4124,Saturday,Saturday,West,15655485,55200,15:20:00,55866,15:31:06,23,3262,1383 Washington Ave (Fairfield Inn) (03262),0,0,11,,,57066,15:51:06,,,57066,15:51:06,0,00:00:00,door not opened
07/12/2025,12,4124,Saturday,Saturday,West,15655485,55200,15:20:00,55866,15:31:06,22,976,Washington Ave & Brevator St (00976),0,0,11,,,56939,15:48:59,,,56939,15:48:59,0,00:00:00,door not opened
07/12/2025,12,4124,Saturday,Saturday,West,15655485,55200,15:20:00,55866,15:31:06,21,1959,Washington Ave & Colvin Ave (01959),0,0,11,,,56923,15:48:43,,,56923,15:48:43,0,00:00:00,door not opened
07/12/2025,12,4124,Saturday,Saturday,West,15655485,55200,15:20:00,55866,15:31:06,20,3399,Washington Ave & Danker Ave (03399),0,1,11,,,56850,15:47:30,,,56865,15:47:45,15,00:00:15,doors opened
07/12/2025,12,4124,Saturday,Saturday,West,15655485,55200,15:20:00,55866,15:31:06,19,1849,Washington Ave & Homestead Ave (01849),2,0,12,,,56785,15:46:25,,,56828,15:47:08,43,00:00:43,doors opened
07/12/2025,12,4124,Saturday,Saturday,West,15655485,55200,15:20:00,55866,15:31:06,18,1846,Washington Ave & Manning Blvd (01846),0,0,10,,,56766,15:46:06,,,56766,15:46:06,0,00:00:00,door not opened
07/12/2025,12,4124,Saturday,Saturday,West,15655485,55200,15:20:00,55866,15:31:06,17,3287,Washington Ave & N. Allen St (03287),1,0,10,56280.0,15:38:00,56712,15:45:12,56280.0,15:38:00,56723,15:45:23,11,00:00:11,doors opened
07/12/2025,12,4124,Saturday,Saturday,West,15655485,55200,15:20:00,55866,15:31:06,16,3264,Washington Ave & N. Main Ave (03264),0,0,9,,,56688,15:44:48,,,56688,15:44:48,0,00:00:00,door not opened
07/12/2025,12,4124,Saturday,Saturday,West,15655485,55200,15:20:00,55866,15:31:06,15,1839,Washington Ave & Partridge St (01839),1,0,9,,,56596,15:43:16,,,56611,15:43:31,15,00:00:15,doors opened
07/12/2025,12,4124,Saturday,Saturday,West,15655485,55200,15:20:00,55866,15:31:06,14,1841,Washington Ave & Ontario St (01841),3,0,8,56040.0,15:34:00,56549,15:42:29,56040.0,15:34:00,56576,15:42:56,27,00:00:27,doors opened
07/12/2025,12,4124,Saturday,Saturday,West,15655485,55200,15:20:00,55866,15:31:06,13,1842,Washington Ave & Quail St (01842),1,0,5,,,56507,15:41:47,,,56528,15:42:08,21,00:00:21,doors opened
07/12/2025,12,4124,Saturday,Saturday,West,15655485,55200,15:20:00,55866,15:31:06,12,1837,Washington Ave & N. Lake Ave (01837),0,0,4,,,56485,15:41:25,,,56485,15:41:25,0,00:00:00,door not opened
07/12/2025,12,4124,Saturday,Saturday,West,15655485,55200,15:20:00,55866,15:31:06,11,1843,Washington Ave & Robin St (01843),0,0,4,,,56450,15:40:50,,,56450,15:40:50,0,00:00:00,door not opened
07/12/2025,12,4124,Saturday,Saturday,West,15655485,55200,15:20:00,55866,15:31:06,10,12943,Washington Ave & Lexington Ave (12943),0,0,4,,,56428,15:40:28,,,56428,15:40:28,0,00:00:00,door not opened
07/12/2025,12,4124,Saturday,Saturday,West,15655485,55200,15:20:00,55866,15:31:06,9,12942,Washington Ave & Henry Johnson Blvd (12942),3,0,4,,,56290,15:38:10,,,56371,15:39:31,81,00:01:21,doors opened
07/12/2025,12,4124,Saturday,Saturday,West,15655485,55200,15:20:00,55866,15:31:06,8,3239,Lark/Library Station - Washington Ave & Lark St (03239),0,0,1,55680.0,15:28:00,56224,15:37:04,55680.0,15:28:00,56224,15:37:04,0,00:00:00,door not opened
07/12/2025,12,4124,Saturday,Saturday,West,15655485,55200,15:20:00,55866,15:31:06,7,3301,Washington Ave & S. Swan St (03301),0,0,1,,,56184,15:36:24,,,56184,15:36:24,0,00:00:00,door not opened
07/12/2025,12,4124,Saturday,Saturday,West,15655485,55200,15:20:00,55866,15:31:06,6,3250,Hawk/Capitol Station - Washington Ave & Hawk St (03250),0,0,1,,,56145,15:35:45,,,56145,15:35:45,0,00:00:00,door not opened
07/12/2025,12,4124,Saturday,Saturday,West,15655485,55200,15:20:00,55866,15:31:06,5,10087,State St & Eagle St (10087),0,0,1,,,56116,15:35:16,,,56116,15:35:16,0,00:00:00,door not opened
07/12/2025,12,4124,Saturday,Saturday,West,15655485,55200,15:20:00,55866,15:31:06,4,2665,State/Downtown Station - State St & Lodge St (02665),0,0,1,55440.0,15:24:00,56057,15:34:17,55440.0,15:24:00,56057,15:34:17,0,00:00:00,door not opened
07/12/2025,12,4124,Saturday,Saturday,West,15655485,55200,15:20:00,55866,15:31:06,3,3221,State Station - N. Pearl St & Ten Eyck Plaza (03221),0,0,1,,,55949,15:32:29,,,55949,15:32:29,0,00:00:00,door not opened
07/12/2025,12,4124,Saturday,Saturday,West,15655485,55200,15:20:00,55866,15:31:06,2,3233,N. Pearl St & Sheridan Ave (03233),0,0,1,,,55913,15:31:53,,,55913,15:31:53,0,00:00:00,door not opened
07/12/2025,12,4124,Saturday,Saturday,West,15655485,55200,15:20:00,55866,15:31:06,1,2168,Clinton Square Station - N. Pearl St & Clinton Ave (02168),0,0,1,,,55903,15:31:43,,,55903,15:31:43,0,00:00:00,door not opened
07/12/2025,12,4124,Saturday,Saturday,West,15655485,55200,15:20:00,55866,15:31:06,0,9018,Broadway & Orange St (09018),0,0,1,55200.0,15:20:00,55866,15:31:06,55200.0,15:20:00,55866,15:31:06,0,00:00:00,door not opened
07/12/2025,12,4124,Saturday,Saturday,West,15655567,21600,06:00:00,22082,06:08:02,27,7175,Crossgates Mall Station (07175),0,4,0,23580.0,06:33:00,23715,06:35:15,23580.0,06:33:00,23715,06:35:15,0,00:00:00,doors opened
07/12/2025,12,4124,Saturday,Saturday,West,15655567,21600,06:00:00,22082,06:08:02,26,12828,Crossgates Commons Station (12828),0,14,4,23160.0,06:26:00,23496,06:31:36,23160.0,06:26:00,23523,06:32:03,27,00:00:27,doors opened
07/12/2025,12,4124,Saturday,Saturday,West,15655567,21600,06:00:00,22082,06:08:02,25,12891,1475 Washington Ave (12891),1,0,18,,,23315,06:28:35,,,23327,06:28:47,12,00:00:12,doors opened
07/12/2025,12,4124,Saturday,Saturday,West,15655567,21600,06:00:00,22082,06:08:02,24,7216,SUNY Collins Circle (07216),0,0,17,22800.0,06:20:00,23158,06:25:58,22800.0,06:20:00,23158,06:25:58,0,00:00:00,door not opened
07/12/2025,12,4124,Saturday,Saturday,West,15655567,21600,06:00:00,22082,06:08:02,23,3262,1383 Washington Ave (Fairfield Inn) (03262),0,0,17,,,23078,06:24:38,,,23078,06:24:38,0,00:00:00,door not opened
07/12/2025,12,4124,Saturday,Saturday,West,15655567,21600,06:00:00,22082,06:08:02,22,976,Washington Ave & Brevator St (00976),1,0,17,,,22959,06:22:39,,,22975,06:22:55,16,00:00:16,doors opened
07/12/2025,12,4124,Saturday,Saturday,West,15655567,21600,06:00:00,22082,06:08:02,21,1959,Washington Ave & Colvin Ave (01959),0,0,16,,,22940,06:22:20,,,22940,06:22:20,0,00:00:00,door not opened
07/12/2025,12,4124,Saturday,Saturday,West,15655567,21600,06:00:00,22082,06:08:02,20,3399,Washington Ave & Danker Ave (03399),0,0,16,,,22921,06:22:01,,,22921,06:22:01,0,00:00:00,door not opened
07/12/2025,12,4124,Saturday,Saturday,West,15655567,21600,06:00:00,22082,06:08:02,19,1849,Washington Ave & Homestead Ave (01849),1,0,16,,,22886,06:21:26,,,22899,06:21:39,13,00:00:13,doors opened
07/12/2025,12,4124,Saturday,Saturday,West,15655567,21600,06:00:00,22082,06:08:02,18,1846,Washington Ave & Manning Blvd (01846),0,0,15,,,22870,06:21:10,,,22870,06:21:10,0,00:00:00,door not opened
07/12/2025,12,4124,Saturday,Saturday,West,15655567,21600,06:00:00,22082,06:08:02,17,3287,Washington Ave & N. Allen St (03287),0,0,15,22500.0,06:15:00,22844,06:20:44,22500.0,06:15:00,22844,06:20:44,0,00:00:00,door not opened
07/12/2025,12,4124,Saturday,Saturday,West,15655567,21600,06:00:00,22082,06:08:02,16,3264,Washington Ave & N. Main Ave (03264),0,0,15,,,22797,06:19:57,,,22797,06:19:57,0,00:00:00,door not opened
07/12/2025,12,4124,Saturday,Saturday,West,15655567,21600,06:00:00,22082,06:08:02,15,1839,Washington Ave & Partridge St (01839),3,0,15,,,22718,06:18:38,,,22741,06:19:01,23,00:00:23,doors opened
07/12/2025,12,4124,Saturday,Saturday,West,15655567,21600,06:00:00,22082,06:08:02,14,1841,Washington Ave & Ontario St (01841),4,0,12,22320.0,06:12:00,22662,06:17:42,22320.0,06:12:00,22696,06:18:16,34,00:00:34,doors opened
07/12/2025,12,4124,Saturday,Saturday,West,15655567,21600,06:00:00,22082,06:08:02,13,1842,Washington Ave & Quail St (01842),0,0,8,,,22643,06:17:23,,,22643,06:17:23,0,00:00:00,door not opened
07/12/2025,12,4124,Saturday,Saturday,West,15655567,21600,06:00:00,22082,06:08:02,12,1837,Washington Ave & N. Lake Ave (01837),0,0,8,,,22576,06:16:16,,,22576,06:16:16,0,00:00:00,door not opened
07/12/2025,12,4124,Saturday,Saturday,West,15655567,21600,06:00:00,22082,06:08:02,11,1843,Washington Ave & Robin St (01843),0,0,8,,,22537,06:15:37,,,22537,06:15:37,0,00:00:00,door not opened
07/12/2025,12,4124,Saturday,Saturday,West,15655567,21600,06:00:00,22082,06:08:02,10,12943,Washington Ave & Lexington Ave (12943),0,0,8,,,22517,06:15:17,,,22517,06:15:17,0,00:00:00,door not opened
07/12/2025,12,4124,Saturday,Saturday,West,15655567,21600,06:00:00,22082,06:08:02,9,12942,Washington Ave & Henry Johnson Blvd (12942),0,0,8,,,22495,06:14:55,,,22495,06:14:55,0,00:00:00,door not opened
07/12/2025,12,4124,Saturday,Saturday,West,15655567,21600,06:00:00,22082,06:08:02,8,3239,Lark/Library Station - Washington Ave & Lark St (03239),0,0,8,21960.0,06:06:00,22469,06:14:29,21960.0,06:06:00,22469,06:14:29,0,00:00:00,door not opened
07/12/2025,12,4124,Saturday,Saturday,West,15655567,21600,06:00:00,22082,06:08:02,7,3301,Washington Ave & S. Swan St (03301),0,0,8,,,22429,06:13:49,,,22429,06:13:49,0,00:00:00,door not opened
07/12/2025,12,4124,Saturday,Saturday,West,15655567,21600,06:00:00,22082,06:08:02,6,3250,Hawk/Capitol Station - Washington Ave & Hawk St (03250),0,0,8,,,22407,06:13:27,,,22407,06:13:27,0,00:00:00,door not opened
07/12/2025,12,4124,Saturday,Saturday,West,15655567,21600,06:00:00,22082,06:08:02,5,10087,State St & Eagle St (10087),0,0,8,,,22383,06:13:03,,,22383,06:13:03,0,00:00:00,door not opened
07/12/2025,12,4124,Saturday,Saturday,West,15655567,21600,06:00:00,22082,06:08:02,4,2665,State/Downtown Station - State St & Lodge St (02665),3,0,8,21780.0,06:03:00,22247,06:10:47,21780.0,06:03:00,22265,06:11:05,18,00:00:18,doors opened
07/12/2025,12,4124,Saturday,Saturday,West,15655567,21600,06:00:00,22082,06:08:02,3,3221,State Station - N. Pearl St & Ten Eyck Plaza (03221),1,0,5,,,22205,06:10:05,,,22217,06:10:17,12,00:00:12,doors opened
07/12/2025,12,4124,Saturday,Saturday,West,15655567,21600,06:00:00,22082,06:08:02,2,3233,N. Pearl St & Sheridan Ave (03233),0,0,4,,,22174,06:09:34,,,22174,06:09:34,0,00:00:00,door not opened
07/12/2025,12,4124,Saturday,Saturday,West,15655567,21600,06:00:00,22082,06:08:02,1,2168,Clinton Square Station - N. Pearl St & Clinton Ave (02168),1,0,4,,,22133,06:08:53,,,22149,06:09:09,16,00:00:16,doors opened
07/12/2025,12,4124,Saturday,Saturday,West,15655567,21600,06:00:00,22082,06:08:02,0,9018,Broadway & Orange St (09018),3,0,3,21600.0,06:00:00,22082,06:08:02,21600.0,06:00:00,22082,06:08:02,0,00:00:00,doors opened
07/12/2025,12,4124,Saturday,Saturday,East,15655568,24000,06:40:00,24224,06:43:44,24,3940,Broadway & Steuben St (03940),0,0,0,25800.0,07:10:00,25618,07:06:58,25800.0,07:10:00,25618,07:06:58,0,00:00:00,door not opened
07/12/2025,12,4124,Saturday,Saturday,East,15655568,24000,06:40:00,24224,06:43:44,23,2509,State/Downtown Station - State St & S. Pearl St (02509),0,1,0,25560.0,07:06:00,25540,07:05:40,25560.0,07:06:00,25552,07:05:52,12,00:00:12,doors opened
07/12/2025,12,4124,Saturday,Saturday,East,15655568,24000,06:40:00,24224,06:43:44,22,1787,State St & Eagle St (01787),0,0,1,,,25520,07:05:20,,,25520,07:05:20,0,00:00:00,door not opened
07/12/2025,12,4124,Saturday,Saturday,East,15655568,24000,06:40:00,24224,06:43:44,21,2706,Hawk/Capitol Station - Washington Ave & Hawk St (02706),0,0,1,,,25464,07:04:24,,,25464,07:04:24,0,00:00:00,door not opened
07/12/2025,12,4124,Saturday,Saturday,East,15655568,24000,06:40:00,24224,06:43:44,20,1789,Washington Ave & S. Swan St (01789),0,0,1,,,25450,07:04:10,,,25450,07:04:10,0,00:00:00,door not opened
07/12/2025,12,4124,Saturday,Saturday,East,15655568,24000,06:40:00,24224,06:43:44,19,1788,Washington Ave & Dove St (01788),0,0,1,,,25433,07:03:53,,,25433,07:03:53,0,00:00:00,door not opened
07/12/2025,12,4124,Saturday,Saturday,East,15655568,24000,06:40:00,24224,06:43:44,18,2663,Lark/Library Station - Washington Ave & Lark St (02663),0,0,1,25380.0,07:03:00,25417,07:03:37,25380.0,07:03:00,25417,07:03:37,0,00:00:00,door not opened
07/12/2025,12,4124,Saturday,Saturday,East,15655568,24000,06:40:00,24224,06:43:44,17,263,Washington Ave & Henry Johnson Blvd (00263),0,1,1,,,25383,07:03:03,,,25396,07:03:16,13,00:00:13,doors opened
07/12/2025,12,4124,Saturday,Saturday,East,15655568,24000,06:40:00,24224,06:43:44,16,2096,Washington Ave & Lexington Ave (02096),0,0,2,,,25357,07:02:37,,,25357,07:02:37,0,00:00:00,door not opened
07/12/2025,12,4124,Saturday,Saturday,East,15655568,24000,06:40:00,24224,06:43:44,15,3253,Washington Ave & Robin St (Draper Hall) (03253),0,0,2,,,25298,07:01:38,,,25298,07:01:38,0,00:00:00,door not opened
07/12/2025,12,4124,Saturday,Saturday,East,15655568,24000,06:40:00,24224,06:43:44,14,2109,Washington Ave & N. Lake Ave (02109),0,1,2,,,25260,07:01:00,,,25274,07:01:14,14,00:00:14,doors opened
07/12/2025,12,4124,Saturday,Saturday,East,15655568,24000,06:40:00,24224,06:43:44,13,3255,Washington Ave & Quail St (03255),0,2,3,,,25217,07:00:17,,,25235,07:00:35,18,00:00:18,doors opened
07/12/2025,12,4124,Saturday,Saturday,East,15655568,24000,06:40:00,24224,06:43:44,12,3256,Washington Ave & Ontario St (03256),0,0,5,25080.0,06:58:00,25199,06:59:59,25080.0,06:58:00,25199,06:59:59,0,00:00:00,door not opened
07/12/2025,12,4124,Saturday,Saturday,East,15655568,24000,06:40:00,24224,06:43:44,11,2107,Washington Ave & Partridge St (02107),0,0,5,,,25183,06:59:43,,,25183,06:59:43,0,00:00:00,door not opened
07/12/2025,12,4124,Saturday,Saturday,East,15655568,24000,06:40:00,24224,06:43:44,10,3257,Washington Ave & N. Main Ave (03257),0,0,5,,,25146,06:59:06,,,25146,06:59:06,0,00:00:00,door not opened
07/12/2025,12,4124,Saturday,Saturday,East,15655568,24000,06:40:00,24224,06:43:44,9,1796,Washington Ave & N. Allen St (01796),0,0,5,24960.0,06:56:00,25121,06:58:41,24960.0,06:56:00,25121,06:58:41,0,00:00:00,door not opened
07/12/2025,12,4124,Saturday,Saturday,East,15655568,24000,06:40:00,24224,06:43:44,8,11581,Washington Ave & Manning Blvd (11581),0,0,5,,,25073,06:57:53,,,25073,06:57:53,0,00:00:00,door not opened
07/12/2025,12,4124,Saturday,Saturday,East,15655568,24000,06:40:00,24224,06:43:44,7,2180,Washington Ave & Homestead Ave (02180),0,0,5,,,25056,06:57:36,,,25056,06:57:36,0,00:00:00,door not opened
07/12/2025,12,4124,Saturday,Saturday,East,15655568,24000,06:40:00,24224,06:43:44,6,2182,Washington Ave & Hawthorne St (02182),0,0,5,,,25037,06:57:17,,,25037,06:57:17,0,00:00:00,door not opened
07/12/2025,12,4124,Saturday,Saturday,East,15655568,24000,06:40:00,24224,06:43:44,5,3304,Washington Ave & Clermont St (03304),0,0,5,,,25024,06:57:04,,,25024,06:57:04,0,00:00:00,door not opened
07/12/2025,12,4124,Saturday,Saturday,East,15655568,24000,06:40:00,24224,06:43:44,4,3348,Washington Ave & Brevator St (03348),0,0,5,,,24982,06:56:22,,,24982,06:56:22,0,00:00:00,door not opened
07/12/2025,12,4124,Saturday,Saturday,East,15655568,24000,06:40:00,24224,06:43:44,3,10134,Washington Ave & SUNY Exit Rd (10134),2,0,5,,,24839,06:53:59,,,24859,06:54:19,20,00:00:20,doors opened
07/12/2025,12,4124,Saturday,Saturday,East,15655568,24000,06:40:00,24224,06:43:44,0,7175,Crossgates Mall Station (07175),3,0,3,24000.0,06:40:00,24224,06:43:44,24000.0,06:40:00,24224,06:43:44,0,00:00:00,doors opened
07/12/2025,12,4124,Saturday,Saturday,West,15655571,27000,07:30:00,27265,07:34:25,27,7175,Crossgates Mall Station (07175),0,7,0,29040.0,08:04:00,28944,08:02:24,29040.0,08:04:00,28944,08:02:24,0,00:00:00,doors opened
07/12/2025,12,4124,Saturday,Saturday,West,15655571,27000,07:30:00,27265,07:34:25,26,12828,Crossgates Commons Station (12828),0,2,7,28620.0,07:57:00,28758,07:59:18,28620.0,07:57:00,28772,07:59:32,14,00:00:14,doors opened
07/12/2025,12,4124,Saturday,Saturday,West,15655571,27000,07:30:00,27265,07:34:25,25,12891,1475 Washington Ave (12891),0,0,9,,,28600,07:56:40,,,28600,07:56:40,0,00:00:00,door not opened
07/12/2025,12,4124,Saturday,Saturday,West,15655571,27000,07:30:00,27265,07:34:25,24,7216,SUNY Collins Circle (07216),0,0,9,28260.0,07:51:00,28512,07:55:12,28260.0,07:51:00,28512,07:55:12,0,00:00:00,door not opened
07/12/2025,12,4124,Saturday,Saturday,West,15655571,27000,07:30:00,27265,07:34:25,23,3262,1383 Washington Ave (Fairfield Inn) (03262),0,1,9,,,28398,07:53:18,,,28411,07:53:31,13,00:00:13,doors opened
07/12/2025,12,4124,Saturday,Saturday,West,15655571,27000,07:30:00,27265,07:34:25,22,976,Washington Ave & Brevator St (00976),0,1,10,,,28279,07:51:19,,,28292,07:51:32,13,00:00:13,doors opened
07/12/2025,12,4124,Saturday,Saturday,West,15655571,27000,07:30:00,27265,07:34:25,21,1959,Washington Ave & Colvin Ave (01959),0,0,11,,,28261,07:51:01,,,28261,07:51:01,0,00:00:00,door not opened
07/12/2025,12,4124,Saturday,Saturday,West,15655571,27000,07:30:00,27265,07:34:25,20,3399,Washington Ave & Danker Ave (03399),0,0,11,,,28244,07:50:44,,,28244,07:50:44,0,00:00:00,door not opened
07/12/2025,12,4124,Saturday,Saturday,West,15655571,27000,07:30:00,27265,07:34:25,19,1849,Washington Ave & Homestead Ave (01849),0,0,11,,,28227,07:50:27,,,28227,07:50:27,0,00:00:00,door not opened
07/12/2025,12,4124,Saturday,Saturday,West,15655571,27000,07:30:00,27265,07:34:25,18,1846,Washington Ave & Manning Blvd (01846),0,0,11,,,28196,07:49:56,,,28196,07:49:56,0,00:00:00,door not opened
07/12/2025,12,4124,Saturday,Saturday,West,15655571,27000,07:30:00,27265,07:34:25,17,3287,Washington Ave & N. Allen St (03287),1,1,11,27960.0,07:46:00,28098,07:48:18,27960.0,07:46:00,28129,07:48:49,31,00:00:31,doors opened
07/12/2025,12,4124,Saturday,Saturday,West,15655571,27000,07:30:00,27265,07:34:25,16,3264,Washington Ave & N. Main Ave (03264),0,0,11,,,28073,07:47:53,,,28073,07:47:53,0,00:00:00,door not opened
07/12/2025,12,4124,Saturday,Saturday,West,15655571,27000,07:30:00,27265,07:34:25,15,1839,Washington Ave & Partridge St (01839),0,0,11,,,27996,07:46:36,,,27996,07:46:36,0,00:00:00,door not opened
07/12/2025,12,4124,Saturday,Saturday,West,15655571,27000,07:30:00,27265,07:34:25,14,1841,Washington Ave & Ontario St (01841),0,0,11,27780.0,07:43:00,27978,07:46:18,27780.0,07:43:00,27978,07:46:18,0,00:00:00,door not opened
07/12/2025,12,4124,Saturday,Saturday,West,15655571,27000,07:30:00,27265,07:34:25,13,1842,Washington Ave & Quail St (01842),1,0,11,,,27944,07:45:44,,,27956,07:45:56,12,00:00:12,doors opened
07/12/2025,12,4124,Saturday,Saturday,West,15655571,27000,07:30:00,27265,07:34:25,12,1837,Washington Ave & N. Lake Ave (01837),1,4,10,,,27902,07:45:02,,,27915,07:45:15,13,00:00:13,doors opened
07/12/2025,12,4124,Saturday,Saturday,West,15655571,27000,07:30:00,27265,07:34:25,11,1843,Washington Ave & Robin St (01843),0,0,13,,,27882,07:44:42,,,27882,07:44:42,0,00:00:00,door not opened
07/12/2025,12,4124,Saturday,Saturday,West,15655571,27000,07:30:00,27265,07:34:25,10,12943,Washington Ave & Lexington Ave (12943),0,0,13,,,27861,07:44:21,,,27861,07:44:21,0,00:00:00,door not opened
07/12/2025,12,4124,Saturday,Saturday,West,15655571,27000,07:30:00,27265,07:34:25,9,12942,Washington Ave & Henry Johnson Blvd (12942),1,0,13,,,27825,07:43:45,,,27839,07:43:59,14,00:00:14,doors opened
07/12/2025,12,4124,Saturday,Saturday,West,15655571,27000,07:30:00,27265,07:34:25,8,3239,Lark/Library Station - Washington Ave & Lark St (03239),2,0,12,27420.0,07:37:00,27722,07:42:02,27420.0,07:37:00,27757,07:42:37,35,00:00:35,doors opened
07/12/2025,12,4124,Saturday,Saturday,West,15655571,27000,07:30:00,27265,07:34:25,7,3301,Washington Ave & S. Swan St (03301),1,0,10,,,27659,07:40:59,,,27670,07:41:10,11,00:00:11,doors opened
07/12/2025,12,4124,Saturday,Saturday,West,15655571,27000,07:30:00,27265,07:34:25,6,3250,Hawk/Capitol Station - Washington Ave & Hawk St (03250),0,0,9,,,27631,07:40:31,,,27631,07:40:31,0,00:00:00,door not opened
07/12/2025,12,4124,Saturday,Saturday,West,15655571,27000,07:30:00,27265,07:34:25,5,10087,State St & Eagle St (10087),0,0,9,,,27613,07:40:13,,,27613,07:40:13,0,00:00:00,door not opened
07/12/2025,12,4124,Saturday,Saturday,West,15655571,27000,07:30:00,27265,07:34:25,4,2665,State/Downtown Station - State St & Lodge St (02665),4,0,9,27240.0,07:34:00,27532,07:38:52,27240.0,07:34:00,27546,07:39:06,14,00:00:14,doors opened
07/12/2025,12,4124,Saturday,Saturday,West,15655571,27000,07:30:00,27265,07:34:25,3,3221,State Station - N. Pearl St & Ten Eyck Plaza (03221),5,0,5,,,27382,07:36:22,,,27510,07:38:30,128,00:02:08,doors opened
07/12/2025,12,4124,Saturday,Saturday,West,15655571,27000,07:30:00,27265,07:34:25,2,3233,N. Pearl St & Sheridan Ave (03233),0,0,0,,,27342,07:35:42,,,27342,07:35:42,0,00:00:00,door not opened
07/12/2025,12,4124,Saturday,Saturday,West,15655571,27000,07:30:00,27265,07:34:25,1,2168,Clinton Square Station - N. Pearl St & Clinton Ave (02168),0,0,0,,,27319,07:35:19,,,27319,07:35:19,0,00:00:00,door not opened
07/12/2025,12,4124,Saturday,Saturday,West,15655571,27000,07:30:00,27265,07:34:25,0,9018,Broadway & Orange St (09018),2,2,0,27000.0,07:30:00,27265,07:34:25,27000.0,07:30:00,27265,07:34:25,0,00:00:00,doors opened
07/12/2025,12,4124,Saturday,Saturday,East,15655572,29400,08:10:00,29896,08:18:16,24,3940,Broadway & Steuben St (03940),0,0,0,31200.0,08:40:00,31711,08:48:31,31200.0,08:40:00,31711,08:48:31,0,00:00:00,door not opened
07/12/2025,12,4124,Saturday,Saturday,East,15655572,29400,08:10:00,29896,08:18:16,23,2509,State/Downtown Station - State St & S. Pearl St (02509),0,5,0,30960.0,08:36:00,31650,08:47:30,30960.0,08:36:00,31663,08:47:43,13,00:00:13,doors opened
07/12/2025,12,4124,Saturday,Saturday,East,15655572,29400,08:10:00,29896,08:18:16,22,1787,State St & Eagle St (01787),0,0,5,,,31633,08:47:13,,,31633,08:47:13,0,00:00:00,door not opened
07/12/2025,12,4124,Saturday,Saturday,East,15655572,29400,08:10:00,29896,08:18:16,21,2706,Hawk/Capitol Station - Washington Ave & Hawk St (02706),0,0,5,,,31526,08:45:26,,,31526,08:45:26,0,00:00:00,door not opened
07/12/2025,12,4124,Saturday,Saturday,East,15655572,29400,08:10:00,29896,08:18:16,20,1789,Washington Ave & S. Swan St (01789),0,1,5,,,31488,08:44:48,,,31510,08:45:10,22,00:00:22,doors opened
07/12/2025,12,4124,Saturday,Saturday,East,15655572,29400,08:10:00,29896,08:18:16,19,1788,Washington Ave & Dove St (01788),0,0,6,,,31467,08:44:27,,,31467,08:44:27,0,00:00:00,door not opened
07/12/2025,12,4124,Saturday,Saturday,East,15655572,29400,08:10:00,29896,08:18:16,18,2663,Lark/Library Station - Washington Ave & Lark St (02663),2,1,6,30780.0,08:33:00,31428,08:43:48,30780.0,08:33:00,31445,08:44:05,17,00:00:17,doors opened
07/12/2025,12,4124,Saturday,Saturday,East,15655572,29400,08:10:00,29896,08:18:16,17,263,Washington Ave & Henry Johnson Blvd (00263),0,0,5,,,31408,08:43:28,,,31408,08:43:28,0,00:00:00,door not opened
07/12/2025,12,4124,Saturday,Saturday,East,15655572,29400,08:10:00,29896,08:18:16,16,2096,Washington Ave & Lexington Ave (02096),0,2,5,,,31282,08:41:22,,,31358,08:42:38,76,00:01:16,doors opened
07/12/2025,12,4124,Saturday,Saturday,East,15655572,29400,08:10:00,29896,08:18:16,15,3253,Washington Ave & Robin St (Draper Hall) (03253),0,1,7,,,31242,08:40:42,,,31262,08:41:02,20,00:00:20,doors opened
07/12/2025,12,4124,Saturday,Saturday,East,15655572,29400,08:10:00,29896,08:18:16,14,2109,Washington Ave & N. Lake Ave (02109),0,0,8,,,31224,08:40:24,,,31224,08:40:24,0,00:00:00,door not opened
07/12/2025,12,4124,Saturday,Saturday,East,15655572,29400,08:10:00,29896,08:18:16,13,3255,Washington Ave & Quail St (03255),0,1,8,,,31185,08:39:45,,,31202,08:40:02,17,00:00:17,doors opened
07/12/2025,12,4124,Saturday,Saturday,East,15655572,29400,08:10:00,29896,08:18:16,12,3256,Washington Ave & Ontario St (03256),0,0,9,30480.0,08:28:00,31168,08:39:28,30480.0,08:28:00,31168,08:39:28,0,00:00:00,door not opened
07/12/2025,12,4124,Saturday,Saturday,East,15655572,29400,08:10:00,29896,08:18:16,11,2107,Washington Ave & Partridge St (02107),0,0,9,,,31145,08:39:05,,,31145,08:39:05,0,00:00:00,door not opened
07/12/2025,12,4124,Saturday,Saturday,East,15655572,29400,08:10:00,29896,08:18:16,10,3257,Washington Ave & N. Main Ave (03257),0,0,9,,,31071,08:37:51,,,31071,08:37:51,0,00:00:00,door not opened
07/12/2025,12,4124,Saturday,Saturday,East,15655572,29400,08:10:00,29896,08:18:16,9,1796,Washington Ave & N. Allen St (01796),0,3,9,30360.0,08:26:00,30986,08:36:26,30360.0,08:26:00,31012,08:36:52,26,00:00:26,doors opened
07/12/2025,12,4124,Saturday,Saturday,East,15655572,29400,08:10:00,29896,08:18:16,8,11581,Washington Ave & Manning Blvd (11581),2,0,12,,,30888,08:34:48,,,30953,08:35:53,65,00:01:05,doors opened
07/12/2025,12,4124,Saturday,Saturday,East,15655572,29400,08:10:00,29896,08:18:16,7,2180,Washington Ave & Homestead Ave (02180),0,0,10,,,30866,08:34:26,,,30866,08:34:26,0,00:00:00,door not opened
07/12/2025,12,4124,Saturday,Saturday,East,15655572,29400,08:10:00,29896,08:18:16,6,2182,Washington Ave & Hawthorne St (02182),0,0,10,,,30846,08:34:06,,,30846,08:34:06,0,00:00:00,door not opened
07/12/2025,12,4124,Saturday,Saturday,East,15655572,29400,08:10:00,29896,08:18:16,5,3304,Washington Ave & Clermont St (03304),0,0,10,,,30825,08:33:45,,,30825,08:33:45,0,00:00:00,door not opened
07/12/2025,12,4124,Saturday,Saturday,East,15655572,29400,08:10:00,29896,08:18:16,4,3348,Washington Ave & Brevator St (03348),1,0,10,,,30793,08:33:13,,,30806,08:33:26,13,00:00:13,doors opened
07/12/2025,12,4124,Saturday,Saturday,East,15655572,29400,08:10:00,29896,08:18:16,3,10134,Washington Ave & SUNY Exit Rd (10134),3,3,9,,,30665,08:31:05,,,30684,08:31:24,19,00:00:19,doors opened
07/12/2025,12,4124,Saturday,Saturday,East,15655572,29400,08:10:00,29896,08:18:16,2,7216,SUNY Collins Circle (07216),2,0,9,29940.0,08:19:00,30527,08:28:47,29940.0,08:19:00,30549,08:29:09,22,00:00:22,doors opened
07/12/2025,12,4124,Saturday,Saturday,East,15655572,29400,08:10:00,29896,08:18:16,1,12827,Crossgates Commons Station (12827),2,0,7,29700.0,08:15:00,30193,08:23:13,29700.0,08:15:00,30307,08:25:07,114,00:01:54,doors opened
07/12/2025,12,4124,Saturday,Saturday,East,15655572,29400,08:10:00,29896,08:18:16,0,7175,Crossgates Mall Station (07175),5,0,5,29400.0,08:10:00,29896,08:18:16,29400.0,08:10:00,29896,08:18:16,0,00:00:00,doors opened
