opd_date,line_name,vehicle_name,day_of_week,schedule,direction,trip_id,trip_nom_dep_time,trip_nom_dep_time_hhmmss,trip_act_dep_time,trip_act_dep_time_hhmmss,pattern_idx,point_code,point_name,psngr_in,psngr_out,psngr_load,nom_arr_time,nom_arr_time_hhmmss,act_arr_time,act_arr_time_hhmmss,nom_dep_time,nom_dep_time_hhmmss,act_dep_time,act_dep_time_hhmmss,act_dwelltime,act_dwelltime_hhmmss,doors
07/06/2025,12,3305,Sunday,Sunday,West,15676923,87900,24:25:00,88633,24:37:13,13,1842,Washington Ave & Quail St (01842),1,0,5,,,89265,24:47:45,,,89306,24:48:26,41,00:00:41,doors opened
07/06/2025,12,3305,Sunday,Sunday,West,15676923,87900,24:25:00,88633,24:37:13,12,1837,Washington Ave & N. Lake Ave (01837),0,0,4,,,89241,24:47:21,,,89241,24:47:21,0,00:00:00,door not opened
07/06/2025,12,3305,Sunday,Sunday,West,15676923,87900,24:25:00,88633,24:37:13,11,1843,Washington Ave & Robin St (01843),0,0,4,,,89200,24:46:40,,,89200,24:46:40,0,00:00:00,door not opened
07/06/2025,12,3305,Sunday,Sunday,West,15676923,87900,24:25:00,88633,24:37:13,10,12943,Washington Ave & Lexington Ave (12943),0,0,4,,,89180,24:46:20,,,89180,24:46:20,0,00:00:00,door not opened
07/06/2025,12,3305,Sunday,Sunday,West,15676923,87900,24:25:00,88633,24:37:13,9,12942,Washington Ave & Henry Johnson Blvd (12942),0,0,4,,,89106,24:45:06,,,89106,24:45:06,0,00:00:00,door not opened
07/06/2025,12,3305,Sunday,Sunday,West,15676923,87900,24:25:00,88633,24:37:13,8,3239,Lark/Library Station - Washington Ave & Lark St (03239),2,0,4,88260.0,24:31:00,89046,24:44:06,88260.0,24:31:00,89071,24:44:31,25,00:00:25,doors opened
07/06/2025,12,3305,Sunday,Sunday,West,15676923,87900,24:25:00,88633,24:37:13,7,3301,Washington Ave & S. Swan St (03301),0,0,2,,,88996,24:43:16,,,88996,24:43:16,0,00:00:00,door not opened
07/06/2025,12,3305,Sunday,Sunday,West,15676923,87900,24:25:00,88633,24:37:13,6,3250,Hawk/Capitol Station - Washington Ave & Hawk St (03250),0,0,2,,,88966,24:42:46,,,88966,24:42:46,0,00:00:00,door not opened
07/06/2025,12,3305,Sunday,Sunday,West,15676923,87900,24:25:00,88633,24:37:13,5,10087,State St & Eagle St (10087),0,0,2,,,88937,24:42:17,,,88937,24:42:17,0,00:00:00,door not opened
07/06/2025,12,3305,Sunday,Sunday,West,15676923,87900,24:25:00,88633,24:37:13,4,2665,State/Downtown Station - State St & Lodge St (02665),2,0,2,88080.0,24:28:00,88825,24:40:25,88080.0,24:28:00,88856,24:40:56,31,00:00:31,doors opened
07/06/2025,12,3305,Sunday,Sunday,West,15676923,87900,24:25:00,88633,24:37:13,3,3221,State Station - N. Pearl St & Ten Eyck Plaza (03221),0,0,0,,,88768,24:39:28,,,88768,24:39:28,0,00:00:00,door not opened
07/06/2025,12,3305,Sunday,Sunday,West,15676923,87900,24:25:00,88633,24:37:13,2,3233,N. Pearl St & Sheridan Ave (03233),0,0,0,,,88733,24:38:53,,,88733,24:38:53,0,00:00:00,door not opened
07/06/2025,12,3305,Sunday,Sunday,West,15676923,87900,24:25:00,88633,24:37:13,1,2168,Clinton Square Station - N. Pearl St & Clinton Ave (02168),0,0,0,,,88690,24:38:10,,,88690,24:38:10,0,00:00:00,door not opened
07/06/2025,12,3305,Sunday,Sunday,West,15676923,87900,24:25:00,88633,24:37:13,26,12828,Crossgates Commons Station (12828),0,0,0,89400.0,24:50:00,90192,25:03:12,89400.0,24:50:00,90192,25:03:12,0,00:00:00,door not opened
07/06/2025,12,3305,Sunday,Sunday,West,15676923,87900,24:25:00,88633,24:37:13,25,12891,1475 Washington Ave (12891),0,0,0,,,90010,25:00:10,,,90010,25:00:10,0,00:00:00,door not opened
07/06/2025,12,3305,Sunday,Sunday,West,15676923,87900,24:25:00,88633,24:37:13,24,7216,SUNY Collins Circle (07216),0,0,0,89100.0,24:45:00,89927,24:58:47,89100.0,24:45:00,89927,24:58:47,0,00:00:00,door not opened
07/06/2025,12,3305,Sunday,Sunday,West,15676923,87900,24:25:00,88633,24:37:13,23,3262,1383 Washington Ave (Fairfield Inn) (03262),0,0,0,,,89836,24:57:16,,,89836,24:57:16,0,00:00:00,door not opened
07/06/2025,12,3305,Sunday,Sunday,West,15676923,87900,24:25:00,88633,24:37:13,22,976,Washington Ave & Brevator St (00976),0,0,0,,,89637,24:53:57,,,89637,24:53:57,0,00:00:00,door not opened
07/06/2025,12,3305,Sunday,Sunday,West,15676923,87900,24:25:00,88633,24:37:13,21,1959,Washington Ave & Colvin Ave (01959),0,0,0,,,89617,24:53:37,,,89617,24:53:37,0,00:00:00,door not opened
07/06/2025,12,3305,Sunday,Sunday,West,15676923,87900,24:25:00,88633,24:37:13,20,3399,Washington Ave & Danker Ave (03399),0,0,0,,,89566,24:52:46,,,89566,24:52:46,0,00:00:00,door not opened
07/06/2025,12,3305,Sunday,Sunday,West,15676923,87900,24:25:00,88633,24:37:13,19,1849,Washington Ave & Homestead Ave (01849),0,0,0,,,89545,24:52:25,,,89545,24:52:25,0,00:00:00,door not opened
07/06/2025,12,3305,Sunday,Sunday,West,15676923,87900,24:25:00,88633,24:37:13,18,1846,Washington Ave & Manning Blvd (01846),0,0,0,,,89492,24:51:32,,,89521,24:52:01,29,00:00:29,doors opened
07/06/2025,12,3305,Sunday,Sunday,West,15676923,87900,24:25:00,88633,24:37:13,17,3287,Washington Ave & N. Allen St (03287),0,4,0,88800.0,24:40:00,89439,24:50:39,88800.0,24:40:00,89458,24:50:58,19,00:00:19,doors opened
07/06/2025,12,3305,Sunday,Sunday,West,15676923,87900,24:25:00,88633,24:37:13,16,3264,Washington Ave & N. Main Ave (03264),0,0,4,,,89410,24:50:10,,,89410,24:50:10,0,00:00:00,door not opened
07/06/2025,12,3305,Sunday,Sunday,West,15676923,87900,24:25:00,88633,24:37:13,15,1839,Washington Ave & Partridge St (01839),0,1,4,,,89347,24:49:07,,,89364,24:49:24,17,00:00:17,doors opened
07/06/2025,12,3305,Sunday,Sunday,West,15676923,87900,24:25:00,88633,24:37:13,14,1841,Washington Ave & Ontario St (01841),0,0,5,88620.0,24:37:00,89328,24:48:48,88620.0,24:37:00,89328,24:48:48,0,00:00:00,door not opened
07/06/2025,12,3305,Sunday,Sunday,West,15676923,87900,24:25:00,88633,24:37:13,0,9018,Broadway & Orange St (09018),2,2,0,87900.0,24:25:00,88633,24:37:13,87900.0,24:25:00,88633,24:37:13,0,00:00:00,doors opened
07/06/2025,12,4197,Sunday,Sunday,East,15677512,76800,21:20:00,76919,21:21:59,24,3940,Broadway & Steuben St (03940),0,0,0,78840.0,21:54:00,78732,21:52:12,78840.0,21:54:00,78732,21:52:12,0,00:00:00,door not opened
07/06/2025,12,4197,Sunday,Sunday,East,15677512,76800,21:20:00,76919,21:21:59,23,2509,State/Downtown Station - State St & S. Pearl St (02509),0,3,0,78600.0,21:50:00,78667,21:51:07,78600.0,21:50:00,78683,21:51:23,16,00:00:16,doors opened
07/06/2025,12,4197,Sunday,Sunday,East,15677512,76800,21:20:00,76919,21:21:59,22,1787,State St & Eagle St (01787),0,0,3,,,78653,21:50:53,,,78653,21:50:53,0,00:00:00,door not opened
07/06/2025,12,4197,Sunday,Sunday,East,15677512,76800,21:20:00,76919,21:21:59,21,2706,Hawk/Capitol Station - Washington Ave & Hawk St (02706),0,0,3,,,78536,21:48:56,,,78536,21:48:56,0,00:00:00,door not opened
07/06/2025,12,4197,Sunday,Sunday,East,15677512,76800,21:20:00,76919,21:21:59,20,1789,Washington Ave & S. Swan St (01789),0,1,3,,,78491,21:48:11,,,78515,21:48:35,24,00:00:24,doors opened
07/06/2025,12,4197,Sunday,Sunday,East,15677512,76800,21:20:00,76919,21:21:59,19,1788,Washington Ave & Dove St (01788),0,0,4,,,78472,21:47:52,,,78472,21:47:52,0,00:00:00,door not opened
07/06/2025,12,4197,Sunday,Sunday,East,15677512,76800,21:20:00,76919,21:21:59,18,2663,Lark/Library Station - Washington Ave & Lark St (02663),0,0,4,78360.0,21:46:00,78453,21:47:33,78360.0,21:46:00,78453,21:47:33,0,00:00:00,door not opened
07/06/2025,12,4197,Sunday,Sunday,East,15677512,76800,21:20:00,76919,21:21:59,17,263,Washington Ave & Henry Johnson Blvd (00263),0,0,4,,,78386,21:46:26,,,78386,21:46:26,0,00:00:00,door not opened
07/06/2025,12,4197,Sunday,Sunday,East,15677512,76800,21:20:00,76919,21:21:59,16,2096,Washington Ave & Lexington Ave (02096),0,0,4,,,78314,21:45:14,,,78314,21:45:14,0,00:00:00,door not opened
07/06/2025,12,4197,Sunday,Sunday,East,15677512,76800,21:20:00,76919,21:21:59,15,3253,Washington Ave & Robin St (Draper Hall) (03253),0,1,4,,,78273,21:44:33,,,78295,21:44:55,22,00:00:22,doors opened
07/06/2025,12,4197,Sunday,Sunday,East,15677512,76800,21:20:00,76919,21:21:59,14,2109,Washington Ave & N. Lake Ave (02109),0,1,5,,,78228,21:43:48,,,78250,21:44:10,22,00:00:22,doors opened
07/06/2025,12,4197,Sunday,Sunday,East,15677512,76800,21:20:00,76919,21:21:59,13,3255,Washington Ave & Quail St (03255),0,2,6,,,78158,21:42:38,,,78200,21:43:20,42,00:00:42,doors opened
07/06/2025,12,4197,Sunday,Sunday,East,15677512,76800,21:20:00,76919,21:21:59,12,3256,Washington Ave & Ontario St (03256),0,1,8,78000.0,21:40:00,78100,21:41:40,78000.0,21:40:00,78136,21:42:16,36,00:00:36,doors opened
07/06/2025,12,4197,Sunday,Sunday,East,15677512,76800,21:20:00,76919,21:21:59,11,2107,Washington Ave & Partridge St (02107),0,0,9,,,78082,21:41:22,,,78082,21:41:22,0,00:00:00,door not opened
07/06/2025,12,4197,Sunday,Sunday,East,15677512,76800,21:20:00,76919,21:21:59,10,3257,Washington Ave & N. Main Ave (03257),0,0,9,,,78014,21:40:14,,,78014,21:40:14,0,00:00:00,door not opened
07/06/2025,12,4197,Sunday,Sunday,East,15677512,76800,21:20:00,76919,21:21:59,9,1796,Washington Ave & N. Allen St (01796),1,0,9,77880.0,21:38:00,77970,21:39:30,77880.0,21:38:00,77985,21:39:45,15,00:00:15,doors opened
07/06/2025,12,4197,Sunday,Sunday,East,15677512,76800,21:20:00,76919,21:21:59,8,11581,Washington Ave & Manning Blvd (11581),0,0,8,,,77939,21:38:59,,,77939,21:38:59,0,00:00:00,door not opened
07/06/2025,12,4197,Sunday,Sunday,East,15677512,76800,21:20:00,76919,21:21:59,7,2180,Washington Ave & Homestead Ave (02180),1,0,8,,,77883,21:38:03,,,77900,21:38:20,17,00:00:17,doors opened
07/06/2025,12,4197,Sunday,Sunday,East,15677512,76800,21:20:00,76919,21:21:59,6,2182,Washington Ave & Hawthorne St (02182),0,0,7,,,77860,21:37:40,,,77860,21:37:40,0,00:00:00,door not opened
07/06/2025,12,4197,Sunday,Sunday,East,15677512,76800,21:20:00,76919,21:21:59,5,3304,Washington Ave & Clermont St (03304),0,0,7,,,77845,21:37:25,,,77845,21:37:25,0,00:00:00,door not opened
07/06/2025,12,4197,Sunday,Sunday,East,15677512,76800,21:20:00,76919,21:21:59,4,3348,Washington Ave & Brevator St (03348),0,0,7,,,77826,21:37:06,,,77826,21:37:06,0,00:00:00,door not opened
07/06/2025,12,4197,Sunday,Sunday,East,15677512,76800,21:20:00,76919,21:21:59,3,10134,Washington Ave & SUNY Exit Rd (10134),1,4,7,,,77689,21:34:49,,,77712,21:35:12,23,00:00:23,doors opened
07/06/2025,12,4197,Sunday,Sunday,East,15677512,76800,21:20:00,76919,21:21:59,2,7216,SUNY Collins Circle (07216),0,0,10,77460.0,21:31:00,77602,21:33:22,77460.0,21:31:00,77602,21:33:22,0,00:00:00,door not opened
07/06/2025,12,4197,Sunday,Sunday,East,15677512,76800,21:20:00,76919,21:21:59,1,12827,Crossgates Commons Station (12827),9,3,10,77160.0,21:26:00,77195,21:26:35,77160.0,21:26:00,77326,21:28:46,131,00:02:11,doors opened
07/06/2025,12,4197,Sunday,Sunday,East,15677512,76800,21:20:00,76919,21:21:59,0,7175,Crossgates Mall Station (07175),4,0,4,76800.0,21:20:00,76919,21:21:59,76800.0,21:20:00,76919,21:21:59,0,00:00:00,doors opened
07/06/2025,12,4197,Sunday,Sunday,West,15677515,79500,22:05:00,79527,22:05:27,27,7175,Crossgates Mall Station (07175),0,1,0,81480.0,22:38:00,81156,22:32:36,81480.0,22:38:00,81156,22:32:36,0,00:00:00,doors opened
07/06/2025,12,4197,Sunday,Sunday,West,15677515,79500,22:05:00,79527,22:05:27,26,12828,Crossgates Commons Station (12828),0,0,1,81060.0,22:31:00,80940,22:29:00,81060.0,22:31:00,80940,22:29:00,0,00:00:00,door not opened
07/06/2025,12,4197,Sunday,Sunday,West,15677515,79500,22:05:00,79527,22:05:27,25,12891,1475 Washington Ave (12891),0,1,1,,,80767,22:26:07,,,80777,22:26:17,10,00:00:10,doors opened
07/06/2025,12,4197,Sunday,Sunday,West,15677515,79500,22:05:00,79527,22:05:27,24,7216,SUNY Collins Circle (07216),0,0,2,80760.0,22:26:00,80683,22:24:43,80760.0,22:26:00,80683,22:24:43,0,00:00:00,door not opened
07/06/2025,12,4197,Sunday,Sunday,West,15677515,79500,22:05:00,79527,22:05:27,23,3262,1383 Washington Ave (Fairfield Inn) (03262),0,0,2,,,80607,22:23:27,,,80607,22:23:27,0,00:00:00,door not opened
07/06/2025,12,4197,Sunday,Sunday,West,15677515,79500,22:05:00,79527,22:05:27,22,976,Washington Ave & Brevator St (00976),0,0,2,,,80498,22:21:38,,,80498,22:21:38,0,00:00:00,door not opened
07/06/2025,12,4197,Sunday,Sunday,West,15677515,79500,22:05:00,79527,22:05:27,21,1959,Washington Ave & Colvin Ave (01959),0,2,2,,,80463,22:21:03,,,80478,22:21:18,15,00:00:15,doors opened
07/06/2025,12,4197,Sunday,Sunday,West,15677515,79500,22:05:00,79527,22:05:27,20,3399,Washington Ave & Danker Ave (03399),0,0,4,,,80441,22:20:41,,,80441,22:20:41,0,00:00:00,door not opened
07/06/2025,12,4197,Sunday,Sunday,West,15677515,79500,22:05:00,79527,22:05:27,19,1849,Washington Ave & Homestead Ave (01849),0,0,4,,,80422,22:20:22,,,80422,22:20:22,0,00:00:00,door not opened
07/06/2025,12,4197,Sunday,Sunday,West,15677515,79500,22:05:00,79527,22:05:27,18,1846,Washington Ave & Manning Blvd (01846),0,0,4,,,80403,22:20:03,,,80403,22:20:03,0,00:00:00,door not opened
07/06/2025,12,4197,Sunday,Sunday,West,15677515,79500,22:05:00,79527,22:05:27,17,3287,Washington Ave & N. Allen St (03287),0,2,4,80400.0,22:20:00,80365,22:19:25,80400.0,22:20:00,80376,22:19:36,11,00:00:11,doors opened
07/06/2025,12,4197,Sunday,Sunday,West,15677515,79500,22:05:00,79527,22:05:27,16,3264,Washington Ave & N. Main Ave (03264),1,1,6,,,80277,22:17:57,,,80328,22:18:48,51,00:00:51,doors opened
07/06/2025,12,4197,Sunday,Sunday,West,15677515,79500,22:05:00,79527,22:05:27,15,1839,Washington Ave & Partridge St (01839),0,0,6,,,80239,22:17:19,,,80239,22:17:19,0,00:00:00,door not opened
07/06/2025,12,4197,Sunday,Sunday,West,15677515,79500,22:05:00,79527,22:05:27,14,1841,Washington Ave & Ontario St (01841),1,1,6,80220.0,22:17:00,80202,22:16:42,80220.0,22:17:00,80219,22:16:59,17,00:00:17,doors opened
07/06/2025,12,4197,Sunday,Sunday,West,15677515,79500,22:05:00,79527,22:05:27,13,1842,Washington Ave & Quail St (01842),0,0,6,,,80182,22:16:22,,,80182,22:16:22,0,00:00:00,door not opened
07/06/2025,12,4197,Sunday,Sunday,West,15677515,79500,22:05:00,79527,22:05:27,12,1837,Washington Ave & N. Lake Ave (01837),0,0,6,,,80112,22:15:12,,,80112,22:15:12,0,00:00:00,door not opened
07/06/2025,12,4197,Sunday,Sunday,West,15677515,79500,22:05:00,79527,22:05:27,11,1843,Washington Ave & Robin St (01843),1,0,6,,,80073,22:14:33,,,80087,22:14:47,14,00:00:14,doors opened
07/06/2025,12,4197,Sunday,Sunday,West,15677515,79500,22:05:00,79527,22:05:27,10,12943,Washington Ave & Lexington Ave (12943),0,0,5,,,80050,22:14:10,,,80050,22:14:10,0,00:00:00,door not opened
07/06/2025,12,4197,Sunday,Sunday,West,15677515,79500,22:05:00,79527,22:05:27,9,12942,Washington Ave & Henry Johnson Blvd (12942),3,0,5,,,79977,22:12:57,,,79998,22:13:18,21,00:00:21,doors opened
07/06/2025,12,4197,Sunday,Sunday,West,15677515,79500,22:05:00,79527,22:05:27,8,3239,Lark/Library Station - Washington Ave & Lark St (03239),1,4,2,79860.0,22:11:00,79891,22:11:31,79860.0,22:11:00,79923,22:12:03,32,00:00:32,doors opened
07/06/2025,12,4197,Sunday,Sunday,West,15677515,79500,22:05:00,79527,22:05:27,7,3301,Washington Ave & S. Swan St (03301),0,0,5,,,79856,22:10:56,,,79856,22:10:56,0,00:00:00,door not opened
07/06/2025,12,4197,Sunday,Sunday,West,15677515,79500,22:05:00,79527,22:05:27,6,3250,Hawk/Capitol Station - Washington Ave & Hawk St (03250),0,0,5,,,79839,22:10:39,,,79839,22:10:39,0,00:00:00,door not opened
07/06/2025,12,4197,Sunday,Sunday,West,15677515,79500,22:05:00,79527,22:05:27,5,10087,State St & Eagle St (10087),0,0,5,,,79813,22:10:13,,,79813,22:10:13,0,00:00:00,door not opened
07/06/2025,12,4197,Sunday,Sunday,West,15677515,79500,22:05:00,79527,22:05:27,4,2665,State/Downtown Station - State St & Lodge St (02665),3,0,5,79680.0,22:08:00,79679,22:07:59,79680.0,22:08:00,79709,22:08:29,30,00:00:30,doors opened
07/06/2025,12,4197,Sunday,Sunday,West,15677515,79500,22:05:00,79527,22:05:27,3,3221,State Station - N. Pearl St & Ten Eyck Plaza (03221),1,0,2,,,79635,22:07:15,,,79650,22:07:30,15,00:00:15,doors opened
07/06/2025,12,4197,Sunday,Sunday,West,15677515,79500,22:05:00,79527,22:05:27,2,3233,N. Pearl St & Sheridan Ave (03233),0,0,1,,,79607,22:06:47,,,79607,22:06:47,0,00:00:00,door not opened
07/06/2025,12,4197,Sunday,Sunday,West,15677515,79500,22:05:00,79527,22:05:27,1,2168,Clinton Square Station - N. Pearl St & Clinton Ave (02168),1,0,1,,,79573,22:06:13,,,79593,22:06:33,20,00:00:20,doors opened
07/06/2025,12,4197,Sunday,Sunday,West,15677515,79500,22:05:00,79527,22:05:27,0,9018,Broadway & Orange St (09018),0,0,0,79500.0,22:05:00,79527,22:05:27,79500.0,22:05:00,79527,22:05:27,0,00:00:00,door not opened
07/06/2025,12,4198,Sunday,Sunday,West,15676481,80700,22:25:00,81140,22:32:20,27,7175,Crossgates Mall Station (07175),0,0,0,82680.0,22:58:00,83193,23:06:33,82680.0,22:58:00,83193,23:06:33,0,00:00:00,doors opened
07/06/2025,12,4198,Sunday,Sunday,West,15676481,80700,22:25:00,81140,22:32:20,26,12828,Crossgates Commons Station (12828),0,1,0,82260.0,22:51:00,82390,22:53:10,82260.0,22:51:00,82390,22:53:10,0,00:00:00,door not opened
07/06/2025,12,4198,Sunday,Sunday,West,15676481,80700,22:25:00,81140,22:32:20,23,3262,1383 Washington Ave (Fairfield Inn) (03262),0,1,1,,,82047,22:47:27,,,82059,22:47:39,12,00:00:12,doors opened
07/06/2025,12,4198,Sunday,Sunday,West,15676481,80700,22:25:00,81140,22:32:20,22,976,Washington Ave & Brevator St (00976),0,0,2,,,81935,22:45:35,,,81935,22:45:35,0,00:00:00,door not opened
07/06/2025,12,4198,Sunday,Sunday,West,15676481,80700,22:25:00,81140,22:32:20,21,1959,Washington Ave & Colvin Ave (01959),0,0,2,,,81906,22:45:06,,,81906,22:45:06,0,00:00:00,door not opened
07/06/2025,12,4198,Sunday,Sunday,West,15676481,80700,22:25:00,81140,22:32:20,20,3399,Washington Ave & Danker Ave (03399),0,0,2,,,81886,22:44:46,,,81886,22:44:46,0,00:00:00,door not opened
07/06/2025,12,4198,Sunday,Sunday,West,15676481,80700,22:25:00,81140,22:32:20,19,1849,Washington Ave & Homestead Ave (01849),0,0,2,,,81862,22:44:22,,,81862,22:44:22,0,00:00:00,door not opened
07/06/2025,12,4198,Sunday,Sunday,West,15676481,80700,22:25:00,81140,22:32:20,18,1846,Washington Ave & Manning Blvd (01846),0,0,2,,,81838,22:43:58,,,81838,22:43:58,0,00:00:00,door not opened
07/06/2025,12,4198,Sunday,Sunday,West,15676481,80700,22:25:00,81140,22:32:20,17,3287,Washington Ave & N. Allen St (03287),1,1,2,81600.0,22:40:00,81761,22:42:41,81600.0,22:40:00,81771,22:42:51,10,00:00:10,doors opened
07/06/2025,12,4198,Sunday,Sunday,West,15676481,80700,22:25:00,81140,22:32:20,16,3264,Washington Ave & N. Main Ave (03264),0,0,2,,,81736,22:42:16,,,81736,22:42:16,0,00:00:00,door not opened
07/06/2025,12,4198,Sunday,Sunday,West,15676481,80700,22:25:00,81140,22:32:20,15,1839,Washington Ave & Partridge St (01839),0,0,2,,,81671,22:41:11,,,81671,22:41:11,0,00:00:00,door not opened
07/06/2025,12,4198,Sunday,Sunday,West,15676481,80700,22:25:00,81140,22:32:20,14,1841,Washington Ave & Ontario St (01841),0,0,2,81420.0,22:37:00,81654,22:40:54,81420.0,22:37:00,81654,22:40:54,0,00:00:00,door not opened
07/06/2025,12,4198,Sunday,Sunday,West,15676481,80700,22:25:00,81140,22:32:20,13,1842,Washington Ave & Quail St (01842),0,0,2,,,81637,22:40:37,,,81637,22:40:37,0,00:00:00,door not opened
07/06/2025,12,4198,Sunday,Sunday,West,15676481,80700,22:25:00,81140,22:32:20,12,1837,Washington Ave & N. Lake Ave (01837),0,0,2,,,81619,22:40:19,,,81619,22:40:19,0,00:00:00,door not opened
07/06/2025,12,4198,Sunday,Sunday,West,15676481,80700,22:25:00,81140,22:32:20,11,1843,Washington Ave & Robin St (01843),0,0,2,,,81577,22:39:37,,,81577,22:39:37,0,00:00:00,door not opened
07/06/2025,12,4198,Sunday,Sunday,West,15676481,80700,22:25:00,81140,22:32:20,10,12943,Washington Ave & Lexington Ave (12943),1,0,2,,,81542,22:39:02,,,81554,22:39:14,12,00:00:12,doors opened
07/06/2025,12,4198,Sunday,Sunday,West,15676481,80700,22:25:00,81140,22:32:20,9,12942,Washington Ave & Henry Johnson Blvd (12942),0,0,1,,,81510,22:38:30,,,81510,22:38:30,0,00:00:00,door not opened
07/06/2025,12,4198,Sunday,Sunday,West,15676481,80700,22:25:00,81140,22:32:20,8,3239,Lark/Library Station - Washington Ave & Lark St (03239),1,0,1,81060.0,22:31:00,81347,22:35:47,81060.0,22:31:00,81379,22:36:19,32,00:00:32,doors opened
07/06/2025,12,4198,Sunday,Sunday,West,15676481,80700,22:25:00,81140,22:32:20,7,3301,Washington Ave & S. Swan St (03301),0,0,0,,,81311,22:35:11,,,81311,22:35:11,0,00:00:00,door not opened
07/06/2025,12,4198,Sunday,Sunday,West,15676481,80700,22:25:00,81140,22:32:20,6,3250,Hawk/Capitol Station - Washington Ave & Hawk St (03250),0,0,0,,,81292,22:34:52,,,81292,22:34:52,0,00:00:00,door not opened
07/06/2025,12,4198,Sunday,Sunday,West,15676481,80700,22:25:00,81140,22:32:20,5,10087,State St & Eagle St (10087),0,0,0,,,81269,22:34:29,,,81269,22:34:29,0,00:00:00,door not opened
07/06/2025,12,4198,Sunday,Sunday,West,15676481,80700,22:25:00,81140,22:32:20,4,2665,State/Downtown Station - State St & Lodge St (02665),0,0,0,80880.0,22:28:00,81246,22:34:06,80880.0,22:28:00,81246,22:34:06,0,00:00:00,door not opened
07/06/2025,12,4198,Sunday,Sunday,West,15676481,80700,22:25:00,81140,22:32:20,3,3221,State Station - N. Pearl St & Ten Eyck Plaza (03221),0,0,0,,,81194,22:33:14,,,81194,22:33:14,0,00:00:00,door not opened
07/06/2025,12,4198,Sunday,Sunday,West,15676481,80700,22:25:00,81140,22:32:20,2,3233,N. Pearl St & Sheridan Ave (03233),0,0,0,,,81172,22:32:52,,,81172,22:32:52,0,00:00:00,door not opened
07/06/2025,12,4198,Sunday,Sunday,West,15676481,80700,22:25:00,81140,22:32:20,1,2168,Clinton Square Station - N. Pearl St & Clinton Ave (02168),0,0,0,,,81161,22:32:41,,,81161,22:32:41,0,00:00:00,door not opened
07/06/2025,12,4198,Sunday,Sunday,West,15676481,80700,22:25:00,81140,22:32:20,0,9018,Broadway & Orange St (09018),0,0,0,80700.0,22:25:00,81140,22:32:20,80700.0,22:25:00,81140,22:32:20,0,00:00:00,door not opened
07/06/2025,12,4198,Sunday,Sunday,East,15676482,83100,23:05:00,83240,23:07:20,24,3940,Broadway & Steuben St (03940),0,0,0,84960.0,23:36:00,84725,23:32:05,84960.0,23:36:00,84725,23:32:05,0,00:00:00,door not opened
07/06/2025,12,4198,Sunday,Sunday,East,15676482,83100,23:05:00,83240,23:07:20,23,2509,State/Downtown Station - State St & S. Pearl St (02509),0,2,0,84720.0,23:32:00,84559,23:29:19,84720.0,23:32:00,84620,23:30:20,61,00:01:01,doors opened
07/06/2025,12,4198,Sunday,Sunday,East,15676482,83100,23:05:00,83240,23:07:20,22,1787,State St & Eagle St (01787),0,0,2,,,84543,23:29:03,,,84543,23:29:03,0,00:00:00,door not opened
07/06/2025,12,4198,Sunday,Sunday,East,15676482,83100,23:05:00,83240,23:07:20,21,2706,Hawk/Capitol Station - Washington Ave & Hawk St (02706),0,0,2,,,84507,23:28:27,,,84507,23:28:27,0,00:00:00,door not opened
07/06/2025,12,4198,Sunday,Sunday,East,15676482,83100,23:05:00,83240,23:07:20,20,1789,Washington Ave & S. Swan St (01789),0,0,2,,,84492,23:28:12,,,84492,23:28:12,0,00:00:00,door not opened
07/06/2025,12,4198,Sunday,Sunday,East,15676482,83100,23:05:00,83240,23:07:20,19,1788,Washington Ave & Dove St (01788),0,0,2,,,84476,23:27:56,,,84476,23:27:56,0,00:00:00,door not opened
07/06/2025,12,4198,Sunday,Sunday,East,15676482,83100,23:05:00,83240,23:07:20,18,2663,Lark/Library Station - Washington Ave & Lark St (02663),1,0,2,84540.0,23:29:00,84418,23:26:58,84540.0,23:29:00,84458,23:27:38,40,00:00:40,doors opened
07/06/2025,12,4198,Sunday,Sunday,East,15676482,83100,23:05:00,83240,23:07:20,17,263,Washington Ave & Henry Johnson Blvd (00263),0,0,1,,,84398,23:26:38,,,84398,23:26:38,0,00:00:00,door not opened
07/06/2025,12,4198,Sunday,Sunday,East,15676482,83100,23:05:00,83240,23:07:20,16,2096,Washington Ave & Lexington Ave (02096),0,0,1,,,84316,23:25:16,,,84316,23:25:16,0,00:00:00,door not opened
07/06/2025,12,4198,Sunday,Sunday,East,15676482,83100,23:05:00,83240,23:07:20,15,3253,Washington Ave & Robin St (Draper Hall) (03253),0,2,1,,,84277,23:24:37,,,84298,23:24:58,21,00:00:21,doors opened
07/06/2025,12,4198,Sunday,Sunday,East,15676482,83100,23:05:00,83240,23:07:20,14,2109,Washington Ave & N. Lake Ave (02109),0,0,3,,,84258,23:24:18,,,84258,23:24:18,0,00:00:00,door not opened
07/06/2025,12,4198,Sunday,Sunday,East,15676482,83100,23:05:00,83240,23:07:20,13,3255,Washington Ave & Quail St (03255),0,0,3,,,84218,23:23:38,,,84218,23:23:38,0,00:00:00,door not opened
07/06/2025,12,4198,Sunday,Sunday,East,15676482,83100,23:05:00,83240,23:07:20,12,3256,Washington Ave & Ontario St (03256),0,0,3,84240.0,23:24:00,84201,23:23:21,84240.0,23:24:00,84201,23:23:21,0,00:00:00,door not opened
07/06/2025,12,4198,Sunday,Sunday,East,15676482,83100,23:05:00,83240,23:07:20,11,2107,Washington Ave & Partridge St (02107),0,0,3,,,84174,23:22:54,,,84174,23:22:54,0,00:00:00,door not opened
07/06/2025,12,4198,Sunday,Sunday,East,15676482,83100,23:05:00,83240,23:07:20,10,3257,Washington Ave & N. Main Ave (03257),0,0,3,,,84136,23:22:16,,,84136,23:22:16,0,00:00:00,door not opened
07/06/2025,12,4198,Sunday,Sunday,East,15676482,83100,23:05:00,83240,23:07:20,9,1796,Washington Ave & N. Allen St (01796),0,2,3,84120.0,23:22:00,84095,23:21:35,84120.0,23:22:00,84111,23:21:51,16,00:00:16,doors opened
07/06/2025,12,4198,Sunday,Sunday,East,15676482,83100,23:05:00,83240,23:07:20,3,10134,Washington Ave & SUNY Exit Rd (10134),1,2,5,,,83899,23:18:19,,,83899,23:18:19,0,00:00:00,door not opened
07/06/2025,12,4198,Sunday,Sunday,East,15676482,83100,23:05:00,83240,23:07:20,1,12827,Crossgates Commons Station (12827),2,0,6,83460.0,23:11:00,83529,23:12:09,83460.0,23:11:00,83529,23:12:09,0,00:00:00,door not opened
07/06/2025,12,4198,Sunday,Sunday,East,15676482,83100,23:05:00,83240,23:07:20,0,7175,Crossgates Mall Station (07175),4,0,4,83100.0,23:05:00,83240,23:07:20,83100.0,23:05:00,83240,23:07:20,0,00:00:00,doors opened
07/06/2025,12,4198,Sunday,Sunday,West,15676485,86100,23:55:00,86246,23:57:26,27,7175,Crossgates Mall Station (07175),0,0,0,88020.0,24:27:00,87999,24:26:39,88020.0,24:27:00,87999,24:26:39,0,00:00:00,doors opened
07/06/2025,12,4198,Sunday,Sunday,West,15676485,86100,23:55:00,86246,23:57:26,23,3262,1383 Washington Ave (Fairfield Inn) (03262),0,2,0,,,87449,24:17:29,,,87464,24:17:44,15,00:00:15,doors opened
07/06/2025,12,4198,Sunday,Sunday,West,15676485,86100,23:55:00,86246,23:57:26,22,976,Washington Ave & Brevator St (00976),0,3,2,,,87329,24:15:29,,,87347,24:15:47,18,00:00:18,doors opened
07/06/2025,12,4198,Sunday,Sunday,West,15676485,86100,23:55:00,86246,23:57:26,21,1959,Washington Ave & Colvin Ave (01959),0,0,5,,,87305,24:15:05,,,87305,24:15:05,0,00:00:00,door not opened
07/06/2025,12,4198,Sunday,Sunday,West,15676485,86100,23:55:00,86246,23:57:26,20,3399,Washington Ave & Danker Ave (03399),0,0,5,,,87283,24:14:43,,,87283,24:14:43,0,00:00:00,door not opened
07/06/2025,12,4198,Sunday,Sunday,West,15676485,86100,23:55:00,86246,23:57:26,19,1849,Washington Ave & Homestead Ave (01849),0,0,5,,,87261,24:14:21,,,87261,24:14:21,0,00:00:00,door not opened
07/06/2025,12,4198,Sunday,Sunday,West,15676485,86100,23:55:00,86246,23:57:26,18,1846,Washington Ave & Manning Blvd (01846),0,0,5,,,87243,24:14:03,,,87243,24:14:03,0,00:00:00,door not opened
07/06/2025,12,4198,Sunday,Sunday,West,15676485,86100,23:55:00,86246,23:57:26,17,3287,Washington Ave & N. Allen St (03287),0,0,5,87000.0,24:10:00,87218,24:13:38,87000.0,24:10:00,87218,24:13:38,0,00:00:00,door not opened
07/06/2025,12,4198,Sunday,Sunday,West,15676485,86100,23:55:00,86246,23:57:26,16,3264,Washington Ave & N. Main Ave (03264),0,0,5,,,87181,24:13:01,,,87181,24:13:01,0,00:00:00,door not opened
07/06/2025,12,4198,Sunday,Sunday,West,15676485,86100,23:55:00,86246,23:57:26,15,1839,Washington Ave & Partridge St (01839),0,3,5,,,87082,24:11:22,,,87101,24:11:41,19,00:00:19,doors opened
07/06/2025,12,4198,Sunday,Sunday,West,15676485,86100,23:55:00,86246,23:57:26,14,1841,Washington Ave & Ontario St (01841),0,1,8,86820.0,24:07:00,87046,24:10:46,86820.0,24:07:00,87060,24:11:00,14,00:00:14,doors opened
07/06/2025,12,4198,Sunday,Sunday,West,15676485,86100,23:55:00,86246,23:57:26,13,1842,Washington Ave & Quail St (01842),1,1,9,,,86983,24:09:43,,,87023,24:10:23,40,00:00:40,doors opened
07/06/2025,12,4198,Sunday,Sunday,West,15676485,86100,23:55:00,86246,23:57:26,12,1837,Washington Ave & N. Lake Ave (01837),0,0,9,,,86960,24:09:20,,,86960,24:09:20,0,00:00:00,door not opened
07/06/2025,12,4198,Sunday,Sunday,West,15676485,86100,23:55:00,86246,23:57:26,11,1843,Washington Ave & Robin St (01843),0,0,9,,,86917,24:08:37,,,86917,24:08:37,0,00:00:00,door not opened
07/06/2025,12,4198,Sunday,Sunday,West,15676485,86100,23:55:00,86246,23:57:26,10,12943,Washington Ave & Lexington Ave (12943),0,0,9,,,86896,24:08:16,,,86896,24:08:16,0,00:00:00,door not opened
07/06/2025,12,4198,Sunday,Sunday,West,15676485,86100,23:55:00,86246,23:57:26,9,12942,Washington Ave & Henry Johnson Blvd (12942),0,1,9,,,86796,24:06:36,,,86810,24:06:50,14,00:00:14,doors opened
07/06/2025,12,4198,Sunday,Sunday,West,15676485,86100,23:55:00,86246,23:57:26,8,3239,Lark/Library Station - Washington Ave & Lark St (03239),4,3,10,86460.0,24:01:00,86639,24:03:59,86460.0,24:01:00,86704,24:05:04,65,00:01:05,doors opened
07/06/2025,12,4198,Sunday,Sunday,West,15676485,86100,23:55:00,86246,23:57:26,7,3301,Washington Ave & S. Swan St (03301),0,0,9,,,86621,24:03:41,,,86621,24:03:41,0,00:00:00,door not opened
07/06/2025,12,4198,Sunday,Sunday,West,15676485,86100,23:55:00,86246,23:57:26,6,3250,Hawk/Capitol Station - Washington Ave & Hawk St (03250),0,0,9,,,86607,24:03:27,,,86607,24:03:27,0,00:00:00,door not opened
07/06/2025,12,4198,Sunday,Sunday,West,15676485,86100,23:55:00,86246,23:57:26,5,10087,State St & Eagle St (10087),0,0,9,,,86587,24:03:07,,,86587,24:03:07,0,00:00:00,door not opened
07/06/2025,12,4198,Sunday,Sunday,West,15676485,86100,23:55:00,86246,23:57:26,4,2665,State/Downtown Station - State St & Lodge St (02665),0,0,9,86280.0,23:58:00,86560,24:02:40,86280.0,23:58:00,86560,24:02:40,0,00:00:00,door not opened
07/06/2025,12,4198,Sunday,Sunday,West,15676485,86100,23:55:00,86246,23:57:26,3,3221,State Station - N. Pearl St & Ten Eyck Plaza (03221),2,0,9,,,86438,24:00:38,,,86532,24:02:12,94,00:01:34,doors opened
07/06/2025,12,4198,Sunday,Sunday,West,15676485,86100,23:55:00,86246,23:57:26,2,3233,N. Pearl St & Sheridan Ave (03233),2,0,7,,,86341,23:59:01,,,86341,23:59:01,0,00:00:00,door not opened
07/06/2025,12,4198,Sunday,Sunday,West,15676485,86100,23:55:00,86246,23:57:26,1,2168,Clinton Square Station - N. Pearl St & Clinton Ave (02168),2,0,5,,,86291,23:58:11,,,86314,23:58:34,23,00:00:23,doors opened
07/06/2025,12,4198,Sunday,Sunday,West,15676485,86100,23:55:00,86246,23:57:26,0,9018,Broadway & Orange St (09018),0,0,3,86100.0,23:55:00,86246,23:57:26,86100.0,23:55:00,86246,23:57:26,0,00:00:00,door not opened
07/06/2025,12,4198,Sunday,Sunday,East,15676486,88500,24:35:00,88651,24:37:31,22,1787,State St & Eagle St (01787),0,0,1,,,90005,25:00:05,,,90005,25:00:05,0,00:00:00,door not opened
07/06/2025,12,4198,Sunday,Sunday,East,15676486,88500,24:35:00,88651,24:37:31,21,2706,Hawk/Capitol Station - Washington Ave & Hawk St (02706),0,0,1,,,89973,24:59:33,,,89973,24:59:33,0,00:00:00,door not opened
07/06/2025,12,4198,Sunday,Sunday,East,15676486,88500,24:35:00,88651,24:37:31,20,1789,Washington Ave & S. Swan St (01789),0,0,1,,,89959,24:59:19,,,89959,24:59:19,0,00:00:00,door not opened
07/06/2025,12,4198,Sunday,Sunday,East,15676486,88500,24:35:00,88651,24:37:31,19,1788,Washington Ave & Dove St (01788),0,0,1,,,89945,24:59:05,,,89945,24:59:05,0,00:00:00,door not opened
07/06/2025,12,4198,Sunday,Sunday,East,15676486,88500,24:35:00,88651,24:37:31,18,2663,Lark/Library Station - Washington Ave & Lark St (02663),0,0,1,89820.0,24:57:00,89929,24:58:49,89820.0,24:57:00,89929,24:58:49,0,00:00:00,door not opened
07/06/2025,12,4198,Sunday,Sunday,East,15676486,88500,24:35:00,88651,24:37:31,17,263,Washington Ave & Henry Johnson Blvd (00263),0,0,1,,,89904,24:58:24,,,89904,24:58:24,0,00:00:00,door not opened
07/06/2025,12,4198,Sunday,Sunday,East,15676486,88500,24:35:00,88651,24:37:31,16,2096,Washington Ave & Lexington Ave (02096),0,0,1,,,89812,24:56:52,,,89812,24:56:52,0,00:00:00,door not opened
07/06/2025,12,4198,Sunday,Sunday,East,15676486,88500,24:35:00,88651,24:37:31,15,3253,Washington Ave & Robin St (Draper Hall) (03253),0,0,1,,,89798,24:56:38,,,89798,24:56:38,0,00:00:00,door not opened
07/06/2025,12,4198,Sunday,Sunday,East,15676486,88500,24:35:00,88651,24:37:31,14,2109,Washington Ave & N. Lake Ave (02109),0,0,1,,,89777,24:56:17,,,89777,24:56:17,0,00:00:00,door not opened
07/06/2025,12,4198,Sunday,Sunday,East,15676486,88500,24:35:00,88651,24:37:31,13,3255,Washington Ave & Quail St (03255),0,0,1,,,89728,24:55:28,,,89728,24:55:28,0,00:00:00,door not opened
07/06/2025,12,4198,Sunday,Sunday,East,15676486,88500,24:35:00,88651,24:37:31,12,3256,Washington Ave & Ontario St (03256),0,1,1,89580.0,24:53:00,89698,24:54:58,89580.0,24:53:00,89709,24:55:09,11,00:00:11,doors opened
07/06/2025,12,4198,Sunday,Sunday,East,15676486,88500,24:35:00,88651,24:37:31,11,2107,Washington Ave & Partridge St (02107),1,2,2,,,89589,24:53:09,,,89675,24:54:35,86,00:01:26,doors opened
07/06/2025,12,4198,Sunday,Sunday,East,15676486,88500,24:35:00,88651,24:37:31,10,3257,Washington Ave & N. Main Ave (03257),0,2,3,,,89521,24:52:01,,,89531,24:52:11,10,00:00:10,doors opened
07/06/2025,12,4198,Sunday,Sunday,East,15676486,88500,24:35:00,88651,24:37:31,9,1796,Washington Ave & N. Allen St (01796),0,0,5,89460.0,24:51:00,89488,24:51:28,89460.0,24:51:00,89488,24:51:28,0,00:00:00,door not opened
07/06/2025,12,4198,Sunday,Sunday,East,15676486,88500,24:35:00,88651,24:37:31,8,11581,Washington Ave & Manning Blvd (11581),0,0,5,,,89458,24:50:58,,,89458,24:50:58,0,00:00:00,door not opened
07/06/2025,12,4198,Sunday,Sunday,East,15676486,88500,24:35:00,88651,24:37:31,3,10134,Washington Ave & SUNY Exit Rd (10134),1,0,5,,,89224,24:47:04,,,89241,24:47:21,17,00:00:17,doors opened
07/06/2025,12,4198,Sunday,Sunday,East,15676486,88500,24:35:00,88651,24:37:31,2,7216,SUNY Collins Circle (07216),1,0,4,89040.0,24:44:00,89123,24:45:23,89040.0,24:44:00,89138,24:45:38,15,00:00:15,doors opened
07/06/2025,12,4198,Sunday,Sunday,East,15676486,88500,24:35:00,88651,24:37:31,0,7175,Crossgates Mall Station (07175),3,0,3,88500.0,24:35:00,88651,24:37:31,88500.0,24:35:00,88651,24:37:31,0,00:00:00,doors opened
07/06/2025,12,4198,Sunday,Sunday,East,15676486,88500,24:35:00,88651,24:37:31,24,3940,Broadway & Steuben St (03940),0,0,0,90240.0,25:04:00,90201,25:03:21,90240.0,25:04:00,90201,25:03:21,0,00:00:00,door not opened
07/06/2025,12,4198,Sunday,Sunday,East,15676486,88500,24:35:00,88651,24:37:31,23,2509,State/Downtown Station - State St & S. Pearl St (02509),0,1,0,90000.0,25:00:00,90021,25:00:21,90000.0,25:00:00,90107,25:01:47,86,00:01:26,doors opened
07/06/2025,12,4198,Sunday,Sunday,East,15676684,72000,20:00:00,72056,20:00:56,24,3940,Broadway & Steuben St (03940),0,2,0,74100.0,20:35:00,73908,20:31:48,74100.0,20:35:00,73908,20:31:48,0,00:00:00,doors opened
07/06/2025,12,4198,Sunday,Sunday,East,15676684,72000,20:00:00,72056,20:00:56,23,2509,State/Downtown Station - State St & S. Pearl St (02509),0,2,2,73860.0,20:31:00,73837,20:30:37,73860.0,20:31:00,73852,20:30:52,15,00:00:15,doors opened
07/06/2025,12,4198,Sunday,Sunday,East,15676684,72000,20:00:00,72056,20:00:56,22,1787,State St & Eagle St (01787),0,0,4,,,73820,20:30:20,,,73820,20:30:20,0,00:00:00,door not opened
07/06/2025,12,4198,Sunday,Sunday,East,15676684,72000,20:00:00,72056,20:00:56,21,2706,Hawk/Capitol Station - Washington Ave & Hawk St (02706),0,0,4,,,73783,20:29:43,,,73783,20:29:43,0,00:00:00,door not opened
07/06/2025,12,4198,Sunday,Sunday,East,15676684,72000,20:00:00,72056,20:00:56,20,1789,Washington Ave & S. Swan St (01789),0,0,4,,,73766,20:29:26,,,73766,20:29:26,0,00:00:00,door not opened
07/06/2025,12,4198,Sunday,Sunday,East,15676684,72000,20:00:00,72056,20:00:56,19,1788,Washington Ave & Dove St (01788),0,0,4,,,73749,20:29:09,,,73749,20:29:09,0,00:00:00,door not opened
07/06/2025,12,4198,Sunday,Sunday,East,15676684,72000,20:00:00,72056,20:00:56,18,2663,Lark/Library Station - Washington Ave & Lark St (02663),0,0,4,73620.0,20:27:00,73719,20:28:39,73620.0,20:27:00,73731,20:28:51,12,00:00:12,doors opened
07/06/2025,12,4198,Sunday,Sunday,East,15676684,72000,20:00:00,72056,20:00:56,17,263,Washington Ave & Henry Johnson Blvd (00263),0,5,4,,,73625,20:27:05,,,73664,20:27:44,39,00:00:39,doors opened
07/06/2025,12,4198,Sunday,Sunday,East,15676684,72000,20:00:00,72056,20:00:56,16,2096,Washington Ave & Lexington Ave (02096),0,1,9,,,73512,20:25:12,,,73596,20:26:36,84,00:01:24,doors opened
07/06/2025,12,4198,Sunday,Sunday,East,15676684,72000,20:00:00,72056,20:00:56,15,3253,Washington Ave & Robin St (Draper Hall) (03253),0,1,10,,,73472,20:24:32,,,73494,20:24:54,22,00:00:22,doors opened
07/06/2025,12,4198,Sunday,Sunday,East,15676684,72000,20:00:00,72056,20:00:56,14,2109,Washington Ave & N. Lake Ave (02109),0,1,11,,,73423,20:23:43,,,73449,20:24:09,26,00:00:26,doors opened
07/06/2025,12,4198,Sunday,Sunday,East,15676684,72000,20:00:00,72056,20:00:56,13,3255,Washington Ave & Quail St (03255),0,2,12,,,73378,20:22:58,,,73397,20:23:17,19,00:00:19,doors opened
07/06/2025,12,4198,Sunday,Sunday,East,15676684,72000,20:00:00,72056,20:00:56,12,3256,Washington Ave & Ontario St (03256),2,7,14,73260.0,20:21:00,73286,20:21:26,73260.0,20:21:00,73352,20:22:32,66,00:01:06,doors opened
07/06/2025,12,4198,Sunday,Sunday,East,15676684,72000,20:00:00,72056,20:00:56,11,2107,Washington Ave & Partridge St (02107),0,1,19,,,73246,20:20:46,,,73261,20:21:01,15,00:00:15,doors opened
07/06/2025,12,4198,Sunday,Sunday,East,15676684,72000,20:00:00,72056,20:00:56,10,3257,Washington Ave & N. Main Ave (03257),0,3,20,,,73161,20:19:21,,,73200,20:20:00,39,00:00:39,doors opened
07/06/2025,12,4198,Sunday,Sunday,East,15676684,72000,20:00:00,72056,20:00:56,9,1796,Washington Ave & N. Allen St (01796),0,2,23,73140.0,20:19:00,73108,20:18:28,73140.0,20:19:00,73128,20:18:48,20,00:00:20,doors opened
07/06/2025,12,4198,Sunday,Sunday,East,15676684,72000,20:00:00,72056,20:00:56,8,11581,Washington Ave & Manning Blvd (11581),0,0,25,,,73077,20:17:57,,,73077,20:17:57,0,00:00:00,door not opened
07/06/2025,12,4198,Sunday,Sunday,East,15676684,72000,20:00:00,72056,20:00:56,7,2180,Washington Ave & Homestead Ave (02180),0,1,25,,,73019,20:16:59,,,73052,20:17:32,33,00:00:33,doors opened
07/06/2025,12,4198,Sunday,Sunday,East,15676684,72000,20:00:00,72056,20:00:56,3,10134,Washington Ave & SUNY Exit Rd (10134),0,1,26,,,72805,20:13:25,,,72868,20:14:28,63,00:01:03,doors opened
07/06/2025,12,4198,Sunday,Sunday,East,15676684,72000,20:00:00,72056,20:00:56,2,7216,SUNY Collins Circle (07216),4,0,27,72720.0,20:12:00,72676,20:11:16,72720.0,20:12:00,72707,20:11:47,31,00:00:31,doors opened
07/06/2025,12,4198,Sunday,Sunday,East,15676684,72000,20:00:00,72056,20:00:56,1,12827,Crossgates Commons Station (12827),16,2,23,72420.0,20:07:00,72316,20:05:16,72420.0,20:07:00,72457,20:07:37,141,00:02:21,doors opened
07/06/2025,12,4198,Sunday,Sunday,East,15676684,72000,20:00:00,72056,20:00:56,0,7175,Crossgates Mall Station (07175),9,0,9,72000.0,20:00:00,72056,20:00:56,72000.0,20:00:00,72056,20:00:56,0,00:00:00,doors opened
07/06/2025,12,4198,Sunday,Sunday,West,15676687,74700,20:45:00,74982,20:49:42,27,7175,Crossgates Mall Station (07175),0,3,0,76740.0,21:19:00,76837,21:20:37,76740.0,21:19:00,76837,21:20:37,0,00:00:00,doors opened
07/06/2025,12,4198,Sunday,Sunday,West,15676687,74700,20:45:00,74982,20:49:42,26,12828,Crossgates Commons Station (12828),2,5,3,76320.0,21:12:00,76557,21:15:57,76320.0,21:12:00,76585,21:16:25,28,00:00:28,doors opened
07/06/2025,12,4198,Sunday,Sunday,West,15676687,74700,20:45:00,74982,20:49:42,25,12891,1475 Washington Ave (12891),0,1,6,,,76367,21:12:47,,,76376,21:12:56,9,00:00:09,doors opened
07/06/2025,12,4198,Sunday,Sunday,West,15676687,74700,20:45:00,74982,20:49:42,24,7216,SUNY Collins Circle (07216),0,0,7,76020.0,21:07:00,76291,21:11:31,76020.0,21:07:00,76291,21:11:31,0,00:00:00,door not opened
07/06/2025,12,4198,Sunday,Sunday,West,15676687,74700,20:45:00,74982,20:49:42,23,3262,1383 Washington Ave (Fairfield Inn) (03262),0,3,7,,,76218,21:10:18,,,76218,21:10:18,0,00:00:00,door not opened
07/06/2025,12,4198,Sunday,Sunday,West,15676687,74700,20:45:00,74982,20:49:42,22,976,Washington Ave & Brevator St (00976),2,0,10,,,76056,21:07:36,,,76074,21:07:54,18,00:00:18,doors opened
07/06/2025,12,4198,Sunday,Sunday,West,15676687,74700,20:45:00,74982,20:49:42,21,1959,Washington Ave & Colvin Ave (01959),0,0,8,,,76036,21:07:16,,,76036,21:07:16,0,00:00:00,door not opened
07/06/2025,12,4198,Sunday,Sunday,West,15676687,74700,20:45:00,74982,20:49:42,20,3399,Washington Ave & Danker Ave (03399),0,0,8,,,76014,21:06:54,,,76014,21:06:54,0,00:00:00,door not opened
07/06/2025,12,4198,Sunday,Sunday,West,15676687,74700,20:45:00,74982,20:49:42,19,1849,Washington Ave & Homestead Ave (01849),0,0,8,,,75993,21:06:33,,,75993,21:06:33,0,00:00:00,door not opened
07/06/2025,12,4198,Sunday,Sunday,West,15676687,74700,20:45:00,74982,20:49:42,18,1846,Washington Ave & Manning Blvd (01846),0,2,8,,,75914,21:05:14,,,75954,21:05:54,40,00:00:40,doors opened
07/06/2025,12,4198,Sunday,Sunday,West,15676687,74700,20:45:00,74982,20:49:42,17,3287,Washington Ave & N. Allen St (03287),1,0,10,75660.0,21:01:00,75867,21:04:27,75660.0,21:01:00,75883,21:04:43,16,00:00:16,doors opened
07/06/2025,12,4198,Sunday,Sunday,West,15676687,74700,20:45:00,74982,20:49:42,16,3264,Washington Ave & N. Main Ave (03264),0,0,9,,,75836,21:03:56,,,75836,21:03:56,0,00:00:00,door not opened
07/06/2025,12,4198,Sunday,Sunday,West,15676687,74700,20:45:00,74982,20:49:42,15,1839,Washington Ave & Partridge St (01839),1,0,9,,,75733,21:02:13,,,75760,21:02:40,27,00:00:27,doors opened
07/06/2025,12,4198,Sunday,Sunday,West,15676687,74700,20:45:00,74982,20:49:42,14,1841,Washington Ave & Ontario St (01841),0,0,8,75480.0,20:58:00,75710,21:01:50,75480.0,20:58:00,75710,21:01:50,0,00:00:00,door not opened
07/06/2025,12,4198,Sunday,Sunday,West,15676687,74700,20:45:00,74982,20:49:42,13,1842,Washington Ave & Quail St (01842),1,1,8,,,75635,21:00:35,,,75677,21:01:17,42,00:00:42,doors opened
07/06/2025,12,4198,Sunday,Sunday,West,15676687,74700,20:45:00,74982,20:49:42,12,1837,Washington Ave & N. Lake Ave (01837),0,1,8,,,75582,20:59:42,,,75605,21:00:05,23,00:00:23,doors opened
07/06/2025,12,4198,Sunday,Sunday,West,15676687,74700,20:45:00,74982,20:49:42,11,1843,Washington Ave & Robin St (01843),0,0,9,,,75562,20:59:22,,,75562,20:59:22,0,00:00:00,door not opened
07/06/2025,12,4198,Sunday,Sunday,West,15676687,74700,20:45:00,74982,20:49:42,10,12943,Washington Ave & Lexington Ave (12943),2,0,9,,,75504,20:58:24,,,75538,20:58:58,34,00:00:34,doors opened
07/06/2025,12,4198,Sunday,Sunday,West,15676687,74700,20:45:00,74982,20:49:42,9,12942,Washington Ave & Henry Johnson Blvd (12942),0,0,7,,,75468,20:57:48,,,75468,20:57:48,0,00:00:00,door not opened
07/06/2025,12,4198,Sunday,Sunday,West,15676687,74700,20:45:00,74982,20:49:42,8,3239,Lark/Library Station - Washington Ave & Lark St (03239),2,0,7,75120.0,20:52:00,75369,20:56:09,75120.0,20:52:00,75416,20:56:56,47,00:00:47,doors opened
07/06/2025,12,4198,Sunday,Sunday,West,15676687,74700,20:45:00,74982,20:49:42,7,3301,Washington Ave & S. Swan St (03301),1,0,5,,,75319,20:55:19,,,75334,20:55:34,15,00:00:15,doors opened
07/06/2025,12,4198,Sunday,Sunday,West,15676687,74700,20:45:00,74982,20:49:42,6,3250,Hawk/Capitol Station - Washington Ave & Hawk St (03250),0,0,4,,,75297,20:54:57,,,75297,20:54:57,0,00:00:00,door not opened
07/06/2025,12,4198,Sunday,Sunday,West,15676687,74700,20:45:00,74982,20:49:42,5,10087,State St & Eagle St (10087),0,0,4,,,75271,20:54:31,,,75271,20:54:31,0,00:00:00,door not opened
07/06/2025,12,4198,Sunday,Sunday,West,15676687,74700,20:45:00,74982,20:49:42,4,2665,State/Downtown Station - State St & Lodge St (02665),1,0,4,74940.0,20:49:00,75226,20:53:46,74940.0,20:49:00,75241,20:54:01,15,00:00:15,doors opened
07/06/2025,12,4198,Sunday,Sunday,West,15676687,74700,20:45:00,74982,20:49:42,3,3221,State Station - N. Pearl St & Ten Eyck Plaza (03221),0,0,3,,,75130,20:52:10,,,75130,20:52:10,0,00:00:00,door not opened
07/06/2025,12,4198,Sunday,Sunday,West,15676687,74700,20:45:00,74982,20:49:42,2,3233,N. Pearl St & Sheridan Ave (03233),0,0,3,,,75074,20:51:14,,,75074,20:51:14,0,00:00:00,door not opened
07/06/2025,12,4198,Sunday,Sunday,West,15676687,74700,20:45:00,74982,20:49:42,1,2168,Clinton Square Station - N. Pearl St & Clinton Ave (02168),2,0,3,,,75011,20:50:11,,,75058,20:50:58,47,00:00:47,doors opened
07/06/2025,12,4198,Sunday,Sunday,West,15676687,74700,20:45:00,74982,20:49:42,0,9018,Broadway & Orange St (09018),0,0,1,74700.0,20:45:00,74982,20:49:42,74700.0,20:45:00,74982,20:49:42,0,00:00:00,door not opened
07/06/2025,12,4198,Sunday,Sunday,East,15676478,78000,21:40:00,78334,21:45:34,20,1789,Washington Ave & S. Swan St (01789),0,0,0,,,79403,22:03:23,,,79403,22:03:23,0,00:00:00,door not opened
07/06/2025,12,4198,Sunday,Sunday,East,15676478,78000,21:40:00,78334,21:45:34,19,1788,Washington Ave & Dove St (01788),0,0,0,,,79385,22:03:05,,,79385,22:03:05,0,00:00:00,door not opened
07/06/2025,12,4198,Sunday,Sunday,East,15676478,78000,21:40:00,78334,21:45:34,18,2663,Lark/Library Station - Washington Ave & Lark St (02663),0,0,0,79560.0,22:06:00,79363,22:02:43,79560.0,22:06:00,79363,22:02:43,0,00:00:00,door not opened
07/06/2025,12,4198,Sunday,Sunday,East,15676478,78000,21:40:00,78334,21:45:34,17,263,Washington Ave & Henry Johnson Blvd (00263),0,1,0,,,79323,22:02:03,,,79338,22:02:18,15,00:00:15,doors opened
07/06/2025,12,4198,Sunday,Sunday,East,15676478,78000,21:40:00,78334,21:45:34,16,2096,Washington Ave & Lexington Ave (02096),0,0,1,,,79279,22:01:19,,,79279,22:01:19,0,00:00:00,door not opened
07/06/2025,12,4198,Sunday,Sunday,East,15676478,78000,21:40:00,78334,21:45:34,15,3253,Washington Ave & Robin St (Draper Hall) (03253),0,2,1,,,79234,22:00:34,,,79261,22:01:01,27,00:00:27,doors opened
07/06/2025,12,4198,Sunday,Sunday,East,15676478,78000,21:40:00,78334,21:45:34,14,2109,Washington Ave & N. Lake Ave (02109),0,1,3,,,79192,21:59:52,,,79211,22:00:11,19,00:00:19,doors opened
07/06/2025,12,4198,Sunday,Sunday,East,15676478,78000,21:40:00,78334,21:45:34,13,3255,Washington Ave & Quail St (03255),0,0,4,,,79171,21:59:31,,,79171,21:59:31,0,00:00:00,door not opened
07/06/2025,12,4198,Sunday,Sunday,East,15676478,78000,21:40:00,78334,21:45:34,12,3256,Washington Ave & Ontario St (03256),0,0,4,79200.0,22:00:00,79157,21:59:17,79200.0,22:00:00,79157,21:59:17,0,00:00:00,door not opened
07/06/2025,12,4198,Sunday,Sunday,East,15676478,78000,21:40:00,78334,21:45:34,11,2107,Washington Ave & Partridge St (02107),0,0,4,,,79140,21:59:00,,,79140,21:59:00,0,00:00:00,door not opened
07/06/2025,12,4198,Sunday,Sunday,East,15676478,78000,21:40:00,78334,21:45:34,10,3257,Washington Ave & N. Main Ave (03257),0,0,4,,,79083,21:58:03,,,79083,21:58:03,0,00:00:00,door not opened
07/06/2025,12,4198,Sunday,Sunday,East,15676478,78000,21:40:00,78334,21:45:34,9,1796,Washington Ave & N. Allen St (01796),0,0,4,79080.0,21:58:00,79058,21:57:38,79080.0,21:58:00,79058,21:57:38,0,00:00:00,door not opened
07/06/2025,12,4198,Sunday,Sunday,East,15676478,78000,21:40:00,78334,21:45:34,8,11581,Washington Ave & Manning Blvd (11581),0,0,4,,,79017,21:56:57,,,79017,21:56:57,0,00:00:00,door not opened
07/06/2025,12,4198,Sunday,Sunday,East,15676478,78000,21:40:00,78334,21:45:34,7,2180,Washington Ave & Homestead Ave (02180),0,0,4,,,78982,21:56:22,,,78982,21:56:22,0,00:00:00,door not opened
07/06/2025,12,4198,Sunday,Sunday,East,15676478,78000,21:40:00,78334,21:45:34,1,12827,Crossgates Commons Station (12827),5,1,4,78360.0,21:46:00,78476,21:47:56,78360.0,21:46:00,78508,21:48:28,32,00:00:32,doors opened
07/06/2025,12,4198,Sunday,Sunday,East,15676478,78000,21:40:00,78334,21:45:34,0,7175,Crossgates Mall Station (07175),0,0,0,78000.0,21:40:00,78334,21:45:34,78000.0,21:40:00,78334,21:45:34,0,00:00:00,door not opened
07/06/2025,12,4198,Sunday,Sunday,East,15676478,78000,21:40:00,78334,21:45:34,24,3940,Broadway & Steuben St (03940),0,0,0,80040.0,22:14:00,79617,22:06:57,80040.0,22:14:00,79617,22:06:57,0,00:00:00,door not opened
07/06/2025,12,4198,Sunday,Sunday,East,15676478,78000,21:40:00,78334,21:45:34,23,2509,State/Downtown Station - State St & S. Pearl St (02509),0,0,0,79800.0,22:10:00,79463,22:04:23,79800.0,22:10:00,79496,22:04:56,33,00:00:33,doors opened
07/06/2025,12,4198,Sunday,Sunday,East,15676478,78000,21:40:00,78334,21:45:34,22,1787,State St & Eagle St (01787),0,0,0,,,79451,22:04:11,,,79451,22:04:11,0,00:00:00,door not opened
07/06/2025,12,4198,Sunday,Sunday,East,15676478,78000,21:40:00,78334,21:45:34,21,2706,Hawk/Capitol Station - Washington Ave & Hawk St (02706),0,0,0,,,79418,22:03:38,,,79418,22:03:38,0,00:00:00,door not opened
07/06/2025,12,4201,Sunday,Sunday,East,15677452,52800,14:40:00,52921,14:42:01,13,3255,Washington Ave & Quail St (03255),0,3,9,,,54353,15:05:53,,,54407,15:06:47,54,00:00:54,doors opened
07/06/2025,12,4201,Sunday,Sunday,East,15677452,52800,14:40:00,52921,14:42:01,12,3256,Washington Ave & Ontario St (03256),0,0,12,54060.0,15:01:00,54331,15:05:31,54060.0,15:01:00,54331,15:05:31,0,00:00:00,door not opened
07/06/2025,12,4201,Sunday,Sunday,East,15677452,52800,14:40:00,52921,14:42:01,11,2107,Washington Ave & Partridge St (02107),0,0,12,,,54313,15:05:13,,,54313,15:05:13,0,00:00:00,door not opened
07/06/2025,12,4201,Sunday,Sunday,East,15677452,52800,14:40:00,52921,14:42:01,10,3257,Washington Ave & N. Main Ave (03257),0,0,12,,,54224,15:03:44,,,54224,15:03:44,0,00:00:00,door not opened
07/06/2025,12,4201,Sunday,Sunday,East,15677452,52800,14:40:00,52921,14:42:01,9,1796,Washington Ave & N. Allen St (01796),0,1,12,53940.0,14:59:00,54158,15:02:38,53940.0,14:59:00,54173,15:02:53,15,00:00:15,doors opened
07/06/2025,12,4201,Sunday,Sunday,East,15677452,52800,14:40:00,52921,14:42:01,8,11581,Washington Ave & Manning Blvd (11581),1,0,13,,,54095,15:01:35,,,54120,15:02:00,25,00:00:25,doors opened
07/06/2025,12,4201,Sunday,Sunday,East,15677452,52800,14:40:00,52921,14:42:01,7,2180,Washington Ave & Homestead Ave (02180),0,2,12,,,54045,15:00:45,,,54067,15:01:07,22,00:00:22,doors opened
07/06/2025,12,4201,Sunday,Sunday,East,15677452,52800,14:40:00,52921,14:42:01,6,2182,Washington Ave & Hawthorne St (02182),1,0,14,,,53997,14:59:57,,,54015,15:00:15,18,00:00:18,doors opened
07/06/2025,12,4201,Sunday,Sunday,East,15677452,52800,14:40:00,52921,14:42:01,5,3304,Washington Ave & Clermont St (03304),0,0,13,,,53978,14:59:38,,,53978,14:59:38,0,00:00:00,door not opened
07/06/2025,12,4201,Sunday,Sunday,East,15677452,52800,14:40:00,52921,14:42:01,4,3348,Washington Ave & Brevator St (03348),0,0,13,,,53936,14:58:56,,,53936,14:58:56,0,00:00:00,door not opened
07/06/2025,12,4201,Sunday,Sunday,East,15677452,52800,14:40:00,52921,14:42:01,3,10134,Washington Ave & SUNY Exit Rd (10134),0,0,13,,,53787,14:56:27,,,53787,14:56:27,0,00:00:00,door not opened
07/06/2025,12,4201,Sunday,Sunday,East,15677452,52800,14:40:00,52921,14:42:01,2,7216,SUNY Collins Circle (07216),1,2,13,53520.0,14:52:00,53605,14:53:25,53520.0,14:52:00,53638,14:53:58,33,00:00:33,doors opened
07/06/2025,12,4201,Sunday,Sunday,East,15677452,52800,14:40:00,52921,14:42:01,1,12827,Crossgates Commons Station (12827),11,0,14,53220.0,14:47:00,53258,14:47:38,53220.0,14:47:00,53317,14:48:37,59,00:00:59,doors opened
07/06/2025,12,4201,Sunday,Sunday,East,15677452,52800,14:40:00,52921,14:42:01,0,7175,Crossgates Mall Station (07175),5,2,3,52800.0,14:40:00,52921,14:42:01,52800.0,14:40:00,52921,14:42:01,0,00:00:00,doors opened
07/06/2025,12,4201,Sunday,Sunday,East,15677452,52800,14:40:00,52921,14:42:01,24,3940,Broadway & Steuben St (03940),0,0,0,54960.0,15:16:00,54972,15:16:12,54960.0,15:16:00,54972,15:16:12,0,00:00:00,doors opened
07/06/2025,12,4201,Sunday,Sunday,East,15677452,52800,14:40:00,52921,14:42:01,23,2509,State/Downtown Station - State St & S. Pearl St (02509),0,5,0,54720.0,15:12:00,54837,15:13:57,54720.0,15:12:00,54917,15:15:17,80,00:01:20,doors opened
07/06/2025,12,4201,Sunday,Sunday,East,15677452,52800,14:40:00,52921,14:42:01,22,1787,State St & Eagle St (01787),0,0,5,,,54822,15:13:42,,,54822,15:13:42,0,00:00:00,door not opened
07/06/2025,12,4201,Sunday,Sunday,East,15677452,52800,14:40:00,52921,14:42:01,21,2706,Hawk/Capitol Station - Washington Ave & Hawk St (02706),0,1,5,,,54732,15:12:12,,,54743,15:12:23,11,00:00:11,doors opened
07/06/2025,12,4201,Sunday,Sunday,East,15677452,52800,14:40:00,52921,14:42:01,20,1789,Washington Ave & S. Swan St (01789),0,1,6,,,54693,15:11:33,,,54707,15:11:47,14,00:00:14,doors opened
07/06/2025,12,4201,Sunday,Sunday,East,15677452,52800,14:40:00,52921,14:42:01,19,1788,Washington Ave & Dove St (01788),0,0,7,,,54667,15:11:07,,,54667,15:11:07,0,00:00:00,door not opened
07/06/2025,12,4201,Sunday,Sunday,East,15677452,52800,14:40:00,52921,14:42:01,18,2663,Lark/Library Station - Washington Ave & Lark St (02663),0,0,7,54420.0,15:07:00,54632,15:10:32,54420.0,15:07:00,54632,15:10:32,0,00:00:00,door not opened
07/06/2025,12,4201,Sunday,Sunday,East,15677452,52800,14:40:00,52921,14:42:01,17,263,Washington Ave & Henry Johnson Blvd (00263),0,0,7,,,54593,15:09:53,,,54593,15:09:53,0,00:00:00,door not opened
07/06/2025,12,4201,Sunday,Sunday,East,15677452,52800,14:40:00,52921,14:42:01,16,2096,Washington Ave & Lexington Ave (02096),0,2,7,,,54501,15:08:21,,,54551,15:09:11,50,00:00:50,doors opened
07/06/2025,12,4201,Sunday,Sunday,East,15677452,52800,14:40:00,52921,14:42:01,15,3253,Washington Ave & Robin St (Draper Hall) (03253),0,0,9,,,54478,15:07:58,,,54478,15:07:58,0,00:00:00,door not opened
07/06/2025,12,4201,Sunday,Sunday,East,15677452,52800,14:40:00,52921,14:42:01,14,2109,Washington Ave & N. Lake Ave (02109),0,0,9,,,54447,15:07:27,,,54447,15:07:27,0,00:00:00,door not opened
07/06/2025,12,4201,Sunday,Sunday,West,15677455,55500,15:25:00,55696,15:28:16,27,7175,Crossgates Mall Station (07175),0,13,0,57720.0,16:02:00,58030,16:07:10,57720.0,16:02:00,58030,16:07:10,0,00:00:00,doors opened
07/06/2025,12,4201,Sunday,Sunday,West,15677455,55500,15:25:00,55696,15:28:16,26,12828,Crossgates Commons Station (12828),3,12,13,57300.0,15:55:00,57761,16:02:41,57300.0,15:55:00,57804,16:03:24,43,00:00:43,doors opened
07/06/2025,12,4201,Sunday,Sunday,West,15677455,55500,15:25:00,55696,15:28:16,25,12891,1475 Washington Ave (12891),3,0,22,,,57501,15:58:21,,,57535,15:58:55,34,00:00:34,doors opened
07/06/2025,12,4201,Sunday,Sunday,West,15677455,55500,15:25:00,55696,15:28:16,24,7216,SUNY Collins Circle (07216),0,0,19,56940.0,15:49:00,57410,15:56:50,56940.0,15:49:00,57410,15:56:50,0,00:00:00,door not opened
07/06/2025,12,4201,Sunday,Sunday,West,15677455,55500,15:25:00,55696,15:28:16,23,3262,1383 Washington Ave (Fairfield Inn) (03262),2,0,19,,,57287,15:54:47,,,57309,15:55:09,22,00:00:22,doors opened
07/06/2025,12,4201,Sunday,Sunday,West,15677455,55500,15:25:00,55696,15:28:16,22,976,Washington Ave & Brevator St (00976),0,0,17,,,57157,15:52:37,,,57157,15:52:37,0,00:00:00,door not opened
07/06/2025,12,4201,Sunday,Sunday,West,15677455,55500,15:25:00,55696,15:28:16,21,1959,Washington Ave & Colvin Ave (01959),0,0,17,,,57139,15:52:19,,,57139,15:52:19,0,00:00:00,door not opened
07/06/2025,12,4201,Sunday,Sunday,West,15677455,55500,15:25:00,55696,15:28:16,20,3399,Washington Ave & Danker Ave (03399),0,0,17,,,57117,15:51:57,,,57117,15:51:57,0,00:00:00,door not opened
07/06/2025,12,4201,Sunday,Sunday,West,15677455,55500,15:25:00,55696,15:28:16,19,1849,Washington Ave & Homestead Ave (01849),0,3,17,,,57077,15:51:17,,,57095,15:51:35,18,00:00:18,doors opened
07/06/2025,12,4201,Sunday,Sunday,West,15677455,55500,15:25:00,55696,15:28:16,18,1846,Washington Ave & Manning Blvd (01846),0,0,20,,,57057,15:50:57,,,57057,15:50:57,0,00:00:00,door not opened
07/06/2025,12,4201,Sunday,Sunday,West,15677455,55500,15:25:00,55696,15:28:16,17,3287,Washington Ave & N. Allen St (03287),3,5,20,56580.0,15:43:00,56954,15:49:14,56580.0,15:43:00,56994,15:49:54,40,00:00:40,doors opened
07/06/2025,12,4201,Sunday,Sunday,West,15677455,55500,15:25:00,55696,15:28:16,16,3264,Washington Ave & N. Main Ave (03264),0,0,22,,,56926,15:48:46,,,56926,15:48:46,0,00:00:00,door not opened
07/06/2025,12,4201,Sunday,Sunday,West,15677455,55500,15:25:00,55696,15:28:16,15,1839,Washington Ave & Partridge St (01839),0,0,22,,,56819,15:46:59,,,56819,15:46:59,0,00:00:00,door not opened
07/06/2025,12,4201,Sunday,Sunday,West,15677455,55500,15:25:00,55696,15:28:16,14,1841,Washington Ave & Ontario St (01841),1,0,22,56340.0,15:39:00,56773,15:46:13,56340.0,15:39:00,56789,15:46:29,16,00:00:16,doors opened
07/06/2025,12,4201,Sunday,Sunday,West,15677455,55500,15:25:00,55696,15:28:16,13,1842,Washington Ave & Quail St (01842),4,0,21,,,56686,15:44:46,,,56747,15:45:47,61,00:01:01,doors opened
07/06/2025,12,4201,Sunday,Sunday,West,15677455,55500,15:25:00,55696,15:28:16,12,1837,Washington Ave & N. Lake Ave (01837),1,0,17,,,56599,15:43:19,,,56657,15:44:17,58,00:00:58,doors opened
07/06/2025,12,4201,Sunday,Sunday,West,15677455,55500,15:25:00,55696,15:28:16,11,1843,Washington Ave & Robin St (01843),1,0,16,,,56554,15:42:34,,,56566,15:42:46,12,00:00:12,doors opened
07/06/2025,12,4201,Sunday,Sunday,West,15677455,55500,15:25:00,55696,15:28:16,10,12943,Washington Ave & Lexington Ave (12943),4,1,15,,,56466,15:41:06,,,56525,15:42:05,59,00:00:59,doors opened
07/06/2025,12,4201,Sunday,Sunday,West,15677455,55500,15:25:00,55696,15:28:16,9,12942,Washington Ave & Henry Johnson Blvd (12942),3,0,12,,,56390,15:39:50,,,56421,15:40:21,31,00:00:31,doors opened
07/06/2025,12,4201,Sunday,Sunday,West,15677455,55500,15:25:00,55696,15:28:16,8,3239,Lark/Library Station - Washington Ave & Lark St (03239),2,0,9,55980.0,15:33:00,56257,15:37:37,55980.0,15:33:00,56291,15:38:11,34,00:00:34,doors opened
07/06/2025,12,4201,Sunday,Sunday,West,15677455,55500,15:25:00,55696,15:28:16,7,3301,Washington Ave & S. Swan St (03301),0,0,7,,,56181,15:36:21,,,56221,15:37:01,40,00:00:40,doors opened
07/06/2025,12,4201,Sunday,Sunday,West,15677455,55500,15:25:00,55696,15:28:16,6,3250,Hawk/Capitol Station - Washington Ave & Hawk St (03250),0,0,7,,,56159,15:35:59,,,56159,15:35:59,0,00:00:00,door not opened
07/06/2025,12,4201,Sunday,Sunday,West,15677455,55500,15:25:00,55696,15:28:16,5,10087,State St & Eagle St (10087),0,0,7,,,56106,15:35:06,,,56106,15:35:06,0,00:00:00,door not opened
07/06/2025,12,4201,Sunday,Sunday,West,15677455,55500,15:25:00,55696,15:28:16,4,2665,State/Downtown Station - State St & Lodge St (02665),0,0,7,55740.0,15:29:00,55953,15:32:33,55740.0,15:29:00,55988,15:33:08,35,00:00:35,doors opened
07/06/2025,12,4201,Sunday,Sunday,West,15677455,55500,15:25:00,55696,15:28:16,3,3221,State Station - N. Pearl St & Ten Eyck Plaza (03221),4,0,7,,,55831,15:30:31,,,55916,15:31:56,85,00:01:25,doors opened
07/06/2025,12,4201,Sunday,Sunday,West,15677455,55500,15:25:00,55696,15:28:16,2,3233,N. Pearl St & Sheridan Ave (03233),1,0,3,,,55768,15:29:28,,,55797,15:29:57,29,00:00:29,doors opened
07/06/2025,12,4201,Sunday,Sunday,West,15677455,55500,15:25:00,55696,15:28:16,1,2168,Clinton Square Station - N. Pearl St & Clinton Ave (02168),0,0,2,,,55758,15:29:18,,,55758,15:29:18,0,00:00:00,door not opened
07/06/2025,12,4201,Sunday,Sunday,West,15677455,55500,15:25:00,55696,15:28:16,0,9018,Broadway & Orange St (09018),0,0,2,55500.0,15:25:00,55696,15:28:16,55500.0,15:25:00,55696,15:28:16,0,00:00:00,door not opened
07/06/2025,12,4203,Sunday,Sunday,West,15677999,60300,16:45:00,60301,16:45:01,27,7175,Crossgates Mall Station (07175),0,11,0,62520.0,17:22:00,62507,17:21:47,62520.0,17:22:00,62507,17:21:47,0,00:00:00,doors opened
07/06/2025,12,4203,Sunday,Sunday,West,15677999,60300,16:45:00,60301,16:45:01,26,12828,Crossgates Commons Station (12828),0,4,11,62100.0,17:15:00,62257,17:17:37,62100.0,17:15:00,62277,17:17:57,20,00:00:20,doors opened
07/06/2025,12,4203,Sunday,Sunday,West,15677999,60300,16:45:00,60301,16:45:01,25,12891,1475 Washington Ave (12891),0,0,15,,,62086,17:14:46,,,62086,17:14:46,0,00:00:00,door not opened
07/06/2025,12,4203,Sunday,Sunday,West,15677999,60300,16:45:00,60301,16:45:01,24,7216,SUNY Collins Circle (07216),0,1,15,61740.0,17:09:00,61982,17:13:02,61740.0,17:09:00,61997,17:13:17,15,00:00:15,doors opened
07/06/2025,12,4203,Sunday,Sunday,West,15677999,60300,16:45:00,60301,16:45:01,23,3262,1383 Washington Ave (Fairfield Inn) (03262),1,0,16,,,61873,17:11:13,,,61889,17:11:29,16,00:00:16,doors opened
07/06/2025,12,4203,Sunday,Sunday,West,15677999,60300,16:45:00,60301,16:45:01,22,976,Washington Ave & Brevator St (00976),0,0,15,,,61759,17:09:19,,,61759,17:09:19,0,00:00:00,door not opened
07/06/2025,12,4203,Sunday,Sunday,West,15677999,60300,16:45:00,60301,16:45:01,21,1959,Washington Ave & Colvin Ave (01959),0,0,15,,,61714,17:08:34,,,61714,17:08:34,0,00:00:00,door not opened
07/06/2025,12,4203,Sunday,Sunday,West,15677999,60300,16:45:00,60301,16:45:01,20,3399,Washington Ave & Danker Ave (03399),0,0,15,,,61647,17:07:27,,,61647,17:07:27,0,00:00:00,door not opened
07/06/2025,12,4203,Sunday,Sunday,West,15677999,60300,16:45:00,60301,16:45:01,19,1849,Washington Ave & Homestead Ave (01849),4,0,15,,,61585,17:06:25,,,61624,17:07:04,39,00:00:39,doors opened
07/06/2025,12,4203,Sunday,Sunday,West,15677999,60300,16:45:00,60301,16:45:01,18,1846,Washington Ave & Manning Blvd (01846),0,0,11,,,61564,17:06:04,,,61564,17:06:04,0,00:00:00,door not opened
07/06/2025,12,4203,Sunday,Sunday,West,15677999,60300,16:45:00,60301,16:45:01,17,3287,Washington Ave & N. Allen St (03287),1,2,11,61380.0,17:03:00,61513,17:05:13,61380.0,17:03:00,61533,17:05:33,20,00:00:20,doors opened
07/06/2025,12,4203,Sunday,Sunday,West,15677999,60300,16:45:00,60301,16:45:01,16,3264,Washington Ave & N. Main Ave (03264),1,0,12,,,61439,17:03:59,,,61482,17:04:42,43,00:00:43,doors opened
07/06/2025,12,4203,Sunday,Sunday,West,15677999,60300,16:45:00,60301,16:45:01,15,1839,Washington Ave & Partridge St (01839),0,0,11,,,61374,17:02:54,,,61374,17:02:54,0,00:00:00,door not opened
07/06/2025,12,4203,Sunday,Sunday,West,15677999,60300,16:45:00,60301,16:45:01,14,1841,Washington Ave & Ontario St (01841),0,1,11,61140.0,16:59:00,61338,17:02:18,61140.0,16:59:00,61353,17:02:33,15,00:00:15,doors opened
07/06/2025,12,4203,Sunday,Sunday,West,15677999,60300,16:45:00,60301,16:45:01,13,1842,Washington Ave & Quail St (01842),6,0,12,,,61067,16:57:47,,,61311,17:01:51,244,00:04:04,doors opened
07/06/2025,12,4203,Sunday,Sunday,West,15677999,60300,16:45:00,60301,16:45:01,12,1837,Washington Ave & N. Lake Ave (01837),0,1,6,,,61010,16:56:50,,,61038,16:57:18,28,00:00:28,doors opened
07/06/2025,12,4203,Sunday,Sunday,West,15677999,60300,16:45:00,60301,16:45:01,11,1843,Washington Ave & Robin St (01843),0,0,7,,,60991,16:56:31,,,60991,16:56:31,0,00:00:00,door not opened
07/06/2025,12,4203,Sunday,Sunday,West,15677999,60300,16:45:00,60301,16:45:01,10,12943,Washington Ave & Lexington Ave (12943),0,0,7,,,60968,16:56:08,,,60968,16:56:08,0,00:00:00,door not opened
07/06/2025,12,4203,Sunday,Sunday,West,15677999,60300,16:45:00,60301,16:45:01,9,12942,Washington Ave & Henry Johnson Blvd (12942),0,0,7,,,60875,16:54:35,,,60875,16:54:35,0,00:00:00,door not opened
07/06/2025,12,4203,Sunday,Sunday,West,15677999,60300,16:45:00,60301,16:45:01,8,3239,Lark/Library Station - Washington Ave & Lark St (03239),0,0,7,60780.0,16:53:00,60810,16:53:30,60780.0,16:53:00,60810,16:53:30,0,00:00:00,door not opened
07/06/2025,12,4203,Sunday,Sunday,West,15677999,60300,16:45:00,60301,16:45:01,7,3301,Washington Ave & S. Swan St (03301),2,0,7,,,60703,16:51:43,,,60739,16:52:19,36,00:00:36,doors opened
07/06/2025,12,4203,Sunday,Sunday,West,15677999,60300,16:45:00,60301,16:45:01,6,3250,Hawk/Capitol Station - Washington Ave & Hawk St (03250),0,0,5,,,60679,16:51:19,,,60679,16:51:19,0,00:00:00,door not opened
07/06/2025,12,4203,Sunday,Sunday,West,15677999,60300,16:45:00,60301,16:45:01,5,10087,State St & Eagle St (10087),0,0,5,,,60651,16:50:51,,,60651,16:50:51,0,00:00:00,door not opened
07/06/2025,12,4203,Sunday,Sunday,West,15677999,60300,16:45:00,60301,16:45:01,4,2665,State/Downtown Station - State St & Lodge St (02665),2,0,5,60540.0,16:49:00,60509,16:48:29,60540.0,16:49:00,60544,16:49:04,35,00:00:35,doors opened
07/06/2025,12,4203,Sunday,Sunday,West,15677999,60300,16:45:00,60301,16:45:01,3,3221,State Station - N. Pearl St & Ten Eyck Plaza (03221),2,0,3,,,60446,16:47:26,,,60473,16:47:53,27,00:00:27,doors opened
07/06/2025,12,4203,Sunday,Sunday,West,15677999,60300,16:45:00,60301,16:45:01,2,3233,N. Pearl St & Sheridan Ave (03233),0,0,1,,,60404,16:46:44,,,60404,16:46:44,0,00:00:00,door not opened
07/06/2025,12,4203,Sunday,Sunday,West,15677999,60300,16:45:00,60301,16:45:01,1,2168,Clinton Square Station - N. Pearl St & Clinton Ave (02168),1,0,1,,,60321,16:45:21,,,60369,16:46:09,48,00:00:48,doors opened
07/06/2025,12,4203,Sunday,Sunday,West,15677999,60300,16:45:00,60301,16:45:01,0,9018,Broadway & Orange St (09018),0,0,0,60300.0,16:45:00,60301,16:45:01,60300.0,16:45:00,60301,16:45:01,0,00:00:00,door not opened
07/06/2025,12,4203,Sunday,Sunday,East,15678002,63600,17:40:00,63600,17:40:00,24,3940,Broadway & Steuben St (03940),0,0,0,65760.0,18:16:00,65738,18:15:38,65760.0,18:16:00,65738,18:15:38,0,00:00:00,door not opened
07/06/2025,12,4203,Sunday,Sunday,East,15678002,63600,17:40:00,63600,17:40:00,23,2509,State/Downtown Station - State St & S. Pearl St (02509),0,4,0,65520.0,18:12:00,65629,18:13:49,65520.0,18:12:00,65648,18:14:08,19,00:00:19,doors opened
07/06/2025,12,4203,Sunday,Sunday,East,15678002,63600,17:40:00,63600,17:40:00,22,1787,State St & Eagle St (01787),0,0,4,,,65614,18:13:34,,,65614,18:13:34,0,00:00:00,door not opened
07/06/2025,12,4203,Sunday,Sunday,East,15678002,63600,17:40:00,63600,17:40:00,21,2706,Hawk/Capitol Station - Washington Ave & Hawk St (02706),0,0,4,,,65519,18:11:59,,,65519,18:11:59,0,00:00:00,door not opened
07/06/2025,12,4203,Sunday,Sunday,East,15678002,63600,17:40:00,63600,17:40:00,20,1789,Washington Ave & S. Swan St (01789),0,0,4,,,65499,18:11:39,,,65499,18:11:39,0,00:00:00,door not opened
07/06/2025,12,4203,Sunday,Sunday,East,15678002,63600,17:40:00,63600,17:40:00,19,1788,Washington Ave & Dove St (01788),0,1,4,,,65465,18:11:05,,,65473,18:11:13,8,00:00:08,doors opened
07/06/2025,12,4203,Sunday,Sunday,East,15678002,63600,17:40:00,63600,17:40:00,18,2663,Lark/Library Station - Washington Ave & Lark St (02663),0,0,5,65220.0,18:07:00,65439,18:10:39,65220.0,18:07:00,65439,18:10:39,0,00:00:00,door not opened
07/06/2025,12,4203,Sunday,Sunday,East,15678002,63600,17:40:00,63600,17:40:00,17,263,Washington Ave & Henry Johnson Blvd (00263),0,1,5,,,65347,18:09:07,,,65378,18:09:38,31,00:00:31,doors opened
07/06/2025,12,4203,Sunday,Sunday,East,15678002,63600,17:40:00,63600,17:40:00,16,2096,Washington Ave & Lexington Ave (02096),0,0,6,,,65285,18:08:05,,,65285,18:08:05,0,00:00:00,door not opened
07/06/2025,12,4203,Sunday,Sunday,East,15678002,63600,17:40:00,63600,17:40:00,15,3253,Washington Ave & Robin St (Draper Hall) (03253),0,4,6,,,65202,18:06:42,,,65240,18:07:20,38,00:00:38,doors opened
07/06/2025,12,4203,Sunday,Sunday,East,15678002,63600,17:40:00,63600,17:40:00,14,2109,Washington Ave & N. Lake Ave (02109),1,4,10,,,65119,18:05:19,,,65180,18:06:20,61,00:01:01,doors opened
07/06/2025,12,4203,Sunday,Sunday,East,15678002,63600,17:40:00,63600,17:40:00,13,3255,Washington Ave & Quail St (03255),0,3,13,,,65039,18:03:59,,,65089,18:04:49,50,00:00:50,doors opened
07/06/2025,12,4203,Sunday,Sunday,East,15678002,63600,17:40:00,63600,17:40:00,12,3256,Washington Ave & Ontario St (03256),0,1,16,64860.0,18:01:00,65003,18:03:23,64860.0,18:01:00,65016,18:03:36,13,00:00:13,doors opened
07/06/2025,12,4203,Sunday,Sunday,East,15678002,63600,17:40:00,63600,17:40:00,11,2107,Washington Ave & Partridge St (02107),0,0,17,,,64982,18:03:02,,,64982,18:03:02,0,00:00:00,door not opened
07/06/2025,12,4203,Sunday,Sunday,East,15678002,63600,17:40:00,63600,17:40:00,10,3257,Washington Ave & N. Main Ave (03257),0,0,17,,,64922,18:02:02,,,64922,18:02:02,0,00:00:00,door not opened
07/06/2025,12,4203,Sunday,Sunday,East,15678002,63600,17:40:00,63600,17:40:00,9,1796,Washington Ave & N. Allen St (01796),0,0,17,64740.0,17:59:00,64893,18:01:33,64740.0,17:59:00,64893,18:01:33,0,00:00:00,door not opened
07/06/2025,12,4203,Sunday,Sunday,East,15678002,63600,17:40:00,63600,17:40:00,8,11581,Washington Ave & Manning Blvd (11581),0,1,17,,,64844,18:00:44,,,64860,18:01:00,16,00:00:16,doors opened
07/06/2025,12,4203,Sunday,Sunday,East,15678002,63600,17:40:00,63600,17:40:00,7,2180,Washington Ave & Homestead Ave (02180),2,1,18,,,64770,17:59:30,,,64821,18:00:21,51,00:00:51,doors opened
07/06/2025,12,4203,Sunday,Sunday,East,15678002,63600,17:40:00,63600,17:40:00,6,2182,Washington Ave & Hawthorne St (02182),0,1,17,,,64724,17:58:44,,,64743,17:59:03,19,00:00:19,doors opened
07/06/2025,12,4203,Sunday,Sunday,East,15678002,63600,17:40:00,63600,17:40:00,5,3304,Washington Ave & Clermont St (03304),0,1,18,,,64674,17:57:54,,,64698,17:58:18,24,00:00:24,doors opened
07/06/2025,12,4203,Sunday,Sunday,East,15678002,63600,17:40:00,63600,17:40:00,4,3348,Washington Ave & Brevator St (03348),0,1,19,,,64630,17:57:10,,,64651,17:57:31,21,00:00:21,doors opened
07/06/2025,12,4203,Sunday,Sunday,East,15678002,63600,17:40:00,63600,17:40:00,3,10134,Washington Ave & SUNY Exit Rd (10134),3,2,20,,,64444,17:54:04,,,64507,17:55:07,63,00:01:03,doors opened
07/06/2025,12,4203,Sunday,Sunday,East,15678002,63600,17:40:00,63600,17:40:00,2,7216,SUNY Collins Circle (07216),0,1,19,64320.0,17:52:00,64306,17:51:46,64320.0,17:52:00,64321,17:52:01,15,00:00:15,doors opened
07/06/2025,12,4203,Sunday,Sunday,East,15678002,63600,17:40:00,63600,17:40:00,1,12827,Crossgates Commons Station (12827),10,0,20,64020.0,17:47:00,63913,17:45:13,64020.0,17:47:00,64063,17:47:43,150,00:02:30,doors opened
07/06/2025,12,4203,Sunday,Sunday,East,15678002,63600,17:40:00,63600,17:40:00,0,7175,Crossgates Mall Station (07175),9,0,10,63600.0,17:40:00,63600,17:40:00,63600.0,17:40:00,63600,17:40:00,0,00:00:00,doors opened
07/06/2025,12,4203,Sunday,Sunday,West,15678005,66300,18:25:00,66293,18:24:53,13,1842,Washington Ave & Quail St (01842),0,0,2,,,67011,18:36:51,,,67011,18:36:51,0,00:00:00,door not opened
07/06/2025,12,4203,Sunday,Sunday,West,15678005,66300,18:25:00,66293,18:24:53,12,1837,Washington Ave & N. Lake Ave (01837),0,0,2,,,66984,18:36:24,,,66984,18:36:24,0,00:00:00,door not opened
07/06/2025,12,4203,Sunday,Sunday,West,15678005,66300,18:25:00,66293,18:24:53,11,1843,Washington Ave & Robin St (01843),0,0,2,,,66932,18:35:32,,,66932,18:35:32,0,00:00:00,door not opened
07/06/2025,12,4203,Sunday,Sunday,West,15678005,66300,18:25:00,66293,18:24:53,10,12943,Washington Ave & Lexington Ave (12943),0,0,2,,,66886,18:34:46,,,66886,18:34:46,0,00:00:00,door not opened
07/06/2025,12,4203,Sunday,Sunday,West,15678005,66300,18:25:00,66293,18:24:53,9,12942,Washington Ave & Henry Johnson Blvd (12942),0,0,2,,,66839,18:33:59,,,66839,18:33:59,0,00:00:00,door not opened
07/06/2025,12,4203,Sunday,Sunday,West,15678005,66300,18:25:00,66293,18:24:53,8,3239,Lark/Library Station - Washington Ave & Lark St (03239),0,0,2,66780.0,18:33:00,66765,18:32:45,66780.0,18:33:00,66765,18:32:45,0,00:00:00,door not opened
07/06/2025,12,4203,Sunday,Sunday,West,15678005,66300,18:25:00,66293,18:24:53,7,3301,Washington Ave & S. Swan St (03301),0,0,2,,,66716,18:31:56,,,66716,18:31:56,0,00:00:00,door not opened
07/06/2025,12,4203,Sunday,Sunday,West,15678005,66300,18:25:00,66293,18:24:53,6,3250,Hawk/Capitol Station - Washington Ave & Hawk St (03250),0,0,2,,,66675,18:31:15,,,66675,18:31:15,0,00:00:00,door not opened
07/06/2025,12,4203,Sunday,Sunday,West,15678005,66300,18:25:00,66293,18:24:53,5,10087,State St & Eagle St (10087),0,0,2,,,66649,18:30:49,,,66649,18:30:49,0,00:00:00,door not opened
07/06/2025,12,4203,Sunday,Sunday,West,15678005,66300,18:25:00,66293,18:24:53,4,2665,State/Downtown Station - State St & Lodge St (02665),1,6,2,66540.0,18:29:00,66491,18:28:11,66540.0,18:29:00,66512,18:28:32,21,00:00:21,doors opened
07/06/2025,12,4203,Sunday,Sunday,West,15678005,66300,18:25:00,66293,18:24:53,3,3221,State Station - N. Pearl St & Ten Eyck Plaza (03221),0,0,7,,,66405,18:26:45,,,66405,18:26:45,0,00:00:00,door not opened
07/06/2025,12,4203,Sunday,Sunday,West,15678005,66300,18:25:00,66293,18:24:53,2,3233,N. Pearl St & Sheridan Ave (03233),0,0,7,,,66371,18:26:11,,,66371,18:26:11,0,00:00:00,door not opened
07/06/2025,12,4203,Sunday,Sunday,West,15678005,66300,18:25:00,66293,18:24:53,1,2168,Clinton Square Station - N. Pearl St & Clinton Ave (02168),4,0,7,,,66310,18:25:10,,,66357,18:25:57,47,00:00:47,doors opened
07/06/2025,12,4203,Sunday,Sunday,West,15678005,66300,18:25:00,66293,18:24:53,0,9018,Broadway & Orange St (09018),1,0,3,66300.0,18:25:00,66293,18:24:53,66300.0,18:25:00,66293,18:24:53,0,00:00:00,doors opened
07/06/2025,12,4203,Sunday,Sunday,West,15678005,66300,18:25:00,66293,18:24:53,27,7175,Crossgates Mall Station (07175),0,0,0,68460.0,19:01:00,68120,18:55:20,68460.0,19:01:00,68120,18:55:20,0,00:00:00,door not opened
07/06/2025,12,4203,Sunday,Sunday,West,15678005,66300,18:25:00,66293,18:24:53,26,12828,Crossgates Commons Station (12828),0,1,0,68040.0,18:54:00,67993,18:53:13,68040.0,18:54:00,68009,18:53:29,16,00:00:16,doors opened
07/06/2025,12,4203,Sunday,Sunday,West,15678005,66300,18:25:00,66293,18:24:53,25,12891,1475 Washington Ave (12891),0,1,1,,,67791,18:49:51,,,67805,18:50:05,14,00:00:14,doors opened
07/06/2025,12,4203,Sunday,Sunday,West,15678005,66300,18:25:00,66293,18:24:53,24,7216,SUNY Collins Circle (07216),0,0,2,67680.0,18:48:00,67693,18:48:13,67680.0,18:48:00,67693,18:48:13,0,00:00:00,door not opened
07/06/2025,12,4203,Sunday,Sunday,West,15678005,66300,18:25:00,66293,18:24:53,23,3262,1383 Washington Ave (Fairfield Inn) (03262),0,1,2,,,67577,18:46:17,,,67601,18:46:41,24,00:00:24,doors opened
07/06/2025,12,4203,Sunday,Sunday,West,15678005,66300,18:25:00,66293,18:24:53,22,976,Washington Ave & Brevator St (00976),0,0,3,,,67457,18:44:17,,,67457,18:44:17,0,00:00:00,door not opened
07/06/2025,12,4203,Sunday,Sunday,West,15678005,66300,18:25:00,66293,18:24:53,21,1959,Washington Ave & Colvin Ave (01959),1,0,3,,,67380,18:43:00,,,67412,18:43:32,32,00:00:32,doors opened
07/06/2025,12,4203,Sunday,Sunday,West,15678005,66300,18:25:00,66293,18:24:53,20,3399,Washington Ave & Danker Ave (03399),0,0,2,,,67357,18:42:37,,,67357,18:42:37,0,00:00:00,door not opened
07/06/2025,12,4203,Sunday,Sunday,West,15678005,66300,18:25:00,66293,18:24:53,19,1849,Washington Ave & Homestead Ave (01849),0,0,2,,,67336,18:42:16,,,67336,18:42:16,0,00:00:00,door not opened
07/06/2025,12,4203,Sunday,Sunday,West,15678005,66300,18:25:00,66293,18:24:53,18,1846,Washington Ave & Manning Blvd (01846),1,0,2,,,67275,18:41:15,,,67313,18:41:53,38,00:00:38,doors opened
07/06/2025,12,4203,Sunday,Sunday,West,15678005,66300,18:25:00,66293,18:24:53,17,3287,Washington Ave & N. Allen St (03287),0,1,1,67320.0,18:42:00,67154,18:39:14,67320.0,18:42:00,67240,18:40:40,86,00:01:26,doors opened
07/06/2025,12,4203,Sunday,Sunday,West,15678005,66300,18:25:00,66293,18:24:53,16,3264,Washington Ave & N. Main Ave (03264),0,0,2,,,67123,18:38:43,,,67123,18:38:43,0,00:00:00,door not opened
07/06/2025,12,4203,Sunday,Sunday,West,15678005,66300,18:25:00,66293,18:24:53,15,1839,Washington Ave & Partridge St (01839),0,0,2,,,67048,18:37:28,,,67048,18:37:28,0,00:00:00,door not opened
07/06/2025,12,4203,Sunday,Sunday,West,15678005,66300,18:25:00,66293,18:24:53,14,1841,Washington Ave & Ontario St (01841),0,0,2,67140.0,18:39:00,67031,18:37:11,67140.0,18:39:00,67031,18:37:11,0,00:00:00,door not opened
07/06/2025,12,4203,Sunday,Sunday,East,15678008,69600,19:20:00,69602,19:20:02,24,3940,Broadway & Steuben St (03940),0,10,0,71700.0,19:55:00,71659,19:54:19,71700.0,19:55:00,71659,19:54:19,0,00:00:00,doors opened
07/06/2025,12,4203,Sunday,Sunday,East,15678008,69600,19:20:00,69602,19:20:02,23,2509,State/Downtown Station - State St & S. Pearl St (02509),0,0,10,71460.0,19:51:00,71628,19:53:48,71460.0,19:51:00,71659,19:54:19,31,00:00:31,door not opened
07/06/2025,12,4203,Sunday,Sunday,East,15678008,69600,19:20:00,69602,19:20:02,22,1787,State St & Eagle St (01787),0,0,10,,,71611,19:53:31,,,71611,19:53:31,0,00:00:00,door not opened
07/06/2025,12,4203,Sunday,Sunday,East,15678008,69600,19:20:00,69602,19:20:02,21,2706,Hawk/Capitol Station - Washington Ave & Hawk St (02706),0,0,10,,,71480,19:51:20,,,71480,19:51:20,0,00:00:00,door not opened
07/06/2025,12,4203,Sunday,Sunday,East,15678008,69600,19:20:00,69602,19:20:02,20,1789,Washington Ave & S. Swan St (01789),0,0,10,,,71461,19:51:01,,,71461,19:51:01,0,00:00:00,door not opened
07/06/2025,12,4203,Sunday,Sunday,East,15678008,69600,19:20:00,69602,19:20:02,19,1788,Washington Ave & Dove St (01788),0,2,10,,,71377,19:49:37,,,71394,19:49:54,17,00:00:17,doors opened
07/06/2025,12,4203,Sunday,Sunday,East,15678008,69600,19:20:00,69602,19:20:02,18,2663,Lark/Library Station - Washington Ave & Lark St (02663),3,2,12,71220.0,19:47:00,71278,19:47:58,71220.0,19:47:00,71307,19:48:27,29,00:00:29,doors opened
07/06/2025,12,4203,Sunday,Sunday,East,15678008,69600,19:20:00,69602,19:20:02,17,263,Washington Ave & Henry Johnson Blvd (00263),0,0,11,,,71254,19:47:34,,,71254,19:47:34,0,00:00:00,door not opened
07/06/2025,12,4203,Sunday,Sunday,East,15678008,69600,19:20:00,69602,19:20:02,16,2096,Washington Ave & Lexington Ave (02096),0,1,11,,,71126,19:45:26,,,71220,19:47:00,94,00:01:34,doors opened
07/06/2025,12,4203,Sunday,Sunday,East,15678008,69600,19:20:00,69602,19:20:02,15,3253,Washington Ave & Robin St (Draper Hall) (03253),0,1,12,,,71078,19:44:38,,,71098,19:44:58,20,00:00:20,doors opened
07/06/2025,12,4203,Sunday,Sunday,East,15678008,69600,19:20:00,69602,19:20:02,14,2109,Washington Ave & N. Lake Ave (02109),0,0,13,,,71058,19:44:18,,,71058,19:44:18,0,00:00:00,door not opened
07/06/2025,12,4203,Sunday,Sunday,East,15678008,69600,19:20:00,69602,19:20:02,13,3255,Washington Ave & Quail St (03255),0,6,13,,,70981,19:43:01,,,71003,19:43:23,22,00:00:22,doors opened
07/06/2025,12,4203,Sunday,Sunday,East,15678008,69600,19:20:00,69602,19:20:02,12,3256,Washington Ave & Ontario St (03256),0,2,19,70860.0,19:41:00,70944,19:42:24,70860.0,19:41:00,70959,19:42:39,15,00:00:15,doors opened
07/06/2025,12,4203,Sunday,Sunday,East,15678008,69600,19:20:00,69602,19:20:02,11,2107,Washington Ave & Partridge St (02107),1,2,21,,,70900,19:41:40,,,70919,19:41:59,19,00:00:19,doors opened
07/06/2025,12,4203,Sunday,Sunday,East,15678008,69600,19:20:00,69602,19:20:02,10,3257,Washington Ave & N. Main Ave (03257),0,1,22,,,70824,19:40:24,,,70855,19:40:55,31,00:00:31,doors opened
07/06/2025,12,4203,Sunday,Sunday,East,15678008,69600,19:20:00,69602,19:20:02,9,1796,Washington Ave & N. Allen St (01796),1,4,23,70740.0,19:39:00,70772,19:39:32,70740.0,19:39:00,70791,19:39:51,19,00:00:19,doors opened
07/06/2025,12,4203,Sunday,Sunday,East,15678008,69600,19:20:00,69602,19:20:02,8,11581,Washington Ave & Manning Blvd (11581),0,1,26,,,70708,19:38:28,,,70737,19:38:57,29,00:00:29,doors opened
07/06/2025,12,4203,Sunday,Sunday,East,15678008,69600,19:20:00,69602,19:20:02,7,2180,Washington Ave & Homestead Ave (02180),0,0,27,,,70687,19:38:07,,,70687,19:38:07,0,00:00:00,door not opened
07/06/2025,12,4203,Sunday,Sunday,East,15678008,69600,19:20:00,69602,19:20:02,6,2182,Washington Ave & Hawthorne St (02182),0,0,27,,,70663,19:37:43,,,70663,19:37:43,0,00:00:00,door not opened
07/06/2025,12,4203,Sunday,Sunday,East,15678008,69600,19:20:00,69602,19:20:02,5,3304,Washington Ave & Clermont St (03304),0,0,27,,,70647,19:37:27,,,70647,19:37:27,0,00:00:00,door not opened
07/06/2025,12,4203,Sunday,Sunday,East,15678008,69600,19:20:00,69602,19:20:02,4,3348,Washington Ave & Brevator St (03348),0,0,27,,,70631,19:37:11,,,70631,19:37:11,0,00:00:00,door not opened
07/06/2025,12,4203,Sunday,Sunday,East,15678008,69600,19:20:00,69602,19:20:02,3,10134,Washington Ave & SUNY Exit Rd (10134),2,1,27,,,70481,19:34:41,,,70503,19:35:03,22,00:00:22,doors opened
07/06/2025,12,4203,Sunday,Sunday,East,15678008,69600,19:20:00,69602,19:20:02,2,7216,SUNY Collins Circle (07216),4,1,26,70320.0,19:32:00,70328,19:32:08,70320.0,19:32:00,70369,19:32:49,41,00:00:41,doors opened
07/06/2025,12,4203,Sunday,Sunday,East,15678008,69600,19:20:00,69602,19:20:02,1,12827,Crossgates Commons Station (12827),9,1,23,70020.0,19:27:00,69921,19:25:21,70020.0,19:27:00,70018,19:26:58,97,00:01:37,doors opened
07/06/2025,12,4203,Sunday,Sunday,East,15678008,69600,19:20:00,69602,19:20:02,0,7175,Crossgates Mall Station (07175),14,0,15,69600.0,19:20:00,69602,19:20:02,69600.0,19:20:00,69602,19:20:02,0,00:00:00,doors opened
07/06/2025,12,4203,Sunday,Sunday,West,15677903,36300,10:05:00,36293,10:04:53,27,7175,Crossgates Mall Station (07175),0,8,0,38520.0,10:42:00,38403,10:40:03,38520.0,10:42:00,38403,10:40:03,0,00:00:00,doors opened
07/06/2025,12,4203,Sunday,Sunday,West,15677903,36300,10:05:00,36293,10:04:53,26,12828,Crossgates Commons Station (12828),0,8,8,38100.0,10:35:00,38115,10:35:15,38100.0,10:35:00,38138,10:35:38,23,00:00:23,doors opened
07/06/2025,12,4203,Sunday,Sunday,West,15677903,36300,10:05:00,36293,10:04:53,25,12891,1475 Washington Ave (12891),0,0,16,,,37939,10:32:19,,,37939,10:32:19,0,00:00:00,door not opened
07/06/2025,12,4203,Sunday,Sunday,West,15677903,36300,10:05:00,36293,10:04:53,24,7216,SUNY Collins Circle (07216),0,0,16,37740.0,10:29:00,37848,10:30:48,37740.0,10:29:00,37848,10:30:48,0,00:00:00,door not opened
07/06/2025,12,4203,Sunday,Sunday,West,15677903,36300,10:05:00,36293,10:04:53,23,3262,1383 Washington Ave (Fairfield Inn) (03262),0,0,16,,,37764,10:29:24,,,37764,10:29:24,0,00:00:00,door not opened
07/06/2025,12,4203,Sunday,Sunday,West,15677903,36300,10:05:00,36293,10:04:53,22,976,Washington Ave & Brevator St (00976),0,0,16,,,37651,10:27:31,,,37651,10:27:31,0,00:00:00,door not opened
07/06/2025,12,4203,Sunday,Sunday,West,15677903,36300,10:05:00,36293,10:04:53,21,1959,Washington Ave & Colvin Ave (01959),1,0,16,,,37572,10:26:12,,,37632,10:27:12,60,00:01:00,doors opened
07/06/2025,12,4203,Sunday,Sunday,West,15677903,36300,10:05:00,36293,10:04:53,20,3399,Washington Ave & Danker Ave (03399),0,0,15,,,37549,10:25:49,,,37549,10:25:49,0,00:00:00,door not opened
07/06/2025,12,4203,Sunday,Sunday,West,15677903,36300,10:05:00,36293,10:04:53,19,1849,Washington Ave & Homestead Ave (01849),0,0,15,,,37529,10:25:29,,,37529,10:25:29,0,00:00:00,door not opened
07/06/2025,12,4203,Sunday,Sunday,West,15677903,36300,10:05:00,36293,10:04:53,18,1846,Washington Ave & Manning Blvd (01846),2,0,15,,,37444,10:24:04,,,37505,10:25:05,61,00:01:01,doors opened
07/06/2025,12,4203,Sunday,Sunday,West,15677903,36300,10:05:00,36293,10:04:53,17,3287,Washington Ave & N. Allen St (03287),0,0,13,37380.0,10:23:00,37416,10:23:36,37380.0,10:23:00,37416,10:23:36,0,00:00:00,door not opened
07/06/2025,12,4203,Sunday,Sunday,West,15677903,36300,10:05:00,36293,10:04:53,16,3264,Washington Ave & N. Main Ave (03264),1,0,13,,,37371,10:22:51,,,37385,10:23:05,14,00:00:14,doors opened
07/06/2025,12,4203,Sunday,Sunday,West,15677903,36300,10:05:00,36293,10:04:53,15,1839,Washington Ave & Partridge St (01839),1,0,12,,,37297,10:21:37,,,37315,10:21:55,18,00:00:18,doors opened
07/06/2025,12,4203,Sunday,Sunday,West,15677903,36300,10:05:00,36293,10:04:53,14,1841,Washington Ave & Ontario St (01841),1,0,11,37140.0,10:19:00,37242,10:20:42,37140.0,10:19:00,37272,10:21:12,30,00:00:30,doors opened
07/06/2025,12,4203,Sunday,Sunday,West,15677903,36300,10:05:00,36293,10:04:53,13,1842,Washington Ave & Quail St (01842),2,0,10,,,37176,10:19:36,,,37217,10:20:17,41,00:00:41,doors opened
07/06/2025,12,4203,Sunday,Sunday,West,15677903,36300,10:05:00,36293,10:04:53,12,1837,Washington Ave & N. Lake Ave (01837),3,0,8,,,37073,10:17:53,,,37148,10:19:08,75,00:01:15,doors opened
07/06/2025,12,4203,Sunday,Sunday,West,15677903,36300,10:05:00,36293,10:04:53,11,1843,Washington Ave & Robin St (01843),0,0,5,,,37050,10:17:30,,,37050,10:17:30,0,00:00:00,door not opened
07/06/2025,12,4203,Sunday,Sunday,West,15677903,36300,10:05:00,36293,10:04:53,10,12943,Washington Ave & Lexington Ave (12943),1,0,5,,,37010,10:16:50,,,37024,10:17:04,14,00:00:14,doors opened
07/06/2025,12,4203,Sunday,Sunday,West,15677903,36300,10:05:00,36293,10:04:53,9,12942,Washington Ave & Henry Johnson Blvd (12942),1,1,4,,,36950,10:15:50,,,36966,10:16:06,16,00:00:16,doors opened
07/06/2025,12,4203,Sunday,Sunday,West,15677903,36300,10:05:00,36293,10:04:53,8,3239,Lark/Library Station - Washington Ave & Lark St (03239),0,0,4,36780.0,10:13:00,36823,10:13:43,36780.0,10:13:00,36823,10:13:43,0,00:00:00,door not opened
07/06/2025,12,4203,Sunday,Sunday,West,15677903,36300,10:05:00,36293,10:04:53,7,3301,Washington Ave & S. Swan St (03301),0,0,4,,,36786,10:13:06,,,36786,10:13:06,0,00:00:00,door not opened
07/06/2025,12,4203,Sunday,Sunday,West,15677903,36300,10:05:00,36293,10:04:53,6,3250,Hawk/Capitol Station - Washington Ave & Hawk St (03250),0,1,4,,,36737,10:12:17,,,36761,10:12:41,24,00:00:24,doors opened
07/06/2025,12,4203,Sunday,Sunday,West,15677903,36300,10:05:00,36293,10:04:53,5,10087,State St & Eagle St (10087),0,0,5,,,36691,10:11:31,,,36704,10:11:44,13,00:00:13,doors opened
07/06/2025,12,4203,Sunday,Sunday,West,15677903,36300,10:05:00,36293,10:04:53,4,2665,State/Downtown Station - State St & Lodge St (02665),1,0,5,36540.0,10:09:00,36566,10:09:26,36540.0,10:09:00,36613,10:10:13,47,00:00:47,doors opened
07/06/2025,12,4203,Sunday,Sunday,West,15677903,36300,10:05:00,36293,10:04:53,3,3221,State Station - N. Pearl St & Ten Eyck Plaza (03221),2,0,4,,,36450,10:07:30,,,36538,10:08:58,88,00:01:28,doors opened
07/06/2025,12,4203,Sunday,Sunday,West,15677903,36300,10:05:00,36293,10:04:53,2,3233,N. Pearl St & Sheridan Ave (03233),0,0,2,,,36420,10:07:00,,,36420,10:07:00,0,00:00:00,door not opened
07/06/2025,12,4203,Sunday,Sunday,West,15677903,36300,10:05:00,36293,10:04:53,1,2168,Clinton Square Station - N. Pearl St & Clinton Ave (02168),1,0,2,,,36363,10:06:03,,,36407,10:06:47,44,00:00:44,doors opened
07/06/2025,12,4203,Sunday,Sunday,West,15677903,36300,10:05:00,36293,10:04:53,0,9018,Broadway & Orange St (09018),1,0,1,36300.0,10:05:00,36293,10:04:53,36300.0,10:05:00,36293,10:04:53,0,00:00:00,doors opened
07/06/2025,12,4203,Sunday,Sunday,East,15677906,39600,11:00:00,39606,11:00:06,24,3940,Broadway & Steuben St (03940),0,0,0,41580.0,11:33:00,41674,11:34:34,41580.0,11:33:00,41674,11:34:34,0,00:00:00,door not opened
07/06/2025,12,4203,Sunday,Sunday,East,15677906,39600,11:00:00,39606,11:00:06,23,2509,State/Downtown Station - State St & S. Pearl St (02509),0,9,0,41340.0,11:29:00,41555,11:32:35,41340.0,11:29:00,41613,11:33:33,58,00:00:58,doors opened
07/06/2025,12,4203,Sunday,Sunday,East,15677906,39600,11:00:00,39606,11:00:06,22,1787,State St & Eagle St (01787),0,0,9,,,41536,11:32:16,,,41536,11:32:16,0,00:00:00,door not opened
07/06/2025,12,4203,Sunday,Sunday,East,15677906,39600,11:00:00,39606,11:00:06,21,2706,Hawk/Capitol Station - Washington Ave & Hawk St (02706),0,0,9,,,41491,11:31:31,,,41491,11:31:31,0,00:00:00,door not opened
07/06/2025,12,4203,Sunday,Sunday,East,15677906,39600,11:00:00,39606,11:00:06,20,1789,Washington Ave & S. Swan St (01789),2,0,9,,,41394,11:29:54,,,41462,11:31:02,68,00:01:08,doors opened
07/06/2025,12,4203,Sunday,Sunday,East,15677906,39600,11:00:00,39606,11:00:06,19,1788,Washington Ave & Dove St (01788),1,0,7,,,41354,11:29:14,,,41365,11:29:25,11,00:00:11,doors opened
07/06/2025,12,4203,Sunday,Sunday,East,15677906,39600,11:00:00,39606,11:00:06,18,2663,Lark/Library Station - Washington Ave & Lark St (02663),0,4,6,41100.0,11:25:00,41308,11:28:28,41100.0,11:25:00,41328,11:28:48,20,00:00:20,doors opened
07/06/2025,12,4203,Sunday,Sunday,East,15677906,39600,11:00:00,39606,11:00:06,17,263,Washington Ave & Henry Johnson Blvd (00263),0,1,10,,,41238,11:27:18,,,41266,11:27:46,28,00:00:28,doors opened
07/06/2025,12,4203,Sunday,Sunday,East,15677906,39600,11:00:00,39606,11:00:06,16,2096,Washington Ave & Lexington Ave (02096),0,1,11,,,41185,11:26:25,,,41200,11:26:40,15,00:00:15,doors opened
07/06/2025,12,4203,Sunday,Sunday,East,15677906,39600,11:00:00,39606,11:00:06,15,3253,Washington Ave & Robin St (Draper Hall) (03253),2,0,12,,,41136,11:25:36,,,41162,11:26:02,26,00:00:26,doors opened
07/06/2025,12,4203,Sunday,Sunday,East,15677906,39600,11:00:00,39606,11:00:06,14,2109,Washington Ave & N. Lake Ave (02109),2,1,10,,,41087,11:24:47,,,41108,11:25:08,21,00:00:21,doors opened
07/06/2025,12,4203,Sunday,Sunday,East,15677906,39600,11:00:00,39606,11:00:06,13,3255,Washington Ave & Quail St (03255),1,0,9,,,41013,11:23:33,,,41056,11:24:16,43,00:00:43,doors opened
07/06/2025,12,4203,Sunday,Sunday,East,15677906,39600,11:00:00,39606,11:00:06,12,3256,Washington Ave & Ontario St (03256),0,0,8,40740.0,11:19:00,40993,11:23:13,40740.0,11:19:00,40993,11:23:13,0,00:00:00,door not opened
07/06/2025,12,4203,Sunday,Sunday,East,15677906,39600,11:00:00,39606,11:00:06,11,2107,Washington Ave & Partridge St (02107),0,0,8,,,40973,11:22:53,,,40973,11:22:53,0,00:00:00,door not opened
07/06/2025,12,4203,Sunday,Sunday,East,15677906,39600,11:00:00,39606,11:00:06,10,3257,Washington Ave & N. Main Ave (03257),0,0,8,,,40929,11:22:09,,,40929,11:22:09,0,00:00:00,door not opened
07/06/2025,12,4203,Sunday,Sunday,East,15677906,39600,11:00:00,39606,11:00:06,9,1796,Washington Ave & N. Allen St (01796),2,3,8,40620.0,11:17:00,40828,11:20:28,40620.0,11:17:00,40899,11:21:39,71,00:01:11,doors opened
07/06/2025,12,4203,Sunday,Sunday,East,15677906,39600,11:00:00,39606,11:00:06,8,11581,Washington Ave & Manning Blvd (11581),2,1,9,,,40740,11:19:00,,,40793,11:19:53,53,00:00:53,doors opened
07/06/2025,12,4203,Sunday,Sunday,East,15677906,39600,11:00:00,39606,11:00:06,7,2180,Washington Ave & Homestead Ave (02180),0,0,8,,,40718,11:18:38,,,40718,11:18:38,0,00:00:00,door not opened
07/06/2025,12,4203,Sunday,Sunday,East,15677906,39600,11:00:00,39606,11:00:06,6,2182,Washington Ave & Hawthorne St (02182),0,2,8,,,40674,11:17:54,,,40692,11:18:12,18,00:00:18,doors opened
07/06/2025,12,4203,Sunday,Sunday,East,15677906,39600,11:00:00,39606,11:00:06,5,3304,Washington Ave & Clermont St (03304),0,1,10,,,40628,11:17:08,,,40645,11:17:25,17,00:00:17,doors opened
07/06/2025,12,4203,Sunday,Sunday,East,15677906,39600,11:00:00,39606,11:00:06,4,3348,Washington Ave & Brevator St (03348),0,1,11,,,40559,11:15:59,,,40604,11:16:44,45,00:00:45,doors opened
07/06/2025,12,4203,Sunday,Sunday,East,15677906,39600,11:00:00,39606,11:00:06,3,10134,Washington Ave & SUNY Exit Rd (10134),0,0,12,,,40442,11:14:02,,,40442,11:14:02,0,00:00:00,door not opened
07/06/2025,12,4203,Sunday,Sunday,East,15677906,39600,11:00:00,39606,11:00:06,2,7216,SUNY Collins Circle (07216),2,0,12,40200.0,11:10:00,40305,11:11:45,40200.0,11:10:00,40330,11:12:10,25,00:00:25,doors opened
07/06/2025,12,4203,Sunday,Sunday,East,15677906,39600,11:00:00,39606,11:00:06,1,12827,Crossgates Commons Station (12827),7,0,10,39960.0,11:06:00,39972,11:06:12,39960.0,11:06:00,40037,11:07:17,65,00:01:05,doors opened
07/06/2025,12,4203,Sunday,Sunday,East,15677906,39600,11:00:00,39606,11:00:06,0,7175,Crossgates Mall Station (07175),3,0,3,39600.0,11:00:00,39606,11:00:06,39600.0,11:00:00,39606,11:00:06,0,00:00:00,doors opened
07/06/2025,12,4203,Sunday,Sunday,West,15677909,42300,11:45:00,42290,11:44:50,27,7175,Crossgates Mall Station (07175),0,7,0,44520.0,12:22:00,44432,12:20:32,44520.0,12:22:00,44432,12:20:32,0,00:00:00,doors opened
07/06/2025,12,4203,Sunday,Sunday,West,15677909,42300,11:45:00,42290,11:44:50,26,12828,Crossgates Commons Station (12828),0,12,7,44100.0,12:15:00,44111,12:15:11,44100.0,12:15:00,44142,12:15:42,31,00:00:31,doors opened
07/06/2025,12,4203,Sunday,Sunday,West,15677909,42300,11:45:00,42290,11:44:50,25,12891,1475 Washington Ave (12891),0,0,19,,,43938,12:12:18,,,43938,12:12:18,0,00:00:00,door not opened
07/06/2025,12,4203,Sunday,Sunday,West,15677909,42300,11:45:00,42290,11:44:50,24,7216,SUNY Collins Circle (07216),0,2,19,43740.0,12:09:00,43819,12:10:19,43740.0,12:09:00,43834,12:10:34,15,00:00:15,doors opened
07/06/2025,12,4203,Sunday,Sunday,West,15677909,42300,11:45:00,42290,11:44:50,23,3262,1383 Washington Ave (Fairfield Inn) (03262),0,0,21,,,43713,12:08:33,,,43713,12:08:33,0,00:00:00,door not opened
07/06/2025,12,4203,Sunday,Sunday,West,15677909,42300,11:45:00,42290,11:44:50,22,976,Washington Ave & Brevator St (00976),0,0,21,,,43582,12:06:22,,,43582,12:06:22,0,00:00:00,door not opened
07/06/2025,12,4203,Sunday,Sunday,West,15677909,42300,11:45:00,42290,11:44:50,21,1959,Washington Ave & Colvin Ave (01959),1,0,21,,,43528,12:05:28,,,43559,12:05:59,31,00:00:31,doors opened
07/06/2025,12,4203,Sunday,Sunday,West,15677909,42300,11:45:00,42290,11:44:50,20,3399,Washington Ave & Danker Ave (03399),0,0,20,,,43503,12:05:03,,,43503,12:05:03,0,00:00:00,door not opened
07/06/2025,12,4203,Sunday,Sunday,West,15677909,42300,11:45:00,42290,11:44:50,19,1849,Washington Ave & Homestead Ave (01849),2,0,20,,,43459,12:04:19,,,43479,12:04:39,20,00:00:20,doors opened
07/06/2025,12,4203,Sunday,Sunday,West,15677909,42300,11:45:00,42290,11:44:50,18,1846,Washington Ave & Manning Blvd (01846),0,0,18,,,43437,12:03:57,,,43437,12:03:57,0,00:00:00,door not opened
07/06/2025,12,4203,Sunday,Sunday,West,15677909,42300,11:45:00,42290,11:44:50,17,3287,Washington Ave & N. Allen St (03287),1,1,18,43380.0,12:03:00,43350,12:02:30,43380.0,12:03:00,43367,12:02:47,17,00:00:17,doors opened
07/06/2025,12,4203,Sunday,Sunday,West,15677909,42300,11:45:00,42290,11:44:50,16,3264,Washington Ave & N. Main Ave (03264),1,2,18,,,43271,12:01:11,,,43312,12:01:52,41,00:00:41,doors opened
07/06/2025,12,4203,Sunday,Sunday,West,15677909,42300,11:45:00,42290,11:44:50,15,1839,Washington Ave & Partridge St (01839),1,0,19,,,43188,11:59:48,,,43204,12:00:04,16,00:00:16,doors opened
07/06/2025,12,4203,Sunday,Sunday,West,15677909,42300,11:45:00,42290,11:44:50,14,1841,Washington Ave & Ontario St (01841),1,0,18,43140.0,11:59:00,43123,11:58:43,43140.0,11:59:00,43166,11:59:26,43,00:00:43,doors opened
07/06/2025,12,4203,Sunday,Sunday,West,15677909,42300,11:45:00,42290,11:44:50,13,1842,Washington Ave & Quail St (01842),11,0,17,,,43000,11:56:40,,,43098,11:58:18,98,00:01:38,doors opened
07/06/2025,12,4203,Sunday,Sunday,West,15677909,42300,11:45:00,42290,11:44:50,12,1837,Washington Ave & N. Lake Ave (01837),0,0,6,,,42975,11:56:15,,,42975,11:56:15,0,00:00:00,door not opened
07/06/2025,12,4203,Sunday,Sunday,West,15677909,42300,11:45:00,42290,11:44:50,11,1843,Washington Ave & Robin St (01843),0,0,6,,,42932,11:55:32,,,42932,11:55:32,0,00:00:00,door not opened
07/06/2025,12,4203,Sunday,Sunday,West,15677909,42300,11:45:00,42290,11:44:50,10,12943,Washington Ave & Lexington Ave (12943),0,0,6,,,42909,11:55:09,,,42909,11:55:09,0,00:00:00,door not opened
07/06/2025,12,4203,Sunday,Sunday,West,15677909,42300,11:45:00,42290,11:44:50,9,12942,Washington Ave & Henry Johnson Blvd (12942),2,0,6,,,42831,11:53:51,,,42869,11:54:29,38,00:00:38,doors opened
07/06/2025,12,4203,Sunday,Sunday,West,15677909,42300,11:45:00,42290,11:44:50,8,3239,Lark/Library Station - Washington Ave & Lark St (03239),1,1,4,42780.0,11:53:00,42644,11:50:44,42780.0,11:53:00,42741,11:52:21,97,00:01:37,doors opened
07/06/2025,12,4203,Sunday,Sunday,West,15677909,42300,11:45:00,42290,11:44:50,7,3301,Washington Ave & S. Swan St (03301),0,0,4,,,42607,11:50:07,,,42607,11:50:07,0,00:00:00,door not opened
07/06/2025,12,4203,Sunday,Sunday,West,15677909,42300,11:45:00,42290,11:44:50,6,3250,Hawk/Capitol Station - Washington Ave & Hawk St (03250),0,0,4,,,42583,11:49:43,,,42583,11:49:43,0,00:00:00,door not opened
07/06/2025,12,4203,Sunday,Sunday,West,15677909,42300,11:45:00,42290,11:44:50,5,10087,State St & Eagle St (10087),0,0,4,,,42553,11:49:13,,,42553,11:49:13,0,00:00:00,door not opened
07/06/2025,12,4203,Sunday,Sunday,West,15677909,42300,11:45:00,42290,11:44:50,4,2665,State/Downtown Station - State St & Lodge St (02665),1,0,4,42540.0,11:49:00,42455,11:47:35,42540.0,11:49:00,42473,11:47:53,18,00:00:18,doors opened
07/06/2025,12,4203,Sunday,Sunday,West,15677909,42300,11:45:00,42290,11:44:50,3,3221,State Station - N. Pearl St & Ten Eyck Plaza (03221),1,0,3,,,42392,11:46:32,,,42430,11:47:10,38,00:00:38,doors opened
07/06/2025,12,4203,Sunday,Sunday,West,15677909,42300,11:45:00,42290,11:44:50,2,3233,N. Pearl St & Sheridan Ave (03233),0,0,2,,,42328,11:45:28,,,42328,11:45:28,0,00:00:00,door not opened
07/06/2025,12,4203,Sunday,Sunday,West,15677909,42300,11:45:00,42290,11:44:50,1,2168,Clinton Square Station - N. Pearl St & Clinton Ave (02168),0,0,2,,,42290,11:44:50,,,42313,11:45:13,23,00:00:23,door not opened
07/06/2025,12,4203,Sunday,Sunday,West,15677909,42300,11:45:00,42290,11:44:50,0,9018,Broadway & Orange St (09018),2,0,2,42300.0,11:45:00,42290,11:44:50,42300.0,11:45:00,42290,11:44:50,0,00:00:00,doors opened
07/06/2025,12,4203,Sunday,Sunday,East,15677912,45600,12:40:00,45599,12:39:59,0,7175,Crossgates Mall Station (07175),5,0,6,45600.0,12:40:00,45599,12:39:59,45600.0,12:40:00,45599,12:39:59,0,00:00:00,doors opened
07/06/2025,12,4203,Sunday,Sunday,East,15677912,45600,12:40:00,45599,12:39:59,24,3940,Broadway & Steuben St (03940),0,0,0,47760.0,13:16:00,47514,13:11:54,47760.0,13:16:00,47514,13:11:54,0,00:00:00,door not opened
07/06/2025,12,4203,Sunday,Sunday,East,15677912,45600,12:40:00,45599,12:39:59,23,2509,State/Downtown Station - State St & S. Pearl St (02509),0,8,0,47520.0,13:12:00,47397,13:09:57,47520.0,13:12:00,47433,13:10:33,36,00:00:36,doors opened
07/06/2025,12,4203,Sunday,Sunday,East,15677912,45600,12:40:00,45599,12:39:59,22,1787,State St & Eagle St (01787),0,0,8,,,47380,13:09:40,,,47380,13:09:40,0,00:00:00,door not opened
07/06/2025,12,4203,Sunday,Sunday,East,15677912,45600,12:40:00,45599,12:39:59,21,2706,Hawk/Capitol Station - Washington Ave & Hawk St (02706),0,0,8,,,47304,13:08:24,,,47304,13:08:24,0,00:00:00,door not opened
07/06/2025,12,4203,Sunday,Sunday,East,15677912,45600,12:40:00,45599,12:39:59,20,1789,Washington Ave & S. Swan St (01789),0,0,8,,,47288,13:08:08,,,47288,13:08:08,0,00:00:00,door not opened
07/06/2025,12,4203,Sunday,Sunday,East,15677912,45600,12:40:00,45599,12:39:59,19,1788,Washington Ave & Dove St (01788),0,1,8,,,47246,13:07:26,,,47258,13:07:38,12,00:00:12,doors opened
07/06/2025,12,4203,Sunday,Sunday,East,15677912,45600,12:40:00,45599,12:39:59,18,2663,Lark/Library Station - Washington Ave & Lark St (02663),3,0,9,47220.0,13:07:00,47188,13:06:28,47220.0,13:07:00,47219,13:06:59,31,00:00:31,doors opened
07/06/2025,12,4203,Sunday,Sunday,East,15677912,45600,12:40:00,45599,12:39:59,17,263,Washington Ave & Henry Johnson Blvd (00263),0,0,6,,,47146,13:05:46,,,47146,13:05:46,0,00:00:00,door not opened
07/06/2025,12,4203,Sunday,Sunday,East,15677912,45600,12:40:00,45599,12:39:59,16,2096,Washington Ave & Lexington Ave (02096),0,0,6,,,47054,13:04:14,,,47054,13:04:14,0,00:00:00,door not opened
07/06/2025,12,4203,Sunday,Sunday,East,15677912,45600,12:40:00,45599,12:39:59,15,3253,Washington Ave & Robin St (Draper Hall) (03253),4,0,6,,,46956,13:02:36,,,47033,13:03:53,77,00:01:17,doors opened
07/06/2025,12,4203,Sunday,Sunday,East,15677912,45600,12:40:00,45599,12:39:59,14,2109,Washington Ave & N. Lake Ave (02109),0,2,2,,,46905,13:01:45,,,46930,13:02:10,25,00:00:25,doors opened
07/06/2025,12,4203,Sunday,Sunday,East,15677912,45600,12:40:00,45599,12:39:59,13,3255,Washington Ave & Quail St (03255),0,0,4,,,46880,13:01:20,,,46880,13:01:20,0,00:00:00,door not opened
07/06/2025,12,4203,Sunday,Sunday,East,15677912,45600,12:40:00,45599,12:39:59,12,3256,Washington Ave & Ontario St (03256),0,0,4,46860.0,13:01:00,46828,13:00:28,46860.0,13:01:00,46828,13:00:28,0,00:00:00,door not opened
07/06/2025,12,4203,Sunday,Sunday,East,15677912,45600,12:40:00,45599,12:39:59,11,2107,Washington Ave & Partridge St (02107),0,0,4,,,46807,13:00:07,,,46807,13:00:07,0,00:00:00,door not opened
07/06/2025,12,4203,Sunday,Sunday,East,15677912,45600,12:40:00,45599,12:39:59,10,3257,Washington Ave & N. Main Ave (03257),0,0,4,,,46753,12:59:13,,,46753,12:59:13,0,00:00:00,door not opened
07/06/2025,12,4203,Sunday,Sunday,East,15677912,45600,12:40:00,45599,12:39:59,9,1796,Washington Ave & N. Allen St (01796),0,0,4,46740.0,12:59:00,46725,12:58:45,46740.0,12:59:00,46725,12:58:45,0,00:00:00,door not opened
07/06/2025,12,4203,Sunday,Sunday,East,15677912,45600,12:40:00,45599,12:39:59,8,11581,Washington Ave & Manning Blvd (11581),0,0,4,,,46692,12:58:12,,,46692,12:58:12,0,00:00:00,door not opened
07/06/2025,12,4203,Sunday,Sunday,East,15677912,45600,12:40:00,45599,12:39:59,7,2180,Washington Ave & Homestead Ave (02180),0,0,4,,,46640,12:57:20,,,46640,12:57:20,0,00:00:00,door not opened
07/06/2025,12,4203,Sunday,Sunday,East,15677912,45600,12:40:00,45599,12:39:59,6,2182,Washington Ave & Hawthorne St (02182),0,0,4,,,46599,12:56:39,,,46599,12:56:39,0,00:00:00,door not opened
07/06/2025,12,4203,Sunday,Sunday,East,15677912,45600,12:40:00,45599,12:39:59,5,3304,Washington Ave & Clermont St (03304),0,2,4,,,46558,12:55:58,,,46574,12:56:14,16,00:00:16,doors opened
07/06/2025,12,4203,Sunday,Sunday,East,15677912,45600,12:40:00,45599,12:39:59,4,3348,Washington Ave & Brevator St (03348),0,4,6,,,46517,12:55:17,,,46535,12:55:35,18,00:00:18,doors opened
07/06/2025,12,4203,Sunday,Sunday,East,15677912,45600,12:40:00,45599,12:39:59,3,10134,Washington Ave & SUNY Exit Rd (10134),0,1,10,,,46349,12:52:29,,,46384,12:53:04,35,00:00:35,doors opened
07/06/2025,12,4203,Sunday,Sunday,East,15677912,45600,12:40:00,45599,12:39:59,2,7216,SUNY Collins Circle (07216),0,0,11,46320.0,12:52:00,46250,12:50:50,46320.0,12:52:00,46250,12:50:50,0,00:00:00,door not opened
07/06/2025,12,4203,Sunday,Sunday,East,15677912,45600,12:40:00,45599,12:39:59,1,12827,Crossgates Commons Station (12827),5,0,11,46020.0,12:47:00,45927,12:45:27,46020.0,12:47:00,45982,12:46:22,55,00:00:55,doors opened
07/06/2025,12,4203,Sunday,Sunday,West,15677915,48300,13:25:00,48300,13:25:00,27,7175,Crossgates Mall Station (07175),0,10,0,50520.0,14:02:00,50564,14:02:44,50520.0,14:02:00,50564,14:02:44,0,00:00:00,doors opened
07/06/2025,12,4203,Sunday,Sunday,West,15677915,48300,13:25:00,48300,13:25:00,26,12828,Crossgates Commons Station (12828),0,5,10,50100.0,13:55:00,50256,13:57:36,50100.0,13:55:00,50280,13:58:00,24,00:00:24,doors opened
07/06/2025,12,4203,Sunday,Sunday,West,15677915,48300,13:25:00,48300,13:25:00,25,12891,1475 Washington Ave (12891),1,0,15,,,50057,13:54:17,,,50079,13:54:39,22,00:00:22,doors opened
07/06/2025,12,4203,Sunday,Sunday,West,15677915,48300,13:25:00,48300,13:25:00,24,7216,SUNY Collins Circle (07216),0,3,14,49740.0,13:49:00,49875,13:51:15,49740.0,13:49:00,49893,13:51:33,18,00:00:18,doors opened
07/06/2025,12,4203,Sunday,Sunday,West,15677915,48300,13:25:00,48300,13:25:00,23,3262,1383 Washington Ave (Fairfield Inn) (03262),0,1,17,,,49774,13:49:34,,,49787,13:49:47,13,00:00:13,doors opened
07/06/2025,12,4203,Sunday,Sunday,West,15677915,48300,13:25:00,48300,13:25:00,22,976,Washington Ave & Brevator St (00976),0,0,18,,,49654,13:47:34,,,49654,13:47:34,0,00:00:00,door not opened
07/06/2025,12,4203,Sunday,Sunday,West,15677915,48300,13:25:00,48300,13:25:00,21,1959,Washington Ave & Colvin Ave (01959),0,1,18,,,49613,13:46:53,,,49631,13:47:11,18,00:00:18,doors opened
07/06/2025,12,4203,Sunday,Sunday,West,15677915,48300,13:25:00,48300,13:25:00,20,3399,Washington Ave & Danker Ave (03399),0,1,19,,,49565,13:46:05,,,49582,13:46:22,17,00:00:17,doors opened
07/06/2025,12,4203,Sunday,Sunday,West,15677915,48300,13:25:00,48300,13:25:00,19,1849,Washington Ave & Homestead Ave (01849),3,0,20,,,49519,13:45:19,,,49540,13:45:40,21,00:00:21,doors opened
07/06/2025,12,4203,Sunday,Sunday,West,15677915,48300,13:25:00,48300,13:25:00,18,1846,Washington Ave & Manning Blvd (01846),0,0,17,,,49497,13:44:57,,,49497,13:44:57,0,00:00:00,door not opened
07/06/2025,12,4203,Sunday,Sunday,West,15677915,48300,13:25:00,48300,13:25:00,17,3287,Washington Ave & N. Allen St (03287),3,1,17,49380.0,13:43:00,49353,13:42:33,49380.0,13:43:00,49418,13:43:38,65,00:01:05,doors opened
07/06/2025,12,4203,Sunday,Sunday,West,15677915,48300,13:25:00,48300,13:25:00,16,3264,Washington Ave & N. Main Ave (03264),0,0,15,,,49317,13:41:57,,,49317,13:41:57,0,00:00:00,door not opened
07/06/2025,12,4203,Sunday,Sunday,West,15677915,48300,13:25:00,48300,13:25:00,15,1839,Washington Ave & Partridge St (01839),2,0,15,,,49201,13:40:01,,,49241,13:40:41,40,00:00:40,doors opened
07/06/2025,12,4203,Sunday,Sunday,West,15677915,48300,13:25:00,48300,13:25:00,14,1841,Washington Ave & Ontario St (01841),0,0,13,49140.0,13:39:00,49179,13:39:39,49140.0,13:39:00,49179,13:39:39,0,00:00:00,door not opened
07/06/2025,12,4203,Sunday,Sunday,West,15677915,48300,13:25:00,48300,13:25:00,13,1842,Washington Ave & Quail St (01842),3,0,13,,,49116,13:38:36,,,49154,13:39:14,38,00:00:38,doors opened
07/06/2025,12,4203,Sunday,Sunday,West,15677915,48300,13:25:00,48300,13:25:00,12,1837,Washington Ave & N. Lake Ave (01837),2,0,10,,,49050,13:37:30,,,49085,13:38:05,35,00:00:35,doors opened
07/06/2025,12,4203,Sunday,Sunday,West,15677915,48300,13:25:00,48300,13:25:00,11,1843,Washington Ave & Robin St (01843),1,0,8,,,49011,13:36:51,,,49020,13:37:00,9,00:00:09,doors opened
07/06/2025,12,4203,Sunday,Sunday,West,15677915,48300,13:25:00,48300,13:25:00,10,12943,Washington Ave & Lexington Ave (12943),0,0,7,,,48988,13:36:28,,,48988,13:36:28,0,00:00:00,door not opened
07/06/2025,12,4203,Sunday,Sunday,West,15677915,48300,13:25:00,48300,13:25:00,9,12942,Washington Ave & Henry Johnson Blvd (12942),0,0,7,,,48950,13:35:50,,,48950,13:35:50,0,00:00:00,door not opened
07/06/2025,12,4203,Sunday,Sunday,West,15677915,48300,13:25:00,48300,13:25:00,8,3239,Lark/Library Station - Washington Ave & Lark St (03239),3,0,7,48780.0,13:33:00,48824,13:33:44,48780.0,13:33:00,48878,13:34:38,54,00:00:54,doors opened
07/06/2025,12,4203,Sunday,Sunday,West,15677915,48300,13:25:00,48300,13:25:00,7,3301,Washington Ave & S. Swan St (03301),0,0,4,,,48762,13:32:42,,,48762,13:32:42,0,00:00:00,door not opened
07/06/2025,12,4203,Sunday,Sunday,West,15677915,48300,13:25:00,48300,13:25:00,6,3250,Hawk/Capitol Station - Washington Ave & Hawk St (03250),0,0,4,,,48729,13:32:09,,,48729,13:32:09,0,00:00:00,door not opened
07/06/2025,12,4203,Sunday,Sunday,West,15677915,48300,13:25:00,48300,13:25:00,5,10087,State St & Eagle St (10087),0,0,4,,,48686,13:31:26,,,48686,13:31:26,0,00:00:00,door not opened
07/06/2025,12,4203,Sunday,Sunday,West,15677915,48300,13:25:00,48300,13:25:00,4,2665,State/Downtown Station - State St & Lodge St (02665),0,0,4,48540.0,13:29:00,48561,13:29:21,48540.0,13:29:00,48561,13:29:21,0,00:00:00,door not opened
07/06/2025,12,4203,Sunday,Sunday,West,15677915,48300,13:25:00,48300,13:25:00,3,3221,State Station - N. Pearl St & Ten Eyck Plaza (03221),1,0,4,,,48428,13:27:08,,,48513,13:28:33,85,00:01:25,doors opened
07/06/2025,12,4203,Sunday,Sunday,West,15677915,48300,13:25:00,48300,13:25:00,2,3233,N. Pearl St & Sheridan Ave (03233),0,0,3,,,48395,13:26:35,,,48395,13:26:35,0,00:00:00,door not opened
07/06/2025,12,4203,Sunday,Sunday,West,15677915,48300,13:25:00,48300,13:25:00,1,2168,Clinton Square Station - N. Pearl St & Clinton Ave (02168),2,0,3,,,48309,13:25:09,,,48365,13:26:05,56,00:00:56,doors opened
07/06/2025,12,4203,Sunday,Sunday,West,15677915,48300,13:25:00,48300,13:25:00,0,9018,Broadway & Orange St (09018),0,0,1,48300.0,13:25:00,48300,13:25:00,48300.0,13:25:00,48300,13:25:00,0,00:00:00,door not opened
07/06/2025,12,4203,Sunday,Sunday,East,15677918,51600,14:20:00,51627,14:20:27,24,3940,Broadway & Steuben St (03940),0,0,0,53760.0,14:56:00,53446,14:50:46,53760.0,14:56:00,53446,14:50:46,0,00:00:00,door not opened
07/06/2025,12,4203,Sunday,Sunday,East,15677918,51600,14:20:00,51627,14:20:27,23,2509,State/Downtown Station - State St & S. Pearl St (02509),0,3,0,53520.0,14:52:00,53321,14:48:41,53520.0,14:52:00,53341,14:49:01,20,00:00:20,doors opened
07/06/2025,12,4203,Sunday,Sunday,East,15677918,51600,14:20:00,51627,14:20:27,22,1787,State St & Eagle St (01787),0,0,3,,,53258,14:47:38,,,53258,14:47:38,0,00:00:00,door not opened
07/06/2025,12,4203,Sunday,Sunday,East,15677918,51600,14:20:00,51627,14:20:27,21,2706,Hawk/Capitol Station - Washington Ave & Hawk St (02706),0,0,3,,,53220,14:47:00,,,53220,14:47:00,0,00:00:00,door not opened
07/06/2025,12,4203,Sunday,Sunday,East,15677918,51600,14:20:00,51627,14:20:27,20,1789,Washington Ave & S. Swan St (01789),0,3,3,,,53175,14:46:15,,,53195,14:46:35,20,00:00:20,doors opened
07/06/2025,12,4203,Sunday,Sunday,East,15677918,51600,14:20:00,51627,14:20:27,19,1788,Washington Ave & Dove St (01788),0,0,6,,,53152,14:45:52,,,53152,14:45:52,0,00:00:00,door not opened
07/06/2025,12,4203,Sunday,Sunday,East,15677918,51600,14:20:00,51627,14:20:27,18,2663,Lark/Library Station - Washington Ave & Lark St (02663),1,4,6,53220.0,14:47:00,53091,14:44:51,53220.0,14:47:00,53130,14:45:30,39,00:00:39,doors opened
07/06/2025,12,4203,Sunday,Sunday,East,15677918,51600,14:20:00,51627,14:20:27,17,263,Washington Ave & Henry Johnson Blvd (00263),0,1,9,,,53044,14:44:04,,,53065,14:44:25,21,00:00:21,doors opened
07/06/2025,12,4203,Sunday,Sunday,East,15677918,51600,14:20:00,51627,14:20:27,16,2096,Washington Ave & Lexington Ave (02096),0,0,10,,,53004,14:43:24,,,53004,14:43:24,0,00:00:00,door not opened
07/06/2025,12,4203,Sunday,Sunday,East,15677918,51600,14:20:00,51627,14:20:27,15,3253,Washington Ave & Robin St (Draper Hall) (03253),0,2,10,,,52954,14:42:34,,,52985,14:43:05,31,00:00:31,doors opened
07/06/2025,12,4203,Sunday,Sunday,East,15677918,51600,14:20:00,51627,14:20:27,14,2109,Washington Ave & N. Lake Ave (02109),0,1,12,,,52905,14:41:45,,,52928,14:42:08,23,00:00:23,doors opened
07/06/2025,12,4203,Sunday,Sunday,East,15677918,51600,14:20:00,51627,14:20:27,13,3255,Washington Ave & Quail St (03255),0,0,13,,,52879,14:41:19,,,52879,14:41:19,0,00:00:00,door not opened
07/06/2025,12,4203,Sunday,Sunday,East,15677918,51600,14:20:00,51627,14:20:27,12,3256,Washington Ave & Ontario St (03256),0,0,13,52860.0,14:41:00,52860,14:41:00,52860.0,14:41:00,52860,14:41:00,0,00:00:00,door not opened
07/06/2025,12,4203,Sunday,Sunday,East,15677918,51600,14:20:00,51627,14:20:27,11,2107,Washington Ave & Partridge St (02107),0,0,13,,,52845,14:40:45,,,52845,14:40:45,0,00:00:00,door not opened
07/06/2025,12,4203,Sunday,Sunday,East,15677918,51600,14:20:00,51627,14:20:27,10,3257,Washington Ave & N. Main Ave (03257),0,0,13,,,52795,14:39:55,,,52795,14:39:55,0,00:00:00,door not opened
07/06/2025,12,4203,Sunday,Sunday,East,15677918,51600,14:20:00,51627,14:20:27,9,1796,Washington Ave & N. Allen St (01796),2,1,13,52740.0,14:39:00,52714,14:38:34,52740.0,14:39:00,52738,14:38:58,24,00:00:24,doors opened
07/06/2025,12,4203,Sunday,Sunday,East,15677918,51600,14:20:00,51627,14:20:27,8,11581,Washington Ave & Manning Blvd (11581),0,0,12,,,52682,14:38:02,,,52682,14:38:02,0,00:00:00,door not opened
07/06/2025,12,4203,Sunday,Sunday,East,15677918,51600,14:20:00,51627,14:20:27,7,2180,Washington Ave & Homestead Ave (02180),0,0,12,,,52663,14:37:43,,,52663,14:37:43,0,00:00:00,door not opened
07/06/2025,12,4203,Sunday,Sunday,East,15677918,51600,14:20:00,51627,14:20:27,6,2182,Washington Ave & Hawthorne St (02182),0,0,12,,,52639,14:37:19,,,52639,14:37:19,0,00:00:00,door not opened
07/06/2025,12,4203,Sunday,Sunday,East,15677918,51600,14:20:00,51627,14:20:27,5,3304,Washington Ave & Clermont St (03304),0,1,12,,,52574,14:36:14,,,52600,14:36:40,26,00:00:26,doors opened
07/06/2025,12,4203,Sunday,Sunday,East,15677918,51600,14:20:00,51627,14:20:27,4,3348,Washington Ave & Brevator St (03348),0,0,13,,,52562,14:36:02,,,52562,14:36:02,0,00:00:00,door not opened
07/06/2025,12,4203,Sunday,Sunday,East,15677918,51600,14:20:00,51627,14:20:27,3,10134,Washington Ave & SUNY Exit Rd (10134),0,0,13,,,52447,14:34:07,,,52447,14:34:07,0,00:00:00,door not opened
07/06/2025,12,4203,Sunday,Sunday,East,15677918,51600,14:20:00,51627,14:20:27,2,7216,SUNY Collins Circle (07216),0,0,13,52320.0,14:32:00,52343,14:32:23,52320.0,14:32:00,52343,14:32:23,0,00:00:00,door not opened
07/06/2025,12,4203,Sunday,Sunday,East,15677918,51600,14:20:00,51627,14:20:27,1,12827,Crossgates Commons Station (12827),6,0,13,52020.0,14:27:00,51967,14:26:07,52020.0,14:27:00,52045,14:27:25,78,00:01:18,doors opened
07/06/2025,12,4203,Sunday,Sunday,East,15677918,51600,14:20:00,51627,14:20:27,0,7175,Crossgates Mall Station (07175),7,0,7,51600.0,14:20:00,51627,14:20:27,51600.0,14:20:00,51627,14:20:27,0,00:00:00,doors opened
07/06/2025,12,4203,Sunday,Sunday,West,15677921,54300,15:05:00,54308,15:05:08,24,7216,SUNY Collins Circle (07216),0,0,7,55740.0,15:29:00,55665,15:27:45,55740.0,15:29:00,55665,15:27:45,0,00:00:00,door not opened
07/06/2025,12,4203,Sunday,Sunday,West,15677921,54300,15:05:00,54308,15:05:08,23,3262,1383 Washington Ave (Fairfield Inn) (03262),0,0,7,,,55571,15:26:11,,,55571,15:26:11,0,00:00:00,door not opened
07/06/2025,12,4203,Sunday,Sunday,West,15677921,54300,15:05:00,54308,15:05:08,22,976,Washington Ave & Brevator St (00976),0,0,7,,,55459,15:24:19,,,55459,15:24:19,0,00:00:00,door not opened
07/06/2025,12,4203,Sunday,Sunday,West,15677921,54300,15:05:00,54308,15:05:08,21,1959,Washington Ave & Colvin Ave (01959),0,0,7,,,55433,15:23:53,,,55433,15:23:53,0,00:00:00,door not opened
07/06/2025,12,4203,Sunday,Sunday,West,15677921,54300,15:05:00,54308,15:05:08,20,3399,Washington Ave & Danker Ave (03399),0,0,7,,,55410,15:23:30,,,55410,15:23:30,0,00:00:00,door not opened
07/06/2025,12,4203,Sunday,Sunday,West,15677921,54300,15:05:00,54308,15:05:08,19,1849,Washington Ave & Homestead Ave (01849),0,1,7,,,55347,15:22:27,,,55388,15:23:08,41,00:00:41,doors opened
07/06/2025,12,4203,Sunday,Sunday,West,15677921,54300,15:05:00,54308,15:05:08,18,1846,Washington Ave & Manning Blvd (01846),0,0,8,,,55329,15:22:09,,,55329,15:22:09,0,00:00:00,door not opened
07/06/2025,12,4203,Sunday,Sunday,West,15677921,54300,15:05:00,54308,15:05:08,17,3287,Washington Ave & N. Allen St (03287),0,0,8,55380.0,15:23:00,55300,15:21:40,55380.0,15:23:00,55300,15:21:40,0,00:00:00,door not opened
07/06/2025,12,4203,Sunday,Sunday,West,15677921,54300,15:05:00,54308,15:05:08,16,3264,Washington Ave & N. Main Ave (03264),1,1,8,,,55129,15:18:49,,,55180,15:19:40,51,00:00:51,doors opened
07/06/2025,12,4203,Sunday,Sunday,West,15677921,54300,15:05:00,54308,15:05:08,15,1839,Washington Ave & Partridge St (01839),0,1,8,,,55052,15:17:32,,,55063,15:17:43,11,00:00:11,doors opened
07/06/2025,12,4203,Sunday,Sunday,West,15677921,54300,15:05:00,54308,15:05:08,14,1841,Washington Ave & Ontario St (01841),0,0,9,55140.0,15:19:00,55031,15:17:11,55140.0,15:19:00,55031,15:17:11,0,00:00:00,door not opened
07/06/2025,12,4203,Sunday,Sunday,West,15677921,54300,15:05:00,54308,15:05:08,13,1842,Washington Ave & Quail St (01842),3,1,9,,,54947,15:15:47,,,55008,15:16:48,61,00:01:01,doors opened
07/06/2025,12,4203,Sunday,Sunday,West,15677921,54300,15:05:00,54308,15:05:08,12,1837,Washington Ave & N. Lake Ave (01837),0,0,7,,,54923,15:15:23,,,54923,15:15:23,0,00:00:00,door not opened
07/06/2025,12,4203,Sunday,Sunday,West,15677921,54300,15:05:00,54308,15:05:08,11,1843,Washington Ave & Robin St (01843),0,0,7,,,54872,15:14:32,,,54872,15:14:32,0,00:00:00,door not opened
07/06/2025,12,4203,Sunday,Sunday,West,15677921,54300,15:05:00,54308,15:05:08,10,12943,Washington Ave & Lexington Ave (12943),0,0,7,,,54848,15:14:08,,,54848,15:14:08,0,00:00:00,door not opened
07/06/2025,12,4203,Sunday,Sunday,West,15677921,54300,15:05:00,54308,15:05:08,9,12942,Washington Ave & Henry Johnson Blvd (12942),2,2,7,,,54757,15:12:37,,,54775,15:12:55,18,00:00:18,doors opened
07/06/2025,12,4203,Sunday,Sunday,West,15677921,54300,15:05:00,54308,15:05:08,8,3239,Lark/Library Station - Washington Ave & Lark St (03239),3,0,7,54780.0,15:13:00,54637,15:10:37,54780.0,15:13:00,54713,15:11:53,76,00:01:16,doors opened
07/06/2025,12,4203,Sunday,Sunday,West,15677921,54300,15:05:00,54308,15:05:08,7,3301,Washington Ave & S. Swan St (03301),0,0,4,,,54602,15:10:02,,,54602,15:10:02,0,00:00:00,door not opened
07/06/2025,12,4203,Sunday,Sunday,West,15677921,54300,15:05:00,54308,15:05:08,6,3250,Hawk/Capitol Station - Washington Ave & Hawk St (03250),0,0,4,,,54582,15:09:42,,,54582,15:09:42,0,00:00:00,door not opened
07/06/2025,12,4203,Sunday,Sunday,West,15677921,54300,15:05:00,54308,15:05:08,5,10087,State St & Eagle St (10087),0,0,4,,,54542,15:09:02,,,54542,15:09:02,0,00:00:00,door not opened
07/06/2025,12,4203,Sunday,Sunday,West,15677921,54300,15:05:00,54308,15:05:08,4,2665,State/Downtown Station - State St & Lodge St (02665),3,0,4,54540.0,15:09:00,54429,15:07:09,54540.0,15:09:00,54459,15:07:39,30,00:00:30,doors opened
07/06/2025,12,4203,Sunday,Sunday,West,15677921,54300,15:05:00,54308,15:05:08,3,3221,State Station - N. Pearl St & Ten Eyck Plaza (03221),0,0,1,,,54387,15:06:27,,,54387,15:06:27,0,00:00:00,door not opened
07/06/2025,12,4203,Sunday,Sunday,West,15677921,54300,15:05:00,54308,15:05:08,2,3233,N. Pearl St & Sheridan Ave (03233),0,0,1,,,54354,15:05:54,,,54354,15:05:54,0,00:00:00,door not opened
07/06/2025,12,4203,Sunday,Sunday,West,15677921,54300,15:05:00,54308,15:05:08,1,2168,Clinton Square Station - N. Pearl St & Clinton Ave (02168),0,0,1,,,54342,15:05:42,,,54342,15:05:42,0,00:00:00,door not opened
07/06/2025,12,4203,Sunday,Sunday,West,15677921,54300,15:05:00,54308,15:05:08,0,9018,Broadway & Orange St (09018),0,0,1,54300.0,15:05:00,54308,15:05:08,54300.0,15:05:00,54308,15:05:08,0,00:00:00,door not opened
07/06/2025,12,4203,Sunday,Sunday,West,15677921,54300,15:05:00,54308,15:05:08,27,7175,Crossgates Mall Station (07175),0,5,0,56520.0,15:42:00,56262,15:37:42,56520.0,15:42:00,56262,15:37:42,0,00:00:00,doors opened
07/06/2025,12,4203,Sunday,Sunday,West,15677921,54300,15:05:00,54308,15:05:08,26,12828,Crossgates Commons Station (12828),0,3,5,56100.0,15:35:00,56012,15:33:32,56100.0,15:35:00,56035,15:33:55,23,00:00:23,doors opened
07/06/2025,12,4203,Sunday,Sunday,West,15677921,54300,15:05:00,54308,15:05:08,25,12891,1475 Washington Ave (12891),1,0,8,,,55758,15:29:18,,,55774,15:29:34,16,00:00:16,doors opened
07/06/2025,12,4203,Sunday,Sunday,East,15677996,57600,16:00:00,57597,15:59:57,24,3940,Broadway & Steuben St (03940),0,0,0,59760.0,16:36:00,59369,16:29:29,59760.0,16:36:00,59369,16:29:29,0,00:00:00,door not opened
07/06/2025,12,4203,Sunday,Sunday,East,15677996,57600,16:00:00,57597,15:59:57,23,2509,State/Downtown Station - State St & S. Pearl St (02509),0,1,0,59520.0,16:32:00,59263,16:27:43,59520.0,16:32:00,59298,16:28:18,35,00:00:35,doors opened
07/06/2025,12,4203,Sunday,Sunday,East,15677996,57600,16:00:00,57597,15:59:57,22,1787,State St & Eagle St (01787),0,0,1,,,59235,16:27:15,,,59235,16:27:15,0,00:00:00,door not opened
07/06/2025,12,4203,Sunday,Sunday,East,15677996,57600,16:00:00,57597,15:59:57,21,2706,Hawk/Capitol Station - Washington Ave & Hawk St (02706),0,0,1,,,59192,16:26:32,,,59192,16:26:32,0,00:00:00,door not opened
07/06/2025,12,4203,Sunday,Sunday,East,15677996,57600,16:00:00,57597,15:59:57,20,1789,Washington Ave & S. Swan St (01789),0,0,1,,,59173,16:26:13,,,59173,16:26:13,0,00:00:00,door not opened
07/06/2025,12,4203,Sunday,Sunday,East,15677996,57600,16:00:00,57597,15:59:57,19,1788,Washington Ave & Dove St (01788),0,0,1,,,59144,16:25:44,,,59144,16:25:44,0,00:00:00,door not opened
07/06/2025,12,4203,Sunday,Sunday,East,15677996,57600,16:00:00,57597,15:59:57,18,2663,Lark/Library Station - Washington Ave & Lark St (02663),1,0,1,59220.0,16:27:00,59106,16:25:06,59220.0,16:27:00,59122,16:25:22,16,00:00:16,doors opened
07/06/2025,12,4203,Sunday,Sunday,East,15677996,57600,16:00:00,57597,15:59:57,17,263,Washington Ave & Henry Johnson Blvd (00263),0,1,0,,,59033,16:23:53,,,59047,16:24:07,14,00:00:14,doors opened
07/06/2025,12,4203,Sunday,Sunday,East,15677996,57600,16:00:00,57597,15:59:57,16,2096,Washington Ave & Lexington Ave (02096),0,0,1,,,58949,16:22:29,,,58949,16:22:29,0,00:00:00,door not opened
07/06/2025,12,4203,Sunday,Sunday,East,15677996,57600,16:00:00,57597,15:59:57,15,3253,Washington Ave & Robin St (Draper Hall) (03253),0,0,1,,,58928,16:22:08,,,58928,16:22:08,0,00:00:00,door not opened
07/06/2025,12,4203,Sunday,Sunday,East,15677996,57600,16:00:00,57597,15:59:57,14,2109,Washington Ave & N. Lake Ave (02109),0,1,1,,,58877,16:21:17,,,58891,16:21:31,14,00:00:14,doors opened
07/06/2025,12,4203,Sunday,Sunday,East,15677996,57600,16:00:00,57597,15:59:57,13,3255,Washington Ave & Quail St (03255),0,0,2,,,58849,16:20:49,,,58849,16:20:49,0,00:00:00,door not opened
07/06/2025,12,4203,Sunday,Sunday,East,15677996,57600,16:00:00,57597,15:59:57,12,3256,Washington Ave & Ontario St (03256),0,0,2,58860.0,16:21:00,58806,16:20:06,58860.0,16:21:00,58806,16:20:06,0,00:00:00,door not opened
07/06/2025,12,4203,Sunday,Sunday,East,15677996,57600,16:00:00,57597,15:59:57,11,2107,Washington Ave & Partridge St (02107),0,0,2,,,58787,16:19:47,,,58787,16:19:47,0,00:00:00,door not opened
07/06/2025,12,4203,Sunday,Sunday,East,15677996,57600,16:00:00,57597,15:59:57,10,3257,Washington Ave & N. Main Ave (03257),0,0,2,,,58743,16:19:03,,,58743,16:19:03,0,00:00:00,door not opened
07/06/2025,12,4203,Sunday,Sunday,East,15677996,57600,16:00:00,57597,15:59:57,9,1796,Washington Ave & N. Allen St (01796),0,0,2,58740.0,16:19:00,58710,16:18:30,58740.0,16:19:00,58710,16:18:30,0,00:00:00,door not opened
07/06/2025,12,4203,Sunday,Sunday,East,15677996,57600,16:00:00,57597,15:59:57,8,11581,Washington Ave & Manning Blvd (11581),0,3,2,,,58613,16:16:53,,,58672,16:17:52,59,00:00:59,doors opened
07/06/2025,12,4203,Sunday,Sunday,East,15677996,57600,16:00:00,57597,15:59:57,7,2180,Washington Ave & Homestead Ave (02180),0,0,5,,,58593,16:16:33,,,58593,16:16:33,0,00:00:00,door not opened
07/06/2025,12,4203,Sunday,Sunday,East,15677996,57600,16:00:00,57597,15:59:57,6,2182,Washington Ave & Hawthorne St (02182),0,0,5,,,58570,16:16:10,,,58570,16:16:10,0,00:00:00,door not opened
07/06/2025,12,4203,Sunday,Sunday,East,15677996,57600,16:00:00,57597,15:59:57,5,3304,Washington Ave & Clermont St (03304),0,0,5,,,58553,16:15:53,,,58553,16:15:53,0,00:00:00,door not opened
07/06/2025,12,4203,Sunday,Sunday,East,15677996,57600,16:00:00,57597,15:59:57,4,3348,Washington Ave & Brevator St (03348),0,0,5,,,58523,16:15:23,,,58523,16:15:23,0,00:00:00,door not opened
07/06/2025,12,4203,Sunday,Sunday,East,15677996,57600,16:00:00,57597,15:59:57,3,10134,Washington Ave & SUNY Exit Rd (10134),0,0,5,,,58384,16:13:04,,,58384,16:13:04,0,00:00:00,door not opened
07/06/2025,12,4203,Sunday,Sunday,East,15677996,57600,16:00:00,57597,15:59:57,2,7216,SUNY Collins Circle (07216),1,0,5,58320.0,16:12:00,58265,16:11:05,58320.0,16:12:00,58279,16:11:19,14,00:00:14,doors opened
07/06/2025,12,4203,Sunday,Sunday,East,15677996,57600,16:00:00,57597,15:59:57,1,12827,Crossgates Commons Station (12827),0,0,4,58020.0,16:07:00,57970,16:06:10,58020.0,16:07:00,57981,16:06:21,11,00:00:11,door not opened
07/06/2025,12,4203,Sunday,Sunday,East,15677996,57600,16:00:00,57597,15:59:57,0,7175,Crossgates Mall Station (07175),3,0,4,57600.0,16:00:00,57597,15:59:57,57600.0,16:00:00,57597,15:59:57,0,00:00:00,doors opened
07/06/2025,12,4230,Sunday,Sunday,East,15676771,66000,18:20:00,66415,18:26:55,24,3940,Broadway & Steuben St (03940),0,0,0,68160.0,18:56:00,68365,18:59:25,68160.0,18:56:00,68365,18:59:25,0,00:00:00,door not opened
07/06/2025,12,4230,Sunday,Sunday,East,15676771,66000,18:20:00,66415,18:26:55,23,2509,State/Downtown Station - State St & S. Pearl St (02509),0,7,0,67920.0,18:52:00,68246,18:57:26,67920.0,18:52:00,68315,18:58:35,69,00:01:09,doors opened
07/06/2025,12,4230,Sunday,Sunday,East,15676771,66000,18:20:00,66415,18:26:55,22,1787,State St & Eagle St (01787),0,0,7,,,68229,18:57:09,,,68229,18:57:09,0,00:00:00,door not opened
07/06/2025,12,4230,Sunday,Sunday,East,15676771,66000,18:20:00,66415,18:26:55,21,2706,Hawk/Capitol Station - Washington Ave & Hawk St (02706),0,0,7,,,68190,18:56:30,,,68190,18:56:30,0,00:00:00,door not opened
07/06/2025,12,4230,Sunday,Sunday,East,15676771,66000,18:20:00,66415,18:26:55,20,1789,Washington Ave & S. Swan St (01789),0,0,7,,,68165,18:56:05,,,68165,18:56:05,0,00:00:00,door not opened
07/06/2025,12,4230,Sunday,Sunday,East,15676771,66000,18:20:00,66415,18:26:55,19,1788,Washington Ave & Dove St (01788),0,0,7,,,68110,18:55:10,,,68110,18:55:10,0,00:00:00,door not opened
07/06/2025,12,4230,Sunday,Sunday,East,15676771,66000,18:20:00,66415,18:26:55,18,2663,Lark/Library Station - Washington Ave & Lark St (02663),1,4,7,67620.0,18:47:00,67995,18:53:15,67620.0,18:47:00,68069,18:54:29,74,00:01:14,doors opened
07/06/2025,12,4230,Sunday,Sunday,East,15676771,66000,18:20:00,66415,18:26:55,17,263,Washington Ave & Henry Johnson Blvd (00263),0,5,10,,,67939,18:52:19,,,67953,18:52:33,14,00:00:14,doors opened
07/06/2025,12,4230,Sunday,Sunday,East,15676771,66000,18:20:00,66415,18:26:55,16,2096,Washington Ave & Lexington Ave (02096),0,5,15,,,67801,18:50:01,,,67910,18:51:50,109,00:01:49,doors opened
07/06/2025,12,4230,Sunday,Sunday,East,15676771,66000,18:20:00,66415,18:26:55,15,3253,Washington Ave & Robin St (Draper Hall) (03253),0,0,20,,,67781,18:49:41,,,67781,18:49:41,0,00:00:00,door not opened
07/06/2025,12,4230,Sunday,Sunday,East,15676771,66000,18:20:00,66415,18:26:55,14,2109,Washington Ave & N. Lake Ave (02109),0,0,20,,,67763,18:49:23,,,67763,18:49:23,0,00:00:00,door not opened
07/06/2025,12,4230,Sunday,Sunday,East,15676771,66000,18:20:00,66415,18:26:55,13,3255,Washington Ave & Quail St (03255),4,2,20,,,67696,18:48:16,,,67730,18:48:50,34,00:00:34,doors opened
07/06/2025,12,4230,Sunday,Sunday,East,15676771,66000,18:20:00,66415,18:26:55,12,3256,Washington Ave & Ontario St (03256),0,0,18,67260.0,18:41:00,67678,18:47:58,67260.0,18:41:00,67678,18:47:58,0,00:00:00,door not opened
07/06/2025,12,4230,Sunday,Sunday,East,15676771,66000,18:20:00,66415,18:26:55,11,2107,Washington Ave & Partridge St (02107),0,1,18,,,67644,18:47:24,,,67657,18:47:37,13,00:00:13,doors opened
07/06/2025,12,4230,Sunday,Sunday,East,15676771,66000,18:20:00,66415,18:26:55,10,3257,Washington Ave & N. Main Ave (03257),0,3,19,,,67581,18:46:21,,,67600,18:46:40,19,00:00:19,doors opened
07/06/2025,12,4230,Sunday,Sunday,East,15676771,66000,18:20:00,66415,18:26:55,9,1796,Washington Ave & N. Allen St (01796),0,3,22,67140.0,18:39:00,67529,18:45:29,67140.0,18:39:00,67550,18:45:50,21,00:00:21,doors opened
07/06/2025,12,4230,Sunday,Sunday,East,15676771,66000,18:20:00,66415,18:26:55,8,11581,Washington Ave & Manning Blvd (11581),1,0,25,,,67477,18:44:37,,,67496,18:44:56,19,00:00:19,doors opened
07/06/2025,12,4230,Sunday,Sunday,East,15676771,66000,18:20:00,66415,18:26:55,7,2180,Washington Ave & Homestead Ave (02180),0,3,24,,,67441,18:44:01,,,67453,18:44:13,12,00:00:12,doors opened
07/06/2025,12,4230,Sunday,Sunday,East,15676771,66000,18:20:00,66415,18:26:55,6,2182,Washington Ave & Hawthorne St (02182),0,0,27,,,67416,18:43:36,,,67416,18:43:36,0,00:00:00,door not opened
07/06/2025,12,4230,Sunday,Sunday,East,15676771,66000,18:20:00,66415,18:26:55,5,3304,Washington Ave & Clermont St (03304),1,2,27,,,67358,18:42:38,,,67392,18:43:12,34,00:00:34,doors opened
07/06/2025,12,4230,Sunday,Sunday,East,15676771,66000,18:20:00,66415,18:26:55,4,3348,Washington Ave & Brevator St (03348),0,0,28,,,67344,18:42:24,,,67344,18:42:24,0,00:00:00,door not opened
07/06/2025,12,4230,Sunday,Sunday,East,15676771,66000,18:20:00,66415,18:26:55,3,10134,Washington Ave & SUNY Exit Rd (10134),0,5,28,,,67171,18:39:31,,,67217,18:40:17,46,00:00:46,doors opened
07/06/2025,12,4230,Sunday,Sunday,East,15676771,66000,18:20:00,66415,18:26:55,2,7216,SUNY Collins Circle (07216),4,0,33,66720.0,18:32:00,67036,18:37:16,66720.0,18:32:00,67062,18:37:42,26,00:00:26,doors opened
07/06/2025,12,4230,Sunday,Sunday,East,15676771,66000,18:20:00,66415,18:26:55,1,12827,Crossgates Commons Station (12827),7,4,29,66420.0,18:27:00,66704,18:31:44,66420.0,18:27:00,66803,18:33:23,99,00:01:39,doors opened
07/06/2025,12,4230,Sunday,Sunday,East,15676771,66000,18:20:00,66415,18:26:55,0,7175,Crossgates Mall Station (07175),26,0,26,66000.0,18:20:00,66415,18:26:55,66000.0,18:20:00,66415,18:26:55,0,00:00:00,doors opened
07/06/2025,12,4230,Sunday,Sunday,West,15676774,68700,19:05:00,68785,19:06:25,27,7175,Crossgates Mall Station (07175),0,0,0,70860.0,19:41:00,70910,19:41:50,70860.0,19:41:00,70910,19:41:50,0,00:00:00,door not opened
07/06/2025,12,4230,Sunday,Sunday,West,15676774,68700,19:05:00,68785,19:06:25,26,12828,Crossgates Commons Station (12828),0,1,0,70440.0,19:34:00,70472,19:34:32,70440.0,19:34:00,70483,19:34:43,11,00:00:11,doors opened
07/06/2025,12,4230,Sunday,Sunday,West,15676774,68700,19:05:00,68785,19:06:25,25,12891,1475 Washington Ave (12891),0,0,1,,,70309,19:31:49,,,70309,19:31:49,0,00:00:00,door not opened
07/06/2025,12,4230,Sunday,Sunday,West,15676774,68700,19:05:00,68785,19:06:25,24,7216,SUNY Collins Circle (07216),0,0,1,70080.0,19:28:00,70141,19:29:01,70080.0,19:28:00,70141,19:29:01,0,00:00:00,door not opened
07/06/2025,12,4230,Sunday,Sunday,West,15676774,68700,19:05:00,68785,19:06:25,23,3262,1383 Washington Ave (Fairfield Inn) (03262),0,2,1,,,69994,19:26:34,,,70017,19:26:57,23,00:00:23,doors opened
07/06/2025,12,4230,Sunday,Sunday,West,15676774,68700,19:05:00,68785,19:06:25,22,976,Washington Ave & Brevator St (00976),0,2,3,,,69835,19:23:55,,,69869,19:24:29,34,00:00:34,doors opened
07/06/2025,12,4230,Sunday,Sunday,West,15676774,68700,19:05:00,68785,19:06:25,21,1959,Washington Ave & Colvin Ave (01959),0,0,5,,,69812,19:23:32,,,69812,19:23:32,0,00:00:00,door not opened
07/06/2025,12,4230,Sunday,Sunday,West,15676774,68700,19:05:00,68785,19:06:25,20,3399,Washington Ave & Danker Ave (03399),0,0,5,,,69783,19:23:03,,,69783,19:23:03,0,00:00:00,door not opened
07/06/2025,12,4230,Sunday,Sunday,West,15676774,68700,19:05:00,68785,19:06:25,19,1849,Washington Ave & Homestead Ave (01849),0,4,5,,,69739,19:22:19,,,69752,19:22:32,13,00:00:13,doors opened
07/06/2025,12,4230,Sunday,Sunday,West,15676774,68700,19:05:00,68785,19:06:25,18,1846,Washington Ave & Manning Blvd (01846),0,0,9,,,69716,19:21:56,,,69716,19:21:56,0,00:00:00,door not opened
07/06/2025,12,4230,Sunday,Sunday,West,15676774,68700,19:05:00,68785,19:06:25,17,3287,Washington Ave & N. Allen St (03287),0,0,9,69720.0,19:22:00,69641,19:20:41,69720.0,19:22:00,69641,19:20:41,0,00:00:00,door not opened
07/06/2025,12,4230,Sunday,Sunday,West,15676774,68700,19:05:00,68785,19:06:25,16,3264,Washington Ave & N. Main Ave (03264),0,0,9,,,69600,19:20:00,,,69600,19:20:00,0,00:00:00,door not opened
07/06/2025,12,4230,Sunday,Sunday,West,15676774,68700,19:05:00,68785,19:06:25,15,1839,Washington Ave & Partridge St (01839),0,0,9,,,69497,19:18:17,,,69497,19:18:17,0,00:00:00,door not opened
07/06/2025,12,4230,Sunday,Sunday,West,15676774,68700,19:05:00,68785,19:06:25,14,1841,Washington Ave & Ontario St (01841),0,0,9,69540.0,19:19:00,69471,19:17:51,69540.0,19:19:00,69471,19:17:51,0,00:00:00,door not opened
07/06/2025,12,4230,Sunday,Sunday,West,15676774,68700,19:05:00,68785,19:06:25,13,1842,Washington Ave & Quail St (01842),2,0,9,,,69404,19:16:44,,,69438,19:17:18,34,00:00:34,doors opened
07/06/2025,12,4230,Sunday,Sunday,West,15676774,68700,19:05:00,68785,19:06:25,12,1837,Washington Ave & N. Lake Ave (01837),0,0,7,,,69375,19:16:15,,,69375,19:16:15,0,00:00:00,door not opened
07/06/2025,12,4230,Sunday,Sunday,West,15676774,68700,19:05:00,68785,19:06:25,11,1843,Washington Ave & Robin St (01843),0,0,7,,,69326,19:15:26,,,69326,19:15:26,0,00:00:00,door not opened
07/06/2025,12,4230,Sunday,Sunday,West,15676774,68700,19:05:00,68785,19:06:25,10,12943,Washington Ave & Lexington Ave (12943),0,0,7,,,69305,19:15:05,,,69305,19:15:05,0,00:00:00,door not opened
07/06/2025,12,4230,Sunday,Sunday,West,15676774,68700,19:05:00,68785,19:06:25,9,12942,Washington Ave & Henry Johnson Blvd (12942),0,0,7,,,69229,19:13:49,,,69229,19:13:49,0,00:00:00,door not opened
07/06/2025,12,4230,Sunday,Sunday,West,15676774,68700,19:05:00,68785,19:06:25,8,3239,Lark/Library Station - Washington Ave & Lark St (03239),2,0,7,69180.0,19:13:00,69123,19:12:03,69180.0,19:13:00,69187,19:13:07,64,00:01:04,doors opened
07/06/2025,12,4230,Sunday,Sunday,West,15676774,68700,19:05:00,68785,19:06:25,7,3301,Washington Ave & S. Swan St (03301),0,0,5,,,69075,19:11:15,,,69075,19:11:15,0,00:00:00,door not opened
07/06/2025,12,4230,Sunday,Sunday,West,15676774,68700,19:05:00,68785,19:06:25,6,3250,Hawk/Capitol Station - Washington Ave & Hawk St (03250),0,0,5,,,69046,19:10:46,,,69046,19:10:46,0,00:00:00,door not opened
07/06/2025,12,4230,Sunday,Sunday,West,15676774,68700,19:05:00,68785,19:06:25,5,10087,State St & Eagle St (10087),0,0,5,,,69013,19:10:13,,,69013,19:10:13,0,00:00:00,door not opened
07/06/2025,12,4230,Sunday,Sunday,West,15676774,68700,19:05:00,68785,19:06:25,4,2665,State/Downtown Station - State St & Lodge St (02665),1,0,5,68940.0,19:09:00,68967,19:09:27,68940.0,19:09:00,68981,19:09:41,14,00:00:14,doors opened
07/06/2025,12,4230,Sunday,Sunday,West,15676774,68700,19:05:00,68785,19:06:25,3,3221,State Station - N. Pearl St & Ten Eyck Plaza (03221),2,0,4,,,68899,19:08:19,,,68933,19:08:53,34,00:00:34,doors opened
07/06/2025,12,4230,Sunday,Sunday,West,15676774,68700,19:05:00,68785,19:06:25,2,3233,N. Pearl St & Sheridan Ave (03233),0,0,2,,,68870,19:07:50,,,68870,19:07:50,0,00:00:00,door not opened
07/06/2025,12,4230,Sunday,Sunday,West,15676774,68700,19:05:00,68785,19:06:25,1,2168,Clinton Square Station - N. Pearl St & Clinton Ave (02168),0,0,2,,,68860,19:07:40,,,68860,19:07:40,0,00:00:00,door not opened
07/06/2025,12,4230,Sunday,Sunday,West,15676774,68700,19:05:00,68785,19:06:25,0,9018,Broadway & Orange St (09018),0,0,2,68700.0,19:05:00,68785,19:06:25,68700.0,19:05:00,68785,19:06:25,0,00:00:00,door not opened
07/06/2025,12,4238,Sunday,Sunday,West,15678076,23700,06:35:00,23924,06:38:44,27,7175,Crossgates Mall Station (07175),0,1,0,25680.0,07:08:00,25299,07:01:39,25680.0,07:08:00,25299,07:01:39,0,00:00:00,doors opened
07/06/2025,12,4238,Sunday,Sunday,West,15678076,23700,06:35:00,23924,06:38:44,26,12828,Crossgates Commons Station (12828),0,5,1,25260.0,07:01:00,25066,06:57:46,25260.0,07:01:00,25089,06:58:09,23,00:00:23,doors opened
07/06/2025,12,4238,Sunday,Sunday,West,15678076,23700,06:35:00,23924,06:38:44,25,12891,1475 Washington Ave (12891),1,0,6,,,24857,06:54:17,,,24874,06:54:34,17,00:00:17,doors opened
07/06/2025,12,4238,Sunday,Sunday,West,15678076,23700,06:35:00,23924,06:38:44,24,7216,SUNY Collins Circle (07216),0,0,5,24900.0,06:55:00,24783,06:53:03,24900.0,06:55:00,24783,06:53:03,0,00:00:00,door not opened
07/06/2025,12,4238,Sunday,Sunday,West,15678076,23700,06:35:00,23924,06:38:44,23,3262,1383 Washington Ave (Fairfield Inn) (03262),0,0,5,,,24711,06:51:51,,,24711,06:51:51,0,00:00:00,door not opened
07/06/2025,12,4238,Sunday,Sunday,West,15678076,23700,06:35:00,23924,06:38:44,22,976,Washington Ave & Brevator St (00976),0,0,5,,,24607,06:50:07,,,24607,06:50:07,0,00:00:00,door not opened
07/06/2025,12,4238,Sunday,Sunday,West,15678076,23700,06:35:00,23924,06:38:44,8,3239,Lark/Library Station - Washington Ave & Lark St (03239),2,0,6,24060.0,06:41:00,24087,06:41:27,24060.0,06:41:00,24102,06:41:42,15,00:00:15,doors opened
07/06/2025,12,4238,Sunday,Sunday,West,15678076,23700,06:35:00,23924,06:38:44,7,3301,Washington Ave & S. Swan St (03301),0,0,4,,,24054,06:40:54,,,24054,06:40:54,0,00:00:00,door not opened
07/06/2025,12,4238,Sunday,Sunday,West,15678076,23700,06:35:00,23924,06:38:44,6,3250,Hawk/Capitol Station - Washington Ave & Hawk St (03250),0,0,4,,,24036,06:40:36,,,24036,06:40:36,0,00:00:00,door not opened
07/06/2025,12,4238,Sunday,Sunday,West,15678076,23700,06:35:00,23924,06:38:44,5,10087,State St & Eagle St (10087),0,0,4,,,24014,06:40:14,,,24014,06:40:14,0,00:00:00,door not opened
07/06/2025,12,4238,Sunday,Sunday,West,15678076,23700,06:35:00,23924,06:38:44,4,2665,State/Downtown Station - State St & Lodge St (02665),1,0,4,23880.0,06:38:00,23946,06:39:06,23880.0,06:38:00,23958,06:39:18,12,00:00:12,doors opened
07/06/2025,12,4238,Sunday,Sunday,West,15678076,23700,06:35:00,23924,06:38:44,3,3221,State Station - N. Pearl St & Ten Eyck Plaza (03221),3,0,3,,,23924,06:38:44,,,23924,06:38:44,0,00:00:00,doors opened
07/06/2025,12,4238,Sunday,Sunday,West,15678076,23700,06:35:00,23924,06:38:44,21,1959,Washington Ave & Colvin Ave (01959),0,0,5,,,24584,06:49:44,,,24584,06:49:44,0,00:00:00,door not opened
07/06/2025,12,4238,Sunday,Sunday,West,15678076,23700,06:35:00,23924,06:38:44,20,3399,Washington Ave & Danker Ave (03399),0,0,5,,,24525,06:48:45,,,24525,06:48:45,0,00:00:00,door not opened
07/06/2025,12,4238,Sunday,Sunday,West,15678076,23700,06:35:00,23924,06:38:44,19,1849,Washington Ave & Homestead Ave (01849),0,0,5,,,24506,06:48:26,,,24506,06:48:26,0,00:00:00,door not opened
07/06/2025,12,4238,Sunday,Sunday,West,15678076,23700,06:35:00,23924,06:38:44,18,1846,Washington Ave & Manning Blvd (01846),0,0,5,,,24487,06:48:07,,,24487,06:48:07,0,00:00:00,door not opened
07/06/2025,12,4238,Sunday,Sunday,West,15678076,23700,06:35:00,23924,06:38:44,17,3287,Washington Ave & N. Allen St (03287),0,0,5,24600.0,06:50:00,24459,06:47:39,24600.0,06:50:00,24459,06:47:39,0,00:00:00,door not opened
07/06/2025,12,4238,Sunday,Sunday,West,15678076,23700,06:35:00,23924,06:38:44,16,3264,Washington Ave & N. Main Ave (03264),0,1,5,,,24407,06:46:47,,,24418,06:46:58,11,00:00:11,doors opened
07/06/2025,12,4238,Sunday,Sunday,West,15678076,23700,06:35:00,23924,06:38:44,15,1839,Washington Ave & Partridge St (01839),0,0,6,,,24359,06:45:59,,,24359,06:45:59,0,00:00:00,door not opened
07/06/2025,12,4238,Sunday,Sunday,West,15678076,23700,06:35:00,23924,06:38:44,14,1841,Washington Ave & Ontario St (01841),0,0,6,24420.0,06:47:00,24339,06:45:39,24420.0,06:47:00,24339,06:45:39,0,00:00:00,door not opened
07/06/2025,12,4238,Sunday,Sunday,West,15678076,23700,06:35:00,23924,06:38:44,13,1842,Washington Ave & Quail St (01842),0,0,6,,,24322,06:45:22,,,24322,06:45:22,0,00:00:00,door not opened
07/06/2025,12,4238,Sunday,Sunday,West,15678076,23700,06:35:00,23924,06:38:44,12,1837,Washington Ave & N. Lake Ave (01837),0,0,6,,,24254,06:44:14,,,24254,06:44:14,0,00:00:00,door not opened
07/06/2025,12,4238,Sunday,Sunday,West,15678076,23700,06:35:00,23924,06:38:44,11,1843,Washington Ave & Robin St (01843),0,0,6,,,24202,06:43:22,,,24202,06:43:22,0,00:00:00,door not opened
07/06/2025,12,4238,Sunday,Sunday,West,15678076,23700,06:35:00,23924,06:38:44,10,12943,Washington Ave & Lexington Ave (12943),0,0,6,,,24184,06:43:04,,,24184,06:43:04,0,00:00:00,door not opened
07/06/2025,12,4238,Sunday,Sunday,West,15678076,23700,06:35:00,23924,06:38:44,9,12942,Washington Ave & Henry Johnson Blvd (12942),0,0,6,,,24161,06:42:41,,,24161,06:42:41,0,00:00:00,door not opened
07/06/2025,12,4238,Sunday,Sunday,East,15678079,27000,07:30:00,27059,07:30:59,2,7216,SUNY Collins Circle (07216),0,0,12,27540.0,07:39:00,27623,07:40:23,27540.0,07:39:00,27623,07:40:23,0,00:00:00,door not opened
07/06/2025,12,4238,Sunday,Sunday,East,15678079,27000,07:30:00,27059,07:30:59,1,12827,Crossgates Commons Station (12827),7,0,12,27300.0,07:35:00,27311,07:35:11,27300.0,07:35:00,27406,07:36:46,95,00:01:35,doors opened
07/06/2025,12,4238,Sunday,Sunday,East,15678079,27000,07:30:00,27059,07:30:59,0,7175,Crossgates Mall Station (07175),4,0,5,27000.0,07:30:00,27059,07:30:59,27000.0,07:30:00,27059,07:30:59,0,00:00:00,doors opened
07/06/2025,12,4238,Sunday,Sunday,East,15678079,27000,07:30:00,27059,07:30:59,15,3253,Washington Ave & Robin St (Draper Hall) (03253),0,0,7,,,28242,07:50:42,,,28242,07:50:42,0,00:00:00,door not opened
07/06/2025,12,4238,Sunday,Sunday,East,15678079,27000,07:30:00,27059,07:30:59,14,2109,Washington Ave & N. Lake Ave (02109),0,0,7,,,28217,07:50:17,,,28217,07:50:17,0,00:00:00,door not opened
07/06/2025,12,4238,Sunday,Sunday,East,15678079,27000,07:30:00,27059,07:30:59,13,3255,Washington Ave & Quail St (03255),0,2,7,,,28177,07:49:37,,,28190,07:49:50,13,00:00:13,doors opened
07/06/2025,12,4238,Sunday,Sunday,East,15678079,27000,07:30:00,27059,07:30:59,12,3256,Washington Ave & Ontario St (03256),0,0,9,28080.0,07:48:00,28154,07:49:14,28080.0,07:48:00,28154,07:49:14,0,00:00:00,door not opened
07/06/2025,12,4238,Sunday,Sunday,East,15678079,27000,07:30:00,27059,07:30:59,11,2107,Washington Ave & Partridge St (02107),0,1,9,,,28117,07:48:37,,,28131,07:48:51,14,00:00:14,doors opened
07/06/2025,12,4238,Sunday,Sunday,East,15678079,27000,07:30:00,27059,07:30:59,10,3257,Washington Ave & N. Main Ave (03257),0,2,10,,,28044,07:47:24,,,28069,07:47:49,25,00:00:25,doors opened
07/06/2025,12,4238,Sunday,Sunday,East,15678079,27000,07:30:00,27059,07:30:59,9,1796,Washington Ave & N. Allen St (01796),0,0,12,27960.0,07:46:00,28016,07:46:56,27960.0,07:46:00,28016,07:46:56,0,00:00:00,door not opened
07/06/2025,12,4238,Sunday,Sunday,East,15678079,27000,07:30:00,27059,07:30:59,8,11581,Washington Ave & Manning Blvd (11581),0,0,12,,,27957,07:45:57,,,27957,07:45:57,0,00:00:00,door not opened
07/06/2025,12,4238,Sunday,Sunday,East,15678079,27000,07:30:00,27059,07:30:59,7,2180,Washington Ave & Homestead Ave (02180),0,0,12,,,27927,07:45:27,,,27927,07:45:27,0,00:00:00,door not opened
07/06/2025,12,4238,Sunday,Sunday,East,15678079,27000,07:30:00,27059,07:30:59,6,2182,Washington Ave & Hawthorne St (02182),0,0,12,,,27890,07:44:50,,,27890,07:44:50,0,00:00:00,door not opened
07/06/2025,12,4238,Sunday,Sunday,East,15678079,27000,07:30:00,27059,07:30:59,5,3304,Washington Ave & Clermont St (03304),0,0,12,,,27865,07:44:25,,,27865,07:44:25,0,00:00:00,door not opened
07/06/2025,12,4238,Sunday,Sunday,East,15678079,27000,07:30:00,27059,07:30:59,4,3348,Washington Ave & Brevator St (03348),0,1,12,,,27829,07:43:49,,,27840,07:44:00,11,00:00:11,doors opened
07/06/2025,12,4238,Sunday,Sunday,East,15678079,27000,07:30:00,27059,07:30:59,3,10134,Washington Ave & SUNY Exit Rd (10134),1,0,13,,,27704,07:41:44,,,27719,07:41:59,15,00:00:15,doors opened
07/06/2025,12,4238,Sunday,Sunday,East,15678079,27000,07:30:00,27059,07:30:59,24,3940,Broadway & Steuben St (03940),0,0,0,28800.0,08:00:00,28625,07:57:05,28800.0,08:00:00,28625,07:57:05,0,00:00:00,door not opened
07/06/2025,12,4238,Sunday,Sunday,East,15678079,27000,07:30:00,27059,07:30:59,23,2509,State/Downtown Station - State St & S. Pearl St (02509),0,4,0,28560.0,07:56:00,28522,07:55:22,28560.0,07:56:00,28546,07:55:46,24,00:00:24,doors opened
07/06/2025,12,4238,Sunday,Sunday,East,15678079,27000,07:30:00,27059,07:30:59,22,1787,State St & Eagle St (01787),0,1,4,,,28487,07:54:47,,,28498,07:54:58,11,00:00:11,doors opened
07/06/2025,12,4238,Sunday,Sunday,East,15678079,27000,07:30:00,27059,07:30:59,21,2706,Hawk/Capitol Station - Washington Ave & Hawk St (02706),0,0,5,,,28439,07:53:59,,,28439,07:53:59,0,00:00:00,door not opened
07/06/2025,12,4238,Sunday,Sunday,East,15678079,27000,07:30:00,27059,07:30:59,20,1789,Washington Ave & S. Swan St (01789),0,0,5,,,28422,07:53:42,,,28422,07:53:42,0,00:00:00,door not opened
07/06/2025,12,4238,Sunday,Sunday,East,15678079,27000,07:30:00,27059,07:30:59,19,1788,Washington Ave & Dove St (01788),0,0,5,,,28401,07:53:21,,,28401,07:53:21,0,00:00:00,door not opened
07/06/2025,12,4238,Sunday,Sunday,East,15678079,27000,07:30:00,27059,07:30:59,18,2663,Lark/Library Station - Washington Ave & Lark St (02663),0,1,5,28380.0,07:53:00,28349,07:52:29,28380.0,07:53:00,28375,07:52:55,26,00:00:26,doors opened
07/06/2025,12,4238,Sunday,Sunday,East,15678079,27000,07:30:00,27059,07:30:59,17,263,Washington Ave & Henry Johnson Blvd (00263),0,1,6,,,28294,07:51:34,,,28311,07:51:51,17,00:00:17,doors opened
07/06/2025,12,4238,Sunday,Sunday,East,15678079,27000,07:30:00,27059,07:30:59,16,2096,Washington Ave & Lexington Ave (02096),0,0,7,,,28257,07:50:57,,,28257,07:50:57,0,00:00:00,door not opened
07/06/2025,12,4238,Sunday,Sunday,West,15678081,29100,08:05:00,29153,08:05:53,27,7175,Crossgates Mall Station (07175),0,3,0,31200.0,08:40:00,30912,08:35:12,31200.0,08:40:00,30912,08:35:12,0,00:00:00,doors opened
07/06/2025,12,4238,Sunday,Sunday,West,15678081,29100,08:05:00,29153,08:05:53,26,12828,Crossgates Commons Station (12828),0,5,3,30780.0,08:33:00,30659,08:30:59,30780.0,08:33:00,30686,08:31:26,27,00:00:27,doors opened
07/06/2025,12,4238,Sunday,Sunday,West,15678081,29100,08:05:00,29153,08:05:53,25,12891,1475 Washington Ave (12891),0,1,8,,,30476,08:27:56,,,30491,08:28:11,15,00:00:15,doors opened
07/06/2025,12,4238,Sunday,Sunday,West,15678081,29100,08:05:00,29153,08:05:53,24,7216,SUNY Collins Circle (07216),0,0,9,30420.0,08:27:00,30396,08:26:36,30420.0,08:27:00,30396,08:26:36,0,00:00:00,door not opened
07/06/2025,12,4238,Sunday,Sunday,West,15678081,29100,08:05:00,29153,08:05:53,23,3262,1383 Washington Ave (Fairfield Inn) (03262),1,1,9,,,30300,08:25:00,,,30318,08:25:18,18,00:00:18,doors opened
07/06/2025,12,4238,Sunday,Sunday,West,15678081,29100,08:05:00,29153,08:05:53,22,976,Washington Ave & Brevator St (00976),0,0,9,,,30169,08:22:49,,,30169,08:22:49,0,00:00:00,door not opened
07/06/2025,12,4238,Sunday,Sunday,West,15678081,29100,08:05:00,29153,08:05:53,21,1959,Washington Ave & Colvin Ave (01959),0,1,9,,,30132,08:22:12,,,30144,08:22:24,12,00:00:12,doors opened
07/06/2025,12,4238,Sunday,Sunday,West,15678081,29100,08:05:00,29153,08:05:53,20,3399,Washington Ave & Danker Ave (03399),0,0,10,,,30106,08:21:46,,,30106,08:21:46,0,00:00:00,door not opened
07/06/2025,12,4238,Sunday,Sunday,West,15678081,29100,08:05:00,29153,08:05:53,19,1849,Washington Ave & Homestead Ave (01849),0,0,10,,,30089,08:21:29,,,30089,08:21:29,0,00:00:00,door not opened
07/06/2025,12,4238,Sunday,Sunday,West,15678081,29100,08:05:00,29153,08:05:53,18,1846,Washington Ave & Manning Blvd (01846),0,0,10,,,30060,08:21:00,,,30060,08:21:00,0,00:00:00,door not opened
07/06/2025,12,4238,Sunday,Sunday,West,15678081,29100,08:05:00,29153,08:05:53,17,3287,Washington Ave & N. Allen St (03287),0,0,10,30060.0,08:21:00,29999,08:19:59,30060.0,08:21:00,29999,08:19:59,0,00:00:00,door not opened
07/06/2025,12,4238,Sunday,Sunday,West,15678081,29100,08:05:00,29153,08:05:53,16,3264,Washington Ave & N. Main Ave (03264),0,0,10,,,29939,08:18:59,,,29939,08:18:59,0,00:00:00,door not opened
07/06/2025,12,4238,Sunday,Sunday,West,15678081,29100,08:05:00,29153,08:05:53,15,1839,Washington Ave & Partridge St (01839),0,0,10,,,29857,08:17:37,,,29857,08:17:37,0,00:00:00,door not opened
07/06/2025,12,4238,Sunday,Sunday,West,15678081,29100,08:05:00,29153,08:05:53,14,1841,Washington Ave & Ontario St (01841),0,0,10,29880.0,08:18:00,29837,08:17:17,29880.0,08:18:00,29837,08:17:17,0,00:00:00,door not opened
07/06/2025,12,4238,Sunday,Sunday,West,15678081,29100,08:05:00,29153,08:05:53,13,1842,Washington Ave & Quail St (01842),1,0,10,,,29801,08:16:41,,,29813,08:16:53,12,00:00:12,doors opened
07/06/2025,12,4238,Sunday,Sunday,West,15678081,29100,08:05:00,29153,08:05:53,12,1837,Washington Ave & N. Lake Ave (01837),0,0,9,,,29773,08:16:13,,,29773,08:16:13,0,00:00:00,door not opened
07/06/2025,12,4238,Sunday,Sunday,West,15678081,29100,08:05:00,29153,08:05:53,11,1843,Washington Ave & Robin St (01843),0,0,9,,,29722,08:15:22,,,29722,08:15:22,0,00:00:00,door not opened
07/06/2025,12,4238,Sunday,Sunday,West,15678081,29100,08:05:00,29153,08:05:53,10,12943,Washington Ave & Lexington Ave (12943),2,0,9,,,29659,08:14:19,,,29693,08:14:53,34,00:00:34,doors opened
07/06/2025,12,4238,Sunday,Sunday,West,15678081,29100,08:05:00,29153,08:05:53,9,12942,Washington Ave & Henry Johnson Blvd (12942),0,0,7,,,29616,08:13:36,,,29616,08:13:36,0,00:00:00,door not opened
07/06/2025,12,4238,Sunday,Sunday,West,15678081,29100,08:05:00,29153,08:05:53,8,3239,Lark/Library Station - Washington Ave & Lark St (03239),3,0,7,29520.0,08:12:00,29485,08:11:25,29520.0,08:12:00,29563,08:12:43,78,00:01:18,doors opened
07/06/2025,12,4238,Sunday,Sunday,West,15678081,29100,08:05:00,29153,08:05:53,7,3301,Washington Ave & S. Swan St (03301),0,0,4,,,29447,08:10:47,,,29447,08:10:47,0,00:00:00,door not opened
07/06/2025,12,4238,Sunday,Sunday,West,15678081,29100,08:05:00,29153,08:05:53,6,3250,Hawk/Capitol Station - Washington Ave & Hawk St (03250),0,0,4,,,29428,08:10:28,,,29428,08:10:28,0,00:00:00,door not opened
07/06/2025,12,4238,Sunday,Sunday,West,15678081,29100,08:05:00,29153,08:05:53,5,10087,State St & Eagle St (10087),0,0,4,,,29398,08:09:58,,,29398,08:09:58,0,00:00:00,door not opened
07/06/2025,12,4238,Sunday,Sunday,West,15678081,29100,08:05:00,29153,08:05:53,4,2665,State/Downtown Station - State St & Lodge St (02665),1,1,4,29340.0,08:09:00,29345,08:09:05,29340.0,08:09:00,29357,08:09:17,12,00:00:12,doors opened
07/06/2025,12,4238,Sunday,Sunday,West,15678081,29100,08:05:00,29153,08:05:53,3,3221,State Station - N. Pearl St & Ten Eyck Plaza (03221),3,0,4,,,29252,08:07:32,,,29315,08:08:35,63,00:01:03,doors opened
07/06/2025,12,4238,Sunday,Sunday,West,15678081,29100,08:05:00,29153,08:05:53,2,3233,N. Pearl St & Sheridan Ave (03233),0,0,1,,,29216,08:06:56,,,29216,08:06:56,0,00:00:00,door not opened
07/06/2025,12,4238,Sunday,Sunday,West,15678081,29100,08:05:00,29153,08:05:53,1,2168,Clinton Square Station - N. Pearl St & Clinton Ave (02168),0,0,1,,,29188,08:06:28,,,29188,08:06:28,0,00:00:00,door not opened
07/06/2025,12,4238,Sunday,Sunday,West,15678081,29100,08:05:00,29153,08:05:53,0,9018,Broadway & Orange St (09018),1,0,1,29100.0,08:05:00,29153,08:05:53,29100.0,08:05:00,29153,08:05:53,0,00:00:00,doors opened
07/06/2025,12,4238,Sunday,Sunday,East,15678084,32400,09:00:00,32492,09:01:32,24,3940,Broadway & Steuben St (03940),0,0,0,34260.0,09:31:00,34314,09:31:54,34260.0,09:31:00,34314,09:31:54,0,00:00:00,door not opened
07/06/2025,12,4238,Sunday,Sunday,East,15678084,32400,09:00:00,32492,09:01:32,8,11581,Washington Ave & Manning Blvd (11581),0,0,4,,,33480,09:18:00,,,33480,09:18:00,0,00:00:00,door not opened
07/06/2025,12,4238,Sunday,Sunday,East,15678084,32400,09:00:00,32492,09:01:32,7,2180,Washington Ave & Homestead Ave (02180),0,0,4,,,33446,09:17:26,,,33446,09:17:26,0,00:00:00,door not opened
07/06/2025,12,4238,Sunday,Sunday,East,15678084,32400,09:00:00,32492,09:01:32,6,2182,Washington Ave & Hawthorne St (02182),1,0,4,,,33382,09:16:22,,,33407,09:16:47,25,00:00:25,doors opened
07/06/2025,12,4238,Sunday,Sunday,East,15678084,32400,09:00:00,32492,09:01:32,5,3304,Washington Ave & Clermont St (03304),0,0,3,,,33366,09:16:06,,,33366,09:16:06,0,00:00:00,door not opened
07/06/2025,12,4238,Sunday,Sunday,East,15678084,32400,09:00:00,32492,09:01:32,4,3348,Washington Ave & Brevator St (03348),0,0,3,,,33349,09:15:49,,,33349,09:15:49,0,00:00:00,door not opened
07/06/2025,12,4238,Sunday,Sunday,East,15678084,32400,09:00:00,32492,09:01:32,3,10134,Washington Ave & SUNY Exit Rd (10134),0,0,3,,,33217,09:13:37,,,33217,09:13:37,0,00:00:00,door not opened
07/06/2025,12,4238,Sunday,Sunday,East,15678084,32400,09:00:00,32492,09:01:32,2,7216,SUNY Collins Circle (07216),0,0,3,33000.0,09:10:00,33101,09:11:41,33000.0,09:10:00,33101,09:11:41,0,00:00:00,door not opened
07/06/2025,12,4238,Sunday,Sunday,East,15678084,32400,09:00:00,32492,09:01:32,1,12827,Crossgates Commons Station (12827),3,0,3,32760.0,09:06:00,32783,09:06:23,32760.0,09:06:00,32828,09:07:08,45,00:00:45,doors opened
07/06/2025,12,4238,Sunday,Sunday,East,15678084,32400,09:00:00,32492,09:01:32,0,7175,Crossgates Mall Station (07175),0,0,0,32400.0,09:00:00,32492,09:01:32,32400.0,09:00:00,32492,09:01:32,0,00:00:00,door not opened
07/06/2025,12,4238,Sunday,Sunday,East,15678084,32400,09:00:00,32492,09:01:32,23,2509,State/Downtown Station - State St & S. Pearl St (02509),0,0,0,34020.0,09:27:00,34235,09:30:35,34020.0,09:27:00,34235,09:30:35,0,00:00:00,door not opened
07/06/2025,12,4238,Sunday,Sunday,East,15678084,32400,09:00:00,32492,09:01:32,22,1787,State St & Eagle St (01787),0,0,0,,,34223,09:30:23,,,34223,09:30:23,0,00:00:00,door not opened
07/06/2025,12,4238,Sunday,Sunday,East,15678084,32400,09:00:00,32492,09:01:32,21,2706,Hawk/Capitol Station - Washington Ave & Hawk St (02706),0,1,0,,,34073,09:27:53,,,34090,09:28:10,17,00:00:17,doors opened
07/06/2025,12,4238,Sunday,Sunday,East,15678084,32400,09:00:00,32492,09:01:32,20,1789,Washington Ave & S. Swan St (01789),0,0,1,,,34050,09:27:30,,,34050,09:27:30,0,00:00:00,door not opened
07/06/2025,12,4238,Sunday,Sunday,East,15678084,32400,09:00:00,32492,09:01:32,19,1788,Washington Ave & Dove St (01788),0,0,1,,,34029,09:27:09,,,34029,09:27:09,0,00:00:00,door not opened
07/06/2025,12,4238,Sunday,Sunday,East,15678084,32400,09:00:00,32492,09:01:32,18,2663,Lark/Library Station - Washington Ave & Lark St (02663),0,1,1,33840.0,09:24:00,33964,09:26:04,33840.0,09:24:00,33998,09:26:38,34,00:00:34,doors opened
07/06/2025,12,4238,Sunday,Sunday,East,15678084,32400,09:00:00,32492,09:01:32,17,263,Washington Ave & Henry Johnson Blvd (00263),0,0,2,,,33941,09:25:41,,,33941,09:25:41,0,00:00:00,door not opened
07/06/2025,12,4238,Sunday,Sunday,East,15678084,32400,09:00:00,32492,09:01:32,16,2096,Washington Ave & Lexington Ave (02096),0,0,2,,,33788,09:23:08,,,33788,09:23:08,0,00:00:00,door not opened
07/06/2025,12,4238,Sunday,Sunday,East,15678084,32400,09:00:00,32492,09:01:32,15,3253,Washington Ave & Robin St (Draper Hall) (03253),0,0,2,,,33776,09:22:56,,,33776,09:22:56,0,00:00:00,door not opened
07/06/2025,12,4238,Sunday,Sunday,East,15678084,32400,09:00:00,32492,09:01:32,14,2109,Washington Ave & N. Lake Ave (02109),0,0,2,,,33753,09:22:33,,,33753,09:22:33,0,00:00:00,door not opened
07/06/2025,12,4238,Sunday,Sunday,East,15678084,32400,09:00:00,32492,09:01:32,13,3255,Washington Ave & Quail St (03255),0,1,2,,,33709,09:21:49,,,33728,09:22:08,19,00:00:19,doors opened
07/06/2025,12,4238,Sunday,Sunday,East,15678084,32400,09:00:00,32492,09:01:32,12,3256,Washington Ave & Ontario St (03256),0,0,3,33540.0,09:19:00,33691,09:21:31,33540.0,09:19:00,33691,09:21:31,0,00:00:00,door not opened
07/06/2025,12,4238,Sunday,Sunday,East,15678084,32400,09:00:00,32492,09:01:32,11,2107,Washington Ave & Partridge St (02107),0,0,3,,,33652,09:20:52,,,33652,09:20:52,0,00:00:00,door not opened
07/06/2025,12,4238,Sunday,Sunday,East,15678084,32400,09:00:00,32492,09:01:32,10,3257,Washington Ave & N. Main Ave (03257),0,0,3,,,33591,09:19:51,,,33591,09:19:51,0,00:00:00,door not opened
07/06/2025,12,4238,Sunday,Sunday,East,15678084,32400,09:00:00,32492,09:01:32,9,1796,Washington Ave & N. Allen St (01796),1,2,3,33420.0,09:17:00,33509,09:18:29,33420.0,09:17:00,33536,09:18:56,27,00:00:27,doors opened
07/06/2025,12,4239,Sunday,Sunday,West,15677710,72300,20:05:00,72295,20:04:55,14,1841,Washington Ave & Ontario St (01841),0,0,8,73140.0,20:19:00,73190,20:19:50,73140.0,20:19:00,73190,20:19:50,0,00:00:00,door not opened
07/06/2025,12,4239,Sunday,Sunday,West,15677710,72300,20:05:00,72295,20:04:55,13,1842,Washington Ave & Quail St (01842),4,0,8,,,73123,20:18:43,,,73165,20:19:25,42,00:00:42,doors opened
07/06/2025,12,4239,Sunday,Sunday,West,15677710,72300,20:05:00,72295,20:04:55,12,1837,Washington Ave & N. Lake Ave (01837),0,0,4,,,73094,20:18:14,,,73094,20:18:14,0,00:00:00,door not opened
07/06/2025,12,4239,Sunday,Sunday,West,15677710,72300,20:05:00,72295,20:04:55,11,1843,Washington Ave & Robin St (01843),2,0,4,,,73026,20:17:06,,,73045,20:17:25,19,00:00:19,doors opened
07/06/2025,12,4239,Sunday,Sunday,West,15677710,72300,20:05:00,72295,20:04:55,10,12943,Washington Ave & Lexington Ave (12943),0,0,2,,,73001,20:16:41,,,73001,20:16:41,0,00:00:00,door not opened
07/06/2025,12,4239,Sunday,Sunday,West,15677710,72300,20:05:00,72295,20:04:55,9,12942,Washington Ave & Henry Johnson Blvd (12942),0,0,2,,,72950,20:15:50,,,72950,20:15:50,0,00:00:00,door not opened
07/06/2025,12,4239,Sunday,Sunday,West,15677710,72300,20:05:00,72295,20:04:55,8,3239,Lark/Library Station - Washington Ave & Lark St (03239),0,0,2,72780.0,20:13:00,72824,20:13:44,72780.0,20:13:00,72824,20:13:44,0,00:00:00,door not opened
07/06/2025,12,4239,Sunday,Sunday,West,15677710,72300,20:05:00,72295,20:04:55,7,3301,Washington Ave & S. Swan St (03301),0,1,2,,,72733,20:12:13,,,72750,20:12:30,17,00:00:17,doors opened
07/06/2025,12,4239,Sunday,Sunday,West,15677710,72300,20:05:00,72295,20:04:55,6,3250,Hawk/Capitol Station - Washington Ave & Hawk St (03250),0,0,3,,,72700,20:11:40,,,72700,20:11:40,0,00:00:00,door not opened
07/06/2025,12,4239,Sunday,Sunday,West,15677710,72300,20:05:00,72295,20:04:55,5,10087,State St & Eagle St (10087),0,0,3,,,72662,20:11:02,,,72662,20:11:02,0,00:00:00,door not opened
07/06/2025,12,4239,Sunday,Sunday,West,15677710,72300,20:05:00,72295,20:04:55,4,2665,State/Downtown Station - State St & Lodge St (02665),2,0,3,72540.0,20:09:00,72586,20:09:46,72540.0,20:09:00,72623,20:10:23,37,00:00:37,doors opened
07/06/2025,12,4239,Sunday,Sunday,West,15677710,72300,20:05:00,72295,20:04:55,3,3221,State Station - N. Pearl St & Ten Eyck Plaza (03221),1,0,1,,,72464,20:07:44,,,72545,20:09:05,81,00:01:21,doors opened
07/06/2025,12,4239,Sunday,Sunday,West,15677710,72300,20:05:00,72295,20:04:55,2,3233,N. Pearl St & Sheridan Ave (03233),0,0,0,,,72400,20:06:40,,,72400,20:06:40,0,00:00:00,door not opened
07/06/2025,12,4239,Sunday,Sunday,West,15677710,72300,20:05:00,72295,20:04:55,27,7175,Crossgates Mall Station (07175),0,1,0,74400.0,20:40:00,74243,20:37:23,74400.0,20:40:00,74243,20:37:23,0,00:00:00,doors opened
07/06/2025,12,4239,Sunday,Sunday,West,15677710,72300,20:05:00,72295,20:04:55,26,12828,Crossgates Commons Station (12828),0,5,1,73980.0,20:33:00,74022,20:33:42,73980.0,20:33:00,74045,20:34:05,23,00:00:23,doors opened
07/06/2025,12,4239,Sunday,Sunday,West,15677710,72300,20:05:00,72295,20:04:55,25,12891,1475 Washington Ave (12891),0,0,6,,,73863,20:31:03,,,73863,20:31:03,0,00:00:00,door not opened
07/06/2025,12,4239,Sunday,Sunday,West,15677710,72300,20:05:00,72295,20:04:55,24,7216,SUNY Collins Circle (07216),0,0,6,73680.0,20:28:00,73788,20:29:48,73680.0,20:28:00,73788,20:29:48,0,00:00:00,door not opened
07/06/2025,12,4239,Sunday,Sunday,West,15677710,72300,20:05:00,72295,20:04:55,23,3262,1383 Washington Ave (Fairfield Inn) (03262),0,0,6,,,73697,20:28:17,,,73697,20:28:17,0,00:00:00,door not opened
07/06/2025,12,4239,Sunday,Sunday,West,15677710,72300,20:05:00,72295,20:04:55,22,976,Washington Ave & Brevator St (00976),0,0,6,,,73580,20:26:20,,,73580,20:26:20,0,00:00:00,door not opened
07/06/2025,12,4239,Sunday,Sunday,West,15677710,72300,20:05:00,72295,20:04:55,21,1959,Washington Ave & Colvin Ave (01959),1,0,6,,,73509,20:25:09,,,73559,20:25:59,50,00:00:50,doors opened
07/06/2025,12,4239,Sunday,Sunday,West,15677710,72300,20:05:00,72295,20:04:55,20,3399,Washington Ave & Danker Ave (03399),0,0,5,,,73486,20:24:46,,,73486,20:24:46,0,00:00:00,door not opened
07/06/2025,12,4239,Sunday,Sunday,West,15677710,72300,20:05:00,72295,20:04:55,19,1849,Washington Ave & Homestead Ave (01849),0,0,5,,,73465,20:24:25,,,73465,20:24:25,0,00:00:00,door not opened
07/06/2025,12,4239,Sunday,Sunday,West,15677710,72300,20:05:00,72295,20:04:55,18,1846,Washington Ave & Manning Blvd (01846),0,1,5,,,73391,20:23:11,,,73439,20:23:59,48,00:00:48,doors opened
07/06/2025,12,4239,Sunday,Sunday,West,15677710,72300,20:05:00,72295,20:04:55,17,3287,Washington Ave & N. Allen St (03287),0,0,6,73320.0,20:22:00,73361,20:22:41,73320.0,20:22:00,73361,20:22:41,0,00:00:00,door not opened
07/06/2025,12,4239,Sunday,Sunday,West,15677710,72300,20:05:00,72295,20:04:55,16,3264,Washington Ave & N. Main Ave (03264),0,1,6,,,73310,20:21:50,,,73326,20:22:06,16,00:00:16,doors opened
07/06/2025,12,4239,Sunday,Sunday,West,15677710,72300,20:05:00,72295,20:04:55,15,1839,Washington Ave & Partridge St (01839),0,1,7,,,73215,20:20:15,,,73250,20:20:50,35,00:00:35,doors opened
07/06/2025,12,4239,Sunday,Sunday,West,15677710,72300,20:05:00,72295,20:04:55,1,2168,Clinton Square Station - N. Pearl St & Clinton Ave (02168),0,0,0,,,72385,20:06:25,,,72385,20:06:25,0,00:00:00,door not opened
07/06/2025,12,4239,Sunday,Sunday,West,15677710,72300,20:05:00,72295,20:04:55,0,9018,Broadway & Orange St (09018),0,0,0,72300.0,20:05:00,72295,20:04:55,72300.0,20:05:00,72295,20:04:55,0,00:00:00,doors opened
07/06/2025,12,4239,Sunday,Sunday,East,15677713,75600,21:00:00,75619,21:00:19,24,3940,Broadway & Steuben St (03940),0,0,0,77700.0,21:35:00,77465,21:31:05,77700.0,21:35:00,77465,21:31:05,0,00:00:00,door not opened
07/06/2025,12,4239,Sunday,Sunday,East,15677713,75600,21:00:00,75619,21:00:19,23,2509,State/Downtown Station - State St & S. Pearl St (02509),0,1,0,77460.0,21:31:00,77366,21:29:26,77460.0,21:31:00,77385,21:29:45,19,00:00:19,doors opened
07/06/2025,12,4239,Sunday,Sunday,East,15677713,75600,21:00:00,75619,21:00:19,22,1787,State St & Eagle St (01787),0,0,1,,,77349,21:29:09,,,77349,21:29:09,0,00:00:00,door not opened
07/06/2025,12,4239,Sunday,Sunday,East,15677713,75600,21:00:00,75619,21:00:19,21,2706,Hawk/Capitol Station - Washington Ave & Hawk St (02706),0,0,1,,,77268,21:27:48,,,77268,21:27:48,0,00:00:00,door not opened
07/06/2025,12,4239,Sunday,Sunday,East,15677713,75600,21:00:00,75619,21:00:19,20,1789,Washington Ave & S. Swan St (01789),0,0,1,,,77252,21:27:32,,,77252,21:27:32,0,00:00:00,door not opened
07/06/2025,12,4239,Sunday,Sunday,East,15677713,75600,21:00:00,75619,21:00:19,19,1788,Washington Ave & Dove St (01788),0,0,1,,,77229,21:27:09,,,77229,21:27:09,0,00:00:00,door not opened
07/06/2025,12,4239,Sunday,Sunday,East,15677713,75600,21:00:00,75619,21:00:19,18,2663,Lark/Library Station - Washington Ave & Lark St (02663),0,0,1,77220.0,21:27:00,77198,21:26:38,77220.0,21:27:00,77198,21:26:38,0,00:00:00,door not opened
07/06/2025,12,4239,Sunday,Sunday,East,15677713,75600,21:00:00,75619,21:00:19,17,263,Washington Ave & Henry Johnson Blvd (00263),0,1,1,,,77150,21:25:50,,,77168,21:26:08,18,00:00:18,doors opened
07/06/2025,12,4239,Sunday,Sunday,East,15677713,75600,21:00:00,75619,21:00:19,16,2096,Washington Ave & Lexington Ave (02096),0,0,2,,,77100,21:25:00,,,77100,21:25:00,0,00:00:00,door not opened
07/06/2025,12,4239,Sunday,Sunday,East,15677713,75600,21:00:00,75619,21:00:19,15,3253,Washington Ave & Robin St (Draper Hall) (03253),0,0,2,,,77082,21:24:42,,,77082,21:24:42,0,00:00:00,door not opened
07/06/2025,12,4239,Sunday,Sunday,East,15677713,75600,21:00:00,75619,21:00:19,14,2109,Washington Ave & N. Lake Ave (02109),0,0,2,,,77055,21:24:15,,,77055,21:24:15,0,00:00:00,door not opened
07/06/2025,12,4239,Sunday,Sunday,East,15677713,75600,21:00:00,75619,21:00:19,13,3255,Washington Ave & Quail St (03255),0,0,2,,,77003,21:23:23,,,77003,21:23:23,0,00:00:00,door not opened
07/06/2025,12,4239,Sunday,Sunday,East,15677713,75600,21:00:00,75619,21:00:19,12,3256,Washington Ave & Ontario St (03256),1,0,2,76860.0,21:21:00,76935,21:22:15,76860.0,21:21:00,76952,21:22:32,17,00:00:17,doors opened
07/06/2025,12,4239,Sunday,Sunday,East,15677713,75600,21:00:00,75619,21:00:19,11,2107,Washington Ave & Partridge St (02107),0,0,1,,,76913,21:21:53,,,76913,21:21:53,0,00:00:00,door not opened
07/06/2025,12,4239,Sunday,Sunday,East,15677713,75600,21:00:00,75619,21:00:19,10,3257,Washington Ave & N. Main Ave (03257),0,0,1,,,76854,21:20:54,,,76854,21:20:54,0,00:00:00,door not opened
07/06/2025,12,4239,Sunday,Sunday,East,15677713,75600,21:00:00,75619,21:00:19,9,1796,Washington Ave & N. Allen St (01796),0,1,1,76740.0,21:19:00,76774,21:19:34,76740.0,21:19:00,76787,21:19:47,13,00:00:13,doors opened
07/06/2025,12,4239,Sunday,Sunday,East,15677713,75600,21:00:00,75619,21:00:19,8,11581,Washington Ave & Manning Blvd (11581),0,0,2,,,76741,21:19:01,,,76741,21:19:01,0,00:00:00,door not opened
07/06/2025,12,4239,Sunday,Sunday,East,15677713,75600,21:00:00,75619,21:00:19,7,2180,Washington Ave & Homestead Ave (02180),0,0,2,,,76699,21:18:19,,,76699,21:18:19,0,00:00:00,door not opened
07/06/2025,12,4239,Sunday,Sunday,East,15677713,75600,21:00:00,75619,21:00:19,6,2182,Washington Ave & Hawthorne St (02182),0,0,2,,,76651,21:17:31,,,76651,21:17:31,0,00:00:00,door not opened
07/06/2025,12,4239,Sunday,Sunday,East,15677713,75600,21:00:00,75619,21:00:19,5,3304,Washington Ave & Clermont St (03304),0,0,2,,,76632,21:17:12,,,76632,21:17:12,0,00:00:00,door not opened
07/06/2025,12,4239,Sunday,Sunday,East,15677713,75600,21:00:00,75619,21:00:19,4,3348,Washington Ave & Brevator St (03348),0,0,2,,,76609,21:16:49,,,76609,21:16:49,0,00:00:00,door not opened
07/06/2025,12,4239,Sunday,Sunday,East,15677713,75600,21:00:00,75619,21:00:19,3,10134,Washington Ave & SUNY Exit Rd (10134),1,0,2,,,76430,21:13:50,,,76463,21:14:23,33,00:00:33,doors opened
07/06/2025,12,4239,Sunday,Sunday,East,15677713,75600,21:00:00,75619,21:00:19,2,7216,SUNY Collins Circle (07216),0,2,1,76320.0,21:12:00,76303,21:11:43,76320.0,21:12:00,76319,21:11:59,16,00:00:16,doors opened
07/06/2025,12,4239,Sunday,Sunday,East,15677713,75600,21:00:00,75619,21:00:19,1,12827,Crossgates Commons Station (12827),2,0,3,76020.0,21:07:00,75967,21:06:07,76020.0,21:07:00,76012,21:06:52,45,00:00:45,doors opened
07/06/2025,12,4239,Sunday,Sunday,East,15677713,75600,21:00:00,75619,21:00:19,0,7175,Crossgates Mall Station (07175),1,0,1,75600.0,21:00:00,75619,21:00:19,75600.0,21:00:00,75619,21:00:19,0,00:00:00,doors opened
07/06/2025,12,4239,Sunday,Sunday,West,15677716,78300,21:45:00,78303,21:45:03,27,7175,Crossgates Mall Station (07175),0,0,0,80340.0,22:19:00,80439,22:20:39,80340.0,22:19:00,80439,22:20:39,0,00:00:00,door not opened
07/06/2025,12,4239,Sunday,Sunday,West,15677716,78300,21:45:00,78303,21:45:03,26,12828,Crossgates Commons Station (12828),0,5,0,79920.0,22:12:00,80163,22:16:03,79920.0,22:12:00,80182,22:16:22,19,00:00:19,doors opened
07/06/2025,12,4239,Sunday,Sunday,West,15677716,78300,21:45:00,78303,21:45:03,25,12891,1475 Washington Ave (12891),0,0,5,,,80015,22:13:35,,,80015,22:13:35,0,00:00:00,door not opened
07/06/2025,12,4239,Sunday,Sunday,West,15677716,78300,21:45:00,78303,21:45:03,24,7216,SUNY Collins Circle (07216),0,0,5,79620.0,22:07:00,79681,22:08:01,79620.0,22:07:00,79681,22:08:01,0,00:00:00,door not opened
07/06/2025,12,4239,Sunday,Sunday,West,15677716,78300,21:45:00,78303,21:45:03,23,3262,1383 Washington Ave (Fairfield Inn) (03262),0,1,5,,,79554,22:05:54,,,79565,22:06:05,11,00:00:11,doors opened
07/06/2025,12,4239,Sunday,Sunday,West,15677716,78300,21:45:00,78303,21:45:03,22,976,Washington Ave & Brevator St (00976),0,0,6,,,79435,22:03:55,,,79435,22:03:55,0,00:00:00,door not opened
07/06/2025,12,4239,Sunday,Sunday,West,15677716,78300,21:45:00,78303,21:45:03,21,1959,Washington Ave & Colvin Ave (01959),0,0,6,,,79413,22:03:33,,,79413,22:03:33,0,00:00:00,door not opened
07/06/2025,12,4239,Sunday,Sunday,West,15677716,78300,21:45:00,78303,21:45:03,20,3399,Washington Ave & Danker Ave (03399),0,0,6,,,79368,22:02:48,,,79368,22:02:48,0,00:00:00,door not opened
07/06/2025,12,4239,Sunday,Sunday,West,15677716,78300,21:45:00,78303,21:45:03,19,1849,Washington Ave & Homestead Ave (01849),0,0,6,,,79344,22:02:24,,,79344,22:02:24,0,00:00:00,door not opened
07/06/2025,12,4239,Sunday,Sunday,West,15677716,78300,21:45:00,78303,21:45:03,18,1846,Washington Ave & Manning Blvd (01846),0,1,6,,,79303,22:01:43,,,79317,22:01:57,14,00:00:14,doors opened
07/06/2025,12,4239,Sunday,Sunday,West,15677716,78300,21:45:00,78303,21:45:03,17,3287,Washington Ave & N. Allen St (03287),1,0,7,79260.0,22:01:00,79244,22:00:44,79260.0,22:01:00,79264,22:01:04,20,00:00:20,doors opened
07/06/2025,12,4239,Sunday,Sunday,West,15677716,78300,21:45:00,78303,21:45:03,16,3264,Washington Ave & N. Main Ave (03264),0,0,6,,,79214,22:00:14,,,79214,22:00:14,0,00:00:00,door not opened
07/06/2025,12,4239,Sunday,Sunday,West,15677716,78300,21:45:00,78303,21:45:03,15,1839,Washington Ave & Partridge St (01839),0,0,6,,,79163,21:59:23,,,79163,21:59:23,0,00:00:00,door not opened
07/06/2025,12,4239,Sunday,Sunday,West,15677716,78300,21:45:00,78303,21:45:03,14,1841,Washington Ave & Ontario St (01841),0,1,6,79080.0,21:58:00,79122,21:58:42,79080.0,21:58:00,79139,21:58:59,17,00:00:17,doors opened
07/06/2025,12,4239,Sunday,Sunday,West,15677716,78300,21:45:00,78303,21:45:03,13,1842,Washington Ave & Quail St (01842),2,1,7,,,79059,21:57:39,,,79097,21:58:17,38,00:00:38,doors opened
07/06/2025,12,4239,Sunday,Sunday,West,15677716,78300,21:45:00,78303,21:45:03,12,1837,Washington Ave & N. Lake Ave (01837),0,0,6,,,79032,21:57:12,,,79032,21:57:12,0,00:00:00,door not opened
07/06/2025,12,4239,Sunday,Sunday,West,15677716,78300,21:45:00,78303,21:45:03,11,1843,Washington Ave & Robin St (01843),0,0,6,,,78991,21:56:31,,,78991,21:56:31,0,00:00:00,door not opened
07/06/2025,12,4239,Sunday,Sunday,West,15677716,78300,21:45:00,78303,21:45:03,10,12943,Washington Ave & Lexington Ave (12943),1,0,6,,,78934,21:55:34,,,78964,21:56:04,30,00:00:30,doors opened
07/06/2025,12,4239,Sunday,Sunday,West,15677716,78300,21:45:00,78303,21:45:03,9,12942,Washington Ave & Henry Johnson Blvd (12942),2,0,5,,,78888,21:54:48,,,78901,21:55:01,13,00:00:13,doors opened
07/06/2025,12,4239,Sunday,Sunday,West,15677716,78300,21:45:00,78303,21:45:03,8,3239,Lark/Library Station - Washington Ave & Lark St (03239),1,0,3,78720.0,21:52:00,78761,21:52:41,78720.0,21:52:00,78824,21:53:44,63,00:01:03,doors opened
07/06/2025,12,4239,Sunday,Sunday,West,15677716,78300,21:45:00,78303,21:45:03,7,3301,Washington Ave & S. Swan St (03301),0,0,2,,,78710,21:51:50,,,78710,21:51:50,0,00:00:00,door not opened
07/06/2025,12,4239,Sunday,Sunday,West,15677716,78300,21:45:00,78303,21:45:03,6,3250,Hawk/Capitol Station - Washington Ave & Hawk St (03250),0,0,2,,,78675,21:51:15,,,78675,21:51:15,0,00:00:00,door not opened
07/06/2025,12,4239,Sunday,Sunday,West,15677716,78300,21:45:00,78303,21:45:03,5,10087,State St & Eagle St (10087),0,0,2,,,78643,21:50:43,,,78643,21:50:43,0,00:00:00,door not opened
07/06/2025,12,4239,Sunday,Sunday,West,15677716,78300,21:45:00,78303,21:45:03,4,2665,State/Downtown Station - State St & Lodge St (02665),2,0,2,78540.0,21:49:00,78562,21:49:22,78540.0,21:49:00,78597,21:49:57,35,00:00:35,doors opened
07/06/2025,12,4239,Sunday,Sunday,West,15677716,78300,21:45:00,78303,21:45:03,3,3221,State Station - N. Pearl St & Ten Eyck Plaza (03221),0,0,0,,,78443,21:47:23,,,78443,21:47:23,0,00:00:00,door not opened
07/06/2025,12,4239,Sunday,Sunday,West,15677716,78300,21:45:00,78303,21:45:03,2,3233,N. Pearl St & Sheridan Ave (03233),0,0,0,,,78395,21:46:35,,,78395,21:46:35,0,00:00:00,door not opened
07/06/2025,12,4239,Sunday,Sunday,West,15677716,78300,21:45:00,78303,21:45:03,1,2168,Clinton Square Station - N. Pearl St & Clinton Ave (02168),0,0,0,,,78354,21:45:54,,,78354,21:45:54,0,00:00:00,door not opened
07/06/2025,12,4239,Sunday,Sunday,West,15677716,78300,21:45:00,78303,21:45:03,0,9018,Broadway & Orange St (09018),0,0,0,78300.0,21:45:00,78303,21:45:03,78300.0,21:45:00,78303,21:45:03,0,00:00:00,doors opened
07/06/2025,12,4239,Sunday,Sunday,East,15677719,81300,22:35:00,81364,22:36:04,22,1787,State St & Eagle St (01787),0,0,0,,,82947,23:02:27,,,82947,23:02:27,0,00:00:00,door not opened
07/06/2025,12,4239,Sunday,Sunday,East,15677719,81300,22:35:00,81364,22:36:04,21,2706,Hawk/Capitol Station - Washington Ave & Hawk St (02706),0,0,0,,,82852,23:00:52,,,82852,23:00:52,0,00:00:00,door not opened
07/06/2025,12,4239,Sunday,Sunday,East,15677719,81300,22:35:00,81364,22:36:04,20,1789,Washington Ave & S. Swan St (01789),0,0,0,,,82832,23:00:32,,,82832,23:00:32,0,00:00:00,door not opened
07/06/2025,12,4239,Sunday,Sunday,East,15677719,81300,22:35:00,81364,22:36:04,19,1788,Washington Ave & Dove St (01788),0,0,0,,,82797,22:59:57,,,82797,22:59:57,0,00:00:00,door not opened
07/06/2025,12,4239,Sunday,Sunday,East,15677719,81300,22:35:00,81364,22:36:04,18,2663,Lark/Library Station - Washington Ave & Lark St (02663),0,0,0,82800.0,23:00:00,82778,22:59:38,82800.0,23:00:00,82778,22:59:38,0,00:00:00,door not opened
07/06/2025,12,4239,Sunday,Sunday,East,15677719,81300,22:35:00,81364,22:36:04,17,263,Washington Ave & Henry Johnson Blvd (00263),0,1,0,,,82744,22:59:04,,,82751,22:59:11,7,00:00:07,doors opened
07/06/2025,12,4239,Sunday,Sunday,East,15677719,81300,22:35:00,81364,22:36:04,16,2096,Washington Ave & Lexington Ave (02096),0,0,1,,,82692,22:58:12,,,82692,22:58:12,0,00:00:00,door not opened
07/06/2025,12,4239,Sunday,Sunday,East,15677719,81300,22:35:00,81364,22:36:04,15,3253,Washington Ave & Robin St (Draper Hall) (03253),0,1,1,,,82652,22:57:32,,,82671,22:57:51,19,00:00:19,doors opened
07/06/2025,12,4239,Sunday,Sunday,East,15677719,81300,22:35:00,81364,22:36:04,14,2109,Washington Ave & N. Lake Ave (02109),0,0,2,,,82634,22:57:14,,,82634,22:57:14,0,00:00:00,door not opened
07/06/2025,12,4239,Sunday,Sunday,East,15677719,81300,22:35:00,81364,22:36:04,13,3255,Washington Ave & Quail St (03255),0,1,2,,,82554,22:55:54,,,82580,22:56:20,26,00:00:26,doors opened
07/06/2025,12,4239,Sunday,Sunday,East,15677719,81300,22:35:00,81364,22:36:04,12,3256,Washington Ave & Ontario St (03256),0,0,3,82500.0,22:55:00,82533,22:55:33,82500.0,22:55:00,82533,22:55:33,0,00:00:00,door not opened
07/06/2025,12,4239,Sunday,Sunday,East,15677719,81300,22:35:00,81364,22:36:04,11,2107,Washington Ave & Partridge St (02107),0,0,3,,,82508,22:55:08,,,82508,22:55:08,0,00:00:00,door not opened
07/06/2025,12,4239,Sunday,Sunday,East,15677719,81300,22:35:00,81364,22:36:04,10,3257,Washington Ave & N. Main Ave (03257),0,1,3,,,82394,22:53:14,,,82432,22:53:52,38,00:00:38,doors opened
07/06/2025,12,4239,Sunday,Sunday,East,15677719,81300,22:35:00,81364,22:36:04,9,1796,Washington Ave & N. Allen St (01796),0,0,4,82380.0,22:53:00,82360,22:52:40,82380.0,22:53:00,82360,22:52:40,0,00:00:00,door not opened
07/06/2025,12,4239,Sunday,Sunday,East,15677719,81300,22:35:00,81364,22:36:04,8,11581,Washington Ave & Manning Blvd (11581),0,0,4,,,82319,22:51:59,,,82319,22:51:59,0,00:00:00,door not opened
07/06/2025,12,4239,Sunday,Sunday,East,15677719,81300,22:35:00,81364,22:36:04,7,2180,Washington Ave & Homestead Ave (02180),0,0,4,,,82290,22:51:30,,,82290,22:51:30,0,00:00:00,door not opened
07/06/2025,12,4239,Sunday,Sunday,East,15677719,81300,22:35:00,81364,22:36:04,6,2182,Washington Ave & Hawthorne St (02182),0,0,4,,,82265,22:51:05,,,82265,22:51:05,0,00:00:00,door not opened
07/06/2025,12,4239,Sunday,Sunday,East,15677719,81300,22:35:00,81364,22:36:04,5,3304,Washington Ave & Clermont St (03304),0,0,4,,,82206,22:50:06,,,82206,22:50:06,0,00:00:00,door not opened
07/06/2025,12,4239,Sunday,Sunday,East,15677719,81300,22:35:00,81364,22:36:04,4,3348,Washington Ave & Brevator St (03348),1,0,4,,,82162,22:49:22,,,82181,22:49:41,19,00:00:19,doors opened
07/06/2025,12,4239,Sunday,Sunday,East,15677719,81300,22:35:00,81364,22:36:04,3,10134,Washington Ave & SUNY Exit Rd (10134),0,0,3,,,82033,22:47:13,,,82033,22:47:13,0,00:00:00,door not opened
07/06/2025,12,4239,Sunday,Sunday,East,15677719,81300,22:35:00,81364,22:36:04,2,7216,SUNY Collins Circle (07216),0,0,3,81960.0,22:46:00,81931,22:45:31,81960.0,22:46:00,81931,22:45:31,0,00:00:00,door not opened
07/06/2025,12,4239,Sunday,Sunday,East,15677719,81300,22:35:00,81364,22:36:04,1,12827,Crossgates Commons Station (12827),0,0,3,81660.0,22:41:00,81680,22:41:20,81660.0,22:41:00,81680,22:41:20,0,00:00:00,door not opened
07/06/2025,12,4239,Sunday,Sunday,East,15677719,81300,22:35:00,81364,22:36:04,0,7175,Crossgates Mall Station (07175),3,0,3,81300.0,22:35:00,81364,22:36:04,81300.0,22:35:00,81364,22:36:04,0,00:00:00,doors opened
07/06/2025,12,4239,Sunday,Sunday,East,15677719,81300,22:35:00,81364,22:36:04,24,3940,Broadway & Steuben St (03940),0,0,0,83220.0,23:07:00,83071,23:04:31,83220.0,23:07:00,83071,23:04:31,0,00:00:00,door not opened
07/06/2025,12,4239,Sunday,Sunday,East,15677719,81300,22:35:00,81364,22:36:04,23,2509,State/Downtown Station - State St & S. Pearl St (02509),0,0,0,82980.0,23:03:00,83009,23:03:29,82980.0,23:03:00,83009,23:03:29,0,00:00:00,door not opened
07/06/2025,12,4239,Sunday,Sunday,West,15677722,84300,23:25:00,84342,23:25:42,27,7175,Crossgates Mall Station (07175),0,1,0,86220.0,23:57:00,86071,23:54:31,86220.0,23:57:00,86071,23:54:31,0,00:00:00,doors opened
07/06/2025,12,4239,Sunday,Sunday,West,15677722,84300,23:25:00,84342,23:25:42,26,12828,Crossgates Commons Station (12828),0,0,1,85800.0,23:50:00,85865,23:51:05,85800.0,23:50:00,85865,23:51:05,0,00:00:00,door not opened
07/06/2025,12,4239,Sunday,Sunday,West,15677722,84300,23:25:00,84342,23:25:42,25,12891,1475 Washington Ave (12891),0,0,1,,,85712,23:48:32,,,85712,23:48:32,0,00:00:00,door not opened
07/06/2025,12,4239,Sunday,Sunday,West,15677722,84300,23:25:00,84342,23:25:42,24,7216,SUNY Collins Circle (07216),0,0,1,85500.0,23:45:00,85636,23:47:16,85500.0,23:45:00,85636,23:47:16,0,00:00:00,door not opened
07/06/2025,12,4239,Sunday,Sunday,West,15677722,84300,23:25:00,84342,23:25:42,23,3262,1383 Washington Ave (Fairfield Inn) (03262),0,0,1,,,85550,23:45:50,,,85550,23:45:50,0,00:00:00,door not opened
07/06/2025,12,4239,Sunday,Sunday,West,15677722,84300,23:25:00,84342,23:25:42,22,976,Washington Ave & Brevator St (00976),0,0,1,,,85445,23:44:05,,,85445,23:44:05,0,00:00:00,door not opened
07/06/2025,12,4239,Sunday,Sunday,West,15677722,84300,23:25:00,84342,23:25:42,21,1959,Washington Ave & Colvin Ave (01959),0,0,1,,,85430,23:43:50,,,85430,23:43:50,0,00:00:00,door not opened
07/06/2025,12,4239,Sunday,Sunday,West,15677722,84300,23:25:00,84342,23:25:42,20,3399,Washington Ave & Danker Ave (03399),0,0,1,,,85414,23:43:34,,,85414,23:43:34,0,00:00:00,door not opened
07/06/2025,12,4239,Sunday,Sunday,West,15677722,84300,23:25:00,84342,23:25:42,19,1849,Washington Ave & Homestead Ave (01849),0,0,1,,,85396,23:43:16,,,85396,23:43:16,0,00:00:00,door not opened
07/06/2025,12,4239,Sunday,Sunday,West,15677722,84300,23:25:00,84342,23:25:42,15,1839,Washington Ave & Partridge St (01839),0,0,4,,,85137,23:38:57,,,85137,23:38:57,0,00:00:00,door not opened
07/06/2025,12,4239,Sunday,Sunday,West,15677722,84300,23:25:00,84342,23:25:42,14,1841,Washington Ave & Ontario St (01841),0,0,4,85020.0,23:37:00,85118,23:38:38,85020.0,23:37:00,85118,23:38:38,0,00:00:00,door not opened
07/06/2025,12,4239,Sunday,Sunday,West,15677722,84300,23:25:00,84342,23:25:42,13,1842,Washington Ave & Quail St (01842),0,0,4,,,85104,23:38:24,,,85104,23:38:24,0,00:00:00,door not opened
07/06/2025,12,4239,Sunday,Sunday,West,15677722,84300,23:25:00,84342,23:25:42,12,1837,Washington Ave & N. Lake Ave (01837),0,0,4,,,85035,23:37:15,,,85035,23:37:15,0,00:00:00,door not opened
07/06/2025,12,4239,Sunday,Sunday,West,15677722,84300,23:25:00,84342,23:25:42,11,1843,Washington Ave & Robin St (01843),0,0,4,,,85005,23:36:45,,,85005,23:36:45,0,00:00:00,door not opened
07/06/2025,12,4239,Sunday,Sunday,West,15677722,84300,23:25:00,84342,23:25:42,10,12943,Washington Ave & Lexington Ave (12943),0,0,4,,,84969,23:36:09,,,84969,23:36:09,0,00:00:00,door not opened
07/06/2025,12,4239,Sunday,Sunday,West,15677722,84300,23:25:00,84342,23:25:42,9,12942,Washington Ave & Henry Johnson Blvd (12942),2,0,4,,,84870,23:34:30,,,84889,23:34:49,19,00:00:19,doors opened
07/06/2025,12,4239,Sunday,Sunday,West,15677722,84300,23:25:00,84342,23:25:42,8,3239,Lark/Library Station - Washington Ave & Lark St (03239),0,0,2,84660.0,23:31:00,84757,23:32:37,84660.0,23:31:00,84769,23:32:49,12,00:00:12,doors opened
07/06/2025,12,4239,Sunday,Sunday,West,15677722,84300,23:25:00,84342,23:25:42,7,3301,Washington Ave & S. Swan St (03301),0,0,2,,,84710,23:31:50,,,84710,23:31:50,0,00:00:00,door not opened
07/06/2025,12,4239,Sunday,Sunday,West,15677722,84300,23:25:00,84342,23:25:42,6,3250,Hawk/Capitol Station - Washington Ave & Hawk St (03250),0,0,2,,,84665,23:31:05,,,84665,23:31:05,0,00:00:00,door not opened
07/06/2025,12,4239,Sunday,Sunday,West,15677722,84300,23:25:00,84342,23:25:42,5,10087,State St & Eagle St (10087),0,0,2,,,84631,23:30:31,,,84631,23:30:31,0,00:00:00,door not opened
07/06/2025,12,4239,Sunday,Sunday,West,15677722,84300,23:25:00,84342,23:25:42,4,2665,State/Downtown Station - State St & Lodge St (02665),0,0,2,84480.0,23:28:00,84518,23:28:38,84480.0,23:28:00,84518,23:28:38,0,00:00:00,door not opened
07/06/2025,12,4239,Sunday,Sunday,West,15677722,84300,23:25:00,84342,23:25:42,3,3221,State Station - N. Pearl St & Ten Eyck Plaza (03221),0,0,2,,,84468,23:27:48,,,84468,23:27:48,0,00:00:00,door not opened
07/06/2025,12,4239,Sunday,Sunday,West,15677722,84300,23:25:00,84342,23:25:42,18,1846,Washington Ave & Manning Blvd (01846),0,3,1,,,85317,23:41:57,,,85372,23:42:52,55,00:00:55,doors opened
07/06/2025,12,4239,Sunday,Sunday,West,15677722,84300,23:25:00,84342,23:25:42,17,3287,Washington Ave & N. Allen St (03287),0,0,4,85200.0,23:40:00,85288,23:41:28,85200.0,23:40:00,85288,23:41:28,0,00:00:00,door not opened
07/06/2025,12,4239,Sunday,Sunday,West,15677722,84300,23:25:00,84342,23:25:42,16,3264,Washington Ave & N. Main Ave (03264),0,0,4,,,85255,23:40:55,,,85255,23:40:55,0,00:00:00,door not opened
07/06/2025,12,4239,Sunday,Sunday,West,15677722,84300,23:25:00,84342,23:25:42,2,3233,N. Pearl St & Sheridan Ave (03233),0,0,2,,,84421,23:27:01,,,84421,23:27:01,0,00:00:00,door not opened
07/06/2025,12,4239,Sunday,Sunday,West,15677722,84300,23:25:00,84342,23:25:42,1,2168,Clinton Square Station - N. Pearl St & Clinton Ave (02168),0,0,2,,,84392,23:26:32,,,84392,23:26:32,0,00:00:00,door not opened
07/06/2025,12,4239,Sunday,Sunday,West,15677722,84300,23:25:00,84342,23:25:42,0,9018,Broadway & Orange St (09018),2,0,2,84300.0,23:25:00,84342,23:25:42,84300.0,23:25:00,84342,23:25:42,0,00:00:00,doors opened
07/06/2025,12,4239,Sunday,Sunday,East,15677723,86700,24:05:00,86701,24:05:01,24,3940,Broadway & Steuben St (03940),0,0,0,88440.0,24:34:00,88163,24:29:23,88440.0,24:34:00,88163,24:29:23,0,00:00:00,door not opened
07/06/2025,12,4239,Sunday,Sunday,East,15677723,86700,24:05:00,86701,24:05:01,22,1787,State St & Eagle St (01787),0,0,0,,,88144,24:29:04,,,88144,24:29:04,0,00:00:00,door not opened
07/06/2025,12,4239,Sunday,Sunday,East,15677723,86700,24:05:00,86701,24:05:01,21,2706,Hawk/Capitol Station - Washington Ave & Hawk St (02706),0,0,0,,,88025,24:27:05,,,88025,24:27:05,0,00:00:00,door not opened
07/06/2025,12,4239,Sunday,Sunday,East,15677723,86700,24:05:00,86701,24:05:01,20,1789,Washington Ave & S. Swan St (01789),0,0,0,,,88013,24:26:53,,,88013,24:26:53,0,00:00:00,door not opened
07/06/2025,12,4239,Sunday,Sunday,East,15677723,86700,24:05:00,86701,24:05:01,19,1788,Washington Ave & Dove St (01788),0,0,0,,,87995,24:26:35,,,87995,24:26:35,0,00:00:00,door not opened
07/06/2025,12,4239,Sunday,Sunday,East,15677723,86700,24:05:00,86701,24:05:01,18,2663,Lark/Library Station - Washington Ave & Lark St (02663),0,0,0,88020.0,24:27:00,87966,24:26:06,88020.0,24:27:00,87966,24:26:06,0,00:00:00,door not opened
07/06/2025,12,4239,Sunday,Sunday,East,15677723,86700,24:05:00,86701,24:05:01,17,263,Washington Ave & Henry Johnson Blvd (00263),0,1,0,,,87906,24:25:06,,,87914,24:25:14,8,00:00:08,doors opened
07/06/2025,12,4239,Sunday,Sunday,East,15677723,86700,24:05:00,86701,24:05:01,16,2096,Washington Ave & Lexington Ave (02096),0,0,1,,,87849,24:24:09,,,87849,24:24:09,0,00:00:00,door not opened
07/06/2025,12,4239,Sunday,Sunday,East,15677723,86700,24:05:00,86701,24:05:01,15,3253,Washington Ave & Robin St (Draper Hall) (03253),0,3,1,,,87809,24:23:29,,,87830,24:23:50,21,00:00:21,doors opened
07/06/2025,12,4239,Sunday,Sunday,East,15677723,86700,24:05:00,86701,24:05:01,14,2109,Washington Ave & N. Lake Ave (02109),0,1,4,,,87773,24:22:53,,,87786,24:23:06,13,00:00:13,doors opened
07/06/2025,12,4239,Sunday,Sunday,East,15677723,86700,24:05:00,86701,24:05:01,13,3255,Washington Ave & Quail St (03255),1,0,5,,,87732,24:22:12,,,87743,24:22:23,11,00:00:11,doors opened
07/06/2025,12,4239,Sunday,Sunday,East,15677723,86700,24:05:00,86701,24:05:01,12,3256,Washington Ave & Ontario St (03256),0,0,4,87780.0,24:23:00,87718,24:21:58,87780.0,24:23:00,87718,24:21:58,0,00:00:00,door not opened
07/06/2025,12,4239,Sunday,Sunday,East,15677723,86700,24:05:00,86701,24:05:01,11,2107,Washington Ave & Partridge St (02107),0,0,4,,,87702,24:21:42,,,87702,24:21:42,0,00:00:00,door not opened
07/06/2025,12,4239,Sunday,Sunday,East,15677723,86700,24:05:00,86701,24:05:01,10,3257,Washington Ave & N. Main Ave (03257),0,0,4,,,87654,24:20:54,,,87654,24:20:54,0,00:00:00,door not opened
07/06/2025,12,4239,Sunday,Sunday,East,15677723,86700,24:05:00,86701,24:05:01,9,1796,Washington Ave & N. Allen St (01796),0,0,4,87660.0,24:21:00,87627,24:20:27,87660.0,24:21:00,87627,24:20:27,0,00:00:00,door not opened
07/06/2025,12,4239,Sunday,Sunday,East,15677723,86700,24:05:00,86701,24:05:01,8,11581,Washington Ave & Manning Blvd (11581),0,0,4,,,87593,24:19:53,,,87593,24:19:53,0,00:00:00,door not opened
07/06/2025,12,4239,Sunday,Sunday,East,15677723,86700,24:05:00,86701,24:05:01,7,2180,Washington Ave & Homestead Ave (02180),0,1,4,,,87542,24:19:02,,,87556,24:19:16,14,00:00:14,doors opened
07/06/2025,12,4239,Sunday,Sunday,East,15677723,86700,24:05:00,86701,24:05:01,6,2182,Washington Ave & Hawthorne St (02182),0,0,5,,,87519,24:18:39,,,87519,24:18:39,0,00:00:00,door not opened
07/06/2025,12,4239,Sunday,Sunday,East,15677723,86700,24:05:00,86701,24:05:01,5,3304,Washington Ave & Clermont St (03304),0,0,5,,,87505,24:18:25,,,87505,24:18:25,0,00:00:00,door not opened
07/06/2025,12,4239,Sunday,Sunday,East,15677723,86700,24:05:00,86701,24:05:01,4,3348,Washington Ave & Brevator St (03348),0,0,5,,,87488,24:18:08,,,87488,24:18:08,0,00:00:00,door not opened
07/06/2025,12,4239,Sunday,Sunday,East,15677723,86700,24:05:00,86701,24:05:01,3,10134,Washington Ave & SUNY Exit Rd (10134),0,0,5,,,87374,24:16:14,,,87374,24:16:14,0,00:00:00,door not opened
07/06/2025,12,4239,Sunday,Sunday,East,15677723,86700,24:05:00,86701,24:05:01,2,7216,SUNY Collins Circle (07216),0,1,5,87240.0,24:14:00,87268,24:14:28,87240.0,24:14:00,87280,24:14:40,12,00:00:12,doors opened
07/06/2025,12,4239,Sunday,Sunday,East,15677723,86700,24:05:00,86701,24:05:01,1,12827,Crossgates Commons Station (12827),1,0,6,87000.0,24:10:00,86954,24:09:14,87000.0,24:10:00,86998,24:09:58,44,00:00:44,doors opened
07/06/2025,12,4239,Sunday,Sunday,East,15677723,86700,24:05:00,86701,24:05:01,0,7175,Crossgates Mall Station (07175),5,0,5,86700.0,24:05:00,86701,24:05:01,86700.0,24:05:00,86701,24:05:01,0,00:00:00,doors opened
07/06/2025,12,4244,Sunday,Sunday,East,15677458,58800,16:20:00,58980,16:23:00,24,3940,Broadway & Steuben St (03940),0,0,0,60960.0,16:56:00,61358,17:02:38,60960.0,16:56:00,61358,17:02:38,0,00:00:00,door not opened
07/06/2025,12,4244,Sunday,Sunday,East,15677458,58800,16:20:00,58980,16:23:00,23,2509,State/Downtown Station - State St & S. Pearl St (02509),0,0,0,60720.0,16:52:00,61241,17:00:41,60720.0,16:52:00,61241,17:00:41,0,00:00:00,door not opened
07/06/2025,12,4244,Sunday,Sunday,East,15677458,58800,16:20:00,58980,16:23:00,22,1787,State St & Eagle St (01787),0,2,0,,,61195,16:59:55,,,61210,17:00:10,15,00:00:15,doors opened
07/06/2025,12,4244,Sunday,Sunday,East,15677458,58800,16:20:00,58980,16:23:00,21,2706,Hawk/Capitol Station - Washington Ave & Hawk St (02706),0,0,2,,,61137,16:58:57,,,61137,16:58:57,0,00:00:00,door not opened
07/06/2025,12,4244,Sunday,Sunday,East,15677458,58800,16:20:00,58980,16:23:00,20,1789,Washington Ave & S. Swan St (01789),0,0,2,,,61088,16:58:08,,,61111,16:58:31,23,00:00:23,door not opened
07/06/2025,12,4244,Sunday,Sunday,East,15677458,58800,16:20:00,58980,16:23:00,19,1788,Washington Ave & Dove St (01788),0,0,2,,,61060,16:57:40,,,61060,16:57:40,0,00:00:00,door not opened
07/06/2025,12,4244,Sunday,Sunday,East,15677458,58800,16:20:00,58980,16:23:00,18,2663,Lark/Library Station - Washington Ave & Lark St (02663),0,1,2,60420.0,16:47:00,60990,16:56:30,60420.0,16:47:00,61032,16:57:12,42,00:00:42,doors opened
07/06/2025,12,4244,Sunday,Sunday,East,15677458,58800,16:20:00,58980,16:23:00,17,263,Washington Ave & Henry Johnson Blvd (00263),0,0,3,,,60908,16:55:08,,,60944,16:55:44,36,00:00:36,door not opened
07/06/2025,12,4244,Sunday,Sunday,East,15677458,58800,16:20:00,58980,16:23:00,16,2096,Washington Ave & Lexington Ave (02096),0,1,3,,,60673,16:51:13,,,60872,16:54:32,199,00:03:19,doors opened
07/06/2025,12,4244,Sunday,Sunday,East,15677458,58800,16:20:00,58980,16:23:00,15,3253,Washington Ave & Robin St (Draper Hall) (03253),0,0,4,,,60653,16:50:53,,,60653,16:50:53,0,00:00:00,door not opened
07/06/2025,12,4244,Sunday,Sunday,East,15677458,58800,16:20:00,58980,16:23:00,14,2109,Washington Ave & N. Lake Ave (02109),0,1,4,,,60562,16:49:22,,,60619,16:50:19,57,00:00:57,doors opened
07/06/2025,12,4244,Sunday,Sunday,East,15677458,58800,16:20:00,58980,16:23:00,13,3255,Washington Ave & Quail St (03255),0,4,5,,,60481,16:48:01,,,60531,16:48:51,50,00:00:50,doors opened
07/06/2025,12,4244,Sunday,Sunday,East,15677458,58800,16:20:00,58980,16:23:00,12,3256,Washington Ave & Ontario St (03256),2,0,9,60060.0,16:41:00,60422,16:47:02,60060.0,16:41:00,60450,16:47:30,28,00:00:28,doors opened
07/06/2025,12,4244,Sunday,Sunday,East,15677458,58800,16:20:00,58980,16:23:00,11,2107,Washington Ave & Partridge St (02107),0,0,7,,,60399,16:46:39,,,60399,16:46:39,0,00:00:00,door not opened
07/06/2025,12,4244,Sunday,Sunday,East,15677458,58800,16:20:00,58980,16:23:00,10,3257,Washington Ave & N. Main Ave (03257),0,2,7,,,60309,16:45:09,,,60340,16:45:40,31,00:00:31,doors opened
07/06/2025,12,4244,Sunday,Sunday,East,15677458,58800,16:20:00,58980,16:23:00,9,1796,Washington Ave & N. Allen St (01796),1,7,9,59940.0,16:39:00,60219,16:43:39,59940.0,16:39:00,60268,16:44:28,49,00:00:49,doors opened
07/06/2025,12,4244,Sunday,Sunday,East,15677458,58800,16:20:00,58980,16:23:00,8,11581,Washington Ave & Manning Blvd (11581),0,0,15,,,60148,16:42:28,,,60175,16:42:55,27,00:00:27,door not opened
07/06/2025,12,4244,Sunday,Sunday,East,15677458,58800,16:20:00,58980,16:23:00,7,2180,Washington Ave & Homestead Ave (02180),0,0,15,,,60127,16:42:07,,,60127,16:42:07,0,00:00:00,door not opened
07/06/2025,12,4244,Sunday,Sunday,East,15677458,58800,16:20:00,58980,16:23:00,6,2182,Washington Ave & Hawthorne St (02182),0,0,15,,,60098,16:41:38,,,60098,16:41:38,0,00:00:00,door not opened
07/06/2025,12,4244,Sunday,Sunday,East,15677458,58800,16:20:00,58980,16:23:00,5,3304,Washington Ave & Clermont St (03304),0,1,15,,,60056,16:40:56,,,60070,16:41:10,14,00:00:14,doors opened
07/06/2025,12,4244,Sunday,Sunday,East,15677458,58800,16:20:00,58980,16:23:00,4,3348,Washington Ave & Brevator St (03348),0,0,16,,,60042,16:40:42,,,60042,16:40:42,0,00:00:00,door not opened
07/06/2025,12,4244,Sunday,Sunday,East,15677458,58800,16:20:00,58980,16:23:00,3,10134,Washington Ave & SUNY Exit Rd (10134),1,1,16,,,59903,16:38:23,,,59922,16:38:42,19,00:00:19,doors opened
07/06/2025,12,4244,Sunday,Sunday,East,15677458,58800,16:20:00,58980,16:23:00,2,7216,SUNY Collins Circle (07216),1,2,16,59520.0,16:32:00,59770,16:36:10,59520.0,16:32:00,59791,16:36:31,21,00:00:21,doors opened
07/06/2025,12,4244,Sunday,Sunday,East,15677458,58800,16:20:00,58980,16:23:00,1,12827,Crossgates Commons Station (12827),9,0,17,59220.0,16:27:00,59373,16:29:33,59220.0,16:27:00,59536,16:32:16,163,00:02:43,doors opened
07/06/2025,12,4244,Sunday,Sunday,East,15677458,58800,16:20:00,58980,16:23:00,0,7175,Crossgates Mall Station (07175),9,1,8,58800.0,16:20:00,58980,16:23:00,58800.0,16:20:00,58980,16:23:00,0,00:00:00,doors opened
07/06/2025,12,4248,Sunday,Sunday,West,15677121,35100,09:45:00,35154,09:45:54,27,7175,Crossgates Mall Station (07175),0,10,0,37320.0,10:22:00,37275,10:21:15,37320.0,10:22:00,37275,10:21:15,0,00:00:00,doors opened
07/06/2025,12,4248,Sunday,Sunday,West,15677121,35100,09:45:00,35154,09:45:54,26,12828,Crossgates Commons Station (12828),0,12,10,36900.0,10:15:00,36982,10:16:22,36900.0,10:15:00,37004,10:16:44,22,00:00:22,doors opened
07/06/2025,12,4248,Sunday,Sunday,West,15677121,35100,09:45:00,35154,09:45:54,25,12891,1475 Washington Ave (12891),2,2,22,,,36779,10:12:59,,,36795,10:13:15,16,00:00:16,doors opened
07/06/2025,12,4248,Sunday,Sunday,West,15677121,35100,09:45:00,35154,09:45:54,24,7216,SUNY Collins Circle (07216),0,0,22,36540.0,10:09:00,36626,10:10:26,36540.0,10:09:00,36626,10:10:26,0,00:00:00,door not opened
07/06/2025,12,4248,Sunday,Sunday,West,15677121,35100,09:45:00,35154,09:45:54,23,3262,1383 Washington Ave (Fairfield Inn) (03262),2,0,22,,,36512,10:08:32,,,36527,10:08:47,15,00:00:15,doors opened
07/06/2025,12,4248,Sunday,Sunday,West,15677121,35100,09:45:00,35154,09:45:54,22,976,Washington Ave & Brevator St (00976),0,0,20,,,36393,10:06:33,,,36393,10:06:33,0,00:00:00,door not opened
07/06/2025,12,4248,Sunday,Sunday,West,15677121,35100,09:45:00,35154,09:45:54,21,1959,Washington Ave & Colvin Ave (01959),1,0,20,,,36347,10:05:47,,,36368,10:06:08,21,00:00:21,doors opened
07/06/2025,12,4248,Sunday,Sunday,West,15677121,35100,09:45:00,35154,09:45:54,20,3399,Washington Ave & Danker Ave (03399),1,0,19,,,36298,10:04:58,,,36319,10:05:19,21,00:00:21,doors opened
07/06/2025,12,4248,Sunday,Sunday,West,15677121,35100,09:45:00,35154,09:45:54,19,1849,Washington Ave & Homestead Ave (01849),1,0,18,,,36257,10:04:17,,,36269,10:04:29,12,00:00:12,doors opened
07/06/2025,12,4248,Sunday,Sunday,West,15677121,35100,09:45:00,35154,09:45:54,18,1846,Washington Ave & Manning Blvd (01846),0,0,17,,,36207,10:03:27,,,36234,10:03:54,27,00:00:27,door not opened
07/06/2025,12,4248,Sunday,Sunday,West,15677121,35100,09:45:00,35154,09:45:54,17,3287,Washington Ave & N. Allen St (03287),1,1,17,36180.0,10:03:00,36150,10:02:30,36180.0,10:03:00,36165,10:02:45,15,00:00:15,doors opened
07/06/2025,12,4248,Sunday,Sunday,West,15677121,35100,09:45:00,35154,09:45:54,16,3264,Washington Ave & N. Main Ave (03264),1,0,17,,,36071,10:01:11,,,36114,10:01:54,43,00:00:43,doors opened
07/06/2025,12,4248,Sunday,Sunday,West,15677121,35100,09:45:00,35154,09:45:54,15,1839,Washington Ave & Partridge St (01839),2,0,16,,,35955,09:59:15,,,35997,09:59:57,42,00:00:42,doors opened
07/06/2025,12,4248,Sunday,Sunday,West,15677121,35100,09:45:00,35154,09:45:54,14,1841,Washington Ave & Ontario St (01841),2,0,14,35940.0,09:59:00,35912,09:58:32,35940.0,09:59:00,35930,09:58:50,18,00:00:18,doors opened
07/06/2025,12,4248,Sunday,Sunday,West,15677121,35100,09:45:00,35154,09:45:54,13,1842,Washington Ave & Quail St (01842),2,0,12,,,35861,09:57:41,,,35885,09:58:05,24,00:00:24,doors opened
07/06/2025,12,4248,Sunday,Sunday,West,15677121,35100,09:45:00,35154,09:45:54,12,1837,Washington Ave & N. Lake Ave (01837),1,0,10,,,35815,09:56:55,,,35831,09:57:11,16,00:00:16,doors opened
07/06/2025,12,4248,Sunday,Sunday,West,15677121,35100,09:45:00,35154,09:45:54,11,1843,Washington Ave & Robin St (01843),0,0,9,,,35792,09:56:32,,,35792,09:56:32,0,00:00:00,door not opened
07/06/2025,12,4248,Sunday,Sunday,West,15677121,35100,09:45:00,35154,09:45:54,10,12943,Washington Ave & Lexington Ave (12943),1,0,9,,,35736,09:55:36,,,35765,09:56:05,29,00:00:29,doors opened
07/06/2025,12,4248,Sunday,Sunday,West,15677121,35100,09:45:00,35154,09:45:54,9,12942,Washington Ave & Henry Johnson Blvd (12942),0,0,8,,,35670,09:54:30,,,35670,09:54:30,0,00:00:00,door not opened
07/06/2025,12,4248,Sunday,Sunday,West,15677121,35100,09:45:00,35154,09:45:54,8,3239,Lark/Library Station - Washington Ave & Lark St (03239),2,0,8,35580.0,09:53:00,35534,09:52:14,35580.0,09:53:00,35611,09:53:31,77,00:01:17,doors opened
07/06/2025,12,4248,Sunday,Sunday,West,15677121,35100,09:45:00,35154,09:45:54,7,3301,Washington Ave & S. Swan St (03301),1,0,6,,,35457,09:50:57,,,35491,09:51:31,34,00:00:34,doors opened
07/06/2025,12,4248,Sunday,Sunday,West,15677121,35100,09:45:00,35154,09:45:54,6,3250,Hawk/Capitol Station - Washington Ave & Hawk St (03250),1,0,5,,,35416,09:50:16,,,35429,09:50:29,13,00:00:13,doors opened
07/06/2025,12,4248,Sunday,Sunday,West,15677121,35100,09:45:00,35154,09:45:54,5,10087,State St & Eagle St (10087),0,0,4,,,35391,09:49:51,,,35391,09:49:51,0,00:00:00,door not opened
07/06/2025,12,4248,Sunday,Sunday,West,15677121,35100,09:45:00,35154,09:45:54,4,2665,State/Downtown Station - State St & Lodge St (02665),2,0,4,35340.0,09:49:00,35339,09:48:59,35340.0,09:49:00,35355,09:49:15,16,00:00:16,doors opened
07/06/2025,12,4248,Sunday,Sunday,West,15677121,35100,09:45:00,35154,09:45:54,3,3221,State Station - N. Pearl St & Ten Eyck Plaza (03221),0,0,2,,,35302,09:48:22,,,35313,09:48:33,11,00:00:11,door not opened
07/06/2025,12,4248,Sunday,Sunday,West,15677121,35100,09:45:00,35154,09:45:54,2,3233,N. Pearl St & Sheridan Ave (03233),0,0,2,,,35265,09:47:45,,,35265,09:47:45,0,00:00:00,door not opened
07/06/2025,12,4248,Sunday,Sunday,West,15677121,35100,09:45:00,35154,09:45:54,1,2168,Clinton Square Station - N. Pearl St & Clinton Ave (02168),1,0,2,,,35211,09:46:51,,,35238,09:47:18,27,00:00:27,doors opened
07/06/2025,12,4248,Sunday,Sunday,West,15677121,35100,09:45:00,35154,09:45:54,0,9018,Broadway & Orange St (09018),1,0,1,35100.0,09:45:00,35154,09:45:54,35100.0,09:45:00,35154,09:45:54,0,00:00:00,doors opened
07/06/2025,12,4248,Sunday,Sunday,East,15677169,38400,10:40:00,38553,10:42:33,13,3255,Washington Ave & Quail St (03255),0,6,11,,,39879,11:04:39,,,39917,11:05:17,38,00:00:38,doors opened
07/06/2025,12,4248,Sunday,Sunday,East,15677169,38400,10:40:00,38553,10:42:33,12,3256,Washington Ave & Ontario St (03256),2,0,17,39540.0,10:59:00,39805,11:03:25,39540.0,10:59:00,39854,11:04:14,49,00:00:49,doors opened
07/06/2025,12,4248,Sunday,Sunday,East,15677169,38400,10:40:00,38553,10:42:33,11,2107,Washington Ave & Partridge St (02107),0,0,15,,,39785,11:03:05,,,39785,11:03:05,0,00:00:00,door not opened
07/06/2025,12,4248,Sunday,Sunday,East,15677169,38400,10:40:00,38553,10:42:33,10,3257,Washington Ave & N. Main Ave (03257),0,0,15,,,39682,11:01:22,,,39711,11:01:51,29,00:00:29,door not opened
07/06/2025,12,4248,Sunday,Sunday,East,15677169,38400,10:40:00,38553,10:42:33,9,1796,Washington Ave & N. Allen St (01796),1,0,15,39420.0,10:57:00,39629,11:00:29,39420.0,10:57:00,39642,11:00:42,13,00:00:13,doors opened
07/06/2025,12,4248,Sunday,Sunday,East,15677169,38400,10:40:00,38553,10:42:33,8,11581,Washington Ave & Manning Blvd (11581),0,0,14,,,39597,10:59:57,,,39597,10:59:57,0,00:00:00,door not opened
07/06/2025,12,4248,Sunday,Sunday,East,15677169,38400,10:40:00,38553,10:42:33,7,2180,Washington Ave & Homestead Ave (02180),0,0,14,,,39564,10:59:24,,,39564,10:59:24,0,00:00:00,door not opened
07/06/2025,12,4248,Sunday,Sunday,East,15677169,38400,10:40:00,38553,10:42:33,6,2182,Washington Ave & Hawthorne St (02182),1,0,14,,,39520,10:58:40,,,39534,10:58:54,14,00:00:14,doors opened
07/06/2025,12,4248,Sunday,Sunday,East,15677169,38400,10:40:00,38553,10:42:33,5,3304,Washington Ave & Clermont St (03304),0,0,13,,,39501,10:58:21,,,39501,10:58:21,0,00:00:00,door not opened
07/06/2025,12,4248,Sunday,Sunday,East,15677169,38400,10:40:00,38553,10:42:33,4,3348,Washington Ave & Brevator St (03348),0,0,13,,,39475,10:57:55,,,39475,10:57:55,0,00:00:00,door not opened
07/06/2025,12,4248,Sunday,Sunday,East,15677169,38400,10:40:00,38553,10:42:33,3,10134,Washington Ave & SUNY Exit Rd (10134),0,1,13,,,39316,10:55:16,,,39347,10:55:47,31,00:00:31,doors opened
07/06/2025,12,4248,Sunday,Sunday,East,15677169,38400,10:40:00,38553,10:42:33,2,7216,SUNY Collins Circle (07216),0,2,14,39000.0,10:50:00,39197,10:53:17,39000.0,10:50:00,39219,10:53:39,22,00:00:22,doors opened
07/06/2025,12,4248,Sunday,Sunday,East,15677169,38400,10:40:00,38553,10:42:33,1,12827,Crossgates Commons Station (12827),13,0,16,38760.0,10:46:00,38805,10:46:45,38760.0,10:46:00,38947,10:49:07,142,00:02:22,doors opened
07/06/2025,12,4248,Sunday,Sunday,East,15677169,38400,10:40:00,38553,10:42:33,0,7175,Crossgates Mall Station (07175),2,0,3,38400.0,10:40:00,38553,10:42:33,38400.0,10:40:00,38553,10:42:33,0,00:00:00,doors opened
07/06/2025,12,4248,Sunday,Sunday,East,15677169,38400,10:40:00,38553,10:42:33,24,3940,Broadway & Steuben St (03940),0,0,0,40380.0,11:13:00,41169,11:26:09,40380.0,11:13:00,41169,11:26:09,0,00:00:00,door not opened
07/06/2025,12,4248,Sunday,Sunday,East,15677169,38400,10:40:00,38553,10:42:33,23,2509,State/Downtown Station - State St & S. Pearl St (02509),1,8,0,40140.0,11:09:00,40487,11:14:47,40140.0,11:09:00,40572,11:16:12,85,00:01:25,doors opened
07/06/2025,12,4248,Sunday,Sunday,East,15677169,38400,10:40:00,38553,10:42:33,22,1787,State St & Eagle St (01787),0,0,7,,,40472,11:14:32,,,40472,11:14:32,0,00:00:00,door not opened
07/06/2025,12,4248,Sunday,Sunday,East,15677169,38400,10:40:00,38553,10:42:33,21,2706,Hawk/Capitol Station - Washington Ave & Hawk St (02706),0,0,7,,,40340,11:12:20,,,40340,11:12:20,0,00:00:00,door not opened
07/06/2025,12,4248,Sunday,Sunday,East,15677169,38400,10:40:00,38553,10:42:33,20,1789,Washington Ave & S. Swan St (01789),0,2,7,,,40293,11:11:33,,,40314,11:11:54,21,00:00:21,doors opened
07/06/2025,12,4248,Sunday,Sunday,East,15677169,38400,10:40:00,38553,10:42:33,19,1788,Washington Ave & Dove St (01788),0,0,9,,,40232,11:10:32,,,40269,11:11:09,37,00:00:37,door not opened
07/06/2025,12,4248,Sunday,Sunday,East,15677169,38400,10:40:00,38553,10:42:33,18,2663,Lark/Library Station - Washington Ave & Lark St (02663),1,2,9,39900.0,11:05:00,40129,11:08:49,39900.0,11:05:00,40207,11:10:07,78,00:01:18,doors opened
07/06/2025,12,4248,Sunday,Sunday,East,15677169,38400,10:40:00,38553,10:42:33,17,263,Washington Ave & Henry Johnson Blvd (00263),0,1,10,,,40091,11:08:11,,,40104,11:08:24,13,00:00:13,doors opened
07/06/2025,12,4248,Sunday,Sunday,East,15677169,38400,10:40:00,38553,10:42:33,16,2096,Washington Ave & Lexington Ave (02096),0,1,11,,,40018,11:06:58,,,40029,11:07:09,11,00:00:11,doors opened
07/06/2025,12,4248,Sunday,Sunday,East,15677169,38400,10:40:00,38553,10:42:33,15,3253,Washington Ave & Robin St (Draper Hall) (03253),0,0,12,,,39999,11:06:39,,,39999,11:06:39,0,00:00:00,door not opened
07/06/2025,12,4248,Sunday,Sunday,East,15677169,38400,10:40:00,38553,10:42:33,14,2109,Washington Ave & N. Lake Ave (02109),1,0,12,,,39950,11:05:50,,,39969,11:06:09,19,00:00:19,doors opened
07/06/2025,12,4248,Sunday,Sunday,West,15677172,41100,11:25:00,41232,11:27:12,27,7175,Crossgates Mall Station (07175),0,10,0,43320.0,12:02:00,43310,12:01:50,43320.0,12:02:00,43310,12:01:50,0,00:00:00,doors opened
07/06/2025,12,4248,Sunday,Sunday,West,15677172,41100,11:25:00,41232,11:27:12,26,12828,Crossgates Commons Station (12828),0,8,10,42900.0,11:55:00,43000,11:56:40,42900.0,11:55:00,43030,11:57:10,30,00:00:30,doors opened
07/06/2025,12,4248,Sunday,Sunday,West,15677172,41100,11:25:00,41232,11:27:12,25,12891,1475 Washington Ave (12891),0,0,18,,,42769,11:52:49,,,42769,11:52:49,0,00:00:00,door not opened
07/06/2025,12,4248,Sunday,Sunday,West,15677172,41100,11:25:00,41232,11:27:12,24,7216,SUNY Collins Circle (07216),5,0,18,42540.0,11:49:00,42583,11:49:43,42540.0,11:49:00,42628,11:50:28,45,00:00:45,doors opened
07/06/2025,12,4248,Sunday,Sunday,West,15677172,41100,11:25:00,41232,11:27:12,23,3262,1383 Washington Ave (Fairfield Inn) (03262),0,0,13,,,42503,11:48:23,,,42503,11:48:23,0,00:00:00,door not opened
07/06/2025,12,4248,Sunday,Sunday,West,15677172,41100,11:25:00,41232,11:27:12,22,976,Washington Ave & Brevator St (00976),0,0,13,,,42385,11:46:25,,,42385,11:46:25,0,00:00:00,door not opened
07/06/2025,12,4248,Sunday,Sunday,West,15677172,41100,11:25:00,41232,11:27:12,21,1959,Washington Ave & Colvin Ave (01959),2,0,13,,,42305,11:45:05,,,42358,11:45:58,53,00:00:53,doors opened
07/06/2025,12,4248,Sunday,Sunday,West,15677172,41100,11:25:00,41232,11:27:12,20,3399,Washington Ave & Danker Ave (03399),0,0,11,,,42284,11:44:44,,,42284,11:44:44,0,00:00:00,door not opened
07/06/2025,12,4248,Sunday,Sunday,West,15677172,41100,11:25:00,41232,11:27:12,19,1849,Washington Ave & Homestead Ave (01849),0,0,11,,,42262,11:44:22,,,42262,11:44:22,0,00:00:00,door not opened
07/06/2025,12,4248,Sunday,Sunday,West,15677172,41100,11:25:00,41232,11:27:12,18,1846,Washington Ave & Manning Blvd (01846),0,1,11,,,42199,11:43:19,,,42237,11:43:57,38,00:00:38,doors opened
07/06/2025,12,4248,Sunday,Sunday,West,15677172,41100,11:25:00,41232,11:27:12,17,3287,Washington Ave & N. Allen St (03287),1,0,12,42180.0,11:43:00,42147,11:42:27,42180.0,11:43:00,42167,11:42:47,20,00:00:20,doors opened
07/06/2025,12,4248,Sunday,Sunday,West,15677172,41100,11:25:00,41232,11:27:12,16,3264,Washington Ave & N. Main Ave (03264),2,1,11,,,42047,11:40:47,,,42115,11:41:55,68,00:01:08,doors opened
07/06/2025,12,4248,Sunday,Sunday,West,15677172,41100,11:25:00,41232,11:27:12,15,1839,Washington Ave & Partridge St (01839),0,0,10,,,41977,11:39:37,,,41989,11:39:49,12,00:00:12,door not opened
07/06/2025,12,4248,Sunday,Sunday,West,15677172,41100,11:25:00,41232,11:27:12,14,1841,Washington Ave & Ontario St (01841),0,0,10,41940.0,11:39:00,41924,11:38:44,41940.0,11:39:00,41950,11:39:10,26,00:00:26,doors opened
07/06/2025,12,4248,Sunday,Sunday,West,15677172,41100,11:25:00,41232,11:27:12,13,1842,Washington Ave & Quail St (01842),3,1,10,,,41858,11:37:38,,,41898,11:38:18,40,00:00:40,doors opened
07/06/2025,12,4248,Sunday,Sunday,West,15677172,41100,11:25:00,41232,11:27:12,12,1837,Washington Ave & N. Lake Ave (01837),0,0,8,,,41817,11:36:57,,,41830,11:37:10,13,00:00:13,door not opened
07/06/2025,12,4248,Sunday,Sunday,West,15677172,41100,11:25:00,41232,11:27:12,11,1843,Washington Ave & Robin St (01843),0,0,8,,,41797,11:36:37,,,41797,11:36:37,0,00:00:00,door not opened
07/06/2025,12,4248,Sunday,Sunday,West,15677172,41100,11:25:00,41232,11:27:12,10,12943,Washington Ave & Lexington Ave (12943),0,0,8,,,41771,11:36:11,,,41771,11:36:11,0,00:00:00,door not opened
07/06/2025,12,4248,Sunday,Sunday,West,15677172,41100,11:25:00,41232,11:27:12,9,12942,Washington Ave & Henry Johnson Blvd (12942),3,0,8,,,41678,11:34:38,,,41720,11:35:20,42,00:00:42,doors opened
07/06/2025,12,4248,Sunday,Sunday,West,15677172,41100,11:25:00,41232,11:27:12,8,3239,Lark/Library Station - Washington Ave & Lark St (03239),0,1,5,41580.0,11:33:00,41620,11:33:40,41580.0,11:33:00,41636,11:33:56,16,00:00:16,doors opened
07/06/2025,12,4248,Sunday,Sunday,West,15677172,41100,11:25:00,41232,11:27:12,7,3301,Washington Ave & S. Swan St (03301),1,0,6,,,41554,11:32:34,,,41580,11:33:00,26,00:00:26,doors opened
07/06/2025,12,4248,Sunday,Sunday,West,15677172,41100,11:25:00,41232,11:27:12,6,3250,Hawk/Capitol Station - Washington Ave & Hawk St (03250),0,0,5,,,41532,11:32:12,,,41532,11:32:12,0,00:00:00,door not opened
07/06/2025,12,4248,Sunday,Sunday,West,15677172,41100,11:25:00,41232,11:27:12,5,10087,State St & Eagle St (10087),0,0,5,,,41509,11:31:49,,,41509,11:31:49,0,00:00:00,door not opened
07/06/2025,12,4248,Sunday,Sunday,West,15677172,41100,11:25:00,41232,11:27:12,4,2665,State/Downtown Station - State St & Lodge St (02665),2,0,5,41340.0,11:29:00,41405,11:30:05,41340.0,11:29:00,41431,11:30:31,26,00:00:26,doors opened
07/06/2025,12,4248,Sunday,Sunday,West,15677172,41100,11:25:00,41232,11:27:12,3,3221,State Station - N. Pearl St & Ten Eyck Plaza (03221),3,0,3,,,41310,11:28:30,,,41388,11:29:48,78,00:01:18,doors opened
07/06/2025,12,4248,Sunday,Sunday,West,15677172,41100,11:25:00,41232,11:27:12,2,3233,N. Pearl St & Sheridan Ave (03233),0,0,0,,,41296,11:28:16,,,41296,11:28:16,0,00:00:00,door not opened
07/06/2025,12,4248,Sunday,Sunday,West,15677172,41100,11:25:00,41232,11:27:12,1,2168,Clinton Square Station - N. Pearl St & Clinton Ave (02168),0,0,0,,,41263,11:27:43,,,41263,11:27:43,0,00:00:00,door not opened
07/06/2025,12,4248,Sunday,Sunday,West,15677172,41100,11:25:00,41232,11:27:12,0,9018,Broadway & Orange St (09018),0,0,0,41100.0,11:25:00,41232,11:27:12,41100.0,11:25:00,41232,11:27:12,0,00:00:00,door not opened
07/06/2025,12,4248,Sunday,Sunday,East,15677175,44400,12:20:00,44579,12:22:59,24,3940,Broadway & Steuben St (03940),0,0,0,46500.0,12:55:00,46655,12:57:35,46500.0,12:55:00,46655,12:57:35,0,00:00:00,door not opened
07/06/2025,12,4248,Sunday,Sunday,East,15677175,44400,12:20:00,44579,12:22:59,23,2509,State/Downtown Station - State St & S. Pearl St (02509),0,2,0,46260.0,12:51:00,46503,12:55:03,46260.0,12:51:00,46570,12:56:10,67,00:01:07,doors opened
07/06/2025,12,4248,Sunday,Sunday,East,15677175,44400,12:20:00,44579,12:22:59,22,1787,State St & Eagle St (01787),0,0,2,,,46488,12:54:48,,,46488,12:54:48,0,00:00:00,door not opened
07/06/2025,12,4248,Sunday,Sunday,East,15677175,44400,12:20:00,44579,12:22:59,21,2706,Hawk/Capitol Station - Washington Ave & Hawk St (02706),0,0,2,,,46452,12:54:12,,,46452,12:54:12,0,00:00:00,door not opened
07/06/2025,12,4248,Sunday,Sunday,East,15677175,44400,12:20:00,44579,12:22:59,20,1789,Washington Ave & S. Swan St (01789),0,0,2,,,46434,12:53:54,,,46434,12:53:54,0,00:00:00,door not opened
07/06/2025,12,4248,Sunday,Sunday,East,15677175,44400,12:20:00,44579,12:22:59,19,1788,Washington Ave & Dove St (01788),0,1,2,,,46391,12:53:11,,,46409,12:53:29,18,00:00:18,doors opened
07/06/2025,12,4248,Sunday,Sunday,East,15677175,44400,12:20:00,44579,12:22:59,18,2663,Lark/Library Station - Washington Ave & Lark St (02663),0,3,3,46020.0,12:47:00,46342,12:52:22,46020.0,12:47:00,46363,12:52:43,21,00:00:21,doors opened
07/06/2025,12,4248,Sunday,Sunday,East,15677175,44400,12:20:00,44579,12:22:59,17,263,Washington Ave & Henry Johnson Blvd (00263),0,0,6,,,46312,12:51:52,,,46319,12:51:59,7,00:00:07,door not opened
07/06/2025,12,4248,Sunday,Sunday,East,15677175,44400,12:20:00,44579,12:22:59,16,2096,Washington Ave & Lexington Ave (02096),0,2,6,,,46223,12:50:23,,,46281,12:51:21,58,00:00:58,doors opened
07/06/2025,12,4248,Sunday,Sunday,East,15677175,44400,12:20:00,44579,12:22:59,15,3253,Washington Ave & Robin St (Draper Hall) (03253),0,1,8,,,46183,12:49:43,,,46204,12:50:04,21,00:00:21,doors opened
07/06/2025,12,4248,Sunday,Sunday,East,15677175,44400,12:20:00,44579,12:22:59,14,2109,Washington Ave & N. Lake Ave (02109),0,5,9,,,46128,12:48:48,,,46161,12:49:21,33,00:00:33,doors opened
07/06/2025,12,4248,Sunday,Sunday,East,15677175,44400,12:20:00,44579,12:22:59,13,3255,Washington Ave & Quail St (03255),2,1,14,,,46075,12:47:55,,,46102,12:48:22,27,00:00:27,doors opened
07/06/2025,12,4248,Sunday,Sunday,East,15677175,44400,12:20:00,44579,12:22:59,12,3256,Washington Ave & Ontario St (03256),0,1,13,45660.0,12:41:00,46039,12:47:19,45660.0,12:41:00,46050,12:47:30,11,00:00:11,doors opened
07/06/2025,12,4248,Sunday,Sunday,East,15677175,44400,12:20:00,44579,12:22:59,11,2107,Washington Ave & Partridge St (02107),0,0,14,,,46002,12:46:42,,,46017,12:46:57,15,00:00:15,door not opened
07/06/2025,12,4248,Sunday,Sunday,East,15677175,44400,12:20:00,44579,12:22:59,10,3257,Washington Ave & N. Main Ave (03257),3,0,14,,,45912,12:45:12,,,45948,12:45:48,36,00:00:36,doors opened
07/06/2025,12,4248,Sunday,Sunday,East,15677175,44400,12:20:00,44579,12:22:59,9,1796,Washington Ave & N. Allen St (01796),0,0,11,45540.0,12:39:00,45867,12:44:27,45540.0,12:39:00,45878,12:44:38,11,00:00:11,door not opened
07/06/2025,12,4248,Sunday,Sunday,East,15677175,44400,12:20:00,44579,12:22:59,8,11581,Washington Ave & Manning Blvd (11581),0,0,11,,,45834,12:43:54,,,45834,12:43:54,0,00:00:00,door not opened
07/06/2025,12,4248,Sunday,Sunday,East,15677175,44400,12:20:00,44579,12:22:59,7,2180,Washington Ave & Homestead Ave (02180),0,0,11,,,45813,12:43:33,,,45813,12:43:33,0,00:00:00,door not opened
07/06/2025,12,4248,Sunday,Sunday,East,15677175,44400,12:20:00,44579,12:22:59,6,2182,Washington Ave & Hawthorne St (02182),1,1,11,,,45747,12:42:27,,,45787,12:43:07,40,00:00:40,doors opened
07/06/2025,12,4248,Sunday,Sunday,East,15677175,44400,12:20:00,44579,12:22:59,5,3304,Washington Ave & Clermont St (03304),0,1,11,,,45711,12:41:51,,,45721,12:42:01,10,00:00:10,doors opened
07/06/2025,12,4248,Sunday,Sunday,East,15677175,44400,12:20:00,44579,12:22:59,4,3348,Washington Ave & Brevator St (03348),0,0,12,,,45695,12:41:35,,,45695,12:41:35,0,00:00:00,door not opened
07/06/2025,12,4248,Sunday,Sunday,East,15677175,44400,12:20:00,44579,12:22:59,3,10134,Washington Ave & SUNY Exit Rd (10134),0,0,12,,,45569,12:39:29,,,45569,12:39:29,0,00:00:00,door not opened
07/06/2025,12,4248,Sunday,Sunday,East,15677175,44400,12:20:00,44579,12:22:59,2,7216,SUNY Collins Circle (07216),2,0,12,45120.0,12:32:00,45402,12:36:42,45120.0,12:32:00,45465,12:37:45,63,00:01:03,doors opened
07/06/2025,12,4248,Sunday,Sunday,East,15677175,44400,12:20:00,44579,12:22:59,1,12827,Crossgates Commons Station (12827),8,0,10,44820.0,12:27:00,44931,12:28:51,44820.0,12:27:00,45163,12:32:43,232,00:03:52,doors opened
07/06/2025,12,4248,Sunday,Sunday,East,15677175,44400,12:20:00,44579,12:22:59,0,7175,Crossgates Mall Station (07175),2,0,2,44400.0,12:20:00,44579,12:22:59,44400.0,12:20:00,44579,12:22:59,0,00:00:00,doors opened
07/06/2025,12,4248,Sunday,Sunday,West,15677178,47100,13:05:00,47275,13:07:55,27,7175,Crossgates Mall Station (07175),0,13,0,49320.0,13:42:00,49444,13:44:04,49320.0,13:42:00,49444,13:44:04,0,00:00:00,doors opened
07/06/2025,12,4248,Sunday,Sunday,West,15677178,47100,13:05:00,47275,13:07:55,26,12828,Crossgates Commons Station (12828),0,5,13,48900.0,13:35:00,49149,13:39:09,48900.0,13:35:00,49183,13:39:43,34,00:00:34,doors opened
07/06/2025,12,4248,Sunday,Sunday,West,15677178,47100,13:05:00,47275,13:07:55,25,12891,1475 Washington Ave (12891),0,0,18,,,48975,13:36:15,,,48975,13:36:15,0,00:00:00,door not opened
07/06/2025,12,4248,Sunday,Sunday,West,15677178,47100,13:05:00,47275,13:07:55,24,7216,SUNY Collins Circle (07216),0,0,18,48540.0,13:29:00,48828,13:33:48,48540.0,13:29:00,48828,13:33:48,0,00:00:00,door not opened
07/06/2025,12,4248,Sunday,Sunday,West,15677178,47100,13:05:00,47275,13:07:55,23,3262,1383 Washington Ave (Fairfield Inn) (03262),4,1,18,,,48692,13:31:32,,,48729,13:32:09,37,00:00:37,doors opened
07/06/2025,12,4248,Sunday,Sunday,West,15677178,47100,13:05:00,47275,13:07:55,22,976,Washington Ave & Brevator St (00976),0,0,15,,,48547,13:29:07,,,48568,13:29:28,21,00:00:21,door not opened
07/06/2025,12,4248,Sunday,Sunday,West,15677178,47100,13:05:00,47275,13:07:55,21,1959,Washington Ave & Colvin Ave (01959),0,1,15,,,48502,13:28:22,,,48522,13:28:42,20,00:00:20,doors opened
07/06/2025,12,4248,Sunday,Sunday,West,15677178,47100,13:05:00,47275,13:07:55,20,3399,Washington Ave & Danker Ave (03399),0,2,16,,,48462,13:27:42,,,48474,13:27:54,12,00:00:12,doors opened
07/06/2025,12,4248,Sunday,Sunday,West,15677178,47100,13:05:00,47275,13:07:55,19,1849,Washington Ave & Homestead Ave (01849),0,0,18,,,48439,13:27:19,,,48439,13:27:19,0,00:00:00,door not opened
07/06/2025,12,4248,Sunday,Sunday,West,15677178,47100,13:05:00,47275,13:07:55,18,1846,Washington Ave & Manning Blvd (01846),0,0,18,,,48397,13:26:37,,,48414,13:26:54,17,00:00:17,door not opened
07/06/2025,12,4248,Sunday,Sunday,West,15677178,47100,13:05:00,47275,13:07:55,17,3287,Washington Ave & N. Allen St (03287),2,0,18,48180.0,13:23:00,48338,13:25:38,48180.0,13:23:00,48362,13:26:02,24,00:00:24,doors opened
07/06/2025,12,4248,Sunday,Sunday,West,15677178,47100,13:05:00,47275,13:07:55,16,3264,Washington Ave & N. Main Ave (03264),1,1,16,,,48288,13:24:48,,,48306,13:25:06,18,00:00:18,doors opened
07/06/2025,12,4248,Sunday,Sunday,West,15677178,47100,13:05:00,47275,13:07:55,15,1839,Washington Ave & Partridge St (01839),0,0,16,,,48227,13:23:47,,,48242,13:24:02,15,00:00:15,door not opened
07/06/2025,12,4248,Sunday,Sunday,West,15677178,47100,13:05:00,47275,13:07:55,14,1841,Washington Ave & Ontario St (01841),2,1,16,47940.0,13:19:00,48162,13:22:42,47940.0,13:19:00,48198,13:23:18,36,00:00:36,doors opened
07/06/2025,12,4248,Sunday,Sunday,West,15677178,47100,13:05:00,47275,13:07:55,13,1842,Washington Ave & Quail St (01842),3,0,15,,,48094,13:21:34,,,48139,13:22:19,45,00:00:45,doors opened
07/06/2025,12,4248,Sunday,Sunday,West,15677178,47100,13:05:00,47275,13:07:55,12,1837,Washington Ave & N. Lake Ave (01837),5,1,12,,,48015,13:20:15,,,48070,13:21:10,55,00:00:55,doors opened
07/06/2025,12,4248,Sunday,Sunday,West,15677178,47100,13:05:00,47275,13:07:55,11,1843,Washington Ave & Robin St (01843),0,1,8,,,47972,13:19:32,,,47992,13:19:52,20,00:00:20,doors opened
07/06/2025,12,4248,Sunday,Sunday,West,15677178,47100,13:05:00,47275,13:07:55,10,12943,Washington Ave & Lexington Ave (12943),0,0,9,,,47948,13:19:08,,,47948,13:19:08,0,00:00:00,door not opened
07/06/2025,12,4248,Sunday,Sunday,West,15677178,47100,13:05:00,47275,13:07:55,9,12942,Washington Ave & Henry Johnson Blvd (12942),2,0,9,,,47875,13:17:55,,,47890,13:18:10,15,00:00:15,doors opened
07/06/2025,12,4248,Sunday,Sunday,West,15677178,47100,13:05:00,47275,13:07:55,8,3239,Lark/Library Station - Washington Ave & Lark St (03239),2,0,7,47580.0,13:13:00,47761,13:16:01,47580.0,13:13:00,47797,13:16:37,36,00:00:36,doors opened
07/06/2025,12,4248,Sunday,Sunday,West,15677178,47100,13:05:00,47275,13:07:55,7,3301,Washington Ave & S. Swan St (03301),0,0,5,,,47712,13:15:12,,,47723,13:15:23,11,00:00:11,door not opened
07/06/2025,12,4248,Sunday,Sunday,West,15677178,47100,13:05:00,47275,13:07:55,6,3250,Hawk/Capitol Station - Washington Ave & Hawk St (03250),0,0,5,,,47685,13:14:45,,,47685,13:14:45,0,00:00:00,door not opened
07/06/2025,12,4248,Sunday,Sunday,West,15677178,47100,13:05:00,47275,13:07:55,5,10087,State St & Eagle St (10087),1,0,5,,,47637,13:13:57,,,47652,13:14:12,15,00:00:15,doors opened
07/06/2025,12,4248,Sunday,Sunday,West,15677178,47100,13:05:00,47275,13:07:55,4,2665,State/Downtown Station - State St & Lodge St (02665),1,0,4,47340.0,13:09:00,47487,13:11:27,47340.0,13:09:00,47508,13:11:48,21,00:00:21,doors opened
07/06/2025,12,4248,Sunday,Sunday,West,15677178,47100,13:05:00,47275,13:07:55,3,3221,State Station - N. Pearl St & Ten Eyck Plaza (03221),2,0,3,,,47401,13:10:01,,,47467,13:11:07,66,00:01:06,doors opened
07/06/2025,12,4248,Sunday,Sunday,West,15677178,47100,13:05:00,47275,13:07:55,2,3233,N. Pearl St & Sheridan Ave (03233),0,0,1,,,47332,13:08:52,,,47332,13:08:52,0,00:00:00,door not opened
07/06/2025,12,4248,Sunday,Sunday,West,15677178,47100,13:05:00,47275,13:07:55,1,2168,Clinton Square Station - N. Pearl St & Clinton Ave (02168),1,0,1,,,47304,13:08:24,,,47318,13:08:38,14,00:00:14,doors opened
07/06/2025,12,4248,Sunday,Sunday,West,15677178,47100,13:05:00,47275,13:07:55,0,9018,Broadway & Orange St (09018),0,0,0,47100.0,13:05:00,47275,13:07:55,47100.0,13:05:00,47275,13:07:55,0,00:00:00,doors opened
07/06/2025,12,6016,Sunday,Sunday,East,15676827,62400,17:20:00,62422,17:20:22,13,3255,Washington Ave & Quail St (03255),0,6,11,,,63748,17:42:28,,,63777,17:42:57,29,00:00:29,doors opened
07/06/2025,12,6016,Sunday,Sunday,East,15676827,62400,17:20:00,62422,17:20:22,12,3256,Washington Ave & Ontario St (03256),0,0,17,63660.0,17:41:00,63729,17:42:09,63660.0,17:41:00,63729,17:42:09,0,00:00:00,door not opened
07/06/2025,12,6016,Sunday,Sunday,East,15676827,62400,17:20:00,62422,17:20:22,11,2107,Washington Ave & Partridge St (02107),0,2,17,,,63688,17:41:28,,,63708,17:41:48,20,00:00:20,doors opened
07/06/2025,12,6016,Sunday,Sunday,East,15676827,62400,17:20:00,62422,17:20:22,10,3257,Washington Ave & N. Main Ave (03257),0,0,19,,,63648,17:40:48,,,63648,17:40:48,0,00:00:00,door not opened
07/06/2025,12,6016,Sunday,Sunday,East,15676827,62400,17:20:00,62422,17:20:22,9,1796,Washington Ave & N. Allen St (01796),1,4,19,63540.0,17:39:00,63571,17:39:31,63540.0,17:39:00,63599,17:39:59,28,00:00:28,doors opened
07/06/2025,12,6016,Sunday,Sunday,East,15676827,62400,17:20:00,62422,17:20:22,8,11581,Washington Ave & Manning Blvd (11581),0,0,22,,,63543,17:39:03,,,63543,17:39:03,0,00:00:00,door not opened
07/06/2025,12,6016,Sunday,Sunday,East,15676827,62400,17:20:00,62422,17:20:22,7,2180,Washington Ave & Homestead Ave (02180),0,0,22,,,63490,17:38:10,,,63490,17:38:10,0,00:00:00,door not opened
07/06/2025,12,6016,Sunday,Sunday,East,15676827,62400,17:20:00,62422,17:20:22,6,2182,Washington Ave & Hawthorne St (02182),0,0,22,,,63456,17:37:36,,,63456,17:37:36,0,00:00:00,door not opened
07/06/2025,12,6016,Sunday,Sunday,East,15676827,62400,17:20:00,62422,17:20:22,5,3304,Washington Ave & Clermont St (03304),0,0,22,,,63440,17:37:20,,,63440,17:37:20,0,00:00:00,door not opened
07/06/2025,12,6016,Sunday,Sunday,East,15676827,62400,17:20:00,62422,17:20:22,4,3348,Washington Ave & Brevator St (03348),0,0,22,,,63423,17:37:03,,,63423,17:37:03,0,00:00:00,door not opened
07/06/2025,12,6016,Sunday,Sunday,East,15676827,62400,17:20:00,62422,17:20:22,3,10134,Washington Ave & SUNY Exit Rd (10134),0,0,22,,,63259,17:34:19,,,63293,17:34:53,34,00:00:34,doors opened
07/06/2025,12,6016,Sunday,Sunday,East,15676827,62400,17:20:00,62422,17:20:22,2,7216,SUNY Collins Circle (07216),1,0,22,63120.0,17:32:00,63127,17:32:07,63120.0,17:32:00,63150,17:32:30,23,00:00:23,doors opened
07/06/2025,12,6016,Sunday,Sunday,East,15676827,62400,17:20:00,62422,17:20:22,1,12827,Crossgates Commons Station (12827),8,3,21,62820.0,17:27:00,62798,17:26:38,62820.0,17:27:00,62851,17:27:31,53,00:00:53,doors opened
07/06/2025,12,6016,Sunday,Sunday,East,15676827,62400,17:20:00,62422,17:20:22,0,7175,Crossgates Mall Station (07175),15,0,16,62400.0,17:20:00,62422,17:20:22,62400.0,17:20:00,62422,17:20:22,0,00:00:00,doors opened
07/06/2025,12,6016,Sunday,Sunday,East,15676827,62400,17:20:00,62422,17:20:22,24,3940,Broadway & Steuben St (03940),0,1,0,64560.0,17:56:00,64485,17:54:45,64560.0,17:56:00,64485,17:54:45,0,00:00:00,doors opened
07/06/2025,12,6016,Sunday,Sunday,East,15676827,62400,17:20:00,62422,17:20:22,23,2509,State/Downtown Station - State St & S. Pearl St (02509),0,5,1,64320.0,17:52:00,64356,17:52:36,64320.0,17:52:00,64420,17:53:40,64,00:01:04,doors opened
07/06/2025,12,6016,Sunday,Sunday,East,15676827,62400,17:20:00,62422,17:20:22,22,1787,State St & Eagle St (01787),0,2,6,,,64309,17:51:49,,,64330,17:52:10,21,00:00:21,doors opened
07/06/2025,12,6016,Sunday,Sunday,East,15676827,62400,17:20:00,62422,17:20:22,21,2706,Hawk/Capitol Station - Washington Ave & Hawk St (02706),0,0,8,,,64175,17:49:35,,,64175,17:49:35,0,00:00:00,door not opened
07/06/2025,12,6016,Sunday,Sunday,East,15676827,62400,17:20:00,62422,17:20:22,20,1789,Washington Ave & S. Swan St (01789),1,1,8,,,64128,17:48:48,,,64149,17:49:09,21,00:00:21,doors opened
07/06/2025,12,6016,Sunday,Sunday,East,15676827,62400,17:20:00,62422,17:20:22,19,1788,Washington Ave & Dove St (01788),0,0,8,,,64104,17:48:24,,,64104,17:48:24,0,00:00:00,door not opened
07/06/2025,12,6016,Sunday,Sunday,East,15676827,62400,17:20:00,62422,17:20:22,18,2663,Lark/Library Station - Washington Ave & Lark St (02663),5,5,8,64020.0,17:47:00,63988,17:46:28,64020.0,17:47:00,64082,17:48:02,94,00:01:34,doors opened
07/06/2025,12,6016,Sunday,Sunday,East,15676827,62400,17:20:00,62422,17:20:22,17,263,Washington Ave & Henry Johnson Blvd (00263),0,1,8,,,63902,17:45:02,,,63951,17:45:51,49,00:00:49,doors opened
07/06/2025,12,6016,Sunday,Sunday,East,15676827,62400,17:20:00,62422,17:20:22,16,2096,Washington Ave & Lexington Ave (02096),0,2,9,,,63841,17:44:01,,,63860,17:44:20,19,00:00:19,doors opened
07/06/2025,12,6016,Sunday,Sunday,East,15676827,62400,17:20:00,62422,17:20:22,15,3253,Washington Ave & Robin St (Draper Hall) (03253),0,0,11,,,63823,17:43:43,,,63823,17:43:43,0,00:00:00,door not opened
07/06/2025,12,6016,Sunday,Sunday,East,15676827,62400,17:20:00,62422,17:20:22,14,2109,Washington Ave & N. Lake Ave (02109),0,0,11,,,63804,17:43:24,,,63804,17:43:24,0,00:00:00,door not opened
07/06/2025,12,6016,Sunday,Sunday,West,15676830,65100,18:05:00,65097,18:04:57,27,7175,Crossgates Mall Station (07175),0,4,0,67260.0,18:41:00,67476,18:44:36,67260.0,18:41:00,67476,18:44:36,0,00:00:00,doors opened
07/06/2025,12,6016,Sunday,Sunday,West,15676830,65100,18:05:00,65097,18:04:57,26,12828,Crossgates Commons Station (12828),0,2,4,66840.0,18:34:00,67215,18:40:15,66840.0,18:34:00,67242,18:40:42,27,00:00:27,doors opened
07/06/2025,12,6016,Sunday,Sunday,West,15676830,65100,18:05:00,65097,18:04:57,25,12891,1475 Washington Ave (12891),0,1,6,,,67027,18:37:07,,,67040,18:37:20,13,00:00:13,doors opened
07/06/2025,12,6016,Sunday,Sunday,West,15676830,65100,18:05:00,65097,18:04:57,24,7216,SUNY Collins Circle (07216),0,0,7,66480.0,18:28:00,66903,18:35:03,66480.0,18:28:00,66919,18:35:19,16,00:00:16,doors opened
07/06/2025,12,6016,Sunday,Sunday,West,15676830,65100,18:05:00,65097,18:04:57,23,3262,1383 Washington Ave (Fairfield Inn) (03262),0,2,7,,,66795,18:33:15,,,66813,18:33:33,18,00:00:18,doors opened
07/06/2025,12,6016,Sunday,Sunday,West,15676830,65100,18:05:00,65097,18:04:57,22,976,Washington Ave & Brevator St (00976),4,2,9,,,66614,18:30:14,,,66677,18:31:17,63,00:01:03,doors opened
07/06/2025,12,6016,Sunday,Sunday,West,15676830,65100,18:05:00,65097,18:04:57,21,1959,Washington Ave & Colvin Ave (01959),1,3,7,,,66565,18:29:25,,,66589,18:29:49,24,00:00:24,doors opened
07/06/2025,12,6016,Sunday,Sunday,West,15676830,65100,18:05:00,65097,18:04:57,20,3399,Washington Ave & Danker Ave (03399),0,0,9,,,66539,18:28:59,,,66539,18:28:59,0,00:00:00,door not opened
07/06/2025,12,6016,Sunday,Sunday,West,15676830,65100,18:05:00,65097,18:04:57,19,1849,Washington Ave & Homestead Ave (01849),0,1,9,,,66498,18:28:18,,,66513,18:28:33,15,00:00:15,doors opened
07/06/2025,12,6016,Sunday,Sunday,West,15676830,65100,18:05:00,65097,18:04:57,18,1846,Washington Ave & Manning Blvd (01846),0,0,10,,,66479,18:27:59,,,66479,18:27:59,0,00:00:00,door not opened
07/06/2025,12,6016,Sunday,Sunday,West,15676830,65100,18:05:00,65097,18:04:57,17,3287,Washington Ave & N. Allen St (03287),0,0,10,66120.0,18:22:00,66450,18:27:30,66120.0,18:22:00,66450,18:27:30,0,00:00:00,door not opened
07/06/2025,12,6016,Sunday,Sunday,West,15676830,65100,18:05:00,65097,18:04:57,16,3264,Washington Ave & N. Main Ave (03264),0,4,10,,,66399,18:26:39,,,66425,18:27:05,26,00:00:26,doors opened
07/06/2025,12,6016,Sunday,Sunday,West,15676830,65100,18:05:00,65097,18:04:57,15,1839,Washington Ave & Partridge St (01839),0,0,14,,,66339,18:25:39,,,66339,18:25:39,0,00:00:00,door not opened
07/06/2025,12,6016,Sunday,Sunday,West,15676830,65100,18:05:00,65097,18:04:57,14,1841,Washington Ave & Ontario St (01841),0,0,14,65940.0,18:19:00,66292,18:24:52,65940.0,18:19:00,66292,18:24:52,0,00:00:00,door not opened
07/06/2025,12,6016,Sunday,Sunday,West,15676830,65100,18:05:00,65097,18:04:57,13,1842,Washington Ave & Quail St (01842),2,1,14,,,66228,18:23:48,,,66254,18:24:14,26,00:00:26,doors opened
07/06/2025,12,6016,Sunday,Sunday,West,15676830,65100,18:05:00,65097,18:04:57,12,1837,Washington Ave & N. Lake Ave (01837),1,1,13,,,66171,18:22:51,,,66204,18:23:24,33,00:00:33,doors opened
07/06/2025,12,6016,Sunday,Sunday,West,15676830,65100,18:05:00,65097,18:04:57,11,1843,Washington Ave & Robin St (01843),0,0,13,,,66154,18:22:34,,,66154,18:22:34,0,00:00:00,door not opened
07/06/2025,12,6016,Sunday,Sunday,West,15676830,65100,18:05:00,65097,18:04:57,10,12943,Washington Ave & Lexington Ave (12943),0,0,13,,,66133,18:22:13,,,66133,18:22:13,0,00:00:00,door not opened
07/06/2025,12,6016,Sunday,Sunday,West,15676830,65100,18:05:00,65097,18:04:57,9,12942,Washington Ave & Henry Johnson Blvd (12942),3,0,13,,,65996,18:19:56,,,66021,18:20:21,25,00:00:25,doors opened
07/06/2025,12,6016,Sunday,Sunday,West,15676830,65100,18:05:00,65097,18:04:57,8,3239,Lark/Library Station - Washington Ave & Lark St (03239),3,7,10,65580.0,18:13:00,65737,18:15:37,65580.0,18:13:00,65914,18:18:34,177,00:02:57,doors opened
07/06/2025,12,6016,Sunday,Sunday,West,15676830,65100,18:05:00,65097,18:04:57,7,3301,Washington Ave & S. Swan St (03301),0,0,14,,,65697,18:14:57,,,65697,18:14:57,0,00:00:00,door not opened
07/06/2025,12,6016,Sunday,Sunday,West,15676830,65100,18:05:00,65097,18:04:57,6,3250,Hawk/Capitol Station - Washington Ave & Hawk St (03250),2,0,14,,,65635,18:13:55,,,65663,18:14:23,28,00:00:28,doors opened
07/06/2025,12,6016,Sunday,Sunday,West,15676830,65100,18:05:00,65097,18:04:57,5,10087,State St & Eagle St (10087),0,0,12,,,65608,18:13:28,,,65608,18:13:28,0,00:00:00,door not opened
07/06/2025,12,6016,Sunday,Sunday,West,15676830,65100,18:05:00,65097,18:04:57,4,2665,State/Downtown Station - State St & Lodge St (02665),2,1,12,65340.0,18:09:00,65545,18:12:25,65340.0,18:09:00,65570,18:12:50,25,00:00:25,doors opened
07/06/2025,12,6016,Sunday,Sunday,West,15676830,65100,18:05:00,65097,18:04:57,3,3221,State Station - N. Pearl St & Ten Eyck Plaza (03221),3,0,11,,,65403,18:10:03,,,65515,18:11:55,112,00:01:52,doors opened
07/06/2025,12,6016,Sunday,Sunday,West,15676830,65100,18:05:00,65097,18:04:57,2,3233,N. Pearl St & Sheridan Ave (03233),0,0,8,,,65368,18:09:28,,,65368,18:09:28,0,00:00:00,door not opened
07/06/2025,12,6016,Sunday,Sunday,West,15676830,65100,18:05:00,65097,18:04:57,1,2168,Clinton Square Station - N. Pearl St & Clinton Ave (02168),7,0,8,,,65176,18:06:16,,,65352,18:09:12,176,00:02:56,doors opened
07/06/2025,12,6016,Sunday,Sunday,West,15676830,65100,18:05:00,65097,18:04:57,0,9018,Broadway & Orange St (09018),0,0,1,65100.0,18:05:00,65097,18:04:57,65100.0,18:05:00,65097,18:04:57,0,00:00:00,door not opened
07/06/2025,12,6016,Sunday,Sunday,East,15676833,68400,19:00:00,68422,19:00:22,4,3348,Washington Ave & Brevator St (03348),0,0,22,,,69369,19:16:09,,,69369,19:16:09,0,00:00:00,door not opened
07/06/2025,12,6016,Sunday,Sunday,East,15676833,68400,19:00:00,68422,19:00:22,3,10134,Washington Ave & SUNY Exit Rd (10134),1,1,22,,,69225,19:13:45,,,69248,19:14:08,23,00:00:23,doors opened
07/06/2025,12,6016,Sunday,Sunday,East,15676833,68400,19:00:00,68422,19:00:22,2,7216,SUNY Collins Circle (07216),1,0,22,69120.0,19:12:00,69104,19:11:44,69120.0,19:12:00,69123,19:12:03,19,00:00:19,doors opened
07/06/2025,12,6016,Sunday,Sunday,East,15676833,68400,19:00:00,68422,19:00:22,1,12827,Crossgates Commons Station (12827),7,0,21,68820.0,19:07:00,68761,19:06:01,68820.0,19:07:00,68808,19:06:48,47,00:00:47,doors opened
07/06/2025,12,6016,Sunday,Sunday,East,15676833,68400,19:00:00,68422,19:00:22,0,7175,Crossgates Mall Station (07175),14,0,14,68400.0,19:00:00,68422,19:00:22,68400.0,19:00:00,68422,19:00:22,0,00:00:00,doors opened
07/06/2025,12,6016,Sunday,Sunday,East,15676833,68400,19:00:00,68422,19:00:22,24,3940,Broadway & Steuben St (03940),0,0,0,70560.0,19:36:00,70394,19:33:14,70560.0,19:36:00,70394,19:33:14,0,00:00:00,door not opened
07/06/2025,12,6016,Sunday,Sunday,East,15676833,68400,19:00:00,68422,19:00:22,23,2509,State/Downtown Station - State St & S. Pearl St (02509),0,2,0,70320.0,19:32:00,70232,19:30:32,70320.0,19:32:00,70311,19:31:51,79,00:01:19,doors opened
07/06/2025,12,6016,Sunday,Sunday,East,15676833,68400,19:00:00,68422,19:00:22,22,1787,State St & Eagle St (01787),0,2,2,,,70191,19:29:51,,,70208,19:30:08,17,00:00:17,doors opened
07/06/2025,12,6016,Sunday,Sunday,East,15676833,68400,19:00:00,68422,19:00:22,21,2706,Hawk/Capitol Station - Washington Ave & Hawk St (02706),0,0,4,,,70148,19:29:08,,,70148,19:29:08,0,00:00:00,door not opened
07/06/2025,12,6016,Sunday,Sunday,East,15676833,68400,19:00:00,68422,19:00:22,20,1789,Washington Ave & S. Swan St (01789),0,0,4,,,70127,19:28:47,,,70127,19:28:47,0,00:00:00,door not opened
07/06/2025,12,6016,Sunday,Sunday,East,15676833,68400,19:00:00,68422,19:00:22,19,1788,Washington Ave & Dove St (01788),0,0,4,,,70097,19:28:17,,,70097,19:28:17,0,00:00:00,door not opened
07/06/2025,12,6016,Sunday,Sunday,East,15676833,68400,19:00:00,68422,19:00:22,18,2663,Lark/Library Station - Washington Ave & Lark St (02663),0,0,4,70020.0,19:27:00,70080,19:28:00,70020.0,19:27:00,70080,19:28:00,0,00:00:00,door not opened
07/06/2025,12,6016,Sunday,Sunday,East,15676833,68400,19:00:00,68422,19:00:22,17,263,Washington Ave & Henry Johnson Blvd (00263),0,0,4,,,70059,19:27:39,,,70059,19:27:39,0,00:00:00,door not opened
07/06/2025,12,6016,Sunday,Sunday,East,15676833,68400,19:00:00,68422,19:00:22,16,2096,Washington Ave & Lexington Ave (02096),0,0,4,,,69913,19:25:13,,,69913,19:25:13,0,00:00:00,door not opened
07/06/2025,12,6016,Sunday,Sunday,East,15676833,68400,19:00:00,68422,19:00:22,15,3253,Washington Ave & Robin St (Draper Hall) (03253),0,0,4,,,69893,19:24:53,,,69893,19:24:53,0,00:00:00,door not opened
07/06/2025,12,6016,Sunday,Sunday,East,15676833,68400,19:00:00,68422,19:00:22,14,2109,Washington Ave & N. Lake Ave (02109),0,1,4,,,69835,19:23:55,,,69849,19:24:09,14,00:00:14,doors opened
07/06/2025,12,6016,Sunday,Sunday,East,15676833,68400,19:00:00,68422,19:00:22,13,3255,Washington Ave & Quail St (03255),0,12,5,,,69760,19:22:40,,,69797,19:23:17,37,00:00:37,doors opened
07/06/2025,12,6016,Sunday,Sunday,East,15676833,68400,19:00:00,68422,19:00:22,12,3256,Washington Ave & Ontario St (03256),0,0,17,69660.0,19:21:00,69738,19:22:18,69660.0,19:21:00,69738,19:22:18,0,00:00:00,door not opened
07/06/2025,12,6016,Sunday,Sunday,East,15676833,68400,19:00:00,68422,19:00:22,11,2107,Washington Ave & Partridge St (02107),0,1,17,,,69700,19:21:40,,,69720,19:22:00,20,00:00:20,doors opened
07/06/2025,12,6016,Sunday,Sunday,East,15676833,68400,19:00:00,68422,19:00:22,10,3257,Washington Ave & N. Main Ave (03257),0,1,18,,,69629,19:20:29,,,69655,19:20:55,26,00:00:26,doors opened
07/06/2025,12,6016,Sunday,Sunday,East,15676833,68400,19:00:00,68422,19:00:22,9,1796,Washington Ave & N. Allen St (01796),1,2,19,69540.0,19:19:00,69571,19:19:31,69540.0,19:19:00,69596,19:19:56,25,00:00:25,doors opened
07/06/2025,12,6016,Sunday,Sunday,East,15676833,68400,19:00:00,68422,19:00:22,8,11581,Washington Ave & Manning Blvd (11581),0,1,20,,,69471,19:17:51,,,69537,19:18:57,66,00:01:06,doors opened
07/06/2025,12,6016,Sunday,Sunday,East,15676833,68400,19:00:00,68422,19:00:22,7,2180,Washington Ave & Homestead Ave (02180),0,1,21,,,69427,19:17:07,,,69446,19:17:26,19,00:00:19,doors opened
07/06/2025,12,6016,Sunday,Sunday,East,15676833,68400,19:00:00,68422,19:00:22,6,2182,Washington Ave & Hawthorne St (02182),0,0,22,,,69402,19:16:42,,,69402,19:16:42,0,00:00:00,door not opened
07/06/2025,12,6016,Sunday,Sunday,East,15676833,68400,19:00:00,68422,19:00:22,5,3304,Washington Ave & Clermont St (03304),0,0,22,,,69386,19:16:26,,,69386,19:16:26,0,00:00:00,door not opened
07/06/2025,12,6016,Sunday,Sunday,West,15676909,71100,19:45:00,71109,19:45:09,14,1841,Washington Ave & Ontario St (01841),0,0,8,71940.0,19:59:00,71921,19:58:41,71940.0,19:59:00,71921,19:58:41,0,00:00:00,door not opened
07/06/2025,12,6016,Sunday,Sunday,West,15676909,71100,19:45:00,71109,19:45:09,13,1842,Washington Ave & Quail St (01842),3,0,8,,,71866,19:57:46,,,71896,19:58:16,30,00:00:30,doors opened
07/06/2025,12,6016,Sunday,Sunday,West,15676909,71100,19:45:00,71109,19:45:09,12,1837,Washington Ave & N. Lake Ave (01837),0,0,5,,,71840,19:57:20,,,71840,19:57:20,0,00:00:00,door not opened
07/06/2025,12,6016,Sunday,Sunday,West,15676909,71100,19:45:00,71109,19:45:09,11,1843,Washington Ave & Robin St (01843),0,0,5,,,71820,19:57:00,,,71820,19:57:00,0,00:00:00,door not opened
07/06/2025,12,6016,Sunday,Sunday,West,15676909,71100,19:45:00,71109,19:45:09,10,12943,Washington Ave & Lexington Ave (12943),0,0,5,,,71799,19:56:39,,,71799,19:56:39,0,00:00:00,door not opened
07/06/2025,12,6016,Sunday,Sunday,West,15676909,71100,19:45:00,71109,19:45:09,9,12942,Washington Ave & Henry Johnson Blvd (12942),0,0,5,,,71772,19:56:12,,,71772,19:56:12,0,00:00:00,door not opened
07/06/2025,12,6016,Sunday,Sunday,West,15676909,71100,19:45:00,71109,19:45:09,8,3239,Lark/Library Station - Washington Ave & Lark St (03239),0,0,5,71580.0,19:53:00,71665,19:54:25,71580.0,19:53:00,71665,19:54:25,0,00:00:00,door not opened
07/06/2025,12,6016,Sunday,Sunday,West,15676909,71100,19:45:00,71109,19:45:09,7,3301,Washington Ave & S. Swan St (03301),0,0,5,,,71600,19:53:20,,,71600,19:53:20,0,00:00:00,door not opened
07/06/2025,12,6016,Sunday,Sunday,West,15676909,71100,19:45:00,71109,19:45:09,6,3250,Hawk/Capitol Station - Washington Ave & Hawk St (03250),0,0,5,,,71555,19:52:35,,,71555,19:52:35,0,00:00:00,door not opened
07/06/2025,12,6016,Sunday,Sunday,West,15676909,71100,19:45:00,71109,19:45:09,5,10087,State St & Eagle St (10087),3,0,5,,,71481,19:51:21,,,71525,19:52:05,44,00:00:44,doors opened
07/06/2025,12,6016,Sunday,Sunday,West,15676909,71100,19:45:00,71109,19:45:09,4,2665,State/Downtown Station - State St & Lodge St (02665),0,0,2,71340.0,19:49:00,71366,19:49:26,71340.0,19:49:00,71366,19:49:26,0,00:00:00,door not opened
07/06/2025,12,6016,Sunday,Sunday,West,15676909,71100,19:45:00,71109,19:45:09,3,3221,State Station - N. Pearl St & Ten Eyck Plaza (03221),1,0,2,,,71280,19:48:00,,,71312,19:48:32,32,00:00:32,doors opened
07/06/2025,12,6016,Sunday,Sunday,West,15676909,71100,19:45:00,71109,19:45:09,2,3233,N. Pearl St & Sheridan Ave (03233),0,0,1,,,71245,19:47:25,,,71245,19:47:25,0,00:00:00,door not opened
07/06/2025,12,6016,Sunday,Sunday,West,15676909,71100,19:45:00,71109,19:45:09,27,7175,Crossgates Mall Station (07175),0,2,0,73200.0,20:20:00,73224,20:20:24,73200.0,20:20:00,73224,20:20:24,0,00:00:00,doors opened
07/06/2025,12,6016,Sunday,Sunday,West,15676909,71100,19:45:00,71109,19:45:09,26,12828,Crossgates Commons Station (12828),0,0,2,72780.0,20:13:00,72923,20:15:23,72780.0,20:13:00,72923,20:15:23,0,00:00:00,door not opened
07/06/2025,12,6016,Sunday,Sunday,West,15676909,71100,19:45:00,71109,19:45:09,25,12891,1475 Washington Ave (12891),0,1,2,,,72667,20:11:07,,,72683,20:11:23,16,00:00:16,doors opened
07/06/2025,12,6016,Sunday,Sunday,West,15676909,71100,19:45:00,71109,19:45:09,24,7216,SUNY Collins Circle (07216),0,1,3,72480.0,20:08:00,72547,20:09:07,72480.0,20:08:00,72566,20:09:26,19,00:00:19,doors opened
07/06/2025,12,6016,Sunday,Sunday,West,15676909,71100,19:45:00,71109,19:45:09,23,3262,1383 Washington Ave (Fairfield Inn) (03262),1,6,4,,,72380,20:06:20,,,72449,20:07:29,69,00:01:09,doors opened
07/06/2025,12,6016,Sunday,Sunday,West,15676909,71100,19:45:00,71109,19:45:09,22,976,Washington Ave & Brevator St (00976),1,0,9,,,72239,20:03:59,,,72256,20:04:16,17,00:00:17,doors opened
07/06/2025,12,6016,Sunday,Sunday,West,15676909,71100,19:45:00,71109,19:45:09,21,1959,Washington Ave & Colvin Ave (01959),0,0,8,,,72219,20:03:39,,,72219,20:03:39,0,00:00:00,door not opened
07/06/2025,12,6016,Sunday,Sunday,West,15676909,71100,19:45:00,71109,19:45:09,20,3399,Washington Ave & Danker Ave (03399),0,0,8,,,72186,20:03:06,,,72186,20:03:06,0,00:00:00,door not opened
07/06/2025,12,6016,Sunday,Sunday,West,15676909,71100,19:45:00,71109,19:45:09,19,1849,Washington Ave & Homestead Ave (01849),0,1,8,,,72145,20:02:25,,,72163,20:02:43,18,00:00:18,doors opened
07/06/2025,12,6016,Sunday,Sunday,West,15676909,71100,19:45:00,71109,19:45:09,18,1846,Washington Ave & Manning Blvd (01846),0,0,9,,,72121,20:02:01,,,72121,20:02:01,0,00:00:00,door not opened
07/06/2025,12,6016,Sunday,Sunday,West,15676909,71100,19:45:00,71109,19:45:09,17,3287,Washington Ave & N. Allen St (03287),1,0,9,72120.0,20:02:00,72035,20:00:35,72120.0,20:02:00,72054,20:00:54,19,00:00:19,doors opened
07/06/2025,12,6016,Sunday,Sunday,West,15676909,71100,19:45:00,71109,19:45:09,16,3264,Washington Ave & N. Main Ave (03264),0,0,8,,,72005,20:00:05,,,72005,20:00:05,0,00:00:00,door not opened
07/06/2025,12,6016,Sunday,Sunday,West,15676909,71100,19:45:00,71109,19:45:09,15,1839,Washington Ave & Partridge St (01839),0,0,8,,,71942,19:59:02,,,71942,19:59:02,0,00:00:00,door not opened
07/06/2025,12,6016,Sunday,Sunday,West,15676909,71100,19:45:00,71109,19:45:09,1,2168,Clinton Square Station - N. Pearl St & Clinton Ave (02168),0,0,1,,,71227,19:47:07,,,71227,19:47:07,0,00:00:00,door not opened
07/06/2025,12,6016,Sunday,Sunday,West,15676909,71100,19:45:00,71109,19:45:09,0,9018,Broadway & Orange St (09018),0,0,1,71100.0,19:45:00,71109,19:45:09,71100.0,19:45:00,71109,19:45:09,0,00:00:00,door not opened
07/06/2025,12,6016,Sunday,Sunday,East,15676912,74400,20:40:00,74644,20:44:04,17,263,Washington Ave & Henry Johnson Blvd (00263),0,0,6,,,76220,21:10:20,,,76220,21:10:20,0,00:00:00,door not opened
07/06/2025,12,6016,Sunday,Sunday,East,15676912,74400,20:40:00,74644,20:44:04,16,2096,Washington Ave & Lexington Ave (02096),0,0,6,,,76148,21:09:08,,,76148,21:09:08,0,00:00:00,door not opened
07/06/2025,12,6016,Sunday,Sunday,East,15676912,74400,20:40:00,74644,20:44:04,15,3253,Washington Ave & Robin St (Draper Hall) (03253),0,0,6,,,76125,21:08:45,,,76125,21:08:45,0,00:00:00,door not opened
07/06/2025,12,6016,Sunday,Sunday,East,15676912,74400,20:40:00,74644,20:44:04,14,2109,Washington Ave & N. Lake Ave (02109),0,1,6,,,76069,21:07:49,,,76093,21:08:13,24,00:00:24,doors opened
07/06/2025,12,6016,Sunday,Sunday,East,15676912,74400,20:40:00,74644,20:44:04,13,3255,Washington Ave & Quail St (03255),0,3,7,,,76000,21:06:40,,,76043,21:07:23,43,00:00:43,doors opened
07/06/2025,12,6016,Sunday,Sunday,East,15676912,74400,20:40:00,74644,20:44:04,12,3256,Washington Ave & Ontario St (03256),0,1,10,75660.0,21:01:00,75940,21:05:40,75660.0,21:01:00,75975,21:06:15,35,00:00:35,doors opened
07/06/2025,12,6016,Sunday,Sunday,East,15676912,74400,20:40:00,74644,20:44:04,11,2107,Washington Ave & Partridge St (02107),2,0,11,,,75899,21:04:59,,,75915,21:05:15,16,00:00:16,doors opened
07/06/2025,12,6016,Sunday,Sunday,East,15676912,74400,20:40:00,74644,20:44:04,10,3257,Washington Ave & N. Main Ave (03257),0,0,9,,,75848,21:04:08,,,75848,21:04:08,0,00:00:00,door not opened
07/06/2025,12,6016,Sunday,Sunday,East,15676912,74400,20:40:00,74644,20:44:04,9,1796,Washington Ave & N. Allen St (01796),0,1,9,75540.0,20:59:00,75768,21:02:48,75540.0,20:59:00,75815,21:03:35,47,00:00:47,doors opened
07/06/2025,12,6016,Sunday,Sunday,East,15676912,74400,20:40:00,74644,20:44:04,8,11581,Washington Ave & Manning Blvd (11581),0,2,10,,,75641,21:00:41,,,75733,21:02:13,92,00:01:32,doors opened
07/06/2025,12,6016,Sunday,Sunday,East,15676912,74400,20:40:00,74644,20:44:04,7,2180,Washington Ave & Homestead Ave (02180),0,0,12,,,75619,21:00:19,,,75619,21:00:19,0,00:00:00,door not opened
07/06/2025,12,6016,Sunday,Sunday,East,15676912,74400,20:40:00,74644,20:44:04,6,2182,Washington Ave & Hawthorne St (02182),0,0,12,,,75592,20:59:52,,,75592,20:59:52,0,00:00:00,door not opened
07/06/2025,12,6016,Sunday,Sunday,East,15676912,74400,20:40:00,74644,20:44:04,5,3304,Washington Ave & Clermont St (03304),3,0,12,,,75508,20:58:28,,,75564,20:59:24,56,00:00:56,doors opened
07/06/2025,12,6016,Sunday,Sunday,East,15676912,74400,20:40:00,74644,20:44:04,4,3348,Washington Ave & Brevator St (03348),1,0,9,,,75466,20:57:46,,,75485,20:58:05,19,00:00:19,doors opened
07/06/2025,12,6016,Sunday,Sunday,East,15676912,74400,20:40:00,74644,20:44:04,3,10134,Washington Ave & SUNY Exit Rd (10134),1,1,8,,,75317,20:55:17,,,75345,20:55:45,28,00:00:28,doors opened
07/06/2025,12,6016,Sunday,Sunday,East,15676912,74400,20:40:00,74644,20:44:04,2,7216,SUNY Collins Circle (07216),0,0,8,75120.0,20:52:00,75209,20:53:29,75120.0,20:52:00,75209,20:53:29,0,00:00:00,door not opened
07/06/2025,12,6016,Sunday,Sunday,East,15676912,74400,20:40:00,74644,20:44:04,1,12827,Crossgates Commons Station (12827),8,0,8,74820.0,20:47:00,74862,20:47:42,74820.0,20:47:00,74905,20:48:25,43,00:00:43,doors opened
07/06/2025,12,6016,Sunday,Sunday,East,15676912,74400,20:40:00,74644,20:44:04,0,7175,Crossgates Mall Station (07175),0,0,0,74400.0,20:40:00,74644,20:44:04,74400.0,20:40:00,74644,20:44:04,0,00:00:00,door not opened
07/06/2025,12,6016,Sunday,Sunday,East,15676912,74400,20:40:00,74644,20:44:04,24,3940,Broadway & Steuben St (03940),0,1,0,76500.0,21:15:00,76554,21:15:54,76500.0,21:15:00,76554,21:15:54,0,00:00:00,doors opened
07/06/2025,12,6016,Sunday,Sunday,East,15676912,74400,20:40:00,74644,20:44:04,23,2509,State/Downtown Station - State St & S. Pearl St (02509),0,2,1,76260.0,21:11:00,76459,21:14:19,76260.0,21:11:00,76480,21:14:40,21,00:00:21,doors opened
07/06/2025,12,6016,Sunday,Sunday,East,15676912,74400,20:40:00,74644,20:44:04,22,1787,State St & Eagle St (01787),0,0,3,,,76440,21:14:00,,,76440,21:14:00,0,00:00:00,door not opened
07/06/2025,12,6016,Sunday,Sunday,East,15676912,74400,20:40:00,74644,20:44:04,21,2706,Hawk/Capitol Station - Washington Ave & Hawk St (02706),0,0,3,,,76360,21:12:40,,,76360,21:12:40,0,00:00:00,door not opened
07/06/2025,12,6016,Sunday,Sunday,East,15676912,74400,20:40:00,74644,20:44:04,20,1789,Washington Ave & S. Swan St (01789),0,0,3,,,76338,21:12:18,,,76338,21:12:18,0,00:00:00,door not opened
07/06/2025,12,6016,Sunday,Sunday,East,15676912,74400,20:40:00,74644,20:44:04,19,1788,Washington Ave & Dove St (01788),0,1,3,,,76298,21:11:38,,,76311,21:11:51,13,00:00:13,doors opened
07/06/2025,12,6016,Sunday,Sunday,East,15676912,74400,20:40:00,74644,20:44:04,18,2663,Lark/Library Station - Washington Ave & Lark St (02663),0,2,4,76020.0,21:07:00,76253,21:10:53,76020.0,21:07:00,76270,21:11:10,17,00:00:17,doors opened
07/06/2025,12,6016,Sunday,Sunday,West,15676915,77100,21:25:00,77122,21:25:22,15,1839,Washington Ave & Partridge St (01839),0,1,13,,,77933,21:38:53,,,77952,21:39:12,19,00:00:19,doors opened
07/06/2025,12,6016,Sunday,Sunday,West,15676915,77100,21:25:00,77122,21:25:22,14,1841,Washington Ave & Ontario St (01841),1,2,14,77880.0,21:38:00,77864,21:37:44,77880.0,21:38:00,77910,21:38:30,46,00:00:46,doors opened
07/06/2025,12,6016,Sunday,Sunday,West,15676915,77100,21:25:00,77122,21:25:22,13,1842,Washington Ave & Quail St (01842),1,0,15,,,77810,21:36:50,,,77841,21:37:21,31,00:00:31,doors opened
07/06/2025,12,6016,Sunday,Sunday,West,15676915,77100,21:25:00,77122,21:25:22,12,1837,Washington Ave & N. Lake Ave (01837),1,0,14,,,77745,21:35:45,,,77780,21:36:20,35,00:00:35,doors opened
07/06/2025,12,6016,Sunday,Sunday,West,15676915,77100,21:25:00,77122,21:25:22,11,1843,Washington Ave & Robin St (01843),0,0,13,,,77725,21:35:25,,,77725,21:35:25,0,00:00:00,door not opened
07/06/2025,12,6016,Sunday,Sunday,West,15676915,77100,21:25:00,77122,21:25:22,10,12943,Washington Ave & Lexington Ave (12943),0,0,13,,,77699,21:34:59,,,77699,21:34:59,0,00:00:00,door not opened
07/06/2025,12,6016,Sunday,Sunday,West,15676915,77100,21:25:00,77122,21:25:22,9,12942,Washington Ave & Henry Johnson Blvd (12942),5,0,13,,,77634,21:33:54,,,77666,21:34:26,32,00:00:32,doors opened
07/06/2025,12,6016,Sunday,Sunday,West,15676915,77100,21:25:00,77122,21:25:22,8,3239,Lark/Library Station - Washington Ave & Lark St (03239),1,0,8,77520.0,21:32:00,77500,21:31:40,77520.0,21:32:00,77521,21:32:01,21,00:00:21,doors opened
07/06/2025,12,6016,Sunday,Sunday,West,15676915,77100,21:25:00,77122,21:25:22,7,3301,Washington Ave & S. Swan St (03301),0,0,7,,,77460,21:31:00,,,77460,21:31:00,0,00:00:00,door not opened
07/06/2025,12,6016,Sunday,Sunday,West,15676915,77100,21:25:00,77122,21:25:22,6,3250,Hawk/Capitol Station - Washington Ave & Hawk St (03250),0,0,7,,,77408,21:30:08,,,77408,21:30:08,0,00:00:00,door not opened
07/06/2025,12,6016,Sunday,Sunday,West,15676915,77100,21:25:00,77122,21:25:22,5,10087,State St & Eagle St (10087),0,0,7,,,77375,21:29:35,,,77375,21:29:35,0,00:00:00,door not opened
07/06/2025,12,6016,Sunday,Sunday,West,15676915,77100,21:25:00,77122,21:25:22,4,2665,State/Downtown Station - State St & Lodge St (02665),1,0,7,77340.0,21:29:00,77324,21:28:44,77340.0,21:29:00,77340,21:29:00,16,00:00:16,doors opened
07/06/2025,12,6016,Sunday,Sunday,West,15676915,77100,21:25:00,77122,21:25:22,3,3221,State Station - N. Pearl St & Ten Eyck Plaza (03221),3,0,6,,,77266,21:27:46,,,77289,21:28:09,23,00:00:23,doors opened
07/06/2025,12,6016,Sunday,Sunday,West,15676915,77100,21:25:00,77122,21:25:22,2,3233,N. Pearl St & Sheridan Ave (03233),0,0,3,,,77230,21:27:10,,,77230,21:27:10,0,00:00:00,door not opened
07/06/2025,12,6016,Sunday,Sunday,West,15676915,77100,21:25:00,77122,21:25:22,27,7175,Crossgates Mall Station (07175),0,4,0,79140.0,21:59:00,79203,22:00:03,79140.0,21:59:00,79203,22:00:03,0,00:00:00,doors opened
07/06/2025,12,6016,Sunday,Sunday,West,15676915,77100,21:25:00,77122,21:25:22,26,12828,Crossgates Commons Station (12828),0,2,4,78720.0,21:52:00,78880,21:54:40,78720.0,21:52:00,78896,21:54:56,16,00:00:16,doors opened
07/06/2025,12,6016,Sunday,Sunday,West,15676915,77100,21:25:00,77122,21:25:22,25,12891,1475 Washington Ave (12891),0,0,6,,,78695,21:51:35,,,78695,21:51:35,0,00:00:00,door not opened
07/06/2025,12,6016,Sunday,Sunday,West,15676915,77100,21:25:00,77122,21:25:22,24,7216,SUNY Collins Circle (07216),0,1,6,78420.0,21:47:00,78581,21:49:41,78420.0,21:47:00,78598,21:49:58,17,00:00:17,doors opened
07/06/2025,12,6016,Sunday,Sunday,West,15676915,77100,21:25:00,77122,21:25:22,23,3262,1383 Washington Ave (Fairfield Inn) (03262),0,2,7,,,78463,21:47:43,,,78486,21:48:06,23,00:00:23,doors opened
07/06/2025,12,6016,Sunday,Sunday,West,15676915,77100,21:25:00,77122,21:25:22,22,976,Washington Ave & Brevator St (00976),0,0,9,,,78331,21:45:31,,,78331,21:45:31,0,00:00:00,door not opened
07/06/2025,12,6016,Sunday,Sunday,West,15676915,77100,21:25:00,77122,21:25:22,21,1959,Washington Ave & Colvin Ave (01959),0,2,9,,,78271,21:44:31,,,78293,21:44:53,22,00:00:22,doors opened
07/06/2025,12,6016,Sunday,Sunday,West,15676915,77100,21:25:00,77122,21:25:22,20,3399,Washington Ave & Danker Ave (03399),0,0,11,,,78247,21:44:07,,,78247,21:44:07,0,00:00:00,door not opened
07/06/2025,12,6016,Sunday,Sunday,West,15676915,77100,21:25:00,77122,21:25:22,19,1849,Washington Ave & Homestead Ave (01849),1,0,11,,,78202,21:43:22,,,78220,21:43:40,18,00:00:18,doors opened
07/06/2025,12,6016,Sunday,Sunday,West,15676915,77100,21:25:00,77122,21:25:22,18,1846,Washington Ave & Manning Blvd (01846),0,0,10,,,78180,21:43:00,,,78180,21:43:00,0,00:00:00,door not opened
07/06/2025,12,6016,Sunday,Sunday,West,15676915,77100,21:25:00,77122,21:25:22,17,3287,Washington Ave & N. Allen St (03287),0,1,10,78060.0,21:41:00,78088,21:41:28,78060.0,21:41:00,78107,21:41:47,19,00:00:19,doors opened
07/06/2025,12,6016,Sunday,Sunday,West,15676915,77100,21:25:00,77122,21:25:22,16,3264,Washington Ave & N. Main Ave (03264),0,2,11,,,78024,21:40:24,,,78054,21:40:54,30,00:00:30,doors opened
07/06/2025,12,6016,Sunday,Sunday,West,15676915,77100,21:25:00,77122,21:25:22,1,2168,Clinton Square Station - N. Pearl St & Clinton Ave (02168),2,0,3,,,77175,21:26:15,,,77213,21:26:53,38,00:00:38,doors opened
07/06/2025,12,6016,Sunday,Sunday,West,15676915,77100,21:25:00,77122,21:25:22,0,9018,Broadway & Orange St (09018),0,0,1,77100.0,21:25:00,77122,21:25:22,77100.0,21:25:00,77122,21:25:22,0,00:00:00,door not opened
07/06/2025,12,6016,Sunday,Sunday,East,15676916,79500,22:05:00,79631,22:07:11,24,3940,Broadway & Steuben St (03940),0,1,0,81480.0,22:38:00,81664,22:41:04,81480.0,22:38:00,81664,22:41:04,0,00:00:00,doors opened
07/06/2025,12,6016,Sunday,Sunday,East,15676916,79500,22:05:00,79631,22:07:11,23,2509,State/Downtown Station - State St & S. Pearl St (02509),0,9,1,81240.0,22:34:00,81555,22:39:15,81240.0,22:34:00,81579,22:39:39,24,00:00:24,doors opened
07/06/2025,12,6016,Sunday,Sunday,East,15676916,79500,22:05:00,79631,22:07:11,22,1787,State St & Eagle St (01787),0,0,10,,,81517,22:38:37,,,81535,22:38:55,18,00:00:18,doors opened
07/06/2025,12,6016,Sunday,Sunday,East,15676916,79500,22:05:00,79631,22:07:11,21,2706,Hawk/Capitol Station - Washington Ave & Hawk St (02706),0,0,10,,,81427,22:37:07,,,81427,22:37:07,0,00:00:00,door not opened
07/06/2025,12,6016,Sunday,Sunday,East,15676916,79500,22:05:00,79631,22:07:11,20,1789,Washington Ave & S. Swan St (01789),0,0,10,,,81407,22:36:47,,,81407,22:36:47,0,00:00:00,door not opened
07/06/2025,12,6016,Sunday,Sunday,East,15676916,79500,22:05:00,79631,22:07:11,19,1788,Washington Ave & Dove St (01788),0,0,10,,,81383,22:36:23,,,81383,22:36:23,0,00:00:00,door not opened
07/06/2025,12,6016,Sunday,Sunday,East,15676916,79500,22:05:00,79631,22:07:11,18,2663,Lark/Library Station - Washington Ave & Lark St (02663),1,0,10,81060.0,22:31:00,81345,22:35:45,81060.0,22:31:00,81361,22:36:01,16,00:00:16,doors opened
07/06/2025,12,6016,Sunday,Sunday,East,15676916,79500,22:05:00,79631,22:07:11,17,263,Washington Ave & Henry Johnson Blvd (00263),0,1,9,,,81299,22:34:59,,,81312,22:35:12,13,00:00:13,doors opened
07/06/2025,12,6016,Sunday,Sunday,East,15676916,79500,22:05:00,79631,22:07:11,16,2096,Washington Ave & Lexington Ave (02096),0,1,10,,,81249,22:34:09,,,81264,22:34:24,15,00:00:15,doors opened
07/06/2025,12,6016,Sunday,Sunday,East,15676916,79500,22:05:00,79631,22:07:11,15,3253,Washington Ave & Robin St (Draper Hall) (03253),0,0,11,,,81232,22:33:52,,,81232,22:33:52,0,00:00:00,door not opened
07/06/2025,12,6016,Sunday,Sunday,East,15676916,79500,22:05:00,79631,22:07:11,14,2109,Washington Ave & N. Lake Ave (02109),0,0,11,,,81194,22:33:14,,,81194,22:33:14,0,00:00:00,door not opened
07/06/2025,12,6016,Sunday,Sunday,East,15676916,79500,22:05:00,79631,22:07:11,13,3255,Washington Ave & Quail St (03255),3,4,11,,,81098,22:31:38,,,81153,22:32:33,55,00:00:55,doors opened
07/06/2025,12,6016,Sunday,Sunday,East,15676916,79500,22:05:00,79631,22:07:11,12,3256,Washington Ave & Ontario St (03256),0,6,12,80700.0,22:25:00,81033,22:30:33,80700.0,22:25:00,81076,22:31:16,43,00:00:43,doors opened
07/06/2025,12,6016,Sunday,Sunday,East,15676916,79500,22:05:00,79631,22:07:11,11,2107,Washington Ave & Partridge St (02107),3,1,18,,,80981,22:29:41,,,81007,22:30:07,26,00:00:26,doors opened
07/06/2025,12,6016,Sunday,Sunday,East,15676916,79500,22:05:00,79631,22:07:11,10,3257,Washington Ave & N. Main Ave (03257),0,1,16,,,80899,22:28:19,,,80935,22:28:55,36,00:00:36,doors opened
07/06/2025,12,6016,Sunday,Sunday,East,15676916,79500,22:05:00,79631,22:07:11,9,1796,Washington Ave & N. Allen St (01796),0,1,17,80580.0,22:23:00,80852,22:27:32,80580.0,22:23:00,80869,22:27:49,17,00:00:17,doors opened
07/06/2025,12,6016,Sunday,Sunday,East,15676916,79500,22:05:00,79631,22:07:11,8,11581,Washington Ave & Manning Blvd (11581),1,0,18,,,80767,22:26:07,,,80816,22:26:56,49,00:00:49,doors opened
07/06/2025,12,6016,Sunday,Sunday,East,15676916,79500,22:05:00,79631,22:07:11,7,2180,Washington Ave & Homestead Ave (02180),0,3,17,,,80722,22:25:22,,,80742,22:25:42,20,00:00:20,doors opened
07/06/2025,12,6016,Sunday,Sunday,East,15676916,79500,22:05:00,79631,22:07:11,6,2182,Washington Ave & Hawthorne St (02182),0,0,20,,,80693,22:24:53,,,80693,22:24:53,0,00:00:00,door not opened
07/06/2025,12,6016,Sunday,Sunday,East,15676916,79500,22:05:00,79631,22:07:11,5,3304,Washington Ave & Clermont St (03304),0,0,20,,,80677,22:24:37,,,80677,22:24:37,0,00:00:00,door not opened
07/06/2025,12,6016,Sunday,Sunday,East,15676916,79500,22:05:00,79631,22:07:11,4,3348,Washington Ave & Brevator St (03348),0,0,20,,,80650,22:24:10,,,80650,22:24:10,0,00:00:00,door not opened
07/06/2025,12,6016,Sunday,Sunday,East,15676916,79500,22:05:00,79631,22:07:11,3,10134,Washington Ave & SUNY Exit Rd (10134),0,2,20,,,80493,22:21:33,,,80518,22:21:58,25,00:00:25,doors opened
07/06/2025,12,6016,Sunday,Sunday,East,15676916,79500,22:05:00,79631,22:07:11,2,7216,SUNY Collins Circle (07216),0,0,22,80160.0,22:16:00,80385,22:19:45,80160.0,22:16:00,80385,22:19:45,0,00:00:00,door not opened
07/06/2025,12,6016,Sunday,Sunday,East,15676916,79500,22:05:00,79631,22:07:11,1,12827,Crossgates Commons Station (12827),18,0,22,79860.0,22:11:00,79939,22:12:19,79860.0,22:11:00,80069,22:14:29,130,00:02:10,doors opened
07/06/2025,12,6016,Sunday,Sunday,East,15676916,79500,22:05:00,79631,22:07:11,0,7175,Crossgates Mall Station (07175),4,0,4,79500.0,22:05:00,79631,22:07:11,79500.0,22:05:00,79631,22:07:11,0,00:00:00,doors opened
07/06/2025,12,6016,Sunday,Sunday,West,15676919,82500,22:55:00,82564,22:56:04,23,3262,1383 Washington Ave (Fairfield Inn) (03262),0,8,2,,,83850,23:17:30,,,83866,23:17:46,16,00:00:16,doors opened
07/06/2025,12,6016,Sunday,Sunday,West,15676919,82500,22:55:00,82564,22:56:04,22,976,Washington Ave & Brevator St (00976),0,0,10,,,83705,23:15:05,,,83705,23:15:05,0,00:00:00,door not opened
07/06/2025,12,6016,Sunday,Sunday,West,15676919,82500,22:55:00,82564,22:56:04,21,1959,Washington Ave & Colvin Ave (01959),0,0,10,,,83683,23:14:43,,,83683,23:14:43,0,00:00:00,door not opened
07/06/2025,12,6016,Sunday,Sunday,West,15676919,82500,22:55:00,82564,22:56:04,20,3399,Washington Ave & Danker Ave (03399),0,0,10,,,83627,23:13:47,,,83627,23:13:47,0,00:00:00,door not opened
07/06/2025,12,6016,Sunday,Sunday,West,15676919,82500,22:55:00,82564,22:56:04,19,1849,Washington Ave & Homestead Ave (01849),0,0,10,,,83608,23:13:28,,,83608,23:13:28,0,00:00:00,door not opened
07/06/2025,12,6016,Sunday,Sunday,West,15676919,82500,22:55:00,82564,22:56:04,18,1846,Washington Ave & Manning Blvd (01846),0,0,10,,,83581,23:13:01,,,83581,23:13:01,0,00:00:00,door not opened
07/06/2025,12,6016,Sunday,Sunday,West,15676919,82500,22:55:00,82564,22:56:04,17,3287,Washington Ave & N. Allen St (03287),0,0,10,83400.0,23:10:00,83509,23:11:49,83400.0,23:10:00,83509,23:11:49,0,00:00:00,door not opened
07/06/2025,12,6016,Sunday,Sunday,West,15676919,82500,22:55:00,82564,22:56:04,16,3264,Washington Ave & N. Main Ave (03264),0,0,10,,,83461,23:11:01,,,83461,23:11:01,0,00:00:00,door not opened
07/06/2025,12,6016,Sunday,Sunday,West,15676919,82500,22:55:00,82564,22:56:04,15,1839,Washington Ave & Partridge St (01839),0,0,10,,,83403,23:10:03,,,83403,23:10:03,0,00:00:00,door not opened
07/06/2025,12,6016,Sunday,Sunday,West,15676919,82500,22:55:00,82564,22:56:04,14,1841,Washington Ave & Ontario St (01841),0,0,10,83220.0,23:07:00,83382,23:09:42,83220.0,23:07:00,83382,23:09:42,0,00:00:00,door not opened
07/06/2025,12,6016,Sunday,Sunday,West,15676919,82500,22:55:00,82564,22:56:04,13,1842,Washington Ave & Quail St (01842),0,2,10,,,83319,23:08:39,,,83357,23:09:17,38,00:00:38,doors opened
07/06/2025,12,6016,Sunday,Sunday,West,15676919,82500,22:55:00,82564,22:56:04,12,1837,Washington Ave & N. Lake Ave (01837),0,0,12,,,83241,23:07:21,,,83288,23:08:08,47,00:00:47,doors opened
07/06/2025,12,6016,Sunday,Sunday,West,15676919,82500,22:55:00,82564,22:56:04,11,1843,Washington Ave & Robin St (01843),0,0,12,,,83218,23:06:58,,,83218,23:06:58,0,00:00:00,door not opened
07/06/2025,12,6016,Sunday,Sunday,West,15676919,82500,22:55:00,82564,22:56:04,10,12943,Washington Ave & Lexington Ave (12943),0,2,12,,,83171,23:06:11,,,83189,23:06:29,18,00:00:18,doors opened
07/06/2025,12,6016,Sunday,Sunday,West,15676919,82500,22:55:00,82564,22:56:04,9,12942,Washington Ave & Henry Johnson Blvd (12942),0,0,14,,,83100,23:05:00,,,83100,23:05:00,0,00:00:00,door not opened
07/06/2025,12,6016,Sunday,Sunday,West,15676919,82500,22:55:00,82564,22:56:04,8,3239,Lark/Library Station - Washington Ave & Lark St (03239),1,0,14,82860.0,23:01:00,82926,23:02:06,82860.0,23:01:00,82965,23:02:45,39,00:00:39,doors opened
07/06/2025,12,6016,Sunday,Sunday,West,15676919,82500,22:55:00,82564,22:56:04,7,3301,Washington Ave & S. Swan St (03301),0,0,13,,,82889,23:01:29,,,82889,23:01:29,0,00:00:00,door not opened
07/06/2025,12,6016,Sunday,Sunday,West,15676919,82500,22:55:00,82564,22:56:04,6,3250,Hawk/Capitol Station - Washington Ave & Hawk St (03250),0,0,13,,,82843,23:00:43,,,82858,23:00:58,15,00:00:15,doors opened
07/06/2025,12,6016,Sunday,Sunday,West,15676919,82500,22:55:00,82564,22:56:04,5,10087,State St & Eagle St (10087),0,0,13,,,82812,23:00:12,,,82812,23:00:12,0,00:00:00,door not opened
07/06/2025,12,6016,Sunday,Sunday,West,15676919,82500,22:55:00,82564,22:56:04,4,2665,State/Downtown Station - State St & Lodge St (02665),0,0,13,82680.0,22:58:00,82754,22:59:14,82680.0,22:58:00,82754,22:59:14,0,00:00:00,door not opened
07/06/2025,12,6016,Sunday,Sunday,West,15676919,82500,22:55:00,82564,22:56:04,3,3221,State Station - N. Pearl St & Ten Eyck Plaza (03221),1,0,13,,,82663,22:57:43,,,82724,22:58:44,61,00:01:01,doors opened
07/06/2025,12,6016,Sunday,Sunday,West,15676919,82500,22:55:00,82564,22:56:04,2,3233,N. Pearl St & Sheridan Ave (03233),0,0,12,,,82629,22:57:09,,,82629,22:57:09,0,00:00:00,door not opened
07/06/2025,12,6016,Sunday,Sunday,West,15676919,82500,22:55:00,82564,22:56:04,1,2168,Clinton Square Station - N. Pearl St & Clinton Ave (02168),0,0,12,,,82616,22:56:56,,,82616,22:56:56,0,00:00:00,door not opened
07/06/2025,12,6016,Sunday,Sunday,West,15676919,82500,22:55:00,82564,22:56:04,0,9018,Broadway & Orange St (09018),1,0,12,82500.0,22:55:00,82564,22:56:04,82500.0,22:55:00,82564,22:56:04,0,00:00:00,doors opened
07/06/2025,12,6016,Sunday,Sunday,West,15676919,82500,22:55:00,82564,22:56:04,27,7175,Crossgates Mall Station (07175),0,2,0,84420.0,23:27:00,84479,23:27:59,84420.0,23:27:00,84479,23:27:59,0,00:00:00,doors opened
07/06/2025,12,6016,Sunday,Sunday,West,15676919,82500,22:55:00,82564,22:56:04,26,12828,Crossgates Commons Station (12828),0,0,2,84000.0,23:20:00,84251,23:24:11,84000.0,23:20:00,84251,23:24:11,0,00:00:00,door not opened
07/06/2025,12,6016,Sunday,Sunday,West,15676919,82500,22:55:00,82564,22:56:04,25,12891,1475 Washington Ave (12891),0,0,2,,,84058,23:20:58,,,84058,23:20:58,0,00:00:00,door not opened
07/06/2025,12,6016,Sunday,Sunday,West,15676919,82500,22:55:00,82564,22:56:04,24,7216,SUNY Collins Circle (07216),0,0,2,83700.0,23:15:00,83962,23:19:22,83700.0,23:15:00,83962,23:19:22,0,00:00:00,door not opened
07/06/2025,12,6016,Sunday,Sunday,East,15676920,84900,23:35:00,84965,23:36:05,24,3940,Broadway & Steuben St (03940),0,0,0,86640.0,24:04:00,86924,24:08:44,86640.0,24:04:00,86924,24:08:44,0,00:00:00,door not opened
07/06/2025,12,6016,Sunday,Sunday,East,15676920,84900,23:35:00,84965,23:36:05,23,2509,State/Downtown Station - State St & S. Pearl St (02509),1,5,0,86400.0,24:00:00,86752,24:05:52,86400.0,24:00:00,86827,24:07:07,75,00:01:15,doors opened
07/06/2025,12,6016,Sunday,Sunday,East,15676920,84900,23:35:00,84965,23:36:05,22,1787,State St & Eagle St (01787),0,0,4,,,86732,24:05:32,,,86732,24:05:32,0,00:00:00,door not opened
07/06/2025,12,6016,Sunday,Sunday,East,15676920,84900,23:35:00,84965,23:36:05,21,2706,Hawk/Capitol Station - Washington Ave & Hawk St (02706),0,0,4,,,86621,24:03:41,,,86621,24:03:41,0,00:00:00,door not opened
07/06/2025,12,6016,Sunday,Sunday,East,15676920,84900,23:35:00,84965,23:36:05,20,1789,Washington Ave & S. Swan St (01789),0,0,4,,,86597,24:03:17,,,86597,24:03:17,0,00:00:00,door not opened
07/06/2025,12,6016,Sunday,Sunday,East,15676920,84900,23:35:00,84965,23:36:05,19,1788,Washington Ave & Dove St (01788),0,0,4,,,86561,24:02:41,,,86561,24:02:41,0,00:00:00,door not opened
07/06/2025,12,6016,Sunday,Sunday,East,15676920,84900,23:35:00,84965,23:36:05,18,2663,Lark/Library Station - Washington Ave & Lark St (02663),0,0,4,86220.0,23:57:00,86516,24:01:56,86220.0,23:57:00,86516,24:01:56,0,00:00:00,door not opened
07/06/2025,12,6016,Sunday,Sunday,East,15676920,84900,23:35:00,84965,23:36:05,17,263,Washington Ave & Henry Johnson Blvd (00263),0,0,4,,,86465,24:01:05,,,86465,24:01:05,0,00:00:00,door not opened
07/06/2025,12,6016,Sunday,Sunday,East,15676920,84900,23:35:00,84965,23:36:05,16,2096,Washington Ave & Lexington Ave (02096),0,0,4,,,86409,24:00:09,,,86409,24:00:09,0,00:00:00,door not opened
07/06/2025,12,6016,Sunday,Sunday,East,15676920,84900,23:35:00,84965,23:36:05,15,3253,Washington Ave & Robin St (Draper Hall) (03253),0,0,4,,,86388,23:59:48,,,86388,23:59:48,0,00:00:00,door not opened
07/06/2025,12,6016,Sunday,Sunday,East,15676920,84900,23:35:00,84965,23:36:05,14,2109,Washington Ave & N. Lake Ave (02109),0,0,4,,,86351,23:59:11,,,86351,23:59:11,0,00:00:00,door not opened
07/06/2025,12,6016,Sunday,Sunday,East,15676920,84900,23:35:00,84965,23:36:05,13,3255,Washington Ave & Quail St (03255),2,0,4,,,86268,23:57:48,,,86300,23:58:20,32,00:00:32,doors opened
07/06/2025,12,6016,Sunday,Sunday,East,15676920,84900,23:35:00,84965,23:36:05,12,3256,Washington Ave & Ontario St (03256),0,0,2,85980.0,23:53:00,86246,23:57:26,85980.0,23:53:00,86246,23:57:26,0,00:00:00,door not opened
07/06/2025,12,6016,Sunday,Sunday,East,15676920,84900,23:35:00,84965,23:36:05,11,2107,Washington Ave & Partridge St (02107),0,0,2,,,86227,23:57:07,,,86227,23:57:07,0,00:00:00,door not opened
07/06/2025,12,6016,Sunday,Sunday,East,15676920,84900,23:35:00,84965,23:36:05,10,3257,Washington Ave & N. Main Ave (03257),0,0,2,,,86156,23:55:56,,,86156,23:55:56,0,00:00:00,door not opened
07/06/2025,12,6016,Sunday,Sunday,East,15676920,84900,23:35:00,84965,23:36:05,9,1796,Washington Ave & N. Allen St (01796),2,2,2,85860.0,23:51:00,86072,23:54:32,85860.0,23:51:00,86100,23:55:00,28,00:00:28,doors opened
07/06/2025,12,6016,Sunday,Sunday,East,15676920,84900,23:35:00,84965,23:36:05,8,11581,Washington Ave & Manning Blvd (11581),0,0,2,,,86039,23:53:59,,,86039,23:53:59,0,00:00:00,door not opened
07/06/2025,12,6016,Sunday,Sunday,East,15676920,84900,23:35:00,84965,23:36:05,7,2180,Washington Ave & Homestead Ave (02180),0,0,2,,,86000,23:53:20,,,86000,23:53:20,0,00:00:00,door not opened
07/06/2025,12,6016,Sunday,Sunday,East,15676920,84900,23:35:00,84965,23:36:05,6,2182,Washington Ave & Hawthorne St (02182),0,0,2,,,85964,23:52:44,,,85964,23:52:44,0,00:00:00,door not opened
07/06/2025,12,6016,Sunday,Sunday,East,15676920,84900,23:35:00,84965,23:36:05,5,3304,Washington Ave & Clermont St (03304),0,0,2,,,85949,23:52:29,,,85949,23:52:29,0,00:00:00,door not opened
07/06/2025,12,6016,Sunday,Sunday,East,15676920,84900,23:35:00,84965,23:36:05,4,3348,Washington Ave & Brevator St (03348),0,0,2,,,85929,23:52:09,,,85929,23:52:09,0,00:00:00,door not opened
07/06/2025,12,6016,Sunday,Sunday,East,15676920,84900,23:35:00,84965,23:36:05,3,10134,Washington Ave & SUNY Exit Rd (10134),0,0,2,,,85807,23:50:07,,,85807,23:50:07,0,00:00:00,door not opened
07/06/2025,12,6016,Sunday,Sunday,East,15676920,84900,23:35:00,84965,23:36:05,2,7216,SUNY Collins Circle (07216),0,1,2,85440.0,23:44:00,85676,23:47:56,85440.0,23:44:00,85699,23:48:19,23,00:00:23,doors opened
07/06/2025,12,6016,Sunday,Sunday,East,15676920,84900,23:35:00,84965,23:36:05,1,12827,Crossgates Commons Station (12827),3,0,3,85200.0,23:40:00,85344,23:42:24,85200.0,23:40:00,85386,23:43:06,42,00:00:42,doors opened
07/06/2025,12,6016,Sunday,Sunday,East,15676920,84900,23:35:00,84965,23:36:05,0,7175,Crossgates Mall Station (07175),0,0,0,84900.0,23:35:00,84965,23:36:05,84900.0,23:35:00,84965,23:36:05,0,00:00:00,doors opened
07/06/2025,12,4108,Sunday,Sunday,West,15677989,30900,08:35:00,31210,08:40:10,27,7175,Crossgates Mall Station (07175),0,7,0,33000.0,09:10:00,33021,09:10:21,33000.0,09:10:00,33021,09:10:21,0,00:00:00,doors opened
07/06/2025,12,4108,Sunday,Sunday,West,15677989,30900,08:35:00,31210,08:40:10,26,12828,Crossgates Commons Station (12828),0,12,7,32580.0,09:03:00,32747,09:05:47,32580.0,09:03:00,32768,09:06:08,21,00:00:21,doors opened
07/06/2025,12,4108,Sunday,Sunday,West,15677989,30900,08:35:00,31210,08:40:10,25,12891,1475 Washington Ave (12891),0,0,19,,,32559,09:02:39,,,32559,09:02:39,0,00:00:00,door not opened
07/06/2025,12,4108,Sunday,Sunday,West,15677989,30900,08:35:00,31210,08:40:10,24,7216,SUNY Collins Circle (07216),0,0,19,32220.0,08:57:00,32479,09:01:19,32220.0,08:57:00,32479,09:01:19,0,00:00:00,door not opened
07/06/2025,12,4108,Sunday,Sunday,West,15677989,30900,08:35:00,31210,08:40:10,23,3262,1383 Washington Ave (Fairfield Inn) (03262),5,0,19,,,32367,08:59:27,,,32403,09:00:03,36,00:00:36,doors opened
07/06/2025,12,4108,Sunday,Sunday,West,15677989,30900,08:35:00,31210,08:40:10,22,976,Washington Ave & Brevator St (00976),1,0,14,,,32255,08:57:35,,,32268,08:57:48,13,00:00:13,doors opened
07/06/2025,12,4108,Sunday,Sunday,West,15677989,30900,08:35:00,31210,08:40:10,21,1959,Washington Ave & Colvin Ave (01959),1,0,13,,,32174,08:56:14,,,32234,08:57:14,60,00:01:00,doors opened
07/06/2025,12,4108,Sunday,Sunday,West,15677989,30900,08:35:00,31210,08:40:10,20,3399,Washington Ave & Danker Ave (03399),0,0,12,,,32157,08:55:57,,,32157,08:55:57,0,00:00:00,door not opened
07/06/2025,12,4108,Sunday,Sunday,West,15677989,30900,08:35:00,31210,08:40:10,19,1849,Washington Ave & Homestead Ave (01849),0,0,12,,,32124,08:55:24,,,32136,08:55:36,12,00:00:12,doors opened
07/06/2025,12,4108,Sunday,Sunday,West,15677989,30900,08:35:00,31210,08:40:10,18,1846,Washington Ave & Manning Blvd (01846),0,0,12,,,32096,08:54:56,,,32096,08:54:56,0,00:00:00,door not opened
07/06/2025,12,4108,Sunday,Sunday,West,15677989,30900,08:35:00,31210,08:40:10,17,3287,Washington Ave & N. Allen St (03287),1,0,12,31860.0,08:51:00,32000,08:53:20,31860.0,08:51:00,32031,08:53:51,31,00:00:31,doors opened
07/06/2025,12,4108,Sunday,Sunday,West,15677989,30900,08:35:00,31210,08:40:10,16,3264,Washington Ave & N. Main Ave (03264),0,0,11,,,31975,08:52:55,,,31975,08:52:55,0,00:00:00,door not opened
07/06/2025,12,4108,Sunday,Sunday,West,15677989,30900,08:35:00,31210,08:40:10,15,1839,Washington Ave & Partridge St (01839),1,0,11,,,31883,08:51:23,,,31898,08:51:38,15,00:00:15,doors opened
07/06/2025,12,4108,Sunday,Sunday,West,15677989,30900,08:35:00,31210,08:40:10,14,1841,Washington Ave & Ontario St (01841),0,0,10,31680.0,08:48:00,31865,08:51:05,31680.0,08:48:00,31865,08:51:05,0,00:00:00,door not opened
07/06/2025,12,4108,Sunday,Sunday,West,15677989,30900,08:35:00,31210,08:40:10,13,1842,Washington Ave & Quail St (01842),7,0,10,,,31797,08:49:57,,,31845,08:50:45,48,00:00:48,doors opened
07/06/2025,12,4108,Sunday,Sunday,West,15677989,30900,08:35:00,31210,08:40:10,12,1837,Washington Ave & N. Lake Ave (01837),0,0,3,,,31773,08:49:33,,,31773,08:49:33,0,00:00:00,door not opened
07/06/2025,12,4108,Sunday,Sunday,West,15677989,30900,08:35:00,31210,08:40:10,11,1843,Washington Ave & Robin St (01843),1,1,3,,,31735,08:48:55,,,31752,08:49:12,17,00:00:17,doors opened
07/06/2025,12,4108,Sunday,Sunday,West,15677989,30900,08:35:00,31210,08:40:10,10,12943,Washington Ave & Lexington Ave (12943),1,0,3,,,31694,08:48:14,,,31707,08:48:27,13,00:00:13,doors opened
07/06/2025,12,4108,Sunday,Sunday,West,15677989,30900,08:35:00,31210,08:40:10,9,12942,Washington Ave & Henry Johnson Blvd (12942),0,0,2,,,31663,08:47:43,,,31663,08:47:43,0,00:00:00,door not opened
07/06/2025,12,4108,Sunday,Sunday,West,15677989,30900,08:35:00,31210,08:40:10,8,3239,Lark/Library Station - Washington Ave & Lark St (03239),0,0,2,31320.0,08:42:00,31593,08:46:33,31320.0,08:42:00,31634,08:47:14,41,00:00:41,doors opened
07/06/2025,12,4108,Sunday,Sunday,West,15677989,30900,08:35:00,31210,08:40:10,7,3301,Washington Ave & S. Swan St (03301),0,0,2,,,31561,08:46:01,,,31561,08:46:01,0,00:00:00,door not opened
07/06/2025,12,4108,Sunday,Sunday,West,15677989,30900,08:35:00,31210,08:40:10,6,3250,Hawk/Capitol Station - Washington Ave & Hawk St (03250),0,0,2,,,31504,08:45:04,,,31504,08:45:04,0,00:00:00,door not opened
07/06/2025,12,4108,Sunday,Sunday,West,15677989,30900,08:35:00,31210,08:40:10,5,10087,State St & Eagle St (10087),0,0,2,,,31481,08:44:41,,,31481,08:44:41,0,00:00:00,door not opened
07/06/2025,12,4108,Sunday,Sunday,West,15677989,30900,08:35:00,31210,08:40:10,4,2665,State/Downtown Station - State St & Lodge St (02665),1,0,2,31140.0,08:39:00,31425,08:43:45,31140.0,08:39:00,31452,08:44:12,27,00:00:27,doors opened
07/06/2025,12,4108,Sunday,Sunday,West,15677989,30900,08:35:00,31210,08:40:10,3,3221,State Station - N. Pearl St & Ten Eyck Plaza (03221),0,0,1,,,31342,08:42:22,,,31342,08:42:22,0,00:00:00,door not opened
07/06/2025,12,4108,Sunday,Sunday,West,15677989,30900,08:35:00,31210,08:40:10,2,3233,N. Pearl St & Sheridan Ave (03233),0,0,1,,,31299,08:41:39,,,31299,08:41:39,0,00:00:00,door not opened
07/06/2025,12,4108,Sunday,Sunday,West,15677989,30900,08:35:00,31210,08:40:10,1,2168,Clinton Square Station - N. Pearl St & Clinton Ave (02168),0,0,1,,,31268,08:41:08,,,31268,08:41:08,0,00:00:00,door not opened
07/06/2025,12,4108,Sunday,Sunday,West,15677989,30900,08:35:00,31210,08:40:10,0,9018,Broadway & Orange St (09018),1,0,1,30900.0,08:35:00,31210,08:40:10,30900.0,08:35:00,31210,08:40:10,0,00:00:00,doors opened
07/06/2025,12,4108,Sunday,Sunday,East,15677990,33600,09:20:00,34143,09:29:03,24,3940,Broadway & Steuben St (03940),0,0,0,35460.0,09:51:00,35823,09:57:03,35460.0,09:51:00,35823,09:57:03,0,00:00:00,door not opened
07/06/2025,12,4108,Sunday,Sunday,East,15677990,33600,09:20:00,34143,09:29:03,23,2509,State/Downtown Station - State St & S. Pearl St (02509),0,0,0,35220.0,09:47:00,35808,09:56:48,35220.0,09:47:00,35823,09:57:03,15,00:00:15,door not opened
07/06/2025,12,4108,Sunday,Sunday,East,15677990,33600,09:20:00,34143,09:29:03,22,1787,State St & Eagle St (01787),0,2,0,,,35778,09:56:18,,,35788,09:56:28,10,00:00:10,doors opened
07/06/2025,12,4108,Sunday,Sunday,East,15677990,33600,09:20:00,34143,09:29:03,21,2706,Hawk/Capitol Station - Washington Ave & Hawk St (02706),0,0,2,,,35672,09:54:32,,,35672,09:54:32,0,00:00:00,door not opened
07/06/2025,12,4108,Sunday,Sunday,East,15677990,33600,09:20:00,34143,09:29:03,20,1789,Washington Ave & S. Swan St (01789),0,0,2,,,35657,09:54:17,,,35657,09:54:17,0,00:00:00,door not opened
07/06/2025,12,4108,Sunday,Sunday,East,15677990,33600,09:20:00,34143,09:29:03,19,1788,Washington Ave & Dove St (01788),0,0,2,,,35640,09:54:00,,,35640,09:54:00,0,00:00:00,door not opened
07/06/2025,12,4108,Sunday,Sunday,East,15677990,33600,09:20:00,34143,09:29:03,18,2663,Lark/Library Station - Washington Ave & Lark St (02663),2,0,2,35040.0,09:44:00,35579,09:52:59,35040.0,09:44:00,35620,09:53:40,41,00:00:41,doors opened
07/06/2025,12,4108,Sunday,Sunday,East,15677990,33600,09:20:00,34143,09:29:03,17,263,Washington Ave & Henry Johnson Blvd (00263),1,2,0,,,35536,09:52:16,,,35552,09:52:32,16,00:00:16,doors opened
07/06/2025,12,4108,Sunday,Sunday,East,15677990,33600,09:20:00,34143,09:29:03,16,2096,Washington Ave & Lexington Ave (02096),0,0,1,,,35422,09:50:22,,,35422,09:50:22,0,00:00:00,door not opened
07/06/2025,12,4108,Sunday,Sunday,East,15677990,33600,09:20:00,34143,09:29:03,15,3253,Washington Ave & Robin St (Draper Hall) (03253),0,2,1,,,35383,09:49:43,,,35407,09:50:07,24,00:00:24,doors opened
07/06/2025,12,4108,Sunday,Sunday,East,15677990,33600,09:20:00,34143,09:29:03,14,2109,Washington Ave & N. Lake Ave (02109),1,0,3,,,35345,09:49:05,,,35360,09:49:20,15,00:00:15,doors opened
07/06/2025,12,4108,Sunday,Sunday,East,15677990,33600,09:20:00,34143,09:29:03,13,3255,Washington Ave & Quail St (03255),1,2,2,,,35305,09:48:25,,,35320,09:48:40,15,00:00:15,doors opened
07/06/2025,12,4108,Sunday,Sunday,East,15677990,33600,09:20:00,34143,09:29:03,12,3256,Washington Ave & Ontario St (03256),1,2,3,34740.0,09:39:00,35266,09:47:46,34740.0,09:39:00,35283,09:48:03,17,00:00:17,doors opened
07/06/2025,12,4108,Sunday,Sunday,East,15677990,33600,09:20:00,34143,09:29:03,11,2107,Washington Ave & Partridge St (02107),0,0,4,,,35251,09:47:31,,,35251,09:47:31,0,00:00:00,door not opened
07/06/2025,12,4108,Sunday,Sunday,East,15677990,33600,09:20:00,34143,09:29:03,10,3257,Washington Ave & N. Main Ave (03257),0,0,4,,,35211,09:46:51,,,35211,09:46:51,0,00:00:00,door not opened
07/06/2025,12,4108,Sunday,Sunday,East,15677990,33600,09:20:00,34143,09:29:03,9,1796,Washington Ave & N. Allen St (01796),0,2,4,34620.0,09:37:00,35124,09:45:24,34620.0,09:37:00,35154,09:45:54,30,00:00:30,doors opened
07/06/2025,12,4108,Sunday,Sunday,East,15677990,33600,09:20:00,34143,09:29:03,8,11581,Washington Ave & Manning Blvd (11581),0,0,6,,,35097,09:44:57,,,35097,09:44:57,0,00:00:00,door not opened
07/06/2025,12,4108,Sunday,Sunday,East,15677990,33600,09:20:00,34143,09:29:03,7,2180,Washington Ave & Homestead Ave (02180),0,0,6,,,35032,09:43:52,,,35032,09:43:52,0,00:00:00,door not opened
07/06/2025,12,4108,Sunday,Sunday,East,15677990,33600,09:20:00,34143,09:29:03,6,2182,Washington Ave & Hawthorne St (02182),0,0,6,,,35011,09:43:31,,,35011,09:43:31,0,00:00:00,door not opened
07/06/2025,12,4108,Sunday,Sunday,East,15677990,33600,09:20:00,34143,09:29:03,5,3304,Washington Ave & Clermont St (03304),0,0,6,,,34989,09:43:09,,,34989,09:43:09,0,00:00:00,door not opened
07/06/2025,12,4108,Sunday,Sunday,East,15677990,33600,09:20:00,34143,09:29:03,4,3348,Washington Ave & Brevator St (03348),1,0,6,,,34917,09:41:57,,,34939,09:42:19,22,00:00:22,doors opened
07/06/2025,12,4108,Sunday,Sunday,East,15677990,33600,09:20:00,34143,09:29:03,3,10134,Washington Ave & SUNY Exit Rd (10134),1,2,5,,,34772,09:39:32,,,34811,09:40:11,39,00:00:39,doors opened
07/06/2025,12,4108,Sunday,Sunday,East,15677990,33600,09:20:00,34143,09:29:03,2,7216,SUNY Collins Circle (07216),3,0,6,34200.0,09:30:00,34636,09:37:16,34200.0,09:30:00,34685,09:38:05,49,00:00:49,doors opened
07/06/2025,12,4108,Sunday,Sunday,East,15677990,33600,09:20:00,34143,09:29:03,1,12827,Crossgates Commons Station (12827),1,0,3,33960.0,09:26:00,34373,09:32:53,33960.0,09:26:00,34434,09:33:54,61,00:01:01,doors opened
07/06/2025,12,4108,Sunday,Sunday,East,15677990,33600,09:20:00,34143,09:29:03,0,7175,Crossgates Mall Station (07175),2,0,2,33600.0,09:20:00,34143,09:29:03,33600.0,09:20:00,34143,09:29:03,0,00:00:00,doors opened
07/06/2025,12,4108,Sunday,Sunday,East,15677982,23400,06:30:00,23782,06:36:22,24,3940,Broadway & Steuben St (03940),0,0,0,25200.0,07:00:00,25243,07:00:43,25200.0,07:00:00,25243,07:00:43,0,00:00:00,door not opened
07/06/2025,12,4108,Sunday,Sunday,East,15677982,23400,06:30:00,23782,06:36:22,23,2509,State/Downtown Station - State St & S. Pearl St (02509),0,4,0,24960.0,06:56:00,25146,06:59:06,24960.0,06:56:00,25166,06:59:26,20,00:00:20,doors opened
07/06/2025,12,4108,Sunday,Sunday,East,15677982,23400,06:30:00,23782,06:36:22,22,1787,State St & Eagle St (01787),0,0,4,,,25113,06:58:33,,,25126,06:58:46,13,00:00:13,doors opened
07/06/2025,12,4108,Sunday,Sunday,East,15677982,23400,06:30:00,23782,06:36:22,21,2706,Hawk/Capitol Station - Washington Ave & Hawk St (02706),0,0,4,,,25082,06:58:02,,,25082,06:58:02,0,00:00:00,door not opened
07/06/2025,12,4108,Sunday,Sunday,East,15677982,23400,06:30:00,23782,06:36:22,20,1789,Washington Ave & S. Swan St (01789),0,0,4,,,25066,06:57:46,,,25066,06:57:46,0,00:00:00,door not opened
07/06/2025,12,4108,Sunday,Sunday,East,15677982,23400,06:30:00,23782,06:36:22,19,1788,Washington Ave & Dove St (01788),0,0,4,,,25049,06:57:29,,,25049,06:57:29,0,00:00:00,door not opened
07/06/2025,12,4108,Sunday,Sunday,East,15677982,23400,06:30:00,23782,06:36:22,18,2663,Lark/Library Station - Washington Ave & Lark St (02663),2,1,4,24780.0,06:53:00,25001,06:56:41,24780.0,06:53:00,25030,06:57:10,29,00:00:29,doors opened
07/06/2025,12,4108,Sunday,Sunday,East,15677982,23400,06:30:00,23782,06:36:22,17,263,Washington Ave & Henry Johnson Blvd (00263),0,0,3,,,24981,06:56:21,,,24981,06:56:21,0,00:00:00,door not opened
07/06/2025,12,4108,Sunday,Sunday,East,15677982,23400,06:30:00,23782,06:36:22,16,2096,Washington Ave & Lexington Ave (02096),0,0,3,,,24957,06:55:57,,,24957,06:55:57,0,00:00:00,door not opened
07/06/2025,12,4108,Sunday,Sunday,East,15677982,23400,06:30:00,23782,06:36:22,15,3253,Washington Ave & Robin St (Draper Hall) (03253),0,0,3,,,24937,06:55:37,,,24937,06:55:37,0,00:00:00,door not opened
07/06/2025,12,4108,Sunday,Sunday,East,15677982,23400,06:30:00,23782,06:36:22,14,2109,Washington Ave & N. Lake Ave (02109),0,1,3,,,24884,06:54:44,,,24912,06:55:12,28,00:00:28,doors opened
07/06/2025,12,4108,Sunday,Sunday,East,15677982,23400,06:30:00,23782,06:36:22,13,3255,Washington Ave & Quail St (03255),0,0,4,,,24863,06:54:23,,,24863,06:54:23,0,00:00:00,door not opened
07/06/2025,12,4108,Sunday,Sunday,East,15677982,23400,06:30:00,23782,06:36:22,12,3256,Washington Ave & Ontario St (03256),0,0,4,24480.0,06:48:00,24817,06:53:37,24480.0,06:48:00,24817,06:53:37,0,00:00:00,door not opened
07/06/2025,12,4108,Sunday,Sunday,East,15677982,23400,06:30:00,23782,06:36:22,11,2107,Washington Ave & Partridge St (02107),0,0,4,,,24800,06:53:20,,,24800,06:53:20,0,00:00:00,door not opened
07/06/2025,12,4108,Sunday,Sunday,East,15677982,23400,06:30:00,23782,06:36:22,10,3257,Washington Ave & N. Main Ave (03257),0,0,4,,,24724,06:52:04,,,24724,06:52:04,0,00:00:00,door not opened
07/06/2025,12,4108,Sunday,Sunday,East,15677982,23400,06:30:00,23782,06:36:22,9,1796,Washington Ave & N. Allen St (01796),0,0,4,24360.0,06:46:00,24701,06:51:41,24360.0,06:46:00,24701,06:51:41,0,00:00:00,door not opened
07/06/2025,12,4108,Sunday,Sunday,East,15677982,23400,06:30:00,23782,06:36:22,8,11581,Washington Ave & Manning Blvd (11581),0,0,4,,,24657,06:50:57,,,24657,06:50:57,0,00:00:00,door not opened
07/06/2025,12,4108,Sunday,Sunday,East,15677982,23400,06:30:00,23782,06:36:22,7,2180,Washington Ave & Homestead Ave (02180),0,0,4,,,24626,06:50:26,,,24626,06:50:26,0,00:00:00,door not opened
07/06/2025,12,4108,Sunday,Sunday,East,15677982,23400,06:30:00,23782,06:36:22,6,2182,Washington Ave & Hawthorne St (02182),1,0,4,,,24589,06:49:49,,,24604,06:50:04,15,00:00:15,doors opened
07/06/2025,12,4108,Sunday,Sunday,East,15677982,23400,06:30:00,23782,06:36:22,5,3304,Washington Ave & Clermont St (03304),0,0,3,,,24572,06:49:32,,,24572,06:49:32,0,00:00:00,door not opened
07/06/2025,12,4108,Sunday,Sunday,East,15677982,23400,06:30:00,23782,06:36:22,4,3348,Washington Ave & Brevator St (03348),0,0,3,,,24528,06:48:48,,,24528,06:48:48,0,00:00:00,door not opened
07/06/2025,12,4108,Sunday,Sunday,East,15677982,23400,06:30:00,23782,06:36:22,3,10134,Washington Ave & SUNY Exit Rd (10134),0,0,3,,,24435,06:47:15,,,24435,06:47:15,0,00:00:00,door not opened
07/06/2025,12,4108,Sunday,Sunday,East,15677982,23400,06:30:00,23782,06:36:22,2,7216,SUNY Collins Circle (07216),1,0,3,23940.0,06:39:00,24299,06:44:59,23940.0,06:39:00,24320,06:45:20,21,00:00:21,doors opened
07/06/2025,12,4108,Sunday,Sunday,East,15677982,23400,06:30:00,23782,06:36:22,1,12827,Crossgates Commons Station (12827),0,0,2,23700.0,06:35:00,24094,06:41:34,23700.0,06:35:00,24094,06:41:34,0,00:00:00,door not opened
07/06/2025,12,4108,Sunday,Sunday,East,15677982,23400,06:30:00,23782,06:36:22,0,7175,Crossgates Mall Station (07175),2,0,2,23400.0,06:30:00,23782,06:36:22,23400.0,06:30:00,23782,06:36:22,0,00:00:00,doors opened
07/06/2025,12,4108,Sunday,Sunday,West,15677984,25500,07:05:00,25808,07:10:08,27,7175,Crossgates Mall Station (07175),0,3,0,27480.0,07:38:00,27402,07:36:42,27480.0,07:38:00,27402,07:36:42,0,00:00:00,doors opened
07/06/2025,12,4108,Sunday,Sunday,West,15677984,25500,07:05:00,25808,07:10:08,26,12828,Crossgates Commons Station (12828),0,6,3,27060.0,07:31:00,27175,07:32:55,27060.0,07:31:00,27195,07:33:15,20,00:00:20,doors opened
07/06/2025,12,4108,Sunday,Sunday,West,15677984,25500,07:05:00,25808,07:10:08,25,12891,1475 Washington Ave (12891),0,0,9,,,27032,07:30:32,,,27032,07:30:32,0,00:00:00,door not opened
07/06/2025,12,4108,Sunday,Sunday,West,15677984,25500,07:05:00,25808,07:10:08,24,7216,SUNY Collins Circle (07216),0,0,9,26700.0,07:25:00,26957,07:29:17,26700.0,07:25:00,26957,07:29:17,0,00:00:00,door not opened
07/06/2025,12,4108,Sunday,Sunday,West,15677984,25500,07:05:00,25808,07:10:08,23,3262,1383 Washington Ave (Fairfield Inn) (03262),0,0,9,,,26889,07:28:09,,,26889,07:28:09,0,00:00:00,door not opened
07/06/2025,12,4108,Sunday,Sunday,West,15677984,25500,07:05:00,25808,07:10:08,22,976,Washington Ave & Brevator St (00976),0,0,9,,,26789,07:26:29,,,26789,07:26:29,0,00:00:00,door not opened
07/06/2025,12,4108,Sunday,Sunday,West,15677984,25500,07:05:00,25808,07:10:08,21,1959,Washington Ave & Colvin Ave (01959),0,0,9,,,26763,07:26:03,,,26763,07:26:03,0,00:00:00,door not opened
07/06/2025,12,4108,Sunday,Sunday,West,15677984,25500,07:05:00,25808,07:10:08,20,3399,Washington Ave & Danker Ave (03399),0,0,9,,,26743,07:25:43,,,26743,07:25:43,0,00:00:00,door not opened
07/06/2025,12,4108,Sunday,Sunday,West,15677984,25500,07:05:00,25808,07:10:08,19,1849,Washington Ave & Homestead Ave (01849),0,0,9,,,26724,07:25:24,,,26724,07:25:24,0,00:00:00,door not opened
07/06/2025,12,4108,Sunday,Sunday,West,15677984,25500,07:05:00,25808,07:10:08,18,1846,Washington Ave & Manning Blvd (01846),0,0,9,,,26695,07:24:55,,,26695,07:24:55,0,00:00:00,door not opened
07/06/2025,12,4108,Sunday,Sunday,West,15677984,25500,07:05:00,25808,07:10:08,17,3287,Washington Ave & N. Allen St (03287),0,0,9,26400.0,07:20:00,26632,07:23:52,26400.0,07:20:00,26632,07:23:52,0,00:00:00,door not opened
07/06/2025,12,4108,Sunday,Sunday,West,15677984,25500,07:05:00,25808,07:10:08,16,3264,Washington Ave & N. Main Ave (03264),0,0,9,,,26573,07:22:53,,,26573,07:22:53,0,00:00:00,door not opened
07/06/2025,12,4108,Sunday,Sunday,West,15677984,25500,07:05:00,25808,07:10:08,15,1839,Washington Ave & Partridge St (01839),0,0,9,,,26520,07:22:00,,,26520,07:22:00,0,00:00:00,door not opened
07/06/2025,12,4108,Sunday,Sunday,West,15677984,25500,07:05:00,25808,07:10:08,14,1841,Washington Ave & Ontario St (01841),1,0,9,26220.0,07:17:00,26484,07:21:24,26220.0,07:17:00,26499,07:21:39,15,00:00:15,doors opened
07/06/2025,12,4108,Sunday,Sunday,West,15677984,25500,07:05:00,25808,07:10:08,13,1842,Washington Ave & Quail St (01842),1,0,8,,,26444,07:20:44,,,26463,07:21:03,19,00:00:19,doors opened
07/06/2025,12,4108,Sunday,Sunday,West,15677984,25500,07:05:00,25808,07:10:08,12,1837,Washington Ave & N. Lake Ave (01837),1,0,7,,,26403,07:20:03,,,26421,07:20:21,18,00:00:18,doors opened
07/06/2025,12,4108,Sunday,Sunday,West,15677984,25500,07:05:00,25808,07:10:08,11,1843,Washington Ave & Robin St (01843),0,0,6,,,26376,07:19:36,,,26376,07:19:36,0,00:00:00,door not opened
07/06/2025,12,4108,Sunday,Sunday,West,15677984,25500,07:05:00,25808,07:10:08,10,12943,Washington Ave & Lexington Ave (12943),0,0,6,,,26356,07:19:16,,,26356,07:19:16,0,00:00:00,door not opened
07/06/2025,12,4108,Sunday,Sunday,West,15677984,25500,07:05:00,25808,07:10:08,9,12942,Washington Ave & Henry Johnson Blvd (12942),2,0,6,,,26311,07:18:31,,,26329,07:18:49,18,00:00:18,doors opened
07/06/2025,12,4108,Sunday,Sunday,West,15677984,25500,07:05:00,25808,07:10:08,8,3239,Lark/Library Station - Washington Ave & Lark St (03239),1,0,4,25860.0,07:11:00,26242,07:17:22,25860.0,07:11:00,26261,07:17:41,19,00:00:19,doors opened
07/06/2025,12,4108,Sunday,Sunday,West,15677984,25500,07:05:00,25808,07:10:08,7,3301,Washington Ave & S. Swan St (03301),0,0,3,,,26194,07:16:34,,,26194,07:16:34,0,00:00:00,door not opened
07/06/2025,12,4108,Sunday,Sunday,West,15677984,25500,07:05:00,25808,07:10:08,6,3250,Hawk/Capitol Station - Washington Ave & Hawk St (03250),0,0,3,,,26162,07:16:02,,,26162,07:16:02,0,00:00:00,door not opened
07/06/2025,12,4108,Sunday,Sunday,West,15677984,25500,07:05:00,25808,07:10:08,5,10087,State St & Eagle St (10087),0,0,3,,,26139,07:15:39,,,26139,07:15:39,0,00:00:00,door not opened
07/06/2025,12,4108,Sunday,Sunday,West,15677984,25500,07:05:00,25808,07:10:08,4,2665,State/Downtown Station - State St & Lodge St (02665),1,0,3,25680.0,07:08:00,26012,07:13:32,25680.0,07:08:00,26028,07:13:48,16,00:00:16,doors opened
07/06/2025,12,4108,Sunday,Sunday,West,15677984,25500,07:05:00,25808,07:10:08,3,3221,State Station - N. Pearl St & Ten Eyck Plaza (03221),0,0,2,,,25968,07:12:48,,,25968,07:12:48,0,00:00:00,door not opened
07/06/2025,12,4108,Sunday,Sunday,West,15677984,25500,07:05:00,25808,07:10:08,2,3233,N. Pearl St & Sheridan Ave (03233),0,0,2,,,25914,07:11:54,,,25914,07:11:54,0,00:00:00,door not opened
07/06/2025,12,4108,Sunday,Sunday,West,15677984,25500,07:05:00,25808,07:10:08,1,2168,Clinton Square Station - N. Pearl St & Clinton Ave (02168),1,0,2,,,25883,07:11:23,,,25899,07:11:39,16,00:00:16,doors opened
07/06/2025,12,4108,Sunday,Sunday,West,15677984,25500,07:05:00,25808,07:10:08,0,9018,Broadway & Orange St (09018),1,0,1,25500.0,07:05:00,25808,07:10:08,25500.0,07:05:00,25808,07:10:08,0,00:00:00,doors opened
07/06/2025,12,4108,Sunday,Sunday,East,15677987,28800,08:00:00,29037,08:03:57,24,3940,Broadway & Steuben St (03940),0,0,0,30600.0,08:30:00,30569,08:29:29,30600.0,08:30:00,30569,08:29:29,0,00:00:00,door not opened
07/06/2025,12,4108,Sunday,Sunday,East,15677987,28800,08:00:00,29037,08:03:57,23,2509,State/Downtown Station - State St & S. Pearl St (02509),0,7,0,30360.0,08:26:00,30472,08:27:52,30360.0,08:26:00,30498,08:28:18,26,00:00:26,doors opened
07/06/2025,12,4108,Sunday,Sunday,East,15677987,28800,08:00:00,29037,08:03:57,22,1787,State St & Eagle St (01787),0,0,7,,,30440,08:27:20,,,30452,08:27:32,12,00:00:12,doors opened
07/06/2025,12,4108,Sunday,Sunday,East,15677987,28800,08:00:00,29037,08:03:57,21,2706,Hawk/Capitol Station - Washington Ave & Hawk St (02706),0,0,7,,,30394,08:26:34,,,30394,08:26:34,0,00:00:00,door not opened
07/06/2025,12,4108,Sunday,Sunday,East,15677987,28800,08:00:00,29037,08:03:57,20,1789,Washington Ave & S. Swan St (01789),0,0,7,,,30376,08:26:16,,,30376,08:26:16,0,00:00:00,door not opened
07/06/2025,12,4108,Sunday,Sunday,East,15677987,28800,08:00:00,29037,08:03:57,19,1788,Washington Ave & Dove St (01788),0,0,7,,,30358,08:25:58,,,30358,08:25:58,0,00:00:00,door not opened
07/06/2025,12,4108,Sunday,Sunday,East,15677987,28800,08:00:00,29037,08:03:57,18,2663,Lark/Library Station - Washington Ave & Lark St (02663),0,1,7,30180.0,08:23:00,30286,08:24:46,30180.0,08:23:00,30337,08:25:37,51,00:00:51,doors opened
07/06/2025,12,4108,Sunday,Sunday,East,15677987,28800,08:00:00,29037,08:03:57,17,263,Washington Ave & Henry Johnson Blvd (00263),0,0,8,,,30267,08:24:27,,,30267,08:24:27,0,00:00:00,door not opened
07/06/2025,12,4108,Sunday,Sunday,East,15677987,28800,08:00:00,29037,08:03:57,16,2096,Washington Ave & Lexington Ave (02096),0,0,8,,,30238,08:23:58,,,30238,08:23:58,0,00:00:00,door not opened
07/06/2025,12,4108,Sunday,Sunday,East,15677987,28800,08:00:00,29037,08:03:57,15,3253,Washington Ave & Robin St (Draper Hall) (03253),0,1,8,,,30165,08:22:45,,,30187,08:23:07,22,00:00:22,doors opened
07/06/2025,12,4108,Sunday,Sunday,East,15677987,28800,08:00:00,29037,08:03:57,14,2109,Washington Ave & N. Lake Ave (02109),0,0,9,,,30144,08:22:24,,,30144,08:22:24,0,00:00:00,door not opened
07/06/2025,12,4108,Sunday,Sunday,East,15677987,28800,08:00:00,29037,08:03:57,13,3255,Washington Ave & Quail St (03255),0,2,9,,,30105,08:21:45,,,30118,08:21:58,13,00:00:13,doors opened
07/06/2025,12,4108,Sunday,Sunday,East,15677987,28800,08:00:00,29037,08:03:57,12,3256,Washington Ave & Ontario St (03256),0,0,11,29880.0,08:18:00,30086,08:21:26,29880.0,08:18:00,30086,08:21:26,0,00:00:00,door not opened
07/06/2025,12,4108,Sunday,Sunday,East,15677987,28800,08:00:00,29037,08:03:57,11,2107,Washington Ave & Partridge St (02107),0,0,11,,,30052,08:20:52,,,30052,08:20:52,0,00:00:00,door not opened
07/06/2025,12,4108,Sunday,Sunday,East,15677987,28800,08:00:00,29037,08:03:57,10,3257,Washington Ave & N. Main Ave (03257),1,0,11,,,29961,08:19:21,,,29991,08:19:51,30,00:00:30,doors opened
07/06/2025,12,4108,Sunday,Sunday,East,15677987,28800,08:00:00,29037,08:03:57,9,1796,Washington Ave & N. Allen St (01796),1,0,10,29760.0,08:16:00,29899,08:18:19,29760.0,08:16:00,29931,08:18:51,32,00:00:32,doors opened
07/06/2025,12,4108,Sunday,Sunday,East,15677987,28800,08:00:00,29037,08:03:57,8,11581,Washington Ave & Manning Blvd (11581),0,0,9,,,29875,08:17:55,,,29875,08:17:55,0,00:00:00,door not opened
07/06/2025,12,4108,Sunday,Sunday,East,15677987,28800,08:00:00,29037,08:03:57,7,2180,Washington Ave & Homestead Ave (02180),0,0,9,,,29853,08:17:33,,,29853,08:17:33,0,00:00:00,door not opened
07/06/2025,12,4108,Sunday,Sunday,East,15677987,28800,08:00:00,29037,08:03:57,6,2182,Washington Ave & Hawthorne St (02182),0,0,9,,,29835,08:17:15,,,29835,08:17:15,0,00:00:00,door not opened
07/06/2025,12,4108,Sunday,Sunday,East,15677987,28800,08:00:00,29037,08:03:57,5,3304,Washington Ave & Clermont St (03304),0,0,9,,,29823,08:17:03,,,29823,08:17:03,0,00:00:00,door not opened
07/06/2025,12,4108,Sunday,Sunday,East,15677987,28800,08:00:00,29037,08:03:57,4,3348,Washington Ave & Brevator St (03348),0,0,9,,,29794,08:16:34,,,29794,08:16:34,0,00:00:00,door not opened
07/06/2025,12,4108,Sunday,Sunday,East,15677987,28800,08:00:00,29037,08:03:57,3,10134,Washington Ave & SUNY Exit Rd (10134),3,0,9,,,29659,08:14:19,,,29691,08:14:51,32,00:00:32,doors opened
07/06/2025,12,4108,Sunday,Sunday,East,15677987,28800,08:00:00,29037,08:03:57,2,7216,SUNY Collins Circle (07216),0,0,6,29340.0,08:09:00,29583,08:13:03,29340.0,08:09:00,29583,08:13:03,0,00:00:00,door not opened
07/06/2025,12,4108,Sunday,Sunday,East,15677987,28800,08:00:00,29037,08:03:57,1,12827,Crossgates Commons Station (12827),5,0,6,29100.0,08:05:00,29296,08:08:16,29100.0,08:05:00,29360,08:09:20,64,00:01:04,doors opened
07/06/2025,12,4108,Sunday,Sunday,East,15677987,28800,08:00:00,29037,08:03:57,0,7175,Crossgates Mall Station (07175),0,0,1,28800.0,08:00:00,29037,08:03:57,28800.0,08:00:00,29037,08:03:57,0,00:00:00,door not opened
07/06/2025,12,4109,Sunday,Sunday,West,15677467,67500,18:45:00,67920,18:52:00,27,7175,Crossgates Mall Station (07175),0,1,0,69660.0,19:21:00,69615,19:20:15,69660.0,19:21:00,69615,19:20:15,0,00:00:00,doors opened
07/06/2025,12,4109,Sunday,Sunday,West,15677467,67500,18:45:00,67920,18:52:00,26,12828,Crossgates Commons Station (12828),0,4,1,69240.0,19:14:00,69293,19:14:53,69240.0,19:14:00,69364,19:16:04,71,00:01:11,doors opened
07/06/2025,12,4109,Sunday,Sunday,West,15677467,67500,18:45:00,67920,18:52:00,25,12891,1475 Washington Ave (12891),0,1,5,,,69067,19:11:07,,,69084,19:11:24,17,00:00:17,doors opened
07/06/2025,12,4109,Sunday,Sunday,West,15677467,67500,18:45:00,67920,18:52:00,24,7216,SUNY Collins Circle (07216),0,0,6,68880.0,19:08:00,68985,19:09:45,68880.0,19:08:00,68985,19:09:45,0,00:00:00,door not opened
07/06/2025,12,4109,Sunday,Sunday,West,15677467,67500,18:45:00,67920,18:52:00,23,3262,1383 Washington Ave (Fairfield Inn) (03262),0,0,6,,,68899,19:08:19,,,68899,19:08:19,0,00:00:00,door not opened
07/06/2025,12,4109,Sunday,Sunday,West,15677467,67500,18:45:00,67920,18:52:00,22,976,Washington Ave & Brevator St (00976),0,0,6,,,68792,19:06:32,,,68792,19:06:32,0,00:00:00,door not opened
07/06/2025,12,4109,Sunday,Sunday,West,15677467,67500,18:45:00,67920,18:52:00,21,1959,Washington Ave & Colvin Ave (01959),0,0,6,,,68760,19:06:00,,,68760,19:06:00,0,00:00:00,door not opened
07/06/2025,12,4109,Sunday,Sunday,West,15677467,67500,18:45:00,67920,18:52:00,20,3399,Washington Ave & Danker Ave (03399),0,0,6,,,68738,19:05:38,,,68738,19:05:38,0,00:00:00,door not opened
07/06/2025,12,4109,Sunday,Sunday,West,15677467,67500,18:45:00,67920,18:52:00,19,1849,Washington Ave & Homestead Ave (01849),0,0,6,,,68718,19:05:18,,,68718,19:05:18,0,00:00:00,door not opened
07/06/2025,12,4109,Sunday,Sunday,West,15677467,67500,18:45:00,67920,18:52:00,18,1846,Washington Ave & Manning Blvd (01846),2,0,6,,,68640,19:04:00,,,68692,19:04:52,52,00:00:52,doors opened
07/06/2025,12,4109,Sunday,Sunday,West,15677467,67500,18:45:00,67920,18:52:00,17,3287,Washington Ave & N. Allen St (03287),0,0,4,68520.0,19:02:00,68610,19:03:30,68520.0,19:02:00,68610,19:03:30,0,00:00:00,door not opened
07/06/2025,12,4109,Sunday,Sunday,West,15677467,67500,18:45:00,67920,18:52:00,16,3264,Washington Ave & N. Main Ave (03264),0,1,4,,,68520,19:02:00,,,68570,19:02:50,50,00:00:50,doors opened
07/06/2025,12,4109,Sunday,Sunday,West,15677467,67500,18:45:00,67920,18:52:00,15,1839,Washington Ave & Partridge St (01839),0,0,5,,,68468,19:01:08,,,68468,19:01:08,0,00:00:00,door not opened
07/06/2025,12,4109,Sunday,Sunday,West,15677467,67500,18:45:00,67920,18:52:00,14,1841,Washington Ave & Ontario St (01841),3,0,5,68340.0,18:59:00,68428,19:00:28,68340.0,18:59:00,68446,19:00:46,18,00:00:18,doors opened
07/06/2025,12,4109,Sunday,Sunday,West,15677467,67500,18:45:00,67920,18:52:00,13,1842,Washington Ave & Quail St (01842),1,0,2,,,68385,18:59:45,,,68400,19:00:00,15,00:00:15,doors opened
07/06/2025,12,4109,Sunday,Sunday,West,15677467,67500,18:45:00,67920,18:52:00,12,1837,Washington Ave & N. Lake Ave (01837),0,0,1,,,68359,18:59:19,,,68359,18:59:19,0,00:00:00,door not opened
07/06/2025,12,4109,Sunday,Sunday,West,15677467,67500,18:45:00,67920,18:52:00,11,1843,Washington Ave & Robin St (01843),0,0,1,,,68309,18:58:29,,,68309,18:58:29,0,00:00:00,door not opened
07/06/2025,12,4109,Sunday,Sunday,West,15677467,67500,18:45:00,67920,18:52:00,10,12943,Washington Ave & Lexington Ave (12943),1,0,1,,,68229,18:57:09,,,68282,18:58:02,53,00:00:53,doors opened
07/06/2025,12,4109,Sunday,Sunday,West,15677467,67500,18:45:00,67920,18:52:00,9,12942,Washington Ave & Henry Johnson Blvd (12942),0,0,0,,,68148,18:55:48,,,68161,18:56:01,13,00:00:13,doors opened
07/06/2025,12,4118,Sunday,Sunday,East,15676842,25200,07:00:00,25360,07:02:40,24,3940,Broadway & Steuben St (03940),0,0,0,27000.0,07:30:00,27052,07:30:52,27000.0,07:30:00,27052,07:30:52,0,00:00:00,door not opened
07/06/2025,12,4118,Sunday,Sunday,East,15676842,25200,07:00:00,25360,07:02:40,23,2509,State/Downtown Station - State St & S. Pearl St (02509),0,2,0,26760.0,07:26:00,26943,07:29:03,26760.0,07:26:00,26960,07:29:20,17,00:00:17,doors opened
07/06/2025,12,4118,Sunday,Sunday,East,15676842,25200,07:00:00,25360,07:02:40,22,1787,State St & Eagle St (01787),0,0,2,,,26922,07:28:42,,,26922,07:28:42,0,00:00:00,door not opened
07/06/2025,12,4118,Sunday,Sunday,East,15676842,25200,07:00:00,25360,07:02:40,21,2706,Hawk/Capitol Station - Washington Ave & Hawk St (02706),0,0,2,,,26875,07:27:55,,,26875,07:27:55,0,00:00:00,door not opened
07/06/2025,12,4118,Sunday,Sunday,East,15676842,25200,07:00:00,25360,07:02:40,20,1789,Washington Ave & S. Swan St (01789),0,0,2,,,26854,07:27:34,,,26854,07:27:34,0,00:00:00,door not opened
07/06/2025,12,4118,Sunday,Sunday,East,15676842,25200,07:00:00,25360,07:02:40,19,1788,Washington Ave & Dove St (01788),0,0,2,,,26834,07:27:14,,,26834,07:27:14,0,00:00:00,door not opened
07/06/2025,12,4118,Sunday,Sunday,East,15676842,25200,07:00:00,25360,07:02:40,18,2663,Lark/Library Station - Washington Ave & Lark St (02663),0,1,2,26580.0,07:23:00,26763,07:26:03,26580.0,07:23:00,26811,07:26:51,48,00:00:48,doors opened
07/06/2025,12,4118,Sunday,Sunday,East,15676842,25200,07:00:00,25360,07:02:40,17,263,Washington Ave & Henry Johnson Blvd (00263),0,0,3,,,26742,07:25:42,,,26742,07:25:42,0,00:00:00,door not opened
07/06/2025,12,4118,Sunday,Sunday,East,15676842,25200,07:00:00,25360,07:02:40,16,2096,Washington Ave & Lexington Ave (02096),0,0,3,,,26634,07:23:54,,,26634,07:23:54,0,00:00:00,door not opened
07/06/2025,12,4118,Sunday,Sunday,East,15676842,25200,07:00:00,25360,07:02:40,15,3253,Washington Ave & Robin St (Draper Hall) (03253),0,0,3,,,26580,07:23:00,,,26580,07:23:00,0,00:00:00,door not opened
07/06/2025,12,4118,Sunday,Sunday,East,15676842,25200,07:00:00,25360,07:02:40,14,2109,Washington Ave & N. Lake Ave (02109),0,2,3,,,26537,07:22:17,,,26551,07:22:31,14,00:00:14,doors opened
07/06/2025,12,4118,Sunday,Sunday,East,15676842,25200,07:00:00,25360,07:02:40,13,3255,Washington Ave & Quail St (03255),0,0,5,,,26511,07:21:51,,,26511,07:21:51,0,00:00:00,door not opened
07/06/2025,12,4118,Sunday,Sunday,East,15676842,25200,07:00:00,25360,07:02:40,12,3256,Washington Ave & Ontario St (03256),0,0,5,26280.0,07:18:00,26486,07:21:26,26280.0,07:18:00,26486,07:21:26,0,00:00:00,door not opened
07/06/2025,12,4118,Sunday,Sunday,East,15676842,25200,07:00:00,25360,07:02:40,11,2107,Washington Ave & Partridge St (02107),0,0,5,,,26452,07:20:52,,,26452,07:20:52,0,00:00:00,door not opened
07/06/2025,12,4118,Sunday,Sunday,East,15676842,25200,07:00:00,25360,07:02:40,10,3257,Washington Ave & N. Main Ave (03257),0,1,5,,,26363,07:19:23,,,26385,07:19:45,22,00:00:22,doors opened
07/06/2025,12,4118,Sunday,Sunday,East,15676842,25200,07:00:00,25360,07:02:40,9,1796,Washington Ave & N. Allen St (01796),0,2,6,26160.0,07:16:00,26303,07:18:23,26160.0,07:16:00,26326,07:18:46,23,00:00:23,doors opened
07/06/2025,12,4118,Sunday,Sunday,East,15676842,25200,07:00:00,25360,07:02:40,8,11581,Washington Ave & Manning Blvd (11581),0,0,8,,,26276,07:17:56,,,26276,07:17:56,0,00:00:00,door not opened
07/06/2025,12,4118,Sunday,Sunday,East,15676842,25200,07:00:00,25360,07:02:40,7,2180,Washington Ave & Homestead Ave (02180),0,0,8,,,26258,07:17:38,,,26258,07:17:38,0,00:00:00,door not opened
07/06/2025,12,4118,Sunday,Sunday,East,15676842,25200,07:00:00,25360,07:02:40,6,2182,Washington Ave & Hawthorne St (02182),0,0,8,,,26235,07:17:15,,,26235,07:17:15,0,00:00:00,door not opened
07/06/2025,12,4118,Sunday,Sunday,East,15676842,25200,07:00:00,25360,07:02:40,5,3304,Washington Ave & Clermont St (03304),0,1,8,,,26150,07:15:50,,,26210,07:16:50,60,00:01:00,doors opened
07/06/2025,12,4118,Sunday,Sunday,East,15676842,25200,07:00:00,25360,07:02:40,4,3348,Washington Ave & Brevator St (03348),0,0,9,,,26136,07:15:36,,,26136,07:15:36,0,00:00:00,door not opened
07/06/2025,12,4118,Sunday,Sunday,East,15676842,25200,07:00:00,25360,07:02:40,3,10134,Washington Ave & SUNY Exit Rd (10134),2,0,9,,,25986,07:13:06,,,26020,07:13:40,34,00:00:34,doors opened
07/06/2025,12,4118,Sunday,Sunday,East,15676842,25200,07:00:00,25360,07:02:40,1,12827,Crossgates Commons Station (12827),6,0,7,25500.0,07:05:00,25603,07:06:43,25500.0,07:05:00,25672,07:07:52,69,00:01:09,doors opened
07/06/2025,12,4118,Sunday,Sunday,East,15676842,25200,07:00:00,25360,07:02:40,0,7175,Crossgates Mall Station (07175),1,0,1,25200.0,07:00:00,25360,07:02:40,25200.0,07:00:00,25360,07:02:40,0,00:00:00,doors opened
07/06/2025,12,4118,Sunday,Sunday,West,15676844,27300,07:35:00,27380,07:36:20,27,7175,Crossgates Mall Station (07175),0,2,0,29340.0,08:09:00,29298,08:08:18,29340.0,08:09:00,29298,08:08:18,0,00:00:00,doors opened
07/06/2025,12,4118,Sunday,Sunday,West,15676844,27300,07:35:00,27380,07:36:20,26,12828,Crossgates Commons Station (12828),0,8,2,28920.0,08:02:00,29018,08:03:38,28920.0,08:02:00,29045,08:04:05,27,00:00:27,doors opened
07/06/2025,12,4118,Sunday,Sunday,West,15676844,27300,07:35:00,27380,07:36:20,25,12891,1475 Washington Ave (12891),0,0,10,,,28872,08:01:12,,,28872,08:01:12,0,00:00:00,door not opened
07/06/2025,12,4118,Sunday,Sunday,West,15676844,27300,07:35:00,27380,07:36:20,24,7216,SUNY Collins Circle (07216),0,0,10,28560.0,07:56:00,28793,07:59:53,28560.0,07:56:00,28793,07:59:53,0,00:00:00,door not opened
07/06/2025,12,4118,Sunday,Sunday,West,15676844,27300,07:35:00,27380,07:36:20,23,3262,1383 Washington Ave (Fairfield Inn) (03262),1,0,10,,,28684,07:58:04,,,28699,07:58:19,15,00:00:15,doors opened
07/06/2025,12,4118,Sunday,Sunday,West,15676844,27300,07:35:00,27380,07:36:20,22,976,Washington Ave & Brevator St (00976),0,0,9,,,28579,07:56:19,,,28579,07:56:19,0,00:00:00,door not opened
07/06/2025,12,4118,Sunday,Sunday,West,15676844,27300,07:35:00,27380,07:36:20,21,1959,Washington Ave & Colvin Ave (01959),0,0,9,,,28559,07:55:59,,,28559,07:55:59,0,00:00:00,door not opened
07/06/2025,12,4118,Sunday,Sunday,West,15676844,27300,07:35:00,27380,07:36:20,20,3399,Washington Ave & Danker Ave (03399),0,1,9,,,28487,07:54:47,,,28499,07:54:59,12,00:00:12,doors opened
07/06/2025,12,4118,Sunday,Sunday,West,15676844,27300,07:35:00,27380,07:36:20,19,1849,Washington Ave & Homestead Ave (01849),0,0,10,,,28462,07:54:22,,,28462,07:54:22,0,00:00:00,door not opened
07/06/2025,12,4118,Sunday,Sunday,West,15676844,27300,07:35:00,27380,07:36:20,18,1846,Washington Ave & Manning Blvd (01846),0,1,10,,,28405,07:53:25,,,28433,07:53:53,28,00:00:28,doors opened
07/06/2025,12,4118,Sunday,Sunday,West,15676844,27300,07:35:00,27380,07:36:20,17,3287,Washington Ave & N. Allen St (03287),3,2,11,28260.0,07:51:00,28345,07:52:25,28260.0,07:51:00,28374,07:52:54,29,00:00:29,doors opened
07/06/2025,12,4118,Sunday,Sunday,West,15676844,27300,07:35:00,27380,07:36:20,16,3264,Washington Ave & N. Main Ave (03264),1,0,10,,,28287,07:51:27,,,28310,07:51:50,23,00:00:23,doors opened
07/06/2025,12,4118,Sunday,Sunday,West,15676844,27300,07:35:00,27380,07:36:20,15,1839,Washington Ave & Partridge St (01839),1,0,9,,,28185,07:49:45,,,28201,07:50:01,16,00:00:16,doors opened
07/06/2025,12,4118,Sunday,Sunday,West,15676844,27300,07:35:00,27380,07:36:20,14,1841,Washington Ave & Ontario St (01841),0,0,8,28080.0,07:48:00,28166,07:49:26,28080.0,07:48:00,28166,07:49:26,0,00:00:00,door not opened
07/06/2025,12,4118,Sunday,Sunday,West,15676844,27300,07:35:00,27380,07:36:20,13,1842,Washington Ave & Quail St (01842),2,0,8,,,28121,07:48:41,,,28145,07:49:05,24,00:00:24,doors opened
07/06/2025,12,4118,Sunday,Sunday,West,15676844,27300,07:35:00,27380,07:36:20,12,1837,Washington Ave & N. Lake Ave (01837),0,2,6,,,28072,07:47:52,,,28094,07:48:14,22,00:00:22,doors opened
07/06/2025,12,4118,Sunday,Sunday,West,15676844,27300,07:35:00,27380,07:36:20,11,1843,Washington Ave & Robin St (01843),0,0,8,,,28050,07:47:30,,,28050,07:47:30,0,00:00:00,door not opened
07/06/2025,12,4118,Sunday,Sunday,West,15676844,27300,07:35:00,27380,07:36:20,10,12943,Washington Ave & Lexington Ave (12943),0,0,8,,,28009,07:46:49,,,28009,07:46:49,0,00:00:00,door not opened
07/06/2025,12,4118,Sunday,Sunday,West,15676844,27300,07:35:00,27380,07:36:20,9,12942,Washington Ave & Henry Johnson Blvd (12942),1,0,8,,,27950,07:45:50,,,27971,07:46:11,21,00:00:21,doors opened
07/06/2025,12,4118,Sunday,Sunday,West,15676844,27300,07:35:00,27380,07:36:20,8,3239,Lark/Library Station - Washington Ave & Lark St (03239),3,0,7,27720.0,07:42:00,27822,07:43:42,27720.0,07:42:00,27879,07:44:39,57,00:00:57,doors opened
07/06/2025,12,4118,Sunday,Sunday,West,15676844,27300,07:35:00,27380,07:36:20,7,3301,Washington Ave & S. Swan St (03301),1,0,4,,,27758,07:42:38,,,27782,07:43:02,24,00:00:24,doors opened
07/06/2025,12,4118,Sunday,Sunday,West,15676844,27300,07:35:00,27380,07:36:20,6,3250,Hawk/Capitol Station - Washington Ave & Hawk St (03250),0,0,3,,,27735,07:42:15,,,27735,07:42:15,0,00:00:00,door not opened
07/06/2025,12,4118,Sunday,Sunday,West,15676844,27300,07:35:00,27380,07:36:20,5,10087,State St & Eagle St (10087),0,0,3,,,27704,07:41:44,,,27704,07:41:44,0,00:00:00,door not opened
07/06/2025,12,4118,Sunday,Sunday,West,15676844,27300,07:35:00,27380,07:36:20,4,2665,State/Downtown Station - State St & Lodge St (02665),2,0,3,27540.0,07:39:00,27547,07:39:07,27540.0,07:39:00,27572,07:39:32,25,00:00:25,doors opened
07/06/2025,12,4118,Sunday,Sunday,West,15676844,27300,07:35:00,27380,07:36:20,3,3221,State Station - N. Pearl St & Ten Eyck Plaza (03221),1,0,1,,,27497,07:38:17,,,27514,07:38:34,17,00:00:17,doors opened
07/06/2025,12,4118,Sunday,Sunday,West,15676844,27300,07:35:00,27380,07:36:20,2,3233,N. Pearl St & Sheridan Ave (03233),0,0,0,,,27450,07:37:30,,,27450,07:37:30,0,00:00:00,door not opened
07/06/2025,12,4118,Sunday,Sunday,West,15676844,27300,07:35:00,27380,07:36:20,1,2168,Clinton Square Station - N. Pearl St & Clinton Ave (02168),0,0,0,,,27432,07:37:12,,,27432,07:37:12,0,00:00:00,door not opened
07/06/2025,12,4118,Sunday,Sunday,West,15676844,27300,07:35:00,27380,07:36:20,0,9018,Broadway & Orange St (09018),0,0,0,27300.0,07:35:00,27380,07:36:20,27300.0,07:35:00,27380,07:36:20,0,00:00:00,door not opened
07/06/2025,12,4118,Sunday,Sunday,East,15676847,30600,08:30:00,30757,08:32:37,24,3940,Broadway & Steuben St (03940),0,0,0,32400.0,09:00:00,32500,09:01:40,32400.0,09:00:00,32500,09:01:40,0,00:00:00,door not opened
07/06/2025,12,4118,Sunday,Sunday,East,15676847,30600,08:30:00,30757,08:32:37,23,2509,State/Downtown Station - State St & S. Pearl St (02509),0,3,0,32160.0,08:56:00,32315,08:58:35,32160.0,08:56:00,32403,09:00:03,88,00:01:28,doors opened
07/06/2025,12,4118,Sunday,Sunday,East,15676847,30600,08:30:00,30757,08:32:37,22,1787,State St & Eagle St (01787),0,0,3,,,32261,08:57:41,,,32261,08:57:41,0,00:00:00,door not opened
07/06/2025,12,4118,Sunday,Sunday,East,15676847,30600,08:30:00,30757,08:32:37,21,2706,Hawk/Capitol Station - Washington Ave & Hawk St (02706),0,0,3,,,32145,08:55:45,,,32145,08:55:45,0,00:00:00,door not opened
07/06/2025,12,4118,Sunday,Sunday,East,15676847,30600,08:30:00,30757,08:32:37,20,1789,Washington Ave & S. Swan St (01789),0,0,3,,,32125,08:55:25,,,32125,08:55:25,0,00:00:00,door not opened
07/06/2025,12,4118,Sunday,Sunday,East,15676847,30600,08:30:00,30757,08:32:37,19,1788,Washington Ave & Dove St (01788),0,0,3,,,32100,08:55:00,,,32100,08:55:00,0,00:00:00,door not opened
07/06/2025,12,4118,Sunday,Sunday,East,15676847,30600,08:30:00,30757,08:32:37,18,2663,Lark/Library Station - Washington Ave & Lark St (02663),0,1,3,31980.0,08:53:00,32053,08:54:13,31980.0,08:53:00,32061,08:54:21,8,00:00:08,doors opened
07/06/2025,12,4118,Sunday,Sunday,East,15676847,30600,08:30:00,30757,08:32:37,17,263,Washington Ave & Henry Johnson Blvd (00263),0,0,4,,,32013,08:53:33,,,32013,08:53:33,0,00:00:00,door not opened
07/06/2025,12,4118,Sunday,Sunday,East,15676847,30600,08:30:00,30757,08:32:37,16,2096,Washington Ave & Lexington Ave (02096),0,0,4,,,31977,08:52:57,,,31977,08:52:57,0,00:00:00,door not opened
07/06/2025,12,4118,Sunday,Sunday,East,15676847,30600,08:30:00,30757,08:32:37,15,3253,Washington Ave & Robin St (Draper Hall) (03253),0,0,4,,,31962,08:52:42,,,31962,08:52:42,0,00:00:00,door not opened
07/06/2025,12,4118,Sunday,Sunday,East,15676847,30600,08:30:00,30757,08:32:37,14,2109,Washington Ave & N. Lake Ave (02109),0,0,4,,,31934,08:52:14,,,31934,08:52:14,0,00:00:00,door not opened
07/06/2025,12,4118,Sunday,Sunday,East,15676847,30600,08:30:00,30757,08:32:37,13,3255,Washington Ave & Quail St (03255),1,1,4,,,31875,08:51:15,,,31906,08:51:46,31,00:00:31,doors opened
07/06/2025,12,4118,Sunday,Sunday,East,15676847,30600,08:30:00,30757,08:32:37,12,3256,Washington Ave & Ontario St (03256),0,0,4,31680.0,08:48:00,31855,08:50:55,31680.0,08:48:00,31855,08:50:55,0,00:00:00,door not opened
07/06/2025,12,4118,Sunday,Sunday,East,15676847,30600,08:30:00,30757,08:32:37,11,2107,Washington Ave & Partridge St (02107),0,0,4,,,31837,08:50:37,,,31837,08:50:37,0,00:00:00,door not opened
07/06/2025,12,4118,Sunday,Sunday,East,15676847,30600,08:30:00,30757,08:32:37,10,3257,Washington Ave & N. Main Ave (03257),0,0,4,,,31788,08:49:48,,,31788,08:49:48,0,00:00:00,door not opened
07/06/2025,12,4118,Sunday,Sunday,East,15676847,30600,08:30:00,30757,08:32:37,9,1796,Washington Ave & N. Allen St (01796),0,1,4,31560.0,08:46:00,31709,08:48:29,31560.0,08:46:00,31730,08:48:50,21,00:00:21,doors opened
07/06/2025,12,4118,Sunday,Sunday,East,15676847,30600,08:30:00,30757,08:32:37,8,11581,Washington Ave & Manning Blvd (11581),0,0,5,,,31679,08:47:59,,,31679,08:47:59,0,00:00:00,door not opened
07/06/2025,12,4118,Sunday,Sunday,East,15676847,30600,08:30:00,30757,08:32:37,7,2180,Washington Ave & Homestead Ave (02180),1,0,5,,,31600,08:46:40,,,31640,08:47:20,40,00:00:40,doors opened
07/06/2025,12,4118,Sunday,Sunday,East,15676847,30600,08:30:00,30757,08:32:37,6,2182,Washington Ave & Hawthorne St (02182),0,0,4,,,31577,08:46:17,,,31577,08:46:17,0,00:00:00,door not opened
07/06/2025,12,4118,Sunday,Sunday,East,15676847,30600,08:30:00,30757,08:32:37,5,3304,Washington Ave & Clermont St (03304),1,0,4,,,31535,08:45:35,,,31551,08:45:51,16,00:00:16,doors opened
07/06/2025,12,4118,Sunday,Sunday,East,15676847,30600,08:30:00,30757,08:32:37,1,12827,Crossgates Commons Station (12827),2,0,3,30900.0,08:35:00,30994,08:36:34,30900.0,08:35:00,31017,08:36:57,23,00:00:23,doors opened
07/06/2025,12,4118,Sunday,Sunday,East,15676847,30600,08:30:00,30757,08:32:37,0,7175,Crossgates Mall Station (07175),0,0,1,30600.0,08:30:00,30757,08:32:37,30600.0,08:30:00,30757,08:32:37,0,00:00:00,doors opened
07/06/2025,12,4118,Sunday,Sunday,West,15676849,32700,09:05:00,32923,09:08:43,21,1959,Washington Ave & Colvin Ave (01959),0,0,14,,,34118,09:28:38,,,34118,09:28:38,0,00:00:00,door not opened
07/06/2025,12,4118,Sunday,Sunday,West,15676849,32700,09:05:00,32923,09:08:43,20,3399,Washington Ave & Danker Ave (03399),0,2,14,,,34040,09:27:20,,,34040,09:27:20,0,00:00:00,door not opened
07/06/2025,12,4118,Sunday,Sunday,West,15676849,32700,09:05:00,32923,09:08:43,19,1849,Washington Ave & Homestead Ave (01849),0,0,16,,,34020,09:27:00,,,34020,09:27:00,0,00:00:00,door not opened
07/06/2025,12,4118,Sunday,Sunday,West,15676849,32700,09:05:00,32923,09:08:43,18,1846,Washington Ave & Manning Blvd (01846),0,1,16,,,33984,09:26:24,,,33984,09:26:24,0,00:00:00,door not opened
07/06/2025,12,4118,Sunday,Sunday,West,15676849,32700,09:05:00,32923,09:08:43,17,3287,Washington Ave & N. Allen St (03287),0,0,17,33720.0,09:22:00,33902,09:25:02,33720.0,09:22:00,33902,09:25:02,0,00:00:00,door not opened
07/06/2025,12,4118,Sunday,Sunday,West,15676849,32700,09:05:00,32923,09:08:43,16,3264,Washington Ave & N. Main Ave (03264),3,0,17,,,33843,09:24:03,,,33843,09:24:03,0,00:00:00,door not opened
07/06/2025,12,4118,Sunday,Sunday,West,15676849,32700,09:05:00,32923,09:08:43,15,1839,Washington Ave & Partridge St (01839),0,0,14,,,33706,09:21:46,,,33706,09:21:46,0,00:00:00,door not opened
07/06/2025,12,4118,Sunday,Sunday,West,15676849,32700,09:05:00,32923,09:08:43,14,1841,Washington Ave & Ontario St (01841),0,0,14,33540.0,09:19:00,33667,09:21:07,33540.0,09:19:00,33667,09:21:07,0,00:00:00,door not opened
07/06/2025,12,4118,Sunday,Sunday,West,15676849,32700,09:05:00,32923,09:08:43,13,1842,Washington Ave & Quail St (01842),0,1,14,,,33629,09:20:29,,,33629,09:20:29,0,00:00:00,door not opened
07/06/2025,12,4118,Sunday,Sunday,West,15676849,32700,09:05:00,32923,09:08:43,12,1837,Washington Ave & N. Lake Ave (01837),2,0,15,,,33581,09:19:41,,,33581,09:19:41,0,00:00:00,door not opened
07/06/2025,12,4118,Sunday,Sunday,West,15676849,32700,09:05:00,32923,09:08:43,11,1843,Washington Ave & Robin St (01843),1,0,13,,,33545,09:19:05,,,33545,09:19:05,0,00:00:00,door not opened
07/06/2025,12,4118,Sunday,Sunday,West,15676849,32700,09:05:00,32923,09:08:43,10,12943,Washington Ave & Lexington Ave (12943),3,0,12,,,33501,09:18:21,,,33501,09:18:21,0,00:00:00,door not opened
07/06/2025,12,4118,Sunday,Sunday,West,15676849,32700,09:05:00,32923,09:08:43,9,12942,Washington Ave & Henry Johnson Blvd (12942),1,0,9,,,33448,09:17:28,,,33448,09:17:28,0,00:00:00,door not opened
07/06/2025,12,4118,Sunday,Sunday,West,15676849,32700,09:05:00,32923,09:08:43,8,3239,Lark/Library Station - Washington Ave & Lark St (03239),4,0,8,33180.0,09:13:00,33373,09:16:13,33180.0,09:13:00,33373,09:16:13,0,00:00:00,door not opened
07/06/2025,12,4118,Sunday,Sunday,West,15676849,32700,09:05:00,32923,09:08:43,7,3301,Washington Ave & S. Swan St (03301),1,1,4,,,33276,09:14:36,,,33276,09:14:36,0,00:00:00,door not opened
07/06/2025,12,4118,Sunday,Sunday,West,15676849,32700,09:05:00,32923,09:08:43,6,3250,Hawk/Capitol Station - Washington Ave & Hawk St (03250),0,0,4,,,33238,09:13:58,,,33238,09:13:58,0,00:00:00,door not opened
07/06/2025,12,4118,Sunday,Sunday,West,15676849,32700,09:05:00,32923,09:08:43,5,10087,State St & Eagle St (10087),1,0,4,,,33197,09:13:17,,,33197,09:13:17,0,00:00:00,door not opened
07/06/2025,12,4118,Sunday,Sunday,West,15676849,32700,09:05:00,32923,09:08:43,4,2665,State/Downtown Station - State St & Lodge St (02665),1,0,3,32940.0,09:09:00,33140,09:12:20,32940.0,09:09:00,33154,09:12:34,14,00:00:14,doors opened
07/06/2025,12,4118,Sunday,Sunday,West,15676849,32700,09:05:00,32923,09:08:43,3,3221,State Station - N. Pearl St & Ten Eyck Plaza (03221),1,0,2,,,33074,09:11:14,,,33112,09:11:52,38,00:00:38,doors opened
07/06/2025,12,4118,Sunday,Sunday,West,15676849,32700,09:05:00,32923,09:08:43,2,3233,N. Pearl St & Sheridan Ave (03233),0,0,1,,,33037,09:10:37,,,33037,09:10:37,0,00:00:00,door not opened
07/06/2025,12,4118,Sunday,Sunday,West,15676849,32700,09:05:00,32923,09:08:43,1,2168,Clinton Square Station - N. Pearl St & Clinton Ave (02168),1,0,1,,,32996,09:09:56,,,33011,09:10:11,15,00:00:15,doors opened
07/06/2025,12,4118,Sunday,Sunday,West,15676849,32700,09:05:00,32923,09:08:43,0,9018,Broadway & Orange St (09018),0,0,0,32700.0,09:05:00,32923,09:08:43,32700.0,09:05:00,32923,09:08:43,0,00:00:00,door not opened
07/06/2025,12,4118,Sunday,Sunday,West,15676849,32700,09:05:00,32923,09:08:43,27,7175,Crossgates Mall Station (07175),0,12,0,34860.0,09:41:00,34891,09:41:31,34860.0,09:41:00,34891,09:41:31,0,00:00:00,doors opened
07/06/2025,12,4118,Sunday,Sunday,West,15676849,32700,09:05:00,32923,09:08:43,26,12828,Crossgates Commons Station (12828),0,5,12,34440.0,09:34:00,34623,09:37:03,34440.0,09:34:00,34645,09:37:25,22,00:00:22,doors opened
07/06/2025,12,4118,Sunday,Sunday,West,15676849,32700,09:05:00,32923,09:08:43,25,12891,1475 Washington Ave (12891),3,0,17,,,34441,09:34:01,,,34454,09:34:14,13,00:00:13,doors opened
07/06/2025,12,4118,Sunday,Sunday,West,15676849,32700,09:05:00,32923,09:08:43,24,7216,SUNY Collins Circle (07216),0,0,14,34080.0,09:28:00,34356,09:32:36,34080.0,09:28:00,34356,09:32:36,0,00:00:00,door not opened
07/06/2025,12,4118,Sunday,Sunday,West,15676849,32700,09:05:00,32923,09:08:43,23,3262,1383 Washington Ave (Fairfield Inn) (03262),1,1,14,,,34255,09:30:55,,,34269,09:31:09,14,00:00:14,doors opened
07/06/2025,12,4118,Sunday,Sunday,West,15676849,32700,09:05:00,32923,09:08:43,22,976,Washington Ave & Brevator St (00976),0,0,14,,,34138,09:28:58,,,34138,09:28:58,0,00:00:00,door not opened
07/06/2025,12,4119,Sunday,Sunday,East,15677683,34800,09:40:00,34995,09:43:15,14,2109,Washington Ave & N. Lake Ave (02109),0,0,2,,,36310,10:05:10,,,36310,10:05:10,0,00:00:00,door not opened
07/06/2025,12,4119,Sunday,Sunday,East,15677683,34800,09:40:00,34995,09:43:15,13,3255,Washington Ave & Quail St (03255),0,3,2,,,36223,10:03:43,,,36253,10:04:13,30,00:00:30,doors opened
07/06/2025,12,4119,Sunday,Sunday,East,15677683,34800,09:40:00,34995,09:43:15,12,3256,Washington Ave & Ontario St (03256),0,0,5,35940.0,09:59:00,36204,10:03:24,35940.0,09:59:00,36204,10:03:24,0,00:00:00,door not opened
07/06/2025,12,4119,Sunday,Sunday,East,15677683,34800,09:40:00,34995,09:43:15,11,2107,Washington Ave & Partridge St (02107),0,0,5,,,36191,10:03:11,,,36191,10:03:11,0,00:00:00,door not opened
07/06/2025,12,4119,Sunday,Sunday,East,15677683,34800,09:40:00,34995,09:43:15,10,3257,Washington Ave & N. Main Ave (03257),1,0,5,,,36071,10:01:11,,,36112,10:01:52,41,00:00:41,doors opened
07/06/2025,12,4119,Sunday,Sunday,East,15677683,34800,09:40:00,34995,09:43:15,9,1796,Washington Ave & N. Allen St (01796),0,0,4,35820.0,09:57:00,36040,10:00:40,35820.0,09:57:00,36040,10:00:40,0,00:00:00,door not opened
07/06/2025,12,4119,Sunday,Sunday,East,15677683,34800,09:40:00,34995,09:43:15,8,11581,Washington Ave & Manning Blvd (11581),0,0,4,,,35996,09:59:56,,,35996,09:59:56,0,00:00:00,door not opened
07/06/2025,12,4119,Sunday,Sunday,East,15677683,34800,09:40:00,34995,09:43:15,7,2180,Washington Ave & Homestead Ave (02180),0,0,4,,,35966,09:59:26,,,35966,09:59:26,0,00:00:00,door not opened
07/06/2025,12,4119,Sunday,Sunday,East,15677683,34800,09:40:00,34995,09:43:15,6,2182,Washington Ave & Hawthorne St (02182),0,0,4,,,35924,09:58:44,,,35924,09:58:44,0,00:00:00,door not opened
07/06/2025,12,4119,Sunday,Sunday,East,15677683,34800,09:40:00,34995,09:43:15,5,3304,Washington Ave & Clermont St (03304),0,0,4,,,35908,09:58:28,,,35908,09:58:28,0,00:00:00,door not opened
07/06/2025,12,4119,Sunday,Sunday,East,15677683,34800,09:40:00,34995,09:43:15,4,3348,Washington Ave & Brevator St (03348),0,0,4,,,35891,09:58:11,,,35891,09:58:11,0,00:00:00,door not opened
07/06/2025,12,4119,Sunday,Sunday,East,15677683,34800,09:40:00,34995,09:43:15,3,10134,Washington Ave & SUNY Exit Rd (10134),1,1,4,,,35745,09:55:45,,,35776,09:56:16,31,00:00:31,doors opened
07/06/2025,12,4119,Sunday,Sunday,East,15677683,34800,09:40:00,34995,09:43:15,2,7216,SUNY Collins Circle (07216),0,0,4,35400.0,09:50:00,35658,09:54:18,35400.0,09:50:00,35658,09:54:18,0,00:00:00,door not opened
07/06/2025,12,4119,Sunday,Sunday,East,15677683,34800,09:40:00,34995,09:43:15,1,12827,Crossgates Commons Station (12827),4,0,4,35160.0,09:46:00,35329,09:48:49,35160.0,09:46:00,35413,09:50:13,84,00:01:24,doors opened
07/06/2025,12,4119,Sunday,Sunday,East,15677683,34800,09:40:00,34995,09:43:15,0,7175,Crossgates Mall Station (07175),0,0,0,34800.0,09:40:00,34995,09:43:15,34800.0,09:40:00,34995,09:43:15,0,00:00:00,doors opened
07/06/2025,12,4119,Sunday,Sunday,East,15677683,34800,09:40:00,34995,09:43:15,24,3940,Broadway & Steuben St (03940),0,0,0,36720.0,10:12:00,36826,10:13:46,36720.0,10:12:00,36826,10:13:46,0,00:00:00,door not opened
07/06/2025,12,4119,Sunday,Sunday,East,15677683,34800,09:40:00,34995,09:43:15,23,2509,State/Downtown Station - State St & S. Pearl St (02509),0,2,0,36480.0,10:08:00,36706,10:11:46,36480.0,10:08:00,36779,10:12:59,73,00:01:13,doors opened
07/06/2025,12,4119,Sunday,Sunday,East,15677683,34800,09:40:00,34995,09:43:15,22,1787,State St & Eagle St (01787),0,0,2,,,36689,10:11:29,,,36689,10:11:29,0,00:00:00,door not opened
07/06/2025,12,4119,Sunday,Sunday,East,15677683,34800,09:40:00,34995,09:43:15,21,2706,Hawk/Capitol Station - Washington Ave & Hawk St (02706),0,0,2,,,36620,10:10:20,,,36620,10:10:20,0,00:00:00,door not opened
07/06/2025,12,4119,Sunday,Sunday,East,15677683,34800,09:40:00,34995,09:43:15,20,1789,Washington Ave & S. Swan St (01789),0,0,2,,,36602,10:10:02,,,36602,10:10:02,0,00:00:00,door not opened
07/06/2025,12,4119,Sunday,Sunday,East,15677683,34800,09:40:00,34995,09:43:15,19,1788,Washington Ave & Dove St (01788),0,0,2,,,36581,10:09:41,,,36581,10:09:41,0,00:00:00,door not opened
07/06/2025,12,4119,Sunday,Sunday,East,15677683,34800,09:40:00,34995,09:43:15,18,2663,Lark/Library Station - Washington Ave & Lark St (02663),0,0,2,36240.0,10:04:00,36562,10:09:22,36240.0,10:04:00,36562,10:09:22,0,00:00:00,door not opened
07/06/2025,12,4119,Sunday,Sunday,East,15677683,34800,09:40:00,34995,09:43:15,17,263,Washington Ave & Henry Johnson Blvd (00263),0,0,2,,,36464,10:07:44,,,36464,10:07:44,0,00:00:00,door not opened
07/06/2025,12,4119,Sunday,Sunday,East,15677683,34800,09:40:00,34995,09:43:15,16,2096,Washington Ave & Lexington Ave (02096),0,0,2,,,36367,10:06:07,,,36367,10:06:07,0,00:00:00,door not opened
07/06/2025,12,4119,Sunday,Sunday,East,15677683,34800,09:40:00,34995,09:43:15,15,3253,Washington Ave & Robin St (Draper Hall) (03253),0,0,2,,,36335,10:05:35,,,36335,10:05:35,0,00:00:00,door not opened
07/06/2025,12,4119,Sunday,Sunday,West,15677686,37500,10:25:00,37546,10:25:46,27,7175,Crossgates Mall Station (07175),0,10,0,39720.0,11:02:00,39814,11:03:34,39720.0,11:02:00,39814,11:03:34,0,00:00:00,doors opened
07/06/2025,12,4119,Sunday,Sunday,West,15677686,37500,10:25:00,37546,10:25:46,26,12828,Crossgates Commons Station (12828),0,11,10,39300.0,10:55:00,39491,10:58:11,39300.0,10:55:00,39520,10:58:40,29,00:00:29,doors opened
07/06/2025,12,4119,Sunday,Sunday,West,15677686,37500,10:25:00,37546,10:25:46,25,12891,1475 Washington Ave (12891),0,1,21,,,39289,10:54:49,,,39312,10:55:12,23,00:00:23,doors opened
07/06/2025,12,4119,Sunday,Sunday,West,15677686,37500,10:25:00,37546,10:25:46,24,7216,SUNY Collins Circle (07216),0,0,22,38940.0,10:49:00,39189,10:53:09,38940.0,10:49:00,39198,10:53:18,9,00:00:09,doors opened
07/06/2025,12,4119,Sunday,Sunday,West,15677686,37500,10:25:00,37546,10:25:46,23,3262,1383 Washington Ave (Fairfield Inn) (03262),1,1,22,,,39088,10:51:28,,,39110,10:51:50,22,00:00:22,doors opened
07/06/2025,12,4119,Sunday,Sunday,West,15677686,37500,10:25:00,37546,10:25:46,22,976,Washington Ave & Brevator St (00976),3,0,22,,,38937,10:48:57,,,38967,10:49:27,30,00:00:30,doors opened
07/06/2025,12,4119,Sunday,Sunday,West,15677686,37500,10:25:00,37546,10:25:46,21,1959,Washington Ave & Colvin Ave (01959),0,0,19,,,38915,10:48:35,,,38915,10:48:35,0,00:00:00,door not opened
07/06/2025,12,4119,Sunday,Sunday,West,15677686,37500,10:25:00,37546,10:25:46,20,3399,Washington Ave & Danker Ave (03399),0,0,19,,,38862,10:47:42,,,38862,10:47:42,0,00:00:00,door not opened
07/06/2025,12,4119,Sunday,Sunday,West,15677686,37500,10:25:00,37546,10:25:46,19,1849,Washington Ave & Homestead Ave (01849),0,0,19,,,38843,10:47:23,,,38843,10:47:23,0,00:00:00,door not opened
07/06/2025,12,4119,Sunday,Sunday,West,15677686,37500,10:25:00,37546,10:25:46,18,1846,Washington Ave & Manning Blvd (01846),0,0,19,,,38822,10:47:02,,,38822,10:47:02,0,00:00:00,door not opened
07/06/2025,12,4119,Sunday,Sunday,West,15677686,37500,10:25:00,37546,10:25:46,17,3287,Washington Ave & N. Allen St (03287),2,0,19,38580.0,10:43:00,38779,10:46:19,38580.0,10:43:00,38796,10:46:36,17,00:00:17,doors opened
07/06/2025,12,4119,Sunday,Sunday,West,15677686,37500,10:25:00,37546,10:25:46,16,3264,Washington Ave & N. Main Ave (03264),0,0,17,,,38753,10:45:53,,,38753,10:45:53,0,00:00:00,door not opened
07/06/2025,12,4119,Sunday,Sunday,West,15677686,37500,10:25:00,37546,10:25:46,15,1839,Washington Ave & Partridge St (01839),1,0,17,,,38612,10:43:32,,,38636,10:43:56,24,00:00:24,doors opened
07/06/2025,12,4119,Sunday,Sunday,West,15677686,37500,10:25:00,37546,10:25:46,14,1841,Washington Ave & Ontario St (01841),3,1,16,38340.0,10:39:00,38563,10:42:43,38340.0,10:39:00,38591,10:43:11,28,00:00:28,doors opened
07/06/2025,12,4119,Sunday,Sunday,West,15677686,37500,10:25:00,37546,10:25:46,13,1842,Washington Ave & Quail St (01842),4,0,14,,,38511,10:41:51,,,38540,10:42:20,29,00:00:29,doors opened
07/06/2025,12,4119,Sunday,Sunday,West,15677686,37500,10:25:00,37546,10:25:46,12,1837,Washington Ave & N. Lake Ave (01837),3,0,10,,,38451,10:40:51,,,38479,10:41:19,28,00:00:28,doors opened
07/06/2025,12,4119,Sunday,Sunday,West,15677686,37500,10:25:00,37546,10:25:46,11,1843,Washington Ave & Robin St (01843),2,0,7,,,38377,10:39:37,,,38427,10:40:27,50,00:00:50,doors opened
07/06/2025,12,4119,Sunday,Sunday,West,15677686,37500,10:25:00,37546,10:25:46,10,12943,Washington Ave & Lexington Ave (12943),0,0,5,,,38353,10:39:13,,,38353,10:39:13,0,00:00:00,door not opened
07/06/2025,12,4119,Sunday,Sunday,West,15677686,37500,10:25:00,37546,10:25:46,9,12942,Washington Ave & Henry Johnson Blvd (12942),1,0,5,,,38274,10:37:54,,,38306,10:38:26,32,00:00:32,doors opened
07/06/2025,12,4119,Sunday,Sunday,West,15677686,37500,10:25:00,37546,10:25:46,8,3239,Lark/Library Station - Washington Ave & Lark St (03239),0,1,4,37980.0,10:33:00,38126,10:35:26,37980.0,10:33:00,38154,10:35:54,28,00:00:28,doors opened
07/06/2025,12,4119,Sunday,Sunday,West,15677686,37500,10:25:00,37546,10:25:46,7,3301,Washington Ave & S. Swan St (03301),0,0,5,,,38036,10:33:56,,,38036,10:33:56,0,00:00:00,door not opened
07/06/2025,12,4119,Sunday,Sunday,West,15677686,37500,10:25:00,37546,10:25:46,6,3250,Hawk/Capitol Station - Washington Ave & Hawk St (03250),2,0,5,,,37938,10:32:18,,,37991,10:33:11,53,00:00:53,doors opened
07/06/2025,12,4119,Sunday,Sunday,West,15677686,37500,10:25:00,37546,10:25:46,5,10087,State St & Eagle St (10087),0,0,3,,,37893,10:31:33,,,37893,10:31:33,0,00:00:00,door not opened
07/06/2025,12,4119,Sunday,Sunday,West,15677686,37500,10:25:00,37546,10:25:46,4,2665,State/Downtown Station - State St & Lodge St (02665),1,0,3,37740.0,10:29:00,37808,10:30:08,37740.0,10:29:00,37851,10:30:51,43,00:00:43,doors opened
07/06/2025,12,4119,Sunday,Sunday,West,15677686,37500,10:25:00,37546,10:25:46,3,3221,State Station - N. Pearl St & Ten Eyck Plaza (03221),1,0,2,,,37673,10:27:53,,,37773,10:29:33,100,00:01:40,doors opened
07/06/2025,12,4119,Sunday,Sunday,West,15677686,37500,10:25:00,37546,10:25:46,2,3233,N. Pearl St & Sheridan Ave (03233),0,0,1,,,37616,10:26:56,,,37616,10:26:56,0,00:00:00,door not opened
07/06/2025,12,4119,Sunday,Sunday,West,15677686,37500,10:25:00,37546,10:25:46,1,2168,Clinton Square Station - N. Pearl St & Clinton Ave (02168),0,0,1,,,37596,10:26:36,,,37596,10:26:36,0,00:00:00,door not opened
07/06/2025,12,4119,Sunday,Sunday,West,15677686,37500,10:25:00,37546,10:25:46,0,9018,Broadway & Orange St (09018),0,0,1,37500.0,10:25:00,37546,10:25:46,37500.0,10:25:00,37546,10:25:46,0,00:00:00,door not opened
07/06/2025,12,4119,Sunday,Sunday,East,15677689,40800,11:20:00,40857,11:20:57,5,3304,Washington Ave & Clermont St (03304),0,0,5,,,41755,11:35:55,,,41755,11:35:55,0,00:00:00,door not opened
07/06/2025,12,4119,Sunday,Sunday,East,15677689,40800,11:20:00,40857,11:20:57,4,3348,Washington Ave & Brevator St (03348),0,0,5,,,41737,11:35:37,,,41737,11:35:37,0,00:00:00,door not opened
07/06/2025,12,4119,Sunday,Sunday,East,15677689,40800,11:20:00,40857,11:20:57,3,10134,Washington Ave & SUNY Exit Rd (10134),3,2,5,,,41589,11:33:09,,,41618,11:33:38,29,00:00:29,doors opened
07/06/2025,12,4119,Sunday,Sunday,East,15677689,40800,11:20:00,40857,11:20:57,2,7216,SUNY Collins Circle (07216),0,0,4,41400.0,11:30:00,41496,11:31:36,41400.0,11:30:00,41496,11:31:36,0,00:00:00,door not opened
07/06/2025,12,4119,Sunday,Sunday,East,15677689,40800,11:20:00,40857,11:20:57,1,12827,Crossgates Commons Station (12827),3,0,4,41160.0,11:26:00,41205,11:26:45,41160.0,11:26:00,41244,11:27:24,39,00:00:39,doors opened
07/06/2025,12,4119,Sunday,Sunday,East,15677689,40800,11:20:00,40857,11:20:57,0,7175,Crossgates Mall Station (07175),1,0,1,40800.0,11:20:00,40857,11:20:57,40800.0,11:20:00,40857,11:20:57,0,00:00:00,doors opened
07/06/2025,12,4119,Sunday,Sunday,East,15677689,40800,11:20:00,40857,11:20:57,24,3940,Broadway & Steuben St (03940),0,0,0,42780.0,11:53:00,42663,11:51:03,42780.0,11:53:00,42663,11:51:03,0,00:00:00,door not opened
07/06/2025,12,4119,Sunday,Sunday,East,15677689,40800,11:20:00,40857,11:20:57,23,2509,State/Downtown Station - State St & S. Pearl St (02509),0,1,0,42540.0,11:49:00,42573,11:49:33,42540.0,11:49:00,42585,11:49:45,12,00:00:12,doors opened
07/06/2025,12,4119,Sunday,Sunday,East,15677689,40800,11:20:00,40857,11:20:57,22,1787,State St & Eagle St (01787),0,0,1,,,42557,11:49:17,,,42557,11:49:17,0,00:00:00,door not opened
07/06/2025,12,4119,Sunday,Sunday,East,15677689,40800,11:20:00,40857,11:20:57,21,2706,Hawk/Capitol Station - Washington Ave & Hawk St (02706),0,0,1,,,42499,11:48:19,,,42499,11:48:19,0,00:00:00,door not opened
07/06/2025,12,4119,Sunday,Sunday,East,15677689,40800,11:20:00,40857,11:20:57,20,1789,Washington Ave & S. Swan St (01789),0,0,1,,,42481,11:48:01,,,42481,11:48:01,0,00:00:00,door not opened
07/06/2025,12,4119,Sunday,Sunday,East,15677689,40800,11:20:00,40857,11:20:57,19,1788,Washington Ave & Dove St (01788),0,0,1,,,42455,11:47:35,,,42455,11:47:35,0,00:00:00,door not opened
07/06/2025,12,4119,Sunday,Sunday,East,15677689,40800,11:20:00,40857,11:20:57,18,2663,Lark/Library Station - Washington Ave & Lark St (02663),0,0,1,42300.0,11:45:00,42435,11:47:15,42300.0,11:45:00,42435,11:47:15,0,00:00:00,door not opened
07/06/2025,12,4119,Sunday,Sunday,East,15677689,40800,11:20:00,40857,11:20:57,17,263,Washington Ave & Henry Johnson Blvd (00263),0,1,1,,,42265,11:44:25,,,42343,11:45:43,78,00:01:18,doors opened
07/06/2025,12,4119,Sunday,Sunday,East,15677689,40800,11:20:00,40857,11:20:57,16,2096,Washington Ave & Lexington Ave (02096),0,0,2,,,42240,11:44:00,,,42240,11:44:00,0,00:00:00,door not opened
07/06/2025,12,4119,Sunday,Sunday,East,15677689,40800,11:20:00,40857,11:20:57,15,3253,Washington Ave & Robin St (Draper Hall) (03253),0,0,2,,,42157,11:42:37,,,42157,11:42:37,0,00:00:00,door not opened
07/06/2025,12,4119,Sunday,Sunday,East,15677689,40800,11:20:00,40857,11:20:57,14,2109,Washington Ave & N. Lake Ave (02109),0,1,2,,,42105,11:41:45,,,42129,11:42:09,24,00:00:24,doors opened
07/06/2025,12,4119,Sunday,Sunday,East,15677689,40800,11:20:00,40857,11:20:57,13,3255,Washington Ave & Quail St (03255),0,0,3,,,42083,11:41:23,,,42083,11:41:23,0,00:00:00,door not opened
07/06/2025,12,4119,Sunday,Sunday,East,15677689,40800,11:20:00,40857,11:20:57,12,3256,Washington Ave & Ontario St (03256),0,0,3,41940.0,11:39:00,42042,11:40:42,41940.0,11:39:00,42042,11:40:42,0,00:00:00,door not opened
07/06/2025,12,4119,Sunday,Sunday,East,15677689,40800,11:20:00,40857,11:20:57,11,2107,Washington Ave & Partridge St (02107),0,1,3,,,41994,11:39:54,,,42013,11:40:13,19,00:00:19,doors opened
07/06/2025,12,4119,Sunday,Sunday,East,15677689,40800,11:20:00,40857,11:20:57,10,3257,Washington Ave & N. Main Ave (03257),0,0,4,,,41934,11:38:54,,,41934,11:38:54,0,00:00:00,door not opened
07/06/2025,12,4119,Sunday,Sunday,East,15677689,40800,11:20:00,40857,11:20:57,9,1796,Washington Ave & N. Allen St (01796),0,1,4,41820.0,11:37:00,41845,11:37:25,41820.0,11:37:00,41860,11:37:40,15,00:00:15,doors opened
07/06/2025,12,4119,Sunday,Sunday,East,15677689,40800,11:20:00,40857,11:20:57,8,11581,Washington Ave & Manning Blvd (11581),0,0,5,,,41814,11:36:54,,,41814,11:36:54,0,00:00:00,door not opened
07/06/2025,12,4119,Sunday,Sunday,East,15677689,40800,11:20:00,40857,11:20:57,7,2180,Washington Ave & Homestead Ave (02180),0,0,5,,,41793,11:36:33,,,41793,11:36:33,0,00:00:00,door not opened
07/06/2025,12,4119,Sunday,Sunday,East,15677689,40800,11:20:00,40857,11:20:57,6,2182,Washington Ave & Hawthorne St (02182),0,0,5,,,41770,11:36:10,,,41770,11:36:10,0,00:00:00,door not opened
07/06/2025,12,4119,Sunday,Sunday,West,15677692,43500,12:05:00,43613,12:06:53,15,1839,Washington Ave & Partridge St (01839),0,0,13,,,44402,12:20:02,,,44402,12:20:02,0,00:00:00,door not opened
07/06/2025,12,4119,Sunday,Sunday,West,15677692,43500,12:05:00,43613,12:06:53,14,1841,Washington Ave & Ontario St (01841),0,0,13,44340.0,12:19:00,44381,12:19:41,44340.0,12:19:00,44381,12:19:41,0,00:00:00,door not opened
07/06/2025,12,4119,Sunday,Sunday,West,15677692,43500,12:05:00,43613,12:06:53,13,1842,Washington Ave & Quail St (01842),5,0,13,,,44319,12:18:39,,,44355,12:19:15,36,00:00:36,doors opened
07/06/2025,12,4119,Sunday,Sunday,West,15677692,43500,12:05:00,43613,12:06:53,12,1837,Washington Ave & N. Lake Ave (01837),1,3,8,,,44279,12:17:59,,,44291,12:18:11,12,00:00:12,doors opened
07/06/2025,12,4119,Sunday,Sunday,West,15677692,43500,12:05:00,43613,12:06:53,11,1843,Washington Ave & Robin St (01843),1,0,10,,,44242,12:17:22,,,44252,12:17:32,10,00:00:10,doors opened
07/06/2025,12,4119,Sunday,Sunday,West,15677692,43500,12:05:00,43613,12:06:53,10,12943,Washington Ave & Lexington Ave (12943),0,0,9,,,44217,12:16:57,,,44217,12:16:57,0,00:00:00,door not opened
07/06/2025,12,4119,Sunday,Sunday,West,15677692,43500,12:05:00,43613,12:06:53,9,12942,Washington Ave & Henry Johnson Blvd (12942),4,0,9,,,44142,12:15:42,,,44192,12:16:32,50,00:00:50,doors opened
07/06/2025,12,4119,Sunday,Sunday,West,15677692,43500,12:05:00,43613,12:06:53,8,3239,Lark/Library Station - Washington Ave & Lark St (03239),1,1,5,43980.0,12:13:00,43999,12:13:19,43980.0,12:13:00,44049,12:14:09,50,00:00:50,doors opened
07/06/2025,12,4119,Sunday,Sunday,West,15677692,43500,12:05:00,43613,12:06:53,7,3301,Washington Ave & S. Swan St (03301),1,0,5,,,43922,12:12:02,,,43938,12:12:18,16,00:00:16,doors opened
07/06/2025,12,4119,Sunday,Sunday,West,15677692,43500,12:05:00,43613,12:06:53,6,3250,Hawk/Capitol Station - Washington Ave & Hawk St (03250),0,0,4,,,43892,12:11:32,,,43892,12:11:32,0,00:00:00,door not opened
07/06/2025,12,4119,Sunday,Sunday,West,15677692,43500,12:05:00,43613,12:06:53,5,10087,State St & Eagle St (10087),0,0,4,,,43858,12:10:58,,,43858,12:10:58,0,00:00:00,door not opened
07/06/2025,12,4119,Sunday,Sunday,West,15677692,43500,12:05:00,43613,12:06:53,4,2665,State/Downtown Station - State St & Lodge St (02665),0,0,4,43740.0,12:09:00,43794,12:09:54,43740.0,12:09:00,43801,12:10:01,7,00:00:07,doors opened
07/06/2025,12,4119,Sunday,Sunday,West,15677692,43500,12:05:00,43613,12:06:53,3,3221,State Station - N. Pearl St & Ten Eyck Plaza (03221),0,0,4,,,43770,12:09:30,,,43770,12:09:30,0,00:00:00,door not opened
07/06/2025,12,4119,Sunday,Sunday,West,15677692,43500,12:05:00,43613,12:06:53,2,3233,N. Pearl St & Sheridan Ave (03233),0,0,4,,,43722,12:08:42,,,43722,12:08:42,0,00:00:00,door not opened
07/06/2025,12,4119,Sunday,Sunday,West,15677692,43500,12:05:00,43613,12:06:53,1,2168,Clinton Square Station - N. Pearl St & Clinton Ave (02168),1,0,4,,,43654,12:07:34,,,43683,12:08:03,29,00:00:29,doors opened
07/06/2025,12,4119,Sunday,Sunday,West,15677692,43500,12:05:00,43613,12:06:53,0,9018,Broadway & Orange St (09018),2,0,3,43500.0,12:05:00,43613,12:06:53,43500.0,12:05:00,43613,12:06:53,0,00:00:00,doors opened
07/06/2025,12,4119,Sunday,Sunday,West,15677692,43500,12:05:00,43613,12:06:53,27,7175,Crossgates Mall Station (07175),0,9,0,45720.0,12:42:00,45618,12:40:18,45720.0,12:42:00,45618,12:40:18,0,00:00:00,doors opened
07/06/2025,12,4119,Sunday,Sunday,West,15677692,43500,12:05:00,43613,12:06:53,26,12828,Crossgates Commons Station (12828),1,11,9,45300.0,12:35:00,45371,12:36:11,45300.0,12:35:00,45399,12:36:39,28,00:00:28,doors opened
07/06/2025,12,4119,Sunday,Sunday,West,15677692,43500,12:05:00,43613,12:06:53,25,12891,1475 Washington Ave (12891),1,1,19,,,45134,12:32:14,,,45152,12:32:32,18,00:00:18,doors opened
07/06/2025,12,4119,Sunday,Sunday,West,15677692,43500,12:05:00,43613,12:06:53,24,7216,SUNY Collins Circle (07216),3,1,19,44940.0,12:29:00,44983,12:29:43,44940.0,12:29:00,45020,12:30:20,37,00:00:37,doors opened
07/06/2025,12,4119,Sunday,Sunday,West,15677692,43500,12:05:00,43613,12:06:53,23,3262,1383 Washington Ave (Fairfield Inn) (03262),1,0,17,,,44887,12:28:07,,,44901,12:28:21,14,00:00:14,doors opened
07/06/2025,12,4119,Sunday,Sunday,West,15677692,43500,12:05:00,43613,12:06:53,22,976,Washington Ave & Brevator St (00976),0,0,16,,,44789,12:26:29,,,44789,12:26:29,0,00:00:00,door not opened
07/06/2025,12,4119,Sunday,Sunday,West,15677692,43500,12:05:00,43613,12:06:53,21,1959,Washington Ave & Colvin Ave (01959),0,0,16,,,44759,12:25:59,,,44759,12:25:59,0,00:00:00,door not opened
07/06/2025,12,4119,Sunday,Sunday,West,15677692,43500,12:05:00,43613,12:06:53,20,3399,Washington Ave & Danker Ave (03399),0,0,16,,,44712,12:25:12,,,44712,12:25:12,0,00:00:00,door not opened
07/06/2025,12,4119,Sunday,Sunday,West,15677692,43500,12:05:00,43613,12:06:53,19,1849,Washington Ave & Homestead Ave (01849),1,2,16,,,44658,12:24:18,,,44691,12:24:51,33,00:00:33,doors opened
07/06/2025,12,4119,Sunday,Sunday,West,15677692,43500,12:05:00,43613,12:06:53,18,1846,Washington Ave & Manning Blvd (01846),2,0,17,,,44594,12:23:14,,,44633,12:23:53,39,00:00:39,doors opened
07/06/2025,12,4119,Sunday,Sunday,West,15677692,43500,12:05:00,43613,12:06:53,17,3287,Washington Ave & N. Allen St (03287),3,1,15,44580.0,12:23:00,44516,12:21:56,44580.0,12:23:00,44556,12:22:36,40,00:00:40,doors opened
07/06/2025,12,4119,Sunday,Sunday,West,15677692,43500,12:05:00,43613,12:06:53,16,3264,Washington Ave & N. Main Ave (03264),0,0,13,,,44473,12:21:13,,,44473,12:21:13,0,00:00:00,door not opened
07/06/2025,12,4119,Sunday,Sunday,East,15677695,46800,13:00:00,46898,13:01:38,24,3940,Broadway & Steuben St (03940),0,0,0,48960.0,13:36:00,48669,13:31:09,48960.0,13:36:00,48669,13:31:09,0,00:00:00,door not opened
07/06/2025,12,4119,Sunday,Sunday,East,15677695,46800,13:00:00,46898,13:01:38,23,2509,State/Downtown Station - State St & S. Pearl St (02509),0,0,0,48720.0,13:32:00,48587,13:29:47,48720.0,13:32:00,48587,13:29:47,0,00:00:00,door not opened
07/06/2025,12,4119,Sunday,Sunday,East,15677695,46800,13:00:00,46898,13:01:38,22,1787,State St & Eagle St (01787),0,3,0,,,48558,13:29:18,,,48570,13:29:30,12,00:00:12,doors opened
07/06/2025,12,4119,Sunday,Sunday,East,15677695,46800,13:00:00,46898,13:01:38,21,2706,Hawk/Capitol Station - Washington Ave & Hawk St (02706),0,0,3,,,48521,13:28:41,,,48521,13:28:41,0,00:00:00,door not opened
07/06/2025,12,4119,Sunday,Sunday,East,15677695,46800,13:00:00,46898,13:01:38,20,1789,Washington Ave & S. Swan St (01789),0,1,3,,,48496,13:28:16,,,48503,13:28:23,7,00:00:07,doors opened
07/06/2025,12,4119,Sunday,Sunday,East,15677695,46800,13:00:00,46898,13:01:38,19,1788,Washington Ave & Dove St (01788),0,0,4,,,48475,13:27:55,,,48475,13:27:55,0,00:00:00,door not opened
07/06/2025,12,4119,Sunday,Sunday,East,15677695,46800,13:00:00,46898,13:01:38,18,2663,Lark/Library Station - Washington Ave & Lark St (02663),0,0,4,48420.0,13:27:00,48460,13:27:40,48420.0,13:27:00,48460,13:27:40,0,00:00:00,door not opened
07/06/2025,12,4119,Sunday,Sunday,East,15677695,46800,13:00:00,46898,13:01:38,17,263,Washington Ave & Henry Johnson Blvd (00263),0,2,4,,,48371,13:26:11,,,48380,13:26:20,9,00:00:09,doors opened
07/06/2025,12,4119,Sunday,Sunday,East,15677695,46800,13:00:00,46898,13:01:38,16,2096,Washington Ave & Lexington Ave (02096),0,0,6,,,48300,13:25:00,,,48300,13:25:00,0,00:00:00,door not opened
07/06/2025,12,4119,Sunday,Sunday,East,15677695,46800,13:00:00,46898,13:01:38,15,3253,Washington Ave & Robin St (Draper Hall) (03253),0,0,6,,,48282,13:24:42,,,48282,13:24:42,0,00:00:00,door not opened
07/06/2025,12,4119,Sunday,Sunday,East,15677695,46800,13:00:00,46898,13:01:38,14,2109,Washington Ave & N. Lake Ave (02109),0,0,6,,,48253,13:24:13,,,48253,13:24:13,0,00:00:00,door not opened
07/06/2025,12,4119,Sunday,Sunday,East,15677695,46800,13:00:00,46898,13:01:38,13,3255,Washington Ave & Quail St (03255),0,0,6,,,48203,13:23:23,,,48203,13:23:23,0,00:00:00,door not opened
07/06/2025,12,4119,Sunday,Sunday,East,15677695,46800,13:00:00,46898,13:01:38,12,3256,Washington Ave & Ontario St (03256),0,0,6,48060.0,13:21:00,48143,13:22:23,48060.0,13:21:00,48143,13:22:23,0,00:00:00,door not opened
07/06/2025,12,4119,Sunday,Sunday,East,15677695,46800,13:00:00,46898,13:01:38,11,2107,Washington Ave & Partridge St (02107),0,0,6,,,48120,13:22:00,,,48120,13:22:00,0,00:00:00,door not opened
07/06/2025,12,4119,Sunday,Sunday,East,15677695,46800,13:00:00,46898,13:01:38,10,3257,Washington Ave & N. Main Ave (03257),1,2,6,,,48022,13:20:22,,,48051,13:20:51,29,00:00:29,doors opened
07/06/2025,12,4119,Sunday,Sunday,East,15677695,46800,13:00:00,46898,13:01:38,9,1796,Washington Ave & N. Allen St (01796),0,1,7,47940.0,13:19:00,47966,13:19:26,47940.0,13:19:00,47983,13:19:43,17,00:00:17,doors opened
07/06/2025,12,4119,Sunday,Sunday,East,15677695,46800,13:00:00,46898,13:01:38,8,11581,Washington Ave & Manning Blvd (11581),0,1,8,,,47920,13:18:40,,,47934,13:18:54,14,00:00:14,doors opened
07/06/2025,12,4119,Sunday,Sunday,East,15677695,46800,13:00:00,46898,13:01:38,7,2180,Washington Ave & Homestead Ave (02180),0,1,9,,,47874,13:17:54,,,47895,13:18:15,21,00:00:21,doors opened
07/06/2025,12,4119,Sunday,Sunday,East,15677695,46800,13:00:00,46898,13:01:38,6,2182,Washington Ave & Hawthorne St (02182),0,0,10,,,47848,13:17:28,,,47848,13:17:28,0,00:00:00,door not opened
07/06/2025,12,4119,Sunday,Sunday,East,15677695,46800,13:00:00,46898,13:01:38,5,3304,Washington Ave & Clermont St (03304),0,1,10,,,47809,13:16:49,,,47822,13:17:02,13,00:00:13,doors opened
07/06/2025,12,4119,Sunday,Sunday,East,15677695,46800,13:00:00,46898,13:01:38,4,3348,Washington Ave & Brevator St (03348),0,0,11,,,47793,13:16:33,,,47793,13:16:33,0,00:00:00,door not opened
07/06/2025,12,4119,Sunday,Sunday,East,15677695,46800,13:00:00,46898,13:01:38,3,10134,Washington Ave & SUNY Exit Rd (10134),1,0,11,,,47624,13:13:44,,,47636,13:13:56,12,00:00:12,doors opened
07/06/2025,12,4119,Sunday,Sunday,East,15677695,46800,13:00:00,46898,13:01:38,2,7216,SUNY Collins Circle (07216),0,0,10,47520.0,13:12:00,47508,13:11:48,47520.0,13:12:00,47520,13:12:00,12,00:00:12,doors opened
07/06/2025,12,4119,Sunday,Sunday,East,15677695,46800,13:00:00,46898,13:01:38,1,12827,Crossgates Commons Station (12827),6,1,10,47220.0,13:07:00,47196,13:06:36,47220.0,13:07:00,47283,13:08:03,87,00:01:27,doors opened
07/06/2025,12,4119,Sunday,Sunday,East,15677695,46800,13:00:00,46898,13:01:38,0,7175,Crossgates Mall Station (07175),4,0,5,46800.0,13:00:00,46898,13:01:38,46800.0,13:00:00,46898,13:01:38,0,00:00:00,doors opened
07/06/2025,12,4119,Sunday,Sunday,West,15677698,49500,13:45:00,49647,13:47:27,26,12828,Crossgates Commons Station (12828),0,11,0,51300.0,14:15:00,51397,14:16:37,51300.0,14:15:00,51397,14:16:37,0,00:00:00,doors opened
07/06/2025,12,4119,Sunday,Sunday,West,15677698,49500,13:45:00,49647,13:47:27,25,12891,1475 Washington Ave (12891),0,0,11,,,51220,14:13:40,,,51220,14:13:40,0,00:00:00,door not opened
07/06/2025,12,4119,Sunday,Sunday,West,15677698,49500,13:45:00,49647,13:47:27,24,7216,SUNY Collins Circle (07216),0,1,11,50940.0,14:09:00,51098,14:11:38,50940.0,14:09:00,51110,14:11:50,12,00:00:12,doors opened
07/06/2025,12,4119,Sunday,Sunday,West,15677698,49500,13:45:00,49647,13:47:27,23,3262,1383 Washington Ave (Fairfield Inn) (03262),0,0,12,,,51029,14:10:29,,,51029,14:10:29,0,00:00:00,door not opened
07/06/2025,12,4119,Sunday,Sunday,West,15677698,49500,13:45:00,49647,13:47:27,22,976,Washington Ave & Brevator St (00976),0,0,12,,,50927,14:08:47,,,50927,14:08:47,0,00:00:00,door not opened
07/06/2025,12,4119,Sunday,Sunday,West,15677698,49500,13:45:00,49647,13:47:27,21,1959,Washington Ave & Colvin Ave (01959),0,0,12,,,50911,14:08:31,,,50911,14:08:31,0,00:00:00,door not opened
07/06/2025,12,4119,Sunday,Sunday,West,15677698,49500,13:45:00,49647,13:47:27,20,3399,Washington Ave & Danker Ave (03399),0,0,12,,,50856,14:07:36,,,50856,14:07:36,0,00:00:00,door not opened
07/06/2025,12,4119,Sunday,Sunday,West,15677698,49500,13:45:00,49647,13:47:27,19,1849,Washington Ave & Homestead Ave (01849),0,0,12,,,50837,14:07:17,,,50837,14:07:17,0,00:00:00,door not opened
07/06/2025,12,4119,Sunday,Sunday,West,15677698,49500,13:45:00,49647,13:47:27,18,1846,Washington Ave & Manning Blvd (01846),1,0,12,,,50781,14:06:21,,,50813,14:06:53,32,00:00:32,doors opened
07/06/2025,12,4119,Sunday,Sunday,West,15677698,49500,13:45:00,49647,13:47:27,17,3287,Washington Ave & N. Allen St (03287),3,0,11,50580.0,14:03:00,50726,14:05:26,50580.0,14:03:00,50753,14:05:53,27,00:00:27,doors opened
07/06/2025,12,4119,Sunday,Sunday,West,15677698,49500,13:45:00,49647,13:47:27,16,3264,Washington Ave & N. Main Ave (03264),1,0,8,,,50646,14:04:06,,,50691,14:04:51,45,00:00:45,doors opened
07/06/2025,12,4119,Sunday,Sunday,West,15677698,49500,13:45:00,49647,13:47:27,15,1839,Washington Ave & Partridge St (01839),0,1,7,,,50531,14:02:11,,,50563,14:02:43,32,00:00:32,doors opened
07/06/2025,12,4119,Sunday,Sunday,West,15677698,49500,13:45:00,49647,13:47:27,14,1841,Washington Ave & Ontario St (01841),1,0,8,50340.0,13:59:00,50498,14:01:38,50340.0,13:59:00,50510,14:01:50,12,00:00:12,doors opened
07/06/2025,12,4119,Sunday,Sunday,West,15677698,49500,13:45:00,49647,13:47:27,13,1842,Washington Ave & Quail St (01842),2,0,7,,,50432,14:00:32,,,50475,14:01:15,43,00:00:43,doors opened
07/06/2025,12,4119,Sunday,Sunday,West,15677698,49500,13:45:00,49647,13:47:27,12,1837,Washington Ave & N. Lake Ave (01837),0,0,5,,,50412,14:00:12,,,50412,14:00:12,0,00:00:00,door not opened
07/06/2025,12,4119,Sunday,Sunday,West,15677698,49500,13:45:00,49647,13:47:27,11,1843,Washington Ave & Robin St (01843),0,0,5,,,50381,13:59:41,,,50381,13:59:41,0,00:00:00,door not opened
07/06/2025,12,4119,Sunday,Sunday,West,15677698,49500,13:45:00,49647,13:47:27,10,12943,Washington Ave & Lexington Ave (12943),0,1,5,,,50336,13:58:56,,,50350,13:59:10,14,00:00:14,doors opened
07/06/2025,12,4119,Sunday,Sunday,West,15677698,49500,13:45:00,49647,13:47:27,9,12942,Washington Ave & Henry Johnson Blvd (12942),3,0,6,,,50272,13:57:52,,,50295,13:58:15,23,00:00:23,doors opened
07/06/2025,12,4119,Sunday,Sunday,West,15677698,49500,13:45:00,49647,13:47:27,8,3239,Lark/Library Station - Washington Ave & Lark St (03239),0,0,3,49980.0,13:53:00,50121,13:55:21,49980.0,13:53:00,50176,13:56:16,55,00:00:55,doors opened
07/06/2025,12,4119,Sunday,Sunday,West,15677698,49500,13:45:00,49647,13:47:27,7,3301,Washington Ave & S. Swan St (03301),0,0,3,,,50077,13:54:37,,,50077,13:54:37,0,00:00:00,door not opened
07/06/2025,12,4119,Sunday,Sunday,West,15677698,49500,13:45:00,49647,13:47:27,6,3250,Hawk/Capitol Station - Washington Ave & Hawk St (03250),0,0,3,,,50029,13:53:49,,,50029,13:53:49,0,00:00:00,door not opened
07/06/2025,12,4119,Sunday,Sunday,West,15677698,49500,13:45:00,49647,13:47:27,5,10087,State St & Eagle St (10087),1,0,3,,,49972,13:52:52,,,49994,13:53:14,22,00:00:22,doors opened
07/06/2025,12,4119,Sunday,Sunday,West,15677698,49500,13:45:00,49647,13:47:27,4,2665,State/Downtown Station - State St & Lodge St (02665),0,0,2,49740.0,13:49:00,49867,13:51:07,49740.0,13:49:00,49867,13:51:07,0,00:00:00,door not opened
07/06/2025,12,4119,Sunday,Sunday,West,15677698,49500,13:45:00,49647,13:47:27,3,3221,State Station - N. Pearl St & Ten Eyck Plaza (03221),1,0,2,,,49729,13:48:49,,,49835,13:50:35,106,00:01:46,doors opened
07/06/2025,12,4119,Sunday,Sunday,West,15677698,49500,13:45:00,49647,13:47:27,2,3233,N. Pearl St & Sheridan Ave (03233),0,0,1,,,49691,13:48:11,,,49691,13:48:11,0,00:00:00,door not opened
07/06/2025,12,4119,Sunday,Sunday,West,15677698,49500,13:45:00,49647,13:47:27,1,2168,Clinton Square Station - N. Pearl St & Clinton Ave (02168),0,0,1,,,49677,13:47:57,,,49677,13:47:57,0,00:00:00,door not opened
07/06/2025,12,4119,Sunday,Sunday,West,15677698,49500,13:45:00,49647,13:47:27,0,9018,Broadway & Orange St (09018),0,0,1,49500.0,13:45:00,49647,13:47:27,49500.0,13:45:00,49647,13:47:27,0,00:00:00,door not opened
07/06/2025,12,4122,Sunday,Sunday,East,15677506,70800,19:40:00,70822,19:40:22,24,3940,Broadway & Steuben St (03940),0,0,0,72900.0,20:15:00,72641,20:10:41,72900.0,20:15:00,72641,20:10:41,0,00:00:00,doors opened
07/06/2025,12,4122,Sunday,Sunday,East,15677506,70800,19:40:00,70822,19:40:22,23,2509,State/Downtown Station - State St & S. Pearl St (02509),0,2,0,72660.0,20:11:00,72560,20:09:20,72660.0,20:11:00,72583,20:09:43,23,00:00:23,doors opened
07/06/2025,12,4122,Sunday,Sunday,East,15677506,70800,19:40:00,70822,19:40:22,22,1787,State St & Eagle St (01787),0,0,2,,,72544,20:09:04,,,72544,20:09:04,0,00:00:00,door not opened
07/06/2025,12,4122,Sunday,Sunday,East,15677506,70800,19:40:00,70822,19:40:22,21,2706,Hawk/Capitol Station - Washington Ave & Hawk St (02706),0,0,2,,,72512,20:08:32,,,72512,20:08:32,0,00:00:00,door not opened
07/06/2025,12,4122,Sunday,Sunday,East,15677506,70800,19:40:00,70822,19:40:22,20,1789,Washington Ave & S. Swan St (01789),0,2,2,,,72473,20:07:53,,,72488,20:08:08,15,00:00:15,doors opened
07/06/2025,12,4122,Sunday,Sunday,East,15677506,70800,19:40:00,70822,19:40:22,19,1788,Washington Ave & Dove St (01788),0,0,4,,,72453,20:07:33,,,72453,20:07:33,0,00:00:00,door not opened
07/06/2025,12,4122,Sunday,Sunday,East,15677506,70800,19:40:00,70822,19:40:22,18,2663,Lark/Library Station - Washington Ave & Lark St (02663),1,4,4,72420.0,20:07:00,72406,20:06:46,72420.0,20:07:00,72432,20:07:12,26,00:00:26,doors opened
07/06/2025,12,4122,Sunday,Sunday,East,15677506,70800,19:40:00,70822,19:40:22,17,263,Washington Ave & Henry Johnson Blvd (00263),0,0,7,,,72388,20:06:28,,,72388,20:06:28,0,00:00:00,door not opened
07/06/2025,12,4122,Sunday,Sunday,East,15677506,70800,19:40:00,70822,19:40:22,16,2096,Washington Ave & Lexington Ave (02096),0,0,7,,,72361,20:06:01,,,72361,20:06:01,0,00:00:00,door not opened
07/06/2025,12,4122,Sunday,Sunday,East,15677506,70800,19:40:00,70822,19:40:22,15,3253,Washington Ave & Robin St (Draper Hall) (03253),0,0,7,,,72307,20:05:07,,,72307,20:05:07,0,00:00:00,door not opened
07/06/2025,12,4122,Sunday,Sunday,East,15677506,70800,19:40:00,70822,19:40:22,14,2109,Washington Ave & N. Lake Ave (02109),0,1,7,,,72236,20:03:56,,,72256,20:04:16,20,00:00:20,doors opened
07/06/2025,12,4122,Sunday,Sunday,East,15677506,70800,19:40:00,70822,19:40:22,13,3255,Washington Ave & Quail St (03255),0,3,8,,,72194,20:03:14,,,72212,20:03:32,18,00:00:18,doors opened
07/06/2025,12,4122,Sunday,Sunday,East,15677506,70800,19:40:00,70822,19:40:22,12,3256,Washington Ave & Ontario St (03256),0,1,11,72060.0,20:01:00,72154,20:02:34,72060.0,20:01:00,72169,20:02:49,15,00:00:15,doors opened
07/06/2025,12,4122,Sunday,Sunday,East,15677506,70800,19:40:00,70822,19:40:22,11,2107,Washington Ave & Partridge St (02107),0,0,12,,,72133,20:02:13,,,72133,20:02:13,0,00:00:00,door not opened
07/06/2025,12,4122,Sunday,Sunday,East,15677506,70800,19:40:00,70822,19:40:22,10,3257,Washington Ave & N. Main Ave (03257),0,1,12,,,72016,20:00:16,,,72056,20:00:56,40,00:00:40,doors opened
07/06/2025,12,4122,Sunday,Sunday,East,15677506,70800,19:40:00,70822,19:40:22,9,1796,Washington Ave & N. Allen St (01796),0,1,13,71940.0,19:59:00,71968,19:59:28,71940.0,19:59:00,71980,19:59:40,12,00:00:12,doors opened
07/06/2025,12,4122,Sunday,Sunday,East,15677506,70800,19:40:00,70822,19:40:22,8,11581,Washington Ave & Manning Blvd (11581),1,0,14,,,71882,19:58:02,,,71936,19:58:56,54,00:00:54,doors opened
07/06/2025,12,4122,Sunday,Sunday,East,15677506,70800,19:40:00,70822,19:40:22,7,2180,Washington Ave & Homestead Ave (02180),0,0,13,,,71853,19:57:33,,,71853,19:57:33,0,00:00:00,door not opened
07/06/2025,12,4122,Sunday,Sunday,East,15677506,70800,19:40:00,70822,19:40:22,6,2182,Washington Ave & Hawthorne St (02182),0,2,13,,,71790,19:56:30,,,71814,19:56:54,24,00:00:24,doors opened
07/06/2025,12,4122,Sunday,Sunday,East,15677506,70800,19:40:00,70822,19:40:22,5,3304,Washington Ave & Clermont St (03304),0,0,15,,,71766,19:56:06,,,71766,19:56:06,0,00:00:00,door not opened
07/06/2025,12,4122,Sunday,Sunday,East,15677506,70800,19:40:00,70822,19:40:22,4,3348,Washington Ave & Brevator St (03348),0,0,15,,,71705,19:55:05,,,71745,19:55:45,40,00:00:40,doors opened
07/06/2025,12,4122,Sunday,Sunday,East,15677506,70800,19:40:00,70822,19:40:22,3,10134,Washington Ave & SUNY Exit Rd (10134),2,0,15,,,71548,19:52:28,,,71564,19:52:44,16,00:00:16,doors opened
07/06/2025,12,4122,Sunday,Sunday,East,15677506,70800,19:40:00,70822,19:40:22,2,7216,SUNY Collins Circle (07216),0,1,13,71520.0,19:52:00,71395,19:49:55,71520.0,19:52:00,71416,19:50:16,21,00:00:21,doors opened
07/06/2025,12,4122,Sunday,Sunday,East,15677506,70800,19:40:00,70822,19:40:22,1,12827,Crossgates Commons Station (12827),10,1,14,71220.0,19:47:00,71006,19:43:26,71220.0,19:47:00,71046,19:44:06,40,00:00:40,doors opened
07/06/2025,12,4122,Sunday,Sunday,East,15677506,70800,19:40:00,70822,19:40:22,0,7175,Crossgates Mall Station (07175),5,0,5,70800.0,19:40:00,70822,19:40:22,70800.0,19:40:00,70822,19:40:22,0,00:00:00,doors opened
07/06/2025,12,4122,Sunday,Sunday,West,15677509,73500,20:25:00,73495,20:24:55,1,2168,Clinton Square Station - N. Pearl St & Clinton Ave (02168),0,0,1,,,73530,20:25:30,,,73530,20:25:30,0,00:00:00,door not opened
07/06/2025,12,4122,Sunday,Sunday,West,15677509,73500,20:25:00,73495,20:24:55,0,9018,Broadway & Orange St (09018),0,0,1,73500.0,20:25:00,73495,20:24:55,73500.0,20:25:00,73495,20:24:55,0,00:00:00,door not opened
07/06/2025,12,4122,Sunday,Sunday,West,15677509,73500,20:25:00,73495,20:24:55,27,7175,Crossgates Mall Station (07175),0,0,0,75600.0,21:00:00,75301,20:55:01,75600.0,21:00:00,75301,20:55:01,0,00:00:00,doors opened
07/06/2025,12,4122,Sunday,Sunday,West,15677509,73500,20:25:00,73495,20:24:55,26,12828,Crossgates Commons Station (12828),0,3,0,75180.0,20:53:00,75096,20:51:36,75180.0,20:53:00,75116,20:51:56,20,00:00:20,doors opened
07/06/2025,12,4122,Sunday,Sunday,West,15677509,73500,20:25:00,73495,20:24:55,25,12891,1475 Washington Ave (12891),0,0,3,,,74913,20:48:33,,,74913,20:48:33,0,00:00:00,door not opened
07/06/2025,12,4122,Sunday,Sunday,West,15677509,73500,20:25:00,73495,20:24:55,24,7216,SUNY Collins Circle (07216),0,0,3,74880.0,20:48:00,74829,20:47:09,74880.0,20:48:00,74829,20:47:09,0,00:00:00,door not opened
07/06/2025,12,4122,Sunday,Sunday,West,15677509,73500,20:25:00,73495,20:24:55,23,3262,1383 Washington Ave (Fairfield Inn) (03262),0,0,3,,,74758,20:45:58,,,74758,20:45:58,0,00:00:00,door not opened
07/06/2025,12,4122,Sunday,Sunday,West,15677509,73500,20:25:00,73495,20:24:55,22,976,Washington Ave & Brevator St (00976),0,0,3,,,74637,20:43:57,,,74637,20:43:57,0,00:00:00,door not opened
07/06/2025,12,4122,Sunday,Sunday,West,15677509,73500,20:25:00,73495,20:24:55,21,1959,Washington Ave & Colvin Ave (01959),0,0,3,,,74613,20:43:33,,,74613,20:43:33,0,00:00:00,door not opened
07/06/2025,12,4122,Sunday,Sunday,West,15677509,73500,20:25:00,73495,20:24:55,20,3399,Washington Ave & Danker Ave (03399),0,0,3,,,74571,20:42:51,,,74571,20:42:51,0,00:00:00,door not opened
07/06/2025,12,4122,Sunday,Sunday,West,15677509,73500,20:25:00,73495,20:24:55,19,1849,Washington Ave & Homestead Ave (01849),0,2,3,,,74538,20:42:18,,,74551,20:42:31,13,00:00:13,doors opened
07/06/2025,12,4122,Sunday,Sunday,West,15677509,73500,20:25:00,73495,20:24:55,18,1846,Washington Ave & Manning Blvd (01846),0,0,5,,,74519,20:41:59,,,74519,20:41:59,0,00:00:00,door not opened
07/06/2025,12,4122,Sunday,Sunday,West,15677509,73500,20:25:00,73495,20:24:55,17,3287,Washington Ave & N. Allen St (03287),0,1,5,74520.0,20:42:00,74452,20:40:52,74520.0,20:42:00,74464,20:41:04,12,00:00:12,doors opened
07/06/2025,12,4122,Sunday,Sunday,West,15677509,73500,20:25:00,73495,20:24:55,16,3264,Washington Ave & N. Main Ave (03264),1,2,6,,,74397,20:39:57,,,74415,20:40:15,18,00:00:18,doors opened
07/06/2025,12,4122,Sunday,Sunday,West,15677509,73500,20:25:00,73495,20:24:55,15,1839,Washington Ave & Partridge St (01839),0,0,7,,,74310,20:38:30,,,74310,20:38:30,0,00:00:00,door not opened
07/06/2025,12,4122,Sunday,Sunday,West,15677509,73500,20:25:00,73495,20:24:55,14,1841,Washington Ave & Ontario St (01841),0,1,7,74340.0,20:39:00,74266,20:37:46,74340.0,20:39:00,74285,20:38:05,19,00:00:19,doors opened
07/06/2025,12,4122,Sunday,Sunday,West,15677509,73500,20:25:00,73495,20:24:55,13,1842,Washington Ave & Quail St (01842),1,4,8,,,74196,20:36:36,,,74243,20:37:23,47,00:00:47,doors opened
07/06/2025,12,4122,Sunday,Sunday,West,15677509,73500,20:25:00,73495,20:24:55,12,1837,Washington Ave & N. Lake Ave (01837),0,0,11,,,74175,20:36:15,,,74175,20:36:15,0,00:00:00,door not opened
07/06/2025,12,4122,Sunday,Sunday,West,15677509,73500,20:25:00,73495,20:24:55,11,1843,Washington Ave & Robin St (01843),1,0,11,,,74115,20:35:15,,,74128,20:35:28,13,00:00:13,doors opened
07/06/2025,12,4122,Sunday,Sunday,West,15677509,73500,20:25:00,73495,20:24:55,10,12943,Washington Ave & Lexington Ave (12943),0,0,10,,,74081,20:34:41,,,74081,20:34:41,0,00:00:00,door not opened
07/06/2025,12,4122,Sunday,Sunday,West,15677509,73500,20:25:00,73495,20:24:55,9,12942,Washington Ave & Henry Johnson Blvd (12942),8,0,10,,,74032,20:33:52,,,74053,20:34:13,21,00:00:21,doors opened
07/06/2025,12,4122,Sunday,Sunday,West,15677509,73500,20:25:00,73495,20:24:55,8,3239,Lark/Library Station - Washington Ave & Lark St (03239),0,0,2,73980.0,20:33:00,73841,20:30:41,73980.0,20:33:00,73879,20:31:19,38,00:00:38,doors opened
07/06/2025,12,4122,Sunday,Sunday,West,15677509,73500,20:25:00,73495,20:24:55,7,3301,Washington Ave & S. Swan St (03301),0,0,2,,,73787,20:29:47,,,73787,20:29:47,0,00:00:00,door not opened
07/06/2025,12,4122,Sunday,Sunday,West,15677509,73500,20:25:00,73495,20:24:55,6,3250,Hawk/Capitol Station - Washington Ave & Hawk St (03250),0,0,2,,,73745,20:29:05,,,73745,20:29:05,0,00:00:00,door not opened
07/06/2025,12,4122,Sunday,Sunday,West,15677509,73500,20:25:00,73495,20:24:55,5,10087,State St & Eagle St (10087),0,0,2,,,73695,20:28:15,,,73695,20:28:15,0,00:00:00,door not opened
07/06/2025,12,4122,Sunday,Sunday,West,15677509,73500,20:25:00,73495,20:24:55,4,2665,State/Downtown Station - State St & Lodge St (02665),0,0,2,73740.0,20:29:00,73622,20:27:02,73740.0,20:29:00,73647,20:27:27,25,00:00:25,doors opened
07/06/2025,12,4122,Sunday,Sunday,West,15677509,73500,20:25:00,73495,20:24:55,3,3221,State Station - N. Pearl St & Ten Eyck Plaza (03221),1,0,2,,,73573,20:26:13,,,73588,20:26:28,15,00:00:15,doors opened
07/06/2025,12,4122,Sunday,Sunday,West,15677509,73500,20:25:00,73495,20:24:55,2,3233,N. Pearl St & Sheridan Ave (03233),0,0,1,,,73541,20:25:41,,,73541,20:25:41,0,00:00:00,door not opened
07/06/2025,12,4113,Sunday,Sunday,East,15677056,49200,13:40:00,49226,13:40:26,24,3940,Broadway & Steuben St (03940),0,0,0,51360.0,14:16:00,51050,14:10:50,51360.0,14:16:00,51050,14:10:50,0,00:00:00,door not opened
07/06/2025,12,4113,Sunday,Sunday,East,15677056,49200,13:40:00,49226,13:40:26,23,2509,State/Downtown Station - State St & S. Pearl St (02509),0,0,0,51120.0,14:12:00,50942,14:09:02,51120.0,14:12:00,50942,14:09:02,0,00:00:00,door not opened
07/06/2025,12,4113,Sunday,Sunday,East,15677056,49200,13:40:00,49226,13:40:26,22,1787,State St & Eagle St (01787),0,0,0,,,50917,14:08:37,,,50917,14:08:37,0,00:00:00,door not opened
07/06/2025,12,4113,Sunday,Sunday,East,15677056,49200,13:40:00,49226,13:40:26,21,2706,Hawk/Capitol Station - Washington Ave & Hawk St (02706),0,0,0,,,50887,14:08:07,,,50887,14:08:07,0,00:00:00,door not opened
07/06/2025,12,4113,Sunday,Sunday,East,15677056,49200,13:40:00,49226,13:40:26,20,1789,Washington Ave & S. Swan St (01789),0,0,0,,,50872,14:07:52,,,50872,14:07:52,0,00:00:00,door not opened
07/06/2025,12,4113,Sunday,Sunday,East,15677056,49200,13:40:00,49226,13:40:26,19,1788,Washington Ave & Dove St (01788),0,0,0,,,50835,14:07:15,,,50835,14:07:15,0,00:00:00,door not opened
07/06/2025,12,4113,Sunday,Sunday,East,15677056,49200,13:40:00,49226,13:40:26,18,2663,Lark/Library Station - Washington Ave & Lark St (02663),0,0,0,50820.0,14:07:00,50813,14:06:53,50820.0,14:07:00,50813,14:06:53,0,00:00:00,door not opened
07/06/2025,12,4113,Sunday,Sunday,East,15677056,49200,13:40:00,49226,13:40:26,17,263,Washington Ave & Henry Johnson Blvd (00263),0,1,0,,,50760,14:06:00,,,50768,14:06:08,8,00:00:08,doors opened
07/06/2025,12,4113,Sunday,Sunday,East,15677056,49200,13:40:00,49226,13:40:26,16,2096,Washington Ave & Lexington Ave (02096),0,1,1,,,50654,14:04:14,,,50727,14:05:27,73,00:01:13,doors opened
07/06/2025,12,4113,Sunday,Sunday,East,15677056,49200,13:40:00,49226,13:40:26,15,3253,Washington Ave & Robin St (Draper Hall) (03253),0,0,2,,,50636,14:03:56,,,50636,14:03:56,0,00:00:00,door not opened
07/06/2025,12,4113,Sunday,Sunday,East,15677056,49200,13:40:00,49226,13:40:26,14,2109,Washington Ave & N. Lake Ave (02109),0,0,2,,,50595,14:03:15,,,50595,14:03:15,0,00:00:00,door not opened
07/06/2025,12,4113,Sunday,Sunday,East,15677056,49200,13:40:00,49226,13:40:26,13,3255,Washington Ave & Quail St (03255),0,0,2,,,50543,14:02:23,,,50543,14:02:23,0,00:00:00,door not opened
07/06/2025,12,4113,Sunday,Sunday,East,15677056,49200,13:40:00,49226,13:40:26,12,3256,Washington Ave & Ontario St (03256),1,0,2,50460.0,14:01:00,50485,14:01:25,50460.0,14:01:00,50494,14:01:34,9,00:00:09,doors opened
07/06/2025,12,4113,Sunday,Sunday,East,15677056,49200,13:40:00,49226,13:40:26,11,2107,Washington Ave & Partridge St (02107),0,0,1,,,50470,14:01:10,,,50470,14:01:10,0,00:00:00,door not opened
07/06/2025,12,4113,Sunday,Sunday,East,15677056,49200,13:40:00,49226,13:40:26,10,3257,Washington Ave & N. Main Ave (03257),0,0,1,,,50400,14:00:00,,,50400,14:00:00,0,00:00:00,door not opened
07/06/2025,12,4113,Sunday,Sunday,East,15677056,49200,13:40:00,49226,13:40:26,9,1796,Washington Ave & N. Allen St (01796),0,2,1,50340.0,13:59:00,50323,13:58:43,50340.0,13:59:00,50337,13:58:57,14,00:00:14,doors opened
07/06/2025,12,4113,Sunday,Sunday,East,15677056,49200,13:40:00,49226,13:40:26,8,11581,Washington Ave & Manning Blvd (11581),0,0,3,,,50286,13:58:06,,,50286,13:58:06,0,00:00:00,door not opened
07/06/2025,12,4113,Sunday,Sunday,East,15677056,49200,13:40:00,49226,13:40:26,7,2180,Washington Ave & Homestead Ave (02180),0,0,3,,,50267,13:57:47,,,50267,13:57:47,0,00:00:00,door not opened
07/06/2025,12,4113,Sunday,Sunday,East,15677056,49200,13:40:00,49226,13:40:26,6,2182,Washington Ave & Hawthorne St (02182),0,0,3,,,50247,13:57:27,,,50247,13:57:27,0,00:00:00,door not opened
07/06/2025,12,4113,Sunday,Sunday,East,15677056,49200,13:40:00,49226,13:40:26,5,3304,Washington Ave & Clermont St (03304),0,0,3,,,50233,13:57:13,,,50233,13:57:13,0,00:00:00,door not opened
07/06/2025,12,4113,Sunday,Sunday,East,15677056,49200,13:40:00,49226,13:40:26,4,3348,Washington Ave & Brevator St (03348),0,0,3,,,50210,13:56:50,,,50210,13:56:50,0,00:00:00,door not opened
07/06/2025,12,4113,Sunday,Sunday,East,15677056,49200,13:40:00,49226,13:40:26,3,10134,Washington Ave & SUNY Exit Rd (10134),2,0,3,,,50073,13:54:33,,,50098,13:54:58,25,00:00:25,doors opened
07/06/2025,12,4113,Sunday,Sunday,East,15677056,49200,13:40:00,49226,13:40:26,0,7175,Crossgates Mall Station (07175),1,0,1,49200.0,13:40:00,49226,13:40:26,49200.0,13:40:00,49226,13:40:26,0,00:00:00,door not opened
07/06/2025,12,4113,Sunday,Sunday,West,15677059,51900,14:25:00,51903,14:25:03,5,10087,State St & Eagle St (10087),0,0,7,,,52180,14:29:40,,,52180,14:29:40,0,00:00:00,door not opened
07/06/2025,12,4113,Sunday,Sunday,West,15677059,51900,14:25:00,51903,14:25:03,4,2665,State/Downtown Station - State St & Lodge St (02665),6,0,7,52140.0,14:29:00,51982,14:26:22,52140.0,14:29:00,52020,14:27:00,38,00:00:38,doors opened
07/06/2025,12,4113,Sunday,Sunday,West,15677059,51900,14:25:00,51903,14:25:03,2,3233,N. Pearl St & Sheridan Ave (03233),0,0,1,,,51966,14:26:06,,,51966,14:26:06,0,00:00:00,door not opened
07/06/2025,12,4113,Sunday,Sunday,West,15677059,51900,14:25:00,51903,14:25:03,1,2168,Clinton Square Station - N. Pearl St & Clinton Ave (02168),0,0,1,,,51947,14:25:47,,,51947,14:25:47,0,00:00:00,door not opened
07/06/2025,12,4113,Sunday,Sunday,West,15677059,51900,14:25:00,51903,14:25:03,0,9018,Broadway & Orange St (09018),1,0,1,51900.0,14:25:00,51903,14:25:03,51900.0,14:25:00,51903,14:25:03,0,00:00:00,door not opened
07/06/2025,12,4113,Sunday,Sunday,West,15677059,51900,14:25:00,51903,14:25:03,27,7175,Crossgates Mall Station (07175),0,9,0,54120.0,15:02:00,53866,14:57:46,54120.0,15:02:00,53866,14:57:46,0,00:00:00,doors opened
07/06/2025,12,4113,Sunday,Sunday,West,15677059,51900,14:25:00,51903,14:25:03,26,12828,Crossgates Commons Station (12828),1,15,9,53700.0,14:55:00,53621,14:53:41,53700.0,14:55:00,53646,14:54:06,25,00:00:25,doors opened
07/06/2025,12,4113,Sunday,Sunday,West,15677059,51900,14:25:00,51903,14:25:03,25,12891,1475 Washington Ave (12891),2,1,23,,,53412,14:50:12,,,53426,14:50:26,14,00:00:14,doors opened
07/06/2025,12,4113,Sunday,Sunday,West,15677059,51900,14:25:00,51903,14:25:03,24,7216,SUNY Collins Circle (07216),3,3,22,53340.0,14:49:00,53309,14:48:29,53340.0,14:49:00,53329,14:48:49,20,00:00:20,doors opened
07/06/2025,12,4113,Sunday,Sunday,West,15677059,51900,14:25:00,51903,14:25:03,23,3262,1383 Washington Ave (Fairfield Inn) (03262),1,2,22,,,53203,14:46:43,,,53226,14:47:06,23,00:00:23,doors opened
07/06/2025,12,4113,Sunday,Sunday,West,15677059,51900,14:25:00,51903,14:25:03,22,976,Washington Ave & Brevator St (00976),0,0,23,,,53104,14:45:04,,,53104,14:45:04,0,00:00:00,door not opened
07/06/2025,12,4113,Sunday,Sunday,West,15677059,51900,14:25:00,51903,14:25:03,21,1959,Washington Ave & Colvin Ave (01959),1,0,23,,,53058,14:44:18,,,53082,14:44:42,24,00:00:24,doors opened
07/06/2025,12,4113,Sunday,Sunday,West,15677059,51900,14:25:00,51903,14:25:03,20,3399,Washington Ave & Danker Ave (03399),0,1,22,,,53021,14:43:41,,,53028,14:43:48,7,00:00:07,doors opened
07/06/2025,12,4113,Sunday,Sunday,West,15677059,51900,14:25:00,51903,14:25:03,19,1849,Washington Ave & Homestead Ave (01849),0,0,23,,,52999,14:43:19,,,52999,14:43:19,0,00:00:00,door not opened
07/06/2025,12,4113,Sunday,Sunday,West,15677059,51900,14:25:00,51903,14:25:03,18,1846,Washington Ave & Manning Blvd (01846),0,0,23,,,52981,14:43:01,,,52981,14:43:01,0,00:00:00,door not opened
07/06/2025,12,4113,Sunday,Sunday,West,15677059,51900,14:25:00,51903,14:25:03,17,3287,Washington Ave & N. Allen St (03287),3,0,23,52980.0,14:43:00,52886,14:41:26,52980.0,14:43:00,52928,14:42:08,42,00:00:42,doors opened
07/06/2025,12,4113,Sunday,Sunday,West,15677059,51900,14:25:00,51903,14:25:03,16,3264,Washington Ave & N. Main Ave (03264),2,0,20,,,52778,14:39:38,,,52855,14:40:55,77,00:01:17,doors opened
07/06/2025,12,4113,Sunday,Sunday,West,15677059,51900,14:25:00,51903,14:25:03,15,1839,Washington Ave & Partridge St (01839),0,0,18,,,52738,14:38:58,,,52738,14:38:58,0,00:00:00,door not opened
07/06/2025,12,4113,Sunday,Sunday,West,15677059,51900,14:25:00,51903,14:25:03,14,1841,Washington Ave & Ontario St (01841),0,0,18,52740.0,14:39:00,52720,14:38:40,52740.0,14:39:00,52720,14:38:40,0,00:00:00,door not opened
07/06/2025,12,4113,Sunday,Sunday,West,15677059,51900,14:25:00,51903,14:25:03,13,1842,Washington Ave & Quail St (01842),4,0,18,,,52657,14:37:37,,,52700,14:38:20,43,00:00:43,doors opened
07/06/2025,12,4113,Sunday,Sunday,West,15677059,51900,14:25:00,51903,14:25:03,12,1837,Washington Ave & N. Lake Ave (01837),1,0,14,,,52585,14:36:25,,,52630,14:37:10,45,00:00:45,doors opened
07/06/2025,12,4113,Sunday,Sunday,West,15677059,51900,14:25:00,51903,14:25:03,11,1843,Washington Ave & Robin St (01843),4,0,13,,,52537,14:35:37,,,52560,14:36:00,23,00:00:23,doors opened
07/06/2025,12,4113,Sunday,Sunday,West,15677059,51900,14:25:00,51903,14:25:03,10,12943,Washington Ave & Lexington Ave (12943),0,1,9,,,52501,14:35:01,,,52509,14:35:09,8,00:00:08,doors opened
07/06/2025,12,4113,Sunday,Sunday,West,15677059,51900,14:25:00,51903,14:25:03,9,12942,Washington Ave & Henry Johnson Blvd (12942),1,1,10,,,52434,14:33:54,,,52447,14:34:07,13,00:00:13,doors opened
07/06/2025,12,4113,Sunday,Sunday,West,15677059,51900,14:25:00,51903,14:25:03,8,3239,Lark/Library Station - Washington Ave & Lark St (03239),3,0,10,52380.0,14:33:00,52285,14:31:25,52380.0,14:33:00,52352,14:32:32,67,00:01:07,doors opened
07/06/2025,12,4113,Sunday,Sunday,West,15677059,51900,14:25:00,51903,14:25:03,7,3301,Washington Ave & S. Swan St (03301),0,0,7,,,52227,14:30:27,,,52227,14:30:27,0,00:00:00,door not opened
07/06/2025,12,4113,Sunday,Sunday,West,15677059,51900,14:25:00,51903,14:25:03,6,3250,Hawk/Capitol Station - Washington Ave & Hawk St (03250),0,0,7,,,52207,14:30:07,,,52207,14:30:07,0,00:00:00,door not opened
07/06/2025,12,4113,Sunday,Sunday,East,15677062,55200,15:20:00,55220,15:20:20,24,3940,Broadway & Steuben St (03940),0,0,0,57360.0,15:56:00,57194,15:53:14,57360.0,15:56:00,57194,15:53:14,0,00:00:00,door not opened
07/06/2025,12,4113,Sunday,Sunday,East,15677062,55200,15:20:00,55220,15:20:20,23,2509,State/Downtown Station - State St & S. Pearl St (02509),0,3,0,57120.0,15:52:00,57046,15:50:46,57120.0,15:52:00,57114,15:51:54,68,00:01:08,doors opened
07/06/2025,12,4113,Sunday,Sunday,East,15677062,55200,15:20:00,55220,15:20:20,22,1787,State St & Eagle St (01787),0,0,3,,,57030,15:50:30,,,57030,15:50:30,0,00:00:00,door not opened
07/06/2025,12,4113,Sunday,Sunday,East,15677062,55200,15:20:00,55220,15:20:20,21,2706,Hawk/Capitol Station - Washington Ave & Hawk St (02706),0,0,3,,,56998,15:49:58,,,56998,15:49:58,0,00:00:00,door not opened
07/06/2025,12,4113,Sunday,Sunday,East,15677062,55200,15:20:00,55220,15:20:20,20,1789,Washington Ave & S. Swan St (01789),0,1,3,,,56972,15:49:32,,,56984,15:49:44,12,00:00:12,doors opened
07/06/2025,12,4113,Sunday,Sunday,East,15677062,55200,15:20:00,55220,15:20:20,19,1788,Washington Ave & Dove St (01788),0,0,4,,,56950,15:49:10,,,56950,15:49:10,0,00:00:00,door not opened
07/06/2025,12,4113,Sunday,Sunday,East,15677062,55200,15:20:00,55220,15:20:20,18,2663,Lark/Library Station - Washington Ave & Lark St (02663),0,4,4,56820.0,15:47:00,56906,15:48:26,56820.0,15:47:00,56927,15:48:47,21,00:00:21,doors opened
07/06/2025,12,4113,Sunday,Sunday,East,15677062,55200,15:20:00,55220,15:20:20,17,263,Washington Ave & Henry Johnson Blvd (00263),0,0,8,,,56871,15:47:51,,,56871,15:47:51,0,00:00:00,door not opened
07/06/2025,12,4113,Sunday,Sunday,East,15677062,55200,15:20:00,55220,15:20:20,16,2096,Washington Ave & Lexington Ave (02096),0,0,8,,,56803,15:46:43,,,56803,15:46:43,0,00:00:00,door not opened
07/06/2025,12,4113,Sunday,Sunday,East,15677062,55200,15:20:00,55220,15:20:20,15,3253,Washington Ave & Robin St (Draper Hall) (03253),0,1,8,,,56756,15:45:56,,,56784,15:46:24,28,00:00:28,doors opened
07/06/2025,12,4113,Sunday,Sunday,East,15677062,55200,15:20:00,55220,15:20:20,14,2109,Washington Ave & N. Lake Ave (02109),0,1,9,,,56719,15:45:19,,,56734,15:45:34,15,00:00:15,doors opened
07/06/2025,12,4113,Sunday,Sunday,East,15677062,55200,15:20:00,55220,15:20:20,13,3255,Washington Ave & Quail St (03255),0,3,10,,,56639,15:43:59,,,56692,15:44:52,53,00:00:53,doors opened
07/06/2025,12,4113,Sunday,Sunday,East,15677062,55200,15:20:00,55220,15:20:20,12,3256,Washington Ave & Ontario St (03256),0,7,13,56460.0,15:41:00,56593,15:43:13,56460.0,15:41:00,56617,15:43:37,24,00:00:24,doors opened
07/06/2025,12,4113,Sunday,Sunday,East,15677062,55200,15:20:00,55220,15:20:20,11,2107,Washington Ave & Partridge St (02107),0,3,20,,,56556,15:42:36,,,56570,15:42:50,14,00:00:14,doors opened
07/06/2025,12,4113,Sunday,Sunday,East,15677062,55200,15:20:00,55220,15:20:20,10,3257,Washington Ave & N. Main Ave (03257),0,1,23,,,56483,15:41:23,,,56506,15:41:46,23,00:00:23,doors opened
07/06/2025,12,4113,Sunday,Sunday,East,15677062,55200,15:20:00,55220,15:20:20,9,1796,Washington Ave & N. Allen St (01796),2,0,24,56340.0,15:39:00,56435,15:40:35,56340.0,15:39:00,56453,15:40:53,18,00:00:18,doors opened
07/06/2025,12,4113,Sunday,Sunday,East,15677062,55200,15:20:00,55220,15:20:20,8,11581,Washington Ave & Manning Blvd (11581),0,0,22,,,56409,15:40:09,,,56409,15:40:09,0,00:00:00,door not opened
07/06/2025,12,4113,Sunday,Sunday,East,15677062,55200,15:20:00,55220,15:20:20,7,2180,Washington Ave & Homestead Ave (02180),0,1,22,,,56374,15:39:34,,,56374,15:39:34,0,00:00:00,door not opened
07/06/2025,12,4113,Sunday,Sunday,East,15677062,55200,15:20:00,55220,15:20:20,6,2182,Washington Ave & Hawthorne St (02182),0,0,23,,,56333,15:38:53,,,56333,15:38:53,0,00:00:00,door not opened
07/06/2025,12,4113,Sunday,Sunday,East,15677062,55200,15:20:00,55220,15:20:20,5,3304,Washington Ave & Clermont St (03304),0,0,23,,,56325,15:38:45,,,56325,15:38:45,0,00:00:00,door not opened
07/06/2025,12,4113,Sunday,Sunday,East,15677062,55200,15:20:00,55220,15:20:20,4,3348,Washington Ave & Brevator St (03348),0,2,23,,,56306,15:38:26,,,56306,15:38:26,0,00:00:00,door not opened
07/06/2025,12,4113,Sunday,Sunday,East,15677062,55200,15:20:00,55220,15:20:20,3,10134,Washington Ave & SUNY Exit Rd (10134),1,2,25,,,56083,15:34:43,,,56115,15:35:15,32,00:00:32,doors opened
07/06/2025,12,4113,Sunday,Sunday,East,15677062,55200,15:20:00,55220,15:20:20,2,7216,SUNY Collins Circle (07216),0,1,26,55920.0,15:32:00,55937,15:32:17,55920.0,15:32:00,55953,15:32:33,16,00:00:16,doors opened
07/06/2025,12,4113,Sunday,Sunday,East,15677062,55200,15:20:00,55220,15:20:20,1,12827,Crossgates Commons Station (12827),18,1,27,55620.0,15:27:00,55517,15:25:17,55620.0,15:27:00,55646,15:27:26,129,00:02:09,doors opened
07/06/2025,12,4113,Sunday,Sunday,East,15677062,55200,15:20:00,55220,15:20:20,0,7175,Crossgates Mall Station (07175),10,0,10,55200.0,15:20:00,55220,15:20:20,55200.0,15:20:00,55220,15:20:20,0,00:00:00,doors opened
07/06/2025,12,4113,Sunday,Sunday,West,15677065,57900,16:05:00,57938,16:05:38,27,7175,Crossgates Mall Station (07175),0,8,0,60120.0,16:42:00,60394,16:46:34,60120.0,16:42:00,60394,16:46:34,0,00:00:00,doors opened
07/06/2025,12,4113,Sunday,Sunday,West,15677065,57900,16:05:00,57938,16:05:38,26,12828,Crossgates Commons Station (12828),1,19,8,59700.0,16:35:00,60026,16:40:26,59700.0,16:35:00,60174,16:42:54,148,00:02:28,doors opened
07/06/2025,12,4113,Sunday,Sunday,West,15677065,57900,16:05:00,57938,16:05:38,25,12891,1475 Washington Ave (12891),1,0,26,,,59829,16:37:09,,,59844,16:37:24,15,00:00:15,doors opened
07/06/2025,12,4113,Sunday,Sunday,West,15677065,57900,16:05:00,57938,16:05:38,24,7216,SUNY Collins Circle (07216),1,6,25,59340.0,16:29:00,59712,16:35:12,59340.0,16:29:00,59737,16:35:37,25,00:00:25,doors opened
07/06/2025,12,4113,Sunday,Sunday,West,15677065,57900,16:05:00,57938,16:05:38,23,3262,1383 Washington Ave (Fairfield Inn) (03262),1,1,30,,,59601,16:33:21,,,59617,16:33:37,16,00:00:16,doors opened
07/06/2025,12,4113,Sunday,Sunday,West,15677065,57900,16:05:00,57938,16:05:38,22,976,Washington Ave & Brevator St (00976),0,0,30,,,59502,16:31:42,,,59502,16:31:42,0,00:00:00,door not opened
07/06/2025,12,4113,Sunday,Sunday,West,15677065,57900,16:05:00,57938,16:05:38,21,1959,Washington Ave & Colvin Ave (01959),0,0,30,,,59483,16:31:23,,,59483,16:31:23,0,00:00:00,door not opened
07/06/2025,12,4113,Sunday,Sunday,West,15677065,57900,16:05:00,57938,16:05:38,20,3399,Washington Ave & Danker Ave (03399),1,0,30,,,59436,16:30:36,,,59457,16:30:57,21,00:00:21,doors opened
07/06/2025,12,4113,Sunday,Sunday,West,15677065,57900,16:05:00,57938,16:05:38,19,1849,Washington Ave & Homestead Ave (01849),1,0,29,,,59304,16:28:24,,,59407,16:30:07,103,00:01:43,doors opened
07/06/2025,12,4113,Sunday,Sunday,West,15677065,57900,16:05:00,57938,16:05:38,18,1846,Washington Ave & Manning Blvd (01846),0,0,28,,,59280,16:28:00,,,59280,16:28:00,0,00:00:00,door not opened
07/06/2025,12,4113,Sunday,Sunday,West,15677065,57900,16:05:00,57938,16:05:38,17,3287,Washington Ave & N. Allen St (03287),6,7,28,58980.0,16:23:00,58991,16:23:11,58980.0,16:23:00,59205,16:26:45,214,00:03:34,doors opened
07/06/2025,12,4113,Sunday,Sunday,West,15677065,57900,16:05:00,57938,16:05:38,16,3264,Washington Ave & N. Main Ave (03264),0,0,29,,,58967,16:22:47,,,58967,16:22:47,0,00:00:00,door not opened
07/06/2025,12,4113,Sunday,Sunday,West,15677065,57900,16:05:00,57938,16:05:38,15,1839,Washington Ave & Partridge St (01839),0,0,29,,,58892,16:21:32,,,58892,16:21:32,0,00:00:00,door not opened
07/06/2025,12,4113,Sunday,Sunday,West,15677065,57900,16:05:00,57938,16:05:38,14,1841,Washington Ave & Ontario St (01841),0,0,29,58740.0,16:19:00,58872,16:21:12,58740.0,16:19:00,58872,16:21:12,0,00:00:00,door not opened
07/06/2025,12,4113,Sunday,Sunday,West,15677065,57900,16:05:00,57938,16:05:38,13,1842,Washington Ave & Quail St (01842),8,1,29,,,58787,16:19:47,,,58850,16:20:50,63,00:01:03,doors opened
07/06/2025,12,4113,Sunday,Sunday,West,15677065,57900,16:05:00,57938,16:05:38,12,1837,Washington Ave & N. Lake Ave (01837),0,0,22,,,58763,16:19:23,,,58763,16:19:23,0,00:00:00,door not opened
07/06/2025,12,4113,Sunday,Sunday,West,15677065,57900,16:05:00,57938,16:05:38,11,1843,Washington Ave & Robin St (01843),1,0,22,,,58718,16:18:38,,,58730,16:18:50,12,00:00:12,doors opened
07/06/2025,12,4113,Sunday,Sunday,West,15677065,57900,16:05:00,57938,16:05:38,10,12943,Washington Ave & Lexington Ave (12943),0,1,21,,,58642,16:17:22,,,58692,16:18:12,50,00:00:50,doors opened
07/06/2025,12,4113,Sunday,Sunday,West,15677065,57900,16:05:00,57938,16:05:38,9,12942,Washington Ave & Henry Johnson Blvd (12942),2,0,22,,,58560,16:16:00,,,58603,16:16:43,43,00:00:43,doors opened
07/06/2025,12,4113,Sunday,Sunday,West,15677065,57900,16:05:00,57938,16:05:38,8,3239,Lark/Library Station - Washington Ave & Lark St (03239),5,2,20,58380.0,16:13:00,58453,16:14:13,58380.0,16:13:00,58521,16:15:21,68,00:01:08,doors opened
07/06/2025,12,4113,Sunday,Sunday,West,15677065,57900,16:05:00,57938,16:05:38,7,3301,Washington Ave & S. Swan St (03301),0,0,17,,,58439,16:13:59,,,58439,16:13:59,0,00:00:00,door not opened
07/06/2025,12,4113,Sunday,Sunday,West,15677065,57900,16:05:00,57938,16:05:38,6,3250,Hawk/Capitol Station - Washington Ave & Hawk St (03250),0,0,17,,,58418,16:13:38,,,58418,16:13:38,0,00:00:00,door not opened
07/06/2025,12,4113,Sunday,Sunday,West,15677065,57900,16:05:00,57938,16:05:38,5,10087,State St & Eagle St (10087),0,0,17,,,58339,16:12:19,,,58339,16:12:19,0,00:00:00,door not opened
07/06/2025,12,4113,Sunday,Sunday,West,15677065,57900,16:05:00,57938,16:05:38,4,2665,State/Downtown Station - State St & Lodge St (02665),10,0,17,58140.0,16:09:00,58146,16:09:06,58140.0,16:09:00,58246,16:10:46,100,00:01:40,doors opened
07/06/2025,12,4113,Sunday,Sunday,West,15677065,57900,16:05:00,57938,16:05:38,3,3221,State Station - N. Pearl St & Ten Eyck Plaza (03221),6,0,7,,,58039,16:07:19,,,58116,16:08:36,77,00:01:17,doors opened
07/06/2025,12,4113,Sunday,Sunday,West,15677065,57900,16:05:00,57938,16:05:38,2,3233,N. Pearl St & Sheridan Ave (03233),0,0,1,,,57998,16:06:38,,,57998,16:06:38,0,00:00:00,door not opened
07/06/2025,12,4113,Sunday,Sunday,West,15677065,57900,16:05:00,57938,16:05:38,1,2168,Clinton Square Station - N. Pearl St & Clinton Ave (02168),1,0,1,,,57971,16:06:11,,,57985,16:06:25,14,00:00:14,doors opened
07/06/2025,12,4113,Sunday,Sunday,West,15677065,57900,16:05:00,57938,16:05:38,0,9018,Broadway & Orange St (09018),0,0,0,57900.0,16:05:00,57938,16:05:38,57900.0,16:05:00,57938,16:05:38,0,00:00:00,door not opened
07/06/2025,12,4113,Sunday,Sunday,East,15677068,61200,17:00:00,61425,17:03:45,24,3940,Broadway & Steuben St (03940),0,1,0,63360.0,17:36:00,63265,17:34:25,63360.0,17:36:00,63265,17:34:25,0,00:00:00,doors opened
07/06/2025,12,4113,Sunday,Sunday,East,15677068,61200,17:00:00,61425,17:03:45,23,2509,State/Downtown Station - State St & S. Pearl St (02509),0,7,1,63120.0,17:32:00,63150,17:32:30,63120.0,17:32:00,63197,17:33:17,47,00:00:47,doors opened
07/06/2025,12,4113,Sunday,Sunday,East,15677068,61200,17:00:00,61425,17:03:45,22,1787,State St & Eagle St (01787),0,0,8,,,63135,17:32:15,,,63135,17:32:15,0,00:00:00,door not opened
07/06/2025,12,4113,Sunday,Sunday,East,15677068,61200,17:00:00,61425,17:03:45,21,2706,Hawk/Capitol Station - Washington Ave & Hawk St (02706),0,0,8,,,63008,17:30:08,,,63008,17:30:08,0,00:00:00,door not opened
07/06/2025,12,4113,Sunday,Sunday,East,15677068,61200,17:00:00,61425,17:03:45,20,1789,Washington Ave & S. Swan St (01789),0,0,8,,,62993,17:29:53,,,62993,17:29:53,0,00:00:00,door not opened
07/06/2025,12,4113,Sunday,Sunday,East,15677068,61200,17:00:00,61425,17:03:45,19,1788,Washington Ave & Dove St (01788),1,0,8,,,62960,17:29:20,,,62971,17:29:31,11,00:00:11,doors opened
07/06/2025,12,4113,Sunday,Sunday,East,15677068,61200,17:00:00,61425,17:03:45,18,2663,Lark/Library Station - Washington Ave & Lark St (02663),0,1,7,62820.0,17:27:00,62927,17:28:47,62820.0,17:27:00,62936,17:28:56,9,00:00:09,doors opened
07/06/2025,12,4113,Sunday,Sunday,East,15677068,61200,17:00:00,61425,17:03:45,17,263,Washington Ave & Henry Johnson Blvd (00263),0,1,8,,,62865,17:27:45,,,62872,17:27:52,7,00:00:07,doors opened
07/06/2025,12,4113,Sunday,Sunday,East,15677068,61200,17:00:00,61425,17:03:45,16,2096,Washington Ave & Lexington Ave (02096),3,1,9,,,62769,17:26:09,,,62835,17:27:15,66,00:01:06,doors opened
07/06/2025,12,4113,Sunday,Sunday,East,15677068,61200,17:00:00,61425,17:03:45,15,3253,Washington Ave & Robin St (Draper Hall) (03253),0,0,7,,,62750,17:25:50,,,62750,17:25:50,0,00:00:00,door not opened
07/06/2025,12,4113,Sunday,Sunday,East,15677068,61200,17:00:00,61425,17:03:45,14,2109,Washington Ave & N. Lake Ave (02109),0,1,7,,,62717,17:25:17,,,62728,17:25:28,11,00:00:11,doors opened
07/06/2025,12,4113,Sunday,Sunday,East,15677068,61200,17:00:00,61425,17:03:45,13,3255,Washington Ave & Quail St (03255),0,1,8,,,62647,17:24:07,,,62692,17:24:52,45,00:00:45,doors opened
07/06/2025,12,4113,Sunday,Sunday,East,15677068,61200,17:00:00,61425,17:03:45,12,3256,Washington Ave & Ontario St (03256),0,1,9,62460.0,17:21:00,62601,17:23:21,62460.0,17:21:00,62627,17:23:47,26,00:00:26,doors opened
07/06/2025,12,4113,Sunday,Sunday,East,15677068,61200,17:00:00,61425,17:03:45,11,2107,Washington Ave & Partridge St (02107),0,1,10,,,62563,17:22:43,,,62578,17:22:58,15,00:00:15,doors opened
07/06/2025,12,4113,Sunday,Sunday,East,15677068,61200,17:00:00,61425,17:03:45,10,3257,Washington Ave & N. Main Ave (03257),0,1,11,,,62485,17:21:25,,,62503,17:21:43,18,00:00:18,doors opened
07/06/2025,12,4113,Sunday,Sunday,East,15677068,61200,17:00:00,61425,17:03:45,9,1796,Washington Ave & N. Allen St (01796),1,3,12,62340.0,17:19:00,62427,17:20:27,62340.0,17:19:00,62455,17:20:55,28,00:00:28,doors opened
07/06/2025,12,4113,Sunday,Sunday,East,15677068,61200,17:00:00,61425,17:03:45,8,11581,Washington Ave & Manning Blvd (11581),0,3,14,,,62373,17:19:33,,,62396,17:19:56,23,00:00:23,doors opened
07/06/2025,12,4113,Sunday,Sunday,East,15677068,61200,17:00:00,61425,17:03:45,7,2180,Washington Ave & Homestead Ave (02180),0,0,17,,,62350,17:19:10,,,62350,17:19:10,0,00:00:00,door not opened
07/06/2025,12,4113,Sunday,Sunday,East,15677068,61200,17:00:00,61425,17:03:45,6,2182,Washington Ave & Hawthorne St (02182),0,0,17,,,62318,17:18:38,,,62318,17:18:38,0,00:00:00,door not opened
07/06/2025,12,4113,Sunday,Sunday,East,15677068,61200,17:00:00,61425,17:03:45,5,3304,Washington Ave & Clermont St (03304),0,0,17,,,62304,17:18:24,,,62304,17:18:24,0,00:00:00,door not opened
07/06/2025,12,4113,Sunday,Sunday,East,15677068,61200,17:00:00,61425,17:03:45,4,3348,Washington Ave & Brevator St (03348),0,0,17,,,62252,17:17:32,,,62252,17:17:32,0,00:00:00,door not opened
07/06/2025,12,4113,Sunday,Sunday,East,15677068,61200,17:00:00,61425,17:03:45,3,10134,Washington Ave & SUNY Exit Rd (10134),4,3,17,,,62151,17:15:51,,,62151,17:15:51,0,00:00:00,door not opened
07/06/2025,12,4113,Sunday,Sunday,East,15677068,61200,17:00:00,61425,17:03:45,1,12827,Crossgates Commons Station (12827),7,0,16,61620.0,17:07:00,61697,17:08:17,61620.0,17:07:00,61770,17:09:30,73,00:01:13,doors opened
07/06/2025,12,4113,Sunday,Sunday,East,15677068,61200,17:00:00,61425,17:03:45,0,7175,Crossgates Mall Station (07175),9,0,9,61200.0,17:00:00,61425,17:03:45,61200.0,17:00:00,61425,17:03:45,0,00:00:00,doors opened
07/06/2025,12,4113,Sunday,Sunday,West,15677071,63900,17:45:00,63935,17:45:35,16,3264,Washington Ave & N. Main Ave (03264),0,0,15,,,64745,17:59:05,,,64745,17:59:05,0,00:00:00,door not opened
07/06/2025,12,4113,Sunday,Sunday,West,15677071,63900,17:45:00,63935,17:45:35,15,1839,Washington Ave & Partridge St (01839),0,0,15,,,64685,17:58:05,,,64685,17:58:05,0,00:00:00,door not opened
07/06/2025,12,4113,Sunday,Sunday,West,15677071,63900,17:45:00,63935,17:45:35,14,1841,Washington Ave & Ontario St (01841),0,0,15,64740.0,17:59:00,64666,17:57:46,64740.0,17:59:00,64666,17:57:46,0,00:00:00,door not opened
07/06/2025,12,4113,Sunday,Sunday,West,15677071,63900,17:45:00,63935,17:45:35,13,1842,Washington Ave & Quail St (01842),2,0,15,,,64606,17:56:46,,,64622,17:57:02,16,00:00:16,doors opened
07/06/2025,12,4113,Sunday,Sunday,West,15677071,63900,17:45:00,63935,17:45:35,12,1837,Washington Ave & N. Lake Ave (01837),0,0,13,,,64587,17:56:27,,,64587,17:56:27,0,00:00:00,door not opened
07/06/2025,12,4113,Sunday,Sunday,West,15677071,63900,17:45:00,63935,17:45:35,11,1843,Washington Ave & Robin St (01843),0,0,13,,,64534,17:55:34,,,64534,17:55:34,0,00:00:00,door not opened
07/06/2025,12,4113,Sunday,Sunday,West,15677071,63900,17:45:00,63935,17:45:35,10,12943,Washington Ave & Lexington Ave (12943),0,0,13,,,64509,17:55:09,,,64509,17:55:09,0,00:00:00,door not opened
07/06/2025,12,4113,Sunday,Sunday,West,15677071,63900,17:45:00,63935,17:45:35,9,12942,Washington Ave & Henry Johnson Blvd (12942),0,1,13,,,64433,17:53:53,,,64443,17:54:03,10,00:00:10,doors opened
07/06/2025,12,4113,Sunday,Sunday,West,15677071,63900,17:45:00,63935,17:45:35,8,3239,Lark/Library Station - Washington Ave & Lark St (03239),2,0,14,64380.0,17:53:00,64386,17:53:06,64380.0,17:53:00,64386,17:53:06,0,00:00:00,door not opened
07/06/2025,12,4113,Sunday,Sunday,West,15677071,63900,17:45:00,63935,17:45:35,7,3301,Washington Ave & S. Swan St (03301),0,0,12,,,64259,17:50:59,,,64259,17:50:59,0,00:00:00,door not opened
07/06/2025,12,4113,Sunday,Sunday,West,15677071,63900,17:45:00,63935,17:45:35,6,3250,Hawk/Capitol Station - Washington Ave & Hawk St (03250),10,0,12,,,64107,17:48:27,,,64107,17:48:27,0,00:00:00,door not opened
07/06/2025,12,4113,Sunday,Sunday,West,15677071,63900,17:45:00,63935,17:45:35,5,10087,State St & Eagle St (10087),0,0,2,,,64077,17:47:57,,,64077,17:47:57,0,00:00:00,door not opened
07/06/2025,12,4113,Sunday,Sunday,West,15677071,63900,17:45:00,63935,17:45:35,4,2665,State/Downtown Station - State St & Lodge St (02665),1,0,2,64140.0,17:49:00,64034,17:47:14,64140.0,17:49:00,64050,17:47:30,16,00:00:16,doors opened
07/06/2025,12,4113,Sunday,Sunday,West,15677071,63900,17:45:00,63935,17:45:35,3,3221,State Station - N. Pearl St & Ten Eyck Plaza (03221),0,0,1,,,64020,17:47:00,,,64020,17:47:00,0,00:00:00,door not opened
07/06/2025,12,4113,Sunday,Sunday,West,15677071,63900,17:45:00,63935,17:45:35,2,3233,N. Pearl St & Sheridan Ave (03233),0,0,1,,,63990,17:46:30,,,63990,17:46:30,0,00:00:00,door not opened
07/06/2025,12,4113,Sunday,Sunday,West,15677071,63900,17:45:00,63935,17:45:35,1,2168,Clinton Square Station - N. Pearl St & Clinton Ave (02168),0,0,1,,,63970,17:46:10,,,63970,17:46:10,0,00:00:00,door not opened
07/06/2025,12,4113,Sunday,Sunday,West,15677071,63900,17:45:00,63935,17:45:35,0,9018,Broadway & Orange St (09018),0,0,1,63900.0,17:45:00,63935,17:45:35,63900.0,17:45:00,63935,17:45:35,0,00:00:00,door not opened
07/06/2025,12,4113,Sunday,Sunday,West,15677071,63900,17:45:00,63935,17:45:35,27,7175,Crossgates Mall Station (07175),0,3,0,66120.0,18:22:00,65645,18:14:05,66120.0,18:22:00,65645,18:14:05,0,00:00:00,doors opened
07/06/2025,12,4113,Sunday,Sunday,West,15677071,63900,17:45:00,63935,17:45:35,26,12828,Crossgates Commons Station (12828),2,9,3,65700.0,18:15:00,65427,18:10:27,65700.0,18:15:00,65451,18:10:51,24,00:00:24,doors opened
07/06/2025,12,4113,Sunday,Sunday,West,15677071,63900,17:45:00,63935,17:45:35,25,12891,1475 Washington Ave (12891),0,3,10,,,65241,18:07:21,,,65253,18:07:33,12,00:00:12,doors opened
07/06/2025,12,4113,Sunday,Sunday,West,15677071,63900,17:45:00,63935,17:45:35,24,7216,SUNY Collins Circle (07216),0,1,13,65340.0,18:09:00,65095,18:04:55,65340.0,18:09:00,65106,18:05:06,11,00:00:11,doors opened
07/06/2025,12,4113,Sunday,Sunday,West,15677071,63900,17:45:00,63935,17:45:35,23,3262,1383 Washington Ave (Fairfield Inn) (03262),0,0,14,,,65006,18:03:26,,,65006,18:03:26,0,00:00:00,door not opened
07/06/2025,12,4113,Sunday,Sunday,West,15677071,63900,17:45:00,63935,17:45:35,22,976,Washington Ave & Brevator St (00976),0,0,14,,,64905,18:01:45,,,64905,18:01:45,0,00:00:00,door not opened
07/06/2025,12,4113,Sunday,Sunday,West,15677071,63900,17:45:00,63935,17:45:35,21,1959,Washington Ave & Colvin Ave (01959),0,0,14,,,64888,18:01:28,,,64888,18:01:28,0,00:00:00,door not opened
07/06/2025,12,4113,Sunday,Sunday,West,15677071,63900,17:45:00,63935,17:45:35,20,3399,Washington Ave & Danker Ave (03399),0,0,14,,,64868,18:01:08,,,64868,18:01:08,0,00:00:00,door not opened
07/06/2025,12,4113,Sunday,Sunday,West,15677071,63900,17:45:00,63935,17:45:35,19,1849,Washington Ave & Homestead Ave (01849),1,0,14,,,64832,18:00:32,,,64845,18:00:45,13,00:00:13,doors opened
07/06/2025,12,4113,Sunday,Sunday,West,15677071,63900,17:45:00,63935,17:45:35,18,1846,Washington Ave & Manning Blvd (01846),0,0,13,,,64814,18:00:14,,,64814,18:00:14,0,00:00:00,door not opened
07/06/2025,12,4113,Sunday,Sunday,West,15677071,63900,17:45:00,63935,17:45:35,17,3287,Washington Ave & N. Allen St (03287),0,2,13,64980.0,18:03:00,64772,17:59:32,64980.0,18:03:00,64787,17:59:47,15,00:00:15,doors opened
07/06/2025,12,4113,Sunday,Sunday,East,15677074,67200,18:40:00,67264,18:41:04,24,3940,Broadway & Steuben St (03940),0,0,0,69360.0,19:16:00,69193,19:13:13,69360.0,19:16:00,69193,19:13:13,0,00:00:00,door not opened
07/06/2025,12,4113,Sunday,Sunday,East,15677074,67200,18:40:00,67264,18:41:04,23,2509,State/Downtown Station - State St & S. Pearl St (02509),0,7,0,69120.0,19:12:00,69049,19:10:49,69120.0,19:12:00,69073,19:11:13,24,00:00:24,doors opened
07/06/2025,12,4113,Sunday,Sunday,East,15677074,67200,18:40:00,67264,18:41:04,22,1787,State St & Eagle St (01787),0,0,7,,,69009,19:10:09,,,69009,19:10:09,0,00:00:00,door not opened
07/06/2025,12,4113,Sunday,Sunday,East,15677074,67200,18:40:00,67264,18:41:04,21,2706,Hawk/Capitol Station - Washington Ave & Hawk St (02706),0,0,7,,,68943,19:09:03,,,68943,19:09:03,0,00:00:00,door not opened
07/06/2025,12,4113,Sunday,Sunday,East,15677074,67200,18:40:00,67264,18:41:04,20,1789,Washington Ave & S. Swan St (01789),0,0,7,,,68926,19:08:46,,,68926,19:08:46,0,00:00:00,door not opened
07/06/2025,12,4113,Sunday,Sunday,East,15677074,67200,18:40:00,67264,18:41:04,19,1788,Washington Ave & Dove St (01788),0,0,7,,,68896,19:08:16,,,68896,19:08:16,0,00:00:00,door not opened
07/06/2025,12,4113,Sunday,Sunday,East,15677074,67200,18:40:00,67264,18:41:04,18,2663,Lark/Library Station - Washington Ave & Lark St (02663),1,6,7,68820.0,19:07:00,68802,19:06:42,68820.0,19:07:00,68876,19:07:56,74,00:01:14,doors opened
07/06/2025,12,4113,Sunday,Sunday,East,15677074,67200,18:40:00,67264,18:41:04,17,263,Washington Ave & Henry Johnson Blvd (00263),0,1,12,,,68762,19:06:02,,,68778,19:06:18,16,00:00:16,doors opened
07/06/2025,12,4113,Sunday,Sunday,East,15677074,67200,18:40:00,67264,18:41:04,16,2096,Washington Ave & Lexington Ave (02096),0,6,13,,,68650,19:04:10,,,68734,19:05:34,84,00:01:24,doors opened
07/06/2025,12,4113,Sunday,Sunday,East,15677074,67200,18:40:00,67264,18:41:04,15,3253,Washington Ave & Robin St (Draper Hall) (03253),0,0,19,,,68633,19:03:53,,,68633,19:03:53,0,00:00:00,door not opened
07/06/2025,12,4113,Sunday,Sunday,East,15677074,67200,18:40:00,67264,18:41:04,14,2109,Washington Ave & N. Lake Ave (02109),0,2,19,,,68572,19:02:52,,,68593,19:03:13,21,00:00:21,doors opened
07/06/2025,12,4113,Sunday,Sunday,East,15677074,67200,18:40:00,67264,18:41:04,13,3255,Washington Ave & Quail St (03255),0,2,21,,,68514,19:01:54,,,68545,19:02:25,31,00:00:31,doors opened
07/06/2025,12,4113,Sunday,Sunday,East,15677074,67200,18:40:00,67264,18:41:04,12,3256,Washington Ave & Ontario St (03256),0,2,23,68460.0,19:01:00,68478,19:01:18,68460.0,19:01:00,68492,19:01:32,14,00:00:14,doors opened
07/06/2025,12,4113,Sunday,Sunday,East,15677074,67200,18:40:00,67264,18:41:04,11,2107,Washington Ave & Partridge St (02107),0,0,25,,,68463,19:01:03,,,68463,19:01:03,0,00:00:00,door not opened
07/06/2025,12,4113,Sunday,Sunday,East,15677074,67200,18:40:00,67264,18:41:04,10,3257,Washington Ave & N. Main Ave (03257),0,0,25,,,68386,18:59:46,,,68386,18:59:46,0,00:00:00,door not opened
07/06/2025,12,4113,Sunday,Sunday,East,15677074,67200,18:40:00,67264,18:41:04,9,1796,Washington Ave & N. Allen St (01796),1,1,25,68340.0,18:59:00,68305,18:58:25,68340.0,18:59:00,68321,18:58:41,16,00:00:16,doors opened
07/06/2025,12,4113,Sunday,Sunday,East,15677074,67200,18:40:00,67264,18:41:04,8,11581,Washington Ave & Manning Blvd (11581),0,0,25,,,68279,18:57:59,,,68279,18:57:59,0,00:00:00,door not opened
07/06/2025,12,4113,Sunday,Sunday,East,15677074,67200,18:40:00,67264,18:41:04,7,2180,Washington Ave & Homestead Ave (02180),0,2,25,,,68191,18:56:31,,,68227,18:57:07,36,00:00:36,doors opened
07/06/2025,12,4113,Sunday,Sunday,East,15677074,67200,18:40:00,67264,18:41:04,6,2182,Washington Ave & Hawthorne St (02182),0,0,27,,,68170,18:56:10,,,68170,18:56:10,0,00:00:00,door not opened
07/06/2025,12,4113,Sunday,Sunday,East,15677074,67200,18:40:00,67264,18:41:04,5,3304,Washington Ave & Clermont St (03304),0,0,27,,,68156,18:55:56,,,68156,18:55:56,0,00:00:00,door not opened
07/06/2025,12,4113,Sunday,Sunday,East,15677074,67200,18:40:00,67264,18:41:04,4,3348,Washington Ave & Brevator St (03348),0,1,27,,,68122,18:55:22,,,68122,18:55:22,0,00:00:00,door not opened
07/06/2025,12,4113,Sunday,Sunday,East,15677074,67200,18:40:00,67264,18:41:04,3,10134,Washington Ave & SUNY Exit Rd (10134),1,1,28,,,67974,18:52:54,,,68004,18:53:24,30,00:00:30,doors opened
07/06/2025,12,4113,Sunday,Sunday,East,15677074,67200,18:40:00,67264,18:41:04,2,7216,SUNY Collins Circle (07216),4,1,28,67920.0,18:52:00,67845,18:50:45,67920.0,18:52:00,67879,18:51:19,34,00:00:34,doors opened
07/06/2025,12,4113,Sunday,Sunday,East,15677074,67200,18:40:00,67264,18:41:04,1,12827,Crossgates Commons Station (12827),8,0,25,67620.0,18:47:00,67505,18:45:05,67620.0,18:47:00,67624,18:47:04,119,00:01:59,doors opened
07/06/2025,12,4113,Sunday,Sunday,East,15677074,67200,18:40:00,67264,18:41:04,0,7175,Crossgates Mall Station (07175),17,0,17,67200.0,18:40:00,67264,18:41:04,67200.0,18:40:00,67264,18:41:04,0,00:00:00,doors opened
07/06/2025,12,4113,Sunday,Sunday,West,15677077,69900,19:25:00,69896,19:24:56,27,7175,Crossgates Mall Station (07175),0,2,0,72060.0,20:01:00,71645,19:54:05,72060.0,20:01:00,71645,19:54:05,0,00:00:00,doors opened
07/06/2025,12,4113,Sunday,Sunday,West,15677077,69900,19:25:00,69896,19:24:56,26,12828,Crossgates Commons Station (12828),0,4,2,71640.0,19:54:00,71379,19:49:39,71640.0,19:54:00,71401,19:50:01,22,00:00:22,doors opened
07/06/2025,12,4113,Sunday,Sunday,West,15677077,69900,19:25:00,69896,19:24:56,25,12891,1475 Washington Ave (12891),0,0,6,,,71178,19:46:18,,,71178,19:46:18,0,00:00:00,door not opened
07/06/2025,12,4113,Sunday,Sunday,West,15677077,69900,19:25:00,69896,19:24:56,24,7216,SUNY Collins Circle (07216),0,0,6,71280.0,19:48:00,71098,19:44:58,71280.0,19:48:00,71098,19:44:58,0,00:00:00,door not opened
07/06/2025,12,4113,Sunday,Sunday,West,15677077,69900,19:25:00,69896,19:24:56,23,3262,1383 Washington Ave (Fairfield Inn) (03262),0,1,6,,,71008,19:43:28,,,71018,19:43:38,10,00:00:10,doors opened
07/06/2025,12,4113,Sunday,Sunday,West,15677077,69900,19:25:00,69896,19:24:56,22,976,Washington Ave & Brevator St (00976),0,0,7,,,70881,19:41:21,,,70881,19:41:21,0,00:00:00,door not opened
07/06/2025,12,4113,Sunday,Sunday,West,15677077,69900,19:25:00,69896,19:24:56,21,1959,Washington Ave & Colvin Ave (01959),0,0,7,,,70868,19:41:08,,,70868,19:41:08,0,00:00:00,door not opened
07/06/2025,12,4113,Sunday,Sunday,West,15677077,69900,19:25:00,69896,19:24:56,20,3399,Washington Ave & Danker Ave (03399),0,0,7,,,70849,19:40:49,,,70849,19:40:49,0,00:00:00,door not opened
07/06/2025,12,4113,Sunday,Sunday,West,15677077,69900,19:25:00,69896,19:24:56,19,1849,Washington Ave & Homestead Ave (01849),0,0,7,,,70833,19:40:33,,,70833,19:40:33,0,00:00:00,door not opened
07/06/2025,12,4113,Sunday,Sunday,West,15677077,69900,19:25:00,69896,19:24:56,18,1846,Washington Ave & Manning Blvd (01846),3,0,7,,,70740,19:39:00,,,70812,19:40:12,72,00:01:12,doors opened
07/06/2025,12,4113,Sunday,Sunday,West,15677077,69900,19:25:00,69896,19:24:56,17,3287,Washington Ave & N. Allen St (03287),0,0,4,70920.0,19:42:00,70715,19:38:35,70920.0,19:42:00,70715,19:38:35,0,00:00:00,door not opened
07/06/2025,12,4113,Sunday,Sunday,West,15677077,69900,19:25:00,69896,19:24:56,16,3264,Washington Ave & N. Main Ave (03264),0,0,4,,,70680,19:38:00,,,70680,19:38:00,0,00:00:00,door not opened
07/06/2025,12,4113,Sunday,Sunday,West,15677077,69900,19:25:00,69896,19:24:56,15,1839,Washington Ave & Partridge St (01839),0,0,4,,,70605,19:36:45,,,70605,19:36:45,0,00:00:00,door not opened
07/06/2025,12,4113,Sunday,Sunday,West,15677077,69900,19:25:00,69896,19:24:56,14,1841,Washington Ave & Ontario St (01841),2,0,4,70740.0,19:39:00,70544,19:35:44,70740.0,19:39:00,70576,19:36:16,32,00:00:32,doors opened
07/06/2025,12,4113,Sunday,Sunday,West,15677077,69900,19:25:00,69896,19:24:56,13,1842,Washington Ave & Quail St (01842),2,0,2,,,70477,19:34:37,,,70523,19:35:23,46,00:00:46,doors opened
07/06/2025,12,4113,Sunday,Sunday,West,15677077,69900,19:25:00,69896,19:24:56,12,1837,Washington Ave & N. Lake Ave (01837),0,0,0,,,70455,19:34:15,,,70455,19:34:15,0,00:00:00,door not opened
07/06/2025,12,4113,Sunday,Sunday,West,15677077,69900,19:25:00,69896,19:24:56,11,1843,Washington Ave & Robin St (01843),0,0,0,,,70429,19:33:49,,,70429,19:33:49,0,00:00:00,door not opened
07/06/2025,12,4113,Sunday,Sunday,West,15677077,69900,19:25:00,69896,19:24:56,10,12943,Washington Ave & Lexington Ave (12943),0,0,0,,,70408,19:33:28,,,70408,19:33:28,0,00:00:00,door not opened
07/06/2025,12,4113,Sunday,Sunday,West,15677077,69900,19:25:00,69896,19:24:56,9,12942,Washington Ave & Henry Johnson Blvd (12942),0,0,0,,,70362,19:32:42,,,70362,19:32:42,0,00:00:00,door not opened
07/06/2025,12,4113,Sunday,Sunday,West,15677077,69900,19:25:00,69896,19:24:56,8,3239,Lark/Library Station - Washington Ave & Lark St (03239),0,0,0,70380.0,19:33:00,70164,19:29:24,70380.0,19:33:00,70328,19:32:08,164,00:02:44,doors opened
07/06/2025,12,4113,Sunday,Sunday,West,15677077,69900,19:25:00,69896,19:24:56,7,3301,Washington Ave & S. Swan St (03301),0,0,0,,,70126,19:28:46,,,70126,19:28:46,0,00:00:00,door not opened
07/06/2025,12,4113,Sunday,Sunday,West,15677077,69900,19:25:00,69896,19:24:56,6,3250,Hawk/Capitol Station - Washington Ave & Hawk St (03250),0,0,0,,,70066,19:27:46,,,70066,19:27:46,0,00:00:00,door not opened
07/06/2025,12,4113,Sunday,Sunday,West,15677077,69900,19:25:00,69896,19:24:56,5,10087,State St & Eagle St (10087),0,0,0,,,70041,19:27:21,,,70041,19:27:21,0,00:00:00,door not opened
07/06/2025,12,4113,Sunday,Sunday,West,15677077,69900,19:25:00,69896,19:24:56,4,2665,State/Downtown Station - State St & Lodge St (02665),0,0,0,70140.0,19:29:00,70008,19:26:48,70140.0,19:29:00,70008,19:26:48,0,00:00:00,door not opened
07/06/2025,12,4113,Sunday,Sunday,West,15677077,69900,19:25:00,69896,19:24:56,3,3221,State Station - N. Pearl St & Ten Eyck Plaza (03221),0,0,0,,,69950,19:25:50,,,69950,19:25:50,0,00:00:00,door not opened
07/06/2025,12,4113,Sunday,Sunday,West,15677077,69900,19:25:00,69896,19:24:56,2,3233,N. Pearl St & Sheridan Ave (03233),0,0,0,,,69931,19:25:31,,,69931,19:25:31,0,00:00:00,door not opened
07/06/2025,12,4113,Sunday,Sunday,West,15677077,69900,19:25:00,69896,19:24:56,1,2168,Clinton Square Station - N. Pearl St & Clinton Ave (02168),0,0,0,,,69915,19:25:15,,,69915,19:25:15,0,00:00:00,door not opened
07/06/2025,12,4113,Sunday,Sunday,West,15677077,69900,19:25:00,69896,19:24:56,0,9018,Broadway & Orange St (09018),0,0,0,69900.0,19:25:00,69896,19:24:56,69900.0,19:25:00,69896,19:24:56,0,00:00:00,door not opened
07/06/2025,12,4113,Sunday,Sunday,East,15677080,73200,20:20:00,73232,20:20:32,14,2109,Washington Ave & N. Lake Ave (02109),0,0,7,,,74474,20:41:14,,,74474,20:41:14,0,00:00:00,door not opened
07/06/2025,12,4113,Sunday,Sunday,East,15677080,73200,20:20:00,73232,20:20:32,13,3255,Washington Ave & Quail St (03255),0,2,7,,,74401,20:40:01,,,74420,20:40:20,19,00:00:19,doors opened
07/06/2025,12,4113,Sunday,Sunday,East,15677080,73200,20:20:00,73232,20:20:32,12,3256,Washington Ave & Ontario St (03256),0,5,9,74460.0,20:41:00,74356,20:39:16,74460.0,20:41:00,74379,20:39:39,23,00:00:23,doors opened
07/06/2025,12,4113,Sunday,Sunday,East,15677080,73200,20:20:00,73232,20:20:32,11,2107,Washington Ave & Partridge St (02107),0,0,14,,,74335,20:38:55,,,74335,20:38:55,0,00:00:00,door not opened
07/06/2025,12,4113,Sunday,Sunday,East,15677080,73200,20:20:00,73232,20:20:32,10,3257,Washington Ave & N. Main Ave (03257),0,0,14,,,74222,20:37:02,,,74222,20:37:02,0,00:00:00,door not opened
07/06/2025,12,4113,Sunday,Sunday,East,15677080,73200,20:20:00,73232,20:20:32,9,1796,Washington Ave & N. Allen St (01796),0,0,14,74340.0,20:39:00,74192,20:36:32,74340.0,20:39:00,74192,20:36:32,0,00:00:00,door not opened
07/06/2025,12,4113,Sunday,Sunday,East,15677080,73200,20:20:00,73232,20:20:32,8,11581,Washington Ave & Manning Blvd (11581),0,0,14,,,74160,20:36:00,,,74160,20:36:00,0,00:00:00,door not opened
07/06/2025,12,4113,Sunday,Sunday,East,15677080,73200,20:20:00,73232,20:20:32,7,2180,Washington Ave & Homestead Ave (02180),0,2,14,,,74133,20:35:33,,,74133,20:35:33,0,00:00:00,door not opened
07/06/2025,12,4113,Sunday,Sunday,East,15677080,73200,20:20:00,73232,20:20:32,6,2182,Washington Ave & Hawthorne St (02182),0,0,16,,,74105,20:35:05,,,74105,20:35:05,0,00:00:00,door not opened
07/06/2025,12,4113,Sunday,Sunday,East,15677080,73200,20:20:00,73232,20:20:32,5,3304,Washington Ave & Clermont St (03304),0,0,16,,,74092,20:34:52,,,74092,20:34:52,0,00:00:00,door not opened
07/06/2025,12,4113,Sunday,Sunday,East,15677080,73200,20:20:00,73232,20:20:32,4,3348,Washington Ave & Brevator St (03348),0,1,16,,,74078,20:34:38,,,74078,20:34:38,0,00:00:00,door not opened
07/06/2025,12,4113,Sunday,Sunday,East,15677080,73200,20:20:00,73232,20:20:32,3,10134,Washington Ave & SUNY Exit Rd (10134),0,0,17,,,73950,20:32:30,,,73950,20:32:30,0,00:00:00,door not opened
07/06/2025,12,4113,Sunday,Sunday,East,15677080,73200,20:20:00,73232,20:20:32,2,7216,SUNY Collins Circle (07216),1,0,17,73920.0,20:32:00,73841,20:30:41,73920.0,20:32:00,73854,20:30:54,13,00:00:13,doors opened
07/06/2025,12,4113,Sunday,Sunday,East,15677080,73200,20:20:00,73232,20:20:32,1,12827,Crossgates Commons Station (12827),9,0,16,73620.0,20:27:00,73501,20:25:01,73620.0,20:27:00,73629,20:27:09,128,00:02:08,doors opened
07/06/2025,12,4113,Sunday,Sunday,East,15677080,73200,20:20:00,73232,20:20:32,0,7175,Crossgates Mall Station (07175),7,0,7,73200.0,20:20:00,73232,20:20:32,73200.0,20:20:00,73232,20:20:32,0,00:00:00,doors opened
07/06/2025,12,4113,Sunday,Sunday,East,15677080,73200,20:20:00,73232,20:20:32,24,3940,Broadway & Steuben St (03940),0,0,0,75300.0,20:55:00,74934,20:48:54,75300.0,20:55:00,74934,20:48:54,0,00:00:00,door not opened
07/06/2025,12,4113,Sunday,Sunday,East,15677080,73200,20:20:00,73232,20:20:32,23,2509,State/Downtown Station - State St & S. Pearl St (02509),0,0,0,75060.0,20:51:00,74878,20:47:58,75060.0,20:51:00,74878,20:47:58,0,00:00:00,door not opened
07/06/2025,12,4113,Sunday,Sunday,East,15677080,73200,20:20:00,73232,20:20:32,22,1787,State St & Eagle St (01787),0,0,0,,,74862,20:47:42,,,74862,20:47:42,0,00:00:00,door not opened
07/06/2025,12,4113,Sunday,Sunday,East,15677080,73200,20:20:00,73232,20:20:32,21,2706,Hawk/Capitol Station - Washington Ave & Hawk St (02706),0,0,0,,,74767,20:46:07,,,74767,20:46:07,0,00:00:00,door not opened
07/06/2025,12,4113,Sunday,Sunday,East,15677080,73200,20:20:00,73232,20:20:32,20,1789,Washington Ave & S. Swan St (01789),0,0,0,,,74754,20:45:54,,,74754,20:45:54,0,00:00:00,door not opened
07/06/2025,12,4113,Sunday,Sunday,East,15677080,73200,20:20:00,73232,20:20:32,19,1788,Washington Ave & Dove St (01788),0,0,0,,,74726,20:45:26,,,74726,20:45:26,0,00:00:00,door not opened
07/06/2025,12,4113,Sunday,Sunday,East,15677080,73200,20:20:00,73232,20:20:32,18,2663,Lark/Library Station - Washington Ave & Lark St (02663),0,6,0,74820.0,20:47:00,74639,20:43:59,74820.0,20:47:00,74707,20:45:07,68,00:01:08,doors opened
07/06/2025,12,4113,Sunday,Sunday,East,15677080,73200,20:20:00,73232,20:20:32,17,263,Washington Ave & Henry Johnson Blvd (00263),0,0,6,,,74618,20:43:38,,,74618,20:43:38,0,00:00:00,door not opened
07/06/2025,12,4113,Sunday,Sunday,East,15677080,73200,20:20:00,73232,20:20:32,16,2096,Washington Ave & Lexington Ave (02096),0,1,6,,,74530,20:42:10,,,74541,20:42:21,11,00:00:11,doors opened
07/06/2025,12,4113,Sunday,Sunday,East,15677080,73200,20:20:00,73232,20:20:32,15,3253,Washington Ave & Robin St (Draper Hall) (03253),0,0,7,,,74514,20:41:54,,,74514,20:41:54,0,00:00:00,door not opened
07/06/2025,12,4113,Sunday,Sunday,West,15677083,75900,21:05:00,76013,21:06:53,27,7175,Crossgates Mall Station (07175),0,0,0,77940.0,21:39:00,77599,21:33:19,77940.0,21:39:00,77599,21:33:19,0,00:00:00,door not opened
07/06/2025,12,4113,Sunday,Sunday,West,15677083,75900,21:05:00,76013,21:06:53,26,12828,Crossgates Commons Station (12828),0,5,0,77520.0,21:32:00,77569,21:32:49,77520.0,21:32:00,77592,21:33:12,23,00:00:23,doors opened
07/06/2025,12,4113,Sunday,Sunday,West,15677083,75900,21:05:00,76013,21:06:53,25,12891,1475 Washington Ave (12891),0,0,5,,,77393,21:29:53,,,77393,21:29:53,0,00:00:00,door not opened
07/06/2025,12,4113,Sunday,Sunday,West,15677083,75900,21:05:00,76013,21:06:53,24,7216,SUNY Collins Circle (07216),0,1,5,77220.0,21:27:00,77295,21:28:15,77220.0,21:27:00,77313,21:28:33,18,00:00:18,doors opened
07/06/2025,12,4113,Sunday,Sunday,West,15677083,75900,21:05:00,76013,21:06:53,23,3262,1383 Washington Ave (Fairfield Inn) (03262),0,3,6,,,77200,21:26:40,,,77218,21:26:58,18,00:00:18,doors opened
07/06/2025,12,4113,Sunday,Sunday,West,15677083,75900,21:05:00,76013,21:06:53,22,976,Washington Ave & Brevator St (00976),0,0,9,,,77105,21:25:05,,,77105,21:25:05,0,00:00:00,door not opened
07/06/2025,12,4113,Sunday,Sunday,West,15677083,75900,21:05:00,76013,21:06:53,21,1959,Washington Ave & Colvin Ave (01959),4,0,9,,,77039,21:23:59,,,77084,21:24:44,45,00:00:45,doors opened
07/06/2025,12,4113,Sunday,Sunday,West,15677083,75900,21:05:00,76013,21:06:53,20,3399,Washington Ave & Danker Ave (03399),0,0,5,,,77020,21:23:40,,,77020,21:23:40,0,00:00:00,door not opened
07/06/2025,12,4113,Sunday,Sunday,West,15677083,75900,21:05:00,76013,21:06:53,19,1849,Washington Ave & Homestead Ave (01849),0,0,5,,,77001,21:23:21,,,77001,21:23:21,0,00:00:00,door not opened
07/06/2025,12,4113,Sunday,Sunday,West,15677083,75900,21:05:00,76013,21:06:53,18,1846,Washington Ave & Manning Blvd (01846),1,0,5,,,76956,21:22:36,,,76976,21:22:56,20,00:00:20,doors opened
07/06/2025,12,4113,Sunday,Sunday,West,15677083,75900,21:05:00,76013,21:06:53,17,3287,Washington Ave & N. Allen St (03287),1,1,4,76860.0,21:21:00,76895,21:21:35,76860.0,21:21:00,76925,21:22:05,30,00:00:30,doors opened
07/06/2025,12,4113,Sunday,Sunday,West,15677083,75900,21:05:00,76013,21:06:53,16,3264,Washington Ave & N. Main Ave (03264),0,0,4,,,76859,21:20:59,,,76859,21:20:59,0,00:00:00,door not opened
07/06/2025,12,4113,Sunday,Sunday,West,15677083,75900,21:05:00,76013,21:06:53,15,1839,Washington Ave & Partridge St (01839),0,2,4,,,76775,21:19:35,,,76790,21:19:50,15,00:00:15,doors opened
07/06/2025,12,4113,Sunday,Sunday,West,15677083,75900,21:05:00,76013,21:06:53,14,1841,Washington Ave & Ontario St (01841),1,0,6,76680.0,21:18:00,76722,21:18:42,76680.0,21:18:00,76753,21:19:13,31,00:00:31,doors opened
07/06/2025,12,4113,Sunday,Sunday,West,15677083,75900,21:05:00,76013,21:06:53,13,1842,Washington Ave & Quail St (01842),3,5,5,,,76673,21:17:53,,,76701,21:18:21,28,00:00:28,doors opened
07/06/2025,12,4113,Sunday,Sunday,West,15677083,75900,21:05:00,76013,21:06:53,12,1837,Washington Ave & N. Lake Ave (01837),0,0,7,,,76652,21:17:32,,,76652,21:17:32,0,00:00:00,door not opened
07/06/2025,12,4113,Sunday,Sunday,West,15677083,75900,21:05:00,76013,21:06:53,11,1843,Washington Ave & Robin St (01843),0,0,7,,,76637,21:17:17,,,76637,21:17:17,0,00:00:00,door not opened
07/06/2025,12,4113,Sunday,Sunday,West,15677083,75900,21:05:00,76013,21:06:53,10,12943,Washington Ave & Lexington Ave (12943),0,0,7,,,76617,21:16:57,,,76617,21:16:57,0,00:00:00,door not opened
07/06/2025,12,4113,Sunday,Sunday,West,15677083,75900,21:05:00,76013,21:06:53,9,12942,Washington Ave & Henry Johnson Blvd (12942),0,1,7,,,76548,21:15:48,,,76557,21:15:57,9,00:00:09,doors opened
07/06/2025,12,4113,Sunday,Sunday,West,15677083,75900,21:05:00,76013,21:06:53,8,3239,Lark/Library Station - Washington Ave & Lark St (03239),0,0,8,76320.0,21:12:00,76474,21:14:34,76320.0,21:12:00,76474,21:14:34,0,00:00:00,door not opened
07/06/2025,12,4113,Sunday,Sunday,West,15677083,75900,21:05:00,76013,21:06:53,7,3301,Washington Ave & S. Swan St (03301),3,0,8,,,76395,21:13:15,,,76423,21:13:43,28,00:00:28,doors opened
07/06/2025,12,4113,Sunday,Sunday,West,15677083,75900,21:05:00,76013,21:06:53,6,3250,Hawk/Capitol Station - Washington Ave & Hawk St (03250),2,0,5,,,76348,21:12:28,,,76371,21:12:51,23,00:00:23,doors opened
07/06/2025,12,4113,Sunday,Sunday,West,15677083,75900,21:05:00,76013,21:06:53,5,10087,State St & Eagle St (10087),0,0,3,,,76319,21:11:59,,,76319,21:11:59,0,00:00:00,door not opened
07/06/2025,12,4113,Sunday,Sunday,West,15677083,75900,21:05:00,76013,21:06:53,4,2665,State/Downtown Station - State St & Lodge St (02665),1,0,3,76140.0,21:09:00,76277,21:11:17,76140.0,21:09:00,76291,21:11:31,14,00:00:14,doors opened
07/06/2025,12,4113,Sunday,Sunday,West,15677083,75900,21:05:00,76013,21:06:53,3,3221,State Station - N. Pearl St & Ten Eyck Plaza (03221),1,0,2,,,76176,21:09:36,,,76251,21:10:51,75,00:01:15,doors opened
07/06/2025,12,4113,Sunday,Sunday,West,15677083,75900,21:05:00,76013,21:06:53,2,3233,N. Pearl St & Sheridan Ave (03233),0,0,1,,,76150,21:09:10,,,76150,21:09:10,0,00:00:00,door not opened
07/06/2025,12,4113,Sunday,Sunday,West,15677083,75900,21:05:00,76013,21:06:53,1,2168,Clinton Square Station - N. Pearl St & Clinton Ave (02168),1,0,1,,,76068,21:07:48,,,76138,21:08:58,70,00:01:10,doors opened
07/06/2025,12,4113,Sunday,Sunday,West,15677083,75900,21:05:00,76013,21:06:53,0,9018,Broadway & Orange St (09018),0,0,0,75900.0,21:05:00,76013,21:06:53,75900.0,21:05:00,76013,21:06:53,0,00:00:00,door not opened
07/06/2025,12,4124,Sunday,Sunday,East,15677464,64800,18:00:00,64915,18:01:55,11,2107,Washington Ave & Partridge St (02107),0,0,17,,,66221,18:23:41,,,66221,18:23:41,0,00:00:00,door not opened
07/06/2025,12,4124,Sunday,Sunday,East,15677464,64800,18:00:00,64915,18:01:55,10,3257,Washington Ave & N. Main Ave (03257),0,1,17,,,66139,18:22:19,,,66162,18:22:42,23,00:00:23,doors opened
07/06/2025,12,4124,Sunday,Sunday,East,15677464,64800,18:00:00,64915,18:01:55,9,1796,Washington Ave & N. Allen St (01796),2,1,18,65940.0,18:19:00,66089,18:21:29,65940.0,18:19:00,66109,18:21:49,20,00:00:20,doors opened
07/06/2025,12,4124,Sunday,Sunday,East,15677464,64800,18:00:00,64915,18:01:55,8,11581,Washington Ave & Manning Blvd (11581),0,0,17,,,66061,18:21:01,,,66061,18:21:01,0,00:00:00,door not opened
07/06/2025,12,4124,Sunday,Sunday,East,15677464,64800,18:00:00,64915,18:01:55,7,2180,Washington Ave & Homestead Ave (02180),2,1,17,,,66019,18:20:19,,,66039,18:20:39,20,00:00:20,doors opened
07/06/2025,12,4124,Sunday,Sunday,East,15677464,64800,18:00:00,64915,18:01:55,6,2182,Washington Ave & Hawthorne St (02182),0,0,16,,,65994,18:19:54,,,65994,18:19:54,0,00:00:00,door not opened
07/06/2025,12,4124,Sunday,Sunday,East,15677464,64800,18:00:00,64915,18:01:55,5,3304,Washington Ave & Clermont St (03304),0,1,16,,,65951,18:19:11,,,65965,18:19:25,14,00:00:14,doors opened
07/06/2025,12,4124,Sunday,Sunday,East,15677464,64800,18:00:00,64915,18:01:55,4,3348,Washington Ave & Brevator St (03348),0,1,17,,,65913,18:18:33,,,65929,18:18:49,16,00:00:16,doors opened
07/06/2025,12,4124,Sunday,Sunday,East,15677464,64800,18:00:00,64915,18:01:55,3,10134,Washington Ave & SUNY Exit Rd (10134),0,2,18,,,65767,18:16:07,,,65785,18:16:25,18,00:00:18,doors opened
07/06/2025,12,4124,Sunday,Sunday,East,15677464,64800,18:00:00,64915,18:01:55,2,7216,SUNY Collins Circle (07216),0,0,20,65520.0,18:12:00,65673,18:14:33,65520.0,18:12:00,65673,18:14:33,0,00:00:00,door not opened
07/06/2025,12,4124,Sunday,Sunday,East,15677464,64800,18:00:00,64915,18:01:55,1,12827,Crossgates Commons Station (12827),8,3,20,65220.0,18:07:00,65276,18:07:56,65220.0,18:07:00,65371,18:09:31,95,00:01:35,doors opened
07/06/2025,12,4124,Sunday,Sunday,East,15677464,64800,18:00:00,64915,18:01:55,0,7175,Crossgates Mall Station (07175),15,0,15,64800.0,18:00:00,64915,18:01:55,64800.0,18:00:00,64915,18:01:55,0,00:00:00,doors opened
07/06/2025,12,4124,Sunday,Sunday,East,15677464,64800,18:00:00,64915,18:01:55,24,3940,Broadway & Steuben St (03940),0,0,0,66960.0,18:36:00,67108,18:38:28,66960.0,18:36:00,67108,18:38:28,0,00:00:00,door not opened
07/06/2025,12,4124,Sunday,Sunday,East,15677464,64800,18:00:00,64915,18:01:55,23,2509,State/Downtown Station - State St & S. Pearl St (02509),0,1,0,66720.0,18:32:00,66939,18:35:39,66720.0,18:32:00,66987,18:36:27,48,00:00:48,doors opened
07/06/2025,12,4124,Sunday,Sunday,East,15677464,64800,18:00:00,64915,18:01:55,22,1787,State St & Eagle St (01787),0,0,1,,,66921,18:35:21,,,66921,18:35:21,0,00:00:00,door not opened
07/06/2025,12,4124,Sunday,Sunday,East,15677464,64800,18:00:00,64915,18:01:55,21,2706,Hawk/Capitol Station - Washington Ave & Hawk St (02706),0,0,1,,,66804,18:33:24,,,66804,18:33:24,0,00:00:00,door not opened
07/06/2025,12,4124,Sunday,Sunday,East,15677464,64800,18:00:00,64915,18:01:55,20,1789,Washington Ave & S. Swan St (01789),0,0,1,,,66785,18:33:05,,,66785,18:33:05,0,00:00:00,door not opened
07/06/2025,12,4124,Sunday,Sunday,East,15677464,64800,18:00:00,64915,18:01:55,19,1788,Washington Ave & Dove St (01788),0,1,1,,,66705,18:31:45,,,66723,18:32:03,18,00:00:18,doors opened
07/06/2025,12,4124,Sunday,Sunday,East,15677464,64800,18:00:00,64915,18:01:55,18,2663,Lark/Library Station - Washington Ave & Lark St (02663),1,3,2,66420.0,18:27:00,66630,18:30:30,66420.0,18:27:00,66679,18:31:19,49,00:00:49,doors opened
07/06/2025,12,4124,Sunday,Sunday,East,15677464,64800,18:00:00,64915,18:01:55,17,263,Washington Ave & Henry Johnson Blvd (00263),0,1,4,,,66590,18:29:50,,,66600,18:30:00,10,00:00:10,doors opened
07/06/2025,12,4124,Sunday,Sunday,East,15677464,64800,18:00:00,64915,18:01:55,16,2096,Washington Ave & Lexington Ave (02096),0,0,5,,,66488,18:28:08,,,66488,18:28:08,0,00:00:00,door not opened
07/06/2025,12,4124,Sunday,Sunday,East,15677464,64800,18:00:00,64915,18:01:55,15,3253,Washington Ave & Robin St (Draper Hall) (03253),0,2,5,,,66415,18:26:55,,,66440,18:27:20,25,00:00:25,doors opened
07/06/2025,12,4124,Sunday,Sunday,East,15677464,64800,18:00:00,64915,18:01:55,14,2109,Washington Ave & N. Lake Ave (02109),1,0,7,,,66376,18:26:16,,,66392,18:26:32,16,00:00:16,doors opened
07/06/2025,12,4124,Sunday,Sunday,East,15677464,64800,18:00:00,64915,18:01:55,13,3255,Washington Ave & Quail St (03255),1,12,6,,,66256,18:24:16,,,66350,18:25:50,94,00:01:34,doors opened
07/06/2025,12,4124,Sunday,Sunday,East,15677464,64800,18:00:00,64915,18:01:55,12,3256,Washington Ave & Ontario St (03256),0,0,17,66060.0,18:21:00,66240,18:24:00,66060.0,18:21:00,66240,18:24:00,0,00:00:00,door not opened
07/06/2025,12,4124,Sunday,Sunday,West,15677467,67500,18:45:00,67170,18:39:30,9,12942,Washington Ave & Henry Johnson Blvd (12942),0,0,0,,,67495,18:44:55,,,67495,18:44:55,0,00:00:00,door not opened
07/06/2025,12,4124,Sunday,Sunday,West,15677467,67500,18:45:00,67170,18:39:30,8,3239,Lark/Library Station - Washington Ave & Lark St (03239),0,0,0,67980.0,18:53:00,67475,18:44:35,67980.0,18:53:00,67475,18:44:35,0,00:00:00,door not opened
07/06/2025,12,4124,Sunday,Sunday,West,15677467,67500,18:45:00,67170,18:39:30,7,3301,Washington Ave & S. Swan St (03301),0,0,0,,,67454,18:44:14,,,67454,18:44:14,0,00:00:00,door not opened
07/06/2025,12,4124,Sunday,Sunday,West,15677467,67500,18:45:00,67170,18:39:30,6,3250,Hawk/Capitol Station - Washington Ave & Hawk St (03250),0,0,0,,,67441,18:44:01,,,67441,18:44:01,0,00:00:00,door not opened
07/06/2025,12,4124,Sunday,Sunday,West,15677467,67500,18:45:00,67170,18:39:30,5,10087,State St & Eagle St (10087),0,0,0,,,67313,18:41:53,,,67313,18:41:53,0,00:00:00,door not opened
07/06/2025,12,4124,Sunday,Sunday,West,15677467,67500,18:45:00,67170,18:39:30,4,2665,State/Downtown Station - State St & Lodge St (02665),0,0,0,67740.0,18:49:00,67302,18:41:42,67740.0,18:49:00,67302,18:41:42,0,00:00:00,door not opened
07/06/2025,12,4124,Sunday,Sunday,West,15677467,67500,18:45:00,67170,18:39:30,3,3221,State Station - N. Pearl St & Ten Eyck Plaza (03221),0,0,0,,,67266,18:41:06,,,67266,18:41:06,0,00:00:00,door not opened
07/06/2025,12,4124,Sunday,Sunday,West,15677467,67500,18:45:00,67170,18:39:30,2,3233,N. Pearl St & Sheridan Ave (03233),0,0,0,,,67249,18:40:49,,,67249,18:40:49,0,00:00:00,door not opened
07/06/2025,12,4124,Sunday,Sunday,West,15677467,67500,18:45:00,67170,18:39:30,1,2168,Clinton Square Station - N. Pearl St & Clinton Ave (02168),0,0,0,,,67178,18:39:38,,,67178,18:39:38,0,00:00:00,door not opened
07/06/2025,12,4124,Sunday,Sunday,West,15677467,67500,18:45:00,67170,18:39:30,0,9018,Broadway & Orange St (09018),0,0,0,67500.0,18:45:00,67170,18:39:30,67500.0,18:45:00,67170,18:39:30,0,00:00:00,door not opened
07/06/2025,12,4124,Sunday,Sunday,East,15677260,48000,13:20:00,48005,13:20:05,2,7216,SUNY Collins Circle (07216),0,1,5,48720.0,13:32:00,48631,13:30:31,48720.0,13:32:00,48645,13:30:45,14,00:00:14,doors opened
07/06/2025,12,4124,Sunday,Sunday,East,15677260,48000,13:20:00,48005,13:20:05,1,12827,Crossgates Commons Station (12827),6,0,6,48420.0,13:27:00,48237,13:23:57,48420.0,13:27:00,48309,13:25:09,72,00:01:12,doors opened
07/06/2025,12,4124,Sunday,Sunday,East,15677260,48000,13:20:00,48005,13:20:05,0,7175,Crossgates Mall Station (07175),0,0,0,48000.0,13:20:00,48005,13:20:05,48000.0,13:20:00,48005,13:20:05,0,00:00:00,door not opened
07/06/2025,12,4124,Sunday,Sunday,East,15677260,48000,13:20:00,48005,13:20:05,24,3940,Broadway & Steuben St (03940),0,0,0,50160.0,13:56:00,50075,13:54:35,50160.0,13:56:00,50075,13:54:35,0,00:00:00,door not opened
07/06/2025,12,4124,Sunday,Sunday,East,15677260,48000,13:20:00,48005,13:20:05,23,2509,State/Downtown Station - State St & S. Pearl St (02509),0,2,0,49920.0,13:52:00,49890,13:51:30,49920.0,13:52:00,49980,13:53:00,90,00:01:30,doors opened
07/06/2025,12,4124,Sunday,Sunday,East,15677260,48000,13:20:00,48005,13:20:05,22,1787,State St & Eagle St (01787),0,0,2,,,49873,13:51:13,,,49873,13:51:13,0,00:00:00,door not opened
07/06/2025,12,4124,Sunday,Sunday,East,15677260,48000,13:20:00,48005,13:20:05,21,2706,Hawk/Capitol Station - Washington Ave & Hawk St (02706),0,0,2,,,49827,13:50:27,,,49827,13:50:27,0,00:00:00,door not opened
07/06/2025,12,4124,Sunday,Sunday,East,15677260,48000,13:20:00,48005,13:20:05,20,1789,Washington Ave & S. Swan St (01789),0,0,2,,,49802,13:50:02,,,49802,13:50:02,0,00:00:00,door not opened
07/06/2025,12,4124,Sunday,Sunday,East,15677260,48000,13:20:00,48005,13:20:05,19,1788,Washington Ave & Dove St (01788),0,0,2,,,49765,13:49:25,,,49765,13:49:25,0,00:00:00,door not opened
07/06/2025,12,4124,Sunday,Sunday,East,15677260,48000,13:20:00,48005,13:20:05,18,2663,Lark/Library Station - Washington Ave & Lark St (02663),0,2,2,49620.0,13:47:00,49705,13:48:25,49620.0,13:47:00,49738,13:48:58,33,00:00:33,doors opened
07/06/2025,12,4124,Sunday,Sunday,East,15677260,48000,13:20:00,48005,13:20:05,17,263,Washington Ave & Henry Johnson Blvd (00263),0,2,4,,,49612,13:46:52,,,49651,13:47:31,39,00:00:39,doors opened
07/06/2025,12,4124,Sunday,Sunday,East,15677260,48000,13:20:00,48005,13:20:05,16,2096,Washington Ave & Lexington Ave (02096),0,4,6,,,49506,13:45:06,,,49556,13:45:56,50,00:00:50,doors opened
07/06/2025,12,4124,Sunday,Sunday,East,15677260,48000,13:20:00,48005,13:20:05,15,3253,Washington Ave & Robin St (Draper Hall) (03253),0,0,10,,,49472,13:44:32,,,49472,13:44:32,0,00:00:00,door not opened
07/06/2025,12,4124,Sunday,Sunday,East,15677260,48000,13:20:00,48005,13:20:05,14,2109,Washington Ave & N. Lake Ave (02109),0,1,10,,,49431,13:43:51,,,49447,13:44:07,16,00:00:16,doors opened
07/06/2025,12,4124,Sunday,Sunday,East,15677260,48000,13:20:00,48005,13:20:05,13,3255,Washington Ave & Quail St (03255),4,3,11,,,49360,13:42:40,,,49404,13:43:24,44,00:00:44,doors opened
07/06/2025,12,4124,Sunday,Sunday,East,15677260,48000,13:20:00,48005,13:20:05,12,3256,Washington Ave & Ontario St (03256),0,0,10,49260.0,13:41:00,49337,13:42:17,49260.0,13:41:00,49337,13:42:17,0,00:00:00,door not opened
07/06/2025,12,4124,Sunday,Sunday,East,15677260,48000,13:20:00,48005,13:20:05,11,2107,Washington Ave & Partridge St (02107),1,1,10,,,49298,13:41:38,,,49315,13:41:55,17,00:00:17,doors opened
07/06/2025,12,4124,Sunday,Sunday,East,15677260,48000,13:20:00,48005,13:20:05,10,3257,Washington Ave & N. Main Ave (03257),1,0,10,,,49217,13:40:17,,,49249,13:40:49,32,00:00:32,doors opened
07/06/2025,12,4124,Sunday,Sunday,East,15677260,48000,13:20:00,48005,13:20:05,9,1796,Washington Ave & N. Allen St (01796),2,0,9,49140.0,13:39:00,49166,13:39:26,49140.0,13:39:00,49182,13:39:42,16,00:00:16,doors opened
07/06/2025,12,4124,Sunday,Sunday,East,15677260,48000,13:20:00,48005,13:20:05,8,11581,Washington Ave & Manning Blvd (11581),0,1,7,,,49084,13:38:04,,,49130,13:38:50,46,00:00:46,doors opened
07/06/2025,12,4124,Sunday,Sunday,East,15677260,48000,13:20:00,48005,13:20:05,7,2180,Washington Ave & Homestead Ave (02180),0,0,8,,,49064,13:37:44,,,49064,13:37:44,0,00:00:00,door not opened
07/06/2025,12,4124,Sunday,Sunday,East,15677260,48000,13:20:00,48005,13:20:05,6,2182,Washington Ave & Hawthorne St (02182),0,0,8,,,49042,13:37:22,,,49042,13:37:22,0,00:00:00,door not opened
07/06/2025,12,4124,Sunday,Sunday,East,15677260,48000,13:20:00,48005,13:20:05,5,3304,Washington Ave & Clermont St (03304),0,0,8,,,49017,13:36:57,,,49017,13:36:57,0,00:00:00,door not opened
07/06/2025,12,4124,Sunday,Sunday,East,15677260,48000,13:20:00,48005,13:20:05,4,3348,Washington Ave & Brevator St (03348),1,0,8,,,48947,13:35:47,,,48997,13:36:37,50,00:00:50,doors opened
07/06/2025,12,4124,Sunday,Sunday,East,15677260,48000,13:20:00,48005,13:20:05,3,10134,Washington Ave & SUNY Exit Rd (10134),2,0,7,,,48762,13:32:42,,,48814,13:33:34,52,00:00:52,doors opened
07/06/2025,12,4124,Sunday,Sunday,West,15677263,50700,14:05:00,50703,14:05:03,27,7175,Crossgates Mall Station (07175),1,24,0,52920.0,14:42:00,52990,14:43:10,52920.0,14:42:00,52990,14:43:10,0,00:00:00,doors opened
07/06/2025,12,4124,Sunday,Sunday,West,15677263,50700,14:05:00,50703,14:05:03,25,12891,1475 Washington Ave (12891),2,0,23,,,52403,14:33:23,,,52423,14:33:43,20,00:00:20,doors opened
07/06/2025,12,4124,Sunday,Sunday,West,15677263,50700,14:05:00,50703,14:05:03,24,7216,SUNY Collins Circle (07216),0,1,21,52140.0,14:29:00,52227,14:30:27,52140.0,14:29:00,52239,14:30:39,12,00:00:12,doors opened
07/06/2025,12,4124,Sunday,Sunday,West,15677263,50700,14:05:00,50703,14:05:03,23,3262,1383 Washington Ave (Fairfield Inn) (03262),4,4,22,,,52061,14:27:41,,,52124,14:28:44,63,00:01:03,doors opened
07/06/2025,12,4124,Sunday,Sunday,West,15677263,50700,14:05:00,50703,14:05:03,22,976,Washington Ave & Brevator St (00976),1,0,22,,,51908,14:25:08,,,51933,14:25:33,25,00:00:25,doors opened
07/06/2025,12,4124,Sunday,Sunday,West,15677263,50700,14:05:00,50703,14:05:03,21,1959,Washington Ave & Colvin Ave (01959),1,0,21,,,51845,14:24:05,,,51883,14:24:43,38,00:00:38,doors opened
07/06/2025,12,4124,Sunday,Sunday,West,15677263,50700,14:05:00,50703,14:05:03,20,3399,Washington Ave & Danker Ave (03399),0,0,20,,,51821,14:23:41,,,51821,14:23:41,0,00:00:00,door not opened
07/06/2025,12,4124,Sunday,Sunday,West,15677263,50700,14:05:00,50703,14:05:03,19,1849,Washington Ave & Homestead Ave (01849),0,0,20,,,51802,14:23:22,,,51802,14:23:22,0,00:00:00,door not opened
07/06/2025,12,4124,Sunday,Sunday,West,15677263,50700,14:05:00,50703,14:05:03,18,1846,Washington Ave & Manning Blvd (01846),0,0,20,,,51776,14:22:56,,,51776,14:22:56,0,00:00:00,door not opened
07/06/2025,12,4124,Sunday,Sunday,West,15677263,50700,14:05:00,50703,14:05:03,17,3287,Washington Ave & N. Allen St (03287),0,2,20,51780.0,14:23:00,51689,14:21:29,51780.0,14:23:00,51701,14:21:41,12,00:00:12,doors opened
07/06/2025,12,4124,Sunday,Sunday,West,15677263,50700,14:05:00,50703,14:05:03,16,3264,Washington Ave & N. Main Ave (03264),0,0,22,,,51657,14:20:57,,,51657,14:20:57,0,00:00:00,door not opened
07/06/2025,12,4124,Sunday,Sunday,West,15677263,50700,14:05:00,50703,14:05:03,15,1839,Washington Ave & Partridge St (01839),0,0,22,,,51604,14:20:04,,,51604,14:20:04,0,00:00:00,door not opened
07/06/2025,12,4124,Sunday,Sunday,West,15677263,50700,14:05:00,50703,14:05:03,14,1841,Washington Ave & Ontario St (01841),2,2,22,51540.0,14:19:00,51528,14:18:48,51540.0,14:19:00,51551,14:19:11,23,00:00:23,doors opened
07/06/2025,12,4124,Sunday,Sunday,West,15677263,50700,14:05:00,50703,14:05:03,13,1842,Washington Ave & Quail St (01842),0,0,22,,,51506,14:18:26,,,51506,14:18:26,0,00:00:00,door not opened
07/06/2025,12,4124,Sunday,Sunday,West,15677263,50700,14:05:00,50703,14:05:03,12,1837,Washington Ave & N. Lake Ave (01837),1,0,22,,,51438,14:17:18,,,51454,14:17:34,16,00:00:16,doors opened
07/06/2025,12,4124,Sunday,Sunday,West,15677263,50700,14:05:00,50703,14:05:03,11,1843,Washington Ave & Robin St (01843),0,2,21,,,51396,14:16:36,,,51413,14:16:53,17,00:00:17,doors opened
07/06/2025,12,4124,Sunday,Sunday,West,15677263,50700,14:05:00,50703,14:05:03,10,12943,Washington Ave & Lexington Ave (12943),0,0,23,,,51370,14:16:10,,,51370,14:16:10,0,00:00:00,door not opened
07/06/2025,12,4124,Sunday,Sunday,West,15677263,50700,14:05:00,50703,14:05:03,9,12942,Washington Ave & Henry Johnson Blvd (12942),4,0,23,,,51277,14:14:37,,,51301,14:15:01,24,00:00:24,doors opened
07/06/2025,12,4124,Sunday,Sunday,West,15677263,50700,14:05:00,50703,14:05:03,8,3239,Lark/Library Station - Washington Ave & Lark St (03239),2,0,19,51180.0,14:13:00,51165,14:12:45,51180.0,14:13:00,51213,14:13:33,48,00:00:48,doors opened
07/06/2025,12,4124,Sunday,Sunday,West,15677263,50700,14:05:00,50703,14:05:03,7,3301,Washington Ave & S. Swan St (03301),1,0,17,,,51078,14:11:18,,,51125,14:12:05,47,00:00:47,doors opened
07/06/2025,12,4124,Sunday,Sunday,West,15677263,50700,14:05:00,50703,14:05:03,6,3250,Hawk/Capitol Station - Washington Ave & Hawk St (03250),0,0,16,,,51048,14:10:48,,,51048,14:10:48,0,00:00:00,door not opened
07/06/2025,12,4124,Sunday,Sunday,West,15677263,50700,14:05:00,50703,14:05:03,5,10087,State St & Eagle St (10087),0,0,16,,,51021,14:10:21,,,51021,14:10:21,0,00:00:00,door not opened
07/06/2025,12,4124,Sunday,Sunday,West,15677263,50700,14:05:00,50703,14:05:03,4,2665,State/Downtown Station - State St & Lodge St (02665),11,0,16,50940.0,14:09:00,50914,14:08:34,50940.0,14:09:00,50970,14:09:30,56,00:00:56,doors opened
07/06/2025,12,4124,Sunday,Sunday,West,15677263,50700,14:05:00,50703,14:05:03,3,3221,State Station - N. Pearl St & Ten Eyck Plaza (03221),2,0,5,,,50813,14:06:53,,,50866,14:07:46,53,00:00:53,doors opened
07/06/2025,12,4124,Sunday,Sunday,West,15677263,50700,14:05:00,50703,14:05:03,2,3233,N. Pearl St & Sheridan Ave (03233),1,0,3,,,50750,14:05:50,,,50767,14:06:07,17,00:00:17,doors opened
07/06/2025,12,4124,Sunday,Sunday,West,15677263,50700,14:05:00,50703,14:05:03,1,2168,Clinton Square Station - N. Pearl St & Clinton Ave (02168),1,0,2,,,50712,14:05:12,,,50732,14:05:32,20,00:00:20,doors opened
07/06/2025,12,4124,Sunday,Sunday,West,15677263,50700,14:05:00,50703,14:05:03,0,9018,Broadway & Orange St (09018),0,0,1,50700.0,14:05:00,50703,14:05:03,50700.0,14:05:00,50703,14:05:03,0,00:00:00,door not opened
07/06/2025,12,4124,Sunday,Sunday,East,15677266,54000,15:00:00,54022,15:00:22,19,1788,Washington Ave & Dove St (01788),0,0,4,,,55666,15:27:46,,,55666,15:27:46,0,00:00:00,door not opened
07/06/2025,12,4124,Sunday,Sunday,East,15677266,54000,15:00:00,54022,15:00:22,18,2663,Lark/Library Station - Washington Ave & Lark St (02663),0,0,4,55620.0,15:27:00,55640,15:27:20,55620.0,15:27:00,55640,15:27:20,0,00:00:00,door not opened
07/06/2025,12,4124,Sunday,Sunday,East,15677266,54000,15:00:00,54022,15:00:22,17,263,Washington Ave & Henry Johnson Blvd (00263),0,1,4,,,55524,15:25:24,,,55553,15:25:53,29,00:00:29,doors opened
07/06/2025,12,4124,Sunday,Sunday,East,15677266,54000,15:00:00,54022,15:00:22,16,2096,Washington Ave & Lexington Ave (02096),0,0,5,,,55458,15:24:18,,,55458,15:24:18,0,00:00:00,door not opened
07/06/2025,12,4124,Sunday,Sunday,East,15677266,54000,15:00:00,54022,15:00:22,15,3253,Washington Ave & Robin St (Draper Hall) (03253),0,2,5,,,55363,15:22:43,,,55405,15:23:25,42,00:00:42,doors opened
07/06/2025,12,4124,Sunday,Sunday,East,15677266,54000,15:00:00,54022,15:00:22,14,2109,Washington Ave & N. Lake Ave (02109),0,0,7,,,55342,15:22:22,,,55342,15:22:22,0,00:00:00,door not opened
07/06/2025,12,4124,Sunday,Sunday,East,15677266,54000,15:00:00,54022,15:00:22,13,3255,Washington Ave & Quail St (03255),0,3,7,,,55288,15:21:28,,,55310,15:21:50,22,00:00:22,doors opened
07/06/2025,12,4124,Sunday,Sunday,East,15677266,54000,15:00:00,54022,15:00:22,12,3256,Washington Ave & Ontario St (03256),0,0,10,55260.0,15:21:00,55271,15:21:11,55260.0,15:21:00,55271,15:21:11,0,00:00:00,door not opened
07/06/2025,12,4124,Sunday,Sunday,East,15677266,54000,15:00:00,54022,15:00:22,11,2107,Washington Ave & Partridge St (02107),0,0,10,,,55250,15:20:50,,,55250,15:20:50,0,00:00:00,door not opened
07/06/2025,12,4124,Sunday,Sunday,East,15677266,54000,15:00:00,54022,15:00:22,10,3257,Washington Ave & N. Main Ave (03257),0,0,10,,,55185,15:19:45,,,55185,15:19:45,0,00:00:00,door not opened
07/06/2025,12,4124,Sunday,Sunday,East,15677266,54000,15:00:00,54022,15:00:22,9,1796,Washington Ave & N. Allen St (01796),0,5,10,55140.0,15:19:00,55116,15:18:36,55140.0,15:19:00,55135,15:18:55,19,00:00:19,doors opened
07/06/2025,12,4124,Sunday,Sunday,East,15677266,54000,15:00:00,54022,15:00:22,8,11581,Washington Ave & Manning Blvd (11581),0,0,15,,,55084,15:18:04,,,55084,15:18:04,0,00:00:00,door not opened
07/06/2025,12,4124,Sunday,Sunday,East,15677266,54000,15:00:00,54022,15:00:22,7,2180,Washington Ave & Homestead Ave (02180),1,0,15,,,55030,15:17:10,,,55053,15:17:33,23,00:00:23,doors opened
07/06/2025,12,4124,Sunday,Sunday,East,15677266,54000,15:00:00,54022,15:00:22,6,2182,Washington Ave & Hawthorne St (02182),0,0,14,,,55003,15:16:43,,,55003,15:16:43,0,00:00:00,door not opened
07/06/2025,12,4124,Sunday,Sunday,East,15677266,54000,15:00:00,54022,15:00:22,5,3304,Washington Ave & Clermont St (03304),0,1,14,,,54965,15:16:05,,,54979,15:16:19,14,00:00:14,doors opened
07/06/2025,12,4124,Sunday,Sunday,East,15677266,54000,15:00:00,54022,15:00:22,4,3348,Washington Ave & Brevator St (03348),0,0,15,,,54928,15:15:28,,,54944,15:15:44,16,00:00:16,doors opened
07/06/2025,12,4124,Sunday,Sunday,East,15677266,54000,15:00:00,54022,15:00:22,3,10134,Washington Ave & SUNY Exit Rd (10134),0,1,15,,,54778,15:12:58,,,54794,15:13:14,16,00:00:16,doors opened
07/06/2025,12,4124,Sunday,Sunday,East,15677266,54000,15:00:00,54022,15:00:22,2,7216,SUNY Collins Circle (07216),0,0,16,54720.0,15:12:00,54672,15:11:12,54720.0,15:12:00,54672,15:11:12,0,00:00:00,door not opened
07/06/2025,12,4124,Sunday,Sunday,East,15677266,54000,15:00:00,54022,15:00:22,1,12827,Crossgates Commons Station (12827),8,1,16,54420.0,15:07:00,54313,15:05:13,54420.0,15:07:00,54363,15:06:03,50,00:00:50,doors opened
07/06/2025,12,4124,Sunday,Sunday,East,15677266,54000,15:00:00,54022,15:00:22,0,7175,Crossgates Mall Station (07175),8,0,9,54000.0,15:00:00,54022,15:00:22,54000.0,15:00:00,54022,15:00:22,0,00:00:00,doors opened
07/06/2025,12,4124,Sunday,Sunday,East,15677266,54000,15:00:00,54022,15:00:22,24,3940,Broadway & Steuben St (03940),0,0,0,56160.0,15:36:00,55996,15:33:16,56160.0,15:36:00,55996,15:33:16,0,00:00:00,door not opened
07/06/2025,12,4124,Sunday,Sunday,East,15677266,54000,15:00:00,54022,15:00:22,23,2509,State/Downtown Station - State St & S. Pearl St (02509),0,0,0,55920.0,15:32:00,55890,15:31:30,55920.0,15:32:00,55890,15:31:30,0,00:00:00,door not opened
07/06/2025,12,4124,Sunday,Sunday,East,15677266,54000,15:00:00,54022,15:00:22,22,1787,State St & Eagle St (01787),0,4,0,,,55845,15:30:45,,,55867,15:31:07,22,00:00:22,doors opened
07/06/2025,12,4124,Sunday,Sunday,East,15677266,54000,15:00:00,54022,15:00:22,21,2706,Hawk/Capitol Station - Washington Ave & Hawk St (02706),0,0,4,,,55714,15:28:34,,,55714,15:28:34,0,00:00:00,door not opened
07/06/2025,12,4124,Sunday,Sunday,East,15677266,54000,15:00:00,54022,15:00:22,20,1789,Washington Ave & S. Swan St (01789),0,0,4,,,55694,15:28:14,,,55694,15:28:14,0,00:00:00,door not opened
07/06/2025,12,4124,Sunday,Sunday,West,15677269,56700,15:45:00,56696,15:44:56,27,7175,Crossgates Mall Station (07175),0,0,0,58920.0,16:22:00,58781,16:19:41,58920.0,16:22:00,58781,16:19:41,0,00:00:00,door not opened
07/06/2025,12,4124,Sunday,Sunday,West,15677269,56700,15:45:00,56696,15:44:56,26,12828,Crossgates Commons Station (12828),0,3,0,58500.0,16:15:00,58436,16:13:56,58500.0,16:15:00,58451,16:14:11,15,00:00:15,doors opened
07/06/2025,12,4124,Sunday,Sunday,West,15677269,56700,15:45:00,56696,15:44:56,25,12891,1475 Washington Ave (12891),1,0,3,,,58222,16:10:22,,,58236,16:10:36,14,00:00:14,doors opened
07/06/2025,12,4124,Sunday,Sunday,West,15677269,56700,15:45:00,56696,15:44:56,24,7216,SUNY Collins Circle (07216),1,1,2,58140.0,16:09:00,58084,16:08:04,58140.0,16:09:00,58106,16:08:26,22,00:00:22,doors opened
07/06/2025,12,4124,Sunday,Sunday,West,15677269,56700,15:45:00,56696,15:44:56,23,3262,1383 Washington Ave (Fairfield Inn) (03262),0,0,2,,,57986,16:06:26,,,57986,16:06:26,0,00:00:00,door not opened
07/06/2025,12,4124,Sunday,Sunday,West,15677269,56700,15:45:00,56696,15:44:56,22,976,Washington Ave & Brevator St (00976),0,0,2,,,57848,16:04:08,,,57848,16:04:08,0,00:00:00,door not opened
07/06/2025,12,4124,Sunday,Sunday,West,15677269,56700,15:45:00,56696,15:44:56,21,1959,Washington Ave & Colvin Ave (01959),0,0,2,,,57822,16:03:42,,,57822,16:03:42,0,00:00:00,door not opened
07/06/2025,12,4124,Sunday,Sunday,West,15677269,56700,15:45:00,56696,15:44:56,20,3399,Washington Ave & Danker Ave (03399),0,0,2,,,57770,16:02:50,,,57770,16:02:50,0,00:00:00,door not opened
07/06/2025,12,4124,Sunday,Sunday,West,15677269,56700,15:45:00,56696,15:44:56,19,1849,Washington Ave & Homestead Ave (01849),0,0,2,,,57744,16:02:24,,,57744,16:02:24,0,00:00:00,door not opened
07/06/2025,12,4124,Sunday,Sunday,West,15677269,56700,15:45:00,56696,15:44:56,18,1846,Washington Ave & Manning Blvd (01846),0,0,2,,,57718,16:01:58,,,57718,16:01:58,0,00:00:00,door not opened
07/06/2025,12,4124,Sunday,Sunday,West,15677269,56700,15:45:00,56696,15:44:56,17,3287,Washington Ave & N. Allen St (03287),1,1,2,57780.0,16:03:00,57631,16:00:31,57780.0,16:03:00,57652,16:00:52,21,00:00:21,doors opened
07/06/2025,12,4124,Sunday,Sunday,West,15677269,56700,15:45:00,56696,15:44:56,16,3264,Washington Ave & N. Main Ave (03264),0,0,2,,,57586,15:59:46,,,57586,15:59:46,0,00:00:00,door not opened
07/06/2025,12,4124,Sunday,Sunday,West,15677269,56700,15:45:00,56696,15:44:56,15,1839,Washington Ave & Partridge St (01839),0,0,2,,,57456,15:57:36,,,57456,15:57:36,0,00:00:00,door not opened
07/06/2025,12,4124,Sunday,Sunday,West,15677269,56700,15:45:00,56696,15:44:56,14,1841,Washington Ave & Ontario St (01841),0,0,2,57540.0,15:59:00,57410,15:56:50,57540.0,15:59:00,57410,15:56:50,0,00:00:00,door not opened
07/06/2025,12,4124,Sunday,Sunday,West,15677269,56700,15:45:00,56696,15:44:56,13,1842,Washington Ave & Quail St (01842),0,0,2,,,57365,15:56:05,,,57365,15:56:05,0,00:00:00,door not opened
07/06/2025,12,4124,Sunday,Sunday,West,15677269,56700,15:45:00,56696,15:44:56,12,1837,Washington Ave & N. Lake Ave (01837),0,0,2,,,57330,15:55:30,,,57330,15:55:30,0,00:00:00,door not opened
07/06/2025,12,4124,Sunday,Sunday,West,15677269,56700,15:45:00,56696,15:44:56,11,1843,Washington Ave & Robin St (01843),0,0,2,,,57304,15:55:04,,,57304,15:55:04,0,00:00:00,door not opened
07/06/2025,12,4124,Sunday,Sunday,West,15677269,56700,15:45:00,56696,15:44:56,10,12943,Washington Ave & Lexington Ave (12943),0,0,2,,,57275,15:54:35,,,57275,15:54:35,0,00:00:00,door not opened
07/06/2025,12,4124,Sunday,Sunday,West,15677269,56700,15:45:00,56696,15:44:56,9,12942,Washington Ave & Henry Johnson Blvd (12942),0,0,2,,,57241,15:54:01,,,57241,15:54:01,0,00:00:00,door not opened
07/06/2025,12,4124,Sunday,Sunday,West,15677269,56700,15:45:00,56696,15:44:56,8,3239,Lark/Library Station - Washington Ave & Lark St (03239),0,1,2,57180.0,15:53:00,57115,15:51:55,57180.0,15:53:00,57135,15:52:15,20,00:00:20,doors opened
07/06/2025,12,4124,Sunday,Sunday,West,15677269,56700,15:45:00,56696,15:44:56,7,3301,Washington Ave & S. Swan St (03301),0,0,3,,,57071,15:51:11,,,57071,15:51:11,0,00:00:00,door not opened
07/06/2025,12,4124,Sunday,Sunday,West,15677269,56700,15:45:00,56696,15:44:56,6,3250,Hawk/Capitol Station - Washington Ave & Hawk St (03250),0,0,3,,,57040,15:50:40,,,57040,15:50:40,0,00:00:00,door not opened
07/06/2025,12,4124,Sunday,Sunday,West,15677269,56700,15:45:00,56696,15:44:56,5,10087,State St & Eagle St (10087),0,0,3,,,57012,15:50:12,,,57012,15:50:12,0,00:00:00,door not opened
07/06/2025,12,4124,Sunday,Sunday,West,15677269,56700,15:45:00,56696,15:44:56,4,2665,State/Downtown Station - State St & Lodge St (02665),1,0,3,56940.0,15:49:00,56901,15:48:21,56940.0,15:49:00,56920,15:48:40,19,00:00:19,doors opened
07/06/2025,12,4124,Sunday,Sunday,West,15677269,56700,15:45:00,56696,15:44:56,3,3221,State Station - N. Pearl St & Ten Eyck Plaza (03221),1,0,2,,,56775,15:46:15,,,56869,15:47:49,94,00:01:34,doors opened
07/06/2025,12,4124,Sunday,Sunday,West,15677269,56700,15:45:00,56696,15:44:56,2,3233,N. Pearl St & Sheridan Ave (03233),0,0,1,,,56734,15:45:34,,,56734,15:45:34,0,00:00:00,door not opened
07/06/2025,12,4124,Sunday,Sunday,West,15677269,56700,15:45:00,56696,15:44:56,1,2168,Clinton Square Station - N. Pearl St & Clinton Ave (02168),0,0,1,,,56723,15:45:23,,,56723,15:45:23,0,00:00:00,door not opened
07/06/2025,12,4124,Sunday,Sunday,West,15677269,56700,15:45:00,56696,15:44:56,0,9018,Broadway & Orange St (09018),0,0,1,56700.0,15:45:00,56696,15:44:56,56700.0,15:45:00,56696,15:44:56,0,00:00:00,door not opened
07/06/2025,12,4124,Sunday,Sunday,East,15677201,36000,10:00:00,35996,09:59:56,24,3940,Broadway & Steuben St (03940),0,0,0,37920.0,10:32:00,37617,10:26:57,37920.0,10:32:00,37617,10:26:57,0,00:00:00,door not opened
07/06/2025,12,4124,Sunday,Sunday,East,15677201,36000,10:00:00,35996,09:59:56,23,2509,State/Downtown Station - State St & S. Pearl St (02509),0,2,0,37680.0,10:28:00,37520,10:25:20,37680.0,10:28:00,37548,10:25:48,28,00:00:28,doors opened
07/06/2025,12,4124,Sunday,Sunday,East,15677201,36000,10:00:00,35996,09:59:56,22,1787,State St & Eagle St (01787),0,0,2,,,37501,10:25:01,,,37501,10:25:01,0,00:00:00,door not opened
07/06/2025,12,4124,Sunday,Sunday,East,15677201,36000,10:00:00,35996,09:59:56,21,2706,Hawk/Capitol Station - Washington Ave & Hawk St (02706),0,0,2,,,37460,10:24:20,,,37460,10:24:20,0,00:00:00,door not opened
07/06/2025,12,4124,Sunday,Sunday,East,15677201,36000,10:00:00,35996,09:59:56,20,1789,Washington Ave & S. Swan St (01789),0,0,2,,,37438,10:23:58,,,37438,10:23:58,0,00:00:00,door not opened
07/06/2025,12,4124,Sunday,Sunday,East,15677201,36000,10:00:00,35996,09:59:56,19,1788,Washington Ave & Dove St (01788),0,0,2,,,37394,10:23:14,,,37394,10:23:14,0,00:00:00,door not opened
07/06/2025,12,4124,Sunday,Sunday,East,15677201,36000,10:00:00,35996,09:59:56,18,2663,Lark/Library Station - Washington Ave & Lark St (02663),0,0,2,37440.0,10:24:00,37364,10:22:44,37440.0,10:24:00,37364,10:22:44,0,00:00:00,door not opened
07/06/2025,12,4124,Sunday,Sunday,East,15677201,36000,10:00:00,35996,09:59:56,17,263,Washington Ave & Henry Johnson Blvd (00263),0,1,2,,,37301,10:21:41,,,37314,10:21:54,13,00:00:13,doors opened
07/06/2025,12,4124,Sunday,Sunday,East,15677201,36000,10:00:00,35996,09:59:56,16,2096,Washington Ave & Lexington Ave (02096),0,0,3,,,37269,10:21:09,,,37269,10:21:09,0,00:00:00,door not opened
07/06/2025,12,4124,Sunday,Sunday,East,15677201,36000,10:00:00,35996,09:59:56,15,3253,Washington Ave & Robin St (Draper Hall) (03253),0,0,3,,,37250,10:20:50,,,37250,10:20:50,0,00:00:00,door not opened
07/06/2025,12,4124,Sunday,Sunday,East,15677201,36000,10:00:00,35996,09:59:56,14,2109,Washington Ave & N. Lake Ave (02109),2,1,3,,,37195,10:19:55,,,37209,10:20:09,14,00:00:14,doors opened
07/06/2025,12,4124,Sunday,Sunday,East,15677201,36000,10:00:00,35996,09:59:56,13,3255,Washington Ave & Quail St (03255),0,0,2,,,37168,10:19:28,,,37168,10:19:28,0,00:00:00,door not opened
07/06/2025,12,4124,Sunday,Sunday,East,15677201,36000,10:00:00,35996,09:59:56,12,3256,Washington Ave & Ontario St (03256),0,0,2,37140.0,10:19:00,37152,10:19:12,37140.0,10:19:00,37152,10:19:12,0,00:00:00,door not opened
07/06/2025,12,4124,Sunday,Sunday,East,15677201,36000,10:00:00,35996,09:59:56,11,2107,Washington Ave & Partridge St (02107),0,0,2,,,37131,10:18:51,,,37131,10:18:51,0,00:00:00,door not opened
07/06/2025,12,4124,Sunday,Sunday,East,15677201,36000,10:00:00,35996,09:59:56,10,3257,Washington Ave & N. Main Ave (03257),0,0,2,,,37071,10:17:51,,,37071,10:17:51,0,00:00:00,door not opened
07/06/2025,12,4124,Sunday,Sunday,East,15677201,36000,10:00:00,35996,09:59:56,9,1796,Washington Ave & N. Allen St (01796),1,0,2,37020.0,10:17:00,36998,10:16:38,37020.0,10:17:00,37013,10:16:53,15,00:00:15,doors opened
07/06/2025,12,4124,Sunday,Sunday,East,15677201,36000,10:00:00,35996,09:59:56,8,11581,Washington Ave & Manning Blvd (11581),1,0,1,,,36945,10:15:45,,,36962,10:16:02,17,00:00:17,doors opened
07/06/2025,12,4124,Sunday,Sunday,East,15677201,36000,10:00:00,35996,09:59:56,7,2180,Washington Ave & Homestead Ave (02180),0,0,0,,,36921,10:15:21,,,36921,10:15:21,0,00:00:00,door not opened
07/06/2025,12,4124,Sunday,Sunday,East,15677201,36000,10:00:00,35996,09:59:56,6,2182,Washington Ave & Hawthorne St (02182),0,0,0,,,36890,10:14:50,,,36890,10:14:50,0,00:00:00,door not opened
07/06/2025,12,4124,Sunday,Sunday,East,15677201,36000,10:00:00,35996,09:59:56,5,3304,Washington Ave & Clermont St (03304),0,1,0,,,36850,10:14:10,,,36864,10:14:24,14,00:00:14,doors opened
07/06/2025,12,4124,Sunday,Sunday,East,15677201,36000,10:00:00,35996,09:59:56,4,3348,Washington Ave & Brevator St (03348),0,0,1,,,36836,10:13:56,,,36836,10:13:56,0,00:00:00,door not opened
07/06/2025,12,4124,Sunday,Sunday,East,15677201,36000,10:00:00,35996,09:59:56,3,10134,Washington Ave & SUNY Exit Rd (10134),0,0,1,,,36710,10:11:50,,,36710,10:11:50,0,00:00:00,door not opened
07/06/2025,12,4124,Sunday,Sunday,East,15677201,36000,10:00:00,35996,09:59:56,2,7216,SUNY Collins Circle (07216),1,0,1,36600.0,10:10:00,36552,10:09:12,36600.0,10:10:00,36566,10:09:26,14,00:00:14,doors opened
07/06/2025,12,4124,Sunday,Sunday,East,15677201,36000,10:00:00,35996,09:59:56,1,12827,Crossgates Commons Station (12827),0,0,0,36360.0,10:06:00,36249,10:04:09,36360.0,10:06:00,36296,10:04:56,47,00:00:47,doors opened
07/06/2025,12,4124,Sunday,Sunday,East,15677201,36000,10:00:00,35996,09:59:56,0,7175,Crossgates Mall Station (07175),0,0,0,36000.0,10:00:00,35996,09:59:56,36000.0,10:00:00,35996,09:59:56,0,00:00:00,doors opened
07/06/2025,12,4124,Sunday,Sunday,West,15677251,38700,10:45:00,38698,10:44:58,17,3287,Washington Ave & N. Allen St (03287),1,0,9,39780.0,11:03:00,39743,11:02:23,39780.0,11:03:00,39760,11:02:40,17,00:00:17,doors opened
07/06/2025,12,4124,Sunday,Sunday,West,15677251,38700,10:45:00,38698,10:44:58,16,3264,Washington Ave & N. Main Ave (03264),1,0,8,,,39669,11:01:09,,,39709,11:01:49,40,00:00:40,doors opened
07/06/2025,12,4124,Sunday,Sunday,West,15677251,38700,10:45:00,38698,10:44:58,15,1839,Washington Ave & Partridge St (01839),1,0,7,,,39599,10:59:59,,,39616,11:00:16,17,00:00:17,doors opened
07/06/2025,12,4124,Sunday,Sunday,West,15677251,38700,10:45:00,38698,10:44:58,14,1841,Washington Ave & Ontario St (01841),0,0,6,39540.0,10:59:00,39575,10:59:35,39540.0,10:59:00,39575,10:59:35,0,00:00:00,door not opened
07/06/2025,12,4124,Sunday,Sunday,West,15677251,38700,10:45:00,38698,10:44:58,13,1842,Washington Ave & Quail St (01842),2,2,6,,,39516,10:58:36,,,39552,10:59:12,36,00:00:36,doors opened
07/06/2025,12,4124,Sunday,Sunday,West,15677251,38700,10:45:00,38698,10:44:58,12,1837,Washington Ave & N. Lake Ave (01837),0,1,6,,,39435,10:57:15,,,39485,10:58:05,50,00:00:50,doors opened
07/06/2025,12,4124,Sunday,Sunday,West,15677251,38700,10:45:00,38698,10:44:58,11,1843,Washington Ave & Robin St (01843),0,0,7,,,39408,10:56:48,,,39408,10:56:48,0,00:00:00,door not opened
07/06/2025,12,4124,Sunday,Sunday,West,15677251,38700,10:45:00,38698,10:44:58,10,12943,Washington Ave & Lexington Ave (12943),2,1,7,,,39352,10:55:52,,,39377,10:56:17,25,00:00:25,doors opened
07/06/2025,12,4124,Sunday,Sunday,West,15677251,38700,10:45:00,38698,10:44:58,9,12942,Washington Ave & Henry Johnson Blvd (12942),0,0,6,,,39274,10:54:34,,,39274,10:54:34,0,00:00:00,door not opened
07/06/2025,12,4124,Sunday,Sunday,West,15677251,38700,10:45:00,38698,10:44:58,8,3239,Lark/Library Station - Washington Ave & Lark St (03239),1,0,6,39180.0,10:53:00,39206,10:53:26,39180.0,10:53:00,39225,10:53:45,19,00:00:19,doors opened
07/06/2025,12,4124,Sunday,Sunday,West,15677251,38700,10:45:00,38698,10:44:58,7,3301,Washington Ave & S. Swan St (03301),0,0,5,,,39135,10:52:15,,,39135,10:52:15,0,00:00:00,door not opened
07/06/2025,12,4124,Sunday,Sunday,West,15677251,38700,10:45:00,38698,10:44:58,6,3250,Hawk/Capitol Station - Washington Ave & Hawk St (03250),0,0,5,,,39105,10:51:45,,,39105,10:51:45,0,00:00:00,door not opened
07/06/2025,12,4124,Sunday,Sunday,West,15677251,38700,10:45:00,38698,10:44:58,5,10087,State St & Eagle St (10087),0,0,5,,,39036,10:50:36,,,39077,10:51:17,41,00:00:41,doors opened
07/06/2025,12,4124,Sunday,Sunday,West,15677251,38700,10:45:00,38698,10:44:58,4,2665,State/Downtown Station - State St & Lodge St (02665),1,0,5,38940.0,10:49:00,38938,10:48:58,38940.0,10:49:00,38957,10:49:17,19,00:00:19,doors opened
07/06/2025,12,4124,Sunday,Sunday,West,15677251,38700,10:45:00,38698,10:44:58,3,3221,State Station - N. Pearl St & Ten Eyck Plaza (03221),2,0,4,,,38755,10:45:55,,,38916,10:48:36,161,00:02:41,doors opened
07/06/2025,12,4124,Sunday,Sunday,West,15677251,38700,10:45:00,38698,10:44:58,2,3233,N. Pearl St & Sheridan Ave (03233),0,0,2,,,38698,10:44:58,,,38709,10:45:09,11,00:00:11,door not opened
07/06/2025,12,4124,Sunday,Sunday,West,15677251,38700,10:45:00,38698,10:44:58,0,9018,Broadway & Orange St (09018),0,0,2,38700.0,10:45:00,38698,10:44:58,38700.0,10:45:00,38698,10:44:58,0,00:00:00,doors opened
07/06/2025,12,4124,Sunday,Sunday,West,15677251,38700,10:45:00,38698,10:44:58,27,7175,Crossgates Mall Station (07175),0,5,0,40920.0,11:22:00,40778,11:19:38,40920.0,11:22:00,40778,11:19:38,0,00:00:00,doors opened
07/06/2025,12,4124,Sunday,Sunday,West,15677251,38700,10:45:00,38698,10:44:58,26,12828,Crossgates Commons Station (12828),0,2,5,40500.0,11:15:00,40497,11:14:57,40500.0,11:15:00,40515,11:15:15,18,00:00:18,doors opened
07/06/2025,12,4124,Sunday,Sunday,West,15677251,38700,10:45:00,38698,10:44:58,25,12891,1475 Washington Ave (12891),0,0,7,,,40313,11:11:53,,,40313,11:11:53,0,00:00:00,door not opened
07/06/2025,12,4124,Sunday,Sunday,West,15677251,38700,10:45:00,38698,10:44:58,24,7216,SUNY Collins Circle (07216),0,0,7,40140.0,11:09:00,40216,11:10:16,40140.0,11:09:00,40216,11:10:16,0,00:00:00,door not opened
07/06/2025,12,4124,Sunday,Sunday,West,15677251,38700,10:45:00,38698,10:44:58,23,3262,1383 Washington Ave (Fairfield Inn) (03262),0,1,7,,,40111,11:08:31,,,40124,11:08:44,13,00:00:13,doors opened
07/06/2025,12,4124,Sunday,Sunday,West,15677251,38700,10:45:00,38698,10:44:58,22,976,Washington Ave & Brevator St (00976),0,0,8,,,39993,11:06:33,,,39993,11:06:33,0,00:00:00,door not opened
07/06/2025,12,4124,Sunday,Sunday,West,15677251,38700,10:45:00,38698,10:44:58,21,1959,Washington Ave & Colvin Ave (01959),0,0,8,,,39955,11:05:55,,,39955,11:05:55,0,00:00:00,door not opened
07/06/2025,12,4124,Sunday,Sunday,West,15677251,38700,10:45:00,38698,10:44:58,20,3399,Washington Ave & Danker Ave (03399),0,1,8,,,39882,11:04:42,,,39900,11:05:00,18,00:00:18,doors opened
07/06/2025,12,4124,Sunday,Sunday,West,15677251,38700,10:45:00,38698,10:44:58,19,1849,Washington Ave & Homestead Ave (01849),0,0,9,,,39857,11:04:17,,,39857,11:04:17,0,00:00:00,door not opened
07/06/2025,12,4124,Sunday,Sunday,West,15677251,38700,10:45:00,38698,10:44:58,18,1846,Washington Ave & Manning Blvd (01846),0,0,9,,,39834,11:03:54,,,39834,11:03:54,0,00:00:00,door not opened
07/06/2025,12,4124,Sunday,Sunday,East,15677254,42000,11:40:00,42017,11:40:17,24,3940,Broadway & Steuben St (03940),0,0,0,43980.0,12:13:00,43692,12:08:12,43980.0,12:13:00,43692,12:08:12,0,00:00:00,door not opened
07/06/2025,12,4124,Sunday,Sunday,East,15677254,42000,11:40:00,42017,11:40:17,23,2509,State/Downtown Station - State St & S. Pearl St (02509),0,0,0,43740.0,12:09:00,43618,12:06:58,43740.0,12:09:00,43618,12:06:58,0,00:00:00,door not opened
07/06/2025,12,4124,Sunday,Sunday,East,15677254,42000,11:40:00,42017,11:40:17,22,1787,State St & Eagle St (01787),0,0,0,,,43601,12:06:41,,,43601,12:06:41,0,00:00:00,door not opened
07/06/2025,12,4124,Sunday,Sunday,East,15677254,42000,11:40:00,42017,11:40:17,21,2706,Hawk/Capitol Station - Washington Ave & Hawk St (02706),0,0,0,,,43564,12:06:04,,,43564,12:06:04,0,00:00:00,door not opened
07/06/2025,12,4124,Sunday,Sunday,East,15677254,42000,11:40:00,42017,11:40:17,20,1789,Washington Ave & S. Swan St (01789),0,0,0,,,43546,12:05:46,,,43546,12:05:46,0,00:00:00,door not opened
07/06/2025,12,4124,Sunday,Sunday,East,15677254,42000,11:40:00,42017,11:40:17,19,1788,Washington Ave & Dove St (01788),0,0,0,,,43520,12:05:20,,,43520,12:05:20,0,00:00:00,door not opened
07/06/2025,12,4124,Sunday,Sunday,East,15677254,42000,11:40:00,42017,11:40:17,18,2663,Lark/Library Station - Washington Ave & Lark St (02663),0,0,0,43500.0,12:05:00,43500,12:05:00,43500.0,12:05:00,43500,12:05:00,0,00:00:00,door not opened
07/06/2025,12,4124,Sunday,Sunday,East,15677254,42000,11:40:00,42017,11:40:17,17,263,Washington Ave & Henry Johnson Blvd (00263),0,1,0,,,43407,12:03:27,,,43423,12:03:43,16,00:00:16,doors opened
07/06/2025,12,4124,Sunday,Sunday,East,15677254,42000,11:40:00,42017,11:40:17,16,2096,Washington Ave & Lexington Ave (02096),0,0,1,,,43380,12:03:00,,,43380,12:03:00,0,00:00:00,door not opened
07/06/2025,12,4124,Sunday,Sunday,East,15677254,42000,11:40:00,42017,11:40:17,15,3253,Washington Ave & Robin St (Draper Hall) (03253),0,0,1,,,43359,12:02:39,,,43359,12:02:39,0,00:00:00,door not opened
07/06/2025,12,4124,Sunday,Sunday,East,15677254,42000,11:40:00,42017,11:40:17,14,2109,Washington Ave & N. Lake Ave (02109),0,0,1,,,43330,12:02:10,,,43330,12:02:10,0,00:00:00,door not opened
07/06/2025,12,4124,Sunday,Sunday,East,15677254,42000,11:40:00,42017,11:40:17,13,3255,Washington Ave & Quail St (03255),0,0,1,,,43278,12:01:18,,,43278,12:01:18,0,00:00:00,door not opened
07/06/2025,12,4124,Sunday,Sunday,East,15677254,42000,11:40:00,42017,11:40:17,12,3256,Washington Ave & Ontario St (03256),0,0,1,43140.0,11:59:00,43228,12:00:28,43140.0,11:59:00,43228,12:00:28,0,00:00:00,door not opened
07/06/2025,12,4124,Sunday,Sunday,East,15677254,42000,11:40:00,42017,11:40:17,11,2107,Washington Ave & Partridge St (02107),0,0,1,,,43208,12:00:08,,,43208,12:00:08,0,00:00:00,door not opened
07/06/2025,12,4124,Sunday,Sunday,East,15677254,42000,11:40:00,42017,11:40:17,10,3257,Washington Ave & N. Main Ave (03257),0,0,1,,,43142,11:59:02,,,43142,11:59:02,0,00:00:00,door not opened
07/06/2025,12,4124,Sunday,Sunday,East,15677254,42000,11:40:00,42017,11:40:17,9,1796,Washington Ave & N. Allen St (01796),0,0,1,43020.0,11:57:00,43114,11:58:34,43020.0,11:57:00,43114,11:58:34,0,00:00:00,door not opened
07/06/2025,12,4124,Sunday,Sunday,East,15677254,42000,11:40:00,42017,11:40:17,8,11581,Washington Ave & Manning Blvd (11581),0,0,1,,,43081,11:58:01,,,43081,11:58:01,0,00:00:00,door not opened
07/06/2025,12,4124,Sunday,Sunday,East,15677254,42000,11:40:00,42017,11:40:17,7,2180,Washington Ave & Homestead Ave (02180),0,0,1,,,43060,11:57:40,,,43060,11:57:40,0,00:00:00,door not opened
07/06/2025,12,4124,Sunday,Sunday,East,15677254,42000,11:40:00,42017,11:40:17,6,2182,Washington Ave & Hawthorne St (02182),0,0,1,,,43036,11:57:16,,,43036,11:57:16,0,00:00:00,door not opened
07/06/2025,12,4124,Sunday,Sunday,East,15677254,42000,11:40:00,42017,11:40:17,5,3304,Washington Ave & Clermont St (03304),0,1,1,,,42972,11:56:12,,,43009,11:56:49,37,00:00:37,doors opened
07/06/2025,12,4124,Sunday,Sunday,East,15677254,42000,11:40:00,42017,11:40:17,4,3348,Washington Ave & Brevator St (03348),0,0,2,,,42959,11:55:59,,,42959,11:55:59,0,00:00:00,door not opened
07/06/2025,12,4124,Sunday,Sunday,East,15677254,42000,11:40:00,42017,11:40:17,3,10134,Washington Ave & SUNY Exit Rd (10134),0,1,2,,,42794,11:53:14,,,42829,11:53:49,35,00:00:35,doors opened
07/06/2025,12,4124,Sunday,Sunday,East,15677254,42000,11:40:00,42017,11:40:17,2,7216,SUNY Collins Circle (07216),0,0,3,42600.0,11:50:00,42646,11:50:46,42600.0,11:50:00,42646,11:50:46,0,00:00:00,door not opened
07/06/2025,12,4124,Sunday,Sunday,East,15677254,42000,11:40:00,42017,11:40:17,1,12827,Crossgates Commons Station (12827),2,0,3,42360.0,11:46:00,42219,11:43:39,42360.0,11:46:00,42378,11:46:18,159,00:02:39,doors opened
07/06/2025,12,4124,Sunday,Sunday,East,15677254,42000,11:40:00,42017,11:40:17,0,7175,Crossgates Mall Station (07175),1,0,1,42000.0,11:40:00,42017,11:40:17,42000.0,11:40:00,42017,11:40:17,0,00:00:00,doors opened
07/06/2025,12,4124,Sunday,Sunday,West,15677257,44700,12:25:00,44713,12:25:13,27,7175,Crossgates Mall Station (07175),0,4,0,46920.0,13:02:00,46873,13:01:13,46920.0,13:02:00,46873,13:01:13,0,00:00:00,doors opened
07/06/2025,12,4124,Sunday,Sunday,West,15677257,44700,12:25:00,44713,12:25:13,26,12828,Crossgates Commons Station (12828),1,3,4,46500.0,12:55:00,46582,12:56:22,46500.0,12:55:00,46615,12:56:55,33,00:00:33,doors opened
07/06/2025,12,4124,Sunday,Sunday,West,15677257,44700,12:25:00,44713,12:25:13,25,12891,1475 Washington Ave (12891),0,0,6,,,46361,12:52:41,,,46361,12:52:41,0,00:00:00,door not opened
07/06/2025,12,4124,Sunday,Sunday,West,15677257,44700,12:25:00,44713,12:25:13,24,7216,SUNY Collins Circle (07216),0,0,6,46140.0,12:49:00,46226,12:50:26,46140.0,12:49:00,46226,12:50:26,0,00:00:00,door not opened
07/06/2025,12,4124,Sunday,Sunday,West,15677257,44700,12:25:00,44713,12:25:13,23,3262,1383 Washington Ave (Fairfield Inn) (03262),0,0,6,,,46120,12:48:40,,,46120,12:48:40,0,00:00:00,door not opened
07/06/2025,12,4124,Sunday,Sunday,West,15677257,44700,12:25:00,44713,12:25:13,22,976,Washington Ave & Brevator St (00976),0,0,6,,,45989,12:46:29,,,45989,12:46:29,0,00:00:00,door not opened
07/06/2025,12,4124,Sunday,Sunday,West,15677257,44700,12:25:00,44713,12:25:13,21,1959,Washington Ave & Colvin Ave (01959),0,1,6,,,45911,12:45:11,,,45952,12:45:52,41,00:00:41,doors opened
07/06/2025,12,4124,Sunday,Sunday,West,15677257,44700,12:25:00,44713,12:25:13,20,3399,Washington Ave & Danker Ave (03399),0,0,7,,,45884,12:44:44,,,45884,12:44:44,0,00:00:00,door not opened
07/06/2025,12,4124,Sunday,Sunday,West,15677257,44700,12:25:00,44713,12:25:13,19,1849,Washington Ave & Homestead Ave (01849),0,0,7,,,45860,12:44:20,,,45860,12:44:20,0,00:00:00,door not opened
07/06/2025,12,4124,Sunday,Sunday,West,15677257,44700,12:25:00,44713,12:25:13,18,1846,Washington Ave & Manning Blvd (01846),0,0,7,,,45837,12:43:57,,,45837,12:43:57,0,00:00:00,door not opened
07/06/2025,12,4124,Sunday,Sunday,West,15677257,44700,12:25:00,44713,12:25:13,17,3287,Washington Ave & N. Allen St (03287),0,0,7,45780.0,12:43:00,45758,12:42:38,45780.0,12:43:00,45758,12:42:38,0,00:00:00,door not opened
07/06/2025,12,4124,Sunday,Sunday,West,15677257,44700,12:25:00,44713,12:25:13,16,3264,Washington Ave & N. Main Ave (03264),0,1,7,,,45692,12:41:32,,,45722,12:42:02,30,00:00:30,doors opened
07/06/2025,12,4124,Sunday,Sunday,West,15677257,44700,12:25:00,44713,12:25:13,15,1839,Washington Ave & Partridge St (01839),1,0,8,,,45580,12:39:40,,,45600,12:40:00,20,00:00:20,doors opened
07/06/2025,12,4124,Sunday,Sunday,West,15677257,44700,12:25:00,44713,12:25:13,14,1841,Washington Ave & Ontario St (01841),2,0,7,45540.0,12:39:00,45524,12:38:44,45540.0,12:39:00,45551,12:39:11,27,00:00:27,doors opened
07/06/2025,12,4124,Sunday,Sunday,West,15677257,44700,12:25:00,44713,12:25:13,13,1842,Washington Ave & Quail St (01842),0,0,5,,,45499,12:38:19,,,45499,12:38:19,0,00:00:00,door not opened
07/06/2025,12,4124,Sunday,Sunday,West,15677257,44700,12:25:00,44713,12:25:13,12,1837,Washington Ave & N. Lake Ave (01837),1,0,5,,,45372,12:36:12,,,45432,12:37:12,60,00:01:00,doors opened
07/06/2025,12,4124,Sunday,Sunday,West,15677257,44700,12:25:00,44713,12:25:13,11,1843,Washington Ave & Robin St (01843),0,0,4,,,45340,12:35:40,,,45340,12:35:40,0,00:00:00,door not opened
07/06/2025,12,4124,Sunday,Sunday,West,15677257,44700,12:25:00,44713,12:25:13,10,12943,Washington Ave & Lexington Ave (12943),1,0,4,,,45286,12:34:46,,,45306,12:35:06,20,00:00:20,doors opened
07/06/2025,12,4124,Sunday,Sunday,West,15677257,44700,12:25:00,44713,12:25:13,9,12942,Washington Ave & Henry Johnson Blvd (12942),2,0,3,,,45219,12:33:39,,,45245,12:34:05,26,00:00:26,doors opened
07/06/2025,12,4124,Sunday,Sunday,West,15677257,44700,12:25:00,44713,12:25:13,8,3239,Lark/Library Station - Washington Ave & Lark St (03239),0,0,1,45180.0,12:33:00,45124,12:32:04,45180.0,12:33:00,45124,12:32:04,0,00:00:00,door not opened
07/06/2025,12,4124,Sunday,Sunday,West,15677257,44700,12:25:00,44713,12:25:13,7,3301,Washington Ave & S. Swan St (03301),0,0,1,,,44983,12:29:43,,,44983,12:29:43,0,00:00:00,door not opened
07/06/2025,12,4124,Sunday,Sunday,West,15677257,44700,12:25:00,44713,12:25:13,6,3250,Hawk/Capitol Station - Washington Ave & Hawk St (03250),0,0,1,,,44946,12:29:06,,,44946,12:29:06,0,00:00:00,door not opened
07/06/2025,12,4124,Sunday,Sunday,West,15677257,44700,12:25:00,44713,12:25:13,5,10087,State St & Eagle St (10087),0,0,1,,,44909,12:28:29,,,44909,12:28:29,0,00:00:00,door not opened
07/06/2025,12,4124,Sunday,Sunday,West,15677257,44700,12:25:00,44713,12:25:13,4,2665,State/Downtown Station - State St & Lodge St (02665),0,0,1,44940.0,12:29:00,44840,12:27:20,44940.0,12:29:00,44862,12:27:42,22,00:00:22,doors opened
07/06/2025,12,4124,Sunday,Sunday,West,15677257,44700,12:25:00,44713,12:25:13,3,3221,State Station - N. Pearl St & Ten Eyck Plaza (03221),0,0,1,,,44775,12:26:15,,,44807,12:26:47,32,00:00:32,doors opened
07/06/2025,12,4124,Sunday,Sunday,West,15677257,44700,12:25:00,44713,12:25:13,1,2168,Clinton Square Station - N. Pearl St & Clinton Ave (02168),0,0,1,,,44746,12:25:46,,,44746,12:25:46,0,00:00:00,door not opened
07/06/2025,12,4124,Sunday,Sunday,West,15677257,44700,12:25:00,44713,12:25:13,0,9018,Broadway & Orange St (09018),0,0,1,44700.0,12:25:00,44713,12:25:13,44700.0,12:25:00,44713,12:25:13,0,00:00:00,door not opened
07/06/2025,12,4124,Sunday,Sunday,East,15677272,60000,16:40:00,60003,16:40:03,10,3257,Washington Ave & N. Main Ave (03257),0,1,11,,,61092,16:58:12,,,61122,16:58:42,30,00:00:30,doors opened
07/06/2025,12,4124,Sunday,Sunday,East,15677272,60000,16:40:00,60003,16:40:03,9,1796,Washington Ave & N. Allen St (01796),0,0,12,61140.0,16:59:00,61064,16:57:44,61140.0,16:59:00,61064,16:57:44,0,00:00:00,door not opened
07/06/2025,12,4124,Sunday,Sunday,East,15677272,60000,16:40:00,60003,16:40:03,8,11581,Washington Ave & Manning Blvd (11581),0,0,12,,,61023,16:57:03,,,61023,16:57:03,0,00:00:00,door not opened
07/06/2025,12,4124,Sunday,Sunday,East,15677272,60000,16:40:00,60003,16:40:03,7,2180,Washington Ave & Homestead Ave (02180),1,0,12,,,60961,16:56:01,,,60995,16:56:35,34,00:00:34,doors opened
07/06/2025,12,4124,Sunday,Sunday,East,15677272,60000,16:40:00,60003,16:40:03,6,2182,Washington Ave & Hawthorne St (02182),0,0,11,,,60931,16:55:31,,,60931,16:55:31,0,00:00:00,door not opened
07/06/2025,12,4124,Sunday,Sunday,East,15677272,60000,16:40:00,60003,16:40:03,5,3304,Washington Ave & Clermont St (03304),0,0,11,,,60911,16:55:11,,,60911,16:55:11,0,00:00:00,door not opened
07/06/2025,12,4124,Sunday,Sunday,East,15677272,60000,16:40:00,60003,16:40:03,4,3348,Washington Ave & Brevator St (03348),0,0,11,,,60890,16:54:50,,,60890,16:54:50,0,00:00:00,door not opened
07/06/2025,12,4124,Sunday,Sunday,East,15677272,60000,16:40:00,60003,16:40:03,3,10134,Washington Ave & SUNY Exit Rd (10134),0,0,11,,,60758,16:52:38,,,60758,16:52:38,0,00:00:00,door not opened
07/06/2025,12,4124,Sunday,Sunday,East,15677272,60000,16:40:00,60003,16:40:03,2,7216,SUNY Collins Circle (07216),0,0,11,60720.0,16:52:00,60648,16:50:48,60720.0,16:52:00,60648,16:50:48,0,00:00:00,door not opened
07/06/2025,12,4124,Sunday,Sunday,East,15677272,60000,16:40:00,60003,16:40:03,1,12827,Crossgates Commons Station (12827),2,0,11,60420.0,16:47:00,60356,16:45:56,60420.0,16:47:00,60356,16:45:56,0,00:00:00,door not opened
07/06/2025,12,4124,Sunday,Sunday,East,15677272,60000,16:40:00,60003,16:40:03,0,7175,Crossgates Mall Station (07175),9,0,9,60000.0,16:40:00,60003,16:40:03,60000.0,16:40:00,60003,16:40:03,0,00:00:00,doors opened
07/06/2025,12,4124,Sunday,Sunday,East,15677272,60000,16:40:00,60003,16:40:03,24,3940,Broadway & Steuben St (03940),0,0,0,62160.0,17:16:00,61992,17:13:12,62160.0,17:16:00,61992,17:13:12,0,00:00:00,door not opened
07/06/2025,12,4124,Sunday,Sunday,East,15677272,60000,16:40:00,60003,16:40:03,23,2509,State/Downtown Station - State St & S. Pearl St (02509),0,1,0,61920.0,17:12:00,61874,17:11:14,61920.0,17:12:00,61889,17:11:29,15,00:00:15,doors opened
07/06/2025,12,4124,Sunday,Sunday,East,15677272,60000,16:40:00,60003,16:40:03,22,1787,State St & Eagle St (01787),0,0,1,,,61844,17:10:44,,,61844,17:10:44,0,00:00:00,door not opened
07/06/2025,12,4124,Sunday,Sunday,East,15677272,60000,16:40:00,60003,16:40:03,21,2706,Hawk/Capitol Station - Washington Ave & Hawk St (02706),0,0,1,,,61756,17:09:16,,,61756,17:09:16,0,00:00:00,door not opened
07/06/2025,12,4124,Sunday,Sunday,East,15677272,60000,16:40:00,60003,16:40:03,20,1789,Washington Ave & S. Swan St (01789),0,0,1,,,61734,17:08:54,,,61734,17:08:54,0,00:00:00,door not opened
07/06/2025,12,4124,Sunday,Sunday,East,15677272,60000,16:40:00,60003,16:40:03,19,1788,Washington Ave & Dove St (01788),0,0,1,,,61673,17:07:53,,,61673,17:07:53,0,00:00:00,door not opened
07/06/2025,12,4124,Sunday,Sunday,East,15677272,60000,16:40:00,60003,16:40:03,18,2663,Lark/Library Station - Washington Ave & Lark St (02663),0,0,1,61620.0,17:07:00,61652,17:07:32,61620.0,17:07:00,61652,17:07:32,0,00:00:00,door not opened
07/06/2025,12,4124,Sunday,Sunday,East,15677272,60000,16:40:00,60003,16:40:03,17,263,Washington Ave & Henry Johnson Blvd (00263),0,1,1,,,61519,17:05:19,,,61551,17:05:51,32,00:00:32,doors opened
07/06/2025,12,4124,Sunday,Sunday,East,15677272,60000,16:40:00,60003,16:40:03,16,2096,Washington Ave & Lexington Ave (02096),0,0,2,,,61490,17:04:50,,,61490,17:04:50,0,00:00:00,door not opened
07/06/2025,12,4124,Sunday,Sunday,East,15677272,60000,16:40:00,60003,16:40:03,15,3253,Washington Ave & Robin St (Draper Hall) (03253),0,0,2,,,61407,17:03:27,,,61407,17:03:27,0,00:00:00,door not opened
07/06/2025,12,4124,Sunday,Sunday,East,15677272,60000,16:40:00,60003,16:40:03,14,2109,Washington Ave & N. Lake Ave (02109),1,0,2,,,61340,17:02:20,,,61356,17:02:36,16,00:00:16,doors opened
07/06/2025,12,4124,Sunday,Sunday,East,15677272,60000,16:40:00,60003,16:40:03,13,3255,Washington Ave & Quail St (03255),0,6,1,,,61275,17:01:15,,,61311,17:01:51,36,00:00:36,doors opened
07/06/2025,12,4124,Sunday,Sunday,East,15677272,60000,16:40:00,60003,16:40:03,12,3256,Washington Ave & Ontario St (03256),0,4,7,61260.0,17:01:00,61230,17:00:30,61260.0,17:01:00,61251,17:00:51,21,00:00:21,doors opened
07/06/2025,12,4124,Sunday,Sunday,East,15677272,60000,16:40:00,60003,16:40:03,11,2107,Washington Ave & Partridge St (02107),0,0,11,,,61203,17:00:03,,,61203,17:00:03,0,00:00:00,door not opened
07/06/2025,12,4124,Sunday,Sunday,West,15677275,62700,17:25:00,62717,17:25:17,20,3399,Washington Ave & Danker Ave (03399),0,0,15,,,63927,17:45:27,,,63927,17:45:27,0,00:00:00,door not opened
07/06/2025,12,4124,Sunday,Sunday,West,15677275,62700,17:25:00,62717,17:25:17,19,1849,Washington Ave & Homestead Ave (01849),0,2,15,,,63875,17:44:35,,,63905,17:45:05,30,00:00:30,doors opened
07/06/2025,12,4124,Sunday,Sunday,West,15677275,62700,17:25:00,62717,17:25:17,18,1846,Washington Ave & Manning Blvd (01846),0,0,17,,,63853,17:44:13,,,63853,17:44:13,0,00:00:00,door not opened
07/06/2025,12,4124,Sunday,Sunday,West,15677275,62700,17:25:00,62717,17:25:17,17,3287,Washington Ave & N. Allen St (03287),0,1,17,63780.0,17:43:00,63804,17:43:24,63780.0,17:43:00,63821,17:43:41,17,00:00:17,doors opened
07/06/2025,12,4124,Sunday,Sunday,West,15677275,62700,17:25:00,62717,17:25:17,16,3264,Washington Ave & N. Main Ave (03264),1,0,18,,,63749,17:42:29,,,63767,17:42:47,18,00:00:18,doors opened
07/06/2025,12,4124,Sunday,Sunday,West,15677275,62700,17:25:00,62717,17:25:17,15,1839,Washington Ave & Partridge St (01839),1,0,17,,,63659,17:40:59,,,63687,17:41:27,28,00:00:28,doors opened
07/06/2025,12,4124,Sunday,Sunday,West,15677275,62700,17:25:00,62717,17:25:17,14,1841,Washington Ave & Ontario St (01841),1,1,16,63540.0,17:39:00,63616,17:40:16,63540.0,17:39:00,63635,17:40:35,19,00:00:19,doors opened
07/06/2025,12,4124,Sunday,Sunday,West,15677275,62700,17:25:00,62717,17:25:17,13,1842,Washington Ave & Quail St (01842),7,0,16,,,63530,17:38:50,,,63590,17:39:50,60,00:01:00,doors opened
07/06/2025,12,4124,Sunday,Sunday,West,15677275,62700,17:25:00,62717,17:25:17,12,1837,Washington Ave & N. Lake Ave (01837),0,0,9,,,63502,17:38:22,,,63502,17:38:22,0,00:00:00,door not opened
07/06/2025,12,4124,Sunday,Sunday,West,15677275,62700,17:25:00,62717,17:25:17,11,1843,Washington Ave & Robin St (01843),0,0,9,,,63463,17:37:43,,,63463,17:37:43,0,00:00:00,door not opened
07/06/2025,12,4124,Sunday,Sunday,West,15677275,62700,17:25:00,62717,17:25:17,10,12943,Washington Ave & Lexington Ave (12943),3,0,9,,,63410,17:36:50,,,63439,17:37:19,29,00:00:29,doors opened
07/06/2025,12,4124,Sunday,Sunday,West,15677275,62700,17:25:00,62717,17:25:17,9,12942,Washington Ave & Henry Johnson Blvd (12942),0,2,6,,,63353,17:35:53,,,63366,17:36:06,13,00:00:13,doors opened
07/06/2025,12,4124,Sunday,Sunday,West,15677275,62700,17:25:00,62717,17:25:17,8,3239,Lark/Library Station - Washington Ave & Lark St (03239),1,1,8,63180.0,17:33:00,63246,17:34:06,63180.0,17:33:00,63313,17:35:13,67,00:01:07,doors opened
07/06/2025,12,4124,Sunday,Sunday,West,15677275,62700,17:25:00,62717,17:25:17,26,12828,Crossgates Commons Station (12828),0,15,0,64500.0,17:55:00,64560,17:56:00,64500.0,17:55:00,64560,17:56:00,0,00:00:00,doors opened
07/06/2025,12,4124,Sunday,Sunday,West,15677275,62700,17:25:00,62717,17:25:17,25,12891,1475 Washington Ave (12891),0,1,15,,,64367,17:52:47,,,64379,17:52:59,12,00:00:12,doors opened
07/06/2025,12,4124,Sunday,Sunday,West,15677275,62700,17:25:00,62717,17:25:17,24,7216,SUNY Collins Circle (07216),2,1,16,64140.0,17:49:00,64239,17:50:39,64140.0,17:49:00,64260,17:51:00,21,00:00:21,doors opened
07/06/2025,12,4124,Sunday,Sunday,West,15677275,62700,17:25:00,62717,17:25:17,23,3262,1383 Washington Ave (Fairfield Inn) (03262),1,1,15,,,64123,17:48:43,,,64142,17:49:02,19,00:00:19,doors opened
07/06/2025,12,4124,Sunday,Sunday,West,15677275,62700,17:25:00,62717,17:25:17,22,976,Washington Ave & Brevator St (00976),0,0,15,,,63990,17:46:30,,,63990,17:46:30,0,00:00:00,door not opened
07/06/2025,12,4124,Sunday,Sunday,West,15677275,62700,17:25:00,62717,17:25:17,21,1959,Washington Ave & Colvin Ave (01959),1,1,15,,,63951,17:45:51,,,63967,17:46:07,16,00:00:16,doors opened
07/06/2025,12,4124,Sunday,Sunday,West,15677275,62700,17:25:00,62717,17:25:17,7,3301,Washington Ave & S. Swan St (03301),1,0,8,,,63174,17:32:54,,,63205,17:33:25,31,00:00:31,doors opened
07/06/2025,12,4124,Sunday,Sunday,West,15677275,62700,17:25:00,62717,17:25:17,6,3250,Hawk/Capitol Station - Washington Ave & Hawk St (03250),0,0,7,,,63150,17:32:30,,,63150,17:32:30,0,00:00:00,door not opened
07/06/2025,12,4124,Sunday,Sunday,West,15677275,62700,17:25:00,62717,17:25:17,5,10087,State St & Eagle St (10087),0,0,7,,,63126,17:32:06,,,63126,17:32:06,0,00:00:00,door not opened
07/06/2025,12,4124,Sunday,Sunday,West,15677275,62700,17:25:00,62717,17:25:17,4,2665,State/Downtown Station - State St & Lodge St (02665),4,0,7,62940.0,17:29:00,62975,17:29:35,62940.0,17:29:00,63009,17:30:09,34,00:00:34,doors opened
07/06/2025,12,4124,Sunday,Sunday,West,15677275,62700,17:25:00,62717,17:25:17,3,3221,State Station - N. Pearl St & Ten Eyck Plaza (03221),2,0,3,,,62865,17:27:45,,,62948,17:29:08,83,00:01:23,doors opened
07/06/2025,12,4124,Sunday,Sunday,West,15677275,62700,17:25:00,62717,17:25:17,2,3233,N. Pearl St & Sheridan Ave (03233),0,0,1,,,62827,17:27:07,,,62827,17:27:07,0,00:00:00,door not opened
07/06/2025,12,4124,Sunday,Sunday,West,15677275,62700,17:25:00,62717,17:25:17,1,2168,Clinton Square Station - N. Pearl St & Clinton Ave (02168),0,0,1,,,62815,17:26:55,,,62815,17:26:55,0,00:00:00,door not opened
07/06/2025,12,4124,Sunday,Sunday,West,15677275,62700,17:25:00,62717,17:25:17,0,9018,Broadway & Orange St (09018),0,0,1,62700.0,17:25:00,62717,17:25:17,62700.0,17:25:00,62717,17:25:17,0,00:00:00,door not opened
07/06/2025,12,4104,Sunday,Sunday,West,15677190,59100,16:25:00,59533,16:32:13,4,2665,State/Downtown Station - State St & Lodge St (02665),4,0,4,59340.0,16:29:00,59643,16:34:03,59340.0,16:29:00,59680,16:34:40,37,00:00:37,doors opened
07/06/2025,12,4104,Sunday,Sunday,West,15677190,59100,16:25:00,59533,16:32:13,0,9018,Broadway & Orange St (09018),0,0,0,59100.0,16:25:00,59533,16:32:13,59100.0,16:25:00,59533,16:32:13,0,00:00:00,door not opened
07/06/2025,12,4104,Sunday,Sunday,West,15677190,59100,16:25:00,59533,16:32:13,27,7175,Crossgates Mall Station (07175),0,12,0,61320.0,17:02:00,61592,17:06:32,61320.0,17:02:00,61592,17:06:32,0,00:00:00,doors opened
07/06/2025,12,4104,Sunday,Sunday,West,15677190,59100,16:25:00,59533,16:32:13,26,12828,Crossgates Commons Station (12828),7,19,12,60900.0,16:55:00,61303,17:01:43,60900.0,16:55:00,61372,17:02:52,69,00:01:09,doors opened
07/06/2025,12,4104,Sunday,Sunday,West,15677190,59100,16:25:00,59533,16:32:13,25,12891,1475 Washington Ave (12891),0,1,24,,,61093,16:58:13,,,61102,16:58:22,9,00:00:09,doors opened
07/06/2025,12,4104,Sunday,Sunday,West,15677190,59100,16:25:00,59533,16:32:13,24,7216,SUNY Collins Circle (07216),1,1,25,60540.0,16:49:00,60984,16:56:24,60540.0,16:49:00,61002,16:56:42,18,00:00:18,doors opened
07/06/2025,12,4104,Sunday,Sunday,West,15677190,59100,16:25:00,59533,16:32:13,23,3262,1383 Washington Ave (Fairfield Inn) (03262),0,1,25,,,60884,16:54:44,,,60898,16:54:58,14,00:00:14,doors opened
07/06/2025,12,4104,Sunday,Sunday,West,15677190,59100,16:25:00,59533,16:32:13,22,976,Washington Ave & Brevator St (00976),0,0,26,,,60760,16:52:40,,,60760,16:52:40,0,00:00:00,door not opened
07/06/2025,12,4104,Sunday,Sunday,West,15677190,59100,16:25:00,59533,16:32:13,21,1959,Washington Ave & Colvin Ave (01959),0,0,26,,,60741,16:52:21,,,60741,16:52:21,0,00:00:00,door not opened
07/06/2025,12,4104,Sunday,Sunday,West,15677190,59100,16:25:00,59533,16:32:13,20,3399,Washington Ave & Danker Ave (03399),0,0,26,,,60697,16:51:37,,,60697,16:51:37,0,00:00:00,door not opened
07/06/2025,12,4104,Sunday,Sunday,West,15677190,59100,16:25:00,59533,16:32:13,19,1849,Washington Ave & Homestead Ave (01849),0,0,26,,,60678,16:51:18,,,60678,16:51:18,0,00:00:00,door not opened
07/06/2025,12,4104,Sunday,Sunday,West,15677190,59100,16:25:00,59533,16:32:13,18,1846,Washington Ave & Manning Blvd (01846),0,0,26,,,60658,16:50:58,,,60658,16:50:58,0,00:00:00,door not opened
07/06/2025,12,4104,Sunday,Sunday,West,15677190,59100,16:25:00,59533,16:32:13,17,3287,Washington Ave & N. Allen St (03287),4,0,26,60180.0,16:43:00,60557,16:49:17,60180.0,16:43:00,60581,16:49:41,24,00:00:24,doors opened
07/06/2025,12,4104,Sunday,Sunday,West,15677190,59100,16:25:00,59533,16:32:13,16,3264,Washington Ave & N. Main Ave (03264),1,0,22,,,60499,16:48:19,,,60523,16:48:43,24,00:00:24,doors opened
07/06/2025,12,4104,Sunday,Sunday,West,15677190,59100,16:25:00,59533,16:32:13,15,1839,Washington Ave & Partridge St (01839),0,0,21,,,60418,16:46:58,,,60418,16:46:58,0,00:00:00,door not opened
07/06/2025,12,4104,Sunday,Sunday,West,15677190,59100,16:25:00,59533,16:32:13,14,1841,Washington Ave & Ontario St (01841),0,0,21,59940.0,16:39:00,60398,16:46:38,59940.0,16:39:00,60398,16:46:38,0,00:00:00,door not opened
07/06/2025,12,4104,Sunday,Sunday,West,15677190,59100,16:25:00,59533,16:32:13,13,1842,Washington Ave & Quail St (01842),1,0,21,,,60287,16:44:47,,,60350,16:45:50,63,00:01:03,doors opened
07/06/2025,12,4104,Sunday,Sunday,West,15677190,59100,16:25:00,59533,16:32:13,12,1837,Washington Ave & N. Lake Ave (01837),0,0,20,,,60260,16:44:20,,,60260,16:44:20,0,00:00:00,door not opened
07/06/2025,12,4104,Sunday,Sunday,West,15677190,59100,16:25:00,59533,16:32:13,11,1843,Washington Ave & Robin St (01843),0,1,20,,,60205,16:43:25,,,60220,16:43:40,15,00:00:15,doors opened
07/06/2025,12,4104,Sunday,Sunday,West,15677190,59100,16:25:00,59533,16:32:13,10,12943,Washington Ave & Lexington Ave (12943),1,0,21,,,60162,16:42:42,,,60176,16:42:56,14,00:00:14,doors opened
07/06/2025,12,4104,Sunday,Sunday,West,15677190,59100,16:25:00,59533,16:32:13,9,12942,Washington Ave & Henry Johnson Blvd (12942),0,0,20,,,60107,16:41:47,,,60107,16:41:47,0,00:00:00,door not opened
07/06/2025,12,4104,Sunday,Sunday,West,15677190,59100,16:25:00,59533,16:32:13,8,3239,Lark/Library Station - Washington Ave & Lark St (03239),10,0,20,59580.0,16:33:00,59965,16:39:25,59580.0,16:33:00,60019,16:40:19,54,00:00:54,doors opened
07/06/2025,12,4104,Sunday,Sunday,West,15677190,59100,16:25:00,59533,16:32:13,7,3301,Washington Ave & S. Swan St (03301),0,0,10,,,59905,16:38:25,,,59905,16:38:25,0,00:00:00,door not opened
07/06/2025,12,4104,Sunday,Sunday,West,15677190,59100,16:25:00,59533,16:32:13,6,3250,Hawk/Capitol Station - Washington Ave & Hawk St (03250),6,0,10,,,59786,16:36:26,,,59884,16:38:04,98,00:01:38,doors opened
07/06/2025,12,4104,Sunday,Sunday,West,15677190,59100,16:25:00,59533,16:32:13,5,10087,State St & Eagle St (10087),0,0,4,,,59761,16:36:01,,,59761,16:36:01,0,00:00:00,door not opened
07/06/2025,12,4104,Sunday,Sunday,East,15677181,50400,14:00:00,50554,14:02:34,24,3940,Broadway & Steuben St (03940),0,0,0,52560.0,14:36:00,52636,14:37:16,52560.0,14:36:00,52636,14:37:16,0,00:00:00,door not opened
07/06/2025,12,4104,Sunday,Sunday,East,15677181,50400,14:00:00,50554,14:02:34,23,2509,State/Downtown Station - State St & S. Pearl St (02509),0,3,0,52320.0,14:32:00,52506,14:35:06,52320.0,14:32:00,52547,14:35:47,41,00:00:41,doors opened
07/06/2025,12,4104,Sunday,Sunday,East,15677181,50400,14:00:00,50554,14:02:34,22,1787,State St & Eagle St (01787),0,0,3,,,52488,14:34:48,,,52488,14:34:48,0,00:00:00,door not opened
07/06/2025,12,4104,Sunday,Sunday,East,15677181,50400,14:00:00,50554,14:02:34,21,2706,Hawk/Capitol Station - Washington Ave & Hawk St (02706),0,0,3,,,52451,14:34:11,,,52451,14:34:11,0,00:00:00,door not opened
07/06/2025,12,4104,Sunday,Sunday,East,15677181,50400,14:00:00,50554,14:02:34,20,1789,Washington Ave & S. Swan St (01789),0,0,3,,,52427,14:33:47,,,52427,14:33:47,0,00:00:00,door not opened
07/06/2025,12,4104,Sunday,Sunday,East,15677181,50400,14:00:00,50554,14:02:34,19,1788,Washington Ave & Dove St (01788),0,0,3,,,52402,14:33:22,,,52402,14:33:22,0,00:00:00,door not opened
07/06/2025,12,4104,Sunday,Sunday,East,15677181,50400,14:00:00,50554,14:02:34,18,2663,Lark/Library Station - Washington Ave & Lark St (02663),0,2,3,52020.0,14:27:00,52351,14:32:31,52020.0,14:27:00,52380,14:33:00,29,00:00:29,doors opened
07/06/2025,12,4104,Sunday,Sunday,East,15677181,50400,14:00:00,50554,14:02:34,17,263,Washington Ave & Henry Johnson Blvd (00263),0,1,5,,,52307,14:31:47,,,52318,14:31:58,11,00:00:11,doors opened
07/06/2025,12,4104,Sunday,Sunday,East,15677181,50400,14:00:00,50554,14:02:34,16,2096,Washington Ave & Lexington Ave (02096),0,1,6,,,52159,14:29:19,,,52277,14:31:17,118,00:01:58,doors opened
07/06/2025,12,4104,Sunday,Sunday,East,15677181,50400,14:00:00,50554,14:02:34,15,3253,Washington Ave & Robin St (Draper Hall) (03253),3,3,7,,,52055,14:27:35,,,52136,14:28:56,81,00:01:21,doors opened
07/06/2025,12,4104,Sunday,Sunday,East,15677181,50400,14:00:00,50554,14:02:34,14,2109,Washington Ave & N. Lake Ave (02109),1,1,7,,,52008,14:26:48,,,52032,14:27:12,24,00:00:24,doors opened
07/06/2025,12,4104,Sunday,Sunday,East,15677181,50400,14:00:00,50554,14:02:34,13,3255,Washington Ave & Quail St (03255),1,4,7,,,51888,14:24:48,,,51980,14:26:20,92,00:01:32,doors opened
07/06/2025,12,4104,Sunday,Sunday,East,15677181,50400,14:00:00,50554,14:02:34,12,3256,Washington Ave & Ontario St (03256),0,1,10,51660.0,14:21:00,51852,14:24:12,51660.0,14:21:00,51865,14:24:25,13,00:00:13,doors opened
07/06/2025,12,4104,Sunday,Sunday,East,15677181,50400,14:00:00,50554,14:02:34,11,2107,Washington Ave & Partridge St (02107),0,0,11,,,51833,14:23:53,,,51833,14:23:53,0,00:00:00,door not opened
07/06/2025,12,4104,Sunday,Sunday,East,15677181,50400,14:00:00,50554,14:02:34,10,3257,Washington Ave & N. Main Ave (03257),0,0,11,,,51778,14:22:58,,,51778,14:22:58,0,00:00:00,door not opened
07/06/2025,12,4104,Sunday,Sunday,East,15677181,50400,14:00:00,50554,14:02:34,9,1796,Washington Ave & N. Allen St (01796),0,0,11,51540.0,14:19:00,51705,14:21:45,51540.0,14:19:00,51705,14:21:45,0,00:00:00,door not opened
07/06/2025,12,4104,Sunday,Sunday,East,15677181,50400,14:00:00,50554,14:02:34,8,11581,Washington Ave & Manning Blvd (11581),0,0,11,,,51657,14:20:57,,,51657,14:20:57,0,00:00:00,door not opened
07/06/2025,12,4104,Sunday,Sunday,East,15677181,50400,14:00:00,50554,14:02:34,7,2180,Washington Ave & Homestead Ave (02180),0,1,11,,,51616,14:20:16,,,51630,14:20:30,14,00:00:14,doors opened
07/06/2025,12,4104,Sunday,Sunday,East,15677181,50400,14:00:00,50554,14:02:34,6,2182,Washington Ave & Hawthorne St (02182),0,0,12,,,51591,14:19:51,,,51591,14:19:51,0,00:00:00,door not opened
07/06/2025,12,4104,Sunday,Sunday,East,15677181,50400,14:00:00,50554,14:02:34,5,3304,Washington Ave & Clermont St (03304),0,0,12,,,51553,14:19:13,,,51553,14:19:13,0,00:00:00,door not opened
07/06/2025,12,4104,Sunday,Sunday,East,15677181,50400,14:00:00,50554,14:02:34,4,3348,Washington Ave & Brevator St (03348),1,0,12,,,51516,14:18:36,,,51528,14:18:48,12,00:00:12,doors opened
07/06/2025,12,4104,Sunday,Sunday,East,15677181,50400,14:00:00,50554,14:02:34,3,10134,Washington Ave & SUNY Exit Rd (10134),1,0,11,,,51368,14:16:08,,,51392,14:16:32,24,00:00:24,doors opened
07/06/2025,12,4104,Sunday,Sunday,East,15677181,50400,14:00:00,50554,14:02:34,2,7216,SUNY Collins Circle (07216),0,0,10,51120.0,14:12:00,51277,14:14:37,51120.0,14:12:00,51277,14:14:37,0,00:00:00,door not opened
07/06/2025,12,4104,Sunday,Sunday,East,15677181,50400,14:00:00,50554,14:02:34,1,12827,Crossgates Commons Station (12827),14,4,10,50820.0,14:07:00,50737,14:05:37,50820.0,14:07:00,50999,14:09:59,262,00:04:22,doors opened
07/06/2025,12,4104,Sunday,Sunday,East,15677181,50400,14:00:00,50554,14:02:34,0,7175,Crossgates Mall Station (07175),0,0,0,50400.0,14:00:00,50554,14:02:34,50400.0,14:00:00,50554,14:02:34,0,00:00:00,door not opened
07/06/2025,12,4104,Sunday,Sunday,West,15677184,53100,14:45:00,53306,14:48:26,27,7175,Crossgates Mall Station (07175),0,11,0,55320.0,15:22:00,55727,15:28:47,55320.0,15:22:00,55727,15:28:47,0,00:00:00,doors opened
07/06/2025,12,4104,Sunday,Sunday,West,15677184,53100,14:45:00,53306,14:48:26,26,12828,Crossgates Commons Station (12828),1,11,11,54900.0,15:15:00,55285,15:21:25,54900.0,15:15:00,55436,15:23:56,151,00:02:31,doors opened
07/06/2025,12,4104,Sunday,Sunday,West,15677184,53100,14:45:00,53306,14:48:26,25,12891,1475 Washington Ave (12891),0,0,21,,,55094,15:18:14,,,55105,15:18:25,11,00:00:11,doors opened
07/06/2025,12,4104,Sunday,Sunday,West,15677184,53100,14:45:00,53306,14:48:26,24,7216,SUNY Collins Circle (07216),0,1,21,54540.0,15:09:00,54986,15:16:26,54540.0,15:09:00,55000,15:16:40,14,00:00:14,doors opened
07/06/2025,12,4104,Sunday,Sunday,West,15677184,53100,14:45:00,53306,14:48:26,23,3262,1383 Washington Ave (Fairfield Inn) (03262),0,1,22,,,54884,15:14:44,,,54900,15:15:00,16,00:00:16,doors opened
07/06/2025,12,4104,Sunday,Sunday,West,15677184,53100,14:45:00,53306,14:48:26,22,976,Washington Ave & Brevator St (00976),0,0,23,,,54761,15:12:41,,,54761,15:12:41,0,00:00:00,door not opened
07/06/2025,12,4104,Sunday,Sunday,West,15677184,53100,14:45:00,53306,14:48:26,21,1959,Washington Ave & Colvin Ave (01959),1,0,23,,,54684,15:11:24,,,54740,15:12:20,56,00:00:56,doors opened
07/06/2025,12,4104,Sunday,Sunday,West,15677184,53100,14:45:00,53306,14:48:26,20,3399,Washington Ave & Danker Ave (03399),0,0,22,,,54661,15:11:01,,,54661,15:11:01,0,00:00:00,door not opened
07/06/2025,12,4104,Sunday,Sunday,West,15677184,53100,14:45:00,53306,14:48:26,19,1849,Washington Ave & Homestead Ave (01849),1,0,22,,,54621,15:10:21,,,54637,15:10:37,16,00:00:16,doors opened
07/06/2025,12,4104,Sunday,Sunday,West,15677184,53100,14:45:00,53306,14:48:26,18,1846,Washington Ave & Manning Blvd (01846),1,0,21,,,54549,15:09:09,,,54598,15:09:58,49,00:00:49,doors opened
07/06/2025,12,4104,Sunday,Sunday,West,15677184,53100,14:45:00,53306,14:48:26,17,3287,Washington Ave & N. Allen St (03287),1,4,20,54180.0,15:03:00,54496,15:08:16,54180.0,15:03:00,54516,15:08:36,20,00:00:20,doors opened
07/06/2025,12,4104,Sunday,Sunday,West,15677184,53100,14:45:00,53306,14:48:26,16,3264,Washington Ave & N. Main Ave (03264),0,2,23,,,54423,15:07:03,,,54464,15:07:44,41,00:00:41,doors opened
07/06/2025,12,4104,Sunday,Sunday,West,15677184,53100,14:45:00,53306,14:48:26,15,1839,Washington Ave & Partridge St (01839),2,0,25,,,54332,15:05:32,,,54359,15:05:59,27,00:00:27,doors opened
07/06/2025,12,4104,Sunday,Sunday,West,15677184,53100,14:45:00,53306,14:48:26,14,1841,Washington Ave & Ontario St (01841),0,0,23,53940.0,14:59:00,54313,15:05:13,53940.0,14:59:00,54313,15:05:13,0,00:00:00,door not opened
07/06/2025,12,4104,Sunday,Sunday,West,15677184,53100,14:45:00,53306,14:48:26,13,1842,Washington Ave & Quail St (01842),8,0,23,,,54226,15:03:46,,,54291,15:04:51,65,00:01:05,doors opened
07/06/2025,12,4104,Sunday,Sunday,West,15677184,53100,14:45:00,53306,14:48:26,12,1837,Washington Ave & N. Lake Ave (01837),0,1,15,,,54148,15:02:28,,,54203,15:03:23,55,00:00:55,doors opened
07/06/2025,12,4104,Sunday,Sunday,West,15677184,53100,14:45:00,53306,14:48:26,11,1843,Washington Ave & Robin St (01843),0,0,16,,,54111,15:01:51,,,54126,15:02:06,15,00:00:15,doors opened
07/06/2025,12,4104,Sunday,Sunday,West,15677184,53100,14:45:00,53306,14:48:26,10,12943,Washington Ave & Lexington Ave (12943),0,0,16,,,54087,15:01:27,,,54087,15:01:27,0,00:00:00,door not opened
07/06/2025,12,4104,Sunday,Sunday,West,15677184,53100,14:45:00,53306,14:48:26,9,12942,Washington Ave & Henry Johnson Blvd (12942),2,0,16,,,54022,15:00:22,,,54048,15:00:48,26,00:00:26,doors opened
07/06/2025,12,4104,Sunday,Sunday,West,15677184,53100,14:45:00,53306,14:48:26,8,3239,Lark/Library Station - Washington Ave & Lark St (03239),7,0,14,53580.0,14:53:00,53851,14:57:31,53580.0,14:53:00,53986,14:59:46,135,00:02:15,doors opened
07/06/2025,12,4104,Sunday,Sunday,West,15677184,53100,14:45:00,53306,14:48:26,7,3301,Washington Ave & S. Swan St (03301),0,0,7,,,53817,14:56:57,,,53817,14:56:57,0,00:00:00,door not opened
07/06/2025,12,4104,Sunday,Sunday,West,15677184,53100,14:45:00,53306,14:48:26,6,3250,Hawk/Capitol Station - Washington Ave & Hawk St (03250),0,0,7,,,53775,14:56:15,,,53775,14:56:15,0,00:00:00,door not opened
07/06/2025,12,4104,Sunday,Sunday,West,15677184,53100,14:45:00,53306,14:48:26,5,10087,State St & Eagle St (10087),0,0,7,,,53751,14:55:51,,,53751,14:55:51,0,00:00:00,door not opened
07/06/2025,12,4104,Sunday,Sunday,West,15677184,53100,14:45:00,53306,14:48:26,4,2665,State/Downtown Station - State St & Lodge St (02665),2,0,7,53340.0,14:49:00,53661,14:54:21,53340.0,14:49:00,53680,14:54:40,19,00:00:19,doors opened
07/06/2025,12,4104,Sunday,Sunday,West,15677184,53100,14:45:00,53306,14:48:26,3,3221,State Station - N. Pearl St & Ten Eyck Plaza (03221),4,0,5,,,53559,14:52:39,,,53639,14:53:59,80,00:01:20,doors opened
07/06/2025,12,4104,Sunday,Sunday,West,15677184,53100,14:45:00,53306,14:48:26,2,3233,N. Pearl St & Sheridan Ave (03233),0,0,1,,,53529,14:52:09,,,53529,14:52:09,0,00:00:00,door not opened
07/06/2025,12,4104,Sunday,Sunday,West,15677184,53100,14:45:00,53306,14:48:26,1,2168,Clinton Square Station - N. Pearl St & Clinton Ave (02168),2,1,1,,,53358,14:49:18,,,53514,14:51:54,156,00:02:36,doors opened
07/06/2025,12,4104,Sunday,Sunday,West,15677184,53100,14:45:00,53306,14:48:26,0,9018,Broadway & Orange St (09018),0,0,0,53100.0,14:45:00,53306,14:48:26,53100.0,14:45:00,53306,14:48:26,0,00:00:00,door not opened
07/06/2025,12,4104,Sunday,Sunday,East,15677187,56400,15:40:00,56614,15:43:34,24,3940,Broadway & Steuben St (03940),1,1,0,58560.0,16:16:00,59382,16:29:42,58560.0,16:16:00,59382,16:29:42,0,00:00:00,door not opened
07/06/2025,12,4104,Sunday,Sunday,East,15677187,56400,15:40:00,56614,15:43:34,23,2509,State/Downtown Station - State St & S. Pearl St (02509),1,3,0,58320.0,16:12:00,58364,16:12:44,58320.0,16:12:00,58381,16:13:01,17,00:00:17,doors opened
07/06/2025,12,4104,Sunday,Sunday,East,15677187,56400,15:40:00,56614,15:43:34,22,1787,State St & Eagle St (01787),0,0,2,,,58346,16:12:26,,,58346,16:12:26,0,00:00:00,door not opened
07/06/2025,12,4104,Sunday,Sunday,East,15677187,56400,15:40:00,56614,15:43:34,21,2706,Hawk/Capitol Station - Washington Ave & Hawk St (02706),0,0,2,,,58306,16:11:46,,,58306,16:11:46,0,00:00:00,door not opened
07/06/2025,12,4104,Sunday,Sunday,East,15677187,56400,15:40:00,56614,15:43:34,20,1789,Washington Ave & S. Swan St (01789),1,0,2,,,58231,16:10:31,,,58283,16:11:23,52,00:00:52,doors opened
07/06/2025,12,4104,Sunday,Sunday,East,15677187,56400,15:40:00,56614,15:43:34,19,1788,Washington Ave & Dove St (01788),0,0,1,,,58207,16:10:07,,,58207,16:10:07,0,00:00:00,door not opened
07/06/2025,12,4104,Sunday,Sunday,East,15677187,56400,15:40:00,56614,15:43:34,18,2663,Lark/Library Station - Washington Ave & Lark St (02663),0,0,1,58020.0,16:07:00,58187,16:09:47,58020.0,16:07:00,58187,16:09:47,0,00:00:00,door not opened
07/06/2025,12,4104,Sunday,Sunday,East,15677187,56400,15:40:00,56614,15:43:34,17,263,Washington Ave & Henry Johnson Blvd (00263),0,0,1,,,58100,16:08:20,,,58100,16:08:20,0,00:00:00,door not opened
07/06/2025,12,4104,Sunday,Sunday,East,15677187,56400,15:40:00,56614,15:43:34,16,2096,Washington Ave & Lexington Ave (02096),0,1,1,,,57969,16:06:09,,,58072,16:07:52,103,00:01:43,doors opened
07/06/2025,12,4104,Sunday,Sunday,East,15677187,56400,15:40:00,56614,15:43:34,15,3253,Washington Ave & Robin St (Draper Hall) (03253),0,0,2,,,57947,16:05:47,,,57947,16:05:47,0,00:00:00,door not opened
07/06/2025,12,4104,Sunday,Sunday,East,15677187,56400,15:40:00,56614,15:43:34,14,2109,Washington Ave & N. Lake Ave (02109),0,0,2,,,57922,16:05:22,,,57922,16:05:22,0,00:00:00,door not opened
07/06/2025,12,4104,Sunday,Sunday,East,15677187,56400,15:40:00,56614,15:43:34,13,3255,Washington Ave & Quail St (03255),2,10,2,,,57842,16:04:02,,,57891,16:04:51,49,00:00:49,doors opened
07/06/2025,12,4104,Sunday,Sunday,East,15677187,56400,15:40:00,56614,15:43:34,12,3256,Washington Ave & Ontario St (03256),0,2,10,57660.0,16:01:00,57805,16:03:25,57660.0,16:01:00,57818,16:03:38,13,00:00:13,doors opened
07/06/2025,12,4104,Sunday,Sunday,East,15677187,56400,15:40:00,56614,15:43:34,11,2107,Washington Ave & Partridge St (02107),0,0,12,,,57785,16:03:05,,,57785,16:03:05,0,00:00:00,door not opened
07/06/2025,12,4104,Sunday,Sunday,East,15677187,56400,15:40:00,56614,15:43:34,10,3257,Washington Ave & N. Main Ave (03257),0,1,12,,,57684,16:01:24,,,57703,16:01:43,19,00:00:19,doors opened
07/06/2025,12,4104,Sunday,Sunday,East,15677187,56400,15:40:00,56614,15:43:34,9,1796,Washington Ave & N. Allen St (01796),1,3,13,57540.0,15:59:00,57628,16:00:28,57540.0,15:59:00,57651,16:00:51,23,00:00:23,doors opened
07/06/2025,12,4104,Sunday,Sunday,East,15677187,56400,15:40:00,56614,15:43:34,8,11581,Washington Ave & Manning Blvd (11581),0,0,15,,,57598,15:59:58,,,57598,15:59:58,0,00:00:00,door not opened
07/06/2025,12,4104,Sunday,Sunday,East,15677187,56400,15:40:00,56614,15:43:34,7,2180,Washington Ave & Homestead Ave (02180),0,0,15,,,57550,15:59:10,,,57550,15:59:10,0,00:00:00,door not opened
07/06/2025,12,4104,Sunday,Sunday,East,15677187,56400,15:40:00,56614,15:43:34,6,2182,Washington Ave & Hawthorne St (02182),0,0,15,,,57524,15:58:44,,,57524,15:58:44,0,00:00:00,door not opened
07/06/2025,12,4104,Sunday,Sunday,East,15677187,56400,15:40:00,56614,15:43:34,5,3304,Washington Ave & Clermont St (03304),0,0,15,,,57507,15:58:27,,,57507,15:58:27,0,00:00:00,door not opened
07/06/2025,12,4104,Sunday,Sunday,East,15677187,56400,15:40:00,56614,15:43:34,4,3348,Washington Ave & Brevator St (03348),0,0,15,,,57461,15:57:41,,,57461,15:57:41,0,00:00:00,door not opened
07/06/2025,12,4104,Sunday,Sunday,East,15677187,56400,15:40:00,56614,15:43:34,3,10134,Washington Ave & SUNY Exit Rd (10134),3,0,15,,,57310,15:55:10,,,57334,15:55:34,24,00:00:24,doors opened
07/06/2025,12,4104,Sunday,Sunday,East,15677187,56400,15:40:00,56614,15:43:34,2,7216,SUNY Collins Circle (07216),0,0,12,57120.0,15:52:00,57209,15:53:29,57120.0,15:52:00,57209,15:53:29,0,00:00:00,door not opened
07/06/2025,12,4104,Sunday,Sunday,East,15677187,56400,15:40:00,56614,15:43:34,1,12827,Crossgates Commons Station (12827),13,1,12,56820.0,15:47:00,56821,15:47:01,56820.0,15:47:00,56963,15:49:23,142,00:02:22,doors opened
07/06/2025,12,4104,Sunday,Sunday,East,15677187,56400,15:40:00,56614,15:43:34,0,7175,Crossgates Mall Station (07175),0,0,0,56400.0,15:40:00,56614,15:43:34,56400.0,15:40:00,56614,15:43:34,0,00:00:00,door not opened
07/06/2025,12,6018,Sunday,Sunday,West,15676602,33900,09:25:00,33910,09:25:10,27,7175,Crossgates Mall Station (07175),0,7,0,36120.0,10:02:00,35788,09:56:28,36120.0,10:02:00,35788,09:56:28,0,00:00:00,doors opened
07/06/2025,12,6018,Sunday,Sunday,West,15676602,33900,09:25:00,33910,09:25:10,26,12828,Crossgates Commons Station (12828),0,6,7,35700.0,09:55:00,35503,09:51:43,35700.0,09:55:00,35523,09:52:03,20,00:00:20,doors opened
07/06/2025,12,6018,Sunday,Sunday,West,15676602,33900,09:25:00,33910,09:25:10,25,12891,1475 Washington Ave (12891),1,0,13,,,35317,09:48:37,,,35331,09:48:51,14,00:00:14,doors opened
07/06/2025,12,6018,Sunday,Sunday,West,15676602,33900,09:25:00,33910,09:25:10,24,7216,SUNY Collins Circle (07216),0,0,12,35340.0,09:49:00,35228,09:47:08,35340.0,09:49:00,35228,09:47:08,0,00:00:00,door not opened
07/06/2025,12,6018,Sunday,Sunday,West,15676602,33900,09:25:00,33910,09:25:10,23,3262,1383 Washington Ave (Fairfield Inn) (03262),0,0,12,,,35147,09:45:47,,,35147,09:45:47,0,00:00:00,door not opened
07/06/2025,12,6018,Sunday,Sunday,West,15676602,33900,09:25:00,33910,09:25:10,22,976,Washington Ave & Brevator St (00976),0,0,12,,,35031,09:43:51,,,35031,09:43:51,0,00:00:00,door not opened
07/06/2025,12,6018,Sunday,Sunday,West,15676602,33900,09:25:00,33910,09:25:10,21,1959,Washington Ave & Colvin Ave (01959),0,0,12,,,35010,09:43:30,,,35010,09:43:30,0,00:00:00,door not opened
07/06/2025,12,6018,Sunday,Sunday,West,15676602,33900,09:25:00,33910,09:25:10,20,3399,Washington Ave & Danker Ave (03399),0,0,12,,,34969,09:42:49,,,34969,09:42:49,0,00:00:00,door not opened
07/06/2025,12,6018,Sunday,Sunday,West,15676602,33900,09:25:00,33910,09:25:10,19,1849,Washington Ave & Homestead Ave (01849),0,0,12,,,34946,09:42:26,,,34946,09:42:26,0,00:00:00,door not opened
07/06/2025,12,6018,Sunday,Sunday,West,15676602,33900,09:25:00,33910,09:25:10,18,1846,Washington Ave & Manning Blvd (01846),0,0,12,,,34917,09:41:57,,,34917,09:41:57,0,00:00:00,door not opened
07/06/2025,12,6018,Sunday,Sunday,West,15676602,33900,09:25:00,33910,09:25:10,17,3287,Washington Ave & N. Allen St (03287),1,0,12,34980.0,09:43:00,34843,09:40:43,34980.0,09:43:00,34857,09:40:57,14,00:00:14,doors opened
07/06/2025,12,6018,Sunday,Sunday,West,15676602,33900,09:25:00,33910,09:25:10,16,3264,Washington Ave & N. Main Ave (03264),0,0,11,,,34810,09:40:10,,,34810,09:40:10,0,00:00:00,door not opened
07/06/2025,12,6018,Sunday,Sunday,West,15676602,33900,09:25:00,33910,09:25:10,15,1839,Washington Ave & Partridge St (01839),1,0,11,,,34590,09:36:30,,,34600,09:36:40,10,00:00:10,doors opened
07/06/2025,12,6018,Sunday,Sunday,West,15676602,33900,09:25:00,33910,09:25:10,14,1841,Washington Ave & Ontario St (01841),0,0,10,34740.0,09:39:00,34570,09:36:10,34740.0,09:39:00,34570,09:36:10,0,00:00:00,door not opened
07/06/2025,12,6018,Sunday,Sunday,West,15676602,33900,09:25:00,33910,09:25:10,13,1842,Washington Ave & Quail St (01842),4,0,10,,,34497,09:34:57,,,34550,09:35:50,53,00:00:53,doors opened
07/06/2025,12,6018,Sunday,Sunday,West,15676602,33900,09:25:00,33910,09:25:10,12,1837,Washington Ave & N. Lake Ave (01837),1,0,6,,,34456,09:34:16,,,34471,09:34:31,15,00:00:15,doors opened
07/06/2025,12,6018,Sunday,Sunday,West,15676602,33900,09:25:00,33910,09:25:10,11,1843,Washington Ave & Robin St (01843),1,1,5,,,34413,09:33:33,,,34435,09:33:55,22,00:00:22,doors opened
07/06/2025,12,6018,Sunday,Sunday,West,15676602,33900,09:25:00,33910,09:25:10,10,12943,Washington Ave & Lexington Ave (12943),0,0,5,,,34394,09:33:14,,,34394,09:33:14,0,00:00:00,door not opened
07/06/2025,12,6018,Sunday,Sunday,West,15676602,33900,09:25:00,33910,09:25:10,9,12942,Washington Ave & Henry Johnson Blvd (12942),0,0,5,,,34340,09:32:20,,,34340,09:32:20,0,00:00:00,door not opened
07/06/2025,12,6018,Sunday,Sunday,West,15676602,33900,09:25:00,33910,09:25:10,8,3239,Lark/Library Station - Washington Ave & Lark St (03239),0,1,5,34380.0,09:33:00,34291,09:31:31,34380.0,09:33:00,34311,09:31:51,20,00:00:20,doors opened
07/06/2025,12,6018,Sunday,Sunday,West,15676602,33900,09:25:00,33910,09:25:10,7,3301,Washington Ave & S. Swan St (03301),0,0,6,,,34262,09:31:02,,,34262,09:31:02,0,00:00:00,door not opened
07/06/2025,12,6018,Sunday,Sunday,West,15676602,33900,09:25:00,33910,09:25:10,6,3250,Hawk/Capitol Station - Washington Ave & Hawk St (03250),0,0,6,,,34245,09:30:45,,,34245,09:30:45,0,00:00:00,door not opened
07/06/2025,12,6018,Sunday,Sunday,West,15676602,33900,09:25:00,33910,09:25:10,5,10087,State St & Eagle St (10087),0,0,6,,,34213,09:30:13,,,34213,09:30:13,0,00:00:00,door not opened
07/06/2025,12,6018,Sunday,Sunday,West,15676602,33900,09:25:00,33910,09:25:10,4,2665,State/Downtown Station - State St & Lodge St (02665),4,0,6,34140.0,09:29:00,34093,09:28:13,34140.0,09:29:00,34128,09:28:48,35,00:00:35,doors opened
07/06/2025,12,6018,Sunday,Sunday,West,15676602,33900,09:25:00,33910,09:25:10,3,3221,State Station - N. Pearl St & Ten Eyck Plaza (03221),1,0,2,,,34025,09:27:05,,,34065,09:27:45,40,00:00:40,doors opened
07/06/2025,12,6018,Sunday,Sunday,West,15676602,33900,09:25:00,33910,09:25:10,2,3233,N. Pearl St & Sheridan Ave (03233),0,0,1,,,33976,09:26:16,,,33976,09:26:16,0,00:00:00,door not opened
07/06/2025,12,6018,Sunday,Sunday,West,15676602,33900,09:25:00,33910,09:25:10,1,2168,Clinton Square Station - N. Pearl St & Clinton Ave (02168),0,0,1,,,33951,09:25:51,,,33951,09:25:51,0,00:00:00,door not opened
07/06/2025,12,6018,Sunday,Sunday,West,15676602,33900,09:25:00,33910,09:25:10,0,9018,Broadway & Orange St (09018),1,0,1,33900.0,09:25:00,33910,09:25:10,33900.0,09:25:00,33910,09:25:10,0,00:00:00,doors opened
07/06/2025,12,6018,Sunday,Sunday,East,15676605,37200,10:20:00,37380,10:23:00,9,1796,Washington Ave & N. Allen St (01796),0,0,1,38220.0,10:37:00,38385,10:39:45,38220.0,10:37:00,38385,10:39:45,0,00:00:00,door not opened
07/06/2025,12,6018,Sunday,Sunday,East,15676605,37200,10:20:00,37380,10:23:00,8,11581,Washington Ave & Manning Blvd (11581),0,0,1,,,38336,10:38:56,,,38336,10:38:56,0,00:00:00,door not opened
07/06/2025,12,6018,Sunday,Sunday,East,15676605,37200,10:20:00,37380,10:23:00,7,2180,Washington Ave & Homestead Ave (02180),0,0,1,,,38297,10:38:17,,,38297,10:38:17,0,00:00:00,door not opened
07/06/2025,12,6018,Sunday,Sunday,East,15676605,37200,10:20:00,37380,10:23:00,6,2182,Washington Ave & Hawthorne St (02182),1,0,1,,,38241,10:37:21,,,38255,10:37:35,14,00:00:14,doors opened
07/06/2025,12,6018,Sunday,Sunday,East,15676605,37200,10:20:00,37380,10:23:00,5,3304,Washington Ave & Clermont St (03304),0,0,0,,,38227,10:37:07,,,38227,10:37:07,0,00:00:00,door not opened
07/06/2025,12,6018,Sunday,Sunday,East,15676605,37200,10:20:00,37380,10:23:00,4,3348,Washington Ave & Brevator St (03348),0,0,0,,,38212,10:36:52,,,38212,10:36:52,0,00:00:00,door not opened
07/06/2025,12,6018,Sunday,Sunday,East,15676605,37200,10:20:00,37380,10:23:00,3,10134,Washington Ave & SUNY Exit Rd (10134),0,0,0,,,38086,10:34:46,,,38086,10:34:46,0,00:00:00,door not opened
07/06/2025,12,6018,Sunday,Sunday,East,15676605,37200,10:20:00,37380,10:23:00,2,7216,SUNY Collins Circle (07216),0,0,0,37800.0,10:30:00,38002,10:33:22,37800.0,10:30:00,38002,10:33:22,0,00:00:00,door not opened
07/06/2025,12,6018,Sunday,Sunday,East,15676605,37200,10:20:00,37380,10:23:00,1,12827,Crossgates Commons Station (12827),1,3,0,37560.0,10:26:00,37688,10:28:08,37560.0,10:26:00,37754,10:29:14,66,00:01:06,doors opened
07/06/2025,12,6018,Sunday,Sunday,East,15676605,37200,10:20:00,37380,10:23:00,0,7175,Crossgates Mall Station (07175),2,0,2,37200.0,10:20:00,37380,10:23:00,37200.0,10:20:00,37380,10:23:00,0,00:00:00,doors opened
07/06/2025,12,6018,Sunday,Sunday,East,15676605,37200,10:20:00,37380,10:23:00,24,3940,Broadway & Steuben St (03940),0,0,0,39180.0,10:53:00,39054,10:50:54,39180.0,10:53:00,39054,10:50:54,0,00:00:00,door not opened
07/06/2025,12,6018,Sunday,Sunday,East,15676605,37200,10:20:00,37380,10:23:00,23,2509,State/Downtown Station - State St & S. Pearl St (02509),0,1,0,38940.0,10:49:00,38941,10:49:01,38940.0,10:49:00,38971,10:49:31,30,00:00:30,doors opened
07/06/2025,12,6018,Sunday,Sunday,East,15676605,37200,10:20:00,37380,10:23:00,22,1787,State St & Eagle St (01787),0,0,1,,,38920,10:48:40,,,38920,10:48:40,0,00:00:00,door not opened
07/06/2025,12,6018,Sunday,Sunday,East,15676605,37200,10:20:00,37380,10:23:00,21,2706,Hawk/Capitol Station - Washington Ave & Hawk St (02706),0,0,1,,,38883,10:48:03,,,38883,10:48:03,0,00:00:00,door not opened
07/06/2025,12,6018,Sunday,Sunday,East,15676605,37200,10:20:00,37380,10:23:00,20,1789,Washington Ave & S. Swan St (01789),0,0,1,,,38866,10:47:46,,,38866,10:47:46,0,00:00:00,door not opened
07/06/2025,12,6018,Sunday,Sunday,East,15676605,37200,10:20:00,37380,10:23:00,19,1788,Washington Ave & Dove St (01788),0,0,1,,,38829,10:47:09,,,38829,10:47:09,0,00:00:00,door not opened
07/06/2025,12,6018,Sunday,Sunday,East,15676605,37200,10:20:00,37380,10:23:00,18,2663,Lark/Library Station - Washington Ave & Lark St (02663),0,1,1,38700.0,10:45:00,38785,10:46:25,38700.0,10:45:00,38811,10:46:51,26,00:00:26,doors opened
07/06/2025,12,6018,Sunday,Sunday,East,15676605,37200,10:20:00,37380,10:23:00,17,263,Washington Ave & Henry Johnson Blvd (00263),0,1,2,,,38742,10:45:42,,,38758,10:45:58,16,00:00:16,doors opened
07/06/2025,12,6018,Sunday,Sunday,East,15676605,37200,10:20:00,37380,10:23:00,16,2096,Washington Ave & Lexington Ave (02096),0,0,3,,,38648,10:44:08,,,38648,10:44:08,0,00:00:00,door not opened
07/06/2025,12,6018,Sunday,Sunday,East,15676605,37200,10:20:00,37380,10:23:00,15,3253,Washington Ave & Robin St (Draper Hall) (03253),0,0,3,,,38623,10:43:43,,,38623,10:43:43,0,00:00:00,door not opened
07/06/2025,12,6018,Sunday,Sunday,East,15676605,37200,10:20:00,37380,10:23:00,14,2109,Washington Ave & N. Lake Ave (02109),1,0,3,,,38583,10:43:03,,,38596,10:43:16,13,00:00:13,doors opened
07/06/2025,12,6018,Sunday,Sunday,East,15676605,37200,10:20:00,37380,10:23:00,13,3255,Washington Ave & Quail St (03255),1,0,2,,,38538,10:42:18,,,38549,10:42:29,11,00:00:11,doors opened
07/06/2025,12,6018,Sunday,Sunday,East,15676605,37200,10:20:00,37380,10:23:00,12,3256,Washington Ave & Ontario St (03256),0,0,1,38340.0,10:39:00,38520,10:42:00,38340.0,10:39:00,38520,10:42:00,0,00:00:00,door not opened
07/06/2025,12,6018,Sunday,Sunday,East,15676605,37200,10:20:00,37380,10:23:00,11,2107,Washington Ave & Partridge St (02107),0,0,1,,,38505,10:41:45,,,38505,10:41:45,0,00:00:00,door not opened
07/06/2025,12,6018,Sunday,Sunday,East,15676605,37200,10:20:00,37380,10:23:00,10,3257,Washington Ave & N. Main Ave (03257),0,0,1,,,38413,10:40:13,,,38413,10:40:13,0,00:00:00,door not opened
07/06/2025,12,6018,Sunday,Sunday,West,15676608,39900,11:05:00,40022,11:07:02,27,7175,Crossgates Mall Station (07175),0,12,0,42120.0,11:42:00,41972,11:39:32,42120.0,11:42:00,41972,11:39:32,0,00:00:00,doors opened
07/06/2025,12,6018,Sunday,Sunday,West,15676608,39900,11:05:00,40022,11:07:02,26,12828,Crossgates Commons Station (12828),0,6,12,41700.0,11:35:00,41729,11:35:29,41700.0,11:35:00,41748,11:35:48,19,00:00:19,doors opened
07/06/2025,12,6018,Sunday,Sunday,West,15676608,39900,11:05:00,40022,11:07:02,25,12891,1475 Washington Ave (12891),2,0,18,,,41493,11:31:33,,,41507,11:31:47,14,00:00:14,doors opened
07/06/2025,12,6018,Sunday,Sunday,West,15676608,39900,11:05:00,40022,11:07:02,24,7216,SUNY Collins Circle (07216),1,0,16,41340.0,11:29:00,41387,11:29:47,41340.0,11:29:00,41399,11:29:59,12,00:00:12,doors opened
07/06/2025,12,6018,Sunday,Sunday,West,15676608,39900,11:05:00,40022,11:07:02,23,3262,1383 Washington Ave (Fairfield Inn) (03262),0,0,15,,,41305,11:28:25,,,41305,11:28:25,0,00:00:00,door not opened
07/06/2025,12,6018,Sunday,Sunday,West,15676608,39900,11:05:00,40022,11:07:02,22,976,Washington Ave & Brevator St (00976),0,1,15,,,41179,11:26:19,,,41195,11:26:35,16,00:00:16,doors opened
07/06/2025,12,6018,Sunday,Sunday,West,15676608,39900,11:05:00,40022,11:07:02,21,1959,Washington Ave & Colvin Ave (01959),1,0,16,,,41112,11:25:12,,,41156,11:25:56,44,00:00:44,doors opened
07/06/2025,12,6018,Sunday,Sunday,West,15676608,39900,11:05:00,40022,11:07:02,20,3399,Washington Ave & Danker Ave (03399),0,0,15,,,41092,11:24:52,,,41092,11:24:52,0,00:00:00,door not opened
07/06/2025,12,6018,Sunday,Sunday,West,15676608,39900,11:05:00,40022,11:07:02,19,1849,Washington Ave & Homestead Ave (01849),0,1,15,,,41056,11:24:16,,,41073,11:24:33,17,00:00:17,doors opened
07/06/2025,12,6018,Sunday,Sunday,West,15676608,39900,11:05:00,40022,11:07:02,18,1846,Washington Ave & Manning Blvd (01846),1,1,16,,,40987,11:23:07,,,41034,11:23:54,47,00:00:47,doors opened
07/06/2025,12,6018,Sunday,Sunday,West,15676608,39900,11:05:00,40022,11:07:02,17,3287,Washington Ave & N. Allen St (03287),2,0,16,40980.0,11:23:00,40941,11:22:21,40980.0,11:23:00,40959,11:22:39,18,00:00:18,doors opened
07/06/2025,12,6018,Sunday,Sunday,West,15676608,39900,11:05:00,40022,11:07:02,16,3264,Washington Ave & N. Main Ave (03264),0,0,14,,,40914,11:21:54,,,40914,11:21:54,0,00:00:00,door not opened
07/06/2025,12,6018,Sunday,Sunday,West,15676608,39900,11:05:00,40022,11:07:02,15,1839,Washington Ave & Partridge St (01839),0,0,14,,,40854,11:20:54,,,40854,11:20:54,0,00:00:00,door not opened
07/06/2025,12,6018,Sunday,Sunday,West,15676608,39900,11:05:00,40022,11:07:02,14,1841,Washington Ave & Ontario St (01841),0,0,14,40740.0,11:19:00,40837,11:20:37,40740.0,11:19:00,40837,11:20:37,0,00:00:00,door not opened
07/06/2025,12,6018,Sunday,Sunday,West,15676608,39900,11:05:00,40022,11:07:02,13,1842,Washington Ave & Quail St (01842),2,0,14,,,40774,11:19:34,,,40814,11:20:14,40,00:00:40,doors opened
07/06/2025,12,6018,Sunday,Sunday,West,15676608,39900,11:05:00,40022,11:07:02,12,1837,Washington Ave & N. Lake Ave (01837),1,1,12,,,40699,11:18:19,,,40747,11:19:07,48,00:00:48,doors opened
07/06/2025,12,6018,Sunday,Sunday,West,15676608,39900,11:05:00,40022,11:07:02,11,1843,Washington Ave & Robin St (01843),4,0,12,,,40643,11:17:23,,,40675,11:17:55,32,00:00:32,doors opened
07/06/2025,12,6018,Sunday,Sunday,West,15676608,39900,11:05:00,40022,11:07:02,10,12943,Washington Ave & Lexington Ave (12943),1,1,8,,,40600,11:16:40,,,40617,11:16:57,17,00:00:17,doors opened
07/06/2025,12,6018,Sunday,Sunday,West,15676608,39900,11:05:00,40022,11:07:02,9,12942,Washington Ave & Henry Johnson Blvd (12942),3,0,8,,,40552,11:15:52,,,40571,11:16:11,19,00:00:19,doors opened
07/06/2025,12,6018,Sunday,Sunday,West,15676608,39900,11:05:00,40022,11:07:02,8,3239,Lark/Library Station - Washington Ave & Lark St (03239),0,2,5,40380.0,11:13:00,40456,11:14:16,40380.0,11:13:00,40508,11:15:08,52,00:00:52,doors opened
07/06/2025,12,6018,Sunday,Sunday,West,15676608,39900,11:05:00,40022,11:07:02,7,3301,Washington Ave & S. Swan St (03301),0,0,7,,,40428,11:13:48,,,40428,11:13:48,0,00:00:00,door not opened
07/06/2025,12,6018,Sunday,Sunday,West,15676608,39900,11:05:00,40022,11:07:02,6,3250,Hawk/Capitol Station - Washington Ave & Hawk St (03250),0,0,7,,,40383,11:13:03,,,40383,11:13:03,0,00:00:00,door not opened
07/06/2025,12,6018,Sunday,Sunday,West,15676608,39900,11:05:00,40022,11:07:02,5,10087,State St & Eagle St (10087),2,0,7,,,40337,11:12:17,,,40358,11:12:38,21,00:00:21,doors opened
07/06/2025,12,6018,Sunday,Sunday,West,15676608,39900,11:05:00,40022,11:07:02,4,2665,State/Downtown Station - State St & Lodge St (02665),3,0,5,40140.0,11:09:00,40267,11:11:07,40140.0,11:09:00,40298,11:11:38,31,00:00:31,doors opened
07/06/2025,12,6018,Sunday,Sunday,West,15676608,39900,11:05:00,40022,11:07:02,3,3221,State Station - N. Pearl St & Ten Eyck Plaza (03221),1,0,2,,,40126,11:08:46,,,40242,11:10:42,116,00:01:56,doors opened
07/06/2025,12,6018,Sunday,Sunday,West,15676608,39900,11:05:00,40022,11:07:02,2,3233,N. Pearl St & Sheridan Ave (03233),0,0,1,,,40079,11:07:59,,,40079,11:07:59,0,00:00:00,door not opened
07/06/2025,12,6018,Sunday,Sunday,West,15676608,39900,11:05:00,40022,11:07:02,1,2168,Clinton Square Station - N. Pearl St & Clinton Ave (02168),1,0,1,,,40053,11:07:33,,,40068,11:07:48,15,00:00:15,doors opened
07/06/2025,12,6018,Sunday,Sunday,West,15676608,39900,11:05:00,40022,11:07:02,0,9018,Broadway & Orange St (09018),0,0,0,39900.0,11:05:00,40022,11:07:02,39900.0,11:05:00,40022,11:07:02,0,00:00:00,door not opened
07/06/2025,12,6018,Sunday,Sunday,East,15676611,43200,12:00:00,43296,12:01:36,24,3940,Broadway & Steuben St (03940),0,0,0,45240.0,12:34:00,45047,12:30:47,45240.0,12:34:00,45047,12:30:47,0,00:00:00,door not opened
07/06/2025,12,6018,Sunday,Sunday,East,15676611,43200,12:00:00,43296,12:01:36,23,2509,State/Downtown Station - State St & S. Pearl St (02509),0,1,0,45000.0,12:30:00,44936,12:28:56,45000.0,12:30:00,44955,12:29:15,19,00:00:19,doors opened
07/06/2025,12,6018,Sunday,Sunday,East,15676611,43200,12:00:00,43296,12:01:36,22,1787,State St & Eagle St (01787),0,0,1,,,44920,12:28:40,,,44920,12:28:40,0,00:00:00,door not opened
07/06/2025,12,6018,Sunday,Sunday,East,15676611,43200,12:00:00,43296,12:01:36,21,2706,Hawk/Capitol Station - Washington Ave & Hawk St (02706),0,0,1,,,44885,12:28:05,,,44885,12:28:05,0,00:00:00,door not opened
07/06/2025,12,6018,Sunday,Sunday,East,15676611,43200,12:00:00,43296,12:01:36,20,1789,Washington Ave & S. Swan St (01789),0,0,1,,,44866,12:27:46,,,44866,12:27:46,0,00:00:00,door not opened
07/06/2025,12,6018,Sunday,Sunday,East,15676611,43200,12:00:00,43296,12:01:36,19,1788,Washington Ave & Dove St (01788),0,0,1,,,44826,12:27:06,,,44826,12:27:06,0,00:00:00,door not opened
07/06/2025,12,6018,Sunday,Sunday,East,15676611,43200,12:00:00,43296,12:01:36,18,2663,Lark/Library Station - Washington Ave & Lark St (02663),0,3,1,44760.0,12:26:00,44765,12:26:05,44760.0,12:26:00,44782,12:26:22,17,00:00:17,doors opened
07/06/2025,12,6018,Sunday,Sunday,East,15676611,43200,12:00:00,43296,12:01:36,17,263,Washington Ave & Henry Johnson Blvd (00263),0,0,4,,,44746,12:25:46,,,44746,12:25:46,0,00:00:00,door not opened
07/06/2025,12,6018,Sunday,Sunday,East,15676611,43200,12:00:00,43296,12:01:36,16,2096,Washington Ave & Lexington Ave (02096),0,1,4,,,44596,12:23:16,,,44717,12:25:17,121,00:02:01,doors opened
07/06/2025,12,6018,Sunday,Sunday,East,15676611,43200,12:00:00,43296,12:01:36,15,3253,Washington Ave & Robin St (Draper Hall) (03253),0,0,5,,,44580,12:23:00,,,44580,12:23:00,0,00:00:00,door not opened
07/06/2025,12,6018,Sunday,Sunday,East,15676611,43200,12:00:00,43296,12:01:36,14,2109,Washington Ave & N. Lake Ave (02109),0,0,5,,,44532,12:22:12,,,44532,12:22:12,0,00:00:00,door not opened
07/06/2025,12,6018,Sunday,Sunday,East,15676611,43200,12:00:00,43296,12:01:36,13,3255,Washington Ave & Quail St (03255),1,2,5,,,44470,12:21:10,,,44489,12:21:29,19,00:00:19,doors opened
07/06/2025,12,6018,Sunday,Sunday,East,15676611,43200,12:00:00,43296,12:01:36,12,3256,Washington Ave & Ontario St (03256),0,1,6,44400.0,12:20:00,44432,12:20:32,44400.0,12:20:00,44449,12:20:49,17,00:00:17,doors opened
07/06/2025,12,6018,Sunday,Sunday,East,15676611,43200,12:00:00,43296,12:01:36,11,2107,Washington Ave & Partridge St (02107),1,0,7,,,44397,12:19:57,,,44409,12:20:09,12,00:00:12,doors opened
07/06/2025,12,6018,Sunday,Sunday,East,15676611,43200,12:00:00,43296,12:01:36,10,3257,Washington Ave & N. Main Ave (03257),0,0,6,,,44352,12:19:12,,,44352,12:19:12,0,00:00:00,door not opened
07/06/2025,12,6018,Sunday,Sunday,East,15676611,43200,12:00:00,43296,12:01:36,9,1796,Washington Ave & N. Allen St (01796),2,0,6,44280.0,12:18:00,44304,12:18:24,44280.0,12:18:00,44321,12:18:41,17,00:00:17,doors opened
07/06/2025,12,6018,Sunday,Sunday,East,15676611,43200,12:00:00,43296,12:01:36,8,11581,Washington Ave & Manning Blvd (11581),0,0,4,,,44277,12:17:57,,,44277,12:17:57,0,00:00:00,door not opened
07/06/2025,12,6018,Sunday,Sunday,East,15676611,43200,12:00:00,43296,12:01:36,7,2180,Washington Ave & Homestead Ave (02180),0,0,4,,,44258,12:17:38,,,44258,12:17:38,0,00:00:00,door not opened
07/06/2025,12,6018,Sunday,Sunday,East,15676611,43200,12:00:00,43296,12:01:36,6,2182,Washington Ave & Hawthorne St (02182),0,0,4,,,44236,12:17:16,,,44236,12:17:16,0,00:00:00,door not opened
07/06/2025,12,6018,Sunday,Sunday,East,15676611,43200,12:00:00,43296,12:01:36,5,3304,Washington Ave & Clermont St (03304),0,1,4,,,44171,12:16:11,,,44208,12:16:48,37,00:00:37,doors opened
07/06/2025,12,6018,Sunday,Sunday,East,15676611,43200,12:00:00,43296,12:01:36,4,3348,Washington Ave & Brevator St (03348),0,1,5,,,44134,12:15:34,,,44150,12:15:50,16,00:00:16,doors opened
07/06/2025,12,6018,Sunday,Sunday,East,15676611,43200,12:00:00,43296,12:01:36,3,10134,Washington Ave & SUNY Exit Rd (10134),0,0,6,,,44031,12:13:51,,,44031,12:13:51,0,00:00:00,door not opened
07/06/2025,12,6018,Sunday,Sunday,East,15676611,43200,12:00:00,43296,12:01:36,2,7216,SUNY Collins Circle (07216),0,0,6,43860.0,12:11:00,43909,12:11:49,43860.0,12:11:00,43909,12:11:49,0,00:00:00,door not opened
07/06/2025,12,6018,Sunday,Sunday,East,15676611,43200,12:00:00,43296,12:01:36,1,12827,Crossgates Commons Station (12827),4,1,6,43620.0,12:07:00,43590,12:06:30,43620.0,12:07:00,43654,12:07:34,64,00:01:04,doors opened
07/06/2025,12,6018,Sunday,Sunday,East,15676611,43200,12:00:00,43296,12:01:36,0,7175,Crossgates Mall Station (07175),3,0,3,43200.0,12:00:00,43296,12:01:36,43200.0,12:00:00,43296,12:01:36,0,00:00:00,doors opened
07/06/2025,12,6018,Sunday,Sunday,West,15676614,45900,12:45:00,45960,12:46:00,27,7175,Crossgates Mall Station (07175),0,5,0,48120.0,13:22:00,48058,13:20:58,48120.0,13:22:00,48058,13:20:58,0,00:00:00,doors opened
07/06/2025,12,6018,Sunday,Sunday,West,15676614,45900,12:45:00,45960,12:46:00,26,12828,Crossgates Commons Station (12828),0,10,5,47700.0,13:15:00,47795,13:16:35,47700.0,13:15:00,47819,13:16:59,24,00:00:24,doors opened
07/06/2025,12,6018,Sunday,Sunday,West,15676614,45900,12:45:00,45960,12:46:00,25,12891,1475 Washington Ave (12891),2,0,15,,,47612,13:13:32,,,47625,13:13:45,13,00:00:13,doors opened
07/06/2025,12,6018,Sunday,Sunday,West,15676614,45900,12:45:00,45960,12:46:00,24,7216,SUNY Collins Circle (07216),2,4,13,47340.0,13:09:00,47412,13:10:12,47340.0,13:09:00,47455,13:10:55,43,00:00:43,doors opened
07/06/2025,12,6018,Sunday,Sunday,West,15676614,45900,12:45:00,45960,12:46:00,23,3262,1383 Washington Ave (Fairfield Inn) (03262),0,2,15,,,47314,13:08:34,,,47332,13:08:52,18,00:00:18,doors opened
07/06/2025,12,6018,Sunday,Sunday,West,15676614,45900,12:45:00,45960,12:46:00,22,976,Washington Ave & Brevator St (00976),1,1,17,,,47178,13:06:18,,,47195,13:06:35,17,00:00:17,doors opened
07/06/2025,12,6018,Sunday,Sunday,West,15676614,45900,12:45:00,45960,12:46:00,21,1959,Washington Ave & Colvin Ave (01959),3,0,17,,,47093,13:04:53,,,47156,13:05:56,63,00:01:03,doors opened
07/06/2025,12,6018,Sunday,Sunday,West,15676614,45900,12:45:00,45960,12:46:00,20,3399,Washington Ave & Danker Ave (03399),0,0,14,,,47035,13:03:55,,,47035,13:03:55,0,00:00:00,door not opened
07/06/2025,12,6018,Sunday,Sunday,West,15676614,45900,12:45:00,45960,12:46:00,19,1849,Washington Ave & Homestead Ave (01849),2,0,14,,,46994,13:03:14,,,47013,13:03:33,19,00:00:19,doors opened
07/06/2025,12,6018,Sunday,Sunday,West,15676614,45900,12:45:00,45960,12:46:00,18,1846,Washington Ave & Manning Blvd (01846),1,0,12,,,46938,13:02:18,,,46971,13:02:51,33,00:00:33,doors opened
07/06/2025,12,6018,Sunday,Sunday,West,15676614,45900,12:45:00,45960,12:46:00,17,3287,Washington Ave & N. Allen St (03287),1,0,11,46980.0,13:03:00,46896,13:01:36,46980.0,13:03:00,46908,13:01:48,12,00:00:12,doors opened
07/06/2025,12,6018,Sunday,Sunday,West,15676614,45900,12:45:00,45960,12:46:00,16,3264,Washington Ave & N. Main Ave (03264),0,0,10,,,46864,13:01:04,,,46864,13:01:04,0,00:00:00,door not opened
07/06/2025,12,6018,Sunday,Sunday,West,15676614,45900,12:45:00,45960,12:46:00,15,1839,Washington Ave & Partridge St (01839),1,0,10,,,46747,12:59:07,,,46778,12:59:38,31,00:00:31,doors opened
07/06/2025,12,6018,Sunday,Sunday,West,15676614,45900,12:45:00,45960,12:46:00,14,1841,Washington Ave & Ontario St (01841),0,0,9,46740.0,12:59:00,46713,12:58:33,46740.0,12:59:00,46713,12:58:33,0,00:00:00,door not opened
07/06/2025,12,6018,Sunday,Sunday,West,15676614,45900,12:45:00,45960,12:46:00,13,1842,Washington Ave & Quail St (01842),2,0,9,,,46651,12:57:31,,,46697,12:58:17,46,00:00:46,doors opened
07/06/2025,12,6018,Sunday,Sunday,West,15676614,45900,12:45:00,45960,12:46:00,12,1837,Washington Ave & N. Lake Ave (01837),2,0,7,,,46570,12:56:10,,,46629,12:57:09,59,00:00:59,doors opened
07/06/2025,12,6018,Sunday,Sunday,West,15676614,45900,12:45:00,45960,12:46:00,11,1843,Washington Ave & Robin St (01843),1,0,5,,,46516,12:55:16,,,46541,12:55:41,25,00:00:25,doors opened
07/06/2025,12,6018,Sunday,Sunday,West,15676614,45900,12:45:00,45960,12:46:00,10,12943,Washington Ave & Lexington Ave (12943),0,0,4,,,46495,12:54:55,,,46495,12:54:55,0,00:00:00,door not opened
07/06/2025,12,6018,Sunday,Sunday,West,15676614,45900,12:45:00,45960,12:46:00,9,12942,Washington Ave & Henry Johnson Blvd (12942),1,0,4,,,46426,12:53:46,,,46437,12:53:57,11,00:00:11,doors opened
07/06/2025,12,6018,Sunday,Sunday,West,15676614,45900,12:45:00,45960,12:46:00,8,3239,Lark/Library Station - Washington Ave & Lark St (03239),1,0,3,46380.0,12:53:00,46318,12:51:58,46380.0,12:53:00,46332,12:52:12,14,00:00:14,doors opened
07/06/2025,12,6018,Sunday,Sunday,West,15676614,45900,12:45:00,45960,12:46:00,7,3301,Washington Ave & S. Swan St (03301),0,0,2,,,46286,12:51:26,,,46286,12:51:26,0,00:00:00,door not opened
07/06/2025,12,6018,Sunday,Sunday,West,15676614,45900,12:45:00,45960,12:46:00,6,3250,Hawk/Capitol Station - Washington Ave & Hawk St (03250),0,0,2,,,46216,12:50:16,,,46216,12:50:16,0,00:00:00,door not opened
07/06/2025,12,6018,Sunday,Sunday,West,15676614,45900,12:45:00,45960,12:46:00,5,10087,State St & Eagle St (10087),0,0,2,,,46193,12:49:53,,,46193,12:49:53,0,00:00:00,door not opened
07/06/2025,12,6018,Sunday,Sunday,West,15676614,45900,12:45:00,45960,12:46:00,4,2665,State/Downtown Station - State St & Lodge St (02665),1,0,2,46140.0,12:49:00,46068,12:47:48,46140.0,12:49:00,46083,12:48:03,15,00:00:15,doors opened
07/06/2025,12,6018,Sunday,Sunday,West,15676614,45900,12:45:00,45960,12:46:00,3,3221,State Station - N. Pearl St & Ten Eyck Plaza (03221),0,0,1,,,46042,12:47:22,,,46042,12:47:22,0,00:00:00,door not opened
07/06/2025,12,6018,Sunday,Sunday,West,15676614,45900,12:45:00,45960,12:46:00,2,3233,N. Pearl St & Sheridan Ave (03233),0,0,1,,,46010,12:46:50,,,46010,12:46:50,0,00:00:00,door not opened
07/06/2025,12,6018,Sunday,Sunday,West,15676614,45900,12:45:00,45960,12:46:00,1,2168,Clinton Square Station - N. Pearl St & Clinton Ave (02168),0,0,1,,,46002,12:46:42,,,46002,12:46:42,0,00:00:00,door not opened
07/06/2025,12,6018,Sunday,Sunday,West,15676614,45900,12:45:00,45960,12:46:00,0,9018,Broadway & Orange St (09018),0,0,1,45900.0,12:45:00,45960,12:46:00,45900.0,12:45:00,45960,12:46:00,0,00:00:00,door not opened
