opd_date,line_name,vehicle_name,day_of_week,schedule,direction,trip_id,trip_nom_dep_time,trip_nom_dep_time_hhmmss,trip_act_dep_time,trip_act_dep_time_hhmmss,pattern_idx,point_code,point_name,psngr_in,psngr_out,psngr_load,nom_arr_time,nom_arr_time_hhmmss,act_arr_time,act_arr_time_hhmmss,nom_dep_time,nom_dep_time_hhmmss,act_dep_time,act_dep_time_hhmmss,act_dwelltime,act_dwelltime_hhmmss,doors
07/08/2025,12,1901,Tuesday,Weekday,West,15648606,21300,05:55:00,21502,05:58:22,27,7175,Crossgates Mall Station (07175),0,5,0,23400.0,06:30:00,23416,06:30:16,23400.0,06:30:00,23416,06:30:16,0,00:00:00,doors opened
07/08/2025,12,1901,Tuesday,Weekday,West,15648606,21300,05:55:00,21502,05:58:22,26,12828,Crossgates Commons Station (12828),0,14,5,23040.0,06:24:00,23143,06:25:43,23040.0,06:24:00,23183,06:26:23,40,00:00:40,doors opened
07/08/2025,12,1901,Tuesday,Weekday,West,15648606,21300,05:55:00,21502,05:58:22,25,12891,1475 Washington Ave (12891),1,0,19,,,22964,06:22:44,,,22976,06:22:56,12,00:00:12,doors opened
07/08/2025,12,1901,Tuesday,Weekday,West,15648606,21300,05:55:00,21502,05:58:22,24,7216,SUNY Collins Circle (07216),1,3,18,22680.0,06:18:00,22808,06:20:08,22680.0,06:18:00,22824,06:20:24,16,00:00:16,doors opened
07/08/2025,12,1901,Tuesday,Weekday,West,15648606,21300,05:55:00,21502,05:58:22,23,3262,1383 Washington Ave (Fairfield Inn) (03262),1,1,20,,,22677,06:17:57,,,22696,06:18:16,19,00:00:19,doors opened
07/08/2025,12,1901,Tuesday,Weekday,West,15648606,21300,05:55:00,21502,05:58:22,22,976,Washington Ave & Brevator St (00976),0,0,20,,,22586,06:16:26,,,22586,06:16:26,0,00:00:00,door not opened
07/08/2025,12,1901,Tuesday,Weekday,West,15648606,21300,05:55:00,21502,05:58:22,21,1959,Washington Ave & Colvin Ave (01959),0,0,20,,,22566,06:16:06,,,22566,06:16:06,0,00:00:00,door not opened
07/08/2025,12,1901,Tuesday,Weekday,West,15648606,21300,05:55:00,21502,05:58:22,20,3399,Washington Ave & Danker Ave (03399),0,0,20,,,22507,06:15:07,,,22507,06:15:07,0,00:00:00,door not opened
07/08/2025,12,1901,Tuesday,Weekday,West,15648606,21300,05:55:00,21502,05:58:22,19,1849,Washington Ave & Homestead Ave (01849),1,0,20,,,22469,06:14:29,,,22485,06:14:45,16,00:00:16,doors opened
07/08/2025,12,1901,Tuesday,Weekday,West,15648606,21300,05:55:00,21502,05:58:22,18,1846,Washington Ave & Manning Blvd (01846),1,0,19,,,22400,06:13:20,,,22441,06:14:01,41,00:00:41,doors opened
07/08/2025,12,1901,Tuesday,Weekday,West,15648606,21300,05:55:00,21502,05:58:22,17,3287,Washington Ave & N. Allen St (03287),1,1,18,22320.0,06:12:00,22352,06:12:32,22320.0,06:12:00,22372,06:12:52,20,00:00:20,doors opened
07/08/2025,12,1901,Tuesday,Weekday,West,15648606,21300,05:55:00,21502,05:58:22,16,3264,Washington Ave & N. Main Ave (03264),3,0,18,,,22290,06:11:30,,,22322,06:12:02,32,00:00:32,doors opened
07/08/2025,12,1901,Tuesday,Weekday,West,15648606,21300,05:55:00,21502,05:58:22,15,1839,Washington Ave & Partridge St (01839),2,0,15,,,22171,06:09:31,,,22192,06:09:52,21,00:00:21,doors opened
07/08/2025,12,1901,Tuesday,Weekday,West,15648606,21300,05:55:00,21502,05:58:22,14,1841,Washington Ave & Ontario St (01841),2,0,13,22080.0,06:08:00,22129,06:08:49,22080.0,06:08:00,22147,06:09:07,18,00:00:18,doors opened
07/08/2025,12,1901,Tuesday,Weekday,West,15648606,21300,05:55:00,21502,05:58:22,13,1842,Washington Ave & Quail St (01842),1,0,11,,,22065,06:07:45,,,22105,06:08:25,40,00:00:40,doors opened
07/08/2025,12,1901,Tuesday,Weekday,West,15648606,21300,05:55:00,21502,05:58:22,12,1837,Washington Ave & N. Lake Ave (01837),0,0,10,,,22041,06:07:21,,,22041,06:07:21,0,00:00:00,door not opened
07/08/2025,12,1901,Tuesday,Weekday,West,15648606,21300,05:55:00,21502,05:58:22,11,1843,Washington Ave & Robin St (01843),0,0,10,,,21991,06:06:31,,,21991,06:06:31,0,00:00:00,door not opened
07/08/2025,12,1901,Tuesday,Weekday,West,15648606,21300,05:55:00,21502,05:58:22,10,12943,Washington Ave & Lexington Ave (12943),0,0,10,,,21967,06:06:07,,,21967,06:06:07,0,00:00:00,door not opened
07/08/2025,12,1901,Tuesday,Weekday,West,15648606,21300,05:55:00,21502,05:58:22,9,12942,Washington Ave & Henry Johnson Blvd (12942),1,0,10,,,21892,06:04:52,,,21907,06:05:07,15,00:00:15,doors opened
07/08/2025,12,1901,Tuesday,Weekday,West,15648606,21300,05:55:00,21502,05:58:22,8,3239,Lark/Library Station - Washington Ave & Lark St (03239),2,0,9,21720.0,06:02:00,21788,06:03:08,21720.0,06:02:00,21809,06:03:29,21,00:00:21,doors opened
07/08/2025,12,1901,Tuesday,Weekday,West,15648606,21300,05:55:00,21502,05:58:22,7,3301,Washington Ave & S. Swan St (03301),0,0,7,,,21737,06:02:17,,,21737,06:02:17,0,00:00:00,door not opened
07/08/2025,12,1901,Tuesday,Weekday,West,15648606,21300,05:55:00,21502,05:58:22,6,3250,Hawk/Capitol Station - Washington Ave & Hawk St (03250),1,0,7,,,21691,06:01:31,,,21706,06:01:46,15,00:00:15,doors opened
07/08/2025,12,1901,Tuesday,Weekday,West,15648606,21300,05:55:00,21502,05:58:22,5,10087,State St & Eagle St (10087),0,0,6,,,21667,06:01:07,,,21667,06:01:07,0,00:00:00,door not opened
07/08/2025,12,1901,Tuesday,Weekday,West,15648606,21300,05:55:00,21502,05:58:22,4,2665,State/Downtown Station - State St & Lodge St (02665),1,0,6,21480.0,05:58:00,21578,05:59:38,21480.0,05:58:00,21592,05:59:52,14,00:00:14,doors opened
07/08/2025,12,1901,Tuesday,Weekday,West,15648606,21300,05:55:00,21502,05:58:22,3,3221,State Station - N. Pearl St & Ten Eyck Plaza (03221),5,0,5,,,21525,05:58:45,,,21552,05:59:12,27,00:00:27,doors opened
07/08/2025,12,1901,Tuesday,Weekday,West,15648606,21300,05:55:00,21502,05:58:22,1,2168,Clinton Square Station - N. Pearl St & Clinton Ave (02168),0,0,0,,,21517,05:58:37,,,21517,05:58:37,0,00:00:00,door not opened
07/08/2025,12,1901,Tuesday,Weekday,West,15648606,21300,05:55:00,21502,05:58:22,0,9018,Broadway & Orange St (09018),0,0,0,21300.0,05:55:00,21502,05:58:22,21300.0,05:55:00,21502,05:58:22,0,00:00:00,door not opened
07/08/2025,12,1901,Tuesday,Weekday,West,15648612,27300,07:35:00,27325,07:35:25,27,7175,Crossgates Mall Station (07175),0,3,0,29760.0,08:16:00,29863,08:17:43,29760.0,08:16:00,29863,08:17:43,0,00:00:00,doors opened
07/08/2025,12,1901,Tuesday,Weekday,West,15648612,27300,07:35:00,27325,07:35:25,26,12828,Crossgates Commons Station (12828),0,8,3,29340.0,08:09:00,29620,08:13:40,29340.0,08:09:00,29644,08:14:04,24,00:00:24,doors opened
07/08/2025,12,1901,Tuesday,Weekday,West,15648612,27300,07:35:00,27325,07:35:25,25,12891,1475 Washington Ave (12891),2,1,11,,,29332,08:08:52,,,29409,08:10:09,77,00:01:17,doors opened
07/08/2025,12,1901,Tuesday,Weekday,West,15648612,27300,07:35:00,27325,07:35:25,24,7216,SUNY Collins Circle (07216),0,3,10,28980.0,08:03:00,29143,08:05:43,28980.0,08:03:00,29160,08:06:00,17,00:00:17,doors opened
07/08/2025,12,1901,Tuesday,Weekday,West,15648612,27300,07:35:00,27325,07:35:25,23,3262,1383 Washington Ave (Fairfield Inn) (03262),0,4,13,,,28985,08:03:05,,,29011,08:03:31,26,00:00:26,doors opened
07/08/2025,12,1901,Tuesday,Weekday,West,15648612,27300,07:35:00,27325,07:35:25,22,976,Washington Ave & Brevator St (00976),0,1,17,,,28835,08:00:35,,,28850,08:00:50,15,00:00:15,doors opened
07/08/2025,12,1901,Tuesday,Weekday,West,15648612,27300,07:35:00,27325,07:35:25,21,1959,Washington Ave & Colvin Ave (01959),1,0,18,,,28793,07:59:53,,,28808,08:00:08,15,00:00:15,doors opened
07/08/2025,12,1901,Tuesday,Weekday,West,15648612,27300,07:35:00,27325,07:35:25,20,3399,Washington Ave & Danker Ave (03399),0,0,17,,,28747,07:59:07,,,28747,07:59:07,0,00:00:00,door not opened
07/08/2025,12,1901,Tuesday,Weekday,West,15648612,27300,07:35:00,27325,07:35:25,19,1849,Washington Ave & Homestead Ave (01849),1,0,17,,,28706,07:58:26,,,28722,07:58:42,16,00:00:16,doors opened
07/08/2025,12,1901,Tuesday,Weekday,West,15648612,27300,07:35:00,27325,07:35:25,18,1846,Washington Ave & Manning Blvd (01846),0,0,16,,,28686,07:58:06,,,28686,07:58:06,0,00:00:00,door not opened
07/08/2025,12,1901,Tuesday,Weekday,West,15648612,27300,07:35:00,27325,07:35:25,17,3287,Washington Ave & N. Allen St (03287),0,2,16,28560.0,07:56:00,28608,07:56:48,28560.0,07:56:00,28624,07:57:04,16,00:00:16,doors opened
07/08/2025,12,1901,Tuesday,Weekday,West,15648612,27300,07:35:00,27325,07:35:25,16,3264,Washington Ave & N. Main Ave (03264),1,0,18,,,28553,07:55:53,,,28568,07:56:08,15,00:00:15,doors opened
07/08/2025,12,1901,Tuesday,Weekday,West,15648612,27300,07:35:00,27325,07:35:25,15,1839,Washington Ave & Partridge St (01839),0,3,17,,,28454,07:54:14,,,28483,07:54:43,29,00:00:29,doors opened
07/08/2025,12,1901,Tuesday,Weekday,West,15648612,27300,07:35:00,27325,07:35:25,10,12943,Washington Ave & Lexington Ave (12943),1,0,18,,,28188,07:49:48,,,28203,07:50:03,15,00:00:15,doors opened
07/08/2025,12,1901,Tuesday,Weekday,West,15648612,27300,07:35:00,27325,07:35:25,9,12942,Washington Ave & Henry Johnson Blvd (12942),2,0,17,,,28127,07:48:47,,,28151,07:49:11,24,00:00:24,doors opened
07/08/2025,12,1901,Tuesday,Weekday,West,15648612,27300,07:35:00,27325,07:35:25,8,3239,Lark/Library Station - Washington Ave & Lark St (03239),5,1,15,27900.0,07:45:00,27976,07:46:16,27900.0,07:45:00,28053,07:47:33,77,00:01:17,doors opened
07/08/2025,12,1901,Tuesday,Weekday,West,15648612,27300,07:35:00,27325,07:35:25,7,3301,Washington Ave & S. Swan St (03301),1,1,11,,,27882,07:44:42,,,27917,07:45:17,35,00:00:35,doors opened
07/08/2025,12,1901,Tuesday,Weekday,West,15648612,27300,07:35:00,27325,07:35:25,6,3250,Hawk/Capitol Station - Washington Ave & Hawk St (03250),0,0,11,,,27857,07:44:17,,,27857,07:44:17,0,00:00:00,door not opened
07/08/2025,12,1901,Tuesday,Weekday,West,15648612,27300,07:35:00,27325,07:35:25,5,10087,State St & Eagle St (10087),0,0,11,,,27791,07:43:11,,,27791,07:43:11,0,00:00:00,door not opened
07/08/2025,12,1901,Tuesday,Weekday,West,15648612,27300,07:35:00,27325,07:35:25,4,2665,State/Downtown Station - State St & Lodge St (02665),6,0,11,27600.0,07:40:00,27633,07:40:33,27600.0,07:40:00,27680,07:41:20,47,00:00:47,doors opened
07/08/2025,12,1901,Tuesday,Weekday,West,15648612,27300,07:35:00,27325,07:35:25,3,3221,State Station - N. Pearl St & Ten Eyck Plaza (03221),3,0,5,,,27507,07:38:27,,,27607,07:40:07,100,00:01:40,doors opened
07/08/2025,12,1901,Tuesday,Weekday,West,15648612,27300,07:35:00,27325,07:35:25,2,3233,N. Pearl St & Sheridan Ave (03233),0,0,2,,,27440,07:37:20,,,27440,07:37:20,0,00:00:00,door not opened
07/08/2025,12,1901,Tuesday,Weekday,West,15648612,27300,07:35:00,27325,07:35:25,1,2168,Clinton Square Station - N. Pearl St & Clinton Ave (02168),2,0,2,,,27396,07:36:36,,,27415,07:36:55,19,00:00:19,doors opened
07/08/2025,12,1901,Tuesday,Weekday,West,15648612,27300,07:35:00,27325,07:35:25,0,9018,Broadway & Orange St (09018),0,0,0,27300.0,07:35:00,27325,07:35:25,27300.0,07:35:00,27325,07:35:25,0,00:00:00,door not opened
07/08/2025,12,1901,Tuesday,Weekday,West,15648612,27300,07:35:00,27325,07:35:25,14,1841,Washington Ave & Ontario St (01841),2,1,20,28320.0,07:52:00,28368,07:52:48,28320.0,07:52:00,28429,07:53:49,61,00:01:01,doors opened
07/08/2025,12,1901,Tuesday,Weekday,West,15648612,27300,07:35:00,27325,07:35:25,13,1842,Washington Ave & Quail St (01842),4,1,19,,,28313,07:51:53,,,28342,07:52:22,29,00:00:29,doors opened
07/08/2025,12,1901,Tuesday,Weekday,West,15648612,27300,07:35:00,27325,07:35:25,12,1837,Washington Ave & N. Lake Ave (01837),1,3,16,,,28254,07:50:54,,,28282,07:51:22,28,00:00:28,doors opened
07/08/2025,12,1901,Tuesday,Weekday,West,15648612,27300,07:35:00,27325,07:35:25,11,1843,Washington Ave & Robin St (01843),0,0,18,,,28231,07:50:31,,,28231,07:50:31,0,00:00:00,door not opened
07/08/2025,12,1901,Tuesday,Weekday,East,15648616,35700,09:55:00,35777,09:56:17,24,3940,Broadway & Steuben St (03940),0,0,0,37740.0,10:29:00,37842,10:30:42,37740.0,10:29:00,37842,10:30:42,0,00:00:00,door not opened
07/08/2025,12,1901,Tuesday,Weekday,East,15648616,35700,09:55:00,35777,09:56:17,23,2509,State/Downtown Station - State St & S. Pearl St (02509),0,6,0,37560.0,10:26:00,37713,10:28:33,37560.0,10:26:00,37740,10:29:00,27,00:00:27,doors opened
07/08/2025,12,1901,Tuesday,Weekday,East,15648616,35700,09:55:00,35777,09:56:17,22,1787,State St & Eagle St (01787),0,0,6,,,37695,10:28:15,,,37695,10:28:15,0,00:00:00,door not opened
07/08/2025,12,1901,Tuesday,Weekday,East,15648616,35700,09:55:00,35777,09:56:17,21,2706,Hawk/Capitol Station - Washington Ave & Hawk St (02706),0,0,6,,,37601,10:26:41,,,37601,10:26:41,0,00:00:00,door not opened
07/08/2025,12,1901,Tuesday,Weekday,East,15648616,35700,09:55:00,35777,09:56:17,20,1789,Washington Ave & S. Swan St (01789),0,0,6,,,37582,10:26:22,,,37582,10:26:22,0,00:00:00,door not opened
07/08/2025,12,1901,Tuesday,Weekday,East,15648616,35700,09:55:00,35777,09:56:17,19,1788,Washington Ave & Dove St (01788),0,0,6,,,37544,10:25:44,,,37544,10:25:44,0,00:00:00,door not opened
07/08/2025,12,1901,Tuesday,Weekday,East,15648616,35700,09:55:00,35777,09:56:17,18,2663,Lark/Library Station - Washington Ave & Lark St (02663),0,0,6,37260.0,10:21:00,37455,10:24:15,37260.0,10:21:00,37455,10:24:15,0,00:00:00,door not opened
07/08/2025,12,1901,Tuesday,Weekday,East,15648616,35700,09:55:00,35777,09:56:17,17,263,Washington Ave & Henry Johnson Blvd (00263),0,2,6,,,37370,10:22:50,,,37427,10:23:47,57,00:00:57,doors opened
07/08/2025,12,1901,Tuesday,Weekday,East,15648616,35700,09:55:00,35777,09:56:17,16,2096,Washington Ave & Lexington Ave (02096),0,0,8,,,37340,10:22:20,,,37340,10:22:20,0,00:00:00,door not opened
07/08/2025,12,1901,Tuesday,Weekday,East,15648616,35700,09:55:00,35777,09:56:17,15,3253,Washington Ave & Robin St (Draper Hall) (03253),0,0,8,,,37256,10:20:56,,,37256,10:20:56,0,00:00:00,door not opened
07/08/2025,12,1901,Tuesday,Weekday,East,15648616,35700,09:55:00,35777,09:56:17,14,2109,Washington Ave & N. Lake Ave (02109),1,0,8,,,37198,10:19:58,,,37221,10:20:21,23,00:00:23,doors opened
07/08/2025,12,1901,Tuesday,Weekday,East,15648616,35700,09:55:00,35777,09:56:17,13,3255,Washington Ave & Quail St (03255),0,2,7,,,37146,10:19:06,,,37165,10:19:25,19,00:00:19,doors opened
07/08/2025,12,1901,Tuesday,Weekday,East,15648616,35700,09:55:00,35777,09:56:17,12,3256,Washington Ave & Ontario St (03256),0,0,9,36900.0,10:15:00,37124,10:18:44,36900.0,10:15:00,37124,10:18:44,0,00:00:00,door not opened
07/08/2025,12,1901,Tuesday,Weekday,East,15648616,35700,09:55:00,35777,09:56:17,11,2107,Washington Ave & Partridge St (02107),0,0,9,,,37101,10:18:21,,,37101,10:18:21,0,00:00:00,door not opened
07/08/2025,12,1901,Tuesday,Weekday,East,15648616,35700,09:55:00,35777,09:56:17,10,3257,Washington Ave & N. Main Ave (03257),0,0,9,,,37018,10:16:58,,,37018,10:16:58,0,00:00:00,door not opened
07/08/2025,12,1901,Tuesday,Weekday,East,15648616,35700,09:55:00,35777,09:56:17,9,1796,Washington Ave & N. Allen St (01796),2,0,9,36780.0,10:13:00,36942,10:15:42,36780.0,10:13:00,36964,10:16:04,22,00:00:22,doors opened
07/08/2025,12,1901,Tuesday,Weekday,East,15648616,35700,09:55:00,35777,09:56:17,8,11581,Washington Ave & Manning Blvd (11581),0,0,7,,,36893,10:14:53,,,36907,10:15:07,14,00:00:14,doors opened
07/08/2025,12,1901,Tuesday,Weekday,East,15648616,35700,09:55:00,35777,09:56:17,7,2180,Washington Ave & Homestead Ave (02180),0,2,7,,,36852,10:14:12,,,36868,10:14:28,16,00:00:16,doors opened
07/08/2025,12,1901,Tuesday,Weekday,East,15648616,35700,09:55:00,35777,09:56:17,6,2182,Washington Ave & Hawthorne St (02182),0,0,9,,,36827,10:13:47,,,36827,10:13:47,0,00:00:00,door not opened
07/08/2025,12,1901,Tuesday,Weekday,East,15648616,35700,09:55:00,35777,09:56:17,5,3304,Washington Ave & Clermont St (03304),0,2,9,,,36785,10:13:05,,,36799,10:13:19,14,00:00:14,doors opened
07/08/2025,12,1901,Tuesday,Weekday,East,15648616,35700,09:55:00,35777,09:56:17,4,3348,Washington Ave & Brevator St (03348),0,0,11,,,36773,10:12:53,,,36773,10:12:53,0,00:00:00,door not opened
07/08/2025,12,1901,Tuesday,Weekday,East,15648616,35700,09:55:00,35777,09:56:17,3,10134,Washington Ave & SUNY Exit Rd (10134),5,0,11,,,36615,10:10:15,,,36648,10:10:48,33,00:00:33,doors opened
07/08/2025,12,1901,Tuesday,Weekday,East,15648616,35700,09:55:00,35777,09:56:17,2,7216,SUNY Collins Circle (07216),0,1,6,36300.0,10:05:00,36493,10:08:13,36300.0,10:05:00,36509,10:08:29,16,00:00:16,doors opened
07/08/2025,12,1901,Tuesday,Weekday,East,15648616,35700,09:55:00,35777,09:56:17,1,12827,Crossgates Commons Station (12827),7,1,7,36000.0,10:00:00,36107,10:01:47,36000.0,10:00:00,36169,10:02:49,62,00:01:02,doors opened
07/08/2025,12,1901,Tuesday,Weekday,East,15648616,35700,09:55:00,35777,09:56:17,0,7175,Crossgates Mall Station (07175),1,0,1,35700.0,09:55:00,35777,09:56:17,35700.0,09:55:00,35777,09:56:17,0,00:00:00,doors opened
07/08/2025,12,1907,Tuesday,Weekday,East,15648682,51300,14:15:00,51557,14:19:17,12,3256,Washington Ave & Ontario St (03256),0,3,16,52620.0,14:37:00,53016,14:43:36,52620.0,14:37:00,53035,14:43:55,19,00:00:19,doors opened
07/08/2025,12,1907,Tuesday,Weekday,East,15648682,51300,14:15:00,51557,14:19:17,11,2107,Washington Ave & Partridge St (02107),0,1,19,,,52975,14:42:55,,,52991,14:43:11,16,00:00:16,doors opened
07/08/2025,12,1907,Tuesday,Weekday,East,15648682,51300,14:15:00,51557,14:19:17,10,3257,Washington Ave & N. Main Ave (03257),1,0,20,,,52897,14:41:37,,,52918,14:41:58,21,00:00:21,doors opened
07/08/2025,12,1907,Tuesday,Weekday,East,15648682,51300,14:15:00,51557,14:19:17,9,1796,Washington Ave & N. Allen St (01796),0,1,19,52440.0,14:34:00,52846,14:40:46,52440.0,14:34:00,52864,14:41:04,18,00:00:18,doors opened
07/08/2025,12,1907,Tuesday,Weekday,East,15648682,51300,14:15:00,51557,14:19:17,8,11581,Washington Ave & Manning Blvd (11581),1,0,20,,,52795,14:39:55,,,52810,14:40:10,15,00:00:15,doors opened
07/08/2025,12,1907,Tuesday,Weekday,East,15648682,51300,14:15:00,51557,14:19:17,7,2180,Washington Ave & Homestead Ave (02180),0,1,19,,,52724,14:38:44,,,52760,14:39:20,36,00:00:36,doors opened
07/08/2025,12,1907,Tuesday,Weekday,East,15648682,51300,14:15:00,51557,14:19:17,6,2182,Washington Ave & Hawthorne St (02182),1,0,20,,,52680,14:38:00,,,52696,14:38:16,16,00:00:16,doors opened
07/08/2025,12,1907,Tuesday,Weekday,East,15648682,51300,14:15:00,51557,14:19:17,5,3304,Washington Ave & Clermont St (03304),0,3,19,,,52637,14:37:17,,,52653,14:37:33,16,00:00:16,doors opened
07/08/2025,12,1907,Tuesday,Weekday,East,15648682,51300,14:15:00,51557,14:19:17,4,3348,Washington Ave & Brevator St (03348),0,0,22,,,52622,14:37:02,,,52622,14:37:02,0,00:00:00,door not opened
07/08/2025,12,1907,Tuesday,Weekday,East,15648682,51300,14:15:00,51557,14:19:17,3,10134,Washington Ave & SUNY Exit Rd (10134),10,3,22,,,52334,14:32:14,,,52479,14:34:39,145,00:02:25,doors opened
07/08/2025,12,1907,Tuesday,Weekday,East,15648682,51300,14:15:00,51557,14:19:17,2,7216,SUNY Collins Circle (07216),2,0,15,51960.0,14:26:00,52171,14:29:31,51960.0,14:26:00,52186,14:29:46,15,00:00:15,doors opened
07/08/2025,12,1907,Tuesday,Weekday,East,15648682,51300,14:15:00,51557,14:19:17,1,12827,Crossgates Commons Station (12827),8,6,13,51660.0,14:21:00,51818,14:23:38,51660.0,14:21:00,51871,14:24:31,53,00:00:53,doors opened
07/08/2025,12,1907,Tuesday,Weekday,East,15648682,51300,14:15:00,51557,14:19:17,0,7175,Crossgates Mall Station (07175),10,0,11,51300.0,14:15:00,51557,14:19:17,51300.0,14:15:00,51557,14:19:17,0,00:00:00,doors opened
07/08/2025,12,1907,Tuesday,Weekday,East,15648682,51300,14:15:00,51557,14:19:17,24,3940,Broadway & Steuben St (03940),0,4,0,53520.0,14:52:00,53795,14:56:35,53520.0,14:52:00,53795,14:56:35,0,00:00:00,doors opened
07/08/2025,12,1907,Tuesday,Weekday,East,15648682,51300,14:15:00,51557,14:19:17,23,2509,State/Downtown Station - State St & S. Pearl St (02509),0,0,4,53340.0,14:49:00,53759,14:55:59,53340.0,14:49:00,53795,14:56:35,36,00:00:36,door not opened
07/08/2025,12,1907,Tuesday,Weekday,East,15648682,51300,14:15:00,51557,14:19:17,22,1787,State St & Eagle St (01787),0,1,4,,,53721,14:55:21,,,53739,14:55:39,18,00:00:18,doors opened
07/08/2025,12,1907,Tuesday,Weekday,East,15648682,51300,14:15:00,51557,14:19:17,21,2706,Hawk/Capitol Station - Washington Ave & Hawk St (02706),0,2,5,,,53612,14:53:32,,,53626,14:53:46,14,00:00:14,doors opened
07/08/2025,12,1907,Tuesday,Weekday,East,15648682,51300,14:15:00,51557,14:19:17,20,1789,Washington Ave & S. Swan St (01789),2,3,7,,,53550,14:52:30,,,53585,14:53:05,35,00:00:35,doors opened
07/08/2025,12,1907,Tuesday,Weekday,East,15648682,51300,14:15:00,51557,14:19:17,19,1788,Washington Ave & Dove St (01788),1,0,8,,,53509,14:51:49,,,53522,14:52:02,13,00:00:13,doors opened
07/08/2025,12,1907,Tuesday,Weekday,East,15648682,51300,14:15:00,51557,14:19:17,18,2663,Lark/Library Station - Washington Ave & Lark St (02663),0,2,7,53040.0,14:44:00,53433,14:50:33,53040.0,14:44:00,53479,14:51:19,46,00:00:46,doors opened
07/08/2025,12,1907,Tuesday,Weekday,East,15648682,51300,14:15:00,51557,14:19:17,17,263,Washington Ave & Henry Johnson Blvd (00263),0,0,9,,,53397,14:49:57,,,53397,14:49:57,0,00:00:00,door not opened
07/08/2025,12,1907,Tuesday,Weekday,East,15648682,51300,14:15:00,51557,14:19:17,16,2096,Washington Ave & Lexington Ave (02096),0,0,9,,,53276,14:47:56,,,53276,14:47:56,0,00:00:00,door not opened
07/08/2025,12,1907,Tuesday,Weekday,East,15648682,51300,14:15:00,51557,14:19:17,15,3253,Washington Ave & Robin St (Draper Hall) (03253),0,0,9,,,53207,14:46:47,,,53207,14:46:47,0,00:00:00,door not opened
07/08/2025,12,1907,Tuesday,Weekday,East,15648682,51300,14:15:00,51557,14:19:17,14,2109,Washington Ave & N. Lake Ave (02109),0,1,9,,,53150,14:45:50,,,53176,14:46:16,26,00:00:26,doors opened
07/08/2025,12,1907,Tuesday,Weekday,East,15648682,51300,14:15:00,51557,14:19:17,13,3255,Washington Ave & Quail St (03255),1,7,10,,,53059,14:44:19,,,53123,14:45:23,64,00:01:04,doors opened
07/08/2025,12,3310,Tuesday,Weekday,West,15649252,38400,10:40:00,38411,10:40:11,22,976,Washington Ave & Brevator St (00976),0,0,12,,,39578,10:59:38,,,39578,10:59:38,0,00:00:00,door not opened
07/08/2025,12,3310,Tuesday,Weekday,West,15649252,38400,10:40:00,38411,10:40:11,21,1959,Washington Ave & Colvin Ave (01959),1,0,12,,,39517,10:58:37,,,39530,10:58:50,13,00:00:13,doors opened
07/08/2025,12,3310,Tuesday,Weekday,West,15649252,38400,10:40:00,38411,10:40:11,20,3399,Washington Ave & Danker Ave (03399),0,0,11,,,39468,10:57:48,,,39468,10:57:48,0,00:00:00,door not opened
07/08/2025,12,3310,Tuesday,Weekday,West,15649252,38400,10:40:00,38411,10:40:11,19,1849,Washington Ave & Homestead Ave (01849),0,0,11,,,39448,10:57:28,,,39448,10:57:28,0,00:00:00,door not opened
07/08/2025,12,3310,Tuesday,Weekday,West,15649252,38400,10:40:00,38411,10:40:11,18,1846,Washington Ave & Manning Blvd (01846),0,0,11,,,39425,10:57:05,,,39425,10:57:05,0,00:00:00,door not opened
07/08/2025,12,3310,Tuesday,Weekday,West,15649252,38400,10:40:00,38411,10:40:11,17,3287,Washington Ave & N. Allen St (03287),4,0,11,39600.0,11:00:00,39329,10:55:29,39600.0,11:00:00,39348,10:55:48,19,00:00:19,doors opened
07/08/2025,12,3310,Tuesday,Weekday,West,15649252,38400,10:40:00,38411,10:40:11,16,3264,Washington Ave & N. Main Ave (03264),0,0,7,,,39300,10:55:00,,,39300,10:55:00,0,00:00:00,door not opened
07/08/2025,12,3310,Tuesday,Weekday,West,15649252,38400,10:40:00,38411,10:40:11,15,1839,Washington Ave & Partridge St (01839),0,0,7,,,39191,10:53:11,,,39191,10:53:11,0,00:00:00,door not opened
07/08/2025,12,3310,Tuesday,Weekday,West,15649252,38400,10:40:00,38411,10:40:11,14,1841,Washington Ave & Ontario St (01841),0,0,7,39360.0,10:56:00,39168,10:52:48,39360.0,10:56:00,39168,10:52:48,0,00:00:00,door not opened
07/08/2025,12,3310,Tuesday,Weekday,West,15649252,38400,10:40:00,38411,10:40:11,13,1842,Washington Ave & Quail St (01842),3,0,7,,,39118,10:51:58,,,39145,10:52:25,27,00:00:27,doors opened
07/08/2025,12,3310,Tuesday,Weekday,West,15649252,38400,10:40:00,38411,10:40:11,12,1837,Washington Ave & N. Lake Ave (01837),1,0,4,,,39078,10:51:18,,,39092,10:51:32,14,00:00:14,doors opened
07/08/2025,12,3310,Tuesday,Weekday,West,15649252,38400,10:40:00,38411,10:40:11,11,1843,Washington Ave & Robin St (01843),0,0,3,,,39061,10:51:01,,,39061,10:51:01,0,00:00:00,door not opened
07/08/2025,12,3310,Tuesday,Weekday,West,15649252,38400,10:40:00,38411,10:40:11,10,12943,Washington Ave & Lexington Ave (12943),0,0,3,,,39039,10:50:39,,,39039,10:50:39,0,00:00:00,door not opened
07/08/2025,12,3310,Tuesday,Weekday,West,15649252,38400,10:40:00,38411,10:40:11,9,12942,Washington Ave & Henry Johnson Blvd (12942),1,0,3,,,38992,10:49:52,,,39007,10:50:07,15,00:00:15,doors opened
07/08/2025,12,3310,Tuesday,Weekday,West,15649252,38400,10:40:00,38411,10:40:11,8,3239,Lark/Library Station - Washington Ave & Lark St (03239),1,0,2,38940.0,10:49:00,38882,10:48:02,38940.0,10:49:00,38943,10:49:03,61,00:01:01,doors opened
07/08/2025,12,3310,Tuesday,Weekday,West,15649252,38400,10:40:00,38411,10:40:11,7,3301,Washington Ave & S. Swan St (03301),1,0,1,,,38766,10:46:06,,,38816,10:46:56,50,00:00:50,doors opened
07/08/2025,12,3310,Tuesday,Weekday,West,15649252,38400,10:40:00,38411,10:40:11,6,3250,Hawk/Capitol Station - Washington Ave & Hawk St (03250),0,0,0,,,38746,10:45:46,,,38746,10:45:46,0,00:00:00,door not opened
07/08/2025,12,3310,Tuesday,Weekday,West,15649252,38400,10:40:00,38411,10:40:11,5,10087,State St & Eagle St (10087),0,0,0,,,38721,10:45:21,,,38721,10:45:21,0,00:00:00,door not opened
07/08/2025,12,3310,Tuesday,Weekday,West,15649252,38400,10:40:00,38411,10:40:11,4,2665,State/Downtown Station - State St & Lodge St (02665),0,0,0,38640.0,10:44:00,38652,10:44:12,38640.0,10:44:00,38674,10:44:34,22,00:00:22,doors opened
07/08/2025,12,3310,Tuesday,Weekday,West,15649252,38400,10:40:00,38411,10:40:11,3,3221,State Station - N. Pearl St & Ten Eyck Plaza (03221),0,0,0,,,38563,10:42:43,,,38563,10:42:43,0,00:00:00,door not opened
07/08/2025,12,3310,Tuesday,Weekday,West,15649252,38400,10:40:00,38411,10:40:11,2,3233,N. Pearl St & Sheridan Ave (03233),0,0,0,,,38520,10:42:00,,,38520,10:42:00,0,00:00:00,door not opened
07/08/2025,12,3310,Tuesday,Weekday,West,15649252,38400,10:40:00,38411,10:40:11,1,2168,Clinton Square Station - N. Pearl St & Clinton Ave (02168),0,0,0,,,38503,10:41:43,,,38503,10:41:43,0,00:00:00,door not opened
07/08/2025,12,3310,Tuesday,Weekday,West,15649252,38400,10:40:00,38411,10:40:11,0,9018,Broadway & Orange St (09018),0,0,0,38400.0,10:40:00,38411,10:40:11,38400.0,10:40:00,38411,10:40:11,0,00:00:00,doors opened
07/08/2025,12,3310,Tuesday,Weekday,West,15649252,38400,10:40:00,38411,10:40:11,27,7175,Crossgates Mall Station (07175),0,4,0,40800.0,11:20:00,40361,11:12:41,40800.0,11:20:00,40361,11:12:41,0,00:00:00,doors opened
07/08/2025,12,3310,Tuesday,Weekday,West,15649252,38400,10:40:00,38411,10:40:11,26,12828,Crossgates Commons Station (12828),0,5,4,40380.0,11:13:00,40139,11:08:59,40380.0,11:13:00,40161,11:09:21,22,00:00:22,doors opened
07/08/2025,12,3310,Tuesday,Weekday,West,15649252,38400,10:40:00,38411,10:40:11,25,12891,1475 Washington Ave (12891),0,0,9,,,39949,11:05:49,,,39949,11:05:49,0,00:00:00,door not opened
07/08/2025,12,3310,Tuesday,Weekday,West,15649252,38400,10:40:00,38411,10:40:11,24,7216,SUNY Collins Circle (07216),0,1,9,40020.0,11:07:00,39850,11:04:10,40020.0,11:07:00,39865,11:04:25,15,00:00:15,doors opened
07/08/2025,12,3310,Tuesday,Weekday,West,15649252,38400,10:40:00,38411,10:40:11,23,3262,1383 Washington Ave (Fairfield Inn) (03262),0,2,10,,,39709,11:01:49,,,39726,11:02:06,17,00:00:17,doors opened
07/08/2025,12,4201,Tuesday,Weekday,West,15649800,22800,06:20:00,22995,06:23:15,14,1841,Washington Ave & Ontario St (01841),2,0,28,23640.0,06:34:00,24044,06:40:44,23640.0,06:34:00,24076,06:41:16,32,00:00:32,doors opened
07/08/2025,12,4201,Tuesday,Weekday,West,15649800,22800,06:20:00,22995,06:23:15,13,1842,Washington Ave & Quail St (01842),3,0,26,,,23979,06:39:39,,,24021,06:40:21,42,00:00:42,doors opened
07/08/2025,12,4201,Tuesday,Weekday,West,15649800,22800,06:20:00,22995,06:23:15,12,1837,Washington Ave & N. Lake Ave (01837),2,0,23,,,23912,06:38:32,,,23953,06:39:13,41,00:00:41,doors opened
07/08/2025,12,4201,Tuesday,Weekday,West,15649800,22800,06:20:00,22995,06:23:15,11,1843,Washington Ave & Robin St (01843),2,0,21,,,23853,06:37:33,,,23882,06:38:02,29,00:00:29,doors opened
07/08/2025,12,4201,Tuesday,Weekday,West,15649800,22800,06:20:00,22995,06:23:15,10,12943,Washington Ave & Lexington Ave (12943),2,0,19,,,23801,06:36:41,,,23824,06:37:04,23,00:00:23,doors opened
07/08/2025,12,4201,Tuesday,Weekday,West,15649800,22800,06:20:00,22995,06:23:15,9,12942,Washington Ave & Henry Johnson Blvd (12942),4,0,17,,,23691,06:34:51,,,23727,06:35:27,36,00:00:36,doors opened
07/08/2025,12,4201,Tuesday,Weekday,West,15649800,22800,06:20:00,22995,06:23:15,8,3239,Lark/Library Station - Washington Ave & Lark St (03239),10,1,13,23280.0,06:28:00,23463,06:31:03,23280.0,06:28:00,23563,06:32:43,100,00:01:40,doors opened
07/08/2025,12,4201,Tuesday,Weekday,West,15649800,22800,06:20:00,22995,06:23:15,7,3301,Washington Ave & S. Swan St (03301),0,0,4,,,23408,06:30:08,,,23408,06:30:08,0,00:00:00,door not opened
07/08/2025,12,4201,Tuesday,Weekday,West,15649800,22800,06:20:00,22995,06:23:15,6,3250,Hawk/Capitol Station - Washington Ave & Hawk St (03250),0,0,4,,,23388,06:29:48,,,23388,06:29:48,0,00:00:00,door not opened
07/08/2025,12,4201,Tuesday,Weekday,West,15649800,22800,06:20:00,22995,06:23:15,5,10087,State St & Eagle St (10087),0,0,4,,,23358,06:29:18,,,23358,06:29:18,0,00:00:00,door not opened
07/08/2025,12,4201,Tuesday,Weekday,West,15649800,22800,06:20:00,22995,06:23:15,4,2665,State/Downtown Station - State St & Lodge St (02665),3,0,4,23040.0,06:24:00,23262,06:27:42,23040.0,06:24:00,23309,06:28:29,47,00:00:47,doors opened
07/08/2025,12,4201,Tuesday,Weekday,West,15649800,22800,06:20:00,22995,06:23:15,3,3221,State Station - N. Pearl St & Ten Eyck Plaza (03221),0,0,1,,,23100,06:25:00,,,23236,06:27:16,136,00:02:16,doors opened
07/08/2025,12,4201,Tuesday,Weekday,West,15649800,22800,06:20:00,22995,06:23:15,2,3233,N. Pearl St & Sheridan Ave (03233),0,0,1,,,23065,06:24:25,,,23065,06:24:25,0,00:00:00,door not opened
07/08/2025,12,4201,Tuesday,Weekday,West,15649800,22800,06:20:00,22995,06:23:15,1,2168,Clinton Square Station - N. Pearl St & Clinton Ave (02168),1,0,1,,,23033,06:23:53,,,23050,06:24:10,17,00:00:17,doors opened
07/08/2025,12,4201,Tuesday,Weekday,West,15649800,22800,06:20:00,22995,06:23:15,0,9018,Broadway & Orange St (09018),0,0,0,22800.0,06:20:00,22995,06:23:15,22800.0,06:20:00,22995,06:23:15,0,00:00:00,door not opened
07/08/2025,12,4201,Tuesday,Weekday,West,15649800,22800,06:20:00,22995,06:23:15,27,7175,Crossgates Mall Station (07175),0,8,0,25020.0,06:57:00,25403,07:03:23,25020.0,06:57:00,25403,07:03:23,0,00:00:00,doors opened
07/08/2025,12,4201,Tuesday,Weekday,West,15649800,22800,06:20:00,22995,06:23:15,26,12828,Crossgates Commons Station (12828),1,17,8,24660.0,06:51:00,25106,06:58:26,24660.0,06:51:00,25144,06:59:04,38,00:00:38,doors opened
07/08/2025,12,4201,Tuesday,Weekday,West,15649800,22800,06:20:00,22995,06:23:15,25,12891,1475 Washington Ave (12891),0,2,24,,,24917,06:55:17,,,24930,06:55:30,13,00:00:13,doors opened
07/08/2025,12,4201,Tuesday,Weekday,West,15649800,22800,06:20:00,22995,06:23:15,24,7216,SUNY Collins Circle (07216),0,7,26,24300.0,06:45:00,24770,06:52:50,24300.0,06:45:00,24792,06:53:12,22,00:00:22,doors opened
07/08/2025,12,4201,Tuesday,Weekday,West,15649800,22800,06:20:00,22995,06:23:15,23,3262,1383 Washington Ave (Fairfield Inn) (03262),1,3,33,,,24625,06:50:25,,,24656,06:50:56,31,00:00:31,doors opened
07/08/2025,12,4201,Tuesday,Weekday,West,15649800,22800,06:20:00,22995,06:23:15,22,976,Washington Ave & Brevator St (00976),1,2,35,,,24466,06:47:46,,,24510,06:48:30,44,00:00:44,doors opened
07/08/2025,12,4201,Tuesday,Weekday,West,15649800,22800,06:20:00,22995,06:23:15,21,1959,Washington Ave & Colvin Ave (01959),1,0,36,,,24418,06:46:58,,,24441,06:47:21,23,00:00:23,doors opened
07/08/2025,12,4201,Tuesday,Weekday,West,15649800,22800,06:20:00,22995,06:23:15,20,3399,Washington Ave & Danker Ave (03399),0,0,35,,,24398,06:46:38,,,24398,06:46:38,0,00:00:00,door not opened
07/08/2025,12,4201,Tuesday,Weekday,West,15649800,22800,06:20:00,22995,06:23:15,19,1849,Washington Ave & Homestead Ave (01849),0,0,35,,,24380,06:46:20,,,24380,06:46:20,0,00:00:00,door not opened
07/08/2025,12,4201,Tuesday,Weekday,West,15649800,22800,06:20:00,22995,06:23:15,18,1846,Washington Ave & Manning Blvd (01846),1,0,35,,,24299,06:44:59,,,24358,06:45:58,59,00:00:59,doors opened
07/08/2025,12,4201,Tuesday,Weekday,West,15649800,22800,06:20:00,22995,06:23:15,17,3287,Washington Ave & N. Allen St (03287),5,1,34,23880.0,06:38:00,24226,06:43:46,23880.0,06:38:00,24269,06:44:29,43,00:00:43,doors opened
07/08/2025,12,4201,Tuesday,Weekday,West,15649800,22800,06:20:00,22995,06:23:15,16,3264,Washington Ave & N. Main Ave (03264),2,0,30,,,24175,06:42:55,,,24194,06:43:14,19,00:00:19,doors opened
07/08/2025,12,4201,Tuesday,Weekday,West,15649800,22800,06:20:00,22995,06:23:15,15,1839,Washington Ave & Partridge St (01839),0,0,28,,,24109,06:41:49,,,24109,06:41:49,0,00:00:00,door not opened
07/08/2025,12,4201,Tuesday,Weekday,West,15649248,32400,09:00:00,31472,08:44:32,17,3287,Washington Ave & N. Allen St (03287),3,0,18,33660.0,09:21:00,33807,09:23:27,33660.0,09:21:00,33831,09:23:51,24,00:00:24,doors opened
07/08/2025,12,4201,Tuesday,Weekday,West,15649248,32400,09:00:00,31472,08:44:32,16,3264,Washington Ave & N. Main Ave (03264),2,0,15,,,33733,09:22:13,,,33772,09:22:52,39,00:00:39,doors opened
07/08/2025,12,4201,Tuesday,Weekday,West,15649248,32400,09:00:00,31472,08:44:32,15,1839,Washington Ave & Partridge St (01839),0,0,13,,,33662,09:21:02,,,33662,09:21:02,0,00:00:00,door not opened
07/08/2025,12,4201,Tuesday,Weekday,West,15649248,32400,09:00:00,31472,08:44:32,14,1841,Washington Ave & Ontario St (01841),0,0,13,33420.0,09:17:00,33637,09:20:37,33420.0,09:17:00,33637,09:20:37,0,00:00:00,door not opened
07/08/2025,12,4201,Tuesday,Weekday,West,15649248,32400,09:00:00,31472,08:44:32,13,1842,Washington Ave & Quail St (01842),2,1,13,,,33579,09:19:39,,,33602,09:20:02,23,00:00:23,doors opened
07/08/2025,12,4201,Tuesday,Weekday,West,15649248,32400,09:00:00,31472,08:44:32,12,1837,Washington Ave & N. Lake Ave (01837),0,0,12,,,33554,09:19:14,,,33554,09:19:14,0,00:00:00,door not opened
07/08/2025,12,4201,Tuesday,Weekday,West,15649248,32400,09:00:00,31472,08:44:32,11,1843,Washington Ave & Robin St (01843),2,4,12,,,33442,09:17:22,,,33502,09:18:22,60,00:01:00,doors opened
07/08/2025,12,4201,Tuesday,Weekday,West,15649248,32400,09:00:00,31472,08:44:32,10,12943,Washington Ave & Lexington Ave (12943),0,0,14,,,33415,09:16:55,,,33415,09:16:55,0,00:00:00,door not opened
07/08/2025,12,4201,Tuesday,Weekday,West,15649248,32400,09:00:00,31472,08:44:32,9,12942,Washington Ave & Henry Johnson Blvd (12942),1,0,14,,,33360,09:16:00,,,33379,09:16:19,19,00:00:19,doors opened
07/08/2025,12,4201,Tuesday,Weekday,West,15649248,32400,09:00:00,31472,08:44:32,8,3239,Lark/Library Station - Washington Ave & Lark St (03239),0,2,13,33000.0,09:10:00,33246,09:14:06,33000.0,09:10:00,33299,09:14:59,53,00:00:53,doors opened
07/08/2025,12,4201,Tuesday,Weekday,West,15649248,32400,09:00:00,31472,08:44:32,7,3301,Washington Ave & S. Swan St (03301),1,0,15,,,33177,09:12:57,,,33201,09:13:21,24,00:00:24,doors opened
07/08/2025,12,4201,Tuesday,Weekday,West,15649248,32400,09:00:00,31472,08:44:32,6,3250,Hawk/Capitol Station - Washington Ave & Hawk St (03250),0,0,14,,,33157,09:12:37,,,33157,09:12:37,0,00:00:00,door not opened
07/08/2025,12,4201,Tuesday,Weekday,West,15649248,32400,09:00:00,31472,08:44:32,5,10087,State St & Eagle St (10087),0,0,14,,,33117,09:11:57,,,33117,09:11:57,0,00:00:00,door not opened
07/08/2025,12,4201,Tuesday,Weekday,West,15649248,32400,09:00:00,31472,08:44:32,4,2665,State/Downtown Station - State St & Lodge St (02665),9,0,14,32700.0,09:05:00,32952,09:09:12,32700.0,09:05:00,32995,09:09:55,43,00:00:43,doors opened
07/08/2025,12,4201,Tuesday,Weekday,West,15649248,32400,09:00:00,31472,08:44:32,3,3221,State Station - N. Pearl St & Ten Eyck Plaza (03221),4,0,5,,,32900,09:08:20,,,32921,09:08:41,21,00:00:21,doors opened
07/08/2025,12,4201,Tuesday,Weekday,West,15649248,32400,09:00:00,31472,08:44:32,2,3233,N. Pearl St & Sheridan Ave (03233),0,0,1,,,32853,09:07:33,,,32853,09:07:33,0,00:00:00,door not opened
07/08/2025,12,4201,Tuesday,Weekday,West,15649248,32400,09:00:00,31472,08:44:32,1,2168,Clinton Square Station - N. Pearl St & Clinton Ave (02168),3,2,1,,,32802,09:06:42,,,32833,09:07:13,31,00:00:31,doors opened
07/08/2025,12,4201,Tuesday,Weekday,West,15649248,32400,09:00:00,31472,08:44:32,0,9018,Broadway & Orange St (09018),0,0,0,32400.0,09:00:00,31472,08:44:32,32400.0,09:00:00,31472,08:44:32,0,00:00:00,doors opened
07/08/2025,12,4201,Tuesday,Weekday,West,15649248,32400,09:00:00,31472,08:44:32,27,7175,Crossgates Mall Station (07175),0,9,0,34920.0,09:42:00,35071,09:44:31,34920.0,09:42:00,35071,09:44:31,0,00:00:00,doors opened
07/08/2025,12,4201,Tuesday,Weekday,West,15649248,32400,09:00:00,31472,08:44:32,26,12828,Crossgates Commons Station (12828),0,7,9,34500.0,09:35:00,34829,09:40:29,34500.0,09:35:00,34853,09:40:53,24,00:00:24,doors opened
07/08/2025,12,4201,Tuesday,Weekday,West,15649248,32400,09:00:00,31472,08:44:32,25,12891,1475 Washington Ave (12891),1,0,16,,,34538,09:35:38,,,34601,09:36:41,63,00:01:03,doors opened
07/08/2025,12,4201,Tuesday,Weekday,West,15649248,32400,09:00:00,31472,08:44:32,24,7216,SUNY Collins Circle (07216),0,4,15,34140.0,09:29:00,34346,09:32:26,34140.0,09:29:00,34362,09:32:42,16,00:00:16,doors opened
07/08/2025,12,4201,Tuesday,Weekday,West,15649248,32400,09:00:00,31472,08:44:32,23,3262,1383 Washington Ave (Fairfield Inn) (03262),1,1,19,,,34181,09:29:41,,,34200,09:30:00,19,00:00:19,doors opened
07/08/2025,12,4201,Tuesday,Weekday,West,15649248,32400,09:00:00,31472,08:44:32,22,976,Washington Ave & Brevator St (00976),0,0,19,,,34057,09:27:37,,,34057,09:27:37,0,00:00:00,door not opened
07/08/2025,12,4201,Tuesday,Weekday,West,15649248,32400,09:00:00,31472,08:44:32,21,1959,Washington Ave & Colvin Ave (01959),0,2,19,,,33995,09:26:35,,,34035,09:27:15,40,00:00:40,doors opened
07/08/2025,12,4201,Tuesday,Weekday,West,15649248,32400,09:00:00,31472,08:44:32,20,3399,Washington Ave & Danker Ave (03399),0,0,21,,,33971,09:26:11,,,33971,09:26:11,0,00:00:00,door not opened
07/08/2025,12,4201,Tuesday,Weekday,West,15649248,32400,09:00:00,31472,08:44:32,19,1849,Washington Ave & Homestead Ave (01849),2,0,21,,,33930,09:25:30,,,33947,09:25:47,17,00:00:17,doors opened
07/08/2025,12,4201,Tuesday,Weekday,West,15649248,32400,09:00:00,31472,08:44:32,18,1846,Washington Ave & Manning Blvd (01846),1,0,19,,,33868,09:24:28,,,33897,09:24:57,29,00:00:29,doors opened
07/08/2025,12,4206,Tuesday,Weekday,West,15650702,44400,12:20:00,44442,12:20:42,6,3250,Hawk/Capitol Station - Washington Ave & Hawk St (03250),0,0,3,,,44884,12:28:04,,,44884,12:28:04,0,00:00:00,door not opened
07/08/2025,12,4206,Tuesday,Weekday,West,15650702,44400,12:20:00,44442,12:20:42,5,10087,State St & Eagle St (10087),0,0,3,,,44852,12:27:32,,,44852,12:27:32,0,00:00:00,door not opened
07/08/2025,12,4206,Tuesday,Weekday,West,15650702,44400,12:20:00,44442,12:20:42,4,2665,State/Downtown Station - State St & Lodge St (02665),2,0,3,44640.0,12:24:00,44734,12:25:34,44640.0,12:24:00,44760,12:26:00,26,00:00:26,doors opened
07/08/2025,12,4206,Tuesday,Weekday,West,15650702,44400,12:20:00,44442,12:20:42,3,3221,State Station - N. Pearl St & Ten Eyck Plaza (03221),1,0,1,,,44616,12:23:36,,,44711,12:25:11,95,00:01:35,doors opened
07/08/2025,12,4206,Tuesday,Weekday,West,15650702,44400,12:20:00,44442,12:20:42,2,3233,N. Pearl St & Sheridan Ave (03233),0,0,0,,,44584,12:23:04,,,44584,12:23:04,0,00:00:00,door not opened
07/08/2025,12,4206,Tuesday,Weekday,West,15650702,44400,12:20:00,44442,12:20:42,1,2168,Clinton Square Station - N. Pearl St & Clinton Ave (02168),0,0,0,,,44506,12:21:46,,,44506,12:21:46,0,00:00:00,door not opened
07/08/2025,12,4206,Tuesday,Weekday,West,15650702,44400,12:20:00,44442,12:20:42,0,9018,Broadway & Orange St (09018),0,0,0,44400.0,12:20:00,44442,12:20:42,44400.0,12:20:00,44442,12:20:42,0,00:00:00,door not opened
07/08/2025,12,4206,Tuesday,Weekday,West,15650702,44400,12:20:00,44442,12:20:42,27,7175,Crossgates Mall Station (07175),0,7,0,46800.0,13:00:00,46453,12:54:13,46800.0,13:00:00,46453,12:54:13,0,00:00:00,doors opened
07/08/2025,12,4206,Tuesday,Weekday,West,15650702,44400,12:20:00,44442,12:20:42,26,12828,Crossgates Commons Station (12828),0,5,7,46380.0,12:53:00,46240,12:50:40,46380.0,12:53:00,46273,12:51:13,33,00:00:33,doors opened
07/08/2025,12,4206,Tuesday,Weekday,West,15650702,44400,12:20:00,44442,12:20:42,25,12891,1475 Washington Ave (12891),0,0,12,,,46073,12:47:53,,,46073,12:47:53,0,00:00:00,door not opened
07/08/2025,12,4206,Tuesday,Weekday,West,15650702,44400,12:20:00,44442,12:20:42,24,7216,SUNY Collins Circle (07216),0,0,12,46020.0,12:47:00,45929,12:45:29,46020.0,12:47:00,45929,12:45:29,0,00:00:00,door not opened
07/08/2025,12,4206,Tuesday,Weekday,West,15650702,44400,12:20:00,44442,12:20:42,23,3262,1383 Washington Ave (Fairfield Inn) (03262),0,1,12,,,45823,12:43:43,,,45855,12:44:15,32,00:00:32,doors opened
07/08/2025,12,4206,Tuesday,Weekday,West,15650702,44400,12:20:00,44442,12:20:42,22,976,Washington Ave & Brevator St (00976),0,0,13,,,45694,12:41:34,,,45694,12:41:34,0,00:00:00,door not opened
07/08/2025,12,4206,Tuesday,Weekday,West,15650702,44400,12:20:00,44442,12:20:42,21,1959,Washington Ave & Colvin Ave (01959),1,0,13,,,45653,12:40:53,,,45666,12:41:06,13,00:00:13,doors opened
07/08/2025,12,4206,Tuesday,Weekday,West,15650702,44400,12:20:00,44442,12:20:42,20,3399,Washington Ave & Danker Ave (03399),0,0,12,,,45634,12:40:34,,,45634,12:40:34,0,00:00:00,door not opened
07/08/2025,12,4206,Tuesday,Weekday,West,15650702,44400,12:20:00,44442,12:20:42,19,1849,Washington Ave & Homestead Ave (01849),0,0,12,,,45617,12:40:17,,,45617,12:40:17,0,00:00:00,door not opened
07/08/2025,12,4206,Tuesday,Weekday,West,15650702,44400,12:20:00,44442,12:20:42,18,1846,Washington Ave & Manning Blvd (01846),0,1,12,,,45548,12:39:08,,,45598,12:39:58,50,00:00:50,doors opened
07/08/2025,12,4206,Tuesday,Weekday,West,15650702,44400,12:20:00,44442,12:20:42,17,3287,Washington Ave & N. Allen St (03287),1,0,13,45600.0,12:40:00,45507,12:38:27,45600.0,12:40:00,45520,12:38:40,13,00:00:13,doors opened
07/08/2025,12,4206,Tuesday,Weekday,West,15650702,44400,12:20:00,44442,12:20:42,16,3264,Washington Ave & N. Main Ave (03264),0,0,12,,,45482,12:38:02,,,45482,12:38:02,0,00:00:00,door not opened
07/08/2025,12,4206,Tuesday,Weekday,West,15650702,44400,12:20:00,44442,12:20:42,15,1839,Washington Ave & Partridge St (01839),0,0,12,,,45381,12:36:21,,,45381,12:36:21,0,00:00:00,door not opened
07/08/2025,12,4206,Tuesday,Weekday,West,15650702,44400,12:20:00,44442,12:20:42,14,1841,Washington Ave & Ontario St (01841),1,0,12,45360.0,12:36:00,45348,12:35:48,45360.0,12:36:00,45361,12:36:01,13,00:00:13,doors opened
07/08/2025,12,4206,Tuesday,Weekday,West,15650702,44400,12:20:00,44442,12:20:42,13,1842,Washington Ave & Quail St (01842),6,1,11,,,45279,12:34:39,,,45326,12:35:26,47,00:00:47,doors opened
07/08/2025,12,4206,Tuesday,Weekday,West,15650702,44400,12:20:00,44442,12:20:42,12,1837,Washington Ave & N. Lake Ave (01837),0,1,6,,,45237,12:33:57,,,45255,12:34:15,18,00:00:18,doors opened
07/08/2025,12,4206,Tuesday,Weekday,West,15650702,44400,12:20:00,44442,12:20:42,11,1843,Washington Ave & Robin St (01843),2,0,7,,,45194,12:33:14,,,45208,12:33:28,14,00:00:14,doors opened
07/08/2025,12,4206,Tuesday,Weekday,West,15650702,44400,12:20:00,44442,12:20:42,10,12943,Washington Ave & Lexington Ave (12943),1,0,5,,,45154,12:32:34,,,45168,12:32:48,14,00:00:14,doors opened
07/08/2025,12,4206,Tuesday,Weekday,West,15650702,44400,12:20:00,44442,12:20:42,9,12942,Washington Ave & Henry Johnson Blvd (12942),1,0,4,,,45117,12:31:57,,,45127,12:32:07,10,00:00:10,doors opened
07/08/2025,12,4206,Tuesday,Weekday,West,15650702,44400,12:20:00,44442,12:20:42,8,3239,Lark/Library Station - Washington Ave & Lark St (03239),0,0,3,44940.0,12:29:00,44986,12:29:46,44940.0,12:29:00,44986,12:29:46,0,00:00:00,door not opened
07/08/2025,12,4206,Tuesday,Weekday,West,15650702,44400,12:20:00,44442,12:20:42,7,3301,Washington Ave & S. Swan St (03301),0,0,3,,,44906,12:28:26,,,44906,12:28:26,0,00:00:00,door not opened
07/08/2025,12,4206,Tuesday,Weekday,West,15648602,30000,08:20:00,30049,08:20:49,25,12891,1475 Washington Ave (12891),1,0,10,,,31825,08:50:25,,,31836,08:50:36,11,00:00:11,doors opened
07/08/2025,12,4206,Tuesday,Weekday,West,15648602,30000,08:20:00,30049,08:20:49,24,7216,SUNY Collins Circle (07216),0,7,9,31740.0,08:49:00,31638,08:47:18,31740.0,08:49:00,31659,08:47:39,21,00:00:21,doors opened
07/08/2025,12,4206,Tuesday,Weekday,West,15648602,30000,08:20:00,30049,08:20:49,23,3262,1383 Washington Ave (Fairfield Inn) (03262),0,1,16,,,31548,08:45:48,,,31560,08:46:00,12,00:00:12,doors opened
07/08/2025,12,4206,Tuesday,Weekday,West,15648602,30000,08:20:00,30049,08:20:49,22,976,Washington Ave & Brevator St (00976),0,0,17,,,31439,08:43:59,,,31439,08:43:59,0,00:00:00,door not opened
07/08/2025,12,4206,Tuesday,Weekday,West,15648602,30000,08:20:00,30049,08:20:49,21,1959,Washington Ave & Colvin Ave (01959),0,0,17,,,31421,08:43:41,,,31421,08:43:41,0,00:00:00,door not opened
07/08/2025,12,4206,Tuesday,Weekday,West,15648602,30000,08:20:00,30049,08:20:49,20,3399,Washington Ave & Danker Ave (03399),0,0,17,,,31391,08:43:11,,,31391,08:43:11,0,00:00:00,door not opened
07/08/2025,12,4206,Tuesday,Weekday,West,15648602,30000,08:20:00,30049,08:20:49,19,1849,Washington Ave & Homestead Ave (01849),2,0,17,,,31347,08:42:27,,,31372,08:42:52,25,00:00:25,doors opened
07/08/2025,12,4206,Tuesday,Weekday,West,15648602,30000,08:20:00,30049,08:20:49,18,1846,Washington Ave & Manning Blvd (01846),0,0,15,,,31324,08:42:04,,,31324,08:42:04,0,00:00:00,door not opened
07/08/2025,12,4206,Tuesday,Weekday,West,15648602,30000,08:20:00,30049,08:20:49,17,3287,Washington Ave & N. Allen St (03287),2,1,15,31260.0,08:41:00,31224,08:40:24,31260.0,08:41:00,31262,08:41:02,38,00:00:38,doors opened
07/08/2025,12,4206,Tuesday,Weekday,West,15648602,30000,08:20:00,30049,08:20:49,16,3264,Washington Ave & N. Main Ave (03264),1,0,14,,,31149,08:39:09,,,31194,08:39:54,45,00:00:45,doors opened
07/08/2025,12,4206,Tuesday,Weekday,West,15648602,30000,08:20:00,30049,08:20:49,15,1839,Washington Ave & Partridge St (01839),2,0,13,,,31033,08:37:13,,,31091,08:38:11,58,00:00:58,doors opened
07/08/2025,12,4206,Tuesday,Weekday,West,15648602,30000,08:20:00,30049,08:20:49,14,1841,Washington Ave & Ontario St (01841),1,0,11,31020.0,08:37:00,30989,08:36:29,31020.0,08:37:00,31009,08:36:49,20,00:00:20,doors opened
07/08/2025,12,4206,Tuesday,Weekday,West,15648602,30000,08:20:00,30049,08:20:49,13,1842,Washington Ave & Quail St (01842),3,3,10,,,30943,08:35:43,,,30966,08:36:06,23,00:00:23,doors opened
07/08/2025,12,4206,Tuesday,Weekday,West,15648602,30000,08:20:00,30049,08:20:49,12,1837,Washington Ave & N. Lake Ave (01837),0,1,10,,,30904,08:35:04,,,30916,08:35:16,12,00:00:12,doors opened
07/08/2025,12,4206,Tuesday,Weekday,West,15648602,30000,08:20:00,30049,08:20:49,11,1843,Washington Ave & Robin St (01843),1,0,11,,,30869,08:34:29,,,30880,08:34:40,11,00:00:11,doors opened
07/08/2025,12,4206,Tuesday,Weekday,West,15648602,30000,08:20:00,30049,08:20:49,10,12943,Washington Ave & Lexington Ave (12943),1,0,10,,,30829,08:33:49,,,30841,08:34:01,12,00:00:12,doors opened
07/08/2025,12,4206,Tuesday,Weekday,West,15648602,30000,08:20:00,30049,08:20:49,9,12942,Washington Ave & Henry Johnson Blvd (12942),2,0,9,,,30741,08:32:21,,,30757,08:32:37,16,00:00:16,doors opened
07/08/2025,12,4206,Tuesday,Weekday,West,15648602,30000,08:20:00,30049,08:20:49,8,3239,Lark/Library Station - Washington Ave & Lark St (03239),1,4,7,30600.0,08:30:00,30642,08:30:42,30600.0,08:30:00,30673,08:31:13,31,00:00:31,doors opened
07/08/2025,12,4206,Tuesday,Weekday,West,15648602,30000,08:20:00,30049,08:20:49,7,3301,Washington Ave & S. Swan St (03301),0,1,10,,,30558,08:29:18,,,30605,08:30:05,47,00:00:47,doors opened
07/08/2025,12,4206,Tuesday,Weekday,West,15648602,30000,08:20:00,30049,08:20:49,6,3250,Hawk/Capitol Station - Washington Ave & Hawk St (03250),0,0,11,,,30538,08:28:58,,,30538,08:28:58,0,00:00:00,door not opened
07/08/2025,12,4206,Tuesday,Weekday,West,15648602,30000,08:20:00,30049,08:20:49,5,10087,State St & Eagle St (10087),0,0,11,,,30513,08:28:33,,,30513,08:28:33,0,00:00:00,door not opened
07/08/2025,12,4206,Tuesday,Weekday,West,15648602,30000,08:20:00,30049,08:20:49,4,2665,State/Downtown Station - State St & Lodge St (02665),1,0,11,30300.0,08:25:00,30395,08:26:35,30300.0,08:25:00,30415,08:26:55,20,00:00:20,doors opened
07/08/2025,12,4206,Tuesday,Weekday,West,15648602,30000,08:20:00,30049,08:20:49,3,3221,State Station - N. Pearl St & Ten Eyck Plaza (03221),7,0,10,,,30273,08:24:33,,,30367,08:26:07,94,00:01:34,doors opened
07/08/2025,12,4206,Tuesday,Weekday,West,15648602,30000,08:20:00,30049,08:20:49,2,3233,N. Pearl St & Sheridan Ave (03233),1,0,3,,,30211,08:23:31,,,30228,08:23:48,17,00:00:17,doors opened
07/08/2025,12,4206,Tuesday,Weekday,West,15648602,30000,08:20:00,30049,08:20:49,1,2168,Clinton Square Station - N. Pearl St & Clinton Ave (02168),2,0,2,,,30179,08:22:59,,,30197,08:23:17,18,00:00:18,doors opened
07/08/2025,12,4206,Tuesday,Weekday,West,15648602,30000,08:20:00,30049,08:20:49,0,9018,Broadway & Orange St (09018),0,0,0,30000.0,08:20:00,30049,08:20:49,30000.0,08:20:00,30049,08:20:49,0,00:00:00,door not opened
07/08/2025,12,4206,Tuesday,Weekday,West,15648602,30000,08:20:00,30049,08:20:49,26,12828,Crossgates Commons Station (12828),0,10,0,32100.0,08:55:00,32029,08:53:49,32100.0,08:55:00,32055,08:54:15,26,00:00:26,doors opened
07/08/2025,12,4224,Tuesday,Weekday,West,15650114,28800,08:00:00,28869,08:01:09,27,7175,Crossgates Mall Station (07175),0,7,0,31320.0,08:42:00,31266,08:41:06,31320.0,08:42:00,31266,08:41:06,0,00:00:00,doors opened
07/08/2025,12,4224,Tuesday,Weekday,West,15650114,28800,08:00:00,28869,08:01:09,26,12828,Crossgates Commons Station (12828),0,10,7,30900.0,08:35:00,31002,08:36:42,30900.0,08:35:00,31031,08:37:11,29,00:00:29,doors opened
07/08/2025,12,4224,Tuesday,Weekday,West,15650114,28800,08:00:00,28869,08:01:09,25,12891,1475 Washington Ave (12891),0,0,17,,,30823,08:33:43,,,30823,08:33:43,0,00:00:00,door not opened
07/08/2025,12,4224,Tuesday,Weekday,West,15650114,28800,08:00:00,28869,08:01:09,24,7216,SUNY Collins Circle (07216),1,7,17,30540.0,08:29:00,30631,08:30:31,30540.0,08:29:00,30652,08:30:52,21,00:00:21,doors opened
07/08/2025,12,4224,Tuesday,Weekday,West,15650114,28800,08:00:00,28869,08:01:09,23,3262,1383 Washington Ave (Fairfield Inn) (03262),0,6,23,,,30452,08:27:32,,,30507,08:28:27,55,00:00:55,doors opened
07/08/2025,12,4224,Tuesday,Weekday,West,15650114,28800,08:00:00,28869,08:01:09,22,976,Washington Ave & Brevator St (00976),0,0,29,,,30307,08:25:07,,,30333,08:25:33,26,00:00:26,doors opened
07/08/2025,12,4224,Tuesday,Weekday,West,15650114,28800,08:00:00,28869,08:01:09,21,1959,Washington Ave & Colvin Ave (01959),2,2,29,,,30235,08:23:55,,,30284,08:24:44,49,00:00:49,doors opened
07/08/2025,12,4224,Tuesday,Weekday,West,15650114,28800,08:00:00,28869,08:01:09,20,3399,Washington Ave & Danker Ave (03399),1,0,29,,,30194,08:23:14,,,30209,08:23:29,15,00:00:15,doors opened
07/08/2025,12,4224,Tuesday,Weekday,West,15650114,28800,08:00:00,28869,08:01:09,19,1849,Washington Ave & Homestead Ave (01849),2,0,28,,,30150,08:22:30,,,30170,08:22:50,20,00:00:20,doors opened
07/08/2025,12,4224,Tuesday,Weekday,West,15650114,28800,08:00:00,28869,08:01:09,18,1846,Washington Ave & Manning Blvd (01846),0,0,26,,,30131,08:22:11,,,30131,08:22:11,0,00:00:00,door not opened
07/08/2025,12,4224,Tuesday,Weekday,West,15650114,28800,08:00:00,28869,08:01:09,17,3287,Washington Ave & N. Allen St (03287),0,0,26,30060.0,08:21:00,30104,08:21:44,30060.0,08:21:00,30104,08:21:44,0,00:00:00,door not opened
07/08/2025,12,4224,Tuesday,Weekday,West,15650114,28800,08:00:00,28869,08:01:09,16,3264,Washington Ave & N. Main Ave (03264),5,1,26,,,30024,08:20:24,,,30060,08:21:00,36,00:00:36,doors opened
07/08/2025,12,4224,Tuesday,Weekday,West,15650114,28800,08:00:00,28869,08:01:09,15,1839,Washington Ave & Partridge St (01839),1,4,22,,,29893,08:18:13,,,29919,08:18:39,26,00:00:26,doors opened
07/08/2025,12,4224,Tuesday,Weekday,West,15650114,28800,08:00:00,28869,08:01:09,14,1841,Washington Ave & Ontario St (01841),4,0,25,29820.0,08:17:00,29837,08:17:17,29820.0,08:17:00,29868,08:17:48,31,00:00:31,doors opened
07/08/2025,12,4224,Tuesday,Weekday,West,15650114,28800,08:00:00,28869,08:01:09,13,1842,Washington Ave & Quail St (01842),5,0,21,,,29771,08:16:11,,,29807,08:16:47,36,00:00:36,doors opened
07/08/2025,12,4224,Tuesday,Weekday,West,15650114,28800,08:00:00,28869,08:01:09,12,1837,Washington Ave & N. Lake Ave (01837),3,0,16,,,29707,08:15:07,,,29739,08:15:39,32,00:00:32,doors opened
07/08/2025,12,4224,Tuesday,Weekday,West,15650114,28800,08:00:00,28869,08:01:09,11,1843,Washington Ave & Robin St (01843),1,0,13,,,29667,08:14:27,,,29681,08:14:41,14,00:00:14,doors opened
07/08/2025,12,4224,Tuesday,Weekday,West,15650114,28800,08:00:00,28869,08:01:09,10,12943,Washington Ave & Lexington Ave (12943),1,0,12,,,29619,08:13:39,,,29639,08:13:59,20,00:00:20,doors opened
07/08/2025,12,4224,Tuesday,Weekday,West,15650114,28800,08:00:00,28869,08:01:09,9,12942,Washington Ave & Henry Johnson Blvd (12942),1,0,11,,,29561,08:12:41,,,29577,08:12:57,16,00:00:16,doors opened
07/08/2025,12,4224,Tuesday,Weekday,West,15650114,28800,08:00:00,28869,08:01:09,8,3239,Lark/Library Station - Washington Ave & Lark St (03239),4,2,10,29400.0,08:10:00,29432,08:10:32,29400.0,08:10:00,29496,08:11:36,64,00:01:04,doors opened
07/08/2025,12,4224,Tuesday,Weekday,West,15650114,28800,08:00:00,28869,08:01:09,7,3301,Washington Ave & S. Swan St (03301),0,4,8,,,29314,08:08:34,,,29391,08:09:51,77,00:01:17,doors opened
07/08/2025,12,4224,Tuesday,Weekday,West,15650114,28800,08:00:00,28869,08:01:09,6,3250,Hawk/Capitol Station - Washington Ave & Hawk St (03250),0,0,12,,,29290,08:08:10,,,29290,08:08:10,0,00:00:00,door not opened
07/08/2025,12,4224,Tuesday,Weekday,West,15650114,28800,08:00:00,28869,08:01:09,5,10087,State St & Eagle St (10087),0,0,12,,,29226,08:07:06,,,29226,08:07:06,0,00:00:00,door not opened
07/08/2025,12,4224,Tuesday,Weekday,West,15650114,28800,08:00:00,28869,08:01:09,4,2665,State/Downtown Station - State St & Lodge St (02665),3,0,12,29100.0,08:05:00,29167,08:06:07,29100.0,08:05:00,29188,08:06:28,21,00:00:21,doors opened
07/08/2025,12,4224,Tuesday,Weekday,West,15650114,28800,08:00:00,28869,08:01:09,3,3221,State Station - N. Pearl St & Ten Eyck Plaza (03221),7,0,9,,,29062,08:04:22,,,29126,08:05:26,64,00:01:04,doors opened
07/08/2025,12,4224,Tuesday,Weekday,West,15650114,28800,08:00:00,28869,08:01:09,2,3233,N. Pearl St & Sheridan Ave (03233),0,0,2,,,28951,08:02:31,,,28951,08:02:31,0,00:00:00,door not opened
07/08/2025,12,4224,Tuesday,Weekday,West,15650114,28800,08:00:00,28869,08:01:09,1,2168,Clinton Square Station - N. Pearl St & Clinton Ave (02168),1,0,2,,,28913,08:01:53,,,28935,08:02:15,22,00:00:22,doors opened
07/08/2025,12,4224,Tuesday,Weekday,West,15650114,28800,08:00:00,28869,08:01:09,0,9018,Broadway & Orange St (09018),1,0,1,28800.0,08:00:00,28869,08:01:09,28800.0,08:00:00,28869,08:01:09,0,00:00:00,doors opened
07/08/2025,12,4227,Tuesday,Weekday,East,15649685,33300,09:15:00,33405,09:16:45,24,3940,Broadway & Steuben St (03940),0,2,0,35340.0,09:49:00,35608,09:53:28,35340.0,09:49:00,35608,09:53:28,0,00:00:00,doors opened
07/08/2025,12,4227,Tuesday,Weekday,East,15649685,33300,09:15:00,33405,09:16:45,23,2509,State/Downtown Station - State St & S. Pearl St (02509),0,2,2,35160.0,09:46:00,35526,09:52:06,35160.0,09:46:00,35546,09:52:26,20,00:00:20,doors opened
07/08/2025,12,4227,Tuesday,Weekday,East,15649685,33300,09:15:00,33405,09:16:45,22,1787,State St & Eagle St (01787),0,6,4,,,35474,09:51:14,,,35504,09:51:44,30,00:00:30,doors opened
07/08/2025,12,4227,Tuesday,Weekday,East,15649685,33300,09:15:00,33405,09:16:45,21,2706,Hawk/Capitol Station - Washington Ave & Hawk St (02706),0,1,10,,,35310,09:48:30,,,35340,09:49:00,30,00:00:30,doors opened
07/08/2025,12,4227,Tuesday,Weekday,East,15649685,33300,09:15:00,33405,09:16:45,20,1789,Washington Ave & S. Swan St (01789),0,1,11,,,35260,09:47:40,,,35281,09:48:01,21,00:00:21,doors opened
07/08/2025,12,4227,Tuesday,Weekday,East,15649685,33300,09:15:00,33405,09:16:45,19,1788,Washington Ave & Dove St (01788),2,0,12,,,35213,09:46:53,,,35231,09:47:11,18,00:00:18,doors opened
07/08/2025,12,4227,Tuesday,Weekday,East,15649685,33300,09:15:00,33405,09:16:45,18,2663,Lark/Library Station - Washington Ave & Lark St (02663),1,2,10,34860.0,09:41:00,35132,09:45:32,34860.0,09:41:00,35185,09:46:25,53,00:00:53,doors opened
07/08/2025,12,4227,Tuesday,Weekday,East,15649685,33300,09:15:00,33405,09:16:45,17,263,Washington Ave & Henry Johnson Blvd (00263),0,0,11,,,35085,09:44:45,,,35085,09:44:45,0,00:00:00,door not opened
07/08/2025,12,4227,Tuesday,Weekday,East,15649685,33300,09:15:00,33405,09:16:45,16,2096,Washington Ave & Lexington Ave (02096),0,0,11,,,35054,09:44:14,,,35054,09:44:14,0,00:00:00,door not opened
07/08/2025,12,4227,Tuesday,Weekday,East,15649685,33300,09:15:00,33405,09:16:45,15,3253,Washington Ave & Robin St (Draper Hall) (03253),0,0,11,,,35028,09:43:48,,,35028,09:43:48,0,00:00:00,door not opened
07/08/2025,12,4227,Tuesday,Weekday,East,15649685,33300,09:15:00,33405,09:16:45,14,2109,Washington Ave & N. Lake Ave (02109),1,0,11,,,34981,09:43:01,,,35000,09:43:20,19,00:00:19,doors opened
07/08/2025,12,4227,Tuesday,Weekday,East,15649685,33300,09:15:00,33405,09:16:45,13,3255,Washington Ave & Quail St (03255),0,0,10,,,34941,09:42:21,,,34952,09:42:32,11,00:00:11,doors opened
07/08/2025,12,4227,Tuesday,Weekday,East,15649685,33300,09:15:00,33405,09:16:45,12,3256,Washington Ave & Ontario St (03256),3,1,10,34500.0,09:35:00,34890,09:41:30,34500.0,09:35:00,34918,09:41:58,28,00:00:28,doors opened
07/08/2025,12,4227,Tuesday,Weekday,East,15649685,33300,09:15:00,33405,09:16:45,11,2107,Washington Ave & Partridge St (02107),0,1,8,,,34853,09:40:53,,,34871,09:41:11,18,00:00:18,doors opened
07/08/2025,12,4227,Tuesday,Weekday,East,15649685,33300,09:15:00,33405,09:16:45,10,3257,Washington Ave & N. Main Ave (03257),0,1,9,,,34777,09:39:37,,,34797,09:39:57,20,00:00:20,doors opened
07/08/2025,12,4227,Tuesday,Weekday,East,15649685,33300,09:15:00,33405,09:16:45,9,1796,Washington Ave & N. Allen St (01796),0,0,10,34380.0,09:33:00,34718,09:38:38,34380.0,09:33:00,34741,09:39:01,23,00:00:23,doors opened
07/08/2025,12,4227,Tuesday,Weekday,East,15649685,33300,09:15:00,33405,09:16:45,8,11581,Washington Ave & Manning Blvd (11581),1,0,10,,,34623,09:37:03,,,34679,09:37:59,56,00:00:56,doors opened
07/08/2025,12,4227,Tuesday,Weekday,East,15649685,33300,09:15:00,33405,09:16:45,7,2180,Washington Ave & Homestead Ave (02180),0,0,9,,,34601,09:36:41,,,34601,09:36:41,0,00:00:00,door not opened
07/08/2025,12,4227,Tuesday,Weekday,East,15649685,33300,09:15:00,33405,09:16:45,6,2182,Washington Ave & Hawthorne St (02182),0,0,9,,,34580,09:36:20,,,34580,09:36:20,0,00:00:00,door not opened
07/08/2025,12,4227,Tuesday,Weekday,East,15649685,33300,09:15:00,33405,09:16:45,5,3304,Washington Ave & Clermont St (03304),1,1,9,,,34523,09:35:23,,,34553,09:35:53,30,00:00:30,doors opened
07/08/2025,12,4227,Tuesday,Weekday,East,15649685,33300,09:15:00,33405,09:16:45,4,3348,Washington Ave & Brevator St (03348),1,0,9,,,34479,09:34:39,,,34501,09:35:01,22,00:00:22,doors opened
07/08/2025,12,4227,Tuesday,Weekday,East,15649685,33300,09:15:00,33405,09:16:45,3,10134,Washington Ave & SUNY Exit Rd (10134),4,0,8,,,34283,09:31:23,,,34319,09:31:59,36,00:00:36,doors opened
07/08/2025,12,4227,Tuesday,Weekday,East,15649685,33300,09:15:00,33405,09:16:45,2,7216,SUNY Collins Circle (07216),1,0,4,33900.0,09:25:00,34164,09:29:24,33900.0,09:25:00,34180,09:29:40,16,00:00:16,doors opened
07/08/2025,12,4227,Tuesday,Weekday,East,15649685,33300,09:15:00,33405,09:16:45,1,12827,Crossgates Commons Station (12827),3,0,3,33600.0,09:20:00,33805,09:23:25,33600.0,09:20:00,33879,09:24:39,74,00:01:14,doors opened
07/08/2025,12,4227,Tuesday,Weekday,East,15649685,33300,09:15:00,33405,09:16:45,0,7175,Crossgates Mall Station (07175),0,0,0,33300.0,09:15:00,33405,09:16:45,33300.0,09:15:00,33405,09:16:45,0,00:00:00,doors opened
07/08/2025,12,4227,Tuesday,Weekday,East,15649689,39300,10:55:00,39577,10:59:37,24,3940,Broadway & Steuben St (03940),0,0,0,41340.0,11:29:00,41829,11:37:09,41340.0,11:29:00,41829,11:37:09,0,00:00:00,door not opened
07/08/2025,12,4227,Tuesday,Weekday,East,15649689,39300,10:55:00,39577,10:59:37,23,2509,State/Downtown Station - State St & S. Pearl St (02509),0,1,0,41160.0,11:26:00,41636,11:33:56,41160.0,11:26:00,41725,11:35:25,89,00:01:29,doors opened
07/08/2025,12,4227,Tuesday,Weekday,East,15649689,39300,10:55:00,39577,10:59:37,22,1787,State St & Eagle St (01787),0,0,1,,,41616,11:33:36,,,41616,11:33:36,0,00:00:00,door not opened
07/08/2025,12,4227,Tuesday,Weekday,East,15649689,39300,10:55:00,39577,10:59:37,21,2706,Hawk/Capitol Station - Washington Ave & Hawk St (02706),0,0,1,,,41568,11:32:48,,,41568,11:32:48,0,00:00:00,door not opened
07/08/2025,12,4227,Tuesday,Weekday,East,15649689,39300,10:55:00,39577,10:59:37,20,1789,Washington Ave & S. Swan St (01789),0,0,1,,,41545,11:32:25,,,41545,11:32:25,0,00:00:00,door not opened
07/08/2025,12,4227,Tuesday,Weekday,East,15649689,39300,10:55:00,39577,10:59:37,19,1788,Washington Ave & Dove St (01788),0,2,1,,,41469,11:31:09,,,41507,11:31:47,38,00:00:38,doors opened
07/08/2025,12,4227,Tuesday,Weekday,East,15649689,39300,10:55:00,39577,10:59:37,18,2663,Lark/Library Station - Washington Ave & Lark St (02663),0,0,3,40860.0,11:21:00,41439,11:30:39,40860.0,11:21:00,41439,11:30:39,0,00:00:00,door not opened
07/08/2025,12,4227,Tuesday,Weekday,East,15649689,39300,10:55:00,39577,10:59:37,17,263,Washington Ave & Henry Johnson Blvd (00263),0,0,3,,,41411,11:30:11,,,41411,11:30:11,0,00:00:00,door not opened
07/08/2025,12,4227,Tuesday,Weekday,East,15649689,39300,10:55:00,39577,10:59:37,16,2096,Washington Ave & Lexington Ave (02096),0,0,3,,,41374,11:29:34,,,41374,11:29:34,0,00:00:00,door not opened
07/08/2025,12,4227,Tuesday,Weekday,East,15649689,39300,10:55:00,39577,10:59:37,15,3253,Washington Ave & Robin St (Draper Hall) (03253),0,0,3,,,41273,11:27:53,,,41273,11:27:53,0,00:00:00,door not opened
07/08/2025,12,4227,Tuesday,Weekday,East,15649689,39300,10:55:00,39577,10:59:37,14,2109,Washington Ave & N. Lake Ave (02109),0,1,3,,,41212,11:26:52,,,41238,11:27:18,26,00:00:26,doors opened
07/08/2025,12,4227,Tuesday,Weekday,East,15649689,39300,10:55:00,39577,10:59:37,13,3255,Washington Ave & Quail St (03255),1,1,4,,,41066,11:24:26,,,41183,11:26:23,117,00:01:57,doors opened
07/08/2025,12,4227,Tuesday,Weekday,East,15649689,39300,10:55:00,39577,10:59:37,12,3256,Washington Ave & Ontario St (03256),0,0,4,40500.0,11:15:00,41047,11:24:07,40500.0,11:15:00,41047,11:24:07,0,00:00:00,door not opened
07/08/2025,12,4227,Tuesday,Weekday,East,15649689,39300,10:55:00,39577,10:59:37,11,2107,Washington Ave & Partridge St (02107),0,1,4,,,40992,11:23:12,,,41028,11:23:48,36,00:00:36,doors opened
07/08/2025,12,4227,Tuesday,Weekday,East,15649689,39300,10:55:00,39577,10:59:37,10,3257,Washington Ave & N. Main Ave (03257),0,0,5,,,40919,11:21:59,,,40919,11:21:59,0,00:00:00,door not opened
07/08/2025,12,4227,Tuesday,Weekday,East,15649689,39300,10:55:00,39577,10:59:37,9,1796,Washington Ave & N. Allen St (01796),0,4,5,40380.0,11:13:00,40834,11:20:34,40380.0,11:13:00,40855,11:20:55,21,00:00:21,doors opened
07/08/2025,12,4227,Tuesday,Weekday,East,15649689,39300,10:55:00,39577,10:59:37,8,11581,Washington Ave & Manning Blvd (11581),0,0,9,,,40804,11:20:04,,,40804,11:20:04,0,00:00:00,door not opened
07/08/2025,12,4227,Tuesday,Weekday,East,15649689,39300,10:55:00,39577,10:59:37,7,2180,Washington Ave & Homestead Ave (02180),0,0,9,,,40765,11:19:25,,,40765,11:19:25,0,00:00:00,door not opened
07/08/2025,12,4227,Tuesday,Weekday,East,15649689,39300,10:55:00,39577,10:59:37,6,2182,Washington Ave & Hawthorne St (02182),0,0,9,,,40723,11:18:43,,,40723,11:18:43,0,00:00:00,door not opened
07/08/2025,12,4227,Tuesday,Weekday,East,15649689,39300,10:55:00,39577,10:59:37,5,3304,Washington Ave & Clermont St (03304),0,0,9,,,40697,11:18:17,,,40697,11:18:17,0,00:00:00,door not opened
07/08/2025,12,4227,Tuesday,Weekday,East,15649689,39300,10:55:00,39577,10:59:37,4,3348,Washington Ave & Brevator St (03348),1,0,9,,,40628,11:17:08,,,40673,11:17:53,45,00:00:45,doors opened
07/08/2025,12,4227,Tuesday,Weekday,East,15649689,39300,10:55:00,39577,10:59:37,3,10134,Washington Ave & SUNY Exit Rd (10134),1,1,8,,,40482,11:14:42,,,40510,11:15:10,28,00:00:28,doors opened
07/08/2025,12,4227,Tuesday,Weekday,East,15649689,39300,10:55:00,39577,10:59:37,2,7216,SUNY Collins Circle (07216),0,2,8,39900.0,11:05:00,40351,11:12:31,39900.0,11:05:00,40365,11:12:45,14,00:00:14,doors opened
07/08/2025,12,4227,Tuesday,Weekday,East,15649689,39300,10:55:00,39577,10:59:37,1,12827,Crossgates Commons Station (12827),6,0,10,39600.0,11:00:00,39906,11:05:06,39600.0,11:00:00,40025,11:07:05,119,00:01:59,doors opened
07/08/2025,12,4227,Tuesday,Weekday,East,15649689,39300,10:55:00,39577,10:59:37,0,7175,Crossgates Mall Station (07175),1,0,4,39300.0,10:55:00,39577,10:59:37,39300.0,10:55:00,39577,10:59:37,0,00:00:00,doors opened
07/08/2025,12,4227,Tuesday,Weekday,West,15649792,42000,11:40:00,42132,11:42:12,27,7175,Crossgates Mall Station (07175),0,4,0,44400.0,12:20:00,44523,12:22:03,44400.0,12:20:00,44523,12:22:03,0,00:00:00,doors opened
07/08/2025,12,4227,Tuesday,Weekday,West,15649792,42000,11:40:00,42132,11:42:12,26,12828,Crossgates Commons Station (12828),0,9,4,43980.0,12:13:00,44202,12:16:42,43980.0,12:13:00,44243,12:17:23,41,00:00:41,doors opened
07/08/2025,12,4227,Tuesday,Weekday,West,15649792,42000,11:40:00,42132,11:42:12,25,12891,1475 Washington Ave (12891),2,0,13,,,43984,12:13:04,,,43999,12:13:19,15,00:00:15,doors opened
07/08/2025,12,4227,Tuesday,Weekday,West,15649792,42000,11:40:00,42132,11:42:12,24,7216,SUNY Collins Circle (07216),0,2,11,43620.0,12:07:00,43832,12:10:32,43620.0,12:07:00,43849,12:10:49,17,00:00:17,doors opened
07/08/2025,12,4227,Tuesday,Weekday,West,15649792,42000,11:40:00,42132,11:42:12,23,3262,1383 Washington Ave (Fairfield Inn) (03262),0,1,13,,,43719,12:08:39,,,43741,12:09:01,22,00:00:22,doors opened
07/08/2025,12,4227,Tuesday,Weekday,West,15649792,42000,11:40:00,42132,11:42:12,22,976,Washington Ave & Brevator St (00976),0,0,14,,,43606,12:06:46,,,43606,12:06:46,0,00:00:00,door not opened
07/08/2025,12,4227,Tuesday,Weekday,West,15649792,42000,11:40:00,42132,11:42:12,21,1959,Washington Ave & Colvin Ave (01959),0,0,14,,,43573,12:06:13,,,43573,12:06:13,0,00:00:00,door not opened
07/08/2025,12,4227,Tuesday,Weekday,West,15649792,42000,11:40:00,42132,11:42:12,20,3399,Washington Ave & Danker Ave (03399),0,0,14,,,43507,12:05:07,,,43507,12:05:07,0,00:00:00,door not opened
07/08/2025,12,4227,Tuesday,Weekday,West,15649792,42000,11:40:00,42132,11:42:12,19,1849,Washington Ave & Homestead Ave (01849),2,0,14,,,43461,12:04:21,,,43483,12:04:43,22,00:00:22,doors opened
07/08/2025,12,4227,Tuesday,Weekday,West,15649792,42000,11:40:00,42132,11:42:12,18,1846,Washington Ave & Manning Blvd (01846),0,0,12,,,43439,12:03:59,,,43439,12:03:59,0,00:00:00,door not opened
07/08/2025,12,4227,Tuesday,Weekday,West,15649792,42000,11:40:00,42132,11:42:12,17,3287,Washington Ave & N. Allen St (03287),2,0,12,43200.0,12:00:00,43353,12:02:33,43200.0,12:00:00,43375,12:02:55,22,00:00:22,doors opened
07/08/2025,12,4227,Tuesday,Weekday,West,15649792,42000,11:40:00,42132,11:42:12,16,3264,Washington Ave & N. Main Ave (03264),1,0,10,,,43290,12:01:30,,,43317,12:01:57,27,00:00:27,doors opened
07/08/2025,12,4227,Tuesday,Weekday,West,15649792,42000,11:40:00,42132,11:42:12,15,1839,Washington Ave & Partridge St (01839),0,0,9,,,43203,12:00:03,,,43203,12:00:03,0,00:00:00,door not opened
07/08/2025,12,4227,Tuesday,Weekday,West,15649792,42000,11:40:00,42132,11:42:12,14,1841,Washington Ave & Ontario St (01841),0,0,9,42960.0,11:56:00,43153,11:59:13,42960.0,11:56:00,43153,11:59:13,0,00:00:00,door not opened
07/08/2025,12,4227,Tuesday,Weekday,West,15649792,42000,11:40:00,42132,11:42:12,13,1842,Washington Ave & Quail St (01842),0,0,9,,,43063,11:57:43,,,43114,11:58:34,51,00:00:51,doors opened
07/08/2025,12,4227,Tuesday,Weekday,West,15649792,42000,11:40:00,42132,11:42:12,12,1837,Washington Ave & N. Lake Ave (01837),2,0,9,,,42981,11:56:21,,,43032,11:57:12,51,00:00:51,doors opened
07/08/2025,12,4227,Tuesday,Weekday,West,15649792,42000,11:40:00,42132,11:42:12,11,1843,Washington Ave & Robin St (01843),2,1,7,,,42931,11:55:31,,,42954,11:55:54,23,00:00:23,doors opened
07/08/2025,12,4227,Tuesday,Weekday,West,15649792,42000,11:40:00,42132,11:42:12,10,12943,Washington Ave & Lexington Ave (12943),1,0,6,,,42880,11:54:40,,,42902,11:55:02,22,00:00:22,doors opened
07/08/2025,12,4227,Tuesday,Weekday,West,15649792,42000,11:40:00,42132,11:42:12,9,12942,Washington Ave & Henry Johnson Blvd (12942),0,1,5,,,42842,11:54:02,,,42853,11:54:13,11,00:00:11,doors opened
07/08/2025,12,4227,Tuesday,Weekday,West,15649792,42000,11:40:00,42132,11:42:12,8,3239,Lark/Library Station - Washington Ave & Lark St (03239),0,1,6,42540.0,11:49:00,42729,11:52:09,42540.0,11:49:00,42755,11:52:35,26,00:00:26,doors opened
07/08/2025,12,4227,Tuesday,Weekday,West,15649792,42000,11:40:00,42132,11:42:12,7,3301,Washington Ave & S. Swan St (03301),1,1,7,,,42610,11:50:10,,,42654,11:50:54,44,00:00:44,doors opened
07/08/2025,12,4227,Tuesday,Weekday,West,15649792,42000,11:40:00,42132,11:42:12,6,3250,Hawk/Capitol Station - Washington Ave & Hawk St (03250),1,0,7,,,42536,11:48:56,,,42583,11:49:43,47,00:00:47,doors opened
07/08/2025,12,4227,Tuesday,Weekday,West,15649792,42000,11:40:00,42132,11:42:12,5,10087,State St & Eagle St (10087),0,0,6,,,42506,11:48:26,,,42506,11:48:26,0,00:00:00,door not opened
07/08/2025,12,4227,Tuesday,Weekday,West,15649792,42000,11:40:00,42132,11:42:12,4,2665,State/Downtown Station - State St & Lodge St (02665),1,0,6,42240.0,11:44:00,42377,11:46:17,42240.0,11:44:00,42400,11:46:40,23,00:00:23,doors opened
07/08/2025,12,4227,Tuesday,Weekday,West,15649792,42000,11:40:00,42132,11:42:12,3,3221,State Station - N. Pearl St & Ten Eyck Plaza (03221),5,0,5,,,42289,11:44:49,,,42325,11:45:25,36,00:00:36,doors opened
07/08/2025,12,4227,Tuesday,Weekday,West,15649792,42000,11:40:00,42132,11:42:12,2,3233,N. Pearl St & Sheridan Ave (03233),0,0,0,,,42220,11:43:40,,,42220,11:43:40,0,00:00:00,door not opened
07/08/2025,12,4227,Tuesday,Weekday,West,15649792,42000,11:40:00,42132,11:42:12,1,2168,Clinton Square Station - N. Pearl St & Clinton Ave (02168),0,0,0,,,42189,11:43:09,,,42189,11:43:09,0,00:00:00,door not opened
07/08/2025,12,4227,Tuesday,Weekday,West,15649792,42000,11:40:00,42132,11:42:12,0,9018,Broadway & Orange St (09018),0,0,0,42000.0,11:40:00,42132,11:42:12,42000.0,11:40:00,42132,11:42:12,0,00:00:00,door not opened
07/08/2025,12,4228,Tuesday,Weekday,West,15651819,67200,18:40:00,67197,18:39:57,20,3399,Washington Ave & Danker Ave (03399),0,0,10,,,68454,19:00:54,,,68454,19:00:54,0,00:00:00,door not opened
07/08/2025,12,4228,Tuesday,Weekday,West,15651819,67200,18:40:00,67197,18:39:57,19,1849,Washington Ave & Homestead Ave (01849),0,1,10,,,68422,19:00:22,,,68433,19:00:33,11,00:00:11,doors opened
07/08/2025,12,4228,Tuesday,Weekday,West,15651819,67200,18:40:00,67197,18:39:57,18,1846,Washington Ave & Manning Blvd (01846),4,0,11,,,68369,18:59:29,,,68400,19:00:00,31,00:00:31,doors opened
07/08/2025,12,4228,Tuesday,Weekday,West,15651819,67200,18:40:00,67197,18:39:57,17,3287,Washington Ave & N. Allen St (03287),1,0,7,68280.0,18:58:00,68315,18:58:35,68280.0,18:58:00,68338,18:58:58,23,00:00:23,doors opened
07/08/2025,12,4228,Tuesday,Weekday,West,15651819,67200,18:40:00,67197,18:39:57,16,3264,Washington Ave & N. Main Ave (03264),0,0,6,,,68274,18:57:54,,,68274,18:57:54,0,00:00:00,door not opened
07/08/2025,12,4228,Tuesday,Weekday,West,15651819,67200,18:40:00,67197,18:39:57,15,1839,Washington Ave & Partridge St (01839),0,0,6,,,68171,18:56:11,,,68171,18:56:11,0,00:00:00,door not opened
07/08/2025,12,4228,Tuesday,Weekday,West,15651819,67200,18:40:00,67197,18:39:57,14,1841,Washington Ave & Ontario St (01841),0,0,6,68100.0,18:55:00,68139,18:55:39,68100.0,18:55:00,68139,18:55:39,0,00:00:00,door not opened
07/08/2025,12,4228,Tuesday,Weekday,West,15651819,67200,18:40:00,67197,18:39:57,13,1842,Washington Ave & Quail St (01842),2,1,6,,,68030,18:53:50,,,68093,18:54:53,63,00:01:03,doors opened
07/08/2025,12,4228,Tuesday,Weekday,West,15651819,67200,18:40:00,67197,18:39:57,12,1837,Washington Ave & N. Lake Ave (01837),0,1,5,,,67974,18:52:54,,,68002,18:53:22,28,00:00:28,doors opened
07/08/2025,12,4228,Tuesday,Weekday,West,15651819,67200,18:40:00,67197,18:39:57,11,1843,Washington Ave & Robin St (01843),0,0,6,,,67952,18:52:32,,,67952,18:52:32,0,00:00:00,door not opened
07/08/2025,12,4228,Tuesday,Weekday,West,15651819,67200,18:40:00,67197,18:39:57,10,12943,Washington Ave & Lexington Ave (12943),0,0,6,,,67933,18:52:13,,,67933,18:52:13,0,00:00:00,door not opened
07/08/2025,12,4228,Tuesday,Weekday,West,15651819,67200,18:40:00,67197,18:39:57,9,12942,Washington Ave & Henry Johnson Blvd (12942),0,0,6,,,67911,18:51:51,,,67911,18:51:51,0,00:00:00,door not opened
07/08/2025,12,4228,Tuesday,Weekday,West,15651819,67200,18:40:00,67197,18:39:57,8,3239,Lark/Library Station - Washington Ave & Lark St (03239),1,1,6,67680.0,18:48:00,67794,18:49:54,67680.0,18:48:00,67841,18:50:41,47,00:00:47,doors opened
07/08/2025,12,4228,Tuesday,Weekday,West,15651819,67200,18:40:00,67197,18:39:57,7,3301,Washington Ave & S. Swan St (03301),1,0,6,,,67725,18:48:45,,,67760,18:49:20,35,00:00:35,doors opened
07/08/2025,12,4228,Tuesday,Weekday,West,15651819,67200,18:40:00,67197,18:39:57,6,3250,Hawk/Capitol Station - Washington Ave & Hawk St (03250),0,0,5,,,67699,18:48:19,,,67699,18:48:19,0,00:00:00,door not opened
07/08/2025,12,4228,Tuesday,Weekday,West,15651819,67200,18:40:00,67197,18:39:57,5,10087,State St & Eagle St (10087),0,1,5,,,67665,18:47:45,,,67675,18:47:55,10,00:00:10,doors opened
07/08/2025,12,4228,Tuesday,Weekday,West,15651819,67200,18:40:00,67197,18:39:57,4,2665,State/Downtown Station - State St & Lodge St (02665),4,0,6,67440.0,18:44:00,67536,18:45:36,67440.0,18:44:00,67567,18:46:07,31,00:00:31,doors opened
07/08/2025,12,4228,Tuesday,Weekday,West,15651819,67200,18:40:00,67197,18:39:57,3,3221,State Station - N. Pearl St & Ten Eyck Plaza (03221),0,0,2,,,67448,18:44:08,,,67448,18:44:08,0,00:00:00,door not opened
07/08/2025,12,4228,Tuesday,Weekday,West,15651819,67200,18:40:00,67197,18:39:57,2,3233,N. Pearl St & Sheridan Ave (03233),0,0,2,,,67286,18:41:26,,,67286,18:41:26,0,00:00:00,door not opened
07/08/2025,12,4228,Tuesday,Weekday,West,15651819,67200,18:40:00,67197,18:39:57,1,2168,Clinton Square Station - N. Pearl St & Clinton Ave (02168),0,0,2,,,67249,18:40:49,,,67249,18:40:49,0,00:00:00,door not opened
07/08/2025,12,4228,Tuesday,Weekday,West,15651819,67200,18:40:00,67197,18:39:57,0,9018,Broadway & Orange St (09018),0,0,2,67200.0,18:40:00,67197,18:39:57,67200.0,18:40:00,67197,18:39:57,0,00:00:00,door not opened
07/08/2025,12,4228,Tuesday,Weekday,West,15651819,67200,18:40:00,67197,18:39:57,27,7175,Crossgates Mall Station (07175),0,9,0,69480.0,19:18:00,69316,19:15:16,69480.0,19:18:00,69316,19:15:16,0,00:00:00,doors opened
07/08/2025,12,4228,Tuesday,Weekday,West,15651819,67200,18:40:00,67197,18:39:57,26,12828,Crossgates Commons Station (12828),4,7,9,69060.0,19:11:00,69070,19:11:10,69060.0,19:11:00,69110,19:11:50,40,00:00:40,doors opened
07/08/2025,12,4228,Tuesday,Weekday,West,15651819,67200,18:40:00,67197,18:39:57,25,12891,1475 Washington Ave (12891),0,1,12,,,68901,19:08:21,,,68921,19:08:41,20,00:00:20,doors opened
07/08/2025,12,4228,Tuesday,Weekday,West,15651819,67200,18:40:00,67197,18:39:57,24,7216,SUNY Collins Circle (07216),0,0,13,68700.0,19:05:00,68779,19:06:19,68700.0,19:05:00,68779,19:06:19,0,00:00:00,door not opened
07/08/2025,12,4228,Tuesday,Weekday,West,15651819,67200,18:40:00,67197,18:39:57,23,3262,1383 Washington Ave (Fairfield Inn) (03262),2,2,13,,,68659,19:04:19,,,68698,19:04:58,39,00:00:39,doors opened
07/08/2025,12,4228,Tuesday,Weekday,West,15651819,67200,18:40:00,67197,18:39:57,22,976,Washington Ave & Brevator St (00976),1,0,13,,,68556,19:02:36,,,68573,19:02:53,17,00:00:17,doors opened
07/08/2025,12,4228,Tuesday,Weekday,West,15651819,67200,18:40:00,67197,18:39:57,21,1959,Washington Ave & Colvin Ave (01959),2,0,12,,,68486,19:01:26,,,68535,19:02:15,49,00:00:49,doors opened
07/08/2025,12,4228,Tuesday,Weekday,East,15651822,70500,19:35:00,70542,19:35:42,4,3348,Washington Ave & Brevator St (03348),2,10,0,,,71522,19:52:02,,,71538,19:52:18,16,00:00:16,doors opened
07/08/2025,12,4228,Tuesday,Weekday,East,15651822,70500,19:35:00,70542,19:35:42,2,7216,SUNY Collins Circle (07216),0,3,8,71100.0,19:45:00,71177,19:46:17,71100.0,19:45:00,71177,19:46:17,0,00:00:00,door not opened
07/08/2025,12,4228,Tuesday,Weekday,East,15651822,70500,19:35:00,70542,19:35:42,1,12827,Crossgates Commons Station (12827),4,0,11,70800.0,19:40:00,70859,19:40:59,70800.0,19:40:00,70904,19:41:44,45,00:00:45,doors opened
07/08/2025,12,4228,Tuesday,Weekday,East,15651822,70500,19:35:00,70542,19:35:42,0,7175,Crossgates Mall Station (07175),6,0,7,70500.0,19:35:00,70542,19:35:42,70500.0,19:35:00,70542,19:35:42,0,00:00:00,doors opened
07/08/2025,12,4233,Tuesday,Weekday,East,15651825,75300,20:55:00,75345,20:55:45,5,3304,Washington Ave & Clermont St (03304),2,0,23,,,76260,21:11:00,,,76314,21:11:54,54,00:00:54,doors opened
07/08/2025,12,4233,Tuesday,Weekday,East,15651825,75300,20:55:00,75345,20:55:45,4,3348,Washington Ave & Brevator St (03348),0,0,21,,,76244,21:10:44,,,76244,21:10:44,0,00:00:00,door not opened
07/08/2025,12,4233,Tuesday,Weekday,East,15651825,75300,20:55:00,75345,20:55:45,3,10134,Washington Ave & SUNY Exit Rd (10134),0,2,21,,,76109,21:08:29,,,76124,21:08:44,15,00:00:15,doors opened
07/08/2025,12,4233,Tuesday,Weekday,East,15651825,75300,20:55:00,75345,20:55:45,2,7216,SUNY Collins Circle (07216),2,1,23,75900.0,21:05:00,75981,21:06:21,75900.0,21:05:00,76009,21:06:49,28,00:00:28,doors opened
07/08/2025,12,4233,Tuesday,Weekday,East,15651825,75300,20:55:00,75345,20:55:45,1,12827,Crossgates Commons Station (12827),13,1,22,75600.0,21:00:00,75643,21:00:43,75600.0,21:00:00,75711,21:01:51,68,00:01:08,doors opened
07/08/2025,12,4233,Tuesday,Weekday,East,15651825,75300,20:55:00,75345,20:55:45,0,7175,Crossgates Mall Station (07175),10,0,10,75300.0,20:55:00,75345,20:55:45,75300.0,20:55:00,75345,20:55:45,0,00:00:00,doors opened
07/08/2025,12,4233,Tuesday,Weekday,East,15651825,75300,20:55:00,75345,20:55:45,24,3940,Broadway & Steuben St (03940),0,0,0,77280.0,21:28:00,77324,21:28:44,77280.0,21:28:00,77324,21:28:44,0,00:00:00,door not opened
07/08/2025,12,4233,Tuesday,Weekday,East,15651825,75300,20:55:00,75345,20:55:45,23,2509,State/Downtown Station - State St & S. Pearl St (02509),0,5,0,77160.0,21:26:00,77207,21:26:47,77160.0,21:26:00,77250,21:27:30,43,00:00:43,doors opened
07/08/2025,12,4233,Tuesday,Weekday,East,15651825,75300,20:55:00,75345,20:55:45,22,1787,State St & Eagle St (01787),0,0,5,,,77186,21:26:26,,,77186,21:26:26,0,00:00:00,door not opened
07/08/2025,12,4233,Tuesday,Weekday,East,15651825,75300,20:55:00,75345,20:55:45,21,2706,Hawk/Capitol Station - Washington Ave & Hawk St (02706),0,0,5,,,77080,21:24:40,,,77080,21:24:40,0,00:00:00,door not opened
07/08/2025,12,4233,Tuesday,Weekday,East,15651825,75300,20:55:00,75345,20:55:45,20,1789,Washington Ave & S. Swan St (01789),0,0,5,,,77062,21:24:22,,,77062,21:24:22,0,00:00:00,door not opened
07/08/2025,12,4233,Tuesday,Weekday,East,15651825,75300,20:55:00,75345,20:55:45,19,1788,Washington Ave & Dove St (01788),0,0,5,,,77023,21:23:43,,,77023,21:23:43,0,00:00:00,door not opened
07/08/2025,12,4233,Tuesday,Weekday,East,15651825,75300,20:55:00,75345,20:55:45,18,2663,Lark/Library Station - Washington Ave & Lark St (02663),1,0,5,76920.0,21:22:00,76963,21:22:43,76920.0,21:22:00,76978,21:22:58,15,00:00:15,doors opened
07/08/2025,12,4233,Tuesday,Weekday,East,15651825,75300,20:55:00,75345,20:55:45,17,263,Washington Ave & Henry Johnson Blvd (00263),0,0,4,,,76911,21:21:51,,,76911,21:21:51,0,00:00:00,door not opened
07/08/2025,12,4233,Tuesday,Weekday,East,15651825,75300,20:55:00,75345,20:55:45,16,2096,Washington Ave & Lexington Ave (02096),0,2,4,,,76816,21:20:16,,,76867,21:21:07,51,00:00:51,doors opened
07/08/2025,12,4233,Tuesday,Weekday,East,15651825,75300,20:55:00,75345,20:55:45,15,3253,Washington Ave & Robin St (Draper Hall) (03253),0,1,6,,,76775,21:19:35,,,76798,21:19:58,23,00:00:23,doors opened
07/08/2025,12,4233,Tuesday,Weekday,East,15651825,75300,20:55:00,75345,20:55:45,14,2109,Washington Ave & N. Lake Ave (02109),0,1,7,,,76735,21:18:55,,,76752,21:19:12,17,00:00:17,doors opened
07/08/2025,12,4233,Tuesday,Weekday,East,15651825,75300,20:55:00,75345,20:55:45,13,3255,Washington Ave & Quail St (03255),0,6,8,,,76693,21:18:13,,,76710,21:18:30,17,00:00:17,doors opened
07/08/2025,12,4233,Tuesday,Weekday,East,15651825,75300,20:55:00,75345,20:55:45,12,3256,Washington Ave & Ontario St (03256),1,1,14,76560.0,21:16:00,76652,21:17:32,76560.0,21:16:00,76672,21:17:52,20,00:00:20,doors opened
07/08/2025,12,4233,Tuesday,Weekday,East,15651825,75300,20:55:00,75345,20:55:45,11,2107,Washington Ave & Partridge St (02107),0,5,14,,,76613,21:16:53,,,76630,21:17:10,17,00:00:17,doors opened
07/08/2025,12,4233,Tuesday,Weekday,East,15651825,75300,20:55:00,75345,20:55:45,10,3257,Washington Ave & N. Main Ave (03257),0,0,19,,,76558,21:15:58,,,76558,21:15:58,0,00:00:00,door not opened
07/08/2025,12,4233,Tuesday,Weekday,East,15651825,75300,20:55:00,75345,20:55:45,9,1796,Washington Ave & N. Allen St (01796),0,0,19,76380.0,21:13:00,76478,21:14:38,76380.0,21:13:00,76478,21:14:38,0,00:00:00,door not opened
07/08/2025,12,4233,Tuesday,Weekday,East,15651825,75300,20:55:00,75345,20:55:45,8,11581,Washington Ave & Manning Blvd (11581),1,2,19,,,76419,21:13:39,,,76436,21:13:56,17,00:00:17,doors opened
07/08/2025,12,4233,Tuesday,Weekday,East,15651825,75300,20:55:00,75345,20:55:45,7,2180,Washington Ave & Homestead Ave (02180),0,3,20,,,76363,21:12:43,,,76398,21:13:18,35,00:00:35,doors opened
07/08/2025,12,4233,Tuesday,Weekday,East,15651825,75300,20:55:00,75345,20:55:45,6,2182,Washington Ave & Hawthorne St (02182),0,0,23,,,76340,21:12:20,,,76340,21:12:20,0,00:00:00,door not opened
07/08/2025,12,4233,Tuesday,Weekday,East,15649935,22800,06:20:00,22826,06:20:26,24,3940,Broadway & Steuben St (03940),0,0,0,24720.0,06:52:00,24866,06:54:26,24720.0,06:52:00,24866,06:54:26,0,00:00:00,door not opened
07/08/2025,12,4233,Tuesday,Weekday,East,15649935,22800,06:20:00,22826,06:20:26,23,2509,State/Downtown Station - State St & S. Pearl St (02509),1,8,0,24540.0,06:49:00,24681,06:51:21,24540.0,06:49:00,24743,06:52:23,62,00:01:02,doors opened
07/08/2025,12,4233,Tuesday,Weekday,East,15649935,22800,06:20:00,22826,06:20:26,22,1787,State St & Eagle St (01787),0,0,7,,,24663,06:51:03,,,24663,06:51:03,0,00:00:00,door not opened
07/08/2025,12,4233,Tuesday,Weekday,East,15649935,22800,06:20:00,22826,06:20:26,21,2706,Hawk/Capitol Station - Washington Ave & Hawk St (02706),0,1,7,,,24491,06:48:11,,,24541,06:49:01,50,00:00:50,doors opened
07/08/2025,12,4233,Tuesday,Weekday,East,15649935,22800,06:20:00,22826,06:20:26,20,1789,Washington Ave & S. Swan St (01789),0,3,8,,,24428,06:47:08,,,24463,06:47:43,35,00:00:35,doors opened
07/08/2025,12,4233,Tuesday,Weekday,East,15649935,22800,06:20:00,22826,06:20:26,19,1788,Washington Ave & Dove St (01788),0,1,11,,,24386,06:46:26,,,24397,06:46:37,11,00:00:11,doors opened
07/08/2025,12,4233,Tuesday,Weekday,East,15649935,22800,06:20:00,22826,06:20:26,18,2663,Lark/Library Station - Washington Ave & Lark St (02663),0,0,12,24240.0,06:44:00,24363,06:46:03,24240.0,06:44:00,24363,06:46:03,0,00:00:00,door not opened
07/08/2025,12,4233,Tuesday,Weekday,East,15649935,22800,06:20:00,22826,06:20:26,17,263,Washington Ave & Henry Johnson Blvd (00263),0,1,12,,,24210,06:43:30,,,24276,06:44:36,66,00:01:06,doors opened
07/08/2025,12,4233,Tuesday,Weekday,East,15649935,22800,06:20:00,22826,06:20:26,16,2096,Washington Ave & Lexington Ave (02096),1,2,13,,,24130,06:42:10,,,24183,06:43:03,53,00:00:53,doors opened
07/08/2025,12,4233,Tuesday,Weekday,East,15649935,22800,06:20:00,22826,06:20:26,15,3253,Washington Ave & Robin St (Draper Hall) (03253),0,0,14,,,24093,06:41:33,,,24110,06:41:50,17,00:00:17,doors opened
07/08/2025,12,4233,Tuesday,Weekday,East,15649935,22800,06:20:00,22826,06:20:26,14,2109,Washington Ave & N. Lake Ave (02109),2,1,14,,,24044,06:40:44,,,24071,06:41:11,27,00:00:27,doors opened
07/08/2025,12,4233,Tuesday,Weekday,East,15649935,22800,06:20:00,22826,06:20:26,13,3255,Washington Ave & Quail St (03255),2,0,13,,,23975,06:39:35,,,24018,06:40:18,43,00:00:43,doors opened
07/08/2025,12,4233,Tuesday,Weekday,East,15649935,22800,06:20:00,22826,06:20:26,12,3256,Washington Ave & Ontario St (03256),0,0,11,23940.0,06:39:00,23958,06:39:18,23940.0,06:39:00,23958,06:39:18,0,00:00:00,door not opened
07/08/2025,12,4233,Tuesday,Weekday,East,15649935,22800,06:20:00,22826,06:20:26,11,2107,Washington Ave & Partridge St (02107),0,0,11,,,23933,06:38:53,,,23933,06:38:53,0,00:00:00,door not opened
07/08/2025,12,4233,Tuesday,Weekday,East,15649935,22800,06:20:00,22826,06:20:26,10,3257,Washington Ave & N. Main Ave (03257),0,0,11,,,23874,06:37:54,,,23874,06:37:54,0,00:00:00,door not opened
07/08/2025,12,4233,Tuesday,Weekday,East,15649935,22800,06:20:00,22826,06:20:26,9,1796,Washington Ave & N. Allen St (01796),2,0,11,23820.0,06:37:00,23787,06:36:27,23820.0,06:37:00,23806,06:36:46,19,00:00:19,doors opened
07/08/2025,12,4233,Tuesday,Weekday,East,15649935,22800,06:20:00,22826,06:20:26,8,11581,Washington Ave & Manning Blvd (11581),0,0,9,,,23754,06:35:54,,,23754,06:35:54,0,00:00:00,door not opened
07/08/2025,12,4233,Tuesday,Weekday,East,15649935,22800,06:20:00,22826,06:20:26,7,2180,Washington Ave & Homestead Ave (02180),1,1,9,,,23715,06:35:15,,,23731,06:35:31,16,00:00:16,doors opened
07/08/2025,12,4233,Tuesday,Weekday,East,15649935,22800,06:20:00,22826,06:20:26,6,2182,Washington Ave & Hawthorne St (02182),0,0,9,,,23689,06:34:49,,,23689,06:34:49,0,00:00:00,door not opened
07/08/2025,12,4233,Tuesday,Weekday,East,15649935,22800,06:20:00,22826,06:20:26,5,3304,Washington Ave & Clermont St (03304),0,0,9,,,23673,06:34:33,,,23673,06:34:33,0,00:00:00,door not opened
07/08/2025,12,4233,Tuesday,Weekday,East,15649935,22800,06:20:00,22826,06:20:26,4,3348,Washington Ave & Brevator St (03348),0,0,9,,,23619,06:33:39,,,23619,06:33:39,0,00:00:00,door not opened
07/08/2025,12,4233,Tuesday,Weekday,East,15649935,22800,06:20:00,22826,06:20:26,3,10134,Washington Ave & SUNY Exit Rd (10134),6,0,9,,,23470,06:31:10,,,23505,06:31:45,35,00:00:35,doors opened
07/08/2025,12,4233,Tuesday,Weekday,East,15649935,22800,06:20:00,22826,06:20:26,2,7216,SUNY Collins Circle (07216),1,0,3,23340.0,06:29:00,23358,06:29:18,23340.0,06:29:00,23372,06:29:32,14,00:00:14,doors opened
07/08/2025,12,4233,Tuesday,Weekday,East,15649935,22800,06:20:00,22826,06:20:26,1,12827,Crossgates Commons Station (12827),1,0,2,23040.0,06:24:00,23072,06:24:32,23040.0,06:24:00,23088,06:24:48,16,00:00:16,doors opened
07/08/2025,12,4233,Tuesday,Weekday,East,15649935,22800,06:20:00,22826,06:20:26,0,7175,Crossgates Mall Station (07175),1,0,1,22800.0,06:20:00,22826,06:20:26,22800.0,06:20:00,22826,06:20:26,0,00:00:00,doors opened
07/08/2025,12,4233,Tuesday,Weekday,East,15649950,45300,12:35:00,45349,12:35:49,1,12827,Crossgates Commons Station (12827),3,3,11,45600.0,12:40:00,45660,12:41:00,45600.0,12:40:00,45740,12:42:20,80,00:01:20,doors opened
07/08/2025,12,4233,Tuesday,Weekday,East,15649950,45300,12:35:00,45349,12:35:49,0,7175,Crossgates Mall Station (07175),8,0,11,45300.0,12:35:00,45349,12:35:49,45300.0,12:35:00,45349,12:35:49,0,00:00:00,doors opened
07/08/2025,12,4233,Tuesday,Weekday,East,15649950,45300,12:35:00,45349,12:35:49,23,2509,State/Downtown Station - State St & S. Pearl St (02509),1,7,0,47280.0,13:08:00,47377,13:09:37,47280.0,13:08:00,47377,13:09:37,0,00:00:00,doors opened
07/08/2025,12,4233,Tuesday,Weekday,East,15649950,45300,12:35:00,45349,12:35:49,22,1787,State St & Eagle St (01787),0,0,6,,,47358,13:09:18,,,47358,13:09:18,0,00:00:00,door not opened
07/08/2025,12,4233,Tuesday,Weekday,East,15649950,45300,12:35:00,45349,12:35:49,21,2706,Hawk/Capitol Station - Washington Ave & Hawk St (02706),0,0,6,,,47218,13:06:58,,,47218,13:06:58,0,00:00:00,door not opened
07/08/2025,12,4233,Tuesday,Weekday,East,15649950,45300,12:35:00,45349,12:35:49,20,1789,Washington Ave & S. Swan St (01789),0,2,6,,,47105,13:05:05,,,47180,13:06:20,75,00:01:15,doors opened
07/08/2025,12,4233,Tuesday,Weekday,East,15649950,45300,12:35:00,45349,12:35:49,19,1788,Washington Ave & Dove St (01788),0,1,8,,,47046,13:04:06,,,47080,13:04:40,34,00:00:34,doors opened
07/08/2025,12,4233,Tuesday,Weekday,East,15649950,45300,12:35:00,45349,12:35:49,18,2663,Lark/Library Station - Washington Ave & Lark St (02663),0,1,9,46980.0,13:03:00,46953,13:02:33,46980.0,13:03:00,47011,13:03:31,58,00:00:58,doors opened
07/08/2025,12,4233,Tuesday,Weekday,East,15649950,45300,12:35:00,45349,12:35:49,17,263,Washington Ave & Henry Johnson Blvd (00263),0,1,10,,,46883,13:01:23,,,46905,13:01:45,22,00:00:22,doors opened
07/08/2025,12,4233,Tuesday,Weekday,East,15649950,45300,12:35:00,45349,12:35:49,16,2096,Washington Ave & Lexington Ave (02096),2,0,11,,,46817,13:00:17,,,46854,13:00:54,37,00:00:37,doors opened
07/08/2025,12,4233,Tuesday,Weekday,East,15649950,45300,12:35:00,45349,12:35:49,15,3253,Washington Ave & Robin St (Draper Hall) (03253),0,4,9,,,46775,12:59:35,,,46801,13:00:01,26,00:00:26,doors opened
07/08/2025,12,4233,Tuesday,Weekday,East,15649950,45300,12:35:00,45349,12:35:49,14,2109,Washington Ave & N. Lake Ave (02109),0,0,13,,,46754,12:59:14,,,46754,12:59:14,0,00:00:00,door not opened
07/08/2025,12,4233,Tuesday,Weekday,East,15649950,45300,12:35:00,45349,12:35:49,13,3255,Washington Ave & Quail St (03255),0,2,13,,,46664,12:57:44,,,46700,12:58:20,36,00:00:36,doors opened
07/08/2025,12,4233,Tuesday,Weekday,East,15649950,45300,12:35:00,45349,12:35:49,12,3256,Washington Ave & Ontario St (03256),0,1,15,46560.0,12:56:00,46629,12:57:09,46560.0,12:56:00,46641,12:57:21,12,00:00:12,doors opened
07/08/2025,12,4233,Tuesday,Weekday,East,15649950,45300,12:35:00,45349,12:35:49,11,2107,Washington Ave & Partridge St (02107),0,2,16,,,46594,12:56:34,,,46608,12:56:48,14,00:00:14,doors opened
07/08/2025,12,4233,Tuesday,Weekday,East,15649950,45300,12:35:00,45349,12:35:49,10,3257,Washington Ave & N. Main Ave (03257),1,0,18,,,46467,12:54:27,,,46496,12:54:56,29,00:00:29,doors opened
07/08/2025,12,4233,Tuesday,Weekday,East,15649950,45300,12:35:00,45349,12:35:49,9,1796,Washington Ave & N. Allen St (01796),2,2,17,46380.0,12:53:00,46415,12:53:35,46380.0,12:53:00,46436,12:53:56,21,00:00:21,doors opened
07/08/2025,12,4233,Tuesday,Weekday,East,15649950,45300,12:35:00,45349,12:35:49,8,11581,Washington Ave & Manning Blvd (11581),0,0,17,,,46387,12:53:07,,,46387,12:53:07,0,00:00:00,door not opened
07/08/2025,12,4233,Tuesday,Weekday,East,15649950,45300,12:35:00,45349,12:35:49,7,2180,Washington Ave & Homestead Ave (02180),2,0,17,,,46307,12:51:47,,,46338,12:52:18,31,00:00:31,doors opened
07/08/2025,12,4233,Tuesday,Weekday,East,15649950,45300,12:35:00,45349,12:35:49,6,2182,Washington Ave & Hawthorne St (02182),2,0,15,,,46269,12:51:09,,,46282,12:51:22,13,00:00:13,doors opened
07/08/2025,12,4233,Tuesday,Weekday,East,15649950,45300,12:35:00,45349,12:35:49,5,3304,Washington Ave & Clermont St (03304),0,0,13,,,46241,12:50:41,,,46241,12:50:41,0,00:00:00,door not opened
07/08/2025,12,4233,Tuesday,Weekday,East,15649950,45300,12:35:00,45349,12:35:49,4,3348,Washington Ave & Brevator St (03348),1,0,13,,,46178,12:49:38,,,46201,12:50:01,23,00:00:23,doors opened
07/08/2025,12,4233,Tuesday,Weekday,East,15649950,45300,12:35:00,45349,12:35:49,3,10134,Washington Ave & SUNY Exit Rd (10134),1,1,12,,,46036,12:47:16,,,46051,12:47:31,15,00:00:15,doors opened
07/08/2025,12,4233,Tuesday,Weekday,East,15649950,45300,12:35:00,45349,12:35:49,2,7216,SUNY Collins Circle (07216),1,0,12,45900.0,12:45:00,45935,12:45:35,45900.0,12:45:00,45945,12:45:45,10,00:00:10,doors opened
07/08/2025,12,4233,Tuesday,Weekday,East,15649939,28500,07:55:00,28515,07:55:15,1,12827,Crossgates Commons Station (12827),5,0,6,28800.0,08:00:00,28789,07:59:49,28800.0,08:00:00,28872,08:01:12,83,00:01:23,doors opened
07/08/2025,12,4233,Tuesday,Weekday,East,15649939,28500,07:55:00,28515,07:55:15,0,7175,Crossgates Mall Station (07175),1,0,1,28500.0,07:55:00,28515,07:55:15,28500.0,07:55:00,28515,07:55:15,0,00:00:00,doors opened
07/08/2025,12,4233,Tuesday,Weekday,East,15649939,28500,07:55:00,28515,07:55:15,24,3940,Broadway & Steuben St (03940),0,3,0,30840.0,08:34:00,30695,08:31:35,30840.0,08:34:00,30695,08:31:35,0,00:00:00,doors opened
07/08/2025,12,4233,Tuesday,Weekday,East,15649939,28500,07:55:00,28515,07:55:15,23,2509,State/Downtown Station - State St & S. Pearl St (02509),0,5,3,30660.0,08:31:00,30542,08:29:02,30660.0,08:31:00,30607,08:30:07,65,00:01:05,doors opened
07/08/2025,12,4233,Tuesday,Weekday,East,15649939,28500,07:55:00,28515,07:55:15,22,1787,State St & Eagle St (01787),0,0,8,,,30522,08:28:42,,,30522,08:28:42,0,00:00:00,door not opened
07/08/2025,12,4233,Tuesday,Weekday,East,15649939,28500,07:55:00,28515,07:55:15,21,2706,Hawk/Capitol Station - Washington Ave & Hawk St (02706),0,4,8,,,30441,08:27:21,,,30451,08:27:31,10,00:00:10,doors opened
07/08/2025,12,4233,Tuesday,Weekday,East,15649939,28500,07:55:00,28515,07:55:15,20,1789,Washington Ave & S. Swan St (01789),0,6,12,,,30381,08:26:21,,,30414,08:26:54,33,00:00:33,doors opened
07/08/2025,12,4233,Tuesday,Weekday,East,15649939,28500,07:55:00,28515,07:55:15,19,1788,Washington Ave & Dove St (01788),0,0,18,,,30357,08:25:57,,,30357,08:25:57,0,00:00:00,door not opened
07/08/2025,12,4233,Tuesday,Weekday,East,15649939,28500,07:55:00,28515,07:55:15,18,2663,Lark/Library Station - Washington Ave & Lark St (02663),1,3,18,30240.0,08:24:00,30272,08:24:32,30240.0,08:24:00,30319,08:25:19,47,00:00:47,doors opened
07/08/2025,12,4233,Tuesday,Weekday,East,15649939,28500,07:55:00,28515,07:55:15,17,263,Washington Ave & Henry Johnson Blvd (00263),0,1,20,,,30219,08:23:39,,,30228,08:23:48,9,00:00:09,doors opened
07/08/2025,12,4233,Tuesday,Weekday,East,15649939,28500,07:55:00,28515,07:55:15,16,2096,Washington Ave & Lexington Ave (02096),0,0,21,,,30121,08:22:01,,,30121,08:22:01,0,00:00:00,door not opened
07/08/2025,12,4233,Tuesday,Weekday,East,15649939,28500,07:55:00,28515,07:55:15,15,3253,Washington Ave & Robin St (Draper Hall) (03253),0,5,21,,,30066,08:21:06,,,30095,08:21:35,29,00:00:29,doors opened
07/08/2025,12,4233,Tuesday,Weekday,East,15649939,28500,07:55:00,28515,07:55:15,14,2109,Washington Ave & N. Lake Ave (02109),1,0,26,,,30033,08:20:33,,,30045,08:20:45,12,00:00:12,doors opened
07/08/2025,12,4233,Tuesday,Weekday,East,15649939,28500,07:55:00,28515,07:55:15,13,3255,Washington Ave & Quail St (03255),1,1,25,,,29989,08:19:49,,,30009,08:20:09,20,00:00:20,doors opened
07/08/2025,12,4233,Tuesday,Weekday,East,15649939,28500,07:55:00,28515,07:55:15,12,3256,Washington Ave & Ontario St (03256),2,1,25,29820.0,08:17:00,29936,08:18:56,29820.0,08:17:00,29969,08:19:29,33,00:00:33,doors opened
07/08/2025,12,4233,Tuesday,Weekday,East,15649939,28500,07:55:00,28515,07:55:15,11,2107,Washington Ave & Partridge St (02107),1,0,24,,,29899,08:18:19,,,29915,08:18:35,16,00:00:16,doors opened
07/08/2025,12,4233,Tuesday,Weekday,East,15649939,28500,07:55:00,28515,07:55:15,10,3257,Washington Ave & N. Main Ave (03257),3,2,23,,,29780,08:16:20,,,29814,08:16:54,34,00:00:34,doors opened
07/08/2025,12,4233,Tuesday,Weekday,East,15649939,28500,07:55:00,28515,07:55:15,9,1796,Washington Ave & N. Allen St (01796),4,2,22,29640.0,08:14:00,29727,08:15:27,29640.0,08:14:00,29751,08:15:51,24,00:00:24,doors opened
07/08/2025,12,4233,Tuesday,Weekday,East,15649939,28500,07:55:00,28515,07:55:15,8,11581,Washington Ave & Manning Blvd (11581),2,0,20,,,29633,08:13:53,,,29696,08:14:56,63,00:01:03,doors opened
07/08/2025,12,4233,Tuesday,Weekday,East,15649939,28500,07:55:00,28515,07:55:15,7,2180,Washington Ave & Homestead Ave (02180),1,0,18,,,29587,08:13:07,,,29607,08:13:27,20,00:00:20,doors opened
07/08/2025,12,4233,Tuesday,Weekday,East,15649939,28500,07:55:00,28515,07:55:15,6,2182,Washington Ave & Hawthorne St (02182),2,0,17,,,29544,08:12:24,,,29562,08:12:42,18,00:00:18,doors opened
07/08/2025,12,4233,Tuesday,Weekday,East,15649939,28500,07:55:00,28515,07:55:15,5,3304,Washington Ave & Clermont St (03304),2,0,15,,,29494,08:11:34,,,29516,08:11:56,22,00:00:22,doors opened
07/08/2025,12,4233,Tuesday,Weekday,East,15649939,28500,07:55:00,28515,07:55:15,4,3348,Washington Ave & Brevator St (03348),0,0,13,,,29459,08:10:59,,,29473,08:11:13,14,00:00:14,doors opened
07/08/2025,12,4233,Tuesday,Weekday,East,15649939,28500,07:55:00,28515,07:55:15,3,10134,Washington Ave & SUNY Exit Rd (10134),7,1,13,,,29297,08:08:17,,,29332,08:08:52,35,00:00:35,doors opened
07/08/2025,12,4233,Tuesday,Weekday,East,15649939,28500,07:55:00,28515,07:55:15,2,7216,SUNY Collins Circle (07216),1,0,7,29100.0,08:05:00,29158,08:05:58,29100.0,08:05:00,29171,08:06:11,13,00:00:13,doors opened
07/08/2025,12,4233,Tuesday,Weekday,West,15649941,31200,08:40:00,31307,08:41:47,27,7175,Crossgates Mall Station (07175),0,3,1,33720.0,09:22:00,33652,09:20:52,33720.0,09:22:00,33652,09:20:52,0,00:00:00,doors opened
07/08/2025,12,4233,Tuesday,Weekday,West,15649941,31200,08:40:00,31307,08:41:47,26,12828,Crossgates Commons Station (12828),0,7,4,33300.0,09:15:00,33450,09:17:30,33300.0,09:15:00,33470,09:17:50,20,00:00:20,doors opened
07/08/2025,12,4233,Tuesday,Weekday,West,15649941,31200,08:40:00,31307,08:41:47,25,12891,1475 Washington Ave (12891),1,0,11,,,33265,09:14:25,,,33275,09:14:35,10,00:00:10,doors opened
07/08/2025,12,4233,Tuesday,Weekday,West,15649941,31200,08:40:00,31307,08:41:47,24,7216,SUNY Collins Circle (07216),0,5,10,32940.0,09:09:00,33069,09:11:09,32940.0,09:09:00,33084,09:11:24,15,00:00:15,doors opened
07/08/2025,12,4233,Tuesday,Weekday,West,15649941,31200,08:40:00,31307,08:41:47,23,3262,1383 Washington Ave (Fairfield Inn) (03262),0,1,15,,,32974,09:09:34,,,32994,09:09:54,20,00:00:20,doors opened
07/08/2025,12,4233,Tuesday,Weekday,West,15649941,31200,08:40:00,31307,08:41:47,22,976,Washington Ave & Brevator St (00976),0,2,16,,,32857,09:07:37,,,32870,09:07:50,13,00:00:13,doors opened
07/08/2025,12,4233,Tuesday,Weekday,West,15649941,31200,08:40:00,31307,08:41:47,21,1959,Washington Ave & Colvin Ave (01959),0,2,18,,,32812,09:06:52,,,32835,09:07:15,23,00:00:23,doors opened
07/08/2025,12,4233,Tuesday,Weekday,West,15649941,31200,08:40:00,31307,08:41:47,20,3399,Washington Ave & Danker Ave (03399),1,0,20,,,32772,09:06:12,,,32789,09:06:29,17,00:00:17,doors opened
07/08/2025,12,4233,Tuesday,Weekday,West,15649941,31200,08:40:00,31307,08:41:47,19,1849,Washington Ave & Homestead Ave (01849),5,0,19,,,32727,09:05:27,,,32750,09:05:50,23,00:00:23,doors opened
07/08/2025,12,4233,Tuesday,Weekday,West,15649941,31200,08:40:00,31307,08:41:47,18,1846,Washington Ave & Manning Blvd (01846),0,0,14,,,32701,09:05:01,,,32701,09:05:01,0,00:00:00,door not opened
07/08/2025,12,4233,Tuesday,Weekday,West,15649941,31200,08:40:00,31307,08:41:47,17,3287,Washington Ave & N. Allen St (03287),2,0,14,32460.0,09:01:00,32604,09:03:24,32460.0,09:01:00,32626,09:03:46,22,00:00:22,doors opened
07/08/2025,12,4233,Tuesday,Weekday,West,15649941,31200,08:40:00,31307,08:41:47,16,3264,Washington Ave & N. Main Ave (03264),2,1,12,,,32553,09:02:33,,,32576,09:02:56,23,00:00:23,doors opened
07/08/2025,12,4233,Tuesday,Weekday,West,15649941,31200,08:40:00,31307,08:41:47,15,1839,Washington Ave & Partridge St (01839),0,0,11,,,32459,09:00:59,,,32459,09:00:59,0,00:00:00,door not opened
07/08/2025,12,4233,Tuesday,Weekday,West,15649941,31200,08:40:00,31307,08:41:47,14,1841,Washington Ave & Ontario St (01841),1,0,11,32220.0,08:57:00,32423,09:00:23,32220.0,08:57:00,32438,09:00:38,15,00:00:15,doors opened
07/08/2025,12,4233,Tuesday,Weekday,West,15649941,31200,08:40:00,31307,08:41:47,13,1842,Washington Ave & Quail St (01842),1,0,10,,,32380,08:59:40,,,32400,09:00:00,20,00:00:20,doors opened
07/08/2025,12,4233,Tuesday,Weekday,West,15649941,31200,08:40:00,31307,08:41:47,12,1837,Washington Ave & N. Lake Ave (01837),0,0,9,,,32357,08:59:17,,,32357,08:59:17,0,00:00:00,door not opened
07/08/2025,12,4233,Tuesday,Weekday,West,15649941,31200,08:40:00,31307,08:41:47,11,1843,Washington Ave & Robin St (01843),0,1,9,,,32317,08:58:37,,,32326,08:58:46,9,00:00:09,doors opened
07/08/2025,12,4233,Tuesday,Weekday,West,15649941,31200,08:40:00,31307,08:41:47,10,12943,Washington Ave & Lexington Ave (12943),1,1,10,,,32276,08:57:56,,,32288,08:58:08,12,00:00:12,doors opened
07/08/2025,12,4233,Tuesday,Weekday,West,15649941,31200,08:40:00,31307,08:41:47,9,12942,Washington Ave & Henry Johnson Blvd (12942),2,0,10,,,32195,08:56:35,,,32218,08:56:58,23,00:00:23,doors opened
07/08/2025,12,4233,Tuesday,Weekday,West,15649941,31200,08:40:00,31307,08:41:47,8,3239,Lark/Library Station - Washington Ave & Lark St (03239),6,2,8,31800.0,08:50:00,31989,08:53:09,31800.0,08:50:00,32134,08:55:34,145,00:02:25,doors opened
07/08/2025,12,4233,Tuesday,Weekday,West,15649941,31200,08:40:00,31307,08:41:47,7,3301,Washington Ave & S. Swan St (03301),1,4,4,,,31914,08:51:54,,,31954,08:52:34,40,00:00:40,doors opened
07/08/2025,12,4233,Tuesday,Weekday,West,15649941,31200,08:40:00,31307,08:41:47,6,3250,Hawk/Capitol Station - Washington Ave & Hawk St (03250),0,2,7,,,31842,08:50:42,,,31891,08:51:31,49,00:00:49,doors opened
07/08/2025,12,4233,Tuesday,Weekday,West,15649941,31200,08:40:00,31307,08:41:47,5,10087,State St & Eagle St (10087),0,0,9,,,31819,08:50:19,,,31819,08:50:19,0,00:00:00,door not opened
07/08/2025,12,4233,Tuesday,Weekday,West,15649941,31200,08:40:00,31307,08:41:47,4,2665,State/Downtown Station - State St & Lodge St (02665),6,2,9,31500.0,08:45:00,31626,08:47:06,31500.0,08:45:00,31735,08:48:55,109,00:01:49,doors opened
07/08/2025,12,4233,Tuesday,Weekday,West,15649941,31200,08:40:00,31307,08:41:47,3,3221,State Station - N. Pearl St & Ten Eyck Plaza (03221),2,0,5,,,31547,08:45:47,,,31599,08:46:39,52,00:00:52,doors opened
07/08/2025,12,4233,Tuesday,Weekday,West,15649941,31200,08:40:00,31307,08:41:47,2,3233,N. Pearl St & Sheridan Ave (03233),1,0,3,,,31468,08:44:28,,,31481,08:44:41,13,00:00:13,doors opened
07/08/2025,12,4233,Tuesday,Weekday,West,15649941,31200,08:40:00,31307,08:41:47,1,2168,Clinton Square Station - N. Pearl St & Clinton Ave (02168),2,0,2,,,31430,08:43:50,,,31455,08:44:15,25,00:00:25,doors opened
07/08/2025,12,4233,Tuesday,Weekday,West,15649941,31200,08:40:00,31307,08:41:47,0,9018,Broadway & Orange St (09018),0,0,0,31200.0,08:40:00,31307,08:41:47,31200.0,08:40:00,31307,08:41:47,0,00:00:00,door not opened
07/08/2025,12,4233,Tuesday,Weekday,West,15649945,37200,10:20:00,37317,10:21:57,7,3301,Washington Ave & S. Swan St (03301),1,0,8,,,37733,10:28:53,,,37747,10:29:07,14,00:00:14,doors opened
07/08/2025,12,4233,Tuesday,Weekday,West,15649945,37200,10:20:00,37317,10:21:57,6,3250,Hawk/Capitol Station - Washington Ave & Hawk St (03250),0,0,7,,,37712,10:28:32,,,37712,10:28:32,0,00:00:00,door not opened
07/08/2025,12,4233,Tuesday,Weekday,West,15649945,37200,10:20:00,37317,10:21:57,5,10087,State St & Eagle St (10087),0,0,7,,,37688,10:28:08,,,37688,10:28:08,0,00:00:00,door not opened
07/08/2025,12,4233,Tuesday,Weekday,West,15649945,37200,10:20:00,37317,10:21:57,4,2665,State/Downtown Station - State St & Lodge St (02665),5,0,7,37440.0,10:24:00,37614,10:26:54,37440.0,10:24:00,37658,10:27:38,44,00:00:44,doors opened
07/08/2025,12,4233,Tuesday,Weekday,West,15649945,37200,10:20:00,37317,10:21:57,3,3221,State Station - N. Pearl St & Ten Eyck Plaza (03221),1,0,2,,,37568,10:26:08,,,37582,10:26:22,14,00:00:14,doors opened
07/08/2025,12,4233,Tuesday,Weekday,West,15649945,37200,10:20:00,37317,10:21:57,2,3233,N. Pearl St & Sheridan Ave (03233),0,0,1,,,37505,10:25:05,,,37505,10:25:05,0,00:00:00,door not opened
07/08/2025,12,4233,Tuesday,Weekday,West,15649945,37200,10:20:00,37317,10:21:57,1,2168,Clinton Square Station - N. Pearl St & Clinton Ave (02168),2,2,1,,,37363,10:22:43,,,37494,10:24:54,131,00:02:11,doors opened
07/08/2025,12,4233,Tuesday,Weekday,West,15649945,37200,10:20:00,37317,10:21:57,0,9018,Broadway & Orange St (09018),0,0,1,37200.0,10:20:00,37317,10:21:57,37200.0,10:20:00,37317,10:21:57,0,00:00:00,door not opened
07/08/2025,12,4233,Tuesday,Weekday,West,15649945,37200,10:20:00,37317,10:21:57,27,7175,Crossgates Mall Station (07175),0,7,0,39600.0,11:00:00,39381,10:56:21,39600.0,11:00:00,39381,10:56:21,0,00:00:00,doors opened
07/08/2025,12,4233,Tuesday,Weekday,West,15649945,37200,10:20:00,37317,10:21:57,26,12828,Crossgates Commons Station (12828),0,7,7,39180.0,10:53:00,39152,10:52:32,39180.0,10:53:00,39178,10:52:58,26,00:00:26,doors opened
07/08/2025,12,4233,Tuesday,Weekday,West,15649945,37200,10:20:00,37317,10:21:57,25,12891,1475 Washington Ave (12891),0,0,14,,,38969,10:49:29,,,38969,10:49:29,0,00:00:00,door not opened
07/08/2025,12,4233,Tuesday,Weekday,West,15649945,37200,10:20:00,37317,10:21:57,24,7216,SUNY Collins Circle (07216),0,3,14,38820.0,10:47:00,38840,10:47:20,38820.0,10:47:00,38854,10:47:34,14,00:00:14,doors opened
07/08/2025,12,4233,Tuesday,Weekday,West,15649945,37200,10:20:00,37317,10:21:57,23,3262,1383 Washington Ave (Fairfield Inn) (03262),0,2,17,,,38749,10:45:49,,,38764,10:46:04,15,00:00:15,doors opened
07/08/2025,12,4233,Tuesday,Weekday,West,15649945,37200,10:20:00,37317,10:21:57,22,976,Washington Ave & Brevator St (00976),2,0,19,,,38556,10:42:36,,,38577,10:42:57,21,00:00:21,doors opened
07/08/2025,12,4233,Tuesday,Weekday,West,15649945,37200,10:20:00,37317,10:21:57,21,1959,Washington Ave & Colvin Ave (01959),0,0,17,,,38539,10:42:19,,,38539,10:42:19,0,00:00:00,door not opened
07/08/2025,12,4233,Tuesday,Weekday,West,15649945,37200,10:20:00,37317,10:21:57,20,3399,Washington Ave & Danker Ave (03399),0,0,17,,,38507,10:41:47,,,38507,10:41:47,0,00:00:00,door not opened
07/08/2025,12,4233,Tuesday,Weekday,West,15649945,37200,10:20:00,37317,10:21:57,19,1849,Washington Ave & Homestead Ave (01849),0,0,17,,,38489,10:41:29,,,38489,10:41:29,0,00:00:00,door not opened
07/08/2025,12,4233,Tuesday,Weekday,West,15649945,37200,10:20:00,37317,10:21:57,18,1846,Washington Ave & Manning Blvd (01846),1,1,17,,,38415,10:40:15,,,38468,10:41:08,53,00:00:53,doors opened
07/08/2025,12,4233,Tuesday,Weekday,West,15649945,37200,10:20:00,37317,10:21:57,17,3287,Washington Ave & N. Allen St (03287),2,0,17,38400.0,10:40:00,38364,10:39:24,38400.0,10:40:00,38390,10:39:50,26,00:00:26,doors opened
07/08/2025,12,4233,Tuesday,Weekday,West,15649945,37200,10:20:00,37317,10:21:57,16,3264,Washington Ave & N. Main Ave (03264),3,0,15,,,38283,10:38:03,,,38335,10:38:55,52,00:00:52,doors opened
07/08/2025,12,4233,Tuesday,Weekday,West,15649945,37200,10:20:00,37317,10:21:57,15,1839,Washington Ave & Partridge St (01839),2,1,12,,,38201,10:36:41,,,38219,10:36:59,18,00:00:18,doors opened
07/08/2025,12,4233,Tuesday,Weekday,West,15649945,37200,10:20:00,37317,10:21:57,14,1841,Washington Ave & Ontario St (01841),1,1,11,38160.0,10:36:00,38142,10:35:42,38160.0,10:36:00,38181,10:36:21,39,00:00:39,doors opened
07/08/2025,12,4233,Tuesday,Weekday,West,15649945,37200,10:20:00,37317,10:21:57,13,1842,Washington Ave & Quail St (01842),3,1,11,,,38077,10:34:37,,,38120,10:35:20,43,00:00:43,doors opened
07/08/2025,12,4233,Tuesday,Weekday,West,15649945,37200,10:20:00,37317,10:21:57,12,1837,Washington Ave & N. Lake Ave (01837),1,0,9,,,38030,10:33:50,,,38053,10:34:13,23,00:00:23,doors opened
07/08/2025,12,4233,Tuesday,Weekday,West,15649945,37200,10:20:00,37317,10:21:57,11,1843,Washington Ave & Robin St (01843),1,1,8,,,37994,10:33:14,,,38008,10:33:28,14,00:00:14,doors opened
07/08/2025,12,4233,Tuesday,Weekday,West,15649945,37200,10:20:00,37317,10:21:57,10,12943,Washington Ave & Lexington Ave (12943),0,0,8,,,37974,10:32:54,,,37974,10:32:54,0,00:00:00,door not opened
07/08/2025,12,4233,Tuesday,Weekday,West,15649945,37200,10:20:00,37317,10:21:57,9,12942,Washington Ave & Henry Johnson Blvd (12942),1,1,8,,,37925,10:32:05,,,37936,10:32:16,11,00:00:11,doors opened
07/08/2025,12,4233,Tuesday,Weekday,West,15649945,37200,10:20:00,37317,10:21:57,8,3239,Lark/Library Station - Washington Ave & Lark St (03239),2,2,8,37740.0,10:29:00,37797,10:29:57,37740.0,10:29:00,37875,10:31:15,78,00:01:18,doors opened
07/08/2025,12,4242,Tuesday,Weekday,East,15652508,84300,23:25:00,84451,23:27:31,3,10134,Washington Ave & SUNY Exit Rd (10134),1,2,3,,,85203,23:40:03,,,85218,23:40:18,15,00:00:15,doors opened
07/08/2025,12,4242,Tuesday,Weekday,East,15652508,84300,23:25:00,84451,23:27:31,2,7216,SUNY Collins Circle (07216),1,0,4,84840.0,23:34:00,85100,23:38:20,84840.0,23:34:00,85113,23:38:33,13,00:00:13,doors opened
07/08/2025,12,4242,Tuesday,Weekday,East,15652508,84300,23:25:00,84451,23:27:31,1,12827,Crossgates Commons Station (12827),1,0,3,84540.0,23:29:00,84800,23:33:20,84540.0,23:29:00,84829,23:33:49,29,00:00:29,doors opened
07/08/2025,12,4242,Tuesday,Weekday,East,15652508,84300,23:25:00,84451,23:27:31,0,7175,Crossgates Mall Station (07175),2,0,2,84300.0,23:25:00,84451,23:27:31,84300.0,23:25:00,84451,23:27:31,0,00:00:00,doors opened
07/08/2025,12,4242,Tuesday,Weekday,East,15652508,84300,23:25:00,84451,23:27:31,24,3940,Broadway & Steuben St (03940),0,0,0,86100.0,23:55:00,86147,23:55:47,86100.0,23:55:00,86147,23:55:47,0,00:00:00,door not opened
07/08/2025,12,4242,Tuesday,Weekday,East,15652508,84300,23:25:00,84451,23:27:31,23,2509,State/Downtown Station - State St & S. Pearl St (02509),0,1,0,85980.0,23:53:00,86067,23:54:27,85980.0,23:53:00,86085,23:54:45,18,00:00:18,doors opened
07/08/2025,12,4242,Tuesday,Weekday,East,15652508,84300,23:25:00,84451,23:27:31,22,1787,State St & Eagle St (01787),0,0,1,,,86049,23:54:09,,,86049,23:54:09,0,00:00:00,door not opened
07/08/2025,12,4242,Tuesday,Weekday,East,15652508,84300,23:25:00,84451,23:27:31,21,2706,Hawk/Capitol Station - Washington Ave & Hawk St (02706),0,1,1,,,86000,23:53:20,,,86008,23:53:28,8,00:00:08,doors opened
07/08/2025,12,4242,Tuesday,Weekday,East,15652508,84300,23:25:00,84451,23:27:31,20,1789,Washington Ave & S. Swan St (01789),0,0,2,,,85979,23:52:59,,,85979,23:52:59,0,00:00:00,door not opened
07/08/2025,12,4242,Tuesday,Weekday,East,15652508,84300,23:25:00,84451,23:27:31,19,1788,Washington Ave & Dove St (01788),0,0,2,,,85960,23:52:40,,,85960,23:52:40,0,00:00:00,door not opened
07/08/2025,12,4242,Tuesday,Weekday,East,15652508,84300,23:25:00,84451,23:27:31,18,2663,Lark/Library Station - Washington Ave & Lark St (02663),1,1,2,85740.0,23:49:00,85896,23:51:36,85740.0,23:49:00,85921,23:52:01,25,00:00:25,doors opened
07/08/2025,12,4242,Tuesday,Weekday,East,15652508,84300,23:25:00,84451,23:27:31,17,263,Washington Ave & Henry Johnson Blvd (00263),0,0,2,,,85842,23:50:42,,,85842,23:50:42,0,00:00:00,door not opened
07/08/2025,12,4242,Tuesday,Weekday,East,15652508,84300,23:25:00,84451,23:27:31,16,2096,Washington Ave & Lexington Ave (02096),0,0,2,,,85733,23:48:53,,,85733,23:48:53,0,00:00:00,door not opened
07/08/2025,12,4242,Tuesday,Weekday,East,15652508,84300,23:25:00,84451,23:27:31,15,3253,Washington Ave & Robin St (Draper Hall) (03253),0,0,2,,,85716,23:48:36,,,85716,23:48:36,0,00:00:00,door not opened
07/08/2025,12,4242,Tuesday,Weekday,East,15652508,84300,23:25:00,84451,23:27:31,14,2109,Washington Ave & N. Lake Ave (02109),0,1,2,,,85673,23:47:53,,,85691,23:48:11,18,00:00:18,doors opened
07/08/2025,12,4242,Tuesday,Weekday,East,15652508,84300,23:25:00,84451,23:27:31,13,3255,Washington Ave & Quail St (03255),1,0,3,,,85633,23:47:13,,,85644,23:47:24,11,00:00:11,doors opened
07/08/2025,12,4242,Tuesday,Weekday,East,15652508,84300,23:25:00,84451,23:27:31,12,3256,Washington Ave & Ontario St (03256),0,1,2,85440.0,23:44:00,85599,23:46:39,85440.0,23:44:00,85607,23:46:47,8,00:00:08,doors opened
07/08/2025,12,4242,Tuesday,Weekday,East,15652508,84300,23:25:00,84451,23:27:31,11,2107,Washington Ave & Partridge St (02107),0,0,3,,,85579,23:46:19,,,85579,23:46:19,0,00:00:00,door not opened
07/08/2025,12,4242,Tuesday,Weekday,East,15652508,84300,23:25:00,84451,23:27:31,10,3257,Washington Ave & N. Main Ave (03257),0,0,3,,,85510,23:45:10,,,85510,23:45:10,0,00:00:00,door not opened
07/08/2025,12,4242,Tuesday,Weekday,East,15652508,84300,23:25:00,84451,23:27:31,9,1796,Washington Ave & N. Allen St (01796),0,0,3,85260.0,23:41:00,85482,23:44:42,85260.0,23:41:00,85482,23:44:42,0,00:00:00,door not opened
07/08/2025,12,4242,Tuesday,Weekday,East,15652508,84300,23:25:00,84451,23:27:31,8,11581,Washington Ave & Manning Blvd (11581),0,0,3,,,85436,23:43:56,,,85436,23:43:56,0,00:00:00,door not opened
07/08/2025,12,4242,Tuesday,Weekday,East,15652508,84300,23:25:00,84451,23:27:31,7,2180,Washington Ave & Homestead Ave (02180),0,0,3,,,85404,23:43:24,,,85404,23:43:24,0,00:00:00,door not opened
07/08/2025,12,4242,Tuesday,Weekday,East,15652508,84300,23:25:00,84451,23:27:31,6,2182,Washington Ave & Hawthorne St (02182),0,0,3,,,85359,23:42:39,,,85359,23:42:39,0,00:00:00,door not opened
07/08/2025,12,4242,Tuesday,Weekday,East,15652508,84300,23:25:00,84451,23:27:31,5,3304,Washington Ave & Clermont St (03304),0,0,3,,,85345,23:42:25,,,85345,23:42:25,0,00:00:00,door not opened
07/08/2025,12,4242,Tuesday,Weekday,East,15652508,84300,23:25:00,84451,23:27:31,4,3348,Washington Ave & Brevator St (03348),0,0,3,,,85330,23:42:10,,,85330,23:42:10,0,00:00:00,door not opened
07/08/2025,12,4242,Tuesday,Weekday,West,15652511,86700,24:05:00,86748,24:05:48,13,1842,Washington Ave & Quail St (01842),2,0,7,,,87461,24:17:41,,,87565,24:19:25,104,00:01:44,doors opened
07/08/2025,12,4242,Tuesday,Weekday,West,15652511,86700,24:05:00,86748,24:05:48,12,1837,Washington Ave & N. Lake Ave (01837),0,0,5,,,87432,24:17:12,,,87432,24:17:12,0,00:00:00,door not opened
07/08/2025,12,4242,Tuesday,Weekday,West,15652511,86700,24:05:00,86748,24:05:48,11,1843,Washington Ave & Robin St (01843),0,0,5,,,87389,24:16:29,,,87389,24:16:29,0,00:00:00,door not opened
07/08/2025,12,4242,Tuesday,Weekday,West,15652511,86700,24:05:00,86748,24:05:48,10,12943,Washington Ave & Lexington Ave (12943),0,2,5,,,87338,24:15:38,,,87366,24:16:06,28,00:00:28,doors opened
07/08/2025,12,4242,Tuesday,Weekday,West,15652511,86700,24:05:00,86748,24:05:48,9,12942,Washington Ave & Henry Johnson Blvd (12942),0,0,7,,,87274,24:14:34,,,87274,24:14:34,0,00:00:00,door not opened
07/08/2025,12,4242,Tuesday,Weekday,West,15652511,86700,24:05:00,86748,24:05:48,8,3239,Lark/Library Station - Washington Ave & Lark St (03239),0,1,7,87060.0,24:11:00,87119,24:11:59,87060.0,24:11:00,87162,24:12:42,43,00:00:43,doors opened
07/08/2025,12,4242,Tuesday,Weekday,West,15652511,86700,24:05:00,86748,24:05:48,7,3301,Washington Ave & S. Swan St (03301),1,0,8,,,87047,24:10:47,,,87074,24:11:14,27,00:00:27,doors opened
07/08/2025,12,4242,Tuesday,Weekday,West,15652511,86700,24:05:00,86748,24:05:48,6,3250,Hawk/Capitol Station - Washington Ave & Hawk St (03250),0,0,7,,,87022,24:10:22,,,87022,24:10:22,0,00:00:00,door not opened
07/08/2025,12,4242,Tuesday,Weekday,West,15652511,86700,24:05:00,86748,24:05:48,5,10087,State St & Eagle St (10087),0,1,7,,,86972,24:09:32,,,86984,24:09:44,12,00:00:12,doors opened
07/08/2025,12,4242,Tuesday,Weekday,West,15652511,86700,24:05:00,86748,24:05:48,4,2665,State/Downtown Station - State St & Lodge St (02665),5,0,8,86880.0,24:08:00,86915,24:08:35,86880.0,24:08:00,86940,24:09:00,25,00:00:25,doors opened
07/08/2025,12,4242,Tuesday,Weekday,West,15652511,86700,24:05:00,86748,24:05:48,3,3221,State Station - N. Pearl St & Ten Eyck Plaza (03221),2,0,3,,,86843,24:07:23,,,86891,24:08:11,48,00:00:48,doors opened
07/08/2025,12,4242,Tuesday,Weekday,West,15652511,86700,24:05:00,86748,24:05:48,2,3233,N. Pearl St & Sheridan Ave (03233),0,0,1,,,86806,24:06:46,,,86806,24:06:46,0,00:00:00,door not opened
07/08/2025,12,4242,Tuesday,Weekday,West,15652511,86700,24:05:00,86748,24:05:48,1,2168,Clinton Square Station - N. Pearl St & Clinton Ave (02168),0,0,1,,,86786,24:06:26,,,86786,24:06:26,0,00:00:00,door not opened
07/08/2025,12,4242,Tuesday,Weekday,West,15652511,86700,24:05:00,86748,24:05:48,0,9018,Broadway & Orange St (09018),0,0,1,86700.0,24:05:00,86748,24:05:48,86700.0,24:05:00,86748,24:05:48,0,00:00:00,door not opened
07/08/2025,12,4242,Tuesday,Weekday,West,15652511,86700,24:05:00,86748,24:05:48,26,12828,Crossgates Commons Station (12828),6,8,0,88200.0,24:30:00,88727,24:38:47,88200.0,24:30:00,88727,24:38:47,0,00:00:00,door not opened
07/08/2025,12,4242,Tuesday,Weekday,West,15652511,86700,24:05:00,86748,24:05:48,25,12891,1475 Washington Ave (12891),0,1,2,,,88552,24:35:52,,,88563,24:36:03,11,00:00:11,doors opened
07/08/2025,12,4242,Tuesday,Weekday,West,15652511,86700,24:05:00,86748,24:05:48,24,7216,SUNY Collins Circle (07216),0,0,3,87900.0,24:25:00,88141,24:29:01,87900.0,24:25:00,88141,24:29:01,0,00:00:00,door not opened
07/08/2025,12,4242,Tuesday,Weekday,West,15652511,86700,24:05:00,86748,24:05:48,23,3262,1383 Washington Ave (Fairfield Inn) (03262),0,1,3,,,88044,24:27:24,,,88055,24:27:35,11,00:00:11,doors opened
07/08/2025,12,4242,Tuesday,Weekday,West,15652511,86700,24:05:00,86748,24:05:48,22,976,Washington Ave & Brevator St (00976),0,0,4,,,87903,24:25:03,,,87903,24:25:03,0,00:00:00,door not opened
07/08/2025,12,4242,Tuesday,Weekday,West,15652511,86700,24:05:00,86748,24:05:48,21,1959,Washington Ave & Colvin Ave (01959),0,0,4,,,87885,24:24:45,,,87885,24:24:45,0,00:00:00,door not opened
07/08/2025,12,4242,Tuesday,Weekday,West,15652511,86700,24:05:00,86748,24:05:48,20,3399,Washington Ave & Danker Ave (03399),0,0,4,,,87823,24:23:43,,,87823,24:23:43,0,00:00:00,door not opened
07/08/2025,12,4242,Tuesday,Weekday,West,15652511,86700,24:05:00,86748,24:05:48,19,1849,Washington Ave & Homestead Ave (01849),0,0,4,,,87806,24:23:26,,,87806,24:23:26,0,00:00:00,door not opened
07/08/2025,12,4242,Tuesday,Weekday,West,15652511,86700,24:05:00,86748,24:05:48,18,1846,Washington Ave & Manning Blvd (01846),0,1,4,,,87774,24:22:54,,,87786,24:23:06,12,00:00:12,doors opened
07/08/2025,12,4242,Tuesday,Weekday,West,15652511,86700,24:05:00,86748,24:05:48,17,3287,Washington Ave & N. Allen St (03287),0,0,5,87540.0,24:19:00,87752,24:22:32,87540.0,24:19:00,87752,24:22:32,0,00:00:00,door not opened
07/08/2025,12,4242,Tuesday,Weekday,West,15652511,86700,24:05:00,86748,24:05:48,16,3264,Washington Ave & N. Main Ave (03264),0,0,5,,,87718,24:21:58,,,87718,24:21:58,0,00:00:00,door not opened
07/08/2025,12,4242,Tuesday,Weekday,West,15652511,86700,24:05:00,86748,24:05:48,15,1839,Washington Ave & Partridge St (01839),0,0,5,,,87635,24:20:35,,,87635,24:20:35,0,00:00:00,door not opened
07/08/2025,12,4242,Tuesday,Weekday,West,15652511,86700,24:05:00,86748,24:05:48,14,1841,Washington Ave & Ontario St (01841),0,2,5,87360.0,24:16:00,87589,24:19:49,87360.0,24:16:00,87615,24:20:15,26,00:00:26,doors opened
07/08/2025,12,4247,Tuesday,Weekday,West,15651260,62400,17:20:00,62536,17:22:16,27,7175,Crossgates Mall Station (07175),0,8,0,64920.0,18:02:00,64734,17:58:54,64920.0,18:02:00,64734,17:58:54,0,00:00:00,doors opened
07/08/2025,12,4247,Tuesday,Weekday,West,15651260,62400,17:20:00,62536,17:22:16,26,12828,Crossgates Commons Station (12828),3,11,8,64500.0,17:55:00,64489,17:54:49,64500.0,17:55:00,64547,17:55:47,58,00:00:58,doors opened
07/08/2025,12,4247,Tuesday,Weekday,West,15651260,62400,17:20:00,62536,17:22:16,25,12891,1475 Washington Ave (12891),0,1,16,,,64288,17:51:28,,,64302,17:51:42,14,00:00:14,doors opened
07/08/2025,12,4247,Tuesday,Weekday,West,15651260,62400,17:20:00,62536,17:22:16,24,7216,SUNY Collins Circle (07216),0,0,17,64140.0,17:49:00,64163,17:49:23,64140.0,17:49:00,64163,17:49:23,0,00:00:00,door not opened
07/08/2025,12,4247,Tuesday,Weekday,West,15651260,62400,17:20:00,62536,17:22:16,23,3262,1383 Washington Ave (Fairfield Inn) (03262),2,4,17,,,64033,17:47:13,,,64077,17:47:57,44,00:00:44,doors opened
07/08/2025,12,4247,Tuesday,Weekday,West,15651260,62400,17:20:00,62536,17:22:16,22,976,Washington Ave & Brevator St (00976),1,1,19,,,63914,17:45:14,,,63935,17:45:35,21,00:00:21,doors opened
07/08/2025,12,4247,Tuesday,Weekday,West,15651260,62400,17:20:00,62536,17:22:16,21,1959,Washington Ave & Colvin Ave (01959),0,2,19,,,63824,17:43:44,,,63893,17:44:53,69,00:01:09,doors opened
07/08/2025,12,4247,Tuesday,Weekday,West,15651260,62400,17:20:00,62536,17:22:16,20,3399,Washington Ave & Danker Ave (03399),0,1,21,,,63782,17:43:02,,,63800,17:43:20,18,00:00:18,doors opened
07/08/2025,12,4247,Tuesday,Weekday,West,15651260,62400,17:20:00,62536,17:22:16,19,1849,Washington Ave & Homestead Ave (01849),0,2,22,,,63742,17:42:22,,,63759,17:42:39,17,00:00:17,doors opened
07/08/2025,12,4247,Tuesday,Weekday,West,15651260,62400,17:20:00,62536,17:22:16,18,1846,Washington Ave & Manning Blvd (01846),0,3,24,,,63665,17:41:05,,,63720,17:42:00,55,00:00:55,doors opened
07/08/2025,12,4247,Tuesday,Weekday,West,15651260,62400,17:20:00,62536,17:22:16,17,3287,Washington Ave & N. Allen St (03287),2,2,27,63660.0,17:41:00,63611,17:40:11,63660.0,17:41:00,63638,17:40:38,27,00:00:27,doors opened
07/08/2025,12,4247,Tuesday,Weekday,West,15651260,62400,17:20:00,62536,17:22:16,16,3264,Washington Ave & N. Main Ave (03264),0,0,27,,,63589,17:39:49,,,63589,17:39:49,0,00:00:00,door not opened
07/08/2025,12,4247,Tuesday,Weekday,West,15651260,62400,17:20:00,62536,17:22:16,15,1839,Washington Ave & Partridge St (01839),1,0,27,,,63485,17:38:05,,,63504,17:38:24,19,00:00:19,doors opened
07/08/2025,12,4247,Tuesday,Weekday,West,15651260,62400,17:20:00,62536,17:22:16,14,1841,Washington Ave & Ontario St (01841),0,1,26,63420.0,17:37:00,63433,17:37:13,63420.0,17:37:00,63465,17:37:45,32,00:00:32,doors opened
07/08/2025,12,4247,Tuesday,Weekday,West,15651260,62400,17:20:00,62536,17:22:16,13,1842,Washington Ave & Quail St (01842),4,2,27,,,63343,17:35:43,,,63414,17:36:54,71,00:01:11,doors opened
07/08/2025,12,4247,Tuesday,Weekday,West,15651260,62400,17:20:00,62536,17:22:16,12,1837,Washington Ave & N. Lake Ave (01837),0,0,25,,,63303,17:35:03,,,63322,17:35:22,19,00:00:19,door not opened
07/08/2025,12,4247,Tuesday,Weekday,West,15651260,62400,17:20:00,62536,17:22:16,11,1843,Washington Ave & Robin St (01843),0,0,25,,,63280,17:34:40,,,63280,17:34:40,0,00:00:00,door not opened
07/08/2025,12,4247,Tuesday,Weekday,West,15651260,62400,17:20:00,62536,17:22:16,10,12943,Washington Ave & Lexington Ave (12943),2,0,25,,,63222,17:33:42,,,63256,17:34:16,34,00:00:34,doors opened
07/08/2025,12,4247,Tuesday,Weekday,West,15651260,62400,17:20:00,62536,17:22:16,9,12942,Washington Ave & Henry Johnson Blvd (12942),1,1,23,,,63166,17:32:46,,,63184,17:33:04,18,00:00:18,doors opened
07/08/2025,12,4247,Tuesday,Weekday,West,15651260,62400,17:20:00,62536,17:22:16,8,3239,Lark/Library Station - Washington Ave & Lark St (03239),2,0,23,63000.0,17:30:00,63082,17:31:22,63000.0,17:30:00,63125,17:32:05,43,00:00:43,doors opened
07/08/2025,12,4247,Tuesday,Weekday,West,15651260,62400,17:20:00,62536,17:22:16,7,3301,Washington Ave & S. Swan St (03301),5,0,21,,,62987,17:29:47,,,63045,17:30:45,58,00:00:58,doors opened
07/08/2025,12,4247,Tuesday,Weekday,West,15651260,62400,17:20:00,62536,17:22:16,6,3250,Hawk/Capitol Station - Washington Ave & Hawk St (03250),4,0,16,,,62883,17:28:03,,,62961,17:29:21,78,00:01:18,doors opened
07/08/2025,12,4247,Tuesday,Weekday,West,15651260,62400,17:20:00,62536,17:22:16,5,10087,State St & Eagle St (10087),0,0,12,,,62860,17:27:40,,,62860,17:27:40,0,00:00:00,door not opened
07/08/2025,12,4247,Tuesday,Weekday,West,15651260,62400,17:20:00,62536,17:22:16,4,2665,State/Downtown Station - State St & Lodge St (02665),6,0,12,62700.0,17:25:00,62794,17:26:34,62700.0,17:25:00,62828,17:27:08,34,00:00:34,doors opened
07/08/2025,12,4247,Tuesday,Weekday,West,15651260,62400,17:20:00,62536,17:22:16,3,3221,State Station - N. Pearl St & Ten Eyck Plaza (03221),2,0,6,,,62733,17:25:33,,,62767,17:26:07,34,00:00:34,doors opened
07/08/2025,12,4247,Tuesday,Weekday,West,15651260,62400,17:20:00,62536,17:22:16,2,3233,N. Pearl St & Sheridan Ave (03233),0,0,4,,,62633,17:23:53,,,62633,17:23:53,0,00:00:00,door not opened
07/08/2025,12,4247,Tuesday,Weekday,West,15651260,62400,17:20:00,62536,17:22:16,1,2168,Clinton Square Station - N. Pearl St & Clinton Ave (02168),0,0,4,,,62593,17:23:13,,,62593,17:23:13,0,00:00:00,door not opened
07/08/2025,12,4247,Tuesday,Weekday,West,15651260,62400,17:20:00,62536,17:22:16,0,9018,Broadway & Orange St (09018),4,0,4,62400.0,17:20:00,62536,17:22:16,62400.0,17:20:00,62536,17:22:16,0,00:00:00,doors opened
07/08/2025,12,6005,Tuesday,Weekday,East,15648691,48900,13:35:00,48972,13:36:12,12,3256,Washington Ave & Ontario St (03256),2,0,13,50160.0,13:56:00,50410,14:00:10,50160.0,13:56:00,50423,14:00:23,13,00:00:13,doors opened
07/08/2025,12,6005,Tuesday,Weekday,East,15648691,48900,13:35:00,48972,13:36:12,11,2107,Washington Ave & Partridge St (02107),1,2,11,,,50367,13:59:27,,,50386,13:59:46,19,00:00:19,doors opened
07/08/2025,12,6005,Tuesday,Weekday,East,15648691,48900,13:35:00,48972,13:36:12,10,3257,Washington Ave & N. Main Ave (03257),1,1,12,,,50238,13:57:18,,,50274,13:57:54,36,00:00:36,doors opened
07/08/2025,12,6005,Tuesday,Weekday,East,15648691,48900,13:35:00,48972,13:36:12,9,1796,Washington Ave & N. Allen St (01796),0,2,12,49980.0,13:53:00,50191,13:56:31,49980.0,13:53:00,50207,13:56:47,16,00:00:16,doors opened
07/08/2025,12,6005,Tuesday,Weekday,East,15648691,48900,13:35:00,48972,13:36:12,8,11581,Washington Ave & Manning Blvd (11581),1,0,14,,,50143,13:55:43,,,50157,13:55:57,14,00:00:14,doors opened
07/08/2025,12,6005,Tuesday,Weekday,East,15648691,48900,13:35:00,48972,13:36:12,7,2180,Washington Ave & Homestead Ave (02180),0,1,13,,,50088,13:54:48,,,50117,13:55:17,29,00:00:29,doors opened
07/08/2025,12,6005,Tuesday,Weekday,East,15648691,48900,13:35:00,48972,13:36:12,6,2182,Washington Ave & Hawthorne St (02182),1,0,14,,,50041,13:54:01,,,50054,13:54:14,13,00:00:13,doors opened
07/08/2025,12,6005,Tuesday,Weekday,East,15648691,48900,13:35:00,48972,13:36:12,5,3304,Washington Ave & Clermont St (03304),0,3,13,,,49995,13:53:15,,,50011,13:53:31,16,00:00:16,doors opened
07/08/2025,12,6005,Tuesday,Weekday,East,15648691,48900,13:35:00,48972,13:36:12,4,3348,Washington Ave & Brevator St (03348),0,0,16,,,49982,13:53:02,,,49982,13:53:02,0,00:00:00,door not opened
07/08/2025,12,6005,Tuesday,Weekday,East,15648691,48900,13:35:00,48972,13:36:12,3,10134,Washington Ave & SUNY Exit Rd (10134),2,1,16,,,49796,13:49:56,,,49815,13:50:15,19,00:00:19,doors opened
07/08/2025,12,6005,Tuesday,Weekday,East,15648691,48900,13:35:00,48972,13:36:12,2,7216,SUNY Collins Circle (07216),1,0,15,49500.0,13:45:00,49667,13:47:47,49500.0,13:45:00,49679,13:47:59,12,00:00:12,doors opened
07/08/2025,12,6005,Tuesday,Weekday,East,15648691,48900,13:35:00,48972,13:36:12,1,12827,Crossgates Commons Station (12827),12,1,14,49200.0,13:40:00,49223,13:40:23,49200.0,13:40:00,49322,13:42:02,99,00:01:39,doors opened
07/08/2025,12,6005,Tuesday,Weekday,East,15648691,48900,13:35:00,48972,13:36:12,0,7175,Crossgates Mall Station (07175),3,0,3,48900.0,13:35:00,48972,13:36:12,48900.0,13:35:00,48972,13:36:12,0,00:00:00,doors opened
07/08/2025,12,6005,Tuesday,Weekday,East,15648691,48900,13:35:00,48972,13:36:12,24,3940,Broadway & Steuben St (03940),0,0,0,51060.0,14:11:00,51578,14:19:38,51060.0,14:11:00,51578,14:19:38,0,00:00:00,door not opened
07/08/2025,12,6005,Tuesday,Weekday,East,15648691,48900,13:35:00,48972,13:36:12,23,2509,State/Downtown Station - State St & S. Pearl St (02509),0,9,0,50880.0,14:08:00,51008,14:10:08,50880.0,14:08:00,51030,14:10:30,22,00:00:22,doors opened
07/08/2025,12,6005,Tuesday,Weekday,East,15648691,48900,13:35:00,48972,13:36:12,22,1787,State St & Eagle St (01787),0,0,9,,,50993,14:09:53,,,50993,14:09:53,0,00:00:00,door not opened
07/08/2025,12,6005,Tuesday,Weekday,East,15648691,48900,13:35:00,48972,13:36:12,21,2706,Hawk/Capitol Station - Washington Ave & Hawk St (02706),0,0,9,,,50917,14:08:37,,,50917,14:08:37,0,00:00:00,door not opened
07/08/2025,12,6005,Tuesday,Weekday,East,15648691,48900,13:35:00,48972,13:36:12,20,1789,Washington Ave & S. Swan St (01789),0,0,9,,,50892,14:08:12,,,50892,14:08:12,0,00:00:00,door not opened
07/08/2025,12,6005,Tuesday,Weekday,East,15648691,48900,13:35:00,48972,13:36:12,19,1788,Washington Ave & Dove St (01788),0,0,9,,,50857,14:07:37,,,50857,14:07:37,0,00:00:00,door not opened
07/08/2025,12,6005,Tuesday,Weekday,East,15648691,48900,13:35:00,48972,13:36:12,18,2663,Lark/Library Station - Washington Ave & Lark St (02663),0,2,9,50580.0,14:03:00,50789,14:06:29,50580.0,14:03:00,50800,14:06:40,11,00:00:11,doors opened
07/08/2025,12,6005,Tuesday,Weekday,East,15648691,48900,13:35:00,48972,13:36:12,17,263,Washington Ave & Henry Johnson Blvd (00263),0,4,11,,,50737,14:05:37,,,50758,14:05:58,21,00:00:21,doors opened
07/08/2025,12,6005,Tuesday,Weekday,East,15648691,48900,13:35:00,48972,13:36:12,16,2096,Washington Ave & Lexington Ave (02096),1,0,15,,,50617,14:03:37,,,50682,14:04:42,65,00:01:05,doors opened
07/08/2025,12,6005,Tuesday,Weekday,East,15648691,48900,13:35:00,48972,13:36:12,15,3253,Washington Ave & Robin St (Draper Hall) (03253),3,1,14,,,50568,14:02:48,,,50596,14:03:16,28,00:00:28,doors opened
07/08/2025,12,6005,Tuesday,Weekday,East,15648691,48900,13:35:00,48972,13:36:12,14,2109,Washington Ave & N. Lake Ave (02109),1,1,12,,,50506,14:01:46,,,50537,14:02:17,31,00:00:31,doors opened
07/08/2025,12,6005,Tuesday,Weekday,East,15648691,48900,13:35:00,48972,13:36:12,13,3255,Washington Ave & Quail St (03255),1,2,12,,,50445,14:00:45,,,50479,14:01:19,34,00:00:34,doors opened
07/08/2025,12,6005,Tuesday,Weekday,West,15648694,51600,14:20:00,51637,14:20:37,27,7175,Crossgates Mall Station (07175),0,9,0,54060.0,15:01:00,53964,14:59:24,54060.0,15:01:00,53964,14:59:24,0,00:00:00,doors opened
07/08/2025,12,6005,Tuesday,Weekday,West,15648694,51600,14:20:00,51637,14:20:37,26,12828,Crossgates Commons Station (12828),0,6,9,53640.0,14:54:00,53632,14:53:52,53640.0,14:54:00,53694,14:54:54,62,00:01:02,doors opened
07/08/2025,12,6005,Tuesday,Weekday,West,15648694,51600,14:20:00,51637,14:20:37,25,12891,1475 Washington Ave (12891),0,0,15,,,53443,14:50:43,,,53443,14:50:43,0,00:00:00,door not opened
07/08/2025,12,6005,Tuesday,Weekday,West,15648694,51600,14:20:00,51637,14:20:37,24,7216,SUNY Collins Circle (07216),0,4,15,53280.0,14:48:00,53270,14:47:50,53280.0,14:48:00,53285,14:48:05,15,00:00:15,doors opened
07/08/2025,12,6005,Tuesday,Weekday,West,15648694,51600,14:20:00,51637,14:20:37,23,3262,1383 Washington Ave (Fairfield Inn) (03262),1,2,19,,,53154,14:45:54,,,53168,14:46:08,14,00:00:14,doors opened
07/08/2025,12,6005,Tuesday,Weekday,West,15648694,51600,14:20:00,51637,14:20:37,22,976,Washington Ave & Brevator St (00976),0,2,20,,,52976,14:42:56,,,52988,14:43:08,12,00:00:12,doors opened
07/08/2025,12,6005,Tuesday,Weekday,West,15648694,51600,14:20:00,51637,14:20:37,21,1959,Washington Ave & Colvin Ave (01959),0,0,22,,,52954,14:42:34,,,52954,14:42:34,0,00:00:00,door not opened
07/08/2025,12,6005,Tuesday,Weekday,West,15648694,51600,14:20:00,51637,14:20:37,20,3399,Washington Ave & Danker Ave (03399),0,0,22,,,52938,14:42:18,,,52938,14:42:18,0,00:00:00,door not opened
07/08/2025,12,6005,Tuesday,Weekday,West,15648694,51600,14:20:00,51637,14:20:37,19,1849,Washington Ave & Homestead Ave (01849),1,2,22,,,52899,14:41:39,,,52916,14:41:56,17,00:00:17,doors opened
07/08/2025,12,6005,Tuesday,Weekday,West,15648694,51600,14:20:00,51637,14:20:37,18,1846,Washington Ave & Manning Blvd (01846),1,0,23,,,52810,14:40:10,,,52875,14:41:15,65,00:01:05,doors opened
07/08/2025,12,6005,Tuesday,Weekday,West,15648694,51600,14:20:00,51637,14:20:37,17,3287,Washington Ave & N. Allen St (03287),0,0,22,52860.0,14:41:00,52783,14:39:43,52860.0,14:41:00,52783,14:39:43,0,00:00:00,door not opened
07/08/2025,12,6005,Tuesday,Weekday,West,15648694,51600,14:20:00,51637,14:20:37,16,3264,Washington Ave & N. Main Ave (03264),1,0,22,,,52732,14:38:52,,,52750,14:39:10,18,00:00:18,doors opened
07/08/2025,12,6005,Tuesday,Weekday,West,15648694,51600,14:20:00,51637,14:20:37,15,1839,Washington Ave & Partridge St (01839),0,0,21,,,52629,14:37:09,,,52629,14:37:09,0,00:00:00,door not opened
07/08/2025,12,6005,Tuesday,Weekday,West,15648694,51600,14:20:00,51637,14:20:37,14,1841,Washington Ave & Ontario St (01841),3,1,21,52560.0,14:36:00,52549,14:35:49,52560.0,14:36:00,52585,14:36:25,36,00:00:36,doors opened
07/08/2025,12,6005,Tuesday,Weekday,West,15648694,51600,14:20:00,51637,14:20:37,13,1842,Washington Ave & Quail St (01842),3,0,19,,,52484,14:34:44,,,52526,14:35:26,42,00:00:42,doors opened
07/08/2025,12,6005,Tuesday,Weekday,West,15648694,51600,14:20:00,51637,14:20:37,12,1837,Washington Ave & N. Lake Ave (01837),2,0,16,,,52421,14:33:41,,,52457,14:34:17,36,00:00:36,doors opened
07/08/2025,12,6005,Tuesday,Weekday,West,15648694,51600,14:20:00,51637,14:20:37,11,1843,Washington Ave & Robin St (01843),0,0,14,,,52395,14:33:15,,,52395,14:33:15,0,00:00:00,door not opened
07/08/2025,12,6005,Tuesday,Weekday,West,15648694,51600,14:20:00,51637,14:20:37,10,12943,Washington Ave & Lexington Ave (12943),0,0,14,,,52366,14:32:46,,,52366,14:32:46,0,00:00:00,door not opened
07/08/2025,12,6005,Tuesday,Weekday,West,15648694,51600,14:20:00,51637,14:20:37,9,12942,Washington Ave & Henry Johnson Blvd (12942),1,0,14,,,52316,14:31:56,,,52336,14:32:16,20,00:00:20,doors opened
07/08/2025,12,6005,Tuesday,Weekday,West,15648694,51600,14:20:00,51637,14:20:37,8,3239,Lark/Library Station - Washington Ave & Lark St (03239),5,1,13,52140.0,14:29:00,52163,14:29:23,52140.0,14:29:00,52223,14:30:23,60,00:01:00,doors opened
07/08/2025,12,6005,Tuesday,Weekday,West,15648694,51600,14:20:00,51637,14:20:37,7,3301,Washington Ave & S. Swan St (03301),0,0,9,,,52126,14:28:46,,,52126,14:28:46,0,00:00:00,door not opened
07/08/2025,12,6005,Tuesday,Weekday,West,15648694,51600,14:20:00,51637,14:20:37,6,3250,Hawk/Capitol Station - Washington Ave & Hawk St (03250),2,2,9,,,52061,14:27:41,,,52083,14:28:03,22,00:00:22,doors opened
07/08/2025,12,6005,Tuesday,Weekday,West,15648694,51600,14:20:00,51637,14:20:37,5,10087,State St & Eagle St (10087),0,0,9,,,52032,14:27:12,,,52032,14:27:12,0,00:00:00,door not opened
07/08/2025,12,6005,Tuesday,Weekday,West,15648694,51600,14:20:00,51637,14:20:37,4,2665,State/Downtown Station - State St & Lodge St (02665),1,2,9,51840.0,14:24:00,51977,14:26:17,51840.0,14:24:00,51999,14:26:39,22,00:00:22,doors opened
07/08/2025,12,6005,Tuesday,Weekday,West,15648694,51600,14:20:00,51637,14:20:37,3,3221,State Station - N. Pearl St & Ten Eyck Plaza (03221),7,3,10,,,51791,14:23:11,,,51943,14:25:43,152,00:02:32,doors opened
07/08/2025,12,6005,Tuesday,Weekday,West,15648694,51600,14:20:00,51637,14:20:37,2,3233,N. Pearl St & Sheridan Ave (03233),0,0,6,,,51745,14:22:25,,,51745,14:22:25,0,00:00:00,door not opened
07/08/2025,12,6005,Tuesday,Weekday,West,15648694,51600,14:20:00,51637,14:20:37,1,2168,Clinton Square Station - N. Pearl St & Clinton Ave (02168),5,0,6,,,51674,14:21:14,,,51716,14:21:56,42,00:00:42,doors opened
07/08/2025,12,6005,Tuesday,Weekday,West,15648694,51600,14:20:00,51637,14:20:37,0,9018,Broadway & Orange St (09018),0,0,1,51600.0,14:20:00,51637,14:20:37,51600.0,14:20:00,51637,14:20:37,0,00:00:00,door not opened
07/08/2025,12,6012,Tuesday,Weekday,East,15652354,64500,17:55:00,64846,18:00:46,24,3940,Broadway & Steuben St (03940),0,0,0,66660.0,18:31:00,67055,18:37:35,66660.0,18:31:00,67055,18:37:35,0,00:00:00,doors opened
07/08/2025,12,6012,Tuesday,Weekday,East,15652354,64500,17:55:00,64846,18:00:46,23,2509,State/Downtown Station - State St & S. Pearl St (02509),0,0,0,66480.0,18:28:00,66966,18:36:06,66480.0,18:28:00,66990,18:36:30,24,00:00:24,doors opened
07/08/2025,12,6012,Tuesday,Weekday,East,15652354,64500,17:55:00,64846,18:00:46,22,1787,State St & Eagle St (01787),0,4,0,,,66901,18:35:01,,,66927,18:35:27,26,00:00:26,doors opened
07/08/2025,12,6012,Tuesday,Weekday,East,15652354,64500,17:55:00,64846,18:00:46,21,2706,Hawk/Capitol Station - Washington Ave & Hawk St (02706),0,3,4,,,66835,18:33:55,,,66846,18:34:06,11,00:00:11,doors opened
07/08/2025,12,6012,Tuesday,Weekday,East,15652354,64500,17:55:00,64846,18:00:46,20,1789,Washington Ave & S. Swan St (01789),0,2,7,,,66793,18:33:13,,,66806,18:33:26,13,00:00:13,doors opened
07/08/2025,12,6012,Tuesday,Weekday,East,15652354,64500,17:55:00,64846,18:00:46,19,1788,Washington Ave & Dove St (01788),0,0,9,,,66767,18:32:47,,,66767,18:32:47,0,00:00:00,door not opened
07/08/2025,12,6012,Tuesday,Weekday,East,15652354,64500,17:55:00,64846,18:00:46,18,2663,Lark/Library Station - Washington Ave & Lark St (02663),1,0,9,66180.0,18:23:00,66639,18:30:39,66180.0,18:23:00,66716,18:31:56,77,00:01:17,doors opened
07/08/2025,12,6012,Tuesday,Weekday,East,15652354,64500,17:55:00,64846,18:00:46,17,263,Washington Ave & Henry Johnson Blvd (00263),0,3,8,,,66552,18:29:12,,,66593,18:29:53,41,00:00:41,doors opened
07/08/2025,12,6012,Tuesday,Weekday,East,15652354,64500,17:55:00,64846,18:00:46,16,2096,Washington Ave & Lexington Ave (02096),0,0,11,,,66465,18:27:45,,,66521,18:28:41,56,00:00:56,doors opened
07/08/2025,12,6012,Tuesday,Weekday,East,15652354,64500,17:55:00,64846,18:00:46,15,3253,Washington Ave & Robin St (Draper Hall) (03253),0,0,11,,,66451,18:27:31,,,66451,18:27:31,0,00:00:00,door not opened
07/08/2025,12,6012,Tuesday,Weekday,East,15652354,64500,17:55:00,64846,18:00:46,14,2109,Washington Ave & N. Lake Ave (02109),0,3,11,,,66379,18:26:19,,,66401,18:26:41,22,00:00:22,doors opened
07/08/2025,12,6012,Tuesday,Weekday,East,15652354,64500,17:55:00,64846,18:00:46,13,3255,Washington Ave & Quail St (03255),2,3,14,,,66316,18:25:16,,,66357,18:25:57,41,00:00:41,doors opened
07/08/2025,12,6012,Tuesday,Weekday,East,15652354,64500,17:55:00,64846,18:00:46,12,3256,Washington Ave & Ontario St (03256),0,0,15,65760.0,18:16:00,66279,18:24:39,65760.0,18:16:00,66296,18:24:56,17,00:00:17,door not opened
07/08/2025,12,6012,Tuesday,Weekday,East,15652354,64500,17:55:00,64846,18:00:46,11,2107,Washington Ave & Partridge St (02107),0,2,15,,,66236,18:23:56,,,66257,18:24:17,21,00:00:21,doors opened
07/08/2025,12,6012,Tuesday,Weekday,East,15652354,64500,17:55:00,64846,18:00:46,10,3257,Washington Ave & N. Main Ave (03257),0,1,17,,,66149,18:22:29,,,66166,18:22:46,17,00:00:17,doors opened
07/08/2025,12,6012,Tuesday,Weekday,East,15652354,64500,17:55:00,64846,18:00:46,9,1796,Washington Ave & N. Allen St (01796),0,1,18,65580.0,18:13:00,66102,18:21:42,65580.0,18:13:00,66121,18:22:01,19,00:00:19,doors opened
07/08/2025,12,6012,Tuesday,Weekday,East,15652354,64500,17:55:00,64846,18:00:46,8,11581,Washington Ave & Manning Blvd (11581),0,0,19,,,66069,18:21:09,,,66069,18:21:09,0,00:00:00,door not opened
07/08/2025,12,6012,Tuesday,Weekday,East,15652354,64500,17:55:00,64846,18:00:46,7,2180,Washington Ave & Homestead Ave (02180),0,3,19,,,66018,18:20:18,,,66034,18:20:34,16,00:00:16,doors opened
07/08/2025,12,6012,Tuesday,Weekday,East,15652354,64500,17:55:00,64846,18:00:46,6,2182,Washington Ave & Hawthorne St (02182),0,0,22,,,65997,18:19:57,,,65997,18:19:57,0,00:00:00,door not opened
07/08/2025,12,6012,Tuesday,Weekday,East,15652354,64500,17:55:00,64846,18:00:46,5,3304,Washington Ave & Clermont St (03304),1,0,22,,,65922,18:18:42,,,65971,18:19:31,49,00:00:49,doors opened
07/08/2025,12,6012,Tuesday,Weekday,East,15652354,64500,17:55:00,64846,18:00:46,4,3348,Washington Ave & Brevator St (03348),0,0,21,,,65910,18:18:30,,,65910,18:18:30,0,00:00:00,door not opened
07/08/2025,12,6012,Tuesday,Weekday,East,15652354,64500,17:55:00,64846,18:00:46,3,10134,Washington Ave & SUNY Exit Rd (10134),4,3,21,,,65757,18:15:57,,,65799,18:16:39,42,00:00:42,doors opened
07/08/2025,12,6012,Tuesday,Weekday,East,15652354,64500,17:55:00,64846,18:00:46,2,7216,SUNY Collins Circle (07216),5,2,20,65100.0,18:05:00,65614,18:13:34,65100.0,18:05:00,65651,18:14:11,37,00:00:37,doors opened
07/08/2025,12,6012,Tuesday,Weekday,East,15652354,64500,17:55:00,64846,18:00:46,1,12827,Crossgates Commons Station (12827),8,2,17,64800.0,18:00:00,65332,18:08:52,64800.0,18:00:00,65332,18:08:52,0,00:00:00,door not opened
07/08/2025,12,6012,Tuesday,Weekday,East,15652354,64500,17:55:00,64846,18:00:46,0,7175,Crossgates Mall Station (07175),5,0,11,64500.0,17:55:00,64846,18:00:46,64500.0,17:55:00,64846,18:00:46,0,00:00:00,doors opened
07/08/2025,12,6012,Tuesday,Weekday,East,15652357,69300,19:15:00,69600,19:20:00,24,3940,Broadway & Steuben St (03940),0,0,0,71400.0,19:50:00,71749,19:55:49,71400.0,19:50:00,71749,19:55:49,0,00:00:00,door not opened
07/08/2025,12,6012,Tuesday,Weekday,East,15652357,69300,19:15:00,69600,19:20:00,23,2509,State/Downtown Station - State St & S. Pearl St (02509),0,0,0,71220.0,19:47:00,71658,19:54:18,71220.0,19:47:00,71658,19:54:18,0,00:00:00,door not opened
07/08/2025,12,6012,Tuesday,Weekday,East,15652357,69300,19:15:00,69600,19:20:00,22,1787,State St & Eagle St (01787),0,0,0,,,71609,19:53:29,,,71609,19:53:29,0,00:00:00,door not opened
07/08/2025,12,6012,Tuesday,Weekday,East,15652357,69300,19:15:00,69600,19:20:00,21,2706,Hawk/Capitol Station - Washington Ave & Hawk St (02706),0,0,0,,,71569,19:52:49,,,71569,19:52:49,0,00:00:00,door not opened
07/08/2025,12,6012,Tuesday,Weekday,East,15652357,69300,19:15:00,69600,19:20:00,20,1789,Washington Ave & S. Swan St (01789),0,2,0,,,71532,19:52:12,,,71548,19:52:28,16,00:00:16,doors opened
07/08/2025,12,6012,Tuesday,Weekday,East,15652357,69300,19:15:00,69600,19:20:00,6,2182,Washington Ave & Hawthorne St (02182),0,0,13,,,70741,19:39:01,,,70741,19:39:01,0,00:00:00,door not opened
07/08/2025,12,6012,Tuesday,Weekday,East,15652357,69300,19:15:00,69600,19:20:00,5,3304,Washington Ave & Clermont St (03304),0,0,13,,,70723,19:38:43,,,70723,19:38:43,0,00:00:00,door not opened
07/08/2025,12,6012,Tuesday,Weekday,East,15652357,69300,19:15:00,69600,19:20:00,4,3348,Washington Ave & Brevator St (03348),0,0,13,,,70687,19:38:07,,,70706,19:38:26,19,00:00:19,doors opened
07/08/2025,12,6012,Tuesday,Weekday,East,15652357,69300,19:15:00,69600,19:20:00,3,10134,Washington Ave & SUNY Exit Rd (10134),0,4,13,,,70567,19:36:07,,,70580,19:36:20,13,00:00:13,doors opened
07/08/2025,12,6012,Tuesday,Weekday,East,15652357,69300,19:15:00,69600,19:20:00,2,7216,SUNY Collins Circle (07216),1,4,17,69900.0,19:25:00,70346,19:32:26,69900.0,19:25:00,70374,19:32:54,28,00:00:28,doors opened
07/08/2025,12,6012,Tuesday,Weekday,East,15652357,69300,19:15:00,69600,19:20:00,1,12827,Crossgates Commons Station (12827),8,0,20,69600.0,19:20:00,69946,19:25:46,69600.0,19:20:00,70085,19:28:05,139,00:02:19,doors opened
07/08/2025,12,6012,Tuesday,Weekday,East,15652357,69300,19:15:00,69600,19:20:00,0,7175,Crossgates Mall Station (07175),12,0,12,69300.0,19:15:00,69600,19:20:00,69300.0,19:15:00,69600,19:20:00,0,00:00:00,doors opened
07/08/2025,12,6012,Tuesday,Weekday,East,15652357,69300,19:15:00,69600,19:20:00,19,1788,Washington Ave & Dove St (01788),0,0,2,,,71507,19:51:47,,,71507,19:51:47,0,00:00:00,door not opened
07/08/2025,12,6012,Tuesday,Weekday,East,15652357,69300,19:15:00,69600,19:20:00,18,2663,Lark/Library Station - Washington Ave & Lark St (02663),0,0,2,70920.0,19:42:00,71456,19:50:56,70920.0,19:42:00,71456,19:50:56,0,00:00:00,door not opened
07/08/2025,12,6012,Tuesday,Weekday,East,15652357,69300,19:15:00,69600,19:20:00,17,263,Washington Ave & Henry Johnson Blvd (00263),0,2,2,,,71316,19:48:36,,,71385,19:49:45,69,00:01:09,doors opened
07/08/2025,12,6012,Tuesday,Weekday,East,15652357,69300,19:15:00,69600,19:20:00,16,2096,Washington Ave & Lexington Ave (02096),0,0,4,,,71247,19:47:27,,,71247,19:47:27,0,00:00:00,door not opened
07/08/2025,12,6012,Tuesday,Weekday,East,15652357,69300,19:15:00,69600,19:20:00,15,3253,Washington Ave & Robin St (Draper Hall) (03253),0,0,4,,,71231,19:47:11,,,71231,19:47:11,0,00:00:00,door not opened
07/08/2025,12,6012,Tuesday,Weekday,East,15652357,69300,19:15:00,69600,19:20:00,14,2109,Washington Ave & N. Lake Ave (02109),0,0,4,,,71149,19:45:49,,,71172,19:46:12,23,00:00:23,doors opened
07/08/2025,12,6012,Tuesday,Weekday,East,15652357,69300,19:15:00,69600,19:20:00,13,3255,Washington Ave & Quail St (03255),0,0,4,,,71044,19:44:04,,,71122,19:45:22,78,00:01:18,doors opened
07/08/2025,12,6012,Tuesday,Weekday,East,15652357,69300,19:15:00,69600,19:20:00,12,3256,Washington Ave & Ontario St (03256),0,0,4,70560.0,19:36:00,71011,19:43:31,70560.0,19:36:00,71011,19:43:31,0,00:00:00,door not opened
07/08/2025,12,6012,Tuesday,Weekday,East,15652357,69300,19:15:00,69600,19:20:00,11,2107,Washington Ave & Partridge St (02107),1,3,4,,,70959,19:42:39,,,70992,19:43:12,33,00:00:33,doors opened
07/08/2025,12,6012,Tuesday,Weekday,East,15652357,69300,19:15:00,69600,19:20:00,10,3257,Washington Ave & N. Main Ave (03257),0,0,6,,,70919,19:41:59,,,70919,19:41:59,0,00:00:00,door not opened
07/08/2025,12,6012,Tuesday,Weekday,East,15652357,69300,19:15:00,69600,19:20:00,9,1796,Washington Ave & N. Allen St (01796),0,3,6,70380.0,19:33:00,70836,19:40:36,70380.0,19:33:00,70858,19:40:58,22,00:00:22,doors opened
07/08/2025,12,6012,Tuesday,Weekday,East,15652357,69300,19:15:00,69600,19:20:00,8,11581,Washington Ave & Manning Blvd (11581),0,0,9,,,70809,19:40:09,,,70809,19:40:09,0,00:00:00,door not opened
07/08/2025,12,6012,Tuesday,Weekday,East,15652357,69300,19:15:00,69600,19:20:00,7,2180,Washington Ave & Homestead Ave (02180),0,4,9,,,70764,19:39:24,,,70764,19:39:24,0,00:00:00,door not opened
07/08/2025,12,6012,Tuesday,Weekday,West,15652360,72000,20:00:00,72359,20:05:59,3,3221,State Station - N. Pearl St & Ten Eyck Plaza (03221),3,0,4,,,72469,20:07:49,,,72549,20:09:09,80,00:01:20,doors opened
07/08/2025,12,6012,Tuesday,Weekday,West,15652360,72000,20:00:00,72359,20:05:59,2,3233,N. Pearl St & Sheridan Ave (03233),0,0,1,,,72420,20:07:00,,,72420,20:07:00,0,00:00:00,door not opened
07/08/2025,12,6012,Tuesday,Weekday,West,15652360,72000,20:00:00,72359,20:05:59,1,2168,Clinton Square Station - N. Pearl St & Clinton Ave (02168),0,0,1,,,72390,20:06:30,,,72390,20:06:30,0,00:00:00,door not opened
07/08/2025,12,6012,Tuesday,Weekday,West,15652360,72000,20:00:00,72359,20:05:59,0,9018,Broadway & Orange St (09018),0,0,1,72000.0,20:00:00,72359,20:05:59,72000.0,20:00:00,72359,20:05:59,0,00:00:00,door not opened
07/08/2025,12,6012,Tuesday,Weekday,West,15652360,72000,20:00:00,72359,20:05:59,27,7175,Crossgates Mall Station (07175),0,2,0,74220.0,20:37:00,74229,20:37:09,74220.0,20:37:00,74229,20:37:09,0,00:00:00,doors opened
07/08/2025,12,6012,Tuesday,Weekday,West,15652360,72000,20:00:00,72359,20:05:59,26,12828,Crossgates Commons Station (12828),3,8,2,73800.0,20:30:00,73985,20:33:05,73800.0,20:30:00,74016,20:33:36,31,00:00:31,doors opened
07/08/2025,12,6012,Tuesday,Weekday,West,15652360,72000,20:00:00,72359,20:05:59,25,12891,1475 Washington Ave (12891),1,1,7,,,73742,20:29:02,,,73742,20:29:02,0,00:00:00,door not opened
07/08/2025,12,6012,Tuesday,Weekday,West,15652360,72000,20:00:00,72359,20:05:59,24,7216,SUNY Collins Circle (07216),0,0,7,73440.0,20:24:00,73576,20:26:16,73440.0,20:24:00,73599,20:26:39,23,00:00:23,doors opened
07/08/2025,12,6012,Tuesday,Weekday,West,15652360,72000,20:00:00,72359,20:05:59,23,3262,1383 Washington Ave (Fairfield Inn) (03262),0,0,7,,,73484,20:24:44,,,73484,20:24:44,0,00:00:00,door not opened
07/08/2025,12,6012,Tuesday,Weekday,West,15652360,72000,20:00:00,72359,20:05:59,22,976,Washington Ave & Brevator St (00976),1,0,7,,,73361,20:22:41,,,73376,20:22:56,15,00:00:15,doors opened
07/08/2025,12,6012,Tuesday,Weekday,West,15652360,72000,20:00:00,72359,20:05:59,21,1959,Washington Ave & Colvin Ave (01959),0,0,6,,,73342,20:22:22,,,73342,20:22:22,0,00:00:00,door not opened
07/08/2025,12,6012,Tuesday,Weekday,West,15652360,72000,20:00:00,72359,20:05:59,20,3399,Washington Ave & Danker Ave (03399),0,0,6,,,73323,20:22:03,,,73323,20:22:03,0,00:00:00,door not opened
07/08/2025,12,6012,Tuesday,Weekday,West,15652360,72000,20:00:00,72359,20:05:59,19,1849,Washington Ave & Homestead Ave (01849),0,0,6,,,73308,20:21:48,,,73308,20:21:48,0,00:00:00,door not opened
07/08/2025,12,6012,Tuesday,Weekday,West,15652360,72000,20:00:00,72359,20:05:59,18,1846,Washington Ave & Manning Blvd (01846),0,0,6,,,73294,20:21:34,,,73294,20:21:34,0,00:00:00,door not opened
07/08/2025,12,6012,Tuesday,Weekday,West,15652360,72000,20:00:00,72359,20:05:59,17,3287,Washington Ave & N. Allen St (03287),0,0,6,73020.0,20:17:00,73231,20:20:31,73020.0,20:17:00,73231,20:20:31,0,00:00:00,door not opened
07/08/2025,12,6012,Tuesday,Weekday,West,15652360,72000,20:00:00,72359,20:05:59,16,3264,Washington Ave & N. Main Ave (03264),1,0,6,,,73140,20:19:00,,,73196,20:19:56,56,00:00:56,doors opened
07/08/2025,12,6012,Tuesday,Weekday,West,15652360,72000,20:00:00,72359,20:05:59,15,1839,Washington Ave & Partridge St (01839),0,0,5,,,73092,20:18:12,,,73092,20:18:12,0,00:00:00,door not opened
07/08/2025,12,6012,Tuesday,Weekday,West,15652360,72000,20:00:00,72359,20:05:59,14,1841,Washington Ave & Ontario St (01841),0,0,5,72840.0,20:14:00,73073,20:17:53,72840.0,20:14:00,73073,20:17:53,0,00:00:00,door not opened
07/08/2025,12,6012,Tuesday,Weekday,West,15652360,72000,20:00:00,72359,20:05:59,13,1842,Washington Ave & Quail St (01842),2,0,5,,,73003,20:16:43,,,73041,20:17:21,38,00:00:38,doors opened
07/08/2025,12,6012,Tuesday,Weekday,West,15652360,72000,20:00:00,72359,20:05:59,12,1837,Washington Ave & N. Lake Ave (01837),0,0,3,,,72978,20:16:18,,,72978,20:16:18,0,00:00:00,door not opened
07/08/2025,12,6012,Tuesday,Weekday,West,15652360,72000,20:00:00,72359,20:05:59,11,1843,Washington Ave & Robin St (01843),0,0,3,,,72923,20:15:23,,,72923,20:15:23,0,00:00:00,door not opened
07/08/2025,12,6012,Tuesday,Weekday,West,15652360,72000,20:00:00,72359,20:05:59,10,12943,Washington Ave & Lexington Ave (12943),0,1,3,,,72882,20:14:42,,,72899,20:14:59,17,00:00:17,doors opened
07/08/2025,12,6012,Tuesday,Weekday,West,15652360,72000,20:00:00,72359,20:05:59,9,12942,Washington Ave & Henry Johnson Blvd (12942),0,0,4,,,72836,20:13:56,,,72836,20:13:56,0,00:00:00,door not opened
07/08/2025,12,6012,Tuesday,Weekday,West,15652360,72000,20:00:00,72359,20:05:59,8,3239,Lark/Library Station - Washington Ave & Lark St (03239),0,0,4,72480.0,20:08:00,72722,20:12:02,72480.0,20:08:00,72735,20:12:15,13,00:00:13,doors opened
07/08/2025,12,6012,Tuesday,Weekday,West,15652360,72000,20:00:00,72359,20:05:59,7,3301,Washington Ave & S. Swan St (03301),0,0,4,,,72657,20:10:57,,,72657,20:10:57,0,00:00:00,door not opened
07/08/2025,12,6012,Tuesday,Weekday,West,15652360,72000,20:00:00,72359,20:05:59,6,3250,Hawk/Capitol Station - Washington Ave & Hawk St (03250),0,0,4,,,72638,20:10:38,,,72638,20:10:38,0,00:00:00,door not opened
07/08/2025,12,6012,Tuesday,Weekday,West,15652360,72000,20:00:00,72359,20:05:59,5,10087,State St & Eagle St (10087),0,0,4,,,72618,20:10:18,,,72618,20:10:18,0,00:00:00,door not opened
07/08/2025,12,6012,Tuesday,Weekday,West,15652360,72000,20:00:00,72359,20:05:59,4,2665,State/Downtown Station - State St & Lodge St (02665),0,0,4,72240.0,20:04:00,72592,20:09:52,72240.0,20:04:00,72592,20:09:52,0,00:00:00,door not opened
07/08/2025,12,6017,Tuesday,Weekday,East,15650979,56100,15:35:00,56118,15:35:18,2,7216,SUNY Collins Circle (07216),2,0,14,56760.0,15:46:00,56612,15:43:32,56760.0,15:46:00,56645,15:44:05,33,00:00:33,doors opened
07/08/2025,12,6017,Tuesday,Weekday,East,15650979,56100,15:35:00,56118,15:35:18,1,12827,Crossgates Commons Station (12827),5,0,12,56460.0,15:41:00,56317,15:38:37,56460.0,15:41:00,56354,15:39:14,37,00:00:37,doors opened
07/08/2025,12,6017,Tuesday,Weekday,East,15650979,56100,15:35:00,56118,15:35:18,0,7175,Crossgates Mall Station (07175),5,0,7,56100.0,15:35:00,56118,15:35:18,56100.0,15:35:00,56118,15:35:18,0,00:00:00,doors opened
07/08/2025,12,6017,Tuesday,Weekday,East,15650979,56100,15:35:00,56118,15:35:18,22,3940,Broadway & Steuben St (03940),0,4,0,58440.0,16:14:00,58239,16:10:39,58440.0,16:14:00,58239,16:10:39,0,00:00:00,doors opened
07/08/2025,12,6017,Tuesday,Weekday,East,15650979,56100,15:35:00,56118,15:35:18,21,2509,State/Downtown Station - State St & S. Pearl St (02509),0,3,4,58260.0,16:11:00,58163,16:09:23,58260.0,16:11:00,58187,16:09:47,24,00:00:24,doors opened
07/08/2025,12,6017,Tuesday,Weekday,East,15650979,56100,15:35:00,56118,15:35:18,20,1787,State St & Eagle St (01787),0,0,7,,,58147,16:09:07,,,58147,16:09:07,0,00:00:00,door not opened
07/08/2025,12,6017,Tuesday,Weekday,East,15650979,56100,15:35:00,56118,15:35:18,19,2706,Hawk/Capitol Station - Washington Ave & Hawk St (02706),0,0,7,,,58031,16:07:11,,,58031,16:07:11,0,00:00:00,door not opened
07/08/2025,12,6017,Tuesday,Weekday,East,15650979,56100,15:35:00,56118,15:35:18,18,1789,Washington Ave & S. Swan St (01789),0,0,7,,,57975,16:06:15,,,57975,16:06:15,0,00:00:00,door not opened
07/08/2025,12,6017,Tuesday,Weekday,East,15650979,56100,15:35:00,56118,15:35:18,17,1788,Washington Ave & Dove St (01788),3,0,7,,,57832,16:03:52,,,57876,16:04:36,44,00:00:44,doors opened
07/08/2025,12,6017,Tuesday,Weekday,East,15650979,56100,15:35:00,56118,15:35:18,16,2663,Lark/Library Station - Washington Ave & Lark St (02663),0,1,4,57960.0,16:06:00,57737,16:02:17,57960.0,16:06:00,57796,16:03:16,59,00:00:59,doors opened
07/08/2025,12,6017,Tuesday,Weekday,East,15650979,56100,15:35:00,56118,15:35:18,15,263,Washington Ave & Henry Johnson Blvd (00263),0,4,5,,,57651,16:00:51,,,57701,16:01:41,50,00:00:50,doors opened
07/08/2025,12,6017,Tuesday,Weekday,East,15650979,56100,15:35:00,56118,15:35:18,14,2096,Washington Ave & Lexington Ave (02096),0,2,9,,,57594,15:59:54,,,57609,16:00:09,15,00:00:15,doors opened
07/08/2025,12,6017,Tuesday,Weekday,East,15650979,56100,15:35:00,56118,15:35:18,13,3253,Washington Ave & Robin St (Draper Hall) (03253),0,0,11,,,57569,15:59:29,,,57569,15:59:29,0,00:00:00,door not opened
07/08/2025,12,6017,Tuesday,Weekday,East,15650979,56100,15:35:00,56118,15:35:18,12,2109,Washington Ave & N. Lake Ave (02109),0,0,11,,,57514,15:58:34,,,57514,15:58:34,0,00:00:00,door not opened
07/08/2025,12,6017,Tuesday,Weekday,East,15650979,56100,15:35:00,56118,15:35:18,11,3256,Washington Ave & Ontario St (03256),1,0,11,57540.0,15:59:00,57371,15:56:11,57540.0,15:59:00,57371,15:56:11,0,00:00:00,door not opened
07/08/2025,12,6017,Tuesday,Weekday,East,15650979,56100,15:35:00,56118,15:35:18,10,3257,Washington Ave & N. Main Ave (03257),0,0,10,,,57285,15:54:45,,,57285,15:54:45,0,00:00:00,door not opened
07/08/2025,12,6017,Tuesday,Weekday,East,15650979,56100,15:35:00,56118,15:35:18,9,1796,Washington Ave & N. Allen St (01796),0,4,10,57300.0,15:55:00,57167,15:52:47,57300.0,15:55:00,57211,15:53:31,44,00:00:44,doors opened
07/08/2025,12,6017,Tuesday,Weekday,East,15650979,56100,15:35:00,56118,15:35:18,8,11581,Washington Ave & Manning Blvd (11581),0,0,14,,,57134,15:52:14,,,57134,15:52:14,0,00:00:00,door not opened
07/08/2025,12,6017,Tuesday,Weekday,East,15650979,56100,15:35:00,56118,15:35:18,7,2180,Washington Ave & Homestead Ave (02180),0,0,14,,,57073,15:51:13,,,57073,15:51:13,0,00:00:00,door not opened
07/08/2025,12,6017,Tuesday,Weekday,East,15650979,56100,15:35:00,56118,15:35:18,6,2182,Washington Ave & Hawthorne St (02182),0,0,14,,,57032,15:50:32,,,57032,15:50:32,0,00:00:00,door not opened
07/08/2025,12,6017,Tuesday,Weekday,East,15650979,56100,15:35:00,56118,15:35:18,5,3304,Washington Ave & Clermont St (03304),0,0,14,,,57008,15:50:08,,,57008,15:50:08,0,00:00:00,door not opened
07/08/2025,12,6017,Tuesday,Weekday,East,15650979,56100,15:35:00,56118,15:35:18,4,3348,Washington Ave & Brevator St (03348),0,0,14,,,56982,15:49:42,,,56982,15:49:42,0,00:00:00,door not opened
07/08/2025,12,6017,Tuesday,Weekday,East,15650979,56100,15:35:00,56118,15:35:18,3,10134,Washington Ave & SUNY Exit Rd (10134),2,2,14,,,56775,15:46:15,,,56804,15:46:44,29,00:00:29,doors opened
07/08/2025,12,6017,Tuesday,Weekday,West,15650981,58800,16:20:00,58884,16:21:24,27,7175,Crossgates Mall Station (07175),0,9,0,61500.0,17:05:00,61362,17:02:42,61500.0,17:05:00,61362,17:02:42,0,00:00:00,doors opened
07/08/2025,12,6017,Tuesday,Weekday,West,15650981,58800,16:20:00,58884,16:21:24,26,12828,Crossgates Commons Station (12828),2,3,9,61080.0,16:58:00,61116,16:58:36,61080.0,16:58:00,61146,16:59:06,30,00:00:30,doors opened
07/08/2025,12,6017,Tuesday,Weekday,West,15650981,58800,16:20:00,58884,16:21:24,25,12891,1475 Washington Ave (12891),1,1,10,,,60886,16:54:46,,,60903,16:55:03,17,00:00:17,doors opened
07/08/2025,12,6017,Tuesday,Weekday,West,15650981,58800,16:20:00,58884,16:21:24,24,7216,SUNY Collins Circle (07216),2,1,10,60660.0,16:51:00,60743,16:52:23,60660.0,16:51:00,60762,16:52:42,19,00:00:19,doors opened
07/08/2025,12,6017,Tuesday,Weekday,West,15650981,58800,16:20:00,58884,16:21:24,23,3262,1383 Washington Ave (Fairfield Inn) (03262),1,3,9,,,60613,16:50:13,,,60640,16:50:40,27,00:00:27,doors opened
07/08/2025,12,6017,Tuesday,Weekday,West,15650981,58800,16:20:00,58884,16:21:24,22,976,Washington Ave & Brevator St (00976),0,1,11,,,60465,16:47:45,,,60505,16:48:25,40,00:00:40,doors opened
07/08/2025,12,6017,Tuesday,Weekday,West,15650981,58800,16:20:00,58884,16:21:24,21,1959,Washington Ave & Colvin Ave (01959),0,0,12,,,60381,16:46:21,,,60441,16:47:21,60,00:01:00,doors opened
07/08/2025,12,6017,Tuesday,Weekday,West,15650981,58800,16:20:00,58884,16:21:24,20,3399,Washington Ave & Danker Ave (03399),0,1,12,,,60308,16:45:08,,,60324,16:45:24,16,00:00:16,doors opened
07/08/2025,12,6017,Tuesday,Weekday,West,15650981,58800,16:20:00,58884,16:21:24,19,1849,Washington Ave & Homestead Ave (01849),1,2,13,,,60266,16:44:26,,,60283,16:44:43,17,00:00:17,doors opened
07/08/2025,12,6017,Tuesday,Weekday,West,15650981,58800,16:20:00,58884,16:21:24,18,1846,Washington Ave & Manning Blvd (01846),1,2,14,,,60208,16:43:28,,,60242,16:44:02,34,00:00:34,doors opened
07/08/2025,12,6017,Tuesday,Weekday,West,15650981,58800,16:20:00,58884,16:21:24,17,3287,Washington Ave & N. Allen St (03287),0,1,15,60180.0,16:43:00,60163,16:42:43,60180.0,16:43:00,60181,16:43:01,18,00:00:18,doors opened
07/08/2025,12,6017,Tuesday,Weekday,West,15650981,58800,16:20:00,58884,16:21:24,16,3264,Washington Ave & N. Main Ave (03264),2,4,16,,,60108,16:41:48,,,60129,16:42:09,21,00:00:21,doors opened
07/08/2025,12,6017,Tuesday,Weekday,West,15650981,58800,16:20:00,58884,16:21:24,15,1839,Washington Ave & Partridge St (01839),0,0,18,,,60002,16:40:02,,,60032,16:40:32,30,00:00:30,doors opened
07/08/2025,12,6017,Tuesday,Weekday,West,15650981,58800,16:20:00,58884,16:21:24,14,1841,Washington Ave & Ontario St (01841),3,0,18,59880.0,16:38:00,59955,16:39:15,59880.0,16:38:00,59979,16:39:39,24,00:00:24,doors opened
07/08/2025,12,6017,Tuesday,Weekday,West,15650981,58800,16:20:00,58884,16:21:24,13,1842,Washington Ave & Quail St (01842),2,4,15,,,59871,16:37:51,,,59932,16:38:52,61,00:01:01,doors opened
07/08/2025,12,6017,Tuesday,Weekday,West,15650981,58800,16:20:00,58884,16:21:24,12,1837,Washington Ave & N. Lake Ave (01837),1,0,17,,,59793,16:36:33,,,59842,16:37:22,49,00:00:49,doors opened
07/08/2025,12,6017,Tuesday,Weekday,West,15650981,58800,16:20:00,58884,16:21:24,11,1843,Washington Ave & Robin St (01843),0,1,16,,,59751,16:35:51,,,59768,16:36:08,17,00:00:17,doors opened
07/08/2025,12,6017,Tuesday,Weekday,West,15650981,58800,16:20:00,58884,16:21:24,10,12943,Washington Ave & Lexington Ave (12943),0,5,17,,,59710,16:35:10,,,59725,16:35:25,15,00:00:15,doors opened
07/08/2025,12,6017,Tuesday,Weekday,West,15650981,58800,16:20:00,58884,16:21:24,9,12942,Washington Ave & Henry Johnson Blvd (12942),0,0,22,,,59646,16:34:06,,,59660,16:34:20,14,00:00:14,doors opened
07/08/2025,12,6017,Tuesday,Weekday,West,15650981,58800,16:20:00,58884,16:21:24,8,3239,Lark/Library Station - Washington Ave & Lark St (03239),8,3,22,59460.0,16:31:00,59481,16:31:21,59460.0,16:31:00,59569,16:32:49,88,00:01:28,doors opened
07/08/2025,12,6017,Tuesday,Weekday,West,15650981,58800,16:20:00,58884,16:21:24,7,3301,Washington Ave & S. Swan St (03301),9,0,17,,,59376,16:29:36,,,59443,16:30:43,67,00:01:07,doors opened
07/08/2025,12,6017,Tuesday,Weekday,West,15650981,58800,16:20:00,58884,16:21:24,6,3250,Hawk/Capitol Station - Washington Ave & Hawk St (03250),0,0,8,,,59353,16:29:13,,,59353,16:29:13,0,00:00:00,door not opened
07/08/2025,12,6017,Tuesday,Weekday,West,15650981,58800,16:20:00,58884,16:21:24,5,10087,State St & Eagle St (10087),0,0,8,,,59322,16:28:42,,,59322,16:28:42,0,00:00:00,door not opened
07/08/2025,12,6017,Tuesday,Weekday,West,15650981,58800,16:20:00,58884,16:21:24,4,2665,State/Downtown Station - State St & Lodge St (02665),3,1,8,59100.0,16:25:00,59183,16:26:23,59100.0,16:25:00,59221,16:27:01,38,00:00:38,doors opened
07/08/2025,12,6017,Tuesday,Weekday,West,15650981,58800,16:20:00,58884,16:21:24,3,3221,State Station - N. Pearl St & Ten Eyck Plaza (03221),3,0,6,,,59108,16:25:08,,,59152,16:25:52,44,00:00:44,doors opened
07/08/2025,12,6017,Tuesday,Weekday,West,15650981,58800,16:20:00,58884,16:21:24,2,3233,N. Pearl St & Sheridan Ave (03233),0,0,3,,,59031,16:23:51,,,59031,16:23:51,0,00:00:00,door not opened
07/08/2025,12,6017,Tuesday,Weekday,West,15650981,58800,16:20:00,58884,16:21:24,1,2168,Clinton Square Station - N. Pearl St & Clinton Ave (02168),1,0,3,,,58953,16:22:33,,,59015,16:23:35,62,00:01:02,doors opened
07/08/2025,12,6017,Tuesday,Weekday,West,15650981,58800,16:20:00,58884,16:21:24,0,9018,Broadway & Orange St (09018),2,0,2,58800.0,16:20:00,58884,16:21:24,58800.0,16:20:00,58884,16:21:24,0,00:00:00,doors opened
07/08/2025,12,6017,Tuesday,Weekday,East,15650982,62100,17:15:00,62121,17:15:21,1,12827,Crossgates Commons Station (12827),7,2,14,62460.0,17:21:00,62301,17:18:21,62460.0,17:21:00,62429,17:20:29,128,00:02:08,doors opened
07/08/2025,12,6017,Tuesday,Weekday,East,15650982,62100,17:15:00,62121,17:15:21,0,7175,Crossgates Mall Station (07175),9,0,9,62100.0,17:15:00,62121,17:15:21,62100.0,17:15:00,62121,17:15:21,0,00:00:00,doors opened
07/08/2025,12,6017,Tuesday,Weekday,East,15650982,62100,17:15:00,62121,17:15:21,24,3940,Broadway & Steuben St (03940),0,1,0,64440.0,17:54:00,64304,17:51:44,64440.0,17:54:00,64304,17:51:44,0,00:00:00,doors opened
07/08/2025,12,6017,Tuesday,Weekday,East,15650982,62100,17:15:00,62121,17:15:21,23,2509,State/Downtown Station - State St & S. Pearl St (02509),0,1,1,64260.0,17:51:00,64174,17:49:34,64260.0,17:51:00,64241,17:50:41,67,00:01:07,doors opened
07/08/2025,12,6017,Tuesday,Weekday,East,15650982,62100,17:15:00,62121,17:15:21,22,1787,State St & Eagle St (01787),0,0,2,,,64150,17:49:10,,,64150,17:49:10,0,00:00:00,door not opened
07/08/2025,12,6017,Tuesday,Weekday,East,15650982,62100,17:15:00,62121,17:15:21,21,2706,Hawk/Capitol Station - Washington Ave & Hawk St (02706),0,1,2,,,64041,17:47:21,,,64055,17:47:35,14,00:00:14,doors opened
07/08/2025,12,6017,Tuesday,Weekday,East,15650982,62100,17:15:00,62121,17:15:21,20,1789,Washington Ave & S. Swan St (01789),0,0,3,,,64019,17:46:59,,,64019,17:46:59,0,00:00:00,door not opened
07/08/2025,12,6017,Tuesday,Weekday,East,15650982,62100,17:15:00,62121,17:15:21,19,1788,Washington Ave & Dove St (01788),0,0,3,,,63954,17:45:54,,,63954,17:45:54,0,00:00:00,door not opened
07/08/2025,12,6017,Tuesday,Weekday,East,15650982,62100,17:15:00,62121,17:15:21,18,2663,Lark/Library Station - Washington Ave & Lark St (02663),1,0,3,63960.0,17:46:00,63909,17:45:09,63960.0,17:46:00,63932,17:45:32,23,00:00:23,doors opened
07/08/2025,12,6017,Tuesday,Weekday,East,15650982,62100,17:15:00,62121,17:15:21,17,263,Washington Ave & Henry Johnson Blvd (00263),0,0,2,,,63829,17:43:49,,,63829,17:43:49,0,00:00:00,door not opened
07/08/2025,12,6017,Tuesday,Weekday,East,15650982,62100,17:15:00,62121,17:15:21,16,2096,Washington Ave & Lexington Ave (02096),0,0,2,,,63653,17:40:53,,,63653,17:40:53,0,00:00:00,door not opened
07/08/2025,12,6017,Tuesday,Weekday,East,15650982,62100,17:15:00,62121,17:15:21,15,3253,Washington Ave & Robin St (Draper Hall) (03253),0,4,2,,,63597,17:39:57,,,63637,17:40:37,40,00:00:40,doors opened
07/08/2025,12,6017,Tuesday,Weekday,East,15650982,62100,17:15:00,62121,17:15:21,14,2109,Washington Ave & N. Lake Ave (02109),0,0,6,,,63560,17:39:20,,,63576,17:39:36,16,00:00:16,doors opened
07/08/2025,12,6017,Tuesday,Weekday,East,15650982,62100,17:15:00,62121,17:15:21,13,3255,Washington Ave & Quail St (03255),0,5,6,,,63485,17:38:05,,,63535,17:38:55,50,00:00:50,doors opened
07/08/2025,12,6017,Tuesday,Weekday,East,15650982,62100,17:15:00,62121,17:15:21,12,3256,Washington Ave & Ontario St (03256),0,2,11,63540.0,17:39:00,63445,17:37:25,63540.0,17:39:00,63467,17:37:47,22,00:00:22,doors opened
07/08/2025,12,6017,Tuesday,Weekday,East,15650982,62100,17:15:00,62121,17:15:21,11,2107,Washington Ave & Partridge St (02107),0,0,13,,,63408,17:36:48,,,63423,17:37:03,15,00:00:15,doors opened
07/08/2025,12,6017,Tuesday,Weekday,East,15650982,62100,17:15:00,62121,17:15:21,10,3257,Washington Ave & N. Main Ave (03257),1,3,13,,,63320,17:35:20,,,63349,17:35:49,29,00:00:29,doors opened
07/08/2025,12,6017,Tuesday,Weekday,East,15650982,62100,17:15:00,62121,17:15:21,9,1796,Washington Ave & N. Allen St (01796),1,5,15,63300.0,17:35:00,63267,17:34:27,63300.0,17:35:00,63292,17:34:52,25,00:00:25,doors opened
07/08/2025,12,6017,Tuesday,Weekday,East,15650982,62100,17:15:00,62121,17:15:21,8,11581,Washington Ave & Manning Blvd (11581),1,0,19,,,63186,17:33:06,,,63237,17:33:57,51,00:00:51,doors opened
07/08/2025,12,6017,Tuesday,Weekday,East,15650982,62100,17:15:00,62121,17:15:21,7,2180,Washington Ave & Homestead Ave (02180),0,1,18,,,63108,17:31:48,,,63130,17:32:10,22,00:00:22,doors opened
07/08/2025,12,6017,Tuesday,Weekday,East,15650982,62100,17:15:00,62121,17:15:21,6,2182,Washington Ave & Hawthorne St (02182),0,0,19,,,63085,17:31:25,,,63085,17:31:25,0,00:00:00,door not opened
07/08/2025,12,6017,Tuesday,Weekday,East,15650982,62100,17:15:00,62121,17:15:21,5,3304,Washington Ave & Clermont St (03304),0,0,19,,,63063,17:31:03,,,63063,17:31:03,0,00:00:00,door not opened
07/08/2025,12,6017,Tuesday,Weekday,East,15650982,62100,17:15:00,62121,17:15:21,4,3348,Washington Ave & Brevator St (03348),2,0,19,,,62988,17:29:48,,,63041,17:30:41,53,00:00:53,doors opened
07/08/2025,12,6017,Tuesday,Weekday,East,15650982,62100,17:15:00,62121,17:15:21,3,10134,Washington Ave & SUNY Exit Rd (10134),0,0,17,,,62828,17:27:08,,,62851,17:27:31,23,00:00:23,doors opened
07/08/2025,12,6017,Tuesday,Weekday,East,15650982,62100,17:15:00,62121,17:15:21,2,7216,SUNY Collins Circle (07216),3,0,17,62760.0,17:26:00,62674,17:24:34,62760.0,17:26:00,62706,17:25:06,32,00:00:32,doors opened
07/08/2025,12,6017,Tuesday,Weekday,West,15650984,64800,18:00:00,64798,17:59:58,27,7175,Crossgates Mall Station (07175),0,5,0,67200.0,18:40:00,66959,18:35:59,67200.0,18:40:00,66959,18:35:59,0,00:00:00,doors opened
07/08/2025,12,6017,Tuesday,Weekday,West,15650984,64800,18:00:00,64798,17:59:58,26,12828,Crossgates Commons Station (12828),1,2,5,66780.0,18:33:00,66708,18:31:48,66780.0,18:33:00,66731,18:32:11,23,00:00:23,doors opened
07/08/2025,12,6017,Tuesday,Weekday,West,15650984,64800,18:00:00,64798,17:59:58,25,12891,1475 Washington Ave (12891),1,0,6,,,66529,18:28:49,,,66549,18:29:09,20,00:00:20,doors opened
07/08/2025,12,6017,Tuesday,Weekday,West,15650984,64800,18:00:00,64798,17:59:58,24,7216,SUNY Collins Circle (07216),0,0,5,66420.0,18:27:00,66361,18:26:01,66420.0,18:27:00,66361,18:26:01,0,00:00:00,door not opened
07/08/2025,12,6017,Tuesday,Weekday,West,15650984,64800,18:00:00,64798,17:59:58,23,3262,1383 Washington Ave (Fairfield Inn) (03262),0,2,5,,,66232,18:23:52,,,66248,18:24:08,16,00:00:16,doors opened
07/08/2025,12,6017,Tuesday,Weekday,West,15650984,64800,18:00:00,64798,17:59:58,22,976,Washington Ave & Brevator St (00976),1,0,7,,,66090,18:21:30,,,66103,18:21:43,13,00:00:13,doors opened
07/08/2025,12,6017,Tuesday,Weekday,West,15650984,64800,18:00:00,64798,17:59:58,21,1959,Washington Ave & Colvin Ave (01959),0,1,6,,,66024,18:20:24,,,66065,18:21:05,41,00:00:41,doors opened
07/08/2025,12,6017,Tuesday,Weekday,West,15650984,64800,18:00:00,64798,17:59:58,20,3399,Washington Ave & Danker Ave (03399),0,0,7,,,65982,18:19:42,,,65998,18:19:58,16,00:00:16,doors opened
07/08/2025,12,6017,Tuesday,Weekday,West,15650984,64800,18:00:00,64798,17:59:58,19,1849,Washington Ave & Homestead Ave (01849),0,0,7,,,65960,18:19:20,,,65960,18:19:20,0,00:00:00,door not opened
07/08/2025,12,6017,Tuesday,Weekday,West,15650984,64800,18:00:00,64798,17:59:58,18,1846,Washington Ave & Manning Blvd (01846),0,0,7,,,65939,18:18:59,,,65939,18:18:59,0,00:00:00,door not opened
07/08/2025,12,6017,Tuesday,Weekday,West,15650984,64800,18:00:00,64798,17:59:58,17,3287,Washington Ave & N. Allen St (03287),1,0,7,66000.0,18:20:00,65839,18:17:19,66000.0,18:20:00,65856,18:17:36,17,00:00:17,doors opened
07/08/2025,12,6017,Tuesday,Weekday,West,15650984,64800,18:00:00,64798,17:59:58,16,3264,Washington Ave & N. Main Ave (03264),0,0,6,,,65807,18:16:47,,,65807,18:16:47,0,00:00:00,door not opened
07/08/2025,12,6017,Tuesday,Weekday,West,15650984,64800,18:00:00,64798,17:59:58,15,1839,Washington Ave & Partridge St (01839),0,1,6,,,65704,18:15:04,,,65731,18:15:31,27,00:00:27,doors opened
07/08/2025,12,6017,Tuesday,Weekday,West,15650984,64800,18:00:00,64798,17:59:58,14,1841,Washington Ave & Ontario St (01841),2,0,7,65820.0,18:17:00,65657,18:14:17,65820.0,18:17:00,65677,18:14:37,20,00:00:20,doors opened
07/08/2025,12,6017,Tuesday,Weekday,West,15650984,64800,18:00:00,64798,17:59:58,13,1842,Washington Ave & Quail St (01842),0,0,5,,,65632,18:13:52,,,65632,18:13:52,0,00:00:00,door not opened
07/08/2025,12,6017,Tuesday,Weekday,West,15650984,64800,18:00:00,64798,17:59:58,12,1837,Washington Ave & N. Lake Ave (01837),1,0,5,,,65572,18:12:52,,,65595,18:13:15,23,00:00:23,doors opened
07/08/2025,12,6017,Tuesday,Weekday,West,15650984,64800,18:00:00,64798,17:59:58,11,1843,Washington Ave & Robin St (01843),0,0,4,,,65553,18:12:33,,,65553,18:12:33,0,00:00:00,door not opened
07/08/2025,12,6017,Tuesday,Weekday,West,15650984,64800,18:00:00,64798,17:59:58,10,12943,Washington Ave & Lexington Ave (12943),0,0,4,,,65530,18:12:10,,,65530,18:12:10,0,00:00:00,door not opened
07/08/2025,12,6017,Tuesday,Weekday,West,15650984,64800,18:00:00,64798,17:59:58,9,12942,Washington Ave & Henry Johnson Blvd (12942),1,1,4,,,65447,18:10:47,,,65467,18:11:07,20,00:00:20,doors opened
07/08/2025,12,6017,Tuesday,Weekday,West,15650984,64800,18:00:00,64798,17:59:58,8,3239,Lark/Library Station - Washington Ave & Lark St (03239),4,4,4,65400.0,18:10:00,65341,18:09:01,65400.0,18:10:00,65376,18:09:36,35,00:00:35,doors opened
07/08/2025,12,6017,Tuesday,Weekday,West,15650984,64800,18:00:00,64798,17:59:58,7,3301,Washington Ave & S. Swan St (03301),0,0,4,,,65286,18:08:06,,,65286,18:08:06,0,00:00:00,door not opened
07/08/2025,12,6017,Tuesday,Weekday,West,15650984,64800,18:00:00,64798,17:59:58,6,3250,Hawk/Capitol Station - Washington Ave & Hawk St (03250),0,0,4,,,65254,18:07:34,,,65254,18:07:34,0,00:00:00,door not opened
07/08/2025,12,6017,Tuesday,Weekday,West,15650984,64800,18:00:00,64798,17:59:58,5,10087,State St & Eagle St (10087),0,0,4,,,65190,18:06:30,,,65190,18:06:30,0,00:00:00,door not opened
07/08/2025,12,6017,Tuesday,Weekday,West,15650984,64800,18:00:00,64798,17:59:58,4,2665,State/Downtown Station - State St & Lodge St (02665),0,0,4,65100.0,18:05:00,65070,18:04:30,65100.0,18:05:00,65070,18:04:30,0,00:00:00,door not opened
07/08/2025,12,6017,Tuesday,Weekday,West,15650984,64800,18:00:00,64798,17:59:58,3,3221,State Station - N. Pearl St & Ten Eyck Plaza (03221),1,0,4,,,64949,18:02:29,,,65041,18:04:01,92,00:01:32,doors opened
07/08/2025,12,6017,Tuesday,Weekday,West,15650984,64800,18:00:00,64798,17:59:58,2,3233,N. Pearl St & Sheridan Ave (03233),0,0,3,,,64918,18:01:58,,,64918,18:01:58,0,00:00:00,door not opened
07/08/2025,12,6017,Tuesday,Weekday,West,15650984,64800,18:00:00,64798,17:59:58,1,2168,Clinton Square Station - N. Pearl St & Clinton Ave (02168),2,0,3,,,64850,18:00:50,,,64892,18:01:32,42,00:00:42,doors opened
07/08/2025,12,6017,Tuesday,Weekday,West,15650984,64800,18:00:00,64798,17:59:58,0,9018,Broadway & Orange St (09018),1,0,1,64800.0,18:00:00,64798,17:59:58,64800.0,18:00:00,64798,17:59:58,0,00:00:00,doors opened
07/08/2025,12,6023,Tuesday,Weekday,East,15651794,53700,14:55:00,53919,14:58:39,1,12827,Crossgates Commons Station (12827),19,3,20,54060.0,15:01:00,54221,15:03:41,54060.0,15:01:00,54412,15:06:52,191,00:03:11,doors opened
07/08/2025,12,6023,Tuesday,Weekday,East,15651794,53700,14:55:00,53919,14:58:39,0,7175,Crossgates Mall Station (07175),3,0,4,53700.0,14:55:00,53919,14:58:39,53700.0,14:55:00,53919,14:58:39,0,00:00:00,doors opened
07/08/2025,12,6023,Tuesday,Weekday,East,15651794,53700,14:55:00,53919,14:58:39,24,3940,Broadway & Steuben St (03940),0,0,0,56040.0,15:34:00,56372,15:39:32,56040.0,15:34:00,56372,15:39:32,0,00:00:00,door not opened
07/08/2025,12,6023,Tuesday,Weekday,East,15651794,53700,14:55:00,53919,14:58:39,23,2509,State/Downtown Station - State St & S. Pearl St (02509),0,9,0,55860.0,15:31:00,56231,15:37:11,55860.0,15:31:00,56269,15:37:49,38,00:00:38,doors opened
07/08/2025,12,6023,Tuesday,Weekday,East,15651794,53700,14:55:00,53919,14:58:39,22,1787,State St & Eagle St (01787),0,0,9,,,56192,15:36:32,,,56192,15:36:32,0,00:00:00,door not opened
07/08/2025,12,6023,Tuesday,Weekday,East,15651794,53700,14:55:00,53919,14:58:39,21,2706,Hawk/Capitol Station - Washington Ave & Hawk St (02706),0,0,9,,,56064,15:34:24,,,56064,15:34:24,0,00:00:00,door not opened
07/08/2025,12,6023,Tuesday,Weekday,East,15651794,53700,14:55:00,53919,14:58:39,20,1789,Washington Ave & S. Swan St (01789),0,0,9,,,55990,15:33:10,,,55990,15:33:10,0,00:00:00,door not opened
07/08/2025,12,6023,Tuesday,Weekday,East,15651794,53700,14:55:00,53919,14:58:39,19,1788,Washington Ave & Dove St (01788),1,0,9,,,55942,15:32:22,,,55960,15:32:40,18,00:00:18,doors opened
07/08/2025,12,6023,Tuesday,Weekday,East,15651794,53700,14:55:00,53919,14:58:39,18,2663,Lark/Library Station - Washington Ave & Lark St (02663),0,2,8,55560.0,15:26:00,55831,15:30:31,55560.0,15:26:00,55913,15:31:53,82,00:01:22,doors opened
07/08/2025,12,6023,Tuesday,Weekday,East,15651794,53700,14:55:00,53919,14:58:39,17,263,Washington Ave & Henry Johnson Blvd (00263),0,0,10,,,55787,15:29:47,,,55805,15:30:05,18,00:00:18,doors opened
07/08/2025,12,6023,Tuesday,Weekday,East,15651794,53700,14:55:00,53919,14:58:39,16,2096,Washington Ave & Lexington Ave (02096),1,3,10,,,55717,15:28:37,,,55755,15:29:15,38,00:00:38,doors opened
07/08/2025,12,6023,Tuesday,Weekday,East,15651794,53700,14:55:00,53919,14:58:39,15,3253,Washington Ave & Robin St (Draper Hall) (03253),1,3,12,,,55668,15:27:48,,,55695,15:28:15,27,00:00:27,doors opened
07/08/2025,12,6023,Tuesday,Weekday,East,15651794,53700,14:55:00,53919,14:58:39,14,2109,Washington Ave & N. Lake Ave (02109),1,0,14,,,55583,15:26:23,,,55646,15:27:26,63,00:01:03,doors opened
07/08/2025,12,6023,Tuesday,Weekday,East,15651794,53700,14:55:00,53919,14:58:39,13,3255,Washington Ave & Quail St (03255),0,3,13,,,55506,15:25:06,,,55555,15:25:55,49,00:00:49,doors opened
07/08/2025,12,6023,Tuesday,Weekday,East,15651794,53700,14:55:00,53919,14:58:39,12,3256,Washington Ave & Ontario St (03256),1,1,16,55140.0,15:19:00,55467,15:24:27,55140.0,15:19:00,55483,15:24:43,16,00:00:16,doors opened
07/08/2025,12,6023,Tuesday,Weekday,East,15651794,53700,14:55:00,53919,14:58:39,11,2107,Washington Ave & Partridge St (02107),3,0,16,,,55392,15:23:12,,,55442,15:24:02,50,00:00:50,doors opened
07/08/2025,12,6023,Tuesday,Weekday,East,15651794,53700,14:55:00,53919,14:58:39,10,3257,Washington Ave & N. Main Ave (03257),1,1,13,,,55289,15:21:29,,,55311,15:21:51,22,00:00:22,doors opened
07/08/2025,12,6023,Tuesday,Weekday,East,15651794,53700,14:55:00,53919,14:58:39,9,1796,Washington Ave & N. Allen St (01796),0,4,13,54900.0,15:15:00,55235,15:20:35,54900.0,15:15:00,55256,15:20:56,21,00:00:21,doors opened
07/08/2025,12,6023,Tuesday,Weekday,East,15651794,53700,14:55:00,53919,14:58:39,8,11581,Washington Ave & Manning Blvd (11581),1,0,17,,,55136,15:18:56,,,55199,15:19:59,63,00:01:03,doors opened
07/08/2025,12,6023,Tuesday,Weekday,East,15651794,53700,14:55:00,53919,14:58:39,7,2180,Washington Ave & Homestead Ave (02180),0,3,16,,,55093,15:18:13,,,55112,15:18:32,19,00:00:19,doors opened
07/08/2025,12,6023,Tuesday,Weekday,East,15651794,53700,14:55:00,53919,14:58:39,6,2182,Washington Ave & Hawthorne St (02182),0,0,19,,,55067,15:17:47,,,55067,15:17:47,0,00:00:00,door not opened
07/08/2025,12,6023,Tuesday,Weekday,East,15651794,53700,14:55:00,53919,14:58:39,5,3304,Washington Ave & Clermont St (03304),0,3,19,,,55018,15:16:58,,,55041,15:17:21,23,00:00:23,doors opened
07/08/2025,12,6023,Tuesday,Weekday,East,15651794,53700,14:55:00,53919,14:58:39,4,3348,Washington Ave & Brevator St (03348),1,0,22,,,54966,15:16:06,,,54993,15:16:33,27,00:00:27,doors opened
07/08/2025,12,6023,Tuesday,Weekday,East,15651794,53700,14:55:00,53919,14:58:39,3,10134,Washington Ave & SUNY Exit Rd (10134),0,0,21,,,54820,15:13:40,,,54848,15:14:08,28,00:00:28,doors opened
07/08/2025,12,6023,Tuesday,Weekday,East,15651794,53700,14:55:00,53919,14:58:39,2,7216,SUNY Collins Circle (07216),1,0,21,54360.0,15:06:00,54687,15:11:27,54360.0,15:06:00,54708,15:11:48,21,00:00:21,doors opened
07/08/2025,12,6023,Tuesday,Weekday,West,15651796,56400,15:40:00,56614,15:43:34,26,7175,Crossgates Mall Station (07175),0,5,0,59040.0,16:24:00,59262,16:27:42,59040.0,16:24:00,59262,16:27:42,0,00:00:00,doors opened
07/08/2025,12,6023,Tuesday,Weekday,West,15651796,56400,15:40:00,56614,15:43:34,25,12828,Crossgates Commons Station (12828),0,13,5,58620.0,16:17:00,59003,16:23:23,58620.0,16:17:00,59023,16:23:43,20,00:00:20,doors opened
07/08/2025,12,6023,Tuesday,Weekday,West,15651796,56400,15:40:00,56614,15:43:34,24,12891,1475 Washington Ave (12891),0,0,18,,,58712,16:18:32,,,58712,16:18:32,0,00:00:00,door not opened
07/08/2025,12,6023,Tuesday,Weekday,West,15651796,56400,15:40:00,56614,15:43:34,23,7216,SUNY Collins Circle (07216),5,3,18,58260.0,16:11:00,58503,16:15:03,58260.0,16:11:00,58528,16:15:28,25,00:00:25,doors opened
07/08/2025,12,6023,Tuesday,Weekday,West,15651796,56400,15:40:00,56614,15:43:34,22,3262,1383 Washington Ave (Fairfield Inn) (03262),1,4,16,,,58332,16:12:12,,,58356,16:12:36,24,00:00:24,doors opened
07/08/2025,12,6023,Tuesday,Weekday,West,15651796,56400,15:40:00,56614,15:43:34,21,976,Washington Ave & Brevator St (00976),0,0,19,,,58225,16:10:25,,,58225,16:10:25,0,00:00:00,door not opened
07/08/2025,12,6023,Tuesday,Weekday,West,15651796,56400,15:40:00,56614,15:43:34,20,1959,Washington Ave & Colvin Ave (01959),2,0,19,,,58127,16:08:47,,,58193,16:09:53,66,00:01:06,doors opened
07/08/2025,12,6023,Tuesday,Weekday,West,15651796,56400,15:40:00,56614,15:43:34,19,3399,Washington Ave & Danker Ave (03399),1,0,17,,,58084,16:08:04,,,58102,16:08:22,18,00:00:18,doors opened
07/08/2025,12,6023,Tuesday,Weekday,West,15651796,56400,15:40:00,56614,15:43:34,18,1849,Washington Ave & Homestead Ave (01849),0,1,16,,,58041,16:07:21,,,58059,16:07:39,18,00:00:18,doors opened
07/08/2025,12,6023,Tuesday,Weekday,West,15651796,56400,15:40:00,56614,15:43:34,17,1846,Washington Ave & Manning Blvd (01846),0,0,17,,,58020,16:07:00,,,58020,16:07:00,0,00:00:00,door not opened
07/08/2025,12,6023,Tuesday,Weekday,West,15651796,56400,15:40:00,56614,15:43:34,16,3287,Washington Ave & N. Allen St (03287),2,2,17,57780.0,16:03:00,57932,16:05:32,57780.0,16:03:00,57956,16:05:56,24,00:00:24,doors opened
07/08/2025,12,6023,Tuesday,Weekday,West,15651796,56400,15:40:00,56614,15:43:34,15,3264,Washington Ave & N. Main Ave (03264),0,1,17,,,57881,16:04:41,,,57897,16:04:57,16,00:00:16,doors opened
07/08/2025,12,6023,Tuesday,Weekday,West,15651796,56400,15:40:00,56614,15:43:34,14,1839,Washington Ave & Partridge St (01839),0,0,18,,,57819,16:03:39,,,57819,16:03:39,0,00:00:00,door not opened
07/08/2025,12,6023,Tuesday,Weekday,West,15651796,56400,15:40:00,56614,15:43:34,13,1841,Washington Ave & Ontario St (01841),8,5,18,57480.0,15:58:00,57737,16:02:17,57480.0,15:58:00,57778,16:02:58,41,00:00:41,doors opened
07/08/2025,12,6023,Tuesday,Weekday,West,15651796,56400,15:40:00,56614,15:43:34,12,1837,Washington Ave & N. Lake Ave (01837),0,1,15,,,57581,15:59:41,,,57623,16:00:23,42,00:00:42,doors opened
07/08/2025,12,6023,Tuesday,Weekday,West,15651796,56400,15:40:00,56614,15:43:34,11,1843,Washington Ave & Robin St (01843),3,1,16,,,57525,15:58:45,,,57554,15:59:14,29,00:00:29,doors opened
07/08/2025,12,6023,Tuesday,Weekday,West,15651796,56400,15:40:00,56614,15:43:34,10,12943,Washington Ave & Lexington Ave (12943),1,0,14,,,57476,15:57:56,,,57491,15:58:11,15,00:00:15,doors opened
07/08/2025,12,6023,Tuesday,Weekday,West,15651796,56400,15:40:00,56614,15:43:34,9,12942,Washington Ave & Henry Johnson Blvd (12942),2,1,13,,,57366,15:56:06,,,57421,15:57:01,55,00:00:55,doors opened
07/08/2025,12,6023,Tuesday,Weekday,West,15651796,56400,15:40:00,56614,15:43:34,8,3239,Lark/Library Station - Washington Ave & Lark St (03239),2,4,12,57060.0,15:51:00,57186,15:53:06,57060.0,15:51:00,57250,15:54:10,64,00:01:04,doors opened
07/08/2025,12,6023,Tuesday,Weekday,West,15651796,56400,15:40:00,56614,15:43:34,7,3301,Washington Ave & S. Swan St (03301),1,0,14,,,57114,15:51:54,,,57130,15:52:10,16,00:00:16,doors opened
07/08/2025,12,6023,Tuesday,Weekday,West,15651796,56400,15:40:00,56614,15:43:34,6,3250,Hawk/Capitol Station - Washington Ave & Hawk St (03250),1,0,13,,,57051,15:50:51,,,57087,15:51:27,36,00:00:36,doors opened
07/08/2025,12,6023,Tuesday,Weekday,West,15651796,56400,15:40:00,56614,15:43:34,5,10087,State St & Eagle St (10087),1,0,12,,,57006,15:50:06,,,57019,15:50:19,13,00:00:13,doors opened
07/08/2025,12,6023,Tuesday,Weekday,West,15651796,56400,15:40:00,56614,15:43:34,4,2665,State/Downtown Station - State St & Lodge St (02665),5,0,11,56700.0,15:45:00,56896,15:48:16,56700.0,15:45:00,56969,15:49:29,73,00:01:13,doors opened
07/08/2025,12,6023,Tuesday,Weekday,West,15651796,56400,15:40:00,56614,15:43:34,3,3221,State Station - N. Pearl St & Ten Eyck Plaza (03221),3,0,6,,,56764,15:46:04,,,56871,15:47:51,107,00:01:47,doors opened
07/08/2025,12,6023,Tuesday,Weekday,West,15651796,56400,15:40:00,56614,15:43:34,2,3233,N. Pearl St & Sheridan Ave (03233),0,0,3,,,56729,15:45:29,,,56729,15:45:29,0,00:00:00,door not opened
07/08/2025,12,6023,Tuesday,Weekday,West,15651796,56400,15:40:00,56614,15:43:34,1,2168,Clinton Square Station - N. Pearl St & Clinton Ave (02168),2,0,3,,,56666,15:44:26,,,56711,15:45:11,45,00:00:45,doors opened
07/08/2025,12,6023,Tuesday,Weekday,West,15651796,56400,15:40:00,56614,15:43:34,0,9018,Broadway & Orange St (09018),1,0,1,56400.0,15:40:00,56614,15:43:34,56400.0,15:40:00,56614,15:43:34,0,00:00:00,doors opened
07/08/2025,12,6023,Tuesday,Weekday,East,15651902,59700,16:35:00,59827,16:37:07,24,3940,Broadway & Steuben St (03940),0,1,0,62040.0,17:14:00,62246,17:17:26,62040.0,17:14:00,62246,17:17:26,0,00:00:00,door not opened
07/08/2025,12,6023,Tuesday,Weekday,East,15651902,59700,16:35:00,59827,16:37:07,23,2509,State/Downtown Station - State St & S. Pearl St (02509),0,0,1,61860.0,17:11:00,62078,17:14:38,61860.0,17:11:00,62153,17:15:53,75,00:01:15,doors opened
07/08/2025,12,6023,Tuesday,Weekday,East,15651902,59700,16:35:00,59827,16:37:07,22,1787,State St & Eagle St (01787),0,0,1,,,62060,17:14:20,,,62060,17:14:20,0,00:00:00,door not opened
07/08/2025,12,6023,Tuesday,Weekday,East,15651902,59700,16:35:00,59827,16:37:07,21,2706,Hawk/Capitol Station - Washington Ave & Hawk St (02706),0,0,1,,,61876,17:11:16,,,61932,17:12:12,56,00:00:56,doors opened
07/08/2025,12,6023,Tuesday,Weekday,East,15651902,59700,16:35:00,59827,16:37:07,20,1789,Washington Ave & S. Swan St (01789),0,0,1,,,61854,17:10:54,,,61854,17:10:54,0,00:00:00,door not opened
07/08/2025,12,6023,Tuesday,Weekday,East,15651902,59700,16:35:00,59827,16:37:07,19,1788,Washington Ave & Dove St (01788),0,0,1,,,61768,17:09:28,,,61782,17:09:42,14,00:00:14,doors opened
07/08/2025,12,6023,Tuesday,Weekday,East,15651902,59700,16:35:00,59827,16:37:07,18,2663,Lark/Library Station - Washington Ave & Lark St (02663),0,0,1,61560.0,17:06:00,61745,17:09:05,61560.0,17:06:00,61745,17:09:05,0,00:00:00,door not opened
07/08/2025,12,6023,Tuesday,Weekday,East,15651902,59700,16:35:00,59827,16:37:07,17,263,Washington Ave & Henry Johnson Blvd (00263),1,0,1,,,61693,17:08:13,,,61709,17:08:29,16,00:00:16,doors opened
07/08/2025,12,6023,Tuesday,Weekday,East,15651902,59700,16:35:00,59827,16:37:07,16,2096,Washington Ave & Lexington Ave (02096),0,0,0,,,61611,17:06:51,,,61655,17:07:35,44,00:00:44,doors opened
07/08/2025,12,6023,Tuesday,Weekday,East,15651902,59700,16:35:00,59827,16:37:07,15,3253,Washington Ave & Robin St (Draper Hall) (03253),0,1,0,,,61547,17:05:47,,,61589,17:06:29,42,00:00:42,doors opened
07/08/2025,12,6023,Tuesday,Weekday,East,15651902,59700,16:35:00,59827,16:37:07,14,2109,Washington Ave & N. Lake Ave (02109),1,2,1,,,61466,17:04:26,,,61525,17:05:25,59,00:00:59,doors opened
07/08/2025,12,6023,Tuesday,Weekday,East,15651902,59700,16:35:00,59827,16:37:07,13,3255,Washington Ave & Quail St (03255),0,3,2,,,61382,17:03:02,,,61435,17:03:55,53,00:00:53,doors opened
07/08/2025,12,6023,Tuesday,Weekday,East,15651902,59700,16:35:00,59827,16:37:07,12,3256,Washington Ave & Ontario St (03256),0,1,5,61140.0,16:59:00,61328,17:02:08,61140.0,16:59:00,61357,17:02:37,29,00:00:29,doors opened
07/08/2025,12,6023,Tuesday,Weekday,East,15651902,59700,16:35:00,59827,16:37:07,11,2107,Washington Ave & Partridge St (02107),0,2,6,,,61285,17:01:25,,,61303,17:01:43,18,00:00:18,doors opened
07/08/2025,12,6023,Tuesday,Weekday,East,15651902,59700,16:35:00,59827,16:37:07,10,3257,Washington Ave & N. Main Ave (03257),0,4,8,,,61172,16:59:32,,,61192,16:59:52,20,00:00:20,doors opened
07/08/2025,12,6023,Tuesday,Weekday,East,15651902,59700,16:35:00,59827,16:37:07,9,1796,Washington Ave & N. Allen St (01796),1,6,12,60900.0,16:55:00,61115,16:58:35,60900.0,16:55:00,61140,16:59:00,25,00:00:25,doors opened
07/08/2025,12,6023,Tuesday,Weekday,East,15651902,59700,16:35:00,59827,16:37:07,8,11581,Washington Ave & Manning Blvd (11581),1,0,17,,,61025,16:57:05,,,61078,16:57:58,53,00:00:53,doors opened
07/08/2025,12,6023,Tuesday,Weekday,East,15651902,59700,16:35:00,59827,16:37:07,7,2180,Washington Ave & Homestead Ave (02180),0,3,16,,,60962,16:56:02,,,60978,16:56:18,16,00:00:16,doors opened
07/08/2025,12,6023,Tuesday,Weekday,East,15651902,59700,16:35:00,59827,16:37:07,6,2182,Washington Ave & Hawthorne St (02182),1,2,19,,,60900,16:55:00,,,60925,16:55:25,25,00:00:25,doors opened
07/08/2025,12,6023,Tuesday,Weekday,East,15651902,59700,16:35:00,59827,16:37:07,5,3304,Washington Ave & Clermont St (03304),1,0,20,,,60840,16:54:00,,,60859,16:54:19,19,00:00:19,doors opened
07/08/2025,12,6023,Tuesday,Weekday,East,15651902,59700,16:35:00,59827,16:37:07,4,3348,Washington Ave & Brevator St (03348),0,1,19,,,60799,16:53:19,,,60816,16:53:36,17,00:00:17,doors opened
07/08/2025,12,6023,Tuesday,Weekday,East,15651902,59700,16:35:00,59827,16:37:07,3,10134,Washington Ave & SUNY Exit Rd (10134),1,0,20,,,60663,16:51:03,,,60681,16:51:21,18,00:00:18,doors opened
07/08/2025,12,6023,Tuesday,Weekday,East,15651902,59700,16:35:00,59827,16:37:07,2,7216,SUNY Collins Circle (07216),3,0,19,60360.0,16:46:00,60533,16:48:53,60360.0,16:46:00,60560,16:49:20,27,00:00:27,doors opened
07/08/2025,12,6023,Tuesday,Weekday,East,15651902,59700,16:35:00,59827,16:37:07,1,12827,Crossgates Commons Station (12827),14,4,16,60060.0,16:41:00,60158,16:42:38,60060.0,16:41:00,60273,16:44:33,115,00:01:55,doors opened
07/08/2025,12,6023,Tuesday,Weekday,East,15651902,59700,16:35:00,59827,16:37:07,0,7175,Crossgates Mall Station (07175),6,0,6,59700.0,16:35:00,59827,16:37:07,59700.0,16:35:00,59827,16:37:07,0,00:00:00,doors opened
07/08/2025,12,6023,Tuesday,Weekday,East,15651906,65700,18:15:00,65894,18:18:14,24,3940,Broadway & Steuben St (03940),0,0,0,67800.0,18:50:00,68226,18:57:06,67800.0,18:50:00,68226,18:57:06,0,00:00:00,door not opened
07/08/2025,12,6023,Tuesday,Weekday,East,15651906,65700,18:15:00,65894,18:18:14,23,2509,State/Downtown Station - State St & S. Pearl St (02509),0,3,0,67620.0,18:47:00,68080,18:54:40,67620.0,18:47:00,68139,18:55:39,59,00:00:59,doors opened
07/08/2025,12,6023,Tuesday,Weekday,East,15651906,65700,18:15:00,65894,18:18:14,22,1787,State St & Eagle St (01787),0,0,3,,,68061,18:54:21,,,68061,18:54:21,0,00:00:00,door not opened
07/08/2025,12,6023,Tuesday,Weekday,East,15651906,65700,18:15:00,65894,18:18:14,21,2706,Hawk/Capitol Station - Washington Ave & Hawk St (02706),0,0,3,,,67968,18:52:48,,,67980,18:53:00,12,00:00:12,doors opened
07/08/2025,12,6023,Tuesday,Weekday,East,15651906,65700,18:15:00,65894,18:18:14,20,1789,Washington Ave & S. Swan St (01789),0,0,3,,,67928,18:52:08,,,67942,18:52:22,14,00:00:14,doors opened
07/08/2025,12,6023,Tuesday,Weekday,East,15651906,65700,18:15:00,65894,18:18:14,19,1788,Washington Ave & Dove St (01788),0,2,3,,,67886,18:51:26,,,67897,18:51:37,11,00:00:11,doors opened
07/08/2025,12,6023,Tuesday,Weekday,East,15651906,65700,18:15:00,65894,18:18:14,18,2663,Lark/Library Station - Washington Ave & Lark St (02663),1,3,5,67320.0,18:42:00,67830,18:50:30,67320.0,18:42:00,67857,18:50:57,27,00:00:27,doors opened
07/08/2025,12,6023,Tuesday,Weekday,East,15651906,65700,18:15:00,65894,18:18:14,17,263,Washington Ave & Henry Johnson Blvd (00263),0,0,7,,,67792,18:49:52,,,67792,18:49:52,0,00:00:00,door not opened
07/08/2025,12,6023,Tuesday,Weekday,East,15651906,65700,18:15:00,65894,18:18:14,16,2096,Washington Ave & Lexington Ave (02096),0,3,7,,,67649,18:47:29,,,67759,18:49:19,110,00:01:50,doors opened
07/08/2025,12,6023,Tuesday,Weekday,East,15651906,65700,18:15:00,65894,18:18:14,15,3253,Washington Ave & Robin St (Draper Hall) (03253),0,0,10,,,67631,18:47:11,,,67631,18:47:11,0,00:00:00,door not opened
07/08/2025,12,6023,Tuesday,Weekday,East,15651906,65700,18:15:00,65894,18:18:14,14,2109,Washington Ave & N. Lake Ave (02109),0,3,10,,,67583,18:46:23,,,67599,18:46:39,16,00:00:16,doors opened
07/08/2025,12,6023,Tuesday,Weekday,East,15651906,65700,18:15:00,65894,18:18:14,13,3255,Washington Ave & Quail St (03255),1,0,13,,,67495,18:44:55,,,67552,18:45:52,57,00:00:57,doors opened
07/08/2025,12,6023,Tuesday,Weekday,East,15651906,65700,18:15:00,65894,18:18:14,12,3256,Washington Ave & Ontario St (03256),1,0,12,66960.0,18:36:00,67418,18:43:38,66960.0,18:36:00,67473,18:44:33,55,00:00:55,doors opened
07/08/2025,12,6023,Tuesday,Weekday,East,15651906,65700,18:15:00,65894,18:18:14,11,2107,Washington Ave & Partridge St (02107),1,0,11,,,67361,18:42:41,,,67386,18:43:06,25,00:00:25,doors opened
07/08/2025,12,6023,Tuesday,Weekday,East,15651906,65700,18:15:00,65894,18:18:14,10,3257,Washington Ave & N. Main Ave (03257),1,3,10,,,67283,18:41:23,,,67306,18:41:46,23,00:00:23,doors opened
07/08/2025,12,6023,Tuesday,Weekday,East,15651906,65700,18:15:00,65894,18:18:14,9,1796,Washington Ave & N. Allen St (01796),0,3,12,66780.0,18:33:00,67231,18:40:31,66780.0,18:33:00,67248,18:40:48,17,00:00:17,doors opened
07/08/2025,12,6023,Tuesday,Weekday,East,15651906,65700,18:15:00,65894,18:18:14,8,11581,Washington Ave & Manning Blvd (11581),0,3,15,,,67140,18:39:00,,,67195,18:39:55,55,00:00:55,doors opened
07/08/2025,12,6023,Tuesday,Weekday,East,15651906,65700,18:15:00,65894,18:18:14,7,2180,Washington Ave & Homestead Ave (02180),0,3,18,,,67100,18:38:20,,,67114,18:38:34,14,00:00:14,doors opened
07/08/2025,12,6023,Tuesday,Weekday,East,15651906,65700,18:15:00,65894,18:18:14,6,2182,Washington Ave & Hawthorne St (02182),0,0,21,,,67073,18:37:53,,,67073,18:37:53,0,00:00:00,door not opened
07/08/2025,12,6023,Tuesday,Weekday,East,15651906,65700,18:15:00,65894,18:18:14,5,3304,Washington Ave & Clermont St (03304),0,2,21,,,67017,18:36:57,,,67028,18:37:08,11,00:00:11,doors opened
07/08/2025,12,6023,Tuesday,Weekday,East,15651906,65700,18:15:00,65894,18:18:14,4,3348,Washington Ave & Brevator St (03348),0,0,23,,,66982,18:36:22,,,66982,18:36:22,0,00:00:00,door not opened
07/08/2025,12,6023,Tuesday,Weekday,East,15651906,65700,18:15:00,65894,18:18:14,3,10134,Washington Ave & SUNY Exit Rd (10134),2,1,23,,,66833,18:33:53,,,66862,18:34:22,29,00:00:29,doors opened
07/08/2025,12,6023,Tuesday,Weekday,East,15651906,65700,18:15:00,65894,18:18:14,2,7216,SUNY Collins Circle (07216),3,2,22,66300.0,18:25:00,66657,18:30:57,66300.0,18:25:00,66690,18:31:30,33,00:00:33,doors opened
07/08/2025,12,6023,Tuesday,Weekday,East,15651906,65700,18:15:00,65894,18:18:14,1,12827,Crossgates Commons Station (12827),12,0,21,66000.0,18:20:00,66223,18:23:43,66000.0,18:20:00,66383,18:26:23,160,00:02:40,doors opened
07/08/2025,12,6023,Tuesday,Weekday,East,15651906,65700,18:15:00,65894,18:18:14,0,7175,Crossgates Mall Station (07175),8,0,9,65700.0,18:15:00,65894,18:18:14,65700.0,18:15:00,65894,18:18:14,0,00:00:00,doors opened
07/08/2025,12,6023,Tuesday,Weekday,East,15651912,71700,19:55:00,71709,19:55:09,17,263,Washington Ave & Henry Johnson Blvd (00263),0,4,6,,,73381,20:23:01,,,73425,20:23:45,44,00:00:44,doors opened
07/08/2025,12,6023,Tuesday,Weekday,East,15651912,71700,19:55:00,71709,19:55:09,16,2096,Washington Ave & Lexington Ave (02096),0,0,10,,,73283,20:21:23,,,73336,20:22:16,53,00:00:53,doors opened
07/08/2025,12,6023,Tuesday,Weekday,East,15651912,71700,19:55:00,71709,19:55:09,15,3253,Washington Ave & Robin St (Draper Hall) (03253),0,0,10,,,73237,20:20:37,,,73263,20:21:03,26,00:00:26,doors opened
07/08/2025,12,6023,Tuesday,Weekday,East,15651912,71700,19:55:00,71709,19:55:09,14,2109,Washington Ave & N. Lake Ave (02109),0,4,10,,,73190,20:19:50,,,73215,20:20:15,25,00:00:25,doors opened
07/08/2025,12,6023,Tuesday,Weekday,East,15651912,71700,19:55:00,71709,19:55:09,13,3255,Washington Ave & Quail St (03255),0,1,14,,,73142,20:19:02,,,73162,20:19:22,20,00:00:20,doors opened
07/08/2025,12,6023,Tuesday,Weekday,East,15651912,71700,19:55:00,71709,19:55:09,12,3256,Washington Ave & Ontario St (03256),1,0,15,72960.0,20:16:00,73102,20:18:22,72960.0,20:16:00,73118,20:18:38,16,00:00:16,doors opened
07/08/2025,12,6023,Tuesday,Weekday,East,15651912,71700,19:55:00,71709,19:55:09,11,2107,Washington Ave & Partridge St (02107),0,0,14,,,73080,20:18:00,,,73080,20:18:00,0,00:00:00,door not opened
07/08/2025,12,6023,Tuesday,Weekday,East,15651912,71700,19:55:00,71709,19:55:09,10,3257,Washington Ave & N. Main Ave (03257),9,1,14,,,72992,20:16:32,,,73028,20:17:08,36,00:00:36,doors opened
07/08/2025,12,6023,Tuesday,Weekday,East,15651912,71700,19:55:00,71709,19:55:09,9,1796,Washington Ave & N. Allen St (01796),1,4,6,72780.0,20:13:00,72930,20:15:30,72780.0,20:13:00,72957,20:15:57,27,00:00:27,doors opened
07/08/2025,12,6023,Tuesday,Weekday,East,15651912,71700,19:55:00,71709,19:55:09,8,11581,Washington Ave & Manning Blvd (11581),0,0,9,,,72838,20:13:58,,,72897,20:14:57,59,00:00:59,doors opened
07/08/2025,12,6023,Tuesday,Weekday,East,15651912,71700,19:55:00,71709,19:55:09,7,2180,Washington Ave & Homestead Ave (02180),0,1,9,,,72797,20:13:17,,,72814,20:13:34,17,00:00:17,doors opened
07/08/2025,12,6023,Tuesday,Weekday,East,15651912,71700,19:55:00,71709,19:55:09,6,2182,Washington Ave & Hawthorne St (02182),0,0,10,,,72769,20:12:49,,,72769,20:12:49,0,00:00:00,door not opened
07/08/2025,12,6023,Tuesday,Weekday,East,15651912,71700,19:55:00,71709,19:55:09,5,3304,Washington Ave & Clermont St (03304),0,1,10,,,72728,20:12:08,,,72744,20:12:24,16,00:00:16,doors opened
07/08/2025,12,6023,Tuesday,Weekday,East,15651912,71700,19:55:00,71709,19:55:09,4,3348,Washington Ave & Brevator St (03348),0,1,11,,,72667,20:11:07,,,72704,20:11:44,37,00:00:37,doors opened
07/08/2025,12,6023,Tuesday,Weekday,East,15651912,71700,19:55:00,71709,19:55:09,3,10134,Washington Ave & SUNY Exit Rd (10134),1,0,12,,,72519,20:08:39,,,72550,20:09:10,31,00:00:31,doors opened
07/08/2025,12,6023,Tuesday,Weekday,East,15651912,71700,19:55:00,71709,19:55:09,2,7216,SUNY Collins Circle (07216),1,0,11,72300.0,20:05:00,72372,20:06:12,72300.0,20:05:00,72395,20:06:35,23,00:00:23,doors opened
07/08/2025,12,6023,Tuesday,Weekday,East,15651912,71700,19:55:00,71709,19:55:09,1,12827,Crossgates Commons Station (12827),5,1,10,72000.0,20:00:00,72012,20:00:12,72000.0,20:00:00,72100,20:01:40,88,00:01:28,doors opened
07/08/2025,12,6023,Tuesday,Weekday,East,15651912,71700,19:55:00,71709,19:55:09,0,7175,Crossgates Mall Station (07175),6,0,6,71700.0,19:55:00,71709,19:55:09,71700.0,19:55:00,71709,19:55:09,0,00:00:00,doors opened
07/08/2025,12,6023,Tuesday,Weekday,East,15651912,71700,19:55:00,71709,19:55:09,24,3940,Broadway & Steuben St (03940),0,0,0,73740.0,20:29:00,73791,20:29:51,73740.0,20:29:00,73791,20:29:51,0,00:00:00,door not opened
07/08/2025,12,6023,Tuesday,Weekday,East,15651912,71700,19:55:00,71709,19:55:09,23,2509,State/Downtown Station - State St & S. Pearl St (02509),0,2,0,73560.0,20:26:00,73704,20:28:24,73560.0,20:26:00,73723,20:28:43,19,00:00:19,doors opened
07/08/2025,12,6023,Tuesday,Weekday,East,15651912,71700,19:55:00,71709,19:55:09,22,1787,State St & Eagle St (01787),0,1,2,,,73669,20:27:49,,,73683,20:28:03,14,00:00:14,doors opened
07/08/2025,12,6023,Tuesday,Weekday,East,15651912,71700,19:55:00,71709,19:55:09,21,2706,Hawk/Capitol Station - Washington Ave & Hawk St (02706),0,3,3,,,73547,20:25:47,,,73561,20:26:01,14,00:00:14,doors opened
07/08/2025,12,6023,Tuesday,Weekday,East,15651912,71700,19:55:00,71709,19:55:09,20,1789,Washington Ave & S. Swan St (01789),0,0,6,,,73525,20:25:25,,,73525,20:25:25,0,00:00:00,door not opened
07/08/2025,12,6023,Tuesday,Weekday,East,15651912,71700,19:55:00,71709,19:55:09,19,1788,Washington Ave & Dove St (01788),0,0,6,,,73504,20:25:04,,,73504,20:25:04,0,00:00:00,door not opened
07/08/2025,12,6023,Tuesday,Weekday,East,15651912,71700,19:55:00,71709,19:55:09,18,2663,Lark/Library Station - Washington Ave & Lark St (02663),0,0,6,73320.0,20:22:00,73483,20:24:43,73320.0,20:22:00,73483,20:24:43,0,00:00:00,door not opened
07/08/2025,12,6023,Tuesday,Weekday,East,15651916,77100,21:25:00,77183,21:26:23,24,3940,Broadway & Steuben St (03940),0,0,0,79080.0,21:58:00,79376,22:02:56,79080.0,21:58:00,79376,22:02:56,0,00:00:00,door not opened
07/08/2025,12,6023,Tuesday,Weekday,East,15651916,77100,21:25:00,77183,21:26:23,23,2509,State/Downtown Station - State St & S. Pearl St (02509),0,4,0,78960.0,21:56:00,79286,22:01:26,78960.0,21:56:00,79303,22:01:43,17,00:00:17,doors opened
07/08/2025,12,6023,Tuesday,Weekday,East,15651916,77100,21:25:00,77183,21:26:23,22,1787,State St & Eagle St (01787),0,0,4,,,79265,22:01:05,,,79265,22:01:05,0,00:00:00,door not opened
07/08/2025,12,6023,Tuesday,Weekday,East,15651916,77100,21:25:00,77183,21:26:23,21,2706,Hawk/Capitol Station - Washington Ave & Hawk St (02706),0,0,4,,,79216,22:00:16,,,79216,22:00:16,0,00:00:00,door not opened
07/08/2025,12,6023,Tuesday,Weekday,East,15651916,77100,21:25:00,77183,21:26:23,20,1789,Washington Ave & S. Swan St (01789),0,0,4,,,79203,22:00:03,,,79203,22:00:03,0,00:00:00,door not opened
07/08/2025,12,6023,Tuesday,Weekday,East,15651916,77100,21:25:00,77183,21:26:23,19,1788,Washington Ave & Dove St (01788),0,0,4,,,79180,21:59:40,,,79180,21:59:40,0,00:00:00,door not opened
07/08/2025,12,6023,Tuesday,Weekday,East,15651916,77100,21:25:00,77183,21:26:23,18,2663,Lark/Library Station - Washington Ave & Lark St (02663),2,0,4,78720.0,21:52:00,79110,21:58:30,78720.0,21:52:00,79131,21:58:51,21,00:00:21,doors opened
07/08/2025,12,6023,Tuesday,Weekday,East,15651916,77100,21:25:00,77183,21:26:23,17,263,Washington Ave & Henry Johnson Blvd (00263),0,1,2,,,78968,21:56:08,,,79048,21:57:28,80,00:01:20,doors opened
07/08/2025,12,6023,Tuesday,Weekday,East,15651916,77100,21:25:00,77183,21:26:23,16,2096,Washington Ave & Lexington Ave (02096),0,0,3,,,78937,21:55:37,,,78937,21:55:37,0,00:00:00,door not opened
07/08/2025,12,6023,Tuesday,Weekday,East,15651916,77100,21:25:00,77183,21:26:23,15,3253,Washington Ave & Robin St (Draper Hall) (03253),0,0,3,,,78821,21:53:41,,,78821,21:53:41,0,00:00:00,door not opened
07/08/2025,12,6023,Tuesday,Weekday,East,15651916,77100,21:25:00,77183,21:26:23,14,2109,Washington Ave & N. Lake Ave (02109),0,1,3,,,78768,21:52:48,,,78791,21:53:11,23,00:00:23,doors opened
07/08/2025,12,6023,Tuesday,Weekday,East,15651916,77100,21:25:00,77183,21:26:23,13,3255,Washington Ave & Quail St (03255),0,1,4,,,78700,21:51:40,,,78740,21:52:20,40,00:00:40,doors opened
07/08/2025,12,6023,Tuesday,Weekday,East,15651916,77100,21:25:00,77183,21:26:23,12,3256,Washington Ave & Ontario St (03256),0,0,5,78360.0,21:46:00,78678,21:51:18,78360.0,21:46:00,78678,21:51:18,0,00:00:00,door not opened
07/08/2025,12,6023,Tuesday,Weekday,East,15651916,77100,21:25:00,77183,21:26:23,11,2107,Washington Ave & Partridge St (02107),0,1,5,,,78627,21:50:27,,,78645,21:50:45,18,00:00:18,doors opened
07/08/2025,12,6023,Tuesday,Weekday,East,15651916,77100,21:25:00,77183,21:26:23,10,3257,Washington Ave & N. Main Ave (03257),0,0,6,,,78539,21:48:59,,,78539,21:48:59,0,00:00:00,door not opened
07/08/2025,12,6023,Tuesday,Weekday,East,15651916,77100,21:25:00,77183,21:26:23,9,1796,Washington Ave & N. Allen St (01796),1,2,6,78180.0,21:43:00,78457,21:47:37,78180.0,21:43:00,78475,21:47:55,18,00:00:18,doors opened
07/08/2025,12,6023,Tuesday,Weekday,East,15651916,77100,21:25:00,77183,21:26:23,8,11581,Washington Ave & Manning Blvd (11581),0,0,7,,,78361,21:46:01,,,78423,21:47:03,62,00:01:02,doors opened
07/08/2025,12,6023,Tuesday,Weekday,East,15651916,77100,21:25:00,77183,21:26:23,7,2180,Washington Ave & Homestead Ave (02180),0,1,7,,,78319,21:45:19,,,78334,21:45:34,15,00:00:15,doors opened
07/08/2025,12,6023,Tuesday,Weekday,East,15651916,77100,21:25:00,77183,21:26:23,6,2182,Washington Ave & Hawthorne St (02182),0,0,8,,,78292,21:44:52,,,78292,21:44:52,0,00:00:00,door not opened
07/08/2025,12,6023,Tuesday,Weekday,East,15651916,77100,21:25:00,77183,21:26:23,5,3304,Washington Ave & Clermont St (03304),0,0,8,,,78274,21:44:34,,,78274,21:44:34,0,00:00:00,door not opened
07/08/2025,12,6023,Tuesday,Weekday,East,15651916,77100,21:25:00,77183,21:26:23,4,3348,Washington Ave & Brevator St (03348),0,0,8,,,78221,21:43:41,,,78221,21:43:41,0,00:00:00,door not opened
07/08/2025,12,6023,Tuesday,Weekday,East,15651916,77100,21:25:00,77183,21:26:23,3,10134,Washington Ave & SUNY Exit Rd (10134),1,1,8,,,78001,21:40:01,,,78091,21:41:31,90,00:01:30,doors opened
07/08/2025,12,6023,Tuesday,Weekday,East,15651916,77100,21:25:00,77183,21:26:23,2,7216,SUNY Collins Circle (07216),0,3,8,77700.0,21:35:00,77868,21:37:48,77700.0,21:35:00,77889,21:38:09,21,00:00:21,doors opened
07/08/2025,12,6023,Tuesday,Weekday,East,15651916,77100,21:25:00,77183,21:26:23,1,12827,Crossgates Commons Station (12827),8,2,11,77400.0,21:30:00,77547,21:32:27,77400.0,21:30:00,77635,21:33:55,88,00:01:28,doors opened
07/08/2025,12,6023,Tuesday,Weekday,East,15651916,77100,21:25:00,77183,21:26:23,0,7175,Crossgates Mall Station (07175),5,0,5,77100.0,21:25:00,77183,21:26:23,77100.0,21:25:00,77183,21:26:23,0,00:00:00,doors opened
07/08/2025,12,4098,Tuesday,Weekday,East,15648596,21300,05:55:00,21321,05:55:21,24,3940,Broadway & Steuben St (03940),0,0,0,23100.0,06:25:00,23298,06:28:18,23100.0,06:25:00,23298,06:28:18,0,00:00:00,door not opened
07/08/2025,12,4098,Tuesday,Weekday,East,15648596,21300,05:55:00,21321,05:55:21,23,2509,State/Downtown Station - State St & S. Pearl St (02509),0,4,0,22920.0,06:22:00,23122,06:25:22,22920.0,06:22:00,23141,06:25:41,19,00:00:19,doors opened
07/08/2025,12,4098,Tuesday,Weekday,East,15648596,21300,05:55:00,21321,05:55:21,22,1787,State St & Eagle St (01787),0,0,4,,,23105,06:25:05,,,23105,06:25:05,0,00:00:00,door not opened
07/08/2025,12,4098,Tuesday,Weekday,East,15648596,21300,05:55:00,21321,05:55:21,21,2706,Hawk/Capitol Station - Washington Ave & Hawk St (02706),0,1,4,,,23010,06:23:30,,,23022,06:23:42,12,00:00:12,doors opened
07/08/2025,12,4098,Tuesday,Weekday,East,15648596,21300,05:55:00,21321,05:55:21,20,1789,Washington Ave & S. Swan St (01789),0,0,5,,,22987,06:23:07,,,22987,06:23:07,0,00:00:00,door not opened
07/08/2025,12,4098,Tuesday,Weekday,East,15648596,21300,05:55:00,21321,05:55:21,19,1788,Washington Ave & Dove St (01788),0,0,5,,,22922,06:22:02,,,22922,06:22:02,0,00:00:00,door not opened
07/08/2025,12,4098,Tuesday,Weekday,East,15648596,21300,05:55:00,21321,05:55:21,18,2663,Lark/Library Station - Washington Ave & Lark St (02663),0,0,5,22680.0,06:18:00,22903,06:21:43,22680.0,06:18:00,22903,06:21:43,0,00:00:00,door not opened
07/08/2025,12,4098,Tuesday,Weekday,East,15648596,21300,05:55:00,21321,05:55:21,17,263,Washington Ave & Henry Johnson Blvd (00263),0,2,5,,,22774,06:19:34,,,22846,06:20:46,72,00:01:12,doors opened
07/08/2025,12,4098,Tuesday,Weekday,East,15648596,21300,05:55:00,21321,05:55:21,16,2096,Washington Ave & Lexington Ave (02096),0,0,7,,,22696,06:18:16,,,22696,06:18:16,0,00:00:00,door not opened
07/08/2025,12,4098,Tuesday,Weekday,East,15648596,21300,05:55:00,21321,05:55:21,15,3253,Washington Ave & Robin St (Draper Hall) (03253),0,0,7,,,22673,06:17:53,,,22673,06:17:53,0,00:00:00,door not opened
07/08/2025,12,4098,Tuesday,Weekday,East,15648596,21300,05:55:00,21321,05:55:21,14,2109,Washington Ave & N. Lake Ave (02109),0,0,7,,,22640,06:17:20,,,22640,06:17:20,0,00:00:00,door not opened
07/08/2025,12,4098,Tuesday,Weekday,East,15648596,21300,05:55:00,21321,05:55:21,13,3255,Washington Ave & Quail St (03255),1,2,7,,,22542,06:15:42,,,22585,06:16:25,43,00:00:43,doors opened
07/08/2025,12,4098,Tuesday,Weekday,East,15648596,21300,05:55:00,21321,05:55:21,12,3256,Washington Ave & Ontario St (03256),1,0,8,22380.0,06:13:00,22490,06:14:50,22380.0,06:13:00,22519,06:15:19,29,00:00:29,doors opened
07/08/2025,12,4098,Tuesday,Weekday,East,15648596,21300,05:55:00,21321,05:55:21,11,2107,Washington Ave & Partridge St (02107),0,0,7,,,22468,06:14:28,,,22468,06:14:28,0,00:00:00,door not opened
07/08/2025,12,4098,Tuesday,Weekday,East,15648596,21300,05:55:00,21321,05:55:21,10,3257,Washington Ave & N. Main Ave (03257),0,0,7,,,22396,06:13:16,,,22396,06:13:16,0,00:00:00,door not opened
07/08/2025,12,4098,Tuesday,Weekday,East,15648596,21300,05:55:00,21321,05:55:21,9,1796,Washington Ave & N. Allen St (01796),0,0,7,22260.0,06:11:00,22360,06:12:40,22260.0,06:11:00,22360,06:12:40,0,00:00:00,door not opened
07/08/2025,12,4098,Tuesday,Weekday,East,15648596,21300,05:55:00,21321,05:55:21,8,11581,Washington Ave & Manning Blvd (11581),3,0,7,,,22203,06:10:03,,,22321,06:12:01,118,00:01:58,doors opened
07/08/2025,12,4098,Tuesday,Weekday,East,15648596,21300,05:55:00,21321,05:55:21,7,2180,Washington Ave & Homestead Ave (02180),1,0,4,,,22157,06:09:17,,,22175,06:09:35,18,00:00:18,doors opened
07/08/2025,12,4098,Tuesday,Weekday,East,15648596,21300,05:55:00,21321,05:55:21,6,2182,Washington Ave & Hawthorne St (02182),0,0,3,,,22128,06:08:48,,,22128,06:08:48,0,00:00:00,door not opened
07/08/2025,12,4098,Tuesday,Weekday,East,15648596,21300,05:55:00,21321,05:55:21,5,3304,Washington Ave & Clermont St (03304),0,0,3,,,22108,06:08:28,,,22108,06:08:28,0,00:00:00,door not opened
07/08/2025,12,4098,Tuesday,Weekday,East,15648596,21300,05:55:00,21321,05:55:21,4,3348,Washington Ave & Brevator St (03348),0,0,3,,,22064,06:07:44,,,22064,06:07:44,0,00:00:00,door not opened
07/08/2025,12,4098,Tuesday,Weekday,East,15648596,21300,05:55:00,21321,05:55:21,3,10134,Washington Ave & SUNY Exit Rd (10134),3,0,3,,,21900,06:05:00,,,21929,06:05:29,29,00:00:29,doors opened
07/08/2025,12,4098,Tuesday,Weekday,East,15648596,21300,05:55:00,21321,05:55:21,2,7216,SUNY Collins Circle (07216),0,0,0,21840.0,06:04:00,21800,06:03:20,21840.0,06:04:00,21800,06:03:20,0,00:00:00,door not opened
07/08/2025,12,4098,Tuesday,Weekday,East,15648596,21300,05:55:00,21321,05:55:21,1,12827,Crossgates Commons Station (12827),0,0,0,21540.0,05:59:00,21555,05:59:15,21540.0,05:59:00,21555,05:59:15,0,00:00:00,door not opened
07/08/2025,12,4098,Tuesday,Weekday,East,15648596,21300,05:55:00,21321,05:55:21,0,7175,Crossgates Mall Station (07175),0,0,0,21300.0,05:55:00,21321,05:55:21,21300.0,05:55:00,21321,05:55:21,0,00:00:00,door not opened
07/08/2025,12,4098,Tuesday,Weekday,East,15648600,27300,07:35:00,27431,07:37:11,24,3940,Broadway & Steuben St (03940),0,2,0,29640.0,08:14:00,29655,08:14:15,29640.0,08:14:00,29655,08:14:15,0,00:00:00,doors opened
07/08/2025,12,4098,Tuesday,Weekday,East,15648600,27300,07:35:00,27431,07:37:11,23,2509,State/Downtown Station - State St & S. Pearl St (02509),1,12,2,29460.0,08:11:00,29543,08:12:23,29460.0,08:11:00,29577,08:12:57,34,00:00:34,doors opened
07/08/2025,12,4098,Tuesday,Weekday,East,15648600,27300,07:35:00,27431,07:37:11,22,1787,State St & Eagle St (01787),0,1,13,,,29506,08:11:46,,,29516,08:11:56,10,00:00:10,doors opened
07/08/2025,12,4098,Tuesday,Weekday,East,15648600,27300,07:35:00,27431,07:37:11,21,2706,Hawk/Capitol Station - Washington Ave & Hawk St (02706),0,2,14,,,29426,08:10:26,,,29459,08:10:59,33,00:00:33,doors opened
07/08/2025,12,4098,Tuesday,Weekday,East,15648600,27300,07:35:00,27431,07:37:11,20,1789,Washington Ave & S. Swan St (01789),0,6,16,,,29330,08:08:50,,,29397,08:09:57,67,00:01:07,doors opened
07/08/2025,12,4098,Tuesday,Weekday,East,15648600,27300,07:35:00,27431,07:37:11,19,1788,Washington Ave & Dove St (01788),1,0,22,,,29291,08:08:11,,,29306,08:08:26,15,00:00:15,doors opened
07/08/2025,12,4098,Tuesday,Weekday,East,15648600,27300,07:35:00,27431,07:37:11,18,2663,Lark/Library Station - Washington Ave & Lark St (02663),0,1,21,29040.0,08:04:00,29211,08:06:51,29040.0,08:04:00,29268,08:07:48,57,00:00:57,doors opened
07/08/2025,12,4098,Tuesday,Weekday,East,15648600,27300,07:35:00,27431,07:37:11,17,263,Washington Ave & Henry Johnson Blvd (00263),0,0,22,,,29188,08:06:28,,,29188,08:06:28,0,00:00:00,door not opened
07/08/2025,12,4098,Tuesday,Weekday,East,15648600,27300,07:35:00,27431,07:37:11,16,2096,Washington Ave & Lexington Ave (02096),0,1,22,,,29097,08:04:57,,,29156,08:05:56,59,00:00:59,doors opened
07/08/2025,12,4098,Tuesday,Weekday,East,15648600,27300,07:35:00,27431,07:37:11,15,3253,Washington Ave & Robin St (Draper Hall) (03253),1,0,23,,,29046,08:04:06,,,29076,08:04:36,30,00:00:30,doors opened
07/08/2025,12,4098,Tuesday,Weekday,East,15648600,27300,07:35:00,27431,07:37:11,14,2109,Washington Ave & N. Lake Ave (02109),1,2,22,,,29001,08:03:21,,,29020,08:03:40,19,00:00:19,doors opened
07/08/2025,12,4098,Tuesday,Weekday,East,15648600,27300,07:35:00,27431,07:37:11,13,3255,Washington Ave & Quail St (03255),3,1,23,,,28931,08:02:11,,,28970,08:02:50,39,00:00:39,doors opened
07/08/2025,12,4098,Tuesday,Weekday,East,15648600,27300,07:35:00,27431,07:37:11,12,3256,Washington Ave & Ontario St (03256),3,0,21,28620.0,07:57:00,28882,08:01:22,28620.0,07:57:00,28905,08:01:45,23,00:00:23,doors opened
07/08/2025,12,4098,Tuesday,Weekday,East,15648600,27300,07:35:00,27431,07:37:11,11,2107,Washington Ave & Partridge St (02107),1,0,18,,,28840,08:00:40,,,28855,08:00:55,15,00:00:15,doors opened
07/08/2025,12,4098,Tuesday,Weekday,East,15648600,27300,07:35:00,27431,07:37:11,10,3257,Washington Ave & N. Main Ave (03257),3,0,17,,,28715,07:58:35,,,28754,07:59:14,39,00:00:39,doors opened
07/08/2025,12,4098,Tuesday,Weekday,East,15648600,27300,07:35:00,27431,07:37:11,9,1796,Washington Ave & N. Allen St (01796),2,0,14,28440.0,07:54:00,28657,07:57:37,28440.0,07:54:00,28678,07:57:58,21,00:00:21,doors opened
07/08/2025,12,4098,Tuesday,Weekday,East,15648600,27300,07:35:00,27431,07:37:11,8,11581,Washington Ave & Manning Blvd (11581),1,0,12,,,28588,07:56:28,,,28621,07:57:01,33,00:00:33,doors opened
07/08/2025,12,4098,Tuesday,Weekday,East,15648600,27300,07:35:00,27431,07:37:11,7,2180,Washington Ave & Homestead Ave (02180),1,0,11,,,28545,07:55:45,,,28560,07:56:00,15,00:00:15,doors opened
07/08/2025,12,4098,Tuesday,Weekday,East,15648600,27300,07:35:00,27431,07:37:11,6,2182,Washington Ave & Hawthorne St (02182),1,0,10,,,28499,07:54:59,,,28513,07:55:13,14,00:00:14,doors opened
07/08/2025,12,4098,Tuesday,Weekday,East,15648600,27300,07:35:00,27431,07:37:11,5,3304,Washington Ave & Clermont St (03304),3,1,9,,,28409,07:53:29,,,28467,07:54:27,58,00:00:58,doors opened
07/08/2025,12,4098,Tuesday,Weekday,East,15648600,27300,07:35:00,27431,07:37:11,4,3348,Washington Ave & Brevator St (03348),1,0,7,,,28359,07:52:39,,,28384,07:53:04,25,00:00:25,doors opened
07/08/2025,12,4098,Tuesday,Weekday,East,15648600,27300,07:35:00,27431,07:37:11,3,10134,Washington Ave & SUNY Exit Rd (10134),2,1,6,,,28203,07:50:03,,,28231,07:50:31,28,00:00:28,doors opened
07/08/2025,12,4098,Tuesday,Weekday,East,15648600,27300,07:35:00,27431,07:37:11,2,7216,SUNY Collins Circle (07216),0,0,5,27900.0,07:45:00,28075,07:47:55,27900.0,07:45:00,28075,07:47:55,0,00:00:00,door not opened
07/08/2025,12,4098,Tuesday,Weekday,East,15648600,27300,07:35:00,27431,07:37:11,1,12827,Crossgates Commons Station (12827),3,0,5,27600.0,07:40:00,27703,07:41:43,27600.0,07:40:00,27821,07:43:41,118,00:01:58,doors opened
07/08/2025,12,4098,Tuesday,Weekday,East,15648600,27300,07:35:00,27431,07:37:11,0,7175,Crossgates Mall Station (07175),2,0,2,27300.0,07:35:00,27431,07:37:11,27300.0,07:35:00,27431,07:37:11,0,00:00:00,doors opened
07/08/2025,12,4102,Tuesday,Weekday,East,15649564,25800,07:10:00,25799,07:09:59,23,2509,State/Downtown Station - State St & S. Pearl St (02509),0,5,2,27780.0,07:43:00,28069,07:47:49,27780.0,07:43:00,28139,07:48:59,70,00:01:10,doors opened
07/08/2025,12,4102,Tuesday,Weekday,East,15649564,25800,07:10:00,25799,07:09:59,22,1787,State St & Eagle St (01787),0,0,7,,,28054,07:47:34,,,28054,07:47:34,0,00:00:00,door not opened
07/08/2025,12,4102,Tuesday,Weekday,East,15649564,25800,07:10:00,25799,07:09:59,21,2706,Hawk/Capitol Station - Washington Ave & Hawk St (02706),0,5,7,,,27946,07:45:46,,,27963,07:46:03,17,00:00:17,doors opened
07/08/2025,12,4102,Tuesday,Weekday,East,15649564,25800,07:10:00,25799,07:09:59,20,1789,Washington Ave & S. Swan St (01789),0,7,12,,,27901,07:45:01,,,27918,07:45:18,17,00:00:17,doors opened
07/08/2025,12,4102,Tuesday,Weekday,East,15649564,25800,07:10:00,25799,07:09:59,19,1788,Washington Ave & Dove St (01788),0,0,19,,,27875,07:44:35,,,27875,07:44:35,0,00:00:00,door not opened
07/08/2025,12,4102,Tuesday,Weekday,East,15649564,25800,07:10:00,25799,07:09:59,18,2663,Lark/Library Station - Washington Ave & Lark St (02663),0,3,19,27420.0,07:37:00,27749,07:42:29,27420.0,07:37:00,27820,07:43:40,71,00:01:11,doors opened
07/08/2025,12,4102,Tuesday,Weekday,East,15649564,25800,07:10:00,25799,07:09:59,17,263,Washington Ave & Henry Johnson Blvd (00263),1,2,22,,,27638,07:40:38,,,27708,07:41:48,70,00:01:10,doors opened
07/08/2025,12,4102,Tuesday,Weekday,East,15649564,25800,07:10:00,25799,07:09:59,16,2096,Washington Ave & Lexington Ave (02096),0,2,23,,,27523,07:38:43,,,27604,07:40:04,81,00:01:21,doors opened
07/08/2025,12,4102,Tuesday,Weekday,East,15649564,25800,07:10:00,25799,07:09:59,15,3253,Washington Ave & Robin St (Draper Hall) (03253),7,2,25,,,27462,07:37:42,,,27502,07:38:22,40,00:00:40,doors opened
07/08/2025,12,4102,Tuesday,Weekday,East,15649564,25800,07:10:00,25799,07:09:59,14,2109,Washington Ave & N. Lake Ave (02109),0,0,20,,,27441,07:37:21,,,27441,07:37:21,0,00:00:00,door not opened
07/08/2025,12,4102,Tuesday,Weekday,East,15649564,25800,07:10:00,25799,07:09:59,13,3255,Washington Ave & Quail St (03255),2,6,20,,,27363,07:36:03,,,27387,07:36:27,24,00:00:24,doors opened
07/08/2025,12,4102,Tuesday,Weekday,East,15649564,25800,07:10:00,25799,07:09:59,12,3256,Washington Ave & Ontario St (03256),1,2,24,27060.0,07:31:00,27304,07:35:04,27060.0,07:31:00,27336,07:35:36,32,00:00:32,doors opened
07/08/2025,12,4102,Tuesday,Weekday,East,15649564,25800,07:10:00,25799,07:09:59,11,2107,Washington Ave & Partridge St (02107),1,3,25,,,27245,07:34:05,,,27276,07:34:36,31,00:00:31,doors opened
07/08/2025,12,4102,Tuesday,Weekday,East,15649564,25800,07:10:00,25799,07:09:59,10,3257,Washington Ave & N. Main Ave (03257),0,0,27,,,27178,07:32:58,,,27178,07:32:58,0,00:00:00,door not opened
07/08/2025,12,4102,Tuesday,Weekday,East,15649564,25800,07:10:00,25799,07:09:59,9,1796,Washington Ave & N. Allen St (01796),3,1,27,26880.0,07:28:00,27104,07:31:44,26880.0,07:28:00,27130,07:32:10,26,00:00:26,doors opened
07/08/2025,12,4102,Tuesday,Weekday,East,15649564,25800,07:10:00,25799,07:09:59,8,11581,Washington Ave & Manning Blvd (11581),3,0,25,,,27003,07:30:03,,,27071,07:31:11,68,00:01:08,doors opened
07/08/2025,12,4102,Tuesday,Weekday,East,15649564,25800,07:10:00,25799,07:09:59,7,2180,Washington Ave & Homestead Ave (02180),2,2,22,,,26925,07:28:45,,,26971,07:29:31,46,00:00:46,doors opened
07/08/2025,12,4102,Tuesday,Weekday,East,15649564,25800,07:10:00,25799,07:09:59,6,2182,Washington Ave & Hawthorne St (02182),3,0,22,,,26876,07:27:56,,,26897,07:28:17,21,00:00:21,doors opened
07/08/2025,12,4102,Tuesday,Weekday,East,15649564,25800,07:10:00,25799,07:09:59,5,3304,Washington Ave & Clermont St (03304),1,1,19,,,26828,07:27:08,,,26843,07:27:23,15,00:00:15,doors opened
07/08/2025,12,4102,Tuesday,Weekday,East,15649564,25800,07:10:00,25799,07:09:59,4,3348,Washington Ave & Brevator St (03348),2,0,19,,,26783,07:26:23,,,26802,07:26:42,19,00:00:19,doors opened
07/08/2025,12,4102,Tuesday,Weekday,East,15649564,25800,07:10:00,25799,07:09:59,3,10134,Washington Ave & SUNY Exit Rd (10134),4,1,17,,,26639,07:23:59,,,26666,07:24:26,27,00:00:27,doors opened
07/08/2025,12,4102,Tuesday,Weekday,East,15649564,25800,07:10:00,25799,07:09:59,2,7216,SUNY Collins Circle (07216),1,0,14,26400.0,07:20:00,26486,07:21:26,26400.0,07:20:00,26521,07:22:01,35,00:00:35,doors opened
07/08/2025,12,4102,Tuesday,Weekday,East,15649564,25800,07:10:00,25799,07:09:59,1,12827,Crossgates Commons Station (12827),14,1,13,26100.0,07:15:00,26137,07:15:37,26100.0,07:15:00,26228,07:17:08,91,00:01:31,doors opened
07/08/2025,12,4102,Tuesday,Weekday,East,15649564,25800,07:10:00,25799,07:09:59,0,7175,Crossgates Mall Station (07175),0,0,0,25800.0,07:10:00,25799,07:09:59,25800.0,07:10:00,25799,07:09:59,0,00:00:00,doors opened
07/08/2025,12,4102,Tuesday,Weekday,East,15649564,25800,07:10:00,25799,07:09:59,24,3940,Broadway & Steuben St (03940),0,2,0,27960.0,07:46:00,28207,07:50:07,27960.0,07:46:00,28207,07:50:07,0,00:00:00,doors opened
07/08/2025,12,4102,Tuesday,Weekday,East,15649567,30900,08:35:00,30951,08:35:51,22,1787,State St & Eagle St (01787),0,0,7,,,32995,09:09:55,,,32995,09:09:55,0,00:00:00,door not opened
07/08/2025,12,4102,Tuesday,Weekday,East,15649567,30900,08:35:00,30951,08:35:51,21,2706,Hawk/Capitol Station - Washington Ave & Hawk St (02706),0,1,7,,,32863,09:07:43,,,32873,09:07:53,10,00:00:10,doors opened
07/08/2025,12,4102,Tuesday,Weekday,East,15649567,30900,08:35:00,30951,08:35:51,20,1789,Washington Ave & S. Swan St (01789),0,3,8,,,32809,09:06:49,,,32837,09:07:17,28,00:00:28,doors opened
07/08/2025,12,4102,Tuesday,Weekday,East,15649567,30900,08:35:00,30951,08:35:51,19,1788,Washington Ave & Dove St (01788),2,1,11,,,32755,09:05:55,,,32778,09:06:18,23,00:00:23,doors opened
07/08/2025,12,4102,Tuesday,Weekday,East,15649567,30900,08:35:00,30951,08:35:51,18,2663,Lark/Library Station - Washington Ave & Lark St (02663),4,1,10,32520.0,09:02:00,32673,09:04:33,32520.0,09:02:00,32726,09:05:26,53,00:00:53,doors opened
07/08/2025,12,4102,Tuesday,Weekday,East,15649567,30900,08:35:00,30951,08:35:51,17,263,Washington Ave & Henry Johnson Blvd (00263),0,0,7,,,32633,09:03:53,,,32633,09:03:53,0,00:00:00,door not opened
07/08/2025,12,4102,Tuesday,Weekday,East,15649567,30900,08:35:00,30951,08:35:51,16,2096,Washington Ave & Lexington Ave (02096),0,2,7,,,32534,09:02:14,,,32558,09:02:38,24,00:00:24,doors opened
07/08/2025,12,4102,Tuesday,Weekday,East,15649567,30900,08:35:00,30951,08:35:51,15,3253,Washington Ave & Robin St (Draper Hall) (03253),0,0,9,,,32515,09:01:55,,,32515,09:01:55,0,00:00:00,door not opened
07/08/2025,12,4102,Tuesday,Weekday,East,15649567,30900,08:35:00,30951,08:35:51,14,2109,Washington Ave & N. Lake Ave (02109),2,2,9,,,32439,09:00:39,,,32478,09:01:18,39,00:00:39,doors opened
07/08/2025,12,4102,Tuesday,Weekday,East,15649567,30900,08:35:00,30951,08:35:51,13,3255,Washington Ave & Quail St (03255),0,0,9,,,32417,09:00:17,,,32417,09:00:17,0,00:00:00,door not opened
07/08/2025,12,4102,Tuesday,Weekday,East,15649567,30900,08:35:00,30951,08:35:51,12,3256,Washington Ave & Ontario St (03256),0,0,9,32100.0,08:55:00,32400,09:00:00,32100.0,08:55:00,32400,09:00:00,0,00:00:00,door not opened
07/08/2025,12,4102,Tuesday,Weekday,East,15649567,30900,08:35:00,30951,08:35:51,11,2107,Washington Ave & Partridge St (02107),0,0,9,,,32383,08:59:43,,,32383,08:59:43,0,00:00:00,door not opened
07/08/2025,12,4102,Tuesday,Weekday,East,15649567,30900,08:35:00,30951,08:35:51,10,3257,Washington Ave & N. Main Ave (03257),0,0,9,,,32277,08:57:57,,,32277,08:57:57,0,00:00:00,door not opened
07/08/2025,12,4102,Tuesday,Weekday,East,15649567,30900,08:35:00,30951,08:35:51,24,3940,Broadway & Steuben St (03940),0,0,0,33120.0,09:12:00,33150,09:12:30,33120.0,09:12:00,33150,09:12:30,0,00:00:00,door not opened
07/08/2025,12,4102,Tuesday,Weekday,East,15649567,30900,08:35:00,30951,08:35:51,23,2509,State/Downtown Station - State St & S. Pearl St (02509),0,7,0,32940.0,09:09:00,33016,09:10:16,32940.0,09:09:00,33067,09:11:07,51,00:00:51,doors opened
07/08/2025,12,4102,Tuesday,Weekday,East,15649567,30900,08:35:00,30951,08:35:51,9,1796,Washington Ave & N. Allen St (01796),1,1,9,31980.0,08:53:00,32195,08:56:35,31980.0,08:53:00,32212,08:56:52,17,00:00:17,doors opened
07/08/2025,12,4102,Tuesday,Weekday,East,15649567,30900,08:35:00,30951,08:35:51,8,11581,Washington Ave & Manning Blvd (11581),2,0,9,,,32097,08:54:57,,,32160,08:56:00,63,00:01:03,doors opened
07/08/2025,12,4102,Tuesday,Weekday,East,15649567,30900,08:35:00,30951,08:35:51,7,2180,Washington Ave & Homestead Ave (02180),2,0,7,,,32047,08:54:07,,,32067,08:54:27,20,00:00:20,doors opened
07/08/2025,12,4102,Tuesday,Weekday,East,15649567,30900,08:35:00,30951,08:35:51,6,2182,Washington Ave & Hawthorne St (02182),0,0,5,,,32023,08:53:43,,,32023,08:53:43,0,00:00:00,door not opened
07/08/2025,12,4102,Tuesday,Weekday,East,15649567,30900,08:35:00,30951,08:35:51,5,3304,Washington Ave & Clermont St (03304),0,0,5,,,31995,08:53:15,,,31995,08:53:15,0,00:00:00,door not opened
07/08/2025,12,4102,Tuesday,Weekday,East,15649567,30900,08:35:00,30951,08:35:51,4,3348,Washington Ave & Brevator St (03348),0,1,5,,,31924,08:52:04,,,31952,08:52:32,28,00:00:28,doors opened
07/08/2025,12,4102,Tuesday,Weekday,East,15649567,30900,08:35:00,30951,08:35:51,3,10134,Washington Ave & SUNY Exit Rd (10134),1,0,6,,,31730,08:48:50,,,31800,08:50:00,70,00:01:10,doors opened
07/08/2025,12,4102,Tuesday,Weekday,East,15649567,30900,08:35:00,30951,08:35:51,2,7216,SUNY Collins Circle (07216),1,1,5,31500.0,08:45:00,31594,08:46:34,31500.0,08:45:00,31611,08:46:51,17,00:00:17,doors opened
07/08/2025,12,4102,Tuesday,Weekday,East,15649567,30900,08:35:00,30951,08:35:51,1,12827,Crossgates Commons Station (12827),3,1,5,31200.0,08:40:00,31212,08:40:12,31200.0,08:40:00,31304,08:41:44,92,00:01:32,doors opened
07/08/2025,12,4102,Tuesday,Weekday,East,15649567,30900,08:35:00,30951,08:35:51,0,7175,Crossgates Mall Station (07175),3,0,3,30900.0,08:35:00,30951,08:35:51,30900.0,08:35:00,30951,08:35:51,0,00:00:00,doors opened
07/08/2025,12,4106,Tuesday,Weekday,West,15650655,25800,07:10:00,26027,07:13:47,8,3239,Lark/Library Station - Washington Ave & Lark St (03239),1,0,11,26400.0,07:20:00,26532,07:22:12,26400.0,07:20:00,26555,07:22:35,23,00:00:23,doors opened
07/08/2025,12,4106,Tuesday,Weekday,West,15650655,25800,07:10:00,26027,07:13:47,7,3301,Washington Ave & S. Swan St (03301),4,0,10,,,26442,07:20:42,,,26483,07:21:23,41,00:00:41,doors opened
07/08/2025,12,4106,Tuesday,Weekday,West,15650655,25800,07:10:00,26027,07:13:47,6,3250,Hawk/Capitol Station - Washington Ave & Hawk St (03250),1,1,6,,,26392,07:19:52,,,26417,07:20:17,25,00:00:25,doors opened
07/08/2025,12,4106,Tuesday,Weekday,West,15650655,25800,07:10:00,26027,07:13:47,5,10087,State St & Eagle St (10087),0,0,6,,,26360,07:19:20,,,26360,07:19:20,0,00:00:00,door not opened
07/08/2025,12,4106,Tuesday,Weekday,West,15650655,25800,07:10:00,26027,07:13:47,4,2665,State/Downtown Station - State St & Lodge St (02665),2,0,6,26100.0,07:15:00,26213,07:16:53,26100.0,07:15:00,26254,07:17:34,41,00:00:41,doors opened
07/08/2025,12,4106,Tuesday,Weekday,West,15650655,25800,07:10:00,26027,07:13:47,3,3221,State Station - N. Pearl St & Ten Eyck Plaza (03221),3,0,4,,,26107,07:15:07,,,26186,07:16:26,79,00:01:19,doors opened
07/08/2025,12,4106,Tuesday,Weekday,West,15650655,25800,07:10:00,26027,07:13:47,2,3233,N. Pearl St & Sheridan Ave (03233),0,0,1,,,26058,07:14:18,,,26058,07:14:18,0,00:00:00,door not opened
07/08/2025,12,4106,Tuesday,Weekday,West,15650655,25800,07:10:00,26027,07:13:47,1,2168,Clinton Square Station - N. Pearl St & Clinton Ave (02168),0,0,1,,,26027,07:13:47,,,26042,07:14:02,15,00:00:15,door not opened
07/08/2025,12,4106,Tuesday,Weekday,West,15650655,25800,07:10:00,26027,07:13:47,0,9018,Broadway & Orange St (09018),1,0,1,25800.0,07:10:00,26027,07:13:47,25800.0,07:10:00,26027,07:13:47,0,00:00:00,doors opened
07/08/2025,12,4106,Tuesday,Weekday,West,15650655,25800,07:10:00,26027,07:13:47,27,7175,Crossgates Mall Station (07175),0,2,0,28200.0,07:50:00,28251,07:50:51,28200.0,07:50:00,28251,07:50:51,0,00:00:00,doors opened
07/08/2025,12,4106,Tuesday,Weekday,West,15650655,25800,07:10:00,26027,07:13:47,26,12828,Crossgates Commons Station (12828),0,10,2,27780.0,07:43:00,28004,07:46:44,27780.0,07:43:00,28029,07:47:09,25,00:00:25,doors opened
07/08/2025,12,4106,Tuesday,Weekday,West,15650655,25800,07:10:00,26027,07:13:47,25,12891,1475 Washington Ave (12891),0,2,12,,,27818,07:43:38,,,27841,07:44:01,23,00:00:23,doors opened
07/08/2025,12,4106,Tuesday,Weekday,West,15650655,25800,07:10:00,26027,07:13:47,24,7216,SUNY Collins Circle (07216),0,4,14,27420.0,07:37:00,27663,07:41:03,27420.0,07:37:00,27681,07:41:21,18,00:00:18,doors opened
07/08/2025,12,4106,Tuesday,Weekday,West,15650655,25800,07:10:00,26027,07:13:47,23,3262,1383 Washington Ave (Fairfield Inn) (03262),0,4,18,,,27558,07:39:18,,,27575,07:39:35,17,00:00:17,doors opened
07/08/2025,12,4106,Tuesday,Weekday,West,15650655,25800,07:10:00,26027,07:13:47,22,976,Washington Ave & Brevator St (00976),0,1,22,,,27388,07:36:28,,,27400,07:36:40,12,00:00:12,doors opened
07/08/2025,12,4106,Tuesday,Weekday,West,15650655,25800,07:10:00,26027,07:13:47,21,1959,Washington Ave & Colvin Ave (01959),1,0,23,,,27343,07:35:43,,,27361,07:36:01,18,00:00:18,doors opened
07/08/2025,12,4106,Tuesday,Weekday,West,15650655,25800,07:10:00,26027,07:13:47,20,3399,Washington Ave & Danker Ave (03399),0,1,22,,,27301,07:35:01,,,27319,07:35:19,18,00:00:18,doors opened
07/08/2025,12,4106,Tuesday,Weekday,West,15650655,25800,07:10:00,26027,07:13:47,19,1849,Washington Ave & Homestead Ave (01849),1,0,23,,,27261,07:34:21,,,27275,07:34:35,14,00:00:14,doors opened
07/08/2025,12,4106,Tuesday,Weekday,West,15650655,25800,07:10:00,26027,07:13:47,18,1846,Washington Ave & Manning Blvd (01846),0,0,22,,,27240,07:34:00,,,27240,07:34:00,0,00:00:00,door not opened
07/08/2025,12,4106,Tuesday,Weekday,West,15650655,25800,07:10:00,26027,07:13:47,17,3287,Washington Ave & N. Allen St (03287),6,0,22,27000.0,07:30:00,27148,07:32:28,27000.0,07:30:00,27188,07:33:08,40,00:00:40,doors opened
07/08/2025,12,4106,Tuesday,Weekday,West,15650655,25800,07:10:00,26027,07:13:47,16,3264,Washington Ave & N. Main Ave (03264),3,0,16,,,27065,07:31:05,,,27112,07:31:52,47,00:00:47,doors opened
07/08/2025,12,4106,Tuesday,Weekday,West,15650655,25800,07:10:00,26027,07:13:47,15,1839,Washington Ave & Partridge St (01839),1,0,13,,,26953,07:29:13,,,26975,07:29:35,22,00:00:22,doors opened
07/08/2025,12,4106,Tuesday,Weekday,West,15650655,25800,07:10:00,26027,07:13:47,14,1841,Washington Ave & Ontario St (01841),1,2,12,26760.0,07:26:00,26912,07:28:32,26760.0,07:26:00,26929,07:28:49,17,00:00:17,doors opened
07/08/2025,12,4106,Tuesday,Weekday,West,15650655,25800,07:10:00,26027,07:13:47,13,1842,Washington Ave & Quail St (01842),2,0,13,,,26862,07:27:42,,,26887,07:28:07,25,00:00:25,doors opened
07/08/2025,12,4106,Tuesday,Weekday,West,15650655,25800,07:10:00,26027,07:13:47,12,1837,Washington Ave & N. Lake Ave (01837),1,1,11,,,26788,07:26:28,,,26834,07:27:14,46,00:00:46,doors opened
07/08/2025,12,4106,Tuesday,Weekday,West,15650655,25800,07:10:00,26027,07:13:47,11,1843,Washington Ave & Robin St (01843),1,1,11,,,26730,07:25:30,,,26758,07:25:58,28,00:00:28,doors opened
07/08/2025,12,4106,Tuesday,Weekday,West,15650655,25800,07:10:00,26027,07:13:47,10,12943,Washington Ave & Lexington Ave (12943),0,0,11,,,26691,07:24:51,,,26691,07:24:51,0,00:00:00,door not opened
07/08/2025,12,4106,Tuesday,Weekday,West,15650655,25800,07:10:00,26027,07:13:47,9,12942,Washington Ave & Henry Johnson Blvd (12942),0,0,11,,,26638,07:23:58,,,26638,07:23:58,0,00:00:00,door not opened
07/08/2025,12,4108,Tuesday,Weekday,West,15650629,24300,06:45:00,24489,06:48:09,1,2168,Clinton Square Station - N. Pearl St & Clinton Ave (02168),2,0,4,,,24519,06:48:39,,,24538,06:48:58,19,00:00:19,doors opened
07/08/2025,12,4108,Tuesday,Weekday,West,15650629,24300,06:45:00,24489,06:48:09,0,9018,Broadway & Orange St (09018),0,0,2,24300.0,06:45:00,24489,06:48:09,24300.0,06:45:00,24489,06:48:09,0,00:00:00,door not opened
07/08/2025,12,4108,Tuesday,Weekday,West,15650629,24300,06:45:00,24489,06:48:09,27,7175,Crossgates Mall Station (07175),0,4,3,26580.0,07:23:00,26497,07:21:37,26580.0,07:23:00,26497,07:21:37,0,00:00:00,doors opened
07/08/2025,12,4108,Tuesday,Weekday,West,15650629,24300,06:45:00,24489,06:48:09,26,12828,Crossgates Commons Station (12828),0,3,7,26220.0,07:17:00,26247,07:17:27,26220.0,07:17:00,26266,07:17:46,19,00:00:19,doors opened
07/08/2025,12,4108,Tuesday,Weekday,West,15650629,24300,06:45:00,24489,06:48:09,25,12891,1475 Washington Ave (12891),1,0,10,,,26006,07:13:26,,,26017,07:13:37,11,00:00:11,doors opened
07/08/2025,12,4108,Tuesday,Weekday,West,15650629,24300,06:45:00,24489,06:48:09,24,7216,SUNY Collins Circle (07216),0,1,9,25860.0,07:11:00,25857,07:10:57,25860.0,07:11:00,25866,07:11:06,9,00:00:09,doors opened
07/08/2025,12,4108,Tuesday,Weekday,West,15650629,24300,06:45:00,24489,06:48:09,23,3262,1383 Washington Ave (Fairfield Inn) (03262),0,3,10,,,25759,07:09:19,,,25777,07:09:37,18,00:00:18,doors opened
07/08/2025,12,4108,Tuesday,Weekday,West,15650629,24300,06:45:00,24489,06:48:09,22,976,Washington Ave & Brevator St (00976),0,0,13,,,25601,07:06:41,,,25601,07:06:41,0,00:00:00,door not opened
07/08/2025,12,4108,Tuesday,Weekday,West,15650629,24300,06:45:00,24489,06:48:09,21,1959,Washington Ave & Colvin Ave (01959),0,0,13,,,25566,07:06:06,,,25566,07:06:06,0,00:00:00,door not opened
07/08/2025,12,4108,Tuesday,Weekday,West,15650629,24300,06:45:00,24489,06:48:09,20,3399,Washington Ave & Danker Ave (03399),0,0,13,,,25494,07:04:54,,,25494,07:04:54,0,00:00:00,door not opened
07/08/2025,12,4108,Tuesday,Weekday,West,15650629,24300,06:45:00,24489,06:48:09,19,1849,Washington Ave & Homestead Ave (01849),0,0,13,,,25476,07:04:36,,,25476,07:04:36,0,00:00:00,door not opened
07/08/2025,12,4108,Tuesday,Weekday,West,15650629,24300,06:45:00,24489,06:48:09,18,1846,Washington Ave & Manning Blvd (01846),0,0,13,,,25442,07:04:02,,,25442,07:04:02,0,00:00:00,door not opened
07/08/2025,12,4108,Tuesday,Weekday,West,15650629,24300,06:45:00,24489,06:48:09,17,3287,Washington Ave & N. Allen St (03287),1,0,13,25440.0,07:04:00,25345,07:02:25,25440.0,07:04:00,25371,07:02:51,26,00:00:26,doors opened
07/08/2025,12,4108,Tuesday,Weekday,West,15650629,24300,06:45:00,24489,06:48:09,16,3264,Washington Ave & N. Main Ave (03264),0,0,12,,,25320,07:02:00,,,25320,07:02:00,0,00:00:00,door not opened
07/08/2025,12,4108,Tuesday,Weekday,West,15650629,24300,06:45:00,24489,06:48:09,15,1839,Washington Ave & Partridge St (01839),1,0,12,,,25204,07:00:04,,,25218,07:00:18,14,00:00:14,doors opened
07/08/2025,12,4108,Tuesday,Weekday,West,15650629,24300,06:45:00,24489,06:48:09,14,1841,Washington Ave & Ontario St (01841),0,0,11,25200.0,07:00:00,25185,06:59:45,25200.0,07:00:00,25185,06:59:45,0,00:00:00,door not opened
07/08/2025,12,4108,Tuesday,Weekday,West,15650629,24300,06:45:00,24489,06:48:09,13,1842,Washington Ave & Quail St (01842),3,1,11,,,25119,06:58:39,,,25166,06:59:26,47,00:00:47,doors opened
07/08/2025,12,4108,Tuesday,Weekday,West,15650629,24300,06:45:00,24489,06:48:09,12,1837,Washington Ave & N. Lake Ave (01837),0,0,9,,,25098,06:58:18,,,25098,06:58:18,0,00:00:00,door not opened
07/08/2025,12,4108,Tuesday,Weekday,West,15650629,24300,06:45:00,24489,06:48:09,11,1843,Washington Ave & Robin St (01843),1,0,9,,,25056,06:57:36,,,25071,06:57:51,15,00:00:15,doors opened
07/08/2025,12,4108,Tuesday,Weekday,West,15650629,24300,06:45:00,24489,06:48:09,10,12943,Washington Ave & Lexington Ave (12943),0,0,8,,,25035,06:57:15,,,25035,06:57:15,0,00:00:00,door not opened
07/08/2025,12,4108,Tuesday,Weekday,West,15650629,24300,06:45:00,24489,06:48:09,9,12942,Washington Ave & Henry Johnson Blvd (12942),0,0,8,,,24997,06:56:37,,,24997,06:56:37,0,00:00:00,door not opened
07/08/2025,12,4108,Tuesday,Weekday,West,15650629,24300,06:45:00,24489,06:48:09,8,3239,Lark/Library Station - Washington Ave & Lark St (03239),2,1,8,24840.0,06:54:00,24903,06:55:03,24840.0,06:54:00,24931,06:55:31,28,00:00:28,doors opened
07/08/2025,12,4108,Tuesday,Weekday,West,15650629,24300,06:45:00,24489,06:48:09,7,3301,Washington Ave & S. Swan St (03301),1,2,7,,,24835,06:53:55,,,24867,06:54:27,32,00:00:32,doors opened
07/08/2025,12,4108,Tuesday,Weekday,West,15650629,24300,06:45:00,24489,06:48:09,6,3250,Hawk/Capitol Station - Washington Ave & Hawk St (03250),0,0,8,,,24814,06:53:34,,,24814,06:53:34,0,00:00:00,door not opened
07/08/2025,12,4108,Tuesday,Weekday,West,15650629,24300,06:45:00,24489,06:48:09,5,10087,State St & Eagle St (10087),0,0,8,,,24786,06:53:06,,,24786,06:53:06,0,00:00:00,door not opened
07/08/2025,12,4108,Tuesday,Weekday,West,15650629,24300,06:45:00,24489,06:48:09,4,2665,State/Downtown Station - State St & Lodge St (02665),1,0,8,24540.0,06:49:00,24661,06:51:01,24540.0,06:49:00,24680,06:51:20,19,00:00:19,doors opened
07/08/2025,12,4108,Tuesday,Weekday,West,15650629,24300,06:45:00,24489,06:48:09,3,3221,State Station - N. Pearl St & Ten Eyck Plaza (03221),3,0,7,,,24598,06:49:58,,,24626,06:50:26,28,00:00:28,doors opened
07/08/2025,12,4108,Tuesday,Weekday,West,15650629,24300,06:45:00,24489,06:48:09,2,3233,N. Pearl St & Sheridan Ave (03233),0,0,4,,,24553,06:49:13,,,24553,06:49:13,0,00:00:00,door not opened
07/08/2025,12,4108,Tuesday,Weekday,East,15650639,38100,10:35:00,38137,10:35:37,23,2509,State/Downtown Station - State St & S. Pearl St (02509),0,0,0,39960.0,11:06:00,39939,11:05:39,39960.0,11:06:00,39939,11:05:39,0,00:00:00,door not opened
07/08/2025,12,4108,Tuesday,Weekday,East,15650639,38100,10:35:00,38137,10:35:37,22,1787,State St & Eagle St (01787),0,1,0,,,39904,11:05:04,,,39922,11:05:22,18,00:00:18,doors opened
07/08/2025,12,4108,Tuesday,Weekday,East,15650639,38100,10:35:00,38137,10:35:37,21,2706,Hawk/Capitol Station - Washington Ave & Hawk St (02706),0,1,1,,,39815,11:03:35,,,39830,11:03:50,15,00:00:15,doors opened
07/08/2025,12,4108,Tuesday,Weekday,East,15650639,38100,10:35:00,38137,10:35:37,20,1789,Washington Ave & S. Swan St (01789),0,0,2,,,39743,11:02:23,,,39788,11:03:08,45,00:00:45,doors opened
07/08/2025,12,4108,Tuesday,Weekday,East,15650639,38100,10:35:00,38137,10:35:37,19,1788,Washington Ave & Dove St (01788),0,0,2,,,39718,11:01:58,,,39718,11:01:58,0,00:00:00,door not opened
07/08/2025,12,4108,Tuesday,Weekday,East,15650639,38100,10:35:00,38137,10:35:37,18,2663,Lark/Library Station - Washington Ave & Lark St (02663),0,0,2,39660.0,11:01:00,39663,11:01:03,39660.0,11:01:00,39663,11:01:03,0,00:00:00,door not opened
07/08/2025,12,4108,Tuesday,Weekday,East,15650639,38100,10:35:00,38137,10:35:37,17,263,Washington Ave & Henry Johnson Blvd (00263),0,3,2,,,39541,10:59:01,,,39585,10:59:45,44,00:00:44,doors opened
07/08/2025,12,4108,Tuesday,Weekday,East,15650639,38100,10:35:00,38137,10:35:37,16,2096,Washington Ave & Lexington Ave (02096),0,0,5,,,39496,10:58:16,,,39496,10:58:16,0,00:00:00,door not opened
07/08/2025,12,4108,Tuesday,Weekday,East,15650639,38100,10:35:00,38137,10:35:37,15,3253,Washington Ave & Robin St (Draper Hall) (03253),0,1,5,,,39460,10:57:40,,,39477,10:57:57,17,00:00:17,doors opened
07/08/2025,12,4108,Tuesday,Weekday,East,15650639,38100,10:35:00,38137,10:35:37,14,2109,Washington Ave & N. Lake Ave (02109),0,0,6,,,39441,10:57:21,,,39441,10:57:21,0,00:00:00,door not opened
07/08/2025,12,4108,Tuesday,Weekday,East,15650639,38100,10:35:00,38137,10:35:37,13,3255,Washington Ave & Quail St (03255),0,0,6,,,39389,10:56:29,,,39389,10:56:29,0,00:00:00,door not opened
07/08/2025,12,4108,Tuesday,Weekday,East,15650639,38100,10:35:00,38137,10:35:37,12,3256,Washington Ave & Ontario St (03256),0,0,6,39300.0,10:55:00,39329,10:55:29,39300.0,10:55:00,39329,10:55:29,0,00:00:00,door not opened
07/08/2025,12,4108,Tuesday,Weekday,East,15650639,38100,10:35:00,38137,10:35:37,11,2107,Washington Ave & Partridge St (02107),0,0,6,,,39309,10:55:09,,,39309,10:55:09,0,00:00:00,door not opened
07/08/2025,12,4108,Tuesday,Weekday,East,15650639,38100,10:35:00,38137,10:35:37,10,3257,Washington Ave & N. Main Ave (03257),0,0,6,,,39197,10:53:17,,,39197,10:53:17,0,00:00:00,door not opened
07/08/2025,12,4108,Tuesday,Weekday,East,15650639,38100,10:35:00,38137,10:35:37,9,1796,Washington Ave & N. Allen St (01796),0,0,6,39180.0,10:53:00,39163,10:52:43,39180.0,10:53:00,39163,10:52:43,0,00:00:00,door not opened
07/08/2025,12,4108,Tuesday,Weekday,East,15650639,38100,10:35:00,38137,10:35:37,8,11581,Washington Ave & Manning Blvd (11581),0,0,6,,,39130,10:52:10,,,39130,10:52:10,0,00:00:00,door not opened
07/08/2025,12,4108,Tuesday,Weekday,East,15650639,38100,10:35:00,38137,10:35:37,7,2180,Washington Ave & Homestead Ave (02180),0,0,6,,,39112,10:51:52,,,39112,10:51:52,0,00:00:00,door not opened
07/08/2025,12,4108,Tuesday,Weekday,East,15650639,38100,10:35:00,38137,10:35:37,6,2182,Washington Ave & Hawthorne St (02182),0,0,6,,,39092,10:51:32,,,39092,10:51:32,0,00:00:00,door not opened
07/08/2025,12,4108,Tuesday,Weekday,East,15650639,38100,10:35:00,38137,10:35:37,5,3304,Washington Ave & Clermont St (03304),0,0,6,,,39077,10:51:17,,,39077,10:51:17,0,00:00:00,door not opened
07/08/2025,12,4108,Tuesday,Weekday,East,15650639,38100,10:35:00,38137,10:35:37,4,3348,Washington Ave & Brevator St (03348),0,0,6,,,39063,10:51:03,,,39063,10:51:03,0,00:00:00,door not opened
07/08/2025,12,4108,Tuesday,Weekday,East,15650639,38100,10:35:00,38137,10:35:37,3,10134,Washington Ave & SUNY Exit Rd (10134),2,0,6,,,38890,10:48:10,,,38910,10:48:30,20,00:00:20,doors opened
07/08/2025,12,4108,Tuesday,Weekday,East,15650639,38100,10:35:00,38137,10:35:37,2,7216,SUNY Collins Circle (07216),0,0,4,38700.0,10:45:00,38787,10:46:27,38700.0,10:45:00,38787,10:46:27,0,00:00:00,door not opened
07/08/2025,12,4108,Tuesday,Weekday,East,15650639,38100,10:35:00,38137,10:35:37,1,12827,Crossgates Commons Station (12827),4,0,4,38400.0,10:40:00,38420,10:40:20,38400.0,10:40:00,38459,10:40:59,39,00:00:39,doors opened
07/08/2025,12,4108,Tuesday,Weekday,East,15650639,38100,10:35:00,38137,10:35:37,0,7175,Crossgates Mall Station (07175),0,0,0,38100.0,10:35:00,38137,10:35:37,38100.0,10:35:00,38137,10:35:37,0,00:00:00,doors opened
07/08/2025,12,4108,Tuesday,Weekday,East,15650639,38100,10:35:00,38137,10:35:37,24,3940,Broadway & Steuben St (03940),0,0,0,40140.0,11:09:00,40024,11:07:04,40140.0,11:09:00,40024,11:07:04,0,00:00:00,door not opened
07/08/2025,12,4108,Tuesday,Weekday,West,15650642,40800,11:20:00,40823,11:20:23,27,7175,Crossgates Mall Station (07175),0,9,0,43200.0,12:00:00,42833,11:53:53,43200.0,12:00:00,42833,11:53:53,0,00:00:00,doors opened
07/08/2025,12,4108,Tuesday,Weekday,West,15650642,40800,11:20:00,40823,11:20:23,26,12828,Crossgates Commons Station (12828),0,0,9,42780.0,11:53:00,42634,11:50:34,42780.0,11:53:00,42634,11:50:34,0,00:00:00,door not opened
07/08/2025,12,4108,Tuesday,Weekday,West,15650642,40800,11:20:00,40823,11:20:23,25,12891,1475 Washington Ave (12891),0,0,9,,,42376,11:46:16,,,42376,11:46:16,0,00:00:00,door not opened
07/08/2025,12,4108,Tuesday,Weekday,West,15650642,40800,11:20:00,40823,11:20:23,24,7216,SUNY Collins Circle (07216),0,2,9,42420.0,11:47:00,42229,11:43:49,42420.0,11:47:00,42245,11:44:05,16,00:00:16,doors opened
07/08/2025,12,4108,Tuesday,Weekday,West,15650642,40800,11:20:00,40823,11:20:23,23,3262,1383 Washington Ave (Fairfield Inn) (03262),1,1,11,,,42139,11:42:19,,,42153,11:42:33,14,00:00:14,doors opened
07/08/2025,12,4108,Tuesday,Weekday,West,15650642,40800,11:20:00,40823,11:20:23,22,976,Washington Ave & Brevator St (00976),1,0,11,,,42013,11:40:13,,,42034,11:40:34,21,00:00:21,doors opened
07/08/2025,12,4108,Tuesday,Weekday,West,15650642,40800,11:20:00,40823,11:20:23,21,1959,Washington Ave & Colvin Ave (01959),0,1,10,,,41959,11:39:19,,,41987,11:39:47,28,00:00:28,doors opened
07/08/2025,12,4108,Tuesday,Weekday,West,15650642,40800,11:20:00,40823,11:20:23,20,3399,Washington Ave & Danker Ave (03399),0,0,11,,,41938,11:38:58,,,41938,11:38:58,0,00:00:00,door not opened
07/08/2025,12,4108,Tuesday,Weekday,West,15650642,40800,11:20:00,40823,11:20:23,19,1849,Washington Ave & Homestead Ave (01849),1,0,11,,,41904,11:38:24,,,41919,11:38:39,15,00:00:15,doors opened
07/08/2025,12,4108,Tuesday,Weekday,West,15650642,40800,11:20:00,40823,11:20:23,18,1846,Washington Ave & Manning Blvd (01846),0,0,10,,,41884,11:38:04,,,41884,11:38:04,0,00:00:00,door not opened
07/08/2025,12,4108,Tuesday,Weekday,West,15650642,40800,11:20:00,40823,11:20:23,17,3287,Washington Ave & N. Allen St (03287),1,0,10,42000.0,11:40:00,41808,11:36:48,42000.0,11:40:00,41824,11:37:04,16,00:00:16,doors opened
07/08/2025,12,4108,Tuesday,Weekday,West,15650642,40800,11:20:00,40823,11:20:23,16,3264,Washington Ave & N. Main Ave (03264),2,0,9,,,41760,11:36:00,,,41779,11:36:19,19,00:00:19,doors opened
07/08/2025,12,4108,Tuesday,Weekday,West,15650642,40800,11:20:00,40823,11:20:23,15,1839,Washington Ave & Partridge St (01839),0,0,7,,,41699,11:34:59,,,41699,11:34:59,0,00:00:00,door not opened
07/08/2025,12,4108,Tuesday,Weekday,West,15650642,40800,11:20:00,40823,11:20:23,14,1841,Washington Ave & Ontario St (01841),0,1,7,41760.0,11:36:00,41630,11:33:50,41760.0,11:36:00,41662,11:34:22,32,00:00:32,doors opened
07/08/2025,12,4108,Tuesday,Weekday,West,15650642,40800,11:20:00,40823,11:20:23,13,1842,Washington Ave & Quail St (01842),3,0,8,,,41561,11:32:41,,,41606,11:33:26,45,00:00:45,doors opened
07/08/2025,12,4108,Tuesday,Weekday,West,15650642,40800,11:20:00,40823,11:20:23,12,1837,Washington Ave & N. Lake Ave (01837),0,0,5,,,41539,11:32:19,,,41539,11:32:19,0,00:00:00,door not opened
07/08/2025,12,4108,Tuesday,Weekday,West,15650642,40800,11:20:00,40823,11:20:23,11,1843,Washington Ave & Robin St (01843),0,0,5,,,41482,11:31:22,,,41482,11:31:22,0,00:00:00,door not opened
07/08/2025,12,4108,Tuesday,Weekday,West,15650642,40800,11:20:00,40823,11:20:23,10,12943,Washington Ave & Lexington Ave (12943),1,0,5,,,41423,11:30:23,,,41436,11:30:36,13,00:00:13,doors opened
07/08/2025,12,4108,Tuesday,Weekday,West,15650642,40800,11:20:00,40823,11:20:23,9,12942,Washington Ave & Henry Johnson Blvd (12942),0,0,4,,,41385,11:29:45,,,41385,11:29:45,0,00:00:00,door not opened
07/08/2025,12,4108,Tuesday,Weekday,West,15650642,40800,11:20:00,40823,11:20:23,8,3239,Lark/Library Station - Washington Ave & Lark St (03239),1,2,4,41340.0,11:29:00,41293,11:28:13,41340.0,11:29:00,41321,11:28:41,28,00:00:28,doors opened
07/08/2025,12,4108,Tuesday,Weekday,West,15650642,40800,11:20:00,40823,11:20:23,7,3301,Washington Ave & S. Swan St (03301),0,0,5,,,41228,11:27:08,,,41228,11:27:08,0,00:00:00,door not opened
07/08/2025,12,4108,Tuesday,Weekday,West,15650642,40800,11:20:00,40823,11:20:23,6,3250,Hawk/Capitol Station - Washington Ave & Hawk St (03250),0,1,5,,,41128,11:25:28,,,41149,11:25:49,21,00:00:21,doors opened
07/08/2025,12,4108,Tuesday,Weekday,West,15650642,40800,11:20:00,40823,11:20:23,5,10087,State St & Eagle St (10087),0,0,6,,,41098,11:24:58,,,41098,11:24:58,0,00:00:00,door not opened
07/08/2025,12,4108,Tuesday,Weekday,West,15650642,40800,11:20:00,40823,11:20:23,4,2665,State/Downtown Station - State St & Lodge St (02665),1,0,6,41040.0,11:24:00,41040,11:24:00,41040.0,11:24:00,41066,11:24:26,26,00:00:26,doors opened
07/08/2025,12,4108,Tuesday,Weekday,West,15650642,40800,11:20:00,40823,11:20:23,3,3221,State Station - N. Pearl St & Ten Eyck Plaza (03221),1,0,5,,,40944,11:22:24,,,41011,11:23:31,67,00:01:07,doors opened
07/08/2025,12,4108,Tuesday,Weekday,West,15650642,40800,11:20:00,40823,11:20:23,2,3233,N. Pearl St & Sheridan Ave (03233),0,0,4,,,40898,11:21:38,,,40898,11:21:38,0,00:00:00,door not opened
07/08/2025,12,4108,Tuesday,Weekday,West,15650642,40800,11:20:00,40823,11:20:23,1,2168,Clinton Square Station - N. Pearl St & Clinton Ave (02168),4,0,4,,,40833,11:20:33,,,40885,11:21:25,52,00:00:52,doors opened
07/08/2025,12,4108,Tuesday,Weekday,West,15650642,40800,11:20:00,40823,11:20:23,0,9018,Broadway & Orange St (09018),0,0,0,40800.0,11:20:00,40823,11:20:23,40800.0,11:20:00,40823,11:20:23,0,00:00:00,door not opened
07/08/2025,12,4108,Tuesday,Weekday,West,15650646,46800,13:00:00,46835,13:00:35,16,3264,Washington Ave & N. Main Ave (03264),0,0,13,,,47775,13:16:15,,,47775,13:16:15,0,00:00:00,door not opened
07/08/2025,12,4108,Tuesday,Weekday,West,15650646,46800,13:00:00,46835,13:00:35,15,1839,Washington Ave & Partridge St (01839),0,0,13,,,47713,13:15:13,,,47713,13:15:13,0,00:00:00,door not opened
07/08/2025,12,4108,Tuesday,Weekday,West,15650646,46800,13:00:00,46835,13:00:35,14,1841,Washington Ave & Ontario St (01841),0,0,13,47760.0,13:16:00,47690,13:14:50,47760.0,13:16:00,47690,13:14:50,0,00:00:00,door not opened
07/08/2025,12,4108,Tuesday,Weekday,West,15650646,46800,13:00:00,46835,13:00:35,13,1842,Washington Ave & Quail St (01842),1,0,13,,,47624,13:13:44,,,47664,13:14:24,40,00:00:40,doors opened
07/08/2025,12,4108,Tuesday,Weekday,West,15650646,46800,13:00:00,46835,13:00:35,12,1837,Washington Ave & N. Lake Ave (01837),0,0,12,,,47599,13:13:19,,,47599,13:13:19,0,00:00:00,door not opened
07/08/2025,12,4108,Tuesday,Weekday,West,15650646,46800,13:00:00,46835,13:00:35,11,1843,Washington Ave & Robin St (01843),0,0,12,,,47573,13:12:53,,,47573,13:12:53,0,00:00:00,door not opened
07/08/2025,12,4108,Tuesday,Weekday,West,15650646,46800,13:00:00,46835,13:00:35,10,12943,Washington Ave & Lexington Ave (12943),0,0,12,,,47535,13:12:15,,,47535,13:12:15,0,00:00:00,door not opened
07/08/2025,12,4108,Tuesday,Weekday,West,15650646,46800,13:00:00,46835,13:00:35,9,12942,Washington Ave & Henry Johnson Blvd (12942),1,1,12,,,47446,13:10:46,,,47461,13:11:01,15,00:00:15,doors opened
07/08/2025,12,4108,Tuesday,Weekday,West,15650646,46800,13:00:00,46835,13:00:35,8,3239,Lark/Library Station - Washington Ave & Lark St (03239),0,3,12,47340.0,13:09:00,47344,13:09:04,47340.0,13:09:00,47373,13:09:33,29,00:00:29,doors opened
07/08/2025,12,4108,Tuesday,Weekday,West,15650646,46800,13:00:00,46835,13:00:35,7,3301,Washington Ave & S. Swan St (03301),0,0,15,,,47278,13:07:58,,,47278,13:07:58,0,00:00:00,door not opened
07/08/2025,12,4108,Tuesday,Weekday,West,15650646,46800,13:00:00,46835,13:00:35,6,3250,Hawk/Capitol Station - Washington Ave & Hawk St (03250),0,0,15,,,47220,13:07:00,,,47220,13:07:00,0,00:00:00,door not opened
07/08/2025,12,4108,Tuesday,Weekday,West,15650646,46800,13:00:00,46835,13:00:35,5,10087,State St & Eagle St (10087),0,0,15,,,47192,13:06:32,,,47192,13:06:32,0,00:00:00,door not opened
07/08/2025,12,4108,Tuesday,Weekday,West,15650646,46800,13:00:00,46835,13:00:35,4,2665,State/Downtown Station - State St & Lodge St (02665),8,0,15,47040.0,13:04:00,47019,13:03:39,47040.0,13:04:00,47080,13:04:40,61,00:01:01,doors opened
07/08/2025,12,4108,Tuesday,Weekday,West,15650646,46800,13:00:00,46835,13:00:35,27,7175,Crossgates Mall Station (07175),0,6,0,49200.0,13:40:00,48848,13:34:08,49200.0,13:40:00,48848,13:34:08,0,00:00:00,doors opened
07/08/2025,12,4108,Tuesday,Weekday,West,15650646,46800,13:00:00,46835,13:00:35,26,12828,Crossgates Commons Station (12828),0,7,6,48780.0,13:33:00,48579,13:29:39,48780.0,13:33:00,48609,13:30:09,30,00:00:30,doors opened
07/08/2025,12,4108,Tuesday,Weekday,West,15650646,46800,13:00:00,46835,13:00:35,25,12891,1475 Washington Ave (12891),1,0,13,,,48400,13:26:40,,,48417,13:26:57,17,00:00:17,doors opened
07/08/2025,12,4108,Tuesday,Weekday,West,15650646,46800,13:00:00,46835,13:00:35,24,7216,SUNY Collins Circle (07216),0,1,12,48420.0,13:27:00,48244,13:24:04,48420.0,13:27:00,48256,13:24:16,12,00:00:12,doors opened
07/08/2025,12,4108,Tuesday,Weekday,West,15650646,46800,13:00:00,46835,13:00:35,23,3262,1383 Washington Ave (Fairfield Inn) (03262),0,0,13,,,48162,13:22:42,,,48162,13:22:42,0,00:00:00,door not opened
07/08/2025,12,4108,Tuesday,Weekday,West,15650646,46800,13:00:00,46835,13:00:35,22,976,Washington Ave & Brevator St (00976),1,0,13,,,48018,13:20:18,,,48040,13:20:40,22,00:00:22,doors opened
07/08/2025,12,4108,Tuesday,Weekday,West,15650646,46800,13:00:00,46835,13:00:35,21,1959,Washington Ave & Colvin Ave (01959),0,0,12,,,47996,13:19:56,,,47996,13:19:56,0,00:00:00,door not opened
07/08/2025,12,4108,Tuesday,Weekday,West,15650646,46800,13:00:00,46835,13:00:35,20,3399,Washington Ave & Danker Ave (03399),0,2,12,,,47926,13:18:46,,,47940,13:19:00,14,00:00:14,doors opened
07/08/2025,12,4108,Tuesday,Weekday,West,15650646,46800,13:00:00,46835,13:00:35,19,1849,Washington Ave & Homestead Ave (01849),0,0,14,,,47908,13:18:28,,,47908,13:18:28,0,00:00:00,door not opened
07/08/2025,12,4108,Tuesday,Weekday,West,15650646,46800,13:00:00,46835,13:00:35,18,1846,Washington Ave & Manning Blvd (01846),0,0,14,,,47883,13:18:03,,,47883,13:18:03,0,00:00:00,door not opened
07/08/2025,12,4108,Tuesday,Weekday,West,15650646,46800,13:00:00,46835,13:00:35,17,3287,Washington Ave & N. Allen St (03287),1,0,14,48000.0,13:20:00,47803,13:16:43,48000.0,13:20:00,47818,13:16:58,15,00:00:15,doors opened
07/08/2025,12,4108,Tuesday,Weekday,West,15650646,46800,13:00:00,46835,13:00:35,3,3221,State Station - N. Pearl St & Ten Eyck Plaza (03221),3,0,7,,,46920,13:02:00,,,46994,13:03:14,74,00:01:14,doors opened
07/08/2025,12,4108,Tuesday,Weekday,West,15650646,46800,13:00:00,46835,13:00:35,2,3233,N. Pearl St & Sheridan Ave (03233),0,0,4,,,46887,13:01:27,,,46887,13:01:27,0,00:00:00,door not opened
07/08/2025,12,4108,Tuesday,Weekday,West,15650646,46800,13:00:00,46835,13:00:35,1,2168,Clinton Square Station - N. Pearl St & Clinton Ave (02168),2,0,4,,,46854,13:00:54,,,46874,13:01:14,20,00:00:20,doors opened
07/08/2025,12,4108,Tuesday,Weekday,West,15650646,46800,13:00:00,46835,13:00:35,0,9018,Broadway & Orange St (09018),1,0,2,46800.0,13:00:00,46835,13:00:35,46800.0,13:00:00,46835,13:00:35,0,00:00:00,doors opened
07/08/2025,12,4109,Tuesday,Weekday,East,15649537,32100,08:55:00,32112,08:55:12,24,3940,Broadway & Steuben St (03940),0,0,0,34200.0,09:30:00,34651,09:37:31,34200.0,09:30:00,34651,09:37:31,0,00:00:00,door not opened
07/08/2025,12,4109,Tuesday,Weekday,East,15649537,32100,08:55:00,32112,08:55:12,23,2509,State/Downtown Station - State St & S. Pearl St (02509),0,12,0,34020.0,09:27:00,34475,09:34:35,34020.0,09:27:00,34578,09:36:18,103,00:01:43,doors opened
07/08/2025,12,4109,Tuesday,Weekday,East,15649537,32100,08:55:00,32112,08:55:12,22,1787,State St & Eagle St (01787),0,1,12,,,34434,09:33:54,,,34454,09:34:14,20,00:00:20,doors opened
07/08/2025,12,4109,Tuesday,Weekday,East,15649537,32100,08:55:00,32112,08:55:12,21,2706,Hawk/Capitol Station - Washington Ave & Hawk St (02706),0,1,13,,,34371,09:32:51,,,34393,09:33:13,22,00:00:22,doors opened
07/08/2025,12,4109,Tuesday,Weekday,East,15649537,32100,08:55:00,32112,08:55:12,20,1789,Washington Ave & S. Swan St (01789),0,3,14,,,34270,09:31:10,,,34344,09:32:24,74,00:01:14,doors opened
07/08/2025,12,4109,Tuesday,Weekday,East,15649537,32100,08:55:00,32112,08:55:12,19,1788,Washington Ave & Dove St (01788),2,3,17,,,34101,09:28:21,,,34244,09:30:44,143,00:02:23,doors opened
07/08/2025,12,4109,Tuesday,Weekday,East,15649537,32100,08:55:00,32112,08:55:12,18,2663,Lark/Library Station - Washington Ave & Lark St (02663),5,2,18,33660.0,09:21:00,33972,09:26:12,33660.0,09:21:00,34066,09:27:46,94,00:01:34,doors opened
07/08/2025,12,4109,Tuesday,Weekday,East,15649537,32100,08:55:00,32112,08:55:12,17,263,Washington Ave & Henry Johnson Blvd (00263),0,2,15,,,33883,09:24:43,,,33948,09:25:48,65,00:01:05,doors opened
07/08/2025,12,4109,Tuesday,Weekday,East,15649537,32100,08:55:00,32112,08:55:12,16,2096,Washington Ave & Lexington Ave (02096),0,0,17,,,33737,09:22:17,,,33737,09:22:17,0,00:00:00,door not opened
07/08/2025,12,4109,Tuesday,Weekday,East,15649537,32100,08:55:00,32112,08:55:12,15,3253,Washington Ave & Robin St (Draper Hall) (03253),1,0,17,,,33699,09:21:39,,,33721,09:22:01,22,00:00:22,doors opened
07/08/2025,12,4109,Tuesday,Weekday,East,15649537,32100,08:55:00,32112,08:55:12,14,2109,Washington Ave & N. Lake Ave (02109),0,0,16,,,33680,09:21:20,,,33680,09:21:20,0,00:00:00,door not opened
07/08/2025,12,4109,Tuesday,Weekday,East,15649537,32100,08:55:00,32112,08:55:12,13,3255,Washington Ave & Quail St (03255),3,3,16,,,33608,09:20:08,,,33644,09:20:44,36,00:00:36,doors opened
07/08/2025,12,4109,Tuesday,Weekday,East,15649537,32100,08:55:00,32112,08:55:12,12,3256,Washington Ave & Ontario St (03256),1,0,16,33300.0,09:15:00,33574,09:19:34,33300.0,09:15:00,33586,09:19:46,12,00:00:12,doors opened
07/08/2025,12,4109,Tuesday,Weekday,East,15649537,32100,08:55:00,32112,08:55:12,11,2107,Washington Ave & Partridge St (02107),0,0,15,,,33555,09:19:15,,,33555,09:19:15,0,00:00:00,door not opened
07/08/2025,12,4109,Tuesday,Weekday,East,15649537,32100,08:55:00,32112,08:55:12,10,3257,Washington Ave & N. Main Ave (03257),1,0,15,,,33450,09:17:30,,,33475,09:17:55,25,00:00:25,doors opened
07/08/2025,12,4109,Tuesday,Weekday,East,15649537,32100,08:55:00,32112,08:55:12,9,1796,Washington Ave & N. Allen St (01796),2,0,14,33180.0,09:13:00,33328,09:15:28,33180.0,09:13:00,33419,09:16:59,91,00:01:31,doors opened
07/08/2025,12,4109,Tuesday,Weekday,East,15649537,32100,08:55:00,32112,08:55:12,8,11581,Washington Ave & Manning Blvd (11581),1,0,12,,,33255,09:14:15,,,33296,09:14:56,41,00:00:41,doors opened
07/08/2025,12,4109,Tuesday,Weekday,East,15649537,32100,08:55:00,32112,08:55:12,7,2180,Washington Ave & Homestead Ave (02180),1,0,11,,,33215,09:13:35,,,33234,09:13:54,19,00:00:19,doors opened
07/08/2025,12,4109,Tuesday,Weekday,East,15649537,32100,08:55:00,32112,08:55:12,6,2182,Washington Ave & Hawthorne St (02182),1,0,10,,,33176,09:12:56,,,33189,09:13:09,13,00:00:13,doors opened
07/08/2025,12,4109,Tuesday,Weekday,East,15649537,32100,08:55:00,32112,08:55:12,5,3304,Washington Ave & Clermont St (03304),0,1,9,,,33138,09:12:18,,,33150,09:12:30,12,00:00:12,doors opened
07/08/2025,12,4109,Tuesday,Weekday,East,15649537,32100,08:55:00,32112,08:55:12,4,3348,Washington Ave & Brevator St (03348),1,0,10,,,33095,09:11:35,,,33116,09:11:56,21,00:00:21,doors opened
07/08/2025,12,4109,Tuesday,Weekday,East,15649537,32100,08:55:00,32112,08:55:12,3,10134,Washington Ave & SUNY Exit Rd (10134),5,0,9,,,32911,09:08:31,,,32984,09:09:44,73,00:01:13,doors opened
07/08/2025,12,4109,Tuesday,Weekday,East,15649537,32100,08:55:00,32112,08:55:12,2,7216,SUNY Collins Circle (07216),0,0,4,32700.0,09:05:00,32788,09:06:28,32700.0,09:05:00,32788,09:06:28,0,00:00:00,door not opened
07/08/2025,12,4109,Tuesday,Weekday,East,15649537,32100,08:55:00,32112,08:55:12,1,12827,Crossgates Commons Station (12827),4,0,4,32400.0,09:00:00,32418,09:00:18,32400.0,09:00:00,32519,09:01:59,101,00:01:41,doors opened
07/08/2025,12,4109,Tuesday,Weekday,East,15649537,32100,08:55:00,32112,08:55:12,0,7175,Crossgates Mall Station (07175),0,0,0,32100.0,08:55:00,32112,08:55:12,32100.0,08:55:00,32112,08:55:12,0,00:00:00,doors opened
07/08/2025,12,4109,Tuesday,Weekday,West,15649540,34800,09:40:00,34801,09:40:01,27,7175,Crossgates Mall Station (07175),0,2,0,37200.0,10:20:00,36869,10:14:29,37200.0,10:20:00,36869,10:14:29,0,00:00:00,doors opened
07/08/2025,12,4109,Tuesday,Weekday,West,15649540,34800,09:40:00,34801,09:40:01,26,12828,Crossgates Commons Station (12828),0,7,2,36780.0,10:13:00,36652,10:10:52,36780.0,10:13:00,36671,10:11:11,19,00:00:19,doors opened
07/08/2025,12,4109,Tuesday,Weekday,West,15649540,34800,09:40:00,34801,09:40:01,25,12891,1475 Washington Ave (12891),0,0,9,,,36452,10:07:32,,,36452,10:07:32,0,00:00:00,door not opened
07/08/2025,12,4109,Tuesday,Weekday,West,15649540,34800,09:40:00,34801,09:40:01,24,7216,SUNY Collins Circle (07216),0,2,9,36420.0,10:07:00,36316,10:05:16,36420.0,10:07:00,36330,10:05:30,14,00:00:14,doors opened
07/08/2025,12,4109,Tuesday,Weekday,West,15649540,34800,09:40:00,34801,09:40:01,23,3262,1383 Washington Ave (Fairfield Inn) (03262),1,5,11,,,36217,10:03:37,,,36235,10:03:55,18,00:00:18,doors opened
07/08/2025,12,4109,Tuesday,Weekday,West,15649540,34800,09:40:00,34801,09:40:01,22,976,Washington Ave & Brevator St (00976),0,1,15,,,36086,10:01:26,,,36100,10:01:40,14,00:00:14,doors opened
07/08/2025,12,4109,Tuesday,Weekday,West,15649540,34800,09:40:00,34801,09:40:01,21,1959,Washington Ave & Colvin Ave (01959),0,0,16,,,36064,10:01:04,,,36064,10:01:04,0,00:00:00,door not opened
07/08/2025,12,4109,Tuesday,Weekday,West,15649540,34800,09:40:00,34801,09:40:01,20,3399,Washington Ave & Danker Ave (03399),0,1,16,,,36020,10:00:20,,,36031,10:00:31,11,00:00:11,doors opened
07/08/2025,12,4109,Tuesday,Weekday,West,15649540,34800,09:40:00,34801,09:40:01,19,1849,Washington Ave & Homestead Ave (01849),4,0,17,,,35964,09:59:24,,,35996,09:59:56,32,00:00:32,doors opened
07/08/2025,12,4109,Tuesday,Weekday,West,15649540,34800,09:40:00,34801,09:40:01,18,1846,Washington Ave & Manning Blvd (01846),0,0,13,,,35941,09:59:01,,,35941,09:59:01,0,00:00:00,door not opened
07/08/2025,12,4109,Tuesday,Weekday,West,15649540,34800,09:40:00,34801,09:40:01,17,3287,Washington Ave & N. Allen St (03287),1,0,13,36000.0,10:00:00,35849,09:57:29,36000.0,10:00:00,35876,09:57:56,27,00:00:27,doors opened
07/08/2025,12,4109,Tuesday,Weekday,West,15649540,34800,09:40:00,34801,09:40:01,16,3264,Washington Ave & N. Main Ave (03264),0,1,12,,,35806,09:56:46,,,35820,09:57:00,14,00:00:14,doors opened
07/08/2025,12,4109,Tuesday,Weekday,West,15649540,34800,09:40:00,34801,09:40:01,15,1839,Washington Ave & Partridge St (01839),1,0,13,,,35706,09:55:06,,,35741,09:55:41,35,00:00:35,doors opened
07/08/2025,12,4109,Tuesday,Weekday,West,15649540,34800,09:40:00,34801,09:40:01,14,1841,Washington Ave & Ontario St (01841),2,1,12,35760.0,09:56:00,35659,09:54:19,35760.0,09:56:00,35684,09:54:44,25,00:00:25,doors opened
07/08/2025,12,4109,Tuesday,Weekday,West,15649540,34800,09:40:00,34801,09:40:01,13,1842,Washington Ave & Quail St (01842),1,0,11,,,35621,09:53:41,,,35635,09:53:55,14,00:00:14,doors opened
07/08/2025,12,4109,Tuesday,Weekday,West,15649540,34800,09:40:00,34801,09:40:01,12,1837,Washington Ave & N. Lake Ave (01837),1,0,10,,,35574,09:52:54,,,35593,09:53:13,19,00:00:19,doors opened
07/08/2025,12,4109,Tuesday,Weekday,West,15649540,34800,09:40:00,34801,09:40:01,11,1843,Washington Ave & Robin St (01843),0,0,9,,,35555,09:52:35,,,35555,09:52:35,0,00:00:00,door not opened
07/08/2025,12,4109,Tuesday,Weekday,West,15649540,34800,09:40:00,34801,09:40:01,10,12943,Washington Ave & Lexington Ave (12943),1,1,9,,,35485,09:51:25,,,35530,09:52:10,45,00:00:45,doors opened
07/08/2025,12,4109,Tuesday,Weekday,West,15649540,34800,09:40:00,34801,09:40:01,9,12942,Washington Ave & Henry Johnson Blvd (12942),0,1,9,,,35443,09:50:43,,,35456,09:50:56,13,00:00:13,doors opened
07/08/2025,12,4109,Tuesday,Weekday,West,15649540,34800,09:40:00,34801,09:40:01,8,3239,Lark/Library Station - Washington Ave & Lark St (03239),3,0,10,35340.0,09:49:00,35319,09:48:39,35340.0,09:49:00,35382,09:49:42,63,00:01:03,doors opened
07/08/2025,12,4109,Tuesday,Weekday,West,15649540,34800,09:40:00,34801,09:40:01,7,3301,Washington Ave & S. Swan St (03301),0,1,7,,,35252,09:47:32,,,35282,09:48:02,30,00:00:30,doors opened
07/08/2025,12,4109,Tuesday,Weekday,West,15649540,34800,09:40:00,34801,09:40:01,6,3250,Hawk/Capitol Station - Washington Ave & Hawk St (03250),0,0,8,,,35232,09:47:12,,,35232,09:47:12,0,00:00:00,door not opened
07/08/2025,12,4109,Tuesday,Weekday,West,15649540,34800,09:40:00,34801,09:40:01,5,10087,State St & Eagle St (10087),0,0,8,,,35206,09:46:46,,,35206,09:46:46,0,00:00:00,door not opened
07/08/2025,12,4109,Tuesday,Weekday,West,15649540,34800,09:40:00,34801,09:40:01,4,2665,State/Downtown Station - State St & Lodge St (02665),6,0,8,35040.0,09:44:00,35048,09:44:08,35040.0,09:44:00,35085,09:44:45,37,00:00:37,doors opened
07/08/2025,12,4109,Tuesday,Weekday,West,15649540,34800,09:40:00,34801,09:40:01,3,3221,State Station - N. Pearl St & Ten Eyck Plaza (03221),1,0,2,,,35000,09:43:20,,,35015,09:43:35,15,00:00:15,doors opened
07/08/2025,12,4109,Tuesday,Weekday,West,15649540,34800,09:40:00,34801,09:40:01,2,3233,N. Pearl St & Sheridan Ave (03233),0,0,1,,,34967,09:42:47,,,34967,09:42:47,0,00:00:00,door not opened
07/08/2025,12,4109,Tuesday,Weekday,West,15649540,34800,09:40:00,34801,09:40:01,1,2168,Clinton Square Station - N. Pearl St & Clinton Ave (02168),1,0,1,,,34935,09:42:15,,,34953,09:42:33,18,00:00:18,doors opened
07/08/2025,12,4109,Tuesday,Weekday,West,15649540,34800,09:40:00,34801,09:40:01,0,9018,Broadway & Orange St (09018),0,0,0,34800.0,09:40:00,34801,09:40:01,34800.0,09:40:00,34801,09:40:01,0,00:00:00,door not opened
07/08/2025,12,4109,Tuesday,Weekday,East,15649545,42900,11:55:00,42996,11:56:36,24,3940,Broadway & Steuben St (03940),0,0,0,45000.0,12:30:00,45216,12:33:36,45000.0,12:30:00,45216,12:33:36,0,00:00:00,door not opened
07/08/2025,12,4109,Tuesday,Weekday,East,15649545,42900,11:55:00,42996,11:56:36,23,2509,State/Downtown Station - State St & S. Pearl St (02509),0,7,0,44820.0,12:27:00,45143,12:32:23,44820.0,12:27:00,45166,12:32:46,23,00:00:23,doors opened
07/08/2025,12,4109,Tuesday,Weekday,East,15649545,42900,11:55:00,42996,11:56:36,22,1787,State St & Eagle St (01787),0,0,7,,,45109,12:31:49,,,45109,12:31:49,0,00:00:00,door not opened
07/08/2025,12,4109,Tuesday,Weekday,East,15649545,42900,11:55:00,42996,11:56:36,21,2706,Hawk/Capitol Station - Washington Ave & Hawk St (02706),0,1,7,,,44993,12:29:53,,,45004,12:30:04,11,00:00:11,doors opened
07/08/2025,12,4109,Tuesday,Weekday,East,15649545,42900,11:55:00,42996,11:56:36,20,1789,Washington Ave & S. Swan St (01789),1,0,8,,,44919,12:28:39,,,44969,12:29:29,50,00:00:50,doors opened
07/08/2025,12,4109,Tuesday,Weekday,East,15649545,42900,11:55:00,42996,11:56:36,19,1788,Washington Ave & Dove St (01788),0,2,7,,,44876,12:27:56,,,44886,12:28:06,10,00:00:10,doors opened
07/08/2025,12,4109,Tuesday,Weekday,East,15649545,42900,11:55:00,42996,11:56:36,18,2663,Lark/Library Station - Washington Ave & Lark St (02663),0,4,9,44520.0,12:22:00,44798,12:26:38,44520.0,12:22:00,44825,12:27:05,27,00:00:27,doors opened
07/08/2025,12,4109,Tuesday,Weekday,East,15649545,42900,11:55:00,42996,11:56:36,17,263,Washington Ave & Henry Johnson Blvd (00263),0,1,13,,,44708,12:25:08,,,44773,12:26:13,65,00:01:05,doors opened
07/08/2025,12,4109,Tuesday,Weekday,East,15649545,42900,11:55:00,42996,11:56:36,16,2096,Washington Ave & Lexington Ave (02096),0,1,14,,,44613,12:23:33,,,44680,12:24:40,67,00:01:07,doors opened
07/08/2025,12,4109,Tuesday,Weekday,East,15649545,42900,11:55:00,42996,11:56:36,15,3253,Washington Ave & Robin St (Draper Hall) (03253),0,0,15,,,44593,12:23:13,,,44593,12:23:13,0,00:00:00,door not opened
07/08/2025,12,4109,Tuesday,Weekday,East,15649545,42900,11:55:00,42996,11:56:36,14,2109,Washington Ave & N. Lake Ave (02109),1,2,15,,,44527,12:22:07,,,44551,12:22:31,24,00:00:24,doors opened
07/08/2025,12,4109,Tuesday,Weekday,East,15649545,42900,11:55:00,42996,11:56:36,13,3255,Washington Ave & Quail St (03255),1,0,16,,,44483,12:21:23,,,44500,12:21:40,17,00:00:17,doors opened
07/08/2025,12,4109,Tuesday,Weekday,East,15649545,42900,11:55:00,42996,11:56:36,12,3256,Washington Ave & Ontario St (03256),1,1,15,44160.0,12:16:00,44431,12:20:31,44160.0,12:16:00,44460,12:21:00,29,00:00:29,doors opened
07/08/2025,12,4109,Tuesday,Weekday,East,15649545,42900,11:55:00,42996,11:56:36,11,2107,Washington Ave & Partridge St (02107),0,0,15,,,44413,12:20:13,,,44413,12:20:13,0,00:00:00,door not opened
07/08/2025,12,4109,Tuesday,Weekday,East,15649545,42900,11:55:00,42996,11:56:36,10,3257,Washington Ave & N. Main Ave (03257),0,4,15,,,44300,12:18:20,,,44336,12:18:56,36,00:00:36,doors opened
07/08/2025,12,4109,Tuesday,Weekday,East,15649545,42900,11:55:00,42996,11:56:36,9,1796,Washington Ave & N. Allen St (01796),2,3,19,43980.0,12:13:00,44248,12:17:28,43980.0,12:13:00,44269,12:17:49,21,00:00:21,doors opened
07/08/2025,12,4109,Tuesday,Weekday,East,15649545,42900,11:55:00,42996,11:56:36,8,11581,Washington Ave & Manning Blvd (11581),0,1,20,,,44179,12:16:19,,,44217,12:16:57,38,00:00:38,doors opened
07/08/2025,12,4109,Tuesday,Weekday,East,15649545,42900,11:55:00,42996,11:56:36,7,2180,Washington Ave & Homestead Ave (02180),1,1,21,,,44138,12:15:38,,,44155,12:15:55,17,00:00:17,doors opened
07/08/2025,12,4109,Tuesday,Weekday,East,15649545,42900,11:55:00,42996,11:56:36,6,2182,Washington Ave & Hawthorne St (02182),0,0,21,,,44115,12:15:15,,,44115,12:15:15,0,00:00:00,door not opened
07/08/2025,12,4109,Tuesday,Weekday,East,15649545,42900,11:55:00,42996,11:56:36,5,3304,Washington Ave & Clermont St (03304),0,0,21,,,44100,12:15:00,,,44100,12:15:00,0,00:00:00,door not opened
07/08/2025,12,4109,Tuesday,Weekday,East,15649545,42900,11:55:00,42996,11:56:36,4,3348,Washington Ave & Brevator St (03348),0,0,21,,,44084,12:14:44,,,44084,12:14:44,0,00:00:00,door not opened
07/08/2025,12,4109,Tuesday,Weekday,East,15649545,42900,11:55:00,42996,11:56:36,3,10134,Washington Ave & SUNY Exit Rd (10134),4,0,21,,,43922,12:12:02,,,43953,12:12:33,31,00:00:31,doors opened
07/08/2025,12,4109,Tuesday,Weekday,East,15649545,42900,11:55:00,42996,11:56:36,2,7216,SUNY Collins Circle (07216),4,0,17,43500.0,12:05:00,43771,12:09:31,43500.0,12:05:00,43808,12:10:08,37,00:00:37,doors opened
07/08/2025,12,4109,Tuesday,Weekday,East,15649545,42900,11:55:00,42996,11:56:36,1,12827,Crossgates Commons Station (12827),10,1,13,43200.0,12:00:00,43382,12:03:02,43200.0,12:00:00,43468,12:04:28,86,00:01:26,doors opened
07/08/2025,12,4109,Tuesday,Weekday,East,15649545,42900,11:55:00,42996,11:56:36,0,7175,Crossgates Mall Station (07175),4,0,4,42900.0,11:55:00,42996,11:56:36,42900.0,11:55:00,42996,11:56:36,0,00:00:00,doors opened
07/08/2025,12,4109,Tuesday,Weekday,West,15649548,45600,12:40:00,45613,12:40:13,27,7175,Crossgates Mall Station (07175),0,5,0,48000.0,13:20:00,47746,13:15:46,48000.0,13:20:00,47746,13:15:46,0,00:00:00,doors opened
07/08/2025,12,4109,Tuesday,Weekday,West,15649548,45600,12:40:00,45613,12:40:13,26,12828,Crossgates Commons Station (12828),2,6,5,47580.0,13:13:00,47502,13:11:42,47580.0,13:13:00,47536,13:12:16,34,00:00:34,doors opened
07/08/2025,12,4109,Tuesday,Weekday,West,15649548,45600,12:40:00,45613,12:40:13,25,12891,1475 Washington Ave (12891),1,1,9,,,47286,13:08:06,,,47299,13:08:19,13,00:00:13,doors opened
07/08/2025,12,4109,Tuesday,Weekday,West,15649548,45600,12:40:00,45613,12:40:13,24,7216,SUNY Collins Circle (07216),1,2,9,47220.0,13:07:00,47143,13:05:43,47220.0,13:07:00,47162,13:06:02,19,00:00:19,doors opened
07/08/2025,12,4109,Tuesday,Weekday,West,15649548,45600,12:40:00,45613,12:40:13,23,3262,1383 Washington Ave (Fairfield Inn) (03262),1,0,10,,,47038,13:03:58,,,47053,13:04:13,15,00:00:15,doors opened
07/08/2025,12,4109,Tuesday,Weekday,West,15649548,45600,12:40:00,45613,12:40:13,22,976,Washington Ave & Brevator St (00976),0,0,9,,,46887,13:01:27,,,46887,13:01:27,0,00:00:00,door not opened
07/08/2025,12,4109,Tuesday,Weekday,West,15649548,45600,12:40:00,45613,12:40:13,21,1959,Washington Ave & Colvin Ave (01959),0,1,9,,,46835,13:00:35,,,46865,13:01:05,30,00:00:30,doors opened
07/08/2025,12,4109,Tuesday,Weekday,West,15649548,45600,12:40:00,45613,12:40:13,20,3399,Washington Ave & Danker Ave (03399),0,0,10,,,46810,13:00:10,,,46810,13:00:10,0,00:00:00,door not opened
07/08/2025,12,4109,Tuesday,Weekday,West,15649548,45600,12:40:00,45613,12:40:13,19,1849,Washington Ave & Homestead Ave (01849),2,0,10,,,46772,12:59:32,,,46788,12:59:48,16,00:00:16,doors opened
07/08/2025,12,4109,Tuesday,Weekday,West,15649548,45600,12:40:00,45613,12:40:13,18,1846,Washington Ave & Manning Blvd (01846),0,0,8,,,46746,12:59:06,,,46746,12:59:06,0,00:00:00,door not opened
07/08/2025,12,4109,Tuesday,Weekday,West,15649548,45600,12:40:00,45613,12:40:13,17,3287,Washington Ave & N. Allen St (03287),1,0,8,46800.0,13:00:00,46659,12:57:39,46800.0,13:00:00,46675,12:57:55,16,00:00:16,doors opened
07/08/2025,12,4109,Tuesday,Weekday,West,15649548,45600,12:40:00,45613,12:40:13,16,3264,Washington Ave & N. Main Ave (03264),0,0,7,,,46619,12:56:59,,,46619,12:56:59,0,00:00:00,door not opened
07/08/2025,12,4109,Tuesday,Weekday,West,15649548,45600,12:40:00,45613,12:40:13,15,1839,Washington Ave & Partridge St (01839),0,2,7,,,46455,12:54:15,,,46497,12:54:57,42,00:00:42,doors opened
07/08/2025,12,4109,Tuesday,Weekday,West,15649548,45600,12:40:00,45613,12:40:13,14,1841,Washington Ave & Ontario St (01841),0,0,9,46560.0,12:56:00,46429,12:53:49,46560.0,12:56:00,46429,12:53:49,0,00:00:00,door not opened
07/08/2025,12,4109,Tuesday,Weekday,West,15649548,45600,12:40:00,45613,12:40:13,13,1842,Washington Ave & Quail St (01842),1,0,9,,,46361,12:52:41,,,46402,12:53:22,41,00:00:41,doors opened
07/08/2025,12,4109,Tuesday,Weekday,West,15649548,45600,12:40:00,45613,12:40:13,12,1837,Washington Ave & N. Lake Ave (01837),0,0,8,,,46335,12:52:15,,,46335,12:52:15,0,00:00:00,door not opened
07/08/2025,12,4109,Tuesday,Weekday,West,15649548,45600,12:40:00,45613,12:40:13,11,1843,Washington Ave & Robin St (01843),0,2,8,,,46297,12:51:37,,,46309,12:51:49,12,00:00:12,doors opened
07/08/2025,12,4109,Tuesday,Weekday,West,15649548,45600,12:40:00,45613,12:40:13,10,12943,Washington Ave & Lexington Ave (12943),1,0,10,,,46256,12:50:56,,,46269,12:51:09,13,00:00:13,doors opened
07/08/2025,12,4109,Tuesday,Weekday,West,15649548,45600,12:40:00,45613,12:40:13,9,12942,Washington Ave & Henry Johnson Blvd (12942),2,4,9,,,46192,12:49:52,,,46226,12:50:26,34,00:00:34,doors opened
07/08/2025,12,4109,Tuesday,Weekday,West,15649548,45600,12:40:00,45613,12:40:13,8,3239,Lark/Library Station - Washington Ave & Lark St (03239),2,1,11,46140.0,12:49:00,46031,12:47:11,46140.0,12:49:00,46108,12:48:28,77,00:01:17,doors opened
07/08/2025,12,4109,Tuesday,Weekday,West,15649548,45600,12:40:00,45613,12:40:13,7,3301,Washington Ave & S. Swan St (03301),0,0,10,,,45987,12:46:27,,,45987,12:46:27,0,00:00:00,door not opened
07/08/2025,12,4109,Tuesday,Weekday,West,15649548,45600,12:40:00,45613,12:40:13,6,3250,Hawk/Capitol Station - Washington Ave & Hawk St (03250),1,0,10,,,45915,12:45:15,,,45929,12:45:29,14,00:00:14,doors opened
07/08/2025,12,4109,Tuesday,Weekday,West,15649548,45600,12:40:00,45613,12:40:13,5,10087,State St & Eagle St (10087),0,0,9,,,45891,12:44:51,,,45891,12:44:51,0,00:00:00,door not opened
07/08/2025,12,4109,Tuesday,Weekday,West,15649548,45600,12:40:00,45613,12:40:13,4,2665,State/Downtown Station - State St & Lodge St (02665),2,0,9,45840.0,12:44:00,45785,12:43:05,45840.0,12:44:00,45808,12:43:28,23,00:00:23,doors opened
07/08/2025,12,4109,Tuesday,Weekday,West,15649548,45600,12:40:00,45613,12:40:13,3,3221,State Station - N. Pearl St & Ten Eyck Plaza (03221),0,0,7,,,45747,12:42:27,,,45747,12:42:27,0,00:00:00,door not opened
07/08/2025,12,4109,Tuesday,Weekday,West,15649548,45600,12:40:00,45613,12:40:13,2,3233,N. Pearl St & Sheridan Ave (03233),0,0,7,,,45687,12:41:27,,,45687,12:41:27,0,00:00:00,door not opened
07/08/2025,12,4109,Tuesday,Weekday,West,15649548,45600,12:40:00,45613,12:40:13,1,2168,Clinton Square Station - N. Pearl St & Clinton Ave (02168),3,0,7,,,45643,12:40:43,,,45674,12:41:14,31,00:00:31,doors opened
07/08/2025,12,4109,Tuesday,Weekday,West,15649548,45600,12:40:00,45613,12:40:13,0,9018,Broadway & Orange St (09018),1,0,4,45600.0,12:40:00,45613,12:40:13,45600.0,12:40:00,45613,12:40:13,0,00:00:00,doors opened
07/08/2025,12,4114,Tuesday,Weekday,West,15649672,19800,05:30:00,20139,05:35:39,22,976,Washington Ave & Brevator St (00976),0,0,0,,,21101,05:51:41,,,21113,05:51:53,12,00:00:12,doors opened
07/08/2025,12,4114,Tuesday,Weekday,West,15649672,19800,05:30:00,20139,05:35:39,21,1959,Washington Ave & Colvin Ave (01959),0,0,0,,,21062,05:51:02,,,21073,05:51:13,11,00:00:11,doors opened
07/08/2025,12,4114,Tuesday,Weekday,West,15649672,19800,05:30:00,20139,05:35:39,20,3399,Washington Ave & Danker Ave (03399),0,0,0,,,21039,05:50:39,,,21039,05:50:39,0,00:00:00,door not opened
07/08/2025,12,4114,Tuesday,Weekday,West,15649672,19800,05:30:00,20139,05:35:39,19,1849,Washington Ave & Homestead Ave (01849),0,0,0,,,21018,05:50:18,,,21018,05:50:18,0,00:00:00,door not opened
07/08/2025,12,4114,Tuesday,Weekday,West,15649672,19800,05:30:00,20139,05:35:39,18,1846,Washington Ave & Manning Blvd (01846),0,0,0,,,20962,05:49:22,,,20998,05:49:58,36,00:00:36,doors opened
07/08/2025,12,4114,Tuesday,Weekday,West,15649672,19800,05:30:00,20139,05:35:39,17,3287,Washington Ave & N. Allen St (03287),0,0,0,20760.0,05:46:00,20909,05:48:29,20760.0,05:46:00,20933,05:48:53,24,00:00:24,doors opened
07/08/2025,12,4114,Tuesday,Weekday,West,15649672,19800,05:30:00,20139,05:35:39,16,3264,Washington Ave & N. Main Ave (03264),0,0,0,,,20882,05:48:02,,,20882,05:48:02,0,00:00:00,door not opened
07/08/2025,12,4114,Tuesday,Weekday,West,15649672,19800,05:30:00,20139,05:35:39,15,1839,Washington Ave & Partridge St (01839),0,0,0,,,20809,05:46:49,,,20809,05:46:49,0,00:00:00,door not opened
07/08/2025,12,4114,Tuesday,Weekday,West,15649672,19800,05:30:00,20139,05:35:39,14,1841,Washington Ave & Ontario St (01841),0,0,0,20520.0,05:42:00,20780,05:46:20,20520.0,05:42:00,20780,05:46:20,0,00:00:00,door not opened
07/08/2025,12,4114,Tuesday,Weekday,West,15649672,19800,05:30:00,20139,05:35:39,13,1842,Washington Ave & Quail St (01842),0,0,0,,,20740,05:45:40,,,20740,05:45:40,0,00:00:00,door not opened
07/08/2025,12,4114,Tuesday,Weekday,West,15649672,19800,05:30:00,20139,05:35:39,12,1837,Washington Ave & N. Lake Ave (01837),0,0,0,,,20717,05:45:17,,,20717,05:45:17,0,00:00:00,door not opened
07/08/2025,12,4114,Tuesday,Weekday,West,15649672,19800,05:30:00,20139,05:35:39,11,1843,Washington Ave & Robin St (01843),0,0,0,,,20676,05:44:36,,,20696,05:44:56,20,00:00:20,doors opened
07/08/2025,12,4114,Tuesday,Weekday,West,15649672,19800,05:30:00,20139,05:35:39,10,12943,Washington Ave & Lexington Ave (12943),0,0,0,,,20654,05:44:14,,,20654,05:44:14,0,00:00:00,door not opened
07/08/2025,12,4114,Tuesday,Weekday,West,15649672,19800,05:30:00,20139,05:35:39,9,12942,Washington Ave & Henry Johnson Blvd (12942),0,0,0,,,20570,05:42:50,,,20598,05:43:18,28,00:00:28,doors opened
07/08/2025,12,4114,Tuesday,Weekday,West,15649672,19800,05:30:00,20139,05:35:39,8,3239,Lark/Library Station - Washington Ave & Lark St (03239),0,0,0,20220.0,05:37:00,20459,05:40:59,20220.0,05:37:00,20513,05:41:53,54,00:00:54,doors opened
07/08/2025,12,4114,Tuesday,Weekday,West,15649672,19800,05:30:00,20139,05:35:39,7,3301,Washington Ave & S. Swan St (03301),0,0,0,,,20426,05:40:26,,,20426,05:40:26,0,00:00:00,door not opened
07/08/2025,12,4114,Tuesday,Weekday,West,15649672,19800,05:30:00,20139,05:35:39,6,3250,Hawk/Capitol Station - Washington Ave & Hawk St (03250),0,0,0,,,20387,05:39:47,,,20387,05:39:47,0,00:00:00,door not opened
07/08/2025,12,4114,Tuesday,Weekday,West,15649672,19800,05:30:00,20139,05:35:39,5,10087,State St & Eagle St (10087),0,0,0,,,20361,05:39:21,,,20361,05:39:21,0,00:00:00,door not opened
07/08/2025,12,4114,Tuesday,Weekday,West,15649672,19800,05:30:00,20139,05:35:39,4,2665,State/Downtown Station - State St & Lodge St (02665),0,0,0,19980.0,05:33:00,20217,05:36:57,19980.0,05:33:00,20241,05:37:21,24,00:00:24,doors opened
07/08/2025,12,4114,Tuesday,Weekday,West,15649672,19800,05:30:00,20139,05:35:39,3,3221,State Station - N. Pearl St & Ten Eyck Plaza (03221),0,0,0,,,20140,05:35:40,,,20194,05:36:34,54,00:00:54,doors opened
07/08/2025,12,4114,Tuesday,Weekday,West,15649672,19800,05:30:00,20139,05:35:39,0,9018,Broadway & Orange St (09018),0,0,0,19800.0,05:30:00,20139,05:35:39,19800.0,05:30:00,20139,05:35:39,0,00:00:00,door not opened
07/08/2025,12,4114,Tuesday,Weekday,West,15649672,19800,05:30:00,20139,05:35:39,27,7175,Crossgates Mall Station (07175),0,0,0,21840.0,06:04:00,21877,06:04:37,21840.0,06:04:00,21877,06:04:37,0,00:00:00,doors opened
07/08/2025,12,4114,Tuesday,Weekday,West,15649672,19800,05:30:00,20139,05:35:39,25,12891,1475 Washington Ave (12891),0,0,0,,,21483,05:58:03,,,21483,05:58:03,0,00:00:00,door not opened
07/08/2025,12,4114,Tuesday,Weekday,West,15649672,19800,05:30:00,20139,05:35:39,24,7216,SUNY Collins Circle (07216),0,0,0,21120.0,05:52:00,21321,05:55:21,21120.0,05:52:00,21338,05:55:38,17,00:00:17,doors opened
07/08/2025,12,4114,Tuesday,Weekday,West,15649672,19800,05:30:00,20139,05:35:39,23,3262,1383 Washington Ave (Fairfield Inn) (03262),0,0,0,,,21232,05:53:52,,,21232,05:53:52,0,00:00:00,door not opened
07/08/2025,12,4117,Tuesday,Weekday,West,15651684,69600,19:20:00,69594,19:19:54,17,3287,Washington Ave & N. Allen St (03287),0,0,17,70680.0,19:38:00,70543,19:35:43,70680.0,19:38:00,70543,19:35:43,0,00:00:00,door not opened
07/08/2025,12,4117,Tuesday,Weekday,West,15651684,69600,19:20:00,69594,19:19:54,16,3264,Washington Ave & N. Main Ave (03264),1,0,17,,,70434,19:33:54,,,70493,19:34:53,59,00:00:59,doors opened
07/08/2025,12,4117,Tuesday,Weekday,West,15651684,69600,19:20:00,69594,19:19:54,15,1839,Washington Ave & Partridge St (01839),2,3,16,,,70361,19:32:41,,,70388,19:33:08,27,00:00:27,doors opened
07/08/2025,12,4117,Tuesday,Weekday,West,15651684,69600,19:20:00,69594,19:19:54,14,1841,Washington Ave & Ontario St (01841),3,0,17,70500.0,19:35:00,70306,19:31:46,70500.0,19:35:00,70335,19:32:15,29,00:00:29,doors opened
07/08/2025,12,4117,Tuesday,Weekday,West,15651684,69600,19:20:00,69594,19:19:54,13,1842,Washington Ave & Quail St (01842),0,1,14,,,70240,19:30:40,,,70284,19:31:24,44,00:00:44,doors opened
07/08/2025,12,4117,Tuesday,Weekday,West,15651684,69600,19:20:00,69594,19:19:54,12,1837,Washington Ave & N. Lake Ave (01837),3,0,15,,,70190,19:29:50,,,70211,19:30:11,21,00:00:21,doors opened
07/08/2025,12,4117,Tuesday,Weekday,West,15651684,69600,19:20:00,69594,19:19:54,11,1843,Washington Ave & Robin St (01843),6,0,12,,,70143,19:29:03,,,70164,19:29:24,21,00:00:21,doors opened
07/08/2025,12,4117,Tuesday,Weekday,West,15651684,69600,19:20:00,69594,19:19:54,10,12943,Washington Ave & Lexington Ave (12943),0,2,6,,,70107,19:28:27,,,70116,19:28:36,9,00:00:09,doors opened
07/08/2025,12,4117,Tuesday,Weekday,West,15651684,69600,19:20:00,69594,19:19:54,9,12942,Washington Ave & Henry Johnson Blvd (12942),0,0,8,,,70079,19:27:59,,,70079,19:27:59,0,00:00:00,door not opened
07/08/2025,12,4117,Tuesday,Weekday,West,15651684,69600,19:20:00,69594,19:19:54,8,3239,Lark/Library Station - Washington Ave & Lark St (03239),0,1,8,70080.0,19:28:00,70022,19:27:02,70080.0,19:28:00,70040,19:27:20,18,00:00:18,doors opened
07/08/2025,12,4117,Tuesday,Weekday,West,15651684,69600,19:20:00,69594,19:19:54,7,3301,Washington Ave & S. Swan St (03301),0,0,9,,,69966,19:26:06,,,69966,19:26:06,0,00:00:00,door not opened
07/08/2025,12,4117,Tuesday,Weekday,West,15651684,69600,19:20:00,69594,19:19:54,6,3250,Hawk/Capitol Station - Washington Ave & Hawk St (03250),0,0,9,,,69942,19:25:42,,,69942,19:25:42,0,00:00:00,door not opened
07/08/2025,12,4117,Tuesday,Weekday,West,15651684,69600,19:20:00,69594,19:19:54,5,10087,State St & Eagle St (10087),1,0,9,,,69886,19:24:46,,,69904,19:25:04,18,00:00:18,doors opened
07/08/2025,12,4117,Tuesday,Weekday,West,15651684,69600,19:20:00,69594,19:19:54,27,7175,Crossgates Mall Station (07175),0,3,0,71880.0,19:58:00,71533,19:52:13,71880.0,19:58:00,71533,19:52:13,0,00:00:00,doors opened
07/08/2025,12,4117,Tuesday,Weekday,West,15651684,69600,19:20:00,69594,19:19:54,26,12828,Crossgates Commons Station (12828),0,11,3,71460.0,19:51:00,71252,19:47:32,71460.0,19:51:00,71281,19:48:01,29,00:00:29,doors opened
07/08/2025,12,4117,Tuesday,Weekday,West,15651684,69600,19:20:00,69594,19:19:54,25,12891,1475 Washington Ave (12891),0,1,14,,,71080,19:44:40,,,71094,19:44:54,14,00:00:14,doors opened
07/08/2025,12,4117,Tuesday,Weekday,West,15651684,69600,19:20:00,69594,19:19:54,24,7216,SUNY Collins Circle (07216),0,2,15,71100.0,19:45:00,70994,19:43:14,71100.0,19:45:00,71006,19:43:26,12,00:00:12,doors opened
07/08/2025,12,4117,Tuesday,Weekday,West,15651684,69600,19:20:00,69594,19:19:54,23,3262,1383 Washington Ave (Fairfield Inn) (03262),0,2,17,,,70838,19:40:38,,,70875,19:41:15,37,00:00:37,doors opened
07/08/2025,12,4117,Tuesday,Weekday,West,15651684,69600,19:20:00,69594,19:19:54,22,976,Washington Ave & Brevator St (00976),0,0,19,,,70729,19:38:49,,,70729,19:38:49,0,00:00:00,door not opened
07/08/2025,12,4117,Tuesday,Weekday,West,15651684,69600,19:20:00,69594,19:19:54,21,1959,Washington Ave & Colvin Ave (01959),3,0,19,,,70646,19:37:26,,,70709,19:38:29,63,00:01:03,doors opened
07/08/2025,12,4117,Tuesday,Weekday,West,15651684,69600,19:20:00,69594,19:19:54,20,3399,Washington Ave & Danker Ave (03399),0,0,16,,,70624,19:37:04,,,70624,19:37:04,0,00:00:00,door not opened
07/08/2025,12,4117,Tuesday,Weekday,West,15651684,69600,19:20:00,69594,19:19:54,19,1849,Washington Ave & Homestead Ave (01849),0,1,16,,,70590,19:36:30,,,70603,19:36:43,13,00:00:13,doors opened
07/08/2025,12,4117,Tuesday,Weekday,West,15651684,69600,19:20:00,69594,19:19:54,18,1846,Washington Ave & Manning Blvd (01846),0,0,17,,,70571,19:36:11,,,70571,19:36:11,0,00:00:00,door not opened
07/08/2025,12,4117,Tuesday,Weekday,West,15651684,69600,19:20:00,69594,19:19:54,4,2665,State/Downtown Station - State St & Lodge St (02665),2,0,8,69840.0,19:24:00,69811,19:23:31,69840.0,19:24:00,69832,19:23:52,21,00:00:21,doors opened
07/08/2025,12,4117,Tuesday,Weekday,West,15651684,69600,19:20:00,69594,19:19:54,3,3221,State Station - N. Pearl St & Ten Eyck Plaza (03221),1,0,6,,,69734,19:22:14,,,69786,19:23:06,52,00:00:52,doors opened
07/08/2025,12,4117,Tuesday,Weekday,West,15651684,69600,19:20:00,69594,19:19:54,2,3233,N. Pearl St & Sheridan Ave (03233),0,0,5,,,69703,19:21:43,,,69703,19:21:43,0,00:00:00,door not opened
07/08/2025,12,4117,Tuesday,Weekday,West,15651684,69600,19:20:00,69594,19:19:54,1,2168,Clinton Square Station - N. Pearl St & Clinton Ave (02168),3,0,5,,,69654,19:20:54,,,69678,19:21:18,24,00:00:24,doors opened
07/08/2025,12,4117,Tuesday,Weekday,West,15651684,69600,19:20:00,69594,19:19:54,0,9018,Broadway & Orange St (09018),2,0,2,69600.0,19:20:00,69594,19:19:54,69600.0,19:20:00,69594,19:19:54,0,00:00:00,doors opened
07/08/2025,12,4118,Tuesday,Weekday,West,15652233,73200,20:20:00,73293,20:21:33,27,7175,Crossgates Mall Station (07175),0,0,0,75300.0,20:55:00,75081,20:51:21,75300.0,20:55:00,75081,20:51:21,0,00:00:00,door not opened
07/08/2025,12,4118,Tuesday,Weekday,West,15652233,73200,20:20:00,73293,20:21:33,26,12828,Crossgates Commons Station (12828),0,2,0,74880.0,20:48:00,74860,20:47:40,74880.0,20:48:00,74874,20:47:54,14,00:00:14,doors opened
07/08/2025,12,4118,Tuesday,Weekday,West,15652233,73200,20:20:00,73293,20:21:33,25,12891,1475 Washington Ave (12891),0,0,2,,,74704,20:45:04,,,74704,20:45:04,0,00:00:00,door not opened
07/08/2025,12,4118,Tuesday,Weekday,West,15652233,73200,20:20:00,73293,20:21:33,24,7216,SUNY Collins Circle (07216),0,0,2,74580.0,20:43:00,74568,20:42:48,74580.0,20:43:00,74568,20:42:48,0,00:00:00,door not opened
07/08/2025,12,4118,Tuesday,Weekday,West,15652233,73200,20:20:00,73293,20:21:33,10,12943,Washington Ave & Lexington Ave (12943),0,0,8,,,73812,20:30:12,,,73812,20:30:12,0,00:00:00,door not opened
07/08/2025,12,4118,Tuesday,Weekday,West,15652233,73200,20:20:00,73293,20:21:33,9,12942,Washington Ave & Henry Johnson Blvd (12942),0,0,8,,,73724,20:28:44,,,73724,20:28:44,0,00:00:00,door not opened
07/08/2025,12,4118,Tuesday,Weekday,West,15652233,73200,20:20:00,73293,20:21:33,8,3239,Lark/Library Station - Washington Ave & Lark St (03239),4,1,8,73680.0,20:28:00,73619,20:26:59,73680.0,20:28:00,73679,20:27:59,60,00:01:00,doors opened
07/08/2025,12,4118,Tuesday,Weekday,West,15652233,73200,20:20:00,73293,20:21:33,7,3301,Washington Ave & S. Swan St (03301),0,0,5,,,73586,20:26:26,,,73586,20:26:26,0,00:00:00,door not opened
07/08/2025,12,4118,Tuesday,Weekday,West,15652233,73200,20:20:00,73293,20:21:33,6,3250,Hawk/Capitol Station - Washington Ave & Hawk St (03250),0,0,5,,,73555,20:25:55,,,73555,20:25:55,0,00:00:00,door not opened
07/08/2025,12,4118,Tuesday,Weekday,West,15652233,73200,20:20:00,73293,20:21:33,5,10087,State St & Eagle St (10087),0,0,5,,,73532,20:25:32,,,73532,20:25:32,0,00:00:00,door not opened
07/08/2025,12,4118,Tuesday,Weekday,West,15652233,73200,20:20:00,73293,20:21:33,4,2665,State/Downtown Station - State St & Lodge St (02665),1,0,5,73440.0,20:24:00,73433,20:23:53,73440.0,20:24:00,73452,20:24:12,19,00:00:19,doors opened
07/08/2025,12,4118,Tuesday,Weekday,West,15652233,73200,20:20:00,73293,20:21:33,3,3221,State Station - N. Pearl St & Ten Eyck Plaza (03221),0,0,4,,,73409,20:23:29,,,73409,20:23:29,0,00:00:00,door not opened
07/08/2025,12,4118,Tuesday,Weekday,West,15652233,73200,20:20:00,73293,20:21:33,2,3233,N. Pearl St & Sheridan Ave (03233),0,0,4,,,73375,20:22:55,,,73375,20:22:55,0,00:00:00,door not opened
07/08/2025,12,4118,Tuesday,Weekday,West,15652233,73200,20:20:00,73293,20:21:33,1,2168,Clinton Square Station - N. Pearl St & Clinton Ave (02168),0,0,4,,,73357,20:22:37,,,73357,20:22:37,0,00:00:00,door not opened
07/08/2025,12,4118,Tuesday,Weekday,West,15652233,73200,20:20:00,73293,20:21:33,0,9018,Broadway & Orange St (09018),4,0,4,73200.0,20:20:00,73293,20:21:33,73200.0,20:20:00,73293,20:21:33,0,00:00:00,doors opened
07/08/2025,12,4118,Tuesday,Weekday,West,15652233,73200,20:20:00,73293,20:21:33,23,3262,1383 Washington Ave (Fairfield Inn) (03262),0,1,2,,,74456,20:40:56,,,74470,20:41:10,14,00:00:14,doors opened
07/08/2025,12,4118,Tuesday,Weekday,West,15652233,73200,20:20:00,73293,20:21:33,22,976,Washington Ave & Brevator St (00976),0,0,3,,,74330,20:38:50,,,74330,20:38:50,0,00:00:00,door not opened
07/08/2025,12,4118,Tuesday,Weekday,West,15652233,73200,20:20:00,73293,20:21:33,21,1959,Washington Ave & Colvin Ave (01959),0,3,3,,,74283,20:38:03,,,74305,20:38:25,22,00:00:22,doors opened
07/08/2025,12,4118,Tuesday,Weekday,West,15652233,73200,20:20:00,73293,20:21:33,20,3399,Washington Ave & Danker Ave (03399),0,0,6,,,74258,20:37:38,,,74258,20:37:38,0,00:00:00,door not opened
07/08/2025,12,4118,Tuesday,Weekday,West,15652233,73200,20:20:00,73293,20:21:33,19,1849,Washington Ave & Homestead Ave (01849),0,0,6,,,74239,20:37:19,,,74239,20:37:19,0,00:00:00,door not opened
07/08/2025,12,4118,Tuesday,Weekday,West,15652233,73200,20:20:00,73293,20:21:33,18,1846,Washington Ave & Manning Blvd (01846),0,0,6,,,74220,20:37:00,,,74220,20:37:00,0,00:00:00,door not opened
07/08/2025,12,4118,Tuesday,Weekday,West,15652233,73200,20:20:00,73293,20:21:33,17,3287,Washington Ave & N. Allen St (03287),0,5,6,74220.0,20:37:00,74141,20:35:41,74220.0,20:37:00,74156,20:35:56,15,00:00:15,doors opened
07/08/2025,12,4118,Tuesday,Weekday,West,15652233,73200,20:20:00,73293,20:21:33,16,3264,Washington Ave & N. Main Ave (03264),1,0,11,,,74082,20:34:42,,,74102,20:35:02,20,00:00:20,doors opened
07/08/2025,12,4118,Tuesday,Weekday,West,15652233,73200,20:20:00,73293,20:21:33,15,1839,Washington Ave & Partridge St (01839),0,0,10,,,74036,20:33:56,,,74036,20:33:56,0,00:00:00,door not opened
07/08/2025,12,4118,Tuesday,Weekday,West,15652233,73200,20:20:00,73293,20:21:33,14,1841,Washington Ave & Ontario St (01841),1,0,10,74040.0,20:34:00,73964,20:32:44,74040.0,20:34:00,73999,20:33:19,35,00:00:35,doors opened
07/08/2025,12,4118,Tuesday,Weekday,West,15652233,73200,20:20:00,73293,20:21:33,13,1842,Washington Ave & Quail St (01842),1,0,9,,,73899,20:31:39,,,73941,20:32:21,42,00:00:42,doors opened
07/08/2025,12,4118,Tuesday,Weekday,West,15652233,73200,20:20:00,73293,20:21:33,12,1837,Washington Ave & N. Lake Ave (01837),0,0,8,,,73875,20:31:15,,,73875,20:31:15,0,00:00:00,door not opened
07/08/2025,12,4118,Tuesday,Weekday,West,15652233,73200,20:20:00,73293,20:21:33,11,1843,Washington Ave & Robin St (01843),0,0,8,,,73834,20:30:34,,,73834,20:30:34,0,00:00:00,door not opened
07/08/2025,12,4118,Tuesday,Weekday,West,15652236,77700,21:35:00,77799,21:36:39,17,3287,Washington Ave & N. Allen St (03287),2,1,4,78720.0,21:52:00,78641,21:50:41,78720.0,21:52:00,78663,21:51:03,22,00:00:22,doors opened
07/08/2025,12,4118,Tuesday,Weekday,West,15652236,77700,21:35:00,77799,21:36:39,16,3264,Washington Ave & N. Main Ave (03264),0,1,3,,,78580,21:49:40,,,78598,21:49:58,18,00:00:18,doors opened
07/08/2025,12,4118,Tuesday,Weekday,West,15652236,77700,21:35:00,77799,21:36:39,15,1839,Washington Ave & Partridge St (01839),0,1,4,,,78488,21:48:08,,,78502,21:48:22,14,00:00:14,doors opened
07/08/2025,12,4118,Tuesday,Weekday,West,15652236,77700,21:35:00,77799,21:36:39,14,1841,Washington Ave & Ontario St (01841),0,0,5,78540.0,21:49:00,78465,21:47:45,78540.0,21:49:00,78465,21:47:45,0,00:00:00,door not opened
07/08/2025,12,4118,Tuesday,Weekday,West,15652236,77700,21:35:00,77799,21:36:39,13,1842,Washington Ave & Quail St (01842),1,0,5,,,78408,21:46:48,,,78441,21:47:21,33,00:00:33,doors opened
07/08/2025,12,4118,Tuesday,Weekday,West,15652236,77700,21:35:00,77799,21:36:39,12,1837,Washington Ave & N. Lake Ave (01837),2,0,4,,,78334,21:45:34,,,78372,21:46:12,38,00:00:38,doors opened
07/08/2025,12,4118,Tuesday,Weekday,West,15652236,77700,21:35:00,77799,21:36:39,11,1843,Washington Ave & Robin St (01843),0,0,2,,,78307,21:45:07,,,78307,21:45:07,0,00:00:00,door not opened
07/08/2025,12,4118,Tuesday,Weekday,West,15652236,77700,21:35:00,77799,21:36:39,10,12943,Washington Ave & Lexington Ave (12943),0,0,2,,,78280,21:44:40,,,78280,21:44:40,0,00:00:00,door not opened
07/08/2025,12,4118,Tuesday,Weekday,West,15652236,77700,21:35:00,77799,21:36:39,9,12942,Washington Ave & Henry Johnson Blvd (12942),0,3,2,,,78239,21:43:59,,,78251,21:44:11,12,00:00:12,doors opened
07/08/2025,12,4118,Tuesday,Weekday,West,15652236,77700,21:35:00,77799,21:36:39,8,3239,Lark/Library Station - Washington Ave & Lark St (03239),1,0,5,78180.0,21:43:00,78179,21:42:59,78180.0,21:43:00,78192,21:43:12,13,00:00:13,doors opened
07/08/2025,12,4118,Tuesday,Weekday,West,15652236,77700,21:35:00,77799,21:36:39,7,3301,Washington Ave & S. Swan St (03301),0,0,4,,,78136,21:42:16,,,78136,21:42:16,0,00:00:00,door not opened
07/08/2025,12,4118,Tuesday,Weekday,West,15652236,77700,21:35:00,77799,21:36:39,6,3250,Hawk/Capitol Station - Washington Ave & Hawk St (03250),0,0,4,,,78116,21:41:56,,,78116,21:41:56,0,00:00:00,door not opened
07/08/2025,12,4118,Tuesday,Weekday,West,15652236,77700,21:35:00,77799,21:36:39,5,10087,State St & Eagle St (10087),0,0,4,,,78080,21:41:20,,,78092,21:41:32,12,00:00:12,door not opened
07/08/2025,12,4118,Tuesday,Weekday,West,15652236,77700,21:35:00,77799,21:36:39,3,3221,State Station - N. Pearl St & Ten Eyck Plaza (03221),2,0,4,,,77928,21:38:48,,,77961,21:39:21,33,00:00:33,doors opened
07/08/2025,12,4118,Tuesday,Weekday,West,15652236,77700,21:35:00,77799,21:36:39,2,3233,N. Pearl St & Sheridan Ave (03233),0,0,2,,,77889,21:38:09,,,77889,21:38:09,0,00:00:00,door not opened
07/08/2025,12,4118,Tuesday,Weekday,West,15652236,77700,21:35:00,77799,21:36:39,1,2168,Clinton Square Station - N. Pearl St & Clinton Ave (02168),0,0,2,,,77848,21:37:28,,,77848,21:37:28,0,00:00:00,door not opened
07/08/2025,12,4118,Tuesday,Weekday,West,15652236,77700,21:35:00,77799,21:36:39,0,9018,Broadway & Orange St (09018),2,0,2,77700.0,21:35:00,77799,21:36:39,77700.0,21:35:00,77799,21:36:39,0,00:00:00,doors opened
07/08/2025,12,4118,Tuesday,Weekday,West,15652236,77700,21:35:00,77799,21:36:39,27,7175,Crossgates Mall Station (07175),0,0,0,79800.0,22:10:00,79872,22:11:12,79800.0,22:10:00,79872,22:11:12,0,00:00:00,door not opened
07/08/2025,12,4118,Tuesday,Weekday,West,15652236,77700,21:35:00,77799,21:36:39,26,12828,Crossgates Commons Station (12828),0,2,0,79380.0,22:03:00,79581,22:06:21,79380.0,22:03:00,79601,22:06:41,20,00:00:20,doors opened
07/08/2025,12,4118,Tuesday,Weekday,West,15652236,77700,21:35:00,77799,21:36:39,25,12891,1475 Washington Ave (12891),0,1,2,,,79379,22:02:59,,,79386,22:03:06,7,00:00:07,doors opened
07/08/2025,12,4118,Tuesday,Weekday,West,15652236,77700,21:35:00,77799,21:36:39,24,7216,SUNY Collins Circle (07216),0,0,3,79080.0,21:58:00,79151,21:59:11,79080.0,21:58:00,79151,21:59:11,0,00:00:00,door not opened
07/08/2025,12,4118,Tuesday,Weekday,West,15652236,77700,21:35:00,77799,21:36:39,23,3262,1383 Washington Ave (Fairfield Inn) (03262),0,1,3,,,79050,21:57:30,,,79066,21:57:46,16,00:00:16,doors opened
07/08/2025,12,4118,Tuesday,Weekday,West,15652236,77700,21:35:00,77799,21:36:39,22,976,Washington Ave & Brevator St (00976),0,0,4,,,78907,21:55:07,,,78907,21:55:07,0,00:00:00,door not opened
07/08/2025,12,4118,Tuesday,Weekday,West,15652236,77700,21:35:00,77799,21:36:39,21,1959,Washington Ave & Colvin Ave (01959),1,0,4,,,78830,21:53:50,,,78886,21:54:46,56,00:00:56,doors opened
07/08/2025,12,4118,Tuesday,Weekday,West,15652236,77700,21:35:00,77799,21:36:39,20,3399,Washington Ave & Danker Ave (03399),0,1,3,,,78789,21:53:09,,,78803,21:53:23,14,00:00:14,doors opened
07/08/2025,12,4118,Tuesday,Weekday,West,15652236,77700,21:35:00,77799,21:36:39,19,1849,Washington Ave & Homestead Ave (01849),0,0,4,,,78768,21:52:48,,,78768,21:52:48,0,00:00:00,door not opened
07/08/2025,12,4118,Tuesday,Weekday,West,15652236,77700,21:35:00,77799,21:36:39,18,1846,Washington Ave & Manning Blvd (01846),0,0,4,,,78738,21:52:18,,,78738,21:52:18,0,00:00:00,door not opened
07/08/2025,12,4118,Tuesday,Weekday,East,15652239,80700,22:25:00,80967,22:29:27,24,3940,Broadway & Steuben St (03940),0,0,0,82500.0,22:55:00,82854,23:00:54,82500.0,22:55:00,82854,23:00:54,0,00:00:00,door not opened
07/08/2025,12,4118,Tuesday,Weekday,East,15652239,80700,22:25:00,80967,22:29:27,23,2509,State/Downtown Station - State St & S. Pearl St (02509),0,5,0,82380.0,22:53:00,82744,22:59:04,82380.0,22:53:00,82744,22:59:04,0,00:00:00,door not opened
07/08/2025,12,4118,Tuesday,Weekday,East,15652239,80700,22:25:00,80967,22:29:27,22,1787,State St & Eagle St (01787),0,1,5,,,82666,22:57:46,,,82679,22:57:59,13,00:00:13,doors opened
07/08/2025,12,4118,Tuesday,Weekday,East,15652239,80700,22:25:00,80967,22:29:27,21,2706,Hawk/Capitol Station - Washington Ave & Hawk St (02706),0,0,6,,,82569,22:56:09,,,82569,22:56:09,0,00:00:00,door not opened
07/08/2025,12,4118,Tuesday,Weekday,East,15652239,80700,22:25:00,80967,22:29:27,20,1789,Washington Ave & S. Swan St (01789),0,0,6,,,82551,22:55:51,,,82551,22:55:51,0,00:00:00,door not opened
07/08/2025,12,4118,Tuesday,Weekday,East,15652239,80700,22:25:00,80967,22:29:27,19,1788,Washington Ave & Dove St (01788),0,0,6,,,82494,22:54:54,,,82494,22:54:54,0,00:00:00,door not opened
07/08/2025,12,4118,Tuesday,Weekday,East,15652239,80700,22:25:00,80967,22:29:27,18,2663,Lark/Library Station - Washington Ave & Lark St (02663),0,0,6,82140.0,22:49:00,82448,22:54:08,82140.0,22:49:00,82448,22:54:08,0,00:00:00,door not opened
07/08/2025,12,4118,Tuesday,Weekday,East,15652239,80700,22:25:00,80967,22:29:27,17,263,Washington Ave & Henry Johnson Blvd (00263),0,3,6,,,82389,22:53:09,,,82389,22:53:09,0,00:00:00,door not opened
07/08/2025,12,4118,Tuesday,Weekday,East,15652239,80700,22:25:00,80967,22:29:27,16,2096,Washington Ave & Lexington Ave (02096),0,0,9,,,82363,22:52:43,,,82363,22:52:43,0,00:00:00,door not opened
07/08/2025,12,4118,Tuesday,Weekday,East,15652239,80700,22:25:00,80967,22:29:27,15,3253,Washington Ave & Robin St (Draper Hall) (03253),0,0,9,,,82316,22:51:56,,,82316,22:51:56,0,00:00:00,door not opened
07/08/2025,12,4118,Tuesday,Weekday,East,15652239,80700,22:25:00,80967,22:29:27,14,2109,Washington Ave & N. Lake Ave (02109),0,0,9,,,82286,22:51:26,,,82286,22:51:26,0,00:00:00,door not opened
07/08/2025,12,4118,Tuesday,Weekday,East,15652239,80700,22:25:00,80967,22:29:27,13,3255,Washington Ave & Quail St (03255),0,0,9,,,82236,22:50:36,,,82236,22:50:36,0,00:00:00,door not opened
07/08/2025,12,4118,Tuesday,Weekday,East,15652239,80700,22:25:00,80967,22:29:27,12,3256,Washington Ave & Ontario St (03256),1,1,9,81840.0,22:44:00,82180,22:49:40,81840.0,22:44:00,82180,22:49:40,0,00:00:00,door not opened
07/08/2025,12,4118,Tuesday,Weekday,East,15652239,80700,22:25:00,80967,22:29:27,11,2107,Washington Ave & Partridge St (02107),0,1,9,,,82143,22:49:03,,,82143,22:49:03,0,00:00:00,door not opened
07/08/2025,12,4118,Tuesday,Weekday,East,15652239,80700,22:25:00,80967,22:29:27,10,3257,Washington Ave & N. Main Ave (03257),0,0,10,,,82086,22:48:06,,,82086,22:48:06,0,00:00:00,door not opened
07/08/2025,12,4118,Tuesday,Weekday,East,15652239,80700,22:25:00,80967,22:29:27,9,1796,Washington Ave & N. Allen St (01796),0,1,10,81660.0,22:41:00,82032,22:47:12,81660.0,22:41:00,82032,22:47:12,0,00:00:00,door not opened
07/08/2025,12,4118,Tuesday,Weekday,East,15652239,80700,22:25:00,80967,22:29:27,8,11581,Washington Ave & Manning Blvd (11581),0,2,11,,,81986,22:46:26,,,81986,22:46:26,0,00:00:00,door not opened
07/08/2025,12,4118,Tuesday,Weekday,East,15652239,80700,22:25:00,80967,22:29:27,7,2180,Washington Ave & Homestead Ave (02180),0,2,13,,,81949,22:45:49,,,81949,22:45:49,0,00:00:00,door not opened
07/08/2025,12,4118,Tuesday,Weekday,East,15652239,80700,22:25:00,80967,22:29:27,6,2182,Washington Ave & Hawthorne St (02182),0,0,15,,,81923,22:45:23,,,81923,22:45:23,0,00:00:00,door not opened
07/08/2025,12,4118,Tuesday,Weekday,East,15652239,80700,22:25:00,80967,22:29:27,5,3304,Washington Ave & Clermont St (03304),0,0,15,,,81907,22:45:07,,,81907,22:45:07,0,00:00:00,door not opened
07/08/2025,12,4118,Tuesday,Weekday,East,15652239,80700,22:25:00,80967,22:29:27,4,3348,Washington Ave & Brevator St (03348),0,0,15,,,81891,22:44:51,,,81891,22:44:51,0,00:00:00,door not opened
07/08/2025,12,4118,Tuesday,Weekday,East,15652239,80700,22:25:00,80967,22:29:27,3,10134,Washington Ave & SUNY Exit Rd (10134),0,1,15,,,81732,22:42:12,,,81750,22:42:30,18,00:00:18,doors opened
07/08/2025,12,4118,Tuesday,Weekday,East,15652239,80700,22:25:00,80967,22:29:27,2,7216,SUNY Collins Circle (07216),1,1,16,81240.0,22:34:00,81611,22:40:11,81240.0,22:34:00,81627,22:40:27,16,00:00:16,doors opened
07/08/2025,12,4118,Tuesday,Weekday,East,15652239,80700,22:25:00,80967,22:29:27,1,12827,Crossgates Commons Station (12827),14,0,16,80940.0,22:29:00,81236,22:33:56,80940.0,22:29:00,81335,22:35:35,99,00:01:39,doors opened
07/08/2025,12,4118,Tuesday,Weekday,East,15652239,80700,22:25:00,80967,22:29:27,0,7175,Crossgates Mall Station (07175),2,0,2,80700.0,22:25:00,80967,22:29:27,80700.0,22:25:00,80967,22:29:27,0,00:00:00,doors opened
07/08/2025,12,4118,Tuesday,Weekday,West,15652344,83100,23:05:00,83284,23:08:04,8,3239,Lark/Library Station - Washington Ave & Lark St (03239),0,0,2,83460.0,23:11:00,83679,23:14:39,83460.0,23:11:00,83679,23:14:39,0,00:00:00,door not opened
07/08/2025,12,4118,Tuesday,Weekday,West,15652344,83100,23:05:00,83284,23:08:04,7,3301,Washington Ave & S. Swan St (03301),0,2,2,,,83614,23:13:34,,,83614,23:13:34,0,00:00:00,door not opened
07/08/2025,12,4118,Tuesday,Weekday,West,15652344,83100,23:05:00,83284,23:08:04,6,3250,Hawk/Capitol Station - Washington Ave & Hawk St (03250),0,0,4,,,83596,23:13:16,,,83596,23:13:16,0,00:00:00,door not opened
07/08/2025,12,4118,Tuesday,Weekday,West,15652344,83100,23:05:00,83284,23:08:04,5,10087,State St & Eagle St (10087),0,0,4,,,83573,23:12:53,,,83573,23:12:53,0,00:00:00,door not opened
07/08/2025,12,4118,Tuesday,Weekday,West,15652344,83100,23:05:00,83284,23:08:04,4,2665,State/Downtown Station - State St & Lodge St (02665),0,0,4,83280.0,23:08:00,83517,23:11:57,83280.0,23:08:00,83517,23:11:57,0,00:00:00,door not opened
07/08/2025,12,4118,Tuesday,Weekday,West,15652344,83100,23:05:00,83284,23:08:04,3,3221,State Station - N. Pearl St & Ten Eyck Plaza (03221),1,0,4,,,83480,23:11:20,,,83480,23:11:20,0,00:00:00,door not opened
07/08/2025,12,4118,Tuesday,Weekday,West,15652344,83100,23:05:00,83284,23:08:04,2,3233,N. Pearl St & Sheridan Ave (03233),0,0,3,,,83412,23:10:12,,,83412,23:10:12,0,00:00:00,door not opened
07/08/2025,12,4118,Tuesday,Weekday,West,15652344,83100,23:05:00,83284,23:08:04,1,2168,Clinton Square Station - N. Pearl St & Clinton Ave (02168),1,0,3,,,83352,23:09:12,,,83352,23:09:12,0,00:00:00,door not opened
07/08/2025,12,4118,Tuesday,Weekday,West,15652344,83100,23:05:00,83284,23:08:04,0,9018,Broadway & Orange St (09018),0,0,2,83100.0,23:05:00,83284,23:08:04,83100.0,23:05:00,83284,23:08:04,0,00:00:00,door not opened
07/08/2025,12,4118,Tuesday,Weekday,West,15652344,83100,23:05:00,83284,23:08:04,27,7175,Crossgates Mall Station (07175),0,0,0,84900.0,23:35:00,84996,23:36:36,84900.0,23:35:00,84996,23:36:36,0,00:00:00,door not opened
07/08/2025,12,4118,Tuesday,Weekday,West,15652344,83100,23:05:00,83284,23:08:04,25,12891,1475 Washington Ave (12891),0,1,0,,,84568,23:29:28,,,84581,23:29:41,13,00:00:13,doors opened
07/08/2025,12,4118,Tuesday,Weekday,West,15652344,83100,23:05:00,83284,23:08:04,24,7216,SUNY Collins Circle (07216),0,0,1,84300.0,23:25:00,84459,23:27:39,84300.0,23:25:00,84459,23:27:39,0,00:00:00,door not opened
07/08/2025,12,4118,Tuesday,Weekday,West,15652344,83100,23:05:00,83284,23:08:04,23,3262,1383 Washington Ave (Fairfield Inn) (03262),0,1,1,,,84335,23:25:35,,,84351,23:25:51,16,00:00:16,doors opened
07/08/2025,12,4118,Tuesday,Weekday,West,15652344,83100,23:05:00,83284,23:08:04,22,976,Washington Ave & Brevator St (00976),0,0,2,,,84244,23:24:04,,,84244,23:24:04,0,00:00:00,door not opened
07/08/2025,12,4118,Tuesday,Weekday,West,15652344,83100,23:05:00,83284,23:08:04,21,1959,Washington Ave & Colvin Ave (01959),0,0,2,,,84227,23:23:47,,,84227,23:23:47,0,00:00:00,door not opened
07/08/2025,12,4118,Tuesday,Weekday,West,15652344,83100,23:05:00,83284,23:08:04,20,3399,Washington Ave & Danker Ave (03399),1,0,2,,,84175,23:22:55,,,84175,23:22:55,0,00:00:00,door not opened
07/08/2025,12,4118,Tuesday,Weekday,West,15652344,83100,23:05:00,83284,23:08:04,19,1849,Washington Ave & Homestead Ave (01849),0,0,1,,,84153,23:22:33,,,84153,23:22:33,0,00:00:00,door not opened
07/08/2025,12,4118,Tuesday,Weekday,West,15652344,83100,23:05:00,83284,23:08:04,18,1846,Washington Ave & Manning Blvd (01846),0,0,1,,,84136,23:22:16,,,84136,23:22:16,0,00:00:00,door not opened
07/08/2025,12,4118,Tuesday,Weekday,West,15652344,83100,23:05:00,83284,23:08:04,17,3287,Washington Ave & N. Allen St (03287),0,0,1,83940.0,23:19:00,84058,23:20:58,83940.0,23:19:00,84058,23:20:58,0,00:00:00,door not opened
07/08/2025,12,4118,Tuesday,Weekday,West,15652344,83100,23:05:00,83284,23:08:04,16,3264,Washington Ave & N. Main Ave (03264),0,1,1,,,84011,23:20:11,,,84011,23:20:11,0,00:00:00,door not opened
07/08/2025,12,4118,Tuesday,Weekday,West,15652344,83100,23:05:00,83284,23:08:04,15,1839,Washington Ave & Partridge St (01839),0,0,2,,,83923,23:18:43,,,83923,23:18:43,0,00:00:00,door not opened
07/08/2025,12,4118,Tuesday,Weekday,West,15652344,83100,23:05:00,83284,23:08:04,14,1841,Washington Ave & Ontario St (01841),1,0,2,83760.0,23:16:00,83873,23:17:53,83760.0,23:16:00,83873,23:17:53,0,00:00:00,door not opened
07/08/2025,12,4118,Tuesday,Weekday,West,15652344,83100,23:05:00,83284,23:08:04,13,1842,Washington Ave & Quail St (01842),0,0,1,,,83855,23:17:35,,,83855,23:17:35,0,00:00:00,door not opened
07/08/2025,12,4118,Tuesday,Weekday,West,15652344,83100,23:05:00,83284,23:08:04,12,1837,Washington Ave & N. Lake Ave (01837),0,0,1,,,83790,23:16:30,,,83790,23:16:30,0,00:00:00,door not opened
07/08/2025,12,4118,Tuesday,Weekday,West,15652344,83100,23:05:00,83284,23:08:04,11,1843,Washington Ave & Robin St (01843),0,1,1,,,83753,23:15:53,,,83753,23:15:53,0,00:00:00,door not opened
07/08/2025,12,4118,Tuesday,Weekday,West,15652344,83100,23:05:00,83284,23:08:04,10,12943,Washington Ave & Lexington Ave (12943),0,0,2,,,83732,23:15:32,,,83732,23:15:32,0,00:00:00,door not opened
07/08/2025,12,4118,Tuesday,Weekday,West,15652344,83100,23:05:00,83284,23:08:04,9,12942,Washington Ave & Henry Johnson Blvd (12942),0,0,2,,,83712,23:15:12,,,83712,23:15:12,0,00:00:00,door not opened
07/08/2025,12,4118,Tuesday,Weekday,East,15652347,86100,23:55:00,86358,23:59:18,15,3253,Washington Ave & Robin St (Draper Hall) (03253),0,0,2,,,87582,24:19:42,,,87582,24:19:42,0,00:00:00,door not opened
07/08/2025,12,4118,Tuesday,Weekday,East,15652347,86100,23:55:00,86358,23:59:18,14,2109,Washington Ave & N. Lake Ave (02109),0,0,2,,,87556,24:19:16,,,87556,24:19:16,0,00:00:00,door not opened
07/08/2025,12,4118,Tuesday,Weekday,East,15652347,86100,23:55:00,86358,23:59:18,13,3255,Washington Ave & Quail St (03255),0,1,2,,,87443,24:17:23,,,87501,24:18:21,58,00:00:58,doors opened
07/08/2025,12,4118,Tuesday,Weekday,East,15652347,86100,23:55:00,86358,23:59:18,12,3256,Washington Ave & Ontario St (03256),0,0,3,87180.0,24:13:00,87428,24:17:08,87180.0,24:13:00,87428,24:17:08,0,00:00:00,door not opened
07/08/2025,12,4118,Tuesday,Weekday,East,15652347,86100,23:55:00,86358,23:59:18,11,2107,Washington Ave & Partridge St (02107),0,0,3,,,87411,24:16:51,,,87411,24:16:51,0,00:00:00,door not opened
07/08/2025,12,4118,Tuesday,Weekday,East,15652347,86100,23:55:00,86358,23:59:18,10,3257,Washington Ave & N. Main Ave (03257),0,0,3,,,87355,24:15:55,,,87355,24:15:55,0,00:00:00,door not opened
07/08/2025,12,4118,Tuesday,Weekday,East,15652347,86100,23:55:00,86358,23:59:18,9,1796,Washington Ave & N. Allen St (01796),0,1,3,87060.0,24:11:00,87269,24:14:29,87060.0,24:11:00,87287,24:14:47,18,00:00:18,doors opened
07/08/2025,12,4118,Tuesday,Weekday,East,15652347,86100,23:55:00,86358,23:59:18,8,11581,Washington Ave & Manning Blvd (11581),0,1,4,,,87188,24:13:08,,,87236,24:13:56,48,00:00:48,doors opened
07/08/2025,12,4118,Tuesday,Weekday,East,15652347,86100,23:55:00,86358,23:59:18,5,3304,Washington Ave & Clermont St (03304),0,0,5,,,87177,24:12:57,,,87177,24:12:57,0,00:00:00,door not opened
07/08/2025,12,4118,Tuesday,Weekday,East,15652347,86100,23:55:00,86358,23:59:18,4,3348,Washington Ave & Brevator St (03348),0,0,5,,,87161,24:12:41,,,87161,24:12:41,0,00:00:00,door not opened
07/08/2025,12,4118,Tuesday,Weekday,East,15652347,86100,23:55:00,86358,23:59:18,3,10134,Washington Ave & SUNY Exit Rd (10134),1,1,5,,,86991,24:09:51,,,87018,24:10:18,27,00:00:27,doors opened
07/08/2025,12,4118,Tuesday,Weekday,East,15652347,86100,23:55:00,86358,23:59:18,24,3940,Broadway & Steuben St (03940),0,0,0,87840.0,24:24:00,87973,24:26:13,87840.0,24:24:00,87973,24:26:13,0,00:00:00,door not opened
07/08/2025,12,4118,Tuesday,Weekday,East,15652347,86100,23:55:00,86358,23:59:18,23,2509,State/Downtown Station - State St & S. Pearl St (02509),0,2,0,87720.0,24:22:00,87888,24:24:48,87720.0,24:22:00,87917,24:25:17,29,00:00:29,doors opened
07/08/2025,12,4118,Tuesday,Weekday,East,15652347,86100,23:55:00,86358,23:59:18,22,1787,State St & Eagle St (01787),0,0,2,,,87870,24:24:30,,,87870,24:24:30,0,00:00:00,door not opened
07/08/2025,12,4118,Tuesday,Weekday,East,15652347,86100,23:55:00,86358,23:59:18,21,2706,Hawk/Capitol Station - Washington Ave & Hawk St (02706),0,0,2,,,87753,24:22:33,,,87753,24:22:33,0,00:00:00,door not opened
07/08/2025,12,4118,Tuesday,Weekday,East,15652347,86100,23:55:00,86358,23:59:18,20,1789,Washington Ave & S. Swan St (01789),0,0,2,,,87740,24:22:20,,,87740,24:22:20,0,00:00:00,door not opened
07/08/2025,12,4118,Tuesday,Weekday,East,15652347,86100,23:55:00,86358,23:59:18,19,1788,Washington Ave & Dove St (01788),0,0,2,,,87722,24:22:02,,,87722,24:22:02,0,00:00:00,door not opened
07/08/2025,12,4118,Tuesday,Weekday,East,15652347,86100,23:55:00,86358,23:59:18,18,2663,Lark/Library Station - Washington Ave & Lark St (02663),0,0,2,87480.0,24:18:00,87695,24:21:35,87480.0,24:18:00,87695,24:21:35,0,00:00:00,door not opened
07/08/2025,12,4118,Tuesday,Weekday,East,15652347,86100,23:55:00,86358,23:59:18,17,263,Washington Ave & Henry Johnson Blvd (00263),0,0,2,,,87657,24:20:57,,,87657,24:20:57,0,00:00:00,door not opened
07/08/2025,12,4118,Tuesday,Weekday,East,15652347,86100,23:55:00,86358,23:59:18,16,2096,Washington Ave & Lexington Ave (02096),0,0,2,,,87609,24:20:09,,,87609,24:20:09,0,00:00:00,door not opened
07/08/2025,12,4118,Tuesday,Weekday,East,15652347,86100,23:55:00,86358,23:59:18,2,7216,SUNY Collins Circle (07216),0,0,5,86640.0,24:04:00,86935,24:08:55,86640.0,24:04:00,86952,24:09:12,17,00:00:17,door not opened
07/08/2025,12,4118,Tuesday,Weekday,East,15652347,86100,23:55:00,86358,23:59:18,1,12827,Crossgates Commons Station (12827),3,0,5,86340.0,23:59:00,86925,24:08:45,86340.0,23:59:00,86935,24:08:55,10,00:00:10,door not opened
07/08/2025,12,4118,Tuesday,Weekday,East,15652347,86100,23:55:00,86358,23:59:18,0,7175,Crossgates Mall Station (07175),1,0,2,86100.0,23:55:00,86358,23:59:18,86100.0,23:55:00,86358,23:59:18,0,00:00:00,doors opened
07/08/2025,12,4122,Tuesday,Weekday,East,15650423,47700,13:15:00,47696,13:14:56,8,11581,Washington Ave & Manning Blvd (11581),0,0,16,,,48840,13:34:00,,,48840,13:34:00,0,00:00:00,door not opened
07/08/2025,12,4122,Tuesday,Weekday,East,15650423,47700,13:15:00,47696,13:14:56,7,2180,Washington Ave & Homestead Ave (02180),0,2,16,,,48794,13:33:14,,,48808,13:33:28,14,00:00:14,doors opened
07/08/2025,12,4122,Tuesday,Weekday,East,15650423,47700,13:15:00,47696,13:14:56,6,2182,Washington Ave & Hawthorne St (02182),0,0,18,,,48771,13:32:51,,,48771,13:32:51,0,00:00:00,door not opened
07/08/2025,12,4122,Tuesday,Weekday,East,15650423,47700,13:15:00,47696,13:14:56,5,3304,Washington Ave & Clermont St (03304),0,0,18,,,48745,13:32:25,,,48745,13:32:25,0,00:00:00,door not opened
07/08/2025,12,4122,Tuesday,Weekday,East,15650423,47700,13:15:00,47696,13:14:56,4,3348,Washington Ave & Brevator St (03348),1,0,18,,,48706,13:31:46,,,48722,13:32:02,16,00:00:16,doors opened
07/08/2025,12,4122,Tuesday,Weekday,East,15650423,47700,13:15:00,47696,13:14:56,3,10134,Washington Ave & SUNY Exit Rd (10134),2,0,17,,,48529,13:28:49,,,48574,13:29:34,45,00:00:45,doors opened
07/08/2025,12,4122,Tuesday,Weekday,East,15650423,47700,13:15:00,47696,13:14:56,2,7216,SUNY Collins Circle (07216),1,0,15,48300.0,13:25:00,48417,13:26:57,48300.0,13:25:00,48431,13:27:11,14,00:00:14,doors opened
07/08/2025,12,4122,Tuesday,Weekday,East,15650423,47700,13:15:00,47696,13:14:56,1,12827,Crossgates Commons Station (12827),14,5,14,48000.0,13:20:00,47991,13:19:51,48000.0,13:20:00,48128,13:22:08,137,00:02:17,doors opened
07/08/2025,12,4122,Tuesday,Weekday,East,15650423,47700,13:15:00,47696,13:14:56,0,7175,Crossgates Mall Station (07175),5,0,5,47700.0,13:15:00,47696,13:14:56,47700.0,13:15:00,47696,13:14:56,0,00:00:00,doors opened
07/08/2025,12,4122,Tuesday,Weekday,East,15650423,47700,13:15:00,47696,13:14:56,24,3940,Broadway & Steuben St (03940),0,0,0,49860.0,13:51:00,49921,13:52:01,49860.0,13:51:00,49921,13:52:01,0,00:00:00,door not opened
07/08/2025,12,4122,Tuesday,Weekday,East,15650423,47700,13:15:00,47696,13:14:56,23,2509,State/Downtown Station - State St & S. Pearl St (02509),0,2,0,49680.0,13:48:00,49715,13:48:35,49680.0,13:48:00,49803,13:50:03,88,00:01:28,doors opened
07/08/2025,12,4122,Tuesday,Weekday,East,15650423,47700,13:15:00,47696,13:14:56,22,1787,State St & Eagle St (01787),0,0,2,,,49694,13:48:14,,,49694,13:48:14,0,00:00:00,door not opened
07/08/2025,12,4122,Tuesday,Weekday,East,15650423,47700,13:15:00,47696,13:14:56,21,2706,Hawk/Capitol Station - Washington Ave & Hawk St (02706),0,0,2,,,49659,13:47:39,,,49659,13:47:39,0,00:00:00,door not opened
07/08/2025,12,4122,Tuesday,Weekday,East,15650423,47700,13:15:00,47696,13:14:56,20,1789,Washington Ave & S. Swan St (01789),0,0,2,,,49639,13:47:19,,,49639,13:47:19,0,00:00:00,door not opened
07/08/2025,12,4122,Tuesday,Weekday,East,15650423,47700,13:15:00,47696,13:14:56,19,1788,Washington Ave & Dove St (01788),0,1,2,,,49575,13:46:15,,,49604,13:46:44,29,00:00:29,doors opened
07/08/2025,12,4122,Tuesday,Weekday,East,15650423,47700,13:15:00,47696,13:14:56,18,2663,Lark/Library Station - Washington Ave & Lark St (02663),0,2,3,49380.0,13:43:00,49475,13:44:35,49380.0,13:43:00,49549,13:45:49,74,00:01:14,doors opened
07/08/2025,12,4122,Tuesday,Weekday,East,15650423,47700,13:15:00,47696,13:14:56,17,263,Washington Ave & Henry Johnson Blvd (00263),0,1,5,,,49367,13:42:47,,,49427,13:43:47,60,00:01:00,doors opened
07/08/2025,12,4122,Tuesday,Weekday,East,15650423,47700,13:15:00,47696,13:14:56,16,2096,Washington Ave & Lexington Ave (02096),0,0,6,,,49339,13:42:19,,,49339,13:42:19,0,00:00:00,door not opened
07/08/2025,12,4122,Tuesday,Weekday,East,15650423,47700,13:15:00,47696,13:14:56,15,3253,Washington Ave & Robin St (Draper Hall) (03253),0,0,6,,,49262,13:41:02,,,49262,13:41:02,0,00:00:00,door not opened
07/08/2025,12,4122,Tuesday,Weekday,East,15650423,47700,13:15:00,47696,13:14:56,14,2109,Washington Ave & N. Lake Ave (02109),0,1,6,,,49191,13:39:51,,,49214,13:40:14,23,00:00:23,doors opened
07/08/2025,12,4122,Tuesday,Weekday,East,15650423,47700,13:15:00,47696,13:14:56,13,3255,Washington Ave & Quail St (03255),0,4,7,,,49120,13:38:40,,,49163,13:39:23,43,00:00:43,doors opened
07/08/2025,12,4122,Tuesday,Weekday,East,15650423,47700,13:15:00,47696,13:14:56,12,3256,Washington Ave & Ontario St (03256),1,1,11,48960.0,13:36:00,49062,13:37:42,48960.0,13:36:00,49096,13:38:16,34,00:00:34,doors opened
07/08/2025,12,4122,Tuesday,Weekday,East,15650423,47700,13:15:00,47696,13:14:56,11,2107,Washington Ave & Partridge St (02107),1,1,11,,,49020,13:37:00,,,49037,13:37:17,17,00:00:17,doors opened
07/08/2025,12,4122,Tuesday,Weekday,East,15650423,47700,13:15:00,47696,13:14:56,10,3257,Washington Ave & N. Main Ave (03257),0,3,11,,,48924,13:35:24,,,48957,13:35:57,33,00:00:33,doors opened
07/08/2025,12,4122,Tuesday,Weekday,East,15650423,47700,13:15:00,47696,13:14:56,9,1796,Washington Ave & N. Allen St (01796),0,2,14,48780.0,13:33:00,48873,13:34:33,48780.0,13:33:00,48887,13:34:47,14,00:00:14,doors opened
07/08/2025,12,4122,Tuesday,Weekday,West,15650426,50400,14:00:00,50403,14:00:03,8,3239,Lark/Library Station - Washington Ave & Lark St (03239),3,1,7,50940.0,14:09:00,50942,14:09:02,50940.0,14:09:00,51007,14:10:07,65,00:01:05,doors opened
07/08/2025,12,4122,Tuesday,Weekday,West,15650426,50400,14:00:00,50403,14:00:03,7,3301,Washington Ave & S. Swan St (03301),1,0,5,,,50796,14:06:36,,,50882,14:08:02,86,00:01:26,doors opened
07/08/2025,12,4122,Tuesday,Weekday,West,15650426,50400,14:00:00,50403,14:00:03,6,3250,Hawk/Capitol Station - Washington Ave & Hawk St (03250),0,1,4,,,50751,14:05:51,,,50769,14:06:09,18,00:00:18,doors opened
07/08/2025,12,4122,Tuesday,Weekday,West,15650426,50400,14:00:00,50403,14:00:03,5,10087,State St & Eagle St (10087),0,0,5,,,50721,14:05:21,,,50721,14:05:21,0,00:00:00,door not opened
07/08/2025,12,4122,Tuesday,Weekday,West,15650426,50400,14:00:00,50403,14:00:03,4,2665,State/Downtown Station - State St & Lodge St (02665),1,0,5,50640.0,14:04:00,50627,14:03:47,50640.0,14:04:00,50650,14:04:10,23,00:00:23,doors opened
07/08/2025,12,4122,Tuesday,Weekday,West,15650426,50400,14:00:00,50403,14:00:03,3,3221,State Station - N. Pearl St & Ten Eyck Plaza (03221),2,0,4,,,50531,14:02:11,,,50601,14:03:21,70,00:01:10,doors opened
07/08/2025,12,4122,Tuesday,Weekday,West,15650426,50400,14:00:00,50403,14:00:03,2,3233,N. Pearl St & Sheridan Ave (03233),0,0,2,,,50467,14:01:07,,,50467,14:01:07,0,00:00:00,door not opened
07/08/2025,12,4122,Tuesday,Weekday,West,15650426,50400,14:00:00,50403,14:00:03,1,2168,Clinton Square Station - N. Pearl St & Clinton Ave (02168),1,0,2,,,50413,14:00:13,,,50425,14:00:25,12,00:00:12,doors opened
07/08/2025,12,4122,Tuesday,Weekday,West,15650426,50400,14:00:00,50403,14:00:03,0,9018,Broadway & Orange St (09018),0,0,1,50400.0,14:00:00,50403,14:00:03,50400.0,14:00:00,50403,14:00:03,0,00:00:00,door not opened
07/08/2025,12,4122,Tuesday,Weekday,West,15650426,50400,14:00:00,50403,14:00:03,27,7175,Crossgates Mall Station (07175),0,6,0,52860.0,14:41:00,52781,14:39:41,52860.0,14:41:00,52781,14:39:41,0,00:00:00,doors opened
07/08/2025,12,4122,Tuesday,Weekday,West,15650426,50400,14:00:00,50403,14:00:03,26,12828,Crossgates Commons Station (12828),2,7,6,52440.0,14:34:00,52483,14:34:43,52440.0,14:34:00,52506,14:35:06,23,00:00:23,doors opened
07/08/2025,12,4122,Tuesday,Weekday,West,15650426,50400,14:00:00,50403,14:00:03,25,12891,1475 Washington Ave (12891),1,1,11,,,52203,14:30:03,,,52228,14:30:28,25,00:00:25,doors opened
07/08/2025,12,4122,Tuesday,Weekday,West,15650426,50400,14:00:00,50403,14:00:03,24,7216,SUNY Collins Circle (07216),1,2,11,52080.0,14:28:00,52035,14:27:15,52080.0,14:28:00,52052,14:27:32,17,00:00:17,doors opened
07/08/2025,12,4122,Tuesday,Weekday,West,15650426,50400,14:00:00,50403,14:00:03,23,3262,1383 Washington Ave (Fairfield Inn) (03262),0,0,12,,,51951,14:25:51,,,51951,14:25:51,0,00:00:00,door not opened
07/08/2025,12,4122,Tuesday,Weekday,West,15650426,50400,14:00:00,50403,14:00:03,22,976,Washington Ave & Brevator St (00976),0,0,12,,,51778,14:22:58,,,51778,14:22:58,0,00:00:00,door not opened
07/08/2025,12,4122,Tuesday,Weekday,West,15650426,50400,14:00:00,50403,14:00:03,21,1959,Washington Ave & Colvin Ave (01959),1,0,12,,,51743,14:22:23,,,51755,14:22:35,12,00:00:12,doors opened
07/08/2025,12,4122,Tuesday,Weekday,West,15650426,50400,14:00:00,50403,14:00:03,20,3399,Washington Ave & Danker Ave (03399),0,0,11,,,51681,14:21:21,,,51681,14:21:21,0,00:00:00,door not opened
07/08/2025,12,4122,Tuesday,Weekday,West,15650426,50400,14:00:00,50403,14:00:03,19,1849,Washington Ave & Homestead Ave (01849),0,1,11,,,51632,14:20:32,,,51644,14:20:44,12,00:00:12,doors opened
07/08/2025,12,4122,Tuesday,Weekday,West,15650426,50400,14:00:00,50403,14:00:03,18,1846,Washington Ave & Manning Blvd (01846),0,0,12,,,51611,14:20:11,,,51611,14:20:11,0,00:00:00,door not opened
07/08/2025,12,4122,Tuesday,Weekday,West,15650426,50400,14:00:00,50403,14:00:03,17,3287,Washington Ave & N. Allen St (03287),0,0,12,51660.0,14:21:00,51544,14:19:04,51660.0,14:21:00,51544,14:19:04,0,00:00:00,door not opened
07/08/2025,12,4122,Tuesday,Weekday,West,15650426,50400,14:00:00,50403,14:00:03,16,3264,Washington Ave & N. Main Ave (03264),1,0,12,,,51442,14:17:22,,,51463,14:17:43,21,00:00:21,doors opened
07/08/2025,12,4122,Tuesday,Weekday,West,15650426,50400,14:00:00,50403,14:00:03,15,1839,Washington Ave & Partridge St (01839),2,0,11,,,51316,14:15:16,,,51347,14:15:47,31,00:00:31,doors opened
07/08/2025,12,4122,Tuesday,Weekday,West,15650426,50400,14:00:00,50403,14:00:03,14,1841,Washington Ave & Ontario St (01841),0,0,9,51360.0,14:16:00,51296,14:14:56,51360.0,14:16:00,51296,14:14:56,0,00:00:00,door not opened
07/08/2025,12,4122,Tuesday,Weekday,West,15650426,50400,14:00:00,50403,14:00:03,13,1842,Washington Ave & Quail St (01842),1,0,9,,,51235,14:13:55,,,51262,14:14:22,27,00:00:27,doors opened
07/08/2025,12,4122,Tuesday,Weekday,West,15650426,50400,14:00:00,50403,14:00:03,12,1837,Washington Ave & N. Lake Ave (01837),0,0,8,,,51210,14:13:30,,,51210,14:13:30,0,00:00:00,door not opened
07/08/2025,12,4122,Tuesday,Weekday,West,15650426,50400,14:00:00,50403,14:00:03,11,1843,Washington Ave & Robin St (01843),0,0,8,,,51190,14:13:10,,,51190,14:13:10,0,00:00:00,door not opened
07/08/2025,12,4122,Tuesday,Weekday,West,15650426,50400,14:00:00,50403,14:00:03,10,12943,Washington Ave & Lexington Ave (12943),0,0,8,,,51162,14:12:42,,,51162,14:12:42,0,00:00:00,door not opened
07/08/2025,12,4122,Tuesday,Weekday,West,15650426,50400,14:00:00,50403,14:00:03,9,12942,Washington Ave & Henry Johnson Blvd (12942),1,0,8,,,51114,14:11:54,,,51124,14:12:04,10,00:00:10,doors opened
07/08/2025,12,4173,Tuesday,Weekday,West,15651274,68400,19:00:00,68566,19:02:46,27,7175,Crossgates Mall Station (07175),0,4,0,70680.0,19:38:00,70543,19:35:43,70680.0,19:38:00,70543,19:35:43,0,00:00:00,doors opened
07/08/2025,12,4173,Tuesday,Weekday,West,15651274,68400,19:00:00,68566,19:02:46,26,12828,Crossgates Commons Station (12828),1,5,4,70260.0,19:31:00,70284,19:31:24,70260.0,19:31:00,70310,19:31:50,26,00:00:26,doors opened
07/08/2025,12,4173,Tuesday,Weekday,West,15651274,68400,19:00:00,68566,19:02:46,25,12891,1475 Washington Ave (12891),0,0,8,,,70113,19:28:33,,,70123,19:28:43,10,00:00:10,doors opened
07/08/2025,12,4173,Tuesday,Weekday,West,15651274,68400,19:00:00,68566,19:02:46,24,7216,SUNY Collins Circle (07216),0,0,8,69900.0,19:25:00,69968,19:26:08,69900.0,19:25:00,69978,19:26:18,10,00:00:10,doors opened
07/08/2025,12,4173,Tuesday,Weekday,West,15651274,68400,19:00:00,68566,19:02:46,23,3262,1383 Washington Ave (Fairfield Inn) (03262),0,6,8,,,69848,19:24:08,,,69870,19:24:30,22,00:00:22,doors opened
07/08/2025,12,4173,Tuesday,Weekday,West,15651274,68400,19:00:00,68566,19:02:46,22,976,Washington Ave & Brevator St (00976),0,0,14,,,69753,19:22:33,,,69753,19:22:33,0,00:00:00,door not opened
07/08/2025,12,4173,Tuesday,Weekday,West,15651274,68400,19:00:00,68566,19:02:46,21,1959,Washington Ave & Colvin Ave (01959),1,0,14,,,69677,19:21:17,,,69731,19:22:11,54,00:00:54,doors opened
07/08/2025,12,4173,Tuesday,Weekday,West,15651274,68400,19:00:00,68566,19:02:46,20,3399,Washington Ave & Danker Ave (03399),0,0,13,,,69650,19:20:50,,,69650,19:20:50,0,00:00:00,door not opened
07/08/2025,12,4173,Tuesday,Weekday,West,15651274,68400,19:00:00,68566,19:02:46,19,1849,Washington Ave & Homestead Ave (01849),0,1,13,,,69619,19:20:19,,,69632,19:20:32,13,00:00:13,doors opened
07/08/2025,12,4173,Tuesday,Weekday,West,15651274,68400,19:00:00,68566,19:02:46,18,1846,Washington Ave & Manning Blvd (01846),0,0,14,,,69599,19:19:59,,,69599,19:19:59,0,00:00:00,door not opened
07/08/2025,12,4173,Tuesday,Weekday,West,15651274,68400,19:00:00,68566,19:02:46,17,3287,Washington Ave & N. Allen St (03287),2,1,14,69480.0,19:18:00,69502,19:18:22,69480.0,19:18:00,69528,19:18:48,26,00:00:26,doors opened
07/08/2025,12,4173,Tuesday,Weekday,West,15651274,68400,19:00:00,68566,19:02:46,16,3264,Washington Ave & N. Main Ave (03264),0,0,13,,,69477,19:17:57,,,69477,19:17:57,0,00:00:00,door not opened
07/08/2025,12,4173,Tuesday,Weekday,West,15651274,68400,19:00:00,68566,19:02:46,15,1839,Washington Ave & Partridge St (01839),1,0,13,,,69410,19:16:50,,,69424,19:17:04,14,00:00:14,doors opened
07/08/2025,12,4173,Tuesday,Weekday,West,15651274,68400,19:00:00,68566,19:02:46,14,1841,Washington Ave & Ontario St (01841),2,0,12,69300.0,19:15:00,69342,19:15:42,69300.0,19:15:00,69389,19:16:29,47,00:00:47,doors opened
07/08/2025,12,4173,Tuesday,Weekday,West,15651274,68400,19:00:00,68566,19:02:46,13,1842,Washington Ave & Quail St (01842),2,0,10,,,69277,19:14:37,,,69321,19:15:21,44,00:00:44,doors opened
07/08/2025,12,4173,Tuesday,Weekday,West,15651274,68400,19:00:00,68566,19:02:46,12,1837,Washington Ave & N. Lake Ave (01837),0,1,8,,,69210,19:13:30,,,69253,19:14:13,43,00:00:43,doors opened
07/08/2025,12,4173,Tuesday,Weekday,West,15651274,68400,19:00:00,68566,19:02:46,11,1843,Washington Ave & Robin St (01843),0,0,9,,,69194,19:13:14,,,69194,19:13:14,0,00:00:00,door not opened
07/08/2025,12,4173,Tuesday,Weekday,West,15651274,68400,19:00:00,68566,19:02:46,10,12943,Washington Ave & Lexington Ave (12943),0,0,9,,,69173,19:12:53,,,69173,19:12:53,0,00:00:00,door not opened
07/08/2025,12,4173,Tuesday,Weekday,West,15651274,68400,19:00:00,68566,19:02:46,9,12942,Washington Ave & Henry Johnson Blvd (12942),0,1,9,,,69121,19:12:01,,,69130,19:12:10,9,00:00:09,doors opened
07/08/2025,12,4173,Tuesday,Weekday,West,15651274,68400,19:00:00,68566,19:02:46,8,3239,Lark/Library Station - Washington Ave & Lark St (03239),1,1,10,68880.0,19:08:00,69004,19:10:04,68880.0,19:08:00,69039,19:10:39,35,00:00:35,doors opened
07/08/2025,12,4173,Tuesday,Weekday,West,15651274,68400,19:00:00,68566,19:02:46,7,3301,Washington Ave & S. Swan St (03301),2,0,10,,,68932,19:08:52,,,68967,19:09:27,35,00:00:35,doors opened
07/08/2025,12,4173,Tuesday,Weekday,West,15651274,68400,19:00:00,68566,19:02:46,6,3250,Hawk/Capitol Station - Washington Ave & Hawk St (03250),1,0,8,,,68896,19:08:16,,,68909,19:08:29,13,00:00:13,doors opened
07/08/2025,12,4173,Tuesday,Weekday,West,15651274,68400,19:00:00,68566,19:02:46,5,10087,State St & Eagle St (10087),0,0,7,,,68863,19:07:43,,,68863,19:07:43,0,00:00:00,door not opened
07/08/2025,12,4173,Tuesday,Weekday,West,15651274,68400,19:00:00,68566,19:02:46,4,2665,State/Downtown Station - State St & Lodge St (02665),3,0,7,68640.0,19:04:00,68769,19:06:09,68640.0,19:04:00,68827,19:07:07,58,00:00:58,doors opened
07/08/2025,12,4173,Tuesday,Weekday,West,15651274,68400,19:00:00,68566,19:02:46,3,3221,State Station - N. Pearl St & Ten Eyck Plaza (03221),2,0,4,,,68652,19:04:12,,,68751,19:05:51,99,00:01:39,doors opened
07/08/2025,12,4173,Tuesday,Weekday,West,15651274,68400,19:00:00,68566,19:02:46,2,3233,N. Pearl St & Sheridan Ave (03233),0,0,2,,,68622,19:03:42,,,68622,19:03:42,0,00:00:00,door not opened
07/08/2025,12,4173,Tuesday,Weekday,West,15651274,68400,19:00:00,68566,19:02:46,1,2168,Clinton Square Station - N. Pearl St & Clinton Ave (02168),0,0,2,,,68607,19:03:27,,,68607,19:03:27,0,00:00:00,door not opened
07/08/2025,12,4173,Tuesday,Weekday,West,15651274,68400,19:00:00,68566,19:02:46,0,9018,Broadway & Orange St (09018),0,0,2,68400.0,19:00:00,68566,19:02:46,68400.0,19:00:00,68566,19:02:46,0,00:00:00,door not opened
07/08/2025,12,4173,Tuesday,Weekday,West,15651278,74400,20:40:00,74622,20:43:42,27,7175,Crossgates Mall Station (07175),0,1,0,76500.0,21:15:00,76706,21:18:26,76500.0,21:15:00,76706,21:18:26,0,00:00:00,doors opened
07/08/2025,12,4173,Tuesday,Weekday,West,15651278,74400,20:40:00,74622,20:43:42,26,12828,Crossgates Commons Station (12828),0,11,1,76080.0,21:08:00,76468,21:14:28,76080.0,21:08:00,76499,21:14:59,31,00:00:31,doors opened
07/08/2025,12,4173,Tuesday,Weekday,West,15651278,74400,20:40:00,74622,20:43:42,25,12891,1475 Washington Ave (12891),0,0,12,,,76223,21:10:23,,,76223,21:10:23,0,00:00:00,door not opened
07/08/2025,12,4173,Tuesday,Weekday,West,15651278,74400,20:40:00,74622,20:43:42,24,7216,SUNY Collins Circle (07216),1,0,12,75780.0,21:03:00,76065,21:07:45,75780.0,21:03:00,76082,21:08:02,17,00:00:17,doors opened
07/08/2025,12,4173,Tuesday,Weekday,West,15651278,74400,20:40:00,74622,20:43:42,23,3262,1383 Washington Ave (Fairfield Inn) (03262),0,1,11,,,75936,21:05:36,,,75952,21:05:52,16,00:00:16,doors opened
07/08/2025,12,4173,Tuesday,Weekday,West,15651278,74400,20:40:00,74622,20:43:42,22,976,Washington Ave & Brevator St (00976),0,0,12,,,75831,21:03:51,,,75831,21:03:51,0,00:00:00,door not opened
07/08/2025,12,4173,Tuesday,Weekday,West,15651278,74400,20:40:00,74622,20:43:42,21,1959,Washington Ave & Colvin Ave (01959),0,2,12,,,75790,21:03:10,,,75808,21:03:28,18,00:00:18,doors opened
07/08/2025,12,4173,Tuesday,Weekday,West,15651278,74400,20:40:00,74622,20:43:42,20,3399,Washington Ave & Danker Ave (03399),2,0,14,,,75720,21:02:00,,,75765,21:02:45,45,00:00:45,doors opened
07/08/2025,12,4173,Tuesday,Weekday,West,15651278,74400,20:40:00,74622,20:43:42,19,1849,Washington Ave & Homestead Ave (01849),1,0,12,,,75678,21:01:18,,,75693,21:01:33,15,00:00:15,doors opened
07/08/2025,12,4173,Tuesday,Weekday,West,15651278,74400,20:40:00,74622,20:43:42,18,1846,Washington Ave & Manning Blvd (01846),0,0,11,,,75658,21:00:58,,,75658,21:00:58,0,00:00:00,door not opened
07/08/2025,12,4173,Tuesday,Weekday,West,15651278,74400,20:40:00,74622,20:43:42,17,3287,Washington Ave & N. Allen St (03287),1,0,11,75420.0,20:57:00,75564,20:59:24,75420.0,20:57:00,75581,20:59:41,17,00:00:17,doors opened
07/08/2025,12,4173,Tuesday,Weekday,West,15651278,74400,20:40:00,74622,20:43:42,16,3264,Washington Ave & N. Main Ave (03264),0,0,10,,,75536,20:58:56,,,75536,20:58:56,0,00:00:00,door not opened
07/08/2025,12,4173,Tuesday,Weekday,West,15651278,74400,20:40:00,74622,20:43:42,15,1839,Washington Ave & Partridge St (01839),2,2,10,,,75395,20:56:35,,,75416,20:56:56,21,00:00:21,doors opened
07/08/2025,12,4173,Tuesday,Weekday,West,15651278,74400,20:40:00,74622,20:43:42,14,1841,Washington Ave & Ontario St (01841),1,0,10,75240.0,20:54:00,75343,20:55:43,75240.0,20:54:00,75372,20:56:12,29,00:00:29,doors opened
07/08/2025,12,4173,Tuesday,Weekday,West,15651278,74400,20:40:00,74622,20:43:42,13,1842,Washington Ave & Quail St (01842),5,0,9,,,75278,20:54:38,,,75318,20:55:18,40,00:00:40,doors opened
07/08/2025,12,4173,Tuesday,Weekday,West,15651278,74400,20:40:00,74622,20:43:42,12,1837,Washington Ave & N. Lake Ave (01837),0,1,4,,,75231,20:53:51,,,75249,20:54:09,18,00:00:18,doors opened
07/08/2025,12,4173,Tuesday,Weekday,West,15651278,74400,20:40:00,74622,20:43:42,11,1843,Washington Ave & Robin St (01843),0,0,5,,,75208,20:53:28,,,75208,20:53:28,0,00:00:00,door not opened
07/08/2025,12,4173,Tuesday,Weekday,West,15651278,74400,20:40:00,74622,20:43:42,10,12943,Washington Ave & Lexington Ave (12943),1,0,5,,,75170,20:52:50,,,75182,20:53:02,12,00:00:12,doors opened
07/08/2025,12,4173,Tuesday,Weekday,West,15651278,74400,20:40:00,74622,20:43:42,9,12942,Washington Ave & Henry Johnson Blvd (12942),0,0,4,,,75111,20:51:51,,,75111,20:51:51,0,00:00:00,door not opened
07/08/2025,12,4173,Tuesday,Weekday,West,15651278,74400,20:40:00,74622,20:43:42,8,3239,Lark/Library Station - Washington Ave & Lark St (03239),0,2,4,74880.0,20:48:00,75004,20:50:04,74880.0,20:48:00,75048,20:50:48,44,00:00:44,doors opened
07/08/2025,12,4173,Tuesday,Weekday,West,15651278,74400,20:40:00,74622,20:43:42,7,3301,Washington Ave & S. Swan St (03301),0,0,6,,,74945,20:49:05,,,74945,20:49:05,0,00:00:00,door not opened
07/08/2025,12,4173,Tuesday,Weekday,West,15651278,74400,20:40:00,74622,20:43:42,6,3250,Hawk/Capitol Station - Washington Ave & Hawk St (03250),0,0,6,,,74875,20:47:55,,,74875,20:47:55,0,00:00:00,door not opened
07/08/2025,12,4173,Tuesday,Weekday,West,15651278,74400,20:40:00,74622,20:43:42,5,10087,State St & Eagle St (10087),0,0,6,,,74840,20:47:20,,,74840,20:47:20,0,00:00:00,door not opened
07/08/2025,12,4173,Tuesday,Weekday,West,15651278,74400,20:40:00,74622,20:43:42,4,2665,State/Downtown Station - State St & Lodge St (02665),3,0,6,74640.0,20:44:00,74768,20:46:08,74640.0,20:44:00,74804,20:46:44,36,00:00:36,doors opened
07/08/2025,12,4173,Tuesday,Weekday,West,15651278,74400,20:40:00,74622,20:43:42,3,3221,State Station - N. Pearl St & Ten Eyck Plaza (03221),0,1,3,,,74737,20:45:37,,,74744,20:45:44,7,00:00:07,doors opened
07/08/2025,12,4173,Tuesday,Weekday,West,15651278,74400,20:40:00,74622,20:43:42,2,3233,N. Pearl St & Sheridan Ave (03233),0,0,4,,,74705,20:45:05,,,74705,20:45:05,0,00:00:00,door not opened
07/08/2025,12,4173,Tuesday,Weekday,West,15651278,74400,20:40:00,74622,20:43:42,1,2168,Clinton Square Station - N. Pearl St & Clinton Ave (02168),3,0,4,,,74669,20:44:29,,,74691,20:44:51,22,00:00:22,doors opened
07/08/2025,12,4173,Tuesday,Weekday,West,15651278,74400,20:40:00,74622,20:43:42,0,9018,Broadway & Orange St (09018),0,0,1,74400.0,20:40:00,74622,20:43:42,74400.0,20:40:00,74622,20:43:42,0,00:00:00,door not opened
07/08/2025,12,4173,Tuesday,Weekday,West,15651386,79500,22:05:00,79497,22:04:57,27,7175,Crossgates Mall Station (07175),0,0,0,81540.0,22:39:00,81344,22:35:44,81540.0,22:39:00,81344,22:35:44,0,00:00:00,door not opened
07/08/2025,12,4173,Tuesday,Weekday,West,15651386,79500,22:05:00,79497,22:04:57,26,12828,Crossgates Commons Station (12828),0,2,0,81180.0,22:33:00,81087,22:31:27,81180.0,22:33:00,81106,22:31:46,19,00:00:19,doors opened
07/08/2025,12,4173,Tuesday,Weekday,West,15651386,79500,22:05:00,79497,22:04:57,25,12891,1475 Washington Ave (12891),1,0,2,,,80888,22:28:08,,,80900,22:28:20,12,00:00:12,doors opened
07/08/2025,12,4173,Tuesday,Weekday,West,15651386,79500,22:05:00,79497,22:04:57,24,7216,SUNY Collins Circle (07216),0,1,1,80880.0,22:28:00,80719,22:25:19,80880.0,22:28:00,80730,22:25:30,11,00:00:11,doors opened
07/08/2025,12,4173,Tuesday,Weekday,West,15651386,79500,22:05:00,79497,22:04:57,23,3262,1383 Washington Ave (Fairfield Inn) (03262),0,0,2,,,80612,22:23:32,,,80612,22:23:32,0,00:00:00,door not opened
07/08/2025,12,4173,Tuesday,Weekday,West,15651386,79500,22:05:00,79497,22:04:57,22,976,Washington Ave & Brevator St (00976),1,0,2,,,80483,22:21:23,,,80497,22:21:37,14,00:00:14,doors opened
07/08/2025,12,4173,Tuesday,Weekday,West,15651386,79500,22:05:00,79497,22:04:57,21,1959,Washington Ave & Colvin Ave (01959),0,0,1,,,80464,22:21:04,,,80464,22:21:04,0,00:00:00,door not opened
07/08/2025,12,4173,Tuesday,Weekday,West,15651386,79500,22:05:00,79497,22:04:57,20,3399,Washington Ave & Danker Ave (03399),0,0,1,,,80442,22:20:42,,,80442,22:20:42,0,00:00:00,door not opened
07/08/2025,12,4173,Tuesday,Weekday,West,15651386,79500,22:05:00,79497,22:04:57,19,1849,Washington Ave & Homestead Ave (01849),0,0,1,,,80424,22:20:24,,,80424,22:20:24,0,00:00:00,door not opened
07/08/2025,12,4173,Tuesday,Weekday,West,15651386,79500,22:05:00,79497,22:04:57,18,1846,Washington Ave & Manning Blvd (01846),0,0,1,,,80407,22:20:07,,,80407,22:20:07,0,00:00:00,door not opened
07/08/2025,12,4173,Tuesday,Weekday,West,15651386,79500,22:05:00,79497,22:04:57,17,3287,Washington Ave & N. Allen St (03287),0,3,1,80520.0,22:22:00,80366,22:19:26,80520.0,22:22:00,80379,22:19:39,13,00:00:13,doors opened
07/08/2025,12,4173,Tuesday,Weekday,West,15651386,79500,22:05:00,79497,22:04:57,16,3264,Washington Ave & N. Main Ave (03264),0,0,4,,,80336,22:18:56,,,80336,22:18:56,0,00:00:00,door not opened
07/08/2025,12,4173,Tuesday,Weekday,West,15651386,79500,22:05:00,79497,22:04:57,15,1839,Washington Ave & Partridge St (01839),0,1,4,,,80280,22:18:00,,,80289,22:18:09,9,00:00:09,doors opened
07/08/2025,12,4173,Tuesday,Weekday,West,15651386,79500,22:05:00,79497,22:04:57,14,1841,Washington Ave & Ontario St (01841),0,0,5,80340.0,22:19:00,80258,22:17:38,80340.0,22:19:00,80258,22:17:38,0,00:00:00,door not opened
07/08/2025,12,4173,Tuesday,Weekday,West,15651386,79500,22:05:00,79497,22:04:57,13,1842,Washington Ave & Quail St (01842),0,3,5,,,80204,22:16:44,,,80234,22:17:14,30,00:00:30,doors opened
07/08/2025,12,4173,Tuesday,Weekday,West,15651386,79500,22:05:00,79497,22:04:57,12,1837,Washington Ave & N. Lake Ave (01837),0,0,8,,,80179,22:16:19,,,80179,22:16:19,0,00:00:00,door not opened
07/08/2025,12,4173,Tuesday,Weekday,West,15651386,79500,22:05:00,79497,22:04:57,11,1843,Washington Ave & Robin St (01843),0,0,8,,,80159,22:15:59,,,80159,22:15:59,0,00:00:00,door not opened
07/08/2025,12,4173,Tuesday,Weekday,West,15651386,79500,22:05:00,79497,22:04:57,10,12943,Washington Ave & Lexington Ave (12943),0,0,8,,,80126,22:15:26,,,80126,22:15:26,0,00:00:00,door not opened
07/08/2025,12,4173,Tuesday,Weekday,West,15651386,79500,22:05:00,79497,22:04:57,9,12942,Washington Ave & Henry Johnson Blvd (12942),0,0,8,,,80083,22:14:43,,,80083,22:14:43,0,00:00:00,door not opened
07/08/2025,12,4173,Tuesday,Weekday,West,15651386,79500,22:05:00,79497,22:04:57,8,3239,Lark/Library Station - Washington Ave & Lark St (03239),4,0,8,79980.0,22:13:00,79987,22:13:07,79980.0,22:13:00,80027,22:13:47,40,00:00:40,doors opened
07/08/2025,12,4173,Tuesday,Weekday,West,15651386,79500,22:05:00,79497,22:04:57,7,3301,Washington Ave & S. Swan St (03301),0,0,4,,,79957,22:12:37,,,79957,22:12:37,0,00:00:00,door not opened
07/08/2025,12,4173,Tuesday,Weekday,West,15651386,79500,22:05:00,79497,22:04:57,6,3250,Hawk/Capitol Station - Washington Ave & Hawk St (03250),0,0,4,,,79938,22:12:18,,,79938,22:12:18,0,00:00:00,door not opened
07/08/2025,12,4173,Tuesday,Weekday,West,15651386,79500,22:05:00,79497,22:04:57,5,10087,State St & Eagle St (10087),0,0,4,,,79914,22:11:54,,,79914,22:11:54,0,00:00:00,door not opened
07/08/2025,12,4173,Tuesday,Weekday,West,15651386,79500,22:05:00,79497,22:04:57,4,2665,State/Downtown Station - State St & Lodge St (02665),1,0,4,79740.0,22:09:00,79781,22:09:41,79740.0,22:09:00,79795,22:09:55,14,00:00:14,doors opened
07/08/2025,12,4173,Tuesday,Weekday,West,15651386,79500,22:05:00,79497,22:04:57,3,3221,State Station - N. Pearl St & Ten Eyck Plaza (03221),0,0,3,,,79593,22:06:33,,,79759,22:09:19,166,00:02:46,doors opened
07/08/2025,12,4173,Tuesday,Weekday,West,15651386,79500,22:05:00,79497,22:04:57,2,3233,N. Pearl St & Sheridan Ave (03233),0,0,3,,,79561,22:06:01,,,79561,22:06:01,0,00:00:00,door not opened
07/08/2025,12,4173,Tuesday,Weekday,West,15651386,79500,22:05:00,79497,22:04:57,1,2168,Clinton Square Station - N. Pearl St & Clinton Ave (02168),3,0,3,,,79523,22:05:23,,,79545,22:05:45,22,00:00:22,doors opened
07/08/2025,12,4173,Tuesday,Weekday,West,15651386,79500,22:05:00,79497,22:04:57,0,9018,Broadway & Orange St (09018),0,0,0,79500.0,22:05:00,79497,22:04:57,79500.0,22:05:00,79497,22:04:57,0,00:00:00,door not opened
07/08/2025,12,4173,Tuesday,Weekday,East,15651389,82500,22:55:00,82545,22:55:45,24,3940,Broadway & Steuben St (03940),0,0,0,84300.0,23:25:00,84374,23:26:14,84300.0,23:25:00,84374,23:26:14,0,00:00:00,door not opened
07/08/2025,12,4173,Tuesday,Weekday,East,15651389,82500,22:55:00,82545,22:55:45,23,2509,State/Downtown Station - State St & S. Pearl St (02509),0,3,0,84180.0,23:23:00,84234,23:23:54,84180.0,23:23:00,84302,23:25:02,68,00:01:08,doors opened
07/08/2025,12,4173,Tuesday,Weekday,East,15651389,82500,22:55:00,82545,22:55:45,22,1787,State St & Eagle St (01787),0,0,3,,,84217,23:23:37,,,84217,23:23:37,0,00:00:00,door not opened
07/08/2025,12,4173,Tuesday,Weekday,East,15651389,82500,22:55:00,82545,22:55:45,21,2706,Hawk/Capitol Station - Washington Ave & Hawk St (02706),0,0,3,,,84131,23:22:11,,,84131,23:22:11,0,00:00:00,door not opened
07/08/2025,12,4173,Tuesday,Weekday,East,15651389,82500,22:55:00,82545,22:55:45,20,1789,Washington Ave & S. Swan St (01789),0,0,3,,,84116,23:21:56,,,84116,23:21:56,0,00:00:00,door not opened
07/08/2025,12,4173,Tuesday,Weekday,East,15651389,82500,22:55:00,82545,22:55:45,19,1788,Washington Ave & Dove St (01788),0,1,3,,,84051,23:20:51,,,84093,23:21:33,42,00:00:42,doors opened
07/08/2025,12,4173,Tuesday,Weekday,East,15651389,82500,22:55:00,82545,22:55:45,18,2663,Lark/Library Station - Washington Ave & Lark St (02663),1,0,4,83940.0,23:19:00,83974,23:19:34,83940.0,23:19:00,84027,23:20:27,53,00:00:53,doors opened
07/08/2025,12,4173,Tuesday,Weekday,East,15651389,82500,22:55:00,82545,22:55:45,17,263,Washington Ave & Henry Johnson Blvd (00263),0,0,3,,,83928,23:18:48,,,83928,23:18:48,0,00:00:00,door not opened
07/08/2025,12,4173,Tuesday,Weekday,East,15651389,82500,22:55:00,82545,22:55:45,16,2096,Washington Ave & Lexington Ave (02096),0,1,3,,,83810,23:16:50,,,83901,23:18:21,91,00:01:31,doors opened
07/08/2025,12,4173,Tuesday,Weekday,East,15651389,82500,22:55:00,82545,22:55:45,15,3253,Washington Ave & Robin St (Draper Hall) (03253),0,0,4,,,83791,23:16:31,,,83791,23:16:31,0,00:00:00,door not opened
07/08/2025,12,4173,Tuesday,Weekday,East,15651389,82500,22:55:00,82545,22:55:45,14,2109,Washington Ave & N. Lake Ave (02109),0,3,4,,,83742,23:15:42,,,83769,23:16:09,27,00:00:27,doors opened
07/08/2025,12,4173,Tuesday,Weekday,East,15651389,82500,22:55:00,82545,22:55:45,13,3255,Washington Ave & Quail St (03255),0,1,7,,,83705,23:15:05,,,83718,23:15:18,13,00:00:13,doors opened
07/08/2025,12,4173,Tuesday,Weekday,East,15651389,82500,22:55:00,82545,22:55:45,12,3256,Washington Ave & Ontario St (03256),0,3,8,83640.0,23:14:00,83665,23:14:25,83640.0,23:14:00,83684,23:14:44,19,00:00:19,doors opened
07/08/2025,12,4173,Tuesday,Weekday,East,15651389,82500,22:55:00,82545,22:55:45,11,2107,Washington Ave & Partridge St (02107),0,0,11,,,83632,23:13:52,,,83643,23:14:03,11,00:00:11,doors opened
07/08/2025,12,4173,Tuesday,Weekday,East,15651389,82500,22:55:00,82545,22:55:45,10,3257,Washington Ave & N. Main Ave (03257),0,0,11,,,83591,23:13:11,,,83591,23:13:11,0,00:00:00,door not opened
07/08/2025,12,4173,Tuesday,Weekday,East,15651389,82500,22:55:00,82545,22:55:45,9,1796,Washington Ave & N. Allen St (01796),0,3,11,83460.0,23:11:00,83547,23:12:27,83460.0,23:11:00,83563,23:12:43,16,00:00:16,doors opened
07/08/2025,12,4173,Tuesday,Weekday,East,15651389,82500,22:55:00,82545,22:55:45,8,11581,Washington Ave & Manning Blvd (11581),0,1,14,,,83499,23:11:39,,,83514,23:11:54,15,00:00:15,doors opened
07/08/2025,12,4173,Tuesday,Weekday,East,15651389,82500,22:55:00,82545,22:55:45,7,2180,Washington Ave & Homestead Ave (02180),0,0,15,,,83477,23:11:17,,,83477,23:11:17,0,00:00:00,door not opened
07/08/2025,12,4173,Tuesday,Weekday,East,15651389,82500,22:55:00,82545,22:55:45,6,2182,Washington Ave & Hawthorne St (02182),0,2,15,,,83391,23:09:51,,,83431,23:10:31,40,00:00:40,doors opened
07/08/2025,12,4173,Tuesday,Weekday,East,15651389,82500,22:55:00,82545,22:55:45,5,3304,Washington Ave & Clermont St (03304),0,1,17,,,83354,23:09:14,,,83366,23:09:26,12,00:00:12,doors opened
07/08/2025,12,4173,Tuesday,Weekday,East,15651389,82500,22:55:00,82545,22:55:45,4,3348,Washington Ave & Brevator St (03348),0,0,18,,,83342,23:09:02,,,83342,23:09:02,0,00:00:00,door not opened
07/08/2025,12,4173,Tuesday,Weekday,East,15651389,82500,22:55:00,82545,22:55:45,3,10134,Washington Ave & SUNY Exit Rd (10134),2,0,18,,,83211,23:06:51,,,83231,23:07:11,20,00:00:20,doors opened
07/08/2025,12,4173,Tuesday,Weekday,East,15651389,82500,22:55:00,82545,22:55:45,2,7216,SUNY Collins Circle (07216),1,0,16,83040.0,23:04:00,83102,23:05:02,83040.0,23:04:00,83121,23:05:21,19,00:00:19,doors opened
07/08/2025,12,4173,Tuesday,Weekday,East,15651389,82500,22:55:00,82545,22:55:45,1,12827,Crossgates Commons Station (12827),11,1,15,82740.0,22:59:00,82787,22:59:47,82740.0,22:59:00,82876,23:01:16,89,00:01:29,doors opened
07/08/2025,12,4173,Tuesday,Weekday,East,15651389,82500,22:55:00,82545,22:55:45,0,7175,Crossgates Mall Station (07175),5,0,5,82500.0,22:55:00,82545,22:55:45,82500.0,22:55:00,82545,22:55:45,0,00:00:00,doors opened
07/08/2025,12,4173,Tuesday,Weekday,West,15651392,84900,23:35:00,85061,23:37:41,27,7175,Crossgates Mall Station (07175),0,0,0,86700.0,24:05:00,86969,24:09:29,86700.0,24:05:00,86969,24:09:29,0,00:00:00,door not opened
07/08/2025,12,4173,Tuesday,Weekday,West,15651392,84900,23:35:00,85061,23:37:41,25,12891,1475 Washington Ave (12891),0,0,0,,,86462,24:01:02,,,86474,24:01:14,12,00:00:12,doors opened
07/08/2025,12,4173,Tuesday,Weekday,West,15651392,84900,23:35:00,85061,23:37:41,24,7216,SUNY Collins Circle (07216),0,0,0,86100.0,23:55:00,86339,23:58:59,86100.0,23:55:00,86351,23:59:11,12,00:00:12,door not opened
07/08/2025,12,4173,Tuesday,Weekday,West,15651392,84900,23:35:00,85061,23:37:41,22,976,Washington Ave & Brevator St (00976),0,0,0,,,86252,23:57:32,,,86252,23:57:32,0,00:00:00,door not opened
07/08/2025,12,4173,Tuesday,Weekday,West,15651392,84900,23:35:00,85061,23:37:41,21,1959,Washington Ave & Colvin Ave (01959),0,0,0,,,86234,23:57:14,,,86234,23:57:14,0,00:00:00,door not opened
07/08/2025,12,4173,Tuesday,Weekday,West,15651392,84900,23:35:00,85061,23:37:41,20,3399,Washington Ave & Danker Ave (03399),0,0,0,,,86197,23:56:37,,,86197,23:56:37,0,00:00:00,door not opened
07/08/2025,12,4173,Tuesday,Weekday,West,15651392,84900,23:35:00,85061,23:37:41,19,1849,Washington Ave & Homestead Ave (01849),0,0,0,,,86184,23:56:24,,,86184,23:56:24,0,00:00:00,door not opened
07/08/2025,12,4173,Tuesday,Weekday,West,15651392,84900,23:35:00,85061,23:37:41,18,1846,Washington Ave & Manning Blvd (01846),0,0,0,,,86160,23:56:00,,,86160,23:56:00,0,00:00:00,door not opened
07/08/2025,12,4173,Tuesday,Weekday,West,15651392,84900,23:35:00,85061,23:37:41,17,3287,Washington Ave & N. Allen St (03287),0,0,0,85740.0,23:49:00,86130,23:55:30,85740.0,23:49:00,86130,23:55:30,0,00:00:00,door not opened
07/08/2025,12,4173,Tuesday,Weekday,West,15651392,84900,23:35:00,85061,23:37:41,16,3264,Washington Ave & N. Main Ave (03264),0,0,0,,,86098,23:54:58,,,86098,23:54:58,0,00:00:00,door not opened
07/08/2025,12,4173,Tuesday,Weekday,West,15651392,84900,23:35:00,85061,23:37:41,15,1839,Washington Ave & Partridge St (01839),0,1,0,,,86001,23:53:21,,,86023,23:53:43,22,00:00:22,doors opened
07/08/2025,12,4173,Tuesday,Weekday,West,15651392,84900,23:35:00,85061,23:37:41,14,1841,Washington Ave & Ontario St (01841),0,2,1,85560.0,23:46:00,85962,23:52:42,85560.0,23:46:00,85977,23:52:57,15,00:00:15,doors opened
07/08/2025,12,4173,Tuesday,Weekday,West,15651392,84900,23:35:00,85061,23:37:41,13,1842,Washington Ave & Quail St (01842),0,0,3,,,85941,23:52:21,,,85941,23:52:21,0,00:00:00,door not opened
07/08/2025,12,4173,Tuesday,Weekday,West,15651392,84900,23:35:00,85061,23:37:41,12,1837,Washington Ave & N. Lake Ave (01837),0,0,3,,,85874,23:51:14,,,85874,23:51:14,0,00:00:00,door not opened
07/08/2025,12,4173,Tuesday,Weekday,West,15651392,84900,23:35:00,85061,23:37:41,11,1843,Washington Ave & Robin St (01843),0,0,3,,,85834,23:50:34,,,85834,23:50:34,0,00:00:00,door not opened
07/08/2025,12,4173,Tuesday,Weekday,West,15651392,84900,23:35:00,85061,23:37:41,10,12943,Washington Ave & Lexington Ave (12943),0,0,3,,,85813,23:50:13,,,85813,23:50:13,0,00:00:00,door not opened
07/08/2025,12,4173,Tuesday,Weekday,West,15651392,84900,23:35:00,85061,23:37:41,9,12942,Washington Ave & Henry Johnson Blvd (12942),1,0,3,,,85745,23:49:05,,,85758,23:49:18,13,00:00:13,doors opened
07/08/2025,12,4173,Tuesday,Weekday,West,15651392,84900,23:35:00,85061,23:37:41,8,3239,Lark/Library Station - Washington Ave & Lark St (03239),1,5,2,85260.0,23:41:00,85620,23:47:00,85260.0,23:41:00,85691,23:48:11,71,00:01:11,doors opened
07/08/2025,12,4173,Tuesday,Weekday,West,15651392,84900,23:35:00,85061,23:37:41,7,3301,Washington Ave & S. Swan St (03301),0,0,6,,,85564,23:46:04,,,85564,23:46:04,0,00:00:00,door not opened
07/08/2025,12,4173,Tuesday,Weekday,West,15651392,84900,23:35:00,85061,23:37:41,6,3250,Hawk/Capitol Station - Washington Ave & Hawk St (03250),0,0,6,,,85546,23:45:46,,,85546,23:45:46,0,00:00:00,door not opened
07/08/2025,12,4173,Tuesday,Weekday,West,15651392,84900,23:35:00,85061,23:37:41,5,10087,State St & Eagle St (10087),0,0,6,,,85521,23:45:21,,,85521,23:45:21,0,00:00:00,door not opened
07/08/2025,12,4173,Tuesday,Weekday,West,15651392,84900,23:35:00,85061,23:37:41,4,2665,State/Downtown Station - State St & Lodge St (02665),2,0,6,85080.0,23:38:00,85419,23:43:39,85080.0,23:38:00,85441,23:44:01,22,00:00:22,doors opened
07/08/2025,12,4173,Tuesday,Weekday,West,15651392,84900,23:35:00,85061,23:37:41,3,3221,State Station - N. Pearl St & Ten Eyck Plaza (03221),4,1,4,,,85199,23:39:59,,,85389,23:43:09,190,00:03:10,doors opened
07/08/2025,12,4173,Tuesday,Weekday,West,15651392,84900,23:35:00,85061,23:37:41,2,3233,N. Pearl St & Sheridan Ave (03233),0,0,1,,,85140,23:39:00,,,85140,23:39:00,0,00:00:00,door not opened
07/08/2025,12,4173,Tuesday,Weekday,West,15651392,84900,23:35:00,85061,23:37:41,1,2168,Clinton Square Station - N. Pearl St & Clinton Ave (02168),0,0,1,,,85117,23:38:37,,,85117,23:38:37,0,00:00:00,door not opened
07/08/2025,12,4173,Tuesday,Weekday,West,15651392,84900,23:35:00,85061,23:37:41,0,9018,Broadway & Orange St (09018),0,0,1,84900.0,23:35:00,85061,23:37:41,84900.0,23:35:00,85061,23:37:41,0,00:00:00,door not opened
07/08/2025,12,4128,Tuesday,Weekday,East,15651571,68100,18:55:00,68104,18:55:04,7,2180,Washington Ave & Homestead Ave (02180),2,0,10,,,69089,19:11:29,,,69111,19:11:51,22,00:00:22,doors opened
07/08/2025,12,4128,Tuesday,Weekday,East,15651571,68100,18:55:00,68104,18:55:04,6,2182,Washington Ave & Hawthorne St (02182),0,0,8,,,69064,19:11:04,,,69064,19:11:04,0,00:00:00,door not opened
07/08/2025,12,4128,Tuesday,Weekday,East,15651571,68100,18:55:00,68104,18:55:04,5,3304,Washington Ave & Clermont St (03304),0,0,8,,,69051,19:10:51,,,69051,19:10:51,0,00:00:00,door not opened
07/08/2025,12,4128,Tuesday,Weekday,East,15651571,68100,18:55:00,68104,18:55:04,4,3348,Washington Ave & Brevator St (03348),0,0,8,,,69003,19:10:03,,,69003,19:10:03,0,00:00:00,door not opened
07/08/2025,12,4128,Tuesday,Weekday,East,15651571,68100,18:55:00,68104,18:55:04,3,10134,Washington Ave & SUNY Exit Rd (10134),1,0,8,,,68855,19:07:35,,,68885,19:08:05,30,00:00:30,doors opened
07/08/2025,12,4128,Tuesday,Weekday,East,15651571,68100,18:55:00,68104,18:55:04,2,7216,SUNY Collins Circle (07216),0,0,7,68700.0,19:05:00,68748,19:05:48,68700.0,19:05:00,68748,19:05:48,0,00:00:00,door not opened
07/08/2025,12,4128,Tuesday,Weekday,East,15651571,68100,18:55:00,68104,18:55:04,1,12827,Crossgates Commons Station (12827),7,2,7,68400.0,19:00:00,68394,18:59:54,68400.0,19:00:00,68489,19:01:29,95,00:01:35,doors opened
07/08/2025,12,4128,Tuesday,Weekday,East,15651571,68100,18:55:00,68104,18:55:04,0,7175,Crossgates Mall Station (07175),2,0,2,68100.0,18:55:00,68104,18:55:04,68100.0,18:55:00,68104,18:55:04,0,00:00:00,doors opened
07/08/2025,12,4128,Tuesday,Weekday,East,15651571,68100,18:55:00,68104,18:55:04,20,1789,Washington Ave & S. Swan St (01789),0,0,3,,,69735,19:22:15,,,69735,19:22:15,0,00:00:00,door not opened
07/08/2025,12,4128,Tuesday,Weekday,East,15651571,68100,18:55:00,68104,18:55:04,19,1788,Washington Ave & Dove St (01788),0,0,3,,,69713,19:21:53,,,69713,19:21:53,0,00:00:00,door not opened
07/08/2025,12,4128,Tuesday,Weekday,East,15651571,68100,18:55:00,68104,18:55:04,18,2663,Lark/Library Station - Washington Ave & Lark St (02663),0,0,3,69720.0,19:22:00,69637,19:20:37,69720.0,19:22:00,69689,19:21:29,52,00:00:52,doors opened
07/08/2025,12,4128,Tuesday,Weekday,East,15651571,68100,18:55:00,68104,18:55:04,17,263,Washington Ave & Henry Johnson Blvd (00263),0,2,3,,,69553,19:19:13,,,69590,19:19:50,37,00:00:37,doors opened
07/08/2025,12,4128,Tuesday,Weekday,East,15651571,68100,18:55:00,68104,18:55:04,16,2096,Washington Ave & Lexington Ave (02096),0,0,5,,,69502,19:18:22,,,69502,19:18:22,0,00:00:00,door not opened
07/08/2025,12,4128,Tuesday,Weekday,East,15651571,68100,18:55:00,68104,18:55:04,15,3253,Washington Ave & Robin St (Draper Hall) (03253),0,1,5,,,69458,19:17:38,,,69480,19:18:00,22,00:00:22,doors opened
07/08/2025,12,4128,Tuesday,Weekday,East,15651571,68100,18:55:00,68104,18:55:04,14,2109,Washington Ave & N. Lake Ave (02109),1,1,6,,,69408,19:16:48,,,69434,19:17:14,26,00:00:26,doors opened
07/08/2025,12,4128,Tuesday,Weekday,East,15651571,68100,18:55:00,68104,18:55:04,13,3255,Washington Ave & Quail St (03255),0,0,6,,,69385,19:16:25,,,69385,19:16:25,0,00:00:00,door not opened
07/08/2025,12,4128,Tuesday,Weekday,East,15651571,68100,18:55:00,68104,18:55:04,12,3256,Washington Ave & Ontario St (03256),0,3,6,69360.0,19:16:00,69327,19:15:27,69360.0,19:16:00,69343,19:15:43,16,00:00:16,doors opened
07/08/2025,12,4128,Tuesday,Weekday,East,15651571,68100,18:55:00,68104,18:55:04,11,2107,Washington Ave & Partridge St (02107),0,0,9,,,69307,19:15:07,,,69307,19:15:07,0,00:00:00,door not opened
07/08/2025,12,4128,Tuesday,Weekday,East,15651571,68100,18:55:00,68104,18:55:04,10,3257,Washington Ave & N. Main Ave (03257),0,1,9,,,69203,19:13:23,,,69236,19:13:56,33,00:00:33,doors opened
07/08/2025,12,4128,Tuesday,Weekday,East,15651571,68100,18:55:00,68104,18:55:04,9,1796,Washington Ave & N. Allen St (01796),0,0,10,69180.0,19:13:00,69171,19:12:51,69180.0,19:13:00,69171,19:12:51,0,00:00:00,door not opened
07/08/2025,12,4128,Tuesday,Weekday,East,15651571,68100,18:55:00,68104,18:55:04,8,11581,Washington Ave & Manning Blvd (11581),0,0,10,,,69136,19:12:16,,,69136,19:12:16,0,00:00:00,door not opened
07/08/2025,12,4128,Tuesday,Weekday,East,15651571,68100,18:55:00,68104,18:55:04,24,3940,Broadway & Steuben St (03940),0,0,0,70200.0,19:30:00,69991,19:26:31,70200.0,19:30:00,69991,19:26:31,0,00:00:00,door not opened
07/08/2025,12,4128,Tuesday,Weekday,East,15651571,68100,18:55:00,68104,18:55:04,23,2509,State/Downtown Station - State St & S. Pearl St (02509),0,3,0,70020.0,19:27:00,69911,19:25:11,70020.0,19:27:00,69931,19:25:31,20,00:00:20,doors opened
07/08/2025,12,4128,Tuesday,Weekday,East,15651571,68100,18:55:00,68104,18:55:04,22,1787,State St & Eagle St (01787),0,0,3,,,69892,19:24:52,,,69892,19:24:52,0,00:00:00,door not opened
07/08/2025,12,4128,Tuesday,Weekday,East,15651571,68100,18:55:00,68104,18:55:04,21,2706,Hawk/Capitol Station - Washington Ave & Hawk St (02706),0,0,3,,,69759,19:22:39,,,69759,19:22:39,0,00:00:00,door not opened
07/08/2025,12,4128,Tuesday,Weekday,West,15651574,70800,19:40:00,70902,19:41:42,4,2665,State/Downtown Station - State St & Lodge St (02665),0,0,1,71040.0,19:44:00,71063,19:44:23,71040.0,19:44:00,71063,19:44:23,0,00:00:00,door not opened
07/08/2025,12,4128,Tuesday,Weekday,West,15651574,70800,19:40:00,70902,19:41:42,3,3221,State Station - N. Pearl St & Ten Eyck Plaza (03221),0,0,1,,,71029,19:43:49,,,71029,19:43:49,0,00:00:00,door not opened
07/08/2025,12,4128,Tuesday,Weekday,West,15651574,70800,19:40:00,70902,19:41:42,2,3233,N. Pearl St & Sheridan Ave (03233),0,0,1,,,70975,19:42:55,,,70975,19:42:55,0,00:00:00,door not opened
07/08/2025,12,4128,Tuesday,Weekday,West,15651574,70800,19:40:00,70902,19:41:42,1,2168,Clinton Square Station - N. Pearl St & Clinton Ave (02168),0,0,1,,,70939,19:42:19,,,70939,19:42:19,0,00:00:00,door not opened
07/08/2025,12,4128,Tuesday,Weekday,West,15651574,70800,19:40:00,70902,19:41:42,0,9018,Broadway & Orange St (09018),0,0,1,70800.0,19:40:00,70902,19:41:42,70800.0,19:40:00,70902,19:41:42,0,00:00:00,door not opened
07/08/2025,12,4128,Tuesday,Weekday,West,15651574,70800,19:40:00,70902,19:41:42,14,1841,Washington Ave & Ontario St (01841),0,0,7,71640.0,19:54:00,71569,19:52:49,71640.0,19:54:00,71569,19:52:49,0,00:00:00,door not opened
07/08/2025,12,4128,Tuesday,Weekday,West,15651574,70800,19:40:00,70902,19:41:42,13,1842,Washington Ave & Quail St (01842),2,1,7,,,71514,19:51:54,,,71550,19:52:30,36,00:00:36,doors opened
07/08/2025,12,4128,Tuesday,Weekday,West,15651574,70800,19:40:00,70902,19:41:42,12,1837,Washington Ave & N. Lake Ave (01837),0,0,6,,,71493,19:51:33,,,71493,19:51:33,0,00:00:00,door not opened
07/08/2025,12,4128,Tuesday,Weekday,West,15651574,70800,19:40:00,70902,19:41:42,11,1843,Washington Ave & Robin St (01843),0,0,6,,,71474,19:51:14,,,71474,19:51:14,0,00:00:00,door not opened
07/08/2025,12,4128,Tuesday,Weekday,West,15651574,70800,19:40:00,70902,19:41:42,10,12943,Washington Ave & Lexington Ave (12943),1,0,6,,,71433,19:50:33,,,71451,19:50:51,18,00:00:18,doors opened
07/08/2025,12,4128,Tuesday,Weekday,West,15651574,70800,19:40:00,70902,19:41:42,9,12942,Washington Ave & Henry Johnson Blvd (12942),0,0,5,,,71388,19:49:48,,,71388,19:49:48,0,00:00:00,door not opened
07/08/2025,12,4128,Tuesday,Weekday,West,15651574,70800,19:40:00,70902,19:41:42,8,3239,Lark/Library Station - Washington Ave & Lark St (03239),3,0,5,71280.0,19:48:00,71280,19:48:00,71280.0,19:48:00,71321,19:48:41,41,00:00:41,doors opened
07/08/2025,12,4128,Tuesday,Weekday,West,15651574,70800,19:40:00,70902,19:41:42,7,3301,Washington Ave & S. Swan St (03301),1,0,2,,,71221,19:47:01,,,71232,19:47:12,11,00:00:11,doors opened
07/08/2025,12,4128,Tuesday,Weekday,West,15651574,70800,19:40:00,70902,19:41:42,6,3250,Hawk/Capitol Station - Washington Ave & Hawk St (03250),0,0,1,,,71199,19:46:39,,,71199,19:46:39,0,00:00:00,door not opened
07/08/2025,12,4128,Tuesday,Weekday,West,15651574,70800,19:40:00,70902,19:41:42,5,10087,State St & Eagle St (10087),0,0,1,,,71176,19:46:16,,,71176,19:46:16,0,00:00:00,door not opened
07/08/2025,12,4128,Tuesday,Weekday,West,15651574,70800,19:40:00,70902,19:41:42,27,7175,Crossgates Mall Station (07175),0,1,0,73020.0,20:17:00,72692,20:11:32,73020.0,20:17:00,72692,20:11:32,0,00:00:00,doors opened
07/08/2025,12,4128,Tuesday,Weekday,West,15651574,70800,19:40:00,70902,19:41:42,26,12828,Crossgates Commons Station (12828),0,5,1,72600.0,20:10:00,72450,20:07:30,72600.0,20:10:00,72463,20:07:43,13,00:00:13,doors opened
07/08/2025,12,4128,Tuesday,Weekday,West,15651574,70800,19:40:00,70902,19:41:42,25,12891,1475 Washington Ave (12891),0,0,6,,,72259,20:04:19,,,72259,20:04:19,0,00:00:00,door not opened
07/08/2025,12,4128,Tuesday,Weekday,West,15651574,70800,19:40:00,70902,19:41:42,24,7216,SUNY Collins Circle (07216),0,0,6,72240.0,20:04:00,72116,20:01:56,72240.0,20:04:00,72116,20:01:56,0,00:00:00,door not opened
07/08/2025,12,4128,Tuesday,Weekday,West,15651574,70800,19:40:00,70902,19:41:42,23,3262,1383 Washington Ave (Fairfield Inn) (03262),0,4,6,,,71981,19:59:41,,,72017,20:00:17,36,00:00:36,doors opened
07/08/2025,12,4128,Tuesday,Weekday,West,15651574,70800,19:40:00,70902,19:41:42,22,976,Washington Ave & Brevator St (00976),0,0,10,,,71881,19:58:01,,,71881,19:58:01,0,00:00:00,door not opened
07/08/2025,12,4128,Tuesday,Weekday,West,15651574,70800,19:40:00,70902,19:41:42,21,1959,Washington Ave & Colvin Ave (01959),2,0,10,,,71838,19:57:18,,,71862,19:57:42,24,00:00:24,doors opened
07/08/2025,12,4128,Tuesday,Weekday,West,15651574,70800,19:40:00,70902,19:41:42,20,3399,Washington Ave & Danker Ave (03399),0,0,8,,,71816,19:56:56,,,71816,19:56:56,0,00:00:00,door not opened
07/08/2025,12,4128,Tuesday,Weekday,West,15651574,70800,19:40:00,70902,19:41:42,19,1849,Washington Ave & Homestead Ave (01849),1,0,8,,,71782,19:56:22,,,71796,19:56:36,14,00:00:14,doors opened
07/08/2025,12,4128,Tuesday,Weekday,West,15651574,70800,19:40:00,70902,19:41:42,18,1846,Washington Ave & Manning Blvd (01846),0,0,7,,,71763,19:56:03,,,71763,19:56:03,0,00:00:00,door not opened
07/08/2025,12,4128,Tuesday,Weekday,West,15651574,70800,19:40:00,70902,19:41:42,17,3287,Washington Ave & N. Allen St (03287),0,1,7,71820.0,19:57:00,71725,19:55:25,71820.0,19:57:00,71738,19:55:38,13,00:00:13,doors opened
07/08/2025,12,4128,Tuesday,Weekday,West,15651574,70800,19:40:00,70902,19:41:42,16,3264,Washington Ave & N. Main Ave (03264),3,2,8,,,71659,19:54:19,,,71695,19:54:55,36,00:00:36,doors opened
07/08/2025,12,4128,Tuesday,Weekday,West,15651574,70800,19:40:00,70902,19:41:42,15,1839,Washington Ave & Partridge St (01839),0,0,7,,,71587,19:53:07,,,71587,19:53:07,0,00:00:00,door not opened
07/08/2025,12,4111,Tuesday,Weekday,West,15649068,33600,09:20:00,33700,09:21:40,14,1841,Washington Ave & Ontario St (01841),0,0,13,34620.0,09:37:00,34533,09:35:33,34620.0,09:37:00,34533,09:35:33,0,00:00:00,door not opened
07/08/2025,12,4111,Tuesday,Weekday,West,15649068,33600,09:20:00,33700,09:21:40,13,1842,Washington Ave & Quail St (01842),2,0,13,,,34488,09:34:48,,,34507,09:35:07,19,00:00:19,doors opened
07/08/2025,12,4111,Tuesday,Weekday,West,15649068,33600,09:20:00,33700,09:21:40,12,1837,Washington Ave & N. Lake Ave (01837),1,0,11,,,34422,09:33:42,,,34460,09:34:20,38,00:00:38,doors opened
07/08/2025,12,4111,Tuesday,Weekday,West,15649068,33600,09:20:00,33700,09:21:40,11,1843,Washington Ave & Robin St (01843),0,0,10,,,34405,09:33:25,,,34405,09:33:25,0,00:00:00,door not opened
07/08/2025,12,4111,Tuesday,Weekday,West,15649068,33600,09:20:00,33700,09:21:40,10,12943,Washington Ave & Lexington Ave (12943),0,0,10,,,34382,09:33:02,,,34382,09:33:02,0,00:00:00,door not opened
07/08/2025,12,4111,Tuesday,Weekday,West,15649068,33600,09:20:00,33700,09:21:40,9,12942,Washington Ave & Henry Johnson Blvd (12942),1,0,10,,,34326,09:32:06,,,34336,09:32:16,10,00:00:10,doors opened
07/08/2025,12,4111,Tuesday,Weekday,West,15649068,33600,09:20:00,33700,09:21:40,8,3239,Lark/Library Station - Washington Ave & Lark St (03239),1,3,9,34200.0,09:30:00,34253,09:30:53,34200.0,09:30:00,34287,09:31:27,34,00:00:34,doors opened
07/08/2025,12,4111,Tuesday,Weekday,West,15649068,33600,09:20:00,33700,09:21:40,7,3301,Washington Ave & S. Swan St (03301),0,0,11,,,34212,09:30:12,,,34212,09:30:12,0,00:00:00,door not opened
07/08/2025,12,4111,Tuesday,Weekday,West,15649068,33600,09:20:00,33700,09:21:40,6,3250,Hawk/Capitol Station - Washington Ave & Hawk St (03250),0,0,11,,,34187,09:29:47,,,34187,09:29:47,0,00:00:00,door not opened
07/08/2025,12,4111,Tuesday,Weekday,West,15649068,33600,09:20:00,33700,09:21:40,5,10087,State St & Eagle St (10087),0,0,11,,,34161,09:29:21,,,34161,09:29:21,0,00:00:00,door not opened
07/08/2025,12,4111,Tuesday,Weekday,West,15649068,33600,09:20:00,33700,09:21:40,4,2665,State/Downtown Station - State St & Lodge St (02665),5,0,11,33900.0,09:25:00,34005,09:26:45,33900.0,09:25:00,34045,09:27:25,40,00:00:40,doors opened
07/08/2025,12,4111,Tuesday,Weekday,West,15649068,33600,09:20:00,33700,09:21:40,3,3221,State Station - N. Pearl St & Ten Eyck Plaza (03221),2,0,6,,,33911,09:25:11,,,33977,09:26:17,66,00:01:06,doors opened
07/08/2025,12,4111,Tuesday,Weekday,West,15649068,33600,09:20:00,33700,09:21:40,2,3233,N. Pearl St & Sheridan Ave (03233),1,0,4,,,33816,09:23:36,,,33829,09:23:49,13,00:00:13,doors opened
07/08/2025,12,4111,Tuesday,Weekday,West,15649068,33600,09:20:00,33700,09:21:40,1,2168,Clinton Square Station - N. Pearl St & Clinton Ave (02168),2,0,3,,,33781,09:23:01,,,33796,09:23:16,15,00:00:15,doors opened
07/08/2025,12,4111,Tuesday,Weekday,West,15649068,33600,09:20:00,33700,09:21:40,0,9018,Broadway & Orange St (09018),0,0,1,33600.0,09:20:00,33700,09:21:40,33600.0,09:20:00,33700,09:21:40,0,00:00:00,door not opened
07/08/2025,12,4111,Tuesday,Weekday,West,15649068,33600,09:20:00,33700,09:21:40,27,7175,Crossgates Mall Station (07175),0,4,0,36120.0,10:02:00,35811,09:56:51,36120.0,10:02:00,35811,09:56:51,0,00:00:00,doors opened
07/08/2025,12,4111,Tuesday,Weekday,West,15649068,33600,09:20:00,33700,09:21:40,26,12828,Crossgates Commons Station (12828),0,7,4,35700.0,09:55:00,35578,09:52:58,35700.0,09:55:00,35613,09:53:33,35,00:00:35,doors opened
07/08/2025,12,4111,Tuesday,Weekday,West,15649068,33600,09:20:00,33700,09:21:40,25,12891,1475 Washington Ave (12891),1,0,11,,,35393,09:49:53,,,35404,09:50:04,11,00:00:11,doors opened
07/08/2025,12,4111,Tuesday,Weekday,West,15649068,33600,09:20:00,33700,09:21:40,24,7216,SUNY Collins Circle (07216),1,3,10,35340.0,09:49:00,35303,09:48:23,35340.0,09:49:00,35318,09:48:38,15,00:00:15,doors opened
07/08/2025,12,4111,Tuesday,Weekday,West,15649068,33600,09:20:00,33700,09:21:40,23,3262,1383 Washington Ave (Fairfield Inn) (03262),1,2,12,,,35161,09:46:01,,,35197,09:46:37,36,00:00:36,doors opened
07/08/2025,12,4111,Tuesday,Weekday,West,15649068,33600,09:20:00,33700,09:21:40,22,976,Washington Ave & Brevator St (00976),0,0,13,,,35047,09:44:07,,,35047,09:44:07,0,00:00:00,door not opened
07/08/2025,12,4111,Tuesday,Weekday,West,15649068,33600,09:20:00,33700,09:21:40,21,1959,Washington Ave & Colvin Ave (01959),0,2,13,,,34958,09:42:38,,,35013,09:43:33,55,00:00:55,doors opened
07/08/2025,12,4111,Tuesday,Weekday,West,15649068,33600,09:20:00,33700,09:21:40,20,3399,Washington Ave & Danker Ave (03399),0,0,15,,,34933,09:42:13,,,34933,09:42:13,0,00:00:00,door not opened
07/08/2025,12,4111,Tuesday,Weekday,West,15649068,33600,09:20:00,33700,09:21:40,19,1849,Washington Ave & Homestead Ave (01849),2,0,15,,,34890,09:41:30,,,34906,09:41:46,16,00:00:16,doors opened
07/08/2025,12,4111,Tuesday,Weekday,West,15649068,33600,09:20:00,33700,09:21:40,18,1846,Washington Ave & Manning Blvd (01846),0,0,13,,,34868,09:41:08,,,34868,09:41:08,0,00:00:00,door not opened
07/08/2025,12,4111,Tuesday,Weekday,West,15649068,33600,09:20:00,33700,09:21:40,17,3287,Washington Ave & N. Allen St (03287),3,1,13,34860.0,09:41:00,34766,09:39:26,34860.0,09:41:00,34797,09:39:57,31,00:00:31,doors opened
07/08/2025,12,4111,Tuesday,Weekday,West,15649068,33600,09:20:00,33700,09:21:40,16,3264,Washington Ave & N. Main Ave (03264),2,0,11,,,34684,09:38:04,,,34736,09:38:56,52,00:00:52,doors opened
07/08/2025,12,4111,Tuesday,Weekday,West,15649068,33600,09:20:00,33700,09:21:40,15,1839,Washington Ave & Partridge St (01839),0,4,9,,,34553,09:35:53,,,34575,09:36:15,22,00:00:22,doors opened
07/08/2025,12,4111,Tuesday,Weekday,East,15649073,41700,11:35:00,41822,11:37:02,24,3940,Broadway & Steuben St (03940),0,2,0,43800.0,12:10:00,43852,12:10:52,43800.0,12:10:00,43852,12:10:52,0,00:00:00,doors opened
07/08/2025,12,4111,Tuesday,Weekday,East,15649073,41700,11:35:00,41822,11:37:02,23,2509,State/Downtown Station - State St & S. Pearl St (02509),0,0,2,43620.0,12:07:00,43840,12:10:40,43620.0,12:07:00,43852,12:10:52,12,00:00:12,door not opened
07/08/2025,12,4111,Tuesday,Weekday,East,15649073,41700,11:35:00,41822,11:37:02,22,1787,State St & Eagle St (01787),0,0,2,,,43825,12:10:25,,,43825,12:10:25,0,00:00:00,door not opened
07/08/2025,12,4111,Tuesday,Weekday,East,15649073,41700,11:35:00,41822,11:37:02,21,2706,Hawk/Capitol Station - Washington Ave & Hawk St (02706),0,0,2,,,43766,12:09:26,,,43766,12:09:26,0,00:00:00,door not opened
07/08/2025,12,4111,Tuesday,Weekday,East,15649073,41700,11:35:00,41822,11:37:02,20,1789,Washington Ave & S. Swan St (01789),0,0,2,,,43676,12:07:56,,,43676,12:07:56,0,00:00:00,door not opened
07/08/2025,12,4111,Tuesday,Weekday,East,15649073,41700,11:35:00,41822,11:37:02,19,1788,Washington Ave & Dove St (01788),0,0,2,,,43614,12:06:54,,,43614,12:06:54,0,00:00:00,door not opened
07/08/2025,12,4111,Tuesday,Weekday,East,15649073,41700,11:35:00,41822,11:37:02,18,2663,Lark/Library Station - Washington Ave & Lark St (02663),0,2,2,43320.0,12:02:00,43503,12:05:03,43320.0,12:02:00,43582,12:06:22,79,00:01:19,doors opened
07/08/2025,12,4111,Tuesday,Weekday,East,15649073,41700,11:35:00,41822,11:37:02,17,263,Washington Ave & Henry Johnson Blvd (00263),0,0,4,,,43479,12:04:39,,,43479,12:04:39,0,00:00:00,door not opened
07/08/2025,12,4111,Tuesday,Weekday,East,15649073,41700,11:35:00,41822,11:37:02,16,2096,Washington Ave & Lexington Ave (02096),0,2,4,,,43383,12:03:03,,,43438,12:03:58,55,00:00:55,doors opened
07/08/2025,12,4111,Tuesday,Weekday,East,15649073,41700,11:35:00,41822,11:37:02,15,3253,Washington Ave & Robin St (Draper Hall) (03253),0,0,6,,,43368,12:02:48,,,43368,12:02:48,0,00:00:00,door not opened
07/08/2025,12,4111,Tuesday,Weekday,East,15649073,41700,11:35:00,41822,11:37:02,14,2109,Washington Ave & N. Lake Ave (02109),0,0,6,,,43337,12:02:17,,,43337,12:02:17,0,00:00:00,door not opened
07/08/2025,12,4111,Tuesday,Weekday,East,15649073,41700,11:35:00,41822,11:37:02,13,3255,Washington Ave & Quail St (03255),0,2,6,,,43239,12:00:39,,,43282,12:01:22,43,00:00:43,doors opened
07/08/2025,12,4111,Tuesday,Weekday,East,15649073,41700,11:35:00,41822,11:37:02,12,3256,Washington Ave & Ontario St (03256),0,0,8,42960.0,11:56:00,43223,12:00:23,42960.0,11:56:00,43223,12:00:23,0,00:00:00,door not opened
07/08/2025,12,4111,Tuesday,Weekday,East,15649073,41700,11:35:00,41822,11:37:02,11,2107,Washington Ave & Partridge St (02107),0,0,8,,,43205,12:00:05,,,43205,12:00:05,0,00:00:00,door not opened
07/08/2025,12,4111,Tuesday,Weekday,East,15649073,41700,11:35:00,41822,11:37:02,10,3257,Washington Ave & N. Main Ave (03257),0,0,8,,,43080,11:58:00,,,43080,11:58:00,0,00:00:00,door not opened
07/08/2025,12,4111,Tuesday,Weekday,East,15649073,41700,11:35:00,41822,11:37:02,9,1796,Washington Ave & N. Allen St (01796),0,1,8,42780.0,11:53:00,42990,11:56:30,42780.0,11:53:00,43007,11:56:47,17,00:00:17,doors opened
07/08/2025,12,4111,Tuesday,Weekday,East,15649073,41700,11:35:00,41822,11:37:02,8,11581,Washington Ave & Manning Blvd (11581),2,0,9,,,42944,11:55:44,,,42957,11:55:57,13,00:00:13,doors opened
07/08/2025,12,4111,Tuesday,Weekday,East,15649073,41700,11:35:00,41822,11:37:02,7,2180,Washington Ave & Homestead Ave (02180),1,2,7,,,42883,11:54:43,,,42922,11:55:22,39,00:00:39,doors opened
07/08/2025,12,4111,Tuesday,Weekday,East,15649073,41700,11:35:00,41822,11:37:02,6,2182,Washington Ave & Hawthorne St (02182),0,1,8,,,42842,11:54:02,,,42857,11:54:17,15,00:00:15,doors opened
07/08/2025,12,4111,Tuesday,Weekday,East,15649073,41700,11:35:00,41822,11:37:02,5,3304,Washington Ave & Clermont St (03304),2,0,9,,,42797,11:53:17,,,42817,11:53:37,20,00:00:20,doors opened
07/08/2025,12,4111,Tuesday,Weekday,East,15649073,41700,11:35:00,41822,11:37:02,4,3348,Washington Ave & Brevator St (03348),0,0,7,,,42783,11:53:03,,,42783,11:53:03,0,00:00:00,door not opened
07/08/2025,12,4111,Tuesday,Weekday,East,15649073,41700,11:35:00,41822,11:37:02,3,10134,Washington Ave & SUNY Exit Rd (10134),1,0,7,,,42643,11:50:43,,,42666,11:51:06,23,00:00:23,doors opened
07/08/2025,12,4111,Tuesday,Weekday,East,15649073,41700,11:35:00,41822,11:37:02,2,7216,SUNY Collins Circle (07216),3,0,6,42300.0,11:45:00,42493,11:48:13,42300.0,11:45:00,42514,11:48:34,21,00:00:21,doors opened
07/08/2025,12,4111,Tuesday,Weekday,East,15649073,41700,11:35:00,41822,11:37:02,1,12827,Crossgates Commons Station (12827),3,1,3,42000.0,11:40:00,42099,11:41:39,42000.0,11:40:00,42130,11:42:10,31,00:00:31,doors opened
07/08/2025,12,4111,Tuesday,Weekday,East,15649073,41700,11:35:00,41822,11:37:02,0,7175,Crossgates Mall Station (07175),1,0,1,41700.0,11:35:00,41822,11:37:02,41700.0,11:35:00,41822,11:37:02,0,00:00:00,doors opened
07/08/2025,12,4116,Tuesday,Weekday,East,15649525,24300,06:45:00,24428,06:47:08,24,3940,Broadway & Steuben St (03940),0,0,0,26280.0,07:18:00,26748,07:25:48,26280.0,07:18:00,26748,07:25:48,0,00:00:00,door not opened
07/08/2025,12,4116,Tuesday,Weekday,East,15649525,24300,06:45:00,24428,06:47:08,23,2509,State/Downtown Station - State St & S. Pearl St (02509),0,5,0,26100.0,07:15:00,26538,07:22:18,26100.0,07:15:00,26615,07:23:35,77,00:01:17,doors opened
07/08/2025,12,4116,Tuesday,Weekday,East,15649525,24300,06:45:00,24428,06:47:08,22,1787,State St & Eagle St (01787),0,0,5,,,26499,07:21:39,,,26499,07:21:39,0,00:00:00,door not opened
07/08/2025,12,4116,Tuesday,Weekday,East,15649525,24300,06:45:00,24428,06:47:08,21,2706,Hawk/Capitol Station - Washington Ave & Hawk St (02706),0,3,5,,,26413,07:20:13,,,26435,07:20:35,22,00:00:22,doors opened
07/08/2025,12,4116,Tuesday,Weekday,East,15649525,24300,06:45:00,24428,06:47:08,20,1789,Washington Ave & S. Swan St (01789),0,3,8,,,26303,07:18:23,,,26389,07:19:49,86,00:01:26,doors opened
07/08/2025,12,4116,Tuesday,Weekday,East,15649525,24300,06:45:00,24428,06:47:08,19,1788,Washington Ave & Dove St (01788),0,0,11,,,26281,07:18:01,,,26281,07:18:01,0,00:00:00,door not opened
07/08/2025,12,4116,Tuesday,Weekday,East,15649525,24300,06:45:00,24428,06:47:08,18,2663,Lark/Library Station - Washington Ave & Lark St (02663),0,2,11,25800.0,07:10:00,26222,07:17:02,25800.0,07:10:00,26238,07:17:18,16,00:00:16,doors opened
07/08/2025,12,4116,Tuesday,Weekday,East,15649525,24300,06:45:00,24428,06:47:08,17,263,Washington Ave & Henry Johnson Blvd (00263),0,0,13,,,26188,07:16:28,,,26188,07:16:28,0,00:00:00,door not opened
07/08/2025,12,4116,Tuesday,Weekday,East,15649525,24300,06:45:00,24428,06:47:08,16,2096,Washington Ave & Lexington Ave (02096),0,1,13,,,26049,07:14:09,,,26154,07:15:54,105,00:01:45,doors opened
07/08/2025,12,4116,Tuesday,Weekday,East,15649525,24300,06:45:00,24428,06:47:08,15,3253,Washington Ave & Robin St (Draper Hall) (03253),0,0,14,,,26030,07:13:50,,,26030,07:13:50,0,00:00:00,door not opened
07/08/2025,12,4116,Tuesday,Weekday,East,15649525,24300,06:45:00,24428,06:47:08,14,2109,Washington Ave & N. Lake Ave (02109),2,1,14,,,25961,07:12:41,,,25998,07:13:18,37,00:00:37,doors opened
07/08/2025,12,4116,Tuesday,Weekday,East,15649525,24300,06:45:00,24428,06:47:08,13,3255,Washington Ave & Quail St (03255),1,0,13,,,25917,07:11:57,,,25931,07:12:11,14,00:00:14,doors opened
07/08/2025,12,4116,Tuesday,Weekday,East,15649525,24300,06:45:00,24428,06:47:08,12,3256,Washington Ave & Ontario St (03256),3,0,12,25500.0,07:05:00,25857,07:10:57,25500.0,07:05:00,25891,07:11:31,34,00:00:34,doors opened
07/08/2025,12,4116,Tuesday,Weekday,East,15649525,24300,06:45:00,24428,06:47:08,11,2107,Washington Ave & Partridge St (02107),0,0,9,,,25832,07:10:32,,,25832,07:10:32,0,00:00:00,door not opened
07/08/2025,12,4116,Tuesday,Weekday,East,15649525,24300,06:45:00,24428,06:47:08,10,3257,Washington Ave & N. Main Ave (03257),1,0,9,,,25729,07:08:49,,,25745,07:09:05,16,00:00:16,doors opened
07/08/2025,12,4116,Tuesday,Weekday,East,15649525,24300,06:45:00,24428,06:47:08,9,1796,Washington Ave & N. Allen St (01796),1,0,8,25320.0,07:02:00,25673,07:07:53,25320.0,07:02:00,25686,07:08:06,13,00:00:13,doors opened
07/08/2025,12,4116,Tuesday,Weekday,East,15649525,24300,06:45:00,24428,06:47:08,8,11581,Washington Ave & Manning Blvd (11581),1,0,7,,,25569,07:06:09,,,25618,07:06:58,49,00:00:49,doors opened
07/08/2025,12,4116,Tuesday,Weekday,East,15649525,24300,06:45:00,24428,06:47:08,7,2180,Washington Ave & Homestead Ave (02180),1,0,6,,,25524,07:05:24,,,25536,07:05:36,12,00:00:12,doors opened
07/08/2025,12,4116,Tuesday,Weekday,East,15649525,24300,06:45:00,24428,06:47:08,6,2182,Washington Ave & Hawthorne St (02182),0,0,5,,,25496,07:04:56,,,25496,07:04:56,0,00:00:00,door not opened
07/08/2025,12,4116,Tuesday,Weekday,East,15649525,24300,06:45:00,24428,06:47:08,5,3304,Washington Ave & Clermont St (03304),1,0,5,,,25448,07:04:08,,,25460,07:04:20,12,00:00:12,doors opened
07/08/2025,12,4116,Tuesday,Weekday,East,15649525,24300,06:45:00,24428,06:47:08,4,3348,Washington Ave & Brevator St (03348),0,0,4,,,25433,07:03:53,,,25433,07:03:53,0,00:00:00,door not opened
07/08/2025,12,4116,Tuesday,Weekday,East,15649525,24300,06:45:00,24428,06:47:08,3,10134,Washington Ave & SUNY Exit Rd (10134),1,0,4,,,25222,07:00:22,,,25289,07:01:29,67,00:01:07,doors opened
07/08/2025,12,4116,Tuesday,Weekday,East,15649525,24300,06:45:00,24428,06:47:08,2,7216,SUNY Collins Circle (07216),0,0,3,24840.0,06:54:00,25056,06:57:36,24840.0,06:54:00,25056,06:57:36,0,00:00:00,door not opened
07/08/2025,12,4116,Tuesday,Weekday,East,15649525,24300,06:45:00,24428,06:47:08,1,12827,Crossgates Commons Station (12827),2,0,3,24540.0,06:49:00,24738,06:52:18,24540.0,06:49:00,24760,06:52:40,22,00:00:22,doors opened
07/08/2025,12,4116,Tuesday,Weekday,East,15649525,24300,06:45:00,24428,06:47:08,0,7175,Crossgates Mall Station (07175),1,0,1,24300.0,06:45:00,24428,06:47:08,24300.0,06:45:00,24428,06:47:08,0,00:00:00,doors opened
07/08/2025,12,4116,Tuesday,Weekday,East,15649529,29700,08:15:00,29808,08:16:48,24,3940,Broadway & Steuben St (03940),0,3,0,32040.0,08:54:00,32103,08:55:03,32040.0,08:54:00,32103,08:55:03,0,00:00:00,doors opened
07/08/2025,12,4116,Tuesday,Weekday,East,15649529,29700,08:15:00,29808,08:16:48,23,2509,State/Downtown Station - State St & S. Pearl St (02509),0,8,3,31860.0,08:51:00,31970,08:52:50,31860.0,08:51:00,32024,08:53:44,54,00:00:54,doors opened
07/08/2025,12,4116,Tuesday,Weekday,East,15649529,29700,08:15:00,29808,08:16:48,22,1787,State St & Eagle St (01787),0,0,11,,,31953,08:52:33,,,31953,08:52:33,0,00:00:00,door not opened
07/08/2025,12,4116,Tuesday,Weekday,East,15649529,29700,08:15:00,29808,08:16:48,21,2706,Hawk/Capitol Station - Washington Ave & Hawk St (02706),1,3,11,,,31797,08:49:57,,,31815,08:50:15,18,00:00:18,doors opened
07/08/2025,12,4116,Tuesday,Weekday,East,15649529,29700,08:15:00,29808,08:16:48,20,1789,Washington Ave & S. Swan St (01789),0,10,13,,,31740,08:49:00,,,31772,08:49:32,32,00:00:32,doors opened
07/08/2025,12,4116,Tuesday,Weekday,East,15649529,29700,08:15:00,29808,08:16:48,19,1788,Washington Ave & Dove St (01788),0,2,23,,,31698,08:48:18,,,31711,08:48:31,13,00:00:13,doors opened
07/08/2025,12,4116,Tuesday,Weekday,East,15649529,29700,08:15:00,29808,08:16:48,18,2663,Lark/Library Station - Washington Ave & Lark St (02663),0,1,25,31440.0,08:44:00,31608,08:46:48,31440.0,08:44:00,31673,08:47:53,65,00:01:05,doors opened
07/08/2025,12,4116,Tuesday,Weekday,East,15649529,29700,08:15:00,29808,08:16:48,17,263,Washington Ave & Henry Johnson Blvd (00263),1,1,26,,,31566,08:46:06,,,31584,08:46:24,18,00:00:18,doors opened
07/08/2025,12,4116,Tuesday,Weekday,East,15649529,29700,08:15:00,29808,08:16:48,16,2096,Washington Ave & Lexington Ave (02096),0,1,26,,,31432,08:43:52,,,31535,08:45:35,103,00:01:43,doors opened
07/08/2025,12,4116,Tuesday,Weekday,East,15649529,29700,08:15:00,29808,08:16:48,15,3253,Washington Ave & Robin St (Draper Hall) (03253),1,1,27,,,31385,08:43:05,,,31411,08:43:31,26,00:00:26,doors opened
07/08/2025,12,4116,Tuesday,Weekday,East,15649529,29700,08:15:00,29808,08:16:48,14,2109,Washington Ave & N. Lake Ave (02109),1,1,27,,,31345,08:42:25,,,31361,08:42:41,16,00:00:16,doors opened
07/08/2025,12,4116,Tuesday,Weekday,East,15649529,29700,08:15:00,29808,08:16:48,13,3255,Washington Ave & Quail St (03255),0,1,27,,,31278,08:41:18,,,31314,08:41:54,36,00:00:36,doors opened
07/08/2025,12,4116,Tuesday,Weekday,East,15649529,29700,08:15:00,29808,08:16:48,12,3256,Washington Ave & Ontario St (03256),0,0,28,31020.0,08:37:00,31257,08:40:57,31020.0,08:37:00,31257,08:40:57,0,00:00:00,door not opened
07/08/2025,12,4116,Tuesday,Weekday,East,15649529,29700,08:15:00,29808,08:16:48,11,2107,Washington Ave & Partridge St (02107),1,0,28,,,31199,08:39:59,,,31231,08:40:31,32,00:00:32,doors opened
07/08/2025,12,4116,Tuesday,Weekday,East,15649529,29700,08:15:00,29808,08:16:48,10,3257,Washington Ave & N. Main Ave (03257),3,0,27,,,31110,08:38:30,,,31138,08:38:58,28,00:00:28,doors opened
07/08/2025,12,4116,Tuesday,Weekday,East,15649529,29700,08:15:00,29808,08:16:48,9,1796,Washington Ave & N. Allen St (01796),2,1,24,30840.0,08:34:00,31053,08:37:33,30840.0,08:34:00,31076,08:37:56,23,00:00:23,doors opened
07/08/2025,12,4116,Tuesday,Weekday,East,15649529,29700,08:15:00,29808,08:16:48,8,11581,Washington Ave & Manning Blvd (11581),2,0,23,,,30979,08:36:19,,,31016,08:36:56,37,00:00:37,doors opened
07/08/2025,12,4116,Tuesday,Weekday,East,15649529,29700,08:15:00,29808,08:16:48,7,2180,Washington Ave & Homestead Ave (02180),5,0,21,,,30918,08:35:18,,,30950,08:35:50,32,00:00:32,doors opened
07/08/2025,12,4116,Tuesday,Weekday,East,15649529,29700,08:15:00,29808,08:16:48,6,2182,Washington Ave & Hawthorne St (02182),0,0,16,,,30892,08:34:52,,,30892,08:34:52,0,00:00:00,door not opened
07/08/2025,12,4116,Tuesday,Weekday,East,15649529,29700,08:15:00,29808,08:16:48,5,3304,Washington Ave & Clermont St (03304),1,1,16,,,30819,08:33:39,,,30872,08:34:32,53,00:00:53,doors opened
07/08/2025,12,4116,Tuesday,Weekday,East,15649529,29700,08:15:00,29808,08:16:48,4,3348,Washington Ave & Brevator St (03348),4,0,16,,,30772,08:32:52,,,30794,08:33:14,22,00:00:22,doors opened
07/08/2025,12,4116,Tuesday,Weekday,East,15649529,29700,08:15:00,29808,08:16:48,3,10134,Washington Ave & SUNY Exit Rd (10134),5,0,12,,,30625,08:30:25,,,30652,08:30:52,27,00:00:27,doors opened
07/08/2025,12,4116,Tuesday,Weekday,East,15649529,29700,08:15:00,29808,08:16:48,2,7216,SUNY Collins Circle (07216),1,0,7,30300.0,08:25:00,30482,08:28:02,30300.0,08:25:00,30502,08:28:22,20,00:00:20,doors opened
07/08/2025,12,4116,Tuesday,Weekday,East,15649529,29700,08:15:00,29808,08:16:48,1,12827,Crossgates Commons Station (12827),5,0,6,30000.0,08:20:00,30099,08:21:39,30000.0,08:20:00,30140,08:22:20,41,00:00:41,doors opened
07/08/2025,12,4116,Tuesday,Weekday,East,15649529,29700,08:15:00,29808,08:16:48,0,7175,Crossgates Mall Station (07175),1,0,1,29700.0,08:15:00,29808,08:16:48,29700.0,08:15:00,29808,08:16:48,0,00:00:00,doors opened
07/08/2025,12,4116,Tuesday,Weekday,East,15649522,19800,05:30:00,20169,05:36:09,11,2107,Washington Ave & Partridge St (02107),0,0,5,,,21289,05:54:49,,,21289,05:54:49,0,00:00:00,door not opened
07/08/2025,12,4116,Tuesday,Weekday,East,15649522,19800,05:30:00,20169,05:36:09,10,3257,Washington Ave & N. Main Ave (03257),0,0,5,,,21239,05:53:59,,,21239,05:53:59,0,00:00:00,door not opened
07/08/2025,12,4116,Tuesday,Weekday,East,15649522,19800,05:30:00,20169,05:36:09,9,1796,Washington Ave & N. Allen St (01796),1,0,5,20760.0,05:46:00,21158,05:52:38,20760.0,05:46:00,21170,05:52:50,12,00:00:12,doors opened
07/08/2025,12,4116,Tuesday,Weekday,East,15649522,19800,05:30:00,20169,05:36:09,8,11581,Washington Ave & Manning Blvd (11581),1,0,4,,,21108,05:51:48,,,21121,05:52:01,13,00:00:13,doors opened
07/08/2025,12,4116,Tuesday,Weekday,East,15649522,19800,05:30:00,20169,05:36:09,7,2180,Washington Ave & Homestead Ave (02180),1,0,3,,,21064,05:51:04,,,21079,05:51:19,15,00:00:15,doors opened
07/08/2025,12,4116,Tuesday,Weekday,East,15649522,19800,05:30:00,20169,05:36:09,6,2182,Washington Ave & Hawthorne St (02182),2,0,2,,,21007,05:50:07,,,21033,05:50:33,26,00:00:26,doors opened
07/08/2025,12,4116,Tuesday,Weekday,East,15649522,19800,05:30:00,20169,05:36:09,5,3304,Washington Ave & Clermont St (03304),0,1,0,,,20964,05:49:24,,,20975,05:49:35,11,00:00:11,doors opened
07/08/2025,12,4116,Tuesday,Weekday,East,15649522,19800,05:30:00,20169,05:36:09,4,3348,Washington Ave & Brevator St (03348),0,0,1,,,20951,05:49:11,,,20951,05:49:11,0,00:00:00,door not opened
07/08/2025,12,4116,Tuesday,Weekday,East,15649522,19800,05:30:00,20169,05:36:09,3,10134,Washington Ave & SUNY Exit Rd (10134),0,0,1,,,20852,05:47:32,,,20852,05:47:32,0,00:00:00,door not opened
07/08/2025,12,4116,Tuesday,Weekday,East,15649522,19800,05:30:00,20169,05:36:09,2,7216,SUNY Collins Circle (07216),0,0,1,20340.0,05:39:00,20751,05:45:51,20340.0,05:39:00,20751,05:45:51,0,00:00:00,door not opened
07/08/2025,12,4116,Tuesday,Weekday,East,15649522,19800,05:30:00,20169,05:36:09,1,12827,Crossgates Commons Station (12827),1,0,1,20040.0,05:34:00,20418,05:40:18,20040.0,05:34:00,20444,05:40:44,26,00:00:26,doors opened
07/08/2025,12,4116,Tuesday,Weekday,East,15649522,19800,05:30:00,20169,05:36:09,0,7175,Crossgates Mall Station (07175),0,0,0,19800.0,05:30:00,20169,05:36:09,19800.0,05:30:00,20169,05:36:09,0,00:00:00,doors opened
07/08/2025,12,4116,Tuesday,Weekday,East,15649522,19800,05:30:00,20169,05:36:09,24,3940,Broadway & Steuben St (03940),0,0,0,21540.0,05:59:00,21801,06:03:21,21540.0,05:59:00,21801,06:03:21,0,00:00:00,door not opened
07/08/2025,12,4116,Tuesday,Weekday,East,15649522,19800,05:30:00,20169,05:36:09,23,2509,State/Downtown Station - State St & S. Pearl St (02509),0,4,0,21420.0,05:57:00,21702,06:01:42,21420.0,05:57:00,21720,06:02:00,18,00:00:18,doors opened
07/08/2025,12,4116,Tuesday,Weekday,East,15649522,19800,05:30:00,20169,05:36:09,22,1787,State St & Eagle St (01787),0,0,4,,,21686,06:01:26,,,21686,06:01:26,0,00:00:00,door not opened
07/08/2025,12,4116,Tuesday,Weekday,East,15649522,19800,05:30:00,20169,05:36:09,21,2706,Hawk/Capitol Station - Washington Ave & Hawk St (02706),0,0,4,,,21646,06:00:46,,,21646,06:00:46,0,00:00:00,door not opened
07/08/2025,12,4116,Tuesday,Weekday,East,15649522,19800,05:30:00,20169,05:36:09,20,1789,Washington Ave & S. Swan St (01789),0,0,4,,,21623,06:00:23,,,21623,06:00:23,0,00:00:00,door not opened
07/08/2025,12,4116,Tuesday,Weekday,East,15649522,19800,05:30:00,20169,05:36:09,19,1788,Washington Ave & Dove St (01788),0,0,4,,,21603,06:00:03,,,21603,06:00:03,0,00:00:00,door not opened
07/08/2025,12,4116,Tuesday,Weekday,East,15649522,19800,05:30:00,20169,05:36:09,18,2663,Lark/Library Station - Washington Ave & Lark St (02663),0,0,4,21180.0,05:53:00,21583,05:59:43,21180.0,05:53:00,21583,05:59:43,0,00:00:00,door not opened
07/08/2025,12,4116,Tuesday,Weekday,East,15649522,19800,05:30:00,20169,05:36:09,17,263,Washington Ave & Henry Johnson Blvd (00263),0,0,4,,,21528,05:58:48,,,21528,05:58:48,0,00:00:00,door not opened
07/08/2025,12,4116,Tuesday,Weekday,East,15649522,19800,05:30:00,20169,05:36:09,16,2096,Washington Ave & Lexington Ave (02096),0,0,4,,,21504,05:58:24,,,21504,05:58:24,0,00:00:00,door not opened
07/08/2025,12,4116,Tuesday,Weekday,East,15649522,19800,05:30:00,20169,05:36:09,15,3253,Washington Ave & Robin St (Draper Hall) (03253),1,1,4,,,21461,05:57:41,,,21485,05:58:05,24,00:00:24,doors opened
07/08/2025,12,4116,Tuesday,Weekday,East,15649522,19800,05:30:00,20169,05:36:09,14,2109,Washington Ave & N. Lake Ave (02109),0,0,4,,,21440,05:57:20,,,21440,05:57:20,0,00:00:00,door not opened
07/08/2025,12,4116,Tuesday,Weekday,East,15649522,19800,05:30:00,20169,05:36:09,13,3255,Washington Ave & Quail St (03255),0,0,4,,,21386,05:56:26,,,21386,05:56:26,0,00:00:00,door not opened
07/08/2025,12,4116,Tuesday,Weekday,East,15649522,19800,05:30:00,20169,05:36:09,12,3256,Washington Ave & Ontario St (03256),0,1,4,20880.0,05:48:00,21309,05:55:09,20880.0,05:48:00,21325,05:55:25,16,00:00:16,doors opened
07/08/2025,12,4116,Tuesday,Weekday,East,15652737,52500,14:35:00,52506,14:35:06,24,3940,Broadway & Steuben St (03940),0,0,0,54780.0,15:13:00,54512,15:08:32,54780.0,15:13:00,54512,15:08:32,0,00:00:00,door not opened
07/08/2025,12,4116,Tuesday,Weekday,East,15652737,52500,14:35:00,52506,14:35:06,23,2509,State/Downtown Station - State St & S. Pearl St (02509),0,3,0,54600.0,15:10:00,54429,15:07:09,54600.0,15:10:00,54446,15:07:26,17,00:00:17,doors opened
07/08/2025,12,4116,Tuesday,Weekday,East,15652737,52500,14:35:00,52506,14:35:06,22,1787,State St & Eagle St (01787),0,0,3,,,54388,15:06:28,,,54388,15:06:28,0,00:00:00,door not opened
07/08/2025,12,4116,Tuesday,Weekday,East,15652737,52500,14:35:00,52506,14:35:06,21,2706,Hawk/Capitol Station - Washington Ave & Hawk St (02706),0,1,3,,,54269,15:04:29,,,54343,15:05:43,74,00:01:14,doors opened
07/08/2025,12,4116,Tuesday,Weekday,East,15652737,52500,14:35:00,52506,14:35:06,20,1789,Washington Ave & S. Swan St (01789),0,0,4,,,54247,15:04:07,,,54247,15:04:07,0,00:00:00,door not opened
07/08/2025,12,4116,Tuesday,Weekday,East,15652737,52500,14:35:00,52506,14:35:06,19,1788,Washington Ave & Dove St (01788),0,0,4,,,54221,15:03:41,,,54221,15:03:41,0,00:00:00,door not opened
07/08/2025,12,4116,Tuesday,Weekday,East,15652737,52500,14:35:00,52506,14:35:06,18,2663,Lark/Library Station - Washington Ave & Lark St (02663),0,3,4,54300.0,15:05:00,54178,15:02:58,54300.0,15:05:00,54204,15:03:24,26,00:00:26,doors opened
07/08/2025,12,4116,Tuesday,Weekday,East,15652737,52500,14:35:00,52506,14:35:06,17,263,Washington Ave & Henry Johnson Blvd (00263),0,1,7,,,54138,15:02:18,,,54153,15:02:33,15,00:00:15,doors opened
07/08/2025,12,4116,Tuesday,Weekday,East,15652737,52500,14:35:00,52506,14:35:06,16,2096,Washington Ave & Lexington Ave (02096),0,1,8,,,54076,15:01:16,,,54085,15:01:25,9,00:00:09,doors opened
07/08/2025,12,4116,Tuesday,Weekday,East,15652737,52500,14:35:00,52506,14:35:06,15,3253,Washington Ave & Robin St (Draper Hall) (03253),0,2,9,,,54037,15:00:37,,,54058,15:00:58,21,00:00:21,doors opened
07/08/2025,12,4116,Tuesday,Weekday,East,15652737,52500,14:35:00,52506,14:35:06,14,2109,Washington Ave & N. Lake Ave (02109),0,2,11,,,53989,14:59:49,,,54016,15:00:16,27,00:00:27,doors opened
07/08/2025,12,4116,Tuesday,Weekday,East,15652737,52500,14:35:00,52506,14:35:06,13,3255,Washington Ave & Quail St (03255),0,6,13,,,53929,14:58:49,,,53965,14:59:25,36,00:00:36,doors opened
07/08/2025,12,4116,Tuesday,Weekday,East,15652737,52500,14:35:00,52506,14:35:06,12,3256,Washington Ave & Ontario St (03256),0,1,19,53880.0,14:58:00,53890,14:58:10,53880.0,14:58:00,53908,14:58:28,18,00:00:18,doors opened
07/08/2025,12,4116,Tuesday,Weekday,East,15652737,52500,14:35:00,52506,14:35:06,11,2107,Washington Ave & Partridge St (02107),0,0,20,,,53871,14:57:51,,,53871,14:57:51,0,00:00:00,door not opened
07/08/2025,12,4116,Tuesday,Weekday,East,15652737,52500,14:35:00,52506,14:35:06,10,3257,Washington Ave & N. Main Ave (03257),0,1,20,,,53726,14:55:26,,,53757,14:55:57,31,00:00:31,doors opened
07/08/2025,12,4116,Tuesday,Weekday,East,15652737,52500,14:35:00,52506,14:35:06,9,1796,Washington Ave & N. Allen St (01796),2,1,21,53700.0,14:55:00,53676,14:54:36,53700.0,14:55:00,53696,14:54:56,20,00:00:20,doors opened
07/08/2025,12,4116,Tuesday,Weekday,East,15652737,52500,14:35:00,52506,14:35:06,8,11581,Washington Ave & Manning Blvd (11581),1,0,20,,,53623,14:53:43,,,53643,14:54:03,20,00:00:20,doors opened
07/08/2025,12,4116,Tuesday,Weekday,East,15652737,52500,14:35:00,52506,14:35:06,7,2180,Washington Ave & Homestead Ave (02180),0,1,19,,,53583,14:53:03,,,53599,14:53:19,16,00:00:16,doors opened
07/08/2025,12,4116,Tuesday,Weekday,East,15652737,52500,14:35:00,52506,14:35:06,6,2182,Washington Ave & Hawthorne St (02182),0,0,20,,,53559,14:52:39,,,53559,14:52:39,0,00:00:00,door not opened
07/08/2025,12,4116,Tuesday,Weekday,East,15652737,52500,14:35:00,52506,14:35:06,5,3304,Washington Ave & Clermont St (03304),1,0,20,,,53525,14:52:05,,,53534,14:52:14,9,00:00:09,doors opened
07/08/2025,12,4116,Tuesday,Weekday,East,15652737,52500,14:35:00,52506,14:35:06,4,3348,Washington Ave & Brevator St (03348),0,0,19,,,53510,14:51:50,,,53510,14:51:50,0,00:00:00,door not opened
07/08/2025,12,4116,Tuesday,Weekday,East,15652737,52500,14:35:00,52506,14:35:06,3,10134,Washington Ave & SUNY Exit Rd (10134),6,1,19,,,53351,14:49:11,,,53396,14:49:56,45,00:00:45,doors opened
07/08/2025,12,4116,Tuesday,Weekday,East,15652737,52500,14:35:00,52506,14:35:06,2,7216,SUNY Collins Circle (07216),2,1,14,53160.0,14:46:00,53149,14:45:49,53160.0,14:46:00,53174,14:46:14,25,00:00:25,doors opened
07/08/2025,12,4116,Tuesday,Weekday,East,15652737,52500,14:35:00,52506,14:35:06,1,12827,Crossgates Commons Station (12827),4,0,13,52860.0,14:41:00,52810,14:40:10,52860.0,14:41:00,52877,14:41:17,67,00:01:07,doors opened
07/08/2025,12,4116,Tuesday,Weekday,East,15652737,52500,14:35:00,52506,14:35:06,0,7175,Crossgates Mall Station (07175),9,0,9,52500.0,14:35:00,52506,14:35:06,52500.0,14:35:00,52506,14:35:06,0,00:00:00,doors opened
07/08/2025,12,4116,Tuesday,Weekday,West,15652739,55200,15:20:00,55244,15:20:44,3,3221,State Station - N. Pearl St & Ten Eyck Plaza (03221),1,0,4,,,55441,15:24:01,,,55453,15:24:13,12,00:00:12,doors opened
07/08/2025,12,4116,Tuesday,Weekday,West,15652739,55200,15:20:00,55244,15:20:44,2,3233,N. Pearl St & Sheridan Ave (03233),0,0,3,,,55350,15:22:30,,,55350,15:22:30,0,00:00:00,door not opened
07/08/2025,12,4116,Tuesday,Weekday,West,15652739,55200,15:20:00,55244,15:20:44,1,2168,Clinton Square Station - N. Pearl St & Clinton Ave (02168),0,0,3,,,55313,15:21:53,,,55313,15:21:53,0,00:00:00,door not opened
07/08/2025,12,4116,Tuesday,Weekday,West,15652739,55200,15:20:00,55244,15:20:44,0,9018,Broadway & Orange St (09018),3,0,3,55200.0,15:20:00,55244,15:20:44,55200.0,15:20:00,55244,15:20:44,0,00:00:00,doors opened
07/08/2025,12,4116,Tuesday,Weekday,West,15652739,55200,15:20:00,55244,15:20:44,26,7175,Crossgates Mall Station (07175),0,8,0,57780.0,16:03:00,57534,15:58:54,57780.0,16:03:00,57534,15:58:54,0,00:00:00,doors opened
07/08/2025,12,4116,Tuesday,Weekday,West,15652739,55200,15:20:00,55244,15:20:44,25,12828,Crossgates Commons Station (12828),0,1,8,57360.0,15:56:00,57264,15:54:24,57360.0,15:56:00,57276,15:54:36,12,00:00:12,doors opened
07/08/2025,12,4116,Tuesday,Weekday,West,15652739,55200,15:20:00,55244,15:20:44,24,12891,1475 Washington Ave (12891),0,1,9,,,57059,15:50:59,,,57066,15:51:06,7,00:00:07,doors opened
07/08/2025,12,4116,Tuesday,Weekday,West,15652739,55200,15:20:00,55244,15:20:44,23,7216,SUNY Collins Circle (07216),1,1,10,57000.0,15:50:00,56967,15:49:27,57000.0,15:50:00,56983,15:49:43,16,00:00:16,doors opened
07/08/2025,12,4116,Tuesday,Weekday,West,15652739,55200,15:20:00,55244,15:20:44,22,3262,1383 Washington Ave (Fairfield Inn) (03262),5,9,10,,,56784,15:46:24,,,56854,15:47:34,70,00:01:10,doors opened
07/08/2025,12,4116,Tuesday,Weekday,West,15652739,55200,15:20:00,55244,15:20:44,21,976,Washington Ave & Brevator St (00976),0,0,14,,,56639,15:43:59,,,56664,15:44:24,25,00:00:25,doors opened
07/08/2025,12,4116,Tuesday,Weekday,West,15652739,55200,15:20:00,55244,15:20:44,20,1959,Washington Ave & Colvin Ave (01959),0,1,14,,,56568,15:42:48,,,56617,15:43:37,49,00:00:49,doors opened
07/08/2025,12,4116,Tuesday,Weekday,West,15652739,55200,15:20:00,55244,15:20:44,19,3399,Washington Ave & Danker Ave (03399),0,1,15,,,56533,15:42:13,,,56545,15:42:25,12,00:00:12,doors opened
07/08/2025,12,4116,Tuesday,Weekday,West,15652739,55200,15:20:00,55244,15:20:44,18,1849,Washington Ave & Homestead Ave (01849),0,1,16,,,56498,15:41:38,,,56509,15:41:49,11,00:00:11,doors opened
07/08/2025,12,4116,Tuesday,Weekday,West,15652739,55200,15:20:00,55244,15:20:44,17,1846,Washington Ave & Manning Blvd (01846),0,0,17,,,56477,15:41:17,,,56477,15:41:17,0,00:00:00,door not opened
07/08/2025,12,4116,Tuesday,Weekday,West,15652739,55200,15:20:00,55244,15:20:44,16,3287,Washington Ave & N. Allen St (03287),4,3,17,56520.0,15:42:00,56353,15:39:13,56520.0,15:42:00,56383,15:39:43,30,00:00:30,doors opened
07/08/2025,12,4116,Tuesday,Weekday,West,15652739,55200,15:20:00,55244,15:20:44,15,3264,Washington Ave & N. Main Ave (03264),0,0,16,,,56331,15:38:51,,,56331,15:38:51,0,00:00:00,door not opened
07/08/2025,12,4116,Tuesday,Weekday,West,15652739,55200,15:20:00,55244,15:20:44,14,1839,Washington Ave & Partridge St (01839),0,0,16,,,56230,15:37:10,,,56230,15:37:10,0,00:00:00,door not opened
07/08/2025,12,4116,Tuesday,Weekday,West,15652739,55200,15:20:00,55244,15:20:44,13,1841,Washington Ave & Ontario St (01841),0,0,16,56220.0,15:37:00,56207,15:36:47,56220.0,15:37:00,56207,15:36:47,0,00:00:00,door not opened
07/08/2025,12,4116,Tuesday,Weekday,West,15652739,55200,15:20:00,55244,15:20:44,12,1837,Washington Ave & N. Lake Ave (01837),4,0,16,,,56110,15:35:10,,,56124,15:35:24,14,00:00:14,doors opened
07/08/2025,12,4116,Tuesday,Weekday,West,15652739,55200,15:20:00,55244,15:20:44,11,1843,Washington Ave & Robin St (01843),1,0,12,,,56075,15:34:35,,,56089,15:34:49,14,00:00:14,doors opened
07/08/2025,12,4116,Tuesday,Weekday,West,15652739,55200,15:20:00,55244,15:20:44,10,12943,Washington Ave & Lexington Ave (12943),0,0,11,,,56053,15:34:13,,,56053,15:34:13,0,00:00:00,door not opened
07/08/2025,12,4116,Tuesday,Weekday,West,15652739,55200,15:20:00,55244,15:20:44,9,12942,Washington Ave & Henry Johnson Blvd (12942),3,2,11,,,55928,15:32:08,,,55987,15:33:07,59,00:00:59,doors opened
07/08/2025,12,4116,Tuesday,Weekday,West,15652739,55200,15:20:00,55244,15:20:44,8,3239,Lark/Library Station - Washington Ave & Lark St (03239),0,1,10,55800.0,15:30:00,55779,15:29:39,55800.0,15:30:00,55814,15:30:14,35,00:00:35,doors opened
07/08/2025,12,4116,Tuesday,Weekday,West,15652739,55200,15:20:00,55244,15:20:44,7,3301,Washington Ave & S. Swan St (03301),2,0,11,,,55722,15:28:42,,,55744,15:29:04,22,00:00:22,doors opened
07/08/2025,12,4116,Tuesday,Weekday,West,15652739,55200,15:20:00,55244,15:20:44,6,3250,Hawk/Capitol Station - Washington Ave & Hawk St (03250),0,0,9,,,55696,15:28:16,,,55696,15:28:16,0,00:00:00,door not opened
07/08/2025,12,4116,Tuesday,Weekday,West,15652739,55200,15:20:00,55244,15:20:44,5,10087,State St & Eagle St (10087),0,0,9,,,55667,15:27:47,,,55667,15:27:47,0,00:00:00,door not opened
07/08/2025,12,4116,Tuesday,Weekday,West,15652739,55200,15:20:00,55244,15:20:44,4,2665,State/Downtown Station - State St & Lodge St (02665),5,0,9,55500.0,15:25:00,55478,15:24:38,55500.0,15:25:00,55594,15:26:34,116,00:01:56,doors opened
07/08/2025,12,4116,Tuesday,Weekday,East,15652740,58500,16:15:00,59471,16:31:11,24,3940,Broadway & Steuben St (03940),0,1,0,60840.0,16:54:00,61194,16:59:54,60840.0,16:54:00,61194,16:59:54,0,00:00:00,doors opened
07/08/2025,12,4116,Tuesday,Weekday,East,15652740,58500,16:15:00,59471,16:31:11,23,2509,State/Downtown Station - State St & S. Pearl St (02509),0,6,1,60660.0,16:51:00,61029,16:57:09,60660.0,16:51:00,61094,16:58:14,65,00:01:05,doors opened
07/08/2025,12,4116,Tuesday,Weekday,East,15652740,58500,16:15:00,59471,16:31:11,22,1787,State St & Eagle St (01787),0,0,7,,,61014,16:56:54,,,61014,16:56:54,0,00:00:00,door not opened
07/08/2025,12,4116,Tuesday,Weekday,East,15652740,58500,16:15:00,59471,16:31:11,21,2706,Hawk/Capitol Station - Washington Ave & Hawk St (02706),0,0,7,,,60886,16:54:46,,,60886,16:54:46,0,00:00:00,door not opened
07/08/2025,12,4116,Tuesday,Weekday,East,15652740,58500,16:15:00,59471,16:31:11,20,1789,Washington Ave & S. Swan St (01789),0,0,7,,,60848,16:54:08,,,60848,16:54:08,0,00:00:00,door not opened
07/08/2025,12,4116,Tuesday,Weekday,East,15652740,58500,16:15:00,59471,16:31:11,19,1788,Washington Ave & Dove St (01788),0,0,7,,,60813,16:53:33,,,60813,16:53:33,0,00:00:00,door not opened
07/08/2025,12,4116,Tuesday,Weekday,East,15652740,58500,16:15:00,59471,16:31:11,18,2663,Lark/Library Station - Washington Ave & Lark St (02663),2,1,7,60360.0,16:46:00,60764,16:52:44,60360.0,16:46:00,60781,16:53:01,17,00:00:17,doors opened
07/08/2025,12,4116,Tuesday,Weekday,East,15652740,58500,16:15:00,59471,16:31:11,17,263,Washington Ave & Henry Johnson Blvd (00263),0,0,6,,,60708,16:51:48,,,60708,16:51:48,0,00:00:00,door not opened
07/08/2025,12,4116,Tuesday,Weekday,East,15652740,58500,16:15:00,59471,16:31:11,16,2096,Washington Ave & Lexington Ave (02096),0,0,6,,,60557,16:49:17,,,60557,16:49:17,0,00:00:00,door not opened
07/08/2025,12,4116,Tuesday,Weekday,East,15652740,58500,16:15:00,59471,16:31:11,15,3253,Washington Ave & Robin St (Draper Hall) (03253),0,1,6,,,60522,16:48:42,,,60542,16:49:02,20,00:00:20,doors opened
07/08/2025,12,4116,Tuesday,Weekday,East,15652740,58500,16:15:00,59471,16:31:11,14,2109,Washington Ave & N. Lake Ave (02109),0,0,7,,,60504,16:48:24,,,60504,16:48:24,0,00:00:00,door not opened
07/08/2025,12,4116,Tuesday,Weekday,East,15652740,58500,16:15:00,59471,16:31:11,13,3255,Washington Ave & Quail St (03255),1,0,7,,,60420,16:47:00,,,60474,16:47:54,54,00:00:54,doors opened
07/08/2025,12,4116,Tuesday,Weekday,East,15652740,58500,16:15:00,59471,16:31:11,12,3256,Washington Ave & Ontario St (03256),0,0,6,59940.0,16:39:00,60404,16:46:44,59940.0,16:39:00,60404,16:46:44,0,00:00:00,door not opened
07/08/2025,12,4116,Tuesday,Weekday,East,15652740,58500,16:15:00,59471,16:31:11,11,2107,Washington Ave & Partridge St (02107),0,0,6,,,60357,16:45:57,,,60357,16:45:57,0,00:00:00,door not opened
07/08/2025,12,4116,Tuesday,Weekday,East,15652740,58500,16:15:00,59471,16:31:11,10,3257,Washington Ave & N. Main Ave (03257),0,1,6,,,60248,16:44:08,,,60283,16:44:43,35,00:00:35,doors opened
07/08/2025,12,4116,Tuesday,Weekday,East,15652740,58500,16:15:00,59471,16:31:11,9,1796,Washington Ave & N. Allen St (01796),0,1,7,59700.0,16:35:00,60207,16:43:27,59700.0,16:35:00,60218,16:43:38,11,00:00:11,doors opened
07/08/2025,12,4116,Tuesday,Weekday,East,15652740,58500,16:15:00,59471,16:31:11,8,11581,Washington Ave & Manning Blvd (11581),0,0,8,,,60178,16:42:58,,,60178,16:42:58,0,00:00:00,door not opened
07/08/2025,12,4116,Tuesday,Weekday,East,15652740,58500,16:15:00,59471,16:31:11,7,2180,Washington Ave & Homestead Ave (02180),0,0,8,,,60127,16:42:07,,,60127,16:42:07,0,00:00:00,door not opened
07/08/2025,12,4116,Tuesday,Weekday,East,15652740,58500,16:15:00,59471,16:31:11,6,2182,Washington Ave & Hawthorne St (02182),0,0,8,,,60102,16:41:42,,,60102,16:41:42,0,00:00:00,door not opened
07/08/2025,12,4116,Tuesday,Weekday,East,15652740,58500,16:15:00,59471,16:31:11,5,3304,Washington Ave & Clermont St (03304),0,1,8,,,60067,16:41:07,,,60079,16:41:19,12,00:00:12,doors opened
07/08/2025,12,4116,Tuesday,Weekday,East,15652740,58500,16:15:00,59471,16:31:11,4,3348,Washington Ave & Brevator St (03348),2,0,9,,,60028,16:40:28,,,60043,16:40:43,15,00:00:15,doors opened
07/08/2025,12,4116,Tuesday,Weekday,East,15652740,58500,16:15:00,59471,16:31:11,3,10134,Washington Ave & SUNY Exit Rd (10134),7,0,7,,,59883,16:38:03,,,59909,16:38:29,26,00:00:26,doors opened
07/08/2025,12,4116,Tuesday,Weekday,East,15652740,58500,16:15:00,59471,16:31:11,0,7175,Crossgates Mall Station (07175),0,0,0,58500.0,16:15:00,59471,16:31:11,58500.0,16:15:00,59471,16:31:11,0,00:00:00,doors opened
07/08/2025,12,4116,Tuesday,Weekday,West,15652742,61200,17:00:00,61571,17:06:11,1,2168,Clinton Square Station - N. Pearl St & Clinton Ave (02168),2,0,5,,,61611,17:06:51,,,61650,17:07:30,39,00:00:39,doors opened
07/08/2025,12,4116,Tuesday,Weekday,West,15652742,61200,17:00:00,61571,17:06:11,0,9018,Broadway & Orange St (09018),3,0,3,61200.0,17:00:00,61571,17:06:11,61200.0,17:00:00,61571,17:06:11,0,00:00:00,doors opened
07/08/2025,12,4116,Tuesday,Weekday,West,15652742,61200,17:00:00,61571,17:06:11,27,7175,Crossgates Mall Station (07175),0,10,0,63840.0,17:44:00,63758,17:42:38,63840.0,17:44:00,63758,17:42:38,0,00:00:00,doors opened
07/08/2025,12,4116,Tuesday,Weekday,West,15652742,61200,17:00:00,61571,17:06:11,26,12828,Crossgates Commons Station (12828),0,8,10,63420.0,17:37:00,63530,17:38:50,63420.0,17:37:00,63565,17:39:25,35,00:00:35,doors opened
07/08/2025,12,4116,Tuesday,Weekday,West,15652742,61200,17:00:00,61571,17:06:11,25,12891,1475 Washington Ave (12891),2,1,18,,,63336,17:35:36,,,63350,17:35:50,14,00:00:14,doors opened
07/08/2025,12,4116,Tuesday,Weekday,West,15652742,61200,17:00:00,61571,17:06:11,24,7216,SUNY Collins Circle (07216),2,4,17,63000.0,17:30:00,63247,17:34:07,63000.0,17:30:00,63266,17:34:26,19,00:00:19,doors opened
07/08/2025,12,4116,Tuesday,Weekday,West,15652742,61200,17:00:00,61571,17:06:11,23,3262,1383 Washington Ave (Fairfield Inn) (03262),1,5,19,,,63079,17:31:19,,,63129,17:32:09,50,00:00:50,doors opened
07/08/2025,12,4116,Tuesday,Weekday,West,15652742,61200,17:00:00,61571,17:06:11,22,976,Washington Ave & Brevator St (00976),3,3,23,,,62937,17:28:57,,,62966,17:29:26,29,00:00:29,doors opened
07/08/2025,12,4116,Tuesday,Weekday,West,15652742,61200,17:00:00,61571,17:06:11,21,1959,Washington Ave & Colvin Ave (01959),3,2,23,,,62864,17:27:44,,,62915,17:28:35,51,00:00:51,doors opened
07/08/2025,12,4116,Tuesday,Weekday,West,15652742,61200,17:00:00,61571,17:06:11,20,3399,Washington Ave & Danker Ave (03399),0,2,22,,,62821,17:27:01,,,62841,17:27:21,20,00:00:20,doors opened
07/08/2025,12,4116,Tuesday,Weekday,West,15652742,61200,17:00:00,61571,17:06:11,19,1849,Washington Ave & Homestead Ave (01849),0,4,24,,,62779,17:26:19,,,62797,17:26:37,18,00:00:18,doors opened
07/08/2025,12,4116,Tuesday,Weekday,West,15652742,61200,17:00:00,61571,17:06:11,18,1846,Washington Ave & Manning Blvd (01846),0,0,28,,,62762,17:26:02,,,62762,17:26:02,0,00:00:00,door not opened
07/08/2025,12,4116,Tuesday,Weekday,West,15652742,61200,17:00:00,61571,17:06:11,17,3287,Washington Ave & N. Allen St (03287),1,3,28,62520.0,17:22:00,62714,17:25:14,62520.0,17:22:00,62735,17:25:35,21,00:00:21,doors opened
07/08/2025,12,4116,Tuesday,Weekday,West,15652742,61200,17:00:00,61571,17:06:11,16,3264,Washington Ave & N. Main Ave (03264),2,2,30,,,62644,17:24:04,,,62686,17:24:46,42,00:00:42,doors opened
07/08/2025,12,4116,Tuesday,Weekday,West,15652742,61200,17:00:00,61571,17:06:11,15,1839,Washington Ave & Partridge St (01839),1,0,30,,,62526,17:22:06,,,62567,17:22:47,41,00:00:41,doors opened
07/08/2025,12,4116,Tuesday,Weekday,West,15652742,61200,17:00:00,61571,17:06:11,14,1841,Washington Ave & Ontario St (01841),1,0,29,62280.0,17:18:00,62490,17:21:30,62280.0,17:18:00,62503,17:21:43,13,00:00:13,doors opened
07/08/2025,12,4116,Tuesday,Weekday,West,15652742,61200,17:00:00,61571,17:06:11,13,1842,Washington Ave & Quail St (01842),0,4,28,,,62447,17:20:47,,,62469,17:21:09,22,00:00:22,doors opened
07/08/2025,12,4116,Tuesday,Weekday,West,15652742,61200,17:00:00,61571,17:06:11,12,1837,Washington Ave & N. Lake Ave (01837),1,0,32,,,62404,17:20:04,,,62423,17:20:23,19,00:00:19,doors opened
07/08/2025,12,4116,Tuesday,Weekday,West,15652742,61200,17:00:00,61571,17:06:11,11,1843,Washington Ave & Robin St (01843),0,1,31,,,62370,17:19:30,,,62382,17:19:42,12,00:00:12,doors opened
07/08/2025,12,4116,Tuesday,Weekday,West,15652742,61200,17:00:00,61571,17:06:11,10,12943,Washington Ave & Lexington Ave (12943),0,0,32,,,62348,17:19:08,,,62348,17:19:08,0,00:00:00,door not opened
07/08/2025,12,4116,Tuesday,Weekday,West,15652742,61200,17:00:00,61571,17:06:11,9,12942,Washington Ave & Henry Johnson Blvd (12942),1,0,32,,,62295,17:18:15,,,62305,17:18:25,10,00:00:10,doors opened
07/08/2025,12,4116,Tuesday,Weekday,West,15652742,61200,17:00:00,61571,17:06:11,8,3239,Lark/Library Station - Washington Ave & Lark St (03239),4,2,31,61860.0,17:11:00,62161,17:16:01,61860.0,17:11:00,62241,17:17:21,80,00:01:20,doors opened
07/08/2025,12,4116,Tuesday,Weekday,West,15652742,61200,17:00:00,61571,17:06:11,7,3301,Washington Ave & S. Swan St (03301),14,0,29,,,62055,17:14:15,,,62125,17:15:25,70,00:01:10,doors opened
07/08/2025,12,4116,Tuesday,Weekday,West,15652742,61200,17:00:00,61571,17:06:11,6,3250,Hawk/Capitol Station - Washington Ave & Hawk St (03250),3,1,15,,,61953,17:12:33,,,62030,17:13:50,77,00:01:17,doors opened
07/08/2025,12,4116,Tuesday,Weekday,West,15652742,61200,17:00:00,61571,17:06:11,5,10087,State St & Eagle St (10087),0,0,13,,,61925,17:12:05,,,61925,17:12:05,0,00:00:00,door not opened
07/08/2025,12,4116,Tuesday,Weekday,West,15652742,61200,17:00:00,61571,17:06:11,4,2665,State/Downtown Station - State St & Lodge St (02665),4,0,13,61500.0,17:05:00,61833,17:10:33,61500.0,17:05:00,61864,17:11:04,31,00:00:31,doors opened
07/08/2025,12,4116,Tuesday,Weekday,West,15652742,61200,17:00:00,61571,17:06:11,3,3221,State Station - N. Pearl St & Ten Eyck Plaza (03221),4,0,9,,,61734,17:08:54,,,61811,17:10:11,77,00:01:17,doors opened
07/08/2025,12,4116,Tuesday,Weekday,West,15652742,61200,17:00:00,61571,17:06:11,2,3233,N. Pearl St & Sheridan Ave (03233),0,0,5,,,61675,17:07:55,,,61675,17:07:55,0,00:00:00,door not opened
07/08/2025,12,4126,Tuesday,Weekday,West,15651688,75900,21:05:00,75994,21:06:34,27,7175,Crossgates Mall Station (07175),0,2,0,78000.0,21:40:00,78319,21:45:19,78000.0,21:40:00,78319,21:45:19,0,00:00:00,doors opened
07/08/2025,12,4126,Tuesday,Weekday,West,15651688,75900,21:05:00,75994,21:06:34,26,12828,Crossgates Commons Station (12828),1,3,2,77580.0,21:33:00,78033,21:40:33,77580.0,21:33:00,78059,21:40:59,26,00:00:26,doors opened
07/08/2025,12,4126,Tuesday,Weekday,West,15651688,75900,21:05:00,75994,21:06:34,25,12891,1475 Washington Ave (12891),0,0,4,,,77827,21:37:07,,,77827,21:37:07,0,00:00:00,door not opened
07/08/2025,12,4126,Tuesday,Weekday,West,15651688,75900,21:05:00,75994,21:06:34,24,7216,SUNY Collins Circle (07216),1,4,4,77280.0,21:28:00,77610,21:33:30,77280.0,21:28:00,77667,21:34:27,57,00:00:57,doors opened
07/08/2025,12,4126,Tuesday,Weekday,West,15651688,75900,21:05:00,75994,21:06:34,23,3262,1383 Washington Ave (Fairfield Inn) (03262),0,1,7,,,77498,21:31:38,,,77508,21:31:48,10,00:00:10,doors opened
07/08/2025,12,4126,Tuesday,Weekday,West,15651688,75900,21:05:00,75994,21:06:34,22,976,Washington Ave & Brevator St (00976),0,0,8,,,77369,21:29:29,,,77369,21:29:29,0,00:00:00,door not opened
07/08/2025,12,4126,Tuesday,Weekday,West,15651688,75900,21:05:00,75994,21:06:34,21,1959,Washington Ave & Colvin Ave (01959),0,1,8,,,77317,21:28:37,,,77328,21:28:48,11,00:00:11,doors opened
07/08/2025,12,4126,Tuesday,Weekday,West,15651688,75900,21:05:00,75994,21:06:34,20,3399,Washington Ave & Danker Ave (03399),0,0,9,,,77288,21:28:08,,,77288,21:28:08,0,00:00:00,door not opened
07/08/2025,12,4126,Tuesday,Weekday,West,15651688,75900,21:05:00,75994,21:06:34,19,1849,Washington Ave & Homestead Ave (01849),1,0,9,,,77248,21:27:28,,,77260,21:27:40,12,00:00:12,doors opened
07/08/2025,12,4126,Tuesday,Weekday,West,15651688,75900,21:05:00,75994,21:06:34,18,1846,Washington Ave & Manning Blvd (01846),0,1,8,,,77180,21:26:20,,,77215,21:26:55,35,00:00:35,doors opened
07/08/2025,12,4126,Tuesday,Weekday,West,15651688,75900,21:05:00,75994,21:06:34,17,3287,Washington Ave & N. Allen St (03287),1,0,9,76920.0,21:22:00,77078,21:24:38,76920.0,21:22:00,77140,21:25:40,62,00:01:02,doors opened
07/08/2025,12,4126,Tuesday,Weekday,West,15651688,75900,21:05:00,75994,21:06:34,16,3264,Washington Ave & N. Main Ave (03264),0,0,8,,,77044,21:24:04,,,77044,21:24:04,0,00:00:00,door not opened
07/08/2025,12,4126,Tuesday,Weekday,West,15651688,75900,21:05:00,75994,21:06:34,15,1839,Washington Ave & Partridge St (01839),0,0,8,,,76984,21:23:04,,,76984,21:23:04,0,00:00:00,door not opened
07/08/2025,12,4126,Tuesday,Weekday,West,15651688,75900,21:05:00,75994,21:06:34,14,1841,Washington Ave & Ontario St (01841),0,0,8,76740.0,21:19:00,76965,21:22:45,76740.0,21:19:00,76965,21:22:45,0,00:00:00,door not opened
07/08/2025,12,4126,Tuesday,Weekday,West,15651688,75900,21:05:00,75994,21:06:34,13,1842,Washington Ave & Quail St (01842),2,0,8,,,76843,21:20:43,,,76936,21:22:16,93,00:01:33,doors opened
07/08/2025,12,4126,Tuesday,Weekday,West,15651688,75900,21:05:00,75994,21:06:34,12,1837,Washington Ave & N. Lake Ave (01837),0,0,6,,,76812,21:20:12,,,76812,21:20:12,0,00:00:00,door not opened
07/08/2025,12,4126,Tuesday,Weekday,West,15651688,75900,21:05:00,75994,21:06:34,11,1843,Washington Ave & Robin St (01843),1,0,6,,,76756,21:19:16,,,76767,21:19:27,11,00:00:11,doors opened
07/08/2025,12,4126,Tuesday,Weekday,West,15651688,75900,21:05:00,75994,21:06:34,10,12943,Washington Ave & Lexington Ave (12943),0,0,5,,,76729,21:18:49,,,76729,21:18:49,0,00:00:00,door not opened
07/08/2025,12,4126,Tuesday,Weekday,West,15651688,75900,21:05:00,75994,21:06:34,9,12942,Washington Ave & Henry Johnson Blvd (12942),0,0,5,,,76669,21:17:49,,,76669,21:17:49,0,00:00:00,door not opened
07/08/2025,12,4126,Tuesday,Weekday,West,15651688,75900,21:05:00,75994,21:06:34,8,3239,Lark/Library Station - Washington Ave & Lark St (03239),1,0,5,76380.0,21:13:00,76520,21:15:20,76380.0,21:13:00,76537,21:15:37,17,00:00:17,doors opened
07/08/2025,12,4126,Tuesday,Weekday,West,15651688,75900,21:05:00,75994,21:06:34,7,3301,Washington Ave & S. Swan St (03301),1,0,4,,,76463,21:14:23,,,76479,21:14:39,16,00:00:16,doors opened
07/08/2025,12,4126,Tuesday,Weekday,West,15651688,75900,21:05:00,75994,21:06:34,6,3250,Hawk/Capitol Station - Washington Ave & Hawk St (03250),0,0,3,,,76438,21:13:58,,,76438,21:13:58,0,00:00:00,door not opened
07/08/2025,12,4126,Tuesday,Weekday,West,15651688,75900,21:05:00,75994,21:06:34,5,10087,State St & Eagle St (10087),0,0,3,,,76409,21:13:29,,,76409,21:13:29,0,00:00:00,door not opened
07/08/2025,12,4126,Tuesday,Weekday,West,15651688,75900,21:05:00,75994,21:06:34,4,2665,State/Downtown Station - State St & Lodge St (02665),2,0,3,76140.0,21:09:00,76280,21:11:20,76140.0,21:09:00,76303,21:11:43,23,00:00:23,doors opened
07/08/2025,12,4126,Tuesday,Weekday,West,15651688,75900,21:05:00,75994,21:06:34,3,3221,State Station - N. Pearl St & Ten Eyck Plaza (03221),0,0,1,,,76160,21:09:20,,,76250,21:10:50,90,00:01:30,doors opened
07/08/2025,12,4126,Tuesday,Weekday,West,15651688,75900,21:05:00,75994,21:06:34,2,3233,N. Pearl St & Sheridan Ave (03233),0,0,1,,,76096,21:08:16,,,76096,21:08:16,0,00:00:00,door not opened
07/08/2025,12,4126,Tuesday,Weekday,West,15651688,75900,21:05:00,75994,21:06:34,1,2168,Clinton Square Station - N. Pearl St & Clinton Ave (02168),2,1,1,,,76048,21:07:28,,,76078,21:07:58,30,00:00:30,doors opened
07/08/2025,12,4126,Tuesday,Weekday,West,15651688,75900,21:05:00,75994,21:06:34,0,9018,Broadway & Orange St (09018),0,0,0,75900.0,21:05:00,75994,21:06:34,75900.0,21:05:00,75994,21:06:34,0,00:00:00,door not opened
07/08/2025,12,4126,Tuesday,Weekday,East,15651681,66900,18:35:00,66975,18:36:15,22,1787,State St & Eagle St (01787),0,0,2,,,68979,19:09:39,,,68979,19:09:39,0,00:00:00,door not opened
07/08/2025,12,4126,Tuesday,Weekday,East,15651681,66900,18:35:00,66975,18:36:15,21,2706,Hawk/Capitol Station - Washington Ave & Hawk St (02706),0,0,2,,,68860,19:07:40,,,68860,19:07:40,0,00:00:00,door not opened
07/08/2025,12,4126,Tuesday,Weekday,East,15651681,66900,18:35:00,66975,18:36:15,20,1789,Washington Ave & S. Swan St (01789),0,0,2,,,68838,19:07:18,,,68838,19:07:18,0,00:00:00,door not opened
07/08/2025,12,4126,Tuesday,Weekday,East,15651681,66900,18:35:00,66975,18:36:15,19,1788,Washington Ave & Dove St (01788),0,0,2,,,68817,19:06:57,,,68817,19:06:57,0,00:00:00,door not opened
07/08/2025,12,4126,Tuesday,Weekday,East,15651681,66900,18:35:00,66975,18:36:15,18,2663,Lark/Library Station - Washington Ave & Lark St (02663),0,0,2,68520.0,19:02:00,68797,19:06:37,68520.0,19:02:00,68797,19:06:37,0,00:00:00,door not opened
07/08/2025,12,4126,Tuesday,Weekday,East,15651681,66900,18:35:00,66975,18:36:15,17,263,Washington Ave & Henry Johnson Blvd (00263),0,0,2,,,68743,19:05:43,,,68743,19:05:43,0,00:00:00,door not opened
07/08/2025,12,4126,Tuesday,Weekday,East,15651681,66900,18:35:00,66975,18:36:15,16,2096,Washington Ave & Lexington Ave (02096),0,0,2,,,68654,19:04:14,,,68654,19:04:14,0,00:00:00,door not opened
07/08/2025,12,4126,Tuesday,Weekday,East,15651681,66900,18:35:00,66975,18:36:15,15,3253,Washington Ave & Robin St (Draper Hall) (03253),0,0,2,,,68617,19:03:37,,,68617,19:03:37,0,00:00:00,door not opened
07/08/2025,12,4126,Tuesday,Weekday,East,15651681,66900,18:35:00,66975,18:36:15,14,2109,Washington Ave & N. Lake Ave (02109),0,3,2,,,68570,19:02:50,,,68588,19:03:08,18,00:00:18,doors opened
07/08/2025,12,4126,Tuesday,Weekday,East,15651681,66900,18:35:00,66975,18:36:15,13,3255,Washington Ave & Quail St (03255),0,3,5,,,68485,19:01:25,,,68538,19:02:18,53,00:00:53,doors opened
07/08/2025,12,4126,Tuesday,Weekday,East,15651681,66900,18:35:00,66975,18:36:15,12,3256,Washington Ave & Ontario St (03256),1,1,8,68160.0,18:56:00,68442,19:00:42,68160.0,18:56:00,68458,19:00:58,16,00:00:16,doors opened
07/08/2025,12,4126,Tuesday,Weekday,East,15651681,66900,18:35:00,66975,18:36:15,11,2107,Washington Ave & Partridge St (02107),0,0,8,,,68416,19:00:16,,,68416,19:00:16,0,00:00:00,door not opened
07/08/2025,12,4126,Tuesday,Weekday,East,15651681,66900,18:35:00,66975,18:36:15,10,3257,Washington Ave & N. Main Ave (03257),0,2,8,,,68302,18:58:22,,,68321,18:58:41,19,00:00:19,doors opened
07/08/2025,12,4126,Tuesday,Weekday,East,15651681,66900,18:35:00,66975,18:36:15,24,3940,Broadway & Steuben St (03940),0,0,0,69000.0,19:10:00,69116,19:11:56,69000.0,19:10:00,69116,19:11:56,0,00:00:00,door not opened
07/08/2025,12,4126,Tuesday,Weekday,East,15651681,66900,18:35:00,66975,18:36:15,23,2509,State/Downtown Station - State St & S. Pearl St (02509),0,2,0,68820.0,19:07:00,68999,19:09:59,68820.0,19:07:00,69016,19:10:16,17,00:00:17,doors opened
07/08/2025,12,4126,Tuesday,Weekday,East,15651681,66900,18:35:00,66975,18:36:15,9,1796,Washington Ave & N. Allen St (01796),1,1,10,67980.0,18:53:00,68253,18:57:33,67980.0,18:53:00,68264,18:57:44,11,00:00:11,doors opened
07/08/2025,12,4126,Tuesday,Weekday,East,15651681,66900,18:35:00,66975,18:36:15,8,11581,Washington Ave & Manning Blvd (11581),0,1,10,,,68208,18:56:48,,,68218,18:56:58,10,00:00:10,doors opened
07/08/2025,12,4126,Tuesday,Weekday,East,15651681,66900,18:35:00,66975,18:36:15,7,2180,Washington Ave & Homestead Ave (02180),0,2,11,,,68165,18:56:05,,,68180,18:56:20,15,00:00:15,doors opened
07/08/2025,12,4126,Tuesday,Weekday,East,15651681,66900,18:35:00,66975,18:36:15,6,2182,Washington Ave & Hawthorne St (02182),0,1,13,,,68125,18:55:25,,,68134,18:55:34,9,00:00:09,doors opened
07/08/2025,12,4126,Tuesday,Weekday,East,15651681,66900,18:35:00,66975,18:36:15,5,3304,Washington Ave & Clermont St (03304),0,0,14,,,68100,18:55:00,,,68100,18:55:00,0,00:00:00,door not opened
07/08/2025,12,4126,Tuesday,Weekday,East,15651681,66900,18:35:00,66975,18:36:15,4,3348,Washington Ave & Brevator St (03348),0,2,14,,,68065,18:54:25,,,68078,18:54:38,13,00:00:13,doors opened
07/08/2025,12,4126,Tuesday,Weekday,East,15651681,66900,18:35:00,66975,18:36:15,3,10134,Washington Ave & SUNY Exit Rd (10134),1,0,16,,,67905,18:51:45,,,67928,18:52:08,23,00:00:23,doors opened
07/08/2025,12,4126,Tuesday,Weekday,East,15651681,66900,18:35:00,66975,18:36:15,2,7216,SUNY Collins Circle (07216),2,1,15,67500.0,18:45:00,67743,18:49:03,67500.0,18:45:00,67761,18:49:21,18,00:00:18,doors opened
07/08/2025,12,4126,Tuesday,Weekday,East,15651681,66900,18:35:00,66975,18:36:15,1,12827,Crossgates Commons Station (12827),8,0,14,67200.0,18:40:00,67356,18:42:36,67200.0,18:40:00,67398,18:43:18,42,00:00:42,doors opened
07/08/2025,12,4126,Tuesday,Weekday,East,15651681,66900,18:35:00,66975,18:36:15,0,7175,Crossgates Mall Station (07175),6,0,6,66900.0,18:35:00,66975,18:36:15,66900.0,18:35:00,66975,18:36:15,0,00:00:00,doors opened
07/08/2025,12,4131,Tuesday,Weekday,West,15649848,36000,10:00:00,36277,10:04:37,27,7175,Crossgates Mall Station (07175),0,8,0,38400.0,10:40:00,38710,10:45:10,38400.0,10:40:00,38710,10:45:10,0,00:00:00,doors opened
07/08/2025,12,4131,Tuesday,Weekday,West,15649848,36000,10:00:00,36277,10:04:37,26,12828,Crossgates Commons Station (12828),1,8,8,37980.0,10:33:00,38081,10:34:41,37980.0,10:33:00,38190,10:36:30,109,00:01:49,doors opened
07/08/2025,12,4131,Tuesday,Weekday,West,15649848,36000,10:00:00,36277,10:04:37,25,12891,1475 Washington Ave (12891),0,0,15,,,37944,10:32:24,,,37944,10:32:24,0,00:00:00,door not opened
07/08/2025,12,4131,Tuesday,Weekday,West,15649848,36000,10:00:00,36277,10:04:37,24,7216,SUNY Collins Circle (07216),0,4,15,37620.0,10:27:00,37810,10:30:10,37620.0,10:27:00,37825,10:30:25,15,00:00:15,doors opened
07/08/2025,12,4131,Tuesday,Weekday,West,15649848,36000,10:00:00,36277,10:04:37,23,3262,1383 Washington Ave (Fairfield Inn) (03262),0,2,19,,,37681,10:28:01,,,37694,10:28:14,13,00:00:13,doors opened
07/08/2025,12,4131,Tuesday,Weekday,West,15649848,36000,10:00:00,36277,10:04:37,22,976,Washington Ave & Brevator St (00976),0,1,21,,,37513,10:25:13,,,37527,10:25:27,14,00:00:14,doors opened
07/08/2025,12,4131,Tuesday,Weekday,West,15649848,36000,10:00:00,36277,10:04:37,21,1959,Washington Ave & Colvin Ave (01959),0,0,22,,,37489,10:24:49,,,37489,10:24:49,0,00:00:00,door not opened
07/08/2025,12,4131,Tuesday,Weekday,West,15649848,36000,10:00:00,36277,10:04:37,20,3399,Washington Ave & Danker Ave (03399),0,0,22,,,37462,10:24:22,,,37462,10:24:22,0,00:00:00,door not opened
07/08/2025,12,4131,Tuesday,Weekday,West,15649848,36000,10:00:00,36277,10:04:37,19,1849,Washington Ave & Homestead Ave (01849),1,0,22,,,37430,10:23:50,,,37439,10:23:59,9,00:00:09,doors opened
07/08/2025,12,4131,Tuesday,Weekday,West,15649848,36000,10:00:00,36277,10:04:37,18,1846,Washington Ave & Manning Blvd (01846),1,0,21,,,37350,10:22:30,,,37404,10:23:24,54,00:00:54,doors opened
07/08/2025,12,4131,Tuesday,Weekday,West,15649848,36000,10:00:00,36277,10:04:37,17,3287,Washington Ave & N. Allen St (03287),9,0,20,37200.0,10:20:00,37286,10:21:26,37200.0,10:20:00,37319,10:21:59,33,00:00:33,doors opened
07/08/2025,12,4131,Tuesday,Weekday,West,15649848,36000,10:00:00,36277,10:04:37,16,3264,Washington Ave & N. Main Ave (03264),1,0,11,,,37216,10:20:16,,,37255,10:20:55,39,00:00:39,doors opened
07/08/2025,12,4131,Tuesday,Weekday,West,15649848,36000,10:00:00,36277,10:04:37,15,1839,Washington Ave & Partridge St (01839),0,0,10,,,37129,10:18:49,,,37129,10:18:49,0,00:00:00,door not opened
07/08/2025,12,4131,Tuesday,Weekday,West,15649848,36000,10:00:00,36277,10:04:37,14,1841,Washington Ave & Ontario St (01841),3,0,10,36960.0,10:16:00,37062,10:17:42,36960.0,10:16:00,37093,10:18:13,31,00:00:31,doors opened
07/08/2025,12,4131,Tuesday,Weekday,West,15649848,36000,10:00:00,36277,10:04:37,13,1842,Washington Ave & Quail St (01842),0,0,7,,,37040,10:17:20,,,37040,10:17:20,0,00:00:00,door not opened
07/08/2025,12,4131,Tuesday,Weekday,West,15649848,36000,10:00:00,36277,10:04:37,12,1837,Washington Ave & N. Lake Ave (01837),2,1,7,,,36814,10:13:34,,,36983,10:16:23,169,00:02:49,doors opened
07/08/2025,12,4131,Tuesday,Weekday,West,15649848,36000,10:00:00,36277,10:04:37,11,1843,Washington Ave & Robin St (01843),0,0,6,,,36789,10:13:09,,,36789,10:13:09,0,00:00:00,door not opened
07/08/2025,12,4131,Tuesday,Weekday,West,15649848,36000,10:00:00,36277,10:04:37,10,12943,Washington Ave & Lexington Ave (12943),1,0,6,,,36729,10:12:09,,,36742,10:12:22,13,00:00:13,doors opened
07/08/2025,12,4131,Tuesday,Weekday,West,15649848,36000,10:00:00,36277,10:04:37,9,12942,Washington Ave & Henry Johnson Blvd (12942),1,0,5,,,36603,10:10:03,,,36664,10:11:04,61,00:01:01,doors opened
07/08/2025,12,4131,Tuesday,Weekday,West,15649848,36000,10:00:00,36277,10:04:37,8,3239,Lark/Library Station - Washington Ave & Lark St (03239),1,3,4,36540.0,10:09:00,36495,10:08:15,36540.0,10:09:00,36523,10:08:43,28,00:00:28,doors opened
07/08/2025,12,4131,Tuesday,Weekday,West,15649848,36000,10:00:00,36277,10:04:37,7,3301,Washington Ave & S. Swan St (03301),0,1,6,,,36431,10:07:11,,,36447,10:07:27,16,00:00:16,doors opened
07/08/2025,12,4131,Tuesday,Weekday,West,15649848,36000,10:00:00,36277,10:04:37,6,3250,Hawk/Capitol Station - Washington Ave & Hawk St (03250),0,0,7,,,36405,10:06:45,,,36405,10:06:45,0,00:00:00,door not opened
07/08/2025,12,4131,Tuesday,Weekday,West,15649848,36000,10:00:00,36277,10:04:37,5,10087,State St & Eagle St (10087),0,0,7,,,36370,10:06:10,,,36370,10:06:10,0,00:00:00,door not opened
07/08/2025,12,4131,Tuesday,Weekday,West,15649848,36000,10:00:00,36277,10:04:37,4,2665,State/Downtown Station - State St & Lodge St (02665),0,0,7,36240.0,10:04:00,36277,10:04:37,36240.0,10:04:00,36297,10:04:57,20,00:00:20,door not opened
07/08/2025,12,4131,Tuesday,Weekday,West,15649848,36000,10:00:00,36277,10:04:37,0,9018,Broadway & Orange St (09018),0,0,7,36000.0,10:00:00,36277,10:04:37,36000.0,10:00:00,36277,10:04:37,0,00:00:00,doors opened
07/08/2025,12,4131,Tuesday,Weekday,East,15649853,44100,12:15:00,44137,12:15:37,24,3940,Broadway & Steuben St (03940),0,0,0,46200.0,12:50:00,46267,12:51:07,46200.0,12:50:00,46267,12:51:07,0,00:00:00,door not opened
07/08/2025,12,4131,Tuesday,Weekday,East,15649853,44100,12:15:00,44137,12:15:37,23,2509,State/Downtown Station - State St & S. Pearl St (02509),0,5,0,46020.0,12:47:00,46196,12:49:56,46020.0,12:47:00,46218,12:50:18,22,00:00:22,doors opened
07/08/2025,12,4131,Tuesday,Weekday,East,15649853,44100,12:15:00,44137,12:15:37,22,1787,State St & Eagle St (01787),0,0,5,,,46154,12:49:14,,,46165,12:49:25,11,00:00:11,doors opened
07/08/2025,12,4131,Tuesday,Weekday,East,15649853,44100,12:15:00,44137,12:15:37,21,2706,Hawk/Capitol Station - Washington Ave & Hawk St (02706),0,3,5,,,46008,12:46:48,,,46047,12:47:27,39,00:00:39,doors opened
07/08/2025,12,4131,Tuesday,Weekday,East,15649853,44100,12:15:00,44137,12:15:37,20,1789,Washington Ave & S. Swan St (01789),0,0,8,,,45984,12:46:24,,,45984,12:46:24,0,00:00:00,door not opened
07/08/2025,12,4131,Tuesday,Weekday,East,15649853,44100,12:15:00,44137,12:15:37,19,1788,Washington Ave & Dove St (01788),0,0,8,,,45953,12:45:53,,,45953,12:45:53,0,00:00:00,door not opened
07/08/2025,12,4131,Tuesday,Weekday,East,15649853,44100,12:15:00,44137,12:15:37,18,2663,Lark/Library Station - Washington Ave & Lark St (02663),1,5,8,45720.0,12:42:00,45869,12:44:29,45720.0,12:42:00,45925,12:45:25,56,00:00:56,doors opened
07/08/2025,12,4131,Tuesday,Weekday,East,15649853,44100,12:15:00,44137,12:15:37,17,263,Washington Ave & Henry Johnson Blvd (00263),0,0,12,,,45848,12:44:08,,,45848,12:44:08,0,00:00:00,door not opened
07/08/2025,12,4131,Tuesday,Weekday,East,15649853,44100,12:15:00,44137,12:15:37,16,2096,Washington Ave & Lexington Ave (02096),0,0,12,,,45788,12:43:08,,,45788,12:43:08,0,00:00:00,door not opened
07/08/2025,12,4131,Tuesday,Weekday,East,15649853,44100,12:15:00,44137,12:15:37,15,3253,Washington Ave & Robin St (Draper Hall) (03253),0,0,12,,,45775,12:42:55,,,45775,12:42:55,0,00:00:00,door not opened
07/08/2025,12,4131,Tuesday,Weekday,East,15649853,44100,12:15:00,44137,12:15:37,14,2109,Washington Ave & N. Lake Ave (02109),4,1,12,,,45705,12:41:45,,,45749,12:42:29,44,00:00:44,doors opened
07/08/2025,12,4131,Tuesday,Weekday,East,15649853,44100,12:15:00,44137,12:15:37,13,3255,Washington Ave & Quail St (03255),0,0,9,,,45680,12:41:20,,,45680,12:41:20,0,00:00:00,door not opened
07/08/2025,12,4131,Tuesday,Weekday,East,15649853,44100,12:15:00,44137,12:15:37,12,3256,Washington Ave & Ontario St (03256),0,0,9,45360.0,12:36:00,45624,12:40:24,45360.0,12:36:00,45624,12:40:24,0,00:00:00,door not opened
07/08/2025,12,4131,Tuesday,Weekday,East,15649853,44100,12:15:00,44137,12:15:37,11,2107,Washington Ave & Partridge St (02107),1,2,9,,,45484,12:38:04,,,45603,12:40:03,119,00:01:59,doors opened
07/08/2025,12,4131,Tuesday,Weekday,East,15649853,44100,12:15:00,44137,12:15:37,10,3257,Washington Ave & N. Main Ave (03257),0,3,10,,,45369,12:36:09,,,45412,12:36:52,43,00:00:43,doors opened
07/08/2025,12,4131,Tuesday,Weekday,East,15649853,44100,12:15:00,44137,12:15:37,9,1796,Washington Ave & N. Allen St (01796),1,0,13,45180.0,12:33:00,45323,12:35:23,45180.0,12:33:00,45337,12:35:37,14,00:00:14,doors opened
07/08/2025,12,4131,Tuesday,Weekday,East,15649853,44100,12:15:00,44137,12:15:37,8,11581,Washington Ave & Manning Blvd (11581),0,0,12,,,45294,12:34:54,,,45294,12:34:54,0,00:00:00,door not opened
07/08/2025,12,4131,Tuesday,Weekday,East,15649853,44100,12:15:00,44137,12:15:37,7,2180,Washington Ave & Homestead Ave (02180),1,0,12,,,45234,12:33:54,,,45255,12:34:15,21,00:00:21,doors opened
07/08/2025,12,4131,Tuesday,Weekday,East,15649853,44100,12:15:00,44137,12:15:37,6,2182,Washington Ave & Hawthorne St (02182),0,0,11,,,45212,12:33:32,,,45212,12:33:32,0,00:00:00,door not opened
07/08/2025,12,4131,Tuesday,Weekday,East,15649853,44100,12:15:00,44137,12:15:37,5,3304,Washington Ave & Clermont St (03304),0,1,11,,,45155,12:32:35,,,45190,12:33:10,35,00:00:35,doors opened
07/08/2025,12,4131,Tuesday,Weekday,East,15649853,44100,12:15:00,44137,12:15:37,4,3348,Washington Ave & Brevator St (03348),0,1,12,,,45119,12:31:59,,,45126,12:32:06,7,00:00:07,doors opened
07/08/2025,12,4131,Tuesday,Weekday,East,15649853,44100,12:15:00,44137,12:15:37,3,10134,Washington Ave & SUNY Exit Rd (10134),1,0,13,,,44979,12:29:39,,,44994,12:29:54,15,00:00:15,doors opened
07/08/2025,12,4131,Tuesday,Weekday,East,15649853,44100,12:15:00,44137,12:15:37,2,7216,SUNY Collins Circle (07216),1,0,12,44700.0,12:25:00,44844,12:27:24,44700.0,12:25:00,44856,12:27:36,12,00:00:12,doors opened
07/08/2025,12,4131,Tuesday,Weekday,East,15649853,44100,12:15:00,44137,12:15:37,1,12827,Crossgates Commons Station (12827),10,6,11,44400.0,12:20:00,44388,12:19:48,44400.0,12:20:00,44641,12:24:01,253,00:04:13,doors opened
07/08/2025,12,4131,Tuesday,Weekday,East,15649853,44100,12:15:00,44137,12:15:37,0,7175,Crossgates Mall Station (07175),7,0,7,44100.0,12:15:00,44137,12:15:37,44100.0,12:15:00,44137,12:15:37,0,00:00:00,doors opened
07/08/2025,12,4131,Tuesday,Weekday,East,15649857,50100,13:55:00,50097,13:54:57,21,2706,Hawk/Capitol Station - Washington Ave & Hawk St (02706),1,0,4,,,51799,14:23:19,,,51821,14:23:41,22,00:00:22,doors opened
07/08/2025,12,4131,Tuesday,Weekday,East,15649857,50100,13:55:00,50097,13:54:57,20,1789,Washington Ave & S. Swan St (01789),0,0,3,,,51777,14:22:57,,,51777,14:22:57,0,00:00:00,door not opened
07/08/2025,12,4131,Tuesday,Weekday,East,15649857,50100,13:55:00,50097,13:54:57,19,1788,Washington Ave & Dove St (01788),0,0,3,,,51759,14:22:39,,,51759,14:22:39,0,00:00:00,door not opened
07/08/2025,12,4131,Tuesday,Weekday,East,15649857,50100,13:55:00,50097,13:54:57,18,2663,Lark/Library Station - Washington Ave & Lark St (02663),0,1,3,51840.0,14:24:00,51637,14:20:37,51840.0,14:24:00,51664,14:21:04,27,00:00:27,doors opened
07/08/2025,12,4131,Tuesday,Weekday,East,15649857,50100,13:55:00,50097,13:54:57,17,263,Washington Ave & Henry Johnson Blvd (00263),0,0,4,,,51586,14:19:46,,,51586,14:19:46,0,00:00:00,door not opened
07/08/2025,12,4131,Tuesday,Weekday,East,15649857,50100,13:55:00,50097,13:54:57,16,2096,Washington Ave & Lexington Ave (02096),0,0,4,,,51431,14:17:11,,,51431,14:17:11,0,00:00:00,door not opened
07/08/2025,12,4131,Tuesday,Weekday,East,15649857,50100,13:55:00,50097,13:54:57,15,3253,Washington Ave & Robin St (Draper Hall) (03253),0,1,4,,,51394,14:16:34,,,51411,14:16:51,17,00:00:17,doors opened
07/08/2025,12,4131,Tuesday,Weekday,East,15649857,50100,13:55:00,50097,13:54:57,14,2109,Washington Ave & N. Lake Ave (02109),0,0,5,,,51371,14:16:11,,,51371,14:16:11,0,00:00:00,door not opened
07/08/2025,12,4131,Tuesday,Weekday,East,15649857,50100,13:55:00,50097,13:54:57,13,3255,Washington Ave & Quail St (03255),0,1,5,,,51291,14:14:51,,,51317,14:15:17,26,00:00:26,doors opened
07/08/2025,12,4131,Tuesday,Weekday,East,15649857,50100,13:55:00,50097,13:54:57,12,3256,Washington Ave & Ontario St (03256),0,0,6,51420.0,14:17:00,51267,14:14:27,51420.0,14:17:00,51267,14:14:27,0,00:00:00,door not opened
07/08/2025,12,4131,Tuesday,Weekday,East,15649857,50100,13:55:00,50097,13:54:57,11,2107,Washington Ave & Partridge St (02107),0,1,6,,,51202,14:13:22,,,51220,14:13:40,18,00:00:18,doors opened
07/08/2025,12,4131,Tuesday,Weekday,East,15649857,50100,13:55:00,50097,13:54:57,10,3257,Washington Ave & N. Main Ave (03257),1,0,7,,,51122,14:12:02,,,51132,14:12:12,10,00:00:10,doors opened
07/08/2025,12,4131,Tuesday,Weekday,East,15649857,50100,13:55:00,50097,13:54:57,9,1796,Washington Ave & N. Allen St (01796),0,0,6,51240.0,14:14:00,51041,14:10:41,51240.0,14:14:00,51041,14:10:41,0,00:00:00,door not opened
07/08/2025,12,4131,Tuesday,Weekday,East,15649857,50100,13:55:00,50097,13:54:57,8,11581,Washington Ave & Manning Blvd (11581),0,1,6,,,50984,14:09:44,,,50998,14:09:58,14,00:00:14,doors opened
07/08/2025,12,4131,Tuesday,Weekday,East,15649857,50100,13:55:00,50097,13:54:57,7,2180,Washington Ave & Homestead Ave (02180),0,0,7,,,50960,14:09:20,,,50960,14:09:20,0,00:00:00,door not opened
07/08/2025,12,4131,Tuesday,Weekday,East,15649857,50100,13:55:00,50097,13:54:57,6,2182,Washington Ave & Hawthorne St (02182),0,0,7,,,50922,14:08:42,,,50922,14:08:42,0,00:00:00,door not opened
07/08/2025,12,4131,Tuesday,Weekday,East,15649857,50100,13:55:00,50097,13:54:57,5,3304,Washington Ave & Clermont St (03304),2,0,7,,,50885,14:08:05,,,50900,14:08:20,15,00:00:15,doors opened
07/08/2025,12,4131,Tuesday,Weekday,East,15649857,50100,13:55:00,50097,13:54:57,4,3348,Washington Ave & Brevator St (03348),1,0,5,,,50848,14:07:28,,,50857,14:07:37,9,00:00:09,doors opened
07/08/2025,12,4131,Tuesday,Weekday,East,15649857,50100,13:55:00,50097,13:54:57,3,10134,Washington Ave & SUNY Exit Rd (10134),1,0,4,,,50716,14:05:16,,,50731,14:05:31,15,00:00:15,doors opened
07/08/2025,12,4131,Tuesday,Weekday,East,15649857,50100,13:55:00,50097,13:54:57,2,7216,SUNY Collins Circle (07216),1,0,3,50760.0,14:06:00,50596,14:03:16,50760.0,14:06:00,50613,14:03:33,17,00:00:17,doors opened
07/08/2025,12,4131,Tuesday,Weekday,East,15649857,50100,13:55:00,50097,13:54:57,1,12827,Crossgates Commons Station (12827),1,3,2,50460.0,14:01:00,50323,13:58:43,50460.0,14:01:00,50347,13:59:07,24,00:00:24,doors opened
07/08/2025,12,4131,Tuesday,Weekday,East,15649857,50100,13:55:00,50097,13:54:57,0,7175,Crossgates Mall Station (07175),4,0,4,50100.0,13:55:00,50097,13:54:57,50100.0,13:55:00,50097,13:54:57,0,00:00:00,doors opened
07/08/2025,12,4131,Tuesday,Weekday,East,15649857,50100,13:55:00,50097,13:54:57,24,3940,Broadway & Steuben St (03940),0,0,0,52320.0,14:32:00,52032,14:27:12,52320.0,14:32:00,52032,14:27:12,0,00:00:00,door not opened
07/08/2025,12,4131,Tuesday,Weekday,East,15649857,50100,13:55:00,50097,13:54:57,23,2509,State/Downtown Station - State St & S. Pearl St (02509),0,4,0,52140.0,14:29:00,51913,14:25:13,52140.0,14:29:00,51985,14:26:25,72,00:01:12,doors opened
07/08/2025,12,4131,Tuesday,Weekday,East,15649857,50100,13:55:00,50097,13:54:57,22,1787,State St & Eagle St (01787),0,0,4,,,51898,14:24:58,,,51898,14:24:58,0,00:00:00,door not opened
07/08/2025,12,4131,Tuesday,Weekday,West,15649860,52800,14:40:00,52879,14:41:19,11,1843,Washington Ave & Robin St (01843),0,0,11,,,53462,14:51:02,,,53462,14:51:02,0,00:00:00,door not opened
07/08/2025,12,4131,Tuesday,Weekday,West,15649860,52800,14:40:00,52879,14:41:19,10,12943,Washington Ave & Lexington Ave (12943),1,0,11,,,53423,14:50:23,,,53440,14:50:40,17,00:00:17,doors opened
07/08/2025,12,4131,Tuesday,Weekday,West,15649860,52800,14:40:00,52879,14:41:19,9,12942,Washington Ave & Henry Johnson Blvd (12942),0,0,10,,,53386,14:49:46,,,53386,14:49:46,0,00:00:00,door not opened
07/08/2025,12,4131,Tuesday,Weekday,West,15649860,52800,14:40:00,52879,14:41:19,8,3239,Lark/Library Station - Washington Ave & Lark St (03239),7,0,10,53340.0,14:49:00,53227,14:47:07,53340.0,14:49:00,53296,14:48:16,69,00:01:09,doors opened
07/08/2025,12,4131,Tuesday,Weekday,West,15649860,52800,14:40:00,52879,14:41:19,7,3301,Washington Ave & S. Swan St (03301),1,0,3,,,53153,14:45:53,,,53192,14:46:32,39,00:00:39,doors opened
07/08/2025,12,4131,Tuesday,Weekday,West,15649860,52800,14:40:00,52879,14:41:19,6,3250,Hawk/Capitol Station - Washington Ave & Hawk St (03250),1,0,2,,,53113,14:45:13,,,53122,14:45:22,9,00:00:09,doors opened
07/08/2025,12,4131,Tuesday,Weekday,West,15649860,52800,14:40:00,52879,14:41:19,27,7175,Crossgates Mall Station (07175),0,0,0,55320.0,15:22:00,54929,15:15:29,55320.0,15:22:00,54929,15:15:29,0,00:00:00,door not opened
07/08/2025,12,4131,Tuesday,Weekday,West,15649860,52800,14:40:00,52879,14:41:19,26,12828,Crossgates Commons Station (12828),1,18,0,54900.0,15:15:00,54793,15:13:13,54900.0,15:15:00,54813,15:13:33,20,00:00:20,doors opened
07/08/2025,12,4131,Tuesday,Weekday,West,15649860,52800,14:40:00,52879,14:41:19,25,12891,1475 Washington Ave (12891),1,1,17,,,54554,15:09:14,,,54567,15:09:27,13,00:00:13,doors opened
07/08/2025,12,4131,Tuesday,Weekday,West,15649860,52800,14:40:00,52879,14:41:19,24,7216,SUNY Collins Circle (07216),2,1,17,54540.0,15:09:00,54465,15:07:45,54540.0,15:09:00,54486,15:08:06,21,00:00:21,doors opened
07/08/2025,12,4131,Tuesday,Weekday,West,15649860,52800,14:40:00,52879,14:41:19,23,3262,1383 Washington Ave (Fairfield Inn) (03262),2,0,16,,,54309,15:05:09,,,54326,15:05:26,17,00:00:17,doors opened
07/08/2025,12,4131,Tuesday,Weekday,West,15649860,52800,14:40:00,52879,14:41:19,22,976,Washington Ave & Brevator St (00976),0,2,14,,,54158,15:02:38,,,54170,15:02:50,12,00:00:12,doors opened
07/08/2025,12,4131,Tuesday,Weekday,West,15649860,52800,14:40:00,52879,14:41:19,21,1959,Washington Ave & Colvin Ave (01959),2,0,16,,,54077,15:01:17,,,54134,15:02:14,57,00:00:57,doors opened
07/08/2025,12,4131,Tuesday,Weekday,West,15649860,52800,14:40:00,52879,14:41:19,20,3399,Washington Ave & Danker Ave (03399),0,3,14,,,54040,15:00:40,,,54050,15:00:50,10,00:00:10,doors opened
07/08/2025,12,4131,Tuesday,Weekday,West,15649860,52800,14:40:00,52879,14:41:19,19,1849,Washington Ave & Homestead Ave (01849),0,0,17,,,54017,15:00:17,,,54017,15:00:17,0,00:00:00,door not opened
07/08/2025,12,4131,Tuesday,Weekday,West,15649860,52800,14:40:00,52879,14:41:19,18,1846,Washington Ave & Manning Blvd (01846),2,0,17,,,53960,14:59:20,,,53991,14:59:51,31,00:00:31,doors opened
07/08/2025,12,4131,Tuesday,Weekday,West,15649860,52800,14:40:00,52879,14:41:19,17,3287,Washington Ave & N. Allen St (03287),0,1,15,54060.0,15:01:00,53844,14:57:24,54060.0,15:01:00,53916,14:58:36,72,00:01:12,doors opened
07/08/2025,12,4131,Tuesday,Weekday,West,15649860,52800,14:40:00,52879,14:41:19,16,3264,Washington Ave & N. Main Ave (03264),0,0,16,,,53810,14:56:50,,,53810,14:56:50,0,00:00:00,door not opened
07/08/2025,12,4131,Tuesday,Weekday,West,15649860,52800,14:40:00,52879,14:41:19,5,10087,State St & Eagle St (10087),0,0,1,,,53076,14:44:36,,,53076,14:44:36,0,00:00:00,door not opened
07/08/2025,12,4131,Tuesday,Weekday,West,15649860,52800,14:40:00,52879,14:41:19,4,2665,State/Downtown Station - State St & Lodge St (02665),1,1,1,53040.0,14:44:00,53015,14:43:35,53040.0,14:44:00,53037,14:43:57,22,00:00:22,doors opened
07/08/2025,12,4131,Tuesday,Weekday,West,15649860,52800,14:40:00,52879,14:41:19,3,3221,State Station - N. Pearl St & Ten Eyck Plaza (03221),1,0,1,,,52966,14:42:46,,,52987,14:43:07,21,00:00:21,doors opened
07/08/2025,12,4131,Tuesday,Weekday,West,15649860,52800,14:40:00,52879,14:41:19,2,3233,N. Pearl St & Sheridan Ave (03233),0,0,0,,,52925,14:42:05,,,52925,14:42:05,0,00:00:00,door not opened
07/08/2025,12,4131,Tuesday,Weekday,West,15649860,52800,14:40:00,52879,14:41:19,1,2168,Clinton Square Station - N. Pearl St & Clinton Ave (02168),0,0,0,,,52916,14:41:56,,,52916,14:41:56,0,00:00:00,door not opened
07/08/2025,12,4131,Tuesday,Weekday,West,15649860,52800,14:40:00,52879,14:41:19,0,9018,Broadway & Orange St (09018),0,0,0,52800.0,14:40:00,52879,14:41:19,52800.0,14:40:00,52879,14:41:19,0,00:00:00,door not opened
07/08/2025,12,4131,Tuesday,Weekday,West,15649860,52800,14:40:00,52879,14:41:19,15,1839,Washington Ave & Partridge St (01839),0,2,16,,,53680,14:54:40,,,53691,14:54:51,11,00:00:11,doors opened
07/08/2025,12,4131,Tuesday,Weekday,West,15649860,52800,14:40:00,52879,14:41:19,14,1841,Washington Ave & Ontario St (01841),2,2,18,53760.0,14:56:00,53626,14:53:46,53760.0,14:56:00,53649,14:54:09,23,00:00:23,doors opened
07/08/2025,12,4131,Tuesday,Weekday,West,15649860,52800,14:40:00,52879,14:41:19,13,1842,Washington Ave & Quail St (01842),5,0,18,,,53557,14:52:37,,,53602,14:53:22,45,00:00:45,doors opened
07/08/2025,12,4131,Tuesday,Weekday,West,15649860,52800,14:40:00,52879,14:41:19,12,1837,Washington Ave & N. Lake Ave (01837),3,1,13,,,53485,14:51:25,,,53531,14:52:11,46,00:00:46,doors opened
07/08/2025,12,4194,Tuesday,Weekday,East,15648634,36900,10:15:00,37047,10:17:27,24,3940,Broadway & Steuben St (03940),0,2,0,38940.0,10:49:00,39296,10:54:56,38940.0,10:49:00,39296,10:54:56,0,00:00:00,doors opened
07/08/2025,12,4194,Tuesday,Weekday,East,15648634,36900,10:15:00,37047,10:17:27,23,2509,State/Downtown Station - State St & S. Pearl St (02509),0,4,2,38760.0,10:46:00,39164,10:52:44,38760.0,10:46:00,39186,10:53:06,22,00:00:22,doors opened
07/08/2025,12,4194,Tuesday,Weekday,East,15648634,36900,10:15:00,37047,10:17:27,22,1787,State St & Eagle St (01787),0,0,6,,,39148,10:52:28,,,39148,10:52:28,0,00:00:00,door not opened
07/08/2025,12,4194,Tuesday,Weekday,East,15648634,36900,10:15:00,37047,10:17:27,21,2706,Hawk/Capitol Station - Washington Ave & Hawk St (02706),0,0,6,,,39107,10:51:47,,,39107,10:51:47,0,00:00:00,door not opened
07/08/2025,12,4194,Tuesday,Weekday,East,15648634,36900,10:15:00,37047,10:17:27,20,1789,Washington Ave & S. Swan St (01789),0,0,6,,,39071,10:51:11,,,39071,10:51:11,0,00:00:00,door not opened
07/08/2025,12,4194,Tuesday,Weekday,East,15648634,36900,10:15:00,37047,10:17:27,19,1788,Washington Ave & Dove St (01788),1,1,6,,,39002,10:50:02,,,39043,10:50:43,41,00:00:41,doors opened
07/08/2025,12,4194,Tuesday,Weekday,East,15648634,36900,10:15:00,37047,10:17:27,18,2663,Lark/Library Station - Washington Ave & Lark St (02663),0,2,6,38460.0,10:41:00,38910,10:48:30,38460.0,10:41:00,38955,10:49:15,45,00:00:45,doors opened
07/08/2025,12,4194,Tuesday,Weekday,East,15648634,36900,10:15:00,37047,10:17:27,17,263,Washington Ave & Henry Johnson Blvd (00263),0,0,8,,,38816,10:46:56,,,38882,10:48:02,66,00:01:06,doors opened
07/08/2025,12,4194,Tuesday,Weekday,East,15648634,36900,10:15:00,37047,10:17:27,16,2096,Washington Ave & Lexington Ave (02096),0,0,8,,,38785,10:46:25,,,38785,10:46:25,0,00:00:00,door not opened
07/08/2025,12,4194,Tuesday,Weekday,East,15648634,36900,10:15:00,37047,10:17:27,15,3253,Washington Ave & Robin St (Draper Hall) (03253),1,0,8,,,38681,10:44:41,,,38705,10:45:05,24,00:00:24,doors opened
07/08/2025,12,4194,Tuesday,Weekday,East,15648634,36900,10:15:00,37047,10:17:27,14,2109,Washington Ave & N. Lake Ave (02109),1,2,7,,,38642,10:44:02,,,38658,10:44:18,16,00:00:16,doors opened
07/08/2025,12,4194,Tuesday,Weekday,East,15648634,36900,10:15:00,37047,10:17:27,13,3255,Washington Ave & Quail St (03255),0,1,8,,,38591,10:43:11,,,38613,10:43:33,22,00:00:22,doors opened
07/08/2025,12,4194,Tuesday,Weekday,East,15648634,36900,10:15:00,37047,10:17:27,12,3256,Washington Ave & Ontario St (03256),0,0,9,38100.0,10:35:00,38569,10:42:49,38100.0,10:35:00,38569,10:42:49,0,00:00:00,door not opened
07/08/2025,12,4194,Tuesday,Weekday,East,15648634,36900,10:15:00,37047,10:17:27,11,2107,Washington Ave & Partridge St (02107),1,0,9,,,38528,10:42:08,,,38544,10:42:24,16,00:00:16,doors opened
07/08/2025,12,4194,Tuesday,Weekday,East,15648634,36900,10:15:00,37047,10:17:27,10,3257,Washington Ave & N. Main Ave (03257),0,0,8,,,38461,10:41:01,,,38461,10:41:01,0,00:00:00,door not opened
07/08/2025,12,4194,Tuesday,Weekday,East,15648634,36900,10:15:00,37047,10:17:27,9,1796,Washington Ave & N. Allen St (01796),0,1,8,37980.0,10:33:00,38373,10:39:33,37980.0,10:33:00,38389,10:39:49,16,00:00:16,doors opened
07/08/2025,12,4194,Tuesday,Weekday,East,15648634,36900,10:15:00,37047,10:17:27,8,11581,Washington Ave & Manning Blvd (11581),1,0,9,,,38291,10:38:11,,,38338,10:38:58,47,00:00:47,doors opened
07/08/2025,12,4194,Tuesday,Weekday,East,15648634,36900,10:15:00,37047,10:17:27,7,2180,Washington Ave & Homestead Ave (02180),2,0,8,,,38213,10:36:53,,,38266,10:37:46,53,00:00:53,doors opened
07/08/2025,12,4194,Tuesday,Weekday,East,15648634,36900,10:15:00,37047,10:17:27,6,2182,Washington Ave & Hawthorne St (02182),0,0,6,,,38178,10:36:18,,,38178,10:36:18,0,00:00:00,door not opened
07/08/2025,12,4194,Tuesday,Weekday,East,15648634,36900,10:15:00,37047,10:17:27,5,3304,Washington Ave & Clermont St (03304),0,0,6,,,38151,10:35:51,,,38151,10:35:51,0,00:00:00,door not opened
07/08/2025,12,4194,Tuesday,Weekday,East,15648634,36900,10:15:00,37047,10:17:27,4,3348,Washington Ave & Brevator St (03348),1,1,6,,,38099,10:34:59,,,38129,10:35:29,30,00:00:30,doors opened
07/08/2025,12,4194,Tuesday,Weekday,East,15648634,36900,10:15:00,37047,10:17:27,3,10134,Washington Ave & SUNY Exit Rd (10134),1,0,6,,,37969,10:32:49,,,37986,10:33:06,17,00:00:17,doors opened
07/08/2025,12,4194,Tuesday,Weekday,East,15648634,36900,10:15:00,37047,10:17:27,2,7216,SUNY Collins Circle (07216),0,2,5,37500.0,10:25:00,37733,10:28:53,37500.0,10:25:00,37748,10:29:08,15,00:00:15,doors opened
07/08/2025,12,4194,Tuesday,Weekday,East,15648634,36900,10:15:00,37047,10:17:27,1,12827,Crossgates Commons Station (12827),3,0,7,37200.0,10:20:00,37359,10:22:39,37200.0,10:20:00,37388,10:23:08,29,00:00:29,doors opened
07/08/2025,12,4194,Tuesday,Weekday,East,15648634,36900,10:15:00,37047,10:17:27,0,7175,Crossgates Mall Station (07175),4,0,4,36900.0,10:15:00,37047,10:17:27,36900.0,10:15:00,37047,10:17:27,0,00:00:00,doors opened
07/08/2025,12,4194,Tuesday,Weekday,West,15648637,39600,11:00:00,39753,11:02:33,27,7175,Crossgates Mall Station (07175),0,12,0,42000.0,11:40:00,42188,11:43:08,42000.0,11:40:00,42188,11:43:08,0,00:00:00,doors opened
07/08/2025,12,4194,Tuesday,Weekday,West,15648637,39600,11:00:00,39753,11:02:33,26,12828,Crossgates Commons Station (12828),0,4,12,41580.0,11:33:00,41909,11:38:29,41580.0,11:33:00,41933,11:38:53,24,00:00:24,doors opened
07/08/2025,12,4194,Tuesday,Weekday,West,15648637,39600,11:00:00,39753,11:02:33,25,12891,1475 Washington Ave (12891),0,0,16,,,41663,11:34:23,,,41663,11:34:23,0,00:00:00,door not opened
07/08/2025,12,4194,Tuesday,Weekday,West,15648637,39600,11:00:00,39753,11:02:33,24,7216,SUNY Collins Circle (07216),2,4,16,41220.0,11:27:00,41524,11:32:04,41220.0,11:27:00,41549,11:32:29,25,00:00:25,doors opened
07/08/2025,12,4194,Tuesday,Weekday,West,15648637,39600,11:00:00,39753,11:02:33,23,3262,1383 Washington Ave (Fairfield Inn) (03262),0,3,18,,,41388,11:29:48,,,41428,11:30:28,40,00:00:40,doors opened
07/08/2025,12,4194,Tuesday,Weekday,West,15648637,39600,11:00:00,39753,11:02:33,22,976,Washington Ave & Brevator St (00976),0,0,21,,,41264,11:27:44,,,41264,11:27:44,0,00:00:00,door not opened
07/08/2025,12,4194,Tuesday,Weekday,West,15648637,39600,11:00:00,39753,11:02:33,21,1959,Washington Ave & Colvin Ave (01959),0,2,21,,,41209,11:26:49,,,41239,11:27:19,30,00:00:30,doors opened
07/08/2025,12,4194,Tuesday,Weekday,West,15648637,39600,11:00:00,39753,11:02:33,20,3399,Washington Ave & Danker Ave (03399),1,0,23,,,41163,11:26:03,,,41179,11:26:19,16,00:00:16,doors opened
07/08/2025,12,4194,Tuesday,Weekday,West,15648637,39600,11:00:00,39753,11:02:33,19,1849,Washington Ave & Homestead Ave (01849),1,0,22,,,41122,11:25:22,,,41138,11:25:38,16,00:00:16,doors opened
07/08/2025,12,4194,Tuesday,Weekday,West,15648637,39600,11:00:00,39753,11:02:33,18,1846,Washington Ave & Manning Blvd (01846),2,0,21,,,41044,11:24:04,,,41099,11:24:59,55,00:00:55,doors opened
07/08/2025,12,4194,Tuesday,Weekday,West,15648637,39600,11:00:00,39753,11:02:33,17,3287,Washington Ave & N. Allen St (03287),6,0,19,40800.0,11:20:00,40951,11:22:31,40800.0,11:20:00,41010,11:23:30,59,00:00:59,doors opened
07/08/2025,12,4194,Tuesday,Weekday,West,15648637,39600,11:00:00,39753,11:02:33,16,3264,Washington Ave & N. Main Ave (03264),0,0,13,,,40878,11:21:18,,,40916,11:21:56,38,00:00:38,doors opened
07/08/2025,12,4194,Tuesday,Weekday,West,15648637,39600,11:00:00,39753,11:02:33,15,1839,Washington Ave & Partridge St (01839),0,0,13,,,40806,11:20:06,,,40806,11:20:06,0,00:00:00,door not opened
07/08/2025,12,4194,Tuesday,Weekday,West,15648637,39600,11:00:00,39753,11:02:33,14,1841,Washington Ave & Ontario St (01841),1,0,13,40560.0,11:16:00,40730,11:18:50,40560.0,11:16:00,40762,11:19:22,32,00:00:32,doors opened
07/08/2025,12,4194,Tuesday,Weekday,West,15648637,39600,11:00:00,39753,11:02:33,13,1842,Washington Ave & Quail St (01842),2,2,12,,,40663,11:17:43,,,40706,11:18:26,43,00:00:43,doors opened
07/08/2025,12,4194,Tuesday,Weekday,West,15648637,39600,11:00:00,39753,11:02:33,12,1837,Washington Ave & N. Lake Ave (01837),3,0,12,,,40573,11:16:13,,,40634,11:17:14,61,00:01:01,doors opened
07/08/2025,12,4194,Tuesday,Weekday,West,15648637,39600,11:00:00,39753,11:02:33,11,1843,Washington Ave & Robin St (01843),0,1,9,,,40516,11:15:16,,,40546,11:15:46,30,00:00:30,doors opened
07/08/2025,12,4194,Tuesday,Weekday,West,15648637,39600,11:00:00,39753,11:02:33,10,12943,Washington Ave & Lexington Ave (12943),0,0,10,,,40492,11:14:52,,,40492,11:14:52,0,00:00:00,door not opened
07/08/2025,12,4194,Tuesday,Weekday,West,15648637,39600,11:00:00,39753,11:02:33,9,12942,Washington Ave & Henry Johnson Blvd (12942),0,0,10,,,40438,11:13:58,,,40438,11:13:58,0,00:00:00,door not opened
07/08/2025,12,4194,Tuesday,Weekday,West,15648637,39600,11:00:00,39753,11:02:33,8,3239,Lark/Library Station - Washington Ave & Lark St (03239),1,1,10,40140.0,11:09:00,40326,11:12:06,40140.0,11:09:00,40351,11:12:31,25,00:00:25,doors opened
07/08/2025,12,4194,Tuesday,Weekday,West,15648637,39600,11:00:00,39753,11:02:33,7,3301,Washington Ave & S. Swan St (03301),0,1,10,,,40254,11:10:54,,,40271,11:11:11,17,00:00:17,doors opened
07/08/2025,12,4194,Tuesday,Weekday,West,15648637,39600,11:00:00,39753,11:02:33,6,3250,Hawk/Capitol Station - Washington Ave & Hawk St (03250),3,0,11,,,40186,11:09:46,,,40228,11:10:28,42,00:00:42,doors opened
07/08/2025,12,4194,Tuesday,Weekday,West,15648637,39600,11:00:00,39753,11:02:33,5,10087,State St & Eagle St (10087),0,0,8,,,40159,11:09:19,,,40159,11:09:19,0,00:00:00,door not opened
07/08/2025,12,4194,Tuesday,Weekday,West,15648637,39600,11:00:00,39753,11:02:33,4,2665,State/Downtown Station - State St & Lodge St (02665),3,1,8,39840.0,11:04:00,40080,11:08:00,39840.0,11:04:00,40114,11:08:34,34,00:00:34,doors opened
07/08/2025,12,4194,Tuesday,Weekday,West,15648637,39600,11:00:00,39753,11:02:33,3,3221,State Station - N. Pearl St & Ten Eyck Plaza (03221),5,0,6,,,39879,11:04:39,,,40056,11:07:36,177,00:02:57,doors opened
07/08/2025,12,4194,Tuesday,Weekday,West,15648637,39600,11:00:00,39753,11:02:33,2,3233,N. Pearl St & Sheridan Ave (03233),0,0,1,,,39810,11:03:30,,,39810,11:03:30,0,00:00:00,door not opened
07/08/2025,12,4194,Tuesday,Weekday,West,15648637,39600,11:00:00,39753,11:02:33,1,2168,Clinton Square Station - N. Pearl St & Clinton Ave (02168),1,0,1,,,39764,11:02:44,,,39782,11:03:02,18,00:00:18,doors opened
07/08/2025,12,4194,Tuesday,Weekday,West,15648637,39600,11:00:00,39753,11:02:33,0,9018,Broadway & Orange St (09018),0,0,0,39600.0,11:00:00,39753,11:02:33,39600.0,11:00:00,39753,11:02:33,0,00:00:00,door not opened
07/08/2025,12,4194,Tuesday,Weekday,West,15651655,48000,13:20:00,48181,13:23:01,27,7175,Crossgates Mall Station (07175),0,2,1,50400.0,14:00:00,50656,14:04:16,50400.0,14:00:00,50656,14:04:16,0,00:00:00,doors opened
07/08/2025,12,4194,Tuesday,Weekday,West,15651655,48000,13:20:00,48181,13:23:01,26,12828,Crossgates Commons Station (12828),1,15,3,49980.0,13:53:00,50402,14:00:02,49980.0,13:53:00,50443,14:00:43,41,00:00:41,doors opened
07/08/2025,12,4194,Tuesday,Weekday,West,15651655,48000,13:20:00,48181,13:23:01,25,12891,1475 Washington Ave (12891),1,0,17,,,50218,13:56:58,,,50231,13:57:11,13,00:00:13,doors opened
07/08/2025,12,4194,Tuesday,Weekday,West,15651655,48000,13:20:00,48181,13:23:01,24,7216,SUNY Collins Circle (07216),0,0,16,49620.0,13:47:00,50144,13:55:44,49620.0,13:47:00,50144,13:55:44,0,00:00:00,door not opened
07/08/2025,12,4194,Tuesday,Weekday,West,15651655,48000,13:20:00,48181,13:23:01,23,3262,1383 Washington Ave (Fairfield Inn) (03262),1,3,16,,,50033,13:53:53,,,50064,13:54:24,31,00:00:31,doors opened
07/08/2025,12,4194,Tuesday,Weekday,West,15651655,48000,13:20:00,48181,13:23:01,22,976,Washington Ave & Brevator St (00976),0,0,18,,,49898,13:51:38,,,49898,13:51:38,0,00:00:00,door not opened
07/08/2025,12,4194,Tuesday,Weekday,West,15651655,48000,13:20:00,48181,13:23:01,21,1959,Washington Ave & Colvin Ave (01959),1,4,18,,,49791,13:49:51,,,49862,13:51:02,71,00:01:11,doors opened
07/08/2025,12,4194,Tuesday,Weekday,West,15651655,48000,13:20:00,48181,13:23:01,20,3399,Washington Ave & Danker Ave (03399),1,0,21,,,49742,13:49:02,,,49762,13:49:22,20,00:00:20,doors opened
07/08/2025,12,4194,Tuesday,Weekday,West,15651655,48000,13:20:00,48181,13:23:01,19,1849,Washington Ave & Homestead Ave (01849),0,2,20,,,49703,13:48:23,,,49717,13:48:37,14,00:00:14,doors opened
07/08/2025,12,4194,Tuesday,Weekday,West,15651655,48000,13:20:00,48181,13:23:01,18,1846,Washington Ave & Manning Blvd (01846),0,1,22,,,49633,13:47:13,,,49679,13:47:59,46,00:00:46,doors opened
07/08/2025,12,4194,Tuesday,Weekday,West,15651655,48000,13:20:00,48181,13:23:01,17,3287,Washington Ave & N. Allen St (03287),7,0,23,49200.0,13:40:00,49531,13:45:31,49200.0,13:40:00,49600,13:46:40,69,00:01:09,doors opened
07/08/2025,12,4194,Tuesday,Weekday,West,15651655,48000,13:20:00,48181,13:23:01,16,3264,Washington Ave & N. Main Ave (03264),1,1,16,,,49444,13:44:04,,,49497,13:44:57,53,00:00:53,doors opened
07/08/2025,12,4194,Tuesday,Weekday,West,15651655,48000,13:20:00,48181,13:23:01,15,1839,Washington Ave & Partridge St (01839),0,0,16,,,49381,13:43:01,,,49381,13:43:01,0,00:00:00,door not opened
07/08/2025,12,4194,Tuesday,Weekday,West,15651655,48000,13:20:00,48181,13:23:01,14,1841,Washington Ave & Ontario St (01841),0,1,16,48960.0,13:36:00,49305,13:41:45,48960.0,13:36:00,49336,13:42:16,31,00:00:31,doors opened
07/08/2025,12,4194,Tuesday,Weekday,West,15651655,48000,13:20:00,48181,13:23:01,13,1842,Washington Ave & Quail St (01842),2,0,17,,,49240,13:40:40,,,49282,13:41:22,42,00:00:42,doors opened
07/08/2025,12,4194,Tuesday,Weekday,West,15651655,48000,13:20:00,48181,13:23:01,12,1837,Washington Ave & N. Lake Ave (01837),1,2,15,,,49156,13:39:16,,,49213,13:40:13,57,00:00:57,doors opened
07/08/2025,12,4194,Tuesday,Weekday,West,15651655,48000,13:20:00,48181,13:23:01,11,1843,Washington Ave & Robin St (01843),0,1,16,,,49118,13:38:38,,,49132,13:38:52,14,00:00:14,doors opened
07/08/2025,12,4194,Tuesday,Weekday,West,15651655,48000,13:20:00,48181,13:23:01,10,12943,Washington Ave & Lexington Ave (12943),4,0,17,,,49045,13:37:25,,,49090,13:38:10,45,00:00:45,doors opened
07/08/2025,12,4194,Tuesday,Weekday,West,15651655,48000,13:20:00,48181,13:23:01,9,12942,Washington Ave & Henry Johnson Blvd (12942),2,0,13,,,48953,13:35:53,,,48972,13:36:12,19,00:00:19,doors opened
07/08/2025,12,4194,Tuesday,Weekday,West,15651655,48000,13:20:00,48181,13:23:01,8,3239,Lark/Library Station - Washington Ave & Lark St (03239),6,2,11,48540.0,13:29:00,48792,13:33:12,48540.0,13:29:00,48868,13:34:28,76,00:01:16,doors opened
07/08/2025,12,4194,Tuesday,Weekday,West,15651655,48000,13:20:00,48181,13:23:01,7,3301,Washington Ave & S. Swan St (03301),1,0,7,,,48655,13:30:55,,,48736,13:32:16,81,00:01:21,doors opened
07/08/2025,12,4194,Tuesday,Weekday,West,15651655,48000,13:20:00,48181,13:23:01,6,3250,Hawk/Capitol Station - Washington Ave & Hawk St (03250),1,0,6,,,48564,13:29:24,,,48576,13:29:36,12,00:00:12,doors opened
07/08/2025,12,4194,Tuesday,Weekday,West,15651655,48000,13:20:00,48181,13:23:01,5,10087,State St & Eagle St (10087),0,0,5,,,48506,13:28:26,,,48506,13:28:26,0,00:00:00,door not opened
07/08/2025,12,4194,Tuesday,Weekday,West,15651655,48000,13:20:00,48181,13:23:01,4,2665,State/Downtown Station - State St & Lodge St (02665),2,0,5,48240.0,13:24:00,48370,13:26:10,48240.0,13:24:00,48395,13:26:35,25,00:00:25,doors opened
07/08/2025,12,4194,Tuesday,Weekday,West,15651655,48000,13:20:00,48181,13:23:01,3,3221,State Station - N. Pearl St & Ten Eyck Plaza (03221),2,0,3,,,48277,13:24:37,,,48334,13:25:34,57,00:00:57,doors opened
07/08/2025,12,4194,Tuesday,Weekday,West,15651655,48000,13:20:00,48181,13:23:01,2,3233,N. Pearl St & Sheridan Ave (03233),0,0,1,,,48214,13:23:34,,,48214,13:23:34,0,00:00:00,door not opened
07/08/2025,12,4194,Tuesday,Weekday,West,15651655,48000,13:20:00,48181,13:23:01,1,2168,Clinton Square Station - N. Pearl St & Clinton Ave (02168),1,0,1,,,48188,13:23:08,,,48202,13:23:22,14,00:00:14,doors opened
07/08/2025,12,4194,Tuesday,Weekday,West,15651655,48000,13:20:00,48181,13:23:01,0,9018,Broadway & Orange St (09018),0,0,0,48000.0,13:20:00,48181,13:23:01,48000.0,13:20:00,48181,13:23:01,0,00:00:00,door not opened
07/08/2025,12,4194,Tuesday,Weekday,West,15651762,54000,15:00:00,54101,15:01:41,27,7175,Crossgates Mall Station (07175),0,24,0,56520.0,15:42:00,56635,15:43:55,56520.0,15:42:00,56635,15:43:55,0,00:00:00,doors opened
07/08/2025,12,4194,Tuesday,Weekday,West,15651762,54000,15:00:00,54101,15:01:41,26,12828,Crossgates Commons Station (12828),2,9,24,56100.0,15:35:00,56304,15:38:24,56100.0,15:35:00,56345,15:39:05,41,00:00:41,doors opened
07/08/2025,12,4194,Tuesday,Weekday,West,15651762,54000,15:00:00,54101,15:01:41,25,12891,1475 Washington Ave (12891),0,0,31,,,56120,15:35:20,,,56120,15:35:20,0,00:00:00,door not opened
07/08/2025,12,4194,Tuesday,Weekday,West,15651762,54000,15:00:00,54101,15:01:41,24,7216,SUNY Collins Circle (07216),4,3,31,55740.0,15:29:00,55935,15:32:15,55740.0,15:29:00,55960,15:32:40,25,00:00:25,doors opened
07/08/2025,12,4194,Tuesday,Weekday,West,15651762,54000,15:00:00,54101,15:01:41,23,3262,1383 Washington Ave (Fairfield Inn) (03262),3,3,30,,,55801,15:30:01,,,55843,15:30:43,42,00:00:42,doors opened
07/08/2025,12,4194,Tuesday,Weekday,West,15651762,54000,15:00:00,54101,15:01:41,22,976,Washington Ave & Brevator St (00976),1,0,30,,,55662,15:27:42,,,55697,15:28:17,35,00:00:35,doors opened
07/08/2025,12,4194,Tuesday,Weekday,West,15651762,54000,15:00:00,54101,15:01:41,21,1959,Washington Ave & Colvin Ave (01959),1,0,29,,,55584,15:26:24,,,55640,15:27:20,56,00:00:56,doors opened
07/08/2025,12,4194,Tuesday,Weekday,West,15651762,54000,15:00:00,54101,15:01:41,20,3399,Washington Ave & Danker Ave (03399),2,1,28,,,55532,15:25:32,,,55560,15:26:00,28,00:00:28,doors opened
07/08/2025,12,4194,Tuesday,Weekday,West,15651762,54000,15:00:00,54101,15:01:41,19,1849,Washington Ave & Homestead Ave (01849),1,2,27,,,55468,15:24:28,,,55508,15:25:08,40,00:00:40,doors opened
07/08/2025,12,4194,Tuesday,Weekday,West,15651762,54000,15:00:00,54101,15:01:41,18,1846,Washington Ave & Manning Blvd (01846),0,0,28,,,55446,15:24:06,,,55446,15:24:06,0,00:00:00,door not opened
07/08/2025,12,4194,Tuesday,Weekday,West,15651762,54000,15:00:00,54101,15:01:41,17,3287,Washington Ave & N. Allen St (03287),4,1,28,55260.0,15:21:00,55277,15:21:17,55260.0,15:21:00,55379,15:22:59,102,00:01:42,doors opened
07/08/2025,12,4194,Tuesday,Weekday,West,15651762,54000,15:00:00,54101,15:01:41,16,3264,Washington Ave & N. Main Ave (03264),1,2,25,,,55212,15:20:12,,,55244,15:20:44,32,00:00:32,doors opened
07/08/2025,12,4194,Tuesday,Weekday,West,15651762,54000,15:00:00,54101,15:01:41,15,1839,Washington Ave & Partridge St (01839),5,0,26,,,55082,15:18:02,,,55148,15:19:08,66,00:01:06,doors opened
07/08/2025,12,4194,Tuesday,Weekday,West,15651762,54000,15:00:00,54101,15:01:41,14,1841,Washington Ave & Ontario St (01841),7,6,21,54960.0,15:16:00,54976,15:16:16,54960.0,15:16:00,55058,15:17:38,82,00:01:22,doors opened
07/08/2025,12,4194,Tuesday,Weekday,West,15651762,54000,15:00:00,54101,15:01:41,13,1842,Washington Ave & Quail St (01842),5,0,20,,,54886,15:14:46,,,54951,15:15:51,65,00:01:05,doors opened
07/08/2025,12,4194,Tuesday,Weekday,West,15651762,54000,15:00:00,54101,15:01:41,12,1837,Washington Ave & N. Lake Ave (01837),1,0,15,,,54841,15:14:01,,,54859,15:14:19,18,00:00:18,doors opened
07/08/2025,12,4194,Tuesday,Weekday,West,15651762,54000,15:00:00,54101,15:01:41,11,1843,Washington Ave & Robin St (01843),0,0,14,,,54820,15:13:40,,,54820,15:13:40,0,00:00:00,door not opened
07/08/2025,12,4194,Tuesday,Weekday,West,15651762,54000,15:00:00,54101,15:01:41,10,12943,Washington Ave & Lexington Ave (12943),1,0,14,,,54780,15:13:00,,,54794,15:13:14,14,00:00:14,doors opened
07/08/2025,12,4194,Tuesday,Weekday,West,15651762,54000,15:00:00,54101,15:01:41,9,12942,Washington Ave & Henry Johnson Blvd (12942),3,3,13,,,54718,15:11:58,,,54747,15:12:27,29,00:00:29,doors opened
07/08/2025,12,4194,Tuesday,Weekday,West,15651762,54000,15:00:00,54101,15:01:41,8,3239,Lark/Library Station - Washington Ave & Lark St (03239),1,1,13,54540.0,15:09:00,54613,15:10:13,54540.0,15:09:00,54634,15:10:34,21,00:00:21,doors opened
07/08/2025,12,4194,Tuesday,Weekday,West,15651762,54000,15:00:00,54101,15:01:41,7,3301,Washington Ave & S. Swan St (03301),0,0,13,,,54576,15:09:36,,,54576,15:09:36,0,00:00:00,door not opened
07/08/2025,12,4194,Tuesday,Weekday,West,15651762,54000,15:00:00,54101,15:01:41,6,3250,Hawk/Capitol Station - Washington Ave & Hawk St (03250),2,0,13,,,54520,15:08:40,,,54543,15:09:03,23,00:00:23,doors opened
07/08/2025,12,4194,Tuesday,Weekday,West,15651762,54000,15:00:00,54101,15:01:41,5,10087,State St & Eagle St (10087),0,0,11,,,54492,15:08:12,,,54492,15:08:12,0,00:00:00,door not opened
07/08/2025,12,4194,Tuesday,Weekday,West,15651762,54000,15:00:00,54101,15:01:41,4,2665,State/Downtown Station - State St & Lodge St (02665),4,0,11,54240.0,15:04:00,54424,15:07:04,54240.0,15:04:00,54453,15:07:33,29,00:00:29,doors opened
07/08/2025,12,4194,Tuesday,Weekday,West,15651762,54000,15:00:00,54101,15:01:41,3,3221,State Station - N. Pearl St & Ten Eyck Plaza (03221),5,0,7,,,54289,15:04:49,,,54402,15:06:42,113,00:01:53,doors opened
07/08/2025,12,4194,Tuesday,Weekday,West,15651762,54000,15:00:00,54101,15:01:41,2,3233,N. Pearl St & Sheridan Ave (03233),2,0,2,,,54214,15:03:34,,,54254,15:04:14,40,00:00:40,doors opened
07/08/2025,12,4194,Tuesday,Weekday,West,15651762,54000,15:00:00,54101,15:01:41,1,2168,Clinton Square Station - N. Pearl St & Clinton Ave (02168),0,0,0,,,54202,15:03:22,,,54202,15:03:22,0,00:00:00,door not opened
07/08/2025,12,4194,Tuesday,Weekday,West,15651762,54000,15:00:00,54101,15:01:41,0,9018,Broadway & Orange St (09018),0,0,0,54000.0,15:00:00,54101,15:01:41,54000.0,15:00:00,54101,15:01:41,0,00:00:00,door not opened
07/08/2025,12,4194,Tuesday,Weekday,East,15651765,57300,15:55:00,57416,15:56:56,3,10134,Washington Ave & SUNY Exit Rd (10134),5,1,33,,,58354,16:12:34,,,58405,16:13:25,51,00:00:51,doors opened
07/08/2025,12,4194,Tuesday,Weekday,East,15651765,57300,15:55:00,57416,15:56:56,2,7216,SUNY Collins Circle (07216),3,1,29,57960.0,16:06:00,58187,16:09:47,57960.0,16:06:00,58218,16:10:18,31,00:00:31,doors opened
07/08/2025,12,4194,Tuesday,Weekday,East,15651765,57300,15:55:00,57416,15:56:56,1,12827,Crossgates Commons Station (12827),16,1,27,57660.0,16:01:00,57708,16:01:48,57660.0,16:01:00,57957,16:05:57,249,00:04:09,doors opened
07/08/2025,12,4194,Tuesday,Weekday,East,15651765,57300,15:55:00,57416,15:56:56,0,7175,Crossgates Mall Station (07175),12,0,12,57300.0,15:55:00,57416,15:56:56,57300.0,15:55:00,57416,15:56:56,0,00:00:00,doors opened
07/08/2025,12,4194,Tuesday,Weekday,East,15651765,57300,15:55:00,57416,15:56:56,22,3940,Broadway & Steuben St (03940),0,4,0,59640.0,16:34:00,59744,16:35:44,59640.0,16:34:00,59744,16:35:44,0,00:00:00,doors opened
07/08/2025,12,4194,Tuesday,Weekday,East,15651765,57300,15:55:00,57416,15:56:56,21,2509,State/Downtown Station - State St & S. Pearl St (02509),0,5,4,59460.0,16:31:00,59612,16:33:32,59460.0,16:31:00,59684,16:34:44,72,00:01:12,doors opened
07/08/2025,12,4194,Tuesday,Weekday,East,15651765,57300,15:55:00,57416,15:56:56,20,1787,State St & Eagle St (01787),0,0,9,,,59599,16:33:19,,,59599,16:33:19,0,00:00:00,door not opened
07/08/2025,12,4194,Tuesday,Weekday,East,15651765,57300,15:55:00,57416,15:56:56,19,2706,Hawk/Capitol Station - Washington Ave & Hawk St (02706),0,0,9,,,59561,16:32:41,,,59561,16:32:41,0,00:00:00,door not opened
07/08/2025,12,4194,Tuesday,Weekday,East,15651765,57300,15:55:00,57416,15:56:56,18,1789,Washington Ave & S. Swan St (01789),0,3,9,,,59514,16:31:54,,,59535,16:32:15,21,00:00:21,doors opened
07/08/2025,12,4194,Tuesday,Weekday,East,15651765,57300,15:55:00,57416,15:56:56,17,1788,Washington Ave & Dove St (01788),0,0,12,,,59488,16:31:28,,,59488,16:31:28,0,00:00:00,door not opened
07/08/2025,12,4194,Tuesday,Weekday,East,15651765,57300,15:55:00,57416,15:56:56,16,2663,Lark/Library Station - Washington Ave & Lark St (02663),0,7,12,59160.0,16:26:00,59447,16:30:47,59160.0,16:26:00,59465,16:31:05,18,00:00:18,doors opened
07/08/2025,12,4194,Tuesday,Weekday,East,15651765,57300,15:55:00,57416,15:56:56,15,263,Washington Ave & Henry Johnson Blvd (00263),0,3,19,,,59408,16:30:08,,,59420,16:30:20,12,00:00:12,doors opened
07/08/2025,12,4194,Tuesday,Weekday,East,15651765,57300,15:55:00,57416,15:56:56,14,2096,Washington Ave & Lexington Ave (02096),0,0,22,,,59313,16:28:33,,,59313,16:28:33,0,00:00:00,door not opened
07/08/2025,12,4194,Tuesday,Weekday,East,15651765,57300,15:55:00,57416,15:56:56,13,3253,Washington Ave & Robin St (Draper Hall) (03253),0,1,22,,,59276,16:27:56,,,59295,16:28:15,19,00:00:19,doors opened
07/08/2025,12,4194,Tuesday,Weekday,East,15651765,57300,15:55:00,57416,15:56:56,12,2109,Washington Ave & N. Lake Ave (02109),1,1,23,,,59239,16:27:19,,,59255,16:27:35,16,00:00:16,doors opened
07/08/2025,12,4194,Tuesday,Weekday,East,15651765,57300,15:55:00,57416,15:56:56,11,3256,Washington Ave & Ontario St (03256),2,16,23,58740.0,16:19:00,59098,16:24:58,58740.0,16:19:00,59148,16:25:48,50,00:00:50,doors opened
07/08/2025,12,4194,Tuesday,Weekday,East,15651765,57300,15:55:00,57416,15:56:56,10,3257,Washington Ave & N. Main Ave (03257),0,1,37,,,58922,16:22:02,,,58964,16:22:44,42,00:00:42,doors opened
07/08/2025,12,4194,Tuesday,Weekday,East,15651765,57300,15:55:00,57416,15:56:56,9,1796,Washington Ave & N. Allen St (01796),1,4,38,58500.0,16:15:00,58834,16:20:34,58500.0,16:15:00,58890,16:21:30,56,00:00:56,doors opened
07/08/2025,12,4194,Tuesday,Weekday,East,15651765,57300,15:55:00,57416,15:56:56,8,11581,Washington Ave & Manning Blvd (11581),0,1,41,,,58783,16:19:43,,,58798,16:19:58,15,00:00:15,doors opened
07/08/2025,12,4194,Tuesday,Weekday,East,15651765,57300,15:55:00,57416,15:56:56,7,2180,Washington Ave & Homestead Ave (02180),2,0,42,,,58720,16:18:40,,,58761,16:19:21,41,00:00:41,doors opened
07/08/2025,12,4194,Tuesday,Weekday,East,15651765,57300,15:55:00,57416,15:56:56,6,2182,Washington Ave & Hawthorne St (02182),4,0,40,,,58646,16:17:26,,,58694,16:18:14,48,00:00:48,doors opened
07/08/2025,12,4194,Tuesday,Weekday,East,15651765,57300,15:55:00,57416,15:56:56,5,3304,Washington Ave & Clermont St (03304),2,1,36,,,58572,16:16:12,,,58617,16:16:57,45,00:00:45,doors opened
07/08/2025,12,4194,Tuesday,Weekday,East,15651765,57300,15:55:00,57416,15:56:56,4,3348,Washington Ave & Brevator St (03348),2,0,35,,,58516,16:15:16,,,58550,16:15:50,34,00:00:34,doors opened
07/08/2025,12,4194,Tuesday,Weekday,West,15651767,60000,16:40:00,60070,16:41:10,27,7175,Crossgates Mall Station (07175),0,5,0,62700.0,17:25:00,62549,17:22:29,62700.0,17:25:00,62549,17:22:29,0,00:00:00,doors opened
07/08/2025,12,4194,Tuesday,Weekday,West,15651767,60000,16:40:00,60070,16:41:10,26,12828,Crossgates Commons Station (12828),0,10,5,62280.0,17:18:00,62276,17:17:56,62280.0,17:18:00,62303,17:18:23,27,00:00:27,doors opened
07/08/2025,12,4194,Tuesday,Weekday,West,15651767,60000,16:40:00,60070,16:41:10,25,12891,1475 Washington Ave (12891),1,0,15,,,62002,17:13:22,,,62017,17:13:37,15,00:00:15,doors opened
07/08/2025,12,4194,Tuesday,Weekday,West,15651767,60000,16:40:00,60070,16:41:10,24,7216,SUNY Collins Circle (07216),7,4,14,61860.0,17:11:00,61849,17:10:49,61860.0,17:11:00,61899,17:11:39,50,00:00:50,doors opened
07/08/2025,12,4194,Tuesday,Weekday,West,15651767,60000,16:40:00,60070,16:41:10,23,3262,1383 Washington Ave (Fairfield Inn) (03262),1,6,11,,,61698,17:08:18,,,61762,17:09:22,64,00:01:04,doors opened
07/08/2025,12,4194,Tuesday,Weekday,West,15651767,60000,16:40:00,60070,16:41:10,22,976,Washington Ave & Brevator St (00976),0,0,16,,,61590,17:06:30,,,61590,17:06:30,0,00:00:00,door not opened
07/08/2025,12,4194,Tuesday,Weekday,West,15651767,60000,16:40:00,60070,16:41:10,21,1959,Washington Ave & Colvin Ave (01959),0,1,16,,,61553,17:05:53,,,61568,17:06:08,15,00:00:15,doors opened
07/08/2025,12,4194,Tuesday,Weekday,West,15651767,60000,16:40:00,60070,16:41:10,17,3287,Washington Ave & N. Allen St (03287),1,1,16,61380.0,17:03:00,61399,17:03:19,61380.0,17:03:00,61418,17:03:38,19,00:00:19,doors opened
07/08/2025,12,4194,Tuesday,Weekday,West,15651767,60000,16:40:00,60070,16:41:10,16,3264,Washington Ave & N. Main Ave (03264),0,2,16,,,61345,17:02:25,,,61367,17:02:47,22,00:00:22,doors opened
07/08/2025,12,4194,Tuesday,Weekday,West,15651767,60000,16:40:00,60070,16:41:10,15,1839,Washington Ave & Partridge St (01839),1,0,18,,,61233,17:00:33,,,61251,17:00:51,18,00:00:18,doors opened
07/08/2025,12,4194,Tuesday,Weekday,West,15651767,60000,16:40:00,60070,16:41:10,14,1841,Washington Ave & Ontario St (01841),0,0,17,61080.0,16:58:00,61212,17:00:12,61080.0,16:58:00,61212,17:00:12,0,00:00:00,door not opened
07/08/2025,12,4194,Tuesday,Weekday,West,15651767,60000,16:40:00,60070,16:41:10,13,1842,Washington Ave & Quail St (01842),0,3,17,,,61137,16:58:57,,,61189,16:59:49,52,00:00:52,doors opened
07/08/2025,12,4194,Tuesday,Weekday,West,15651767,60000,16:40:00,60070,16:41:10,12,1837,Washington Ave & N. Lake Ave (01837),2,0,20,,,61060,16:57:40,,,61108,16:58:28,48,00:00:48,doors opened
07/08/2025,12,4194,Tuesday,Weekday,West,15651767,60000,16:40:00,60070,16:41:10,11,1843,Washington Ave & Robin St (01843),0,0,18,,,61041,16:57:21,,,61041,16:57:21,0,00:00:00,door not opened
07/08/2025,12,4194,Tuesday,Weekday,West,15651767,60000,16:40:00,60070,16:41:10,10,12943,Washington Ave & Lexington Ave (12943),4,0,18,,,60986,16:56:26,,,61011,16:56:51,25,00:00:25,doors opened
07/08/2025,12,4194,Tuesday,Weekday,West,15651767,60000,16:40:00,60070,16:41:10,9,12942,Washington Ave & Henry Johnson Blvd (12942),0,0,14,,,60950,16:55:50,,,60950,16:55:50,0,00:00:00,door not opened
07/08/2025,12,4194,Tuesday,Weekday,West,15651767,60000,16:40:00,60070,16:41:10,8,3239,Lark/Library Station - Washington Ave & Lark St (03239),3,0,14,60660.0,16:51:00,60790,16:53:10,60660.0,16:51:00,60884,16:54:44,94,00:01:34,doors opened
07/08/2025,12,4194,Tuesday,Weekday,West,15651767,60000,16:40:00,60070,16:41:10,7,3301,Washington Ave & S. Swan St (03301),4,0,11,,,60660,16:51:00,,,60733,16:52:13,73,00:01:13,doors opened
07/08/2025,12,4194,Tuesday,Weekday,West,15651767,60000,16:40:00,60070,16:41:10,6,3250,Hawk/Capitol Station - Washington Ave & Hawk St (03250),2,0,7,,,60607,16:50:07,,,60633,16:50:33,26,00:00:26,doors opened
07/08/2025,12,4194,Tuesday,Weekday,West,15651767,60000,16:40:00,60070,16:41:10,5,10087,State St & Eagle St (10087),1,0,5,,,60498,16:48:18,,,60515,16:48:35,17,00:00:17,doors opened
07/08/2025,12,4194,Tuesday,Weekday,West,15651767,60000,16:40:00,60070,16:41:10,20,3399,Washington Ave & Danker Ave (03399),0,0,17,,,61535,17:05:35,,,61535,17:05:35,0,00:00:00,door not opened
07/08/2025,12,4194,Tuesday,Weekday,West,15651767,60000,16:40:00,60070,16:41:10,19,1849,Washington Ave & Homestead Ave (01849),0,0,17,,,61515,17:05:15,,,61515,17:05:15,0,00:00:00,door not opened
07/08/2025,12,4194,Tuesday,Weekday,West,15651767,60000,16:40:00,60070,16:41:10,18,1846,Washington Ave & Manning Blvd (01846),2,1,17,,,61449,17:04:09,,,61493,17:04:53,44,00:00:44,doors opened
07/08/2025,12,4194,Tuesday,Weekday,West,15651767,60000,16:40:00,60070,16:41:10,4,2665,State/Downtown Station - State St & Lodge St (02665),3,0,4,60300.0,16:45:00,60376,16:46:16,60300.0,16:45:00,60436,16:47:16,60,00:01:00,doors opened
07/08/2025,12,4194,Tuesday,Weekday,West,15651767,60000,16:40:00,60070,16:41:10,3,3221,State Station - N. Pearl St & Ten Eyck Plaza (03221),0,0,1,,,60287,16:44:47,,,60287,16:44:47,0,00:00:00,door not opened
07/08/2025,12,4194,Tuesday,Weekday,West,15651767,60000,16:40:00,60070,16:41:10,2,3233,N. Pearl St & Sheridan Ave (03233),0,0,1,,,60200,16:43:20,,,60200,16:43:20,0,00:00:00,door not opened
07/08/2025,12,4194,Tuesday,Weekday,West,15651767,60000,16:40:00,60070,16:41:10,1,2168,Clinton Square Station - N. Pearl St & Clinton Ave (02168),0,0,1,,,60178,16:42:58,,,60178,16:42:58,0,00:00:00,door not opened
07/08/2025,12,4194,Tuesday,Weekday,West,15651767,60000,16:40:00,60070,16:41:10,0,9018,Broadway & Orange St (09018),1,0,1,60000.0,16:40:00,60070,16:41:10,60000.0,16:40:00,60070,16:41:10,0,00:00:00,doors opened
07/08/2025,12,4194,Tuesday,Weekday,East,15651768,63300,17:35:00,63351,17:35:51,24,3940,Broadway & Steuben St (03940),0,0,0,65520.0,18:12:00,65594,18:13:14,65520.0,18:12:00,65594,18:13:14,0,00:00:00,door not opened
07/08/2025,12,4194,Tuesday,Weekday,East,15651768,63300,17:35:00,63351,17:35:51,23,2509,State/Downtown Station - State St & S. Pearl St (02509),0,4,0,65340.0,18:09:00,65467,18:11:07,65340.0,18:09:00,65484,18:11:24,17,00:00:17,doors opened
07/08/2025,12,4194,Tuesday,Weekday,East,15651768,63300,17:35:00,63351,17:35:51,22,1787,State St & Eagle St (01787),0,0,4,,,65447,18:10:47,,,65447,18:10:47,0,00:00:00,door not opened
07/08/2025,12,4194,Tuesday,Weekday,East,15651768,63300,17:35:00,63351,17:35:51,21,2706,Hawk/Capitol Station - Washington Ave & Hawk St (02706),0,1,4,,,65309,18:08:29,,,65349,18:09:09,40,00:00:40,doors opened
07/08/2025,12,4194,Tuesday,Weekday,East,15651768,63300,17:35:00,63351,17:35:51,20,1789,Washington Ave & S. Swan St (01789),0,0,5,,,65288,18:08:08,,,65288,18:08:08,0,00:00:00,door not opened
07/08/2025,12,4194,Tuesday,Weekday,East,15651768,63300,17:35:00,63351,17:35:51,19,1788,Washington Ave & Dove St (01788),0,0,5,,,65267,18:07:47,,,65267,18:07:47,0,00:00:00,door not opened
07/08/2025,12,4194,Tuesday,Weekday,East,15651768,63300,17:35:00,63351,17:35:51,18,2663,Lark/Library Station - Washington Ave & Lark St (02663),0,1,5,65040.0,18:04:00,65196,18:06:36,65040.0,18:04:00,65246,18:07:26,50,00:00:50,doors opened
07/08/2025,12,4194,Tuesday,Weekday,East,15651768,63300,17:35:00,63351,17:35:51,17,263,Washington Ave & Henry Johnson Blvd (00263),0,0,6,,,65149,18:05:49,,,65149,18:05:49,0,00:00:00,door not opened
07/08/2025,12,4194,Tuesday,Weekday,East,15651768,63300,17:35:00,63351,17:35:51,16,2096,Washington Ave & Lexington Ave (02096),0,0,6,,,65071,18:04:31,,,65071,18:04:31,0,00:00:00,door not opened
07/08/2025,12,4194,Tuesday,Weekday,East,15651768,63300,17:35:00,63351,17:35:51,15,3253,Washington Ave & Robin St (Draper Hall) (03253),0,1,6,,,64962,18:02:42,,,64985,18:03:05,23,00:00:23,doors opened
07/08/2025,12,4194,Tuesday,Weekday,East,15651768,63300,17:35:00,63351,17:35:51,14,2109,Washington Ave & N. Lake Ave (02109),0,1,7,,,64888,18:01:28,,,64941,18:02:21,53,00:00:53,doors opened
07/08/2025,12,4194,Tuesday,Weekday,East,15651768,63300,17:35:00,63351,17:35:51,13,3255,Washington Ave & Quail St (03255),0,2,8,,,64829,18:00:29,,,64861,18:01:01,32,00:00:32,doors opened
07/08/2025,12,4194,Tuesday,Weekday,East,15651768,63300,17:35:00,63351,17:35:51,12,3256,Washington Ave & Ontario St (03256),0,0,10,64620.0,17:57:00,64811,18:00:11,64620.0,17:57:00,64811,18:00:11,0,00:00:00,door not opened
07/08/2025,12,4194,Tuesday,Weekday,East,15651768,63300,17:35:00,63351,17:35:51,11,2107,Washington Ave & Partridge St (02107),1,2,10,,,64762,17:59:22,,,64787,17:59:47,25,00:00:25,doors opened
07/08/2025,12,4194,Tuesday,Weekday,East,15651768,63300,17:35:00,63351,17:35:51,10,3257,Washington Ave & N. Main Ave (03257),0,1,11,,,64641,17:57:21,,,64662,17:57:42,21,00:00:21,doors opened
07/08/2025,12,4194,Tuesday,Weekday,East,15651768,63300,17:35:00,63351,17:35:51,9,1796,Washington Ave & N. Allen St (01796),0,3,12,64440.0,17:54:00,64595,17:56:35,64440.0,17:54:00,64610,17:56:50,15,00:00:15,doors opened
07/08/2025,12,4194,Tuesday,Weekday,East,15651768,63300,17:35:00,63351,17:35:51,8,11581,Washington Ave & Manning Blvd (11581),0,2,15,,,64528,17:55:28,,,64559,17:55:59,31,00:00:31,doors opened
07/08/2025,12,4194,Tuesday,Weekday,East,15651768,63300,17:35:00,63351,17:35:51,7,2180,Washington Ave & Homestead Ave (02180),0,3,17,,,64464,17:54:24,,,64481,17:54:41,17,00:00:17,doors opened
07/08/2025,12,4194,Tuesday,Weekday,East,15651768,63300,17:35:00,63351,17:35:51,6,2182,Washington Ave & Hawthorne St (02182),0,0,20,,,64435,17:53:55,,,64435,17:53:55,0,00:00:00,door not opened
07/08/2025,12,4194,Tuesday,Weekday,East,15651768,63300,17:35:00,63351,17:35:51,5,3304,Washington Ave & Clermont St (03304),0,1,20,,,64390,17:53:10,,,64407,17:53:27,17,00:00:17,doors opened
07/08/2025,12,4194,Tuesday,Weekday,East,15651768,63300,17:35:00,63351,17:35:51,4,3348,Washington Ave & Brevator St (03348),0,0,21,,,64376,17:52:56,,,64376,17:52:56,0,00:00:00,door not opened
07/08/2025,12,4194,Tuesday,Weekday,East,15651768,63300,17:35:00,63351,17:35:51,3,10134,Washington Ave & SUNY Exit Rd (10134),4,1,21,,,64154,17:49:14,,,64240,17:50:40,86,00:01:26,doors opened
07/08/2025,12,4194,Tuesday,Weekday,East,15651768,63300,17:35:00,63351,17:35:51,2,7216,SUNY Collins Circle (07216),1,0,18,63960.0,17:46:00,64039,17:47:19,63960.0,17:46:00,64053,17:47:33,14,00:00:14,doors opened
07/08/2025,12,4194,Tuesday,Weekday,East,15651768,63300,17:35:00,63351,17:35:51,1,12827,Crossgates Commons Station (12827),8,0,17,63660.0,17:41:00,63650,17:40:50,63660.0,17:41:00,63791,17:43:11,141,00:02:21,doors opened
07/08/2025,12,4194,Tuesday,Weekday,East,15651768,63300,17:35:00,63351,17:35:51,0,7175,Crossgates Mall Station (07175),9,0,9,63300.0,17:35:00,63351,17:35:51,63300.0,17:35:00,63351,17:35:51,0,00:00:00,doors opened
07/08/2025,12,4194,Tuesday,Weekday,West,15651771,66000,18:20:00,66007,18:20:07,2,3233,N. Pearl St & Sheridan Ave (03233),0,0,3,,,66083,18:21:23,,,66083,18:21:23,0,00:00:00,door not opened
07/08/2025,12,4194,Tuesday,Weekday,West,15651771,66000,18:20:00,66007,18:20:07,1,2168,Clinton Square Station - N. Pearl St & Clinton Ave (02168),1,0,3,,,66057,18:20:57,,,66070,18:21:10,13,00:00:13,doors opened
07/08/2025,12,4194,Tuesday,Weekday,West,15651771,66000,18:20:00,66007,18:20:07,0,9018,Broadway & Orange St (09018),0,0,2,66000.0,18:20:00,66007,18:20:07,66000.0,18:20:00,66007,18:20:07,0,00:00:00,door not opened
07/08/2025,12,4194,Tuesday,Weekday,West,15651771,66000,18:20:00,66007,18:20:07,27,7175,Crossgates Mall Station (07175),0,2,0,68280.0,18:58:00,67752,18:49:12,68280.0,18:58:00,67752,18:49:12,0,00:00:00,doors opened
07/08/2025,12,4194,Tuesday,Weekday,West,15651771,66000,18:20:00,66007,18:20:07,26,12828,Crossgates Commons Station (12828),0,1,2,67860.0,18:51:00,67487,18:44:47,67860.0,18:51:00,67503,18:45:03,16,00:00:16,doors opened
07/08/2025,12,4194,Tuesday,Weekday,West,15651771,66000,18:20:00,66007,18:20:07,25,12891,1475 Washington Ave (12891),0,0,3,,,67335,18:42:15,,,67335,18:42:15,0,00:00:00,door not opened
07/08/2025,12,4194,Tuesday,Weekday,West,15651771,66000,18:20:00,66007,18:20:07,24,7216,SUNY Collins Circle (07216),0,0,3,67500.0,18:45:00,67264,18:41:04,67500.0,18:45:00,67264,18:41:04,0,00:00:00,door not opened
07/08/2025,12,4194,Tuesday,Weekday,West,15651771,66000,18:20:00,66007,18:20:07,23,3262,1383 Washington Ave (Fairfield Inn) (03262),0,0,3,,,67140,18:39:00,,,67140,18:39:00,0,00:00:00,door not opened
07/08/2025,12,4194,Tuesday,Weekday,West,15651771,66000,18:20:00,66007,18:20:07,22,976,Washington Ave & Brevator St (00976),0,1,3,,,66986,18:36:26,,,66997,18:36:37,11,00:00:11,doors opened
07/08/2025,12,4194,Tuesday,Weekday,West,15651771,66000,18:20:00,66007,18:20:07,21,1959,Washington Ave & Colvin Ave (01959),0,0,4,,,66967,18:36:07,,,66967,18:36:07,0,00:00:00,door not opened
07/08/2025,12,4194,Tuesday,Weekday,West,15651771,66000,18:20:00,66007,18:20:07,20,3399,Washington Ave & Danker Ave (03399),0,0,4,,,66882,18:34:42,,,66882,18:34:42,0,00:00:00,door not opened
07/08/2025,12,4194,Tuesday,Weekday,West,15651771,66000,18:20:00,66007,18:20:07,19,1849,Washington Ave & Homestead Ave (01849),0,0,4,,,66864,18:34:24,,,66864,18:34:24,0,00:00:00,door not opened
07/08/2025,12,4194,Tuesday,Weekday,West,15651771,66000,18:20:00,66007,18:20:07,18,1846,Washington Ave & Manning Blvd (01846),0,0,4,,,66845,18:34:05,,,66845,18:34:05,0,00:00:00,door not opened
07/08/2025,12,4194,Tuesday,Weekday,West,15651771,66000,18:20:00,66007,18:20:07,17,3287,Washington Ave & N. Allen St (03287),1,0,4,67080.0,18:38:00,66799,18:33:19,67080.0,18:38:00,66813,18:33:33,14,00:00:14,doors opened
07/08/2025,12,4194,Tuesday,Weekday,West,15651771,66000,18:20:00,66007,18:20:07,16,3264,Washington Ave & N. Main Ave (03264),0,0,3,,,66769,18:32:49,,,66769,18:32:49,0,00:00:00,door not opened
07/08/2025,12,4194,Tuesday,Weekday,West,15651771,66000,18:20:00,66007,18:20:07,15,1839,Washington Ave & Partridge St (01839),0,1,3,,,66713,18:31:53,,,66722,18:32:02,9,00:00:09,doors opened
07/08/2025,12,4194,Tuesday,Weekday,West,15651771,66000,18:20:00,66007,18:20:07,14,1841,Washington Ave & Ontario St (01841),0,0,4,66900.0,18:35:00,66692,18:31:32,66900.0,18:35:00,66692,18:31:32,0,00:00:00,door not opened
07/08/2025,12,4194,Tuesday,Weekday,West,15651771,66000,18:20:00,66007,18:20:07,13,1842,Washington Ave & Quail St (01842),0,0,4,,,66655,18:30:55,,,66655,18:30:55,0,00:00:00,door not opened
07/08/2025,12,4194,Tuesday,Weekday,West,15651771,66000,18:20:00,66007,18:20:07,12,1837,Washington Ave & N. Lake Ave (01837),0,0,4,,,66626,18:30:26,,,66626,18:30:26,0,00:00:00,door not opened
07/08/2025,12,4194,Tuesday,Weekday,West,15651771,66000,18:20:00,66007,18:20:07,11,1843,Washington Ave & Robin St (01843),0,0,4,,,66576,18:29:36,,,66576,18:29:36,0,00:00:00,door not opened
07/08/2025,12,4194,Tuesday,Weekday,West,15651771,66000,18:20:00,66007,18:20:07,10,12943,Washington Ave & Lexington Ave (12943),0,0,4,,,66538,18:28:58,,,66538,18:28:58,0,00:00:00,door not opened
07/08/2025,12,4194,Tuesday,Weekday,West,15651771,66000,18:20:00,66007,18:20:07,9,12942,Washington Ave & Henry Johnson Blvd (12942),0,0,4,,,66472,18:27:52,,,66472,18:27:52,0,00:00:00,door not opened
07/08/2025,12,4194,Tuesday,Weekday,West,15651771,66000,18:20:00,66007,18:20:07,8,3239,Lark/Library Station - Washington Ave & Lark St (03239),0,0,4,66480.0,18:28:00,66385,18:26:25,66480.0,18:28:00,66385,18:26:25,0,00:00:00,door not opened
07/08/2025,12,4194,Tuesday,Weekday,West,15651771,66000,18:20:00,66007,18:20:07,7,3301,Washington Ave & S. Swan St (03301),0,0,4,,,66321,18:25:21,,,66321,18:25:21,0,00:00:00,door not opened
07/08/2025,12,4194,Tuesday,Weekday,West,15651771,66000,18:20:00,66007,18:20:07,6,3250,Hawk/Capitol Station - Washington Ave & Hawk St (03250),0,0,4,,,66274,18:24:34,,,66274,18:24:34,0,00:00:00,door not opened
07/08/2025,12,4194,Tuesday,Weekday,West,15651771,66000,18:20:00,66007,18:20:07,5,10087,State St & Eagle St (10087),0,0,4,,,66250,18:24:10,,,66250,18:24:10,0,00:00:00,door not opened
07/08/2025,12,4194,Tuesday,Weekday,West,15651771,66000,18:20:00,66007,18:20:07,4,2665,State/Downtown Station - State St & Lodge St (02665),0,0,4,66240.0,18:24:00,66227,18:23:47,66240.0,18:24:00,66227,18:23:47,0,00:00:00,door not opened
07/08/2025,12,4194,Tuesday,Weekday,West,15651771,66000,18:20:00,66007,18:20:07,3,3221,State Station - N. Pearl St & Ten Eyck Plaza (03221),1,0,4,,,66115,18:21:55,,,66179,18:22:59,64,00:01:04,doors opened
07/08/2025,12,4194,Tuesday,Weekday,East,15651776,74100,20:35:00,74203,20:36:43,23,2509,State/Downtown Station - State St & S. Pearl St (02509),0,6,0,75960.0,21:06:00,76047,21:07:27,75960.0,21:06:00,76047,21:07:27,0,00:00:00,doors opened
07/08/2025,12,4194,Tuesday,Weekday,East,15651776,74100,20:35:00,74203,20:36:43,22,1787,State St & Eagle St (01787),0,4,6,,,76010,21:06:50,,,76029,21:07:09,19,00:00:19,doors opened
07/08/2025,12,4194,Tuesday,Weekday,East,15651776,74100,20:35:00,74203,20:36:43,21,2706,Hawk/Capitol Station - Washington Ave & Hawk St (02706),0,0,10,,,75970,21:06:10,,,75970,21:06:10,0,00:00:00,door not opened
07/08/2025,12,4194,Tuesday,Weekday,East,15651776,74100,20:35:00,74203,20:36:43,20,1789,Washington Ave & S. Swan St (01789),0,0,10,,,75955,21:05:55,,,75955,21:05:55,0,00:00:00,door not opened
07/08/2025,12,4194,Tuesday,Weekday,East,15651776,74100,20:35:00,74203,20:36:43,19,1788,Washington Ave & Dove St (01788),0,1,10,,,75909,21:05:09,,,75935,21:05:35,26,00:00:26,doors opened
07/08/2025,12,4194,Tuesday,Weekday,East,15651776,74100,20:35:00,74203,20:36:43,18,2663,Lark/Library Station - Washington Ave & Lark St (02663),0,1,11,75720.0,21:02:00,75870,21:04:30,75720.0,21:02:00,75885,21:04:45,15,00:00:15,doors opened
07/08/2025,12,4194,Tuesday,Weekday,East,15651776,74100,20:35:00,74203,20:36:43,17,263,Washington Ave & Henry Johnson Blvd (00263),0,1,12,,,75751,21:02:31,,,75819,21:03:39,68,00:01:08,doors opened
07/08/2025,12,4194,Tuesday,Weekday,East,15651776,74100,20:35:00,74203,20:36:43,16,2096,Washington Ave & Lexington Ave (02096),0,1,13,,,75674,21:01:14,,,75722,21:02:02,48,00:00:48,doors opened
07/08/2025,12,4194,Tuesday,Weekday,East,15651776,74100,20:35:00,74203,20:36:43,15,3253,Washington Ave & Robin St (Draper Hall) (03253),0,1,14,,,75631,21:00:31,,,75652,21:00:52,21,00:00:21,doors opened
07/08/2025,12,4194,Tuesday,Weekday,East,15651776,74100,20:35:00,74203,20:36:43,14,2109,Washington Ave & N. Lake Ave (02109),6,1,15,,,75529,20:58:49,,,75605,21:00:05,76,00:01:16,doors opened
07/08/2025,12,4194,Tuesday,Weekday,East,15651776,74100,20:35:00,74203,20:36:43,13,3255,Washington Ave & Quail St (03255),0,4,10,,,75460,20:57:40,,,75499,20:58:19,39,00:00:39,doors opened
07/08/2025,12,4194,Tuesday,Weekday,East,15651776,74100,20:35:00,74203,20:36:43,12,3256,Washington Ave & Ontario St (03256),0,3,14,75360.0,20:56:00,75421,20:57:01,75360.0,20:56:00,75442,20:57:22,21,00:00:21,doors opened
07/08/2025,12,4194,Tuesday,Weekday,East,15651776,74100,20:35:00,74203,20:36:43,11,2107,Washington Ave & Partridge St (02107),0,1,17,,,75374,20:56:14,,,75400,20:56:40,26,00:00:26,doors opened
07/08/2025,12,4194,Tuesday,Weekday,East,15651776,74100,20:35:00,74203,20:36:43,10,3257,Washington Ave & N. Main Ave (03257),1,2,18,,,75271,20:54:31,,,75292,20:54:52,21,00:00:21,doors opened
07/08/2025,12,4194,Tuesday,Weekday,East,15651776,74100,20:35:00,74203,20:36:43,9,1796,Washington Ave & N. Allen St (01796),3,2,19,75180.0,20:53:00,75215,20:53:35,75180.0,20:53:00,75238,20:53:58,23,00:00:23,doors opened
07/08/2025,12,4194,Tuesday,Weekday,East,15651776,74100,20:35:00,74203,20:36:43,8,11581,Washington Ave & Manning Blvd (11581),0,0,18,,,75181,20:53:01,,,75181,20:53:01,0,00:00:00,door not opened
07/08/2025,12,4194,Tuesday,Weekday,East,15651776,74100,20:35:00,74203,20:36:43,7,2180,Washington Ave & Homestead Ave (02180),0,0,18,,,75156,20:52:36,,,75156,20:52:36,0,00:00:00,door not opened
07/08/2025,12,4194,Tuesday,Weekday,East,15651776,74100,20:35:00,74203,20:36:43,6,2182,Washington Ave & Hawthorne St (02182),0,0,18,,,75136,20:52:16,,,75136,20:52:16,0,00:00:00,door not opened
07/08/2025,12,4194,Tuesday,Weekday,East,15651776,74100,20:35:00,74203,20:36:43,5,3304,Washington Ave & Clermont St (03304),0,0,18,,,75081,20:51:21,,,75081,20:51:21,0,00:00:00,door not opened
07/08/2025,12,4194,Tuesday,Weekday,East,15651776,74100,20:35:00,74203,20:36:43,4,3348,Washington Ave & Brevator St (03348),1,2,18,,,75043,20:50:43,,,75059,20:50:59,16,00:00:16,doors opened
07/08/2025,12,4194,Tuesday,Weekday,East,15651776,74100,20:35:00,74203,20:36:43,3,10134,Washington Ave & SUNY Exit Rd (10134),1,0,19,,,74912,20:48:32,,,74940,20:49:00,28,00:00:28,doors opened
07/08/2025,12,4194,Tuesday,Weekday,East,15651776,74100,20:35:00,74203,20:36:43,2,7216,SUNY Collins Circle (07216),3,1,18,74700.0,20:45:00,74768,20:46:08,74700.0,20:45:00,74790,20:46:30,22,00:00:22,doors opened
07/08/2025,12,4194,Tuesday,Weekday,East,15651776,74100,20:35:00,74203,20:36:43,1,12827,Crossgates Commons Station (12827),3,0,16,74400.0,20:40:00,74506,20:41:46,74400.0,20:40:00,74572,20:42:52,66,00:01:06,doors opened
07/08/2025,12,4194,Tuesday,Weekday,East,15651776,74100,20:35:00,74203,20:36:43,0,7175,Crossgates Mall Station (07175),13,0,13,74100.0,20:35:00,74203,20:36:43,74100.0,20:35:00,74203,20:36:43,0,00:00:00,doors opened
07/08/2025,12,1900,Tuesday,Weekday,East,15649748,34500,09:35:00,34542,09:35:42,17,263,Washington Ave & Henry Johnson Blvd (00263),0,0,7,,,36257,10:04:17,,,36257,10:04:17,0,00:00:00,door not opened
07/08/2025,12,1900,Tuesday,Weekday,East,15649748,34500,09:35:00,34542,09:35:42,16,2096,Washington Ave & Lexington Ave (02096),0,0,7,,,36197,10:03:17,,,36197,10:03:17,0,00:00:00,door not opened
07/08/2025,12,1900,Tuesday,Weekday,East,15649748,34500,09:35:00,34542,09:35:42,15,3253,Washington Ave & Robin St (Draper Hall) (03253),0,0,7,,,36112,10:01:52,,,36112,10:01:52,0,00:00:00,door not opened
07/08/2025,12,1900,Tuesday,Weekday,East,15649748,34500,09:35:00,34542,09:35:42,14,2109,Washington Ave & N. Lake Ave (02109),1,0,7,,,36028,10:00:28,,,36080,10:01:20,52,00:00:52,doors opened
07/08/2025,12,1900,Tuesday,Weekday,East,15649748,34500,09:35:00,34542,09:35:42,13,3255,Washington Ave & Quail St (03255),0,0,6,,,36004,10:00:04,,,36004,10:00:04,0,00:00:00,door not opened
07/08/2025,12,1900,Tuesday,Weekday,East,15649748,34500,09:35:00,34542,09:35:42,12,3256,Washington Ave & Ontario St (03256),0,0,6,35700.0,09:55:00,35978,09:59:38,35700.0,09:55:00,35978,09:59:38,0,00:00:00,door not opened
07/08/2025,12,1900,Tuesday,Weekday,East,15649748,34500,09:35:00,34542,09:35:42,11,2107,Washington Ave & Partridge St (02107),1,1,6,,,35915,09:58:35,,,35931,09:58:51,16,00:00:16,doors opened
07/08/2025,12,1900,Tuesday,Weekday,East,15649748,34500,09:35:00,34542,09:35:42,10,3257,Washington Ave & N. Main Ave (03257),0,0,6,,,35820,09:57:00,,,35820,09:57:00,0,00:00:00,door not opened
07/08/2025,12,1900,Tuesday,Weekday,East,15649748,34500,09:35:00,34542,09:35:42,9,1796,Washington Ave & N. Allen St (01796),0,2,6,35580.0,09:53:00,35733,09:55:33,35580.0,09:53:00,35760,09:56:00,27,00:00:27,doors opened
07/08/2025,12,1900,Tuesday,Weekday,East,15649748,34500,09:35:00,34542,09:35:42,8,11581,Washington Ave & Manning Blvd (11581),0,0,8,,,35704,09:55:04,,,35704,09:55:04,0,00:00:00,door not opened
07/08/2025,12,1900,Tuesday,Weekday,East,15649748,34500,09:35:00,34542,09:35:42,7,2180,Washington Ave & Homestead Ave (02180),0,0,8,,,35644,09:54:04,,,35644,09:54:04,0,00:00:00,door not opened
07/08/2025,12,1900,Tuesday,Weekday,East,15649748,34500,09:35:00,34542,09:35:42,6,2182,Washington Ave & Hawthorne St (02182),0,0,8,,,35620,09:53:40,,,35620,09:53:40,0,00:00:00,door not opened
07/08/2025,12,1900,Tuesday,Weekday,East,15649748,34500,09:35:00,34542,09:35:42,5,3304,Washington Ave & Clermont St (03304),0,0,8,,,35604,09:53:24,,,35604,09:53:24,0,00:00:00,door not opened
07/08/2025,12,1900,Tuesday,Weekday,East,15649748,34500,09:35:00,34542,09:35:42,4,3348,Washington Ave & Brevator St (03348),0,0,8,,,35565,09:52:45,,,35565,09:52:45,0,00:00:00,door not opened
07/08/2025,12,1900,Tuesday,Weekday,East,15649748,34500,09:35:00,34542,09:35:42,3,10134,Washington Ave & SUNY Exit Rd (10134),0,0,8,,,35450,09:50:50,,,35450,09:50:50,0,00:00:00,door not opened
07/08/2025,12,1900,Tuesday,Weekday,East,15649748,34500,09:35:00,34542,09:35:42,2,7216,SUNY Collins Circle (07216),2,0,8,35100.0,09:45:00,35242,09:47:22,35100.0,09:45:00,35264,09:47:44,22,00:00:22,doors opened
07/08/2025,12,1900,Tuesday,Weekday,East,15649748,34500,09:35:00,34542,09:35:42,1,12827,Crossgates Commons Station (12827),3,0,6,34800.0,09:40:00,34818,09:40:18,34800.0,09:40:00,34987,09:43:07,169,00:02:49,doors opened
07/08/2025,12,1900,Tuesday,Weekday,East,15649748,34500,09:35:00,34542,09:35:42,0,7175,Crossgates Mall Station (07175),3,0,3,34500.0,09:35:00,34542,09:35:42,34500.0,09:35:00,34542,09:35:42,0,00:00:00,doors opened
07/08/2025,12,1900,Tuesday,Weekday,East,15649748,34500,09:35:00,34542,09:35:42,24,3940,Broadway & Steuben St (03940),0,0,0,36540.0,10:09:00,36676,10:11:16,36540.0,10:09:00,36676,10:11:16,0,00:00:00,door not opened
07/08/2025,12,1900,Tuesday,Weekday,East,15649748,34500,09:35:00,34542,09:35:42,23,2509,State/Downtown Station - State St & S. Pearl St (02509),0,7,0,36360.0,10:06:00,36575,10:09:35,36360.0,10:06:00,36619,10:10:19,44,00:00:44,doors opened
07/08/2025,12,1900,Tuesday,Weekday,East,15649748,34500,09:35:00,34542,09:35:42,22,1787,State St & Eagle St (01787),0,0,7,,,36557,10:09:17,,,36557,10:09:17,0,00:00:00,door not opened
07/08/2025,12,1900,Tuesday,Weekday,East,15649748,34500,09:35:00,34542,09:35:42,21,2706,Hawk/Capitol Station - Washington Ave & Hawk St (02706),0,0,7,,,36461,10:07:41,,,36461,10:07:41,0,00:00:00,door not opened
07/08/2025,12,1900,Tuesday,Weekday,East,15649748,34500,09:35:00,34542,09:35:42,20,1789,Washington Ave & S. Swan St (01789),0,0,7,,,36387,10:06:27,,,36420,10:07:00,33,00:00:33,doors opened
07/08/2025,12,1900,Tuesday,Weekday,East,15649748,34500,09:35:00,34542,09:35:42,19,1788,Washington Ave & Dove St (01788),0,0,7,,,36324,10:05:24,,,36360,10:06:00,36,00:00:36,doors opened
07/08/2025,12,1900,Tuesday,Weekday,East,15649748,34500,09:35:00,34542,09:35:42,18,2663,Lark/Library Station - Washington Ave & Lark St (02663),0,0,7,36060.0,10:01:00,36300,10:05:00,36060.0,10:01:00,36300,10:05:00,0,00:00:00,door not opened
07/08/2025,12,1900,Tuesday,Weekday,East,15649752,40500,11:15:00,40652,11:17:32,24,3940,Broadway & Steuben St (03940),0,0,0,42600.0,11:50:00,42742,11:52:22,42600.0,11:50:00,42742,11:52:22,0,00:00:00,door not opened
07/08/2025,12,1900,Tuesday,Weekday,East,15649752,40500,11:15:00,40652,11:17:32,23,2509,State/Downtown Station - State St & S. Pearl St (02509),0,1,0,42420.0,11:47:00,42657,11:50:57,42420.0,11:47:00,42675,11:51:15,18,00:00:18,doors opened
07/08/2025,12,1900,Tuesday,Weekday,East,15649752,40500,11:15:00,40652,11:17:32,22,1787,State St & Eagle St (01787),0,0,1,,,42638,11:50:38,,,42638,11:50:38,0,00:00:00,door not opened
07/08/2025,12,1900,Tuesday,Weekday,East,15649752,40500,11:15:00,40652,11:17:32,21,2706,Hawk/Capitol Station - Washington Ave & Hawk St (02706),0,1,1,,,42435,11:47:15,,,42505,11:48:25,70,00:01:10,doors opened
07/08/2025,12,1900,Tuesday,Weekday,East,15649752,40500,11:15:00,40652,11:17:32,20,1789,Washington Ave & S. Swan St (01789),0,1,2,,,42378,11:46:18,,,42408,11:46:48,30,00:00:30,doors opened
07/08/2025,12,1900,Tuesday,Weekday,East,15649752,40500,11:15:00,40652,11:17:32,19,1788,Washington Ave & Dove St (01788),0,0,3,,,42343,11:45:43,,,42343,11:45:43,0,00:00:00,door not opened
07/08/2025,12,1900,Tuesday,Weekday,East,15649752,40500,11:15:00,40652,11:17:32,18,2663,Lark/Library Station - Washington Ave & Lark St (02663),0,3,3,42120.0,11:42:00,42283,11:44:43,42120.0,11:42:00,42305,11:45:05,22,00:00:22,doors opened
07/08/2025,12,1900,Tuesday,Weekday,East,15649752,40500,11:15:00,40652,11:17:32,17,263,Washington Ave & Henry Johnson Blvd (00263),0,1,6,,,42238,11:43:58,,,42252,11:44:12,14,00:00:14,doors opened
07/08/2025,12,1900,Tuesday,Weekday,East,15649752,40500,11:15:00,40652,11:17:32,16,2096,Washington Ave & Lexington Ave (02096),0,1,7,,,42120,11:42:00,,,42198,11:43:18,78,00:01:18,doors opened
07/08/2025,12,1900,Tuesday,Weekday,East,15649752,40500,11:15:00,40652,11:17:32,15,3253,Washington Ave & Robin St (Draper Hall) (03253),0,0,8,,,42101,11:41:41,,,42101,11:41:41,0,00:00:00,door not opened
07/08/2025,12,1900,Tuesday,Weekday,East,15649752,40500,11:15:00,40652,11:17:32,14,2109,Washington Ave & N. Lake Ave (02109),0,0,8,,,42079,11:41:19,,,42079,11:41:19,0,00:00:00,door not opened
07/08/2025,12,1900,Tuesday,Weekday,East,15649752,40500,11:15:00,40652,11:17:32,13,3255,Washington Ave & Quail St (03255),1,1,8,,,42005,11:40:05,,,42027,11:40:27,22,00:00:22,doors opened
07/08/2025,12,1900,Tuesday,Weekday,East,15649752,40500,11:15:00,40652,11:17:32,12,3256,Washington Ave & Ontario St (03256),0,0,8,41760.0,11:36:00,41984,11:39:44,41760.0,11:36:00,41984,11:39:44,0,00:00:00,door not opened
07/08/2025,12,1900,Tuesday,Weekday,East,15649752,40500,11:15:00,40652,11:17:32,11,2107,Washington Ave & Partridge St (02107),0,2,8,,,41937,11:38:57,,,41959,11:39:19,22,00:00:22,doors opened
07/08/2025,12,1900,Tuesday,Weekday,East,15649752,40500,11:15:00,40652,11:17:32,10,3257,Washington Ave & N. Main Ave (03257),0,0,10,,,41881,11:38:01,,,41881,11:38:01,0,00:00:00,door not opened
07/08/2025,12,1900,Tuesday,Weekday,East,15649752,40500,11:15:00,40652,11:17:32,9,1796,Washington Ave & N. Allen St (01796),1,1,10,41580.0,11:33:00,41791,11:36:31,41580.0,11:33:00,41810,11:36:50,19,00:00:19,doors opened
07/08/2025,12,1900,Tuesday,Weekday,East,15649752,40500,11:15:00,40652,11:17:32,8,11581,Washington Ave & Manning Blvd (11581),0,0,10,,,41762,11:36:02,,,41762,11:36:02,0,00:00:00,door not opened
07/08/2025,12,1900,Tuesday,Weekday,East,15649752,40500,11:15:00,40652,11:17:32,7,2180,Washington Ave & Homestead Ave (02180),0,2,10,,,41675,11:34:35,,,41692,11:34:52,17,00:00:17,doors opened
07/08/2025,12,1900,Tuesday,Weekday,East,15649752,40500,11:15:00,40652,11:17:32,6,2182,Washington Ave & Hawthorne St (02182),0,4,12,,,41628,11:33:48,,,41646,11:34:06,18,00:00:18,doors opened
07/08/2025,12,1900,Tuesday,Weekday,East,15649752,40500,11:15:00,40652,11:17:32,5,3304,Washington Ave & Clermont St (03304),0,0,16,,,41606,11:33:26,,,41606,11:33:26,0,00:00:00,door not opened
07/08/2025,12,1900,Tuesday,Weekday,East,15649752,40500,11:15:00,40652,11:17:32,4,3348,Washington Ave & Brevator St (03348),1,0,16,,,41569,11:32:49,,,41585,11:33:05,16,00:00:16,doors opened
07/08/2025,12,1900,Tuesday,Weekday,East,15649752,40500,11:15:00,40652,11:17:32,3,10134,Washington Ave & SUNY Exit Rd (10134),1,1,15,,,41413,11:30:13,,,41432,11:30:32,19,00:00:19,doors opened
07/08/2025,12,1900,Tuesday,Weekday,East,15649752,40500,11:15:00,40652,11:17:32,2,7216,SUNY Collins Circle (07216),3,0,15,41100.0,11:25:00,41264,11:27:44,41100.0,11:25:00,41281,11:28:01,17,00:00:17,doors opened
07/08/2025,12,1900,Tuesday,Weekday,East,15649752,40500,11:15:00,40652,11:17:32,1,12827,Crossgates Commons Station (12827),6,0,12,40800.0,11:20:00,40941,11:22:21,40800.0,11:20:00,41047,11:24:07,106,00:01:46,doors opened
07/08/2025,12,1900,Tuesday,Weekday,East,15649752,40500,11:15:00,40652,11:17:32,0,7175,Crossgates Mall Station (07175),6,0,6,40500.0,11:15:00,40652,11:17:32,40500.0,11:15:00,40652,11:17:32,0,00:00:00,doors opened
07/08/2025,12,1900,Tuesday,Weekday,West,15649755,43200,12:00:00,43452,12:04:12,27,7175,Crossgates Mall Station (07175),0,2,0,45600.0,12:40:00,45906,12:45:06,45600.0,12:40:00,45906,12:45:06,0,00:00:00,doors opened
07/08/2025,12,1900,Tuesday,Weekday,West,15649755,43200,12:00:00,43452,12:04:12,26,12828,Crossgates Commons Station (12828),0,9,2,45180.0,12:33:00,45617,12:40:17,45180.0,12:33:00,45649,12:40:49,32,00:00:32,doors opened
07/08/2025,12,1900,Tuesday,Weekday,West,15649755,43200,12:00:00,43452,12:04:12,25,12891,1475 Washington Ave (12891),0,0,11,,,45405,12:36:45,,,45405,12:36:45,0,00:00:00,door not opened
07/08/2025,12,1900,Tuesday,Weekday,West,15649755,43200,12:00:00,43452,12:04:12,24,7216,SUNY Collins Circle (07216),0,3,11,44820.0,12:27:00,45292,12:34:52,44820.0,12:27:00,45307,12:35:07,15,00:00:15,doors opened
07/08/2025,12,1900,Tuesday,Weekday,West,15649755,43200,12:00:00,43452,12:04:12,23,3262,1383 Washington Ave (Fairfield Inn) (03262),1,4,14,,,45121,12:32:01,,,45178,12:32:58,57,00:00:57,doors opened
07/08/2025,12,1900,Tuesday,Weekday,West,15649755,43200,12:00:00,43452,12:04:12,22,976,Washington Ave & Brevator St (00976),1,2,17,,,44936,12:28:56,,,44972,12:29:32,36,00:00:36,doors opened
07/08/2025,12,1900,Tuesday,Weekday,West,15649755,43200,12:00:00,43452,12:04:12,21,1959,Washington Ave & Colvin Ave (01959),0,3,18,,,44853,12:27:33,,,44912,12:28:32,59,00:00:59,doors opened
07/08/2025,12,1900,Tuesday,Weekday,West,15649755,43200,12:00:00,43452,12:04:12,20,3399,Washington Ave & Danker Ave (03399),0,0,21,,,44827,12:27:07,,,44827,12:27:07,0,00:00:00,door not opened
07/08/2025,12,1900,Tuesday,Weekday,West,15649755,43200,12:00:00,43452,12:04:12,19,1849,Washington Ave & Homestead Ave (01849),1,0,21,,,44782,12:26:22,,,44799,12:26:39,17,00:00:17,doors opened
07/08/2025,12,1900,Tuesday,Weekday,West,15649755,43200,12:00:00,43452,12:04:12,18,1846,Washington Ave & Manning Blvd (01846),0,0,20,,,44761,12:26:01,,,44761,12:26:01,0,00:00:00,door not opened
07/08/2025,12,1900,Tuesday,Weekday,West,15649755,43200,12:00:00,43452,12:04:12,17,3287,Washington Ave & N. Allen St (03287),3,1,20,44400.0,12:20:00,44611,12:23:31,44400.0,12:20:00,44687,12:24:47,76,00:01:16,doors opened
07/08/2025,12,1900,Tuesday,Weekday,West,15649755,43200,12:00:00,43452,12:04:12,16,3264,Washington Ave & N. Main Ave (03264),1,0,18,,,44532,12:22:12,,,44580,12:23:00,48,00:00:48,doors opened
07/08/2025,12,1900,Tuesday,Weekday,West,15649755,43200,12:00:00,43452,12:04:12,15,1839,Washington Ave & Partridge St (01839),1,1,17,,,44429,12:20:29,,,44448,12:20:48,19,00:00:19,doors opened
07/08/2025,12,1900,Tuesday,Weekday,West,15649755,43200,12:00:00,43452,12:04:12,14,1841,Washington Ave & Ontario St (01841),0,1,17,44160.0,12:16:00,44388,12:19:48,44160.0,12:16:00,44403,12:20:03,15,00:00:15,doors opened
07/08/2025,12,1900,Tuesday,Weekday,West,15649755,43200,12:00:00,43452,12:04:12,13,1842,Washington Ave & Quail St (01842),1,0,18,,,44322,12:18:42,,,44363,12:19:23,41,00:00:41,doors opened
07/08/2025,12,1900,Tuesday,Weekday,West,15649755,43200,12:00:00,43452,12:04:12,12,1837,Washington Ave & N. Lake Ave (01837),2,0,17,,,44264,12:17:44,,,44294,12:18:14,30,00:00:30,doors opened
07/08/2025,12,1900,Tuesday,Weekday,West,15649755,43200,12:00:00,43452,12:04:12,11,1843,Washington Ave & Robin St (01843),6,0,15,,,44201,12:16:41,,,44236,12:17:16,35,00:00:35,doors opened
07/08/2025,12,1900,Tuesday,Weekday,West,15649755,43200,12:00:00,43452,12:04:12,10,12943,Washington Ave & Lexington Ave (12943),0,2,9,,,44116,12:15:16,,,44170,12:16:10,54,00:00:54,doors opened
07/08/2025,12,1900,Tuesday,Weekday,West,15649755,43200,12:00:00,43452,12:04:12,9,12942,Washington Ave & Henry Johnson Blvd (12942),0,0,11,,,44088,12:14:48,,,44088,12:14:48,0,00:00:00,door not opened
07/08/2025,12,1900,Tuesday,Weekday,West,15649755,43200,12:00:00,43452,12:04:12,8,3239,Lark/Library Station - Washington Ave & Lark St (03239),3,3,11,43740.0,12:09:00,43992,12:13:12,43740.0,12:09:00,44029,12:13:49,37,00:00:37,doors opened
07/08/2025,12,1900,Tuesday,Weekday,West,15649755,43200,12:00:00,43452,12:04:12,7,3301,Washington Ave & S. Swan St (03301),2,1,11,,,43890,12:11:30,,,43939,12:12:19,49,00:00:49,doors opened
07/08/2025,12,1900,Tuesday,Weekday,West,15649755,43200,12:00:00,43452,12:04:12,6,3250,Hawk/Capitol Station - Washington Ave & Hawk St (03250),1,0,10,,,43830,12:10:30,,,43865,12:11:05,35,00:00:35,doors opened
07/08/2025,12,1900,Tuesday,Weekday,West,15649755,43200,12:00:00,43452,12:04:12,5,10087,State St & Eagle St (10087),0,0,9,,,43806,12:10:06,,,43806,12:10:06,0,00:00:00,door not opened
07/08/2025,12,1900,Tuesday,Weekday,West,15649755,43200,12:00:00,43452,12:04:12,4,2665,State/Downtown Station - State St & Lodge St (02665),5,1,9,43440.0,12:04:00,43699,12:08:19,43440.0,12:04:00,43739,12:08:59,40,00:00:40,doors opened
07/08/2025,12,1900,Tuesday,Weekday,West,15649755,43200,12:00:00,43452,12:04:12,3,3221,State Station - N. Pearl St & Ten Eyck Plaza (03221),1,0,5,,,43653,12:07:33,,,43671,12:07:51,18,00:00:18,doors opened
07/08/2025,12,1900,Tuesday,Weekday,West,15649755,43200,12:00:00,43452,12:04:12,2,3233,N. Pearl St & Sheridan Ave (03233),0,0,4,,,43609,12:06:49,,,43609,12:06:49,0,00:00:00,door not opened
07/08/2025,12,1900,Tuesday,Weekday,West,15649755,43200,12:00:00,43452,12:04:12,1,2168,Clinton Square Station - N. Pearl St & Clinton Ave (02168),3,0,4,,,43545,12:05:45,,,43592,12:06:32,47,00:00:47,doors opened
07/08/2025,12,1900,Tuesday,Weekday,West,15649755,43200,12:00:00,43452,12:04:12,0,9018,Broadway & Orange St (09018),0,0,1,43200.0,12:00:00,43452,12:04:12,43200.0,12:00:00,43452,12:04:12,0,00:00:00,door not opened
07/08/2025,12,1900,Tuesday,Weekday,East,15649758,46500,12:55:00,46737,12:58:57,24,3940,Broadway & Steuben St (03940),0,0,0,48660.0,13:31:00,48796,13:33:16,48660.0,13:31:00,48796,13:33:16,0,00:00:00,door not opened
07/08/2025,12,1900,Tuesday,Weekday,East,15649758,46500,12:55:00,46737,12:58:57,23,2509,State/Downtown Station - State St & S. Pearl St (02509),0,3,0,48480.0,13:28:00,48659,13:30:59,48480.0,13:28:00,48683,13:31:23,24,00:00:24,doors opened
07/08/2025,12,1900,Tuesday,Weekday,East,15649758,46500,12:55:00,46737,12:58:57,22,1787,State St & Eagle St (01787),0,0,3,,,48645,13:30:45,,,48645,13:30:45,0,00:00:00,door not opened
07/08/2025,12,1900,Tuesday,Weekday,East,15649758,46500,12:55:00,46737,12:58:57,21,2706,Hawk/Capitol Station - Washington Ave & Hawk St (02706),0,0,3,,,48559,13:29:19,,,48559,13:29:19,0,00:00:00,door not opened
07/08/2025,12,1900,Tuesday,Weekday,East,15649758,46500,12:55:00,46737,12:58:57,20,1789,Washington Ave & S. Swan St (01789),0,1,3,,,48430,13:27:10,,,48488,13:28:08,58,00:00:58,doors opened
07/08/2025,12,1900,Tuesday,Weekday,East,15649758,46500,12:55:00,46737,12:58:57,19,1788,Washington Ave & Dove St (01788),0,0,4,,,48408,13:26:48,,,48408,13:26:48,0,00:00:00,door not opened
07/08/2025,12,1900,Tuesday,Weekday,East,15649758,46500,12:55:00,46737,12:58:57,18,2663,Lark/Library Station - Washington Ave & Lark St (02663),1,0,4,48180.0,13:23:00,48335,13:25:35,48180.0,13:23:00,48355,13:25:55,20,00:00:20,doors opened
07/08/2025,12,1900,Tuesday,Weekday,East,15649758,46500,12:55:00,46737,12:58:57,17,263,Washington Ave & Henry Johnson Blvd (00263),0,0,3,,,48285,13:24:45,,,48285,13:24:45,0,00:00:00,door not opened
07/08/2025,12,1900,Tuesday,Weekday,East,15649758,46500,12:55:00,46737,12:58:57,16,2096,Washington Ave & Lexington Ave (02096),0,0,3,,,48204,13:23:24,,,48204,13:23:24,0,00:00:00,door not opened
07/08/2025,12,1900,Tuesday,Weekday,East,15649758,46500,12:55:00,46737,12:58:57,15,3253,Washington Ave & Robin St (Draper Hall) (03253),0,0,3,,,48180,13:23:00,,,48180,13:23:00,0,00:00:00,door not opened
07/08/2025,12,1900,Tuesday,Weekday,East,15649758,46500,12:55:00,46737,12:58:57,14,2109,Washington Ave & N. Lake Ave (02109),0,0,3,,,48139,13:22:19,,,48139,13:22:19,0,00:00:00,door not opened
07/08/2025,12,1900,Tuesday,Weekday,East,15649758,46500,12:55:00,46737,12:58:57,13,3255,Washington Ave & Quail St (03255),0,2,3,,,48047,13:20:47,,,48088,13:21:28,41,00:00:41,doors opened
07/08/2025,12,1900,Tuesday,Weekday,East,15649758,46500,12:55:00,46737,12:58:57,12,3256,Washington Ave & Ontario St (03256),0,0,5,47760.0,13:16:00,48027,13:20:27,47760.0,13:16:00,48027,13:20:27,0,00:00:00,door not opened
07/08/2025,12,1900,Tuesday,Weekday,East,15649758,46500,12:55:00,46737,12:58:57,11,2107,Washington Ave & Partridge St (02107),0,1,5,,,47949,13:19:09,,,47988,13:19:48,39,00:00:39,doors opened
07/08/2025,12,1900,Tuesday,Weekday,East,15649758,46500,12:55:00,46737,12:58:57,10,3257,Washington Ave & N. Main Ave (03257),0,2,6,,,47845,13:17:25,,,47878,13:17:58,33,00:00:33,doors opened
07/08/2025,12,1900,Tuesday,Weekday,East,15649758,46500,12:55:00,46737,12:58:57,9,1796,Washington Ave & N. Allen St (01796),0,0,8,47580.0,13:13:00,47790,13:16:30,47580.0,13:13:00,47814,13:16:54,24,00:00:24,doors opened
07/08/2025,12,1900,Tuesday,Weekday,East,15649758,46500,12:55:00,46737,12:58:57,8,11581,Washington Ave & Manning Blvd (11581),0,0,8,,,47761,13:16:01,,,47761,13:16:01,0,00:00:00,door not opened
07/08/2025,12,1900,Tuesday,Weekday,East,15649758,46500,12:55:00,46737,12:58:57,7,2180,Washington Ave & Homestead Ave (02180),0,2,8,,,47679,13:14:39,,,47696,13:14:56,17,00:00:17,doors opened
07/08/2025,12,1900,Tuesday,Weekday,East,15649758,46500,12:55:00,46737,12:58:57,6,2182,Washington Ave & Hawthorne St (02182),0,1,10,,,47631,13:13:51,,,47651,13:14:11,20,00:00:20,doors opened
07/08/2025,12,1900,Tuesday,Weekday,East,15649758,46500,12:55:00,46737,12:58:57,5,3304,Washington Ave & Clermont St (03304),0,0,11,,,47614,13:13:34,,,47614,13:13:34,0,00:00:00,door not opened
07/08/2025,12,1900,Tuesday,Weekday,East,15649758,46500,12:55:00,46737,12:58:57,4,3348,Washington Ave & Brevator St (03348),0,0,11,,,47595,13:13:15,,,47595,13:13:15,0,00:00:00,door not opened
07/08/2025,12,1900,Tuesday,Weekday,East,15649758,46500,12:55:00,46737,12:58:57,3,10134,Washington Ave & SUNY Exit Rd (10134),1,0,11,,,47448,13:10:48,,,47484,13:11:24,36,00:00:36,doors opened
07/08/2025,12,1900,Tuesday,Weekday,East,15649758,46500,12:55:00,46737,12:58:57,2,7216,SUNY Collins Circle (07216),3,0,10,47100.0,13:05:00,47325,13:08:45,47100.0,13:05:00,47344,13:09:04,19,00:00:19,doors opened
07/08/2025,12,1900,Tuesday,Weekday,East,15649758,46500,12:55:00,46737,12:58:57,1,12827,Crossgates Commons Station (12827),8,1,7,46800.0,13:00:00,46896,13:01:36,46800.0,13:00:00,47065,13:04:25,169,00:02:49,doors opened
07/08/2025,12,1900,Tuesday,Weekday,East,15649758,46500,12:55:00,46737,12:58:57,0,7175,Crossgates Mall Station (07175),0,0,0,46500.0,12:55:00,46737,12:58:57,46500.0,12:55:00,46737,12:58:57,0,00:00:00,door not opened
07/08/2025,12,1900,Tuesday,Weekday,West,15649863,49200,13:40:00,49856,13:50:56,27,7175,Crossgates Mall Station (07175),0,14,0,51660.0,14:21:00,52477,14:34:37,51660.0,14:21:00,52477,14:34:37,0,00:00:00,doors opened
07/08/2025,12,1900,Tuesday,Weekday,West,15649863,49200,13:40:00,49856,13:50:56,26,12828,Crossgates Commons Station (12828),3,11,14,51240.0,14:14:00,52173,14:29:33,51240.0,14:14:00,52239,14:30:39,66,00:01:06,doors opened
07/08/2025,12,1900,Tuesday,Weekday,West,15649863,49200,13:40:00,49856,13:50:56,25,12891,1475 Washington Ave (12891),0,2,22,,,51981,14:26:21,,,52011,14:26:51,30,00:00:30,doors opened
07/08/2025,12,1900,Tuesday,Weekday,West,15649863,49200,13:40:00,49856,13:50:56,24,7216,SUNY Collins Circle (07216),0,2,24,50880.0,14:08:00,51800,14:23:20,50880.0,14:08:00,51838,14:23:58,38,00:00:38,doors opened
07/08/2025,12,1900,Tuesday,Weekday,West,15649863,49200,13:40:00,49856,13:50:56,23,3262,1383 Washington Ave (Fairfield Inn) (03262),1,2,26,,,51655,14:20:55,,,51674,14:21:14,19,00:00:19,doors opened
07/08/2025,12,1900,Tuesday,Weekday,West,15649863,49200,13:40:00,49856,13:50:56,22,976,Washington Ave & Brevator St (00976),0,0,27,,,51535,14:18:55,,,51535,14:18:55,0,00:00:00,door not opened
07/08/2025,12,1900,Tuesday,Weekday,West,15649863,49200,13:40:00,49856,13:50:56,21,1959,Washington Ave & Colvin Ave (01959),3,0,27,,,51463,14:17:43,,,51513,14:18:33,50,00:00:50,doors opened
07/08/2025,12,1900,Tuesday,Weekday,West,15649863,49200,13:40:00,49856,13:50:56,20,3399,Washington Ave & Danker Ave (03399),1,0,24,,,51402,14:16:42,,,51416,14:16:56,14,00:00:14,doors opened
07/08/2025,12,1900,Tuesday,Weekday,West,15649863,49200,13:40:00,49856,13:50:56,19,1849,Washington Ave & Homestead Ave (01849),0,0,23,,,51381,14:16:21,,,51381,14:16:21,0,00:00:00,door not opened
07/08/2025,12,1900,Tuesday,Weekday,West,15649863,49200,13:40:00,49856,13:50:56,18,1846,Washington Ave & Manning Blvd (01846),2,2,23,,,51304,14:15:04,,,51356,14:15:56,52,00:00:52,doors opened
07/08/2025,12,1900,Tuesday,Weekday,West,15649863,49200,13:40:00,49856,13:50:56,17,3287,Washington Ave & N. Allen St (03287),2,0,23,50460.0,14:01:00,51235,14:13:55,50460.0,14:01:00,51270,14:14:30,35,00:00:35,doors opened
07/08/2025,12,1900,Tuesday,Weekday,West,15649863,49200,13:40:00,49856,13:50:56,16,3264,Washington Ave & N. Main Ave (03264),0,1,21,,,51190,14:13:10,,,51203,14:13:23,13,00:00:13,doors opened
07/08/2025,12,1900,Tuesday,Weekday,West,15649863,49200,13:40:00,49856,13:50:56,15,1839,Washington Ave & Partridge St (01839),3,1,22,,,51058,14:10:58,,,51081,14:11:21,23,00:00:23,doors opened
07/08/2025,12,1900,Tuesday,Weekday,West,15649863,49200,13:40:00,49856,13:50:56,14,1841,Washington Ave & Ontario St (01841),1,0,20,50160.0,13:56:00,50988,14:09:48,50160.0,13:56:00,51034,14:10:34,46,00:00:46,doors opened
07/08/2025,12,1900,Tuesday,Weekday,West,15649863,49200,13:40:00,49856,13:50:56,13,1842,Washington Ave & Quail St (01842),3,0,19,,,50860,14:07:40,,,50963,14:09:23,103,00:01:43,doors opened
07/08/2025,12,1900,Tuesday,Weekday,West,15649863,49200,13:40:00,49856,13:50:56,12,1837,Washington Ave & N. Lake Ave (01837),0,0,16,,,50838,14:07:18,,,50838,14:07:18,0,00:00:00,door not opened
07/08/2025,12,1900,Tuesday,Weekday,West,15649863,49200,13:40:00,49856,13:50:56,11,1843,Washington Ave & Robin St (01843),1,0,16,,,50800,14:06:40,,,50815,14:06:55,15,00:00:15,doors opened
07/08/2025,12,1900,Tuesday,Weekday,West,15649863,49200,13:40:00,49856,13:50:56,10,12943,Washington Ave & Lexington Ave (12943),4,2,15,,,50737,14:05:37,,,50772,14:06:12,35,00:00:35,doors opened
07/08/2025,12,1900,Tuesday,Weekday,West,15649863,49200,13:40:00,49856,13:50:56,9,12942,Washington Ave & Henry Johnson Blvd (12942),3,2,13,,,50635,14:03:55,,,50664,14:04:24,29,00:00:29,doors opened
07/08/2025,12,1900,Tuesday,Weekday,West,15649863,49200,13:40:00,49856,13:50:56,8,3239,Lark/Library Station - Washington Ave & Lark St (03239),4,2,12,49740.0,13:49:00,50479,14:01:19,49740.0,13:49:00,50546,14:02:26,67,00:01:07,doors opened
07/08/2025,12,1900,Tuesday,Weekday,West,15649863,49200,13:40:00,49856,13:50:56,7,3301,Washington Ave & S. Swan St (03301),0,1,10,,,50404,14:00:04,,,50440,14:00:40,36,00:00:36,doors opened
07/08/2025,12,1900,Tuesday,Weekday,West,15649863,49200,13:40:00,49856,13:50:56,6,3250,Hawk/Capitol Station - Washington Ave & Hawk St (03250),0,0,11,,,50385,13:59:45,,,50385,13:59:45,0,00:00:00,door not opened
07/08/2025,12,1900,Tuesday,Weekday,West,15649863,49200,13:40:00,49856,13:50:56,5,10087,State St & Eagle St (10087),0,0,11,,,50323,13:58:43,,,50323,13:58:43,0,00:00:00,door not opened
07/08/2025,12,1900,Tuesday,Weekday,West,15649863,49200,13:40:00,49856,13:50:56,4,2665,State/Downtown Station - State St & Lodge St (02665),6,0,11,49440.0,13:44:00,50163,13:56:03,49440.0,13:44:00,50210,13:56:50,47,00:00:47,doors opened
07/08/2025,12,1900,Tuesday,Weekday,West,15649863,49200,13:40:00,49856,13:50:56,3,3221,State Station - N. Pearl St & Ten Eyck Plaza (03221),4,0,5,,,50070,13:54:30,,,50135,13:55:35,65,00:01:05,doors opened
07/08/2025,12,1900,Tuesday,Weekday,West,15649863,49200,13:40:00,49856,13:50:56,2,3233,N. Pearl St & Sheridan Ave (03233),0,0,1,,,50012,13:53:32,,,50012,13:53:32,0,00:00:00,door not opened
07/08/2025,12,1900,Tuesday,Weekday,West,15649863,49200,13:40:00,49856,13:50:56,1,2168,Clinton Square Station - N. Pearl St & Clinton Ave (02168),3,3,1,,,49912,13:51:52,,,49973,13:52:53,61,00:01:01,doors opened
07/08/2025,12,1900,Tuesday,Weekday,West,15649863,49200,13:40:00,49856,13:50:56,0,9018,Broadway & Orange St (09018),0,0,1,49200.0,13:40:00,49856,13:50:56,49200.0,13:40:00,49856,13:50:56,0,00:00:00,door not opened
07/08/2025,12,6018,Tuesday,Weekday,East,15652608,54900,15:15:00,54897,15:14:57,22,3940,Broadway & Steuben St (03940),0,1,0,57240.0,15:54:00,57180,15:53:00,57240.0,15:54:00,57180,15:53:00,0,00:00:00,doors opened
07/08/2025,12,6018,Tuesday,Weekday,East,15652608,54900,15:15:00,54897,15:14:57,21,2509,State/Downtown Station - State St & S. Pearl St (02509),0,7,1,57060.0,15:51:00,57020,15:50:20,57060.0,15:51:00,57064,15:51:04,44,00:00:44,doors opened
07/08/2025,12,6018,Tuesday,Weekday,East,15652608,54900,15:15:00,54897,15:14:57,20,1787,State St & Eagle St (01787),0,1,8,,,56984,15:49:44,,,57005,15:50:05,21,00:00:21,doors opened
07/08/2025,12,6018,Tuesday,Weekday,East,15652608,54900,15:15:00,54897,15:14:57,19,2706,Hawk/Capitol Station - Washington Ave & Hawk St (02706),0,0,9,,,56882,15:48:02,,,56898,15:48:18,16,00:00:16,doors opened
07/08/2025,12,6018,Tuesday,Weekday,East,15652608,54900,15:15:00,54897,15:14:57,18,1789,Washington Ave & S. Swan St (01789),0,1,9,,,56782,15:46:22,,,56856,15:47:36,74,00:01:14,doors opened
07/08/2025,12,6018,Tuesday,Weekday,East,15652608,54900,15:15:00,54897,15:14:57,17,1788,Washington Ave & Dove St (01788),0,0,10,,,56733,15:45:33,,,56733,15:45:33,0,00:00:00,door not opened
07/08/2025,12,6018,Tuesday,Weekday,East,15652608,54900,15:15:00,54897,15:14:57,16,2663,Lark/Library Station - Washington Ave & Lark St (02663),0,3,10,56760.0,15:46:00,56674,15:44:34,56760.0,15:46:00,56710,15:45:10,36,00:00:36,doors opened
07/08/2025,12,6018,Tuesday,Weekday,East,15652608,54900,15:15:00,54897,15:14:57,15,263,Washington Ave & Henry Johnson Blvd (00263),0,1,13,,,56613,15:43:33,,,56650,15:44:10,37,00:00:37,doors opened
07/08/2025,12,6018,Tuesday,Weekday,East,15652608,54900,15:15:00,54897,15:14:57,14,2096,Washington Ave & Lexington Ave (02096),0,2,14,,,56492,15:41:32,,,56583,15:43:03,91,00:01:31,doors opened
07/08/2025,12,6018,Tuesday,Weekday,East,15652608,54900,15:15:00,54897,15:14:57,13,3253,Washington Ave & Robin St (Draper Hall) (03253),0,0,16,,,56473,15:41:13,,,56473,15:41:13,0,00:00:00,door not opened
07/08/2025,12,6018,Tuesday,Weekday,East,15652608,54900,15:15:00,54897,15:14:57,12,2109,Washington Ave & N. Lake Ave (02109),0,2,16,,,56369,15:39:29,,,56426,15:40:26,57,00:00:57,doors opened
07/08/2025,12,6018,Tuesday,Weekday,East,15652608,54900,15:15:00,54897,15:14:57,11,3256,Washington Ave & Ontario St (03256),0,2,18,56340.0,15:39:00,56299,15:38:19,56340.0,15:39:00,56299,15:38:19,0,00:00:00,door not opened
07/08/2025,12,6018,Tuesday,Weekday,East,15652608,54900,15:15:00,54897,15:14:57,10,3257,Washington Ave & N. Main Ave (03257),1,1,20,,,56186,15:36:26,,,56206,15:36:46,20,00:00:20,doors opened
07/08/2025,12,6018,Tuesday,Weekday,East,15652608,54900,15:15:00,54897,15:14:57,9,1796,Washington Ave & N. Allen St (01796),0,2,20,56100.0,15:35:00,56135,15:35:35,56100.0,15:35:00,56154,15:35:54,19,00:00:19,doors opened
07/08/2025,12,6018,Tuesday,Weekday,East,15652608,54900,15:15:00,54897,15:14:57,8,11581,Washington Ave & Manning Blvd (11581),0,0,22,,,56105,15:35:05,,,56105,15:35:05,0,00:00:00,door not opened
07/08/2025,12,6018,Tuesday,Weekday,East,15652608,54900,15:15:00,54897,15:14:57,7,2180,Washington Ave & Homestead Ave (02180),0,0,22,,,56070,15:34:30,,,56070,15:34:30,0,00:00:00,door not opened
07/08/2025,12,6018,Tuesday,Weekday,East,15652608,54900,15:15:00,54897,15:14:57,6,2182,Washington Ave & Hawthorne St (02182),1,0,22,,,56026,15:33:46,,,56044,15:34:04,18,00:00:18,doors opened
07/08/2025,12,6018,Tuesday,Weekday,East,15652608,54900,15:15:00,54897,15:14:57,5,3304,Washington Ave & Clermont St (03304),0,0,21,,,56000,15:33:20,,,56000,15:33:20,0,00:00:00,door not opened
07/08/2025,12,6018,Tuesday,Weekday,East,15652608,54900,15:15:00,54897,15:14:57,4,3348,Washington Ave & Brevator St (03348),1,1,21,,,55947,15:32:27,,,55964,15:32:44,17,00:00:17,doors opened
07/08/2025,12,6018,Tuesday,Weekday,East,15652608,54900,15:15:00,54897,15:14:57,3,10134,Washington Ave & SUNY Exit Rd (10134),1,1,21,,,55799,15:29:59,,,55827,15:30:27,28,00:00:28,doors opened
07/08/2025,12,6018,Tuesday,Weekday,East,15652608,54900,15:15:00,54897,15:14:57,2,7216,SUNY Collins Circle (07216),3,1,21,55560.0,15:26:00,55639,15:27:19,55560.0,15:26:00,55678,15:27:58,39,00:00:39,doors opened
07/08/2025,12,6018,Tuesday,Weekday,East,15652608,54900,15:15:00,54897,15:14:57,1,12827,Crossgates Commons Station (12827),13,3,19,55260.0,15:21:00,55253,15:20:53,55260.0,15:21:00,55327,15:22:07,74,00:01:14,doors opened
07/08/2025,12,6018,Tuesday,Weekday,East,15652608,54900,15:15:00,54897,15:14:57,0,7175,Crossgates Mall Station (07175),7,0,9,54900.0,15:15:00,54897,15:14:57,54900.0,15:15:00,54897,15:14:57,0,00:00:00,doors opened
07/08/2025,12,6018,Tuesday,Weekday,West,15652610,57600,16:00:00,57630,16:00:30,26,7175,Crossgates Mall Station (07175),0,12,0,60300.0,16:45:00,59979,16:39:39,60300.0,16:45:00,59979,16:39:39,0,00:00:00,doors opened
07/08/2025,12,6018,Tuesday,Weekday,West,15652610,57600,16:00:00,57630,16:00:30,25,12828,Crossgates Commons Station (12828),0,5,12,59880.0,16:38:00,59734,16:35:34,59880.0,16:38:00,59775,16:36:15,41,00:00:41,doors opened
07/08/2025,12,6018,Tuesday,Weekday,West,15652610,57600,16:00:00,57630,16:00:30,24,12891,1475 Washington Ave (12891),1,1,17,,,59487,16:31:27,,,59560,16:32:40,73,00:01:13,doors opened
07/08/2025,12,6018,Tuesday,Weekday,West,15652610,57600,16:00:00,57630,16:00:30,23,7216,SUNY Collins Circle (07216),2,0,17,59460.0,16:31:00,59320,16:28:40,59460.0,16:31:00,59345,16:29:05,25,00:00:25,doors opened
07/08/2025,12,6018,Tuesday,Weekday,West,15652610,57600,16:00:00,57630,16:00:30,22,3262,1383 Washington Ave (Fairfield Inn) (03262),2,5,15,,,59173,16:26:13,,,59196,16:26:36,23,00:00:23,doors opened
07/08/2025,12,6018,Tuesday,Weekday,West,15652610,57600,16:00:00,57630,16:00:30,21,976,Washington Ave & Brevator St (00976),0,0,18,,,59064,16:24:24,,,59064,16:24:24,0,00:00:00,door not opened
07/08/2025,12,6018,Tuesday,Weekday,West,15652610,57600,16:00:00,57630,16:00:30,20,1959,Washington Ave & Colvin Ave (01959),0,4,18,,,58973,16:22:53,,,59017,16:23:37,44,00:00:44,doors opened
07/08/2025,12,6018,Tuesday,Weekday,West,15652610,57600,16:00:00,57630,16:00:30,19,3399,Washington Ave & Danker Ave (03399),0,3,22,,,58929,16:22:09,,,58947,16:22:27,18,00:00:18,doors opened
07/08/2025,12,6018,Tuesday,Weekday,West,15652610,57600,16:00:00,57630,16:00:30,18,1849,Washington Ave & Homestead Ave (01849),1,2,25,,,58886,16:21:26,,,58906,16:21:46,20,00:00:20,doors opened
07/08/2025,12,6018,Tuesday,Weekday,West,15652610,57600,16:00:00,57630,16:00:30,17,1846,Washington Ave & Manning Blvd (01846),1,1,26,,,58807,16:20:07,,,58860,16:21:00,53,00:00:53,doors opened
07/08/2025,12,6018,Tuesday,Weekday,West,15652610,57600,16:00:00,57630,16:00:30,16,3287,Washington Ave & N. Allen St (03287),0,1,26,58980.0,16:23:00,58757,16:19:17,58980.0,16:23:00,58776,16:19:36,19,00:00:19,doors opened
07/08/2025,12,6018,Tuesday,Weekday,West,15652610,57600,16:00:00,57630,16:00:30,15,3264,Washington Ave & N. Main Ave (03264),0,0,27,,,58729,16:18:49,,,58729,16:18:49,0,00:00:00,door not opened
07/08/2025,12,6018,Tuesday,Weekday,West,15652610,57600,16:00:00,57630,16:00:30,14,1839,Washington Ave & Partridge St (01839),0,4,27,,,58577,16:16:17,,,58598,16:16:38,21,00:00:21,doors opened
07/08/2025,12,6018,Tuesday,Weekday,West,15652610,57600,16:00:00,57630,16:00:30,13,1841,Washington Ave & Ontario St (01841),0,2,31,58680.0,16:18:00,58536,16:15:36,58680.0,16:18:00,58554,16:15:54,18,00:00:18,doors opened
07/08/2025,12,6018,Tuesday,Weekday,West,15652610,57600,16:00:00,57630,16:00:30,12,1837,Washington Ave & N. Lake Ave (01837),3,2,33,,,58429,16:13:49,,,58463,16:14:23,34,00:00:34,doors opened
07/08/2025,12,6018,Tuesday,Weekday,West,15652610,57600,16:00:00,57630,16:00:30,11,1843,Washington Ave & Robin St (01843),0,0,32,,,58411,16:13:31,,,58411,16:13:31,0,00:00:00,door not opened
07/08/2025,12,6018,Tuesday,Weekday,West,15652610,57600,16:00:00,57630,16:00:30,10,12943,Washington Ave & Lexington Ave (12943),0,0,32,,,58369,16:12:49,,,58369,16:12:49,0,00:00:00,door not opened
07/08/2025,12,6018,Tuesday,Weekday,West,15652610,57600,16:00:00,57630,16:00:30,9,12942,Washington Ave & Henry Johnson Blvd (12942),1,1,32,,,58321,16:12:01,,,58335,16:12:15,14,00:00:14,doors opened
07/08/2025,12,6018,Tuesday,Weekday,West,15652610,57600,16:00:00,57630,16:00:30,8,3239,Lark/Library Station - Washington Ave & Lark St (03239),2,4,32,58260.0,16:11:00,58190,16:09:50,58260.0,16:11:00,58258,16:10:58,68,00:01:08,doors opened
07/08/2025,12,6018,Tuesday,Weekday,West,15652610,57600,16:00:00,57630,16:00:30,7,3301,Washington Ave & S. Swan St (03301),13,0,34,,,58091,16:08:11,,,58152,16:09:12,61,00:01:01,doors opened
07/08/2025,12,6018,Tuesday,Weekday,West,15652610,57600,16:00:00,57630,16:00:30,6,3250,Hawk/Capitol Station - Washington Ave & Hawk St (03250),2,0,21,,,58043,16:07:23,,,58065,16:07:45,22,00:00:22,doors opened
07/08/2025,12,6018,Tuesday,Weekday,West,15652610,57600,16:00:00,57630,16:00:30,5,10087,State St & Eagle St (10087),0,0,19,,,58016,16:06:56,,,58016,16:06:56,0,00:00:00,door not opened
07/08/2025,12,6018,Tuesday,Weekday,West,15652610,57600,16:00:00,57630,16:00:30,4,2665,State/Downtown Station - State St & Lodge St (02665),11,0,19,57900.0,16:05:00,57865,16:04:25,57900.0,16:05:00,57928,16:05:28,63,00:01:03,doors opened
07/08/2025,12,6018,Tuesday,Weekday,West,15652610,57600,16:00:00,57630,16:00:30,3,3221,State Station - N. Pearl St & Ten Eyck Plaza (03221),6,0,8,,,57787,16:03:07,,,57837,16:03:57,50,00:00:50,doors opened
07/08/2025,12,6018,Tuesday,Weekday,West,15652610,57600,16:00:00,57630,16:00:30,2,3233,N. Pearl St & Sheridan Ave (03233),0,0,2,,,57718,16:01:58,,,57718,16:01:58,0,00:00:00,door not opened
07/08/2025,12,6018,Tuesday,Weekday,West,15652610,57600,16:00:00,57630,16:00:30,1,2168,Clinton Square Station - N. Pearl St & Clinton Ave (02168),2,0,2,,,57678,16:01:18,,,57702,16:01:42,24,00:00:24,doors opened
07/08/2025,12,6018,Tuesday,Weekday,West,15652610,57600,16:00:00,57630,16:00:30,0,9018,Broadway & Orange St (09018),0,0,0,57600.0,16:00:00,57630,16:00:30,57600.0,16:00:00,57630,16:00:30,0,00:00:00,door not opened
07/08/2025,12,6018,Tuesday,Weekday,East,15652725,72900,20:15:00,72914,20:15:14,24,3940,Broadway & Steuben St (03940),0,0,0,74940.0,20:49:00,74846,20:47:26,74940.0,20:49:00,74846,20:47:26,0,00:00:00,door not opened
07/08/2025,12,6018,Tuesday,Weekday,East,15652725,72900,20:15:00,72914,20:15:14,23,2509,State/Downtown Station - State St & S. Pearl St (02509),0,3,0,74760.0,20:46:00,74727,20:45:27,74760.0,20:46:00,74782,20:46:22,55,00:00:55,doors opened
07/08/2025,12,6018,Tuesday,Weekday,East,15652725,72900,20:15:00,72914,20:15:14,22,1787,State St & Eagle St (01787),0,0,3,,,74710,20:45:10,,,74710,20:45:10,0,00:00:00,door not opened
07/08/2025,12,6018,Tuesday,Weekday,East,15652725,72900,20:15:00,72914,20:15:14,21,2706,Hawk/Capitol Station - Washington Ave & Hawk St (02706),0,0,3,,,74590,20:43:10,,,74590,20:43:10,0,00:00:00,door not opened
07/08/2025,12,6018,Tuesday,Weekday,East,15652725,72900,20:15:00,72914,20:15:14,20,1789,Washington Ave & S. Swan St (01789),0,0,3,,,74569,20:42:49,,,74569,20:42:49,0,00:00:00,door not opened
07/08/2025,12,6018,Tuesday,Weekday,East,15652725,72900,20:15:00,72914,20:15:14,19,1788,Washington Ave & Dove St (01788),0,0,3,,,74513,20:41:53,,,74513,20:41:53,0,00:00:00,door not opened
07/08/2025,12,6018,Tuesday,Weekday,East,15652725,72900,20:15:00,72914,20:15:14,18,2663,Lark/Library Station - Washington Ave & Lark St (02663),1,2,3,74520.0,20:42:00,74444,20:40:44,74520.0,20:42:00,74488,20:41:28,44,00:00:44,doors opened
07/08/2025,12,6018,Tuesday,Weekday,East,15652725,72900,20:15:00,72914,20:15:14,17,263,Washington Ave & Henry Johnson Blvd (00263),0,0,4,,,74416,20:40:16,,,74416,20:40:16,0,00:00:00,door not opened
07/08/2025,12,6018,Tuesday,Weekday,East,15652725,72900,20:15:00,72914,20:15:14,16,2096,Washington Ave & Lexington Ave (02096),0,1,4,,,74296,20:38:16,,,74382,20:39:42,86,00:01:26,doors opened
07/08/2025,12,6018,Tuesday,Weekday,East,15652725,72900,20:15:00,72914,20:15:14,15,3253,Washington Ave & Robin St (Draper Hall) (03253),0,1,5,,,74254,20:37:34,,,74277,20:37:57,23,00:00:23,doors opened
07/08/2025,12,6018,Tuesday,Weekday,East,15652725,72900,20:15:00,72914,20:15:14,14,2109,Washington Ave & N. Lake Ave (02109),0,1,6,,,74213,20:36:53,,,74233,20:37:13,20,00:00:20,doors opened
07/08/2025,12,6018,Tuesday,Weekday,East,15652725,72900,20:15:00,72914,20:15:14,13,3255,Washington Ave & Quail St (03255),0,4,7,,,74128,20:35:28,,,74186,20:36:26,58,00:00:58,doors opened
07/08/2025,12,6018,Tuesday,Weekday,East,15652725,72900,20:15:00,72914,20:15:14,12,3256,Washington Ave & Ontario St (03256),0,0,11,74160.0,20:36:00,74112,20:35:12,74160.0,20:36:00,74112,20:35:12,0,00:00:00,door not opened
07/08/2025,12,6018,Tuesday,Weekday,East,15652725,72900,20:15:00,72914,20:15:14,11,2107,Washington Ave & Partridge St (02107),0,0,11,,,74091,20:34:51,,,74091,20:34:51,0,00:00:00,door not opened
07/08/2025,12,6018,Tuesday,Weekday,East,15652725,72900,20:15:00,72914,20:15:14,10,3257,Washington Ave & N. Main Ave (03257),1,0,11,,,74007,20:33:27,,,74043,20:34:03,36,00:00:36,doors opened
07/08/2025,12,6018,Tuesday,Weekday,East,15652725,72900,20:15:00,72914,20:15:14,9,1796,Washington Ave & N. Allen St (01796),0,5,10,73980.0,20:33:00,73953,20:32:33,73980.0,20:33:00,73972,20:32:52,19,00:00:19,doors opened
07/08/2025,12,6018,Tuesday,Weekday,East,15652725,72900,20:15:00,72914,20:15:14,8,11581,Washington Ave & Manning Blvd (11581),0,0,15,,,73898,20:31:38,,,73915,20:31:55,17,00:00:17,doors opened
07/08/2025,12,6018,Tuesday,Weekday,East,15652725,72900,20:15:00,72914,20:15:14,7,2180,Washington Ave & Homestead Ave (02180),0,0,15,,,73878,20:31:18,,,73878,20:31:18,0,00:00:00,door not opened
07/08/2025,12,6018,Tuesday,Weekday,East,15652725,72900,20:15:00,72914,20:15:14,6,2182,Washington Ave & Hawthorne St (02182),1,0,15,,,73817,20:30:17,,,73848,20:30:48,31,00:00:31,doors opened
07/08/2025,12,6018,Tuesday,Weekday,East,15652725,72900,20:15:00,72914,20:15:14,5,3304,Washington Ave & Clermont St (03304),0,0,14,,,73802,20:30:02,,,73802,20:30:02,0,00:00:00,door not opened
07/08/2025,12,6018,Tuesday,Weekday,East,15652725,72900,20:15:00,72914,20:15:14,4,3348,Washington Ave & Brevator St (03348),0,0,14,,,73784,20:29:44,,,73784,20:29:44,0,00:00:00,door not opened
07/08/2025,12,6018,Tuesday,Weekday,East,15652725,72900,20:15:00,72914,20:15:14,3,10134,Washington Ave & SUNY Exit Rd (10134),1,8,14,,,73628,20:27:08,,,73668,20:27:48,40,00:00:40,doors opened
07/08/2025,12,6018,Tuesday,Weekday,East,15652725,72900,20:15:00,72914,20:15:14,2,7216,SUNY Collins Circle (07216),2,0,21,73500.0,20:25:00,73510,20:25:10,73500.0,20:25:00,73528,20:25:28,18,00:00:18,doors opened
07/08/2025,12,6018,Tuesday,Weekday,East,15652725,72900,20:15:00,72914,20:15:14,1,12827,Crossgates Commons Station (12827),2,2,19,73200.0,20:20:00,73217,20:20:17,73200.0,20:20:00,73256,20:20:56,39,00:00:39,doors opened
07/08/2025,12,6018,Tuesday,Weekday,East,15652725,72900,20:15:00,72914,20:15:14,0,7175,Crossgates Mall Station (07175),19,0,19,72900.0,20:15:00,72914,20:15:14,72900.0,20:15:00,72914,20:15:14,0,00:00:00,doors opened
07/08/2025,12,6018,Tuesday,Weekday,East,15652731,78900,21:55:00,78994,21:56:34,24,3940,Broadway & Steuben St (03940),0,0,0,80880.0,22:28:00,81193,22:33:13,80880.0,22:28:00,81193,22:33:13,0,00:00:00,door not opened
07/08/2025,12,6018,Tuesday,Weekday,East,15652731,78900,21:55:00,78994,21:56:34,23,2509,State/Downtown Station - State St & S. Pearl St (02509),0,2,0,80760.0,22:26:00,80979,22:29:39,80760.0,22:26:00,81084,22:31:24,105,00:01:45,doors opened
07/08/2025,12,6018,Tuesday,Weekday,East,15652731,78900,21:55:00,78994,21:56:34,22,1787,State St & Eagle St (01787),0,0,2,,,80964,22:29:24,,,80964,22:29:24,0,00:00:00,door not opened
07/08/2025,12,6018,Tuesday,Weekday,East,15652731,78900,21:55:00,78994,21:56:34,21,2706,Hawk/Capitol Station - Washington Ave & Hawk St (02706),0,0,2,,,80849,22:27:29,,,80849,22:27:29,0,00:00:00,door not opened
07/08/2025,12,6018,Tuesday,Weekday,East,15652731,78900,21:55:00,78994,21:56:34,20,1789,Washington Ave & S. Swan St (01789),0,0,2,,,80827,22:27:07,,,80827,22:27:07,0,00:00:00,door not opened
07/08/2025,12,6018,Tuesday,Weekday,East,15652731,78900,21:55:00,78994,21:56:34,19,1788,Washington Ave & Dove St (01788),0,0,2,,,80802,22:26:42,,,80802,22:26:42,0,00:00:00,door not opened
07/08/2025,12,6018,Tuesday,Weekday,East,15652731,78900,21:55:00,78994,21:56:34,18,2663,Lark/Library Station - Washington Ave & Lark St (02663),0,3,2,80520.0,22:22:00,80735,22:25:35,80520.0,22:22:00,80754,22:25:54,19,00:00:19,doors opened
07/08/2025,12,6018,Tuesday,Weekday,East,15652731,78900,21:55:00,78994,21:56:34,17,263,Washington Ave & Henry Johnson Blvd (00263),0,1,5,,,80624,22:23:44,,,80678,22:24:38,54,00:00:54,doors opened
07/08/2025,12,6018,Tuesday,Weekday,East,15652731,78900,21:55:00,78994,21:56:34,16,2096,Washington Ave & Lexington Ave (02096),1,2,6,,,80496,22:21:36,,,80592,22:23:12,96,00:01:36,doors opened
07/08/2025,12,6018,Tuesday,Weekday,East,15652731,78900,21:55:00,78994,21:56:34,15,3253,Washington Ave & Robin St (Draper Hall) (03253),0,1,7,,,80448,22:20:48,,,80475,22:21:15,27,00:00:27,doors opened
07/08/2025,12,6018,Tuesday,Weekday,East,15652731,78900,21:55:00,78994,21:56:34,14,2109,Washington Ave & N. Lake Ave (02109),0,1,8,,,80397,22:19:57,,,80423,22:20:23,26,00:00:26,doors opened
07/08/2025,12,6018,Tuesday,Weekday,East,15652731,78900,21:55:00,78994,21:56:34,13,3255,Washington Ave & Quail St (03255),0,0,9,,,80371,22:19:31,,,80371,22:19:31,0,00:00:00,door not opened
07/08/2025,12,6018,Tuesday,Weekday,East,15652731,78900,21:55:00,78994,21:56:34,12,3256,Washington Ave & Ontario St (03256),0,0,9,80160.0,22:16:00,80352,22:19:12,80160.0,22:16:00,80352,22:19:12,0,00:00:00,door not opened
07/08/2025,12,6018,Tuesday,Weekday,East,15652731,78900,21:55:00,78994,21:56:34,11,2107,Washington Ave & Partridge St (02107),0,0,9,,,80333,22:18:53,,,80333,22:18:53,0,00:00:00,door not opened
07/08/2025,12,6018,Tuesday,Weekday,East,15652731,78900,21:55:00,78994,21:56:34,10,3257,Washington Ave & N. Main Ave (03257),0,4,9,,,80223,22:17:03,,,80274,22:17:54,51,00:00:51,doors opened
07/08/2025,12,6018,Tuesday,Weekday,East,15652731,78900,21:55:00,78994,21:56:34,9,1796,Washington Ave & N. Allen St (01796),0,0,13,79980.0,22:13:00,80193,22:16:33,79980.0,22:13:00,80193,22:16:33,0,00:00:00,door not opened
07/08/2025,12,6018,Tuesday,Weekday,East,15652731,78900,21:55:00,78994,21:56:34,8,11581,Washington Ave & Manning Blvd (11581),0,3,13,,,80142,22:15:42,,,80160,22:16:00,18,00:00:18,doors opened
07/08/2025,12,6018,Tuesday,Weekday,East,15652731,78900,21:55:00,78994,21:56:34,7,2180,Washington Ave & Homestead Ave (02180),0,0,16,,,80122,22:15:22,,,80122,22:15:22,0,00:00:00,door not opened
07/08/2025,12,6018,Tuesday,Weekday,East,15652731,78900,21:55:00,78994,21:56:34,6,2182,Washington Ave & Hawthorne St (02182),0,0,16,,,80089,22:14:49,,,80089,22:14:49,0,00:00:00,door not opened
07/08/2025,12,6018,Tuesday,Weekday,East,15652731,78900,21:55:00,78994,21:56:34,5,3304,Washington Ave & Clermont St (03304),1,0,16,,,80038,22:13:58,,,80057,22:14:17,19,00:00:19,doors opened
07/08/2025,12,6018,Tuesday,Weekday,East,15652731,78900,21:55:00,78994,21:56:34,4,3348,Washington Ave & Brevator St (03348),1,1,15,,,79998,22:13:18,,,80016,22:13:36,18,00:00:18,doors opened
07/08/2025,12,6018,Tuesday,Weekday,East,15652731,78900,21:55:00,78994,21:56:34,3,10134,Washington Ave & SUNY Exit Rd (10134),2,3,15,,,79848,22:10:48,,,79887,22:11:27,39,00:00:39,doors opened
07/08/2025,12,6018,Tuesday,Weekday,East,15652731,78900,21:55:00,78994,21:56:34,2,7216,SUNY Collins Circle (07216),0,2,16,79500.0,22:05:00,79698,22:08:18,79500.0,22:05:00,79716,22:08:36,18,00:00:18,doors opened
07/08/2025,12,6018,Tuesday,Weekday,East,15652731,78900,21:55:00,78994,21:56:34,1,12827,Crossgates Commons Station (12827),13,0,18,79200.0,22:00:00,79327,22:02:07,79200.0,22:00:00,79458,22:04:18,131,00:02:11,doors opened
07/08/2025,12,6018,Tuesday,Weekday,East,15652731,78900,21:55:00,78994,21:56:34,0,7175,Crossgates Mall Station (07175),5,0,5,78900.0,21:55:00,78994,21:56:34,78900.0,21:55:00,78994,21:56:34,0,00:00:00,doors opened
07/08/2025,12,6018,Tuesday,Weekday,West,15652733,81300,22:35:00,81345,22:35:45,25,12891,1475 Washington Ave (12891),0,0,0,,,82911,23:01:51,,,82911,23:01:51,0,00:00:00,door not opened
07/08/2025,12,6018,Tuesday,Weekday,West,15652733,81300,22:35:00,81345,22:35:45,24,7216,SUNY Collins Circle (07216),0,0,0,82560.0,22:56:00,82754,22:59:14,82560.0,22:56:00,82754,22:59:14,0,00:00:00,door not opened
07/08/2025,12,6018,Tuesday,Weekday,West,15652733,81300,22:35:00,81345,22:35:45,23,3262,1383 Washington Ave (Fairfield Inn) (03262),0,3,0,,,82565,22:56:05,,,82634,22:57:14,69,00:01:09,doors opened
07/08/2025,12,6018,Tuesday,Weekday,West,15652733,81300,22:35:00,81345,22:35:45,22,976,Washington Ave & Brevator St (00976),0,0,3,,,82431,22:53:51,,,82448,22:54:08,17,00:00:17,doors opened
07/08/2025,12,6018,Tuesday,Weekday,West,15652733,81300,22:35:00,81345,22:35:45,21,1959,Washington Ave & Colvin Ave (01959),0,0,3,,,82411,22:53:31,,,82411,22:53:31,0,00:00:00,door not opened
07/08/2025,12,6018,Tuesday,Weekday,West,15652733,81300,22:35:00,81345,22:35:45,20,3399,Washington Ave & Danker Ave (03399),0,1,3,,,82360,22:52:40,,,82374,22:52:54,14,00:00:14,doors opened
07/08/2025,12,6018,Tuesday,Weekday,West,15652733,81300,22:35:00,81345,22:35:45,19,1849,Washington Ave & Homestead Ave (01849),0,0,4,,,82337,22:52:17,,,82337,22:52:17,0,00:00:00,door not opened
07/08/2025,12,6018,Tuesday,Weekday,West,15652733,81300,22:35:00,81345,22:35:45,18,1846,Washington Ave & Manning Blvd (01846),0,1,4,,,82274,22:51:14,,,82313,22:51:53,39,00:00:39,doors opened
07/08/2025,12,6018,Tuesday,Weekday,West,15652733,81300,22:35:00,81345,22:35:45,17,3287,Washington Ave & N. Allen St (03287),1,0,5,82200.0,22:50:00,82223,22:50:23,82200.0,22:50:00,82238,22:50:38,15,00:00:15,doors opened
07/08/2025,12,6018,Tuesday,Weekday,West,15652733,81300,22:35:00,81345,22:35:45,16,3264,Washington Ave & N. Main Ave (03264),0,0,4,,,82193,22:49:53,,,82193,22:49:53,0,00:00:00,door not opened
07/08/2025,12,6018,Tuesday,Weekday,West,15652733,81300,22:35:00,81345,22:35:45,15,1839,Washington Ave & Partridge St (01839),1,0,4,,,82076,22:47:56,,,82126,22:48:46,50,00:00:50,doors opened
07/08/2025,12,6018,Tuesday,Weekday,West,15652733,81300,22:35:00,81345,22:35:45,14,1841,Washington Ave & Ontario St (01841),1,0,3,82020.0,22:47:00,82002,22:46:42,82020.0,22:47:00,82054,22:47:34,52,00:00:52,doors opened
07/08/2025,12,6018,Tuesday,Weekday,West,15652733,81300,22:35:00,81345,22:35:45,13,1842,Washington Ave & Quail St (01842),1,3,2,,,81936,22:45:36,,,81978,22:46:18,42,00:00:42,doors opened
07/08/2025,12,6018,Tuesday,Weekday,West,15652733,81300,22:35:00,81345,22:35:45,12,1837,Washington Ave & N. Lake Ave (01837),0,0,4,,,81915,22:45:15,,,81915,22:45:15,0,00:00:00,door not opened
07/08/2025,12,6018,Tuesday,Weekday,West,15652733,81300,22:35:00,81345,22:35:45,11,1843,Washington Ave & Robin St (01843),0,0,4,,,81876,22:44:36,,,81876,22:44:36,0,00:00:00,door not opened
07/08/2025,12,6018,Tuesday,Weekday,West,15652733,81300,22:35:00,81345,22:35:45,10,12943,Washington Ave & Lexington Ave (12943),0,0,4,,,81852,22:44:12,,,81852,22:44:12,0,00:00:00,door not opened
07/08/2025,12,6018,Tuesday,Weekday,West,15652733,81300,22:35:00,81345,22:35:45,9,12942,Washington Ave & Henry Johnson Blvd (12942),1,0,4,,,81783,22:43:03,,,81795,22:43:15,12,00:00:12,doors opened
07/08/2025,12,6018,Tuesday,Weekday,West,15652733,81300,22:35:00,81345,22:35:45,8,3239,Lark/Library Station - Washington Ave & Lark St (03239),2,0,3,81720.0,22:42:00,81731,22:42:11,81720.0,22:42:00,81750,22:42:30,19,00:00:19,doors opened
07/08/2025,12,6018,Tuesday,Weekday,West,15652733,81300,22:35:00,81345,22:35:45,7,3301,Washington Ave & S. Swan St (03301),0,0,1,,,81693,22:41:33,,,81693,22:41:33,0,00:00:00,door not opened
07/08/2025,12,6018,Tuesday,Weekday,West,15652733,81300,22:35:00,81345,22:35:45,6,3250,Hawk/Capitol Station - Washington Ave & Hawk St (03250),0,0,1,,,81652,22:40:52,,,81652,22:40:52,0,00:00:00,door not opened
07/08/2025,12,6018,Tuesday,Weekday,West,15652733,81300,22:35:00,81345,22:35:45,5,10087,State St & Eagle St (10087),0,0,1,,,81607,22:40:07,,,81607,22:40:07,0,00:00:00,door not opened
07/08/2025,12,6018,Tuesday,Weekday,West,15652733,81300,22:35:00,81345,22:35:45,4,2665,State/Downtown Station - State St & Lodge St (02665),0,0,1,81540.0,22:39:00,81503,22:38:23,81540.0,22:39:00,81503,22:38:23,0,00:00:00,door not opened
07/08/2025,12,6018,Tuesday,Weekday,West,15652733,81300,22:35:00,81345,22:35:45,3,3221,State Station - N. Pearl St & Ten Eyck Plaza (03221),0,0,1,,,81454,22:37:34,,,81454,22:37:34,0,00:00:00,door not opened
07/08/2025,12,6018,Tuesday,Weekday,West,15652733,81300,22:35:00,81345,22:35:45,2,3233,N. Pearl St & Sheridan Ave (03233),0,0,1,,,81422,22:37:02,,,81422,22:37:02,0,00:00:00,door not opened
07/08/2025,12,6018,Tuesday,Weekday,West,15652733,81300,22:35:00,81345,22:35:45,1,2168,Clinton Square Station - N. Pearl St & Clinton Ave (02168),0,0,1,,,81404,22:36:44,,,81404,22:36:44,0,00:00:00,door not opened
07/08/2025,12,6018,Tuesday,Weekday,West,15652733,81300,22:35:00,81345,22:35:45,0,9018,Broadway & Orange St (09018),1,0,1,81300.0,22:35:00,81345,22:35:45,81300.0,22:35:00,81345,22:35:45,0,00:00:00,doors opened
07/08/2025,12,6018,Tuesday,Weekday,West,15652733,81300,22:35:00,81345,22:35:45,27,7175,Crossgates Mall Station (07175),0,0,0,83160.0,23:06:00,83091,23:04:51,83160.0,23:06:00,83091,23:04:51,0,00:00:00,door not opened
07/08/2025,12,6018,Tuesday,Weekday,East,15652611,60900,16:55:00,60900,16:55:00,24,3940,Broadway & Steuben St (03940),0,5,0,63240.0,17:34:00,63254,17:34:14,63240.0,17:34:00,63254,17:34:14,0,00:00:00,doors opened
07/08/2025,12,6018,Tuesday,Weekday,East,15652611,60900,16:55:00,60900,16:55:00,23,2509,State/Downtown Station - State St & S. Pearl St (02509),0,3,5,63060.0,17:31:00,63143,17:32:23,63060.0,17:31:00,63194,17:33:14,51,00:00:51,doors opened
07/08/2025,12,6018,Tuesday,Weekday,East,15652611,60900,16:55:00,60900,16:55:00,22,1787,State St & Eagle St (01787),0,1,8,,,63104,17:31:44,,,63121,17:32:01,17,00:00:17,doors opened
07/08/2025,12,6018,Tuesday,Weekday,East,15652611,60900,16:55:00,60900,16:55:00,21,2706,Hawk/Capitol Station - Washington Ave & Hawk St (02706),0,0,9,,,63000,17:30:00,,,63000,17:30:00,0,00:00:00,door not opened
07/08/2025,12,6018,Tuesday,Weekday,East,15652611,60900,16:55:00,60900,16:55:00,20,1789,Washington Ave & S. Swan St (01789),0,1,9,,,62962,17:29:22,,,62978,17:29:38,16,00:00:16,doors opened
07/08/2025,12,6018,Tuesday,Weekday,East,15652611,60900,16:55:00,60900,16:55:00,19,1788,Washington Ave & Dove St (01788),0,1,10,,,62886,17:28:06,,,62922,17:28:42,36,00:00:36,doors opened
07/08/2025,12,6018,Tuesday,Weekday,East,15652611,60900,16:55:00,60900,16:55:00,18,2663,Lark/Library Station - Washington Ave & Lark St (02663),0,2,11,62760.0,17:26:00,62791,17:26:31,62760.0,17:26:00,62859,17:27:39,68,00:01:08,doors opened
07/08/2025,12,6018,Tuesday,Weekday,East,15652611,60900,16:55:00,60900,16:55:00,17,263,Washington Ave & Henry Johnson Blvd (00263),0,2,13,,,62720,17:25:20,,,62752,17:25:52,32,00:00:32,doors opened
07/08/2025,12,6018,Tuesday,Weekday,East,15652611,60900,16:55:00,60900,16:55:00,16,2096,Washington Ave & Lexington Ave (02096),0,1,15,,,62622,17:23:42,,,62689,17:24:49,67,00:01:07,doors opened
07/08/2025,12,6018,Tuesday,Weekday,East,15652611,60900,16:55:00,60900,16:55:00,15,3253,Washington Ave & Robin St (Draper Hall) (03253),0,5,16,,,62566,17:22:46,,,62602,17:23:22,36,00:00:36,doors opened
07/08/2025,12,6018,Tuesday,Weekday,East,15652611,60900,16:55:00,60900,16:55:00,14,2109,Washington Ave & N. Lake Ave (02109),0,5,21,,,62491,17:21:31,,,62544,17:22:24,53,00:00:53,doors opened
07/08/2025,12,6018,Tuesday,Weekday,East,15652611,60900,16:55:00,60900,16:55:00,13,3255,Washington Ave & Quail St (03255),0,3,26,,,62434,17:20:34,,,62465,17:21:05,31,00:00:31,doors opened
07/08/2025,12,6018,Tuesday,Weekday,East,15652611,60900,16:55:00,60900,16:55:00,12,3256,Washington Ave & Ontario St (03256),0,3,29,62340.0,17:19:00,62396,17:19:56,62340.0,17:19:00,62413,17:20:13,17,00:00:17,doors opened
07/08/2025,12,6018,Tuesday,Weekday,East,15652611,60900,16:55:00,60900,16:55:00,11,2107,Washington Ave & Partridge St (02107),3,1,32,,,62349,17:19:09,,,62371,17:19:31,22,00:00:22,doors opened
07/08/2025,12,6018,Tuesday,Weekday,East,15652611,60900,16:55:00,60900,16:55:00,10,3257,Washington Ave & N. Main Ave (03257),0,1,30,,,62245,17:17:25,,,62265,17:17:45,20,00:00:20,doors opened
07/08/2025,12,6018,Tuesday,Weekday,East,15652611,60900,16:55:00,60900,16:55:00,9,1796,Washington Ave & N. Allen St (01796),0,3,31,62100.0,17:15:00,62195,17:16:35,62100.0,17:15:00,62213,17:16:53,18,00:00:18,doors opened
07/08/2025,12,6018,Tuesday,Weekday,East,15652611,60900,16:55:00,60900,16:55:00,8,11581,Washington Ave & Manning Blvd (11581),2,1,34,,,62108,17:15:08,,,62159,17:15:59,51,00:00:51,doors opened
07/08/2025,12,6018,Tuesday,Weekday,East,15652611,60900,16:55:00,60900,16:55:00,7,2180,Washington Ave & Homestead Ave (02180),0,1,33,,,62060,17:14:20,,,62080,17:14:40,20,00:00:20,doors opened
07/08/2025,12,6018,Tuesday,Weekday,East,15652611,60900,16:55:00,60900,16:55:00,6,2182,Washington Ave & Hawthorne St (02182),0,0,34,,,62035,17:13:55,,,62035,17:13:55,0,00:00:00,door not opened
07/08/2025,12,6018,Tuesday,Weekday,East,15652611,60900,16:55:00,60900,16:55:00,5,3304,Washington Ave & Clermont St (03304),0,0,34,,,62008,17:13:28,,,62008,17:13:28,0,00:00:00,door not opened
07/08/2025,12,6018,Tuesday,Weekday,East,15652611,60900,16:55:00,60900,16:55:00,4,3348,Washington Ave & Brevator St (03348),3,0,34,,,61934,17:12:14,,,61958,17:12:38,24,00:00:24,doors opened
07/08/2025,12,6018,Tuesday,Weekday,East,15652611,60900,16:55:00,60900,16:55:00,3,10134,Washington Ave & SUNY Exit Rd (10134),1,1,31,,,61797,17:09:57,,,61816,17:10:16,19,00:00:19,doors opened
07/08/2025,12,6018,Tuesday,Weekday,East,15652611,60900,16:55:00,60900,16:55:00,2,7216,SUNY Collins Circle (07216),6,1,31,61560.0,17:06:00,61639,17:07:19,61560.0,17:06:00,61678,17:07:58,39,00:00:39,doors opened
07/08/2025,12,6018,Tuesday,Weekday,East,15652611,60900,16:55:00,60900,16:55:00,1,12827,Crossgates Commons Station (12827),9,0,26,61260.0,17:01:00,61257,17:00:57,61260.0,17:01:00,61331,17:02:11,74,00:01:14,doors opened
07/08/2025,12,6018,Tuesday,Weekday,East,15652611,60900,16:55:00,60900,16:55:00,0,7175,Crossgates Mall Station (07175),17,0,17,60900.0,16:55:00,60900,16:55:00,60900.0,16:55:00,60900,16:55:00,0,00:00:00,doors opened
07/08/2025,12,6018,Tuesday,Weekday,West,15652613,63600,17:40:00,63614,17:40:14,27,7175,Crossgates Mall Station (07175),0,4,0,66060.0,18:21:00,66128,18:22:08,66060.0,18:21:00,66128,18:22:08,0,00:00:00,doors opened
07/08/2025,12,6018,Tuesday,Weekday,West,15652613,63600,17:40:00,63614,17:40:14,26,12828,Crossgates Commons Station (12828),0,5,4,65640.0,18:14:00,65858,18:17:38,65640.0,18:14:00,65884,18:18:04,26,00:00:26,doors opened
07/08/2025,12,6018,Tuesday,Weekday,West,15652613,63600,17:40:00,63614,17:40:14,25,12891,1475 Washington Ave (12891),0,1,9,,,65647,18:14:07,,,65669,18:14:29,22,00:00:22,doors opened
07/08/2025,12,6018,Tuesday,Weekday,West,15652613,63600,17:40:00,63614,17:40:14,24,7216,SUNY Collins Circle (07216),1,2,10,65280.0,18:08:00,65473,18:11:13,65280.0,18:08:00,65494,18:11:34,21,00:00:21,doors opened
07/08/2025,12,6018,Tuesday,Weekday,West,15652613,63600,17:40:00,63614,17:40:14,23,3262,1383 Washington Ave (Fairfield Inn) (03262),1,5,11,,,65256,18:07:36,,,65337,18:08:57,81,00:01:21,doors opened
07/08/2025,12,6018,Tuesday,Weekday,West,15652613,63600,17:40:00,63614,17:40:14,22,976,Washington Ave & Brevator St (00976),0,1,15,,,65128,18:05:28,,,65145,18:05:45,17,00:00:17,doors opened
07/08/2025,12,6018,Tuesday,Weekday,West,15652613,63600,17:40:00,63614,17:40:14,21,1959,Washington Ave & Colvin Ave (01959),0,1,16,,,65065,18:04:25,,,65093,18:04:53,28,00:00:28,doors opened
07/08/2025,12,6018,Tuesday,Weekday,West,15652613,63600,17:40:00,63614,17:40:14,20,3399,Washington Ave & Danker Ave (03399),0,0,17,,,65046,18:04:06,,,65046,18:04:06,0,00:00:00,door not opened
07/08/2025,12,6018,Tuesday,Weekday,West,15652613,63600,17:40:00,63614,17:40:14,19,1849,Washington Ave & Homestead Ave (01849),2,1,17,,,65003,18:03:23,,,65022,18:03:42,19,00:00:19,doors opened
07/08/2025,12,6018,Tuesday,Weekday,West,15652613,63600,17:40:00,63614,17:40:14,18,1846,Washington Ave & Manning Blvd (01846),0,1,16,,,64944,18:02:24,,,64980,18:03:00,36,00:00:36,doors opened
07/08/2025,12,6018,Tuesday,Weekday,West,15652613,63600,17:40:00,63614,17:40:14,17,3287,Washington Ave & N. Allen St (03287),1,0,17,64860.0,18:01:00,64891,18:01:31,64860.0,18:01:00,64907,18:01:47,16,00:00:16,doors opened
07/08/2025,12,6018,Tuesday,Weekday,West,15652613,63600,17:40:00,63614,17:40:14,16,3264,Washington Ave & N. Main Ave (03264),2,0,16,,,64828,18:00:28,,,64853,18:00:53,25,00:00:25,doors opened
07/08/2025,12,6018,Tuesday,Weekday,West,15652613,63600,17:40:00,63614,17:40:14,15,1839,Washington Ave & Partridge St (01839),0,0,14,,,64741,17:59:01,,,64741,17:59:01,0,00:00:00,door not opened
07/08/2025,12,6018,Tuesday,Weekday,West,15652613,63600,17:40:00,63614,17:40:14,14,1841,Washington Ave & Ontario St (01841),0,0,14,64620.0,17:57:00,64718,17:58:38,64620.0,17:57:00,64718,17:58:38,0,00:00:00,door not opened
07/08/2025,12,6018,Tuesday,Weekday,West,15652613,63600,17:40:00,63614,17:40:14,13,1842,Washington Ave & Quail St (01842),4,0,14,,,64620,17:57:00,,,64672,17:57:52,52,00:00:52,doors opened
07/08/2025,12,6018,Tuesday,Weekday,West,15652613,63600,17:40:00,63614,17:40:14,12,1837,Washington Ave & N. Lake Ave (01837),2,0,10,,,64569,17:56:09,,,64588,17:56:28,19,00:00:19,doors opened
07/08/2025,12,6018,Tuesday,Weekday,West,15652613,63600,17:40:00,63614,17:40:14,11,1843,Washington Ave & Robin St (01843),0,0,8,,,64545,17:55:45,,,64545,17:55:45,0,00:00:00,door not opened
07/08/2025,12,6018,Tuesday,Weekday,West,15652613,63600,17:40:00,63614,17:40:14,10,12943,Washington Ave & Lexington Ave (12943),4,7,8,,,64428,17:53:48,,,64493,17:54:53,65,00:01:05,doors opened
07/08/2025,12,6018,Tuesday,Weekday,West,15652613,63600,17:40:00,63614,17:40:14,9,12942,Washington Ave & Henry Johnson Blvd (12942),0,0,11,,,64325,17:52:05,,,64325,17:52:05,0,00:00:00,door not opened
07/08/2025,12,6018,Tuesday,Weekday,West,15652613,63600,17:40:00,63614,17:40:14,8,3239,Lark/Library Station - Washington Ave & Lark St (03239),2,0,11,64200.0,17:50:00,64194,17:49:54,64200.0,17:50:00,64236,17:50:36,42,00:00:42,doors opened
07/08/2025,12,6018,Tuesday,Weekday,West,15652613,63600,17:40:00,63614,17:40:14,7,3301,Washington Ave & S. Swan St (03301),1,0,9,,,64098,17:48:18,,,64157,17:49:17,59,00:00:59,doors opened
07/08/2025,12,6018,Tuesday,Weekday,West,15652613,63600,17:40:00,63614,17:40:14,6,3250,Hawk/Capitol Station - Washington Ave & Hawk St (03250),0,0,8,,,64043,17:47:23,,,64069,17:47:49,26,00:00:26,doors opened
07/08/2025,12,6018,Tuesday,Weekday,West,15652613,63600,17:40:00,63614,17:40:14,5,10087,State St & Eagle St (10087),0,0,8,,,64015,17:46:55,,,64015,17:46:55,0,00:00:00,door not opened
07/08/2025,12,6018,Tuesday,Weekday,West,15652613,63600,17:40:00,63614,17:40:14,4,2665,State/Downtown Station - State St & Lodge St (02665),1,0,8,63900.0,17:45:00,63925,17:45:25,63900.0,17:45:00,63943,17:45:43,18,00:00:18,doors opened
07/08/2025,12,6018,Tuesday,Weekday,West,15652613,63600,17:40:00,63614,17:40:14,3,3221,State Station - N. Pearl St & Ten Eyck Plaza (03221),6,0,7,,,63824,17:43:44,,,63901,17:45:01,77,00:01:17,doors opened
07/08/2025,12,6018,Tuesday,Weekday,West,15652613,63600,17:40:00,63614,17:40:14,2,3233,N. Pearl St & Sheridan Ave (03233),0,0,1,,,63751,17:42:31,,,63751,17:42:31,0,00:00:00,door not opened
07/08/2025,12,6018,Tuesday,Weekday,West,15652613,63600,17:40:00,63614,17:40:14,1,2168,Clinton Square Station - N. Pearl St & Clinton Ave (02168),0,0,1,,,63720,17:42:00,,,63720,17:42:00,0,00:00:00,door not opened
07/08/2025,12,6018,Tuesday,Weekday,West,15652613,63600,17:40:00,63614,17:40:14,0,9018,Broadway & Orange St (09018),1,0,1,63600.0,17:40:00,63614,17:40:14,63600.0,17:40:00,63614,17:40:14,0,00:00:00,doors opened
